250
-23421 16780 10037 -25262 1226 13788 3700 6123 -17752 -13628 -3299 5408 -342 -6766 -6707 -11624 -13577 13144 10394 20557 35181 22598 -18989 -1409 15094 -13079 -35556 -994 2126 -1670 -4679 28175 -6062 9356 9799 -13630 931 -26081 711 14198 -21946 -8055 9277 8141 16700 -11072 3094 -16267 4576 -21 10053 19762 28633 -17096 7557 -3791 1754 5708 -108 -15043 -5597 8751 4122 -23383 -25071 1451 -13005 -28731 11724 -29395 18157 -36427 -10694 7081 -9151 12742 15101 32919 9225 33329 -16145 -19190 -7758 -11522 9356 -17798 -9299 -10761 -3195 18596 2036 -27771 -2535 -13490 -19770 19523 -1226 3369 11242 -2944 4173 -340 12349 3368 11198 -18630 -11852 5661 -668 12980 -3301 -10716 16637 -7190 -16273 -4959 13607 30029 -31681 -14296 -8770 -20957 -6552 -12655 -24039 9682 3151 -22782 -24773 -1133 2338 6916 -4658 -7020 37431 18596 6009 -2640 -28124 -6006 -36405 -5122 -1832 14164 -5453 -10873 3736 -2892 7898 16165 -28463 5815 7072 4660 24057 3777 -23565 -12442 -17865 -21505 -17478 -16293 13964 -9459 -10639 1842 -20040 3542 -7695 -6343 820 -7974 2599 -6984 -12277 5542 21330 4367 -4802 -15448 -6061 -12113 -4108 -17287 -14320 19272 20421 316 -433 3629 -7956 1977 -15410 378 -18684 -31771 20408 -13669 -16397 -8267 9915 3237 8252 -3861 -10826 -10476 613 -4952 -17683 -21171 13324 36042 -20152 -5860 -30511 -2363 -1865 -11387 16392 11699 -2782 -17604 -15211 8633 -6930 -3899 -4680 -11659 19027 8570 9707 24976 16367 -13791 -3643 -4701 -3069 23649 -6157 -28941 20559 -27244 15788 17410 7594 -4721 13664 -6779 -22987 16285 
4122 3216 621 -18986 -28095 3084 -818 758 -4868 21545 2892 -8675 27795 24311 -3121 -11037 -10507 3932 -17628 -4482 5066 4298 -13120 -2779 22812 -22786 -1792 130 11382 4879 -14618 -16792 -24398 4377 -9263 -5974 3165 3738 12092 -2354 -9317 -16908 -16809 805 16967 -6892 17394 7870 -1793 -10388 -23563 -11090 -5714 -1990 -16963 19232 -7949 -8685 -6489 -7325 -29031 -1101 -10432 774 -1897 -25746 -9719 -576 -18421 -10108 -1224 408 -14986 -19669 10301 11066 1753 -3487 -4821 1731 -11928 -20172 9271 14844 -5680 -1510 4953 11234 -7672 -7356 -18884 -1810 -10163 -11239 2943 22748 -12771 6887 3837 -11990 1251 -23670 4748 -13912 -12939 -15448 -5527 -5755 -10861 -18454 17897 -9263 -10854 7019 -15935 2305 -8123 1216 3780 -17753 -7308 9428 7887 -25731 568 16798 -15346 -3858 -327 -16335 4940 -9797 5297 -5980 -1712 -7872 -11401 -11591 -11619 -6117 -12145 -9505 -6133 5964 528 10115 41834 -23652 -4125 4169 15525 21616 -18886 -22969 9620 4551 12467 18411 17032 -2519 -10755 -25324 4579 9782 2195 -21889 6090 24351 -8963 14728 2661 -8586 6685 4271 -3605 -11541 1835 -34049 12788 -5451 -20488 -3158 -21049 -18533 12371 706 477 -2028 -12475 31329 13713 -10234 21996 -3793 8597 -3711 -15583 -600 107 3060 -17682 -19266 -10182 3127 12584 -2341 712 -9347 -10684 -1370 14445 4175 4848 6837 -7771 16409 8727 4383 6857 -657 21032 2806 13856 -13743 -20690 9062 3592 -1758 14097 -1571 -22197 2360 -9457 14903 25808 -5975 -21996 6348 -14408 30182 6457 -3183 25306 33281 11660 -15655 3877 12183 -10611 42710 
15233 6642 -18023 25049 13131 -6382 -4601 -20811 -9428 -27418 -7487 -4764 -4696 19991 -1080 23168 8009 -22987 -3360 -16068 -9430 18410 32269 4844 -14832 -8008 494 -20698 2883 17591 74 -3320 28178 -4970 8125 -12946 -23747 -15015 27773 -8611 -19394 -7802 8676 2681 21472 -14399 -19413 382 6532 4750 -5193 21719 28261 -13286 -17134 -24347 6707 11939 31124 -7635 20071 8016 -10396 -12686 -23816 -4359 24003 18532 -2496 -8267 8769 -16798 7580 471 12195 -4286 7213 6591 -8274 -7029 13888 -15996 19353 -19784 -6772 8497 5509 -5530 15512 -9657 6675 -1999 11061 9110 13632 -17199 -9243 -10277 4996 -2456 15106 21785 29508 -34914 21918 -13733 -9960 11316 6269 9332 -15418 4686 5471 -4697 26164 -29713 27300 -19354 11703 -4812 -37266 -3734 -12058 10917 -15324 -3285 4474 14102 18859 -10105 -30179 1849 -34501 19611 18634 24225 3950 -21880 36031 -4226 15689 291 14690 11991 -8852 -15872 -27910 -19653 -12830 6228 -13323 -17232 27160 18559 25292 -34200 -35435 -10430 -3168 5052 12645 -5465 13639 -6432 -8384 -24340 -39475 -4122 42695 23089 -19107 -6971 -10057 -8097 5276 41707 -15798 4184 15337 17965 -2240 4413 22334 28583 -40730 24317 26129 -29172 -25991 13522 -16233 -12460 -6330 -45848 -13752 -20119 -4965 23078 -5913 28251 22385 2836 -7620 12842 -18925 -12065 -4907 -2752 29653 10260 -14964 -7215 7334 -3084 -7479 30773 23243 -14659 -3271 -18141 -31431 4250 -2502 -3168 789 5766 10193 -2035 17980 -3571 -3074 -15622 -32717 -889 -11461 -2109 5441 -29932 -6580 -13013 -35898 13403 -21019 -42598 -11844 4497 2499 12248 7322 -4363 
26646 -31334 -19087 -15887 -31879 -29814 -27686 -38492 -6621 -1301 -18579 -5190 4109 18176 -12868 -23990 -5027 -7622 21491 12300 -32650 5092 -16000 -23916 7890 -2335 11551 3014 14837 -10860 -33243 -29395 -6701 243 -16221 -18549 2874 56825 -8234 2030 7051 -30168 200 -4691 2115 -5536 17301 -8318 39052 4657 -36600 -30051 -2810 -29967 -22708 -13382 -14597 32780 8267 12224 -25773 8208 15674 59470 13913 14372 -3778 29849 -16017 -1305 -5287 26011 5753 -13493 -9714 607 -7746 7059 -17454 -6365 7266 -16536 -27137 -35768 -13864 -38199 6120 21708 -22846 -9150 -6700 19423 -24164 12468 8238 8036 -39166 -26082 5045 -662 15864 -8923 19234 940 26094 18461 25243 -10401 -4304 4452 21758 11263 -8207 6062 -17143 -6871 -42688 -22184 9890 -33726 3441 30363 6525 -8863 14890 33175 -24666 -5343 -1867 17772 -4348 -23170 -8291 -7908 -25581 -22266 21914 -10309 11389 -10477 -12149 -3969 22029 -14471 -11240 46135 -13215 -11729 -1684 -7265 2952 37114 -13836 -7494 -11978 -175 -15782 3888 4764 -4557 5628 -18140 35937 10008 20043 -19021 35682 -10045 13426 3812 -30234 1745 -14428 21829 16347 26728 -15301 -11456 14754 -4428 10326 2817 -5458 -14626 15844 -20705 22854 -6480 -4775 11372 12175 4720 -20798 -24377 9661 17027 -13295 -6569 -4635 -20159 -30141 -34952 -187 18139 -1617 32873 11179 20072 -11594 -27243 7148 6436 39309 -8288 -6049 -1026 4412 -12474 -2923 7653 29742 25472 -4897 16184 -8415 -19947 959 13812 6546 -12886 -36634 -10799 -35194 -2460 38264 -11942 -13624 13816 -19885 6656 -24113 28235 43864 10505 6051 -9948 11702 24297 -4264 13050 
-2603 28172 -1284 -29280 6672 9770 2978 98 65 -5606 -10923 27511 -24534 20306 -2381 2929 -10230 -16036 -2919 -13513 326 9679 3664 13548 3294 7083 -26325 1929 -7794 -1709 23486 10687 -11696 -8556 18959 6826 7005 -276 1286 23232 -11783 -2549 11637 -22534 23917 -1357 13309 -37627 1864 -15772 -16143 -10670 -15875 -2171 10209 -5351 6717 1257 25089 3052 11594 -5347 -9406 2049 -20484 11900 -18673 -28105 31867 -30229 -21644 1974 8138 9941 13187 3268 -8163 -5011 -4032 28663 25909 -19664 1463 31558 16879 25501 14912 9256 17918 -8862 1302 -32948 23856 13534 13183 -345 11191 7741 -1231 6787 -6028 18428 -6072 4339 -21116 1127 -24853 22211 -24765 -12601 -13387 -7077 -17896 -4978 13025 11650 26941 12207 1550 36117 -6231 -27461 4374 10093 -23209 -23815 -674 13400 -6842 -25314 -23835 33468 -15109 -5312 17540 -7816 4179 -17654 -31047 -5459 -3730 -13254 -30504 15046 8934 3632 34961 10495 -19298 -25316 -38946 -6963 21309 -26402 -2509 10717 -11848 -28289 -22424 24247 45668 265 28176 -3956 -21936 -6682 -33143 11780 5600 20643 2181 -2372 16678 -31982 12808 -3067 -1698 11643 -11583 5488 -34179 2132 -1486 10635 -22549 27578 -21278 3457 16204 553 10420 16972 18015 -12980 10622 -18888 49401 -13473 2367 19148 16757 -37961 -22076 -21440 -44879 -5647 -29660 8965 8035 6825 2225 -6857 -14932 -7454 -17 3667 18013 3702 16631 -24725 -39585 541 -6825 -3017 -10047 31180 16414 1265 22435 489 33156 -12697 -763 -13304 -10973 12269 -1604 -3746 3151 -5844 27640 -16959 -36460 25283 -25072 -1240 -37417 -8762 -27877 4081 
18616 1077 -17167 -70573 -32788 -8140 -19441 2792 -16076 -17200 -31122 26086 -3774 19473 3879 2341 -1661 -16037 -993 3804 -17108 28354 -16703 25320 4322 2002 -36713 9487 18849 -9191 -7616 2011 -1402 -1474 -16722 3643 2884 6185 1195 732 -8996 -41921 15354 -19776 20348 -18387 17294 -32374 23752 2677 -14876 -2190 18448 -40353 -16707 -22562 -13909 19898 12653 16351 1625 -8568 10752 36069 -11791 916 -28977 -34659 12860 -28013 -37963 -1626 9390 -23435 803 2641 -2114 -4633 5895 14755 7422 -11964 -10089 -20337 -2269 -18187 -5268 10725 -2796 11418 -30975 -4518 -16111 -10400 -6437 22878 9340 8091 -12522 -11751 18136 26221 6304 -5098 -91 -3919 -3342 20524 -24709 -3244 -10823 -12241 -9826 6360 -14582 2985 -15722 -2073 -25318 -7463 3555 -14346 16747 -10170 -27703 16485 -5610 4398 -11076 -18501 -11079 8461 1626 -14286 9752 2171 -2746 -31701 -18164 -15316 -8911 -2843 -12845 -8602 -7562 42103 39872 -12217 -14141 -6295 -12187 23041 -9024 -17611 -4301 1849 -22839 -15592 -23341 23875 25278 -44945 23900 4326 -7481 3345 8364 -2939 22095 11230 -33564 -3904 -13395 -25215 7976 5548 4712 -4072 -3114 14032 -10320 8188 -22891 -6493 -8704 14620 28575 -32140 11242 20286 16650 23889 23699 -22398 -7273 -20985 32172 -31514 -18680 -6368 16705 -34596 -35239 15815 -26302 19342 -2020 -4012 -34343 -8238 -9322 10161 -9453 20189 -17366 -1519 11679 -2400 15650 3789 -6444 -8391 -8467 29502 -7149 16058 -7781 19783 19601 7007 5182 11049 -7187 8854 54565 22547 -18400 24184 -24217 2063 32701 -11028 4950 13768 10085 -16161 7475 -3728 -3054 29669 
-14972 -22294 20740 13187 28414 -705 23768 18133 -44789 -498 19849 -5880 -45220 -30965 25474 -36479 -4386 6100 23860 -35669 -6969 -15459 4046 22051 3141 22272 7933 7090 14240 8512 20844 -2518 -24700 -8066 7753 -7449 40611 -34459 10127 -22512 -1052 22265 -11374 -3577 38030 -10135 -19114 -10250 -31198 -5068 28575 15451 -34344 -4364 -27040 11041 27311 6780 -28944 -8213 -10135 -20299 -1732 -363 12592 -12700 -10966 17055 -13078 -14913 924 -35094 8856 -17851 7425 -16285 5943 29 -1960 25562 39675 5064 17414 26264 -28414 -2496 10430 -14524 -424 -20212 24431 -8681 -20531 7787 8130 25534 -22704 31787 -7253 21635 11114 26505 -5733 24721 -2913 -4990 -21505 -1567 -41965 15404 -41661 26474 22157 11174 -23770 -17214 2080 3402 -28991 34673 3653 30471 -5323 13194 17368 -7164 -1007 28360 -36266 -17001 24717 -297 2003 22103 1575 -15264 8026 -2146 9483 -4605 -17188 -5638 2375 -23428 -11267 19029 -30719 -9098 22494 -7872 19661 -19412 -11294 -11008 9467 -18956 -10259 -31605 18199 18496 -20861 -33041 -14397 -19765 -6976 -10282 79 31976 2418 24588 -3936 37777 -22203 -17197 3457 -20850 -6423 -32784 -18825 4693 1040 -15390 21997 15826 17798 16068 -1409 680 16582 7364 -39767 -28172 11764 -2926 -14176 -8508 18476 10267 6356 26485 12692 2177 -1169 4051 2218 25118 -7663 -22264 1856 14779 23878 -7151 -15882 10595 -13641 31064 1536 14533 27780 7705 -11941 13138 -18363 -17422 23567 1117 -20855 -11481 -1528 -32704 -21479 -26275 -13069 -37215 4521 22757 -4386 -31306 15510 -9090 18620 -9084 25324 -5881 15600 -32256 -2536 -11738 5194 -22512 
21210 4461 -20870 -13598 -40297 -11872 -16812 25865 17548 8626 -7732 -14615 -19095 2345 -4828 11304 8006 -25244 4978 6725 -55307 18352 7669 19912 -6162 9475 -8346 694 -7653 -1521 17743 -32903 -1136 -26648 19094 21630 -8435 -2649 22248 -34583 13290 4979 -10196 4485 37225 -2050 -3435 -11764 -103 -18777 13856 6941 -6747 3939 -6795 17820 6069 -256 -12828 40220 11983 18845 -30443 11962 -2775 8087 1061 19787 18932 -13268 -9643 -3308 24704 10386 15663 -28687 -7883 -36997 8037 -11285 7189 8187 2486 17551 -20212 11646 5935 -7305 -11943 4765 -7574 9498 -400 7885 6833 8852 -369 -3311 -29974 -8357 10237 3491 -25549 -34748 -21117 -3494 13388 3714 3811 -33054 -11412 1426 -2306 9113 10438 9093 -4697 -4446 5817 7557 -19175 504 2174 2373 10248 -3561 5778 -13404 17904 3526 -8711 -1044 17576 -2311 -2063 -7194 -26797 9491 12644 -26202 27164 -22998 -13454 -13223 31545 -411 18471 -9547 -10736 3902 31531 -9180 16453 -21608 -17963 13380 32276 10882 -8827 11637 23452 -7621 2045 11540 -2098 5176 4454 12472 17781 30265 -128 24792 -31557 -27851 8182 -137 -2798 292 -3523 2980 -11080 8662 788 41158 6925 20555 13200 -2376 15112 11060 -2048 9759 40614 -7398 -3618 -1565 12961 -45 -15883 28834 18496 13514 -586 37462 -1517 9844 -8424 -7869 20656 54139 -17859 -14111 4890 13531 16575 19456 11170 -35186 19090 -26306 -23879 -4982 5586 8481 25640 11211 -17137 17859 -2671 -24546 12913 -16194 10373 5232 13333 -8122 -4781 -39021 18261 10590 30822 34217 -22854 -3439 800 -13680 9611 -10647 -1682 -15804 
-5426 927 -18100 57072 27532 15663 9622 -15619 -14330 -21411 2942 -19504 21919 32568 -17733 -9479 -378 -12237 7994 -28209 -14344 -31606 16754 -13117 7407 1313 11889 -24333 25792 10240 -10959 -3863 2992 -10224 3271 -24989 21434 7255 -8775 31561 -10851 10304 -2348 -4254 9031 -923 5781 19660 16535 17239 -18331 -69 -14774 14192 -2475 -10897 2919 22804 10816 25053 -2346 -5459 12867 -3668 16965 9746 -12394 14174 -20129 -7720 6445 -10337 -2352 24633 -3471 -26301 1907 19004 -17026 -30228 5948 14315 4915 -16680 -1890 -19929 14953 4904 -3230 11001 21394 -30805 -19595 1009 -255 74 -18247 -32149 37648 19371 -5781 1009 -10538 -5156 14321 -1811 35046 -27747 14171 -12894 35232 21547 5475 -28158 -9783 6313 23641 -6437 -8843 -784 -12046 -12689 719 20226 24570 -12691 1309 -23314 14997 29984 -2330 -20876 4905 -14561 -6564 -17876 -1751 -5519 35112 -15806 7612 42537 26708 7694 4314 -4811 -31335 -160 16836 -31392 -29469 6771 32848 18312 333 -19059 4172 13321 21429 -15210 -25820 30007 26591 15301 15636 10304 4525 25545 25935 -33648 -18432 -25328 -1375 31152 3741 34043 -43 18319 -7665 -5927 -802 4580 9905 23033 6739 -3967 21747 5537 -13786 5351 -1876 -4318 -28869 -1972 -6728 23551 -5866 11855 21031 -5294 19107 12729 -8196 -5856 6982 14598 -15882 31549 26876 23899 5319 3372 20220 -13888 2129 -2426 20323 -9095 -11080 -706 18328 11943 -12209 24771 39314 -13314 31085 -18807 9939 -3712 -25256 -5874 -56438 8646 -19882 -10949 11029 -21395 -1956 -3806 -2503 17182 19715 -27527 1870 6376 -4646 4303 -366 -15350 
-20713 -10389 14365 -13039 -8443 -2942 -12363 -33175 20709 17181 4364 351 1529 -22281 4842 -18600 950 19867 32834 19964 24677 4142 -18729 -13766 -932 9842 -4323 -6568 -24928 14416 26539 -9661 -11274 -17711 -7655 1908 6154 -10968 -8756 -31409 3387 14949 -22805 19576 38911 -12856 -8003 1117 6249 -15974 14140 -346 -2304 -16826 13072 34759 -11078 -11518 -18227 -7291 -12818 11292 2992 16847 10402 10250 23737 -12844 5670 -1187 7831 -13789 20255 5103 -2086 10399 -8470 7050 7345 12447 -17178 -997 -36251 -10472 -30726 -22838 -4862 -1273 6998 6142 -2136 6888 -12740 3126 -9014 -11634 -11707 2682 -10511 -5576 -15839 -26227 16028 572 11372 14791 -581 4447 12847 2435 4622 11458 21294 31912 -21088 -7594 8657 -131 1984 -10733 13498 8602 4369 -25304 -4382 22288 6771 -20551 -11309 23659 11724 -11041 30376 -13782 18632 1228 3491 -4929 -5808 -4424 -23447 -26726 -8107 25823 -12934 -12570 -23901 -14355 5179 5043 9470 -12130 13373 -7486 -9526 -944 585 6441 -25085 -21056 -31430 871 5259 -4845 -25283 -1752 -758 25966 -49218 -4965 13513 7277 -15052 2821 -7674 -4691 -28536 -11886 -5658 -15110 -4701 -5687 20454 -33452 26257 -3390 -11969 13448 10915 2953 -23470 -12754 -41787 3908 22952 -23398 3301 15593 -9920 4123 -5925 -3128 27296 10165 -4488 -5375 4657 -23823 -8418 -30309 5942 16858 7991 -3622 -17442 16974 -11287 -8893 -9208 15160 21667 9184 7198 -16038 -18256 -28822 -10960 -15918 11917 -29962 7042 4698 24200 -8292 -16951 13590 -3475 13647 13498 73 -653 -13677 26585 22922 -5724 -15555 8731 3115 -20410 -11059 
-6210 9109 3620 -8999 -16161 38 -33024 -10095 41406 -8001 -31901 -3899 24469 -2932 -24033 32907 -10654 -5201 7375 9787 66 125 -21144 -19073 -12332 -3734 -21192 -8445 -18386 3917 4435 466 8699 -13747 -10659 20838 -2341 -782 -23109 -5584 21210 -3768 -3368 23629 4447 -370 4147 -9962 7954 -18062 -13588 -7389 99 -13865 17053 -5792 -13447 -10056 8863 1473 16091 3445 -400 20762 655 5383 12657 -13574 32843 -494 7396 3550 4568 32040 14465 1657 -3668 -12088 4600 -2923 -20811 -9423 -9987 -19509 -1728 11706 -3147 29963 8705 16045 -21133 -20880 5219 -6743 -11497 2296 11386 -13506 188 -11129 -16653 -2845 13202 -25403 -21328 7211 11011 14699 7322 -25916 24511 296 -2741 960 -3073 30196 16873 -18034 4799 -8139 -3505 -34091 273 -2650 -13398 -10271 28431 -32504 19254 35097 -26565 -9712 12147 -6543 12041 812 -23762 -6874 23196 1152 17293 6604 -21919 37276 7508 12160 15748 13790 3975 -3047 -15160 4905 26728 4132 -7313 12830 6752 25536 -36003 4919 23031 12305 4090 16572 510 -219 -11531 -15934 -8020 -5786 -12409 -15539 5698 -20087 -27267 8378 78 20339 5095 -31368 -7417 5289 -10091 23759 4874 6889 104 -2407 22157 20827 -8267 28017 -405 -8250 15736 -12070 -3852 -1371 -16358 23187 5407 -615 -8446 7911 -18369 -9234 -28647 -2231 12018 9401 -16673 -1264 18143 -5465 11054 -25084 -7109 -25321 -37318 -9777 -2717 -1749 12381 -5721 14377 8882 -2011 2913 3280 3659 38976 -6478 -10796 29882 7478 -21493 -1636 -2870 6569 13038 -11753 16647 -19923 1271 -24691 5876 -437 -6467 4030 -3410 
-8627 6389 16962 25140 8651 9109 1025 7580 52895 9032 -17527 -26638 23229 -41914 -8147 20982 -11112 -1514 18323 -11738 -481 -35396 -12501 8829 -8721 23697 -11802 2142 11828 -16460 13692 -14165 10999 -22062 -10663 15061 717 3106 -25188 -3421 8496 168 -18841 6551 17196 4434 -6883 15955 -8319 -23252 26650 -752 -19064 22821 11715 30188 13689 -15198 -8018 26395 17146 -7073 2380 -15446 30129 18418 1574 -11519 -13247 -2839 1780 -6222 -14165 21441 -6979 482 15002 -37980 19290 -6895 -20380 22900 -32153 -7434 2386 -2489 -21929 -5672 -25531 11816 2131 5076 14932 -807 -28785 16974 18818 -19066 -17520 -26055 -30150 -17259 -26443 -27685 -48215 -18343 9783 2244 13491 -26257 5517 12498 8078 10427 -13114 37707 -4040 9559 2926 -12031 -12820 -14296 -1359 -14702 1377 -36682 7233 -50822 10935 44807 -10328 -1481 67461 12047 -4978 11951 -18120 17598 19785 -26418 13630 -11548 2268 16947 1889 -1060 -9363 12411 -11323 90 24862 -4081 13871 23427 351 13948 22956 41401 -19919 -11932 2841 49567 -16125 16977 1677 18066 -12163 -2224 -22358 -17371 23010 1182 358 12707 -27683 -5611 20864 24787 -21667 -25776 7644 6089 133 28207 18000 -18268 -2053 13114 20140 3219 8424 6097 21677 33846 6367 12995 -1183 22520 -4634 -660 -17733 23521 8302 12363 43926 9152 6387 -11776 -1449 3976 5702 4896 5497 7070 35293 -30789 5723 -15718 -25014 11018 8955 8481 7953 -3409 38641 13713 -7375 5650 -4042 7195 22406 14911 -14682 22640 -19546 -24653 1986 -4545 1460 9952 -5250 12000 -24195 -10327 -35585 3975 -4564 -45396 1203 -22150 
16389 2220 -124 4092 -2463 -14607 17280 -12892 -31942 -28832 -20919 22790 3822 2622 13484 -897 -9846 17042 -5751 -492 6989 27375 3027 -1018 -9673 -7360 -7546 17038 -2203 -5702 -20352 22056 21221 14016 -5614 -7210 -21723 -6547 23705 7930 -4993 -36679 15222 -5946 -10414 10558 -14874 -17788 -10699 6694 -8577 767 24444 -17473 -1302 -38983 26252 5317 29702 -11115 -3336 -9073 15632 21473 -32250 -287 -5958 3063 11823 -7767 -13800 59 -2056 -11874 -8929 -5223 20804 10388 -21092 9886 6508 -10871 26671 -15262 11979 -4098 6664 7035 7351 -18762 1619 8013 -4278 -15736 -7775 9710 -26205 8804 9790 -4384 12248 36958 17244 -1779 -13414 -33934 -26728 4107 -29783 25364 -30559 -1993 -4940 8741 10121 -24337 -5613 -4278 -1775 -10213 -19862 7216 -4536 2241 -6742 -6778 1659 15408 -3622 -10601 -24875 4349 -29684 33053 8755 12550 21548 -9973 -1546 -714 3761 -9023 -6932 -16639 -18035 17998 -12384 6603 -14238 31505 8900 32971 -9646 -606 39956 -1710 -56543 -25560 2074 10264 28053 -31050 -5858 -13170 -10312 1798 1616 -13583 39131 -443 -30591 -7398 -11614 -22711 -13239 11571 -4265 8566 18712 25949 9959 -8035 3297 1328 -33227 11400 36066 -14610 -22509 -9724 -834 -5826 8273 -16339 -10718 -12042 -4400 -938 -17250 4001 20763 -15637 -3786 19362 6543 16640 4069 -1462 23519 -7571 -16078 -4083 -1059 10522 -22449 10691 11713 5854 1660 19130 -13708 487 -17623 39 -26949 20909 -20168 -277 -751 27804 -1254 -2027 -10816 -11950 38371 -17214 -21575 -1467 -15181 -21673 -25770 -1894 -11495 -33758 -2840 -6471 -3598 6888 3701 11556 
-23833 -3479 14284 31404 19892 -3521 21319 -29446 -2015 5062 9216 3637 14659 -5342 2321 2070 -18246 1703 10042 -24718 4353 -12 3581 16778 12596 -14813 3310 -3627 7932 -5032 -26406 -7336 16180 -32251 -18748 -14754 -1663 -12737 4380 18794 -19105 -3888 2379 1191 -6752 -9680 -19068 21914 -9508 -4750 2673 -4211 -8584 365 14849 11838 13265 22827 11020 -2272 -7333 -17077 24770 -4679 17276 -3427 -6806 10605 -11550 -913 12014 -18026 -4319 -2072 -22127 -7169 4062 16937 -6179 -12986 8780 18833 -12728 -10815 -9048 -20279 -6491 -2535 16116 -12476 -10093 -13661 10051 -15995 -1608 16579 -21608 768 15812 28558 -13519 16754 -15524 -11067 -13209 -19481 4534 -12250 -22048 5869 -342 -1334 -2001 -9134 -9590 -17008 -4935 4449 3487 -12388 -10941 18045 7436 8614 15419 668 7062 -11670 4279 6909 3251 -21571 18567 10877 16741 -804 -9401 -31495 17614 335 9748 8057 2551 1921 -18080 -7940 -15328 6315 -23327 20302 28102 6464 -13010 6974 14931 2453 -5700 13623 529 -18487 -12187 -5980 8196 -26440 -24666 14063 18425 19314 18210 -13684 -22546 -1693 -20842 -2410 -13740 -6539 -4935 4085 -8897 -35 -12711 -5629 11280 7523 171 -13867 5029 -6168 -14253 -10911 2511 -16088 8437 260 558 -11710 -12146 20047 -3030 14360 10673 14925 -4600 11760 8514 4498 2878 -15071 17308 -6152 -15661 7139 -9055 9687 -28971 29631 10130 23733 -8424 19031 13058 -3130 -24035 3748 -6765 17207 -1739 -27920 7540 22885 -30110 -25910 -52275 13691 7104 -3691 -21820 -22916 -8639 -23353 -18915 4250 12973 -15563 -11320 -15873 1098 -13460 1042 -4380 
9381 33157 -20397 8165 -7025 707 6859 9376 6381 -1598 -11321 8102 3736 -9626 -11280 20747 -559 -25558 -8529 4730 -14439 -29216 3709 10259 -3880 30970 3797 11066 6551 -28655 38250 12462 19271 -23393 -31055 12880 23811 -43471 187 -12848 17471 10290 19928 -11115 7071 8472 -9150 17890 -12568 -15656 17224 5725 -28647 -27295 -15495 -1199 -10554 10100 -9194 31882 7135 6387 -11291 -1312 25047 -1055 9664 -1063 185 -412 -12107 -39 -14157 5873 10225 2672 -25247 173 3719 -34926 -12893 50092 9245 -11874 -5769 -2938 4619 -14478 -13184 10450 -33877 6718 2849 -104 -12371 5052 13551 19187 -32722 -15225 3586 1711 -13012 4963 10141 -1071 13410 -2392 2410 -24724 9858 17171 -2395 -3514 -21869 1787 34830 1276 -5920 34239 10796 -11403 19382 -1414 -19432 -22341 -9834 -22135 1779 29057 -3350 -29133 24604 -11487 22878 -17074 -28564 12443 15024 -16530 9923 13504 -7809 1451 -7481 11085 -707 2356 3444 -8891 -2032 -12207 6153 -7178 -18404 16317 22907 11264 -10317 4998 -31373 -1289 -15937 17498 10665 16150 13965 20842 4508 -12086 -13455 -18173 11832 1676 -25880 -26101 -105 -3221 -22070 14527 14783 13077 -15910 3421 14029 1186 13381 -11738 7310 1364 -12130 -15621 -9975 20972 8200 7438 3218 -12598 4583 11708 21489 26285 -31704 -9958 -10646 117 -24361 -15256 9798 20304 -1260 -19545 5622 26361 -1689 -5149 -7584 -13941 13059 11752 2431 -23171 1867 877 20892 -2871 11088 -14182 -14914 -15729 18197 17451 -13013 25812 14605 -8247 5743 7999 8164 48230 22798 1451 -526 7015 8672 -38158 11953 15223 -1273 11207 
-22789 -28214 22511 -11170 29729 -10529 5740 22948 -12628 4160 3780 -8713 -19423 -29075 1209 -20393 -3968 15985 19802 -4621 6276 -4871 -18761 -4600 -12978 9854 -28569 10715 26003 -19388 2607 15827 -8841 15419 18159 -5614 11872 8035 -21732 6082 -1590 -4701 12258 -21841 -16899 10773 1661 -28225 -18140 2791 34912 17473 3267 7713 5483 10425 11024 -17040 -1367 -14569 -206 -19152 10983 9856 4587 11768 -34495 -634 10414 -7917 772 -22561 -2269 10956 1444 -6749 2505 -1391 -2023 24502 19576 -3182 -6466 20210 349 -7795 -7053 -1057 4633 2362 9859 -2690 -13704 -1635 -14532 18505 -4810 16834 6225 26112 21406 9189 1436 24134 -23630 3798 -7201 10090 -33511 22846 -29283 -6168 15314 9531 -12441 7514 -28551 11688 -15749 7561 16482 2402 2788 1410 23157 5076 -1620 2907 -24709 -21472 16731 22597 10644 7486 -19904 -1926 11638 11313 -25213 -10628 -1178 -4654 -1802 -12678 941 18071 -13118 13418 13319 16841 -737 5741 2458 7628 19008 1186 -13527 -27967 873 18771 8670 -16967 -19511 -15567 1790 13428 5752 -13009 -8695 -21677 8806 8188 -3069 -4912 14691 -21293 18769 12629 -19548 68 8951 4864 -2061 94 -3482 16688 -6642 1446 33 -18600 1423 22561 16146 4706 -35868 -3834 15543 -1977 -6801 -3807 334 -10332 14660 -17089 24896 34735 15397 5596 -25317 -11481 18601 9856 -26316 5032 -2176 -11043 -24140 -8337 4743 -321 -3944 8030 -18158 -19293 13380 16633 -20719 -3547 8177 11654 7305 -7440 20432 -18824 23565 2623 -10531 5706 11734 -23110 15675 -9271 2058 5783 6079 -8702 -10 -19560 8853 2215 
-21348 -12199 24497 -16510 18244 3772 1821 19107 -33321 14993 27543 4821 -17586 2822 -18151 -36552 -21392 32066 -2623 13575 6939 -15235 -20537 -18797 2624 -13990 4554 -12406 4749 21641 -21688 -1647 -14918 20885 25398 -15998 34461 8643 -24588 19645 -13431 7947 5677 13971 8908 8493 24763 -17305 17239 22606 -8069 -18476 10372 16601 1283 9840 -1020 20666 12422 -33858 -43371 -21610 24895 -4860 -7562 -318 -34067 -4842 12700 -21227 12753 -26459 2496 11182 -21931 -1070 15839 18208 5953 32309 40222 -22796 3722 8116 -15814 -12249 -7041 21456 9902 -8615 30731 -13884 -19338 23539 3704 28449 -16024 -5069 24479 25566 -8621 23261 6938 19870 17832 -112 -12264 -3969 -20851 27858 6490 5868 12987 -8057 61 -6350 -1905 25325 -29512 7965 24920 17135 -17763 -2626 13424 -2809 26697 -8581 -11619 4814 25309 11890 -26811 -4549 -14195 -12135 38453 13232 -10311 46881 -31883 14416 4125 -5315 8072 6208 -10839 3268 25596 -5915 -5847 8790 -15749 -9944 12817 -5068 -12348 -22510 137 2827 -11776 53 29036 -25564 5698 -3956 10104 -333 -4598 -3924 1400 19644 1515 -8953 10651 -4505 23700 4371 -1785 -20719 10580 -3860 15510 4624 34365 -490 -8664 41026 14528 -7319 1046 14725 -21652 8768 -2305 16843 -7412 6721 -4825 -12977 12302 -15003 11606 -16935 -1122 -10226 809 12924 7683 -23414 -8437 39249 -26404 -13374 -21221 -18996 -14384 17339 8591 10463 4655 31053 -28253 1457 -17193 -1542 -12085 -20730 -8576 2993 8841 -18608 22417 -33451 -13318 9448 5302 -10036 -13511 -36824 8902 -3903 37788 6616 15341 39127 -11406 -21901 -17696 -18913 
262 -8730 -12876 -143 2894 -567 -10650 -9660 9255 -20878 -13658 -15052 47118 1434 24586 -2173 1086 3257 -712 5622 -4530 -2032 -5118 8340 19179 -3591 12647 -22425 -15427 36756 -9349 17482 -10030 18370 -24950 2044 -10125 14911 13148 20500 -1549 -2016 -32012 31949 -7063 21621 37792 -12895 33107 20664 -34044 -6486 18956 13424 13200 -34333 -2679 -202 -25230 -1329 23113 6365 38878 7975 -16093 -8010 15541 -22433 -16158 2871 1471 2539 21629 -10225 -10169 -7728 5079 1776 -21231 10166 -33978 -26626 -4687 -36080 12865 -11234 13005 -3713 -2167 18294 33573 -37332 -19878 -20835 -21364 -46463 1617 -8864 37075 -2857 -4266 -21914 6771 24239 20392 11753 13879 -16802 34359 6284 26302 -2832 -9687 -31020 -2715 35335 -18338 10725 -21647 -7613 8770 -32592 13709 5114 8657 15389 6402 -185 951 24283 4896 -11709 21401 -29363 -15910 7487 3721 -9644 -4615 -1 7232 17594 7784 17846 4803 10167 -13488 13059 44853 -18473 -10177 16940 -8486 15245 -24042 -9993 18214 5272 17386 -11458 -14688 25391 5853 13554 14033 13491 14620 1266 -22515 -16464 -2991 10462 4948 3296 -23056 -2187 701 -10353 36662 -2044 12181 -43803 -8552 -22867 -3689 -17722 10768 15911 21365 3820 5191 -16416 -6230 -8836 13144 325 -1498 -21598 13754 -69546 -19230 10994 5440 6597 6377 980 4973 28978 -17856 22238 10595 9384 24990 -13921 12582 -28724 27497 -7337 -20189 15649 29512 -1760 16524 48273 10957 -51615 4415 12982 -20842 14964 -18061 20239 1492 8156 -17847 24620 11918 27452 -714 6508 14607 -2091 31534 367 17340 11811 9693 -15382 26273 -17498 
10544 1590 -5108 -21572 -5338 -6359 -17225 19528 15181 -9498 11411 -1534 -14942 10696 15404 -4839 15430 -13900 3507 6861 -36771 13596 25969 38245 -1104 17796 15978 -27919 -21957 24471 10645 -26471 3469 8696 7826 15934 -38443 3863 8534 -9308 -26349 -972 -19473 6098 14844 6179 11804 -327 26095 16452 4757 5174 6793 16762 -5957 6043 -655 18095 12537 -15188 1958 -17230 673 -11157 -24575 -20762 -9645 -12103 -3627 -5419 -14734 -9114 24941 -1145 -18177 4732 17043 -2033 18026 24157 32589 -14990 -3405 -2504 -1017 10248 -19215 -18999 9473 11675 21428 2836 17139 37951 20632 -26605 8349 -20546 -1912 -8619 3009 -2286 -15556 -28682 24188 -2241 -11217 22019 23189 23250 3112 5749 4382 -9387 19762 2072 -4595 562 16111 5355 2482 -1471 -27448 12352 6374 10760 27056 10152 4608 11317 8362 33018 -12652 6958 1289 5942 28997 -10142 -21542 42537 9128 8776 -666 9822 32976 -25677 -11214 -4570 2292 2222 5145 -15787 -9688 21496 -11000 -23176 3820 -11480 5048 -6086 16512 18139 10590 -17933 -10715 -16610 -21492 -6928 9721 49533 -998 45199 -22216 -16872 25643 -3154 3945 -8577 1378 3721 4494 8419 28801 18585 -4676 17330 -13146 13285 19450 20818 6655 -11780 12171 -6830 -7135 8203 -5041 8873 -5219 -11438 2331 13938 18439 22302 -13461 -19149 1093 13025 -347 8527 -18498 -1154 -12011 -17585 1920 -5552 9702 10310 9515 -15891 -14339 17332 -3361 18042 -23480 7810 -2970 19922 -13391 -8721 -171 -19010 18780 -1732 -45557 29564 21973 -13055 5528 -26241 25669 4604 -9502 -7389 4608 47739 -7666 -45775 -5186 -35381 
-170 763 8089 20549 9744 11713 13927 10812 -7676 8010 35257 658 1830 -15328 253 -19568 24887 8181 44 -8076 8351 -9754 5813 -5120 21978 16594 15394 15634 -404 8498 16033 642 -13527 -16846 112 6202 19087 -11680 -2341 -22375 18301 20270 -8443 -7187 -12915 -929 26 16806 -14357 -5497 17597 16437 -36553 8440 4523 31369 -2799 -22742 -45893 8897 -1378 -15365 -10197 -14136 21854 -6806 -6023 -13482 -2572 14500 4426 -925 -3533 1347 -8098 -9332 -19426 3063 6489 -6679 -6336 17535 9225 24768 7086 11254 3086 -8871 -5236 19431 1068 1420 -18089 8849 12937 7908 3403 5618 -15869 9729 -10061 -19058 -22504 31517 7332 15339 11189 -18859 6397 -14882 3216 2241 6491 13872 -23299 14242 -13017 9954 -11831 13833 18015 19257 2832 -12349 11502 567 -12888 -2340 3103 -10072 44985 -14283 22614 -17576 -5270 -10992 -4340 9259 -2549 10505 2689 16877 -8928 -3448 -7052 -8612 5265 -7832 19970 -17386 17083 -17278 -16140 -6323 -8920 6370 22435 13132 2156 -15215 -27588 4112 -35602 -1737 3020 -6429 9368 14285 -45596 -5285 16307 3782 14046 11711 13332 -30926 9217 -32192 -13897 -3352 -3402 -16365 -16255 -10326 26456 -4927 -38379 8771 -5224 6178 -3267 -15041 -3486 22397 -4745 9436 -14533 11195 25245 2149 -19982 26077 12869 -10157 5080 -618 -15519 -21201 -13412 -272 31154 -8655 1847 5504 10600 -100 -35354 17720 -4945 11326 15426 -6576 20827 -11352 6848 -9832 -5602 2181 -16724 -12751 -11535 17995 19217 8817 -21711 8671 1353 2497 13649 22249 26835 -28062 28782 29940 11221 -15468 6798 12093 -7854 -6708 
-22757 -27640 12238 -806 28400 11734 6123 6492 -7807 6346 18924 -25721 1924 -4493 -20374 -30235 -25052 27411 8695 -10977 -2935 5853 -13687 -5136 -3362 -14758 2032 -11897 23356 20717 -14180 3038 -21609 4443 16890 -18240 35446 15762 -21447 10828 -14498 20248 -29257 25932 29797 5272 23654 -8608 -2149 -2895 3616 -8605 19575 14565 3444 12013 30450 4112 929 -13454 -28532 -17088 21237 437 -9761 8205 -12039 11295 591 -24067 12227 -28861 10169 24874 1076 -16961 24311 -10449 -14324 31898 26908 -9098 -16686 14420 -16065 -15111 12993 -9784 10308 -10900 37210 -17116 -26973 -637 9158 21179 -7831 11662 35148 29100 -13617 18493 9334 4724 -12411 -6004 3307 -14031 -30645 14184 -11077 5957 19308 -13300 4069 -4620 6587 11585 -28115 -8113 1493 511 4020 -960 30679 4889 8211 -10854 -31471 -21437 19736 -3045 20778 10784 -46723 4675 -6973 305 5236 -4575 -21961 -11364 9538 -2472 -3830 25493 -7546 -16186 29992 -16309 -10850 5011 13849 -15944 17449 -14360 8332 -15944 13521 17916 -7397 -4238 7828 -20010 -4770 -4541 -15477 16293 -877 -18315 -12322 14192 -3538 -18663 6932 -5814 293 3929 -12783 -36553 -448 -9145 4484 22483 21170 15986 17363 10719 21129 14945 -9933 5447 13207 -16227 -663 623 -2866 -10959 4949 -7290 -3411 -10464 5434 -3647 36908 15116 8399 15876 6722 14078 10950 35463 135 -15036 563 4095 15804 -4616 656 13738 -8665 22435 -5976 3512 29341 -12622 -8036 -28285 14890 9014 2961 -17306 -10800 -38056 19148 1965 -4288 -29471 -2143 -21759 -1268 17041 16571 -8702 9607 -2006 12435 -24829 27887 -1469 
-22302 5976 11588 8316 25425 18787 1384 -9507 -10720 -17469 -19009 10821 25401 34723 2922 4616 -12221 -4462 -16880 -42095 17667 -16263 5642 6861 -5800 -13690 -14771 -35025 11509 17070 -15988 15411 -7066 21947 -1145 -3612 -4925 -1208 -5399 46486 -26717 -5757 -10969 -14627 5397 -982 11520 1495 -1335 21543 -33185 -6718 2034 17806 3794 -21639 -676 -1050 37395 -14229 4151 -16764 10966 -2674 -8246 -11092 -23511 -22459 -7101 -14405 -22762 -6986 -4370 7758 7303 -815 15481 13667 -12699 995 8605 -17816 15201 2461 8415 3919 9800 19687 24604 3610 5302 -47332 -3082 -13974 -8154 -6838 5496 -13916 45101 12071 -774 8892 2241 -24421 -19757 -12522 5725 9344 -16639 1836 15433 2029 -11920 -22752 5078 15480 20985 -9110 3585 7689 -8715 -40576 -3262 20197 10260 -6665 20520 18973 9982 -1428 -21401 30967 -11284 -9561 5185 3389 3401 -35201 -354 -4552 5650 36522 431 20533 11448 -4134 7968 17380 -2053 -14001 -38540 15819 24071 16972 2902 -26525 -7117 -4210 13697 13808 10514 5541 19232 12554 -15709 12682 -10129 20355 19966 -15598 -6405 -30452 2272 7446 -2621 16532 16 20702 1532 6605 -23975 16303 21329 -1171 -20967 5188 1392 -2080 -645 9644 3695 16399 5056 -13554 -3474 -11729 14979 419 7103 4586 29631 -20736 -14151 -14139 -4593 966 -4117 16421 1815 12346 -9051 7135 -5582 -11743 -5476 -857 30284 18354 -14991 -9276 1148 5499 -1382 7532 5601 23676 19541 -7407 23014 20483 -5257 -11863 -35552 9902 -3546 18764 -1934 -747 -9482 -6697 1853 -1447 -15886 -22209 -13056 26149 -33795 -15708 5031 6235 
21169 32637 -19872 23206 -31324 4871 -721 -19054 -11434 -27312 -16273 -66 -1426 10278 -12322 -10343 -1627 -4463 5081 10313 -8715 37253 5121 -22924 11815 395 -9526 6213 -21102 2042 1032 17865 -4913 -2513 18942 -480 -16868 3206 43200 -873 10456 -8958 -17812 13549 17931 6684 -5595 -19088 -5485 -18087 -23988 9653 -9211 -11650 7194 -15438 29190 -7849 -12134 30334 9927 35471 -32719 1814 -25390 12858 13995 12469 25628 -19609 9934 6011 4617 26627 302 -23963 -6333 10938 -19943 2969 -25329 -23357 15605 16473 21778 16703 28140 -6023 -15700 19230 9174 -23907 895 3384 9471 -3007 -31691 -14896 -5515 -6820 4896 -25026 -6306 -3098 -2686 -10722 14343 -20252 4308 -25268 3218 -1566 -6656 3213 -625 4045 -1611 8733 5604 727 -35703 -8858 -11665 -8787 5193 -8478 -27898 -11690 6636 7094 -14719 -9873 -7474 -5260 19541 2363 -5259 11557 -4757 -33087 7241 -15475 -16657 126 224 -3796 4663 -4020 8717 -4453 -7517 8745 20750 -24623 -4188 26958 -3585 3483 -14724 -33129 11032 -4842 5833 11724 -3549 -20410 -13549 11051 -3530 17676 4688 -12863 2522 -3722 -9852 10756 -3278 -2672 14582 -11846 -21013 -23597 -6663 4305 -18537 18967 14500 8304 -9891 10478 -16226 -10509 -7681 -7178 -5360 -19288 14466 -7057 6357 15660 -9325 6040 17570 25214 -12271 6882 -19160 -2202 34253 31766 28377 -5277 36269 -14244 3615 20324 10229 -33294 10166 -10356 -23264 -19841 17775 3051 7577 -7123 -3967 8736 4359 -10695 -339 17264 -5992 -14069 -9632 -41025 -12184 -10313 15733 7490 6768 9276 -1191 15652 -12853 -27731 -565 30230 -35248 2607 
-31336 -14119 22950 -23382 16883 8694 -5980 -534 3255 -5033 -28668 463 -1794 -5183 33766 8341 4057 9229 19516 -9540 61434 -20194 -22497 -10081 -16523 1007 -44037 -856 5423 -13502 23840 19829 -18038 32067 -1373 -1654 -1745 -15310 -24173 5686 -5254 -9768 13504 -21914 -4344 -18725 -19376 -18616 -14684 4076 12240 17809 5229 -9293 -530 -11328 -25299 -33821 7483 -31624 20613 2433 -2755 4854 2895 -7357 -142 -30974 -8936 9074 -2304 -3594 -13314 -21413 34506 32277 5375 8906 11343 15046 -26652 -21534 -1094 -4012 600 -486 -16805 21911 9429 -638 -15219 -9304 4972 -29532 -34918 -12662 17459 13090 7905 -18807 13421 -17657 36034 8229 -20583 7502 -32985 38569 5705 11183 -4234 -5485 12423 21070 -19317 7859 20082 -19213 2802 -4227 8902 -33205 41 1876 -30604 6881 6226 19455 -22240 -5119 -25779 31097 -13667 4268 32624 5998 6455 -7507 -26467 -17362 -21137 -7039 -210 26504 -2718 -9272 183 12551 -5801 11439 -40399 -915 24999 29138 15457 -19065 -37389 -15793 -65 14341 1710 -8814 -4620 21151 196 7559 -24592 -11303 -14910 -13443 26442 -26295 9981 20436 -10837 21541 -9524 12979 -42 7640 -7053 15799 3600 -37761 -26619 9266 -8407 -17871 -7047 -5723 -11615 18238 -21879 3559 -10055 -25007 33854 339 -11386 4331 8920 -35869 -3357 -30358 -13867 5304 6602 1747 -45502 -39672 14387 -11187 -21530 793 -8255 -13375 -5266 -3275 -12115 -19237 12554 -2185 -5201 -33436 -8647 8321 14529 6633 34791 -9876 12489 12084 17590 5692 -650 16220 3599 48229 7927 -5173 -7209 -38652 -19888 5842 -9321 2765 -19517 4462 -4812 20861 
-7906 -8333 -7490 5248 -4009 5340 8644 -9593 -6132 -11413 3003 -9010 -11983 -8733 -12038 -7708 -16310 19208 8108 11876 -6255 49628 -3918 2649 -9373 -21359 -2864 6251 1963 -8569 -26169 22243 4363 -609 9265 -11087 -882 10813 8912 9858 -4656 9497 -17927 30076 -8118 2718 -12355 -2050 -12778 -5962 9172 3741 34714 -7251 20603 -14961 39899 13013 -1255 14149 -4328 16287 5064 -764 -16494 17324 11813 25169 15680 -3510 17831 -6215 13101 23877 -12244 -25689 13574 1478 -7927 5775 -5178 13515 -22774 5426 2651 -13742 5751 -32122 5531 5316 10842 -1157 -1481 -20886 10329 3837 -4464 13135 12397 26587 -3272 11670 -4961 4556 -4868 -8737 20214 -21088 -18156 13951 -20149 -16415 11751 -15235 15393 -27077 -8385 8036 -12571 -19824 -11911 532 2310 8120 22593 12986 -10447 -4209 -28942 -21859 8712 -16990 14714 15266 -19591 17433 -27829 5891 -1776 -22445 -3837 -21656 4285 -26824 -15273 9316 -4649 -8376 7093 9384 2146 2685 7385 -19169 -2041 16480 6878 -11210 -1358 -12258 -1706 -16715 -1776 -27648 -14900 12594 675 -6768 19267 -17861 -17564 1373 -18686 -15055 -5866 -428 -11464 21974 -9653 -27794 -748 -9348 -3720 13392 -6881 7335 35664 -9517 6978 -11824 -15936 3649 8728 -5062 -11922 -17094 6579 -32191 -943 -4022 568 15356 10676 24096 25178 15400 22574 4141 15044 21853 -984 22507 7496 -6981 -10251 22496 11970 -11183 9820 12538 -26411 -24459 -5608 21466 24322 -16806 -11146 -21060 7772 21293 -1671 1325 -8549 -33355 31050 -19480 -12301 -20634 8267 -34318 -9461 23258 -5217 -20464 6851 -24456 28593 -1192 23642 3667 
-10960 4093 12987 8439 -21976 23729 6034 14314 21973 -7093 -2028 24382 -5046 12416 -11139 -15759 -13652 9714 -16255 8371 351 7435 7 18058 -18052 -8980 -3301 -3394 3754 10985 9457 3738 -516 -7327 -13700 -21297 8898 -493 -25543 -10669 10320 21573 -31578 -12047 3724 -13377 17331 5714 -13 -7800 10449 29450 -390 12262 -614 -26987 -12674 793 -25794 8949 -3728 3954 -3116 8565 -3221 -1899 14124 9553 -1201 6543 3667 21838 5212 12053 8527 3438 -15004 18014 20408 5799 -15233 4201 -12595 -2851 -6894 7080 10337 -27801 3717 -4745 -19348 -2158 -2055 5713 9229 14288 -441 -2489 821 23231 -15730 2540 -2745 -650 -9375 18560 -3995 19536 -4138 -3711 -16842 -9683 10059 17407 -20044 -12505 -21475 3640 1579 10117 992 -8713 127 -2964 -6232 -5092 8688 14407 12178 -15966 -3358 -32069 24575 3688 16526 -11182 -3922 -18438 -6071 3530 2352 -4452 10057 -1214 15983 -13889 695 -5990 -4343 4956 -11101 6611 -14442 -17378 -21359 2015 8322 -9309 12677 -15545 23897 -13350 -3877 3760 2289 2760 14791 11118 -5070 6150 -3800 12153 5934 -12576 6696 -19585 -15278 -9233 -25735 9274 -1073 -9080 -2066 -4902 13838 39307 18528 5163 1212 1248 -19496 -31165 -18827 8415 -828 -3095 -24311 29697 7604 -9519 32979 10015 -20214 868 8292 4595 -19544 -1765 2206 -26957 -2733 13232 16037 -1086 -16235 -10362 -245 15888 -19856 -2138 -15640 6403 -17064 2372 -7267 13050 6284 -5436 1708 -3154 -6574 -5537 25429 -11248 -875 -2516 32735 -7186 6591 -3883 -3823 -9229 19260 -23764 -10508 23415 19530 -9658 8572 -4247 
-2175 -26297 2596 28597 22772 -9895 -19746 -3949 -7483 12639 19222 -82 12000 -9014 -13896 -12176 5344 7666 -1169 -19310 -7075 6101 -2785 -7184 11065 7014 5981 -966 -15890 -12268 29833 -5686 -8325 -8109 10462 7151 5962 -8625 -17970 -10671 26501 21505 7901 -5606 17358 -1687 -662 21617 -27827 8137 -27536 -23483 7235 29307 -587 -20801 3225 -2615 8549 29992 13701 -7519 -3148 -4382 -6018 -5130 -6823 30812 155 -17132 9447 16704 -22536 -2446 18247 -24516 -15082 1397 38627 487 12515 19524 -8744 6299 -22156 -15950 7695 -16443 2563 -20766 -13921 22020 3284 6485 26026 -4500 -9510 -3882 4834 -10586 24803 21061 17284 -14812 -493 3332 8321 -13616 3798 8329 1564 4495 -15943 -10545 12511 -15695 -194 8872 -20434 1972 -18686 -4574 -5941 -11360 -6260 -24049 10634 -17839 20636 -13712 10613 -397 32441 -7289 -30906 1774 15467 3391 -19710 12693 6748 9332 8050 3759 1904 -9312 13988 -11428 16601 -16851 20999 -9466 -495 -23928 -7391 -39 -38981 -23103 -11391 -10818 6085 -61 21671 -4486 7881 -884 22493 40931 -4387 -15544 11384 -6391 6785 -15374 -1727 -4512 -6638 180 8060 -13218 7240 -3015 -30932 -5683 6567 22808 1797 32261 -9770 27141 -5404 -9205 -21667 -4485 1935 -9804 2019 -29033 -237 8499 14581 -17559 14404 14378 17546 25895 -1061 8179 13214 -9364 -18584 -17380 -8726 25172 -247 -10078 -4512 6424 5673 -12605 -15462 -15193 2862 4058 -10483 -10323 -3742 16477 3372 -6750 22120 3458 -8936 -1066 -6438 -6270 2387 -21218 -1546 -1141 10914 12551 21979 13396 -13802 38175 -218 12373 -6696 6362 
3899 -7133 14067 1693 11421 -8363 -1217 6464 -5942 -1064 -7036 -40247 6157 733 -12270 -3964 28693 -29406 14473 10663 24607 -10985 -16646 15228 -1494 14613 -1555 8361 21995 22632 23283 8657 -22431 -3567 -4754 13033 -9959 -9886 19382 -2776 2947 9053 -4317 26 648 35424 -3337 5754 -8523 -1858 -12352 -46734 16801 24930 -2439 -13504 -3518 -948 33121 11826 -27014 -3078 2594 14049 21412 -3189 17224 -5437 -13985 -20194 -26345 -5942 -20218 -16363 -3390 -23980 14458 1285 -7540 -21251 22670 246 -18271 -9380 10768 -9779 -4218 -8051 -11849 3213 2778 11756 37 9558 3961 -1098 16681 44909 -1759 -14705 23016 41657 14418 -5683 -16522 -11395 17824 3061 5831 4491 -4089 -9885 2257 10463 20019 -2217 542 4581 -4643 -37432 -25120 10880 27270 -27938 -4208 12250 -8093 -34971 -7698 -23904 2437 -3929 8964 1696 -23951 -18 -10733 30149 -15344 6759 -14616 -6144 35881 12014 34981 5473 1449 -13315 -2300 -8292 48235 14970 5725 -1030 2070 39721 -13415 -15321 -1752 3503 -4050 4131 26515 14322 -13302 -16066 40418 -1009 9036 -19707 -2929 6100 25658 -1323 -7801 -20625 -5496 -26878 9514 -8161 -17770 -20387 5343 -486 11894 -7201 -41219 -32617 8594 -19589 20466 3788 3442 -15688 -10181 15875 -20498 1342 16594 -19428 -20462 4698 9716 -42395 24462 -13764 12225 21827 11551 -16953 8512 -9202 -33638 3052 23728 10654 21387 -530 -5226 8623 80 -8236 9152 -5937 -13821 -34683 7490 -18053 14518 -4089 -6465 -3650 16959 -6490 -3131 -35230 -920 755 20014 1557 -14031 12781 -752 -589 12275 25174 -4205 -2544 835 -15193 
18782 14433 12971 7942 -6634 -6222 4610 -3826 14834 -23974 -10121 -1206 13460 -13352 14489 -19295 -11612 -9974 2992 -4012 10776 7202 21870 -1728 -2564 -29609 -24914 -6980 33276 32464 30102 22033 -25050 -5498 -3415 -12895 -6742 16262 -2618 9367 -24931 19315 2988 3018 3340 6846 8435 33847 10058 821 12725 -12660 3105 16524 -1398 -36095 -20589 -24295 -26554 -27202 -29752 -1063 35229 -12857 -4743 20455 18149 910 26431 26828 -20869 17230 -40054 11310 -3299 16075 -34748 -5129 4069 40073 -1312 37805 11785 34137 -9676 -3216 9501 -5580 9005 10776 -20025 -25006 -11419 15467 -3059 24736 -643 12850 -6915 -4874 -27300 31345 11975 -9743 6566 13368 34023 -491 -24619 14567 -16141 -653 -37440 60728 -19375 8207 6603 -18692 29046 -32388 -4990 16009 12210 31667 6178 25464 -18296 7161 18549 -23981 -5924 -24049 1298 6303 26613 6589 3623 26530 -7752 1218 5201 -18788 7320 15249 9939 15555 5191 16785 -22220 -23463 12141 -17656 -23284 -5700 -22911 21127 583 -5873 28718 -6364 -5209 -22137 -8877 22551 -33033 -22765 5920 -5243 -10027 -13945 -25 -5715 -418 -21844 -10135 -21773 -3509 -9068 -7102 13757 6559 -12130 19471 29605 25469 35178 -1245 -20198 11400 -7032 -4379 -17646 -5764 -6411 15036 -17087 -18558 15645 8768 -35539 361 25205 -36573 -17377 8361 21236 -21812 -13328 11719 2669 5991 23036 -30494 -4601 -19177 36159 -13676 7432 12818 -17351 33195 -9377 -10248 8538 15876 5148 13040 -12634 -24960 -20958 -4169 -3103 -14990 -10245 2005 -4019 40656 3372 -1385 -8018 6361 -12954 -10232 -2127 7408 23112 26459 33004 4677 -5767 
-7637 4782 -31149 -14506 19283 15489 -10538 32210 -21040 16529 -3430 -19011 33074 1091 -16865 10774 6622 -19601 -39847 20528 32981 3411 -15446 -15066 -10420 -2809 -511 401 5464 -14433 -9719 30436 13446 -16572 -11821 -13253 -41119 -5335 -12798 -26459 -28277 29637 -17107 15420 -6413 12853 -10796 16949 17632 -37215 12075 -20824 -979 13712 -40791 -1493 -32474 5239 29753 -2204 -22683 -20036 -4335 13181 -7070 -13661 8204 -20164 7986 22059 -32550 38126 5271 -4672 25647 -17824 807 -14814 -10589 9251 9720 -19937 -2509 -14171 -12568 7157 37086 10634 11117 -2447 -50927 -13171 10015 -34488 -36863 32862 8647 -18184 22945 8779 14326 6998 15138 34524 -3879 13382 6612 8615 3319 -21681 -41545 1154 19088 13102 -34743 -2071 13189 6475 13258 -9736 -13574 5207 2807 -7781 7237 12464 -1384 2620 -26995 -9832 905 -1422 -12555 18510 -1112 1975 -26815 2222 -31882 6633 18786 -3127 -34134 -33244 24871 15154 693 11688 -12823 -5538 1266 -8227 -21825 22399 -24891 39151 11607 3426 -1085 8625 11575 -26811 -14161 723 18400 -16701 26866 -9425 -33458 12841 34358 560 -11957 11898 -11454 3081 13902 -11588 4330 16792 14602 -17288 15024 -2225 8909 14514 -11736 -13665 25973 -10637 25484 7696 683 -3749 16068 -46444 -24653 3213 1171 -18287 -8181 -4996 -7087 -30065 27160 20450 7780 -41660 13788 -9080 12843 25267 -19650 4548 -13070 -17891 -24012 -26372 -5408 15743 19624 -3581 15098 -16020 25335 -6683 33795 -24761 -26273 -21896 -9865 2270 -28970 -42144 -5768 6841 39344 -4304 -6469 -21633 4320 1805 -3544 -50565 -32212 19157 -40958 6382 -4080 24495 
-18281 19333 -29943 3049 8048 23267 -15511 33881 -9206 10386 -26718 278 -1790 707 -18470 -11748 -1353 8904 17474 21299 -18232 40493 6001 9105 -5906 6597 -17454 10659 -14335 -12236 8350 -1484 -36425 -4306 -18954 -10848 9811 -1350 -6589 -2717 5495 22804 12071 -32744 9242 24006 21473 4959 -4236 9192 14245 1096 21615 13856 -19144 -11341 -3849 -21976 921 24814 7155 7716 -8932 9682 -3332 -16389 2806 495 4820 7720 -3586 20459 -8929 -23228 20440 -8612 -7319 179 13879 -21166 -2151 3324 -31150 -1255 3634 11335 -11753 -5751 1953 1432 -43315 -15663 10810 11973 -24049 12862 -13322 -8239 18451 -883 10103 -4160 -18341 -16404 -10562 21971 5722 22899 -621 -12184 -18655 2357 22143 2289 -9632 -6952 -6472 24014 7366 4150 4181 10923 -11570 -12184 -8916 -21464 5661 28110 -4894 -23162 -18791 -34855 31368 -14121 2939 13276 -35165 -8012 2150 -1987 21740 9093 -4799 -19376 10594 -6243 -21135 -34004 -6547 -15752 -15393 13501 -28931 -22874 -15671 -2240 6583 -5410 5850 -3856 3426 -7244 2311 -3734 15686 -13619 -5 -11392 4921 33275 6916 32809 26223 11475 443 -10753 -8188 -9978 -676 -6281 9726 -10627 -10966 -18147 12811 37578 -15919 -5232 37028 9360 2949 5994 -14606 -1250 32619 -29957 -26593 7010 19039 5583 4232 -21548 -20970 -5793 -5295 6827 -18022 19725 16888 -14542 -13106 8594 24473 737 16891 -16461 -19886 -2500 -8953 15295 8719 23868 5930 27077 -7666 -2427 8046 -2209 6701 6300 15134 8298 -2109 -11609 2789 660 -4898 -1865 40657 -7136 315 13852 36780 11560 -26852 19873 -14633 -26753 19773 9317 
15061 -4928 -8534 -16260 17411 -37361 995 795 -6321 26714 11661 -33064 8153 2469 -14882 5995 13722 -30301 21303 -4217 15535 -4133 -12613 -20376 -5687 8436 12323 2751 33564 11146 2589 -1410 -12981 7298 -3779 19225 -18657 7234 9594 12542 14870 -12585 20766 -2844 2888 21155 -4398 3795 20628 14653 -364 -41819 14916 -6054 -9928 18 -2100 -6926 8537 -2218 -38700 16037 3997 15428 8054 -3882 -6880 -21025 20756 -3158 -10910 2730 -38079 -14643 9160 -25081 11287 -10417 -46133 -29692 29308 -10746 -24098 -7934 8978 -17577 -7543 21531 1059 26686 13839 -26179 -5934 -6517 -29269 -893 -7149 49057 -534 -20344 15861 25433 -8394 24930 -18385 -21525 11734 -8940 -2493 -14349 18347 -9795 -9617 34748 5854 -13720 37257 -10571 -3111 -47601 -12123 9089 3733 -23250 3762 12404 10008 -1713 -2459 -17186 11139 -3190 -9660 1028 -7125 -13061 1074 44435 7381 896 -11869 -25168 37166 20619 33439 31083 -16759 10325 -22210 -25442 14623 5719 17723 32955 -13703 25834 -5437 -12614 11693 -2825 -8766 11245 16145 53020 3421 -14581 26900 -22116 234 -26908 -817 -10708 12213 -24312 -28756 -23141 -11382 -11075 11205 -10442 3562 -8207 31845 26795 11813 -42118 -46453 -44426 6570 -19466 7115 474 34545 -19038 -17716 16178 -8651 -5038 -2279 -8411 -19277 -2041 -1575 -37824 19375 -31973 11482 9106 35842 13509 39133 -13535 -14837 -9496 20268 12035 10522 9005 9922 -3307 21578 -9187 9595 11952 14890 -26249 656 -33743 -7666 10896 3018 -3381 -15368 -6315 17779 -28537 -15364 15984 2913 -22929 -19120 18430 -3516 10196 -14261 -9713 -4070 26049 9626 -7728 
-817 32588 14329 6303 -25212 11223 6716 8337 15789 -18193 -23259 9522 -20522 -2779 -10458 -20868 6690 3007 13547 9581 -24941 9100 16400 18617 -20561 3571 -13529 4489 2425 4982 -13859 -8334 -8210 -1037 1903 -25849 15895 6604 20787 19424 7146 -8327 -20662 -19109 1558 -20049 -974 -5164 -2537 8170 14094 14564 6456 13027 14695 7081 14583 -5037 -782 -1817 20387 -8239 4432 -22730 -16809 1737 289 8849 -1802 11612 -13673 -20690 4266 22878 -7214 34156 -9895 -2325 8120 -19665 -21070 20024 -15556 1233 33373 25785 -35595 -30267 -9670 -2266 20056 -4111 -3846 31237 20998 18244 6671 10308 -15085 8330 -32529 -9690 -19351 -35427 -17067 526 -2250 -22842 -3246 23675 -2413 -21697 4838 -12312 -3089 17621 -14123 -11111 15402 29303 7647 14670 -5266 4546 -19851 7378 8529 3004 -3208 22267 12944 -14368 18413 -22606 19900 8663 8198 -4602 10728 -35256 -17996 -27751 387 10749 -5128 -21405 15380 -7044 -12031 3185 -1637 -7757 -21168 -22138 -7810 -7987 -6311 5796 11899 -22506 -4123 21776 -4988 -97 -27231 2360 -18680 -18862 21635 15164 -18059 21214 23386 -11116 23938 -20985 -19413 5113 -26855 17730 -12964 -8698 -2742 16533 -24516 8015 -21 3364 6742 5043 1318 10614 -8542 4930 10471 14955 -3962 12800 -14034 19331 18395 -298 3621 9376 -8073 -22787 -18885 11440 -9972 -20578 -12003 -13055 26269 -2351 1175 22217 7618 13210 -2578 426 -7470 15785 -474 -3607 -23596 4994 -11666 9141 2934 18631 -23146 8073 19725 34763 -4495 -2549 7863 2478 9671 9053 3988 -9897 -4025 23249 15791 4184 157 -22816 3146 -24892 
14011 -35647 15495 10736 3650 148 3151 -18761 1842 -4961 -347 -11787 12574 -5545 14268 9745 1024 1753 -20624 -503 -29657 -848 -9142 6826 -2610 -11322 1077 -2221 651 15137 30484 -8161 15978 -12827 6626 -3 -337 -20994 24758 13998 2002 -23303 2958 8043 2260 1372 -31757 4500 -42030 17266 -18279 -25053 4697 5599 -4534 -1682 38074 -5445 13854 3043 -2061 -20281 -7033 -27022 1647 6989 2706 -15180 -16215 -10254 18482 -15017 5643 -5073 -29563 8650 -2741 -1389 19855 4112 4973 33677 18879 878 -10990 -6123 967 -2488 -23276 -11310 12708 36363 2731 1837 30284 -9301 36215 1526 -32378 2805 8538 12730 6969 -34738 19834 2261 11357 -26445 -3978 26645 20114 -28980 5200 -17455 22495 -2527 718 -14920 18584 -3356 -9260 272 25599 22928 12176 42468 -3268 -30497 -2537 27377 19835 39766 -7849 -4646 -19697 -9600 12037 15330 -29670 -5983 -15438 -12840 7344 -60 -29676 8577 13749 -18361 33505 -26508 27116 -4373 16806 -13893 19737 -3690 -37558 -602 -27786 -3331 -10036 -23284 5269 -17863 -42702 19285 -8327 14328 3036 14685 26104 -797 -4318 -16529 -2149 -6256 10360 6332 -9393 14710 -10734 -15674 -22176 24639 -11712 -16416 4508 -14080 -5851 -12612 8756 23613 -9240 5458 -14531 14599 24960 -15873 -7776 16557 -17410 14383 28642 4641 -12082 5369 -4767 5542 -23113 2350 -1333 -33265 -45993 21153 -9258 21274 17382 -2629 4040 -949 -89 -27539 8529 -4344 -4083 6941 -19582 18672 1109 8751 7979 15561 17715 43460 -28557 -4416 -5741 -3529 -20825 6038 11503 7054 -36241 35395 23334 -10326 26249 11492 -6032 4848 
-17657 -11080 3952 9612 -7089 4708 8349 27647 13739 -24120 -14770 27763 -1641 -26665 16428 6797 -6524 33805 -21892 16385 -13481 42052 644 -3318 -16001 -12961 12374 -6323 5969 19291 10654 17198 -11206 -21277 3542 12729 23352 -39225 -6315 21981 -29291 -6 -3447 -34372 -5548 -4392 -3026 -15519 -13246 2101 16553 -8334 15689 34461 495 -25674 17648 -49767 685 1668 729 26617 -15581 -53767 -12270 -30733 19373 -20507 26043 32154 11910 44368 20378 -6569 -6567 22658 4641 36744 4288 -36330 -5295 2101 -22587 32644 -26048 2080 -768 -10239 -3331 31538 -51787 -3806 -8781 -8907 -1123 30948 17185 -19957 23158 19864 1237 13672 19030 -8084 20129 18806 -6429 20124 -33046 -5307 -14554 -37506 12756 -332 -22672 -9039 -8977 -2852 50759 16627 21544 9528 2186 29497 3327 17271 3600 42619 -17632 -1518 -24294 -11435 22552 35300 3192 -15392 16558 -1441 -20961 15909 -48118 -33611 16510 -3708 11800 1612 254 -34185 13222 -34529 -9573 -9139 -5 30577 -15355 -26632 -20426 -34967 15723 1103 8012 -45363 25584 14 -33728 16579 21407 -4776 -22554 9173 44457 57917 -16321 -16528 7821 -22497 2481 -26218 -18481 10348 16032 6041 21597 -11659 31783 21359 9744 -21950 -15901 4843 -28093 7291 -8520 -15846 4250 -13479 1036 -2369 5415 -15160 25871 38982 -26967 -7454 -2867 6500 -26436 12908 -5581 -5836 -2714 7482 2222 12853 -3252 19507 5879 -32441 -18831 -6013 -351 -469 4005 13197 -6060 -6779 37445 6347 -13996 -7350 32590 6299 8694 13772 9449 19248 11886 10173 5240 -11095 11590 136 5898 -6822 -12768 27164 19436 -27553 3571 -21049 
-2339 11426 -2005 -17622 19315 19120 -12698 25841 3811 21921 405 -7851 -272 -8422 -27477 -11772 11085 15650 -10414 -963 -2099 23941 9252 -17871 -35041 3815 11782 -2230 -6549 -21561 -6724 5768 -2880 -8391 -20321 -21186 -17289 2290 -12894 25792 17953 6613 -24257 -17622 15871 9313 6310 -11641 3934 -9905 16020 -6796 40905 13157 -18369 -20827 -8621 -9516 -4984 10532 6132 6639 -2491 2307 452 -14558 5467 5379 19384 21335 3034 15438 -2411 13099 14931 5125 -13940 -6823 -8715 -35570 8063 -3217 -42210 1232 17720 31486 2510 -21906 10157 11291 -32595 6243 17989 -1248 -5957 36778 -17221 -4210 25101 -4032 -11074 9018 -25776 -5575 -11834 10366 10738 -8010 -4117 -15215 -19833 -12042 13556 -5516 -15996 -27756 7005 9836 3795 5733 9332 8496 -5667 -24075 17486 -17790 8503 15293 -24442 -107 9361 -32614 49804 -12159 -5411 -9120 -16932 6156 -6058 -15739 -11569 -25414 9598 15075 -2490 1188 -8840 -17524 2771 -18680 3885 6287 -26818 19844 -13028 -11462 7088 -11502 16977 -40425 12774 -4405 6262 6619 1560 10104 2929 -12947 -9451 1834 23722 28353 10522 -708 766 -28930 -21709 -2858 306 -6749 6661 12656 12275 4193 -5538 7670 -28922 -3812 7122 14087 -7589 -8179 -3728 -9954 1596 3387 -24016 -1385 6590 -16675 25152 -1749 -7210 -3892 19157 -5336 -8310 -7225 -430 -42688 13286 7416 13953 -20157 21097 -268 -5838 8324 2399 -9157 -21769 30273 20113 11682 -16208 -11759 15469 -10415 5432 3670 11332 -15328 1387 1698 19858 -8088 17477 -1770 27619 -12812 -1579 4878 18938 -8077 -2909 4711 -33269 -12392 -4776 -20090 
-6904 15041 -37308 -18402 -20449 15330 -15888 6243 2947 4585 3244 -726 -2866 18033 -7024 17352 -6376 -1022 22176 11570 -24031 11237 -10974 -5022 12949 40133 -12661 -5750 -4679 -25705 -14137 3450 -23705 -4633 4464 -34082 -11912 -10194 -22708 -35270 543 17109 -2807 -2908 13939 -30374 -27311 381 20759 14744 -1200 6252 -42391 12416 -24224 -3456 -17823 27452 883 2812 -10856 7819 26819 -4356 -47253 8874 -23382 661 -6562 -2120 -23096 7389 -797 18165 -34572 -15535 -83 -15506 -5480 -1442 -22895 -9909 -4248 -17859 12112 -23093 -2849 10670 35400 -40105 12102 -313 -7510 -8403 -9393 4249 20240 -22539 -8085 3663 -18309 87 13786 -13168 -3106 -8249 -19361 2255 -9135 -4763 -15461 16044 6892 -15086 8664 -5419 2733 3166 6154 668 -25947 2011 2979 -8242 -25718 -6747 -477 -12749 18913 21106 5276 -10906 -5535 9728 -6183 9504 14025 -1113 22074 -3486 23984 -9560 -37419 -19130 2782 3846 -1411 -21288 -25930 7649 -3917 -28543 -26014 -10857 3624 27962 -21369 26223 -21001 36658 -10857 20677 -13973 -14576 17148 -20638 -5451 20909 -28222 21820 -5225 9688 -9018 -11315 228 -2945 -21803 23219 6221 16959 12191 -16503 -28847 24770 -17348 11970 13441 23654 12333 24114 10729 -32344 -9395 1853 -515 -32609 28938 791 -8968 33449 -13369 -44836 -13889 -10007 -23060 -10690 -28023 11222 -10193 22322 -2124 -8109 24867 -9384 -7861 -16135 913 -17553 3314 3165 -17875 15203 -18355 -4534 -900 -132 -6389 -18301 24472 -17110 -38065 -909 8005 -19457 -23849 12242 -1294 13007 -23642 12412 2451 31297 -10022 -43358 -10244 7193 11168 17328 13560 573 
11290 -7116 -7248 -12217 -6503 18794 -12812 7902 -12599 -5276 -8494 13035 -1528 4838 -3764 -19752 -8428 20572 4729 4310 18230 6046 20746 -9402 31100 13246 11289 -7838 4871 7213 -4117 11187 -11047 -15881 3424 14225 -6750 15103 -532 10800 -6720 -3718 9438 -17184 -23750 27282 18768 -17921 4413 682 -13115 -11098 -10524 -6627 8708 2793 380 -39255 -16503 5828 9168 -2344 -18439 7707 7203 -19536 28864 -4345 -7699 -25320 -10047 5823 -15174 -5090 -2674 23479 4986 -4793 -2597 -821 2987 -4021 -20593 13366 -6461 6502 11761 -33538 17672 9628 -3581 7743 2500 -19714 -4438 4391 -10272 -24135 17996 -36217 -1198 -1776 -1409 3262 16510 -15543 7588 4288 8219 7285 -34636 10281 5670 21666 -7568 -6994 9885 33752 4308 46 36917 -1756 -230 -7130 16950 -22293 -33325 14198 -9253 -18460 -13425 -15517 3485 7819 -12543 1298 -5016 7651 3224 13304 -17755 3497 17585 12512 -10614 25313 18281 -4614 -11778 28956 -11463 26889 -7224 7071 8608 -16683 16767 -10569 2684 -16936 8845 12917 20896 -11932 2405 -5054 18546 -4507 17586 -13912 273 -6501 -6508 11742 -13396 -7656 -2283 -8434 24433 -31143 -6812 20715 8302 -33480 20455 -7913 -13387 -3847 5677 -16514 4079 -12824 2594 -29147 12456 -22531 -6636 17025 19919 -9667 6294 2552 7471 -629 -12445 22677 4391 6231 -6535 -9876 23675 3734 -3339 -9714 18373 -32965 16808 8664 4200 -14627 17515 22504 9882 22438 -14603 -7411 -5002 11375 -3871 -9040 27527 13208 8357 -10976 12110 12995 -4057 -4695 22569 4073 26461 -18236 13768 -255 25079 13418 -17648 -2409 -8766 -8728 
6690 -9361 28214 -23118 18708 17825 1433 -7533 18968 -174 -12616 -8440 17643 10662 35343 6985 -8550 -2582 18197 5877 19393 -9738 -9992 7110 10802 14039 6137 -10851 18582 18120 24358 16741 -28842 5730 -16494 -16789 -2992 3553 -11228 766 -14905 1990 13145 8863 -14956 24443 -5336 -13209 15349 -7990 24969 994 99 -17130 -10021 -26875 -5044 -22499 -8723 -26588 -23984 6934 12799 17222 -614 5147 12389 -8392 -21469 -2894 -2745 8424 12427 -25649 -15573 -30954 -7381 -2234 -20603 19572 -5373 -602 21016 26061 -14699 -2692 -10156 -2297 13487 4409 -22756 -30100 -14042 -7230 -12776 17740 11801 37652 -8539 11247 -3322 -6650 7010 25976 -12221 -5922 27895 33273 7814 -5648 -17035 24316 -7276 42497 -3456 -9919 22805 29171 3339 -33734 -4668 21159 21053 16316 12721 -12720 -20879 -1321 -4146 -32494 -12519 -2157 -4781 35699 8495 11894 -15374 13206 24898 -615 11709 966 12376 -738 10151 8576 -19742 -10129 1030 10592 5683 11840 -6488 5735 -1436 9612 29524 -10482 11182 44779 8067 -13738 8163 958 -4547 2837 14807 -20093 9871 -18346 3165 -10293 -20576 11141 11322 2906 13782 -4343 10577 -10655 -2352 -3450 11572 -10496 32680 20896 -22649 -13576 2327 -10779 -4163 -7919 -7580 6118 -7685 -22860 -5599 3609 10368 -11769 -1234 -1877 -23559 -27380 15351 2349 10898 13093 6621 15498 3570 5720 -20980 -13093 15101 -651 18520 2757 -17370 -1267 29314 -8145 -2702 11493 4777 -564 19386 -36411 -14228 -30303 9689 -23598 -11555 -28381 1304 -17160 -8070 41460 9607 -5242 -10234 -6678 -9209 -31460 2504 324 2428 16963 1871 13748 
-3390 29643 9791 4785 -7488 -22035 432 14710 -41056 2227 -16401 14122 -2712 778 -23105 -17134 2369 -23379 -20784 7529 -19447 -27352 20836 41803 34487 1412 -27284 -16310 2178 1884 -2136 -5355 1371 -10479 41448 17809 -15793 -4381 -1286 -7053 4730 -583 5067 -6668 -26813 -6577 9570 -4119 -23878 -16670 -13437 24769 -3814 -367 -23392 24398 10515 7850 -2656 14552 -11805 -27592 -29065 -4313 -4849 -5843 9990 31875 -362 -12933 12296 -33532 -8984 -24565 31106 -8551 25033 18597 -7850 510 -5730 8215 665 10039 -12294 -5629 -7401 15673 -4242 -36981 15630 1210 -13678 -10068 -4188 -25085 3743 -10566 -10256 2495 3216 -24755 9982 6535 13356 -34073 -30007 -8199 26234 20428 6513 -4219 30003 21325 -2456 24818 -16712 18920 -14887 13875 -8908 -27231 7752 -26920 -20289 -15144 7688 -9019 19138 12387 18683 15097 -31935 -2658 1763 10284 2508 -29156 -38986 12201 24582 10532 -9481 -18228 9307 9295 11406 17970 -3021 542 -18982 -20460 -15407 -11163 -5802 2641 -1591 4659 542 -1790 -1307 -13098 -11037 16488 28041 3296 -498 10620 39236 2972 -33249 -17233 -1250 -907 6435 16055 9336 18178 -3491 -47063 -16664 -17093 -32016 -13779 -9304 -18996 5955 10426 -4644 10757 7998 -10338 15066 -1631 13054 -3259 -12027 16434 708 31026 9767 -15919 10909 22116 -28317 -5736 -7190 -15618 15772 17366 5011 -27001 7923 10943 -17798 -43485 3044 35701 11437 -8631 10390 359 -52244 -10349 -4492 27256 -22971 -4616 -8955 5817 1360 28724 14316 19696 6185 9192 -9606 -805 4678 -9216 713 -7297 11798 -1823 -10223 -9619 13363 4337 -5579 21188 
1958 2683 -10465 -10795 -8847 6305 12853 -13590 12984 789 7318 3637 -5582 11313 14657 -2603 -6292 37453 22577 -9522 -3726 18659 1764 -26672 -3270 -15460 -716 13459 -7770 -22263 -7941 4461 -12393 17648 -17840 -17697 8775 32170 -32147 8433 -9777 19769 14137 -13263 35053 5021 9442 -31081 -468 22273 -16373 11138 -2805 -7797 -930 -19725 -19292 -11690 -51355 -5989 1358 23860 38758 9014 6745 19178 -905 -7465 893 14697 14021 -14 -15281 3578 -38366 15991 -11606 -11653 -6506 9225 4820 6990 -2313 -2618 1686 -492 32936 -14853 34088 27856 545 11458 -22482 -1929 -18686 6872 -5363 -9471 9390 -13212 -39900 14068 -13042 -16475 9326 12391 28729 10605 -25299 -25897 -10261 8905 -18402 -2250 19662 -39758 8832 2395 -113 -13681 14926 -7946 -10520 12508 30205 -17850 -38468 36898 4963 -14251 -28038 -32906 14926 7920 3348 12738 7249 9915 13626 -5315 10120 -11150 8274 16339 -25512 12623 -21054 -8665 4339 1322 -14045 3728 -11400 2028 4314 -19148 29582 21332 -4065 1452 -15282 -2220 -11575 -25845 3366 8758 -8844 5435 -32733 3312 25058 7678 -7464 4343 -18217 -13019 24471 -12238 22951 4931 14259 18881 2366 392 15304 4659 8868 -5665 16038 11035 -11681 -15342 -11620 -13038 13975 -15219 889 -2297 26227 -18176 -2218 3913 -32511 -5005 -3241 11006 -4002 14996 -29429 -4234 10471 18791 14549 -35415 19449 14439 847 9017 34162 -18237 -8857 30999 1981 43336 21761 -5505 9760 698 4178 -35603 -366 -26682 -2506 -14794 15341 5521 5390 19757 21671 25828 6392 5682 -5824 -4111 13941 -6546 8282 -7226 -7183 -15997 
1387 -45122 -1513 -4332 35318 -17396 -12341 -11792 24481 9122 35662 -4847 29818 5438 22138 15515 11969 21906 25284 -45688 -13108 -925 -91 -30071 -7736 -19390 28826 -9320 -2907 4899 -4792 -5540 -9831 19853 -28321 -12701 -22275 -4764 -13236 11534 14628 7610 -6841 11644 -2800 -4823 -11542 11336 -15002 452 21442 -1291 -3263 8025 -24381 -28733 -544 12661 -5614 2809 12556 36578 19981 15651 -1596 -11783 -38466 16362 -23966 29729 26801 49340 737 -4242 -6230 -17014 -31799 -6833 32737 26382 15079 9698 33972 24665 -20297 6619 -22777 12270 1783 2489 -30457 -15406 8637 1393 11798 15338 -1464 -9961 -28593 7352 10163 -15379 10040 4238 -6912 31702 21384 18173 -24546 -18788 20659 25901 -4892 9172 -20385 -41695 46701 13706 -11899 -8805 -26689 17392 -12324 -2640 -14395 -2009 -912 13738 798 -44090 -5288 19556 26952 -9068 -14222 -11641 -3837 1089 22308 6452 11200 8075 5029 -9049 17884 6648 -16468 -11049 6140 -22761 2221 -5083 -17902 1858 -1490 -185 -5551 209 -3875 28263 38617 -28660 2034 13323 4421 -270 -18555 10656 -19302 -13981 15033 7585 16457 14381 22508 -13519 -19652 -5752 10254 1098 9372 10953 -6979 15749 10191 20566 -6232 -13428 3356 33356 2377 -10258 -21573 9150 -21164 -12920 19463 7788 6071 5389 -26310 -14788 1817 -4761 -384 -2580 10282 -17826 6390 15305 -28630 23918 -20643 19111 10750 8849 -58129 -26434 -28516 2186 4396 3731 6708 18357 19686 24146 13311 -16711 -1290 8100 53552 -34704 -17909 -17475 12268 3545 -17443 -16087 -14722 -34192 9913 15765 17115 37655 -22454 -11779 -5093 2824 2895 3917 
4405 -5771 9025 -13033 -2238 -36759 -4707 -3322 -10365 -11111 23254 6879 694 -14597 21930 5807 -9493 -6278 13474 -5549 24899 -18093 -3732 -10791 -8144 -20046 -1022 -11044 11199 21997 -2459 18748 -19812 -1040 22349 37114 -15372 -11308 -3400 -922 -2107 -1941 -16259 -3142 18178 -18168 -16305 5187 -6363 -653 34143 -15133 -1637 31630 -228 -29426 -4334 -4358 -21893 -20017 -8001 44149 25430 -6455 7580 24645 -3668 32598 9242 19351 -13242 9744 -24936 16129 -3863 -21289 -2205 18146 -37 -7089 20945 1892 3637 20744 -6282 -22963 -11724 39512 -10147 5718 24064 -14647 15104 2665 7266 -20565 -22850 -6324 5786 577 4440 31939 12897 23577 17184 -12631 -5902 -1153 -35116 6281 26551 4591 -27940 9255 3793 6211 -12705 -19521 -6664 -37182 -2034 -7989 16134 -6359 3711 17508 2145 -1801 9368 -8310 -2116 -6316 -3064 12340 9010 -14595 15619 16914 -565 -3937 -6120 -11297 6802 10205 12801 -8364 5251 28410 -37897 -40821 5426 -26074 -7375 24699 -9729 195 -17606 6742 36947 9907 -9858 -1776 15589 14127 -10457 -9522 8015 5267 -14904 -17592 -837 4421 -8807 -8170 -14381 -4514 5220 -7622 18305 -21698 17099 7398 11878 -12112 29137 -10319 2035 -12274 -20806 -6610 -27257 -20950 18601 -14356 -23218 21374 7920 -9655 17556 -23916 -7472 22594 -5859 -5616 5495 -3436 19431 -10442 18855 35820 4293 29151 -12368 11849 3658 29633 4669 -11391 19950 -14256 -6074 -21605 -18834 -2645 14229 -18088 29920 11989 -4523 -2208 -3 -7169 4296 7654 25260 6609 -4251 -10946 -2726 -3936 6377 1075 -2601 14309 1879 -5312 21254 34888 -16059 -12579 
4395 15179 6589 9254 -22074 1826 14741 9227 -6736 9148 21822 5279 -17935 -21917 -21674 -18691 7667 7503 6169 -14586 19639 -2144 -5043 -3949 12443 9957 8796 15603 -6451 -23404 -6026 -22163 -7599 4630 -11218 15597 19587 33877 -10817 -16204 4385 20596 4961 11411 -2879 8284 49790 -14699 3428 6477 -36486 8945 257 -4598 23930 25764 -33343 35996 -14414 437 -20534 -351 -10715 19523 23829 -3703 6185 -196 5374 -17711 5017 4879 4509 9997 22381 -2448 7005 12261 1598 8907 4952 -10026 -7097 -22261 18425 13819 18579 -10353 7192 10109 10471 5385 -16212 -3028 1407 9209 -14754 -277 2958 -10925 -7332 7163 -10799 5750 -13064 -11557 3277 3090 19249 -16574 4056 -4541 -6277 3108 -10699 -13008 1455 -13529 -26597 9183 7814 -2687 -10332 -7831 -2436 -19807 -2220 15602 8915 -24657 -4886 -20739 26443 -11725 -3477 1574 -297 -15140 -7165 28599 4042 15444 20940 11465 3905 -3064 -17861 11973 15873 32893 -6534 13099 12840 -7346 -3189 1178 34990 -7907 2251 -21721 6117 27651 1681 19591 5303 -7298 3763 8919 -29235 -24753 -17334 -17869 9577 7936 254 -16161 -11902 -13350 -682 -13663 2966 9923 14278 -18327 -9474 4082 3355 10464 -12100 20517 2473 -20433 413 1408 -2060 15327 -24693 8162 5449 -34931 18963 5621 -12280 -10146 15194 5486 -5535 -6241 -7858 -28789 2775 16366 25510 -2874 -3982 -14696 -22536 17969 -10846 -15724 -26743 24957 -8301 11214 -5678 2354 -13678 2322 9495 -18475 -4831 -1004 -1466 -30614 25749 6014 15898 -12006 17434 3707 -30017 -6898 29945 -17471 -2988 -1149 -12225 -11410 10876 -23134 
8525 3501 23721 1712 3623 -16832 -7320 16516 -16373 3905 14609 4802 -3312 -30181 -6112 -3242 11717 -9934 -8210 1261 7023 -24532 367 10092 10083 23176 8111 -20921 -1207 7587 3042 -4745 -1149 -9020 44215 22505 6522 -22298 11530 10264 2555 7665 -8470 13238 -18269 -655 639 -8786 -25549 -16470 -18443 -16074 10580 20820 -6733 1537 11598 412 17525 10812 -11658 -19622 -43077 -28891 457 -11433 -1312 19153 9408 -27228 9151 -3232 1443 -2610 27699 -17764 21276 22717 12066 -26597 -6450 -7792 541 27006 -15286 5122 -19261 -2785 -6175 -22015 5993 16814 -3062 -22194 24050 2395 4765 -1717 3683 -3235 26465 15223 12626 11140 -4557 -39277 -27443 -8434 5659 -273 14957 -7678 4283 -1673 -12874 5865 2679 10538 -3882 18980 -4252 -1470 12304 -19230 -21848 -14466 7960 -30871 3129 13722 33344 14279 11606 11598 -22292 -4313 26515 -1841 -24855 19503 -30773 -15534 8744 12970 28440 -20575 18604 1293 13972 -13715 9884 -25868 13877 7770 -12894 -8687 -21051 -35871 -9381 -6419 7276 -1762 28895 21662 4161 8876 25991 20906 7793 -20259 2440 4137 -2174 -23092 1937 -2167 -10547 10017 3777 -32235 -4990 -8537 -26609 -18902 -13090 157 -7443 25917 -44027 13991 -4714 -18953 -7015 -1993 -24585 19324 1870 -5242 -9351 6110 28878 8743 1478 10242 8818 -4939 -8948 1756 19344 -6926 -6827 -12082 -9049 23041 -16043 -16203 17750 162 -9341 3257 -15004 -15887 -19349 -6588 -34538 -12357 -1735 1203 1814 11897 18160 4489 6863 23413 -620 12106 -9917 -14455 -22136 -22899 -547 -3805 7514 -15550 -12520 19783 -13083 12252 -17895 -18928 
2151 -10612 30006 18970 15184 -13592 -1865 -9469 -3124 -288 -2908 -5780 10043 -20801 -5790 -5095 -76 -2475 -22160 -15787 -26671 -251 11319 3172 -4287 -32327 -3547 -26120 9638 10542 26574 14806 1910 -16104 -11830 -10590 -3350 -23022 -7350 18567 11773 -4213 -17188 3441 5360 -15673 -2949 13896 -22238 3547 14872 4029 17189 10206 -4509 -23666 22482 -2707 -918 -2377 12487 10872 8865 -23020 690 7232 4695 19607 13667 27016 24362 -3650 -6448 -3400 1956 6132 -29384 20056 16182 21091 5344 34413 7343 28057 -15293 -4293 -12682 198 -14350 -10634 -19638 -3518 13017 25290 30814 -2100 -1305 4866 -9594 23370 6813 -5282 4178 -15020 14419 19482 8838 -17663 -4825 22554 7469 -17064 -9340 6643 2770 -22737 -5368 -12977 6270 262 -5398 3295 19233 13661 13927 10622 13994 -3258 21416 1366 12888 10246 21141 -4989 520 5022 -2114 -4913 -27150 -452 -3272 -812 26938 -1902 -10963 10168 301 -8832 21167 -28601 15125 -19893 -12587 3795 -2163 -10475 -24699 -3343 9755 -14028 -11244 -37256 15111 17282 -23265 19852 -24231 17002 9655 -8357 -5761 5332 -3168 -9013 7064 -4587 -19984 21307 -19330 -5519 6652 -2993 2287 21458 -3359 19594 5073 -12549 -15869 28480 -19053 -15561 -10761 11454 -11543 17894 -4773 -4766 -2238 207 9402 14015 2494 16131 -1574 3234 -327 -13688 7055 21 -14422 -6206 -16147 6748 -7669 27529 -20265 8107 -8408 -18654 -14062 -13594 -11917 -9615 6385 19042 -8481 1370 1048 8878 21554 -1458 2488 32399 7225 -1367 17176 -8513 -14308 -12840 -3561 -2745 -4481 24560 -10650 -8667 36063 5908 -3835 -48 
-18954 -10084 18722 2784 3845 23799 -9215 -6482 17739 -22685 -1608 -11908 -8142 40083 -15158 -11987 -11927 -36880 -3871 -213 -1371 -21222 12093 42263 -2083 4339 -24580 -28435 18744 18718 960 17217 6770 11990 -27404 -5497 -38478 -5113 -4257 -22947 23815 -21011 -23045 6851 -7046 -1089 -7011 24307 26442 -9567 10296 32510 -12387 4424 3653 -24964 -20626 17013 17733 7907 -2313 9623 21092 21083 10537 -9913 8969 36936 -13147 5969 2900 -15324 4369 -13690 -21755 -13440 -6851 -7425 -25629 16029 4469 -15260 -5033 -4028 -10107 -24812 -14318 845 -16707 -30661 -1137 4660 20390 26130 -12778 -23260 -4669 6232 -9971 13591 -3728 -2927 8590 12290 1642 -1935 -7973 10205 -12303 -11990 -17519 29364 2811 21022 8695 312 -29314 11747 -8559 -21213 -16513 1868 8636 -39249 -13984 8890 17618 -25919 -1844 -22477 5624 -14902 -202 18453 -18465 -23855 -12348 -21948 22503 15140 13646 6106 17126 2263 22240 13016 -30785 118 -21007 5299 26330 15053 -21101 23702 15478 30269 -112 -16549 34154 3376 20299 -21388 2492 15765 13717 -4240 7674 -1317 37343 -1071 -37265 23059 -1353 4687 3921 10185 -31610 8724 24072 12482 -29972 32431 32647 12723 -4072 -16046 12562 -10273 20709 -4871 589 -22333 29490 2857 -22457 14343 -1551 13496 25189 -2970 7844 -14491 -3602 -27248 -14167 -9559 9983 -16810 -11379 -8805 7225 -11528 1462 -38186 1270 -8600 24088 8924 1726 4974 -19165 35670 -38086 -34695 3087 -7598 18938 -19580 28577 4912 -11898 -20 20406 -19123 -2045 -28343 -11806 4863 28881 -9791 -34050 16920 10491 -25396 16626 -1578 32190 -3118 -8136 19038 
12464 -27011 32473 -11272 8320 5535 -10244 -6989 15057 1268 35706 3444 13765 -2105 14317 -7006 -18590 -8416 -15109 -14567 23253 -29435 4738 1040 -18089 -12453 643 -28748 11837 19581 18495 9669 6606 4571 3849 8719 -31223 966 -5078 -5488 19077 -5511 -26902 22358 1476 -6607 -8576 22366 -9310 -16037 23274 9027 3147 9090 -11155 -37881 -17009 8647 -17765 -21115 -20969 5079 1991 9630 17271 16831 4227 39083 -1405 3004 13800 14397 -5665 13224 10571 -27775 -19616 4148 6047 24932 3982 6221 25207 22818 -25805 -888 -5153 13471 -17012 -26763 -2073 -1452 23768 -2588 12602 -319 -16718 -9161 -17118 13880 1965 17524 -477 29292 3552 -12085 9236 1210 -18629 -6106 17534 17541 -15324 28871 -19673 -8081 -5076 -4560 -11981 -27488 -6264 -1659 14928 -12135 6465 17280 11461 -30486 -1521 -16369 32005 4016 12129 13040 -1296 -28793 -43 -1841 -2204 10464 5494 -8835 3699 12773 5316 -8997 -8671 28504 -11043 -31762 16475 -11965 -7626 14647 -10300 -2304 -2916 -20827 33543 -10660 25725 -24582 6893 23568 -11931 2843 8022 14404 -242 -17399 795 -10961 -15840 -15709 -9264 -7596 -13786 12846 14036 -9931 -3563 16413 4607 -5173 9978 1098 10304 3956 -18204 -6571 -23263 -29531 6339 11966 -44063 24733 4337 2740 13536 -28491 20522 16347 -5594 -5985 11150 18045 3986 -34900 5852 2323 7263 19367 -30190 2272 -24393 3425 1417 12999 446 -1760 -8151 -10206 -27127 -8366 5404 6284 22887 -1926 -5745 4192 14200 -8184 3632 -1595 12543 -1540 5775 -20374 -3213 -26759 -11632 -6338 241 -10441 6632 -6693 14555 52790 -19955 7053 
4972 -26673 19090 26357 1794 -24926 11573 -2962 20082 6275 2655 -5165 24854 15251 -7381 -20451 3504 -6576 -16901 -8226 -15721 -2486 -4182 4368 -18471 -42145 -2013 10345 14275 14953 24044 -14886 24845 -6254 -534 -2861 3777 4352 5027 12686 17594 10491 -1016 -325 1803 2425 -2184 35900 -21320 11868 -13820 -14498 8088 16283 -288 -2403 19871 -15147 -5980 10371 75 -25056 -3390 -2427 -1411 -16590 4070 1969 9682 79 11252 -1330 -11332 -1132 10993 7811 -9983 -8019 16633 3362 -2805 39872 -4600 -5493 -18373 8492 8599 -15286 -21412 3794 -2824 2597 -21279 5118 8569 2049 8241 34849 -35459 7850 -9174 -271 6841 -5500 -19036 24278 23360 -25638 -3303 9723 23285 -35855 -12676 24945 2282 -3239 7903 -21731 -5263 -3212 -19074 -12972 -17946 5814 -3207 18509 8669 -2238 3010 -16140 17251 2794 -3185 -10727 9637 -21180 19247 14328 -23629 -12406 -2894 -20802 24337 3963 1905 7376 7455 21674 14721 -22148 11697 2429 6941 -5025 -24907 13333 -26479 -555 -7587 -24524 12530 -18290 -2463 18923 -4926 9134 24792 7759 4176 -1971 15025 2013 12877 -38460 -5990 -22602 17401 -9522 -34105 20794 -10849 -15087 -2344 35599 11425 -2229 9255 -8399 7180 -11404 -4390 28474 -452 -1219 6823 5030 -7430 -4273 -17753 7729 5013 15859 23652 -865 21671 -6771 6327 -4662 7230 -9244 7698 -37971 -17030 12884 -10086 11552 -1471 38215 5666 -6164 19670 -25732 -3201 1947 16500 -3566 -10602 10139 -24730 5268 1833 8902 5729 25792 -12803 -27685 7490 1626 -4173 -14454 -1515 4543 -21918 37225 -7096 16509 24144 3877 -4992 4391 
1753 -4828 -13132 15211 45152 -14387 4774 -17118 14362 15297 11665 -29093 -5187 560 -12883 13760 28098 7378 24186 -33241 -8647 17966 6158 -22420 -17048 4368 1981 33890 -27968 -41729 -13675 -23585 -1285 25463 -18879 -17031 13297 9439 -3747 9351 12231 7141 24331 5512 21839 14501 1542 -2146 11213 -9 -29147 -14048 22675 -15443 5228 7832 -10961 26011 18569 13462 17155 -4281 31357 11147 10197 -4391 -42090 -9060 12317 14326 21644 -2981 2210 -1931 -888 -1825 -2508 -36406 1041 2515 16791 -3052 1911 -19075 21070 12018 6404 5132 15523 8798 -10317 19986 -10238 9339 -2183 8551 -7217 17588 11388 -19766 -8007 -5201 -2435 -24784 -15013 27244 23050 -9639 11648 -16928 12174 16094 -16314 -38657 29266 -11375 21602 -15247 -22189 4989 -27364 14402 -36513 -3993 679 -26785 -2279 3090 -7159 -1204 -12369 2883 25245 -22729 -23561 5556 -9476 14967 17558 -12346 25612 12726 -15861 8946 -14085 -7125 -29060 -18352 32929 599 13823 4254 4162 3070 23939 12262 -10050 5529 -24272 3398 -7836 5933 -21334 -8772 21773 -9181 -28989 11803 -21554 -3453 17555 4018 21792 18448 9529 12145 -1137 -4479 14977 15173 10153 28974 -9742 19262 -22586 -11352 -30270 15150 -1156 33409 21692 25076 -6992 -7352 9281 -457 5685 -24773 -10021 -7836 -24072 -28019 7300 1375 17533 -10742 1642 6068 -6347 -10646 -17492 3183 15443 -17003 23467 15624 -37277 -14228 13501 18 -18606 12951 33671 4215 5727 -11025 1456 -1391 12753 -5537 10641 -31621 -31905 -11619 -5164 -26895 -15613 6230 9323 15061 -16283 32217 12985 16532 4413 -10352 -25446 -22809 1937 2741 
-10998 -7209 3290 20014 -13334 34787 -17876 -11065 6263 9349 -9863 2847 -31815 -8481 7750 3025 -17943 1759 -17321 -6380 7343 434 -13236 7257 -11101 -9200 15646 -6408 -7372 -5065 5746 -29617 -5622 -12245 -8126 -15795 -18409 -6453 2882 26941 -12284 -7343 16379 -1118 -2650 7138 -11154 -1793 2378 25221 17923 -34041 -9227 26398 17555 -21540 -16730 10591 3070 1917 4756 -15033 -3631 -13150 36402 -3356 -9670 -8849 -8448 20342 -5331 9209 -28644 -5736 10276 14628 10034 18957 -14096 15420 -6567 18935 -9789 -7886 23964 11153 -6747 -7190 29622 2662 -11410 23283 17012 -1283 -21372 -18531 9222 -20503 -4887 13883 -25491 -234 -19644 -13094 -202 518 13613 -4561 -11688 20652 -27288 7113 -4276 6843 26522 -22146 -17043 2730 3729 -1570 -11263 -8775 -8356 15817 2653 15483 -5359 -14753 4709 -32870 -3631 15028 102 -564 9126 -12545 -19032 -7548 -17009 15211 -7095 -91 3864 -4850 -5235 -1363 -8744 14722 34744 21533 5858 -17119 -10616 -15406 -18110 21625 -4414 -1304 1712 -24841 18963 28445 21483 8185 13335 455 2228 20059 -9745 9370 -8093 11302 -904 12854 -10737 2929 -221 -13655 27441 15987 -28619 22920 -18580 -21035 -36141 12041 765 22566 121 12765 -22762 -13470 -1038 27965 19590 -12663 13326 10003 4254 10410 -11240 11545 12095 -6982 -3019 -1831 -1102 -996 -17056 11649 2092 -7928 5144 13479 11564 3512 -12311 -9158 27589 12368 -27331 -16573 -17801 -22229 4802 -26045 6677 -4088 16564 14156 -13845 1207 316 -1150 -2 15759 12002 -12124 -8980 4229 -2786 -9699 -46084 -2865 3289 -6027 19605 -19359 -12210 14149 
277 1146 25815 21067 27253 15341 16924 142 22102 -151 7201 -7906 -4420 483 14966 -15278 -18029 -12857 8619 -18656 -1944 -14802 8384 16563 -4506 32009 -697 18165 13437 -10429 21021 -2562 -6155 329 15752 -14004 -2281 -9330 -11752 -3770 7688 -19692 31024 -6799 -1845 -13579 -8523 26150 9625 25126 8574 14709 19058 -41722 9637 3701 15404 -21371 8311 -13887 -1680 -4171 -4385 -10099 -11671 -7573 -4203 18042 11043 -26163 5541 -1966 -20696 -29164 -14506 22298 -7479 8920 12895 8327 -7479 15755 2021 6443 19903 -13955 17346 -2295 -7722 -13551 -7715 -8615 -22854 -5111 8853 -16391 -14143 -22721 -7309 4946 1921 6597 12080 22860 13374 3672 -17252 2079 11510 17706 792 -4694 -16513 -19118 -6385 -10728 -5445 -17561 -8918 760 18989 -3092 9525 -16154 -20380 20582 3275 4926 24849 -2428 6251 791 700 -22138 -25080 36485 5086 -18383 4456 -26001 8412 1277 -16139 5334 -3198 2516 -5123 -15544 -1496 7314 -5979 -16898 -27423 17136 -4413 51 36074 -21971 8117 18 265 -17017 -25754 -3794 -18468 3746 17315 -13913 -14076 -22809 -2351 27448 10819 4775 -14138 -29676 70 5455 -26955 -14598 1258 -23471 -6676 -2712 -3538 10277 -26171 -10223 -9115 -8842 4041 12360 14492 -3679 -3009 -3841 6101 8723 -18636 -38715 -19629 -13484 45281 -9536 -11708 16449 -9688 -7391 -5098 -7013 -13430 120 27373 -5644 20324 -3092 -19424 -18693 1075 -43415 11743 -11890 -28102 -8364 -14436 -26499 -22581 -980 -21747 -28525 20500 9045 -13410 5682 13028 23274 6155 11033 4668 8014 23115 5035 11477 -10966 -29241 11566 -152 -21918 15449 9748 
-2596 -126 9660 9231 -21411 7924 19496 8544 10203 3105 3385 -13095 -30993 4745 -16149 -7138 -7577 37919 2624 -3190 -35995 17877 -34243 -4661 2063 1660 28781 -260 -27077 26 -1354 7406 6273 16657 8608 -834 -5854 4932 -4244 -6955 -4121 -2412 2651 5691 -11902 27220 0 9991 31674 -13175 7787 -1404 -6240 1282 12793 20487 -15852 16244 28843 18791 -3365 9084 -11742 -16818 23309 -17478 3571 8470 5975 14238 6188 5797 5652 3686 20101 13255 12625 18614 -4586 880 -18421 23647 8586 14785 8576 879 -3436 -7639 -15138 5360 4390 -9622 3947 3996 -19474 -19753 -1146 -24437 4805 -30292 -9096 -2951 -10623 4673 -11013 -11475 8690 8795 -26187 33717 1127 -38711 -12894 17281 -26502 -13290 -11118 12018 5513 2522 13485 -15437 33482 15556 -18399 -9264 477 -3710 335 -10077 10662 -21657 18121 2876 -26201 18930 -5739 8430 26 -8954 9973 14611 4278 25163 -2366 -18040 15651 11505 16868 -19245 -6216 -21955 -6641 -8328 -2831 -1651 16561 18774 29482 7177 -6709 24407 13178 -3203 12754 -1793 19520 12273 12335 -37514 15571 9137 3641 14409 -14647 -15362 -18360 -13227 -17690 22047 10861 20402 -6731 -5172 9143 -7315 13382 40430 5662 -741 354 -10150 -25 -12738 1051 28659 -10748 31279 12591 -4552 -4437 4241 -5243 2466 10651 -7417 -8862 -8776 -6987 -2946 -18438 4060 -11719 2209 15823 14213 -12773 33823 -4066 -9260 -29957 3167 -30048 4595 26716 27674 -19390 15979 1350 -3876 -2406 -5387 19937 -4860 10662 22710 31479 12501 -15669 9944 24982 1947 -4553 13786 3808 11380 2003 8856 -7841 1006 
9016 -6020 8200 -6059 14251 -24874 -16993 3804 3063 -17903 8643 33799 5218 211 -8886 11365 -743 -10555 16986 -13629 13848 -1201 6973 -14120 2221 1613 21457 -17087 28346 -12058 -1776 9459 4119 -23367 4739 23550 23351 -22124 29114 -7159 13397 129 -5179 3435 32734 -31557 -9265 -2038 -10174 -14260 -45240 -2137 9633 -5477 -26034 4557 1598 19865 -35718 -31076 -6406 5589 -17703 9936 -31066 10265 163 -16974 964 -9178 -2476 20711 22637 23956 2951 -21229 -3561 -4208 3977 -5937 43522 -8155 3716 -13786 -25631 -18799 -11688 814 9378 21238 -9656 7895 13864 13187 -13978 24327 -4632 136 -18233 45111 3193 17851 36454 -33083 -708 3947 8113 -8074 5241 -1008 7706 21067 2790 -35121 1444 33525 3051 -3211 27228 -570 6315 9096 -6986 -13210 18391 13 31054 17858 17110 25495 42827 10856 -3988 27066 20372 -32546 10112 -24286 -8416 -8103 -13339 -8580 -32541 -15893 6058 -9521 -17431 -28036 -36881 634 -5269 45703 -11435 21796 -45244 29733 -13273 -17657 -12966 -3381 -1426 4765 -4063 -1589 -3003 13529 -16818 -14387 -27424 14846 18221 -6754 -2761 -16650 21460 17039 14816 40071 -10166 -2022 36197 -9510 2555 3547 1562 -8490 -6793 -21517 7035 -37076 3397 -2535 9099 -14850 23792 -2919 -9747 5690 2121 36807 9867 10725 -22204 44828 -30040 3335 14312 2571 27310 -11279 -20603 2121 1585 -26833 -15711 3252 15636 -25884 -8633 -25840 23604 -11768 13882 698 -9986 3765 4508 -20359 -9367 -1780 7034 -672 -23362 -16463 -26642 -14200 -4973 -8563 4998 -1190 -10960 20527 28090 -2718 31509 -3671 6007 381 -7305 -14059 
-12515 -18279 4219 -21011 8986 -7778 -10532 28052 32459 -5077 -3829 -2425 -20699 -43594 -6800 8175 -4680 10906 34373 -3831 5125 -11562 -9692 -3926 13510 3349 34849 -31512 7623 -19670 10959 -12196 -7111 -27806 -8366 -5738 5397 19202 -5611 14028 -6522 -7877 18301 3084 8631 -33014 -21374 9577 28397 5406 -22521 -2877 17713 -8237 -28026 -8745 -35638 18172 -6769 -16530 10263 29244 594 -5829 8271 9755 -21644 -29537 13057 -2084 2632 28956 9769 6716 21706 33058 26086 1388 -9630 10037 3210 32093 -24832 11903 -7551 -16490 -4363 3700 13164 27480 -16894 13781 2833 -8607 -23778 13104 -4877 -22921 -849 13011 -13499 14220 32123 639 -6388 -12388 -1576 -24484 -26274 9571 -3426 21135 2720 -19859 2357 42316 15581 19916 8350 14532 21254 18854 -17490 3853 25762 -1405 38140 6956 26058 32341 34281 -9405 -44216 4983 14746 -13959 13710 -24096 6414 11954 -8483 2983 -22331 -21370 965 -40436 -16594 4571 -7958 -14446 -30524 14220 4969 17796 -36877 5259 32301 -36278 -3312 -16020 9371 -1887 -10969 -18989 3387 -34228 -35089 -26376 -22828 -28229 -3112 -754 11771 8901 -6173 -3699 8396 2847 2254 -5587 8369 25009 5025 -2950 -5767 -9199 -14926 4894 -291 -10448 -8621 -763 -1002 1374 -483 10010 3727 12431 -28174 11288 -5536 18744 2193 19411 12760 37407 -2756 -8044 11345 -10370 -39688 9427 -22327 -23176 -3777 7659 3102 -10416 -12859 -37434 901 -25095 -26704 32172 2837 -9343 -27194 -19708 -23736 -19804 3025 2978 16501 -31987 -13166 16544 15672 3309 3827 48853 -23955 7059 -4160 -211 -3107 18568 16707 4671 -2122 -22193 
-34602 1669 -21959 9496 -5429 -23220 19595 -6138 3354 -1658 -3062 483 9043 16482 6232 1115 -7292 -8331 2277 -5975 2348 -13216 2412 -10142 -21213 9162 7210 8268 4957 8545 1390 -3787 -6599 915 -11574 3985 9680 -19531 18316 8713 -2761 -13122 -14134 -12539 6829 15356 -25 -17680 -14135 -652 -3478 5595 -7664 -5524 19714 5163 25015 3994 -8475 11512 -11126 -13664 -22079 11969 -7918 -19423 12512 13786 3794 -37107 -17567 -11990 9915 27743 6015 -9300 1493 -960 14289 13432 3989 -18508 7768 -5580 -19696 -4095 -11395 -512 -2819 3666 -2252 8533 10720 31615 17835 6892 -2270 11072 12805 -9086 12281 14948 -3086 -5273 -14055 -17491 8475 26804 20745 -12736 -14308 -19651 35073 13237 292 647 -34238 -30690 11682 24130 24836 15471 -1633 -4032 -8177 -15518 3233 21048 -12445 8018 17778 -5344 18601 -6729 9003 -6262 -2750 -13366 2479 -30794 -3976 -9612 -17214 25267 -19326 -1894 3470 -91 -17240 -1343 23080 -4201 18367 13865 1538 16863 -3603 -1545 7422 21857 -17497 -13690 -3921 3409 21305 15259 -5216 19681 4251 16486 8553 -17571 10081 563 28380 -7592 17619 23122 -8585 -17030 22017 -31794 -2567 23501 9307 9089 14978 -2542 -3232 2536 16632 -12511 4693 -12520 2089 -1021 4265 -7246 -4971 -18860 -16207 -26838 -7006 2569 14495 -2227 31171 -23453 20827 2294 22350 -692 24045 11872 -14551 -17484 -7167 8460 1856 -23345 9967 10051 15903 6930 15043 -13126 9411 -11400 -15871 2783 28164 10098 10482 4075 -11975 -1588 -9761 -10280 -9576 -10157 2356 32447 24515 -1411 -24926 7297 9486 -8682 -1621 -23744 
10891 -44370 19260 -43037 14006 1319 20527 17755 11089 -16957 -39970 -17416 11040 -32473 21366 15517 25597 -2782 31680 13316 24261 -18762 44993 -65 1408 5140 -20265 -12915 -9900 -24659 18103 5270 1272 -7585 1378 -37473 -8905 46984 -12061 1437 11126 41234 28920 17073 21497 -15056 -25268 1733 -9676 -1431 -9138 4735 9452 14922 -13850 -9014 -30591 33123 8083 13932 -16855 14667 37222 -7219 -53204 28636 -16027 -14083 -7158 17706 17741 -7156 -12238 14980 31131 -6978 544 -19926 -20230 -24036 13041 -17087 -6972 2276 -16374 -16161 -9141 9541 2460 26261 996 -1355 4955 -47927 29259 -1582 16322 4946 10140 -9016 15007 -457 -1181 32737 9616 30945 -29335 11692 -13652 -19737 -8680 -1306 -13304 -19229 5704 28051 23093 -1968 -16237 1623 -2862 19591 7887 4414 23951 2518 10300 2903 7937 36221 -20255 1700 -56841 28804 20769 2106 11340 14180 -21449 3552 -18262 -4510 20614 -33726 34929 8393 -11635 -4267 -16166 -8288 -5324 4512 420 -26916 12535 5018 3735 12332 -17744 -2227 -17084 -31435 -10671 -5569 3751 -26194 -20410 -52204 1964 -5677 428 -11401 -1456 2311 4933 -708 -22489 9871 1739 6342 -14469 -428 22736 -26229 16009 -1008 10841 -17716 -886 16429 8081 37238 -27937 -4843 -21513 7251 2876 -4566 19511 8874 2094 10073 -1745 -5956 -2889 18993 12458 736 24345 2572 3395 -3210 -13723 -15318 13884 6057 32234 18313 -14236 21040 17537 11639 39247 29647 -2035 9987 4332 -9383 5634 9398 -37446 -9326 -2242 9984 -30401 -17177 -8341 13293 -28710 3954 -13675 -3237 -748 -589 19969 -16171 -14462 34017 24938 -6549 
-9222 -4131 24689 -13548 -10701 -14620 19014 27274 8619 -34320 3835 -37336 2368 11105 -2181 34 -527 26149 37962 20935 12814 9241 -3009 -19282 29802 6570 -14384 -12427 -7885 -20580 16743 17680 -4966 2210 4134 -6648 -14847 12479 7487 -10459 -4402 47560 30714 -26455 49 17552 11389 27404 10816 -24179 2545 -12990 -15777 -3689 3260 -1107 -24902 11592 47482 -16331 -9816 37247 22172 -17182 17412 18255 9640 -7987 -13492 -934 16012 -6089 -6271 32338 16107 -17673 49706 6848 -2709 -27607 -6949 -3703 -9555 -16622 -2614 -7258 9443 19974 5747 -8616 6318 -2186 10102 -33448 -6396 -15403 6804 -1714 16915 -39633 -6620 12237 -4327 -1237 -6223 -17582 -13090 5445 -10924 22 -35154 -19364 1825 21098 -4207 23176 -7471 31654 10726 14589 -7780 9452 25233 -6113 -10627 -12448 20079 -18655 -31938 7853 4123 -15307 -20446 7326 7880 24782 2466 2235 -11325 -14824 -18578 -9687 14198 -8132 21784 -5327 -1905 13406 24699 -22867 7889 -956 5682 -9469 -4709 19057 -8086 16165 9533 -3907 -26700 -3792 22039 -2574 16449 -11474 -7728 1283 -9312 -5296 -10291 -6207 15226 3960 -22084 -1626 -33956 -19745 -4745 21898 -11872 30906 19481 -14598 -13364 -25102 -6986 26320 16783 23760 -6678 -7145 15640 9906 -1951 25909 10214 7855 24080 -2459 -5968 5469 -50151 -29614 14176 -33713 -15815 -19312 15057 16066 13671 24296 -26152 -14884 31781 -7654 -67 21138 -2646 27246 -24352 10970 -2860 14310 5430 15243 22705 12798 5021 21685 -23628 -7571 -15821 -3903 -31842 -10796 13278 17843 -18391 -8092 24872 19368 -18424 11425 10946 8597 -19763 21983 16233 -35722 
-3107 1811 -2557 6877 9772 2406 -30358 2137 3215 6411 13946 12642 24047 -8745 10737 -22855 11460 12954 10172 -3396 10248 -21385 7495 702 26113 -27818 601 -10568 14803 -607 5363 12593 21566 -5235 -12187 -5137 -4263 -6869 7163 -658 24233 884 9960 -6282 -12053 -12410 9568 27323 2399 -6694 -18545 6074 27029 -19753 -22554 -37924 20991 -12428 1949 -30456 16186 4759 -16753 10423 30631 1558 29958 582 14993 -7018 4031 4018 8912 -13586 -26620 30414 13051 -14583 -1317 -7865 -8540 22877 -17125 -21841 2074 963 16134 38734 9725 -36673 8641 -185 -8034 -12632 -17223 16381 -10554 -16206 5730 2685 4988 7089 28500 -6851 1592 -8812 1239 -18295 19171 -3153 -20005 21801 10694 10057 -11988 -806 19689 12197 1153 -26403 -8993 29896 -10250 7087 6096 -6618 9218 16859 4573 1923 20991 5448 -21215 -17882 269 20030 6259 -8076 18689 9149 -22519 -16912 -12832 -10922 12231 3952 14066 -4067 -9863 8070 -10097 28422 -12270 14806 -1520 -2830 18873 -13049 3356 -17669 23915 12075 -22910 18958 -26048 20158 -5065 5835 -30019 -28722 -8460 24858 25816 -26545 -8617 -14874 -18018 6064 12075 -8437 -11138 9931 468 -18800 -24084 -5606 -33268 -9346 -6524 -11984 7846 -14076 26038 3937 3265 -11933 -11363 -10087 -32790 -33277 2345 1967 2497 -10563 15885 -5994 -11673 -301 12567 6875 -23623 20677 -8633 -39079 -522 3148 -490 2676 -7065 -24409 10746 10462 -19035 11173 -9979 -17232 17177 9710 -12898 -19769 11342 5233 -32604 -15375 -17552 22013 13422 18377 15852 3280 -5574 7639 -5268 -18868 -8522 -889 -18029 2532 -5789 14530 
-14771 -11452 12691 3800 10862 15760 6145 24020 8574 -8435 -21533 12975 -10546 6264 4208 8636 13980 11780 4968 -21248 18170 752 7754 1066 -9517 -5610 -5522 8101 4281 7379 -7575 8429 -22 23224 13915 -9342 -7450 -10352 2005 -12118 4747 18 -9583 -3657 9691 -6679 9275 14931 9435 -384 1688 -25165 -14945 7446 23940 19458 27196 -1220 4245 5244 7787 15676 653 -133 -6870 -23858 7722 20839 -34614 12213 28275 -4779 13820 20614 -11652 10964 -24785 18499 -11855 -23173 11918 -5722 5705 -7463 -1987 -18600 6666 -5099 -9099 18138 -11527 -3563 -9411 22328 -5594 -3826 -8647 20689 21174 13585 9742 -3346 -11550 1550 -724 13069 3191 30075 -10369 -7034 15370 -25284 -23849 27304 -15296 -19448 -31725 4235 15400 -7978 -23655 -947 18647 -7732 -17894 12653 16224 17420 4964 -7343 -12194 20632 35874 16647 -15192 12261 -5947 12340 -15675 -30819 5042 -6134 -7394 -15450 11184 3168 28900 -3854 13982 -7784 22284 -890 -17550 -7523 22679 15801 4475 4514 1543 20378 3374 -10117 8596 9888 -9690 22487 21086 -3291 -8993 -15717 -5252 -3437 -19921 -13735 -3787 10591 -8964 -11775 -15381 6045 -4146 3601 5478 -21736 -7025 13783 11695 -8170 -5317 -3568 18661 24775 -1981 -1238 11343 -13033 11675 140 29530 10676 385 -13163 -12821 -15248 -7427 -4731 15321 -6442 18010 -16993 -5081 -12594 5172 -763 1499 -16983 10015 -701 863 -5630 17742 -16670 7992 -19406 -4928 4394 8825 4985 16712 -5411 -173 -18815 -14934 21421 8302 -23596 4918 -648 -2734 732 13386 -3883 16485 1105 7993 -4121 -27294 5959 -1371 -2478 
7469 -21988 -18927 5124 12022 225 -11177 -2466 5828 13911 19399 8764 10055 -22532 25088 -317 -11444 -4051 -2152 1648 -27312 -14115 9537 -15948 22363 17875 -16113 -33575 -3205 14370 -12516 -3958 13734 -29303 -6465 19409 501 -8271 7103 17518 12962 -9311 4358 -100 -17179 -4906 10121 -5815 326 -6061 2243 15485 -9992 -21050 -13307 -15915 -28733 17896 11496 9709 21422 16811 -27465 13672 19591 28568 12614 -11750 4195 15398 -10503 -5155 -3233 -13370 -18445 21760 41721 -18003 5687 10662 -2623 30069 -9508 -16439 4987 2766 6282 12686 -12994 -6916 11826 -2459 10410 -17006 -8519 4808 19337 -44564 -38402 20341 -6483 -6036 18235 -10368 14066 -44441 16874 -17270 9363 -11182 -13683 18625 2518 -11512 5339 275 20961 -1761 -18078 10161 36609 1858 -19922 -14935 21609 -14681 3107 -11658 -19194 9403 13342 -16569 -26563 8085 11033 -19679 23959 -4331 33958 7754 -11142 -17780 -15099 14154 -2998 13173 -16704 5996 -4647 -8891 -43274 -21544 7436 -11253 -12721 10708 6908 9547 -14763 -2366 5480 4847 -33836 -2368 424 -31121 -6492 6374 -26903 -1122 -4251 8168 1261 14318 -6496 -26348 -15408 10987 -5657 18564 7657 -1957 1746 14246 -16072 -11968 -5545 -9433 8576 -16484 -4644 22795 12350 -17981 4892 15467 -21419 -11474 -29529 1334 2678 18346 -3576 2088 804 -12249 -22625 -6454 -103 -3550 -35863 6633 1194 -4864 1483 14527 -25573 17584 -18670 -6257 2595 8972 -13500 -726 -9926 4674 -3223 15572 4135 13180 22637 22687 -7397 -12766 -22852 1550 10290 15942 -20200 6923 -11320 8592 -9870 -28977 -3910 9655 -7433 4640 23663 -11887 
-17259 -18663 30454 -20802 3986 13110 31848 13788 10242 -4569 -16987 -7840 20591 -29372 -11186 16356 8647 -16353 4142 -2602 25705 -2177 1829 15726 -25552 12355 8072 41113 9055 2972 2867 5309 -10839 37851 18683 -27852 3454 7060 -15500 -19478 -23971 -10116 -6160 1153 9666 -9379 -27941 -1599 14246 6646 -20935 8597 23476 -14740 7392 15515 16207 -9429 -8615 14555 -13501 -10766 7563 -22171 -40546 -20061 -21064 32050 -5457 -7004 25462 641 -22836 2791 -1804 2626 -38085 7528 -9847 -6768 7700 -7452 8988 -9946 -22852 -18396 5094 -12487 -6115 18061 299 -13156 -21817 5832 16801 -13604 -19106 10420 29498 -4724 9230 15641 -8964 30796 -3528 39303 -31939 17169 -104 8577 33271 -9385 -12109 -6642 -23747 7553 -20853 -18546 20522 2729 -14407 11859 21368 15059 -3205 22111 5941 20527 18550 3087 -14559 -7960 15131 3857 -19703 10225 -10338 -8925 -27810 -22264 -6270 8695 36818 -35387 19065 -16748 13896 -27446 4033 3618 22385 15030 -24277 -5285 -13971 -5141 15841 -17860 9794 3476 -1586 -13136 13704 10628 -611 13391 12091 -32347 -8444 -19621 23597 19569 3385 -25153 6597 -15545 5513 5413 -22661 -17310 197 -28234 -1708 -13377 28141 18034 10695 -27511 -9155 -11963 22602 11168 -18717 -13659 -22784 3732 15901 3728 -8807 1778 17637 -20963 21538 -12707 12798 40147 34001 5515 8954 -21145 5612 -35445 25615 3272 6244 -9378 18704 9401 9340 -29904 28300 -17903 4222 23177 2208 -10413 3056 -8029 -15970 -26938 -10136 -3271 19044 18672 28591 -10557 -11056 1364 21738 5528 -6966 -13091 24246 18943 -19874 12073 8728 3895 952 2921 
-32404 14551 -8931 -30060 -41099 776 -34182 -4287 -21578 11588 5390 -10573 18169 1406 -12366 -17840 18867 9185 -5665 6494 19115 8690 1799 5105 17988 -52575 -19570 -11060 -15487 -9583 6015 3911 3999 -7299 -14937 -18822 -1888 34309 1965 0 5809 21010 -6599 -1806 -11235 15974 88 1795 -8413 5621 9118 -14246 -2926 28913 -2925 -37388 11792 -21381 16720 -6264 -3130 -7671 27009 -2705 53849 -24227 21781 -2456 22630 25621 -2320 4294 3241 -7440 2902 4142 -6759 -2768 -23186 -13803 -19607 30707 5032 -3648 -8890 17298 -4612 43199 1068 -39250 26846 -2673 -14396 1390 985 476 5009 21449 20281 -35090 6429 -2847 -20124 -744 -17567 -9421 4816 -12745 14227 -4927 -30330 -5028 3304 21341 2769 -420 5575 35101 -14313 -18946 -34318 29658 -8799 34631 21818 -9553 -15222 -6743 -16002 -10211 -7014 -2852 -13212 -17443 24093 20075 -19227 25137 849 49854 116 -17234 28233 -22121 3805 -747 27655 11176 29977 8148 13581 25508 13453 -12063 28585 -34704 -22487 1235 -9001 -21414 28485 10678 9696 3857 -22088 3035 -13763 12506 19942 -8211 -29723 -2541 15015 -11231 -7425 17560 839 -6956 39350 -21014 -25564 29754 -10728 -30114 -23199 -16667 1783 10053 12339 32775 -4440 -26719 -8528 7827 -5768 -3791 -11376 -6089 -3935 -17377 12987 9747 10819 -39021 17339 -15079 -3101 20684 6 25154 2659 2717 -20335 3997 1115 -10206 23920 359 9358 32657 -20210 19616 -7794 19673 11708 3034 18386 13138 19287 26437 -11488 -2818 -91 -6272 12212 18222 23707 -4696 18657 -4953 2247 -16311 -42441 -4245 416 -16172 2213 8598 -28480 27863 
-11065 -11255 2799 -4621 18446 845 2793 21938 -3317 13637 -17635 -11800 8418 -26154 -10198 24434 4867 11018 9079 11016 7835 13292 3797 -11796 -3959 2141 -16174 -6614 6523 11024 5293 -445 -3005 6890 -8715 7751 20921 14957 -20521 6710 -12641 -2501 -22622 3252 -5415 -17722 92 -2170 1138 8652 -9881 -12978 -6902 -1833 4925 9831 -17302 -731 2488 12990 26235 28482 6750 -21235 7661 3763 4471 1902 -8547 22298 11537 -6852 2988 -927 -3636 15881 8800 4321 -6810 -3877 -9276 6322 -11193 -9648 13666 -3811 5260 9968 -14362 5763 -2924 -7041 -7009 7929 -10828 1372 2265 1761 -7819 -3152 -3614 9705 307 -4098 -8167 -17101 11400 8860 2329 -16700 19455 2834 -6880 -4010 8281 15126 -11219 7519 -5229 5110 17748 -10662 416 65 -12265 12268 1623 -15284 -14904 -3497 -17738 -7639 9507 18332 2157 -8304 -4533 -3160 1932 11998 -6313 9722 8661 -17776 499 -13225 14501 10147 6946 -3124 -28523 -5037 8291 7174 5162 -5354 4513 3503 -3399 -356 12010 9742 6775 -10871 -11865 -21241 6141 -4554 11754 -2559 46 -8724 3682 7813 -7292 11308 -5850 -15449 -6738 2806 -14637 8991 6174 2016 4741 -10827 -4793 435 7464 5456 -9909 19530 -4758 17297 -8889 12064 514 13969 8091 23010 20032 -1778 -12772 -4874 736 -8217 7922 -3999 -11824 -18517 -6797 19681 -23603 15012 -5724 -4271 -1647 1336 -2888 7305 2656 -24368 -8287 10692 6819 18587 -11386 12462 16108 20531 1268 -13716 21073 6226 4883 -25441 6900 -5538 -293 -10470 -21797 -27287 1017 -7649 -9138 17590 12052 4733 25802 -12442 
8668 -8843 4898 1975 22671 9505 8636 -259 13263 1352 -1161 -6247 -26941 27132 9862 2187 -8110 14984 1120 -23684 -6426 22284 -5886 5623 -7491 15922 -532 -986 4582 -16593 24900 9133 1645 -2581 -15638 -12375 -3349 495 3114 10535 795 -8944 8848 9552 4380 8002 -11651 8422 -15191 27210 8477 -28143 -16521 15119 37038 33880 32086 -8202 8398 -2877 8365 20179 15821 -9560 -2705 -43711 10171 17510 -10589 -6313 -12505 -14933 12819 -1045 12618 22022 -25759 5952 -3485 684 -14925 18788 -6723 22004 19628 -1826 5246 -8251 -11824 -7759 -10152 2459 17531 21402 16753 -14561 -14694 -9764 -8428 -11253 21060 1689 -18714 4139 -13276 16442 23542 23456 -4280 2539 -12188 -18191 16083 259 -8747 -13478 -29591 -22004 -17125 14470 -3884 -15113 6279 171 -28040 16115 2951 -4107 -425 -6906 21314 20643 21466 366 11835 28942 -25325 -25317 3354 -15931 11278 -9419 -16333 17908 1797 -2495 -12937 7337 6578 -3236 19820 -19610 -11610 -5735 39029 9898 13515 14147 28767 13221 16997 6694 -23085 -4673 -31123 23414 9495 13691 -599 -11732 -10054 2295 6441 37675 -19350 -3924 -7208 -5692 -16859 8493 -4089 -5872 -10445 -10716 -12526 3640 252 -2106 -23965 20216 3469 -10726 -4439 10079 -2594 11424 3529 9608 18741 -13948 -30697 -22182 19502 -9316 -15355 -22509 -30182 1458 -17105 5133 11348 22072 -18975 -8186 8956 -10055 -22454 -7919 28621 -17954 -17426 -11544 -18055 -20621 14065 -867 -30865 1923 11424 9044 14521 -16614 2369 -2064 9535 29240 -3832 -20582 -14000 -11090 13661 -678 -12569 -9247 11056 -21035 -18358 -20601 -2843 13162 
5303 2802 18769 5348 -3740 1892 -3760 -3158 1354 -9708 -2230 6976 -27215 31493 -19567 -15928 -1489 -18453 31816 -23210 -8652 -12608 26814 12408 10908 -17224 -4225 7189 20203 -28541 15076 -5167 -6331 -17223 19844 -21890 -3451 6361 -6496 -22193 35641 11193 26173 8341 18974 -18578 -19528 11809 15495 4188 10554 -87 16161 -10339 -12651 15434 -14704 -3888 -9142 -8630 -25711 -20137 16234 2811 -11406 -9308 -5566 -14374 23266 -17086 -2239 44103 -508 -14122 26368 -3256 -18643 8917 -15882 -945 16802 3163 25879 19898 -5359 -173 -31982 7413 18066 397 -17053 -5397 -19635 -7849 13090 12994 8083 4347 -5091 6850 4570 -10598 13881 -8170 -2706 -2353 -18217 4627 -1422 6576 4265 -22369 -26218 -18062 8099 10960 12464 26343 4629 -25395 -4079 4042 11723 -12177 18751 7974 1810 9186 32556 9047 3394 1617 -1361 736 -6823 15948 26836 3485 -17018 1061 18603 11802 -35230 -9974 -3576 -11592 5289 -19971 -22094 23525 -2231 21238 -3031 14746 5024 15755 -6840 -2879 -8828 13828 -17609 -22100 7131 -13258 -3411 -8073 23954 -18906 29777 12036 -12168 -15897 1255 -10119 10036 4329 -2358 22966 1294 -29214 12286 18164 -8195 -9612 2402 -11376 -8616 -6172 12393 -4517 6235 9928 -9250 -28248 12524 -16823 8038 24478 38312 -8181 -10959 16093 26520 5698 -27256 25455 7927 6513 17486 -7492 -8464 -5922 799 6405 35199 10970 37735 -53175 -7916 9352 -743 14743 -15000 -4081 -2037 -12391 -18871 -19698 -7046 4759 -8646 7265 -33050 4817 -18716 4721 20832 35410 -13548 3506 33909 3450 7623 -2842 18911 9757 23608 11747 4095 27511 
-1747 -13674 -13794 -27679 -6121 23534 -10476 1175 20210 -22747 -28570 16119 -27407 -18327 6619 10166 4100 -9913 123 3369 19986 -174 15410 15562 -13214 -13835 19235 -1110 -9906 -5840 997 -16265 -19039 -16657 -4935 -24192 -32004 29648 -17121 25241 -13748 12796 24799 21224 10236 -9206 -18836 5047 -1998 10410 14205 -29107 -11641 39312 4412 -15121 -26254 30818 -18600 8515 -14438 -8659 37498 7823 -12563 23209 -36039 -36579 -14744 6005 -1528 4466 -5070 31868 18541 14177 -11781 1572 -6430 -10763 8532 -20014 -15995 31867 833 8621 -14136 -32631 47336 47662 -9369 22871 9674 -17277 1727 -12217 14953 14426 26415 21902 -32537 1556 -9732 21879 3605 28207 -10242 -5327 -23856 4140 -8366 26243 -8847 15234 32218 -13460 -542 8912 2087 15599 -22295 19320 -21235 10959 6289 4571 7134 -3411 24223 1404 -21267 33029 -40343 -3751 16634 -16000 -197 -3951 -28340 15244 6883 8131 14220 -16669 8283 7349 -18284 16348 23364 -457 12849 -7954 8008 -17054 89 17924 7540 -8851 84 2710 -4874 -30320 14807 8650 22120 -27207 -36192 -31321 -5871 4032 -22722 -14062 -24906 6719 11891 16093 2705 -31480 24880 3973 -21518 28917 23312 -20714 -8592 15434 15309 20726 -3302 10955 -11912 14398 -19581 28964 -245 -12328 36509 -9434 9414 20946 -13572 15641 -6194 -6330 20893 37489 9807 -15741 1704 14084 14070 -30092 2304 14267 -11855 -6015 9801 -5828 6183 12577 3224 -33345 10897 -14870 2877 -27596 4907 -34188 4349 -14818 -38566 -16655 18246 -4158 -6164 -4522 -27336 -13723 -7705 40793 -29754 2168 -6494 20583 7284 -24974 -7336 -3648 -3765 -5017 
-680 3423 22762 5345 8268 22200 -14338 19395 -4228 363 -6666 -19094 2138 -9011 -11193 7654 19245 2495 1448 -4709 -6833 12638 -30555 -16944 -681 17355 -17175 -5132 11276 -23036 14346 8319 -22704 40351 -2187 -4591 559 41 -6080 2034 -28403 -1575 -14422 -18023 -31106 -4882 4331 6350 12903 5799 -12356 19653 -1674 -12362 4184 20481 -10332 -7037 22729 -14735 8382 23005 -18492 -19712 21123 3091 -13240 29257 -23901 -12684 11564 5790 -41504 -16856 4030 24330 14504 -614 -34865 5909 -6277 9222 -14481 -19269 4174 5439 10231 10326 14127 -14351 -11450 -7770 -12727 -8059 -4967 -9684 -16165 -18146 -1371 -10179 -13944 -13705 -5532 -13151 -23129 -6917 -1421 17186 -17234 4942 20565 4893 -4668 12282 -1611 9634 1433 -8236 -2972 -4131 -4861 -32465 -22 527 -15536 4380 1493 -21772 -14908 -18273 14352 -10053 2638 -681 -41741 8169 8127 -21707 13882 -18946 -22441 273 30889 -22386 4856 -36430 3165 10013 20996 177 -1293 -18038 -23394 11418 2773 8668 31266 26862 17035 -1362 2840 35385 -7515 4347 -9258 -4136 9358 16375 912 -17489 3514 26653 12976 1283 -30269 -8779 -25741 -30618 -20790 18609 -27356 36625 -7209 -5099 -10971 -2705 -19426 -3298 -20720 2769 273 -1889 19353 17428 -23781 6279 10244 -1280 -37247 -6078 13415 -8244 -14501 -32615 23867 8221 -4306 -3983 -44720 -21829 -13547 -18 -11300 -11098 15242 265 -28477 3331 -10004 -14590 -17490 -1490 -38064 17830 7262 -5935 14601 -8764 14578 -12602 -9348 16469 -2458 19199 -7098 -2441 155 21579 12990 -6290 -14014 142 -21395 8658 -3788 14484 -10764 -22275 992 18028 
-18332 4540 -6564 1119 9968 11921 -802 5829 -7645 -1632 -18489 -31491 12164 -7009 27700 -21835 16177 -5205 9213 8295 6657 -60555 35836 3206 9429 5369 -31428 -12244 -8618 -6946 -13004 -27674 18223 10040 -15200 -20441 156 2239 -1616 1325 3663 19437 18016 -26226 -18693 -2331 21199 -3816 1886 8061 28289 23905 -1093 -850 -10469 -23138 -11752 -16569 24698 7815 6546 -17361 -10474 14047 -2703 2209 -2476 -6525 -10435 -6840 17132 3405 -21222 -21713 11753 4918 21465 -33242 -15477 18376 -11350 -11331 -452 -7677 -3473 3013 -3040 19892 1775 -29331 -5211 21842 -17740 -26174 21707 4285 5191 10094 12137 -10208 27763 -33724 -11746 12181 26941 -3276 -31844 15426 -2745 -39556 -17065 -16221 -1570 1402 15388 8308 32341 -17291 -16117 -29247 -4630 16799 -17374 -10817 28411 -14851 6272 15244 -16870 26818 -26573 -7752 -30951 7868 1805 3617 19679 48143 19912 -4027 2424 -6681 417 -14583 -4224 15381 15491 8647 -22611 -1433 8943 -18511 20022 -7197 34794 -15370 3763 11232 -24906 1395 -17824 -41243 -18550 -20298 24309 -17275 812 11093 3110 15074 -6892 -8905 15863 -18698 715 -15863 6815 1299 27332 -4272 -21434 -12550 -6237 16606 5579 15516 2143 -17007 -8627 27454 13911 29740 -15555 -15026 -24139 -26288 -186 -42674 -13022 -37988 -8263 -6609 17337 -30687 11040 33380 12769 3110 23665 -4613 6574 -4130 17321 -14075 25876 9800 20294 19434 -20514 18516 18243 44382 25747 33247 -23042 -10040 18448 -970 -20047 -18636 3111 37927 -23663 32399 -14598 -7552 13078 23177 -17407 8200 7203 4409 -18267 -16081 -14283 26390 13248 14656 13147 4719 
37079 -2036 -11153 -7927 7237 -1265 29537 -8310 6901 9133 3782 -375 27242 -7185 7109 -5624 5885 1511 2112 9290 1607 -9300 9145 20761 17300 -24807 -14429 18832 4193 7796 2668 18147 -10558 16149 -7101 -24655 -41351 -6249 -5103 -285 3465 -5490 19825 5387 -7374 21330 3876 8628 -9934 -15321 -2036 16382 17881 -3748 -3577 -5237 12435 -23161 8336 8012 7969 -7088 12620 18084 -16113 12412 15293 20673 -2924 -16788 -7631 -18047 -6080 -8796 -21529 11755 -7092 -21936 -4351 -16246 -2093 -18031 -27478 9564 -10796 21913 8561 16263 13569 -17713 2259 -2496 3413 -26261 22504 3998 -3407 -5133 23822 -14153 10668 -4597 -2132 20443 9522 17559 -24263 889 901 -6889 1330 20165 26877 33339 -20069 -13160 11764 6382 -13922 -10552 -34776 11318 7190 6755 971 2551 -23649 4419 -6697 -16235 -19429 -1855 -7879 -27241 89 14096 15313 -9139 -1879 -739 -26864 -4326 20275 -1061 26626 -1562 -9771 -6547 5950 10405 6432 6758 -2928 -22133 14778 -9987 6034 2972 18880 -5251 13494 3289 -9022 22728 -14213 3494 2803 -12334 5391 -3832 -11180 11339 7297 -6823 5394 -17088 -39264 -14506 12124 -16323 -6494 -1050 3301 -18489 6677 -1828 -18941 -22114 -23155 10376 28372 -16256 -4127 7408 -26294 -16290 19790 -17321 -5978 -22372 -11550 -10175 6870 -25294 28643 286 -32013 5040 -4351 16579 25761 1683 -10260 -18585 1774 8381 -4066 -7373 18219 6944 543 32868 4278 -6440 -7526 -21817 11291 10188 -11820 -3449 -9244 3158 1576 -15125 4387 17193 -33956 18039 21080 -8213 -9344 -12442 878 4418 -7929 -18600 -40224 20410 4338 6174 
10842 -22640 3187 -4242 23264 2792 22618 8424 4242 9920 -19796 -24289 22089 -5944 30517 5277 22397 12611 10929 12662 25971 -16763 26334 -3727 8860 2836 -40012 11736 9481 6575 8071 16670 20714 26790 -11088 -27471 -9290 13476 -18578 -9358 14550 14225 1779 6865 -7204 -4395 3546 3473 -8793 8202 7366 6233 12633 -6607 8717 357 26105 -16443 15108 13164 20679 21120 23450 -6488 -18156 -4039 18977 15036 -5858 10382 10050 -29267 1358 -17446 -18726 -2916 -5260 -12172 -4563 -16031 -17617 -11253 -12734 -23811 18291 -3811 16948 19887 -27772 -22345 4475 -860 -199 -24116 23247 8169 -10955 9818 10409 -24726 29888 -3716 -6932 31011 17327 15384 -7614 20752 11751 -26671 246 -10881 11975 8461 -14877 -9342 621 -13978 -21340 -4629 -4837 2362 2452 6310 -19542 11540 -10177 5885 -14949 1610 -34622 155 920 4164 -4365 21506 -25620 10813 10816 -8998 -4839 -12018 7210 -5120 38948 28273 11371 10206 -8684 11734 4808 -10136 -1512 -16290 49720 -15443 4056 11739 -7323 -907 6215 -8096 -11240 10224 -29623 27514 18745 -3970 -317 -11412 -3659 -2142 2857 1141 -13167 -6360 -30185 -4741 7775 -2995 -39157 -17423 16075 -20416 -197 5132 -5383 -29352 -15688 23810 11495 21198 -15062 5558 -16587 617 -11221 -6218 9832 -21526 -2942 -18750 6370 -22342 -5281 -22426 -4117 3658 3709 5256 19696 21372 -27998 -16232 9946 -6767 1640 16980 18012 12668 4810 13477 30675 8653 -8198 9467 2969 25184 5539 9605 -6524 -11385 -6358 18807 -3281 -5385 4895 -3532 -15535 -20096 -2843 -26213 -7096 -19477 -4436 -11365 -23497 16957 24972 3833 
-7160 17638 -18085 -5791 -24042 24580 -38433 -7356 -59521 5003 4715 2988 13107 19568 -14580 -7075 27697 -6839 -39205 17633 -22576 25939 -15133 -11150 -5487 2629 -18994 7113 -19442 10428 -15177 -2588 -1017 26559 -1579 10165 24918 22213 -350 -2299 -14682 -2475 -47324 -8272 -18237 25344 19330 -36646 -24667 -8596 -1341 3988 -21919 20676 22717 -21404 4976 76 6460 20718 -17644 -34831 -17974 -374 7517 9001 -6292 9997 7867 -7482 -6291 -30586 -26377 4758 -909 -11026 -1149 -13917 -22440 1692 -24357 -14894 31923 -18716 -25123 33640 1652 -9525 9297 -15851 44146 -25974 -11191 3384 12611 -17061 12980 41158 -3238 -10708 -4553 -20305 -37818 -7826 -19450 -7100 9464 -5280 26861 -14008 -10778 2673 -3807 16886 7907 -3365 -506 -22710 -18708 -6904 -16130 -1952 -5797 -3467 -7174 -22114 -14673 -21053 -35058 -86 -13532 7903 848 17876 -11259 6176 -744 23686 14024 9047 1721 5576 64428 -6666 -37297 18637 9419 4854 9804 -3857 7701 -3231 8260 -9350 7743 -3008 -2470 39991 20976 14839 -14849 10703 13640 8240 20465 -2819 -5354 28281 12570 7208 20594 2635 15745 -26759 25028 315 26522 -5754 -6766 16180 -12092 1747 -8439 23909 30022 19997 33259 27604 -7577 1326 -9003 -17949 6033 -18138 -21270 5084 -7561 -27686 -20008 11157 39228 -9903 -8206 -29490 27602 -3371 27094 1301 -19465 -23396 1623 -34837 29333 21989 -19252 2846 -3656 41840 -15556 29918 1981 12956 6477 12853 17251 -70 38455 -10366 14050 4549 296 18316 5771 37173 22666 -13700 -12054 -6944 9993 -21925 -8745 15074 -11767 29322 -16752 -10929 -3479 -25447 -15292 36849 
-20683 -13229 17772 19492 -4228 13658 -24423 -904 -34278 18471 28467 -14634 23049 -6581 10450 -5008 22935 -9156 -21315 17039 -4958 -174 -6611 -4245 12843 29710 -31114 -4859 -11415 25492 -16954 -16345 11914 12774 17097 15963 30304 -10047 -4665 -17681 -9541 -5926 -38443 -32939 -21424 -1246 3964 -24081 6640 3893 -16445 36261 -701 -28875 -8756 -18580 22084 -24094 -197 -3476 7494 9609 -22468 -18386 25262 -1021 -19973 14044 10567 4129 13988 -11145 -21474 -35769 -35199 6675 13232 -289 -5556 15490 -15884 18479 21635 -50473 -8267 -20101 39335 3414 -28618 -22980 34953 -34974 -25989 -11418 -3174 12303 -16877 9509 -17648 -4674 15058 -12058 13225 -440 -7231 -6638 19622 -26608 11869 -13830 11902 12171 4270 -23911 -9640 18298 23199 876 -22968 -7122 8562 -14304 -14539 -11227 13029 -6118 -7558 -627 -16043 3173 8159 -4856 7725 -9932 -20245 2064 3264 14073 41338 -5798 10573 -21109 13982 -1787 -18285 5584 38 -12482 6100 -12155 -11476 1672 -2523 13336 -7042 -22473 8032 -12404 -14130 -15429 10260 9269 -16301 -9286 -7472 3764 -1625 7488 -23381 -4601 -10398 26523 9820 -17052 -14578 -19261 29901 11115 -19204 15129 -14671 -25391 -14080 29493 -10494 18952 7622 -31443 -9678 -23799 -9351 1703 24504 -17032 -1376 471 -22527 -23108 -49347 -10351 33304 5907 9549 -9200 3631 -11024 17740 23700 -10552 -28539 -14635 -17454 10546 11560 -9889 -21439 720 20673 -20232 4463 11250 -2168 -11688 20652 -14383 -506 7417 19279 -4952 -2603 14692 21537 -14456 13618 17583 -22086 12257 4781 10978 2108 949 -1270 -6024 -14693 -24771 14048 -2104 -10571 -11510 -7069 
-10359 -7958 2385 -10380 -16660 14599 -2233 -7935 6170 -12978 34321 5507 -13803 13533 -8643 8857 -22538 -7720 -9854 -6765 -2181 11552 -7272 -2381 14477 1631 2146 -3308 6413 -5031 -14224 -24339 10005 -12650 5914 2993 -9040 -26487 10430 -13260 -18723 10161 17348 -11171 -1270 6648 -9929 -14797 3706 -800 13408 -19234 -22301 -332 16966 8672 -24342 -9172 5481 471 -787 -15794 -9745 -2907 30685 -23279 5151 -8413 -9647 10414 -3524 15283 -18101 9060 -5407 -147 9105 -1446 3427 1296 9461 26875 19496 -11633 -924 14712 -10593 -14195 17235 -7824 1415 15534 5165 11593 -14476 -25311 12512 -23271 -1132 16317 -7318 -4664 -13420 -24388 9208 -8038 -1503 1569 -372 -1900 -13683 -8572 -2262 3401 5842 -17515 -23561 19220 14494 6654 -12605 13480 -13093 -5091 11786 -1624 9444 3033 -31399 -13309 6232 -3181 15375 15746 22462 -24106 -10108 -2487 -2263 435 16013 -16464 548 -8706 8422 1712 -11615 -3172 28158 5285 13564 -12296 1201 -15773 -21266 28559 -32977 4056 3937 -4935 -2467 -1394 21274 2398 16079 7358 13969 29855 -24209 24814 -4239 5965 -8213 1374 -7837 -4818 -4049 -9250 13466 10917 2923 1416 -15128 5478 -26083 -3393 9552 1050 15241 -8554 -3375 6319 -6678 -19878 5689 14983 8989 -3755 10558 19945 1202 5678 -8917 -19066 -7495 -4978 -14589 6990 9473 -821 -54 -21307 -836 7160 26133 13224 -2767 -552 27717 14731 -18814 -9369 -15611 -3759 -4327 4006 15061 7689 -6535 8662 3365 17928 -7766 -1369 929 -7724 19802 2791 -5121 10439 13867 5894 -30024 -857 16141 10850 16428 2196 -4836 -10941 
20963 12373 -28370 -15581 -6890 -15978 -1445 385 25431 10217 -4180 18324 -15258 -7327 -8575 12219 4304 -10969 -7378 -20368 2629 401 -36805 -14026 -6329 -13360 13413 -10105 21600 -29542 1675 -3643 -36778 7623 -12595 -8374 -29506 -1872 -957 12526 -16577 -26744 -1592 13815 -6695 -12486 1801 -21509 4524 -2126 5657 19657 14466 829 -4564 13658 -13827 -6077 -12584 -7406 7884 1924 -8833 26034 5150 6833 -6467 4647 -9729 -25112 -24983 5820 -8114 -4404 1018 7493 -1084 -6431 -14505 10317 17494 -988 -22434 23508 -7728 20316 -20340 -8839 23873 17436 -35741 26400 5067 20045 974 12719 -2291 -4893 13042 15836 -15697 -21400 3930 -11485 -3758 -6994 -7504 2163 -22481 -1432 17285 13871 18186 25365 -2427 -9690 119 1077 -942 19127 -5816 -4724 -29896 7725 4141 -4571 -699 4814 6598 -8921 8319 -8726 -7178 -12014 -13801 -35237 339 -23482 13118 -3407 -9944 -4917 -5514 -724 2876 -35050 -16414 25949 -257 11817 -1510 -16883 8277 9773 648 -6758 5485 -7957 -1209 -1785 6996 19543 -7507 11551 -2672 1002 -14659 12539 18899 -1837 3057 -11539 -25652 21104 -4280 17823 -10638 -17421 22483 -24409 -1048 26852 636 -1734 -3831 -587 -17281 -1441 -20587 1984 2290 -13223 -9305 12677 -17742 -15783 12003 -2079 -31350 3500 -14944 -2572 1715 4430 11980 23387 -16873 -1397 -27709 2989 -6844 -3501 -24128 -13499 -20144 13372 -30625 -34003 9668 -19048 -27277 4273 -210 7950 553 -13413 2896 -28238 -2587 -15680 9435 12445 30183 -14976 -299 13757 -11740 -4329 25476 26643 -31988 681 -13063 8176 6117 -13365 -11299 -11241 -18504 6046 
-9172 2052 19826 -6034 43315 -3616 40223 -10803 -7620 -18863 -22249 -45002 22554 372 5345 -3791 -21818 12746 -5740 10219 6735 20238 -21094 -4028 28104 7114 -17108 -28703 -8357 -6071 32576 -15329 16995 -1208 130 -29500 36097 -10030 5836 -10706 987 816 -24610 -9777 22938 -4464 -36343 5279 -33860 4681 20656 33868 -2617 3098 7561 -15987 -14358 -4340 5603 -18138 12589 12149 -27097 -2404 9092 10890 -5062 -2130 -6521 -2047 7085 -30825 2294 6453 -2573 2675 5718 -1978 22460 6888 -2798 24069 18987 -49450 -13662 -9855 -11709 -17169 -935 836 12479 -30524 -8344 9277 10978 -3309 40777 22432 20170 -6810 23326 8878 -12199 39475 17290 7074 -28403 28142 -8328 -9185 3887 -6663 -2514 -14328 -15716 -14570 11626 15230 32539 -21431 12095 -4911 8045 4260 6758 7233 -732 -27623 29158 12519 -28730 -29858 -14253 5489 8646 -1501 24458 24892 15154 -17250 25722 -32732 2277 -9316 -12870 -11493 2517 -31177 -22418 -20534 14719 10781 15600 -2844 9954 -11325 14161 -5471 -1622 -12383 -19524 32234 -9489 -1127 -29722 -23447 22983 -7014 -13588 -7738 -12588 -5827 553 -2132 14848 23466 2852 2367 11113 -6185 -21002 5284 -1519 -13951 1048 -7633 10488 -16529 18752 30315 -18854 -14377 1018 20506 4580 23443 8253 14497 -13117 -14149 -4734 -18510 -3713 21054 4644 -23685 -12038 -12279 3411 13602 -4497 11992 -19901 4215 -9905 -22936 17308 13942 32911 28867 -40033 5122 -1310 -20090 15515 -5443 11999 -39094 -10838 -2592 -27660 -22389 -21399 28576 -40611 -738 -31627 30808 22322 -23645 24434 10644 2305 -8336 -40020 15006 -13922 -5169 13821 -11331 
2768 -19385 24666 -13582 -25639 -3532 1800 19800 2448 10380 15986 -4695 10019 -4173 -472 -7290 -9743 -7525 3204 10161 -18267 10760 4791 538 -8262 43 -15433 6801 16421 -5994 6852 16712 -14504 19044 -10800 9974 10883 -22162 -14226 -11677 12997 7540 4079 -11458 23731 -18646 2758 22203 -637 -10115 -18600 3634 24509 -31331 -25329 -3427 -39345 13689 -21993 -12374 -26646 -4392 40 4280 2853 -2665 -1500 -47969 19431 972 -8388 -8263 12830 9685 -7016 17116 -20198 45189 27631 12454 22189 -238 -31922 -24777 -3964 9709 -13354 4464 -12675 -12412 795 16979 6039 20470 -12064 2889 -14973 -13217 2762 8762 -9803 -18350 -22661 11185 38326 11344 -9887 -7222 -26660 -10904 -3495 13060 -755 -894 -29555 2231 5146 18295 7706 -6299 -17862 4243 -23374 20036 -14911 11963 12364 8443 -28563 8929 22594 -12673 2128 -3479 -11546 -26936 18222 24095 -8894 -21093 -4451 -7279 -20235 2960 -8531 4105 5989 19840 20253 -9315 13226 30955 34016 -36911 -17028 3958 28789 -3983 26600 -1060 19403 -16212 -5789 20770 1620 12249 9804 -10014 17592 1022 11017 42004 10245 -9715 12119 6452 -22519 9144 15996 -8111 5005 17655 -28257 -36841 -7912 -7213 -52760 27378 9230 -7543 -20135 14952 23496 8610 -6505 -15673 -6817 11751 12129 4819 -9213 10272 26731 -11548 -14953 291 2998 11002 9806 -3912 15203 -23875 112 35165 2417 2175 -13983 -8708 3261 -24958 -6652 1282 -11113 9518 8545 -8018 9870 4027 17633 -20215 -13683 3752 -23958 -18406 12951 10708 5178 -6968 15187 -15750 -37551 8179 -5717 -5725 -9042 10176 -5666 -11204 18745 -38277 
-10401 -44240 11745 3953 20406 -2601 19314 9724 10903 -8052 2358 10282 6064 -41351 45331 -2662 -10889 -2159 -713 29657 3954 -41203 -19135 9710 -12276 8151 24974 -16897 10247 4828 10196 10520 -8810 1142 -12642 32109 14980 -8413 -11920 -14124 -8136 8938 22560 -26743 23443 -13829 -19039 -9332 -8781 13450 19581 -24017 12108 -34962 -23779 -30432 -6729 -15200 2219 -35351 -31941 -8653 -2035 -14058 -5165 11977 -8888 -10305 12346 8951 -14722 -6652 9325 -24029 18830 -22095 -3648 15473 -2027 1752 -44704 24975 23036 -715 13799 -10717 -31889 -42778 -6435 -30149 19318 11033 17774 -18582 -1545 31264 -4093 -14731 18487 5167 -35821 15102 -9677 13429 2009 -13567 -5902 -2044 34168 1544 10931 -3342 15455 -5049 -28962 -5620 16478 10493 -40200 -23033 5773 26143 -2970 13348 7623 -11224 4543 5828 9394 8120 11715 -2009 20496 -33042 -14723 -2807 16900 22097 -12289 -19006 -3818 -3072 -4754 12722 -6840 17709 -17128 -7251 -20033 -10575 8134 -11292 7356 -37990 12304 -6412 -12904 -8716 -3789 -3930 -516 7659 -21682 -35451 -6403 4986 34854 -8949 13980 -6892 1765 -6157 -17433 4097 -10823 -26011 -3852 -7009 36861 -9164 -2077 8779 -14772 -47702 -7506 8967 -1321 -7875 -10164 15296 -16250 17642 43135 -8045 -6047 -30000 -8251 -1256 -32862 12647 -7482 5894 10264 -8009 1410 8972 -18090 -27757 -22829 7437 -8768 -19696 -20361 -12064 -11238 28082 -38110 11073 -23658 11259 -8147 -4909 -3797 -3036 -21441 -14132 -8057 -8672 -34186 -27168 -27711 1691 -11999 -24532 -3194 21536 468 1398 18236 12765 -8686 6882 -9201 -4922 -1198 2791 -6836 -14030 17816 1845 
6456 15968 -2689 -7561 -13579 29403 -4214 -20480 33521 23774 18891 -2726 3035 16823 -8390 -36872 -17185 8691 17614 -31940 15387 -7665 4025 -6798 3530 23066 -32781 4863 -11442 -9560 -20695 -17324 17665 -23550 3284 -452 24103 -18546 20096 953 -1624 -21609 -15310 -6605 -1007 12098 1829 16010 4030 -19388 -22223 -21843 -9825 6886 32257 33266 -11139 -18335 21295 6730 -5152 7253 -6688 2684 21426 2847 -3387 -7245 -27681 -19368 12001 -6299 8078 -601 -31244 4616 17646 16848 -4005 7525 4446 -23188 -2661 -16965 -22046 4681 27441 13967 15371 -3953 5359 10187 8713 1480 -13330 -13756 11595 19272 14983 13059 -6040 7582 7670 3047 -20049 -14396 -22805 -7539 -14901 5526 -5715 493 -10075 -9238 19639 7812 -15216 -17881 -6758 6686 1510 2675 -8669 -32012 -30567 -617 1896 -34038 12011 -8751 7610 10113 9710 27962 2141 -19297 -1032 -19341 -17342 -24274 22554 15443 -15297 3884 -29243 -18104 -22412 4908 12068 -15566 -2809 9924 -2221 10197 -28128 15616 21097 12164 19577 4532 -1628 14844 -17382 20384 -3729 -2560 -7179 20207 -8986 12103 -7533 26551 21492 34603 1623 779 -18836 3349 -13240 -267 -3187 5523 -21681 21067 4165 -8797 17113 -4153 6556 -13160 -3028 34820 3019 22794 336 47147 1450 -10971 14576 -9498 8521 7016 -9139 1312 13060 1160 27560 16119 35342 -15339 9714 6387 -18981 25275 -6908 9885 9636 25644 43364 -21756 23810 -27144 -15344 22388 -10609 19675 4991 15715 -13645 -18305 34562 -20535 19216 11800 -6087 18366 -12133 -30053 -32609 -17852 5648 -10884 5873 -7553 -3358 12424 3106 19666 -7624 -7826 
2017 -37833 52065 14152 42351 9603 6972 -2440 4130 -9628 -20811 -12113 24113 1098 23644 424 -22945 -13272 -5012 -2630 20331 -6423 -30087 5219 14337 22879 10602 5970 -3962 -17571 4920 6488 8308 -992 -40611 -1948 25811 4782 4312 -13382 -482 -11528 14482 -24001 23124 2056 -19905 -13570 -32457 879 13129 51615 34388 -9896 -13449 6101 -20294 -12808 15008 4989 -33386 19529 -23080 -12462 -584 -4738 2499 -18860 10437 -2965 3324 -21827 -5170 -43203 18767 11557 10659 28553 -22679 46741 -481 1471 12497 -25287 9373 -26665 -19942 5688 -4359 -23836 16791 -7848 4400 12098 22835 5163 28825 -5131 21145 8213 -280 -17926 -35994 -1101 8646 3452 -17208 2028 -13429 -4510 -10794 12588 -33000 -22078 -18286 27637 -2427 -11713 -4400 -11352 5236 9604 -20666 18787 20942 18669 -23501 15784 -2586 -14856 20322 -20250 25351 -22798 18448 24012 -9095 22519 5972 9226 32895 -8598 -6946 38020 13952 2797 10484 -37825 -17891 -26473 30291 -8218 6473 -16780 -2364 -40363 4255 8898 -22384 -12879 667 17314 22141 -3115 662 -38299 14528 2344 -29661 -28665 -447 29947 -8470 -14787 21481 5086 -31421 2883 4596 24089 -2800 -15584 3155 -26292 -7996 -6384 -3543 12075 4527 19550 -42694 -10061 26906 -4153 46402 -6846 4932 -23698 9775 -27539 -3450 8457 19797 -19503 -1648 -19151 4613 -24297 -2739 11957 262 28837 -33594 -31855 -21946 9177 -14500 15189 21036 8761 -16653 5184 -131 4408 11785 6837 -7426 -25568 -10641 -26293 18816 -2508 -2226 20383 -42164 11948 -23543 5347 14576 -21526 846 1035 14964 15232 -21165 39514 -4811 -8973 1810 -16490 
13129 19963 -22972 -8009 -36489 -16749 2867 -125 16188 -6734 19394 -13683 -9809 21657 -12458 -23979 5395 11232 6737 3197 -13496 20981 23452 -10133 27314 -30887 -1665 1465 53654 5527 -8611 -5865 -24026 12877 4379 -3570 -25384 7889 200 -39256 -2007 31684 533 8828 20461 -20420 -13309 20958 -23577 -11424 -17265 -15972 17561 -34830 -4577 -11867 3769 21162 -13324 -15484 -16550 7525 25198 -17139 8890 -11860 840 -27823 1831 -13951 3454 3191 35782 34333 -56912 4518 -2707 14266 38910 -15439 -7385 -11175 -2845 30831 -9097 -1226 -1756 -26406 -17953 -6918 8053 22668 -9033 -5702 -19920 7990 -15421 8175 15735 -9291 22946 8427 484 -21214 -2615 6794 3348 15313 1030 3825 -30554 -14018 -12458 21000 13263 18767 23833 5392 11329 -12286 15393 19431 -3423 -28854 19191 36708 41247 -21319 35220 5023 1203 -7915 -41900 26924 4628 -33775 13968 -337 5099 562 -25828 32520 13843 -8849 13690 -6191 -9554 3289 1049 -8467 3369 27170 3590 4564 5765 23576 28627 -140 20798 -24461 -16236 637 -39252 -13610 1786 8877 -18953 -28833 25132 43964 10706 -21475 -94 22159 4204 -5278 7335 17117 -4493 -8067 1695 -15115 -23307 26820 -2775 14178 -15442 -33468 -13995 -20115 10308 3459 -46839 -9204 -21546 -790 -6539 1207 6393 6044 -5806 657 9163 14425 -625 17653 -23241 23189 19529 -11847 900 -10809 21351 36557 -10652 -3318 -7472 -16292 3167 -10161 -16174 15315 -697 14633 -26013 -12723 6 4319 -4469 8039 -2585 31432 22554 13693 18273 -5043 14889 -17696 -9874 -15663 6484 15575 -934 -21675 11480 6150 18797 17429 -9878 -16744 
23080 -2576 8428 1955 6812 1110 24259 4898 7603 -3983 8839 -8994 19441 -15999 2924 -19322 -4565 -2296 9050 -23872 25804 -14442 -19585 -19359 21087 1057 13454 -27454 -12947 -13149 21590 -2580 -4472 -29433 -8545 2188 12405 7383 17415 -4643 3479 6218 -1508 -13791 -4629 -5566 -26990 -124 -10986 18188 -1418 -12980 -7474 14093 14659 20746 22327 12377 7230 8120 10511 -13024 -21597 5656 -23092 -2035 -709 -12490 -573 1308 -204 9793 -14128 -16706 -8811 -92 12649 -15102 2697 -7489 -13866 12861 20570 -9390 -15760 -1519 13587 -3649 13831 10327 14243 -1462 -19142 -13464 12012 -5684 12942 -1995 19248 -1842 -20247 16709 15228 3778 -8120 -20852 -16566 3840 25539 -14294 3946 8129 9045 13840 15891 -11591 14482 -2432 -16946 -26000 -16196 -12364 8498 -8024 3979 -3779 12946 -10716 1138 -14200 -17086 8967 6281 9175 -28280 -6034 6950 -19283 -30632 -13224 5335 -12999 1604 -12520 -20596 4212 -20394 -407 2928 6345 7076 21133 -15058 9668 14319 17831 -5767 907 5955 -5817 -29984 18791 -45010 -21624 -14530 -12544 7325 4826 3337 -2392 14543 -27950 -12449 17887 4497 18563 2753 -9461 23400 -6481 -5443 -10739 -12081 -5797 14637 -10846 26800 -5307 -1127 1899 -24420 10267 -25423 -480 2090 24994 -4078 10137 -27017 -7342 1998 1861 -13969 -4762 21541 -24092 8371 -10511 14234 6480 18641 31054 -11119 -24314 -25774 14717 611 5594 17413 6339 -3027 898 11840 -5510 -20564 -5817 -31660 -24995 -35229 950 17360 -6286 20598 -6076 4548 20545 -25893 8331 -133 -13641 14435 -16727 -8199 -21407 -5430 15580 -917 11215 17598 19674 
-3914 22072 -18460 3386 -23748 -7942 -14134 18675 -6981 5139 7170 -18101 -15291 30108 -23057 -25415 12287 8709 31555 -9559 -1490 6687 -20475 -8064 -3244 4929 -1508 9638 10813 16775 -35155 6634 19028 -8221 32817 2066 16108 4035 -2009 10811 23720 -22484 -10216 -10540 -10488 7448 -4531 11255 -34677 8953 621 -1389 25707 4638 -11713 9892 -7812 6925 6631 -9021 -5766 32459 -2362 18080 1455 -34949 5838 16493 13518 -36365 -116 8093 -10757 7686 -20296 -4257 -3438 5032 -39292 -69 21057 5821 -5254 -5215 7738 7619 -18443 28382 14280 -13194 -22656 15522 -10477 24535 -3111 -8945 5089 36188 -20115 -3089 19770 -15230 -6742 -1621 -15050 -26283 -17114 8120 -18788 -12760 9946 -4369 13498 -37406 16938 9468 3150 -25334 -18471 -4168 10572 -4840 8272 -19155 -2953 19284 -4847 -16732 13668 -14070 15908 20626 -9670 27043 -8778 22031 -6785 -19251 9864 -13016 16495 3899 10274 15645 11911 -29834 -1177 2723 -22282 -7154 -1647 -18746 15848 9531 -12031 14090 6632 14520 3540 7008 10276 330 -5152 -10539 1894 19440 14018 4982 -17854 666 -4457 -6179 1657 -12873 2453 -6514 -2837 -16548 -24280 -8357 -3362 883 7790 22957 -30936 1916 18062 -5182 -3331 1321 5410 771 -1424 5396 -12996 24327 3962 -27647 7021 -8842 7693 12782 6636 -2419 -22531 10893 -4478 9756 304 34295 2162 15657 -6993 7369 2669 -23940 11396 9533 19196 4320 1855 -21454 1514 295 -6176 -8948 234 8694 24577 -5353 6271 5618 3619 32797 13411 -12911 -17671 -11348 11197 22591 -1697 20744 -11486 8226 -14001 -33432 -14453 12849 -9877 -4064 
-5361 -12057 19914 7368 -18186 -12901 -31775 30291 -12020 8650 22971 -1322 7505 2042 3206 -3557 -3507 -22192 11185 -620 14571 -25414 16167 -4166 -4154 -1275 3015 -7942 -6505 17067 1134 7005 14437 1655 -4924 12480 -15664 13278 -9662 16248 25528 31330 24120 8081 20240 -7167 -24736 4781 -12250 -11883 -21543 12557 30641 -21811 -23261 3267 8531 7404 597 -18313 -2333 -2274 27409 12253 16665 -33882 -7064 -14099 12047 -14008 4343 -4290 -6549 5359 -16120 4944 -27737 30407 -4294 11969 27889 252 -6759 24701 -2098 2105 -27595 16614 -858 -4647 -13213 22902 -8277 18714 7423 -23072 -23847 -22919 -25181 23039 2678 -38576 -15811 -23743 15224 -6611 17448 2420 -5964 -1088 -1879 892 9963 -10854 -14164 1492 13254 -1290 -12561 24995 -31916 8223 -54043 8187 11751 -17951 40291 24430 -41120 -17435 36178 22721 -15334 -16159 6794 11831 2468 -2685 24569 6973 7409 9669 11178 9836 12020 1604 8936 7069 10034 21800 16568 13515 11303 -8955 -22463 754 7121 2148 12124 18481 9326 -6672 2873 13380 12746 -25235 -41938 -3066 -15423 -22905 15168 17393 7620 -10253 23870 19862 -26608 11981 18477 -1297 33577 -21148 -9639 -22820 -25982 -16411 -21515 9148 26618 -23970 -2413 9949 16430 -26751 25192 -18794 4600 2016 5408 -27998 -2033 18585 39412 -19772 3553 4520 11393 4338 6634 -12804 -12658 1475 -5963 -12981 24190 -1867 12202 -5367 1555 -29045 12844 20832 -1394 15501 18062 3514 -22170 23495 31091 7772 2712 -488 -2829 -7077 8915 -8852 9994 4786 15477 -13520 -10749 -7961 -417 16441 -8328 25376 5630 -7499 24070 -8984 
13937 -17010 13011 -3222 5761 -8852 -14884 21469 -7049 -2562 -12813 12180 -12728 -3348 -4392 1409 -22289 -11665 -155 -16053 1542 -9546 28212 3478 -32289 28720 3733 -4828 -11510 4555 6246 22378 4485 20486 -15212 -902 13472 -35520 -14796 26870 11419 -1771 8263 -17528 -11003 14883 9901 -2188 11703 -3638 3260 24836 1773 18559 -23040 -1322 -21148 -17502 -36118 5175 959 8415 2732 15366 23153 8221 30341 -16760 18383 335 -2531 -42275 -12415 -4898 21239 2514 -18811 1705 -24777 -4772 662 17143 3861 -9869 19303 2033 9481 4162 -12310 -13860 -13525 -3610 -30171 2075 -14410 23202 -6681 -11646 -10973 -5388 -17114 -1424 -28798 -9013 3191 -20487 -14825 187 1945 3550 11503 21352 3729 -4860 6128 -22952 804 -2011 2955 7959 -19868 4308 8304 18785 -15960 -8996 -5100 23046 -29344 33722 9937 -1476 5841 -18261 -14204 -1958 -17378 27315 -3371 -20748 2508 -14976 -14614 -15511 -29909 16503 18583 15970 -2349 25375 -4153 30156 10533 -5001 1005 -10668 -8029 -17327 -14449 31986 7866 21696 11837 -1495 6852 11543 -5169 7769 16691 -24940 9815 7774 -7347 -31733 37237 2675 -28304 6721 16427 -5339 4304 25499 16561 -14885 12457 767 -3212 4665 10982 11383 2223 -6067 31868 15849 -31966 -9599 13031 3313 1652 -4439 11396 17470 -7926 -8507 -1562 12542 25451 -9905 12898 31408 1804 2294 -28154 -22889 18435 9724 6337 2315 -2578 3948 7275 -36157 2666 -27496 6726 38767 12213 1474 7561 -922 15338 16986 12452 8387 -4487 -13819 -1906 4644 -11408 -8105 -37553 15487 -8910 -6306 -1940 -7540 21679 11905 -8124 -8635 
-3177 33186 -44615 29793 -6695 -2367 -33097 -11343 23173 7363 14465 37492 8331 -9736 13014 -20123 4037 30132 4789 19755 -18760 -1039 14342 11361 7525 -10390 -25317 -14920 -18659 4372 21049 1268 5290 -6204 7539 29792 24448 269 -108 4655 -5436 -502 -17816 24045 8884 26816 -15500 621 3163 -12133 10071 -26128 -23440 -8960 20206 -3205 19300 -18682 27475 -21152 13558 4190 14180 -7194 -6241 -6905 -24852 13011 -6340 8645 16980 10588 21 11422 -16561 -22854 -10295 4308 -19145 8277 -4676 -33193 15249 47190 -7698 -7895 -1365 6396 -1635 5516 3601 9228 -327 -16439 9131 -15103 -2099 -12421 15668 -5661 -9346 16401 -4144 -13865 9395 -18114 -1417 13164 3913 4592 -10155 -21027 19817 17129 -12165 -4174 -9896 -27515 19301 -10967 18439 -704 -23546 -9230 -770 13356 18175 -31280 19483 10550 33111 -19322 -8933 -17229 34329 1824 -14015 -9398 -1815 8684 -32429 -3944 10509 22366 28751 -9091 -30814 1093 26512 9697 984 -20091 -11057 24186 15707 28273 -18108 -19422 25170 -6713 4137 -5678 -5486 -2894 -17589 -23502 -50444 5155 22088 8185 4765 -16046 -14519 7608 3070 9 5265 21546 5034 30557 10436 -19183 11125 9759 -28101 23668 5125 -23212 1407 4966 16037 15727 8209 -19501 4902 -2001 -11719 -1403 24855 -8207 27558 268 20505 -15981 432 -2017 -12157 -22848 -4723 -23556 -3802 9917 4029 -18582 9915 27865 74 -10721 -6976 23798 26227 22621 -2945 25809 -11413 20996 4945 4292 -6560 -6177 -4151 -32754 14830 -14261 -3429 20202 28682 -29287 -8707 12765 -1286 -5659 57160 2207 37348 461 -19839 11491 -19383 24990 
3578 1140 12495 -15588 -13084 -10495 4238 -2859 -11922 25205 34798 -17862 23157 -25157 -10527 -17077 3713 8803 22225 5249 -3456 21419 -11386 -22561 22452 10033 14941 -9041 633 2482 8937 -4787 8389 8522 -1650 2907 -2122 1818 -20373 812 22829 19480 9960 16604 16506 -33035 -32497 23509 -24271 -5307 -15524 -2161 30593 -14687 5062 8272 -28669 26865 3771 15019 -2418 -24996 8440 6175 -1081 -16458 24621 -11780 -1179 5736 18868 19260 -2987 -25293 -14583 -5186 -12688 -20629 2507 18221 16478 -8726 -20683 -4292 -15445 5680 -23426 2208 3493 8148 7112 7792 -11538 12447 23682 -34640 -11428 -12109 2568 -33884 13846 -9946 -449 8183 -282 546 -20263 2914 14800 -23951 2250 -5968 15173 1924 -7634 -6745 6904 6111 -15345 -1659 -5916 -2820 -9403 7290 8780 -9373 26769 4493 13218 -19830 -15615 -6951 18358 -2099 -1366 -8282 -707 -390 7925 -21174 8848 -11279 5594 -15953 5293 -7180 -6937 11377 -1137 -20508 23751 -7769 21781 -5359 -19904 9846 2772 15219 2029 -30545 -25060 10001 -27437 -9734 20672 11295 6339 -8840 -18075 4509 19272 -5953 41410 20312 -4204 4929 4340 8947 15268 15631 2467 -9576 -16457 -14547 -25951 -18545 276 -5876 13509 -20633 -7592 13943 -10649 -6613 -3408 19012 -29374 2424 -26282 -16635 -7511 19961 9380 -15635 12380 2598 5811 -19013 319 -11562 29956 9445 -14096 -17922 -17906 -11456 -7410 16646 -8572 -9561 -17403 15337 -463 27421 -15846 -14926 -3772 291 -7210 -10928 -8307 -17057 -20311 4216 6645 711 -5758 801 4111 -19127 10738 4873 2399 13373 -27266 11847 -11184 17172 6850 -608 
8736 31920 -24557 1504 -13849 8696 4234 5394 6288 -7509 21103 1166 6202 12594 -15803 -21499 -7334 3841 19817 -19451 14458 2779 22004 -8935 -3649 1429 -22468 5923 -18102 5163 11851 -33636 7808 -9507 -81 -17202 5264 -5218 19283 10925 14183 4862 -25951 23911 -1999 12415 6603 22083 13763 -14450 -20620 -20611 -22956 1981 27707 19798 1723 -710 -1338 -14909 22064 -3036 14330 818 13288 -4346 9236 -2158 -26106 -6788 12595 -3249 -6797 18463 -27083 5395 -5160 3708 15595 -14490 3702 7262 -5262 2485 -32892 10997 22940 -2364 3806 -1007 4932 -1065 -13274 -1203 -9820 -6758 -10305 14787 -6827 2746 -2036 490 26255 5979 -8193 -13 2970 7283 -4682 9067 16906 -7290 8235 21150 17075 -10898 -4803 -12724 14426 17268 -16472 -16514 -7506 -24381 -23491 -6586 25232 -26732 -6969 2516 -22263 1988 -26086 15754 -7423 -25608 4772 -11008 15182 -3532 16776 7726 2801 -27895 -31246 -1015 2496 20218 6054 7784 -4520 21480 -2577 19154 6638 21518 10954 8296 17226 14470 -9852 21014 -16489 24102 -27418 -129 -18623 2518 10446 10646 12297 -8714 23237 30559 16235 15062 -3586 6332 -15591 -25467 1296 3117 -5702 11208 22047 -17283 10012 1439 19484 -24126 21444 7442 -6036 8028 -21071 33567 4593 39419 8655 820 11287 -4041 -20353 1507 25902 3697 18305 20827 32800 -10069 -7910 -13943 5442 18889 18100 -8861 9135 -6542 29093 -19984 -326 -11445 13905 1417 4672 23197 5610 13654 -2945 25224 7661 -15350 17586 14757 140 -2364 215 -14504 -1228 -5544 11775 -10500 -19291 -18022 -6081 16281 747 17569 14682 11328 
20805 -16207 14273 32925 18299 -10734 -2024 15460 -542 -19950 -4230 18678 1599 -27306 38226 -11790 -15902 2353 -26850 17364 -207 -9534 12215 4335 -3614 16707 17603 -1176 3233 -26301 13834 -4472 -30141 18282 -38862 8186 3209 -20281 -7944 2413 -21574 12008 14004 -2211 11386 -1507 1225 -13375 -1890 -16058 25968 31540 6397 -1206 -24877 -16530 -12312 -18471 -13913 524 -30628 24528 -986 -1116 9929 13321 18268 338 10433 23033 -15246 -9239 -3913 -39721 41152 6637 1856 11324 -13537 8730 -10405 12225 29488 21855 19994 -29680 -23656 -11777 -35199 -32444 16706 -10055 -9646 -18992 -473 33454 6601 -29882 -2110 -11285 -7287 32241 -27641 -20077 14547 -5854 -9785 1501 14539 8558 843 -14482 -15240 -2711 378 -9811 12793 -11034 17390 -19296 2856 15594 12685 22437 24609 19138 -6904 24198 242 36484 10282 -12313 20574 -25341 26678 -3016 -8265 29694 -9766 10515 -24964 -15196 13689 8313 6286 35152 18700 -5488 -18725 -3495 13399 12592 -21658 -19160 18036 -11081 333 -19829 -17927 -15174 -852 21409 20416 -20485 1857 2412 5535 9964 17630 -3353 11468 7924 -25805 -14794 14315 -29992 -19756 7118 7032 1364 1980 -3857 3248 -19347 14323 3955 -17449 -16420 -19446 35406 55 -16033 46303 -9666 -14598 -31516 4835 7987 4890 1645 11703 22618 -408 -5387 -9250 3778 -1097 -39720 6726 22077 -13269 -2383 -23912 -47121 -7021 13824 -28811 6658 -32338 4494 -13900 5862 7563 -14049 5792 34013 13358 13155 -28116 -1432 -11066 12623 -1061 -973 -33485 -3363 232 10372 7122 756 -29111 11422 -7046 -708 9916 12427 14161 8699 -15830 10006 
-10021 -8450 -10964 -17052 -2545 -3351 -175 -7193 -31459 -6818 6622 -13613 2201 -1639 -14572 18322 12912 -20151 -8787 1221 11412 12636 -11402 8779 -18967 14777 22178 8438 16282 -7440 -6411 3965 5146 568 17739 -9072 -22188 10358 -30359 -10595 22313 -28427 9722 -9947 -32466 -7463 13905 -27251 5515 11737 4404 3252 16924 -4942 -15299 -15777 14326 -347 -11838 9441 -10570 -14463 12520 -16900 -10584 15774 9154 -570 -13349 -4547 -22592 4765 -5633 3422 9318 -930 6949 -8482 -12715 -20519 -21808 19700 -20276 -18307 8723 24416 -10968 10295 7869 7716 -4315 -25777 14732 7075 4177 20781 -10814 17160 -7516 6050 -6824 -11803 8522 22150 -9484 17965 11315 -21715 -3578 -4186 -1534 -2448 -12161 -5050 11147 17738 -4266 3118 -27665 22916 3874 -16562 20692 -5707 -3508 -7510 -5132 7443 3659 -7885 -6072 14508 -14186 1772 -13808 6040 19936 -14760 19646 -6920 20472 -4628 1562 -3451 -5632 11324 -5363 -11949 -5299 323 -11325 -8583 10972 -12028 4333 -5494 -10304 12245 -26087 1432 46636 -18737 12726 1707 170 13715 33014 -10644 200 -15163 -19990 -7754 -592 -5391 -11479 -32105 9347 -27741 -13805 -5985 -17581 5640 -9589 5466 6091 -29033 10243 53732 -4136 -16275 19760 3207 -5593 -8344 -8614 -16801 17881 -4226 -21664 16578 -9570 -23800 -23631 844 1527 37409 9308 31695 -16483 12742 1928 -21760 24679 7234 9186 9088 -11147 -15494 17303 -11557 -7189 -8478 6122 694 -8795 -9806 -1059 -20133 1243 5000 -4927 21975 -25362 -982 -3304 -13723 4742 7857 12297 21183 -11862 -4167 -20575 4984 -8472 -8491 -6533 -3994 12604 -2934 
9424 -6883 -6055 7755 -5700 -13667 -1475 34721 4835 -11843 23511 5737 16880 -2576 6507 -23423 -17120 13778 10614 22633 17662 -6678 13404 8697 66 -2550 -11012 -19814 -7627 17672 26489 -25436 -3593 12760 -12886 6918 27769 2569 -4195 10470 -14991 5922 -1111 8548 34979 4437 -19081 13935 -14729 -7274 10455 -10622 21855 -38820 -14882 -28230 -24658 -13029 -368 -63125 -17497 9282 27519 -864 17471 -21678 -496 -34532 195 -866 19783 -8516 -13925 2935 -13510 17737 -27747 17311 -7596 -4808 -8738 37286 17119 6870 -16145 -30875 -21151 -29114 -25352 -23071 14965 -6666 -3823 488 -8724 15583 -4152 6674 -1055 -247 -23979 21348 9414 3433 5386 -1686 1066 4711 880 6586 1888 5383 16675 4924 -10799 -9088 12526 -17924 -8769 -11362 6242 23283 -29579 -2628 11494 6332 39256 -10907 -4969 1083 1528 -23813 -7242 -24663 3904 -21359 -1497 17500 18888 -12812 -271 -930 1447 13714 -10596 -11916 -13873 175 7047 -1991 23319 8751 14184 -5644 14212 16672 -2565 480 18092 10090 7811 14986 -17067 -7521 -20916 -3203 -18434 -25576 14275 -9184 22436 20276 -6409 10375 23316 -12843 -31798 6246 6304 -16565 7903 -6005 -15769 -25661 -9087 7519 2395 -15122 16075 2602 -10075 18592 15916 -15769 -17753 -28271 -8018 40428 31789 -9569 17240 25490 15493 3406 1738 1257 -5503 -23486 -7143 -368 3652 -22519 1426 16868 8922 23164 -19548 -29650 3695 13018 -19719 -7719 18388 -1595 -1433 11267 -10540 2248 -11286 -15719 -5427 27 -761 2989 -20080 7064 1674 -17141 26707 12392 -21580 1623 2763 -33070 -8399 11678 -6618 -2423 10427 -9779 
-25397 8635 -5887 21421 -23291 -9055 -15737 15089 17916 -11050 -10020 8885 103 13428 19743 -10921 11275 -1064 18857 8600 -11289 -30522 -26644 12078 2257 -21578 -2835 9880 6458 1370 -10087 17535 469 -19672 13815 28145 25417 13860 28723 -18530 19066 3777 -6697 -13255 22077 10001 -7356 -7506 -13273 7052 -7349 -22944 6053 -29394 -13675 9128 23437 -3094 21088 -33945 -22274 26263 -3317 -3530 -33254 -33012 -20284 15104 29506 -23064 -25183 9414 8504 6843 -14961 -16611 -5939 54409 -18765 10170 4818 -4291 14875 27841 -12394 16638 -27192 9288 15326 -24162 -4488 23605 3296 20777 3807 5922 -3944 8580 -4568 22822 1907 -11777 -14288 -10931 5782 -15604 -3202 3276 -15175 -13560 19725 -22695 14837 -10928 -21065 12953 -3489 -24908 -4864 -22274 7474 -14140 -18193 -6343 402 25040 4502 -12969 -16469 -8523 34142 9191 -19075 5688 5281 33606 4023 -8142 -7801 24884 2732 11798 14374 16760 37928 -3786 1880 -4685 -14713 -6759 1277 -5767 -3803 -11545 11420 17632 22717 3872 29931 2579 -35 -14273 -17088 -19567 -25583 -2516 -12528 4751 15072 6115 10031 -15058 -27247 -12754 15915 18947 -5802 -16254 -11040 -19755 12831 -5676 2692 -12973 -20787 13543 -7799 -3427 -17401 1840 -5114 -3156 12730 -9953 3669 -13608 -2063 -12840 15341 -8648 16946 -11668 31084 -25884 -28424 -23216 -15777 -972 -9934 17858 -25362 7813 -18018 -6973 12684 -1871 -4838 -2151 7353 8740 3926 8636 -7971 5530 7062 -14885 -6996 12399 16925 -5302 -12799 -16582 13308 -5618 9809 12470 2057 -16171 20256 30478 10307 -5887 -1187 6725 24229 -1889 -24329 -4145 11828 6893 
11060 5162 -5715 18923 -4857 -22388 -5458 16983 -13305 -9337 23820 1886 6062 -10607 7547 -9277 -9078 12044 -2849 -240 -4469 16597 28645 -2780 -8826 -2649 -11208 -4718 -12335 1842 36429 15126 -24780 16768 -19213 12006 -7890 423 -24172 19523 -7317 18109 6073 8275 11440 3213 -12226 10996 3146 -6734 -6099 15502 2865 -4268 -14566 -13011 -2865 11418 -19572 -17 16141 -17757 5691 19261 19483 -6387 812 -26241 -11749 12899 24556 -22692 -11137 15140 -14197 751 -36862 -7559 12326 3499 -15350 -1510 3100 23585 18157 -10498 7988 -2327 -14103 11121 -11582 11409 -33458 -11753 -11943 4184 -9045 -17160 -1480 -11895 -16460 -8144 -939 -13481 19548 -22763 -2471 17988 10926 -8039 -13209 20175 11040 14057 -3020 -11911 14933 13032 11413 -146 -6745 11002 -28083 14632 11206 -5120 15939 -8471 -5291 24087 7684 -17895 -5203 -5128 -8518 -17288 -3890 13088 1260 -22728 -24090 -4994 11043 -1898 -12700 35926 3470 22299 18153 32216 23119 23582 -5638 -3446 3764 26903 -12635 -6325 -5590 9097 -6246 7247 5221 981 6291 -11837 -23883 -24503 4042 -14040 33355 -885 -9291 -14234 12705 16818 5218 33879 35075 6602 22284 -16703 -10205 -17433 -2488 17195 -1959 -12401 36314 -9316 -19696 -10684 -5137 -11732 -4017 -12595 -20190 30996 -20133 12484 4020 23465 48 81 24503 -7330 6608 -5721 12998 -727 13256 918 6085 -26980 5123 7942 1234 -35744 -3344 1436 -1469 17136 -6316 -2167 -5301 -6990 -22254 -11989 8851 3729 -5608 5087 -5572 -18621 10269 666 -1625 -720 -2257 -19774 -22414 14504 11708 3764 570 1696 8821 7903 -5590 -2810 
32921 1654 16916 -9760 22118 -2302 -23 19000 -20340 -3762 -11028 -26222 12323 -3918 -24110 23262 -34937 -12060 -26054 -19506 18974 5982 30300 -24695 22307 3947 -2576 -43374 -25750 -11231 23283 -2151 -1329 -7247 -6978 -32064 -1072 -7967 -13017 9589 2693 6578 -6411 3727 -6406 -3246 -39227 -10602 -591 -6968 5539 37956 -6507 39210 357 -9166 8790 14661 -26545 19423 34046 -253 4142 26529 13434 5188 26769 -13712 -1425 4744 3240 -21681 -20135 -1976 6828 35988 -17464 -36934 10340 -11987 1200 25096 16855 -12910 12068 -14832 24812 2908 -3502 35391 -10420 -30161 -47114 4093 -3247 4169 6495 -12234 3599 -19407 8637 14383 1087 -7275 10741 -15805 -8016 14113 17685 -6543 -15174 22640 -10434 -5809 12159 -26059 1984 27860 18407 3470 -33518 -10211 -919 1924 10342 -19490 24513 30663 -13378 10344 -27021 18902 -5508 -3546 -9937 -2925 436 7082 -10286 -9019 -4241 -27010 1693 -35235 -27827 10123 4741 -7532 4792 29194 18639 42990 -11760 10593 5901 -10026 3126 -803 -16297 17020 -16582 21705 -6823 -13238 4960 -24525 -21494 19165 -14480 -26766 12172 -13224 -1002 -21383 23669 15112 2595 4479 27664 -4255 3719 -11141 10949 4072 22061 -8025 10185 -17011 9840 22613 -15302 -6533 -20487 -6388 -5980 -13175 18917 25737 -9263 -16410 444 -4090 -21820 23896 15926 566 11296 -16567 18964 -1049 17651 26659 -6144 -37281 -1885 -15175 35622 2274 17251 7271 -6317 1815 13383 -28047 19420 38437 -24082 -16442 -16526 26611 16512 14604 13693 -267 -26732 -6679 -23943 43193 -9312 -39683 -5927 -257 1727 -17129 -26822 2674 23760 3565 -2440 3606 
4746 -29359 33899 -14132 10187 -8928 -16446 -36 9599 7689 -16010 -2354 -24489 -5997 25485 -16261 18577 -4200 3353 -13604 14406 -38003 9529 -8027 12845 22146 22476 -18411 1599 15448 1297 -14652 36841 7547 -9121 -1055 -21969 3451 14370 5991 12902 22767 31621 -1695 5708 -454 -16971 -19415 -15237 -18106 523 23672 12151 -5292 -19437 5242 29311 -13278 -2716 -3025 -6199 25943 11915 -9857 32015 -14534 -4424 -3738 20317 -8577 3930 2816 2481 997 10744 -2064 20391 4490 -11688 462 11375 -9222 34021 7070 -5723 -15568 -29994 -9133 -4876 -10937 18750 -9183 11617 11111 18157 -15466 14755 -14460 -3015 19054 20116 -10388 -17254 -33942 8663 293 14502 -6235 -5442 23792 -18855 -36860 -12741 13997 11021 8064 23376 -37149 7083 5998 469 12451 -5957 -9312 18242 -1478 26231 9379 -8479 -574 35566 5558 -16147 -18633 25690 12028 -4641 15334 13377 6102 5583 1880 18874 12910 35289 -5589 6716 -29313 -6160 -2818 -3496 19795 -5707 -819 -5895 -28672 5750 -23370 6726 -8050 6124 11509 19150 6790 -135 -29660 -35271 3439 4000 -11058 -6063 20474 -16189 6135 8117 1051 -35545 8972 19575 16225 -7502 -18393 -4015 830 -20275 -15617 7638 4970 -8190 -14643 29623 1289 7952 -8349 23357 -5105 19062 -20629 14830 -33540 15171 14129 27287 5296 -4467 8368 -17548 -22026 3394 -5660 -21966 14082 -21345 -9280 10238 8760 17468 13742 -11243 10460 21056 14820 3613 -8883 5966 27087 14930 8228 -307 -8448 10346 6380 -3941 23893 -19355 -22430 20006 22717 2296 -18057 123 -25102 1554 -6674 17801 40544 20534 -5146 11586 8837 
-5875 -23665 16504 -35935 9689 -7057 -10845 -9203 -3417 10971 -18519 -14089 -16092 -2657 1582 6580 25600 2164 6732 -22688 -876 2732 -10749 -18547 -3 20037 27162 -1760 3559 6506 -9984 7387 28918 -1034 13344 -576 -18630 16921 -9151 -3655 23503 -10072 19156 -11513 -10109 -15959 -2591 -26450 500 3786 -6122 3422 18143 -860 -13708 -2947 12173 4627 -17608 30721 -1641 -4349 11060 -6813 6653 -129 12718 6361 5923 3462 -4363 3558 -2041 -12925 9076 3555 9945 -32003 -21278 -1461 -18226 -7524 5579 -17392 5092 7101 -3099 -4051 23349 24591 8865 -27498 4787 22545 14318 -6004 6411 14421 5163 -5060 16038 -11614 11744 -4581 -16061 3335 -13069 -19412 -1150 -657 -2981 -24494 -8060 -4227 2545 10493 -5191 -8190 -13464 3552 11639 -15755 13223 -10382 71 -15619 4436 7617 -2489 -11134 -3321 3412 -1955 3170 -6435 30202 -9286 2382 3793 -8904 28366 -4419 10864 -8431 29300 -3272 8511 -24500 -8217 -20406 5054 2281 3525 -12724 -13761 -15699 5410 7791 -17665 -14687 14494 584 23926 -19597 9042 10446 8904 -7095 -4344 -22074 4557 -1262 781 -5218 -11797 -2518 11678 -12630 10095 13042 -22723 -4311 -7573 3236 -13080 -13065 28979 23621 -15791 -19299 18429 -7100 -19828 -9148 -3579 -9767 -533 -23379 -17209 -1604 -4594 -3074 -8080 14318 205 16338 -12868 -17574 -18574 3891 10240 6774 -15299 -24235 9866 -17614 7233 -1943 -4915 16162 4572 -4559 -11870 -4679 -3604 -462 -3130 -5332 -671 -13203 3412 14465 -27392 7521 -14814 -22836 3146 22974 -1445 9381 11433 -7547 -3790 7208 2532 -13541 1305 -10852 -410 2381 
10470 21438 4125 -2312 -20934 7757 -21362 2870 -18598 7253 -3365 -9626 -6576 -1044 -25258 3879 6612 -9965 17938 -20396 -19818 28589 -9404 -19802 14026 565 6486 23874 -1091 -20657 -10794 8891 -1605 2183 -8093 -9394 -14177 -6915 2496 -2262 38769 8281 -1449 15530 -9363 -2120 -3751 12272 -3596 -24020 -21128 20947 12939 21069 -5646 39265 1964 35624 -11552 46391 12223 11319 -11327 1955 -11434 -22089 39368 5436 14212 -4609 179 21528 -12611 -16489 5210 2040 -8613 4846 -4006 22746 41030 -37444 -26300 788 3991 26458 -8557 43183 7554 9455 -15399 15030 -30034 28212 23226 -23109 -8861 -5318 -7010 -23688 35645 -34553 -21629 -19471 12564 3011 -8101 3082 -18027 -22906 -9206 -16918 -20638 6847 16343 14838 -11914 -8265 23248 11845 -18189 -36191 13388 -1515 -420 19665 -4660 12969 -3270 -7358 8384 6322 6877 13724 7094 567 -14658 -5396 4484 16524 4177 -13340 12539 -17588 25588 7292 25909 8623 -8655 -6949 -574 2227 -4848 -3379 -8799 -4528 21805 7547 -7212 -10822 -7235 -5179 15500 13110 10126 4793 -2428 16348 -9598 1166 9094 -5055 20671 -10554 9589 15986 600 4705 -4826 17364 317 -16994 15275 14430 836 -10746 -15704 23084 -7091 -19990 6908 -14582 -11891 8495 -3621 19891 -3200 -16705 1534 -11290 9819 2412 2099 -28919 -9840 -1449 5276 6102 17973 3663 15337 18246 -4578 -24381 -6322 -19798 7911 14669 5628 -11936 4058 26250 10847 16677 11335 13679 17937 13411 10494 10439 18529 -5577 -254 24023 14383 -8516 -4553 4793 -12 -18544 4844 -1114 -2308 26388 4934 16637 4243 18409 -8356 -2556 
-17119 13393 17049 20127 -12089 2615 -10087 6691 -2501 4887 -1698 -3806 -12401 -1690 18047 -15974 2152 11639 19668 -4793 -11300 -12151 -21535 2736 -4607 17471 -6032 33240 -23910 -13137 -17444 -3997 -760 -2724 -6883 9227 18915 -10721 20390 21891 7251 -11953 -381 1891 11167 11322 6869 7730 -2438 -21490 -4085 12787 5866 10051 -7452 30378 -13866 -1800 14750 9684 -8257 30934 -25671 25907 4126 -27736 20312 31363 4691 -15316 3226 11090 -14444 -25111 19694 -8638 -5635 20984 -31640 28639 26356 -15033 9973 5912 5708 4013 -26348 33367 8546 -24722 -13932 17830 -10222 29025 4264 -5157 10912 7378 -28204 -8530 17024 -12356 -14016 -14696 4670 -25724 -16327 -803 -21303 -16141 18737 -15641 -1716 -22179 5959 4171 -10551 -31845 4777 -1171 10160 -8880 903 3426 -2805 9090 -32010 -5166 -2990 262 15728 8851 31732 13312 15751 24323 -19863 2649 -4710 1164 10843 -3563 18081 8367 14959 17414 26649 7113 -32923 -14061 9821 -17754 -18231 -12571 -16559 4463 17793 17148 -1934 155 -11188 5581 23295 3370 3398 14676 9398 24865 -28379 -2425 10968 24532 6409 -11158 -1224 5624 -15900 -5453 -16641 -11270 11924 -4676 7623 -5381 -11692 8714 7767 -7630 336 1299 -11020 -13339 36056 18892 -238 18996 -13989 -5326 4291 -5566 24600 25402 4954 -19348 -20304 -26541 8876 -18052 9021 24506 -7924 8849 -39483 -27289 -4674 -20642 2588 27484 -3048 -141 6714 -1175 -8440 -1944 20863 -185 15279 29900 17844 -12266 -338 -32276 -12031 15973 -1325 -2206 -20594 -5937 2086 8288 1146 1272 -19196 31210 1383 -452 -11331 16014 -14191 10272 
8059 -5501 7233 -5393 883 -5191 3777 -3164 10407 3159 -6393 11517 -21341 11755 -3524 -2807 21372 18261 18204 -28810 -17702 15450 8665 -11157 -23122 8668 11378 40520 -3389 23375 -6748 11205 -3269 21326 -9685 4066 -10384 6275 -4343 14791 5956 -6390 7484 5599 -8824 -2340 35766 5948 10973 10604 -14127 8937 -322 6532 7241 15138 -26729 13515 -18254 32836 5834 -16058 2662 11878 2539 -2803 17816 -3039 4435 7264 19195 -8852 -1247 -7785 4742 -5079 -3398 -34069 -11806 15154 -10699 -14621 -16008 4815 18550 -7478 28624 -2961 2353 2449 3396 7098 -8419 -1557 -9716 -560 -4710 3709 -787 -26692 2239 -19049 11501 -9649 -15489 -10328 -8405 3831 6412 8281 10363 19604 5590 13760 3361 6441 -3429 -5707 -863 -3945 5666 1451 2849 10225 -4484 -5168 -31420 5360 -6967 897 -11898 -22108 16564 9009 -22675 16810 -38402 12384 -8994 -7976 1242 12258 -3617 -3884 6662 12670 30902 25013 -1098 -8740 9912 -2272 7761 14449 -3254 -5332 -16681 13571 -19761 -8772 -19300 14760 24096 -2373 19859 23014 10551 -10698 -11807 4306 30274 -2302 20827 -7315 -3999 12635 17522 20116 -11917 14378 1095 17095 21205 4055 126 12442 14306 -7466 6826 -18023 -4719 -35416 -11014 6179 -3393 18328 -26483 -3334 -11454 14412 -4984 21190 -19480 4827 15941 -5786 -1240 -10997 7849 12230 14921 13252 -6472 -16030 -406 -28013 -3916 -4773 -24164 8872 5883 -20987 -10742 -12904 -11372 -11304 -257 -7021 19410 1198 17222 15875 7749 8217 11106 -13371 5246 -15153 -20646 -4030 -95 22096 -6061 5654 -245 -26888 4218 5383 -23271 5661 
-9263 11820 6396 -3968 -24252 10835 411 8923 -542 -8026 5852 -6858 -15223 9149 -11723 32264 -11882 -25321 5682 5159 2262 -49558 23582 10992 -11566 -16119 -4713 27260 -15416 20494 -7577 -21439 -4254 -5661 4244 -2919 -16650 5009 8935 -19914 25595 1033 9927 17259 10670 3051 4823 -11461 12588 -21524 -14225 -8852 -9123 -24822 7371 3797 19186 13654 960 -40706 1737 -8460 32916 5383 -14009 -11591 8486 -14375 1632 -40197 -3905 3706 14365 35933 -3829 -1874 -25733 35169 14485 -7357 -12450 19565 -7461 24054 7053 2981 -5222 -216 -5969 -21596 -2809 20748 756 14567 -20730 35647 -38858 -1282 -13463 3163 -4642 -32025 8575 -7001 14304 -10904 56965 8916 -1533 22243 -9308 22305 815 26686 -10043 18813 367 -2797 -19557 36147 -20765 2534 -33875 -16325 4993 -19188 5719 27237 -15833 -29439 10063 34632 -20604 1780 -9805 10819 566 -4163 10270 17811 -13093 31149 3747 -8179 -8197 35778 21375 25411 -14176 26214 -1630 8386 -2232 8910 21187 -4509 222 25768 4169 20888 -1422 -11779 -10971 20567 -16323 -24419 -10380 18714 -25503 13189 7785 -1898 21491 -793 2520 -1091 -8221 -3356 -27129 -44987 36822 11219 20635 -1342 16638 -2998 -4548 -680 9437 -39072 -8811 -2768 18974 -7743 13831 -14379 6061 48766 -2401 819 14705 -21214 -13238 -4036 -1791 9981 -4400 32763 22942 -17030 -23709 -21649 22801 34361 14581 -11599 12973 8997 8891 -19314 17589 719 13650 -20934 13056 2575 -7763 -277 25809 30035 10558 -395 35918 -4473 6574 4682 17222 -17001 -11548 -20779 -1039 -15273 -33780 -13806 -6214 15288 9876 1265 12954 21164 
9389 10378 10278 40938 35482 -16424 23103 -9364 -22582 17978 31442 9147 -49189 42849 -36020 -11244 24289 -35600 -6853 -21650 15613 -5827 15045 8210 -12035 10029 23418 -34820 -2927 18987 -10782 18979 -7030 -6835 -30859 -3069 -3811 3635 -19164 4873 -7049 25472 -11485 10030 13390 15049 -9703 -6234 -12209 -6590 12302 17948 -9663 -4079 -13962 19061 -1372 -1459 8485 13681 -1965 13870 -3097 21320 -1045 5429 8550 -19578 -10120 -11179 5958 17520 -14069 -17981 -19285 -16910 -2948 -42863 -9078 -8601 7029 -2174 -14565 10225 -17493 -6381 -23907 -12233 -5749 6665 4679 -16876 11270 8792 -25416 25670 -22708 22374 8350 11549 46766 13065 4529 -2353 32788 7263 24628 -14291 1724 -6568 -13185 28574 14434 20268 -10097 -15698 -13890 18028 -23057 -9051 -15551 -483 9724 1956 16013 1313 -2999 -4175 -26202 -26928 -16031 2605 3368 -4960 10139 13601 -1068 18603 -11672 -12439 -13041 -38485 20183 -20246 8784 -3740 -9809 31592 16367 -10653 -21547 -7030 19056 3700 -16411 -31555 13954 7708 -36776 30892 -9943 -3214 28706 931 -7130 27848 -24466 2426 14304 14776 7336 5342 -7936 -5309 20138 -10579 1029 24424 3042 15790 11881 42643 -348 -3283 -29861 -17270 -3500 17543 9429 -4286 -14609 -29384 534 -15166 -31941 5574 -21901 23807 -4805 3938 -25622 -10816 8698 -8436 25362 21372 838 -37610 6595 9955 -7769 -5225 -39555 -966 16882 17377 -7074 -12497 10563 5371 19883 -4022 -26932 -4560 3561 -21507 -11521 5673 7910 5957 7032 678 28193 -752 3870 13964 17775 -10670 -8811 5576 18395 3035 -9063 -9196 -17877 14052 -32080 9134 -10466 20692 
2687 -26755 189 1634 17367 19692 -16240 8097 -29456 -6690 2333 15102 15270 -37234 -9919 5371 -3395 1797 9561 6220 7114 -9426 -30732 198 -7110 -31753 -33646 6580 -14391 447 -9390 2497 -5481 13853 17312 298 -9023 -587 23977 -8510 -20719 11658 3324 -12787 8661 -13302 14900 -18261 -3597 -8999 11359 -7177 -25554 -16078 8886 -14136 -5740 11560 8846 -10379 -10796 42563 -5670 -13142 -21941 -36942 1636 -9185 -16026 6108 -31225 -18600 3307 -511 17532 -809 -13935 15062 35439 16073 -16765 7410 -26083 -10063 9530 -12152 12662 -8612 30192 -34215 24939 5986 -441 -13661 3652 -3687 -6371 13170 -26206 16478 -25316 -7013 -19358 14857 -27157 4858 -3445 11440 -12219 370 27542 47807 4401 -5678 -6579 -1301 -5154 -10874 5971 14162 -8470 10076 7483 10538 824 2793 40789 -3663 -30679 -3871 28154 19437 -2416 16654 -40903 -32183 2906 -1827 11996 -13911 -1364 15938 -44768 17390 -22359 -2844 -14297 2787 7396 15215 -26388 -7761 -16160 -20605 6125 -3513 21749 -2875 22245 22258 24862 -12512 2806 10060 -27910 -3651 -27965 -24442 8890 18647 -13820 35014 15413 -567 10239 5133 -11667 1146 -18404 11661 -3218 -21980 11839 13189 4317 -9308 -573 -17410 35227 356 -9438 3394 -18880 -17263 10248 7173 -19401 4602 -1933 -6027 26507 8726 4090 -24906 17943 7731 -6607 9875 -15867 -10228 194 -5722 10604 -7573 -20302 2274 1308 -10548 -3193 19097 8977 7812 16858 4510 21367 -20487 10061 938 -7737 194 8868 -4426 -17657 -24763 -31023 24745 -18589 28264 3702 -8520 8648 -7319 -14826 9781 6746 9184 3656 -19042 4252 -565 
-1298 -6629 -7107 -1950 -5801 -1217 -4694 11975 -1469 6889 -33161 15556 15717 -1184 -3690 8384 18645 19809 3294 7911 -13442 38124 1945 -20840 5333 -13138 7216 -11342 6701 -2312 -12824 9364 19308 -25589 10012 -22073 -9 -26787 -1356 7262 20138 -7090 1032 -11523 -515 7239 19966 -813 -32330 18299 -8310 -6870 -1847 24889 -17809 -22892 -7094 19225 -18401 2890 12289 -25375 8294 19242 2054 -3489 -4084 -7056 17820 -8718 -824 3148 28645 -34725 18799 13023 11211 16399 -16842 -20535 -8775 -15794 12826 490 -1094 12217 -17132 -4319 -7793 -3062 -9130 1793 -15347 -18234 -399 -388 -5930 -9726 9863 -6763 3327 -6108 20718 5945 -22939 -1101 18422 19113 7832 -7992 -33693 -17753 2625 -5761 3989 -6470 148 -4006 7754 -4553 1045 11930 10726 -5101 -16475 -17474 -4836 30755 17467 -14750 12072 36415 9614 4029 2302 4697 3549 -20754 3265 -3340 5582 37515 6596 -19364 4000 9842 14898 -200 -20117 -8660 -5252 108 7961 -29301 -3601 -357 -20890 9844 4608 -3985 22411 -8432 -17770 -14885 6404 -2355 -181 -7118 -14236 18543 19461 -19228 5415 10842 -467 -4391 -3416 5956 20901 -11699 -5627 2318 -8951 -6602 12383 14169 -17888 2211 1789 404 22360 27876 914 13540 -954 1920 18480 -7624 -1088 11528 8982 -2475 18340 5342 11481 -10401 -5434 -8003 -13152 8460 -8442 -21832 22355 4562 3566 -2155 -3783 -9474 -12191 -2087 -20761 14282 7935 16642 -6272 -24107 -17336 -15483 5038 5923 -6184 4725 -10924 -9094 43239 2637 -766 -15043 -17860 16573 4158 -428 -6204 18907 9049 -28765 2904 13314 2139 -9885 
1747 -34467 -11785 37556 22844 -3295 28010 8092 -24860 12123 21945 4512 -15854 5156 -22949 -14609 7862 -24706 -22958 2304 -16415 25053 -13235 31879 -31521 -21333 -3639 -9537 1740 2115 -6182 -3699 14005 -42060 -308 -25980 5457 -6061 19389 14450 13512 17094 -16489 -6826 11449 -6658 -4417 -6584 -27036 9995 24213 25244 -8782 -17458 -25982 26750 -12942 16981 18525 27772 11107 20770 -12645 4489 -22165 -15561 -15385 -19389 -1326 -16370 2710 -9559 30366 14537 -14933 -9000 -16177 -9861 -12524 12725 -2657 7377 -4237 12330 -4803 -16731 -9869 -27752 3969 -29819 -21892 -29885 -18438 5300 -29297 -3863 -13030 39016 -16216 28395 22000 -33505 -25568 3304 30819 3781 4482 -16100 5674 -662 -16431 36348 79 9052 -28489 -45868 -20440 -24199 -3576 12887 -22501 33041 13539 15989 26282 -1225 16639 -29643 -29570 -11704 2867 487 21949 -4384 2775 6920 7213 31391 39808 -24074 -3344 -7125 1644 12155 -8276 -14661 6192 15716 -2364 -16745 -30491 26155 -5890 -10984 -18325 -23122 29782 14951 4800 -15924 1136 2319 12795 23878 -29908 3678 -34956 -44913 20916 8865 -3786 33319 -9060 -20569 12548 9597 30649 33995 -33203 -4370 -7264 14014 -29692 7865 -19029 13803 20556 21835 21260 -13485 -23281 -33524 -22235 -27120 2035 8906 -3513 15072 36528 -11653 -22739 5939 41666 -10827 17665 40765 -5131 -19194 -25056 9667 -13671 -7703 -26309 -10648 -9594 11556 12012 -18406 -16044 23737 27303 -8138 -6008 8466 28788 -22841 -17984 14339 -28349 5547 6473 13229 12820 -13927 -17302 36394 -8240 -2159 -27068 -7302 2684 -3138 -6569 15951 -12341 3303 18147 30275 32363 -5200 
48364 21263 -15377 10451 5709 -27870 26415 -28499 -18000 -4304 -6558 21396 15480 -5316 -20417 1886 50 -2907 9763 -16646 22500 1588 -22828 5237 -9829 -26423 -2802 36402 14966 -17488 -36955 -25344 -24648 22780 -29939 -33451 6058 -8944 -15499 -11236 25141 16490 27287 -30351 -15982 40907 28144 16245 -26125 10815 -3326 -31333 34345 -16869 -32229 18915 21184 -8766 11148 -2209 22836 28535 21612 -5894 -23810 9544 9001 42549 7661 12608 -5842 40908 -9058 -7585 35747 -1006 -51152 -9029 -796 -16535 27138 2007 6149 2609 -10609 17078 6053 -96 -5651 -39824 26579 -9807 15447 -18136 2886 -29264 -34231 11495 8991 3972 -3311 2084 -2080 24107 -4848 -3183 -7973 -989 20617 -3390 -3120 35921 12444 15611 10521 4326 -2261 20837 13122 28003 -5543 16555 959 -8242 -5212 -46980 -9058 3581 -15719 -7390 -3275 -28981 13514 10467 -28725 -15879 2301 8812 -31665 -29091 -11601 -15261 -27099 -418 32224 -16434 22172 -13205 2174 49436 -19676 -25270 5163 2774 -4853 6258 -7958 18080 28420 -7963 -33022 -4583 662 -3177 -1869 -14708 12748 -12348 28452 -7232 -22962 -2797 29064 11353 -907 14036 -7891 -4016 6939 -9511 -6346 794 25158 -16490 -217 42699 -25495 -2651 -7271 -8365 21221 -4950 18548 -8990 -9332 -1653 -30369 19743 -33581 22480 15624 -26762 6078 -1544 -3211 -4318 -5595 -16638 -1624 -339 -14465 -2111 -15579 14411 14928 -9066 18451 8531 -1931 22485 11513 -12564 -33796 4765 -8363 17422 -28104 -4765 2184 22745 -48698 -29302 4681 21624 -11437 18079 41113 13074 34410 5696 -5334 -2891 6810 -32037 -10520 5823 -661 -18439 16489 -19039 
8340 4176 27539 -11571 7266 1405 -21985 -4919 -19175 3550 3089 6057 16290 -27118 1996 -23350 -1858 13854 25383 7791 -5343 -16447 -1220 -3874 4351 -7618 7835 15600 -17406 -9878 2149 3152 2369 14433 -2778 18708 13970 11127 -6762 -32866 -20961 11323 1160 -8863 -1442 16396 -3798 -8637 14593 -15256 17478 3296 -9648 -14946 30278 -6586 9858 -14634 18277 -7691 3113 16980 -10953 -18681 -5985 -7308 10884 -2477 -13190 8315 -27009 -10120 1674 17749 14257 19950 -11778 -168 9583 392 -9338 -7508 -27345 3009 -319 -15307 28448 -3927 30144 -8492 24363 24401 12569 -9915 -1823 -7796 1822 4757 193 -13828 -11253 5125 -73 33029 1763 -5362 -16242 -1985 6698 -10764 21507 2898 4738 -10491 25785 -1674 21196 -11716 10270 3168 -10493 -5707 3720 15474 -12297 14945 10437 -9652 2791 4065 8634 5497 -20476 17696 -13227 -26847 -6203 12709 -3841 -2998 3087 -29077 -9098 -15665 -23400 -725 -11141 -5052 -19551 22185 4935 -11416 37708 12693 12301 12223 11998 -10955 26944 -3338 11044 -19056 -17069 11938 2421 -14835 9033 -402 15677 8264 -20976 19799 9221 6807 2824 578 1830 -6524 10688 18547 8385 3507 5715 11542 11750 -2139 -8904 -3124 -5734 -16894 -9593 -8673 10482 6002 1494 20063 -24094 22218 -6366 -4367 18780 -4796 -4314 -12327 -597 -5275 12531 -1806 -2337 451 4815 25115 -11888 -4166 4546 -25263 11496 -11822 -10576 11247 7254 5984 11634 -6107 15189 -17651 -7182 6852 15854 -2102 -18080 16037 -7324 6779 -5353 4543 4681 26317 19454 -9630 2150 -2243 -2779 -29263 18857 14894 8163 -2290 11126 -5405 
-16309 -21672 4052 10472 -767 -18389 22026 -24931 27178 -21909 -451 -9462 -15226 -16394 -14641 4690 2779 36135 -21888 -25712 28597 -6419 -8724 4993 20784 -425 11068 -8049 19309 -18986 -11968 -23482 13098 83 6 -15485 16921 -35960 -17442 -21486 36423 -10688 7346 22199 2520 8803 -24507 24039 13671 6210 -18675 -5614 -885 -6868 -85 6406 -491 18330 13770 -6588 -5899 -12339 5073 -6663 -8969 7030 284 -9560 -8272 -14074 34619 4860 5428 -13804 8717 6235 2779 8705 -8871 -1699 9369 16496 35065 -10684 -14355 5203 13597 -21234 -16897 -4784 -20550 982 -8165 -18397 13404 -345 -13710 -3808 -18103 23753 14017 -4041 20718 11452 -3912 8651 1309 1578 -8110 27688 -19060 -39640 -13080 -18118 -11706 -9325 -5398 12664 40780 34583 31627 6860 31282 -3150 -1705 -3937 30096 -2955 -1046 12941 -4594 2213 25325 -6070 6016 8424 11917 -190 -3168 5513 9831 32144 15650 5950 -4489 -7831 -8846 -14487 -7547 -366 1108 7345 1041 17404 -455 608 -19303 -8133 5998 -3993 11726 29527 -24051 9618 14762 -10082 -5979 13591 -10101 -4053 -12504 -8581 3105 2229 11446 13074 -21150 19756 46915 -12555 3706 2115 4113 13760 2442 -2860 13845 12437 9358 -14925 21500 21614 4342 22367 -17804 3109 -1925 -6556 -636 16752 4849 4961 -12606 15688 17760 -9946 -24576 -916 15459 -18992 6605 4506 6367 -20884 -6581 5527 13728 -9997 -28993 7379 -12689 -8370 20103 13470 13272 7235 -5641 -2230 28385 14931 -19666 -20549 -9887 1921 23785 6699 7254 -20387 13714 8545 8981 -34851 -6617 10378 12808 6589 -30278 22543 9185 -13933 
10387 33031 3535 28730 4714 2740 21819 -13035 21614 -5684 14405 17946 4929 24094 11080 7547 18450 -368 -10356 328 9126 9599 -2202 2046 5017 2050 -38590 9741 33977 -26930 -18590 -13315 -22789 -25898 -10318 -31018 -33325 -5728 34942 6546 -5023 -19006 6300 -13470 2965 -10394 -6112 -936 5308 31060 13407 -11288 24424 7880 -23490 28633 -20970 24174 -9675 5138 28029 -5473 34832 31325 6640 -23273 -7161 416 43383 15324 -8168 -12329 -22893 10293 2504 -4503 12408 15200 -7831 19211 22019 22328 -5110 -13563 -8227 6626 -4071 -2377 -6890 3809 -4246 -9445 32351 -24062 3805 208 -21068 -14890 16473 20389 -24099 17205 19515 -5937 2816 19217 -21555 13829 -3456 35097 -2822 9548 18023 15332 16051 -4317 1847 22953 10739 6343 12396 21293 -13236 -4178 -8256 1533 6415 12125 13059 22967 7082 -27603 23598 -20566 2047 7424 -2115 -34857 -8857 5981 12678 8360 2350 3507 30738 44517 -3923 8235 -16251 669 533 7739 -9864 -22215 3234 -9916 2656 -3542 -23497 594 -4364 17486 -9677 -1199 -12693 21174 7518 24923 34026 -9404 11809 -26672 -19078 -8979 -41885 -17615 -22912 -6832 8609 -5494 -31709 -10665 22307 1224 -27744 -4653 -4442 5155 -4486 3321 -284 988 40654 24902 6356 3155 26824 -12992 -17378 23053 3171 8805 -36915 8233 -21277 -26068 -17759 -20546 14496 21193 -14309 -28962 -10851 13257 -7353 17096 -1705 -7442 34872 4268 -19940 -16734 -33797 4497 8711 6653 -9750 6432 4317 18538 -7235 -6283 -16276 -28366 -6013 -19903 -9616 4752 -8228 -13186 -18407 -12757 7454 3045 -6868 -5898 -18156 -3861 -15936 9924 
-1270 -14709 -6083 -16034 7772 -3872 14180 9573 14721 -4308 -21591 1175 18062 -16168 -15229 10677 26423 42962 -13295 -11555 -2273 22826 -11970 7197 -16218 -20161 -400 30708 -1774 -22587 -20183 -27280 -8278 -10175 -20670 -22499 31078 -54001 2752 -4569 21474 24449 16652 16502 -35122 17542 8093 20644 -15096 11381 -15803 -17020 13346 -4275 -35323 5545 -1305 6558 -6332 36512 14168 -294 -14817 -4907 -32972 -32484 16732 2527 19573 15074 -499 4561 7705 -26401 8858 14411 -16441 1182 -26141 -5912 16211 19695 11682 -18869 -21752 22577 6579 -6586 -2518 -48476 -16454 -18591 14110 2521 -17869 13414 -34906 -16753 -24057 21926 -5348 -17855 -20412 10296 -18977 21580 9293 -25149 31964 5392 -20702 -327 -29574 -5091 -9349 -20 8515 3461 20672 14434 11076 31632 -12749 -15856 -7461 -20509 -20377 -6929 12970 5429 15545 12731 18078 -3006 -11529 3283 21937 23521 -10757 -19359 36734 12064 -162 -15890 51 -48680 8903 -10656 -6899 -2418 4670 9715 5841 10307 14872 22291 -25455 27158 36020 -27666 -6531 -20123 -4825 21446 -7227 8280 6313 6423 1177 11507 -1970 8620 27243 2186 2660 -1792 23070 517 12820 -3389 24668 31079 -3709 -28793 1399 33187 -16703 5027 20870 10160 36293 11541 -1407 24550 -22114 4672 2225 16589 -5371 -8146 3347 -32229 22882 153 11770 14351 -3880 -25643 -33017 -21545 5112 7031 -19333 13805 16503 -18340 8662 -1316 -20518 4080 -1220 2675 10775 -14378 6455 -2575 -4899 -21685 4552 1955 -30517 -960 -21709 -17562 -8144 30603 -247 7959 6596 -18989 31035 -25461 -8736 6938 1669 -15945 9930 14405 35700 -36291 
38915 -9507 -488 17925 14599 -7178 1161 -41341 -14226 496 14310 12159 -16172 -5135 -29480 -2609 1783 -14997 -1838 -24769 25183 -16643 4830 -16748 -11567 6015 11574 -2194 19288 6953 -24656 11730 12444 15578 19793 -2273 2041 22057 -29257 -17580 10087 -9289 15059 5159 3391 17740 6282 4396 9133 -4265 -2426 -5203 -5030 -6365 5704 17961 9203 -14763 -6990 -6568 -3729 2712 -922 2886 -13015 29111 17446 2525 -22251 4018 -10025 27022 9746 -17079 33701 6218 -20913 -23666 5235 -41082 -11470 -7426 -2839 -6869 19498 -6979 6978 3749 -14334 5494 1977 -10316 3639 -8287 -1841 -30543 -3707 14720 -15241 17028 4323 16268 28270 9165 -7702 -12632 7598 -5484 12748 -1654 10804 14167 15063 5728 -16453 -25698 -14713 14950 -9522 23297 -11130 -28189 14049 1915 21936 -9409 18566 19961 -26637 -42014 -17969 -2553 11782 17881 -15002 -3157 8443 18122 -14582 10069 -26586 -28814 -6428 -18294 6566 -3746 -12593 -3998 -14504 34956 -5497 -8285 18003 4967 -13151 -9776 -516 -3349 -3073 -10115 8203 -6616 7884 -13172 -1421 -9777 -12054 -9491 -8241 8438 -25355 6236 11237 3045 28222 -6011 -6572 20201 2845 -16353 -731 -3541 8229 19690 5421 309 -4595 -1123 6781 -18987 18248 -8524 -11587 -13681 1933 10837 -48640 6815 -6098 23141 4198 -13413 16235 -11205 11355 2374 18043 -10779 -10746 -1078 -23054 1749 -5578 -4979 4048 492 9157 -29447 -31371 2697 19913 -7576 13305 -942 -2891 -5359 -31955 -7580 -455 35901 -14510 -11607 14012 693 8848 5504 21089 -4969 39275 18711 -8229 4874 5012 -19798 12709 8446 -26583 680 18506 -21012 
4725 38959 10238 -33856 -14390 7310 -7281 1419 1213 32859 -3075 1126 18435 -16326 38761 11756 -6003 12228 26039 14198 -18489 -9429 -2773 -22560 11674 8632 15864 18662 -13510 5743 -5332 9015 1936 20473 -18129 11238 -11228 13473 -7833 -12186 -6911 -6100 12020 -21158 -24826 11810 16533 4402 2896 5525 -11103 -30544 -5279 9877 15580 -25297 3779 -39873 -1329 -11811 881 -21668 -3817 8958 18287 27336 7858 12078 4030 29586 -22678 -12674 -12145 5562 12674 12864 2006 3966 -8361 -12302 16482 -10503 -544 1080 6224 21825 16000 21890 21719 13393 28008 12070 -2000 -5561 22731 -8268 4269 -19126 27469 -25673 -37104 -19767 23041 -9478 247 -18699 -11639 -25325 -3835 -37499 25639 -10913 -3194 -1643 4993 12857 4504 -14204 -18669 -22223 14567 -19400 -6977 4349 -25257 -18448 -19677 13782 21740 -3184 -16748 -21935 -37886 -315 -5966 -1698 -6438 -9185 -1153 -4186 4049 -24212 7170 247 -4467 -6037 4576 7019 -1164 -2309 20869 -472 12330 -3167 2642 16499 8333 28443 28264 9386 18479 -22348 4935 -24278 26153 17534 25342 5998 -487 -16997 10236 -8200 -13846 23108 -14131 -5975 -12163 -14026 -19003 -10546 -13703 -20108 3846 -24233 -3790 30057 -38377 -9105 -34200 4092 -7916 7979 7118 11632 9505 7984 -7393 9967 -32201 9071 12915 5799 -10221 -8012 -7340 -23422 6024 6882 -7007 -14451 -1237 6182 10086 20773 -6357 -12783 -25639 15228 4531 -8502 -13503 21000 -3327 -4919 -23817 1641 15164 -14993 -14777 -454 12530 1086 2518 25522 25113 -16697 4996 2166 19696 1553 -19403 8431 965 -11477 10665 -9819 26147 -14317 -1208 6538 
-11378 4192 -10937 5161 -40603 -29655 4340 13724 19706 -4448 6613 -1246 -13553 -28854 36637 -6281 -32923 29642 -5489 21173 -4360 -3424 -5212 19408 2956 5627 23735 18948 -915 665 16749 -30019 -12932 11770 -31960 -20433 40704 10155 6857 7375 25828 20047 13795 9764 2821 13156 2357 4298 -30005 10230 12184 28322 23398 -22175 22150 -10767 14801 -21590 50539 14572 12721 8407 -9218 -36498 -11789 2208 -7135 -6278 461 -6663 -89 10106 3116 15148 -10260 -4458 -15177 -5849 14572 30634 17643 9424 3833 20548 -12870 -19421 13446 -4660 -1074 -35613 -6649 3547 -7176 -18006 390 -25505 -18986 1223 -713 3456 5715 -26827 -5097 -8888 28607 -16502 -29887 -22376 -9601 3198 -1310 -9784 -13356 4070 -4738 -5066 -13970 -21322 53914 11560 -3108 27208 14340 11221 -5660 -8516 706 -21237 32784 21946 -17896 -18374 -24928 -8080 27338 -10836 -8036 6796 28192 -14936 -2518 -11920 821 23979 6273 -23825 19313 -33287 -58 -8920 -2508 -205 2350 15467 11725 12635 15799 24216 33171 -29336 -37915 -2024 -10870 19756 27103 -31300 3713 -10061 15880 -42625 -1110 8608 7038 -4316 -14731 25788 7407 -6332 -18734 -18518 10001 3556 -4481 -30899 -2374 9919 26094 31421 262 141 -24256 9806 -4721 1607 13200 -9976 -1343 3092 34677 -14641 16059 11658 25664 6765 -10091 20014 -42547 -7693 7374 -12275 23267 -6401 -21725 4708 4577 -41422 19748 13380 -16292 25844 -22235 90 -10737 11022 6808 5584 19903 -3061 -29377 -5817 -6943 -5849 23393 31057 -19191 26253 -4006 35329 -23408 -7924 -32892 6471 3296 10971 2833 3841 35269 15775 1771 5496 
-12685 27079 21446 -5590 1746 -15783 -12924 -5491 13848 -5915 5451 9491 -7798 32217 2519 6891 2776 -19117 -2301 -8274 -1389 6582 25839 -30627 5362 17276 -10652 -11285 -15272 36253 -15557 18202 4948 5778 6086 8151 -8088 -3805 3904 -8245 3655 6534 276 16010 3569 -11464 36491 16063 -13782 -15690 -3514 23092 -1795 17960 -15881 -3710 -7874 8429 -26030 33147 -1838 12664 8758 12746 11751 -19907 -9531 -5401 2186 541 3852 -5870 -45066 -34529 -12327 -8890 15495 846 -13230 -8524 -7435 -6604 -9868 -7369 -737 4587 -39775 32179 -20559 6494 -5729 -7106 -3084 20815 27447 30623 18424 -8857 28387 10183 46034 40330 -3481 -25100 -47050 -7019 11125 4424 18164 -10351 -8546 -25672 3878 26737 764 25127 9348 -1713 -14370 754 -17618 -13642 -3237 -17973 8993 10911 -4220 8783 -3306 -17156 4012 20807 3686 6077 21725 -6060 -2608 -18358 -27150 30234 -8006 18293 7962 -4725 20867 -1082 -14390 7198 -2312 -14105 26247 -14475 4763 -5829 -408 16367 -31132 -5970 -29407 20849 -24510 3607 18808 5522 5267 970 24614 42558 -54793 13742 17386 -18186 8109 -5502 -4831 7593 -5168 -23375 6795 2553 25137 18606 -5874 -24711 21677 -29880 9636 10940 17456 29702 12756 11062 3322 -569 -22330 -19452 15409 -2659 -5298 -8165 -8584 -11173 20 40318 11321 -16204 -4376 -938 -6336 -14814 2544 -6871 10180 1321 -4205 8387 -31565 17909 21404 -8411 -7181 -4881 7661 -19926 -1877 3241 2642 -157 16676 -23432 17633 4136 -6283 -2537 -14937 -8245 19342 -13915 -20148 11421 16124 24489 -19841 -1244 2150 7269 -19965 -15615 -22205 30132 
23477 2445 -8275 -7944 17474 -5019 28445 15983 -16188 18570 1786 10782 -5386 -2063 4813 5736 22379 -8952 7391 -8398 -9600 4374 13305 -11470 12229 10611 17097 -13988 743 19942 -18234 19060 15987 -3722 -30585 -17427 -311 -5198 7984 -17938 28752 9452 -11797 -31609 -2127 19637 25602 -19386 -22312 17521 -30972 11565 -9732 14804 -14148 -10634 -5136 -3018 -3423 -10168 9778 -1931 11380 21730 -18728 16061 8952 15452 4604 4665 8996 6566 -4039 -11683 -4986 -26355 10524 -3638 -30679 2240 -16742 -31273 6717 30251 -5250 25630 -17528 2127 10082 -1577 19531 -7833 -27304 -8972 6291 -7004 -3697 17531 10859 -12646 5266 -8460 8597 -10597 8818 -29869 33399 18684 -3004 -45541 -20513 -5430 19684 1342 26306 -13863 3015 10043 1787 6471 -17166 -2061 9539 9261 -21610 -16175 -5097 -12179 -9824 -23286 -10946 5096 13515 -7098 3921 -4950 -6753 5099 15554 5857 -17800 -8926 6173 -11791 14705 6182 31450 9386 -8454 11285 8010 11570 18211 -20325 -21125 -15170 2159 15210 11080 7724 13114 2448 -9099 -7182 6750 2435 -924 4530 -11939 6711 25488 -12833 -3299 30331 5947 12937 2228 10215 9616 4922 -11815 3276 -19745 -19555 5124 20610 -35644 32579 -5746 -5850 -3723 15385 30779 3297 -12299 -1482 5570 17356 -15678 17456 -11334 4934 19775 -10845 29669 3982 -6399 -9759 -10480 5705 651 -1987 8579 2464 7882 15843 -30361 -8831 -6613 -11628 3401 -8906 10401 7786 14590 -12493 -36700 11271 -14891 12999 13501 -10624 2884 11198 20365 -6671 -7367 -13688 -964 11249 -2072 4719 -6041 -12802 10347 -14711 16015 12040 -3026 20067 
-5744 14812 -4345 -3187 1814 -34098 9812 -13920 -22245 7382 -20342 14845 -17636 -17580 -7021 -7575 -9029 10090 12106 10802 -22529 17958 4999 -28114 12630 -13335 25320 -5761 -22083 27461 -2034 -15561 13018 -2299 -27932 -5948 33970 -616 -13949 -6277 25512 19597 15249 -4673 13356 42471 10761 425 -26346 20014 14463 8569 6854 -284 6566 -24021 17573 -25771 9919 10997 15115 2416 -9786 -18141 -16962 18746 21583 -6563 -11294 -2801 6956 14008 5445 -7491 17370 5797 -22916 -17288 -6935 -11223 3977 -36910 5221 13474 -2198 11489 8006 456 9076 8998 -400 1011 -28157 7090 -10182 -12790 -14509 -652 15442 -9043 24955 -513 2949 1640 5524 -29647 -3727 -17866 -11215 -26309 -6615 -12165 1912 891 6863 -21051 16388 -4289 12493 -2051 -30025 -10681 23066 -14869 16551 -18178 -1816 3905 20874 -24513 -22836 1147 -30909 19696 23120 -14117 -8584 10395 13815 -1912 2753 -5024 687 1847 3512 -14189 10048 -8581 -6361 -8555 -2424 50 27332 15179 2304 -15569 9553 17968 22173 7145 -9157 -17505 20716 -4120 20360 -34323 4041 -2646 -11442 3377 2391 -20302 12241 11903 -9480 17134 -11835 3497 -10828 -13421 28958 20293 -9708 -7758 -1808 -7792 8907 11539 14513 8185 -8693 11008 -5030 -20032 -13414 -4977 -17343 20827 9397 -6835 5068 -32766 24426 11280 38301 16143 -1365 -19672 13453 -12838 2262 -4367 -11727 -3858 6331 -36384 -8868 8581 -14820 24026 2829 6687 -11992 -6817 4270 -18433 -22887 -7782 -16740 3173 -10205 -2919 12676 18583 -2420 28159 32630 5695 -14768 28730 -21642 16074 -14107 18117 12159 4822 12998 8799 17263 12050 
12213 16055 -36474 14136 14130 -6508 24866 -15895 -35985 28646 26716 -3710 -13000 -30622 17447 -3606 -16188 9737 -3995 2354 7006 -13150 -13794 -7329 -9656 -6322 12916 20015 15945 41593 -9217 6083 19176 -1767 -35655 1315 16968 22076 -16864 -5845 13775 -10685 29154 -4320 -10881 1215 18921 -10956 -32031 22766 8177 15865 -4081 -48852 14367 -5377 35441 -24276 -951 -17195 13296 -4600 -8187 -50322 -22514 15588 -11249 -9394 -17198 328 -22040 1538 -3539 14162 28981 1769 -43060 -23831 -659 -2991 -4384 -3557 2534 -10505 19314 12138 23058 -13979 38302 -11716 14608 -1403 -7021 -933 24538 -41712 -21389 11281 -14081 34040 -22756 -45988 1864 -12168 -5727 -35402 23431 -36923 -3913 5417 28157 46023 -2967 14789 -22649 -11274 -13911 -27033 3753 20396 -30815 -5175 -8107 -15128 7992 -1661 -5107 166 -21609 -10005 -23918 -34846 -32659 19338 -4242 -26034 25671 13664 20312 -35065 -16044 -29288 -24874 26274 -1735 -21678 3459 29174 15428 10871 400 7926 -15623 -1742 -11776 6266 33369 42584 39020 10680 27233 -12035 7440 7840 19794 -22123 4763 -22930 15164 -15332 -18886 11991 4224 20912 18523 15824 1279 -4525 -31401 -28341 14602 6107 -15106 -5981 -18523 20083 12645 22615 20198 19385 -10846 -1148 -30795 -5847 26552 -4973 -11075 10614 812 13877 13859 -35771 40344 -21114 5875 1656 -1904 -15391 -38257 -34470 -24343 5926 1211 2318 -56 -16603 -13773 -1696 -25471 30760 5631 3524 -9752 -25839 7624 4600 -26439 -11363 -26272 21415 4368 -470 26904 18147 -19310 15045 6935 19404 6386 15881 -23378 -3887 -23608 7337 1892 2374 20769 -2093 17631 1573 
-4886 -815 30727 9639 -1346 4377 -35032 11597 11303 -11147 -12139 -5462 7662 12578 -12613 -30674 19279 13209 21062 14562 3387 -2221 16507 -3084 -8500 -6082 -11796 -8129 -15924 -6043 34023 -11973 -41536 1276 9674 11151 -5295 8315 5659 7594 -50395 11815 -16806 25101 24835 -12517 -18506 -20989 2387 -7301 22465 35307 15467 6095 12574 -7953 -17454 2435 -10385 6139 17071 -1714 -7385 -9967 11363 -45256 -418 -4474 6164 -9509 -27038 -17895 -2103 -14907 -18918 8616 31269 20282 13022 19311 -18034 8381 -40546 -11760 -2904 -30246 737 -1306 14191 1373 -3466 28947 43789 -1529 -12971 9495 -12722 -21706 -11122 -12640 506 25619 -22161 773 -17247 25054 -8038 13798 4273 23143 15023 2355 -483 -6310 32273 16762 35033 22614 32398 -7123 -14359 19064 -21314 -9717 -10187 33335 -11351 9790 22064 12113 30463 20879 -12537 10458 4927 -6922 -5799 -15852 4537 6074 19231 -4432 12506 -32912 1123 25327 -16178 -3573 -21279 -15626 -8660 -15787 21895 1188 15110 -2281 -12367 -26992 -22987 -518 -10121 -19361 -14698 23077 4825 4774 -823 35515 16357 16744 10368 -1019 -5770 -16177 -11267 -21829 -4832 -26464 26190 39519 14983 16645 17494 3831 -13090 -51222 2828 -3314 6672 7467 650 10768 20839 25390 -2043 3928 33949 -15539 2353 6805 8479 -11339 -11293 15421 -28102 -3552 18548 -8614 30260 1038 30938 -5085 -24431 15114 18053 -22578 20831 -9118 25704 14512 -8067 -13397 -6837 -14680 19281 -632 3478 -6704 28688 -32402 -6636 4560 -26688 -33413 -16030 -18520 -21136 31675 -14608 -15577 13387 -5495 -1705 9642 26651 1806 -7933 -3020 -23157 -3519 
-17631 12517 -6111 -3766 -1192 17253 -5351 2067 -10669 1930 14438 10037 -8972 12057 15222 4319 -14473 -25428 -2892 20451 -14866 -1156 8931 -1076 20283 19260 -10041 -8643 -3520 11143 -5857 19780 34738 -21568 14409 244 -20884 7739 9110 6984 4106 -16839 -2277 -23088 3296 -15240 10534 8612 11955 3282 17317 -9043 -11689 9183 12451 6973 -1532 15469 -2190 6415 -13737 -3089 2 23955 27813 11529 -11617 -15509 2756 1241 12908 -13109 -7548 9302 -3879 -5887 13014 -4181 -2344 -4989 -2786 1423 2017 11115 -2119 -1557 -7428 9625 -1949 35600 2167 -9809 -18928 -3348 10011 15734 21018 11865 26265 7915 15223 6920 33571 1689 5137 -10592 -2735 9321 -8139 308 4599 -8719 9915 -2942 -10997 615 -9112 -28045 -23143 -26352 7562 -6997 16360 15689 10854 7978 20474 19323 -4578 -7435 -5857 9245 -8690 -2962 20196 12313 -19376 -19820 -589 3177 -8885 20689 3481 8548 -13746 25386 -18288 18015 3876 -8885 9197 -178 1173 -9779 4274 -1404 21371 -3290 -10719 27863 20415 4151 7760 -13330 -7779 -1418 6971 -8799 -4631 4887 -7410 -13185 -14835 -11902 1478 -21964 -18169 816 -18426 -15844 -14813 -22934 -10943 19318 5898 -7858 11267 -3805 -11591 -11296 -28205 -14649 -9981 -21337 19545 4194 -3059 8590 22262 -19604 -1267 20513 -19757 290 8451 -13457 -7255 6390 -6884 22757 -22811 -9871 26155 -11992 -29234 24164 -23963 -8360 7906 -11016 286 16206 -5696 16349 -15580 -24118 7173 10195 -5218 -319 28901 26220 17946 4183 28325 -16086 5912 -13482 -21503 13093 -13611 29750 696 -4381 -15949 8046 1762 776 -8094 19274 
19768 23415 17810 26255 3368 -1400 24056 -20207 13142 30297 30694 18105 777 27371 16342 423 8006 -12712 15187 -12203 7838 17174 -10788 -7143 -24820 787 -13659 -5158 25123 -4550 -30823 13992 -10802 -2010 -30571 -40446 -25649 -13387 23564 -12239 -16387 -18705 7761 -10217 7281 -12023 -3819 10561 1288 -6914 13815 3540 -17006 19793 -36665 25253 -26080 13296 14198 5350 17064 3436 47100 40280 5112 -2736 -26702 -235 27038 17033 -15602 162 -23852 10256 7830 16901 -4109 17368 -8405 35925 35676 -4885 2145 -3860 -12350 19384 -7632 -1885 2579 -28834 23769 -15425 16215 497 31949 12805 430 4673 21345 6349 2820 -14957 -19860 1315 11983 39858 -31263 -5427 6896 2471 -20487 10182 41806 37825 18369 4106 -4630 18535 -14437 27332 -8434 16785 2385 4859 -16027 -8221 4113 -7682 -19193 18772 -9896 -21426 25716 196 -31847 -9251 -5491 -18650 -1688 -11350 -9969 -382 12731 5548 32136 12361 4804 22601 1399 9659 -2724 -6543 -10797 -27721 -28128 -1636 2142 19395 -17974 18010 -105 21168 6416 -13756 6055 22787 15119 2890 -3322 11125 22160 14550 -14796 -9121 -35979 18252 15103 15097 21572 -8005 -39746 -3102 5925 -7089 -13908 17841 -29799 17214 1677 12073 -285 -3945 47149 34354 -25061 30905 16392 -10976 -39722 18980 2230 25341 -14130 7226 411 -33328 -3687 -1623 -1363 7420 -18570 -19776 -9544 3532 2288 12122 10825 14708 36650 6961 -9090 997 -22532 -8664 27856 8522 -14010 24872 23586 -8049 -24318 -8941 -19454 -3258 -9036 4506 18099 -13049 16863 -2970 20436 -22151 55 -4233 -25047 -9240 -36061 -5176 -14089 14164 
15498 -14252 17925 17491 20519 2800 13675 8179 -16581 26481 6557 -2023 29126 -7822 -2744 -23665 13057 -2580 2835 -23586 9612 12217 -21125 -1494 -23579 -19842 3600 -38828 3453 -6116 -7377 16699 20019 -4537 18844 14971 1798 -22917 13647 -25975 -6075 -6286 -22781 -3022 -18359 -34447 6442 -6317 -14700 -4213 -45002 -4582 -44644 14037 -28120 -16832 -31014 -149 -14730 -21183 8347 -21843 19076 13537 -18047 -20165 -13763 -8209 5516 -13009 -10556 -13237 15087 -4812 8417 15021 24520 28054 -21757 -3716 -15584 -14636 1470 2108 23157 25121 -28988 5801 2482 -10869 110 1079 -27658 11407 25156 -2664 33796 8427 -13383 -21838 -9610 -20781 -20888 -9137 -25666 10195 11343 -7187 -1755 -29418 -19593 -13171 2047 8253 -13014 -30688 -20315 -8336 -25621 24877 12617 -359 4057 9509 1028 -5127 -15715 -21417 -35534 -6197 7527 -1434 28104 -16057 -28926 -19001 25639 12412 6901 26090 -3203 -7151 -5792 16559 -15179 160 20036 6206 -13368 -22612 7484 33208 -16153 -44320 -17850 7368 -46533 -3397 10394 -5868 27601 17469 -12934 13806 -3033 15611 267 -12429 -48310 11437 23197 8350 -3896 14447 4931 53771 27359 32313 1360 20310 -8185 7678 -23442 -27144 6092 23149 -3022 13819 12273 15301 39020 10473 728 18338 -37262 -10705 21000 -9496 -30011 25667 -1255 12089 26264 2593 -776 -10169 11201 9067 -14224 -44607 -1454 9150 12795 7937 -6278 13750 -7349 13564 -13601 -19162 -6881 -4479 37149 -12702 20015 -5614 -23628 9626 3437 -2161 -7925 -23699 -42781 -1540 -11491 11641 -19406 -45611 6635 -23528 15848 -41076 -5832 17743 8464 -13106 707 1340 28974 23181 
29251 23640 10612 -9250 -1049 -25360 -8280 7932 -7101 16902 6523 27157 131 -187 -11597 -25088 -14381 7241 -4999 -1365 4655 8284 12083 -11490 -7151 11738 -11637 -5561 15802 6505 1150 1522 -17581 18650 27341 45 11738 25101 5570 -13468 -11639 -5749 18813 -410 17523 822 29691 -6618 -24929 38495 15220 14816 -3881 -3384 -2587 -21885 -3342 -10364 -16548 -11179 10417 7906 29312 -1716 1280 15458 9565 8880 -418 1463 -26156 15577 -178 -7570 21917 7498 3073 8045 24325 -1466 -820 -2891 13050 -33992 33069 -21937 -1996 25494 -9786 1361 10766 -1457 5192 -1177 16684 -37763 -14389 -27181 3807 -6821 -12299 20864 6598 -12073 -40944 2988 -12975 -967 16967 2514 23183 7219 28550 30593 -8338 -4978 -1652 12002 4997 6697 -15548 -14025 -10223 -10337 16752 -4428 1457 500 8071 -16516 -23036 -1579 13255 33171 -2485 -26012 -10474 -29298 8062 37985 -29332 1148 -3490 -13749 33182 26555 10363 3661 -27873 25533 -14105 -12541 -7274 -6386 -11384 8126 2343 4920 7000 -1354 -13593 7320 -1559 -4397 16581 -24955 16897 13120 -21142 -12561 6044 -14782 8336 5951 6569 20689 -7024 -5645 -9333 -12580 -4428 -5148 28412 -1524 21865 -4008 6956 2374 25409 -2234 11225 7567 2849 -17011 8145 -11826 -1735 -12390 -7923 22973 -5766 -4760 20792 -11504 -10479 2353 -18006 4538 -1578 11023 -17207 -32504 32739 -567 13517 -2242 29852 -2330 -14031 -6728 -32572 -10952 -5890 15846 19544 -21455 -9408 -21154 -7350 11864 -6392 -5436 -13371 -25847 -26261 21854 6705 24773 -7957 -12749 -30788 5721 -10 27795 53589 -33276 -11078 -4907 -3505 7760 
743 -7784 8069 43350 -3089 5787 -20543 -15478 -25735 248 -5047 7206 7509 28882 -15113 -33525 14321 -19801 19998 1241 8803 11355 9543 -1640 -20997 -18457 -9072 -13223 2145 3949 -794 -6285 -14719 -14017 21050 10521 -12222 6679 -11259 14883 -11784 -8198 -21692 14710 -3867 -8126 2013 -13758 -26144 -19759 1902 11164 10674 4958 -20793 10681 -14253 6960 -20966 15311 10222 -11943 -6043 -5174 20804 -25420 -26507 -6217 14173 -26032 -2540 -573 11351 -11938 -7495 16807 16088 6923 -6273 -29004 -27628 4192 -28707 -12066 1831 -11525 -24168 -20154 -802 11515 -6798 16499 24008 -5157 1851 2945 12706 8002 -7321 -7592 19486 11097 -26284 -4655 -21261 7642 5764 -4701 7335 23292 -6533 4488 -3781 10016 1941 1143 3201 6051 -19439 5264 -2209 9920 -18867 -13515 12968 28734 -20954 10599 -14821 -14045 19480 10608 -4813 12599 -7517 -3980 15144 9915 -12217 9578 336 -7610 -5093 -19214 -11721 36246 -9397 7325 -7242 -20406 -10552 -13687 11646 -13306 5069 -9403 -32341 -16421 -22664 476 1538 -14903 -12631 14749 -6302 7793 17529 1158 10493 10660 917 -12179 -3042 -16406 -5045 -16056 11586 -9352 14137 19071 25554 27639 11304 9031 -2300 -26859 15072 -12296 -11227 6578 18224 -12373 -20838 -468 1141 -27169 8489 -7783 4842 15923 -6654 -9895 3901 25281 -29805 -984 25746 -333 7302 -16359 -5264 8884 -14685 13085 -3348 -5555 2260 -10070 11342 13683 13433 -3818 -14979 -7787 -3666 -8692 -24258 -19925 6996 -11308 -11697 3496 -2178 -3867 11737 -16732 23 -7189 3372 -4498 11589 -8798 -11294 -2035 -769 9075 -18586 -5087 2786 -6187 
-9617 -10472 -2010 22755 -943 -5204 3091 10975 12740 -33956 9309 3617 -8054 14734 -7770 -6525 8216 -6172 -27004 -3419 17554 3021 6565 21668 10694 -2048 -30933 -4680 15871 -14388 714 -12962 -18646 -20289 11647 -10503 -7487 -9929 25292 5814 14184 129 -15891 6219 14306 -16569 2492 -11558 -10860 6199 -2344 24178 30258 -9817 -12206 17247 -14064 41700 -4527 19691 12055 17953 15634 695 -777 -44303 -12656 -2341 19030 -13368 18846 -8514 -18467 -2693 -26525 -22481 21910 10928 -4883 21591 -22464 29067 -12199 -2788 -9571 -16422 -25771 -7301 -23672 -3092 -16560 -3675 13996 -18385 -7980 4171 -9427 2179 -5636 19898 14761 31858 -4371 -7434 -10326 4503 8587 30877 -5563 36201 -14676 -4759 221 65 8726 1852 8233 10087 28419 12399 2261 26983 -8309 -3203 4387 25321 10202 -10180 2483 16751 27933 8925 26149 -16334 22723 -337 1048 -13685 -4613 21652 -1736 24618 -11812 4763 12945 34308 1556 -10308 -8596 -3565 -909 4190 -9530 -7178 13673 -6248 -14182 -27818 -24893 -10134 -23694 19118 -22426 32179 -20090 -5054 -365 23834 14085 -10137 2879 -17019 545 -16054 -12290 -372 -7791 -17799 15999 17861 9241 8011 7980 1402 -2151 -30193 34364 13996 11656 171 690 2226 13624 5467 -1350 -29125 34161 -8310 22218 3654 -11383 9055 -18078 16204 -16103 6869 -21055 -3047 13833 13877 8094 -13880 -4725 88 -3795 15524 248 -10803 11844 -2621 -11199 -29370 -5348 10907 12287 288 -5946 7675 2721 -3179 8749 -633 -3785 -19898 -23581 -12807 -25904 8818 -30400 -15255 -2131 -4016 -3829 3876 605 8042 -7554 2759 -15087 8842 
-25011 -2137 27243 -20945 -48429 9733 -23009 -5154 14914 33895 7678 816 -21342 -14743 36081 7625 -28565 -9312 6620 22232 -18272 9512 -18605 -1840 507 -4905 20735 14635 -3159 12959 9579 14267 -16645 15281 -7421 2320 -8559 1811 -6051 19170 14476 3598 14271 2871 -10627 8857 7394 7354 -25979 -29236 19330 -16289 8492 7565 11340 -22272 2306 -13206 40291 23195 -15656 -5979 -6684 11572 31682 30256 -17007 -16244 11946 17524 -6343 -25775 4831 7977 -1523 30203 12291 -2834 16528 1051 24287 -1637 5439 10900 -14690 -482 -8170 11288 -13750 -2510 25168 15142 -22557 -4349 6127 8109 14057 5389 32803 -36211 -15492 -48518 -6218 -11348 38460 913 -26012 -29511 -40969 -34395 -2169 -12265 -8537 10617 -9995 5156 -3896 -26438 -32805 -16954 12425 -6279 345 1314 -19420 -6266 -1596 13781 27765 15229 -6510 -15834 -48000 4201 -7203 -3916 -12198 -8219 13250 -4134 -10955 -676 4655 15086 -19318 -6573 18337 -4598 25768 -27729 9430 -8946 5421 13765 -19223 3194 9417 26720 9723 -3002 -8511 -23707 11998 -15361 23800 15084 9208 -16425 16525 -35095 16811 12546 -23362 -8697 -42598 2131 13534 -12706 -15366 -10649 -12826 -21129 1612 -7151 -11895 23195 -8806 -31909 -29906 3559 -43569 -22412 -6192 -6280 -3487 9364 -1553 -8560 11085 -21066 -13624 41866 -17003 -2088 4750 -13616 1637 14665 12686 4983 -3860 -18560 -1028 11219 1489 -28530 -661 24186 1852 -20588 -8046 43143 -18072 42770 -30137 -5361 42272 -5556 -24177 -30206 19905 15267 34324 38449 14692 5594 10024 20692 4384 24577 -8628 5366 -210 21392 -24983 -10744 9880 -4427 -6922 -10494 
-21648 -11785 -6765 -20611 -23887 7868 13302 963 22474 -6729 -17607 -9101 9628 -13654 30499 9922 -5861 11222 13975 8799 -22997 16710 -4526 -5416 11382 4205 -3212 6026 3436 -3312 -10404 -3955 35431 -11914 -3848 -19532 7132 -24191 2434 -5335 27874 -32316 -2342 -11453 -6291 -543 -11043 21493 36492 -12605 -20316 -9274 -360 20993 -5174 7950 -7834 13921 8323 10994 5231 -15663 10018 8711 12024 8738 -13212 12534 3410 10755 38777 -8470 -5123 13957 9 16577 7536 26252 -27314 14398 -8227 -15416 17918 12881 -3872 31063 3745 1617 -8088 14180 -8945 -15948 -28838 5232 20409 -1765 31199 -6177 7665 280 10951 -9234 -8453 10495 7603 -1519 -9705 7931 -3690 -1952 -30043 -57335 50 -16690 15329 5407 28416 -9583 7176 12855 5944 -347 18922 763 3551 6110 581 -9056 9311 13458 -766 -2573 10160 -5465 3236 13281 -1245 -4970 13744 13916 5885 35739 11163 21217 156 603 5820 -2653 -11135 -4296 29742 20435 6253 7623 7166 979 -10394 -4735 11806 -15457 10982 16357 -15954 2051 7054 -17749 29502 3644 -32873 1015 -3404 -14568 1130 -6752 -26072 8730 8870 -5526 17939 -13355 -160 -25660 -23911 9024 20962 6585 4401 10699 -21874 -6939 8600 20056 19145 28189 -12374 3676 26275 3399 4030 -11770 -2971 8187 -18513 29573 7445 -10671 11349 31658 2747 -3744 -11251 21004 22422 -10702 -24912 -6002 -11678 19213 3106 -7519 -1408 5926 18866 -3069 2280 15404 -17236 22115 7469 -5210 -758 3886 -13399 19714 21389 -19772 2945 -31920 19709 7380 5463 -6071 -438 -3047 -14157 177 7723 17479 14989 -9393 
18272 1200 1912 -15759 22621 -15348 -5246 9296 5710 23463 40937 -4290 -35139 -840 -14156 2587 10658 -24551 -10150 -15296 8225 -17438 5250 12858 15072 130 -6309 14516 -78 -7591 10006 -23087 -6980 -8609 -5051 15883 -21641 -2226 -30293 -19178 23197 21438 5455 20491 3246 -4379 -24859 -14565 11098 -16347 27692 9532 27061 40675 145 7364 -10208 541 7953 23970 -15954 12330 3035 -22350 3623 -2690 -9525 11451 -2549 -180 -750 14203 -6513 17648 -7295 -18325 -1250 -8906 2814 24834 2863 -4955 -2433 -13309 8566 -19439 812 14400 29828 -11057 -11451 -12949 -4444 21371 17021 -281 -7944 8461 12509 -28447 6699 -26666 22913 -15950 -211 11587 -30464 26260 -2157 -12873 -30112 2677 -10386 -8074 39288 -12139 -13840 -6626 1228 13505 -2056 -40007 -16155 -6796 14993 27653 -6182 -14490 2068 -1163 -9357 -9195 -2605 19748 -25998 4371 852 -10938 2911 19043 15419 17499 9851 5514 2572 16412 -1841 7346 -14913 35190 1282 -1257 12224 -17019 -27648 46474 14135 6959 5030 13283 -29053 -9487 -2913 -6358 4081 -18494 -4581 -3024 -3603 -1391 26112 -6367 -6388 -26461 12719 -11431 14065 -2477 -11495 -9652 -11683 14254 -2882 32331 -10034 3649 -22905 16999 19083 -18698 -9563 -2880 13514 10923 -823 -21006 -9327 7712 -1185 17526 -3556 -2999 -4135 12233 -2020 38713 11826 -4790 20211 -20176 8792 -16162 7909 -37346 21694 -439 27747 -5731 -11243 17932 -10043 22027 13147 -13168 -19654 -20364 17700 -5354 33795 -1309 -18045 -5715 32998 -36467 -3984 9319 -5722 29787 22467 6426 7053 -13796 -30305 6262 -5569 27981 562 7900 24365 5437 
-8917 -21101 10102 -31086 -10528 -22363 -5290 36671 5651 13809 6621 30800 4661 22566 1378 10349 -6838 23072 14171 26637 23842 10326 30074 -16504 14745 -30 -11501 -31760 -9263 12726 -6027 -20569 13865 -13506 30057 -2522 -6176 18277 -17825 11949 -8639 -1252 -13812 -356 10840 344 -21461 -3791 7792 -5927 22998 16374 18558 -17141 -16203 6982 -780 1050 30540 28892 -8996 15309 -20200 -20487 -867 10054 -9359 -25531 11915 19580 -7594 -6926 458 11386 21634 1289 -18241 26236 16177 -11907 25080 -3519 -19967 12869 -9287 17940 5698 -3373 9360 -21094 28391 1009 20869 -15923 -3553 7375 23869 -275 1541 8502 7411 -18832 -31203 -1462 -20035 2247 -8289 9267 14116 -20199 -1600 -8900 -1112 -28541 12267 8534 -30073 -13301 -26591 14335 -6652 14561 29494 -2633 -8819 20021 3783 646 -12881 8667 -14773 -8580 -8912 -15972 7263 1795 5146 12577 -8140 8619 9009 -19159 19842 3601 -23524 -30379 1451 -8004 8530 -31871 5721 956 -18608 -1811 3208 -18022 10044 4562 -2065 8936 -20666 -456 3597 6456 -8368 2472 9599 472 -11907 -2924 -24904 5485 6289 -11326 -8721 -6802 16909 -1990 23279 8040 7230 14814 -23705 10181 -27164 9170 27636 5295 9226 -10893 -1360 17098 8058 9050 -17979 5981 10368 450 -1604 -16886 18446 6839 -3041 -28124 -8730 14344 -6413 11152 -45587 -9123 -8788 -26844 8432 25994 6641 4860 16410 14278 26694 -9039 -3323 6342 -17620 27435 6631 6032 7444 27339 823 6375 -8872 15047 -27777 4023 -18268 -20225 1821 567 18479 4965 -16595 9635 -15704 1394 -25658 -47015 7730 6607 -25196 -21856 
-153 19737 3335 11034 7442 -13948 -2549 13951 2048 22474 -25992 -816 9875 23944 -20258 15724 -10298 16711 36895 13935 5740 28391 2291 13622 -12240 -12489 22951 -10724 -15133 -18615 7237 -19295 19194 -5744 -6119 2908 28975 -11773 15917 -11959 12710 15232 -11974 -4571 5566 3123 -11506 2865 10885 694 -26742 13990 39130 -16474 16357 1893 9381 14367 -15888 -3596 1740 14230 -9777 8443 11903 -15781 5198 -15453 29273 -6626 -13336 -12342 -1966 3249 348 -8129 -16589 1947 -5335 -8067 -10497 -1113 -16013 8489 6422 19666 -19358 -9675 -10267 -10697 -14390 -7784 -12127 -3547 23733 16148 -4911 -6703 -21381 19685 -3489 -22935 -10380 23119 19881 5609 -965 11842 44757 -2530 27382 88 27021 -4535 10431 -12112 -8500 -5595 22743 8901 -3975 15450 8175 9041 -774 2776 -10064 4349 -20215 4906 18022 -31279 -4290 -28464 -32122 4413 9603 -7184 -25126 -9628 19224 -30656 7813 4670 18869 -20834 4538 -14009 6097 -6197 10924 -3642 -15708 -6561 -465 -31305 21390 -8616 -23239 5099 19821 10898 -16620 10501 1880 -892 12397 14844 -1633 12572 -35369 7163 -23074 -13964 -36413 -9878 -2263 19542 41606 -291 12856 -33640 17578 -15 18410 41005 5022 -8842 -14753 19753 -20090 1881 17495 -48626 -20173 -9868 20272 10709 2311 1066 6191 -1745 17766 16006 320 3932 -7405 13422 2833 -28424 1304 -15629 6593 13979 418 9928 2011 27129 9911 -40160 6294 -6470 -10901 20769 -1082 -6051 1264 -12379 -14371 14590 -8034 2993 -14359 13466 -24802 -17407 10837 -12667 -5711 19433 -10437 3553 -4976 3639 11250 -23191 -3739 -7794 -16227 -9137 
19585 15146 11426 22495 25350 -11637 -764 -751 -10223 2952 -7615 -18028 3931 7570 16737 -992 335 -20856 -13643 4237 -4788 -16583 8000 -16355 -113 8696 -12371 11069 4422 -16224 18886 -23311 17695 -8339 -7110 -8417 14172 17556 1100 -32814 10598 13104 -17242 8737 15751 -4051 -41978 -6025 4120 -11705 12356 -10863 41844 39806 -6261 7195 -15454 24431 -4609 -6804 12875 4196 5407 -19195 -3571 -13813 -7549 2929 3485 -451 -22933 21588 5055 18966 8011 -21121 -31324 5472 -11113 -596 642 5265 -29589 -4503 17187 -3237 16592 -1820 15955 -14946 -11660 -14925 779 5903 5566 2065 4164 13887 -23913 -23534 10794 -39393 -12605 -12662 -1470 15314 2123 -803 -9386 -26815 -2394 -8042 -27261 -2702 13012 -8155 -1327 11170 -29267 24298 2458 -17893 4883 -12327 11386 -910 4060 8583 -49910 -15678 6311 -14109 26478 12463 18596 -10062 3923 -5170 -3351 867 24661 5561 12129 4061 38268 15541 29312 -1225 18451 -13501 -11664 18540 4510 -22940 4835 16970 19120 4017 -11723 -25615 -19639 13523 -17860 -3813 -8563 6940 -4198 -8281 -10934 21082 10121 5991 1817 -34329 -8292 -11517 -10635 4270 3570 -7935 -3809 -20043 -1743 -6062 -4997 31027 12228 22913 5999 7125 1851 5300 22401 -19687 -5090 -11792 20276 15964 6364 -3412 -2847 -25095 15282 15419 -4867 16740 -17212 3188 -576 -14540 14155 -15584 -3740 -5632 34364 15270 9762 16021 18578 -9342 -5176 4369 25131 31916 -263 -7496 1428 12068 9380 -7269 -615 4593 6202 -18630 -5586 12973 2699 -5907 23960 -6737 -23312 -21797 -20420 24072 9288 1724 -20865 2244 4944 -22256 
-30612 -5338 2349 -709 -7234 -1746 -15107 14699 -8243 -34159 16577 11965 -21600 19012 4866 9533 47441 -7226 -1496 23708 18213 -10952 19634 14831 11956 3941 -19522 451 -11749 13115 9029 6567 -12072 -10495 -16590 24901 -18444 8532 -9028 -10633 9680 6711 -14505 7872 -5214 3911 5987 31813 10138 -15026 23707 -3942 -18754 17032 -3114 14650 -16182 -8700 7830 19995 -28117 -1320 -32361 -11772 -12769 -27831 -15063 17377 18677 -13206 -20982 -16818 2279 -986 35448 -11989 9033 29558 2419 -26653 -9813 31763 9052 12853 -19270 3798 6417 -1655 8059 -11574 13924 15090 -11488 12501 -19782 -2919 -17430 5726 686 -15798 19278 -37056 8073 -17020 -16892 5894 -39999 -1599 12172 -10276 -25804 12682 -4171 34470 22953 7256 -14340 -2351 214 -5218 -26944 -7298 -16347 -4264 2345 16362 -111 -14749 -10506 30340 -6468 -14586 -7028 3896 550 -1135 17380 11219 -10537 28562 13228 -11151 28995 9059 -3280 19587 20018 -6258 3203 3324 13701 -3061 -3805 -17279 -4429 7905 21402 -11018 16123 -19374 2921 4087 6827 -16540 -19005 -5979 -18864 5015 4299 3651 34029 -14400 14574 8304 -21446 9046 -2503 17046 -3587 12135 -25894 -10890 12736 8952 -6041 18277 12235 32285 20523 -4520 -19299 -2152 16152 14542 -21634 26693 11806 3030 -5278 -7581 -12180 9630 -14563 4167 -1954 9781 -12685 27870 3071 -1290 7858 -18691 -19773 6135 6473 -6196 11561 -8062 19817 8386 6727 7764 11239 18319 -3338 -23816 -3417 5044 14485 7594 35060 15982 -22049 32414 -4325 8581 26319 -8087 -28239 -8927 -260 -7911 -26367 10329 -12147 -8530 20961 1080 3380 -2104 
26381 6714 14084 -14456 1594 9859 9543 -18131 6314 18401 29337 6697 -41757 -32603 -17182 -1874 -18043 635 -821 310 1692 8535 -1110 -12983 12018 -1626 -3340 11424 -10770 -19633 -10692 -10741 1122 -1637 1164 -3845 -45564 10480 18689 -20618 528 -3552 -14870 18314 -6788 -2745 -9321 9338 -31946 6417 23078 -5369 -10611 -13629 -2861 10562 -4416 -25 2899 2754 3357 -33595 18430 1055 -484 -1659 -10293 20787 9529 -24512 18146 25839 -13943 41585 -15085 8477 -7766 -2260 21416 -17217 -2331 7107 5513 -36440 18332 4638 21212 10756 12219 -5758 17424 10907 -14541 13897 -21108 24277 -2668 -20775 10384 18491 8950 -2339 14750 -21410 -18165 -22556 580 -14848 -33345 13464 -7145 -4954 -28776 -1145 16955 12078 19065 4097 31233 -863 -3940 2617 -13889 -11032 -5107 23299 1292 -23227 -1590 -9545 -11558 10954 21465 12537 4963 -25721 2722 -1324 -7652 24837 -3463 2518 12581 -22445 -24421 -14479 -9378 31446 8172 6181 -13669 20475 -18000 26613 8738 -19517 -23923 -534 8349 2130 -14058 -10998 -7621 -37372 7538 30357 24229 8840 12100 -338 17667 9438 -1539 -8905 -867 4385 -13671 -48 4053 19092 -18126 -13044 14291 13301 -3055 11749 4947 14195 -23570 -15397 20588 13787 -46750 9902 -19443 26914 -23401 -20970 -53914 10274 23421 -4723 23926 4269 -2890 -14069 3139 3804 7922 42590 11379 -14481 -10863 -9047 26760 -5872 -3280 3256 17476 34504 17494 18154 20313 -23442 -25965 -12369 -5816 -16699 -6884 -13322 -866 -1325 21018 14512 24459 -5044 -24487 -34728 -9390 -13572 -10229 10019 12961 -4931 -38799 -3453 22298 -31496 -503 13768 
-30435 13728 -32866 33851 -8796 13447 2023 -7429 -25030 1021 -23709 -14316 12506 -37616 -17572 493 8699 -22843 -11663 -22596 -18762 8702 -34986 -8002 -5243 -19886 -8952 -830 -6504 -31543 28107 22855 -5366 19308 -5204 11448 22186 -23220 19952 -18025 7720 7612 -4363 -28293 -12241 -19381 8825 -3186 4689 17158 -31778 -9722 -17560 24770 23427 12442 5638 -13510 -34067 -33448 11413 -7337 -9785 20037 -25300 -6717 24817 10254 -3146 6511 -2432 18310 -4921 1703 -35343 39459 11010 -6363 -14949 14989 -12111 -1110 20042 -25868 779 22626 -420 -26340 -35126 2906 -32966 -4515 -40858 15639 -872 477 -3033 -7451 -18306 -14261 36306 -4988 -10234 1506 28271 15825 -11628 -3500 -1101 13290 12898 -13401 12869 -4689 -12163 -39485 7988 7915 8486 -23630 -8799 -15601 8855 30831 -7248 -3293 -35101 -1858 -13582 1072 7747 14476 -29874 13291 -18531 12227 -24407 1384 -3385 6222 -27541 -1681 -26876 26110 35061 -17186 6508 -19166 9506 20103 -11273 23974 34754 -6057 -8770 12022 4797 3253 8333 -24136 -19702 -28559 840 -17032 10201 26284 -23189 930 15309 5536 18901 -17473 6798 -18927 -10625 33954 378 -22230 -2487 21345 9524 -16393 31382 -22388 -170 5120 23926 -24367 -984 10705 1760 -21282 -4540 -16001 6848 -3060 -6653 10552 10375 21881 -14577 9461 3284 -628 14886 26562 7144 -13134 15848 -6039 17628 4263 22193 -9015 120 -19282 767 -7531 -6849 -21091 2900 -33009 -34161 -34599 -23033 11450 -13291 -6944 6421 -2055 20332 456 9863 -15973 6941 6185 -7893 -2207 3209 -9680 -2218 5012 19150 5813 53044 5628 -15445 -271 2948 -456 
18799 2284 2274 859 -11835 12756 12652 11767 13261 11705 8813 -17751 -13262 -15141 -4059 -14912 3961 -6428 -13365 -804 -9678 -12367 -22155 15434 -5102 18418 30757 23843 -263 -24048 -6228 7297 -11134 24042 -6758 9130 -22729 -2670 9129 -10614 152 13614 15242 5527 -5047 27530 24269 5419 -16249 12068 4319 3869 -10792 -13241 13536 -13341 14979 -4653 -15176 -9571 -17790 -27738 33289 94 17069 -15673 2189 -11882 -3863 -23407 10 19417 -10961 -6866 -19456 -24355 14942 3003 -1272 -22214 4100 14010 28865 673 2279 -27368 -15562 360 9636 8943 -31499 15781 -18384 -10958 6699 -566 -16871 -9297 -2088 7790 -22778 19334 11624 4717 -17605 -27456 -3916 -7801 1285 24919 20037 2325 -5525 5672 13924 15292 19439 1315 32522 5223 1468 9368 -33999 155 -12979 12106 6360 -15393 14086 -9648 8540 -2164 13757 -4784 -17303 95 -14378 -20333 -6451 -15809 -2765 -22270 -7212 -11601 18565 -6562 -275 22364 -16388 -17827 40567 -12041 -14093 2927 39 -20858 -8736 4288 810 -9173 30598 1005 -831 -7760 -8606 -3350 13931 -6324 43955 16634 21562 -6326 546 13660 -3755 -8678 -706 31519 -19977 14690 -790 -8698 17111 4530 5685 -267 -20367 19617 -24780 -51 -21483 -29042 -13193 -14127 -8510 10199 -8287 -27729 -28252 1798 3873 -10538 -13432 8988 25196 -17470 -19073 8449 23908 8280 8157 8666 -6325 -4389 7915 14016 9600 -7252 8565 5357 6138 1768 -80 13108 -20760 -14457 176 -7610 -2633 18518 460 558 2352 1968 -4452 16495 459 -15275 -22710 6999 5458 -7941 20109 -4816 -9460 17240 14904 -31974 8666 18562 
-4503 -31036 11348 -17952 -13868 7311 -26949 13103 10948 -23594 12392 1976 9789 -17301 12199 4497 20848 10984 -9347 24237 9098 -2094 20502 -7607 9614 4139 12937 -4035 16494 27892 -3939 3657 -21397 2870 15589 -16258 1466 -13438 9177 9314 -9860 -12878 15788 12160 -14706 -3839 10846 9644 -6709 3748 13532 -5658 -10628 -214 4767 5094 7142 -25765 22330 18593 -19007 8214 -13626 -7282 -20198 20225 -6031 -11462 -6698 -9110 -3854 -11663 -5877 1082 3189 -10607 535 1788 -3208 271 -5950 -2845 -8649 14310 -26732 4281 7049 -11041 17773 -14045 17488 4381 7626 -7841 -5150 -11330 18059 -4306 -5076 -13903 -17815 19281 6362 -8057 -22802 -25199 7418 5376 -254 -8773 7211 6792 15511 6166 -2348 21470 -7344 -7866 -4191 -676 3746 -8069 13345 -5454 6774 -2814 5309 5830 -8703 -21859 -18973 20268 13322 -11134 -1054 -15233 -1276 19254 16322 3080 -6959 21179 -8230 -3625 -23519 20169 12404 6397 -14626 -5461 -5004 13187 6449 3268 12032 7324 -82 8972 27029 -3602 -14693 11262 6339 -1580 7438 3086 5392 4951 -6831 -5108 7900 -17315 13761 9526 15899 106 -10592 -16449 -14529 -3665 7569 15652 -31461 11590 -7073 -33721 2376 9251 -2958 -10181 23176 8810 -8450 35649 -11421 1373 11133 6402 -3883 -6547 5173 264 -6335 -18871 -29963 -2779 7382 -10280 -18335 -10694 -29245 -9456 -7400 19248 -5474 22230 12859 -5696 6173 12872 854 -5626 5386 8158 33024 17 -17902 7657 12318 -15146 -5623 -6553 -6803 -298 -4619 14117 -4000 24610 13936 6827 11269 10261 -7771 -14411 -10808 -11255 1639 6651 -22912 -14146 
33923 -6653 26672 -6053 -9763 -17631 -13400 -7127 -10671 -251 23988 16535 -46898 -31401 -7392 8384 -4855 -2367 17542 5344 11788 16322 12519 -3317 25246 -9333 -12742 -4881 -8921 19195 1314 -23849 2617 -16054 25472 -37243 -10286 21508 4309 -17499 11654 4511 -1088 31784 2306 -10593 -22707 17527 -17095 8554 8449 472 14511 -20149 -11090 9893 10460 5581 14238 28612 -3779 -15984 22586 22987 -17721 -518 -7313 30924 -6114 -20191 9686 11957 -6100 30613 1372 -609 -27281 -9414 21725 7719 -5749 -31830 -28745 -19822 29190 -19833 41072 -2803 -19179 -28492 5324 -11791 5558 4111 -4380 38041 16810 11282 16646 -15481 -4535 9168 -2471 -28537 -18798 -22312 17065 5876 -20139 5159 -14103 11755 -2895 6265 18396 3782 -9633 -4838 21685 8004 21647 -20891 -4714 -18322 -5858 -2961 15104 -10200 -19881 -37945 26294 15648 24539 8324 -2216 -34421 -18995 -13486 8770 -346 16507 314 4572 -12863 -10052 -5149 -7437 22161 -17139 9387 -8565 7697 3876 -4354 -5545 18739 4523 -18204 -677 23082 -4666 22635 19096 -31070 17166 14397 27738 12721 -4603 17470 -4057 8495 -17961 -26927 17537 12518 9264 -7996 29951 -14072 10735 7622 -8600 -20348 -10377 -11861 -30 3714 -25379 -21342 2744 27397 -29014 4413 -7609 -810 -11005 1630 -21568 36664 13063 -8079 2749 19050 -22845 -8960 2897 -13332 9976 -54 13696 -14495 -349 -25570 12998 -10563 6618 19149 15823 17879 -10305 12880 7186 13675 -9814 -4218 16397 -8563 -13062 -11526 -34358 -11791 16433 4348 -3857 -5515 -16377 -6845 5890 -3956 -4483 18062 -5273 -6173 -25712 -9201 -868 -26194 1784 8617 
12071 6329 2842 2442 967 -30593 14668 15226 10818 13457 28672 -20344 7480 -2271 27617 -22932 -32322 -18986 -19575 965 -12818 11427 -14698 -32068 -11279 23472 6874 5117 103 -8949 -20089 -28345 25830 21609 31922 -7066 -19218 38201 -20526 16771 -23975 25839 -6729 -7707 31545 12 -46763 -19453 -1204 16086 10101 -5549 6625 7883 -7371 -17889 23556 6821 -3958 -15570 10221 -14445 30386 -12231 9403 -1677 17242 -44071 -23881 16427 22814 27019 9956 -6422 -11085 -13339 -14162 -17484 4375 26415 12437 -14628 1819 -5329 13107 -13112 -8006 23306 5410 -19311 -5296 1150 8007 -14757 -11086 -25500 14657 19638 -14776 -74 7203 7108 -6690 -1368 16627 34232 -7561 4046 -6290 11093 -4782 -4565 -35604 -32501 -2967 -24700 -22005 9775 -19524 32634 5725 6265 1611 -4543 -4904 10756 15601 -6481 1368 -18102 9265 -5050 11854 -1886 13439 1677 -25592 -26714 23024 -26176 30124 -10696 -20742 10201 1559 -16847 17967 -1681 6577 -14997 -3950 -7658 -5302 -5929 8759 -2977 6605 3968 -25655 4473 -7289 -24581 10649 23885 7366 13594 -15956 -3823 9936 9163 -7593 -1109 7563 1903 28554 -18129 23508 -5618 -15915 -2450 -1079 44145 -28523 -8485 -18411 -1069 8856 9403 3898 -1802 6410 27622 7862 -2801 8955 -32993 -13132 -1969 13420 -8430 16788 -8705 -2297 -16662 20670 15806 -20740 12856 -14779 -4883 -9065 -21160 32910 388 -5595 -10941 -13466 3792 17885 -20247 -13247 1412 -20072 19224 -10946 10284 37830 47201 4540 11300 -15559 -30762 -20455 -20982 -2829 -6290 -13623 13995 853 32523 -12393 -26819 -5387 32656 -12858 -4068 -5262 9802 26150 21193 
5541 10032 3194 -6889 -10084 -25344 -416 -9182 -2849 -4296 6394 19554 -6223 9169 19642 -3674 -39811 -337 15870 -364 -12235 24538 28537 -21226 -5940 -5899 -20672 -3016 1778 10127 -12813 -38851 30231 -17579 15505 9970 -18062 31246 13471 -20375 14286 10632 -26435 11852 9391 -28940 -44612 -4458 -2758 -1581 25518 -16079 5703 -4792 -31440 6611 15457 4205 -2462 -9922 36619 -19268 15570 -12959 18296 -8187 -6521 20123 -12387 9753 3631 12409 6112 17599 3905 16961 -32263 11227 6570 -13572 -18397 18610 -31490 -11178 17166 9587 14821 15105 2603 -5029 25435 -21730 -4928 38483 5082 23430 13798 -5970 -5865 -6315 14199 -21475 10918 16998 9592 19400 -25069 -41726 -5708 -36398 -17731 -6489 -18672 -29622 -335 -5718 -5129 -16491 785 34472 -23631 5429 13463 -3690 27661 10081 6291 -501 -36366 6993 -23773 -692 6787 -3277 23965 -12856 17034 -18608 -6752 4079 10981 -759 -311 1472 69 -71 6839 -2979 30642 -10039 -28104 1776 -8204 16922 32948 -13407 7870 -3105 -18574 -596 -1229 4345 -15525 -3320 10955 2908 2664 -3570 7161 -4849 -4269 20346 -1232 -29302 -8121 -3343 -3660 -15000 6317 -7280 -12632 10659 -24230 -802 9493 25975 30994 -16589 12334 633 24599 30272 -13744 -13274 -7976 1766 -8190 -730 -5564 -22213 11713 -6712 61496 1477 -15852 1344 1079 30394 -20439 13931 8630 -24496 5229 -11035 -7243 -16882 -21977 -18113 15374 3563 22749 -6272 16786 -13880 4121 7706 2580 2748 -970 9094 -11127 -31009 -10607 11520 38078 -22559 3274 -37896 24009 -11021 -27961 -8986 17404 1616 -32613 -15108 2157 12036 -3728 9059 
-8013 -3349 -5304 16097 -3727 15546 13300 -50018 -16809 -13957 12602 -8667 3557 3163 -8350 -19328 -14327 6483 57 -13573 -14314 -1170 -8077 -1381 -8831 -575 -12782 5563 4068 13149 694 13964 -1020 -3825 -1911 8242 14521 1286 -4508 -15610 -21530 -22779 -22598 2111 -12749 -12698 -9861 10744 -20322 15616 -40 -25220 -29705 859 962 -32 22478 -1874 -19092 -42049 22280 -8550 -14908 20370 -4569 -11897 5400 15631 -24624 -4935 21297 -18375 1605 -19271 5255 18626 3585 -18878 -3683 -7107 -20102 -7259 6282 4413 -19424 3693 5563 -7498 -951 25884 8778 -4769 -11947 32922 -4193 1907 -12127 7050 30096 2482 18510 16120 47375 5058 15103 11439 -11426 -33464 -12619 8225 -17035 -6540 -322 13224 -19656 -2836 24239 -4662 33981 -34650 -14794 -2927 -5658 10232 1677 -18713 -9690 -19091 12525 13463 -21858 18086 923 8546 20644 161 17337 13620 23810 11332 -2238 26168 -7566 -8678 -13537 24442 -4052 -12638 17173 22149 -18737 5061 16518 17666 29492 -9590 -17609 -17723 -1163 -7121 -5476 -29298 5065 16429 4478 3656 3592 4917 10 -19834 10999 5196 -2822 -4618 3392 1827 -12587 -27701 -10633 799 -17045 -5738 17462 2324 8863 12459 5199 -27214 5472 18709 28243 40 -22137 -1898 12408 1494 -5136 759 12079 4196 -16348 13980 36951 6700 -9493 -4732 24212 13300 1409 23638 -6176 25608 -11440 -17082 -10334 -32927 -38289 -27831 -13898 16928 -1709 12982 22730 -38359 7079 -18920 -9711 -3376 -12606 -19497 19206 -29225 10467 15385 39841 -4638 -10607 -30102 -7745 -20891 6730 -4465 6695 -17391 16970 34010 7941 11219 3679 29470 
-10607 8056 5342 24460 19116 13537 -3927 -5886 11971 -14700 -22093 -34974 33827 11983 11529 -16656 5569 12665 -21650 15455 -19023 -6484 -1246 -13234 -16920 14784 17027 13567 -4963 -3890 4830 11734 -7374 6319 -7700 -8660 41788 -2396 10504 3723 -22011 -1425 -12237 -10198 -2262 17986 -4895 12053 -13222 -2732 -14011 -6065 2341 4782 32507 -396 5911 -4863 3203 -35145 -12393 17629 -15348 -14860 -8862 -4157 13645 -45782 4069 -8184 -10936 -18694 -9263 -18166 14948 -30809 -6348 -18902 -30712 1386 15137 6330 -2779 31805 -27727 18964 -18154 -18335 7208 2775 -6000 752 6504 -16736 -2600 -49739 -13826 -3794 -27858 12483 -18696 2191 -6386 1684 501 4716 9803 12779 23958 10846 32166 -11408 -1404 13843 -23912 12387 5121 11088 -10451 -15266 -6999 9684 497 7669 -10875 -20322 -12635 12348 -8094 -16929 5865 -3554 29939 -7368 19337 -530 7750 18536 21614 -6217 24194 6880 6220 6580 197 5261 30098 -27098 11681 -14533 3508 8438 -1360 -14091 28502 -15595 -6435 -14962 -3991 -30905 12556 -1600 -17729 20347 -19287 20556 -14551 11165 -16942 10641 -12530 -12012 3267 13751 -7552 -18796 -10576 -3859 -8082 -3538 -10002 -22954 209 11247 -4817 17547 289 18767 -16130 10745 10638 -8262 18021 -22977 10846 -2826 38172 11833 11726 -15701 -9401 -2053 1560 -10182 -2865 -11686 -19640 -9453 -16069 -12031 -31261 13751 6350 32192 7016 20210 -17163 14026 15705 -18219 -3009 -660 3428 30721 25640 -22254 -14476 21355 -1428 -13563 13060 1539 -11533 192 -24192 5111 11791 9063 -10950 6027 523 -6853 -25290 20244 35264 -7552 -6324 20426 -17916 -9909 
-12784 -2549 15647 16331 3063 30868 -22606 -21320 -3157 -15745 784 8996 -17134 31877 15048 14673 34139 10410 19994 24644 -11346 -24135 3171 -22896 10709 -5942 -39864 -12842 -9020 -7207 -788 -26497 -32617 -23677 -34913 -7317 38064 5187 15159 -12673 -2140 -23900 17497 30066 -36965 12780 10489 19516 -21574 -37071 -18997 -13187 5737 5302 -2128 40669 -13966 -12567 7888 -11195 6883 23227 2944 2313 -6096 -2093 -7934 18821 21101 -37215 -41718 -10833 27030 12722 28915 -16521 2181 6803 -18684 -32996 14168 33932 -18470 5791 -41968 27500 4057 -12995 11976 870 2637 18125 -6317 14943 -31665 5994 -1319 17418 -15800 -8664 -23280 -23723 -16610 -9090 -30140 -21654 10106 -3311 -3324 -2191 -22964 -7543 -19778 14637 -10950 5508 -7860 -14067 3533 5482 10653 6025 -28518 4328 -1508 -12064 1973 9844 -20327 8007 -9833 8412 9164 -3589 18404 -30478 44261 7768 -620 7621 4297 -3659 18608 -25226 -15722 2752 -3487 -21156 3532 -40746 -7130 -16388 -15692 -7604 33792 30646 -4803 -7520 11220 -23069 16751 16813 -19287 -10405 -41249 -20460 1703 -26638 -3780 -6664 -6235 -16147 1286 4101 12859 5235 -32231 -6137 14080 -11454 -10722 -43937 1019 12617 -25113 11754 2096 24716 -2571 6233 20811 9126 11080 880 30701 17652 -141 -1848 -20191 13445 -21791 -3417 14076 17512 -28459 -18679 -33539 18152 -15132 -5652 15327 4222 -25847 3251 7856 3848 -8102 37859 5620 32186 13087 -11860 40434 27115 9438 -6084 -31714 -32890 19523 -24288 16872 5467 -5562 34306 -5575 18546 20247 -34828 -18981 -27761 -20804 17019 -17513 31644 -16186 12443 -9532 6737 -3213 -28134 
-4382 -1672 3373 14160 2431 16624 -1882 1285 25376 -694 -10014 -5424 -3996 -18138 -15635 -2165 20054 -1811 3135 24349 -4760 -29005 9822 -19008 10543 6112 11037 -719 -9158 -2564 20900 28949 -2993 -16923 -7743 -43174 921 -16494 -7079 7886 -2295 -13668 1108 -4146 -22561 15300 13503 20227 -25196 23341 -11160 10438 -21831 -5496 25591 14627 -20633 -22454 7622 8375 -25034 19159 -23923 10568 -13143 21774 19073 -9966 14467 -11768 18591 -15475 -17344 13029 727 -23283 -7178 6898 -7231 7702 408 14048 7940 -11738 -11196 14585 -17047 -20736 10345 -18047 -271 11084 -19066 -8446 4682 -27614 14491 -5624 -18264 17182 -19972 21626 -14228 -8137 -14659 -34780 38187 2433 549 29729 26427 7 5032 12991 -10425 19859 24966 6167 2305 -8383 23793 -5282 645 -548 -30642 18140 -13776 18852 -3795 -7488 -20870 17265 -1775 2590 4541 19889 -5167 28132 2437 -1552 -36794 6779 -16317 -5654 15256 -11382 12981 -9097 416 -22346 -2955 24430 -8242 12158 -12681 -20352 -15000 4202 -1263 -35315 -21157 13850 -6907 -12423 6325 35679 6038 -3502 -2732 -6674 -13024 -4218 20396 22048 -545 3816 -1077 7091 -14359 6943 7961 13698 -1765 -10826 -5249 -15604 -6689 46179 -36638 -16592 3966 -19916 12589 13723 -8020 12221 21675 25282 5682 1909 912 -12819 -17641 -13062 2064 2632 -7137 -53509 3967 7146 527 4603 -1520 14525 23764 24720 626 18385 29350 9243 -13997 -23554 -13024 17540 8787 4429 -19611 -3514 9816 8418 22292 24515 -14070 -1928 908 12263 -3539 26209 5489 -30096 -6681 23883 21711 19838 15906 -22097 7104 -13244 1168 -784 
2900 18993 12712 16588 8469 -8312 13973 -1007 -9648 3778 -28290 12698 -1614 24111 -6200 -6500 5374 -14527 18467 -4299 -9434 -16558 6710 20208 -3273 -4958 1494 -8895 24992 17616 7461 4799 5313 -13918 1513 3103 3207 -86 -28180 -2873 10316 -7061 -2150 -8229 11081 -423 5432 1256 9535 7214 -14016 3960 -5218 -14649 -12417 371 -19948 -616 -25596 -3738 17485 15272 -7518 23523 18614 -18040 18957 7939 -4363 9512 -479 -10662 17485 -21776 9783 -458 3649 33736 4826 5599 -30667 10073 -2444 18430 18829 -15183 -7839 -11383 -3200 8540 -26187 5110 -17925 -2319 23794 18476 9087 23159 23520 -790 -2198 14691 -10985 21300 -4331 -7835 12797 -30058 1792 -3462 4170 11385 9850 16658 -5546 14514 25326 -7000 2751 24432 5453 478 -6635 439 -7911 -10395 1433 28395 2504 10231 3639 -10290 -15574 -6295 4668 37038 -13855 -6765 -19612 -24461 -11916 -15017 -2742 8953 38879 13721 -2549 -8599 1853 -12190 19020 -11464 2388 -5747 -12812 -19135 4023 -3532 -28628 -24590 23970 22403 -4106 9284 1513 -15060 1653 -12586 18802 -8697 -11753 11836 -5526 -1732 -21174 6552 2295 43432 5297 -8620 7254 12872 13708 -33345 22495 630 -13203 14163 11283 11711 -41390 -22994 38477 -9661 7396 2460 12404 19614 31498 -1684 -11625 -14144 -8760 14013 25904 3300 3390 5239 15818 1822 17798 12172 -26126 3403 -6837 9415 -11944 343 10841 -1776 -2700 -1916 -1102 17066 11709 22190 3960 -4963 -1238 18756 22890 -4708 -20874 23953 6810 12780 24328 -5014 -7 -13273 -3594 -12532 28709 -3626 16391 24307 -2607 -5266 17772 7197 
13878 -1478 24082 -120 2835 10384 -16709 -21834 1622 4030 7689 -5581 4537 -23179 11638 -640 750 -19208 -5665 6110 -13638 5991 -10438 -3260 2575 15337 13628 13427 14318 10358 12133 -17057 1605 4403 -24932 -20369 5959 -24472 18976 8205 -14082 -9640 -7064 -3713 -3931 8613 -6522 72 18366 15895 -40657 -36037 -7673 21159 32265 -15340 -24795 -5000 -21118 -11535 27291 -6234 -8066 17764 -12288 47366 -1804 1920 11786 -36759 -3850 2260 15067 29539 -21971 -38754 4564 2996 -25844 -8185 -30365 10877 -18507 -12219 -28365 -8397 -9679 -925 11059 7501 28069 -9795 -2890 -1017 -5187 428 -1170 14849 -2333 14308 -18928 20128 8114 6017 7486 -29968 29981 -15668 -9274 6123 6579 32911 -13741 16282 -44040 8086 20166 -4032 22593 -10829 30464 7032 -32877 -22873 6480 -2664 -22098 13192 -8602 -20785 448 -11089 11916 -37794 -18429 -30016 15557 11380 -22889 -3536 -4649 -7460 -1689 -54947 3630 2462 1176 33743 -1695 -6277 -5188 34285 8038 6010 -7886 -9055 -4027 5469 35089 1954 9348 20519 -30366 539 -1788 -1170 32911 -7452 -449 -31146 13330 -12764 26310 -12154 29021 -2861 -20812 18967 -13819 4292 4531 -33679 -6381 722 34092 -16169 -941 13075 -1227 27338 22868 16317 -14377 15737 3473 15690 12150 13888 -2155 -9581 -10662 2802 -303 -3501 -16242 -34084 21900 12988 9789 -13464 -12179 -3497 -20320 -3749 25892 18948 1938 35990 67 3262 6781 -24582 10887 -8655 19876 -8907 -19916 -21526 279 -6324 -5826 -17902 38186 25020 28327 3692 -27333 10825 -7860 -3353 19972 9703 -3713 -20833 -20040 7315 -15786 -1470 -29883 -21289 
7877 -19915 1607 -23015 10304 -12121 4133 10918 38497 12606 17524 3047 -9074 23106 -10384 -1803 -1445 15471 35543 24437 27921 -14618 32662 4454 1972 16064 6617 -27954 -3802 6178 -12266 -3010 6366 4465 -12961 -2854 -25458 -12347 -30739 15122 -870 4148 9455 20785 -9427 -6836 -9010 6577 -18186 -14346 9923 16550 4177 137 -8174 -8777 3347 -389 19088 34673 -32856 29974 -30461 -6191 18296 -8295 7805 -11351 5591 961 12613 -20321 -9052 2145 13045 -15023 -2693 -2385 37356 4455 -9465 -672 14560 7344 -7276 10860 -21856 -5137 33424 -14721 13151 33619 8793 -2162 5746 -6924 5280 -10080 -3193 1906 897 -18242 17799 15328 20708 8424 -9245 18414 16764 2743 -9263 -12345 13804 -7419 37805 -3701 -3659 8872 11800 10301 -12838 7279 32823 -8461 -7900 23925 -4977 -11089 38563 22582 -38674 -4067 -1991 -2216 -9628 29285 13287 6701 17955 2242 8286 11291 17277 5107 -24733 3878 -1014 4841 -13400 10102 6444 8065 -27756 13079 -2427 -16363 15864 7914 -7191 19480 -23565 -7726 1142 22919 4159 -5376 9837 -5182 -7572 -13092 -17614 -3216 -5591 31539 -2194 -36258 9188 -9023 -281 6305 10840 32273 3609 44874 5649 -18415 -15358 16980 4458 -24105 -7677 1791 6568 -2680 -37068 -5790 11268 9750 21494 -5875 -7428 5660 -3998 -2878 -7022 26412 21162 -2647 -2214 -7721 -6951 -7988 -15985 6496 -990 17001 605 -4194 -8258 -8773 -7201 32162 10988 7366 8097 7083 -84 1949 -14385 -697 10483 6202 -30500 -4770 -15173 7589 -10375 14619 -2459 21501 -5864 -15302 8363 10896 -22071 -17632 26806 -11255 18613 12803 
-32169 -3628 9583 21607 -1146 5558 -3171 -12482 -20972 -13140 -8821 6055 10719 6853 -18993 2701 31171 8094 7182 25568 17033 21769 -5890 5361 -5768 -13635 5889 -16430 2925 19986 6529 22304 -3708 -3305 8098 -14628 27948 -16443 96 14183 -33111 -31828 -14793 -13880 -1625 1536 9957 23400 5877 30012 -29792 -15273 -27723 -13835 11958 11141 -7835 -2402 -14539 -8318 7826 10192 -51494 44215 -37656 -8636 16481 -14997 15948 102 15116 -38118 14622 -21475 15010 8310 8681 6151 1594 4361 -22724 -10572 10454 16784 -25990 26971 -4341 -18005 -19504 -8920 2341 17410 -16953 -12807 -24359 4698 4854 22890 12512 17647 25615 13057 -746 -2951 6210 113 12748 -4510 9206 19324 2963 13030 20327 29461 -26333 -4298 -2734 1142 15650 -24450 9750 6229 822 1327 -20893 -10673 -884 -1440 5489 13266 10264 -5536 -21726 -17901 -7372 5763 -2509 26079 -621 -1263 -8433 -9400 -3911 8413 -6855 -1325 9559 -14860 10106 453 -13077 8735 2713 3079 -5581 -23920 8863 -11051 9604 -16840 -6572 -4211 16714 14452 8297 22312 -3381 14615 -8673 -13372 -10485 -12626 4211 13169 -14289 23608 -18354 13209 22112 5155 5750 -11032 20938 -28489 214 4967 12343 -1645 -6645 26656 -3869 6597 13305 17662 -6683 -3851 12304 21290 11484 11623 2338 14741 -16654 -2391 2263 9286 3626 11436 -5435 -4413 -13710 -7044 -12958 27651 35 -14001 -16135 21699 11974 -13263 -18488 -8093 -15116 13984 9678 -252 1397 5962 -14074 -11631 40792 -3932 -29869 43925 -7110 10707 124 -738 -36105 6971 6170 11138 -7579 2799 24036 -1640 -4058 -579 -10689 -202 
1591 7069 1869 17087 -24778 22636 -3466 -686 -13963 -10146 -25607 -21213 9336 -28690 -21070 2375 -3961 7205 19256 3573 -26512 9664 -11905 19364 -5227 2834 12332 4469 -22351 -22711 28919 6454 12815 9928 -17898 236 46056 -258 48487 -28012 7927 24587 4930 -27682 -15853 13793 7372 21634 13827 5627 -20754 -1895 19523 -24259 43197 -3534 34177 -11502 -15162 -33668 -13458 -7151 1292 10840 -14365 1921 24278 3775 16213 -20403 -16824 -1947 -20809 20832 -21924 -11510 3704 1908 -17755 -18061 220 7168 8393 -6686 -3832 7912 5804 -60657 -28966 -1405 -20653 -15083 -22060 -4310 8540 6717 -17828 -27592 -25221 7632 747 23916 -17218 -4322 -3509 -20569 14926 -688 30373 25398 65184 -12348 29577 8026 -6222 -13296 -9720 26976 42260 -17133 -18079 -1006 -20243 52718 -13398 -18916 -32119 -1692 -19354 -31420 20868 -11848 2450 -3316 -35732 -41041 -6696 17453 -8153 10864 6309 -32184 -12851 -14964 50936 -42634 10603 -22169 -25348 467 27636 16599 35313 -13967 11057 -10690 -1210 -20956 14195 -22859 7964 -751 4907 -29814 -19289 15119 11046 26614 1694 41475 -6170 -12547 -20726 -33484 -29764 7036 4474 15536 -1243 23802 40133 -57360 23962 -9900 7286 2662 14077 -1170 -13016 18105 -21456 -11406 -25166 -30211 -17044 25950 32973 2228 404 27435 -4314 18374 4912 3830 -20788 -14352 -3340 -2357 763 -34003 30404 1803 10451 7932 22920 617 12061 -17 15686 -27620 19695 -16009 -42159 2482 -4441 -26978 -40008 -15481 -13229 6688 -10842 2265 7678 3638 -6578 -5342 5012 1932 7337 -7554 4212 10839 29351 -18547 49193 -21541 15128 -12928 -21938 -2737 
-10344 -8013 -9404 17677 -16144 28214 -27020 -2610 -24099 -43026 -9156 -6386 14013 -18802 10847 5915 27772 2189 -27384 -13121 -203 -6324 -13644 14495 -10787 1677 -11668 9216 25495 24041 38727 20893 -26171 13056 -6311 24244 20885 -15046 14506 -31589 21191 1052 -3616 -8178 17355 -16077 12401 26840 13440 -12336 8671 -14532 -4238 19975 21249 1965 30959 -5755 -5940 -10610 -27079 -970 -11348 -1370 -14622 5190 5985 21301 -22106 -11839 -34388 -4585 -1478 -20227 -2648 11148 9549 -15465 -35237 4204 -19875 -4955 -9348 20666 -23963 -12704 13174 -21085 -16913 24793 9251 -1848 3343 6579 12706 -8412 -11145 5848 -13623 -37477 7891 -8353 1573 -9344 10972 6978 -18649 -6127 2274 -4221 -758 2323 25514 28688 3091 -8458 -6663 11714 -7477 -43102 -33184 -12137 10048 6605 9013 -30841 -30756 11832 -23573 -11971 12114 1416 5597 15117 -6322 -7885 -2874 18961 -9 14287 4003 20745 -3899 5169 15313 30115 9062 4546 -22649 32257 1917 13375 35787 -30918 12767 13221 7696 -2750 11129 -15316 -10296 -4373 14695 -2368 -16831 -7280 -15351 21833 -16284 16024 29127 -25737 -11324 -33022 -11409 2158 -15019 -19946 -10971 14158 3436 -28928 3063 -2188 35100 -6101 6170 -22628 35074 3601 16196 -7393 7744 -2053 1998 14145 17030 -1868 13263 21275 -30851 17853 10105 8796 -9931 -2560 29803 -5410 16748 -15281 -8667 513 -7858 25701 -13982 13266 15185 -19255 -25234 -23685 -1773 -6529 4998 -21294 21049 -16447 -21084 -475 5752 -15765 -4498 -12145 15662 -1506 -11797 7632 10483 17667 3190 -466 33988 4406 -11099 -38308 34669 -2863 56 8046 -14872 -8300 
-30219 14574 4605 9665 13812 8867 -3216 -14280 -20889 20933 9297 9652 -7816 -11540 -19945 -2677 22624 -19334 -29855 -15788 -10928 -2703 -26439 1048 14497 -18690 -8090 7308 7217 8536 11152 5660 -32238 -737 8177 16403 5862 -24337 -24630 273 -8002 -16604 -23216 -13081 -1757 -4461 7505 -8103 3619 13872 -29533 -16827 -38478 19839 33007 25180 -31220 -17964 -28688 -22603 18814 11579 -32601 33008 -21769 11161 23172 -5814 -286 -9675 8 230 16862 -6839 -13674 13152 25475 276 -25327 23976 -17548 3814 11488 2661 -26270 15022 -14764 -3566 -5985 17990 -10203 1242 -29187 6347 -7359 -5098 3450 28019 28432 1506 22553 7407 5156 2815 7493 -5986 -11011 -2025 -9367 20556 -19826 23580 -10747 16236 -31018 2769 20396 -20489 14360 -28107 6621 -13037 -27227 -4068 -18002 88 -41090 8298 9304 9453 4874 12755 -19040 -5209 -16974 30826 -16084 3982 -17291 5313 -19586 683 7499 10978 -10338 -278 -11408 -3174 12015 20786 -5683 13421 11315 -1044 -17519 -29 -19867 -6532 7882 -17554 3270 -23027 -14797 3041 -1504 13447 -4099 7 14055 -44829 17004 -15767 25426 -14558 15259 33467 -10729 13208 2371 13020 -19557 -7869 21434 -8785 8798 17946 2151 3330 12997 9977 3512 -16835 24528 13584 30352 882 -9360 9070 1327 12203 -9134 14738 -12949 -9390 34945 7779 14337 30 17576 7604 -19044 1047 -3291 -3548 2913 -10817 -11710 23820 6616 14027 -3570 -12261 -12463 -28436 -13895 -2214 6598 -5917 19917 -18057 32469 -14551 21239 26498 3449 13074 1719 7361 -27576 -11098 12931 4676 -16662 884 18438 42522 -12355 9199 -7698 -2124 
13631 6724 -5217 -3155 6917 -27199 -10762 9042 29379 -14939 -532 12458 -29959 -3109 -7210 -12340 313 -17699 8097 -14112 -2929 5333 33192 19997 -11183 -1268 5052 6075 15231 42696 16644 8722 9846 -26225 7610 -9082 -27413 -5592 -23633 9714 35584 13052 8336 7437 14792 -10052 -10205 19298 9934 9510 16644 19432 -8777 -8508 -9829 -10834 8197 -19883 20069 34906 -26874 11530 1970 -13469 13982 3553 10712 9912 -18802 25156 32678 -24238 -19621 -15709 6332 -16368 -15081 -5603 1402 47211 -16913 -2240 -12167 3972 18942 -27830 -13252 13093 -7102 -13370 5391 -19728 2098 20481 43825 -21283 -2559 -1376 6763 -14528 -24638 12181 7150 8286 9976 9834 -12885 -340 18259 -9911 -9640 4527 28038 -5257 11380 5320 -5875 -11870 -5593 16417 -4631 -24266 5747 -9073 9911 20099 -256 19356 14707 -3733 -8067 -10596 -15987 10278 -6144 25306 -8218 -8265 9590 -7373 -3073 17090 -21357 19561 9491 14612 4464 -7642 -19099 29594 -4908 -12738 11200 -9196 -26872 11333 23197 -5657 -13698 7595 -6598 31926 8517 4997 29361 -5254 -17906 3788 -12632 1692 -4980 -1490 -20806 -626 -4883 -14361 33627 -3754 -15857 -35088 -3962 59989 -26170 -260 19934 -34574 -34292 8268 -2256 -35212 -17647 -6531 18611 6941 2535 -15835 6635 32167 28905 2305 -7962 -6342 -1046 5468 -5882 26359 23607 -36740 17375 -13906 -661 -2288 21593 -11777 -8848 2220 3695 -25310 -13277 -1887 -21529 -7141 -10366 -7045 17853 3118 20986 -2749 19377 35379 -26464 -16963 -167 -26327 7189 -11089 6192 50573 27863 644 19023 10095 8159 -5075 7835 -16642 5967 23352 24590 30761 
6941 -50291 -5415 5341 -41029 31882 -13905 24705 -6735 -26347 3111 -6286 1368 -27882 13989 -2581 47798 6890 -10411 16298 22055 -22531 -32999 -6580 -1980 17675 3364 -14560 9007 -5347 25938 32143 -17979 27979 -3479 -20263 10912 -9267 2567 4337 -24400 -18252 40210 -7826 -5129 30088 35042 30660 -2771 10743 -4352 8821 -7447 10 2574 -2874 25364 -8876 7340 19153 -41034 -14177 14098 -2884 -26157 15205 -10866 -8040 -10377 -15480 -16433 2584 -124 -9751 -1927 -4166 12231 1581 2418 -28545 26240 -21254 9675 719 -34937 -24762 14541 -23307 -12504 -5534 3486 29993 5316 -38319 -14044 1064 -3797 22961 -8535 -14500 -15987 13019 -29169 -29258 -30112 -23576 23917 6499 -14155 22469 4688 -12000 14536 15632 8277 -12679 -12801 6034 -13880 -30794 18858 9374 6983 6111 -23124 -2036 15093 -7420 1945 -16348 19178 13164 -14908 -5433 -10263 -20555 -15958 22678 3764 -14103 -19950 -13174 -28326 -27195 12236 -16127 -2186 20974 -35443 -41716 35185 -2328 13160 -28453 -8591 9278 13090 29689 36452 -6352 -23233 -1165 40420 -3716 -10947 -11713 10169 -9897 10974 31966 16530 -39407 2055 10992 9892 10901 1875 -10771 -3167 17968 30589 -12757 3994 -18223 -22830 -44884 -2763 -634 -8386 -1930 -411 -7286 -11667 30270 -572 14409 -9487 -19556 -14701 30564 -16488 4778 -44133 -6558 -3678 2298 -6632 -11267 4009 -6972 16017 9143 -1927 23858 10504 17176 35549 5899 -12894 -16091 -30407 -13554 -21679 29545 1089 -1805 -15040 5708 6138 451 -7362 28498 -7589 -11585 -25439 13851 -22902 4406 -6635 43 27110 27067 247 -18217 1849 -25061 -1306 -25942 -2554 -13134 
-29522 -37335 2124 -8123 14149 7579 -24651 -48272 -7216 12841 -13885 -31137 9527 19127 13709 2624 2391 4469 8556 17350 -9168 -1095 9295 6786 14112 -29583 -25956 433 9265 -3028 -19911 8745 17528 12004 15067 17002 25566 12115 -1377 8611 4934 -12719 -24921 -17475 -11249 -4546 -4573 22948 22379 -8395 23395 -15024 43256 -8262 16524 14277 2879 -4924 21556 -12766 29949 -11548 -9087 -498 -14271 -12039 -27078 -18152 17589 -8922 -14161 -4030 -34557 8796 5793 -6872 29835 -4255 26752 7462 -18860 -26639 -1592 12026 -11500 -12710 14564 29396 13858 -46196 21594 18164 -29851 -18152 17916 25452 -26834 12406 -14820 5819 11947 5698 -8253 13620 5094 10492 -7637 -1619 -4028 13407 -10686 -31402 -4408 24679 -24580 -8066 -5083 6137 23295 -3241 10448 6258 20181 -18327 -16712 -24850 -5762 -2493 -6748 30151 2784 -3385 41849 8841 22843 -7154 7105 -6068 5954 -2261 7275 1123 10181 2740 21784 -36429 5926 80 16798 35029 -16728 17053 8484 -54314 34118 -27669 1088 -13843 -11652 -11835 -20577 10832 -7062 -26657 7326 -20769 -28150 7605 -22555 -12509 19783 -4701 -36858 27542 4380 18206 -2261 -30582 -22805 -40 3318 -7694 -24404 -13958 -7500 -2651 7729 -18310 -3995 22042 -20567 13360 -13323 -3483 -778 13704 -13533 10814 18622 -43765 -29749 -212 33342 9895 12789 4220 2460 9625 41172 -21226 -21808 26126 -14112 23299 -4870 6080 5536 -45682 -16528 -9728 -52 18569 -29819 4995 44659 2136 13207 16255 -32929 18652 -19689 5839 6659 25190 7158 -18169 11334 -444 1380 -3743 -9083 -28376 8468 -9589 -18918 17427 6898 24463 -11653 6058 
-7021 9516 -12095 -15103 14143 4458 2709 -24028 -9939 -13333 3079 -11948 -8836 -9078 1708 -23996 22679 4601 27150 -10532 -438 -34766 -25370 -6022 28367 -14883 10454 11578 2689 -14365 34833 -10431 13398 19421 -8070 -37335 36768 4784 -14946 1632 1200 13948 9830 5793 29199 14665 5375 7989 -17672 -1480 7482 -27136 18271 -3982 -29808 -24225 13757 6797 17595 6307 1916 -12279 -1906 28584 17535 9872 -4652 7889 9016 -5012 -1778 -5312 -14463 6611 -12948 21437 -3053 -25369 -3156 11013 10515 -14285 7633 -9823 -1065 10651 4502 -9174 -16149 -18010 17462 23829 -11350 3924 -16534 12350 -1765 -10945 12702 24667 -12360 -485 -3902 -9320 996 17757 -20555 26472 5925 -26939 11689 1551 -5217 -159 -12622 -19861 -16448 -10294 -28920 -27101 12938 -15293 18920 10582 2033 -18647 -3606 6416 24579 3512 9957 -11054 5486 8253 17102 -16450 5962 -17472 2843 -2869 -1875 -2980 11378 21168 25027 9158 5048 2397 15953 4465 -11794 3776 -8869 -15989 855 -22053 1361 -5445 -5411 -9172 -15434 316 -16530 6706 -7729 -25810 4581 10050 -24012 -12046 27100 5195 -16192 -4523 14008 -8093 15490 11120 13473 9858 -6093 3151 -330 -29632 -4909 -2509 -12732 -4869 27459 -14905 7590 14459 -7462 -14567 -12674 -16037 25953 9167 -80 -5798 19255 7671 -5425 -13552 -7739 -1092 -34935 1208 -14439 23187 4927 -8079 -31179 -18643 -5189 19915 -23443 -21666 -15998 -15299 -19353 16376 -8612 -13727 12498 5746 -29805 12386 12477 1512 18020 5573 23878 -5525 16149 -25196 19526 -22162 11006 -14170 -20279 -18888 -4306 3782 -14377 -4052 -23843 20744 -16913 3959 
18055 -9146 -15345 8863 -30121 -1028 12389 -14009 5736 14260 17217 -7586 4614 253 -8487 7948 -12702 -10523 -2761 11038 -4502 21289 -759 25241 -5408 -29723 -24412 -26293 17137 -25517 32966 17982 -10294 13330 3022 16210 -1036 -9331 1415 -23361 -3173 -17648 -18253 5299 -18285 -9282 -36909 -12990 -26602 -2832 509 -9192 -19299 29159 30829 16086 -14726 17766 -12712 -25081 13642 -11678 2812 -10956 10057 1192 -12021 922 12298 16557 -25743 -22707 4587 1154 8540 20372 -8820 -757 -28237 -38230 12062 5090 -12423 -11739 -10749 1028 -10519 31820 3579 -26774 -7123 34955 -10973 12059 1886 9590 -25320 24746 28123 24514 5120 648 -1284 13088 6281 9676 -33798 14611 -14572 4863 -19783 11905 -2126 5116 32249 -4558 -3085 20904 -16508 -9577 -6853 8226 7785 4985 -16503 12469 -19683 -9180 16287 138 19813 5795 -7313 -32442 -7468 -2728 -14219 2170 24173 -13488 -5835 -5851 649 35474 18288 -7792 2787 1598 13917 -6272 4826 4934 6373 1919 13922 2231 -1972 8242 11811 -12975 -597 -14137 -14452 26998 4999 33461 -10567 -14622 11176 -15235 10181 16751 -27709 15337 12680 3184 1867 -2893 6612 -215 439 24143 23713 2016 6622 35513 16923 4741 -6357 4054 -11396 8391 -17911 9237 -2254 18711 -7193 11072 -3540 -6371 46628 -5067 10499 -7353 7702 3797 -36038 24214 24176 -3070 -5297 39931 15704 -17148 21441 -26098 13459 12682 10304 -19792 -17133 36062 -17415 -5056 -23387 -16232 -55846 8258 -21195 -3574 -17397 4096 -5175 1906 12911 2070 4858 21954 -10725 -9016 -5904 1804 59 -6249 -16429 20742 -8159 6221 12918 -14291 
-34612 4130 16954 10091 -4054 -25225 -7950 -6166 8945 -2010 -2070 -29740 -2649 -8037 -10730 -13894 -5671 -9695 3721 -12601 -725 4208 -19604 -3663 -20946 10239 -12815 -7981 12872 1364 23598 8499 10628 -5952 -5531 -9644 -10140 770 10453 14800 -18824 -2847 14907 -14146 243 28814 -19856 -15312 1207 5738 -18224 -1688 -10233 27219 -12396 -24863 981 18171 29922 17043 -116 1161 2090 19529 -13216 13370 -2355 12991 -1152 7413 -4533 312 6625 10590 10021 25826 -20739 -2094 -29436 -10607 29283 16525 -4856 -34245 -18326 17039 -8621 -14227 4312 30974 1051 4367 20162 -4452 -5000 830 20204 -9552 30660 19288 384 -9198 -17019 3004 6451 7847 -6258 18723 -2631 -19374 6630 20978 -32090 -2923 -6772 7462 -43775 -1969 -15157 -8388 -2816 -22274 1244 -10726 -10374 -1017 -21368 -1135 -13965 10299 18836 -2158 12003 -153 21504 25835 7542 -12318 28633 -13172 8996 -1613 -30676 10148 30383 9050 -6304 24010 -1773 -1350 16675 1964 -10486 31390 6983 12006 -2486 1469 882 -15238 9111 -3936 -15116 -4255 -13504 2211 -6487 178 1584 -2881 18398 9126 5936 -1191 25902 -17445 17313 -2379 -8100 -18035 8040 -2086 15218 -16059 23953 18375 1122 -5162 -4953 18416 19392 13298 -7621 -3244 10327 26766 -11698 -16786 -4823 8101 23185 -15069 -43126 -23459 -5570 4065 -18387 7205 14121 11144 1260 19050 -3899 -37843 -3698 -1646 1887 20744 16808 -23062 -1816 26241 980 -3994 -7289 -7227 -12765 16421 24891 10793 478 10954 101 -15539 -6376 -7650 28108 -19091 -13134 6751 -6289 9943 -9130 -5249 -19075 22945 6213 2067 27062 -7869 
4555 -10992 28792 -9491 7379 13842 -36649 877 -7397 12966 -9800 -5332 -3393 -4302 11792 -5160 -6797 27056 -14431 -6711 -15183 13928 -3748 -24145 16472 -1093 1181 -6623 -33406 -5453 -21262 -3604 -12096 5771 13785 24748 28627 19601 -5456 17057 35097 -17904 -19450 -4813 5037 -11890 8111 -1549 18404 15683 20356 16856 38218 -392 -10377 5060 790 -14100 4182 3580 4683 26731 -10573 19174 7361 -3420 9551 -5729 -21379 -32070 471 12983 8270 2261 4671 -992 30882 12052 36081 -5994 -35439 -6723 761 26481 -10444 -3171 3461 -5246 13032 307 19060 -1379 -10285 -17958 27795 -24869 5244 9308 9877 -19584 12821 12555 -4872 12954 -11700 2310 11304 -25781 4823 8059 -32427 -9989 -10145 359 1310 -9169 19155 30797 22982 4908 6959 35766 -8828 -19675 13807 3122 21455 2187 -14250 22939 8176 -6966 13874 1381 -5439 -4737 1350 -2662 -21621 20281 -13500 -14046 42203 -4957 -11427 -14389 10919 -27673 -5748 -12580 2124 -13619 8321 -11022 4744 -4225 13695 8209 -11461 -1496 -27121 -18013 7600 -8147 -13432 3711 11545 -11854 -16826 8207 2852 22993 -1279 11715 -11514 -2471 -32297 -7879 -4173 8770 -13587 -21739 7278 17400 25572 -23150 -10767 18608 -2931 5672 -19561 -12374 -21159 -22502 -2271 -21517 8572 5162 11607 246 -5288 16443 11918 10985 -9205 -4596 13142 -27114 23789 -21355 -2022 -21615 -5272 31936 -5686 -8624 7762 -19337 -29140 -14777 398 -31469 3745 368 -8810 -2325 28776 3044 -11030 7313 -9619 -20711 -2341 663 -30881 4286 -31464 1974 23406 10238 -16638 12355 26616 11877 -1280 -10870 15153 -2973 -33877 -1965 
-33804 -28689 -28387 -19308 -8555 14557 -9054 -31924 44173 -20236 -7306 8773 585 17970 -11494 -7035 -1496 -1403 -5623 16070 -19781 2607 -19548 18200 -14876 -20 -20664 -3900 -10146 5469 -10045 12377 -3836 19258 11452 -10955 22094 33537 -5726 25529 -24389 -4218 30051 -35149 27734 10664 -10908 29513 17046 6959 -377 7330 15782 -3243 12120 -1789 15397 -12493 5481 3868 26642 -9037 -6409 5576 -5932 786 5581 2133 27532 -16262 30098 -4022 -1074 16119 35882 3208 -11648 21973 -12120 -15438 -5318 658 12624 28863 -579 -8012 7136 13455 14993 -677 3129 -25656 -23420 -36630 19892 -16821 35672 -18978 10136 -1409 3955 -26879 5256 -11593 8524 -6090 32942 -137 -11112 -4369 6939 -108 -39851 8063 -23088 7279 23076 -16803 36947 771 13331 -17371 -22381 6106 -23322 -9059 20131 30442 12812 25780 -14497 -15769 39216 4986 -13032 24708 26571 7895 -10870 -35408 2741 -10552 9250 16214 -14305 -17093 -2990 -13029 9310 40023 -9807 608 5074 18312 -13344 -2498 20241 -7388 -21915 16609 5419 -342 -36324 11133 21775 -13031 -30314 27016 -25430 4696 23749 5786 1945 -3386 15968 -12453 -1503 8754 -6941 -25148 -22252 -26618 22720 -4226 -1449 -2864 -3570 -15843 2572 29241 28507 4256 11024 38252 -16084 -8146 5220 -3699 25841 14303 -31208 7025 -16137 -28152 -17280 32409 5632 23728 22890 -9563 -2592 269 18142 -8392 -33485 27780 12291 -32974 -27654 -8751 -10176 11095 8364 19084 20823 -31856 -6018 -2840 16139 17265 30820 15440 21554 -10320 -22063 -5636 21662 5690 2166 -1888 4771 -3686 13874 -4352 12889 785 -23237 -12845 2708 34890 
-10257 -14769 -34767 -7727 1305 2107 -3400 17340 19681 -24517 9315 -4424 -6985 11172 -9525 16385 -1519 -1081 9847 28189 -4743 -8622 14433 26486 -23627 14301 -18610 14052 13046 414 -6178 -7398 -533 53 -2621 3798 -17565 -7503 7840 15902 -28918 11659 2820 4910 -1084 22353 27810 30417 -9151 -7578 -23174 16977 -10226 -40148 19274 1984 20062 -446 3320 -2268 366 -21378 -2665 -26950 -590 -12372 5717 16034 10165 22730 35436 -19154 9800 24633 -13125 -33110 -23072 -4881 8984 9512 23243 26119 -25563 -13689 12268 -32532 13592 18254 10114 2388 15318 -4054 1294 7502 -8580 10504 -3708 17588 -27698 20247 837 -3838 4640 -22418 11798 -31175 6446 24907 -24064 17047 18422 -35188 20625 17093 -20781 38368 8656 -30260 -6776 -18826 21980 -44408 -12009 35343 -26300 8045 -17777 4735 4084 -27062 -41922 20849 1039 15311 -11167 18039 6424 23331 -7031 -16848 -2169 9594 935 -22924 -16200 6298 -12890 -9458 7642 25214 -20865 -8482 -7782 3088 -23375 -4056 -6450 -32263 12381 -8252 19288 1271 954 10376 -1375 -4668 -17837 15766 8512 2890 8977 -14858 17625 -6276 3569 -12026 16545 1296 10939 -11313 -3489 -3367 -5918 1961 -24853 -18116 19372 -9465 8485 22693 7958 16318 7569 31209 -11681 22054 -2538 -15636 570 -12827 -34966 2083 734 -1308 -2612 -8196 34670 -2911 -23012 14670 11009 -12431 10431 -8451 -32979 33603 11476 -1144 -2380 18677 8315 -677 -31830 -1285 17845 7813 19372 -4671 21284 18704 14721 -3262 -6885 -28758 46543 20932 22676 -1865 -24822 -6240 23333 -25383 -11994 -4470 24764 -2016 -23284 -14966 31929 7893 
-15437 10475 -2671 -3794 -9545 -1055 -5697 14877 14205 9563 17797 -28594 21223 -5173 -8934 -9856 1903 -7584 -18659 -23093 -12289 -32533 7684 -1790 5506 15366 17143 18821 -3593 12570 30075 41094 23326 -9043 -31243 -5694 -22106 -34318 18258 -2082 -1111 -63 7102 -10861 -4162 -1579 -15996 2349 4328 9877 -2759 6321 -7967 37832 -11100 -17252 5226 10648 11435 6322 -15051 -21581 -30999 14002 -10280 16287 842 -14566 -17373 2805 4388 -10940 -12772 4300 -8201 6397 -31126 -16024 1269 -2871 9597 -16258 44874 -6217 -22936 7189 -15723 -8926 -19263 19490 -24464 -17307 21949 7899 -4109 9924 -1379 -20053 -12141 -12017 22004 -17386 3387 753 -16033 18162 12100 17141 3928 -29338 29824 26340 -8217 -20630 9737 -12987 -29409 -1361 -16672 16416 -32004 -21635 14531 -30238 3049 -5350 -13844 16326 -16990 121 5064 16095 1815 -15150 2217 -4053 -24715 -17020 17975 -4482 -1479 -120 -23182 15038 19992 -15376 -11533 29075 4027 14726 23693 -733 -24204 1309 10967 24832 -21663 2565 1486 8274 28563 21760 11178 -7533 -25080 -27733 6740 4916 -4475 -2182 -20896 -8543 1689 3062 735 -17448 7405 6357 870 -16415 -1384 -10132 9354 15339 -10729 10441 -15776 -6475 -19997 -11196 -5093 -15395 24663 6111 17431 15680 -32998 -3402 -10693 13470 17096 -26706 -19206 -17831 -11650 10524 -21395 -1205 10030 28120 35459 -2379 -17245 -23170 -13932 12968 -3150 20826 -4457 -18435 -27831 14085 17552 -7763 -14729 7534 12807 35429 9394 12960 -1689 35453 -9369 779 2755 17036 -1251 6548 31709 6893 4009 36071 18149 22548 -18940 23647 16020 -19254 621 -7143 
22661 18983 29630 14577 1434 4133 29355 -15245 -13346 19829 -4964 4579 39993 14752 18834 -7778 24312 -32731 1289 6143 15969 30050 21223 -29096 16887 13134 5751 -24219 4226 11808 -8947 17975 6119 -22043 -657 13606 -28833 -16763 -3918 -24688 32621 -3156 -10971 -3299 7506 -30550 2844 -1235 -7884 8506 40704 -10251 -6634 -2447 -3401 5695 -50199 -29753 26563 -26951 -2291 -5702 -3812 -2471 -5571 6781 -20910 14647 -2523 14375 -28458 15334 -35331 12405 -6298 1364 45 -12222 -8776 -380 -10752 -27769 33544 15449 -24144 13752 2077 18210 -22654 29847 -23248 9305 -14840 -10312 -19487 -3375 -16339 -5672 11229 -10929 415 -24606 3396 12891 -15898 43428 16724 -39898 20345 5531 3752 26498 6661 103 13100 -31443 -12760 2095 -16119 19889 -20763 -26172 38860 -34270 1474 -25365 26594 -1652 -9403 -22087 20454 -6755 -22098 -25672 27992 -37633 9906 19113 12956 12153 21120 -20158 -26006 703 12171 -36812 -10867 9141 18710 2131 26300 4624 8058 -28789 35092 8989 -24560 38053 4246 6878 15893 6674 22447 -22370 22411 -38132 14436 -28647 18833 -16228 -29743 -13960 -28151 7799 -37371 11020 -9603 -1477 -4423 2294 -7247 -16778 4263 -35876 22006 11785 -19924 -30566 -8627 -19130 7872 -23484 -3322 -16468 -28788 13189 -46800 7863 16992 10828 3402 -10852 -118 -3917 7630 15413 -5912 5472 6200 -2178 -13533 38191 -16275 -25552 38657 -12939 -1670 837 9710 -533 -13493 8757 22724 5 19738 3905 -30640 25244 -15229 -9713 2357 -15301 -5315 19638 -27439 -2577 -11709 -13142 15543 -12158 -39493 13432 -7921 -5582 -9589 30871 24231 -1125 -532 -23578 
-20708 -30319 -18740 -19993 -2143 10331 -20483 -19686 12923 -17799 -6228 -1487 -18282 618 7354 33101 -1318 11430 9916 -18319 -3401 -10218 -2742 19645 -21146 -20171 -3232 -686 12328 -14518 4824 -20060 14685 2978 -6518 3786 27788 10595 3916 3276 -28082 -17353 10071 -10752 -7185 -8692 -26717 22154 44837 -7895 -31910 2086 -4489 -14123 -2416 -14964 12896 2336 10966 1200 -16407 -3461 -7286 -12318 -15042 285 -4636 -4119 34517 17797 18301 13290 23578 -2681 30162 3366 5760 28607 -39195 -15604 13447 -15887 2745 232 16144 13250 16283 -6143 3574 -17145 1951 -9395 21804 -4986 1965 -26685 17407 2399 -7615 -693 5906 -10348 1158 9749 8309 -27424 18227 4761 -10172 13583 -18368 7281 -11961 15706 3225 9530 18785 9006 -7178 -6760 15446 -18446 -10315 -1832 -17650 -24283 16759 8343 2876 26153 -4520 -20442 17909 -5433 6226 9879 10727 15728 9156 -12792 5088 -2443 -7202 20580 -11214 -10995 16560 8822 -16134 4639 7642 -4887 -2023 25951 5411 9544 26328 -6949 -5494 6823 -8936 -7037 -12613 7097 6942 95 3154 8137 -6596 -20701 21377 7836 20293 856 27895 18491 24835 -2153 -7780 6380 6311 2749 581 -23057 -13072 -36972 1303 10950 -16553 11416 -5421 -10492 -3877 872 -5928 25363 25632 -12379 2495 2008 -9305 10013 -22579 -15091 -19436 27023 -11000 28877 15606 -2417 -10526 12789 3176 -9609 -22381 -21023 33345 -28986 -10659 -6411 -1388 25669 12787 -12558 6451 -7356 -11079 -30853 17392 7117 25687 -2654 21989 -22754 -3955 -7705 19550 -2039 -44333 3438 -6601 -7013 -6313 -4679 3033 17784 -4184 -9107 4299 40596 
-29611 -4452 -19919 -9730 7902 -2297 -25357 -25556 33714 -13898 -12343 -33029 9919 2648 23656 -8640 21282 12075 6356 -12492 -2605 -30560 -6747 1647 -6789 -9567 -5808 6165 -13263 -15409 -26954 8340 15304 18326 2909 5721 22811 2862 7001 12538 -1856 18469 -8070 -26552 1284 1817 1170 28324 25550 12853 9614 5214 62821 -13060 -23008 -12908 30116 -19714 -6713 -81 27085 -9952 -34739 22221 -3490 -28708 13700 -16679 16551 -17917 24007 -28478 -8455 30625 4310 -27178 1964 -15627 31280 -6284 -14397 -16514 15979 13196 4272 -31502 -12763 21275 9349 -38947 18466 -7636 -13245 -17759 15023 -489 -19749 -7794 -18074 6970 28026 -16445 943 14638 -18845 18261 4205 -9890 -4192 12131 17385 -18082 -10950 14483 -25818 -16437 -14111 10505 32283 -3246 14110 -21295 -374 -23908 -2299 -8164 8242 6355 1685 10976 -24529 -13074 40113 -9678 11726 -1344 -7174 16910 -2697 11707 -26353 -2484 40437 8838 -1148 -17028 -3538 -7110 -3424 33242 -28308 -17318 -16792 -34304 14891 -17871 -6355 1342 -16064 6059 -17844 26627 -579 -27663 -28578 -40084 -22599 16415 -39732 15412 15089 -16956 -4695 2518 19767 16961 19998 -7493 969 -17288 -38224 -28729 828 -1925 -10032 -26362 -6020 -19411 1048 10292 -5441 -13377 -19222 -13521 10182 -13634 3398 23665 21712 -8609 -13601 3416 10459 -11222 6231 4547 22460 -3459 26181 -17660 14121 5958 -10805 6072 -32926 40578 5651 -46774 -30788 -38128 -20329 22077 -21306 -11464 36848 -2779 11702 12716 -1728 29533 3548 21510 12845 -13925 -4618 9918 10872 -20291 29401 -21835 2396 -18805 23937 24702 -9996 -973 -5586 5488 -33434 31282 
14686 -15544 18142 7951 111 21943 6062 -14177 -13600 23282 -14618 19657 -3607 16921 3544 -838 -1248 -790 -5673 7578 7420 23595 -16400 5994 -683 408 8847 -10927 -79 7 -22036 -20192 -25547 -10833 7278 -6999 9432 25307 -21918 -7285 2578 -6599 -5758 -9514 9308 -12258 -21480 -17387 22887 -11556 1104 -1157 -16882 8855 5687 -7072 -15019 -23459 -10877 -15959 -21845 7802 -3398 4039 -1347 -7328 -1837 -5201 -2520 2413 -16483 15599 31041 -1449 19797 -3632 -2374 18378 -11650 -415 -28825 9718 8123 1022 7564 114 12275 -12177 -4162 12354 2825 -11537 8558 -14895 7802 -6998 20086 17673 11743 -10713 -18767 23175 -5815 19165 8210 3717 8271 -25931 21191 6038 -11516 10956 3593 19253 21058 -1060 -7665 25283 -6770 16707 1676 10557 -4464 4563 4518 7686 26643 -2482 -5617 18756 25572 -14060 -2592 24402 4584 9315 6500 -12995 15334 582 -942 14944 2907 -17106 -19013 -6028 22210 -20471 -18637 -29827 32255 12250 21126 21198 580 -8689 14067 11613 253 20291 -13359 -16019 -5220 4282 17574 11092 11237 648 8600 -22279 2170 3575 11303 -8334 -14958 8521 -10959 217 -9721 -17708 -4570 -2980 -4461 -14417 18419 -21439 -3421 -1385 -18163 18014 -1993 -15321 -792 -1350 -11743 -14768 10246 -10180 15705 13092 -9178 -4852 589 322 -2950 4161 1950 -4109 2802 -12187 -26585 4008 7695 8310 28251 -2593 11685 126 -2084 -4505 -11215 -17939 25527 1292 -13566 -2506 -1648 -35193 1266 7091 -3774 -16774 12619 11604 -23403 -4587 -12932 11983 -19853 -1502 -341 10956 -22603 15507 -3369 -15523 16270 6356 11095 8570 
-26606 1775 9039 778 -13403 -20681 -11871 1501 5238 7812 5212 -876 -5626 -3200 795 -9121 -19979 12885 -4879 -7342 -16231 6712 26086 -25301 -13410 16423 -20347 13885 -33253 -10044 9351 9401 -876 -15643 4101 9844 23492 9776 25902 24526 22519 -7145 15030 2623 -8233 480 13343 11455 8405 3947 -6001 22665 23178 15293 -17739 -17494 29556 17108 14508 10349 6804 14305 12758 3968 1438 30591 5123 4652 10253 1606 12767 -522 -6876 2212 34450 2832 1687 19462 -18961 -7021 19408 -1980 -31928 17121 -20400 8950 -2211 -19083 17995 15348 21423 -2578 11871 -17946 12132 -21667 16430 -8986 16553 -18554 12966 -27967 4054 -4849 -2431 5764 13248 -1805 3792 6602 -28270 -4098 -34591 -10802 14921 -1600 3687 7658 14358 9827 2773 3739 826 -6486 26365 579 -2924 4938 -22337 10720 21449 -6806 12789 2725 9397 -4324 -612 865 747 13756 -3446 -14147 4720 10026 6051 -3231 -7311 -12188 10176 7202 8790 -26646 -39369 -6109 17492 12265 18110 -883 -3191 -24107 5595 11274 11791 -11039 -11774 -2719 1828 -14848 15140 8757 17989 10358 7961 -10623 12121 -3941 -15530 1098 -20660 26704 -6477 -42209 20417 13824 11888 -10821 13285 4361 -14581 -12490 -28562 -20094 -30843 -21921 8817 11638 6770 -20591 9788 2281 16098 -10112 -22333 -12448 -13372 20473 5033 2281 16393 -2896 14371 2356 1921 -7814 -21788 13239 3095 3884 -222 -12158 -14538 -3235 9545 1771 -18375 -6868 19868 12821 -9764 -16553 15460 -5423 -4678 -7404 -30689 -1172 -4609 -18184 11504 20489 -11168 31530 46824 -15115 7439 22053 15115 -19042 -19602 -6080 
4436 5564 37630 42400 20914 2442 15196 765 -29685 47047 -21253 -3597 -21437 31416 14001 9321 23939 10510 10538 11552 -8465 31763 -7792 -12873 -3307 13817 -23018 1149 -5484 -11361 -7471 284 -929 -34595 32440 17749 -7563 7338 2920 -9246 2332 10565 -9353 -8939 9375 264 -3838 -24390 -6361 -43238 -5054 -11735 -20380 13679 -281 -41518 -8143 -9769 13521 -15398 -1217 9983 14238 12508 8785 14354 -15074 6628 -9951 20054 -36864 4480 -8818 3065 25008 3618 -4925 23652 -2637 -375 -6461 13749 -24647 -7500 -12410 -1310 -2082 15167 7451 25006 -6986 -13220 867 -5265 4803 31031 -4280 -19324 251 -21278 4358 20558 6357 -1667 27818 266 7840 -2760 10397 142 -26967 -23679 -3474 -14341 4307 -17517 -10657 6638 -9130 25806 -9058 -9121 23070 -4625 -11182 -21993 12802 23223 -20207 22413 15296 -22003 -13225 21689 34691 10060 8324 -10875 19966 -9193 -477 12741 -18169 -20238 -1232 3116 9952 -9062 -5701 -1826 -947 17663 12028 -1518 12678 -3376 2794 2344 -2136 -22636 -33076 -1106 2375 -27366 -3675 -1506 -12141 -9960 -9904 4424 15271 7943 3815 9412 -18119 17491 -11251 -3026 -42413 -4891 9744 4722 -1661 -28718 45451 882 -15808 -11054 6776 20729 15064 -13356 -9293 -27931 -7475 -9581 -3381 -30216 19164 -26609 -10078 -6637 -23124 36814 22508 -2197 27640 -22699 11560 -5947 -14789 6773 -223 -21379 36082 13766 -23749 34774 16978 8671 850 9602 18245 14986 20367 -10411 5590 -819 -2182 -7058 -14774 2002 -10513 14538 -24521 -16926 2802 -23827 -21371 20172 -22345 10787 -32609 -9968 -13465 28879 28140 4419 8940 -37447 
5975 19063 -8031 454 -19973 -5111 29953 3259 22157 -10689 15119 -8428 30578 10168 -24505 1490 8381 -24080 -6985 -2841 21559 12666 2598 19695 -4215 20499 -982 -7041 4597 -3535 -5930 9418 13896 -12433 -29389 -15326 -21310 -1692 -4936 -2087 -4435 33214 12386 -1869 387 6877 12257 15811 -11371 4149 -7042 5110 2797 -5342 54 571 9834 -9300 -4599 5421 2434 -21916 -12540 -14491 -5415 -1470 2289 -1681 18946 14592 -753 -20087 -14821 27451 -8235 -12329 -27883 -39650 -8827 4919 1951 -13318 17076 -10556 -401 -6958 12993 -1128 -22442 1861 -6321 -30251 -3345 149 -24270 9075 485 -1840 4712 -11530 -15107 -11516 7817 15072 -1917 25334 10671 -2644 19257 -1716 28173 -3069 18855 8085 3041 -789 -26904 -23521 -23938 -8395 7463 -34097 10042 -1750 299 11524 -5874 9664 7700 -38046 -6633 13002 -7480 5736 16424 -15572 12122 -2108 12538 -2110 -17626 15743 -432 -8471 4911 6008 -20819 7604 4197 -6918 19075 6286 -24205 -6214 -6620 1288 -13849 15356 18963 8566 23066 13695 -9881 16111 -12679 -27924 10530 14473 6084 -223 -10167 -20064 -5313 -19071 -8682 -8548 10799 8125 14917 -2477 -7462 -32724 -15011 -8060 1294 4203 5499 -16833 -6956 -18254 7793 -21562 20941 18123 -7618 -8006 -2086 79 -14071 1674 10976 -16752 -14853 -9899 -1467 -2417 6279 11716 -10786 22281 26995 22544 -25770 -39192 449 42133 -16085 2757 -12129 -11148 -14415 13753 647 -23594 -5387 19150 -14938 2185 6406 19295 27260 7994 6540 475 -1919 -3668 -4960 -1510 7296 -12184 9502 18293 6633 15237 -226 5234 -3015 -13327 12218 -2622 
31124 14909 26774 25086 -5973 -3766 -4609 9060 -15202 9405 -2877 7293 -4920 -23873 1934 -8253 4159 -11879 -3291 -23077 1756 27636 -9112 -21102 12237 -6392 27899 -20388 6538 -13256 -2583 -6455 -12257 15638 -724 12157 2071 -23128 -10216 -1798 18815 -11952 -13669 9759 -18820 -15942 -8152 -47310 -20394 11765 9716 -9294 -13087 11680 -5471 12198 -22889 13912 -19301 3830 5116 18896 5823 17372 15737 1866 123 -6483 -20275 -14360 -31168 5006 9113 -8728 -11788 34946 26453 9971 4511 -21442 -17616 1668 -3126 -1672 11925 12921 -18385 -2995 -75 -960 -16725 2088 10480 2640 3799 -20113 -2062 -5865 4833 -324 -1839 -3704 -5488 -796 -16754 19703 -14511 -21090 15692 4334 -18199 29055 391 -23612 12233 -16624 9016 35639 13186 330 -11063 47367 3241 -28365 11739 19938 15640 -6158 -3531 10923 15464 -13010 -21479 -24674 4328 658 -18938 2262 -4880 18782 -3959 -27082 4510 20800 -7095 14132 7225 -6012 989 -24275 3626 -3308 12693 10615 7589 3698 -20827 22362 -3722 5889 -2499 -9989 3860 -9051 1027 26738 10773 -11434 -4245 17386 -20316 21200 -4719 2693 -16637 8871 -14136 -20906 6561 2803 6760 31834 12027 16152 23527 13169 -8763 17124 6672 -23317 -2206 5247 -4609 -11896 18516 -17232 -4465 24532 -12051 6775 33453 5665 18075 19733 9730 -21344 -15492 -10832 1738 -27097 -4969 -5736 -5842 7826 31982 -47214 -17529 13973 2303 -2613 18526 -20669 18179 10425 -15110 4823 -21104 -4394 -264 -13814 -30471 2784 -4896 6983 -15826 598 -17819 8023 24174 -11832 -14065 12069 8157 356 -20862 -14360 12000 2540 -10155 -8970 
-30153 -19511 -9576 -8084 -5930 610 -6401 -12427 -17916 20273 21484 -29941 4526 8470 16799 7279 10418 15074 -8020 24177 -17022 -25608 -7303 12646 23473 -9655 -13725 9869 48249 1504 21887 8563 7843 12273 -8403 -38875 8764 11595 -20098 15733 -8076 32489 13204 11843 -9870 -3173 5137 8802 -1829 -17788 -3770 -10387 1548 6604 10836 -30331 15181 -20825 18151 -13245 -7139 -25738 -4468 9972 3542 -4653 -15372 -28994 24115 -2049 8046 -8109 -8278 8106 11930 8964 -22320 -8897 15412 12923 2208 269 13621 -36290 -22568 -629 5201 -2239 -8277 170 -5525 22241 -443 -23095 2925 32622 -10104 -3812 6137 16394 -4180 7851 -5327 -6144 11351 18707 -16758 27793 6627 -19701 19266 -18740 11398 346 -8033 16356 2959 -8080 -34460 -160 -12503 -24803 678 24066 -11851 -27522 -29516 -14910 8791 13905 9455 12522 3889 25737 -3979 -13499 513 -14766 32741 -14306 16084 13100 -26169 -8677 28712 -304 16715 12079 16994 12133 2226 12446 1745 -15632 5117 11137 21992 -13193 10042 9986 10392 8528 -16325 1539 -17832 -20984 -10448 14454 4485 -5136 26187 -20430 -9668 -4248 -2576 8202 3218 13376 -13061 -1377 -15366 3828 -25113 -1528 -20394 10142 24002 -20722 -15273 12646 -13607 4748 12489 13376 -21177 8670 -7314 3789 24745 9130 768 -14303 11718 -11973 -11488 9686 -12966 -3061 -3802 26212 3072 10597 -14159 -12256 -10783 33178 -1226 -15476 -1337 -6476 -45791 19117 -2934 1694 22286 13940 3591 13769 9016 7504 -27026 28901 -15519 19506 23222 1984 15413 -821 -15572 3376 -5643 -5227 10500 -8338 2624 -13776 7254 6347 -7644 -9993 
21564 -7150 11667 -3327 22297 15400 4341 -10247 -6356 6315 -6067 18982 13641 28721 -9344 173 2730 -28205 19859 -7908 -14812 24498 20855 -16577 10474 -13759 4089 4680 -43406 3373 2892 7274 6213 -11031 35329 32371 10471 -11570 20977 -8793 7754 -35732 -20885 -1953 -3406 187 -23447 -5530 5191 -11554 20807 -23233 15362 7556 -191 2179 -20541 8187 -2833 -4333 225 -7720 -7751 7216 -9869 12484 8355 10622 -12585 8875 -10308 9560 -12479 -11852 2180 10343 23418 18563 -21102 7407 3740 -26452 -9482 42222 -9748 6590 -4798 22428 4274 -22859 -3876 -6111 -13032 17253 -14929 4569 -17803 3049 -19774 -15785 13342 -20747 15019 -1835 -20417 7693 33829 -2657 16141 21751 -26172 19557 10265 7048 12785 -36140 -7233 19174 23549 5579 -5109 15220 45346 -29719 8723 2019 36676 6855 -5180 21599 -3041 -29387 -5288 -24622 4871 -790 -5045 14502 -13947 24169 -967 -10544 18212 9201 -20633 -25850 -7331 -15823 4500 3025 -2078 10857 6135 -23442 18793 -18589 -26843 -19016 -23788 -40847 -8039 1159 13015 -18251 41413 11437 -3047 -10125 -26149 3783 -10302 31381 -1705 20662 4840 21740 -14570 -21037 -11984 2209 17045 13841 21820 -2553 -629 -22135 -13824 1850 14693 -19930 -29362 -28011 -28247 -31343 10336 -7580 4353 10180 -7637 -25575 -18807 -5693 -6864 6030 14097 -6753 5497 11961 32422 -32397 -11752 1980 -7670 7070 25094 -28142 -1631 10905 -1038 6342 12043 -6861 18131 5645 2226 -5027 -1928 -11574 -15468 -21623 7153 -3470 3510 -46 -10028 -13052 -11967 8562 11517 -12360 -29590 3906 -18911 -528 -12257 47383 7479 -19831 6867 -3470 
-8922 -5686 22536 -19743 6645 -11231 -14844 14735 -35812 -8738 8938 23008 -6789 -5046 2802 -1514 -4375 10877 -1697 -3066 -15962 -8975 9531 -38397 20004 9344 8895 12623 8391 8763 25972 -14615 3623 5008 -9285 -23675 27698 5858 -1050 30213 15684 6742 19392 39612 714 843 26553 6126 3944 10821 -3204 3361 6716 -11914 -30167 -23682 7905 1929 32022 15811 -30411 2860 12179 11570 15700 33037 3511 -4 3207 -9646 9705 23605 3548 -15530 10850 20169 16046 10869 -12283 21347 9685 -10098 -17708 -10499 -11664 18404 4269 -44853 -5656 25348 6561 16578 11989 -20172 -14154 -12578 15622 -20226 852 -14855 -2200 -9457 7360 -21791 -22985 -1578 9772 8528 16591 -6124 -12084 12657 1894 -16110 -9952 17653 25783 -18125 -15733 -10825 -1515 15739 -262 23655 22186 -13214 1853 -23165 -5153 12356 13885 -12223 -15970 15873 -3857 -3317 4695 3020 -7629 32151 29239 -14191 -20827 -11503 2550 16855 2014 -404 23205 -20042 10859 -16754 -21985 7552 -8668 9044 22401 -14491 6898 -17965 20656 -1495 12316 -7249 2514 -6948 25028 3866 18445 7445 19021 7020 20864 -15649 -471 17996 -19452 2647 872 32085 5564 -6424 -630 -3065 -9425 -16804 9966 10749 2560 -32278 -29877 -12826 -4437 -3141 1119 -310 15476 -11097 -1665 24813 -4920 6542 -14785 -3920 -31104 -557 -2453 -17040 -26543 2161 -10911 -22583 -12037 -9662 -4526 -5829 -5389 -2257 5972 19606 -13463 -23468 34233 17582 -9901 14146 23021 -5120 27950 -42157 9766 -24954 646 -11551 -8244 -13487 -9988 -20739 -6996 13119 -22700 6024 19373 -29064 21136 -9393 11481 -14776 -8365 100 
13886 11084 37108 12593 4636 -1449 52172 -10989 -16654 8926 -13691 57897 20085 39985 -4517 -18198 907 -44231 15478 9249 23443 58870 12336 -27924 1264 16174 -3645 -20184 -18161 11965 -21773 -18613 -2878 -24755 21552 897 -6448 8077 -8526 -6170 30344 -296 12110 11791 11831 -4335 13580 -5899 -4629 -5116 10897 -18539 2140 -6752 -4679 287 -22440 -6475 -1998 -7367 -6414 12794 26483 -16192 -6703 24357 -155 21037 6488 12181 -20396 18326 -13883 -5886 25278 -1542 15960 17172 -32302 27960 -4847 -11508 -15444 15913 8171 4358 -717 -15293 891 23593 -11173 -18644 -9297 -18909 -22360 -963 16187 -11580 9116 -40849 -7640 -16369 21131 2201 -12893 24007 28980 -37167 43433 32369 -14664 12163 4068 5780 8181 -776 -16911 -14762 13872 18913 11239 7668 27244 4325 32786 10848 31708 -15245 -10337 -8583 29794 -26167 -19612 9086 27026 -10973 25188 11681 1497 22556 13581 -1879 -10922 -26440 -15415 -4247 -15029 -24769 10417 -14731 25097 6765 -7264 -3057 19418 -11602 -9468 11153 1693 -30850 17281 10655 7467 -15364 38314 -3188 8176 -4821 23708 -174 -10703 -1299 2108 -20292 -15278 25030 -27293 -4301 -21168 15160 9318 -28671 4431 -31160 32181 -16109 -5219 -15677 11857 -28188 -9439 -40727 -9008 -20099 -2125 -20941 9835 -15556 8805 4073 -17944 -12425 -17956 4008 14211 2025 31580 14621 -8981 -18694 -40161 19288 -1310 -21064 50466 9304 -19128 15026 20621 8998 7813 -10982 41734 15167 -5553 -2071 -217 -26492 -7220 -41065 19573 -26859 -16 6428 -43197 -25474 -14172 -16985 -4902 1268 -29170 20249 -7577 -22850 19131 6544 26483 -5715 12771 -10148 
-28072 -6632 32513 -807 23238 -13121 -36335 9631 -13096 26203 -17370 -39181 14207 -13389 8245 6425 -18751 33199 -5490 -12483 -29465 -6418 920 -19464 -1715 21889 3662 24972 -22769 8379 4955 14361 -16301 -28782 23494 27096 5920 16553 38172 35680 -1091 -18936 8422 -20842 -26573 -4571 1734 -43430 33792 -1808 17548 14049 9360 3038 -13833 -20373 18719 8791 31330 -12697 -16806 30387 9136 22780 -32798 -30006 19603 -17434 -17494 -15558 6558 7858 13208 487 -9466 22413 7006 8516 16607 -25266 12152 17737 -8040 1467 -23381 7061 4086 5418 23681 5792 3226 -6215 8238 -16143 5292 -2891 -8270 9479 -1209 25799 6760 -10877 -12844 10302 15874 -13662 1168 -14924 -19540 4473 -21765 7130 -14406 -13601 -14237 -6701 14544 23730 18374 6031 -17771 21699 -3876 -16030 -13268 -18390 3088 4678 -17316 18074 -10 -3982 27533 -2951 -4793 5067 -8768 9031 17633 10920 8244 -5867 -2731 8651 5578 -1662 30391 13516 -26660 13823 -29038 -17158 8365 12172 -332 4791 16274 7428 -32617 -10183 -40082 -13254 8838 -40238 -4791 6890 12203 -31775 -29327 4338 7743 5134 14042 11667 -923 -13817 -11521 -34738 -32821 -5920 10487 9187 3343 34913 -1960 -8477 15159 16700 -5364 23179 2609 4285 -31467 -34626 28055 22600 -6933 2033 7655 -15573 -20996 -2268 -9346 329 1983 -10753 -4434 -20566 28520 -26739 3586 -36892 -4637 20620 -25192 -28166 21992 13851 11501 8113 32453 -16758 -25490 -17651 7654 1296 23463 26645 9978 13956 -34100 -6474 -2533 10194 -17802 14392 -11253 -3675 -9298 19204 8197 824 -9835 14556 -23431 19226 -3201 997 -13392 1623 
16109 24594 -7666 13100 -3538 -22638 1540 13675 -4019 -8078 23859 -32583 10962 -26845 -8774 -11691 2684 -17362 22765 14886 314 2255 10253 -8128 223 4360 -2029 2357 -1760 -10068 28695 8759 -2206 -1457 -1280 -2302 -13798 -20639 15082 7111 -3338 7436 -7740 20916 -11367 25751 21555 -20843 -51326 3983 13692 -5337 47 -4184 2932 6158 -4139 14422 -210 -37 19717 -14680 6815 19053 9797 -12438 6655 10944 -10784 11556 522 -27237 -11922 23200 -38320 17902 -24000 -29229 2916 -8321 26857 11244 -27240 -13711 -13904 1837 -3160 21095 -7739 -2108 11859 35959 -2291 18251 -19405 1888 -27656 21056 6091 56796 -13968 -29967 -20536 -13739 1779 24611 -27667 16821 -5904 -3969 12889 -1783 19632 -7246 6599 -18550 -20235 6130 -20428 -31479 -8240 -16788 25004 -8973 -9363 16954 -22208 -6698 8790 -32945 -10462 15589 -19733 -16409 2769 -7671 -17356 13318 1324 4651 -9787 -12909 3740 10478 22046 16118 -9321 7480 15552 -1248 -22284 -2349 -11204 -19354 734 -6017 -27951 -3750 9228 -23733 6932 -3348 12212 5284 -309 4383 -597 -20772 3105 10579 1012 9650 -17829 4411 -8855 -16878 14127 -6507 21670 -7326 -5384 24186 10906 14217 -7375 25360 17860 -2810 20656 -9233 -541 23492 -29945 -8524 1162 13031 -12798 21259 -13609 -17223 32540 -9270 8206 -9231 14795 -23379 -14542 -14387 -8353 10896 29310 2795 -14417 -14519 -2518 -10112 -17309 21228 9176 3770 1716 -4132 -38531 -20868 2572 15383 -35545 29077 4042 2039 -16209 4001 -12338 -11889 40029 7335 7982 -11685 16053 -32038 -5128 -15116 -5127 -3902 -12091 19649 -21643 -714 5998 -28620 
-14484 3786 -6509 5432 10807 -5962 -16103 10777 6361 -9249 -11919 -5862 -22978 3177 2631 13918 20937 12088 202 -10863 -10916 -27274 -17243 1139 -4145 -1605 -4168 11256 6739 6664 -6911 14223 37343 12095 -10723 -5004 -1512 -12194 1275 106 -23402 17798 7722 -13520 21932 10411 -6657 16202 5236 -10622 -15206 -395 2465 2331 -6101 -14641 7215 -5241 -4603 24417 18542 -7401 -12582 13580 8312 11442 -9750 -17677 -3003 -10225 2923 -1168 -25385 -10685 12871 -3439 4184 10238 20425 6679 -18131 -19138 18750 8698 6296 -4964 -15182 -499 -9704 -3390 -22854 -25908 1622 -3 22559 9949 4756 -55153 -33633 -34432 30260 5994 7782 -16997 -339 -11551 12409 11666 -12653 -20657 20847 -13808 -11703 -33163 -28030 -9792 11984 -26204 22480 9492 -16143 -1682 -2400 -19638 -15002 -23297 -291 26326 -5665 28729 -30979 -12973 4996 808 1977 22392 -3419 -9130 -22444 -16422 -3488 2773 -17448 -6007 2031 1406 -5326 21954 537 21037 -18168 13036 -4157 593 -2586 9338 -2269 -5936 -2128 12515 -5018 20947 -72 -13532 -21075 -21870 -22664 29556 -32112 25811 2500 1798 7615 14805 1193 16341 16576 4314 -9745 -14526 2195 6665 -7246 -7859 1647 12336 -27159 -649 7259 392 27700 241 39652 19415 12392 -19096 -5418 -9940 -5994 -5450 -18865 9320 -15984 23232 -259 2340 20366 -17599 6245 4379 6584 -3172 6295 -1549 -10901 9249 -25364 -1759 -7279 13461 265 11052 18811 33344 31258 -13886 22710 13266 12208 -5168 7573 32878 335 -5101 -4864 -17456 14136 -17940 11011 16866 3796 -6902 5873 -11290 5668 1876 10227 -3366 -13045 3306 
-28026 -6896 -2208 -9457 -10401 -8164 -1906 -2847 35715 -6695 1090 -2190 30963 13578 6074 -1020 -19320 -34241 -24295 -8255 -6027 14363 16774 457 -592 14354 -9105 1822 -398 27689 -28741 15991 -812 -6473 4420 31056 -36266 -26049 -4170 10116 7073 -15997 6477 -21845 -10514 -12874 9457 23056 21078 21647 -1845 7271 14008 -5555 15603 25667 -12042 3826 7120 7050 7598 -4423 -11962 -26499 -30659 436 11341 17027 -8151 -9810 25729 -834 -25410 -6264 -4010 -14858 7992 -5476 14200 14990 18076 11947 14042 13189 -11654 -18534 -9082 16413 18949 8617 -11377 -24286 -3321 5272 -3438 -2363 2753 -5948 9409 -30527 23989 -10936 20559 9812 -6957 -5453 25954 -7562 -6260 13098 1495 10325 -12282 -118 -12875 31471 -14636 -19770 28922 21414 -4540 -20346 -5743 -6959 9391 7331 -2590 2408 -15793 -20856 -19543 19726 8096 -33483 1384 2029 16670 26837 -7897 8680 9817 -12136 1254 -26301 -1031 -33374 -29264 -1189 6895 35226 3530 -8974 4834 -19284 12343 31083 -22686 13235 -4675 5242 23754 24307 16194 -22432 3776 -6750 -4709 -12662 7612 13865 -32249 -20491 5024 16250 12202 -22425 -3325 -7694 -1259 4808 931 -23529 9819 27738 -5430 9812 21059 -23152 -20944 -9790 6579 -3295 22031 8756 -6157 22264 -28532 -3160 1644 13977 -17884 -21550 1388 -9447 4906 -2740 25625 21146 470 652 2593 10791 12381 -621 -6042 20947 20246 1839 18266 -12687 22866 16522 -2005 10526 7895 -17149 35159 12012 -18215 13248 8707 10194 -22109 -2000 -14804 21775 13916 11479 12386 19089 13070 16572 9722 -1559 25808 -610 7753 -15626 5278 575 
-23 -12296 -795 -26531 1181 8280 -8727 -7240 -12417 10185 1772 -12836 29912 10762 -7129 -10479 -18633 -3517 10918 14701 -1633 -19835 24808 1497 9615 -836 -7764 -1290 -1814 16982 21046 22707 14051 -2850 -20855 3904 -2043 -3924 15519 -12523 20700 -31203 -19724 -5708 14551 -5262 -21247 20031 7136 5674 35015 12355 -1402 2886 9225 13524 -18247 -12598 31893 -27639 -14754 -7971 -12143 -15619 -17499 -1248 -26153 3453 -5359 19946 -442 15664 -10022 9688 -12794 -17997 -451 -17375 1453 3944 -4780 -24061 33662 11563 -32181 2030 13339 -524 -20623 4171 7308 40956 -6199 3732 5366 5238 -18582 38417 -1196 12918 17705 2811 -18024 7977 -13131 16263 -13272 -6264 -20328 4447 19518 13923 4696 25219 17397 -8246 -17780 3174 -23353 -6394 -10082 -15764 30621 -11420 -6299 -14466 -19593 -25882 -8160 -3706 20788 19272 11273 -3141 -12020 -27919 -10120 -11304 13376 -820 15345 823 -17023 9352 32320 -52554 8933 12774 14669 3332 32506 -3107 -6640 -18772 37399 -10023 -9441 273 9655 -4578 16249 -14093 18680 8204 3974 -21973 7342 -17237 19711 -51968 -5766 3574 -27112 14241 -13173 -15796 1052 -9444 -1555 -7201 2353 -24760 -402 -25987 -7452 -8177 -6321 -1403 -20004 6791 -19010 -2769 -11858 -3536 -15683 41980 -39178 -10446 4170 -2690 -5652 -6802 2963 -27777 -20531 11201 -31695 2776 27744 12660 -21614 29149 -4015 12381 -5315 -22068 32919 -12422 -5411 -3376 -29244 -8815 -26704 -4585 -8385 13088 -3988 46482 -16689 5990 4268 -24248 245 4685 23316 3356 -5290 3327 -396 5586 -16601 -6228 9049 6229 -9090 21976 12810 8068 11184 -8658 
521 20285 -16809 -26637 2825 6653 -16471 26258 -8766 -38498 6688 16350 -29705 -15113 11960 28120 -2978 4700 -30399 -30338 13412 12915 8579 18757 21741 -16744 -15548 -132 13621 -10497 6074 8875 -19559 -5874 -4552 15251 -16236 -5605 33511 -1038 25097 -7419 -2900 6522 18784 -15658 31177 35 3242 7837 4060 20468 -1673 11120 -26413 4161 -26506 10178 6261 17189 12569 -10732 2576 -450 -22234 28607 7104 6322 20893 -13968 17414 -1850 31975 8375 -10490 -7766 21723 -4194 44884 -20450 -4875 -17752 -5138 14707 5475 -6663 4290 4173 -9193 -9520 8918 -19531 26365 -24458 20651 -23832 18501 -18287 -5342 17399 -2403 2855 1818 -5807 12705 -1044 -17397 2344 12445 21568 23181 -14949 27782 14908 -1676 25316 39881 -9560 8128 11957 5557 18340 19496 -13534 -21361 -13220 -27020 -20417 25344 -24594 20342 -1779 -8097 -7353 9179 -23089 15659 22644 -11506 -5034 3967 -10443 -8033 18680 7410 -2335 -29173 -24488 12875 2998 -19421 -5940 -10676 -34907 -10497 9406 -3813 -11655 -23666 23257 -46197 8758 -19823 -287 -18330 -1262 9298 12720 11026 -11417 15714 19505 -2788 -3513 4628 -3389 35044 -31573 7341 9660 -15314 876 10451 -6582 12392 -8449 -22347 10048 29984 -27464 -7047 28939 9957 -4797 -22842 15867 -24069 32180 -14407 -9423 26565 -6805 7069 -24740 -5457 -10962 16993 -24728 5825 -13148 -8002 -14949 -6346 12021 8986 -2791 1928 -5236 25463 25438 33790 -52538 -9697 -7646 -15663 484 -9549 -4249 17652 -12317 -28695 -2273 -26004 14236 -14933 6823 -18469 29851 -26383 -2500 5337 -1807 32145 10106 -7172 -3586 -11826 -17447 10634 13174 
-11297 18586 19472 -33404 4749 -20353 -3325 43630 20375 -18293 12713 -9481 852 -8696 -820 12009 2959 20185 -5459 152 545 -38521 -11854 -5946 -5203 -40838 -42878 10701 8150 -3544 -4265 -17264 26201 16826 23213 27118 10543 -25666 4389 -7127 -8413 3428 8438 12321 8457 1082 4512 -10706 -20958 6742 9764 -19320 5371 1587 -17747 10989 -15190 -316 4244 -14802 -9562 -11655 -9549 -108 15450 -6381 5794 -6243 5110 27289 -1079 -2920 25686 -12541 13200 10377 -12382 12613 -7220 1421 4359 10930 -4053 -4990 6413 -11068 -19694 -9476 -34330 -4614 7527 -20546 37048 772 -8348 -6091 10905 -4656 23171 -11127 -1519 14673 -12593 8987 359 -19687 -1625 -4848 4680 -31642 -8147 14026 -19238 -22317 7490 6119 7056 1547 10310 -27210 26118 12417 -21794 28798 -25354 7457 4132 -16222 20060 39888 -1122 -12737 6970 24679 2807 8854 16277 -684 -31200 -17078 9496 -12077 13399 -2998 1707 28537 -12430 -9209 7212 -21823 2244 -17587 -16897 1910 587 -16359 14686 -25395 -57704 -11349 38354 -428 -1948 -26490 5693 -1176 22 10720 -7635 -8106 -36964 -17744 -27541 -8909 16108 14457 -6577 20966 7318 2075 5371 25760 4282 2886 24609 7922 -11223 -2383 6722 -10660 13302 18175 -8372 -4409 -20724 -7131 -19507 11733 -6518 -26213 18515 8286 7797 -16645 18548 9595 5863 -8330 -19730 -11210 -28963 5224 6175 -14330 11634 36008 -12473 -12866 24674 -22298 -665 -2153 -13508 25552 1698 -2777 15825 -6358 24112 8406 -5160 1945 17581 3993 -1883 -3758 19791 -4991 -28832 -18130 -6748 21363 -9287 -29765 -12965 -247 12937 -1105 -309 -21067 
-6565 -18781 -5212 22752 14898 -30478 5127 -2534 1590 9209 -7339 -5020 9392 -17490 -17027 -14909 1733 -25407 9620 -2315 2620 -2361 -442 9532 -4385 56366 8032 16384 4017 6040 -22304 8168 22810 7861 5787 -23946 827 37381 -26176 -10375 -7986 -17797 2500 -13672 1095 -3657 -10122 -6397 24750 8306 2411 -22546 13114 29522 25038 -14197 -6408 9059 -5630 -6804 -18108 13736 3651 8650 -13261 16026 7966 21959 5982 6130 -4871 13954 4 555 22377 -16932 -1420 25007 -26675 16829 7011 3764 30248 -12878 -681 -14336 -11312 5154 18494 576 3868 9761 -41521 -17723 -42703 21290 13468 -5093 -24019 -6819 -3451 -13685 2487 -23368 -7558 16112 152 -7875 1178 10449 -6160 19768 -7482 -6223 -2995 -22963 12359 13211 1776 14079 -647 -335 -1162 -3228 -9376 5490 9964 7964 -34312 1142 -17388 592 7753 -20290 15506 27795 10186 -28508 21595 8323 -14547 -3407 12708 -9671 13455 -22311 -11670 7353 -1298 13191 40781 19051 23422 -15382 3716 5291 4397 25054 13922 2332 -22255 -6043 -9870 4464 -13407 -6313 -725 -42378 -11283 50205 -18835 -13454 -28435 -16574 7215 13035 13100 10482 12983 259 -15047 -4285 -23856 -176 7609 -8718 -12135 -4229 10872 -4854 -18796 -27604 11513 7180 22094 -3613 -10138 -9377 18050 2790 -16098 -930 -18916 6712 -14748 4254 7169 -4351 17104 15167 19402 -10844 559 -12066 4531 -19148 -5548 -4123 -36507 -15660 -16187 11445 -10050 9079 6361 36349 -6513 -4763 -13944 4997 -12932 -19860 -392 -18986 -14671 15532 4869 25168 -11369 -4818 15804 -31704 -11439 900 -7243 19288 -21992 13957 -7579 2361 
-19292 -658 7291 17444 24292 -22661 -24785 -7760 -6571 24308 2140 3575 8155 1630 1982 -71 1906 10133 -5343 36672 6915 -7033 -14133 4669 -18739 -16404 -5218 -1665 2033 14550 13093 -14925 -2120 -6561 927 12160 16975 -36657 -6652 -1693 -16194 23170 10230 -4380 11269 15102 -2457 4570 670 2614 8493 -5097 12123 13659 8847 -5514 21876 -5917 -2858 3422 -9158 -9398 7512 -17010 1473 -16643 -26162 9767 -104 13581 1517 6682 -3570 -33806 -2416 24040 2242 -3887 14522 -6486 2675 11417 1570 14801 -35636 -19730 7590 -6035 -30035 14516 -155 -3678 24602 5505 -4456 -11318 29916 -5183 18939 -21115 34015 -15440 -26387 16278 24796 -7290 -7586 -3714 -22470 -16086 3995 12199 -4084 -6698 -10914 -42511 4523 -7416 -2074 -6158 26725 -14553 3357 3590 1441 1172 12860 11114 -4035 23094 12092 -6680 27186 8058 28126 3073 5599 -10584 1060 -21823 -5948 -20114 531 12363 -9285 8691 -11594 -12190 -9744 19293 10022 3045 -217 17719 -6205 4732 8588 -10986 26194 7357 42064 17114 -5583 -15628 -20465 8362 -12993 -1236 -8829 -29784 -12236 -6616 -4541 23938 10902 1084 -15125 23135 -7006 12702 -6913 -17247 4489 16692 13249 -5285 25324 -25224 -17351 40937 -12351 4832 -14997 22826 -14519 -21225 16611 4546 7764 -13219 -2237 -15436 -6681 5175 51146 -4866 2710 4834 -18565 -4413 24934 43024 26632 16502 7474 -3794 7816 11053 -745 -9175 -6863 -7381 -143 -11617 -24678 18092 2257 -8630 19942 -2133 12020 24932 27713 -8755 14710 -21651 8003 -8713 -6418 4444 2378 7449 -7132 6231 1657 14590 34409 11743 -14770 -9769 
23268 -30626 -13168 5209 -48539 9530 1668 -116 -23138 19883 -5791 25593 12633 6466 -457 19720 798 4348 39875 -12842 -36793 -16196 -12752 1925 8511 5701 -1733 188 3033 -4576 -19587 5645 -20750 -15267 8307 9062 8634 5383 12128 2705 -12502 -13792 -11880 -12311 -18934 -1670 -9205 4070 27351 9508 1733 8740 -11214 8445 6952 -1153 10332 5161 18571 -4977 25454 4465 -28 5996 -210 -16082 -4429 -28713 7042 -20430 -22879 -16166 -34332 -2145 -3865 -6877 -628 -6383 -26930 -4144 -11912 22207 9524 53 34035 14309 -12530 7193 -644 1427 3797 -850 -43996 11015 -12218 17273 422 196 -2287 21253 -14183 -14591 5930 -5443 4809 15164 36421 28387 -8485 932 -23037 -4203 9368 -12731 17356 -13271 -49479 36551 17497 13374 29362 -4839 -7457 14579 28492 22492 -29557 -12331 -15296 -4282 -12156 724 -15109 4657 -15724 17626 -10181 -15854 -13540 6750 13938 10014 9284 10148 8652 14668 7085 -11746 -7830 -22137 -4653 -2293 -6614 -3379 -13593 -932 4002 1030 26896 -1386 6686 -11923 35386 3204 -24329 -16326 10287 -2153 -5023 -4711 -9490 -13982 -22827 -1565 18943 7461 -27887 435 -15512 4661 -2205 4983 -12064 -161 -2605 9802 -2150 32495 -27976 -768 30152 -5003 -15930 -17189 7163 -28910 -8242 -25269 307 2705 -2208 13996 -20762 17570 -4380 -20048 -20838 18142 11680 10253 -19528 3369 6929 -4296 -11131 5762 -14425 -6708 6177 345 -24894 25691 -704 -5669 5339 -7810 10167 3331 2855 10901 -4906 -24603 -9001 25055 8855 8178 -14601 -4778 6840 -32534 -12034 28902 -14403 -2629 1274 6179 -19871 15533 -3560 6036 
3533 15587 34559 -29392 38657 4809 -7974 -11202 20373 -31192 -5368 -30884 13004 394 6880 -18255 10633 437 -19859 4491 -3351 -3421 -10394 -3112 -20680 11673 557 9591 -3255 2972 5669 -11022 41609 -4494 12221 8971 6934 303 1004 13000 20647 33880 14084 -5077 21528 -7963 28562 4782 -20010 20617 23271 -32680 2129 -18582 7018 -3560 563 -502 -6316 2157 -39304 1981 3446 8120 20515 -28132 -2558 2055 -8599 16246 4501 40340 25526 3616 16395 5344 -617 -10887 -2426 4599 2432 -10397 5543 4725 -15185 -16295 24418 -20582 -1376 -8429 -5389 5142 40781 6328 9830 -4621 2277 -12567 17231 -37962 4075 26444 5270 1618 -15708 2067 -21614 -18004 1152 19864 -2620 -7354 -1081 61 9695 8276 36695 -14522 594 -20681 -18856 2836 -1871 24141 -11221 -9371 48088 537 18670 13525 7024 8815 -3624 1057 6757 -13331 -12592 1766 -2035 -10139 -4037 -2396 -6580 -6740 -7584 5185 12719 22551 -15487 18737 -20304 -31869 -8723 20069 20341 9969 -9661 -4443 -11899 14696 6928 -3126 -10946 -18825 32236 1066 -3984 8822 7917 -7683 -17487 -16739 16637 -201 -1023 -14985 4031 30590 16115 10454 21963 24573 14348 -4381 -3406 22144 6272 -15870 4288 -17610 -24735 -6682 7063 3706 14737 -12624 -15672 -17628 -21373 12878 -1488 8386 12026 -11653 8309 20709 6774 -17878 -14680 -20795 3396 4201 12676 -6879 3500 27511 2179 16501 -10335 -21716 31808 1298 -5058 13697 18296 16092 -2354 -4555 7434 5410 -1860 15973 26287 -14584 17128 -5050 25526 -14837 2503 10705 -3930 -7310 4812 -10496 2736 12640 8728 -24559 5753 -12455 
-37367 28178 -15109 -1101 22708 -23364 -2444 -35594 7223 1094 4561 -2098 -3760 -8722 -5069 -18173 -16659 -15274 -13672 -2641 26525 -12924 749 10808 -3641 10516 22744 -13201 -11422 -11870 -13235 -8142 18012 1082 21013 8287 -12984 -14707 27897 8566 -20897 2221 3827 2484 5047 -9804 11406 29747 -8887 -21422 -1274 -15042 976 5237 -21394 29226 1515 13302 19433 -14417 16419 9298 6819 -4826 -10530 22311 2446 9881 -9788 7060 3709 25711 11819 -12655 -8241 15575 -4087 5990 8041 22862 -23793 -16774 -6041 17591 2514 764 17198 -3085 7985 -3685 942 8115 29052 -8123 1861 429 -16632 13718 -32498 -17368 11124 -13492 2695 -2853 -2641 -176 -18222 -4294 -14758 -1818 10692 -19170 -7386 3535 13480 -16966 -15124 8837 -1157 12330 -18686 10503 -1338 14868 7527 2612 25499 -11055 28390 21677 11390 -28625 16453 -15920 -4488 -5846 -15099 -1513 8241 -8088 15732 -16250 23624 5214 2627 30816 23117 3089 -19443 4944 -7083 30542 -26311 -1542 6481 8259 28895 -7377 -3410 24140 -11000 20097 -6701 14978 -7978 19702 2047 -25933 -6417 -14360 -16119 6101 29096 11955 -5781 2181 -164 19829 8291 6642 -13003 -13544 1452 9123 -6966 25603 10653 -10697 20995 14235 -14401 -7114 -6066 13001 -4308 23035 36474 17935 -3475 24093 15739 25935 -716 -9700 15220 11357 4161 -9897 -17222 -12431 14741 -25347 -28008 -32332 -23418 1138 -8225 10931 11034 14389 -8451 32203 -15329 15046 8614 30890 -44114 -12529 -11178 -9501 24132 17966 -3929 -24299 -8347 1747 5159 12265 8122 10291 5950 -21551 -4449 -39654 -4669 -10711 -1845 -21333 7278 -1820 
15 -3896 -10360 17874 1850 -7954 4524 -27598 881 -5110 -2776 -21916 15784 -137 -3184 -22930 2530 -2161 27726 10455 4671 -6540 20415 -9109 -19982 30936 20731 -8896 -7821 -14371 5966 -30453 31605 34924 32546 -28862 22475 14755 42435 14438 -25275 5624 18468 19655 -11264 21262 -19440 2940 7059 7754 4683 -13253 13440 -20358 27123 9574 16934 14393 -2481 -27286 -4998 7835 5404 3690 34547 7799 -22589 18790 -16359 -880 7067 13535 -15269 18724 -2727 14274 -16717 -5171 12908 48598 -72 -13528 6551 -3977 1364 -11809 4759 -1589 13365 -22861 -8475 37458 30031 16575 -13001 24827 -6223 7581 -10438 -25435 10224 -2672 22091 2383 -22008 11468 -7950 -9521 -13892 -10369 -1791 -36516 15313 12425 30555 -6380 -19163 13030 1487 9980 -41847 44435 -3063 27779 -15683 14383 35245 -10192 11048 16372 -24282 14660 922 -13958 19299 -27539 -40342 -5698 22435 -5698 10243 7508 41271 -16540 -9620 25578 22752 42479 -15859 19347 -15046 8301 -6546 -301 20123 2572 1900 -13590 5185 13238 7737 -14071 17819 -2305 25871 -20416 -18291 -7655 -5317 -20710 1536 13359 23451 -17642 -14039 2847 -11128 29748 8662 13698 -3028 13784 20111 33478 -20379 30867 1183 -23746 25948 22770 7763 -16831 -13520 -3586 25136 22670 34775 -12749 -24535 18135 1632 24550 17301 4816 -19542 30628 -9707 -7932 -392 -6037 15599 -8820 -11929 -7975 -28802 2861 19157 2406 -3060 -7457 -2807 48412 754 -28001 37460 13536 -17146 -16891 892 2680 10969 12772 22132 8824 4870 5821 13017 8884 28174 30205 -23092 -463 -16794 -16422 16343 -21621 -12952 -34605 -4881 575 
19886 -20363 9740 9636 9574 -16245 -16515 4837 -26253 29931 -10417 19019 4869 20385 20104 -18144 4461 19168 23720 34714 -21534 -24511 4737 -18063 -29851 22530 17788 -2970 11750 30214 5344 -14778 -3455 -5140 25436 12151 7593 6016 -1286 24879 -14744 14462 21473 -1585 -13917 13006 -4823 -5875 16582 12281 25178 -22450 -11667 -1365 44008 1199 12783 -183 16573 -1925 2911 2265 -3253 -178 1361 -23252 -29246 15417 2517 -15010 1748 2046 -24386 -21176 -7510 27975 -18086 -34367 -15732 21886 3147 -7140 26519 -5092 26549 23755 34951 -18569 -39634 -5799 17665 27782 10774 8443 -13612 17117 14813 -22150 22511 -11936 -6714 -35345 9114 18070 -21302 32366 1970 264 -30069 -187 6419 -23963 6979 -17314 37864 -10425 -5079 2338 4215 -21523 -22907 10363 -10068 27948 21426 31115 22465 -6576 9807 25254 3502 19168 -13209 -8350 23158 -29581 -21512 -4052 -10734 23681 15428 13802 35335 11335 6184 26788 25829 14761 -64165 5591 -29244 -26855 -20991 -1261 18843 -3630 -2620 5092 39586 586 8125 -20676 20635 575 9303 -11296 -11938 -13142 -9290 -4142 1550 591 -9389 3555 28552 -34077 -51689 27928 -3722 9793 -15901 15691 -3745 49410 -412 34388 40976 -24740 -18420 24265 6157 -36964 7494 -33242 5835 -61682 14259 -24819 -11353 25569 -20803 19424 16052 -1565 8762 8886 -22512 14651 -14455 -4493 26097 21819 22335 13556 -36306 16224 -660 18780 -17881 2039 -13038 33101 -25187 -37339 1692 14788 -12603 -24156 26626 5854 18669 11794 20788 13768 4384 11085 -25584 -6451 22599 -4233 7424 24400 -1008 -2600 8864 19052 25634 -7126 -4282 366 
-10204 11812 10936 -2709 23816 -3055 -19111 -9353 -9751 -4246 -33279 -19958 -18144 -31124 24072 -27362 3925 18340 -16088 20039 2038 4595 -764 6756 -10716 -8069 6393 41666 2889 13052 -737 9142 -308 -8030 -5407 19012 20492 -25869 -2885 13656 5030 31255 1110 8931 -18215 -14482 -9731 14390 -11631 -1333 17704 15599 -18567 30646 8303 12223 21475 4115 -16022 -11980 2153 15538 19894 22607 -16512 -12157 33515 -1495 -4113 -8211 -1857 11464 9475 13084 18033 4837 -29764 -1000 -14658 -10826 -4998 -14231 -18347 1123 7554 -13407 9276 21468 -10993 -5375 30989 -11437 6794 4559 -16817 -9078 -13799 -29351 -18853 15219 5660 -3719 11131 13378 11643 -17762 -17119 8001 -7767 -8791 5099 -9336 -538 -24837 -28575 -19559 -3042 540 -8982 -20475 20147 -14120 -8136 -1957 23496 6469 15294 -3320 1798 23491 16046 -16876 1799 -13168 5493 -3492 -17383 17448 16427 -9867 -6927 23252 19944 2960 21723 -4764 -11558 3359 5778 -17302 -1023 15819 4513 4958 22081 9216 11327 -4682 10721 11999 4584 10603 -7020 17417 12133 8204 -23494 18554 15804 -23879 -11349 -22080 27407 27395 -21414 -5189 28847 -199 -2415 7489 9732 13218 -2443 18334 -2946 13991 11207 -11915 -26153 6397 -16419 -11480 10979 -16553 -2256 2411 27749 3401 -15584 24547 2727 -12928 -18499 -9747 11718 4641 7335 447 23649 -26253 9740 18196 -2188 -18195 18141 5268 14880 37569 2709 -10835 -5333 9176 -12772 -18307 1538 37320 -6154 -4404 28329 2273 6692 -20747 13618 -16829 -7599 -8097 19943 3331 2759 -896 19850 -7726 -31469 -12886 -16008 21036 5818 497 23053 -30712 
20160 9794 -3800 523 -16196 -337 2020 -3231 -22861 828 3093 -17051 14865 -5758 5261 19862 -36588 4201 27575 -14762 -8880 -22102 -17509 13449 -17031 -14202 -21769 -2756 -4904 -3442 16961 17312 -1329 -8007 -12867 2448 6177 -7891 -3180 -210 -27254 -5041 -1411 -17199 3414 17123 -18032 12815 15153 8888 -28677 -6063 -8508 253 144 -10133 -7249 -18291 -211 -5881 -11653 -6833 20483 32741 3847 -26550 -9237 2361 -816 33876 -8540 -2134 -16741 -30442 -27542 43707 -18759 28624 -2352 -861 -34869 10348 432 4885 25923 -4854 22498 -20245 13695 -24037 43534 309 -23651 17117 15588 -12607 11079 -12986 3738 15947 -2038 -9792 45558 15758 41839 -16890 -6791 -12704 31462 -1959 2804 2115 9313 34601 9329 4073 -13512 7703 13765 7012 31866 3214 -15757 10084 8793 23539 13981 -25142 18127 -31629 1431 -34060 -5494 -6745 23011 -13018 13246 -30634 -20844 -23603 26484 25793 1327 -11359 -21498 24232 2538 -3956 12205 3209 -375 -4126 -1344 29875 -35910 -14800 28406 -17939 6440 16468 17646 -1213 7356 -1954 -22189 -20422 1053 10022 -4288 -38790 2095 11732 -1185 3651 13594 -7257 3242 32212 38918 978 4530 -8305 -13617 -5259 1211 -11473 36305 10520 -23615 19461 -11155 -14830 -392 -10898 -25849 283 15869 -2432 -32980 10976 2170 -10415 -2316 -22720 -10314 -1345 -44982 -21093 5870 2175 3700 -5113 -11876 5025 -13525 -40 -691 2930 19437 9593 -11868 7525 -37278 2026 -30287 -9928 3519 21852 10977 10486 -5316 -9043 -3164 -30023 7832 -5181 17066 8405 -18153 -1204 -4198 13608 -23498 6144 -3067 27401 -50769 -2 -12125 32314 
10174 -3742 12376 -13237 -3969 9164 11431 -16176 -5129 -16266 -5729 -28679 25076 -3491 -384 -11384 -984 9051 14016 -2949 -17764 -20758 -21975 -9737 -2211 -452 -15252 10994 -1701 -6149 4498 -10659 44780 -1122 11537 2497 14540 15892 2812 9182 1302 8336 4988 -19073 203 1220 15601 -10839 -16078 16022 -2935 -26950 -7429 -27406 -3280 10797 -4803 3771 4619 -6601 -20828 99 -9812 21112 22307 -29199 -1248 -10733 -4486 4332 4735 19828 -3863 5889 20685 18057 -13357 18838 -17898 -7142 188 16090 1592 -13210 13493 -6832 -2424 -11908 9181 -17786 -1940 2277 -2607 12196 -4881 5918 -11502 -9525 4802 -16894 -3377 11671 20288 -23171 -24829 -8320 625 -14292 -11424 8889 -35893 -13144 2460 14 11390 11015 4449 16062 -1810 -9033 -20819 14830 -21250 33805 -10734 5348 30585 -5964 5882 12726 -8477 -8668 -12219 3680 1983 -3886 -4981 -2710 1282 -2526 9000 13685 12460 -17107 1335 11748 24359 4745 -5707 -2008 -5075 -17169 -10899 11530 10396 8082 -1975 -10043 -34027 3340 2335 -5855 28237 -14248 18543 -21546 252 -576 -5647 -3666 -22272 -11569 5513 -13075 1243 1166 4305 27777 2081 -7642 17602 21822 8237 -16504 -10847 26853 -853 -4193 -738 -20160 6414 -17379 -5458 -10439 15956 -9832 -23786 -30327 -8324 -6028 -2547 12080 -3988 -20598 -13213 11485 -4354 -19530 -13962 -20938 -21983 -11395 -10714 3929 -15474 42454 -7851 -1730 -2761 -24120 16436 32460 -3795 31337 24355 14474 6806 -4293 -15303 27352 8367 -5175 10001 -3092 7599 17973 30576 -19598 990 -15047 -19415 19787 -28313 -6973 -5384 2442 -24710 -27395 11235 -871 
20528 -42021 -15005 44199 -5140 -4745 -8762 -25777 -5529 42814 -35126 26624 5460 -10827 29244 -36982 -13499 -1112 6346 26190 13315 13456 10038 -15925 11830 37326 37915 8725 20065 22405 -16324 30013 -13744 -9968 -20299 -6287 -1595 25692 -22386 34538 -6619 -10741 -6157 -6517 -45436 7827 -2481 -10250 8914 -29645 6970 -19219 -7903 11875 44261 9644 32350 2622 14117 12782 8471 24722 8936 -2155 -13472 22281 -173 35781 -12073 10459 17893 20346 -15639 -13188 4745 8320 -13210 5975 -2210 30411 11278 -14351 16156 2825 -1169 -23311 9656 15534 8315 6438 4229 6590 -13795 -1157 -16049 -5546 -6691 -24615 -6324 16706 5210 -14625 23361 -1548 8246 14819 -11620 11005 8785 5532 690 8199 -5553 -22736 -12212 658 -12585 -5590 4946 17761 -12701 -6831 2677 -32633 13763 32771 2484 3670 -46348 1130 403 21676 -2656 -25158 7451 1186 -15518 1891 38930 17434 63 20476 -25475 20958 8052 -13195 -5886 17011 -16080 4728 -4491 19377 5499 -13248 -11881 6810 21610 19401 44606 -1512 -28914 327 -20232 20375 6747 8011 -6014 54 8292 10403 13011 7368 7441 -5820 -17672 4209 -12143 12951 -24400 19573 7293 -14317 -6674 11289 3069 -8277 9396 -10060 -9187 8006 -9617 -41052 -10917 -2386 33279 4567 2182 -5469 -3782 28725 -37057 -3681 -13539 1849 -9693 -28410 -6811 17870 17608 -4870 27678 5839 21631 8595 -15527 -38546 12953 40065 -22060 -24461 -14295 26549 17084 -30050 5585 17382 -17765 -8597 -10539 15771 20462 -12137 -1594 -1623 14938 21141 -6597 16070 15261 9838 26561 -32656 -12113 24919 10019 15346 26435 6701 16383 11328 
6666 -4348 30167 368 -4441 -24438 -22549 23028 12239 3080 19163 31017 32246 1342 -18887 -6104 20698 -13344 -15450 -973 30919 -7232 8489 -10679 -18160 17989 10662 -31678 -13623 -14128 6654 5963 -6779 11780 9304 -3234 -11790 76 2367 16196 -9303 -790 18076 -6936 14371 19606 -1180 17213 5207 -31675 32620 -32232 18555 -14398 3674 -18557 1667 3044 26336 -8321 2089 -537 -2482 -29588 16108 2476 -5717 19036 -17799 13749 -9534 15536 -562 -20406 -20943 -14754 -958 -13405 12632 19407 4619 -35739 40371 25223 -31406 5414 29894 -5192 26477 13338 -4911 5776 41935 -8931 5304 -8974 3893 4455 -5039 -14605 8898 32376 -2620 13698 15586 19674 -7446 3185 12027 9232 12867 13611 2532 902 22872 25864 16353 -14639 17855 -11454 -15534 14450 11541 14102 15060 419 2937 -3363 19728 -11008 8943 11354 -438 24806 -27434 9708 -11083 -14779 -1016 -687 6573 -9041 -11870 8439 -17958 -8598 5047 12666 14540 -2323 -44396 2252 3065 10837 9184 1394 -7049 -8235 27212 -5333 22429 -14736 -34548 -12764 35086 8636 -13615 16636 5686 -1046 4241 11829 -12349 1177 -10399 -3708 -24828 13924 -2034 8204 170 -12625 -12346 15476 10028 -7252 16236 -15351 8221 -18020 -18910 13283 2846 10112 -2614 -21312 -12464 -6862 -10842 11237 -810 -16514 9895 1870 22821 -11987 -3456 -4602 2714 4911 7154 11597 22123 -30194 7167 -7230 16412 -6799 -11151 2493 11443 -18125 5554 -20509 9009 -22449 -5369 2163 1080 -8363 -7756 34212 6282 -5929 44809 -7322 -13165 -5075 19321 3351 11694 -9466 11307 11634 16420 9984 32763 7993 1789 7846 
-9743 -27606 -7898 4133 -19492 -3450 -22401 -30521 -7661 17084 -33602 18396 5104 -15049 3632 3960 -973 8203 18463 -10348 -8257 -12882 4748 -3949 24836 21418 -1889 4042 2909 -5899 -5429 17884 -32680 -31356 -6472 1438 -16538 11835 3333 21144 -11222 -9904 -14763 -18179 -19751 -16812 -2235 -2558 3718 -6434 1572 -2687 -30278 34503 5144 28214 -4554 6955 19190 6124 21362 29075 -18342 2861 -16476 6232 9319 -6112 6748 -12490 10897 -5700 -12769 -11972 -842 -4551 -2194 8241 -21177 -222 -16802 -319 -828 7847 23049 -4578 -616 21423 3633 10593 13661 -17375 -21040 17704 -14863 24387 -5202 -15282 -6824 26746 12212 3930 2066 -34125 14131 10294 14419 19726 -12518 -3658 -12159 9910 -6316 -20356 -2830 -25232 -33097 1692 12971 2666 17417 -13977 14967 7131 28924 11675 -32896 -2711 -30330 -481 7344 -11744 -21482 -22586 -27315 33118 9976 12934 6188 886 2594 5906 -10035 28182 19034 8791 833 -8452 3792 -26593 -2961 5134 -4245 -16709 -28956 7030 39389 2307 16634 4136 -26133 -5610 6314 24559 -27187 -5460 20903 12404 11459 -8878 -14136 -19708 -89 -7386 -10284 13912 -17429 16149 -29218 -7563 -6230 -17123 -13270 -6961 -4072 14080 12053 27123 -26643 -14511 -4748 -9736 4072 -2185 9443 -14573 -19323 -6964 19883 16839 7209 12429 -29645 -462 9597 -29707 2140 6116 7433 -3629 -12843 4981 14623 9678 -17576 1040 17724 21030 8422 7030 -6954 14319 3129 -6005 -12610 7054 -222 -3782 -8210 21456 19043 -22253 -5197 -4395 3705 31192 13211 10785 10115 -27873 50 2661 -17315 4480 -20661 19830 1835 9924 11403 -1799 
13032 13455 -3948 -23923 339 18510 22011 -28012 16922 -29962 -3212 -13864 9171 12105 -7436 3418 13209 -28543 -5920 -23117 -21782 17808 -21868 17615 -6472 24034 1758 -11411 -17593 -1626 -17584 -2225 14696 6683 18757 -17468 -1563 9908 21299 -9992 5768 3743 1061 4214 38631 -12896 4146 20490 5206 21008 2690 4751 -181 -6749 -1510 100 -3800 -10263 -12784 -10681 -1068 7542 -167 -4226 3716 -19604 13437 -20551 -5371 -15380 -24234 -1532 2122 15722 -15044 -4794 21132 -18471 -28016 4629 -14185 9367 -6291 -3203 35647 3547 1327 -18746 11521 14767 -8241 508 -3998 14685 6963 11937 -10275 35211 9112 -21630 -21362 -1926 1584 -2029 -5275 16836 606 -1280 -17763 20385 -6198 -15168 -8456 14791 7730 -4174 -16355 -4217 17652 1361 -4021 686 -3056 11259 10978 -16623 9672 9411 -350 -9829 -16257 2338 -1941 -6241 -7930 -11451 -21495 -1346 -9610 -13293 9751 10309 8729 -3899 -12356 11662 40278 10789 -15750 -3418 -3694 -23677 3526 16610 8503 -2799 -16583 -14333 -247 14485 -1255 7708 11739 11838 -1683 -6544 10875 -18039 9088 2237 5387 -22836 17050 -4244 -3182 -5390 -8719 -8087 21640 2681 -8103 17525 1821 -15847 -5033 11416 -3613 17380 11225 -10016 14311 4552 4357 1887 7976 12162 519 -10924 -9032 20461 14671 29632 7961 25503 -3101 16397 -16751 -669 4427 -5582 -11321 -22554 -15507 -11313 -497 5133 -4888 -1294 -12145 12969 821 7031 -3265 17079 27 1035 -10931 421 -14062 -18904 -5601 -4663 -12749 -9558 -7539 -4291 4259 -10536 1552 11717 -10965 -6857 -1398 -27429 85 -6895 -20594 -18552 -14898 -16900 
-20741 -9593 2331 -14998 -5554 -2120 -3802 22319 -2733 -20040 11348 1366 -23594 1489 -35453 20561 15154 9990 1437 -13815 -3859 -3174 24628 8048 16070 -10506 -36183 3121 -8110 -21719 5999 -19764 -21969 4545 839 -17223 -20014 -4380 15561 -28971 -1236 -13589 9866 7790 24234 -13856 -5258 -18650 3417 26836 -7660 15727 558 16221 -3123 -19789 -30011 17875 -11519 -13290 7430 3230 -21410 -11508 -7066 12384 -2996 -940 11443 -17081 16469 -26094 3268 21317 -8121 -23603 3582 -14212 -1569 -16678 7019 -171 7520 -9003 10333 15637 -10669 1523 256 -4039 -10285 -21660 -2359 903 -12124 26459 18645 9232 2846 5578 -4308 -7062 -15610 -9430 -6007 11683 19693 5180 -3971 -9282 6418 9188 196 6488 8680 -15149 8771 -8962 -455 -3081 9062 1640 35934 4629 -15622 -29288 -36269 -4316 8509 -15191 -19491 14620 -9902 -10955 -14186 2554 20525 5621 -23853 4271 -5124 -14598 7969 -7877 1137 -907 -22876 9695 2326 -13479 12174 -11205 9001 -23167 -2590 -7974 -1313 -1269 -10311 -7957 -15712 -17270 6071 -7244 -11469 -1515 14765 3190 15142 14790 17474 -2626 -16994 -10972 2449 -1723 12152 -24342 10035 -28799 -24039 9169 -9065 12789 -14698 -8873 -8059 19124 2995 -2399 1751 28514 28426 -6328 -12759 -6937 -10333 17592 22375 -15816 26740 10123 27104 12073 -8635 10731 -587 -6118 -2270 15662 -6940 -6035 7433 8643 1122 6416 12377 -18850 12312 26816 3437 -30224 -9219 -4632 -7851 -20524 25538 4450 6093 -7209 -20437 10405 3555 9641 -12783 -3225 -2404 -1317 6655 4899 -19260 10516 23799 14125 -1900 -6193 -14311 9295 -16584 -14917 
-4830 21759 12365 -14234 -25996 -1831 7206 29101 -20931 -19714 -11291 -12620 -37087 -36093 18963 21061 -3514 37061 -3571 -16709 10205 -8499 25382 -13174 -2417 -21724 -13608 28133 33172 -1596 14457 3999 9284 17418 -22041 12005 28362 1031 26132 27344 6630 6733 -10749 29690 -28971 -3964 -7397 -26798 -10827 1297 10783 32153 -34591 3544 -15252 19274 -797 -2984 -12923 19900 17357 4437 -5408 25631 3932 22774 26361 5096 36204 -9542 33712 255 26354 15049 11085 -3204 -8276 14317 35015 2574 4024 -27925 -21227 -19621 -14362 -27579 -9904 -4928 -3737 -38812 35941 -12561 23596 -6254 -7858 20 9274 -55961 11292 18083 535 29991 6905 -10107 -11910 -18076 5758 3686 25813 504 19327 -33910 28005 1018 -12302 30076 -383 27641 -8750 -19990 2564 30486 -14607 4914 -20912 19208 -19184 -30156 5553 -4158 3284 -11581 -23422 1421 1580 -14239 -3757 14481 5331 1182 -20090 18778 619 -15536 8228 -6454 -25099 -4316 50096 -17454 -15222 -10180 -3503 -23767 11628 -8075 15067 -4144 -33233 -3101 -10523 -24774 4900 -6669 21255 -37491 -25399 42072 11567 -21594 -16688 17525 8699 -7817 -1877 18366 33843 14140 446 4 -2006 21882 6791 878 -891 10581 -27518 5529 14826 -15954 -9154 12903 -8473 -17941 -14212 25478 -15940 27283 -8594 1208 -1018 -16429 -9573 -19238 -37699 1415 20004 4728 7918 -11366 -17467 10293 -2226 8997 15330 -3996 14696 -5267 38896 -12911 12863 -8710 -13160 -23430 16354 3216 12065 4810 29326 -7204 3374 -13838 10070 29599 -2656 5369 20381 19144 -15368 -6628 -13044 10368 -25555 -2850 18672 -8684 -15170 -8502 12382 9748 
-5988 -2194 -32074 30410 -103 -25515 9329 2069 -565 17308 16548 46007 -9297 -11685 -5094 15992 -5097 -18300 9720 -22916 9164 -15870 9661 68 -10349 40142 29044 -33030 13503 -8719 5407 -8384 -12601 -5867 5411 5430 -14203 19387 17858 9985 -3280 -39655 -21494 -7029 -13958 11119 -6311 8894 10692 -5411 26596 8754 10418 7568 -4739 16346 -7489 -3072 13959 23215 11921 27712 -1531 -21302 6247 46986 -21411 34217 10211 -9527 11086 -6288 -2333 -29475 -6675 -25943 19463 -1146 27438 23710 8484 -17859 27591 10031 -24070 -15354 6296 13628 7104 1226 9716 26201 6766 -32947 -35471 26102 -7478 11944 -1620 -14847 32856 24345 -23052 -7081 -9499 28686 27275 -13115 -22862 25 5181 -12383 7214 514 -10668 -12939 -20781 -11808 12523 17363 -27495 8472 16631 15358 13094 -4627 -28380 15311 -17639 -7596 10515 -19809 13755 -1691 -14189 5301 -1379 4045 -1295 -8633 -15661 -16695 -179 15513 4176 10365 17271 -3589 20754 10721 15246 16804 -16195 -42795 -16745 -25479 20108 12440 19799 11156 -26429 16170 -14552 19961 -23521 -2552 -7686 -4934 -21352 -7579 -20545 -10810 -2403 -14769 4385 9930 -29949 16088 -28777 -3089 -30 -31007 -15415 5172 3297 -2102 -4655 19805 7830 6733 17917 14094 -22806 28432 11320 -2132 -242 9090 1434 23459 15931 8010 1056 21537 16929 -32563 35200 25002 -1070 13069 14315 22627 12083 1017 10005 -20978 34280 -31122 -1412 -7679 -8007 14057 11645 -24572 -3355 -5457 -32990 2022 -4244 3191 -105 -8790 8969 16608 1531 -4193 -9216 27565 10153 -15544 -2589 7994 9429 -22007 9198 -2299 42178 -2725 -14417 37026 
-11435 2103 -22411 2481 15685 -29793 -28342 -29718 16547 13601 1490 16940 30943 -14507 10449 -13616 -7556 -20785 -6777 20422 38105 -632 -202 -1598 20055 22567 26274 -12137 9404 13994 -28854 18682 -3981 -2708 -7201 -22048 -14369 15723 -21628 6848 -17798 -6066 4367 -17271 -4333 3815 19352 31388 14577 -41032 6287 -47811 6010 899 14888 32597 5758 12641 16861 -6751 -8583 2733 -7480 -9783 -3294 12309 -3528 19749 -21393 22226 -13940 20694 -2283 -16189 8370 16783 5571 23926 1614 22914 -5671 -7982 4368 37524 -675 -9900 -9511 13792 452 129 -9286 4889 11135 3369 16359 -29422 463 1494 -33732 23405 21285 -2018 23229 -5621 36100 -9368 -31866 -17629 3834 -1982 7821 7375 -27695 -10398 6281 7275 -991 -2492 11506 19489 15527 14686 3944 -32496 -8320 4339 19991 -19369 -9170 -2919 16036 1071 7945 668 14491 29474 13326 5741 27075 -10483 31440 -11017 -14020 18422 10484 12863 -16733 -13980 -5394 8836 -10198 27421 -3007 10607 -11150 12750 9457 -6204 15037 11705 -9729 11481 -49017 14139 -1086 13898 -4010 -25319 -14764 9237 5519 10658 -20505 -12686 -5347 791 -14999 11981 306 31056 9189 -23573 22895 -1961 22714 -2903 -6964 -24574 36688 -6368 -24116 -13831 940 6849 6696 5613 -3111 8782 4124 -3487 -8115 1834 -19945 -30668 14719 -4096 -19975 -15952 7708 11179 6130 -18332 -14437 -4295 -17265 -8704 -13187 17911 -24176 13541 12513 -23351 9950 10026 -17785 16185 -42471 -35301 -21022 -7141 8541 2623 -22689 -18736 7644 19111 -18111 48536 -17264 -8264 30090 -39670 10568 7386 -18999 7228 2829 127 -1550 4080 
34750 15822 -2428 -17161 -8053 35409 5567 1272 -16732 -8230 -10403 1486 3379 12037 12155 -6695 5916 -4214 -11056 -3606 -16749 7880 -4849 466 13013 4632 5487 3655 -2567 13108 -6240 6435 1528 16608 169 -5710 -6886 28165 7560 21908 4337 13068 20090 15233 2604 -2047 28865 -2354 -18490 6499 8240 -8587 -19154 -26177 5889 13236 -17976 -15836 -1652 28050 19251 -25448 -14523 -2988 -3158 -8524 5679 -3031 -418 -31349 13762 -10239 8866 15880 -14180 14126 7647 -21744 10890 397 -906 -3387 2825 -3461 45113 17987 -1228 -32161 -21293 -8471 -6824 7408 14202 -9733 15300 -4619 9069 -4539 13121 -10052 -13884 -589 6257 344 -21512 28465 -19034 -8636 -13980 28497 6485 -18535 -2988 25268 26255 26659 11685 1034 1282 1480 -23204 26361 5733 -13247 -3603 11358 22980 -13990 8450 -10245 -11869 14644 -26495 5060 -4748 -3401 3014 17385 3875 26504 23008 -3508 8357 15744 3378 -650 15654 -3079 -29384 -591 -31239 -45317 -16096 -4862 12039 8230 -18830 13335 -4464 -1695 -44912 -22839 9793 -2022 2607 -11986 17039 -8989 11238 12458 26113 -3497 15323 -19103 -266 -23721 -11913 -7805 5245 -4393 -11748 18238 18842 759 1612 28084 -21788 1197 33496 -44196 4510 -25009 399 -5734 -2388 -11866 -29768 -9602 -12099 1118 15023 17783 31221 -10081 -19136 7154 -14331 -20172 -16446 -16201 -23893 -34938 -18833 26600 -33366 5985 -15354 13598 -11951 15775 13804 3803 7591 5452 12566 1228 -31782 -24451 -10192 -10259 19955 12757 -30861 11276 -16114 46842 -29868 -11784 8577 -9473 8022 2750 17315 10995 2596 -4284 1561 -30577 29504 -101 
-8564 -222 -2474 10885 4746 -12780 -29898 36473 -3988 -1666 9222 11155 10886 3872 6297 12076 4991 -6982 58 -4283 37467 11917 25727 1142 5173 560 -1249 -33215 -10886 -18380 45000 15848 -39813 19265 20372 -23468 -32634 2658 8880 -276 -10434 -11878 2834 1791 17260 18190 -20906 -7520 17558 -17065 -20902 -8702 19489 4567 1710 -20162 -20604 15865 18099 -17169 7952 -27456 4233 -6646 -9197 27939 -17192 15729 -1849 13265 3726 -21144 973 -10061 -31385 7752 -3641 4017 32380 302 -11891 -14442 14198 9075 -12652 22139 16430 15448 7696 13847 5768 13975 24272 -6134 16798 -18056 15026 -3020 -20438 20179 3952 -21063 17375 404 24041 -3479 -34067 9834 18770 -11192 23682 9983 29104 13229 13671 29538 42328 -34008 6708 -4994 -20164 30423 2441 -4627 -9450 117 -14717 2144 30665 -14443 19692 4489 -8049 -560 18383 -18524 9011 2588 4074 -2661 6145 50 3213 18534 -9460 -9433 -13752 -2756 1731 1065 -18679 19099 10393 -14073 -13399 9718 -2464 -26096 -9257 5686 -11353 -9414 -17942 2884 2548 1842 8923 6695 -16512 533 31513 52974 -10395 -3959 -5215 -10012 13128 -20358 5466 -1755 -26430 -25337 574 10003 21813 -23396 16895 -18887 20566 -4726 -1095 7718 33865 -12410 -22675 10554 7088 25433 -9516 -24226 938 -33508 10847 -26898 14299 -5215 6029 -32202 5205 360 16589 -17485 -4450 6057 -15044 -13110 15916 -14510 10537 34681 8061 -30942 -5487 -27659 -20041 -17220 -1863 -7884 7696 525 -23319 14728 -28211 -3016 -98 19576 -18169 28511 -4926 6955 18513 -5746 10844 32151 -7432 -10608 -11225 -11406 9434 22091 
-6844 -22236 4915 829 13244 -15747 -45645 -13540 6484 6412 -21209 7178 16718 -10139 -301 2828 21765 10216 2749 4680 14795 -622 -10559 11542 242 19300 6391 -28067 -15051 593 13130 -5647 -38130 -13784 9591 19944 2292 -9341 10357 17473 -13292 9316 11765 -9003 5609 5577 2810 25271 17258 -7727 15573 2095 18854 7254 2066 6735 -1162 -2618 29867 7457 -1592 19882 6470 -13408 4409 -8189 -14458 -3618 -1490 -6941 -2236 21829 5757 -22664 -16012 -948 26932 -8397 31166 10371 -18330 -34857 11015 48359 -22232 -12690 31217 14131 8476 30065 -870 10112 33883 11935 24399 -5725 18215 -7412 712 -11305 9594 25131 -18575 8746 34475 18487 -22364 12394 4008 9764 793 23460 20805 -8384 15171 -9072 10431 -14376 13256 -1287 18896 1445 19924 25160 7588 1711 3919 5291 1540 -4002 34116 9387 4026 -1786 2177 6813 538 168 -4622 -19047 -3190 -22597 -3900 47109 -22244 586 -10757 -5111 356 7075 -46041 6013 -19124 6222 -14574 16359 5401 -3233 26969 12232 23294 10510 -31155 -9959 -15002 5318 16504 28090 16286 -27148 -4435 -5833 3551 6571 -14835 -9839 -30344 19391 -23854 38511 71 -20870 1252 9056 17704 13977 29677 -17362 -4599 -3715 -25779 10935 -10769 26160 2503 -10255 -17260 -15639 256 11439 5595 -18261 -28093 -3627 25431 -18307 12697 -15671 13520 -7791 626 25033 29064 -8718 5284 -9887 16444 29153 13166 14483 18850 -29107 6006 -32552 -12356 7983 15239 -2604 6328 300 3453 10580 14659 -185 24166 -5718 -10972 11893 -5186 10396 -986 -7685 21790 3990 -19641 31597 17367 3239 -1163 3088 
-20465 10358 -10303 5581 -14874 -4634 -2125 4984 -3732 13974 25178 19022 -29741 2401 -7275 6506 1170 3512 -8874 12248 20359 14141 43077 -14532 13288 -17565 20520 4118 16441 3422 -7717 2763 -29764 3803 -32573 -18838 -1916 -9864 -6734 -14591 3220 -2111 -8077 19575 -22293 1479 -9407 9702 7016 -27772 1870 29049 -8202 2257 1341 2726 17223 10410 -16265 -1103 17556 2819 -7193 -15846 -4267 22498 5287 5080 2639 -15471 -6853 -19501 -14207 22117 3757 -16655 -3429 -15591 15607 -4649 19966 -14820 -13851 1928 -25586 17752 -15337 16549 -1318 -18860 -7065 -3437 -5354 -4106 6525 -3171 -8859 302 -26128 38682 5011 1917 -6306 20592 5670 -13782 19257 3458 7336 -9875 35802 -19005 -8154 -2661 -11412 6160 -21300 11341 -18516 5463 8733 -3674 20524 -46660 3134 -12893 -30838 -14342 4869 -21105 -1402 11779 -4005 9620 -12857 9228 -504 15333 8096 11385 -7199 -1429 -8332 -17681 9011 -7752 -30003 -2101 26490 -4939 -447 27891 17161 -5746 16808 -11745 -10571 18296 30871 -11765 -2052 -9647 -18900 18314 19745 7964 -25307 5665 471 4076 30992 29897 -2243 8613 -3366 -3248 8070 -33328 -2665 -6112 -1498 -8279 11999 22688 -13368 -18837 -16319 -1460 5870 21907 -12737 23503 9249 -9484 -7894 11950 34108 29332 22369 -1989 -7985 -10113 8216 9267 -11287 6920 -6424 34300 13718 36629 8765 7952 -9698 2180 15208 -20568 2948 -10846 1075 26976 -2600 -33428 5340 -26948 -2877 -22461 -8965 -1633 8578 -31784 -1497 8584 -9625 18922 -577 -23227 -27432 19201 12701 4034 6370 -8005 23778 13196 19111 -25901 8930 30515 -13827 -2818 
1715 7503 6452 4783 1946 15145 -1600 24423 13311 14192 -20324 -23671 -17257 1946 -5015 -1148 4412 22122 25323 11214 -4345 -5363 36840 -9467 -1561 -11472 -2591 4941 -17779 5976 10507 -16268 -35690 29327 -16010 -8331 -1256 10614 -26515 2879 -22692 1866 12739 44887 -40426 8117 -41075 -7906 -19398 577 -6085 23935 -12042 -2423 10232 15708 -26836 -29310 -24115 15444 3107 -2715 -18319 11096 17113 9903 6133 -2549 -5576 -6725 19728 -43041 10164 22285 -6483 -18858 -8479 -4717 8428 33430 -4380 -23265 -25416 -1333 15906 20313 -20175 8870 -21462 -5383 3201 22094 4878 11354 9164 26215 -2795 7704 19221 10397 7435 37820 -17281 20232 -8045 8823 -3386 -13567 28676 -47567 13078 31697 -22690 8463 8106 1285 -19422 -17405 -19998 -13007 11407 1723 14895 -10633 -11311 4186 3007 -108 -11731 7989 -9398 13344 -8867 5513 -19934 31448 27139 17561 -821 22067 -5872 -16583 8347 6920 196 -12011 -24099 21115 16439 -11448 5183 -17818 -6784 1403 -11353 -21968 6315 29253 -14581 -46496 13299 -33813 -9369 -3415 -195 8522 15344 30389 16023 10952 10441 -21170 4530 -23272 -22878 -5314 -25989 4428 -10965 -14082 18190 800 4605 18407 -4577 13662 -14728 1108 6373 -9090 2565 -7564 497 11554 -8618 9245 6887 2263 5333 -3224 20713 -1368 17065 5515 -31435 15909 4382 -861 8162 25476 -19436 6166 -2888 5514 -4904 -19527 15541 11096 11099 11158 -19435 -4948 22916 -23808 -1103 -41376 17585 2229 5549 -1635 24328 -5929 18743 7138 -28893 14044 -14534 3955 14777 11575 -1160 -2536 23907 -287 -16669 370 23332 16934 9282 -8892 
10133 24659 12697 -27637 -8663 220 8846 -4867 17835 14858 17389 -11985 -16115 2326 11924 6715 -5852 -2132 -11976 -17844 5883 -29422 9997 -25053 -22169 -29434 20725 21757 18396 -14605 -7137 29353 -23546 29095 31755 -9351 19058 -15072 11602 -18604 9183 -34053 9169 23661 -4342 18081 1025 -22963 -13615 37813 5497 11678 3852 17278 7941 14387 10443 16474 7358 -16769 -3397 119 -5529 3007 173 22067 15362 -16933 -24401 2744 666 24543 14187 10621 -10426 -36528 -10674 -35252 10422 -5892 25635 14658 18077 14187 -6669 -26053 4342 -20979 807 17980 -7117 6862 -5189 9999 15244 -15395 -6749 -8975 -18685 -22559 17648 -11440 4866 8182 21485 -14902 5023 -14382 956 -21793 15948 -20283 1406 4265 -3113 -4545 -3924 17749 -26642 37258 -15619 7622 13356 -15204 -10453 3704 -6356 857 -11804 792 -27805 18477 -15895 4661 14942 -12904 68 -460 -1744 -12754 -16524 33588 573 -33886 17697 5030 -3122 -5466 9836 16231 -6565 3703 5022 -14607 -12162 -8160 -32751 -19295 4417 335 -2297 -20978 -24030 29190 19126 -33343 18672 14595 -8446 7564 1731 -3513 18243 12373 18830 -22060 3179 18783 28196 18241 21093 27129 5625 21626 29312 -12950 -7094 23369 -3828 -16118 2321 -39099 2932 19708 -8017 4123 2497 -6712 -6236 13142 -5450 -1604 3488 -22958 11730 1656 -11059 14774 30408 -7849 12163 -658 -411 6379 11374 11051 18216 -2990 -7273 -10503 11595 -6060 -17275 -9158 13261 13380 10783 17947 5990 -31500 1832 12534 11861 7071 -5088 -27012 14060 -14213 61367 -11069 14960 6710 5181 2845 626 -15555 13657 -3751 10196 -32842 
-8614 23348 6530 -4275 6082 -710 -12380 34047 -22974 -17729 3684 -19857 -1250 -21619 1953 6294 1431 -16169 -2036 -20147 -5706 -16053 -1414 2071 -514 -12118 -10955 21416 -7979 -1069 -5118 2636 5946 13012 -577 9099 -3734 -13275 31866 -11869 -13771 -25570 21741 6353 7760 -22115 -1403 10156 3629 5718 1715 10511 888 -612 -9260 31090 -28408 24746 -23836 -29816 -19908 -1457 -2820 17532 18921 9605 15243 5614 9261 -14160 -14734 12058 4085 3739 1107 -1348 -10903 1652 -21526 -2450 12409 6732 415 19446 5599 14799 -14910 1789 -24672 -171 -14389 -11763 -4573 -9421 22769 19071 -4631 -12824 16611 11343 23131 -17634 425 33121 24459 19116 7334 -8301 7338 1640 16942 -28525 -4947 27603 5338 1383 -92 23470 -17510 -9732 14051 -2742 -20205 -3839 -18216 -124 28793 -3343 12162 15539 -12503 9350 -12252 12586 1746 -17699 5866 -15442 9819 -5546 15678 -4990 13331 -13410 19411 -15299 -6103 2837 -31080 9256 -11262 2923 -23626 -23176 177 -6695 -27364 -32564 -14435 -14592 17911 20715 -22860 21759 10964 -558 12785 -19408 8198 6203 124 53 20258 -7787 -8470 -41428 -23546 6349 -9892 22343 -8877 -7070 6665 918 18878 -26598 -43279 3839 -20416 -5140 13250 2569 -2941 14587 8544 21215 -460 7904 3659 -12281 -11737 -5812 1325 2202 6590 7777 13238 1394 2439 10399 2874 -7233 -7686 44 -3679 25148 -25606 -28953 -27458 -10033 5017 4853 -11301 10784 9440 7647 27904 -631 -779 -3866 -141 18971 8345 -5505 -13222 -8030 3171 6978 4760 5185 -18571 -3416 -5300 -9832 11797 -25869 -9881 -6452 -16872 4876 
9101 -10864 -16060 14188 -36224 -23737 -3963 9035 -16030 1295 15350 -17731 5387 -7983 3829 -38356 7006 -11537 33714 16388 -30113 10399 13897 19371 -11255 -12357 -13792 -1769 18422 -3090 9571 -4774 297 19903 7595 8338 -3012 -6468 -3771 15259 7882 2903 19956 2355 -11532 5362 17413 -19642 2578 13943 6864 1267 -1853 -9511 10788 -8337 688 2638 -4654 -9455 -13192 -5394 -8492 21612 17443 18952 -2781 -10083 -18472 2994 -12447 11437 340 30305 -23208 -297 -5857 2931 -5347 17122 20819 -8670 1272 -3089 3854 -9399 21133 18434 -13440 -4781 -19610 -19299 -9417 -5754 -6553 3958 22789 -23741 -8511 -330 14256 -12390 -10911 -3029 -5144 20355 11004 17719 9939 -14095 18145 -12246 32139 -13695 36548 13085 32698 16498 2493 -49998 19286 13597 -18232 2010 19152 17435 1977 -16987 -19419 32807 4992 22043 -20576 6904 6625 19178 5931 11375 -16070 -7856 -9282 425 9053 2259 -2057 19375 14311 -26001 9038 16531 -403 -11548 16852 13040 18503 13946 17108 29275 -2672 10415 -18429 -8543 -9938 -3001 4394 10519 -7027 35183 15565 15143 -12237 -7531 -767 16032 17905 1857 -8790 -20998 4063 -12190 -11826 17786 1464 -14186 -21403 -8200 -2788 -13022 -12817 -10046 -21297 5778 1339 -5130 -5938 -13890 8954 3623 -7081 -2886 26847 4733 12460 -5413 430 16504 37486 -173 -24748 -26993 3978 -12012 13005 -11609 12988 24111 -3998 812 11674 -27771 -18436 -2991 13410 3927 4351 -2871 -24421 -6195 4567 -17802 -2401 16133 10605 18968 3663 -2527 -21115 1392 701 9199 -9349 -26427 -7474 -1550 6929 -8935 19142 -18663 -3447 -724 
14915 10273 -14325 -1654 -423 -5509 -6548 -4789 9362 5494 -6491 -2770 -1858 814 -8880 -8034 -9726 664 -1737 12174 -34702 8806 -6769 1463 -13831 -1327 -6594 -6484 4958 10067 -10023 27470 -1830 -3135 3732 -7236 -13439 -25108 24990 -34949 19734 -4059 -3195 -1963 8557 4626 15568 -8943 -18198 10177 -2818 547 2418 12735 15075 -5392 18007 -308 9349 -19193 -871 -4239 -6240 2066 -15747 -12976 -389 -10565 -25475 -14360 26979 7609 14896 -8851 -20231 7207 -2287 848 -4003 -19310 8060 8637 5019 27583 -1612 -6846 14201 240 21672 11925 3119 -16618 2179 41988 4687 -1628 9276 5710 -8227 -6462 1756 17495 -11329 7113 5256 1507 -4220 17179 -10831 4879 18618 1256 12436 8421 -12820 8592 9665 23536 2003 -7067 8803 15583 -987 16930 3738 -36168 -10962 21250 -2904 6894 -14405 15947 8556 -310 22709 15292 -18652 8178 9225 -17613 -20716 13164 -22341 -30537 -34862 9206 -632 -1077 1028 10043 -13994 13384 -1852 21906 11344 2203 -4707 3328 8099 -3308 20100 11290 -13050 23471 -7075 -15164 -11473 19503 6036 -10625 9855 726 44673 6481 8141 7163 17434 6077 -12232 7990 13361 4161 -2324 -8143 -9537 -19429 7711 2735 7207 -6249 6283 -8599 9040 16441 11308 -1647 2330 871 20724 2116 -9028 9762 -12415 -28090 -13669 1808 -931 -15648 -1504 -13543 -22895 7651 25290 -5697 -177 -25867 2271 -16077 -454 -13570 8489 1092 -18053 -6201 -2802 7056 -4888 -1988 13870 1203 8646 4971 4183 -625 1459 16876 -1437 -4187 -3901 -3343 10801 -42198 -9857 -2588 19878 -3173 -14264 2021 -13023 -31040 
11255 8838 29158 -4369 -4197 30429 1310 4525 -16828 15006 14295 4213 13878 -3137 11183 -15305 -21507 -10506 1694 -26214 -12775 -158 -28224 6330 26252 -43811 11406 8376 -4228 2326 26619 -8854 14047 19446 4980 2545 -32104 27894 1217 12681 25094 -6313 -7274 -12367 43221 5895 -17890 6331 30086 2437 16742 -25315 5393 4732 -19217 17461 10295 3861 31169 12137 -3398 -12733 13683 20969 723 -12297 -12122 16462 -12469 8651 -4806 -4715 10163 20098 5770 -32107 -18588 117 -13513 4007 4314 -4945 -9025 8566 -24168 28546 30614 -7254 -20547 24444 -11674 6075 -5934 -6578 -23477 -3350 -7255 -5089 -5338 9201 -24286 -18699 14102 -9419 -22891 18422 1438 6016 -33611 -5594 -28413 -25095 -8849 1247 -35240 13602 16908 24788 6317 -28218 5439 17837 5244 -27919 -8357 -14829 10022 -19356 2107 -6769 29272 -9068 -15086 22319 11301 -9527 29263 2304 -16622 -43429 -18074 26053 -26250 21161 -21700 8325 -14811 -9781 3023 6329 -16871 -30785 -20831 -14443 -17963 -33 20092 16990 -3944 6409 7588 -10826 -2476 -19027 6339 20080 -5086 -6707 -18068 -80 3167 -14387 -10872 5690 -17607 -4060 -2432 10365 -21256 9276 -18911 -789 4190 4550 -4948 31452 14533 -13993 25041 -29049 5624 37534 6690 2202 -5608 -10803 -7526 16235 -12113 -7766 -7596 8913 9418 602 -24006 30760 25464 -26312 7536 -19661 -16636 7116 -19185 18005 10375 25393 -3072 -3053 5121 -24334 -15476 35035 -1866 19064 6969 -18050 -20801 1379 8323 8812 8162 -6460 948 11798 -22149 9103 2178 823 16778 -11086 -3722 -703 -785 15291 -1183 -354 1786 27911 24865 23774 
6482 20288 -6080 17107 -18814 -23018 -25864 -11607 3925 6566 13313 -6953 11545 -19186 -1557 14650 3401 -6738 -25125 -1280 -3493 1602 -11364 -1241 -16896 -1950 -23036 11966 12899 3984 1896 -11726 30225 -3005 29663 -23943 -20513 -48506 39197 -15034 -19623 20348 5586 24652 2656 1178 24853 -902 14918 33509 13620 15136 23375 6300 -11460 10721 19309 11512 2287 -31814 -15490 6940 -857 -1123 934 16996 -144 -33523 -15652 10273 828 12372 1541 -15772 26651 -12873 -21326 -30990 18659 17126 770 17248 -14977 -6592 4332 -16300 4438 -3378 34728 -6066 -10499 3059 -497 14910 22037 22225 -10080 -8315 33153 14848 5789 11249 -8752 2942 -645 -2733 -3917 12436 -851 5476 10485 760 8359 -7884 -9070 -16055 7264 22320 -13195 4668 -17424 -11440 -12206 5137 3798 -9593 3481 -10680 14077 13985 -2695 -12434 -13934 2648 25770 -11892 3185 -24776 -13908 -6743 -14850 5724 -6727 -7220 -24204 35753 7786 3571 -9046 24963 -6002 2992 -19902 -14915 -35273 7139 -24452 -16031 828 -15499 18334 -13175 -38988 -7640 18319 -27079 4537 -13111 22770 21495 2501 6042 941 -560 -22053 -26348 -18769 -37307 -18897 12705 5385 17137 1754 19368 12774 -455 -11330 47887 -23819 -13190 16833 -24126 5853 -21239 5272 -4814 4901 13073 85 -5967 -35517 25675 7450 -28991 -4901 15660 13262 16448 -1989 -13829 4947 4876 -5443 -17950 -28107 -11193 9338 20856 -21829 10844 10176 -15919 -25322 23554 33094 10912 26679 35015 20884 -32042 5150 -4055 10675 6223 -15933 1940 21628 -5448 35219 -1842 -17552 -944 3805 17183 22290 -904 -5827 203 -5037 11129 
21347 15706 -12240 -4644 -1073 -2698 38789 -7366 31797 -13001 19232 -3265 2732 3387 -19420 -33004 -40897 14076 30740 -17960 8645 -22849 -609 -10610 -23577 2361 13522 -17288 19604 -1199 -7699 5437 -34856 -25251 -8152 -2947 -14552 17765 -10263 -2473 13788 -4345 778 41069 -28686 -17843 -15389 -15730 -9234 -1099 -16343 -14386 15499 -4285 23549 -9037 -6304 15925 4460 6466 -15011 24598 -3250 6964 -12624 -4666 10341 13350 -1330 -9717 -3990 -13428 4777 -23877 22950 -1598 14516 -8990 19388 -8241 -8121 21583 32428 -13747 6088 -10675 -9901 -3218 31889 -5646 10433 -6879 -28760 18442 5564 -23064 -24557 -4218 10618 36498 -1843 27848 339 7635 36868 -23002 36495 18266 -8608 6921 21973 13923 -2035 -6693 -16754 4950 -7676 -21806 -36406 -1737 -27400 4426 -7053 10048 2492 -2744 -21719 13249 -5385 28251 12914 16583 -3097 27676 11367 -20230 -31948 4710 8474 -16320 -6287 -11294 15347 4548 -633 -18276 8305 -8110 1630 -13782 -2398 28130 6509 13610 10019 -5933 -10085 14406 -2302 5152 -21244 -22385 -21282 -9814 -3556 1659 -13635 10942 -13856 2654 -27921 25036 -21941 8927 421 9388 6329 -2580 14926 17395 4700 -4205 3893 -3826 6285 -9564 -15577 19621 3997 2968 3701 -13589 18119 715 -2700 951 10196 -407 -22923 -12379 -8097 -12608 8023 -26380 -11239 1233 12601 23622 21421 37931 21142 26784 1550 -17510 -683 10027 -8341 3079 -20823 38685 14925 -18144 -9988 -9137 13736 -3146 9685 3987 -13899 -15379 -1279 -4013 16762 21218 -18579 9988 -4273 14806 9257 -23112 -953 -3405 17494 -26901 -9 -20522 -2081 -8042 -631 -6575 
-453 28624 -2276 -15255 -37421 -18266 -6357 -8277 -12385 -5018 4425 5689 -12170 -25453 8826 14195 20361 -21662 336 -12195 5601 2583 -9172 10635 5496 11604 11202 5853 1323 -15797 -35448 14688 9909 3934 15467 9881 -6228 11460 -9366 5827 -4122 -11161 4052 6226 -13722 -6573 7247 -6554 13690 -5439 19132 12503 17870 12301 -4745 22380 -11502 -23219 -8513 -15800 4221 10082 3712 518 -6070 23431 -4393 12262 9783 11316 1794 -18908 14567 9111 31621 10229 2226 -9648 16725 2326 15506 15330 -4171 -30836 -10854 -15886 -9266 335 2777 -3786 -9004 -17482 -23758 -13505 -13641 -29962 4996 5523 19503 -18893 22534 7929 28451 13100 20962 -19118 -9413 -7313 -17984 -4883 234 12471 -7711 4081 39623 -25012 -21824 -8255 183 32816 8659 5515 7837 -6626 -8090 10742 -1791 9544 21123 11378 11972 -15973 -2026 -18280 -17437 -5201 3252 -16598 -34313 5941 -19062 -18666 -1283 9428 6749 -11411 -18612 -4396 -1949 1802 11248 7 -10816 -8931 10947 13188 -25431 -824 -17072 9866 10063 -30374 1248 -8131 10063 31191 28251 -12220 -11616 6586 -24018 11171 7676 -2816 -3956 -3643 -24211 13707 -5583 -5732 6762 2089 -14917 5580 40578 -5200 -17722 17028 -17983 8989 10673 -649 24499 10799 -13770 -3187 3378 547 5015 -9267 18503 -5040 7149 12478 1571 -1553 -17536 5529 -19880 -13078 24781 -7241 -42555 -18963 -26838 -3411 -7807 8356 -13254 -2510 9937 1679 3496 18234 7491 -20110 7089 21768 3124 -2988 7668 -3928 16840 8852 -7805 -23554 2935 -12862 25729 -11801 4755 10794 27878 12613 5328 -1486 22128 -17304 31277 5285 
-4296 16743 7118 15945 19034 -6327 14478 17409 -18919 -7406 18549 -21125 7321 -2134 2997 12093 16846 -1971 -2571 7903 -28653 -28493 -20634 12704 11747 -5976 5603 13838 7652 -1920 14759 -2649 -25431 -6372 -7194 19129 -24906 -1859 8453 -28973 -17840 -38656 -33068 17774 7634 1254 -9774 5587 -15543 -5599 13113 -159 -1774 -3635 -18043 6565 -17236 7223 11396 -13226 -117 -4213 -14282 11883 6257 -9433 3177 13201 -2159 -6314 -6781 -8627 7303 633 27993 840 5165 -318 929 -25841 6613 6055 12412 28097 -5529 -4988 -12436 -5966 6040 34970 -15027 -28344 340 24007 5393 -3640 -27781 -15335 27888 13462 18243 -11066 -3817 11755 12298 -8702 529 19295 -17934 25071 18777 -11659 8406 2910 -11753 -6290 15645 30523 12778 8923 17407 -14774 -10861 24318 5535 -60024 8576 8358 16302 -7636 20601 37068 13009 21706 24609 -16273 3940 2437 15346 -46788 -480 5082 10069 2232 -15488 7688 -796 -719 -10169 -10542 5797 -7658 -2570 -9240 -9570 -13854 -19075 -6216 981 -16507 35622 -11565 -11471 10318 -20513 -14443 14074 -47850 -13167 -33187 7744 -11546 3146 10831 -28074 -19538 -18029 13109 -3546 20908 -3636 -7900 -9808 -869 31175 -21379 -19343 32329 18228 993 293 -6674 -16853 14203 29853 8590 9679 5875 -20700 -2087 -30598 -8156 23107 -8350 -5004 -2996 27932 -8423 22491 11617 -16388 13436 32524 -5138 9038 -7087 12307 -2285 -21192 1394 1360 24882 5629 -2390 14399 -5362 17339 2846 21442 -18119 18534 -7643 -10053 -5968 19548 26376 -5336 -3753 24811 -21797 3424 -16554 -16451 -39484 21964 -19789 20203 11568 2299 -24972 
-10837 7795 -10442 9247 28306 321 3392 8615 -14165 -8370 -1490 -246 -22249 -8093 -11234 2883 7080 5901 -10289 -7891 -12182 -20142 10971 -24591 1564 -33037 33 3002 -752 -17104 -3306 -7522 -19346 11198 -22771 699 -1148 4156 1856 -4584 -12761 -11321 867 13299 6519 -4287 -2640 22001 -8906 -21354 -24221 -11962 1329 16705 10555 629 -25890 -5145 -34186 1855 -7269 21193 -6058 -4598 -13086 -5734 -194 7913 27216 13656 -7125 -9398 -9352 8136 21832 -2326 -20418 3726 2855 -37750 17005 14335 19248 4616 -10753 -5315 -24988 356 6346 874 5350 -3927 8824 -19021 3858 -2250 -3463 6621 -22070 2167 5816 -2275 18617 -8678 12312 -23602 440 -19315 -4135 10184 2109 -6951 8390 -1825 -18290 5652 -542 6248 -16559 16457 3674 15426 -21197 9102 -25051 -4859 37535 -29162 1076 -31301 -25706 -7636 30412 5590 1449 -18126 -4194 -11636 34284 4642 13240 5217 3745 -12417 39857 -44913 7655 17576 7186 -29887 24907 14119 2906 5008 -4822 -29371 -33582 1549 2111 -5707 -7568 17206 -9784 6377 -8039 8730 22472 -1679 -13205 -8412 7290 21436 -24552 -13719 -1252 -8614 1982 20277 39212 26015 1484 -14073 31857 -1475 24542 -29739 -11240 26692 2384 -8045 8143 -7728 139 7600 14171 8174 -6233 4278 -9886 -19020 -5109 -20465 12686 5178 23416 -12864 10498 10324 18997 12365 10875 -6750 -5616 -13561 16908 21751 -9586 -19528 -1873 -16413 -5702 27132 24801 -10550 3873 -16649 -15845 -14437 4398 -7638 -9439 -603 1853 -18309 23063 -4150 -12300 -11197 10 5285 9701 -6619 -6185 -35951 -1353 -24578 10730 19180 1063 -715 
1846 -26919 16234 -6149 -9484 14164 -5471 7760 -4526 -5161 5536 -37220 4941 -6816 -3105 34444 1127 3819 15294 18017 49881 810 -20719 -9174 34717 103 4514 11433 6265 -6005 -50238 -6441 -7146 -10103 6407 5337 8681 -10114 23434 -19985 3849 -10805 -18685 -6065 -17914 -1564 -15327 3681 4096 -2738 29176 16677 -9530 -26330 -18510 37731 -10463 34470 8082 1682 6982 4320 9632 -36572 28019 -6697 19028 31431 458 -10538 -10077 17135 24741 -1636 4946 12632 18276 21326 16556 39514 19853 4092 14268 15167 -45 1344 -5483 228 -6367 31426 -12110 -13899 -883 -6582 15326 -11345 -38393 -24608 23803 26388 11716 -18762 -5922 17295 21225 -439 21503 -3888 17232 -35360 3062 380 -33339 20517 756 -23679 -25977 -29014 -22120 4435 6325 -31046 7442 -11151 3273 -1207 -20883 27115 9312 571 29094 -15235 -3739 -15266 12564 -10580 16808 5082 -2663 9779 2118 -24997 18196 1618 4626 32342 5221 -9491 -34832 -15032 -9220 10906 -18357 -34785 4375 7444 -22973 -13550 -41090 -7493 40650 896 1147 25479 8595 -21529 15762 -47043 -3539 -33103 -4836 -10809 2556 -3898 -734 560 17880 -12611 -17031 -6261 -21806 13732 -15073 -2719 16943 9852 -19174 -4960 18577 28269 -2789 7153 11528 28283 -14455 21623 9922 27696 -13959 11979 28944 -11457 -6896 -9360 18539 -10836 13749 -17685 1854 24102 -9617 8029 -4866 10310 -16616 -11012 4192 -25917 -10529 -6148 19155 -6323 10464 17908 18404 -19267 26629 12633 -5885 -5086 26754 -9273 -30483 26466 -4804 -16997 -11025 -7066 -109 9092 -11436 20835 7139 16958 4193 5063 -19584 2666 2492 4400 
11486 8478 -5401 1583 -4938 -6140 -14161 -11855 29061 18833 5787 2058 -863 14431 -3003 -6586 -25556 -2229 16581 416 -19086 -9174 11045 -48837 -19912 -15805 7228 7692 11403 -1836 14603 8145 -8726 3247 -18612 1918 19100 23965 12057 976 36392 -13377 24362 8167 18477 -13295 28710 4352 -40132 18819 -22018 -8838 12922 9740 14193 -20922 -8865 8220 -2437 17160 -12267 -10821 9061 10025 -48008 -11372 524 3441 -10417 -29682 15215 -14682 2674 -10589 7813 823 -11358 29220 -34462 -6921 -7839 -4605 -9339 30982 1394 -1248 -6567 -16324 18006 -16555 -5365 -2897 29049 21218 -13951 7106 9927 6102 -31657 -2718 6812 3681 -2880 2143 -7102 18584 7669 12019 27937 -3836 8004 7231 16436 -615 -4430 31771 9949 -6965 -30727 -12287 23220 19159 -5371 -1498 -13234 -11842 -15939 -7924 -37488 2538 -23430 -6650 8867 4313 21740 8826 -23417 7775 -1832 -9034 1202 -3074 -8160 5767 -20609 -2821 -13722 650 -950 -17849 -9762 -8063 25436 33977 -1138 -8444 17008 25916 5096 25210 -20689 2464 3216 -3759 -4262 -15181 -29008 41309 -12265 -462 -7223 298 2612 -14959 4633 18895 34678 7317 6043 24827 3997 5985 15845 8076 -16237 -39991 26394 15104 42449 -37634 35019 21041 12586 9382 11750 -4187 -26569 23447 5055 27830 -3091 16549 8460 -42321 -15618 2515 -2131 -2109 14055 10233 -10277 16512 33515 -29035 22459 7264 -20095 -6898 -1498 -5304 14209 -12790 -11392 -17455 -13756 7741 -26536 -18416 20842 16682 3522 30910 -6669 -9467 6961 12392 -22738 17819 -8636 -6134 10627 5096 -2058 -25499 -256 14922 -6690 -1324 -7667 -7280 
13225 -17738 9222 -19827 -24997 66 15124 -9296 33866 32415 10756 8090 2583 -6481 -30739 7570 -15507 -10585 27304 13990 19817 10839 -9119 -15505 289 -1369 19671 -24858 6017 12119 -5698 4565 -11735 -8292 6268 -25741 -23859 24157 13169 -6664 30929 -9256 -5884 -13921 -13556 7933 -18763 -22816 839 -3747 17802 -1783 -3270 -8887 -1995 -2148 2765 15043 26173 6985 -10003 12137 22548 -17589 -4303 -24418 28860 -9183 -13737 -22618 -3691 -6666 24285 -17305 17421 836 28374 27885 -25594 11563 15734 -6957 -3091 8936 6467 -1660 -12239 3341 17623 12383 -9279 -14500 -6256 50249 11962 -20042 -19101 -9840 19684 28291 8731 20407 -23854 10881 -13903 -22347 20677 18463 -20556 -3227 -10929 10632 -17642 -9898 -22899 9731 -16913 -35503 2632 -11832 1262 -6387 2432 117 32033 -23652 -34709 25367 3358 21709 17409 6445 -725 7870 -1078 -6873 -6128 15109 -23701 -12308 -4725 -10893 -1500 756 -52328 41746 -9365 13819 37 3120 -17953 -6617 -1818 6 10443 17234 6210 5019 8222 4031 20547 -14257 22630 -13497 -11413 -8106 -18140 -14738 -11259 -3108 47 -16731 8484 -7141 -15019 22623 14032 -20373 -16285 9792 -11804 -20131 -20837 -4016 -15768 24906 19991 -1823 21731 18756 9558 14750 27877 3801 3665 -8107 12378 13220 -6746 12758 -941 13489 19312 -16930 -33735 16416 7480 -17993 -1190 22354 -5313 -398 -23154 -7498 -29725 -29647 14688 1383 6064 34630 35909 17260 -6455 -15625 21431 -23070 -13619 -1306 -15689 6515 20518 -36769 8364 31695 1039 7692 2526 -1498 1480 -4455 5570 6544 17013 13054 -15235 1458 -4405 15 4344 12443 
15776 -12089 20550 4831 -22941 10941 -4729 536 20293 14795 -3866 -20070 12427 20000 4734 -31664 -8978 3239 25955 515 11098 -12028 -10080 21477 -1101 10587 11716 -7290 -12752 2928 -3005 4369 -2742 11935 4365 8249 24449 22110 18282 -10624 33348 -14723 16518 -28883 -10878 -5085 8711 1805 -1351 12447 21922 23531 -10208 -18034 -6169 35937 -9141 24848 15253 12887 15048 -18749 13102 1128 25580 11773 -1376 1558 -18431 -1605 12942 8084 -6415 -4401 -10071 5906 -19559 14932 -11423 29237 -10041 617 -15224 41512 -8836 26725 11918 -20274 -11872 19069 -1271 -16483 8080 -2852 7556 11005 -649 6880 529 6644 -5999 -3019 118 2049 8225 35136 19866 4267 36661 -6209 40 -38180 -18184 43521 -3391 28909 -16182 -4853 -24118 -29548 -9540 -5104 15351 -13227 7585 -1161 -31844 87 -6356 28360 14609 1185 -35083 -733 23021 -1871 2070 18284 -5398 -20783 -8318 5772 -2796 4873 -15768 24775 -27591 -19469 -34096 1957 -36060 -12659 22058 -17801 -20934 152 17139 3280 -11055 11114 1675 -7910 1784 18905 14970 -23608 -26523 19904 4859 -7681 7234 -16799 15106 4927 -25511 10058 24029 -30007 -17825 3951 -2512 21994 -5585 2795 -50891 10684 21039 -31893 39746 -4040 -14911 35856 -7274 5146 -21043 5725 -37841 3446 -5768 6238 -6020 16243 -8447 -29998 -16312 22445 7212 -8014 -4474 11522 -20103 4978 21587 4784 6954 2552 -19608 -4813 16149 -19382 12078 -8871 -695 5343 -13710 -8478 -6918 -17762 9853 32291 27502 17019 -6178 3555 -23858 -30493 -2150 27250 4445 8955 -607 -8852 10446 4273 -17333 -11151 -15964 -1796 -28872 9028 
-17144 9383 -21331 15426 23258 13627 -30335 1202 -10273 -11137 -19415 -8831 -2419 1385 5878 6598 -5867 11393 -39051 4949 -28783 23064 -2526 -26024 15663 -16633 -21752 5609 -11361 -7364 -6464 900 -3117 304 -20472 17702 -5592 5145 -5094 -7436 9141 15880 -10078 11868 42792 -10570 10272 29368 692 -17221 -6569 -12189 20114 38536 15710 -27734 -1649 -15008 -22027 -14769 702 5064 -22792 4709 -8247 -9419 -20587 16815 -4208 -5867 11056 14430 12340 31634 -1682 -6277 -18205 8907 12042 -26770 7922 5668 -3323 20412 595 11350 19943 15936 13913 4011 12368 -12063 16535 -27473 -16905 8099 12295 -6506 -13697 4495 -18044 -14962 6714 -9902 -10591 14632 -19979 -6643 -8085 -7379 8684 -3765 7179 8197 -7620 -102 15212 19371 -4740 -10084 8836 21757 -22454 -2334 -31875 -6244 28002 -19063 -11402 -38864 -29153 -7552 33042 -10947 10014 1302 -700 -3187 29514 -9313 -1476 -6205 -18105 2369 17307 -15503 -3444 6304 5497 -22527 364 17014 -7868 39824 725 -13616 -4143 19012 -17469 9661 357 17028 -24229 -9734 -7383 15405 4149 273 567 -22570 15747 15799 9178 -27394 15734 7425 4249 18932 -9984 12312 -21775 -5525 32204 1119 19317 -14313 15774 12640 -5737 -23970 19599 1575 -15763 31682 -2982 -1182 -14180 8317 24449 6261 21533 -12764 -20552 6012 9890 -17507 21627 -28105 8547 -2341 -5903 -12892 22581 -5912 8966 -10209 -17220 -10286 -1660 -36728 -14919 -1654 3215 7798 -20056 2118 -11963 11406 21898 -1796 -9897 23648 -9758 -3330 616 11876 -36981 -4151 -7261 7165 21892 -2425 -16234 -14175 27347 23810 -13962 24155 5174 2207 
-7818 -13774 -8086 1228 10550 14666 -5859 -23535 6097 5837 -10467 -1933 -1321 -3166 -14811 -941 9908 11752 1120 5604 -19528 -4696 20037 4449 30253 1920 8738 -12492 -5420 -28234 -6107 10147 -570 -2478 -16753 23074 -24707 1683 -21368 9229 22940 -3166 -21209 -3320 -11162 18523 19663 -15155 -11183 -5702 19235 -28966 -13528 -9431 10130 -4259 -9799 -3172 -7244 23230 4619 -21688 -25316 14306 1011 -862 -13088 -1945 -13500 -36278 4329 -3978 4103 -1653 -16166 5356 24735 5936 1331 -16646 -28954 -13686 -10011 -23508 -23000 9589 7116 14711 27668 2877 5878 -791 -2615 -4093 -25828 -5265 -5274 -10896 7381 2953 -4111 12391 -13728 -7126 -13344 -7095 9862 -3811 6085 -35514 15172 16931 43208 -13519 14032 -2831 21770 -12540 14149 -13016 9880 16883 -18788 -16272 -11532 -4573 11508 12865 -18163 -7148 -3923 -4126 20204 -3857 -8246 15275 826 14636 20018 -10331 -10845 9136 15858 1961 -6771 -11206 13043 -28862 -6634 -16306 -8941 10958 25701 -5028 19430 -29614 5902 50421 5296 -2950 -4745 8075 25578 854 14336 8638 -26421 -9755 -12499 -8175 -30690 18236 -1989 8838 22162 35754 -16508 -217 -11866 -32726 -28866 -27496 -16164 -31485 13442 4610 3916 -15435 -18789 24591 -3485 -17139 -19841 -7534 -5112 18058 22959 -16202 23404 5913 20442 -19138 -26372 19668 6328 -23279 4633 8068 4020 15245 19115 -674 -1975 154 14292 -26118 7792 19389 -2700 5026 -17662 -8062 -3729 -967 -7308 9874 -4480 -12298 -9292 10777 -16248 10594 -16522 12746 -11764 17676 -25241 -13793 -21556 1646 1593 -10503 -27599 -7267 5143 2511 9116 -29998 8800 -34341 
-12989 -13034 393 7480 -12641 -22304 -8032 -1027 -15153 12789 21585 -5339 19406 -17165 7571 10357 23289 -14404 -3261 34938 -21074 12052 11751 -16191 2269 4334 -8254 -5106 7178 30168 38136 -17830 6461 -7974 -21886 16411 -10557 701 -3755 12801 -7370 -2195 3887 -15749 5606 17916 8961 1346 -34530 -5929 1381 -18950 -5611 -15937 -21973 -41499 -3764 5529 6373 329 -14313 -36897 4203 6572 -7530 -4293 -13281 -5871 -4247 -21830 -26899 1885 801 9588 -10814 8415 10866 31674 -49770 9255 1658 -60605 -12679 -173 9454 -17665 -4876 3954 484 -5708 -25720 5362 28829 32444 -4053 13039 16432 -16699 -15760 -2295 38070 -21237 -32726 2870 -42707 16077 -15375 26566 -3607 1980 -8415 14683 41403 -28215 28416 8076 53776 -6047 22029 -29970 32504 766 -6692 1050 17248 -4581 14589 -7206 -21816 8485 -3372 11337 4940 -7141 -5510 6484 9638 6414 -28227 2929 8981 -20847 5691 16282 -34493 41479 15437 1125 -2133 5822 13781 -21776 9721 22236 13046 6984 38399 22655 11537 2888 -1737 -477 24207 -28526 -26798 3558 -4262 2130 10561 12729 -3191 -19285 -6242 17984 5240 11203 -12389 -8313 -4707 519 -17351 -1834 -11016 10724 -13049 -24271 24933 11795 8640 -13415 21684 26661 -6594 -18340 33784 -15291 24738 18609 -5925 26673 748 23555 29113 3763 -420 -4126 31556 -8096 -4165 -1568 -3030 -8660 25403 -475 22613 -2150 18459 10815 17093 10726 6657 2009 17196 -11408 5781 21271 -13498 -15572 19033 -984 5983 -3316 -15233 -34 28412 40959 -23958 -8081 -17365 10791 -1017 16446 -9970 -10176 -6125 40207 25508 -15824 7106 -4796 
-14606 -10309 -2368 20489 -15905 4345 -23051 -6156 -36329 12911 5418 -17015 -2939 -27462 21834 10765 47740 23787 -41230 28836 21169 5890 -30959 29248 17690 -14501 -12876 -28500 -19299 7299 -6461 -16467 32822 -8556 -1293 23591 -18173 -3988 9850 9685 -1154 37903 -21373 -1009 1731 30047 23610 43383 5167 -29989 -1925 595 27511 1994 -20033 3388 -5900 8585 6313 -6952 12762 -25632 -4866 -24794 30382 -7877 -9638 -10742 26669 23841 -222 14501 13782 11282 2876 1345 -51457 -710 46975 12526 11831 -7085 3387 -9821 -20618 -6795 20997 3511 -2250 14942 6056 -9604 15486 -43545 -16235 12462 -14514 8663 -8877 -16847 -9342 -16344 24088 -34365 -6150 3674 -37588 -43850 2370 -11540 -16903 4869 13560 10917 -5741 -5502 372 16574 19995 4357 -29992 -13638 11351 12296 -3302 18352 5833 -22109 24605 -38545 14942 -40136 5684 -38370 22234 -932 32640 -11445 22428 30985 -19001 6207 -3477 9414 36837 3103 22877 1191 -4255 -6223 12194 24806 -13142 13772 -28243 -32612 -30792 18078 3110 8277 29282 7710 -4608 -10518 28985 -488 20524 -5032 31203 12857 5934 -6011 -19719 5854 -13201 28444 23687 -599 -2400 -18497 10930 13233 13404 13826 3981 27881 6010 26942 -16900 -126 -23768 883 -25169 -9571 -26873 14251 3451 10803 7352 -15852 14013 -8398 -18268 -1291 9133 -19117 9944 14 -43285 -13500 -12768 -13411 23907 -7651 10194 -10767 5135 -5493 24615 -21388 9396 -3371 34611 40154 25646 -14462 -12778 905 38999 11183 -1043 -4670 8053 17934 17846 -14520 8899 -21603 17656 6066 15105 -17275 -3078 -9842 3468 3929 -3591 39412 15899 3919 
5034 27459 -21118 -3601 -7433 -17067 -2994 21277 -4759 -28308 2472 10171 6911 -3322 -12962 -12151 -17006 1568 9716 -22977 -14335 23718 -8409 -2469 -11635 9029 -21222 -19176 -8780 26715 -36390 -4469 -6545 -8866 -21484 -10085 3955 -32860 -7390 -11872 -13217 -6092 23298 -7612 14917 -19006 -24306 15857 12997 4314 -4068 27278 14208 12995 15420 17329 6672 -13797 -30466 -35834 -2595 38941 -11271 -20821 7615 34466 -11755 4698 6936 28864 -14450 -3024 -9332 -4493 -7477 14670 -1195 -18931 -259 -21637 4384 21067 13977 -21883 9081 23285 -9985 3449 -10336 -14369 10375 11521 -20930 -7559 32106 -1063 12804 31221 -1314 12239 -10079 12387 -6085 9493 14283 -9570 2658 23070 -19156 24987 -2767 -1253 -36152 31294 15101 -18754 4576 -21276 -3147 704 -6723 16925 -1144 -9746 -25351 30528 22415 4515 18454 39826 -10976 13882 -20288 4930 -33620 -10896 -26218 -26992 -6679 35658 -10373 -19541 -17396 -21320 11214 -18288 -2123 12452 -18292 18175 32615 13046 -12254 -2477 -2125 36106 -3885 -35751 -26360 -26244 -29693 5638 -14373 7957 -14161 12495 29516 22191 13931 30727 19633 2412 26612 -7080 9338 -20381 -6879 -8857 4444 17615 18115 3585 8026 11612 6105 -25912 -9559 -11689 -5213 -2403 -2974 -9663 35388 150 -5954 -23975 14285 -9526 -5963 -17152 -3270 3262 -22196 12425 10875 7083 5586 -10089 -1681 4591 6990 3339 -42766 13336 -11144 9416 -31666 -23212 -8226 -992 -6460 10563 435 -5972 -19884 9232 -2205 -2203 -31021 -5629 -8532 4644 21690 -13840 -21362 -8651 11194 9852 -3590 1872 3729 -7158 22373 21691 -17022 -3033 -5938 -5510 -22875 -6822 
1536 -5590 14339 -13459 20192 -7690 15548 14200 17517 -8755 -9405 6070 -14704 10658 1108 -5527 -8542 -24368 19724 -14735 -2654 -34730 43145 14573 -20811 26222 23705 37341 578 -25317 32931 21538 559 5082 18697 -16863 17314 12449 11411 545 -16389 -16099 23969 -10950 -29395 -36020 -167 -45089 1807 14173 -22032 -17233 -38446 -23293 510 3188 -31568 617 -12633 25883 -6424 -6734 17605 51399 -20469 -12076 23334 -7971 -11356 -33177 6773 -6868 -26691 -5793 4801 -2642 30333 8101 -50014 4547 -9430 2999 -27515 18763 10769 -14820 -10410 -10483 -11032 -27786 -5470 -1503 -7105 20338 805 -1223 16136 -25003 10074 -6225 26038 782 -986 35478 13433 3710 27579 6166 26032 7946 13315 -14218 26353 -15792 14041 17827 -16368 21923 -13002 -11229 31980 520 -18322 16273 24387 -22651 7725 2673 -11484 15386 -15211 12584 4709 24388 -11715 15422 -13720 9178 -6911 -28515 56673 598 26331 5024 -10822 -14130 -20280 10369 -1238 -5680 -28347 -31884 19431 -26661 36444 -14216 14882 -4263 26644 -1521 -4705 1474 5685 4313 -7003 8984 -35149 -9054 -20616 -16587 -18801 8979 -1826 1888 -1190 -24320 -27604 -82 6964 -3606 -17538 -36370 -13260 -28893 -18708 -11248 -28445 -20750 -11742 11608 11958 13476 -8074 -10904 20032 23207 -30028 -12187 9073 -1265 -13778 -1019 32944 -941 -4070 11031 -24547 11536 10315 7094 6923 -16943 -3589 -10720 -4347 16040 6450 21248 -21681 16450 2750 4176 -10759 -27759 -5820 11049 18135 -3969 -20127 15642 -10422 15909 2872 -29843 2484 2222 -4207 23479 -40006 10611 -28924 7175 -4221 -896 11102 -18362 -7742 -35643 -15735 11803 
-8888 27609 2901 2149 19615 28675 14927 5684 11962 -13982 20921 -11125 -8846 -11535 7232 -5213 -15344 18376 -5757 -22906 20839 -41750 1845 -19176 3888 -17426 3586 -11797 -14367 3515 2945 -10179 -13345 -12954 -11227 19254 -2227 -8203 12756 -1060 8539 -8714 3509 15201 293 12732 2744 27735 -24964 -3911 -20678 -21705 10454 -5511 -7057 1223 -22431 47113 -8413 -1451 -10902 -7353 -18921 -3319 -456 -3258 9684 3062 14022 -5127 -20254 11505 -14139 -19778 -17234 -12002 -13828 -10691 11061 -9799 -24344 -10450 31588 -8312 -21618 11006 -63 -17746 -964 7196 6098 25439 13986 -13048 6669 2139 -39091 -11026 -20973 11999 3760 -6140 4701 -5986 20061 -6741 6837 -7188 8462 -13956 3073 -13510 9645 13577 -25167 10272 15680 4656 -30455 -4287 -23585 1037 -6037 -11412 -43059 11376 11348 -2368 -2281 -8836 -22813 -4941 -6110 3773 3066 -16987 -16020 -16377 39291 4041 7720 3209 21032 -2308 36525 -19146 20330 -18752 -18667 -3961 10145 20861 -1941 -11676 -1782 -39875 -22057 7656 -8802 -6069 -9138 9926 -17802 6742 26511 -15839 -9770 1335 1495 21628 -13891 17420 -21840 17981 11653 10885 1351 12771 24761 12476 -5514 4911 11397 17189 25330 -7341 -19389 11589 -7974 -23589 5253 -17321 -9594 -8212 -5912 20068 13021 124 -5573 1004 182 -23770 -17007 -7669 22382 -11567 16602 30059 32040 44678 16367 16970 13264 22410 37182 15072 -4840 -8124 -23182 11814 -1886 -15201 3970 9193 8819 22648 11179 -17419 -8072 2217 -14979 23278 6683 -2362 -15653 11404 -4189 9804 6358 3447 12174 11924 -14904 -18914 -6524 -449 -16479 7247 -2568 -29420 
391 -3155 -5603 -15539 18200 -44296 3258 -2127 -22215 -29792 -13333 -2748 21311 15753 -3996 -846 8700 -13722 17397 -2958 -4122 -23410 1734 -10216 -19994 3810 8180 1702 9597 -7234 -25317 7983 -14673 -4155 -28074 9772 38151 21867 -32677 12936 -9402 -12899 4676 30805 -13257 -31198 -8994 17101 -27774 -4735 -39816 8304 16781 -15708 28701 5400 -27781 -14849 -46766 8828 -16174 1979 7172 614 -7762 11738 -15591 24802 22930 -6596 -8244 -20075 -791 4712 22619 4244 15813 12739 -15264 -20157 1682 22252 14475 -18263 10015 -11777 -40121 17263 -15108 -32759 16395 -18459 -10691 -19563 -75 -6508 11579 24087 7995 -7612 11374 -15340 1469 17354 44215 -11206 4092 -744 10181 21755 3713 16972 -11281 6113 35195 -5509 -20890 -11858 -18645 27151 14696 18437 22641 3625 -19115 18800 19067 27657 -13737 23416 -12104 -6040 22411 22539 -11082 -11629 -12514 -6433 2925 25994 23659 -16022 15323 -2683 24962 -52737 -11709 3807 -8808 -24640 28813 -2563 8185 18421 16502 -3259 -14643 -25823 -18781 5621 -20967 3445 534 15694 -13068 10447 21703 6018 -12323 -8865 -18595 -8319 1811 197 22326 -1560 -1186 32540 30377 1839 16342 -16153 10848 -11613 1917 -60321 -24938 21526 18249 20786 8796 1236 -121 5293 -5355 21539 -686 1494 -12279 -8218 22727 -5969 -1580 1050 -4979 -10101 -30733 11640 617 7274 -1461 15894 -8681 -10022 13369 16196 -22154 -24144 -11036 -2549 13496 -9204 11275 -21452 -20943 -5796 -13426 -20012 -11203 5318 -14198 18472 7652 -21017 10780 -21063 -9903 1393 -2828 -8589 -12962 16890 22216 -32261 6187 -9329 29004 -5946 12163 -4861 
6009 -22621 -19590 -27619 -10221 -22301 -15439 -35743 -17748 4563 -28764 -11348 -9938 -7273 -9861 -3972 10443 -8638 -21820 20115 -18106 19250 15564 -3963 -3774 6577 4404 -20000 -8908 -17788 -36144 18914 8376 3313 655 -4834 3553 6906 3701 -17518 10422 26459 12267 -28038 -22654 -11944 3803 -14436 10037 -27273 -20954 -9689 -4710 17248 21552 -1658 169 -27668 -32635 1549 6223 -8431 29519 -15019 -4130 9351 -25851 2509 -7514 1922 15396 10190 14531 28477 2713 -614 -20722 17916 -17068 -6795 40026 5267 -7234 8896 -15811 -31743 1658 18873 34231 -7912 22467 -24976 -21001 -5050 -4015 -15271 43934 8505 -14103 -2844 5720 1065 5176 530 11198 -13394 -9511 -20062 -7929 -4029 -13535 -4665 13077 7237 11790 2631 -18477 -7998 -25695 349 2228 50718 11291 4231 9500 12074 31754 -2263 -9774 789 -36775 -40364 39302 -25550 -3947 -2773 -4025 16285 -17631 10118 -5070 -239 -19337 -21550 -6893 -13548 -16393 21515 -7279 -20696 -9896 16404 2329 19778 14526 -2154 -14375 16706 -7340 861 -3073 9550 -8528 -498 -9195 35059 15006 21817 -7471 -14160 -61 18054 11664 4150 11974 21747 5035 -7063 849 3004 -14978 -15634 17770 -26587 -27545 -18330 21366 6257 -4734 30833 23154 28955 324 9302 -6558 2016 -21124 3880 29113 -22199 18560 12650 4463 -3555 10183 -8195 -3751 -5425 -19576 -19692 10649 -37799 -24333 -22439 -17690 -11850 -5204 -19743 34011 -34001 23125 4937 23223 -10392 -3508 -24733 -29899 -5138 13184 13265 12706 -7467 14151 8356 11224 -38044 -26443 -12142 -24209 38066 -1295 -8295 27931 9920 1240 -1158 66 -6096 7609 20130 
-4374 8200 9976 22523 -16148 -31368 -4683 -2425 -14142 -13464 17136 -19319 32530 -14080 9673 -244 23326 -12250 -8501 15056 -9758 -8093 -18606 6769 -17514 -966 -10704 13293 22109 29842 -6176 -11268 -4407 6511 4153 -360 -1882 -24136 8444 -8579 -19106 -17144 -810 20682 -647 13084 9376 21218 -36009 12282 20288 7439 11920 -19141 -7351 1806 13500 3073 12846 -30464 -3839 -11753 -5764 -10329 20660 18586 -23766 -5954 -9957 12064 -15979 12587 -3259 5664 6803 2918 4053 -4573 6917 5201 -1199 -10470 16434 -9718 10447 -16727 -15711 -1357 -3214 7654 -18809 -884 11990 14292 17464 12133 -6436 2863 11888 -14498 32493 -24010 -25412 -7902 5802 4733 -918 28482 -11688 2524 -390 3494 13429 818 19933 -5527 27635 12081 2272 7049 8360 -17317 15223 -6534 -7568 -1489 -5194 18714 -5051 14589 12207 12456 -13327 14557 17341 -18779 17977 -6549 -10903 -10646 -14593 -8584 -6354 2561 -13275 34637 20932 -19378 -10711 12740 20988 -3841 -9847 1035 -9305 5550 -10351 -30611 -21558 -1242 20741 -26311 -16034 11018 -13431 -24420 24520 -15619 17092 2945 -3632 -9957 14609 20151 -3294 -12077 -16097 -6496 6324 2779 14203 40329 -13091 30154 13151 -24868 -6667 30675 17410 -11269 -1810 -1932 6665 -7520 8482 -11161 33881 14079 -21079 15418 3655 9104 13749 -13128 1968 6528 22516 5283 1530 1041 -5863 18781 20766 7503 12008 -9790 10971 7836 11312 -6759 10370 -267 -773 12330 12620 4151 7193 5419 18843 -28165 3597 -463 -14977 -2630 3720 18459 -2987 -17405 47480 -2641 -10465 8722 10900 -5833 8991 10508 29806 -3918 12019 -16316 
7369 10275 -10058 -8587 26476 -6638 -7596 3019 6661 12871 2330 11883 -6121 11198 -562 26122 -8917 11750 -15313 -16742 -28230 -19314 2697 -23356 -6054 -24330 7275 21319 20459 -21996 11741 21893 -1984 3214 -807 -7699 -22459 -27901 4029 -16060 4764 -13927 -26293 29137 16205 -3817 4785 -13470 -6586 32682 -9320 -11967 9095 17885 9351 -4845 -547 -11105 -9870 4325 -9675 5840 -15659 15713 -23650 -8195 16459 -17246 -13668 -27121 7833 -10150 18638 -13321 17012 -28902 17787 -23274 -586 -40969 -1801 27077 -6924 7164 3981 -7440 -7404 -2449 20588 -13252 -3146 -1686 -2099 19673 1633 10168 -11302 -6544 20349 -2752 -8889 12785 -13283 10175 -5798 -20246 -2384 -9733 -250 4859 21304 20529 25339 -13340 -12545 -13442 5768 23600 12770 21425 3216 2472 -14737 12736 -7837 -34580 17191 -1056 -4642 -18403 -17600 11773 20762 23084 3172 399 -14384 -11184 20109 -8001 3409 29435 5185 -24538 -9001 -25428 -1250 17909 10169 -1489 8116 -3182 12656 -2915 -12714 -15717 -10126 -6024 25424 -10952 342 3529 -8535 8579 4092 -28648 2644 -17402 -10002 -9683 10006 -6585 13418 -12102 11321 -14394 -7343 24460 5957 8478 13773 -30364 9597 -9375 27501 -19155 -26232 42336 -15798 -3143 7172 -47694 -14803 6507 16754 13331 12497 -7102 -753 1322 -18409 -1428 -8868 -10234 -6023 -18842 -12149 -7851 23375 -11410 -16019 2519 7307 -10379 4807 -1183 12535 4998 -31071 16267 -1625 5689 -27052 -24490 15077 19378 9776 20330 -5065 -17651 -20754 15721 -1307 -11074 16263 18854 12795 -9576 13310 -23733 2133 -10558 -18491 -15336 26969 -9882 6578 12303 3790 -36274 
-28535 -5302 -6517 -6506 16317 -23112 28211 7636 26850 507 10605 3564 23251 22955 4746 -1255 19946 16635 -7901 -7019 -6585 401 17819 -20454 -16961 3149 1440 14720 6029 -16 -45537 22479 14388 -24822 19201 -18331 1648 8632 -8693 -514 -4126 1194 21010 8506 -3128 12388 -24477 12310 26043 -346 -28251 9690 -25110 10428 6668 20225 -15330 -874 13676 -1105 -33887 -11042 -29179 4862 -38286 -1421 30138 25773 14189 17089 29449 -6016 -17130 -18077 1537 -22548 28473 -14276 11834 -9158 13914 -29307 1413 -4906 -20274 24980 -6497 -16164 30608 10604 4994 -24869 27634 -4487 -21735 -1916 -2776 23721 1676 -24447 -21713 -26743 -17908 3647 23734 6406 -20813 -2452 17619 1355 7220 -8544 10379 -5486 -2393 -7457 -20817 29040 -13008 -5387 -31695 -11765 1292 10497 -911 11772 21507 -13090 15291 10059 5372 -23501 -11632 131 -26502 -17551 9878 7496 21405 -7197 14226 6026 9493 14497 18060 -11829 -4541 4642 -63956 34031 -13593 8664 25287 -600 9378 13103 3537 -9877 -1692 -1416 -4743 6089 -21385 -5924 608 2884 1266 9509 6017 14729 3969 -18414 -26714 -29760 8742 -10276 -2035 -9356 1617 -26610 24655 25281 12573 33564 2156 -12556 -16140 556 -25613 17136 14958 7525 -8786 1954 -4681 -12619 36343 -44153 -6969 26087 -10935 8984 -7875 -20407 -13777 3766 11708 -22199 -917 -20287 3591 -1548 -6468 -19955 15550 -1543 -30 -10917 -10966 -23657 222 27927 -10428 25604 -24167 8676 15908 7990 24409 5057 -6731 -983 -377 2196 3161 10910 -6088 -47182 10694 -1926 -25112 -16663 12984 -11081 -1422 15883 -30459 -25690 12466 17149 
5686 -14 19334 6783 6227 945 -6511 4972 13272 -14490 -3329 18761 -5537 13075 -10081 -1100 6558 -9268 42531 -15100 -3993 12837 14772 1542 -2164 7898 -11061 7991 6555 12531 -10674 -9234 -24246 -4463 -1991 2419 -2906 3085 3476 23071 2862 4342 -26428 -2791 -4237 19660 10155 -26794 -22660 11255 11452 -2137 -12638 -19851 -18088 3553 -10073 -10945 -12791 -3976 -4389 31309 -436 12485 9190 2054 -7318 22367 -5983 -795 722 -3003 -11214 3351 -20971 -12864 -9521 -1478 -16132 -704 -28135 -15804 -5655 2964 7187 24706 8955 2560 8875 16680 9394 8357 6626 -10231 10267 13228 25796 -15919 3297 -3081 6202 2259 -10082 8987 21685 -16763 6695 5282 4690 -7161 -24090 24009 -19016 -8326 7363 15242 541 14029 45430 7818 -15967 15849 -337 -630 20387 27565 600 15703 -11462 -2681 4571 -10515 19356 8573 18136 3924 -8315 1513 13231 -22923 3503 23374 5385 10415 11393 15667 -11410 7263 914 18923 -9448 9233 -21290 18268 -16661 -8036 -255 -4318 16501 17572 5451 -12626 -8415 1088 -16507 -2231 -17513 10994 151 -17573 17848 7590 -10741 24184 -14920 2092 -11532 -5150 2730 15726 -12591 -5527 18669 12652 9000 -4536 -2375 23728 16505 7801 -11222 24505 13380 -13083 -772 -10478 6735 -6333 -16027 25503 -15439 -29298 12580 -1667 -4400 -9085 34287 7719 -32263 -6682 -2789 34821 -7775 -14185 -1060 5295 -9673 9033 -3547 11879 -1784 -3658 -9957 6422 21092 23613 24763 27067 14514 31026 1768 9358 19895 1580 -6398 -24056 26408 -5632 -1129 -19001 9352 -5523 19552 -8811 11668 4515 428 13699 -4713 -30729 
4301 -956 14977 -22531 2614 -8009 -6895 13227 7735 1292 -6766 17350 11255 -19063 -19485 -29835 18674 6717 14676 -10245 -200 18288 18769 16918 23454 12087 25203 8054 9669 16714 3758 8314 15688 21984 -5848 -27779 7699 -5546 20084 2620 11793 -20803 -22576 14722 -17302 -7355 -19565 -15223 -12371 16263 -2324 1120 22389 -17039 -3934 -38316 -15054 -8729 8305 2124 10944 -2543 16414 20897 -1830 7440 -13607 -4470 -19208 -5899 -11709 -13029 13585 31504 -27909 4118 -26925 25547 -3585 10069 -30777 21824 -20384 -14660 -2129 6236 -15963 2062 12831 -3937 -34829 12865 5378 -18154 33642 7552 9321 5914 26353 6392 227 -9792 3066 4665 12034 -3957 4440 39605 -12875 -13669 -4577 -5080 -14484 17972 21152 -11527 -110 -32057 -1372 -9899 4346 -5973 -28880 4812 2230 16867 -7562 -27676 -5576 743 3994 13733 -5246 2036 9997 26770 -22383 1667 -20573 -21176 -1442 -19820 -1265 1711 -14970 10590 1729 -17049 11889 1434 30353 12092 -8117 23148 1791 15222 1655 8559 13809 -35869 -6495 26918 -17316 12123 1721 -5524 3742 -4004 7819 -34572 8379 -4698 21821 23590 -4345 -4584 -5462 -8331 11814 15259 23184 -7484 -2846 -7402 4423 23088 -28863 -982 -28422 -13743 -7196 26097 -7001 -25996 -23997 -21351 -26882 30970 26576 -22725 9954 -29555 -3193 14115 -22573 -25448 2252 40229 -18634 17133 35156 -17846 -15890 8559 -20175 -1276 -13843 21472 -195 32909 10701 -15875 -5434 -7831 -11759 -15802 -21213 6672 -17643 5318 -7231 1491 2180 31091 -6928 -15482 6544 4026 -35707 -29448 6968 -1632 -30440 6029 11928 15907 -11540 36201 -8079 -4264 
2018 -11562 12025 1509 4749 -6415 7207 8119 5969 -15564 -13556 -2014 -7815 -3109 16920 18913 12218 -8853 6442 -578 -5618 5176 -5326 99 3466 -6514 16527 4247 20399 -3909 -3931 -28693 -20696 -5779 5158 20703 388 372 -14711 32097 -22362 -1673 22480 -5639 16356 -3149 13369 12086 1444 -23095 29788 -32205 -25373 -20840 18797 -2166 -19486 -4513 -10213 15658 3695 -6172 1310 -1460 23657 -32380 10175 9436 -15013 2610 13064 12685 -8994 -24014 7658 -36378 -18374 7542 22428 -100 3552 -9349 5574 17119 -19953 18163 30470 -19511 2568 16613 32045 -7787 -28672 15044 -17438 -9838 23780 -15648 -9505 -1653 8116 5195 264 14739 -1292 36311 9214 -34376 5925 21016 -11540 17420 3712 -16391 -25331 -10170 37339 16191 2477 16920 -15411 8017 36359 12539 -15998 -9826 -18131 23400 3854 683 6043 -4983 1786 8022 -20963 -11201 -28 14585 3025 -9136 11440 -111 1542 3342 427 20851 -15697 3387 14604 -10812 -21042 -1233 -4147 -14994 8818 -29270 -7506 543 18504 26440 29305 -29606 -8164 -7239 14987 -5866 -22253 20823 -25618 4512 12494 -32352 11926 8398 5379 8043 -20946 7066 13779 -16373 -17505 -7159 -29 -21611 -11852 -21319 -19110 23055 7039 10005 -2992 29781 2265 -18532 24610 20371 -863 -7805 -12503 31492 -1172 -7650 -7495 -6751 20927 26204 4787 5647 -16944 2720 15104 23116 415 16483 -1769 18913 -24168 7155 14999 -8756 -39010 22510 41512 8411 1277 19354 31504 6830 8539 -9746 9256 18997 10478 -19576 6801 -7062 12922 7518 1109 22720 6833 -11821 17715 -17320 4077 11254 -13448 -35280 15591 -10213 
-4177 14476 -15881 15763 -21033 12288 14710 2954 15488 13260 -22556 10900 -26985 6840 -11552 11478 -16409 -26736 26562 -8677 -5304 -6990 8568 5397 16275 -8658 19061 3468 -10246 16791 -15922 16844 2407 -18552 411 8203 4249 -11039 -33037 -4979 15760 10757 12830 -8190 -4334 -7090 -21225 -2522 -35906 -17804 5505 31080 -21306 -2043 16790 -10024 17702 3819 11632 51393 3210 -7017 -8081 9396 8405 -5177 15560 20898 -9178 829 -13485 26110 -19122 -1549 19881 -8275 2037 -18025 -6189 18516 9858 -8956 16490 18982 -1086 -3235 26752 -10903 7371 5227 16243 2603 39929 -495 -23477 -29077 6132 761 -28119 4803 -102 -1274 13774 1498 -14710 33812 -19210 -40468 -20711 -17825 21548 -14266 -32710 8438 14963 -883 4565 11938 -10422 20781 34540 -18705 16389 6089 -21700 4993 10212 19004 -9379 -12488 -10629 -31383 15917 27382 4908 -37314 6014 16886 19198 -9255 -836 -33546 -3616 13370 19828 18852 -2900 -5930 -20137 -14730 5646 -7549 -17079 -19622 -6952 -20989 -22903 26612 10237 721 -2478 -14230 4004 8878 12821 -17187 5779 16943 13196 -33397 -17599 -23362 1039 -10601 40440 -8223 4848 16929 -16858 -14824 3483 27972 3764 -15249 25938 -4284 14494 18707 7766 21767 5801 -12901 -11767 1823 -10297 -3546 22777 3728 -10986 -10280 20346 26500 2214 -4285 16372 25764 12254 -782 913 14472 6981 34874 15379 -1058 -15270 2333 -27864 -15689 6604 -7701 -12149 -4438 19718 -7204 3453 1800 22889 -15815 -3031 14987 2930 -21811 -1919 -8646 7203 20297 33110 19815 10352 6070 37832 -13043 -6544 -34694 18206 -10367 22026 -8453 -12164 -6303 
-15871 -18776 -23094 -2592 -4000 -23794 16501 6409 -1831 2063 -4774 6905 -7297 6496 -8665 -17860 -9754 -16732 27135 -16084 -16769 2138 22983 9244 9019 -8021 9543 -5875 -21116 17209 13199 10883 8739 10551 -24678 -3535 -3280 -1316 9028 -32223 19953 -13401 -4996 16058 -16942 -27611 -19879 -49082 -12627 -30739 -11373 -14844 -4910 4630 16769 -18048 -13613 -3351 4148 25150 14766 -1227 -19781 10889 -18298 26942 -16653 11143 -8401 4152 -11297 6721 18294 17237 -24826 -2074 -19093 -101 -26591 22919 1513 -23295 -9585 -5699 -6455 26242 6081 12960 6911 -14418 -24937 7044 14166 -10774 -28731 -8190 -29322 5754 -36675 -2404 -1150 -393 15841 -19564 -5669 26190 -26930 6923 22734 1517 -25319 16439 -13463 7894 29326 -22688 18743 -15055 -13078 -2505 31657 -14887 850 7426 -37225 -12561 2626 7123 5922 -4892 3459 -6429 -12142 12745 -743 -2175 -25763 12760 -14059 18356 35001 -14004 -24151 28169 -3809 -3460 -15831 1249 13184 8018 23134 18420 4361 3359 -22115 1791 2861 32911 -14765 -21601 -14978 -4411 -9095 -13044 41934 -23056 19297 -583 10045 -14581 -23288 -16512 24206 10237 36260 9324 -23871 17360 18569 18615 -9045 14166 -26547 -36636 17989 13544 -21273 28785 -15802 966 13017 13120 10000 -30850 -13092 -30741 15047 -11216 23262 -16364 -3163 3787 3551 13401 762 21771 17967 -4982 -7876 9218 18715 2024 16490 -3458 -37017 32221 -38131 7043 4743 14671 -10419 -9301 28170 -30608 -14213 -22724 -21248 -9201 -7709 1809 -31782 18519 -2059 -22988 -12122 33646 -11147 13841 -9945 -34316 11132 4252 -24037 -15970 11050 15554 7887 11868 -20960 27297 
-13643 2439 -25960 -15101 3657 -6564 12642 -38118 -11626 17791 -7991 -13847 -4973 -8900 -24106 -22928 -13021 6730 24552 -5821 -4938 -13105 15361 12984 -21789 -12404 -14273 3487 -5533 6949 -32823 13777 -9333 -8696 26314 2904 -8400 10315 -3937 -7367 9330 -16519 20253 4824 12656 -13663 -17968 -16801 4839 -4773 -17294 10717 -21278 -7324 17977 -5164 2882 -11750 3542 -13472 6705 -6079 1628 -2299 -52224 -10266 26656 -3982 17821 3966 2160 2890 -11886 -14571 9564 6563 18140 -8074 7036 -10181 35934 -16959 -1781 33342 -8077 -6281 12690 -8016 -9326 -6941 5385 -1862 22969 -4748 -19530 237 -7241 -7944 8675 -12905 -19642 8030 995 -10234 30529 494 -16447 -5209 -28844 11671 6528 2650 -1112 -4602 -3309 15038 -5638 19488 -1509 10179 -3568 -27435 1584 -25935 -18232 7386 43972 -989 22625 39939 -7618 -38218 116 25752 -7437 -23103 -1003 6172 17562 4826 17858 -12300 -6510 22645 -7085 -3825 -31726 -4205 -59488 -6587 -22915 16675 21361 -9821 13717 2635 -353 13457 -2770 -31750 -3410 17363 5379 -20252 -19454 4813 6458 -18905 -1516 1123 -34278 -22304 -8136 -22605 19451 645 15012 3988 18955 363 -3697 36224 1364 -15897 -6634 10715 10704 6605 -7215 -4667 -5201 -20311 12376 -11428 -15733 -17621 33959 -14300 -1319 28698 1737 39818 -9232 -23760 1825 27424 6567 -29197 8340 1672 13791 5875 22752 -5693 -13232 5880 -21401 -4658 781 12647 -8791 -13721 -8424 -5376 -27997 -7806 -3242 23564 4233 20933 -1130 -6443 -1194 580 -7040 24612 -11790 -37025 19558 -25432 1414 19349 -10290 -12546 22121 -1682 -12285 -6688 3383 3191 
14428 8388 -28378 21268 -2697 27184 -11224 -26116 -39929 34492 -22645 -13453 -31796 17487 -50332 -6654 -47333 4691 5264 -227 -5162 -25466 21552 10136 -1674 12274 -20443 13636 6932 23071 -16396 7731 6206 -32940 1846 3670 9791 10409 -2443 -11841 184 1310 7850 -7554 -14890 -15889 -26905 -16823 -24176 -17427 1917 36093 10842 7719 22051 15515 30459 -7872 8039 -24029 17118 -23358 -10755 -34184 -16539 17736 32365 -2467 -13163 28292 18011 2484 -8424 -13797 32890 18325 1356 9614 7167 11641 49886 16697 27838 -6670 19787 -16699 -17271 18827 -28751 -19353 4439 12312 23142 -34232 -5450 8319 -1650 -23272 -28205 12414 -7297 21366 8991 14232 -2381 -12106 15303 -21392 -21050 18308 -1066 -17419 3766 -20971 34211 -14473 2018 2778 5661 -3729 14297 16280 22374 -14793 3124 6109 33755 1201 -2271 17251 -10154 -38782 -15971 10532 14514 15890 11811 11731 11257 17363 -3371 773 -10151 13148 -2867 3567 -35232 -2222 -1730 -3381 -30886 -3798 22179 -16210 -14476 10802 -20292 13894 -3308 -36670 16088 3635 20597 -30511 -20091 11628 4187 -22411 -1001 -9039 -47712 -5290 -15729 -32290 8117 34726 -16629 -8610 -21032 15873 13182 12373 -3651 -15491 -43 7396 24900 -1460 6675 3723 346 -43302 1401 796 -52 -10207 14513 16532 12349 -7976 5469 4965 -7054 -3809 -17895 -18408 -19605 -16885 10313 -3998 -8316 -17544 10015 -10386 354 -6063 12571 -18237 -7390 26809 -12977 -10765 -1153 -21704 -5400 -4103 -21096 -11817 -9529 4466 18719 -10347 13866 3375 -27263 -1511 -14738 2408 -5437 -11789 22763 24737 -24490 -40216 -1228 -25885 4137 -14609 11390 4186 
6832 -14970 -18073 -6009 -35706 2845 -1949 -11362 -7005 13432 13383 -2362 34652 -23943 14665 -18858 -6552 -20409 17587 -5371 17570 2084 -14202 -2725 16387 14803 920 479 -19329 6054 16880 -14269 -15239 -12624 33538 20472 13181 7680 -22436 -3628 22516 -16489 4890 12611 -4874 7760 28586 -2845 14988 3313 -7420 -2881 -23437 -608 -12960 -3329 25046 -17860 33304 5270 10098 -10928 9925 4040 -7579 -43707 2374 8594 14163 -34594 -22092 -6068 -14923 -20490 -12436 -459 25338 -27894 -6359 -15204 -27498 -5074 -21896 28301 -7143 -3533 28307 -23567 -13566 -4060 28264 8504 -12771 39914 -5025 -31606 -20410 230 9771 2189 14011 26300 41288 -10036 -10440 31785 6796 23307 -21508 -16427 1092 21515 -18675 9832 19647 -630 -4837 26563 -24334 -3680 7184 14847 10535 12653 -28038 -25687 -9499 18339 17943 8543 25649 10454 33443 15119 16737 -10526 8932 -4532 6206 13363 -17495 -26701 -29770 11165 -3216 -14953 7520 -19 15185 -25863 34923 -12202 -17537 -24960 -1244 21033 30083 -896 2634 -5263 -9971 13330 814 17413 3177 814 -22372 13888 5032 -5245 -3001 508 -515 10588 -5509 -4586 20270 -3237 5756 -23159 15828 16084 -899 -13499 13285 -18860 31532 -8082 1481 -27856 11418 -17692 27786 -1128 -20204 8091 22196 -11869 5578 14799 20887 -12854 -12215 -7865 -7535 49181 15646 19270 394 11272 20362 17475 41064 10723 -9915 19891 3291 -6800 9516 1621 11914 -21730 3683 -4279 16456 -27978 27807 20603 14371 8711 -6573 14545 -12482 -12769 34051 22907 -5215 -28041 8245 11879 9936 4002 37444 -8072 1163 -9376 -7926 12021 -12132 -37748 
27649 -9949 -16734 30279 623 1509 -22956 -309 -11507 5186 -9168 1094 -5403 -10400 4545 -8408 -3251 -7638 -2638 -33497 4738 34276 11661 4705 -10875 -15572 18022 5545 28443 -24013 -5843 7852 -18397 -10663 -16599 11874 -9284 -15906 -13056 -3998 -11255 -22475 -15571 -1721 19031 677 770 6756 1047 -17062 15464 21526 5675 9167 8002 -719 -8979 -11860 11575 7761 14898 -590 -15270 -12198 22386 -35767 11616 -28489 -24008 27914 14726 8464 -13582 -25478 4765 15631 -18677 -839 28954 8047 11056 8332 30278 2306 -8023 -13801 25348 -7078 -30227 -22596 -8131 -3237 -22260 -7167 -15300 11867 15284 909 -30215 6408 29833 21041 13734 8624 8426 34135 3923 -16290 1482 8357 -7922 -32077 19364 -15451 -5214 -3813 6933 -4416 -19989 3072 15041 15391 38433 -6754 15119 -32603 -14202 -1353 -7108 -21515 5195 47557 -28159 -4411 -5822 21887 2618 9357 1582 725 -5608 -272 -4335 2258 -20254 37443 -13009 359 16048 -26720 -5867 -16602 -10090 7043 5344 -14118 -36146 -4087 18991 -19544 11172 -16816 21586 14988 5571 -3993 18083 2922 7534 -5245 -13905 -5606 26945 8114 -5081 -16044 -19885 -6543 -18663 -17732 -4515 -11416 -2154 1251 11615 -7186 9165 -10500 3476 -1720 -34823 8957 18907 1619 21722 13843 -7847 43136 -2190 -8762 4988 -25220 7968 -10340 6662 -6819 -7047 11575 -1174 34704 -19873 -9398 -1974 20134 -1381 21080 22777 36425 4004 17856 -12556 22693 13562 3843 13948 3668 11041 33354 8752 -21011 40964 3528 10727 4400 27842 -17970 3405 2081 -13722 36671 -337 -3399 6369 -32451 -28077 16285 -14528 -49098 986 -9098 
5906 -10993 15545 6230 -1915 6830 -16656 -4869 29362 21514 20346 16201 -10279 -407 -14851 -31988 44932 -16901 1984 -10655 23137 -16727 -15705 -26700 35380 -22771 -4517 24591 19200 1620 10675 6030 -39108 6053 -15746 -19405 -27126 3269 28883 -9170 -23676 -36441 -41760 24909 4986 20936 -19352 -17089 -2971 21411 10669 -3976 2741 12279 28140 -15976 -36962 26875 439 -7359 15887 3976 -34012 -26075 13741 15562 -14053 12995 -31748 5581 18574 19843 13887 -22209 -18356 10910 6828 25589 3822 22034 -10769 -15877 -26267 -19562 -42376 6937 23350 4481 11444 16750 -20039 4774 -3615 4573 20989 14811 -23522 -16859 -32090 -11657 -8962 -13169 -6775 4604 -8496 -4188 17254 14067 23191 -9040 5156 12687 2142 -31547 -32958 8007 -29441 -28488 29337 6682 -13767 24483 -27108 23166 20450 -1548 30810 -16642 -33795 18964 17077 6802 -23168 -12691 580 33159 -43406 -10654 -2043 -21466 -7273 11378 -17606 -17772 -30704 25291 1696 22327 -13092 21406 499 1999 -6877 579 30964 3188 -7265 -1437 1195 -30028 -8218 -13314 -15001 -1316 14055 9129 11981 16421 797 300 13960 19380 12378 32114 -19628 -20342 3572 12139 -3599 14658 1476 5373 -7710 11875 12320 -7090 -19557 17972 -34971 3507 -3799 15086 16744 -21838 12555 -13672 12118 21640 3791 -15586 -5700 -8223 33557 -46734 11945 -14000 -20438 6921 4168 9960 17831 -8310 -35877 -4008 4960 -9079 21283 22920 -22173 26291 -17264 6111 -27703 -1844 -9752 -10093 -12268 48958 683 -17841 -26198 -13921 8972 51075 36173 -23224 -26978 11267 -6767 -9944 15139 13238 -4968 263 -19770 57884 -6993 -6016 -40563 8965 
-2538 -11388 303 -5612 -2750 10440 -2609 106 37371 22042 4630 -11209 -12712 -13513 -680 -5503 36651 -2511 12409 26491 14191 1977 -21217 -6019 36421 -2107 4661 6540 15413 4287 24500 -22827 -29590 17203 2631 4531 -2107 6986 4917 8239 -18230 -4285 1184 7096 7956 -6677 -48 3578 -16546 -10861 21074 -37022 -7983 -4943 16502 -38237 -7138 14746 -6246 22998 4358 -9536 -1007 -15539 29723 -8065 -41627 12775 -21499 -8188 4872 23026 13254 -9868 -3147 -16289 -17967 23656 7678 19441 -25699 -17091 -29018 -5509 -34450 12624 7429 -10832 14061 15227 31536 2173 -14791 35413 21980 -26464 -4391 -9862 -10682 4596 -13605 -6872 15739 -9635 -27177 56724 20065 -15831 14421 -1008 17813 21997 -7814 -12259 -19649 -16737 10880 -22002 6273 -8281 1969 20567 4388 47555 -25351 -29090 -25407 10860 -24154 534 6127 -249 3809 -1526 9877 16952 -13814 -2503 -8227 -11488 -14887 -20976 -13035 -4317 -16093 20797 1523 12766 28593 -5084 7414 -5706 -15445 -11421 7111 -16095 -3044 24919 14763 -7155 -3296 -23738 -27432 -3202 45882 18694 -11176 22331 -29696 -27244 27553 -6403 7111 31873 -532 -27667 -11870 20187 864 -9135 -10119 13650 2880 -22490 19235 -4509 -24593 16923 -17816 1160 6798 28991 -9432 -35384 13350 20285 -3370 3036 28005 -2522 31249 -11148 29900 -8641 32728 18389 -7636 18599 -28267 13942 44680 15753 -9448 22328 -21057 1148 -7083 30582 20456 -1328 -21926 -9336 10177 -14407 10136 -26296 11137 23437 -6853 -13140 -21679 6192 9840 15921 42171 -1209 14320 27377 18673 13940 16539 -13328 -4878 -11515 12194 15809 2999 -13534 -38255 -7819 
-2822 -7950 19451 285 -12737 21250 -3665 56 -18631 -33818 -5452 -9907 -18129 -14487 50674 38405 -18300 6908 3917 17711 -40844 2038 -7487 -1216 -29532 -30414 22923 11025 -15531 28828 -20226 4453 2247 6362 -32624 4244 20831 3444 -30777 19568 -1411 6563 30523 -7436 -13454 903 37002 24277 -31737 3380 16295 9708 -8417 -38448 -9019 -9196 224 12810 -8043 26406 -13504 -9160 31578 4418 45494 25191 -3385 4562 -14101 -4428 33308 -10837 -10009 15511 28272 11959 2375 -13078 13116 -25670 6809 56037 51634 9622 25865 -1316 18612 5021 -1922 -8631 20681 34776 -19730 -17362 -5386 -22403 18967 -13828 27750 -246 -10727 -3714 -7118 -30461 1292 -9733 -20787 -23164 -10772 -21579 12220 -1606 -288 -23997 -26916 20930 27121 -8716 21897 -1924 21328 5890 15393 -16489 25626 9224 -13278 -5694 -157 1806 -1117 5559 10335 11281 48616 -38837 21557 -8136 -11337 -30896 8386 35628 51825 -9167 31742 -11062 18518 -17143 800 1931 6601 -509 47428 -10341 4807 -22046 -3789 13421 6425 49270 12097 -12788 17133 28303 -17061 -29650 6056 38939 18748 -15954 -21834 -6044 10203 -20998 13901 -11922 43256 -11933 -8830 44496 -3205 -8445 5545 -1646 16909 11002 5229 16113 31584 25037 2394 -35729 -2584 22850 3332 -5896 -8159 15085 -41940 -386 -29902 20477 -9172 36887 9443 -11528 2546 18908 16309 -5783 854 -3236 12578 3277 -3959 -19212 -1946 -27494 18966 -10117 -34850 -12292 -2871 -16024 29908 5507 28384 -31450 -3213 19170 -236 -22095 -29296 -24626 -4071 -8875 13994 48727 31148 16212 -7704 -634 -5464 11743 29458 -4463 972 -5394 36015 -9191 
15077 -20437 19328 -18850 25421 -19626 8750 -12418 710 -7416 15721 11323 11153 29342 -12092 -3488 2093 -10686 6119 -9934 14391 -29662 6398 -20995 28084 9840 -17068 -2371 10127 -3904 -13900 -16565 4522 -17497 27068 3165 -13200 924 18298 28025 6088 822 5735 -1199 -13091 32837 5226 2696 33547 8951 -1092 -5194 849 -18041 -4239 29595 -21442 -8771 -10172 -22853 -2949 6626 -4134 -2374 -25711 -2936 27806 18449 2337 -131 -9940 -15825 -3318 -19660 -7844 -26527 27528 -3599 -5012 -2571 7777 -27103 -26675 4680 -5178 27047 9507 1052 -570 15262 26756 -6983 -4122 15131 -25127 23351 -3680 -14440 -11244 -11430 -8049 -3001 -6536 15234 8147 -30476 25413 1541 7203 19373 -23505 29813 -1124 -10864 20499 -226 -8111 24902 22455 -8810 -45037 18098 7535 -7501 6607 22652 19561 32004 17520 19773 14324 -26159 -1691 -9877 -28562 7814 -2123 6768 8196 976 16791 -2559 -14102 3549 -3864 8704 -6539 30970 -17555 24122 -5995 -5363 -3322 -6768 6048 869 6106 -11164 10443 24158 -4078 334 6762 -26727 -5462 14807 -30573 -2101 -7252 22997 -228 -12560 -21258 -2345 -17880 37839 -26476 5735 22427 -17283 4189 852 1175 4938 -16707 -24140 -3259 -12413 17199 3772 -5988 13717 -103 -5099 8790 -12239 15911 -33371 -11433 33627 121 -14960 -5580 -20259 -15741 6890 2813 -20777 1044 -10544 5004 12888 -4249 -24515 10435 5783 9391 -22756 -20013 -5150 -11747 20680 -2023 20790 -21858 13332 11136 -675 9446 3264 -2606 13424 -4295 -5703 -28512 491 -7869 -44510 2081 -9353 7848 33 27757 -12908 -3854 9696 -7469 5698 6753 -17806 
9226 3412 -9918 -3492 -4011 -20050 -4499 11660 -9776 -5908 -10923 38385 -463 4478 -36088 535 -26839 -19035 -995 -25723 11921 -13484 802 2754 8002 -15289 -8343 23853 -1214 17915 -11595 17446 14555 -18526 5873 -25361 -8171 -10779 -15837 -21346 18413 -19499 -22809 2579 1786 13771 -8903 -33551 24878 7076 -13495 1736 9938 1756 10414 4485 18060 11436 8930 -9719 28305 10606 -14364 21612 -4164 452 24406 20783 2921 22890 -13855 -6192 1500 -10631 -609 6035 630 -5454 -20257 6840 -1151 -17519 4393 11889 19856 -9490 -1389 1784 -10324 8873 -43454 -6114 15024 3443 5325 2352 -6210 27237 -4736 -337 24134 17509 14803 12540 -77 -21504 -3651 9667 -10642 -15724 -2813 707 13782 -6469 36196 -24855 -22718 16370 -2109 23957 4250 -14908 22367 -24767 -19757 25542 29998 2130 -766 -8773 1692 -10117 -21006 23706 4499 -24622 -8400 -14492 13831 13283 -2299 -2136 -15635 7543 3876 10389 -21796 -8439 -8613 7194 -5204 -3902 -11382 15096 6803 -7370 811 12187 -13786 -22862 14112 18001 9015 -14630 -3079 -11889 -8294 21616 12545 9069 -10759 -9119 18864 10680 18691 22838 3978 -7126 -13452 -4543 17240 6725 -3774 16309 -18877 21409 19365 29432 5878 -7386 11365 4656 4902 24091 -23740 -6671 15232 6676 -16696 -1478 -18019 5757 -2013 -14906 -5361 8738 17241 15416 6814 8175 -1215 13114 19019 -8645 -22078 18279 12495 -814 -32450 6836 22359 6286 2700 4526 -31054 3857 6326 14282 15590 12697 7713 7559 -16596 -6974 -12872 -11524 14995 -11114 -35950 9073 7049 -1150 -84 -6206 3636 -17267 -14395 484 -5143 12845 
24368 -6315 3037 -18787 28324 -13510 5190 -17324 18947 7482 17624 3383 9575 -24039 -11835 -4706 -7185 30907 -848 526 36872 -4966 -16570 4329 -5965 -3927 -25685 -12334 22464 -13929 17783 11750 -5450 15784 -28779 -25089 -9751 -1103 16015 -9543 31242 -18168 -21258 -19259 9027 10795 12341 -14095 37034 -599 -9891 -20550 32755 -12870 -13440 -32584 -14131 1254 10485 -23147 -14170 9168 10151 35 -13917 187 -38282 -15955 12500 7938 -10625 26134 9019 -16937 -3345 9994 -41198 -2475 -10122 11215 -8366 -18245 -10530 -4234 16355 7386 -28897 2435 -12552 -5878 -7734 -285 -13002 23515 30348 28993 -20687 -12949 8831 8538 -11225 26877 -13303 -36780 -1195 -15530 20398 22735 -6256 -1143 14852 -19411 16407 -20577 5839 -6806 -20085 -26545 9214 988 13811 -2184 1053 -5239 -12881 -9343 -21632 2797 -28879 2079 -50621 34798 -41604 -4687 30516 8141 3217 -10962 -34001 -9119 -1807 -9300 12616 -11059 -23984 17101 -938 9910 1490 -182 6346 9745 958 20345 -19805 -1984 -13613 3900 8086 -29982 -28988 37540 -3752 8192 2804 26326 6602 6795 -7897 -17921 17145 21449 24528 24814 12875 -6094 -5931 -3083 5401 7212 -8774 22414 28261 3039 33565 45893 -557 -9357 -9408 -11527 -17646 18972 13554 -527 32043 19711 -22769 9005 16887 12579 12999 -6789 4389 -8051 4332 -4939 8818 -3682 -3186 38 6472 -26938 -6934 7186 -25283 -19348 30065 41736 8214 4362 4142 5985 -11176 -12755 226 -36690 -8853 33887 7307 -15996 2834 -5335 -4581 20747 -8630 -12036 13413 12179 19589 2703 7650 -6204 -18027 14281 -5200 -9096 10579 1911 -24149 3421 
11742 6889 31898 26373 8305 5414 -13167 13828 -22155 7411 28303 -28794 -8373 2675 -30689 -1413 15018 4601 -16924 1949 3376 -17995 -902 -12937 -13595 14824 -5872 16174 16103 -24260 -18823 -44052 -48445 -2798 26572 4624 8980 -3525 7262 23585 -35638 -28983 1154 38626 3994 -12871 -13148 26555 5133 13855 4878 -25833 3916 -11361 33610 19724 -13766 4798 245 -23660 -3439 -18795 -20191 -34198 -39719 -16202 33796 -6102 4702 7997 7693 -18826 5202 4849 -5972 -23219 -4869 7845 6144 -5127 -13974 -8000 2140 39363 -26000 -16553 -7745 -13139 17187 47705 6618 3233 -1618 24268 13297 -1318 -25966 -16444 -23794 3968 7984 -5093 -848 -10709 22448 -8729 -18988 -10227 11567 10728 4301 5720 -16432 -33968 -11095 6855 8058 -1391 -2077 22219 -21118 26191 -4893 21208 14225 959 34493 28199 9240 1408 37712 -24238 -2530 3561 -41888 2170 -24644 14258 22828 5783 10026 37005 -5788 29029 1722 -10040 -2698 -1930 -3287 28145 -34819 21622 144 25322 30729 12930 -13865 -39735 -5398 10528 9987 -44322 -214 4728 -15166 18632 -36341 12813 -51577 -13187 3792 770 -13555 -8909 -12193 -5583 7935 -3891 484 25733 11988 -2164 -41408 287 -6353 -6426 12838 21668 -13833 16344 -4718 905 -5879 9229 1021 6572 11885 7629 -1594 -3613 -24054 -10222 -978 -34615 -9596 -12700 15648 -29769 23272 -45440 7911 3351 -5452 29956 26294 271 21351 -329 22352 24311 11084 13669 -7976 -2615 -16429 58126 -9299 21573 -19644 9107 12092 22119 14898 24062 6535 -12882 -46649 -27715 -21144 -4688 -22942 13130 13920 -7618 -10895 -4006 5685 5703 -722 -10586 
2882 553 -8982 -8043 2724 6741 -12415 -19710 30776 30938 7762 -2171 -36590 15464 -6653 2068 8136 8077 8429 12097 11301 9214 13277 17349 -2831 -639 -11441 -18840 5086 -15475 3201 -1306 -11114 32766 6906 -3600 -12727 -6148 34206 -6046 -5260 20141 -8526 -3802 13825 -6070 -5014 -4437 -27712 -8278 8875 5880 5859 3505 159 -17483 1036 5743 -10928 18027 -2943 30134 -7791 3772 -2772 15479 -39884 -16000 -6179 6817 -16411 -2080 19914 23169 2955 7344 -1142 -5241 -21251 22170 -8441 -14152 -13723 3007 4042 3350 4812 2810 13872 13878 2912 3305 16710 5470 -742 -15224 -14504 12488 -11053 8722 2603 -11997 -24517 -24832 1418 16663 -4171 -28729 -2297 1430 15494 -1698 -6647 14750 5140 15635 -17370 -24969 -951 -16904 18164 -9509 -29774 1188 2966 -8970 5069 16012 -23111 -10087 -11688 13610 974 2965 16311 8732 -16885 -473 149 4548 1005 -377 14859 4843 -9244 13668 2406 21025 -16463 3085 3186 -22304 -14382 12357 964 -9189 -13150 21938 10506 2083 -3347 -18810 7207 18248 27582 24104 14688 -20618 -6251 -5082 -4087 10049 2559 7667 -13211 -20981 9682 45124 10320 6600 -40851 3408 -6768 -10171 13502 -4286 4218 -15030 -4286 9709 -7562 -13660 -8785 4445 13753 -3757 -14417 8153 11798 -7806 6451 11232 34394 -4888 10700 -10847 -8098 -9257 -11369 20295 -1319 -3998 -20515 12730 -2605 -5758 -14682 11669 13517 -12203 8884 -9628 -26549 -20119 2465 -14736 -1076 12670 -8159 5983 -16548 -10047 16447 5208 24206 610 21923 8426 33080 -2106 -38 -6004 6317 2830 -2031 4496 33725 21810 -21007 2884 
-12779 15436 -4867 -1289 17974 469 -1278 8579 17172 -5713 -2847 -15149 -8992 22425 8112 -18145 26907 -19550 351 -9009 -16604 1899 1287 -17528 13495 -27943 3866 3537 -3533 650 -5779 15720 -6456 18886 -7115 16682 -17409 -1056 6977 -8073 -17269 -9267 4358 18017 16044 3206 -36201 8287 -4173 1008 6938 11705 -2904 102 15153 -7686 -24862 22343 -23031 26940 12899 -18050 -14327 -8185 7832 13413 27970 6500 -17859 18253 22043 9266 11495 -7845 8856 -2126 1434 26202 19075 11620 36446 -28691 -12080 -2688 -46463 -2424 25860 25003 2112 -6503 9848 -10524 -10087 14204 -15309 15851 25863 -2927 -23031 -7086 -10115 -11173 12430 26454 5605 23081 -4192 -15141 16461 9157 748 -11582 1684 -7238 -23332 2187 10105 2244 17101 22577 -25014 -2506 21782 9871 3334 11260 3133 3909 -1599 -14001 20009 -19599 -1880 -6471 -38686 -1018 -4185 -9105 8684 -24270 -7383 -21999 -21033 -14481 -10889 23859 -15998 8287 -7820 2487 -35573 16478 11277 9386 37682 -36107 -43861 32529 1498 -5003 -10923 -20385 4741 -18658 11183 2013 14299 18539 7330 -4909 8888 -39014 -11460 5218 4445 -16977 -28686 7016 -2901 -26861 10257 12142 -9368 7691 -15183 -3518 -12360 11574 9455 10437 -27659 15690 -22831 -20901 -3232 -15373 28745 -8117 4810 -5922 13700 16190 7927 -17956 23261 -2509 -23578 -16858 -14092 20822 7201 29670 85 -13495 -5087 3306 -5754 14773 6341 12216 -27875 5684 16291 2513 -22463 6882 1607 6283 -18651 511 -3026 1710 -2840 2774 26415 -81 5363 -4963 5947 -5184 8050 -9178 -21845 -27444 14042 15269 -9359 -38853 -72 9257 
10537 -4627 -1779 18835 -8328 -2887 -1619 7299 -17774 36160 16687 -10123 6564 -8877 -7570 14206 -5063 35651 16596 -204 -3721 14321 33736 -14084 -39066 13231 9925 2721 14982 -19280 -51042 6156 -16518 -14833 18179 2138 -4983 -17191 -9990 27913 16499 8306 6145 3180 -14774 223 19134 18446 -12073 -9807 -14579 9701 5845 -21584 2485 -3261 -8764 -3137 -3822 10208 -6358 -17007 18639 -499 -5322 -20416 17808 -25666 -19639 22247 -1211 -24748 -11663 -6883 34360 -4415 3193 -19176 34006 -14354 12437 10957 26186 13360 3065 4729 -9428 -17909 -11112 1171 23949 8061 -3465 -1473 -29288 -21805 6895 1252 -29686 26136 12511 -1161 5623 -38416 5501 29986 -5302 -23217 -10512 -2627 118 -32049 -9708 -53349 32594 -9319 12009 -3812 -17542 -22319 12844 1693 43813 -7534 232 -2365 1272 24256 -10498 -10647 -8189 4766 -29144 23693 -406 -8233 -1443 39214 19532 -13283 20593 8903 17562 36375 5995 15996 -4346 9083 -10180 13448 5821 1953 13579 6197 -3843 -7238 -26061 -3319 22953 -1425 -4567 -16283 -5436 10683 23826 4266 -15399 29747 -8685 -42380 -25429 -21204 10707 3387 26875 -13178 17480 -15388 -31150 2849 -2922 30515 12324 732 36561 7511 16023 4717 19990 47170 334 -17361 4370 -9898 14210 9706 14188 20981 -22161 977 -11451 -5076 -15244 -7728 -19802 -8584 29150 -17887 10716 1137 13805 -22011 5582 23596 7801 -5693 20570 6620 29633 4155 -22953 31595 -433 -2283 -6173 4836 33517 15496 3762 23705 13255 15323 -1121 -11309 878 -10717 12227 -11434 15796 21059 -24357 -12683 16451 -37380 -12842 -3817 -11043 -34282 13009 -43312 
3134 3512 -1181 9759 2565 -433 -2331 4419 -33615 -1511 -7401 4826 478 -330 -24007 -15623 -2710 -13900 -7162 -18745 4557 -4756 4591 9017 8891 -20492 9841 16733 20134 -12666 -17451 -19368 -5670 -4782 11535 -18174 -13772 -12722 -14073 -8364 -4364 -30187 1734 8019 -2506 -6356 -21094 8633 7660 1788 13248 5311 16996 -7409 33279 17914 -5895 -6828 -6847 1725 23954 -2641 -11183 -5180 -20919 -27734 16557 349 -996 22333 -13178 -681 2191 -455 5687 -10757 13688 10175 4198 8446 704 7070 17766 30361 -8858 -26548 3999 -9598 -12198 12350 -35840 -10564 16491 -1998 1045 2954 -17932 14390 -19906 10645 14339 -1696 -69 -164 6124 -4086 -22259 -14702 -8455 -3053 -1178 -4165 -9858 -11015 1175 -864 -4798 -3157 -9838 5928 -2159 -4519 -661 -29157 16821 -5391 35358 7156 34487 -457 22776 -5814 -28255 7573 -25731 -7230 -10480 8265 25485 23153 2809 -8655 1438 4397 -6045 18005 5354 -14323 -8307 -9099 -10687 5500 -6942 8120 15111 -2554 -8580 -11313 9227 -7049 6413 -10164 30024 -6701 -5398 -23403 -372 -12694 -6973 -6185 -25941 -862 15221 -15395 21990 8407 4745 -1836 -12079 -1548 14661 -12003 -18116 136 -18271 5996 4180 -1407 2395 -2305 -18752 3520 -1106 12701 -24069 -3091 -8276 24634 -2058 -18642 -4942 7475 5743 -21964 15307 5119 3262 2599 30616 -7205 -115 2564 332 22326 -12409 16896 12312 9167 -2795 26201 10554 4974 -345 6234 -26835 23625 -19744 11558 -5898 -9587 30708 2474 -21728 12493 -9020 1562 -10849 -16959 -27405 21040 -2431 22110 -14148 -2462 -14669 9803 4159 738 -9211 724 
22660 21494 -396 -363 -3011 1001 -22345 15328 -23302 10649 -10755 -3028 -6334 -967 -20455 -10850 -8135 -8504 -5100 4895 13954 -8783 -8169 2949 8280 -505 -8639 -15194 -10660 7262 21642 -13949 -15478 233 653 25836 -14706 4267 -15618 11174 -1845 -5144 96 -8808 -1441 -4507 3597 344 -18997 -5929 -12638 9105 36314 -8552 13759 22196 23807 15014 4252 -5851 17031 -3594 -14033 12263 1375 13864 -2110 5019 -21593 -8133 -14044 -11709 34323 -20183 13988 -336 1036 -14918 -10824 10208 735 -14866 258 8807 10819 -11994 16935 9870 -14977 9298 -21509 -816 -6970 16536 5503 -11060 -10301 -8242 -21426 -26825 21737 11511 2100 10281 -20797 -13070 8828 -10837 -6923 -7423 8353 -2723 -15677 -1508 23662 -6754 12812 9069 -1718 9114 -7347 11422 -22655 11032 -5132 6285 3178 20676 -6183 -25469 19312 -7740 18100 16684 1030 -12107 -558 -7514 6171 -2125 -11620 11692 2669 8082 10398 17964 25625 -9813 33893 1327 -9281 1041 -10802 -23271 2030 -9552 -5083 9032 7204 3548 -4344 2840 14731 -5051 -10822 -15131 8488 20682 2329 -1424 7209 2257 11242 8187 -10830 2723 -1976 27848 -6321 -6710 -4148 8524 -30868 -1509 -5370 -4547 23728 -6269 -5436 17578 -14725 -14448 -21767 19560 13109 21168 -10723 13634 -5484 -7952 -6520 -3941 -7615 -14340 -2884 -11338 -20420 -681 14329 -4468 -17412 11649 -26425 -1917 -2500 -15209 6615 -8091 2733 6972 2379 -9510 4126 7570 5895 -4315 2537 -7112 -12460 8312 -18358 5085 4737 -320 -1178 -4425 16856 7758 9166 12249 23483 13932 -2318 13501 -12529 -22595 25456 1772 7568 3026 
36317 4259 -7034 27359 -18806 48717 -9342 -12683 -35471 -3584 -28751 -24839 -22179 -35202 -915 -22701 -6380 -28788 -829 4903 25169 -33012 -25876 10993 7820 2617 -800 -9857 6510 -12023 21735 -32793 -30283 -25177 -6908 21838 -12873 -16953 -41044 5628 -4822 -20903 -11147 -6118 -712 -7823 -3938 14152 -22419 9400 24486 10499 -2796 -11363 30441 11697 16860 -14283 14093 -12258 22743 -9518 6637 -28135 21942 -25905 -16372 -17883 -11935 -23697 -14005 31167 -10265 -36605 19528 1786 -15275 -2843 15869 -7344 6517 21488 13962 20542 -8891 -20022 14973 584 -14392 -3156 7413 16659 5217 -7552 6091 6530 -10028 -46396 -4251 -4635 21319 23559 6659 5824 -20879 -13469 9886 -6459 -34615 1077 5210 -7221 -20319 -9909 -18479 29576 27679 14104 280 30945 27229 4933 -13604 7868 22214 -18645 54 -8244 12406 24216 -6970 2008 5034 416 -1611 2641 -3352 21727 14382 -3166 -2696 2003 -3763 -2541 4282 21574 1873 -19704 16251 -47832 -914 4405 -11711 -22171 -22860 7906 8051 -16234 23074 -16407 12578 3419 13237 7960 -45967 -25849 1535 -18015 -14603 -20928 -6235 13809 3188 -15050 9631 11408 15404 4766 -2145 27109 6679 -9695 -11410 -41851 7296 5874 21741 -8412 1596 -3159 -25110 -6559 21889 -2843 32730 24907 -27945 31930 -24118 1831 15931 17084 -12971 -23203 20107 7054 -10174 -3010 35595 -16354 -20997 7680 -355 31631 28573 -6716 -9842 -14969 7752 33757 -18003 412 14777 -11970 32475 15912 -5649 3007 -21391 -27465 37974 -11906 7106 11809 -9473 11241 -10570 36990 -3562 -3131 34084 35850 2885 18661 -5939 9124 14824 13651 12 -15208 
-16340 -1504 -5567 9194 1157 -26332 9317 20372 44955 -14552 8164 -4779 -15387 -10957 -816 11715 26828 5353 -12919 4479 -3829 13805 -17243 -11018 -27700 4260 -6437 9218 -7185 -11022 6959 8597 -5425 -4591 4355 -16749 -8292 7415 -16055 -2435 -30075 16975 -19424 7476 30270 -19990 68 -14240 -1157 15780 -34171 -28850 -27549 14400 -7059 -23737 3727 21814 -1768 -27759 1540 25386 -11978 11422 23044 16260 -14281 -62 5034 -11289 15735 4190 4072 14330 -26117 -1807 -20201 -1912 16 -6464 -16936 -17710 -9076 -15483 -4079 10264 -15010 -8372 37655 14501 -18942 -4344 -4609 -3435 5536 -12254 8726 8205 25992 -33946 -4346 -21817 6540 4247 7246 -11839 -13641 20123 27895 -4890 17385 307 20101 11468 -29426 11647 8601 7914 2168 16008 1211 -24297 -12401 32528 -23498 15827 -5576 -25848 -23349 5243 -17 -12228 15112 -2544 -9263 -10424 -23819 -9391 -3051 -24272 12557 37136 -1398 17804 17582 -19431 -18026 -7048 -12241 19142 -6550 11943 -4296 14423 8676 -12195 32449 -8206 -22293 -13841 7490 3712 -43798 -15845 -4192 -1124 10058 28295 -10684 9831 37179 -768 -9582 15397 -2118 -34941 16166 3967 3328 15326 -17741 13922 2128 11239 -1924 6150 -18563 31275 -32140 604 35298 37787 -19036 -16772 7387 5402 9279 -17690 -17415 12341 -28068 13092 10336 -8690 1654 -7923 15930 1369 -28063 -2477 95 16758 -18449 -14020 17604 -3850 -25469 5577 -18710 -23229 9325 15998 752 10793 -4659 10659 13126 21481 10798 7017 -28562 1459 18785 4274 5782 -11656 -4421 9388 -8044 -14743 -18448 -15047 7667 30606 22952 2375 -19647 -9407 -4698 32934 
-13070 14288 11700 4619 17054 -2209 8589 -1670 29841 -35929 -8132 12589 -24716 14114 894 14388 -10603 -23683 -3814 -19855 -17472 12547 -21962 13790 31422 -25088 3256 13881 3969 7358 34596 11284 15285 22951 -42776 -11134 10584 6488 5657 -28368 -3864 -1759 -4162 -8907 21837 -9827 -25887 -12926 -834 -7295 28906 -11851 4322 4474 -13187 -36778 -10674 6310 -11776 26598 5943 9633 -6849 -3246 24513 15900 1406 21473 5337 15518 7646 37205 -4416 25323 -16985 4017 -42649 28723 -19455 30564 2817 -4392 -3376 -2114 5331 -8849 2581 19029 5114 -3605 -6467 67 -6974 8034 19333 29368 19816 1931 3505 17353 -19738 14024 12244 22931 6145 2262 -5813 -7601 21978 4354 4148 -6762 7055 26473 -27569 -4681 -1167 -25161 24468 29565 8785 -3732 16115 -5553 -10439 4019 -17474 1208 -12385 -16786 -12032 -2696 2743 -15823 608 -3115 1448 -32621 -28408 -10760 -17821 -31281 -17379 -32278 -15574 5451 -19707 -3150 19571 -15278 -22232 3616 -17294 23654 11382 -37358 -27251 19992 -15615 3502 -2124 -13392 17470 -5236 7136 2586 13793 854 4787 -3852 13183 -6370 -253 13558 8195 -2781 -35190 -434 -921 -6248 -1097 -19177 10237 3458 -9052 15184 -20329 23131 7233 -33978 -9870 32769 -21082 -6702 -17226 -15244 1830 2378 27889 -15110 17121 -174 28562 16997 32026 -3131 -8838 25771 -30913 23331 4267 30051 13162 -20780 -38922 6447 -12972 25471 -4206 -3269 332 -15407 23171 -19101 1003 1746 -21487 -9811 -4273 -10329 9205 -11583 -1255 5404 -605 -10176 9902 33468 -14693 -1318 27690 -20000 -41228 -12139 25976 -11565 21981 -2530 -24896 26675 
