300
-8 9 95 5 -60 17 -4 7 -5 -89 36 25 61 -96 -76 -94 56 -32 98 -32 5 68 -31 -87 -11 -48 -39 -35 82 -63 -34 54 -64 -54 74 74 62 -49 -44 -88 35 -91 51 -70 51 -84 -61 47 -77 18 -33 -46 31 -64 60 21 94 -71 -21 -97 -31 68 -63 57 42 81 3 -15 54 -45 0 -48 -86 0 -41 -95 -84 42 60 -89 25 30 13 12 17 -16 88 -43 10 68 -4 -20 -25 91 67 2 -98 7 8 -10 -73 31 19 -47 -15 90 -61 43 -56 -14 84 79 -90 59 -96 -90 -35 -19 -83 -38 -88 77 -4 68 48 71 -72 89 85 -22 96 -29 -64 -86 -16 -96 -86 18 51 -65 1 -89 17 99 -28 91 -16 42 -15 22 88 -94 20 55 46 -58 43 -61 30 12 11 -92 85 37 48 -6 -56 23 11 -55 34 -4 68 43 -55 80 -16 38 -52 -98 36 65 25 21 -62 31 91 -71 64 -49 -34 -38 73 -23 74 -71 80 65 92 91 -96 34 -94 8 -95 73 32 28 33 13 -36 -57 -11 -64 31 36 46 97 21 -74 -7 28 -60 90 49 24 39 15 -42 -20 -93 -14 -8 -92 -38 46 49 -47 56 41 -83 52 84 -84 92 48 -49 -23 -30 8 6 -10 -42 21 -97 -87 25 -45 36 27 -79 -14 5 -55 -6 -81 -87 -50 18 -37 74 -82 -56 57 -97 -68 -23 -49 -88 -36 -84 47 28 -58 -69 -25 85 -93 -65 67 69 -74 -13 -71 22 -29 70 -52 13 -80 
-24 -87 88 -51 72 59 28 67 -84 -81 53 12 0 29 16 29 -1 -67 -6 47 -42 -76 -49 33 -46 -19 68 -38 95 -59 -69 53 62 10 48 56 38 -49 14 27 30 -43 -7 -98 -13 26 43 -69 -39 62 -47 -65 -80 15 42 -31 -2 -20 1 -90 -11 36 13 75 -63 -10 47 58 -44 -44 95 76 19 -67 29 -93 86 -88 61 88 62 -68 -39 3 92 28 -83 -86 10 -42 26 37 -82 -30 -48 76 95 48 58 0 52 89 50 -22 -37 -89 4 -5 88 85 38 -95 58 -97 30 45 -76 -21 91 13 -9 -58 -43 -69 91 -59 -81 40 87 -86 68 23 -65 -31 -63 58 -16 82 -26 37 92 10 -49 77 -48 2 -79 19 -22 79 32 -95 -11 23 24 -64 -95 9 33 46 38 42 75 -31 -78 -66 26 3 -77 -97 7 59 -87 78 -10 3 -73 -85 4 44 63 70 -51 57 -37 21 -66 -35 56 98 90 72 -15 -48 89 34 44 -74 -65 -2 -74 -43 49 53 -57 10 26 -95 -57 58 63 67 -99 21 -67 -29 -80 85 -58 21 -35 61 33 -78 13 24 1 52 -19 11 91 -79 57 -42 -3 39 21 57 73 -31 73 45 29 -66 -75 -1 -51 38 -23 25 -21 7 91 -54 17 97 -81 -97 47 78 -13 -11 72 79 24 14 19 67 31 65 28 13 -27 82 42 -15 13 66 -18 -52 33 -18 -75 54 10 -70 77 61 -56 92 -58 4 97 -16 -2 -54 -86 -34 -97 -51 
-95 76 -70 13 -61 -90 59 55 26 -54 -42 21 -35 27 3 56 -58 -81 58 -25 43 30 79 11 -70 -80 67 -46 -73 44 44 59 18 61 -35 -22 -85 -9 -88 77 0 24 -51 71 94 -43 -81 1 84 82 -45 -41 -47 13 0 46 -58 46 26 31 -92 16 -14 1 -7 53 65 76 -41 -76 -19 12 19 19 -26 -59 58 -99 -13 -26 83 -80 38 31 -83 -65 -76 -47 -91 -55 34 71 81 37 20 8 31 -50 -89 -91 41 -35 -9 -17 -53 -26 -2 -94 -64 -18 68 -44 96 -76 59 -28 -37 18 81 68 -85 -8 -6 60 52 -1 -88 76 -21 -24 -10 -97 -90 36 81 76 -44 64 65 -1 -13 53 -27 -42 60 -81 -84 57 -39 14 -83 -40 -41 26 24 82 -64 -82 -24 96 62 20 -59 -18 -41 -80 1 -59 -63 -74 -35 86 -15 30 -79 17 24 56 49 60 -37 5 20 24 18 -51 51 -83 95 7 6 -78 21 -36 78 -34 29 -71 -85 53 22 -74 -36 -5 -51 91 10 3 82 84 -19 -86 -3 -66 -4 87 -85 57 18 -94 71 9 8 35 -27 -45 -2 -29 -60 37 -3 -78 -9 92 -54 48 -57 10 87 14 -89 82 -20 -84 -58 -60 -10 2 -80 -22 79 -47 51 -5 66 -51 81 1 39 76 89 16 -31 14 68 49 3 -3 76 89 9 -91 -40 -12 59 -75 -83 26 -35 55 -53 1 -64 -75 2 -99 -55 4 -43 42 -45 -12 56 -34 98 96 59 16 -90 -42 
39 28 -20 -24 65 5 -21 98 90 -77 27 -42 90 -57 97 51 -64 54 -47 -94 52 76 -88 -90 -69 -84 -3 -37 -52 10 -16 72 32 -13 -51 -64 36 -68 43 84 74 22 -38 53 88 84 24 -10 -91 49 14 51 71 -98 20 -59 -18 -44 25 -95 29 43 88 -84 -96 -75 78 0 -67 94 -97 -34 -4 -83 34 -21 -71 -31 -14 96 94 8 63 72 -38 -25 5 -59 -74 -91 -46 39 44 55 37 -44 -52 59 8 15 55 -49 22 51 -39 55 -11 68 -24 2 67 19 -93 -85 -86 23 -86 19 3 70 -77 54 99 -83 49 -15 50 -43 -97 -60 60 -82 88 19 10 12 -17 88 -83 -47 -28 -16 29 -28 -57 14 -8 -7 34 -51 94 47 -87 9 59 -19 -56 96 97 -19 -46 -88 99 76 -40 81 21 -49 62 -9 -15 24 -24 -85 -19 -3 -24 17 -63 32 -58 13 -23 88 83 -88 -92 -94 -59 51 -40 48 66 47 71 89 -23 -84 24 63 -93 69 -89 -97 88 -15 44 30 27 29 67 -49 -34 -80 88 -96 -1 99 66 -73 -35 -25 -36 14 -84 18 68 -83 27 -38 66 -24 5 26 -46 -93 58 -82 16 39 -36 82 47 -74 -50 -94 -50 35 4 41 -30 -91 -79 -12 -16 24 25 21 59 -53 42 -79 72 10 90 92 54 -83 13 -36 -21 20 -36 -57 20 -41 -18 71 26 -81 -43 -3 -69 80 91 71 37 57 30 52 -39 -1 -65 -40 48 -82 76 -39 97 -27 
58 38 -44 -68 -81 -32 8 83 -2 -86 -69 87 90 92 74 -35 -58 -61 88 -14 11 -32 34 53 -7 37 11 13 -77 55 50 14 80 -83 51 93 -35 -87 -22 94 -90 -75 -48 35 -42 -84 72 -85 -89 95 -85 45 94 88 21 -13 90 -22 -75 37 -34 60 -44 76 11 -29 -18 -9 87 62 -88 -49 78 58 -6 21 83 -85 8 -21 -45 -85 40 -33 -12 -71 75 -29 7 66 31 -36 -7 57 -62 86 26 36 10 -64 -19 29 3 -27 43 -68 -29 -69 42 -63 -22 34 -60 27 66 44 -25 -66 29 -57 40 -80 -12 59 97 -77 -2 72 84 -56 -55 2 52 90 -10 -24 -12 -42 -53 12 -79 22 90 -12 -21 60 6 67 -80 -56 62 65 -5 80 -7 21 23 -70 -47 87 -14 -81 -60 94 23 -83 24 7 9 79 -6 -55 49 -56 2 -89 97 -92 88 55 66 61 97 -69 -7 -44 61 -23 25 -53 94 82 -85 -15 94 -52 -73 42 4 72 49 -33 -1 35 74 -68 -23 -35 -34 55 19 -11 -29 -14 -59 96 66 14 86 13 70 -27 -1 -95 -38 25 -11 -10 -91 64 -95 -57 33 20 61 21 85 83 97 15 -31 -82 49 78 -31 -55 5 14 93 -14 -29 -19 39 -1 -83 95 -64 -11 80 79 91 -25 -18 -47 -74 -30 -42 67 19 91 -12 -51 68 -91 45 -35 -26 29 -78 96 -69 69 -31 -38 57 84 -86 93 87 16 -26 38 -18 95 -28 62 75 7 79 -97 
-11 40 86 -47 6 34 -51 50 78 59 -4 56 82 -82 8 65 29 77 1 99 -84 -84 -48 48 62 -54 87 63 9 -79 -36 -49 25 82 43 -24 -30 98 -16 97 -42 -85 84 96 98 -83 -34 29 -27 29 68 -57 -35 86 -88 -10 61 -30 -44 43 -35 27 92 -68 1 94 -12 -4 60 34 -14 -97 -6 9 -82 52 -27 49 63 22 84 -20 84 82 -42 -72 26 -28 19 77 82 -82 93 -28 26 60 -99 -46 -3 85 89 -29 69 86 -46 82 -25 -77 -53 92 -64 41 6 -94 99 6 64 98 -49 -69 90 -25 -15 32 -7 -68 -60 49 91 -70 90 -52 -83 -36 -39 36 46 3 80 1 -26 20 -38 -88 -39 -93 -27 -34 -36 53 19 34 76 29 -5 95 -28 76 19 39 -83 22 -30 49 46 -65 0 -34 -73 -94 -61 75 -80 66 3 88 -52 81 -22 -26 -81 -88 -90 10 -46 2 -77 -23 -79 -92 64 67 35 92 14 -50 -38 -66 6 53 98 48 -67 31 -37 -3 -4 -10 -53 -11 -65 -61 -98 -80 -85 83 -52 55 -12 -89 -28 -79 84 63 -52 67 82 -28 -75 -63 76 -95 -92 -42 55 49 -7 -26 92 64 -82 -80 73 -1 -68 54 3 45 -71 -57 28 -42 -92 74 -28 -74 70 0 -21 -63 -87 -13 55 -46 -50 -47 49 6 15 84 -78 -14 -1 91 -92 -11 7 -46 -40 42 -52 80 90 9 20 -76 -36 42 64 7 -11 91 11 -80 -2 0 -72 -52 2 -59 
77 18 -5 -72 -92 -80 25 -29 -29 -13 -19 -13 33 84 -99 -13 48 -48 -26 -33 37 1 7 48 87 -30 -92 -61 -4 -78 79 -77 9 53 32 -43 74 -53 95 37 -20 51 74 89 58 -37 64 38 -24 39 -3 17 7 -44 9 -19 56 -36 -68 -43 84 -19 60 48 83 69 36 -95 -26 -20 2 -89 -29 -94 -72 -79 -54 -13 1 -56 -32 -73 -25 2 41 -24 -82 90 7 -73 96 -58 -30 -38 -66 -89 -46 -63 85 30 61 -46 37 -60 -75 -27 -93 79 60 25 72 -89 -32 -48 -73 31 -18 94 -69 10 78 -55 43 74 9 97 -93 -1 -79 61 72 21 -30 -66 -92 -27 67 4 -8 62 81 73 -10 43 -38 50 -47 -28 -12 8 63 -66 53 -32 -44 97 -64 81 -74 -99 -6 40 38 62 48 44 67 18 74 80 40 -5 0 57 -57 -60 53 16 -38 -73 -71 -60 -58 18 29 74 -34 -81 -69 71 -46 25 -34 0 98 -97 21 78 -86 -20 63 77 -10 96 54 -99 65 30 -77 43 -53 87 -16 -21 2 -16 80 71 18 73 -44 20 -35 21 5 65 -17 -18 59 -49 58 60 -1 1 -10 86 60 51 38 39 -38 50 -91 12 -82 73 -38 44 62 96 0 -74 16 -56 14 90 62 21 35 41 -18 -21 57 20 26 -81 71 -24 80 -42 21 53 -56 90 65 21 69 37 17 -89 7 -51 -51 3 30 52 33 69 -2 -18 77 46 -16 71 14 54 -66 -37 -59 5 
21 63 -13 -11 -47 75 43 -2 24 10 -22 -9 61 23 -23 -5 95 -46 -99 -44 -12 59 -57 -4 41 -64 42 -84 90 -75 -80 -19 38 70 53 -9 -15 -86 83 52 81 -2 -2 -12 16 -89 14 -45 22 51 -26 -90 49 25 -53 -84 42 -61 70 55 -88 -6 -59 69 -3 82 85 -98 -48 -91 -27 59 52 -66 -22 98 -88 66 -2 28 -1 76 91 -80 -16 -15 13 -73 -11 -20 -28 86 -8 22 18 -68 10 61 92 57 -59 30 43 54 -5 78 97 19 95 -63 -51 61 -4 -42 35 -62 -96 33 -52 -19 -72 -48 33 51 -95 -11 -91 -5 -98 -99 96 91 87 -28 39 38 -56 90 82 -61 97 -97 -37 -73 26 85 -1 -56 96 -66 -97 -7 82 76 -48 88 66 -62 49 -88 -57 -45 -68 64 -95 -39 -81 37 -19 25 3 10 94 69 85 -8 16 45 59 -50 -98 -92 -26 36 59 -92 -95 31 -55 -25 91 -33 -83 -93 -20 -63 -48 83 -16 43 -97 -69 77 15 -27 10 -28 55 6 19 35 59 -98 -24 -62 19 -24 -75 16 -57 48 -66 30 71 51 -94 -99 27 35 92 18 -56 79 -13 69 -35 66 88 23 -55 14 -80 -39 -57 56 85 48 73 61 -61 -44 49 -65 -20 7 -31 89 93 -99 85 6 64 15 -80 -66 -31 -48 -33 88 66 -77 -16 37 53 -53 30 -91 46 41 31 -74 -44 71 5 -60 71 -89 29 84 -59 -5 91 27 9 -18 -17 -69 -86 -18 -44 
-3 -97 29 -9 52 -10 -82 -19 -23 67 63 85 -43 -88 -9 28 -89 99 -94 52 68 49 -48 51 -24 65 73 40 -20 -78 26 98 62 83 -84 -54 -50 94 12 -49 28 83 73 -10 55 70 87 -36 -57 79 38 2 -79 -51 78 3 -92 32 -80 96 39 87 96 -12 -64 25 -31 -5 -69 -71 -89 60 73 26 -23 -4 -99 -42 -52 21 40 -39 36 -65 -33 32 -36 -53 -11 -27 -99 -18 44 -30 -47 -85 46 72 52 -90 43 50 42 53 -96 -44 90 -14 19 98 35 -94 57 -49 -34 -60 43 -46 11 -23 -98 -53 72 27 -88 -77 99 -68 69 33 43 92 45 -56 -18 -90 -44 -71 12 -66 50 -57 -38 84 91 -9 -19 -1 -99 98 98 85 39 -58 -95 -78 1 29 54 -11 -73 44 -36 41 -54 -41 -16 -33 45 -68 -49 46 -58 -60 -49 -13 21 80 -24 60 -68 45 -77 25 -94 -60 14 -15 -14 -32 -54 -6 51 -29 -16 -51 62 -25 46 -7 -32 -53 62 88 92 64 -28 72 -98 85 -75 97 -19 -94 52 -86 -81 -11 -39 32 -12 81 49 89 -78 10 -49 41 -41 -4 48 -13 31 16 47 -5 12 25 -61 96 -32 -69 82 -18 68 48 -58 -38 -56 -69 -80 44 -96 -93 -78 -88 -70 84 -75 35 -23 -38 -51 -25 -14 -86 -47 55 -14 -77 -86 -25 -30 72 -17 13 -8 -89 53 11 23 3 -56 -41 12 -25 -6 -9 -85 -86 46 11 -23 68 -17 12 -32 -56 -30 -8 
-49 55 -96 -13 34 95 -95 -79 -1 -14 -68 65 44 -94 98 -51 36 85 -86 23 92 -50 -1 -51 -11 45 68 51 22 -65 -94 90 85 -19 -73 -89 0 46 71 -3 -85 36 -3 24 -57 68 -72 -56 79 27 -61 -3 59 34 16 -81 97 15 65 71 36 -17 -89 -68 16 59 -51 16 -47 -98 -10 95 -60 82 19 -49 99 50 57 39 -43 54 76 -66 -9 -55 -60 24 -37 32 49 -49 -50 -21 -52 -77 14 40 13 70 25 -33 42 33 -6 -58 45 1 7 -61 -78 -39 63 -49 8 14 40 50 -40 64 21 12 -92 -6 12 7 -7 -96 -70 -60 -88 70 -6 -56 23 57 37 -40 68 96 71 84 37 60 -95 95 -36 48 9 48 79 64 27 64 6 70 -18 -52 -30 -57 -7 -34 45 41 -50 -70 -57 -26 13 -52 -38 -13 9 -33 66 -13 -98 -69 53 78 10 -30 -21 82 43 -35 56 11 3 15 77 68 -52 -8 28 38 26 -49 -46 21 -26 -89 75 -82 -15 -6 80 85 51 -42 -3 -94 66 -28 -48 2 48 -52 49 -58 -72 -53 -70 -57 -86 87 24 -54 -60 30 -43 0 85 -85 -92 29 75 -94 -97 -68 -66 -54 63 95 52 -59 -95 -60 -70 -86 -10 -48 -11 12 -46 52 -74 50 5 75 51 -16 -3 7 -39 24 -99 26 2 99 29 -6 -95 55 -4 -90 -52 26 23 38 -44 -44 92 93 -68 -56 -14 -17 -69 72 -44 37 99 28 0 32 -8 97 -22 -93 
-1 41 39 -30 33 -20 23 37 -14 39 37 -62 42 32 -13 46 78 -66 79 80 -79 11 76 -63 70 -29 -29 31 -51 -76 74 -32 14 53 -10 -9 -97 5 48 -2 39 -78 25 -93 -51 29 -87 -11 -65 -26 30 -79 -66 -14 -23 -28 61 85 -75 -79 -84 -47 70 67 -93 -7 17 -55 6 15 55 -58 30 76 76 -23 -52 -38 59 -74 -18 -17 47 -22 -78 -90 15 -90 -49 -28 -42 -88 84 33 -9 91 -84 -24 71 86 -49 88 41 45 -75 -30 -40 -58 90 41 -43 -42 82 75 -47 84 79 -41 91 72 62 -37 -22 -85 -99 72 -56 24 60 -86 -21 32 -75 -34 13 -85 69 -3 56 25 9 75 -47 -49 77 -37 48 -29 50 41 -10 82 97 -83 -93 -1 -17 -24 -86 -57 -65 -16 48 -41 24 -14 60 53 -10 -50 26 -56 46 66 70 -68 51 17 46 -69 -76 -9 -96 -9 4 -44 -56 -1 63 46 -36 89 50 90 -68 74 61 -51 -50 -7 57 13 8 -18 -9 80 80 87 -61 74 7 -48 -35 40 -93 11 43 -68 -98 43 -77 -88 38 68 29 66 95 81 -41 -84 -71 95 20 -96 89 48 -54 -23 99 -28 -81 -98 68 -13 87 80 -50 -82 54 91 5 91 52 -3 91 -22 -60 8 18 46 -45 -55 -12 16 -57 68 99 82 58 16 54 30 79 56 48 80 -82 3 0 -18 -75 11 92 63 54 60 92 80 -38 8 -78 -2 63 24 66 42 67 78 -49 -13 
-12 -84 21 -58 -40 98 42 -89 -5 26 -31 -92 -84 -3 12 42 -20 -83 88 -65 -12 87 -23 -8 13 69 -20 -44 12 -93 31 94 -25 58 19 10 75 -89 -37 -84 -32 -36 -23 19 -58 17 94 8 -10 -19 6 -6 89 -4 33 -84 -89 60 25 33 48 -81 9 96 36 -45 82 -94 -14 -23 -71 30 -64 -39 29 14 90 -32 14 -97 94 61 -82 -59 -13 -53 -48 -48 41 -28 -87 -18 85 7 99 -82 -28 -87 -11 -9 -98 40 -57 17 -28 88 73 11 31 77 -9 97 79 30 40 -45 -91 82 72 -21 70 -26 -38 72 -50 -67 -69 -90 -44 34 -71 60 -59 -92 18 2 -2 81 2 93 -54 32 -72 -76 44 -45 7 42 -68 73 -50 -96 44 34 -93 -65 -87 47 -59 -79 79 19 40 -65 3 -85 -20 8 -84 72 -74 -24 -6 -15 0 -54 1 -35 -74 -24 -88 -12 81 -4 -15 -20 -38 98 24 34 -83 94 76 94 -61 -65 34 -74 67 -46 5 55 -40 67 50 84 68 -44 -57 -13 -80 -46 82 86 -87 89 28 -96 84 -15 -86 -94 -13 70 -70 84 -79 -61 90 -64 -2 51 -75 18 -29 -61 33 70 -63 -92 38 75 -10 -62 58 -36 -33 -90 25 27 -87 49 -77 67 -35 50 -3 -57 24 -8 -58 1 36 -56 -21 80 37 -9 -93 84 21 -83 -94 -51 17 -13 -34 5 -18 83 1 97 31 -95 -28 58 -61 66 -47 -48 40 -33 72 -26 -76 36 -79 -45 -84 -14 
16 -6 83 63 -62 -80 -37 -13 -24 -70 -28 62 -36 -3 -32 -3 29 77 10 46 -18 -79 32 96 9 -30 15 97 -56 87 -27 -82 -50 -5 -32 -77 -88 -36 63 54 41 50 -35 -3 -99 -2 1 -68 -26 51 -39 78 -20 -9 79 47 -6 98 -55 56 92 -16 61 6 77 15 -8 98 47 54 38 3 25 6 69 63 -91 -95 83 12 64 -27 -83 82 93 -33 73 -22 -22 68 -38 74 -12 11 38 -96 80 -23 -42 92 10 89 -48 -61 -30 -28 4 70 66 -81 -18 -95 4 28 19 73 -89 -88 -16 11 97 -86 56 5 -37 -66 -21 22 20 -69 -56 32 -20 -31 14 -1 97 46 -31 54 -36 -33 77 -99 77 67 20 27 64 22 61 99 60 66 -32 -66 0 47 -31 -62 2 57 41 76 -18 -84 -87 -49 -56 -8 41 -52 -30 -24 -38 -72 15 1 -50 17 39 87 -34 22 27 20 -85 -93 56 -93 -94 54 -20 -66 22 13 -48 -46 -50 -77 22 35 44 -22 36 -2 -95 2 -77 5 -15 12 93 94 -27 57 64 66 59 68 4 -70 35 73 -50 65 68 -8 74 99 40 72 -42 63 82 70 86 84 -7 39 90 48 -83 78 65 24 -30 42 -41 88 -21 -12 -40 -68 13 -75 -43 19 -90 59 -90 -33 -23 52 91 -39 4 44 -36 -53 -13 51 -81 -37 78 41 42 -77 -77 -19 68 37 -73 69 22 -9 -91 33 90 27 88 23 68 -35 -34 -51 6 5 4 -51 
-46 93 -70 12 -16 45 20 24 86 -37 10 -30 69 -11 -28 8 -3 -89 -62 54 20 49 -43 -11 -64 32 24 70 -1 -60 -43 -5 -79 96 76 -10 -19 -80 34 -87 -23 48 88 2 82 17 -72 63 -58 -39 60 71 -6 -94 -49 88 12 35 -17 -40 79 -31 80 90 44 -80 92 -49 -20 72 93 88 0 10 30 99 -62 -77 86 -75 91 6 -17 -2 38 82 47 -48 -91 -28 -48 54 38 -39 9 39 13 59 -6 21 97 -14 50 29 94 11 -83 48 48 -94 87 -23 55 -93 92 44 28 -5 -94 -96 -48 -99 -13 19 -26 42 -14 72 -35 9 -63 92 -36 6 -30 40 -29 8 43 -4 5 93 -86 -34 -37 51 53 -87 14 -83 63 32 -88 -56 90 84 -31 -58 3 52 12 54 27 -49 -80 7 -72 -10 -8 19 -16 -14 45 10 96 68 -15 26 10 5 28 55 70 53 -62 -47 75 -25 -51 -22 -70 -63 -14 12 -18 -56 19 -75 81 44 -37 60 -6 23 49 -28 -88 88 70 -55 53 84 -52 -55 -45 -19 24 -94 -98 42 85 -63 -19 44 26 94 -70 -84 31 92 -67 -3 -65 -55 5 9 80 29 -19 -4 84 -15 -48 76 96 -85 -40 -10 14 -20 -58 5 -69 -70 51 58 -17 -89 -52 74 -33 -94 -70 70 -60 77 95 -58 -86 92 6 -14 3 -14 19 2 -91 93 -61 16 -71 14 -86 73 80 65 -83 23 -42 63 -77 -77 84 -44 -68 50 -79 62 90 -84 
34 1 -35 86 -87 -17 51 -20 -65 -64 -42 94 -35 -92 82 -43 -87 48 94 80 94 86 22 57 -43 28 13 84 66 -36 93 -82 -25 -74 -80 -48 81 5 -78 88 -34 -40 96 -45 -29 91 57 -8 -85 45 51 -66 -83 -91 26 -25 66 39 -9 17 -53 45 21 33 47 95 -59 66 89 -51 49 37 -23 78 -20 20 -29 -74 -72 77 22 20 65 46 -7 -13 60 -68 76 -31 97 55 -25 28 0 -87 10 7 -21 -57 96 -97 -1 31 -80 69 46 14 -33 -37 60 75 15 -67 -40 -84 6 -88 -72 -54 93 -76 -89 -33 77 -99 -93 -37 -68 81 -2 -73 40 18 80 36 -74 -95 -56 83 10 90 37 -55 53 67 -94 -69 16 -2 46 66 74 -61 17 16 94 44 27 23 -5 -60 40 53 37 -23 -47 -82 -27 84 3 -55 63 -14 -82 73 8 -23 84 -88 -1 -43 -85 -28 84 -17 -44 31 43 -97 61 -36 29 -4 -37 60 51 -12 83 32 -49 -92 98 -63 67 -73 -91 -58 -2 -60 -42 -90 39 -36 -28 35 -95 -49 -61 -65 -76 -82 54 -52 41 -6 -36 -90 92 -7 89 36 -73 67 -82 -36 75 -17 92 -3 -79 32 66 0 70 -76 -60 -74 92 -2 60 78 -90 -75 -4 -98 85 -60 -74 -73 14 58 -70 80 18 50 -39 -38 54 -43 -97 -87 -15 -74 29 -41 -66 68 20 -57 -81 -53 -39 -22 92 23 92 -86 58 -29 -60 -65 -15 -84 44 10 -15 76 6 90 
16 -22 -86 -73 -87 19 12 -13 -11 95 91 12 35 12 25 -24 73 40 91 -96 41 18 -22 52 -49 26 -45 34 98 -40 46 76 86 -94 -18 39 6 -23 -6 -79 39 94 -86 26 68 73 -83 -86 99 0 22 -47 -43 9 -40 24 -95 -22 -10 58 -54 -25 18 -59 34 61 43 77 12 -77 98 -49 -2 21 -76 36 30 4 47 -74 -1 57 57 -96 -24 -67 -54 -39 -49 90 29 -50 -40 63 72 66 -55 97 -24 99 -78 -20 -71 -96 -39 -43 39 -9 -94 -59 41 -90 43 24 -79 -38 -87 -24 -52 -65 -92 11 28 -62 81 25 -96 66 -56 -9 76 -6 43 62 98 98 68 -18 -76 3 63 84 -3 -73 18 47 8 95 -36 -79 -80 -20 -96 -16 24 -51 -31 -11 88 -85 75 53 -19 74 59 20 39 18 39 -29 -82 10 48 94 -36 -67 86 1 -66 -31 -96 9 96 -40 48 -18 -69 71 -8 -48 79 -50 -40 56 9 23 -97 92 -77 40 39 -7 -22 -16 -80 96 70 47 60 19 -78 10 18 -50 57 34 -35 38 10 -46 30 99 -56 -61 -5 -34 -42 78 13 -15 68 -93 -54 -82 70 -79 -18 12 -12 17 -5 -96 9 72 39 -22 62 -74 52 53 -65 10 -54 -48 93 76 28 81 37 45 -52 64 75 51 83 71 -92 -17 -81 -46 68 87 -9 -20 -88 42 79 -9 51 -82 90 52 -75 -49 -23 87 88 56 84 -40 2 -44 -91 93 90 76 87 -86 15 27 
58 -97 11 -68 -69 40 -43 -31 96 84 -28 57 -27 -74 78 -21 -55 18 -36 -3 -35 22 -45 -59 -59 31 1 -58 -26 31 -67 -60 44 33 58 -83 -59 3 87 -74 -40 13 57 21 -97 91 -28 -4 -88 -18 -94 -82 -78 22 -57 88 5 32 46 38 70 -59 9 36 96 -85 1 42 60 -82 56 20 -81 64 16 47 -1 97 -3 -68 -9 13 -92 62 -83 -29 26 -79 41 -87 7 -80 -51 21 74 59 15 -88 39 -66 41 95 96 -13 2 53 36 70 25 21 22 11 -63 76 -22 -93 91 12 76 -11 32 19 78 -32 -35 -86 -29 50 -85 55 -11 49 14 43 -13 56 82 -78 52 -78 -10 68 61 89 19 -68 -61 23 98 17 -20 1 75 95 -65 61 50 56 86 -54 84 -97 11 -60 23 -3 51 24 16 79 77 -8 14 -93 11 -81 86 66 23 9 -94 -80 98 -97 47 76 61 -92 -19 16 22 -90 63 72 76 54 22 -77 94 -90 99 60 -61 -94 -2 68 -89 75 -35 99 9 96 -76 50 76 -5 4 30 -42 -24 48 86 56 -62 -98 -85 39 69 -51 48 -69 99 -54 62 8 -87 90 -53 -55 37 62 46 -44 8 12 2 -30 -55 -21 88 69 32 54 94 15 -14 29 -25 -36 -42 -16 -3 -10 -58 11 14 1 26 -51 -69 46 -23 -36 47 1 99 -59 96 -86 47 -80 39 -14 -61 49 -7 4 -27 53 60 -8 -10 -47 56 -21 12 -65 38 50 23 
11 73 -40 -42 -33 43 27 -46 -7 49 -12 94 -46 74 44 -14 59 -1 72 -84 -36 41 81 62 -71 -25 -47 -18 62 -79 96 -92 96 -46 41 81 83 -32 -3 50 -36 -24 85 -94 51 42 59 92 26 57 84 -9 -74 -16 -66 -97 30 95 -24 88 -74 -24 30 49 0 84 -74 -65 -97 85 85 97 95 52 46 -68 -36 54 -6 -58 67 44 -20 72 85 16 64 -67 -45 93 -71 -71 96 -17 -50 43 97 37 64 77 -74 -77 81 -34 8 48 -11 -17 90 -44 -46 -86 18 30 -84 -4 -98 64 65 73 -20 39 34 61 63 46 -29 50 11 -21 -84 90 -97 1 -17 90 -99 67 -91 36 4 -17 59 12 21 -54 -73 93 79 -88 78 -62 -40 62 63 10 23 69 19 59 8 -56 86 -13 26 -93 2 -2 19 -63 17 -39 -69 -31 -23 76 -68 -76 -12 59 -98 77 -79 37 -68 93 -67 58 89 84 -34 20 -65 90 -69 -55 70 -48 99 -17 -78 84 70 55 -65 10 49 -95 -11 86 -37 83 30 71 -43 -88 -91 55 36 -76 86 -83 95 -19 17 -91 -55 99 -79 -20 -23 30 13 -2 35 49 -1 -1 35 -9 -60 89 -78 -14 42 -64 -35 -4 84 1 -84 -54 -50 -74 39 17 60 -50 -24 -47 41 30 -46 25 -58 94 26 34 15 -43 38 -72 -87 -19 13 -52 24 39 -1 -46 -36 -89 -75 98 -5 -70 -95 -99 47 95 11 -98 76 -62 23 14 -63 -11 37 -69 
-11 -99 -27 67 80 -59 68 48 -90 83 -69 -51 34 98 30 -82 -80 8 -51 32 10 22 -12 38 -18 66 -6 -63 -59 -44 6 21 39 -23 33 58 64 12 -71 -8 79 28 -28 -33 -41 4 10 32 60 -26 -95 -23 88 4 -78 -51 95 42 -45 97 72 0 84 18 -71 -7 29 -21 61 95 50 49 -43 31 -48 -36 -19 -70 54 -95 9 -99 52 59 6 40 -95 -80 -70 -46 4 98 98 -76 38 -5 1 87 44 71 -83 26 -35 53 -53 47 -91 -15 -76 -25 -31 -45 -73 -11 85 -97 -3 -3 -20 -70 46 19 -76 -32 31 -11 42 57 43 -5 -20 -62 -13 34 87 -69 -34 91 -39 41 54 -33 34 36 94 -94 41 25 7 -64 -69 -78 -15 -13 -98 -36 -69 56 85 70 92 43 -54 9 75 74 42 -96 45 -24 -25 -26 -45 -2 14 95 -97 43 -93 -95 28 -23 23 -1 -68 -68 -55 41 31 -87 36 -4 28 -40 65 16 -36 -96 67 94 58 -91 92 50 -81 18 14 44 -78 -74 -58 53 32 40 -64 97 50 60 1 49 17 -57 42 25 -91 -3 11 -85 -53 71 80 49 61 91 70 35 84 44 -42 18 -33 72 91 74 -95 -27 90 -88 19 -92 -32 1 84 -7 -69 46 40 -60 -70 -41 -35 -77 -56 -54 84 60 11 -10 -95 -44 -91 -77 -34 64 -23 4 -94 86 56 35 -39 2 -47 -60 7 -25 72 -92 -24 -32 49 31 70 -68 -66 -73 78 -60 29 70 
10 24 -53 86 -40 -53 33 -29 15 18 -49 -44 -89 6 -56 0 73 -10 -80 22 43 -11 77 42 -37 -29 -62 25 97 -77 -81 -71 77 -13 -39 4 -30 -42 39 2 -82 -61 98 -76 18 -92 7 83 14 8 -63 97 20 -92 -65 66 -81 39 -77 -91 -18 63 17 -21 29 42 -9 -4 -6 -65 -11 87 82 78 -92 20 -57 24 88 -12 -56 -75 -66 -63 -5 25 19 7 -71 -1 69 68 -52 9 78 -1 -98 -80 -48 -51 -55 -24 86 -91 -44 -69 -69 -48 -76 -63 13 1 19 -33 -2 -93 -97 -29 -58 -70 30 -92 35 32 -9 7 67 -70 -93 -60 38 44 -87 -92 16 -18 31 51 65 -9 -19 87 84 -85 -88 23 99 70 -77 -96 -71 -3 -96 -46 -41 16 87 96 93 70 39 26 58 23 34 -46 -57 -18 -22 -7 -42 40 -87 -16 20 -58 70 -24 86 -16 -50 43 -53 -2 78 -80 58 -64 57 49 13 87 6 25 -99 -7 -41 0 40 14 48 36 -4 -40 -37 -74 -51 -2 -76 -27 -51 -98 -79 9 47 86 -72 51 28 70 -32 29 28 75 91 48 -72 88 48 -5 98 13 5 58 -83 44 -45 77 -54 90 15 90 28 -92 88 11 22 -21 3 -10 -88 59 65 67 -47 -43 -41 -63 -78 -60 43 82 -80 -57 57 64 1 80 89 -1 98 -77 61 66 -57 -88 15 60 82 -47 -29 -93 96 38 -91 53 -51 83 -81 59 -62 75 -70 3 -18 -70 -6 -8 78 18 
16 -87 -94 96 33 -31 54 -75 -88 27 -22 -84 9 35 -17 -27 -31 -59 -12 -31 -5 -18 -84 -18 74 91 -22 61 -18 36 -14 -27 -37 35 82 -27 6 -72 -58 48 99 -88 -56 4 8 69 -15 57 94 12 -76 26 55 65 2 46 22 13 14 -77 -33 -8 45 85 67 49 -49 -55 40 68 -73 81 14 43 -44 -82 -97 35 60 -84 -83 -54 -49 -40 14 67 27 -51 31 -38 75 -6 9 49 -78 60 -82 -37 49 32 38 45 -56 -78 1 15 72 -17 77 21 -86 -66 -23 16 83 -93 31 -58 97 0 4 -72 89 -14 14 -75 -43 99 11 49 61 -46 83 -89 -59 26 -12 14 94 26 24 -92 63 -8 62 93 9 -37 -87 -31 68 4 -43 -36 67 -32 63 68 -23 -36 89 -23 83 -80 38 -22 -57 14 -53 23 -25 32 -48 43 -96 69 74 -23 -37 -77 -90 27 71 -69 83 50 -36 -23 89 -77 17 48 12 -59 89 -28 77 -45 57 -63 94 24 5 18 -21 34 -21 -93 -41 -71 59 78 54 -75 53 -23 26 99 79 76 67 59 -76 -28 -52 69 1 -17 -45 14 3 -61 -37 57 93 -39 71 19 -91 6 40 -59 -39 -55 89 63 -98 -96 5 -48 62 90 -48 -17 27 -79 -90 -48 18 -14 70 -76 -92 -72 60 94 27 -64 39 -4 -5 32 -44 -69 -62 -59 4 -90 57 -35 -48 40 -29 75 10 55 -1 40 -41 -95 -47 42 2 46 -82 -26 75 -31 -62 -22 
-59 95 83 -53 -76 83 78 40 -32 -77 -98 46 -22 -68 -56 -17 88 38 -7 -94 69 -90 96 -88 -91 74 -13 -22 77 -23 -97 -46 -56 42 99 72 73 -24 77 50 -74 -37 -37 63 42 54 65 -7 14 -46 -26 -11 -73 75 -46 -19 60 96 17 2 46 -56 -53 91 -66 89 -86 29 -88 50 -87 73 -58 -52 48 -42 80 30 99 48 -11 -46 -81 -76 -6 41 -26 -66 -92 64 -77 -64 -59 -42 -27 -84 -32 87 -56 -66 -5 75 -91 42 52 -7 47 36 75 -55 22 -12 -65 -13 17 -92 50 -90 -46 15 -55 -76 -37 -32 -32 -31 96 46 88 -51 21 -72 -10 85 65 -84 76 76 56 -33 55 80 87 -54 77 62 73 30 -14 -90 -32 -31 -85 17 -55 46 -89 -10 46 -68 -85 48 52 -80 74 -25 -66 83 12 -94 -11 46 94 -85 -36 19 95 -14 35 82 2 69 -30 -35 2 -50 -49 18 0 -37 94 -83 -88 -43 -41 -88 74 -32 70 -35 37 50 -31 4 -87 54 65 1 -25 -38 -4 -53 -53 75 -73 -64 -23 -11 81 89 -86 93 -69 -25 58 -93 75 -64 -71 83 -16 8 -94 75 -65 58 8 99 -49 -20 84 -81 63 70 -20 81 85 45 -19 -68 44 33 -28 -86 50 -88 -23 60 -52 52 -47 -60 58 -43 86 -57 34 -3 -71 51 -74 72 -95 50 -43 62 -89 33 -31 84 75 37 95 47 10 87 33 89 71 -89 68 86 -89 -52 27 50 27 -58 96 -98 
62 36 39 27 93 15 -60 93 55 74 -18 8 -38 27 -96 93 -92 6 70 -93 55 76 10 89 9 48 -35 90 -44 93 -38 -53 -85 -89 24 86 88 -71 91 97 -20 -57 74 65 -75 -47 81 -37 -75 58 29 52 91 -91 -47 10 -96 -21 95 -22 -56 13 -48 -62 33 -5 -44 55 -90 -92 -99 38 95 -91 -56 -63 92 -6 58 11 34 -39 -4 -21 -80 85 -37 -39 -38 -62 54 -97 -24 44 -68 -87 13 68 54 -97 18 -72 71 -92 -75 -33 -37 -70 -93 59 70 19 54 91 -71 -31 -6 -50 -85 -53 -71 -80 -44 24 18 61 -18 0 -37 43 23 -42 56 94 -82 61 35 -87 -80 -17 -13 -78 37 67 47 -38 2 2 77 38 30 -62 -3 -83 60 58 79 68 -76 26 -98 92 41 46 -20 -88 35 15 43 -66 15 -4 -65 -53 23 -71 -76 74 -63 -48 -17 83 8 -1 -64 -17 41 23 15 -71 -70 -18 29 -14 -33 90 -10 9 28 -84 10 15 -5 -36 -73 -33 -29 -59 -95 -69 -2 -12 -99 15 30 -41 31 -34 -83 93 -71 39 49 -49 56 -46 7 -91 -68 -52 -82 6 -26 70 -50 -20 -77 72 35 3 -73 26 -70 -25 65 -42 20 6 -55 -87 -15 -57 -33 -11 -57 48 75 91 -87 81 -35 16 -64 91 -44 9 50 30 59 20 -81 -22 -31 -80 -42 -56 -39 98 -82 -38 51 -5 -44 7 -77 97 -47 -51 88 21 46 -49 28 -33 58 4 -48 4 -53 66 
53 93 69 91 -10 -34 -83 82 46 21 -61 7 39 -80 19 -49 -30 13 -99 28 12 -37 -83 22 -94 80 77 75 7 89 -97 -66 65 39 -55 -72 -3 -19 55 -55 -36 37 46 19 -25 -83 -22 1 -74 -18 -51 85 -59 64 -85 30 -39 34 -6 63 76 31 -74 40 39 -66 86 39 -92 -21 -96 48 66 55 -50 -28 -94 81 -22 81 -12 44 79 -48 82 69 39 6 67 -32 89 90 98 -81 36 89 26 -19 45 1 85 36 -67 2 -48 -21 -95 2 -12 -93 -18 -57 0 -31 -52 -45 23 -14 -95 -58 83 -50 -7 -93 52 -23 67 -50 -5 49 -82 -41 72 87 -34 -17 -70 -24 -90 73 28 77 94 34 -14 -78 93 -83 62 15 70 -8 -26 44 11 -42 98 23 -68 50 23 2 80 -53 59 69 32 -76 93 8 -22 -18 75 11 -98 33 -54 -69 -69 88 79 22 40 74 86 44 -71 -80 45 71 22 48 -31 97 -10 31 12 -24 -22 -6 45 -34 -64 83 -40 51 67 45 -71 20 -45 19 -69 68 -65 5 13 7 78 31 77 -68 -58 99 69 -74 -19 -25 78 -66 60 -14 97 71 21 -36 22 7 -64 -61 26 8 -60 16 53 76 -52 -43 -8 -83 70 93 25 8 -92 52 8 70 -66 -30 -14 63 16 -75 81 -60 18 -94 -16 14 64 79 -21 -89 8 21 63 32 90 -62 -92 -44 62 68 35 37 81 -79 -20 -90 8 35 -28 16 -74 63 4 -15 -11 -47 
79 -61 19 61 -27 -59 -43 68 -45 -81 50 46 -43 33 22 -52 -38 -51 -94 -53 27 88 -90 -45 -12 -29 -47 18 48 80 75 -21 54 44 -83 39 -29 36 0 21 -97 44 63 16 -86 -11 66 -45 -26 -64 -33 -66 36 -22 91 6 31 35 3 33 -84 96 99 86 99 52 -49 1 -83 -64 -40 -93 -73 49 40 70 68 -8 -12 72 -45 -79 65 47 7 -55 14 98 -55 -84 -69 -83 -50 -98 96 75 -12 18 -7 26 -1 36 8 -18 93 -28 43 65 21 -60 61 46 30 88 -52 86 52 20 91 -99 17 -88 -65 -96 74 23 -24 -28 2 -9 -4 26 -80 -66 -72 62 -20 -26 75 -47 84 -8 -94 53 -27 19 -95 -60 -71 29 77 47 -17 -80 26 -5 -74 -13 66 99 4 15 -9 6 28 84 -87 -1 12 19 89 -20 85 38 84 32 -63 -44 41 -69 -91 59 6 -66 89 97 94 17 -81 -21 38 78 -29 0 -44 -64 -16 -58 -28 -2 58 -6 46 -45 -38 97 -22 81 -81 -62 6 -58 40 -69 -8 49 -37 1 -89 29 48 -16 -92 22 -78 -87 -54 80 24 -45 -7 -31 -98 54 -74 -16 30 -16 40 -1 -36 -67 62 84 20 -12 29 50 -57 -86 -76 -16 21 -20 -94 11 57 -11 29 -1 -97 34 72 -88 -95 -53 -21 -66 -13 41 -58 -56 94 -27 19 35 -12 41 -10 17 -54 -86 -72 62 -76 -58 73 -49 91 56 88 16 -50 87 -74 56 7 81 77 36 
-90 75 -35 -30 -87 81 30 98 -66 95 24 -3 -64 -56 -70 78 22 -25 0 -24 -18 71 -50 16 76 17 75 64 -4 0 98 17 -81 22 2 95 -66 82 60 -60 21 -49 -35 63 -77 9 -48 4 26 -90 84 -79 66 -12 53 -85 38 -77 -8 24 -29 37 68 97 -18 -54 29 -34 52 61 90 -78 -2 71 -80 54 29 -90 89 -23 26 -89 74 -22 -5 89 -16 54 35 31 24 -79 -58 -8 94 61 44 39 96 58 -60 -36 -87 38 -12 49 12 -97 89 -92 -10 -38 25 -64 61 -94 63 54 -60 9 -16 -33 69 -31 -97 57 25 58 34 92 70 9 50 1 63 -92 93 6 -89 -97 50 63 -90 -45 -60 71 83 -44 -52 24 -68 48 43 17 -33 77 87 24 -73 -5 -78 90 -38 85 15 -89 26 48 66 -6 28 -87 38 30 -81 -87 -70 -64 -9 -57 36 -66 48 2 86 -4 -30 -13 -20 77 -61 -54 -76 -52 60 -80 42 95 -36 72 -32 -75 -73 88 -41 57 31 22 68 5 -86 -88 27 -83 58 -1 98 -19 79 -2 41 -67 18 -57 -95 -26 -65 35 -8 84 50 21 -93 -25 -90 9 -37 -7 77 31 9 24 -72 -63 68 -98 -56 -7 -89 -19 -92 -25 45 -32 -1 51 -26 10 -32 53 -36 71 -59 33 35 -83 29 24 47 78 97 -79 -81 -5 53 -13 17 -54 97 -94 -68 64 11 11 80 21 -71 30 84 24 86 26 -25 45 -98 8 22 -17 -50 -29 
56 -48 9 28 -59 -82 -75 60 -87 38 59 16 19 -36 92 30 77 -70 -68 -65 -94 -20 31 33 17 -75 -54 8 44 -61 81 -10 11 -88 80 59 -3 53 55 -15 -96 91 -17 -30 74 -60 4 -19 81 59 -52 -16 -51 -29 87 -84 64 -44 -37 -8 -73 -57 -21 45 -86 57 55 -54 -7 -4 37 85 -14 -47 -36 -27 44 -16 5 48 -15 -98 -5 88 42 20 20 11 -64 -84 -73 80 8 81 77 -67 77 13 -43 -19 9 -68 74 -21 70 -71 -21 -6 56 82 39 -95 -10 82 36 -72 -77 13 8 89 95 -90 84 90 3 -91 -40 11 -6 -68 22 -42 -92 44 -15 48 -90 -9 -46 -36 17 -50 -75 -74 78 19 -86 -61 40 97 -93 11 -78 39 -99 68 74 -30 81 66 3 -35 -33 95 -7 -21 -69 -29 -29 -95 -44 -90 -57 -35 27 -22 -53 -73 -50 -10 25 83 52 -62 38 -64 -84 -45 30 7 -81 49 -43 -75 -14 -91 22 -90 -45 55 -33 30 -68 22 34 34 -72 -40 68 17 -55 -23 21 43 -73 -11 -87 23 -49 -77 -75 -41 22 69 -48 21 -46 76 -76 8 45 -97 56 -72 42 52 -68 -6 -50 -3 96 -37 -86 94 15 46 24 -85 59 59 -27 -96 -10 93 21 5 -69 -8 88 40 11 40 67 11 43 -50 -71 49 60 10 95 -86 -68 33 81 96 -25 -42 -16 -37 -93 -4 -39 60 40 -60 -40 -42 81 -30 89 -64 -27 -30 37 -90 -89 -88 -26 22 
20 -89 49 93 -17 26 20 -98 -85 35 60 9 -5 -22 39 52 -2 25 27 59 40 18 69 -5 78 -47 -22 87 23 -41 -22 78 60 -81 -27 -49 -89 3 -20 -77 91 71 51 90 -25 84 -54 -34 -98 4 25 74 87 -71 18 13 45 78 -71 64 -12 -34 83 21 72 54 -26 62 82 86 92 -64 78 48 98 9 -54 -15 -35 -81 99 -73 34 -7 80 -43 72 81 99 94 6 55 60 3 -86 79 64 1 -95 -32 -17 62 33 -52 -40 16 95 -7 52 16 -10 -10 56 39 79 -98 -6 84 -20 -14 -19 82 -61 39 72 2 37 -84 87 34 99 -98 72 -87 -43 58 -2 83 10 35 16 -25 -68 -46 77 -13 68 51 -88 26 -96 10 -55 -85 71 -45 38 93 35 84 -29 -38 -95 61 58 -52 32 -69 -31 -42 90 24 6 -80 43 83 51 5 -80 52 30 -43 16 63 87 64 23 38 81 66 35 -93 -7 -11 75 -60 95 75 38 -74 94 -59 -69 -56 37 -25 -9 9 45 -3 -39 14 60 -19 -94 88 -46 -70 29 88 42 -26 -91 -72 77 -89 -17 -6 48 -4 34 -35 -25 -70 71 7 -28 -76 54 62 -30 57 6 -60 -44 -1 -32 -79 1 -26 -65 67 68 67 75 -6 -76 -8 11 -26 28 -57 26 -67 -9 84 -1 56 -85 80 -9 -65 -83 14 74 62 52 -27 18 93 -67 -79 0 -37 24 -76 34 -22 -52 21 20 63 61 75 31 74 -33 -38 11 96 
85 88 -93 13 -42 87 2 -23 -4 62 -55 -98 30 25 -39 -70 84 -82 93 47 76 51 20 1 16 19 80 2 42 -86 84 93 -51 52 49 48 74 94 -31 42 81 88 -16 67 22 -64 -97 -50 3 85 -23 68 -53 64 95 31 8 -76 81 -46 -65 21 -56 -87 -51 -58 -50 86 -37 -82 36 -22 47 1 -80 -54 -52 99 56 32 -19 61 21 -67 -20 -27 -54 -48 67 6 91 64 7 93 -9 -22 -26 -80 15 -65 30 -36 9 66 10 80 78 -15 -40 24 61 -47 64 -60 -94 31 -28 83 85 -5 -66 76 43 -38 -65 4 -24 78 29 78 0 30 -1 -94 37 -45 -66 2 -64 -2 -76 14 39 -21 10 77 -75 -16 -99 98 -95 87 59 74 17 -26 39 -44 -75 -36 27 -92 5 42 -32 10 88 49 95 -31 -24 -43 85 -97 59 77 -41 -38 51 -29 53 -82 -61 52 -54 -64 -26 56 87 -54 10 81 62 -40 8 -68 82 -58 -64 -12 83 48 32 66 67 -83 65 -91 24 9 -62 -64 35 -32 -61 -60 -63 59 83 -7 94 -33 86 40 -58 -86 -65 24 1 25 -30 -96 -1 -94 16 92 5 16 -47 95 38 -36 -85 52 -42 74 65 32 -44 -94 -2 -69 51 75 84 -56 -16 -20 56 7 26 50 -8 -42 56 -70 -81 -39 82 23 -43 91 -58 34 -7 -77 -84 -78 94 -29 40 -69 47 -87 -70 -75 81 -5 20 96 -11 -3 -25 66 15 -58 -85 44 10 98 
-8 18 -72 45 56 -43 -71 44 47 -8 -55 -36 -60 -13 41 76 15 -39 -32 -46 -71 -66 94 -60 -22 53 68 10 79 31 -30 -43 -58 -52 -69 67 -53 64 90 11 -62 99 17 -21 -84 57 1 58 -98 94 -86 -51 -35 20 -50 78 7 -77 55 12 -98 70 96 19 -81 87 -94 -35 95 85 -8 46 -47 -19 -76 13 -58 51 -38 -13 33 32 99 -67 98 -52 -60 82 84 43 -39 -40 -21 71 94 63 -47 -26 76 -92 -40 77 29 69 -98 -91 21 25 -28 77 35 89 97 9 54 -42 77 42 -1 -81 -56 -15 -83 26 20 71 18 -36 -10 6 74 26 -23 94 6 27 -93 -54 12 -59 -61 35 -51 88 -37 56 50 -96 95 -47 -60 -15 29 -91 -67 -48 -84 37 -68 89 20 -84 14 83 -36 51 9 97 -63 22 -51 -26 21 90 42 -67 76 -1 -94 -56 -8 -7 -78 36 98 43 96 -34 -2 -1 -18 40 12 91 19 -66 -83 -5 -64 -46 6 60 90 -23 41 -60 64 -62 61 -70 -12 19 -13 7 -20 -3 90 75 -89 -1 49 48 58 43 50 -77 -36 -67 78 97 97 30 -92 -18 48 22 4 4 45 -86 57 -2 -60 94 11 -99 -99 81 54 89 23 10 94 -60 -69 91 -7 -9 62 -6 2 -2 16 -74 15 -99 -94 85 25 35 96 96 -84 87 85 -98 -24 40 10 -63 -49 31 91 50 6 -43 -85 -63 -51 -57 -53 -5 -45 61 93 68 12 -72 95 33 
66 -83 70 90 -68 71 93 -2 -95 -8 -82 -29 -77 -88 -75 4 36 47 5 93 70 87 57 42 -17 -19 12 45 -35 37 66 29 68 -8 -96 -76 49 25 46 -93 63 -20 -23 22 24 68 6 -16 81 17 76 -90 22 59 -83 7 45 51 64 78 -19 -67 7 68 17 66 -58 55 -77 16 -30 44 -29 27 -43 -43 20 35 -35 -69 -48 6 -53 -44 -83 27 58 -14 12 23 89 14 85 -87 54 -27 13 -56 12 -90 -14 44 -93 -77 53 20 -33 -63 -8 -57 -87 14 -99 -52 51 38 -90 86 28 -25 2 -19 8 -5 -54 -62 25 -73 -66 23 -48 69 -82 99 -92 84 48 -96 -66 22 -5 -82 38 33 31 -96 31 -79 -61 -71 -15 -71 -24 68 -50 63 75 98 14 78 -96 96 78 15 -87 -26 38 36 -56 22 -5 -35 -65 -54 76 85 91 -65 -54 65 -16 -93 -33 36 9 27 -74 20 -96 83 63 70 -41 88 57 -76 -58 52 -24 44 -95 -20 33 84 92 80 -92 28 -61 92 -68 30 -58 -28 25 -23 90 60 91 96 33 38 -42 -90 -17 -14 29 -1 21 49 78 4 -60 -86 -56 -75 -67 -32 91 80 -54 30 4 1 -49 3 -45 -69 -80 34 16 -48 -14 -91 32 97 -96 34 17 -56 -51 -60 46 -24 -26 -47 -31 -72 95 -84 2 93 -1 59 -10 59 -1 6 32 -98 42 -55 15 -54 -11 -30 32 30 29 12 -13 20 -99 33 63 -85 -25 -44 97 98 
-65 -36 -45 -55 92 -44 -2 -81 50 -78 -55 -73 -15 48 13 61 55 22 -19 -65 -23 93 -78 -11 95 29 -77 -63 26 47 -72 -62 50 13 15 9 5 -44 15 -81 49 -52 -72 73 -17 -2 19 -20 -26 -66 47 -64 16 47 -55 -28 4 91 31 -12 -14 77 4 39 -45 -39 -6 24 -43 -38 -94 30 -13 80 25 99 -11 45 50 13 -88 -36 84 48 -9 -95 -70 -81 71 49 75 45 -38 -39 22 -37 72 30 -87 -44 18 69 -53 -83 99 -89 31 64 65 -33 71 32 84 38 -49 56 57 27 26 11 -75 -9 -48 -20 -93 6 -51 -37 -59 -21 5 66 33 -96 97 -57 -65 93 83 -80 -81 -62 -7 75 85 74 -76 33 -46 36 -67 -74 -33 68 -92 92 16 52 -29 -77 75 24 53 -20 -35 86 -71 30 87 77 -69 -20 -94 -72 -63 -62 20 -77 -45 88 -4 20 -42 32 49 95 -3 46 4 2 81 20 -27 -88 -83 18 81 33 -47 -1 -68 42 4 -76 92 35 -26 48 -26 -39 76 -45 -56 -74 88 68 68 84 90 65 26 85 -45 -1 40 51 -65 -71 -95 -42 -34 -99 -46 -37 79 58 57 -42 -16 63 11 94 3 62 -60 30 -5 -71 34 39 3 73 -49 -72 -51 96 -67 -19 -75 91 62 2 43 -57 -47 76 11 -81 -39 51 -6 68 42 95 57 -60 -97 -59 22 -61 67 -38 94 86 -41 18 -39 45 81 35 52 47 97 -28 -64 36 37 -49 65 4 
5 3 -23 43 87 -6 -90 -57 -66 -73 -69 56 2 -82 73 84 77 -23 37 -58 -98 -56 25 -33 67 -68 -55 -85 34 -54 -10 -25 -90 29 52 0 85 19 -24 54 -90 52 -41 -2 -14 -99 57 9 48 -52 -31 -23 -86 33 34 50 -61 79 -20 14 -55 -46 -58 -11 -31 74 83 -88 -51 -72 19 24 88 -87 23 -89 77 98 -87 34 -77 -56 94 40 92 -42 13 -8 58 7 98 -74 17 -3 -39 98 57 79 15 -87 38 6 13 -39 -94 29 -78 -30 -86 98 -17 -43 -68 -32 30 -21 -15 -31 -90 -17 87 -97 37 75 14 89 30 52 97 48 3 -31 91 4 -56 70 -87 56 63 48 47 -54 25 10 86 23 70 8 -12 -86 -49 -22 -70 15 -54 -17 -58 46 -54 26 -77 -19 82 -60 28 -69 12 -77 36 -24 -63 -85 7 -46 -58 -82 -23 40 -74 36 75 33 -25 93 3 -74 51 -2 -81 -60 -17 96 -55 4 35 -17 -53 -5 30 -87 -81 -37 -90 30 35 93 47 -99 -29 77 -83 65 -65 -32 -33 -59 -27 75 61 -36 45 41 30 -35 23 -22 55 -51 -11 -1 -45 68 -89 -74 28 -43 87 -66 -63 11 84 57 -26 -3 99 16 -9 -39 14 35 29 89 -68 85 55 -38 62 86 80 -79 -55 8 88 46 80 -33 -46 15 97 -95 -50 -72 44 32 46 93 14 77 57 -41 -51 -93 20 -56 35 66 -30 -82 78 47 -3 -59 50 -48 -49 -70 6 -83 -44 90 
45 34 39 94 -42 49 25 47 -29 -25 -79 99 45 -15 45 59 -74 -24 -32 87 -64 39 37 82 -15 19 -66 34 -23 -62 -14 95 -44 12 -30 -86 -23 -49 12 -21 -26 65 83 44 17 -38 63 -69 17 68 51 -42 7 -98 -89 49 76 -70 -86 -31 -2 -15 -58 -93 35 -76 53 20 32 -90 59 38 71 -33 -6 20 91 59 -24 16 38 60 40 42 48 73 73 -29 -37 -68 43 -92 -14 78 -68 96 0 -18 12 12 -98 -39 -37 5 -38 24 43 79 -60 -39 99 2 96 63 -38 -45 -7 -80 60 -58 -2 71 88 -16 32 32 12 65 -51 -67 -17 -86 74 0 63 20 -17 -19 -95 -94 -54 -54 -38 70 77 -14 -73 0 21 -65 20 85 -88 -78 95 -38 -52 -74 49 -23 21 46 -20 -87 87 -78 48 54 57 -24 -70 10 74 90 -31 99 -86 67 55 48 -43 -57 -20 20 -52 -81 55 -31 50 -36 57 91 -60 -74 -35 26 -78 80 -49 -91 84 75 -51 1 2 64 76 -70 -84 4 80 65 4 32 -21 60 -71 95 37 94 -25 16 63 -36 5 35 -23 35 3 -37 84 79 11 77 -61 -84 50 68 -19 32 40 -40 18 -89 81 -48 3 18 55 78 -9 -77 64 80 -96 -21 98 -30 3 15 74 -19 40 24 -41 40 -44 -47 -79 -33 -71 -29 24 -39 24 75 16 -87 49 64 -24 -39 13 2 43 18 31 82 77 49 -91 3 -81 12 -45 -36 -98 19 -65 -57 
26 -50 -23 75 -17 25 5 -55 19 56 62 -65 -15 -41 -56 -92 -52 -48 -25 -81 47 -71 -31 1 -32 60 -88 -51 -80 -67 88 75 26 -60 -73 36 77 -28 10 68 76 -14 -3 -5 20 23 35 -86 -4 -65 11 91 92 -13 9 37 -33 -70 -58 58 -56 26 44 -95 94 -80 63 39 47 78 -97 -42 -44 -31 23 39 67 32 22 -78 -19 81 29 -96 -57 69 65 -95 -95 82 84 -65 14 75 -91 81 -84 -64 13 -99 12 -46 92 -48 3 -2 -12 89 91 -9 -82 -72 78 -96 -4 17 -93 80 -15 91 17 -22 -71 48 -48 -79 64 -51 18 -36 -50 -67 5 68 -1 86 9 65 86 -1 -32 38 -57 -41 -94 -27 24 -7 73 -11 29 49 -14 5 74 98 -43 -6 -90 83 46 -25 60 7 38 21 -75 -39 -53 -42 -76 -18 20 -29 -64 71 64 58 -25 -47 42 27 -61 56 -62 -50 66 -51 7 -73 55 -46 22 69 11 30 -35 -57 -85 -63 98 -8 -14 -52 -49 -15 -52 18 66 -6 -80 -86 62 21 -67 89 -19 -74 -69 90 -71 78 57 -5 -53 76 -55 -67 24 -44 -38 69 -6 -55 -30 -96 -94 69 -28 44 0 -62 74 56 -43 60 -24 18 64 -91 -30 -21 -75 -65 15 -65 67 88 21 9 97 -17 -63 -21 75 -74 -81 19 -54 12 18 94 71 -85 71 56 -1 96 45 -54 -10 -62 35 96 -23 50 -89 64 76 -73 8 -16 46 -59 -76 -85 -36 37 91 25 
-88 -72 38 8 -71 77 -47 20 -28 11 -2 66 -1 -18 56 -45 50 -97 -62 -96 -87 -59 88 -55 -91 -59 85 -47 58 -22 -46 15 19 61 64 53 -1 38 -94 14 -27 -52 -29 -59 -18 3 40 -35 -49 -31 -98 69 -38 12 -76 72 -25 -42 64 1 -60 -22 56 -21 -65 -14 -56 -74 25 -55 -67 3 9 46 44 89 9 -38 75 29 -67 -80 19 7 -80 80 53 45 -27 95 -19 -70 -34 -72 90 68 33 -61 1 21 -7 68 -86 -21 71 -92 -86 -4 60 14 -6 15 96 -43 56 57 63 84 -33 -94 82 -79 37 34 74 -20 97 -1 72 84 37 95 2 12 74 -35 -6 -4 84 -92 31 45 43 -49 -79 10 55 58 48 -41 -40 55 -72 -69 -88 46 -18 -49 -6 -85 53 -82 70 -68 63 40 53 -55 -12 40 11 33 -74 1 80 30 -5 71 72 -57 -91 -36 12 -7 -90 80 97 -79 -80 -80 -19 54 91 -70 -4 12 -32 80 34 -2 -20 -39 -43 -56 65 -40 43 71 -41 -70 -91 5 -9 -38 47 -18 79 60 -35 42 -39 -40 65 -47 78 73 -12 45 18 56 16 -97 74 -55 -66 40 14 57 14 -72 29 37 -23 -96 -43 70 67 -89 62 84 -36 -38 27 75 6 -90 -46 -37 99 39 -34 20 6 -71 -44 -95 30 19 -85 98 -42 76 -67 -29 -93 58 -90 76 -43 -99 -66 -99 92 -10 86 -68 -96 -15 -30 10 -3 94 70 20 25 45 -45 19 -49 72 
92 12 -20 -41 44 42 1 -79 -65 90 75 -98 13 -85 25 -1 82 -75 7 -65 -42 24 27 8 41 33 -22 49 -86 -6 9 -45 -85 58 3 -86 -81 23 -87 34 30 88 -69 89 -2 -1 51 93 9 -87 -25 78 -6 71 12 73 29 -32 -91 -35 52 -70 68 -16 63 -42 93 -25 89 12 -94 -92 -96 -91 -24 73 -33 20 2 69 -96 -53 82 -36 1 86 -11 13 35 -9 10 -82 40 59 -1 -93 -67 97 64 3 -66 -24 -77 78 -88 51 -56 89 -24 40 59 -43 49 -55 80 34 -52 -5 -57 -86 -95 69 -45 55 56 75 21 31 29 -10 6 -41 11 71 -14 -88 55 79 -21 3 -70 -83 -53 77 42 85 -67 95 47 -76 0 86 -72 -38 93 27 -6 1 -32 29 -29 79 22 28 57 -13 -69 -64 -84 84 -95 -23 -24 -29 71 52 58 -58 18 -81 -37 -9 -30 77 39 -40 -76 -92 -10 54 -51 67 90 4 97 28 -76 74 5 43 -15 21 90 0 -90 52 -18 -71 -82 84 57 33 -70 44 5 -75 -41 81 19 -63 -38 50 88 10 97 -1 -39 5 -27 14 -65 88 69 41 -80 26 -96 -60 41 52 87 79 55 66 35 -3 4 -37 -88 -57 -94 -85 -60 -68 -12 15 17 27 87 34 -56 -52 -9 85 19 22 -80 -95 44 9 26 61 -52 89 90 9 -56 21 15 -44 -93 87 -20 72 67 -93 -3 5 -83 48 97 86 -41 -53 -72 15 -68 -27 -36 -85 
63 96 57 27 -77 -63 -9 12 32 20 27 31 -69 -78 58 69 -68 -92 -58 -4 -89 19 -43 28 -17 79 40 -49 16 -35 -59 -38 6 36 -64 47 -49 -23 63 -75 55 27 -23 78 82 -85 -34 60 -98 0 -3 -97 -40 24 -87 89 97 -58 -27 -4 -4 -66 14 50 -37 -11 72 -17 -52 91 26 -44 -51 68 14 14 -26 -69 -59 -37 53 -21 14 -68 5 -57 24 60 -43 -73 -85 18 -28 6 95 -53 68 -18 28 -9 78 26 76 80 93 36 35 54 62 99 -31 -75 -83 98 -7 56 31 -13 91 96 68 90 0 -88 -43 -24 -90 43 40 33 -26 -75 -50 -12 92 99 -83 -51 80 -26 -15 75 -88 -78 62 -55 76 10 3 26 69 -19 -86 -51 -23 2 78 30 -7 -99 -95 94 26 -68 17 47 97 -88 -42 89 69 -20 22 45 -87 92 -28 98 22 -44 65 -3 51 -7 -45 15 70 41 -26 -48 26 36 68 -89 49 -11 46 71 58 -90 -66 68 69 41 -28 -76 -6 72 -22 -62 65 86 6 -36 -55 42 33 67 -78 -52 62 -77 38 0 52 90 50 -27 -15 53 23 50 11 26 26 21 74 21 -10 57 55 34 55 -43 -3 51 -61 -3 -97 8 -86 -68 7 -17 4 -96 87 37 52 -17 -44 -82 54 -13 -2 -99 95 -55 15 45 80 73 26 22 52 16 50 48 33 92 30 6 44 -97 51 -95 -24 -45 -81 83 87 20 -67 -13 89 -67 18 21 48 -62 
-73 -36 58 42 90 68 -4 -55 -38 -59 -27 57 -6 -42 57 -4 -50 -79 -47 -78 69 27 -64 -23 63 40 81 -68 -26 -81 68 16 -12 9 -71 -17 -38 -68 -27 -80 -96 -90 -17 -82 85 89 -91 -20 -94 -72 13 72 -25 -9 57 45 12 -8 61 58 11 -84 83 -38 90 9 -90 75 -67 -31 14 77 95 63 -31 60 41 -44 32 -18 -36 -49 46 33 53 30 -77 -90 21 16 7 13 -9 -2 36 -82 -30 52 29 -5 7 64 32 -14 -65 41 -21 -31 46 -26 75 93 -48 78 23 -4 96 60 15 19 -23 82 -93 62 86 80 78 57 -58 -40 67 -19 -95 32 -51 -91 65 12 -56 89 62 91 32 -98 -59 -7 -7 -19 12 61 31 -15 13 89 95 97 -84 -57 42 -20 35 78 75 34 -81 -49 -33 69 -89 72 70 96 -38 50 -25 -44 49 42 -50 36 -46 -58 -53 -85 -90 0 56 -89 75 91 -25 -15 -75 86 57 52 -5 -41 -31 -8 -59 -19 -20 27 1 -77 53 -98 -92 -32 34 -93 -15 -63 83 10 -41 -28 15 -81 -57 96 1 -68 -3 55 25 -39 -80 -74 -85 -40 -64 28 39 83 78 -24 -32 -53 -73 41 -67 33 86 81 -92 36 98 25 -55 -95 8 55 -11 43 83 -10 70 -84 -73 47 -87 85 -77 99 27 93 73 -60 26 62 -41 61 -56 86 -54 71 99 -79 -89 41 -35 11 72 -3 22 37 63 -46 -99 -34 31 -15 13 -89 -24 6 -64 48 
44 73 17 -20 41 92 -86 -36 33 63 -49 88 -40 -33 72 12 -16 79 -69 -71 -73 74 99 -72 -43 62 82 -58 14 93 -31 37 27 -33 -56 -3 -12 -74 31 -71 -67 12 -33 -75 -80 75 77 -90 -32 -13 -46 26 -88 75 -4 43 -57 62 -68 -89 1 32 77 43 40 -65 -48 -31 -77 -50 -98 -62 69 -65 -69 43 46 -29 -63 -66 -34 69 12 70 32 77 0 50 7 -31 -82 -17 82 92 89 76 76 -41 3 51 86 80 4 -89 51 -89 -94 -43 37 -81 -47 80 28 71 39 29 18 -8 67 -82 -54 90 -57 14 -86 3 46 -84 -19 16 1 93 96 98 -31 -70 -2 12 -33 5 -92 47 -27 -29 -14 66 47 99 -89 -68 -35 42 -66 -67 54 30 -3 -43 -64 29 -96 75 65 -93 83 -87 -29 -27 -58 46 -64 91 -83 82 -10 -75 49 -8 -7 -92 61 -63 74 49 -6 66 -85 78 -52 77 91 52 46 -26 60 66 -43 26 -6 -84 93 -55 -20 79 98 -57 79 -44 -59 44 46 -89 4 -23 -14 -6 -7 -13 63 -94 -41 14 -73 -87 -80 5 61 43 71 -59 -29 -72 43 -30 13 -1 7 -55 57 -90 95 87 -8 -7 -83 -52 -93 -38 -22 -77 -14 -45 5 -50 -69 36 -48 65 -42 2 96 -48 48 71 28 -86 92 -95 -29 66 -43 -8 -5 -23 -43 -64 -43 -53 54 -66 -93 29 47 31 -96 -7 10 -56 75 -93 -82 -61 77 18 -19 -20 -5 -37 89 84 
30 16 20 37 99 99 -50 15 61 61 -75 -16 52 -8 93 34 -12 -82 -53 -15 77 15 -76 -54 -25 94 -59 41 -60 -33 89 52 -59 96 37 44 -20 -29 -76 71 -55 -88 94 85 -68 91 -87 28 33 -44 70 6 -82 -65 99 75 -71 64 -91 74 -97 39 54 20 -30 8 11 41 -76 -97 44 -95 38 -20 -48 -94 -91 5 41 -28 -69 -61 -11 82 5 78 51 11 -78 7 14 -68 36 21 92 -39 94 -21 -45 15 -7 -66 -42 -54 79 8 -36 75 56 5 28 -15 82 27 56 52 -73 -18 -67 -1 51 66 -70 87 6 -51 -73 10 76 98 96 -12 -33 35 -77 -77 -75 -61 78 -78 -99 -38 -99 20 -63 -23 -26 47 -84 -86 -28 -20 -73 -23 8 -14 -11 -9 -45 1 51 -77 75 -61 0 38 73 57 70 -94 55 -3 -61 -62 -35 -10 -79 4 -14 31 50 4 13 55 -61 74 16 27 -56 41 60 60 70 -67 76 -55 93 38 94 1 64 -91 -68 21 -81 60 74 -96 -93 -76 84 -70 -77 -87 -20 -38 -14 -44 -68 -86 -60 58 -68 -55 29 74 32 -19 28 -74 -52 35 28 7 92 75 99 -80 93 -2 -52 -53 74 95 -30 92 72 59 -49 11 12 37 89 -69 -57 -26 3 87 18 48 33 -13 8 2 -66 58 67 0 52 99 -99 7 76 11 38 -87 9 62 38 73 26 30 -6 -44 24 6 -57 97 -21 -23 -75 -89 -21 -30 -72 -24 -71 48 66 -64 
61 -17 50 96 34 50 4 -72 99 3 -30 90 49 -71 -42 57 16 98 -72 25 -74 75 -79 30 51 -47 -93 -76 10 92 -88 48 -76 12 48 56 13 -3 -50 -85 19 22 -91 -40 39 86 1 90 50 16 -92 97 54 43 -80 94 15 -56 25 43 -50 99 37 4 -52 26 7 -91 -19 -90 -73 78 54 92 37 -39 -7 11 -38 99 -39 94 -96 -49 24 5 -16 91 -54 77 -28 27 -96 44 89 -39 -45 -5 -77 -30 -46 -89 3 -80 -63 -18 19 1 -47 76 28 92 24 69 81 49 5 83 50 -33 -33 87 -82 -1 68 -37 -72 -27 14 82 1 -12 57 50 -9 -33 47 53 0 -49 -57 47 -69 -95 98 1 23 -45 82 57 6 -33 -19 -99 46 -23 23 -48 90 -73 -96 -84 61 -62 -1 -22 -19 45 10 -68 1 43 94 87 17 -63 -47 82 52 57 -81 -25 82 96 -66 42 85 8 -73 -93 -70 2 50 -83 -64 23 63 3 -54 9 -40 40 56 8 -9 22 41 15 -65 99 -93 -23 20 74 -77 -9 86 97 -22 -30 47 51 -58 74 -8 37 -66 80 -16 31 1 9 -50 -4 80 -65 -76 5 -91 67 39 -30 72 95 -56 -4 -83 -19 12 -18 75 -98 35 4 34 50 45 93 47 36 69 28 75 -44 73 12 67 12 31 -12 -66 -91 -92 -61 43 22 23 35 65 30 -71 73 10 69 -81 -88 -1 -4 -26 27 11 53 11 93 -22 60 -59 31 22 -79 
-33 50 45 57 91 -19 -4 -68 -31 24 51 -75 33 78 96 -94 -29 -13 34 9 55 -88 -25 -17 10 52 61 -40 3 57 -38 -25 -41 66 -16 -8 -75 -65 -16 -38 74 -81 -32 85 -30 -97 -75 4 47 -96 -45 17 75 83 -35 -89 -18 -71 95 52 94 -39 -80 48 85 40 -98 19 -84 97 -56 8 -56 -61 -79 -40 94 -25 97 -79 -22 -5 -13 -93 69 71 21 16 86 5 56 36 27 68 70 -88 66 41 31 -58 -42 -33 19 0 94 -99 96 91 75 58 31 -94 -90 -5 -99 -71 -83 -63 -69 -91 -2 -37 69 -32 -73 -25 3 96 4 -3 84 59 -16 35 -29 94 21 16 24 -13 28 -90 88 -26 99 96 -50 -34 76 3 24 -41 -32 79 -59 69 96 67 53 -33 47 33 52 -99 -21 -13 -98 9 0 26 -83 -84 43 15 43 -31 51 23 -5 -8 55 -79 -86 35 27 93 -48 57 -47 64 -33 -86 52 71 70 89 -97 -25 61 94 -48 -65 62 -25 62 56 -51 96 -87 -40 -19 14 -66 6 21 99 -78 -62 64 77 -44 -54 -27 89 60 -38 87 11 28 -57 -17 61 44 7 -37 -42 -62 -20 71 59 13 -43 -71 64 -22 35 -84 11 -94 78 -10 -94 17 20 -25 12 22 17 -67 83 9 33 7 49 22 -28 -1 23 -35 -10 25 52 59 57 6 10 96 -21 -86 -8 84 -25 46 78 89 -7 92 25 67 -53 -87 82 -55 -17 20 -40 -55 -45 -33 87 
88 -41 -35 -96 -60 99 59 -59 -89 75 10 25 69 81 -99 95 -96 -35 55 -95 -93 53 -53 16 46 -8 -9 61 -83 -60 3 -34 98 -50 -72 3 52 -12 82 -21 21 87 10 -8 -10 49 33 21 41 33 -59 -79 28 -27 -32 -11 -97 -77 -34 -21 21 -87 -71 36 28 -40 98 35 -25 21 79 11 -59 -24 -68 66 -48 61 1 13 -7 23 -96 -94 -33 67 -80 -67 17 99 -64 -30 -13 49 -26 -96 -40 -22 4 -86 -67 -42 2 -52 -37 96 10 -78 -91 -40 -24 -74 94 -43 -21 -12 -97 28 94 8 72 -24 40 -79 57 -74 -84 -60 -46 -76 -79 -18 -5 -43 12 1 90 -65 -47 -77 -76 -84 7 -92 -2 -15 15 -7 -70 11 -5 73 -4 71 95 13 -80 44 77 -61 48 45 66 80 11 -98 88 75 -88 38 86 1 -92 -36 24 7 63 54 -62 42 -82 32 2 82 27 94 64 -75 39 -94 -6 -69 -4 -11 74 -58 77 -57 -49 39 51 17 77 -85 -50 69 -97 31 34 -26 85 82 -13 37 -22 82 -12 22 56 96 -2 70 80 38 -73 -72 58 64 -67 -43 -65 53 -11 11 -57 -14 -78 -9 61 83 -37 82 77 -38 -33 -31 -3 86 74 -42 59 -3 -47 -36 96 12 19 97 -58 -24 -35 -50 53 -85 44 -45 41 31 2 -48 69 32 82 -86 -56 -47 -66 32 78 67 -67 -65 7 -75 -92 4 82 -98 27 64 -6 -34 -61 58 -3 42 -15 48 15 31 
19 -97 -29 -93 71 -2 -6 94 -56 -40 -77 96 -81 49 45 -59 48 -57 88 -83 -45 56 -35 83 -66 13 -58 22 92 81 -17 61 -19 56 -42 -36 56 61 -48 -81 97 82 -94 -62 -31 -75 0 2 67 57 49 97 47 30 18 -55 -59 -57 2 0 -43 -20 75 -41 -62 -41 -32 -40 72 91 -48 53 8 57 84 -12 -1 50 42 -38 -22 89 38 45 0 -61 59 59 -70 -97 -89 19 -49 60 -28 -74 54 80 18 -56 71 73 7 24 70 74 -2 69 37 -26 23 -32 96 -24 80 59 18 -69 -57 99 49 -54 8 86 26 -27 28 57 -57 -45 69 -5 -87 -12 10 -82 54 -19 -73 37 -44 -90 5 64 -7 48 77 65 -47 -48 1 -98 -39 -13 50 -33 -89 91 12 79 -8 -18 99 -46 -93 75 69 -82 -21 26 32 -94 75 -2 -70 59 -54 35 77 -45 36 74 -85 -6 39 -63 70 -74 -85 58 42 81 -29 -47 92 27 7 42 -99 -98 -91 -82 88 53 94 42 87 -12 13 -5 -60 -88 11 -97 -28 71 -95 37 51 -11 60 40 -90 44 95 57 51 -86 -54 55 35 -88 -48 92 82 88 90 -22 -91 -18 -99 48 6 18 66 -99 -56 -77 -44 54 -83 13 80 69 88 51 90 79 52 9 -31 13 16 -49 -3 -81 13 -21 -79 65 -91 3 90 -24 -41 -82 -28 64 81 -99 -95 88 72 13 88 38 65 9 -1 66 -76 6 35 6 0 -80 46 25 90 -74 
88 -37 -55 -25 45 -41 -35 -50 -59 -17 -22 50 42 32 3 -29 43 -96 71 57 37 -71 99 24 79 -11 87 13 14 -95 7 23 8 -74 90 -84 -58 35 0 17 99 44 43 51 -95 -89 72 30 84 17 -48 94 5 38 -33 -51 87 -18 -74 55 -8 -89 -69 -71 75 2 -39 74 -66 -89 -79 -82 -44 -37 96 8 74 73 -11 -39 -5 -7 95 -14 -54 -37 51 23 20 -70 -24 -32 -13 60 -21 -72 62 -28 -80 62 20 -49 63 -55 -8 -16 35 54 -85 72 74 33 -60 42 38 -44 15 66 29 58 20 -25 -24 98 47 34 77 70 56 10 -57 -13 49 -17 -92 -44 -57 80 -91 22 97 -17 64 9 -8 -96 -70 60 -49 -91 -11 91 6 -10 77 94 73 -25 36 -97 55 -45 84 50 -88 33 15 -32 47 22 39 -94 77 -55 38 14 8 -87 -70 -84 65 46 -37 -12 -55 -25 -88 -38 -59 -49 73 -4 38 -96 12 17 77 -79 91 31 -68 -91 -37 -7 -47 -40 22 -61 87 1 79 -98 -78 29 -70 -88 -84 -6 -12 6 -95 31 -44 -44 27 86 -62 82 -2 61 -11 -45 -70 99 30 2 -63 -38 54 -33 45 94 96 27 56 72 15 53 44 39 95 -41 -2 12 -7 80 -40 -4 21 -63 37 0 38 45 88 -46 -63 15 -48 77 -14 -22 -60 50 47 -69 58 -82 23 -32 99 32 -97 -83 -97 17 -23 31 -49 -81 -33 31 68 12 -83 -95 -31 91 56 -59 
-96 -36 80 -50 75 -81 75 79 91 -28 37 -28 32 25 89 70 11 37 42 32 94 -62 92 -83 80 -33 -85 97 -23 -8 42 52 72 4 14 85 70 16 5 -30 98 -98 -48 11 -30 62 83 40 -36 -13 8 3 64 -68 -73 36 39 -3 0 19 31 2 28 -82 -79 -18 75 -46 -79 -82 -61 61 70 -27 77 -72 -45 -12 -77 9 44 -21 32 -39 47 43 -55 62 25 32 87 90 94 -71 26 1 22 -58 32 85 -64 -3 56 -25 -24 -89 67 -74 9 41 59 55 -85 57 24 -51 8 -58 -97 -33 95 -5 -29 98 -21 40 -7 -4 -2 -78 -69 40 3 -43 87 -39 30 -29 -12 39 -4 -79 -42 87 -47 -75 -97 -91 -42 -38 33 -54 89 72 -77 58 -60 71 -34 -42 -86 93 97 6 -9 -39 -95 98 -40 4 50 63 -37 58 93 43 -85 82 0 9 21 30 50 29 23 -18 -38 78 -55 13 -5 -27 79 20 4 -66 -53 35 -72 98 71 -74 -51 -43 2 -54 -44 87 67 93 -72 -82 32 -59 78 71 92 34 53 99 -58 59 -58 20 55 -70 -65 4 -39 70 -12 31 -82 -89 -81 -27 -85 4 -19 -51 -75 -18 44 -6 -57 79 -10 -39 73 70 -26 90 -75 61 -52 -89 -24 -88 -13 27 -27 17 -71 -69 96 -68 -54 63 -47 -80 14 -80 -87 37 51 -36 11 30 67 78 53 60 -20 50 0 1 -34 84 -42 -14 2 -93 99 -42 8 -73 -15 -42 89 -59 
-56 -29 -83 -13 -96 75 -69 -86 78 -27 8 -98 -35 -95 -61 71 52 57 94 74 -37 33 -96 46 -96 35 -38 44 -59 84 92 -54 -36 -33 26 99 -50 -23 12 -42 -35 79 -13 70 -77 -36 66 77 -55 -64 -18 -21 -68 65 -42 7 -4 56 71 73 97 -60 -23 -18 -67 46 96 -96 13 82 34 42 -65 -11 59 -12 -50 -4 -10 86 56 75 84 58 -82 20 -21 -17 -36 88 31 96 -94 12 -25 -82 16 77 -44 6 -95 -3 -47 7 -99 -65 90 -47 -14 -45 16 -52 73 39 71 69 -47 36 -73 -4 -91 64 80 27 57 52 0 -18 27 -11 -84 -88 -54 -11 64 -11 18 80 96 -41 13 54 -71 -61 66 -11 92 61 -16 -89 -95 -36 41 -91 7 6 -40 -58 -91 99 90 41 -35 -46 -28 52 -52 -46 -43 47 -99 97 -5 -90 59 97 -49 15 44 50 0 -30 -34 99 -43 -53 -59 8 65 -44 39 91 -24 23 38 -41 -71 -19 60 96 -33 -73 -58 19 73 60 20 92 -48 5 34 -54 -94 -61 39 47 93 28 -40 -36 71 -32 8 -59 -33 50 16 54 11 -39 -62 42 74 64 -63 8 36 42 31 24 8 39 -85 -47 -18 -64 1 11 -67 -64 86 -94 -11 -22 -21 -6 -7 -96 -9 -75 56 -22 -2 42 -46 76 14 -91 -18 -77 -70 -48 38 -2 85 -25 25 9 73 26 7 -22 26 90 -58 -81 -74 93 -38 93 4 20 -51 -56 -67 -87 -74 35 51 -8 
-8 -38 96 97 -58 19 27 -59 8 69 -42 22 25 -70 91 -59 -34 48 -97 42 -39 -77 -29 88 20 -34 -15 33 86 79 2 96 -75 -47 58 -18 -73 41 95 77 -47 89 32 92 73 25 -56 40 74 22 -90 6 -78 94 -42 -98 46 18 -60 75 48 -58 -33 86 -49 81 21 19 -83 -6 -73 -91 -76 40 -42 26 -45 -38 -9 1 -4 -41 26 51 -42 36 -94 63 48 -67 63 -54 69 18 -74 -11 86 63 72 -82 14 8 -93 52 99 -49 -59 40 -85 -33 -82 68 37 -94 -56 -68 -40 -89 -27 74 28 -61 33 39 -16 99 4 -71 61 77 41 20 -35 6 -39 88 -95 -82 63 47 -20 -71 23 -89 16 -94 32 -27 0 3 -74 -3 -99 -4 74 55 -58 -26 5 -9 52 -36 -29 93 30 -94 99 94 -58 -38 22 -7 21 69 84 97 -68 -69 -57 -13 59 -2 78 -12 -43 58 22 48 3 -43 82 25 78 28 53 4 -18 -41 74 -90 -6 -95 62 -19 22 -67 24 -44 93 -51 -62 90 34 -22 25 -32 4 76 -8 38 9 28 62 -92 73 34 21 43 40 75 -82 2 -43 -40 -30 11 79 63 -86 -19 -8 -9 -41 89 0 -50 -29 -45 -41 -4 -20 9 46 95 -11 78 17 -56 25 3 1 95 11 -65 -30 70 80 -84 70 -65 33 -41 30 17 27 88 10 -14 -67 -74 52 92 58 -96 46 -4 -84 9 2 -17 -43 -32 -90 56 10 -31 20 45 -59 86 
48 15 -56 -92 -12 49 40 23 96 -46 11 87 -40 -29 -18 32 52 -35 -88 63 32 -29 -10 -14 -80 -77 52 -72 74 19 -23 79 -85 -96 85 7 27 -28 -85 -14 71 50 46 13 71 98 48 -6 -43 -38 -12 -30 25 -76 -91 67 -32 -11 86 61 -57 -76 27 -54 82 58 45 66 -45 -67 38 -29 -5 -65 -38 -33 -46 3 -30 92 28 79 38 16 75 53 -86 -14 -33 80 75 -15 -48 86 75 -35 77 -64 86 -76 22 -59 83 -68 36 62 26 45 88 79 3 -14 -85 72 32 -8 -8 33 12 -56 12 81 -7 74 -64 96 53 -85 71 -11 21 -87 60 -64 -67 -14 -55 -50 -15 -93 -65 46 18 -34 -88 23 87 43 -37 67 95 -29 42 74 92 3 45 -59 -32 -69 15 -68 6 -5 -52 -16 -49 -55 -16 -23 67 36 -2 -45 -36 86 -40 76 -65 -51 88 -44 -1 63 -24 6 -92 -62 74 0 43 -16 -95 7 -57 99 7 19 43 -83 60 55 44 -48 -38 51 1 -37 43 42 49 -19 48 93 37 42 -91 -52 -82 -54 64 -13 -88 -64 49 -78 13 44 73 98 -67 -92 -70 86 -99 64 -42 -88 38 -27 -70 57 -82 43 -32 70 -64 94 -13 36 12 -17 36 5 22 -52 5 -22 14 16 29 78 18 82 55 -25 -99 -50 -37 -93 61 58 -38 53 -91 2 16 73 -30 99 -2 72 -39 -25 -12 -41 32 73 -29 -60 -51 -40 67 76 -87 38 19 14 -13 78 
-69 -64 -64 -79 -68 94 1 16 79 20 -44 -30 45 48 -51 -61 97 -53 81 -2 61 99 37 51 -37 -59 41 -66 -89 -34 49 15 -69 96 73 27 74 -28 -13 11 86 -46 -73 -88 8 -45 -97 55 57 -72 -79 -31 34 15 -20 28 65 46 40 -45 68 -16 56 -44 76 13 30 6 71 72 -62 5 10 50 59 -41 14 46 98 68 -63 60 -20 -72 -37 38 -48 -7 -91 -99 94 -14 -58 -47 53 58 59 -92 43 -86 51 -87 70 46 -59 -55 -58 -88 -30 -29 22 -49 50 96 -32 47 96 50 79 7 2 3 65 73 91 -49 -31 -88 86 63 95 36 -78 -61 -51 14 -54 5 -88 -5 92 -27 -28 -31 -38 -83 75 -5 66 -73 -38 29 -97 -81 28 25 61 -76 -59 62 75 92 -18 -42 -99 -7 15 80 -65 -8 -85 0 -20 -41 -4 22 -55 0 -33 -65 -53 73 16 -18 79 73 -62 -53 -97 -58 55 24 -77 5 41 -44 55 -23 -10 -84 2 63 46 -55 75 99 -49 -30 -82 19 58 -8 60 27 -64 -51 -86 -42 92 -97 51 71 75 71 -94 6 -38 -62 -39 -75 7 -49 18 -27 78 11 3 93 -94 35 -84 -24 -92 -76 40 52 95 -24 -33 -79 73 57 -17 -22 -89 -91 -55 93 -25 40 43 -1 79 47 -33 -64 -3 -57 30 -98 77 2 80 -64 21 -20 -99 9 12 6 -90 45 4 1 25 53 84 67 76 -67 59 94 -28 26 -34 -38 11 97 -68 -87 
71 81 28 -48 -60 92 -18 -26 -99 -48 20 -56 -3 5 88 89 80 -49 64 -89 -86 -86 5 30 -5 24 -28 15 24 -67 29 -76 -46 -81 -67 -6 61 36 54 -50 -56 1 -5 56 -74 -59 77 38 97 56 65 28 48 -41 -51 5 72 -55 14 20 62 44 -90 72 81 -36 43 68 -5 -47 -86 44 -83 70 -38 -26 40 -80 0 61 8 -49 45 -23 -12 51 38 -62 -54 66 22 88 92 98 -57 21 -25 25 27 -57 -64 24 -83 27 -53 70 21 -45 -3 7 97 65 -82 74 45 2 -51 37 -30 -22 -65 62 -62 28 60 -42 -24 57 64 46 97 16 -9 94 -37 93 77 40 -43 20 -35 61 24 -77 47 0 -84 -13 62 92 -15 -30 -62 6 -83 -58 -42 -54 4 -31 27 94 -57 -87 -19 3 99 4 -69 82 -38 88 -40 72 -20 66 -68 -37 -79 36 37 -12 0 -79 99 95 58 93 -45 50 32 -31 -82 -96 -66 -43 -28 -81 -80 -52 -94 26 -24 -27 40 -43 44 25 14 -74 -64 21 96 24 17 -64 -57 -6 9 45 -63 52 13 -98 40 -67 -11 99 -59 -59 28 -58 51 -99 -47 -19 -86 96 -91 -41 53 -21 -80 -25 41 30 46 -54 -95 92 -39 53 -34 -2 -22 -26 72 -25 -33 -12 -86 -38 -91 99 58 61 56 52 -1 67 -57 -80 54 80 -29 -40 50 98 44 45 66 44 -80 -62 16 -5 37 -46 78 82 12 -33 26 74 59 -36 65 -7 66 -47 
95 41 -2 -7 65 47 71 0 85 50 -18 -41 -43 34 -32 78 -23 -53 -86 -28 27 36 9 -60 -73 28 -12 -26 -10 -23 -30 13 -21 53 -63 90 -84 -42 -52 81 18 35 -91 -26 81 -27 69 88 -86 19 8 -8 -60 -51 57 -23 -87 -27 -49 -69 -70 90 -95 -75 73 67 -99 -46 -52 -43 72 -43 99 -66 -49 -61 -4 -30 0 75 74 -93 3 -67 12 -8 -63 -24 -11 -14 83 -3 91 72 85 -56 -86 43 43 20 -53 46 62 -65 93 88 -16 -2 95 -5 -53 39 82 35 -7 17 22 -62 -28 61 10 7 63 -33 -68 57 -59 -46 15 -62 -3 24 -52 31 -49 92 75 -32 92 58 -40 15 44 14 -57 -43 15 90 58 18 98 -75 -57 -28 -15 61 84 -22 41 67 72 33 -57 61 -38 -94 -22 -67 35 41 44 -8 -54 -7 37 -7 -27 -45 57 96 -10 -7 -67 16 -69 12 -47 66 -38 -39 -25 26 -42 12 -62 -77 -86 -5 -65 -79 7 -28 16 -38 -11 -47 -47 -66 1 41 -17 -56 -70 20 37 -49 97 55 -48 -73 -42 -6 7 -64 -76 -51 -79 30 41 -44 89 -47 70 84 -1 98 -61 -84 95 -45 37 89 2 99 -27 -81 53 37 -52 -42 44 20 44 -68 14 -2 1 -82 -92 -34 92 -95 -12 87 -46 -35 -4 -42 22 30 -84 72 1 -96 71 61 58 -28 -33 16 31 -28 -92 84 -31 19 87 40 67 -15 -6 77 65 23 -8 -55 28 0 -44 61 
47 44 76 64 -6 16 26 -42 36 57 -87 -78 -58 13 -37 88 -2 35 62 -76 47 -50 -46 6 -66 85 72 40 -23 -32 40 -43 66 97 51 -64 -39 -43 -19 10 7 -19 99 18 -79 58 -22 -38 -26 85 53 2 -24 71 -90 88 -17 64 81 -80 -67 42 23 22 44 -6 -69 58 -39 -19 -71 -60 45 -52 -45 66 54 -51 -1 -4 -18 71 -12 -74 -67 4 -72 91 16 -74 83 91 2 -69 -43 -1 59 1 -52 28 -34 -57 -55 91 8 -46 -20 54 75 51 86 49 26 90 -59 41 47 67 86 13 -57 -98 -46 26 -55 -68 40 56 -32 -85 16 8 -75 27 45 45 -70 -69 -40 67 30 -1 -88 4 18 -96 -3 57 -42 -92 77 75 -12 -50 49 88 24 75 20 61 74 59 -7 54 -99 75 -71 7 -41 -67 21 86 73 86 92 -92 51 67 -12 -86 18 34 -60 -64 23 -40 71 74 24 53 51 -25 59 -45 18 -14 69 65 39 -56 21 -54 40 55 77 -63 59 -31 62 -67 91 42 25 20 -12 75 -35 82 0 76 -97 20 38 53 -15 -15 -93 53 51 -34 99 54 23 21 -97 78 23 -33 -78 28 -96 47 31 -92 -42 -33 86 7 -26 -3 -38 14 -68 -73 96 50 24 -71 23 -68 -86 74 -87 -99 -83 2 -92 92 74 -72 -67 18 3 -44 10 67 -30 -95 -91 6 59 -87 29 -96 -36 53 21 82 63 94 -57 -5 36 89 24 -62 99 62 -99 61 
-30 95 29 37 39 64 42 44 66 59 9 -23 74 35 88 -9 95 6 -48 94 -33 -13 53 -85 43 33 -70 52 80 -94 -59 -89 97 -56 -43 77 64 -27 89 55 -39 -11 21 54 53 31 35 -51 69 -75 41 -73 -85 37 -45 52 6 59 68 23 -49 95 -36 63 23 -59 8 -39 -19 -53 -9 79 -53 -25 57 64 73 31 46 83 73 -57 -11 -84 -5 -58 -71 73 42 -82 25 63 -22 62 52 -29 24 86 89 -62 68 48 67 59 -35 33 -24 3 -72 28 -22 -6 -56 -11 40 -39 12 -6 -2 -68 47 86 65 12 76 95 -97 -18 92 -26 -16 23 -81 -3 -84 -32 67 -28 -18 20 -81 10 -35 -26 -39 -10 52 -10 14 12 2 80 -37 -27 -68 4 5 -52 22 71 -70 -7 88 -7 37 -86 -53 -64 19 -1 90 -97 -70 27 -45 82 49 -1 94 26 -38 80 -8 -65 -88 -85 -85 -62 -28 -32 -4 46 21 -69 14 -81 41 -88 -82 -70 30 -19 65 61 23 -5 -27 74 49 67 -18 -75 -70 11 -38 -59 58 43 -17 72 95 34 27 7 -40 -33 -87 -97 -72 -31 -1 6 24 -85 -53 4 41 -46 60 -3 -87 41 77 34 -96 -54 -76 -97 17 88 50 -99 71 86 58 86 54 13 88 73 5 57 -96 -12 -30 -6 56 70 -64 10 0 64 -99 29 86 -68 -18 -45 29 58 -88 -25 -88 72 -22 -5 -19 -23 -11 -91 -13 -75 95 78 -40 -74 15 -59 61 26 
-24 -4 -76 50 -8 0 -3 25 42 -28 -86 72 -18 87 38 2 -63 92 -35 67 33 91 67 -22 -1 64 -24 97 -45 -59 -93 0 -62 77 -93 24 74 58 -60 84 -58 -75 -43 39 -24 -57 -17 68 49 -93 61 -90 96 -76 1 -82 29 -91 36 81 29 39 17 -48 47 79 -27 21 16 97 -5 -24 -16 73 17 81 -42 -79 -23 -57 65 92 -69 -49 69 -98 7 -74 13 33 -27 80 -12 14 31 1 -90 22 23 -98 63 10 -16 -7 51 70 32 -46 -30 -6 -2 62 -23 -94 -84 1 23 46 -18 -57 -47 57 -37 -71 98 37 64 98 -94 -74 -95 -43 44 85 12 -5 69 33 -46 -97 31 1 -98 -42 23 60 -32 33 -59 -21 -99 -57 34 -5 63 90 -63 76 -20 89 -68 2 -56 -92 29 71 -6 67 -52 -59 10 -58 10 -27 -44 -77 -44 2 -12 -84 -85 -19 -47 -75 88 -10 -55 -9 -7 -37 -80 50 62 -73 -52 -95 70 49 58 -74 -96 -99 -89 41 20 72 43 -53 40 -96 20 -54 -45 -72 -61 53 -11 49 86 16 3 -10 -31 18 85 -28 -1 -76 -69 26 78 -18 -63 16 -91 6 84 55 -10 -18 52 -65 57 -17 -20 28 -61 -11 -75 39 -82 -13 81 44 -35 58 99 72 -69 -90 20 -57 73 10 -41 -11 -59 -65 75 11 36 -56 15 -72 -98 -16 -43 17 -21 -47 -70 -41 -54 80 55 -54 16 69 52 90 50 97 -71 -4 76 13 59 47 18 20 
42 -45 -33 -24 -4 44 36 66 96 93 -36 61 -48 -63 87 -93 -68 -24 50 40 0 -47 -51 -47 -44 -82 -67 23 41 15 34 -45 -51 -36 -20 -82 -90 -26 -43 45 -10 50 13 63 -18 26 -56 -96 29 -58 -63 -72 -20 -86 -40 39 -17 98 97 36 21 48 91 56 70 -19 86 -96 51 -62 -95 29 7 11 -78 68 -75 14 -76 5 46 -15 93 46 74 92 31 -52 -63 -5 -23 9 91 -39 -25 73 -6 8 -25 34 -42 83 -2 91 97 95 99 -53 -67 80 -14 40 -73 -94 80 -56 81 66 -10 98 -12 -12 -15 61 -7 -32 15 -83 86 46 14 34 16 89 -93 -66 -77 -47 35 -65 -65 -63 30 3 60 99 9 60 40 -53 74 74 -45 -7 15 8 47 8 20 -71 -38 -45 -15 61 -77 29 -28 20 -10 90 29 -38 -27 -44 -92 46 15 29 -68 3 -94 38 69 86 -97 -16 -90 30 17 21 -56 75 76 -73 83 33 88 -94 21 -88 52 84 62 -79 -64 -96 78 22 8 82 48 68 -56 -26 -93 -22 6 -1 54 -2 48 -61 87 -41 3 -52 46 33 -98 51 -44 -4 43 -95 -6 66 90 -52 82 10 98 -90 -95 -13 -66 -14 61 -49 87 5 49 -48 -2 -42 30 3 25 68 28 -96 65 -73 -39 -41 8 46 95 84 18 -19 -62 -81 -74 26 59 -81 -34 -34 -44 -93 -52 -35 -96 20 -98 -64 -34 68 4 -1 -75 -82 -73 -76 -37 -86 -31 72 -81 21 
-57 -41 -55 85 42 7 17 49 -21 67 93 39 -97 -95 -90 -98 -92 59 96 -94 50 -84 -20 44 78 -39 38 4 -69 5 25 85 4 99 -54 13 -86 92 27 63 -45 -90 -80 -93 -90 44 37 51 77 -87 -26 95 -83 -13 -15 15 94 20 -60 69 10 -68 -73 50 -81 18 0 -38 -16 49 -48 73 56 -27 95 96 42 -65 -65 -44 -81 74 -37 -15 -62 -87 73 -10 -8 80 32 -21 33 65 10 -17 50 -8 41 93 9 42 66 20 24 -68 91 90 -50 -77 -70 0 -16 -14 -32 80 -42 54 -5 -40 36 -20 95 29 9 17 11 47 7 27 -48 -72 57 98 -75 74 -20 -8 -71 69 64 17 -36 58 -61 85 -85 -17 5 -29 -25 75 -64 91 -78 13 57 -5 75 -30 -88 -76 25 81 -22 38 -39 -95 -44 87 35 -94 -70 87 56 -92 -40 5 68 -74 16 14 53 -81 49 -86 -21 -46 11 67 95 38 -68 81 36 3 -1 80 86 72 31 -51 56 38 0 -65 40 82 -61 -92 -25 -97 39 68 15 -98 -90 -62 84 -97 -52 -35 -22 -30 79 93 -96 -99 58 -27 93 -30 -69 34 46 -1 42 23 -41 18 12 18 -72 -62 -27 10 60 -72 98 57 67 -59 -75 16 -28 48 80 81 25 11 9 58 -13 -49 -42 67 72 83 71 10 70 -93 92 22 30 17 24 48 -3 0 42 23 -32 -89 45 11 -57 -88 40 -34 13 -63 -49 75 -18 65 -71 -36 -48 -51 
-53 -49 43 -94 -56 6 -66 21 -84 53 -84 84 14 52 -27 19 60 1 -34 -97 43 -74 23 -94 -42 -40 41 -7 -27 37 41 84 -92 28 95 3 -27 -87 -32 -71 78 -43 -15 -92 0 90 16 34 30 35 62 52 18 73 -42 45 22 -93 8 -24 65 -2 49 70 -94 88 53 15 97 18 7 13 -6 21 53 -41 -38 8 42 86 63 25 -67 94 9 -87 66 42 -20 44 -66 84 25 16 -41 -12 69 -25 -42 -16 84 60 74 -88 -12 38 -87 91 45 11 75 70 44 -57 -40 52 36 -52 -58 15 -23 -38 -46 -48 -13 -72 -33 76 43 -76 -4 -13 77 -30 2 -46 -37 -7 -95 52 39 29 85 -27 -92 -43 67 -18 -32 8 58 -23 -58 -24 80 -25 -4 94 -49 7 -18 -30 99 57 67 79 -29 -31 70 2 -86 18 -89 -7 -9 15 -35 -33 -6 -97 -83 55 35 35 48 -66 4 -23 9 10 0 -54 21 -57 13 -69 90 44 -29 -53 39 45 37 -4 8 -42 -82 -25 -28 -67 -41 -73 -90 44 -96 -70 -18 13 96 81 98 29 15 22 -59 0 94 -33 94 -13 77 40 -23 29 53 88 60 43 -57 64 67 12 -76 -70 -50 -6 -91 26 -61 -81 -58 -96 -20 -98 -22 -7 -34 30 46 -44 74 -44 -96 98 -93 56 83 93 -97 99 83 -78 -33 90 66 85 88 -81 39 55 -34 18 -65 22 -52 -90 80 -21 -30 50 -16 -15 71 -69 -52 -69 -38 28 -68 37 
23 36 -25 82 30 -85 -93 -7 22 29 -34 -24 -49 -57 16 -86 11 -72 -70 -69 4 74 -31 -95 37 20 -81 45 -14 -28 77 -23 85 28 -73 -88 0 30 -20 84 28 -3 36 -90 97 53 -59 15 -42 -39 75 91 98 42 75 -9 38 -6 70 44 7 -89 15 64 0 45 66 -66 -70 -89 33 85 -40 93 78 73 -14 36 -56 -73 86 -56 -49 -61 -4 92 -76 -47 50 18 -62 -40 94 -66 -15 -52 54 -15 -71 -94 51 -43 92 17 -15 -20 -2 47 43 44 68 76 77 6 63 -92 19 27 78 -74 -34 57 65 52 -99 -11 -95 -94 -14 76 -3 12 43 35 -4 -69 -17 -82 48 40 78 91 40 58 -13 74 69 -69 2 39 -15 9 -79 -66 13 -53 52 -44 -28 -25 41 10 -33 68 29 6 -72 -91 80 30 94 90 8 -13 -69 90 52 -63 -95 -95 91 -9 -33 -68 96 69 85 27 -41 -92 64 92 -20 -62 12 -17 -21 -74 18 57 49 -32 -52 -68 63 -62 90 93 90 -90 -85 20 -51 67 93 -82 -14 14 0 44 8 -19 6 23 75 9 53 29 -23 -86 11 51 -28 47 -35 -7 57 -56 79 10 -35 40 -71 97 77 -79 49 19 0 47 20 41 -32 -23 29 94 -87 36 90 41 -50 18 60 56 -87 44 48 68 -22 1 8 16 -85 -27 50 -13 -37 -4 59 52 -13 -91 19 -42 -17 -45 -81 -5 -77 -42 -65 18 72 16 -66 -63 47 -3 -22 -88 
-72 39 64 -17 -38 -56 -68 99 -64 -65 -34 62 49 70 87 31 -86 -92 -67 -88 -18 -22 11 -14 30 -51 -54 52 64 76 83 -27 -12 -21 -20 77 -94 -12 -30 -56 -94 -23 -45 55 -69 66 -9 59 61 -45 -56 -9 13 95 88 -67 24 -17 87 -75 97 45 -28 -1 20 -62 33 -38 -8 68 42 56 -40 21 26 70 85 -43 -24 3 -87 78 -94 11 52 -95 19 78 99 20 98 40 -73 64 61 -34 -3 96 -81 -5 44 12 -96 4 -98 97 56 -28 86 68 -31 -81 -4 -75 48 45 -21 -71 -5 2 11 84 -70 42 -22 89 50 78 5 32 71 30 -64 -27 -10 -84 -23 -35 71 53 -53 -79 -92 27 -48 1 16 -5 53 22 27 -18 31 -65 11 -57 -78 6 49 36 -92 -17 10 -48 46 -97 -53 -51 -54 -89 38 -92 -4 30 74 -23 3 -56 -2 -74 -83 -34 -66 -77 76 -78 51 -19 -56 -38 49 -96 82 50 61 71 73 79 -97 -43 14 86 8 -46 -61 43 -33 -89 -50 -15 63 -70 50 -61 81 93 -94 -4 41 23 6 34 53 -94 19 -68 -32 -1 90 -18 60 23 99 -30 -91 -26 -69 1 -40 2 36 88 -41 -2 -10 -20 -19 -74 -5 -33 -87 32 51 28 8 97 54 54 -48 -94 86 13 -91 -73 -35 37 -54 -86 -31 7 -24 -10 89 -56 46 16 -24 60 -41 77 -3 -92 79 70 68 14 10 29 -98 -94 -21 55 26 41 75 74 86 92 8 13 
98 -37 80 -31 -20 -95 -35 31 31 11 -49 -93 12 20 36 -43 90 -78 96 14 -11 37 27 80 56 -3 6 -29 55 4 59 -58 9 -38 -45 -63 91 -79 -99 54 25 60 -93 -70 50 37 -48 -55 -68 -56 -77 -72 -10 -68 -44 -29 -98 72 20 -50 -30 33 -54 -67 -30 30 -43 -18 -13 -64 -83 58 4 -34 55 28 -96 -47 -53 -20 -83 5 85 -58 -43 62 -30 15 -69 55 -13 -95 45 -26 -10 -19 31 -11 -9 23 7 26 -43 -86 -70 13 -95 -21 -59 22 -50 38 18 89 -4 -10 -80 37 84 -71 -38 -70 -11 27 -58 -54 -5 43 19 53 -91 77 73 60 44 -18 7 -47 39 -78 -20 -34 37 -73 53 -87 -56 -97 90 -10 62 -74 -10 10 50 7 96 -68 -88 -27 8 -30 38 -78 87 -28 15 -7 88 60 62 89 14 98 -36 -55 -48 -83 99 -62 -74 -82 -54 48 -10 72 12 89 -71 46 -34 -79 51 -53 -10 -38 -72 88 50 -98 70 -55 -83 15 -48 -69 31 23 22 8 -89 -15 -73 -53 -11 32 48 -46 57 23 34 -68 -1 -71 -21 -13 -82 -32 -15 -63 9 -39 -36 73 -39 -74 13 -30 19 -12 -46 89 -29 93 -90 -66 -76 -89 99 23 -82 -19 -9 -42 -2 -60 -61 91 -78 7 99 -33 -34 51 92 -85 97 8 -4 -83 -13 95 -53 -8 88 9 67 62 -35 81 -78 -24 68 -32 86 92 -38 -11 -15 -77 49 -29 19 -36 5 17 88 -72 -22 -51 
79 3 -59 95 47 8 82 -24 40 47 -64 36 71 -28 1 16 56 97 -98 10 -45 71 91 50 -59 -28 -41 65 -97 -29 -5 -5 -45 -8 30 35 81 94 50 65 -87 -3 -59 94 -44 99 81 -79 80 0 -93 97 -3 -74 53 65 -93 -34 3 -36 -7 96 26 -43 25 -94 -48 -74 -78 3 -31 43 18 18 96 74 88 43 91 41 -16 86 15 41 -27 1 86 -3 -62 47 -6 -88 0 20 23 -60 6 94 -49 -63 -49 15 30 -92 -67 78 -67 -45 98 16 -42 95 40 -26 -58 61 -11 77 -48 -76 33 52 -64 -65 -58 -80 -48 12 -8 -24 13 4 66 74 -30 15 -52 -58 -76 77 -72 -40 -47 -30 -32 -57 82 -59 -2 -5 26 -47 41 73 40 90 15 34 -9 6 59 -40 7 91 -57 52 67 -43 -71 -31 90 -55 31 81 26 -94 62 67 42 25 -2 -6 -36 -48 52 68 2 -4 -2 3 -1 46 60 -15 -53 -10 -95 20 86 81 -72 46 -67 26 -92 -19 11 47 2 -46 43 86 35 37 98 -45 -63 -8 61 -31 45 -76 -87 89 -41 -11 58 -10 48 39 0 -31 37 -6 97 17 -97 -12 82 30 39 -66 -17 -70 -1 22 -90 87 -53 59 69 -50 26 23 -52 -79 36 -30 -20 10 57 38 -8 29 -71 26 -25 41 74 -39 -36 54 11 -61 -93 -79 25 -91 91 -25 -24 82 25 47 -77 59 0 87 -52 -12 28 -72 -77 73 -71 -34 -76 17 -97 -12 
-7 23 -11 -51 -68 92 5 53 30 -86 79 -63 -31 2 -62 -69 93 -81 -89 -34 -1 99 69 55 81 62 88 -21 -14 -91 97 39 -59 91 -94 -28 -75 -16 14 17 41 -10 -75 -80 -22 22 31 95 -56 82 65 29 69 25 43 -4 -46 -13 93 -32 -74 33 -77 8 -84 13 -59 76 -36 -70 -50 1 64 81 89 -31 -95 76 73 -62 -7 30 -1 -88 23 11 39 -81 1 -42 -20 -11 66 -78 85 -62 -43 29 -67 45 1 -25 -27 20 -46 -2 -15 91 -39 -43 46 -54 -60 -99 -12 -55 -98 35 91 19 65 -54 -69 63 -22 34 -26 30 -48 47 -66 24 99 96 -75 52 -58 76 -36 -76 71 -76 76 39 -7 98 -75 22 56 5 -85 59 -31 54 5 -89 7 93 -78 53 -31 98 -59 -78 -98 -1 58 -28 37 49 60 63 75 96 -31 32 75 20 45 -1 86 23 33 92 -20 48 -56 -57 81 17 7 69 -82 82 -36 7 29 -85 -93 -52 -34 -21 -12 -61 56 57 -55 -97 -44 -70 67 93 37 -80 -13 -63 77 86 -34 1 41 -81 -77 36 90 22 -42 47 19 8 79 -20 30 -11 -61 74 8 -14 -33 56 48 16 -82 86 1 57 -73 -94 -45 59 37 -42 -27 -25 -95 10 26 9 26 38 -85 36 -65 30 45 3 -83 87 -24 -78 79 62 -54 -2 -60 -11 -20 -76 82 76 -51 -15 68 48 -61 91 3 -60 -29 -8 14 3 -54 88 42 -45 6 70 -61 -39 
-22 -31 6 -82 21 59 -48 38 -44 73 96 85 44 78 -84 -67 52 -30 -51 -62 90 -15 -17 -3 50 -19 -82 42 -47 -32 -30 -28 -51 93 14 52 -39 -22 53 -29 24 54 24 4 -63 82 48 -27 -65 -27 15 79 57 -3 70 -98 78 -7 23 -60 37 5 50 29 -64 57 -15 -81 94 -7 89 18 60 75 -67 -7 -95 -63 15 88 56 62 24 -64 -73 99 -37 -37 60 68 98 60 58 85 -32 66 95 -48 80 6 66 75 -13 38 -82 12 -30 -88 0 43 42 -36 63 58 7 -27 -69 -39 23 55 7 9 29 -90 -71 42 58 -83 99 63 72 93 31 56 -53 -78 26 -67 95 -16 59 67 39 45 -81 -20 12 20 16 -23 29 83 40 17 -18 91 4 39 -1 -26 -2 74 79 -9 -75 -36 -14 52 -66 35 -53 60 26 1 -77 10 -39 42 -37 5 -28 -59 35 46 -72 21 2 39 -46 99 83 62 21 63 -34 -59 -72 -43 -66 -88 29 -19 -26 86 95 35 92 93 42 -81 -69 77 -95 40 -91 -28 82 -52 79 80 -39 -22 -50 -33 -89 -28 -56 76 -65 -81 97 76 84 -40 -24 -93 -27 86 26 32 -72 84 64 -41 -38 60 66 -15 32 -17 83 -27 -14 -43 -85 37 54 -64 -99 96 -49 0 -3 19 -87 23 -39 -8 72 5 -53 -13 29 6 -72 58 74 -85 -67 -93 81 -87 96 35 -31 50 -92 -82 -48 88 6 61 28 12 -34 -92 45 88 18 -22 
-73 32 22 85 1 13 -38 85 82 -22 81 -13 -85 48 80 -49 30 -68 -62 14 82 25 -92 60 63 94 81 -60 54 -3 -18 59 -88 -57 -29 14 -53 -98 21 -22 72 89 -37 -95 63 97 -56 32 1 4 93 30 -95 70 0 -53 67 -82 -30 10 -39 56 97 -68 46 -29 -83 24 -53 58 -94 36 46 -51 -91 31 35 34 3 -49 -41 -64 74 -37 -9 76 21 -66 96 -53 -1 -94 -36 -30 27 -83 -66 14 -64 63 63 -65 94 -11 47 -78 -73 -91 -78 23 -7 -54 29 -11 -6 -24 -43 93 -9 0 -82 -23 -45 45 -92 34 39 96 19 -33 -87 -28 -64 45 12 -71 -98 98 -24 32 -78 95 58 14 46 -45 -90 -10 -68 33 73 18 14 -69 -37 -56 -49 78 -46 -13 -3 -16 78 89 -83 33 -37 -25 79 34 -45 -1 16 9 88 -14 92 -46 29 -40 25 70 46 23 44 -4 -99 11 29 -9 67 -4 70 -48 -54 -18 3 3 -4 -54 -37 81 -87 -31 -34 -82 -13 -82 -37 -31 -99 0 -76 -26 99 -54 48 20 -80 -47 58 -74 -45 30 23 84 -96 47 39 57 -24 86 -83 -80 -91 -75 -92 -27 3 -38 31 -20 20 -78 28 -22 99 14 -23 -84 -14 37 68 -37 73 -44 19 -74 -45 -90 48 92 -90 6 12 24 82 86 -38 -78 -2 -30 49 27 98 31 -15 -23 -3 19 -38 55 78 29 -2 48 88 5 1 14 -18 -42 33 69 18 -58 -94 0 -83 31 
-43 -96 -87 17 17 82 55 -2 18 -5 83 -88 -20 9 -77 -79 -30 -79 15 -97 24 85 11 9 -91 -58 1 93 -37 -85 -21 -32 -96 -75 -34 -53 -88 -21 92 54 -66 51 -68 71 -13 76 -79 -64 -53 -84 12 71 -12 -61 82 -89 34 63 37 -42 62 32 -90 65 56 52 -76 92 -43 11 87 -72 47 31 -4 45 -81 17 -44 57 75 32 -83 95 40 32 49 4 -48 -87 -13 -74 -71 -55 -35 -76 50 14 97 23 89 72 67 -91 -11 11 -60 4 88 -10 -76 35 80 -69 -17 -78 39 23 -23 60 45 -99 -81 -48 66 -26 -52 -28 -33 5 -54 64 23 47 4 -84 -33 -1 -27 18 57 -53 -67 -89 -69 -65 -61 60 -43 29 76 -52 -54 -35 -83 85 25 -95 -63 -64 -3 -57 -63 -25 -79 -44 13 -35 -97 0 -15 -82 -37 -95 34 91 42 29 -73 -18 11 99 -30 28 66 41 77 7 -66 -84 93 33 47 81 86 74 55 -60 92 34 95 77 78 30 -75 5 30 77 78 -70 -30 55 -69 9 94 95 -72 -72 -92 92 99 -16 56 49 3 -68 -43 -20 -54 11 -84 -4 -41 -39 35 -87 41 -74 64 67 10 81 -31 -56 25 66 97 -97 99 81 -70 -56 10 14 -57 -5 59 -64 54 0 25 -95 38 87 -48 -25 -86 82 -78 -67 -38 87 -6 -77 -30 7 50 -28 -26 -98 64 93 75 -72 -1 -93 -48 -21 -6 64 -34 78 -96 -46 28 39 -88 -26 -11 23 
21 -39 -41 60 -39 88 -34 -99 72 -43 -69 39 81 15 92 -91 -22 26 -41 3 95 18 -44 49 -27 88 64 -53 -12 -62 -55 -23 -89 -64 -27 71 88 -53 96 -25 -61 -18 53 89 57 -40 71 -88 -95 -68 -14 36 -34 27 38 -20 1 -33 73 -1 -23 48 -53 -50 2 -83 -69 -33 -63 -11 -23 77 7 -64 40 58 -55 -30 -84 -77 49 42 -63 72 -17 -16 -32 98 4 -24 58 17 -78 10 -95 45 -44 22 -24 -42 40 -93 -27 17 -49 -96 2 -87 9 85 75 93 63 -21 -11 -63 43 -90 -18 -71 -24 32 36 49 -25 -70 -59 -72 -55 -98 -73 16 48 -81 60 -33 86 -99 62 49 -40 -59 14 -63 42 20 4 82 -51 -47 63 22 24 47 -95 38 4 37 -7 -43 55 -1 82 -56 57 38 -40 59 -22 -63 24 26 22 -33 7 -74 -8 42 -13 58 20 -6 7 30 -98 -2 -94 25 55 28 -60 56 -50 20 -44 39 73 -55 6 -72 34 84 -31 -34 -5 -77 7 98 -32 49 -43 -22 86 -91 -47 97 8 -14 -40 13 -45 62 9 -88 7 -62 -61 -39 17 -22 -53 28 -91 -54 -9 -47 -70 96 47 -11 69 -23 -56 -84 24 -31 -14 -3 51 45 67 34 -26 90 -92 37 -18 50 99 -68 -79 72 7 52 36 53 -70 98 52 42 -92 -39 -24 -46 -74 41 22 -27 -59 0 -75 -60 -90 16 93 -3 -46 -22 75 49 -77 70 -4 28 26 50 31 64 -27 78 
35 37 -86 4 -56 -27 -43 21 48 -14 -72 70 97 -42 -90 -20 12 -7 -55 -28 -64 -39 -30 -9 -98 37 54 -32 18 -96 -17 -1 -1 -39 68 74 78 -43 37 18 -17 -2 71 -62 -50 -76 41 -18 -63 -47 91 -45 57 -62 81 -64 -60 91 89 49 35 23 -27 -73 41 -50 -11 87 63 89 -16 -45 86 -68 41 92 45 50 86 -98 -11 -53 -49 93 45 -72 44 -21 59 -25 72 98 -98 70 97 91 -29 73 -28 -77 26 16 88 -13 -4 36 -15 -12 56 86 -91 51 3 -26 24 -88 -49 11 59 21 -11 4 93 85 12 -45 -5 19 47 -71 -10 -43 75 48 -75 97 -69 -41 -67 -93 -32 -95 -15 37 -75 97 27 -98 73 -74 -63 -7 36 22 -81 -62 75 -83 45 64 -96 -26 32 58 97 88 -57 96 -45 -58 57 92 14 -89 67 94 13 39 85 48 21 -57 35 56 88 -63 63 83 47 -75 -23 -56 23 -66 98 -71 -40 40 -60 -39 -23 -45 -55 -47 72 -30 -9 -42 -96 -13 -62 33 -82 -73 -75 -2 -55 -84 -81 -88 -70 76 63 70 -1 -74 68 96 -92 -69 -74 27 -47 -34 -72 -7 -2 78 3 -82 81 -8 71 -34 -2 73 -11 -95 -18 -75 -42 -28 -98 -69 -76 -46 4 62 32 54 32 55 57 -6 -50 71 -48 -56 95 27 94 -32 11 96 -82 -14 -57 -27 21 88 26 -76 -69 45 -13 -21 -77 -67 58 -13 95 -78 70 34 35 56 82 29 -27 99 
-86 71 3 -74 -3 10 52 -69 -54 10 98 -38 -54 -62 68 7 -73 39 37 40 -42 6 -26 -16 -60 84 -26 40 -23 -72 -37 52 46 -73 80 40 -69 -98 65 63 -20 35 -27 28 -9 -83 78 -36 -96 -73 -7 -60 -51 87 -69 -48 2 -46 0 66 -27 -83 34 22 -1 38 22 55 11 5 92 -55 63 -40 77 -42 57 -55 85 -18 14 -84 -10 -10 54 -71 40 -31 -3 51 -81 82 -81 76 -17 -77 -6 48 70 13 16 15 14 -35 -7 -43 56 48 84 -35 -45 93 1 -52 43 -87 -57 -45 -76 5 -19 -18 81 -64 47 -50 -48 -32 29 -6 -53 -86 39 -44 58 75 13 -4 -97 91 59 -83 34 23 -80 24 50 58 -72 -77 13 60 -15 13 -13 -99 -31 72 24 -70 81 43 -82 -76 -48 47 -69 -75 -53 -90 18 -23 -52 3 17 -73 70 -56 -18 7 -29 50 89 97 89 74 10 -54 4 46 -98 80 -91 -44 -69 -29 -63 -95 -49 -76 -72 59 -46 -43 95 87 73 -77 65 -35 -43 -34 79 83 10 -24 84 92 7 71 -79 67 26 -17 -21 24 10 78 90 74 -85 44 -61 -64 -62 -21 92 99 -77 90 98 11 -91 43 -95 -32 -21 -19 74 -10 46 -26 65 -73 -11 -32 9 70 61 -34 20 32 35 88 70 90 11 -48 -90 -37 27 73 -58 -64 -86 36 -55 39 14 98 -56 -51 8 -88 -34 80 62 -9 93 -24 -65 -85 48 45 66 -44 -68 6 27 -51 
29 -72 -3 9 10 -15 -4 -89 78 35 75 6 19 16 -80 -30 60 -89 60 -92 38 -46 92 -97 75 47 -88 39 -92 29 -14 -61 -88 43 -79 -66 -97 -65 57 -11 93 84 74 12 -57 36 86 -1 34 -3 76 -3 97 -54 78 -63 46 99 18 -38 27 -36 98 -81 -67 -46 98 -23 61 93 -52 30 -40 -86 -4 -77 2 -87 26 77 82 -83 -47 -27 -32 22 -87 -79 -46 61 46 43 -32 14 -10 -18 -88 33 44 -36 -93 29 59 81 -41 -21 -92 -30 63 80 3 -19 50 39 8 43 63 -18 29 -82 -98 52 -64 -36 -15 -19 29 51 48 -84 -48 -50 -27 -94 67 89 84 -68 22 16 37 -32 94 -88 91 -1 -90 42 -95 22 74 90 -26 -13 -27 34 48 -76 -64 -55 53 -33 -42 87 -26 15 -10 -34 -23 85 96 20 -48 4 -12 -29 75 91 66 -95 -3 1 40 29 -33 -87 -12 60 -28 31 34 -24 -48 -51 14 23 3 -17 -75 -87 -77 17 37 -30 -58 8 -13 -47 48 75 -95 58 -46 38 -2 85 -79 1 23 78 16 -40 -64 -44 80 16 17 -34 -70 93 -15 -35 -82 -35 -41 15 57 -68 -63 15 36 -27 -7 25 -28 50 -35 -92 -74 91 71 20 19 90 58 56 -46 56 -56 21 6 94 -41 -14 7 30 -9 67 60 53 98 13 44 0 -86 93 89 -49 -94 -25 -86 16 -68 45 -66 0 -31 79 -64 -50 48 56 -72 -3 50 -65 13 -21 76 4 
27 -81 10 -39 -8 -95 60 45 60 46 -7 -73 -68 1 88 77 -43 -70 45 56 32 41 -66 -30 38 71 6 -68 7 -99 -33 61 10 -69 25 39 -91 -40 -90 -40 -51 -24 82 98 4 -59 32 -65 -67 -84 14 45 96 3 -56 -46 -8 -79 54 61 -32 20 98 -27 42 90 39 -79 70 -29 -54 -57 67 -29 42 56 69 53 70 -1 83 -76 76 70 28 -28 -94 -37 22 -56 -30 37 -76 -45 48 -98 69 61 30 44 -66 6 -63 65 39 -72 84 -6 44 88 -12 -53 10 -85 49 -16 39 79 -74 -85 77 -66 -63 2 82 51 -57 -95 83 -95 -15 9 -1 -73 -9 27 66 72 -99 -64 23 -75 -82 85 28 46 29 -69 53 -80 -78 -43 15 12 -45 -74 94 54 -15 -62 54 71 -27 -24 -53 -8 34 -46 -1 90 -69 66 84 -31 -65 -49 97 4 -11 24 -25 15 21 0 -59 32 -33 10 -8 33 -8 -83 -1 15 9 -63 -30 -77 -65 -62 -69 66 -43 3 79 26 -70 39 90 71 -84 1 85 20 -97 -86 -61 -92 -2 -49 52 59 -8 -12 -88 -84 -15 -87 -92 37 -89 32 68 78 -24 55 -89 -39 71 13 -74 -9 10 30 46 -85 53 67 -61 16 -51 -59 -1 -5 95 -6 -32 -51 -58 86 -23 47 -79 53 -67 67 -70 96 56 -96 -59 -40 -99 -28 82 42 -35 75 41 -8 -18 -3 3 1 66 98 21 -62 56 19 62 -64 -23 -71 73 -22 87 39 -26 97 
-25 43 64 0 92 -51 91 -68 63 -56 -85 -88 92 18 86 -84 -62 -38 -30 -80 -26 28 11 -30 81 -15 -44 14 77 59 8 -12 -95 33 49 81 23 55 7 -47 -61 -44 -3 15 -64 43 -59 32 6 -32 -46 -64 -98 6 -2 58 -86 -16 32 -1 92 56 78 64 62 -8 47 -86 62 -49 13 -8 -30 8 -38 -78 25 -98 -82 -9 44 -36 -69 -55 -69 43 -20 -98 8 -44 -85 64 -29 -44 -23 -18 -89 94 -44 38 -44 28 -30 -38 48 -3 93 11 -80 14 -19 -69 4 -7 73 -65 -4 97 -77 92 12 58 28 38 59 78 -90 28 -41 -15 85 -44 32 72 87 7 -90 -56 88 26 26 0 -22 20 19 94 -37 -79 83 -81 75 -8 -48 -87 73 45 -46 -60 -41 -82 26 -35 92 -2 -70 -1 50 -34 -63 2 -77 -61 -7 73 -37 53 -2 36 -70 17 -46 -13 -35 53 99 4 -32 -94 -39 -80 21 61 -19 1 46 58 -66 -14 -41 -26 92 53 -82 -50 52 -21 -61 58 99 -17 48 -35 -50 -90 -4 91 -93 76 -94 67 98 -74 -60 -35 69 55 93 -6 -91 72 57 -4 -83 40 74 -43 77 -12 55 88 -11 92 6 1 -10 28 54 19 69 72 93 -57 99 62 -31 -99 49 -48 -71 -43 -36 30 73 -43 -71 -28 7 -47 -75 -97 -61 94 -16 -78 -96 -7 -91 9 35 45 -69 -2 86 38 -57 29 -91 -36 58 -89 57 -72 -10 91 7 -53 -37 -84 -58 91 
-39 -79 -38 56 -21 -44 -14 -29 50 -84 -16 -62 80 -82 47 91 -82 56 38 -48 80 -52 66 -16 -12 16 9 -48 94 70 -83 91 -66 -96 -87 -17 -22 73 -88 58 -59 72 -44 -35 -47 96 23 -65 27 -99 50 19 12 8 -48 99 6 94 42 -17 52 96 -84 34 34 39 55 -87 35 20 84 10 -49 69 19 -45 94 59 70 -38 -79 -17 -83 -47 61 99 58 9 69 80 80 87 68 50 2 94 -98 -85 -67 46 49 -1 -77 11 29 23 -79 99 32 -6 -9 -1 -42 -80 87 34 -50 -41 -57 77 52 55 -23 -64 28 -81 -12 -55 86 -25 -30 -54 -39 80 -14 -63 38 48 86 84 4 -50 69 -36 -53 -9 26 -24 43 -81 -94 98 7 -34 -68 95 -74 83 24 86 -15 66 3 -62 30 60 -14 33 -47 -14 23 94 95 -92 65 6 7 4 6 -17 -45 40 -71 95 29 16 -44 98 -65 -13 81 -16 39 -40 12 -23 24 -69 40 -31 -72 9 49 6 -31 -24 86 -28 -29 28 -82 25 76 -17 73 53 63 78 74 -94 76 3 6 -72 72 -42 59 -86 92 82 -49 -88 -39 -49 -38 62 -64 58 53 -1 -85 -67 -5 -32 47 -1 11 53 99 -51 -75 37 -51 35 56 -92 -50 -41 84 -38 94 -33 62 56 32 -91 -96 -67 17 56 31 -72 30 -21 81 39 -51 -62 28 73 -29 91 88 46 64 -85 -28 74 -13 55 40 95 69 30 67 -38 34 40 -36 -16 
15 65 -36 -46 -48 24 -28 95 44 -88 22 -13 27 28 29 -86 -19 -65 -96 -56 73 -62 92 -12 38 49 3 16 -32 -30 44 12 -24 44 10 -91 31 -10 70 23 -90 27 37 28 61 12 19 -84 -99 -80 81 55 83 24 -50 71 63 62 53 -31 18 -86 -8 40 -74 -52 71 47 59 58 -73 -63 32 -11 -70 -71 44 -40 14 91 -60 88 -53 -16 -66 62 70 10 57 -94 79 -1 14 85 -66 56 -63 59 -68 57 79 -57 -29 -18 12 29 99 -16 -4 -18 -87 43 -72 54 -42 -5 -79 -5 -10 29 -23 75 90 -83 30 -40 74 9 -6 58 -16 53 -90 84 45 -3 29 -24 30 -86 -86 52 92 -65 -62 -36 46 -13 -15 97 -75 -16 -43 -69 -94 -42 53 10 -99 12 61 87 36 47 -51 55 5 53 -25 54 -50 74 -91 7 13 26 -44 22 26 86 -16 35 34 90 44 94 28 56 49 -97 -92 5 81 84 -90 -52 -25 19 -84 48 53 17 27 -89 -65 12 10 5 -50 -34 -75 -19 85 -59 -42 -2 -65 -14 -99 -26 31 -32 -59 -40 42 -18 -99 89 11 -60 58 -24 -18 81 -16 -33 -4 28 33 -7 -71 -74 -22 -79 33 9 -49 -88 34 17 -83 -29 -76 -1 54 74 -20 -22 -77 -92 -5 43 58 -72 -76 -9 -48 83 -62 -53 -21 -65 -47 -37 -26 -11 -44 -40 -57 71 -5 -67 79 67 -36 -83 -84 -20 -92 62 98 -6 -93 -52 -47 89 -47 87 72 63 
55 -81 20 -58 -10 67 39 91 -44 -19 -55 -54 -85 69 6 -87 -31 -94 74 -2 17 25 32 -26 -25 5 -7 -58 -75 -26 -96 3 86 94 -56 85 -75 25 -15 -29 -15 -81 46 -37 72 -36 -75 53 -2 -53 22 83 -51 -18 4 -99 74 92 -92 -4 6 -83 79 30 17 -48 -49 -65 -50 83 33 -9 -92 -49 85 -84 55 13 -55 -69 29 80 -67 21 53 -88 -89 57 55 86 41 61 9 -21 -17 -98 79 31 -81 20 40 88 18 -47 32 -83 -25 -41 34 75 -79 -50 16 -52 -11 86 -5 -8 59 21 -48 57 78 -30 59 82 -61 -64 81 2 -61 36 -49 -55 -15 79 45 -17 -88 9 89 8 -15 11 -44 -86 -10 -76 82 59 -97 -67 -92 71 -11 57 -5 -52 -44 13 79 63 47 -30 -54 88 -4 -40 -50 -16 -34 -53 83 -71 82 -24 96 -56 -56 2 71 -53 39 29 -19 56 18 14 98 93 -16 -87 -89 10 94 -25 4 86 -13 13 -9 11 92 14 -12 84 -26 -63 62 63 -58 87 30 18 -52 -90 6 -60 -41 -98 99 -38 55 -93 53 -35 10 31 17 96 43 19 -4 88 -77 -50 -44 51 28 80 -77 25 17 -25 5 98 -15 -64 -67 -93 14 2 -25 62 80 30 -31 48 -67 -51 53 -56 -72 53 35 33 33 -80 -81 68 30 -42 61 -83 84 23 23 9 -13 30 21 74 3 32 -56 97 -19 81 30 42 84 -34 -37 -20 85 22 92 -6 82 -78 
-14 -96 40 82 -26 -50 70 -47 90 -33 -62 80 -20 -43 -46 3 7 -34 28 -45 54 -75 97 -47 41 87 35 -8 -68 47 -62 -20 -19 -11 67 -7 -64 0 -20 -21 -76 -15 96 69 -39 -8 -24 22 11 97 -33 -94 41 3 16 -60 95 -56 -19 -5 95 0 14 -49 41 82 0 -3 0 -60 -34 -51 86 -61 5 75 30 -47 -9 24 -20 -17 93 87 32 -20 -99 -81 -22 21 0 89 -28 53 -58 -15 -53 6 4 26 -1 36 -9 69 -11 98 83 -62 96 -61 -2 -91 -13 42 -21 80 -16 20 85 -87 -10 -77 -14 96 -72 71 -41 60 -75 -20 -73 44 12 86 98 -24 -46 0 96 61 -80 -20 12 -64 13 91 9 28 32 -47 -78 42 74 -20 -21 3 -89 -84 -16 53 49 15 90 -25 -35 82 78 4 15 36 89 -56 -97 -34 57 63 23 75 -17 -28 -43 -65 37 51 90 53 94 86 -21 -93 83 70 -28 57 -32 40 -39 13 -68 -18 -80 2 -14 48 24 -15 -28 11 -42 -65 -90 46 -81 -15 73 -80 7 -1 64 -9 38 -34 1 -24 -76 -23 41 22 16 63 72 -33 -6 17 56 64 -18 53 73 -74 6 -59 -54 -51 -76 -79 83 -82 -92 4 30 -10 -29 -61 93 -64 -17 -23 -59 68 58 77 -73 -21 -56 66 -85 -88 -18 -16 -43 52 65 91 -6 7 -42 83 -65 -52 -14 -83 14 -18 -91 -63 -70 -60 -60 -79 -26 87 64 99 1 68 -80 -5 -76 73 
-57 50 -99 -2 18 -17 34 -22 49 -49 -96 74 83 46 50 98 -40 -67 -40 12 94 -66 61 81 54 36 79 -86 -81 44 58 60 -35 -75 -77 66 -11 73 -5 -20 77 -78 -50 -9 -46 -98 53 99 13 -40 -91 67 64 71 4 -48 93 -81 -39 -44 -15 -13 -98 13 -9 73 -8 -12 -52 81 81 93 -35 65 43 85 -70 49 80 39 69 -14 -81 -13 -92 -79 -52 29 94 -21 53 -1 -59 56 56 -29 13 24 -45 -9 -21 57 45 -36 -55 40 98 -89 -10 56 -61 71 -26 -31 -59 12 -66 -73 -17 -64 -50 -24 46 -57 -15 15 -68 -4 66 -96 3 -1 -56 -87 -14 -4 99 -94 46 47 89 81 -21 -28 87 -68 7 -50 25 66 -52 -71 -72 63 -24 -17 -33 22 85 -16 99 -36 -59 31 20 21 -54 94 -44 -87 93 -28 -32 83 -36 20 13 27 96 97 -84 45 25 88 80 60 87 10 -21 -35 20 60 40 -11 -80 70 -40 -45 -84 -12 -47 45 -73 -11 -61 -54 70 -12 4 -64 64 54 -85 33 11 -69 -32 -20 42 -55 -41 -6 -14 44 -5 25 -97 59 -34 78 95 -95 -90 12 46 -97 33 86 -48 9 -45 67 -20 -21 -88 -9 -19 -5 -66 98 45 3 26 -10 43 -82 -15 46 64 -27 14 86 -98 34 22 56 -37 76 -10 47 -55 46 75 -37 59 56 -89 13 89 -80 30 -47 -84 -36 10 -41 -66 93 -58 23 58 79 66 3 -39 63 2 13 -64 -31 
62 -98 -5 27 20 89 61 41 25 -78 -32 39 90 78 16 -98 55 40 75 10 -24 -10 -45 12 58 -83 45 -96 -62 -18 -99 69 -49 -15 -5 40 89 -22 95 44 17 3 -3 -20 60 71 -8 -79 80 -97 -32 6 -23 -25 -36 30 -91 -24 75 -97 97 56 74 -35 65 97 51 69 32 23 -54 9 -43 -65 -32 -63 -68 57 30 86 -76 72 -76 -87 -51 2 47 25 45 59 46 97 64 60 -48 0 65 32 12 -72 38 -53 -55 -27 99 -4 -48 62 74 -41 65 94 -2 -56 -67 59 7 27 -26 -18 -56 -26 -95 24 63 14 -25 21 52 -87 -56 58 13 2 -30 2 -57 56 30 8 -94 94 -20 4 -39 -30 64 68 -87 66 60 -82 -9 -10 -62 49 33 65 -4 32 -23 57 54 68 -91 35 44 -70 95 -13 -98 51 19 -92 -67 -33 -13 69 1 -71 5 63 -94 9 -44 42 -84 96 -40 94 -51 -65 -33 47 -34 57 -13 24 3 78 -50 -17 72 34 58 44 30 34 92 21 38 53 5 -38 -17 -5 -83 -11 18 59 8 -28 -22 -73 62 -72 -20 88 -43 74 30 3 6 -29 64 29 -23 7 -10 83 76 66 -51 22 -57 32 -17 -86 65 89 -92 -80 -79 -96 42 -97 85 5 -57 55 -25 88 51 89 -52 -60 77 2 39 -35 9 -43 -20 -23 53 -90 98 72 3 -38 -28 -2 -11 -38 -46 86 -89 49 33 -17 46 -53 -26 97 -59 16 -99 8 -76 -51 
26 -53 30 58 -41 52 82 -49 -6 80 24 -31 -78 -36 81 94 -57 49 33 -79 -47 23 96 -20 67 -6 -82 25 -95 -43 -38 94 28 46 -55 19 81 -76 -83 79 66 -86 38 -10 -23 -36 16 57 -32 -83 72 -38 65 89 45 2 14 2 -54 -12 -88 94 94 26 -17 18 -81 -31 -6 15 -88 -10 -3 92 51 -87 -88 -92 -98 87 23 -61 -98 52 -23 70 -78 -43 19 6 5 -59 55 60 40 -38 -59 12 -66 -1 -8 16 -29 72 -18 0 78 51 15 97 64 48 80 -99 75 28 3 52 -99 -53 67 20 -50 -57 44 90 -6 79 -71 43 49 97 -56 74 76 -53 -7 -51 83 -50 21 32 -30 -99 -40 -88 26 -40 36 -83 -26 -23 -78 -77 -82 89 -97 -53 -35 -12 -43 -79 -62 12 -96 71 24 63 50 -85 -90 -84 40 -58 -31 34 57 14 65 12 -46 7 72 -58 56 -82 -76 -98 98 -10 39 -73 -56 -18 -48 -10 34 81 20 33 -48 0 -56 19 33 49 -47 -66 -49 -24 -81 42 74 -70 78 34 -72 76 61 -5 -52 -91 -16 26 -76 94 -80 37 -56 -89 -49 95 -56 -29 53 23 -63 -90 28 -18 -4 96 -12 8 97 22 -49 10 37 -72 36 17 -57 55 -21 50 -91 55 86 59 24 -42 -18 -77 48 58 50 -75 1 -63 -86 -77 60 -62 24 28 34 15 -6 -79 -69 65 -96 -88 25 -91 81 57 -43 -76 -92 -11 -92 20 25 -54 -64 20 94 -54 
-77 77 -57 -72 -74 -10 -77 48 -57 -31 60 -87 -67 80 -72 47 46 -53 29 69 -95 22 51 -79 8 21 71 26 -12 75 -42 -61 43 72 -77 -1 -47 -62 57 -86 -74 7 12 29 82 -44 -16 27 37 40 -28 1 36 0 -68 -21 -80 84 -76 -12 32 42 23 -80 16 -9 77 36 13 65 14 29 -67 49 59 8 65 8 -35 78 -56 59 7 0 13 37 -92 51 13 58 -4 -49 9 -67 21 66 -56 33 -23 32 92 49 -72 95 92 10 23 18 75 80 -93 -70 -47 0 -92 -93 -56 -87 85 -12 -26 -9 -80 -68 -94 86 25 -81 -96 -72 68 10 -46 98 -58 -21 -87 66 6 55 -43 76 -78 66 -30 -12 -71 -73 -18 60 -16 -67 -67 -76 -68 41 19 -89 58 -22 -45 65 77 22 9 -53 -51 38 78 -8 -80 -53 -70 -98 -60 8 -59 -54 -63 -40 -7 -15 0 -71 -68 -40 -46 86 28 69 22 -87 2 32 79 83 -19 -71 51 -4 -76 89 24 80 -3 -81 33 99 60 -74 77 1 24 -20 76 -89 -7 1 -82 38 -11 92 92 -52 -4 78 90 37 -97 -29 98 -62 -39 56 59 74 70 21 89 -16 -98 -92 43 -56 32 74 -97 47 -15 10 35 94 6 -28 -1 -59 -1 -84 -56 89 56 -70 21 -90 -55 -12 41 42 43 32 5 -67 -49 68 3 -26 -44 -45 47 0 21 11 63 84 -40 27 11 -22 51 -81 -51 76 -31 -73 24 -77 -52 -93 -67 -6 
-80 -97 25 -87 -61 -86 -58 -91 -90 -27 90 59 61 93 -28 -68 -20 42 78 -26 43 -11 28 -70 79 10 63 16 19 -35 45 33 -50 -18 6 53 -24 78 55 62 56 -60 91 -54 -88 73 76 -10 -95 -4 98 -59 -93 -38 52 9 7 -43 37 -75 -15 45 -34 -36 31 -54 -49 -85 -48 -9 84 -26 -62 1 -10 75 21 30 -28 -26 87 -70 -86 -15 88 -2 -33 -29 -52 75 -76 79 -78 89 29 -53 40 -66 8 17 70 13 -16 -51 8 -40 5 -38 22 -92 -67 96 60 14 -88 42 80 -13 67 -32 12 67 -18 73 81 -92 -17 -24 -36 -51 5 -88 45 -33 52 -79 -34 84 32 77 58 -92 -23 63 68 -49 25 78 86 84 -74 -85 24 -34 15 -71 -35 -34 52 -59 -29 -79 -19 -88 -30 4 4 53 -43 -94 -16 -6 -84 98 71 13 -65 98 3 20 90 39 60 88 51 -68 -94 32 -18 64 9 91 72 -90 -76 -40 52 4 -36 69 40 15 -20 -23 97 77 62 -90 -71 18 1 91 54 62 3 -5 75 55 82 61 57 62 -96 41 -4 40 30 93 10 44 -66 -75 -81 -66 22 56 84 34 69 15 -34 63 -74 13 56 95 30 -97 -11 89 53 -70 27 84 68 34 -20 -38 44 47 8 -4 66 2 75 -20 -7 89 1 -41 -33 -45 -58 49 -39 -2 13 -58 -33 44 -69 -15 -62 41 42 -18 -23 74 -27 -75 -10 49 58 61 -10 48 -92 66 -83 -37 
-45 34 35 47 61 -10 -31 -42 94 1 -21 -53 86 17 4 30 30 4 52 -3 -92 -29 -96 94 -50 -95 12 38 -12 38 -98 60 -37 -28 34 -26 -87 26 -41 33 46 1 -84 32 88 -5 -5 29 32 -5 -72 -1 24 72 -33 -65 -16 -15 -13 -25 70 63 -69 59 21 -50 7 49 -73 28 18 -6 -8 -1 38 -46 -55 -14 69 -2 0 -73 -14 -93 79 66 -92 23 -23 89 -18 -41 89 -87 68 2 -26 4 -61 77 -19 -70 48 -95 -28 50 -49 -7 -88 -9 -2 -9 1 -97 83 41 73 -83 64 -94 -12 6 9 -78 -44 13 57 92 -24 35 95 -35 -66 -7 -38 -73 -66 -64 6 58 -41 -63 -38 -38 14 -45 26 87 -15 -17 56 89 -74 -86 26 84 28 60 54 96 -37 -60 -45 -26 85 76 84 -83 -58 -99 -30 25 -33 81 92 -44 -72 -24 33 93 -91 -45 -82 -18 73 -77 6 -94 -88 74 27 -58 -85 -57 -59 2 -78 -99 86 27 38 -12 85 -5 -5 77 61 -82 80 -9 -66 0 46 51 24 14 31 -62 -70 64 -13 6 -44 54 56 65 24 -27 34 -19 -13 -27 -90 -34 75 32 82 40 90 -47 55 18 -97 -19 -15 86 -33 -81 -25 -5 60 10 -49 3 -98 -45 -6 -75 -80 -94 -69 -35 -53 99 89 0 -59 -37 49 -53 12 -70 -55 71 64 -97 -47 -63 80 52 -72 -76 -60 83 11 5 69 -9 -86 -65 21 -17 97 92 -57 47 -41 -79 -36 -21 
91 39 -62 13 26 96 17 62 93 -57 -20 71 27 -50 56 54 -45 21 77 10 -22 35 4 -51 -67 2 29 83 8 -49 -94 97 54 86 60 -5 83 99 43 -13 -72 39 28 -73 -81 97 -92 58 -50 -17 -44 -47 62 32 -46 -87 82 -7 -60 42 -25 -22 71 34 91 -78 -85 98 18 16 34 -35 22 -43 -69 -4 32 49 74 55 5 -44 15 -77 24 -7 -95 75 -31 93 -45 -83 43 18 46 -1 -60 37 -16 -90 -26 45 -37 47 -8 22 -61 -44 -28 -46 -51 39 49 -70 -22 -80 -37 -87 98 -61 -71 -69 98 64 -90 -51 95 98 -21 58 98 -26 74 -87 78 -86 95 26 -14 -88 -75 88 67 -36 -83 94 45 38 -40 51 -72 28 -57 -11 -56 -63 -18 45 -37 2 37 71 97 -63 24 76 -21 -58 -30 19 16 -69 56 -10 -19 79 24 34 31 70 -58 61 -6 -97 -26 21 73 84 -18 -23 4 7 -14 -42 -98 -64 -94 -78 -59 -65 -32 50 -14 42 -25 60 -82 64 35 -4 -38 -96 79 -5 -18 81 95 36 82 -49 10 -56 -12 -92 10 -3 -22 6 -87 96 52 -71 -49 -38 -3 -94 -61 -36 -14 -40 -76 21 -56 52 58 32 -83 -85 26 -21 -83 8 77 7 96 59 -57 60 70 12 -45 -86 14 -80 95 -72 99 9 49 27 -93 39 -90 17 28 -2 9 13 -92 -87 -68 -81 -6 -39 43 92 -12 -18 58 20 71 -85 -17 76 72 -65 23 -17 -47 3 
-11 39 13 67 -6 -52 79 46 41 42 8 17 -43 55 83 7 79 51 5 22 -53 -60 83 -31 -2 89 88 29 2 24 -35 99 84 49 -81 -26 21 47 40 -65 42 88 -51 -70 91 -16 -36 -92 69 2 -36 92 44 -51 -44 -7 45 51 -1 86 10 79 -46 -58 42 -92 -20 -82 16 4 -67 97 -52 -86 8 -15 -94 95 94 -81 74 -79 -37 -1 97 36 19 -99 -53 -12 -44 21 74 -95 84 2 -52 -77 -96 19 -82 -23 -7 -4 -61 76 -55 76 -52 -21 12 -6 5 50 -87 -91 32 55 -54 -30 -25 -76 -11 -25 -66 -82 3 -20 66 1 -63 95 -27 -85 66 53 -92 64 60 -5 -55 17 69 -18 81 -41 -63 88 -43 -77 -43 38 -88 76 7 -12 -28 -66 97 72 -25 -25 -56 -74 -55 31 81 58 60 29 4 -40 -61 -10 28 -40 36 14 37 96 88 -51 18 42 50 -70 -66 -7 18 -37 -28 37 -36 10 65 -82 -90 68 42 -39 46 -84 38 -45 -52 69 -70 35 51 -88 -39 -9 90 -92 -25 78 0 27 -32 88 -51 -55 40 64 35 -67 55 44 -81 32 34 71 -34 65 -98 -75 -28 -38 -37 76 16 6 68 -10 -59 35 19 7 80 -92 58 -67 84 -53 63 -96 -96 98 82 -30 8 56 88 65 25 18 82 -25 53 -34 -71 49 2 -12 66 8 -71 30 86 50 -8 40 -37 82 60 36 16 1 62 -9 56 59 -79 71 49 -20 81 39 12 -88 
-49 45 39 -52 -73 4 -60 56 56 -79 -6 -72 77 90 -13 55 -44 3 -50 -35 52 25 -96 35 49 -64 -96 80 -97 58 2 31 1 23 54 63 20 67 -46 -92 -29 65 -96 51 -71 -80 49 -70 30 -27 -70 -97 -74 -55 -38 -79 -36 -95 -14 -3 -98 3 -23 63 -16 -78 77 46 89 52 -81 97 31 -52 -77 67 49 50 78 17 -78 -5 -99 -55 -20 -45 -19 -36 -52 -37 -21 -13 6 58 5 98 -4 -44 92 -19 -10 -37 -10 -10 45 51 -29 -87 -12 1 18 -78 -85 -80 18 -9 -40 -78 -11 -21 63 24 42 4 53 -58 37 -10 44 -60 -36 44 87 -4 4 47 64 -79 49 88 7 21 90 78 71 55 53 98 -79 -22 29 7 18 -4 -53 -35 62 -32 -33 20 -21 -53 -35 -90 -3 -52 74 89 -81 -36 35 60 80 21 -70 17 35 -90 52 -45 -33 -83 20 -14 -34 52 78 -53 29 44 -32 33 -98 -85 53 -54 41 -56 -4 -28 19 -84 87 -77 27 -91 48 98 -40 -16 11 78 -89 -74 97 83 -26 -42 -32 59 64 75 94 -96 88 -23 59 -48 59 37 40 40 87 42 -25 -5 -84 -83 -27 -23 -85 -91 -64 81 15 -77 6 26 20 -54 -42 -93 -10 -38 11 69 -2 -71 98 22 1 76 -40 6 25 -61 -52 31 -78 12 -91 -63 13 -22 45 9 -15 89 36 -91 -4 -94 5 52 74 -67 62 -6 -68 95 28 -53 -4 -92 53 76 -18 -72 -64 11 
70 23 7 -41 77 14 38 -5 40 -64 95 -17 -93 -5 -57 93 30 13 -59 -93 -95 -2 54 78 19 -96 -36 -48 17 -70 -55 12 -35 -28 -35 -81 -84 36 -40 75 45 34 30 67 67 -36 -47 -78 84 -41 -53 64 -87 -48 59 -66 -41 -30 80 97 35 -73 62 72 -79 76 -42 55 -22 58 -68 -85 -23 18 -29 8 -27 25 94 57 41 52 -2 -45 61 -63 74 54 14 -63 -60 75 -77 96 55 -5 -33 -46 -92 -97 93 24 91 3 -74 -15 -73 -55 33 -11 -25 -84 -46 -26 88 26 -29 60 -59 15 97 -98 88 6 10 79 -99 10 -22 14 -52 25 72 -60 -80 -70 27 94 -17 -83 33 -74 77 76 -15 -2 -42 23 -26 -40 -20 85 -96 87 -46 -22 8 45 -74 -23 -59 -70 27 -52 35 -59 -88 -89 -4 -29 -90 56 -57 37 32 13 78 -2 -39 -80 -85 70 59 31 35 -18 -24 36 5 93 -69 51 19 -30 37 -38 17 91 -94 -72 59 29 82 61 36 53 17 -36 -46 -29 62 53 -51 -48 -76 -86 74 -66 7 59 3 -16 1 -47 -40 -66 83 48 -37 -15 22 55 91 18 -38 -12 42 -34 -45 -71 48 -17 40 -11 -53 30 67 20 -81 -45 -89 -46 49 8 97 28 20 82 82 89 -66 78 -72 64 76 -52 84 -74 62 31 -21 -65 -24 90 85 55 -42 -8 60 73 43 -14 -35 -11 -28 -15 61 -78 -96 -62 33 -5 -33 22 -37 23 -87 -43 -66 56 
46 -33 38 40 60 82 0 75 9 55 87 -46 -31 31 58 -72 -90 -68 -54 -95 24 87 -57 -97 79 65 -45 -39 78 -87 -61 -72 -75 84 -43 -66 75 75 -64 -95 -26 -36 77 -27 63 -44 27 -34 -20 57 85 -55 46 -89 -33 -19 68 50 -62 -63 29 -53 -58 -86 4 28 -24 -4 -94 -18 50 89 -93 -72 -94 3 71 88 -15 -75 -51 -95 89 41 76 -80 8 -40 -89 18 -41 38 -65 -81 62 -49 -28 -30 79 -25 -51 -88 -79 9 -96 83 60 80 53 -45 60 -9 25 7 -82 20 1 87 -87 -68 91 69 -52 -82 -57 17 -32 -59 29 75 -1 43 -20 -31 -2 -61 -88 95 -89 6 -89 6 57 -21 64 32 72 4 86 -16 71 19 -52 -97 -23 -13 46 -40 71 79 -47 -23 77 71 21 53 82 -20 -14 -37 32 4 -70 93 -3 -1 -30 40 70 -57 -24 -28 91 -27 58 -56 -1 -45 87 59 62 -9 -32 -34 69 26 -59 -5 50 0 30 9 87 -65 39 60 42 -75 -44 23 -92 87 96 81 56 -26 49 83 -20 -41 83 -37 -86 -2 13 -4 78 -96 -80 85 -5 -40 -73 21 13 81 79 -50 -95 -75 80 32 -9 -21 -84 0 -69 -36 -8 72 95 -31 33 -27 -57 -18 70 21 -50 -6 50 79 -49 -84 3 -84 -41 -40 73 -70 -27 -71 -15 -16 7 -77 17 82 21 -17 -63 -74 -63 -21 46 57 76 -77 -32 52 77 -50 -61 -72 -33 88 98 -61 -45 -18 
88 35 -18 34 -46 -78 56 55 -38 9 53 -36 46 53 -93 15 -53 -19 -9 -37 48 33 -65 -75 -97 -90 -94 60 -32 65 43 -78 34 -40 -51 26 -82 21 49 73 25 56 -41 5 -68 -5 86 -67 4 -30 -94 6 98 35 -62 -41 -95 34 -27 -89 74 -68 -53 -20 72 61 -36 61 -13 50 -87 -30 -72 99 -48 -34 -20 85 -29 15 -1 47 56 -14 -49 -8 52 65 21 38 -10 -55 64 -95 63 57 -61 92 1 -81 51 43 -85 34 32 7 -8 -66 -41 57 -1 -24 26 96 20 -3 19 34 -12 11 43 -76 -12 34 -39 -52 -58 -54 -48 -62 -19 8 -22 -41 72 -15 -46 -90 50 93 -52 35 91 -42 23 -1 -11 34 26 87 -66 62 69 84 -54 11 -34 84 72 4 -60 -58 33 -95 83 88 -52 37 14 -64 -20 -7 73 -56 45 -2 -22 30 -32 -85 10 7 89 49 -85 -85 53 3 62 68 27 18 45 44 34 9 -8 52 48 -33 -15 8 -25 8 39 -99 -61 -36 -77 -69 -93 25 -13 44 72 -36 39 67 47 -99 11 -15 -10 -64 -12 -16 -58 -47 44 65 93 -22 -53 -87 46 10 64 -45 61 85 -68 33 -34 -90 86 -88 -92 -42 -52 -6 -57 24 19 45 -42 1 69 25 -10 62 26 6 -48 42 31 32 -51 -98 -56 -53 -16 88 -3 70 -76 10 -51 -14 -34 15 -75 -59 -98 57 -60 -77 -62 -45 -97 -36 94 30 99 14 -34 87 -57 75 -16 78 
-79 53 19 -6 86 -99 98 -68 -5 37 -99 80 -99 15 98 42 4 23 19 34 12 -76 -85 39 10 93 -38 9 -97 82 -3 99 17 -26 -36 53 83 46 24 40 92 -98 -25 -4 -81 56 -14 -11 -43 79 -31 -31 35 92 -75 -29 -53 41 -24 61 -90 24 -17 21 33 73 89 79 46 91 46 -68 -48 -59 -68 98 2 -36 -37 -2 -12 87 -33 -12 -77 -81 -58 4 76 -12 -76 62 75 -3 12 60 15 -89 15 47 82 18 -9 -34 -68 -17 -5 21 16 -98 40 -62 -64 -29 71 15 71 48 -69 -57 82 -11 69 62 -41 30 35 -1 -11 -88 -92 29 11 2 94 -5 -30 -19 65 24 76 -40 42 -98 -53 -15 20 68 -12 54 -63 92 24 29 84 -64 28 -55 -50 -22 27 92 10 58 96 15 -58 37 -18 19 -77 1 -58 94 72 14 -50 45 32 -70 -38 -25 -53 -19 -61 -39 -9 -78 66 29 -1 -29 -20 -64 46 -2 -83 92 -7 -62 -70 45 28 72 18 -76 45 95 51 64 68 12 -74 -24 99 -30 47 26 88 -44 36 -37 -96 -23 10 50 18 7 95 -2 -10 -94 22 68 -13 -81 24 -76 24 -6 4 17 38 21 -7 84 7 -82 -54 0 -46 -65 76 90 -67 28 -72 43 -58 74 98 91 -44 45 -20 93 17 54 55 -28 15 -78 73 8 63 -41 -78 59 96 -93 79 -15 -85 -79 -90 19 98 -82 -80 -84 -90 82 -21 62 -77 22 -31 -12 16 -47 
-10 6 -30 -15 38 70 -57 -8 49 54 75 -13 1 -54 38 66 -34 -49 92 -1 20 66 30 14 -41 60 -65 0 -65 81 -40 -82 80 93 56 -11 -79 -34 -41 46 93 18 -71 -97 50 -88 8 25 -8 84 -43 -76 -23 -46 88 -59 -84 -32 52 37 -64 33 -94 83 -36 29 51 -36 -9 -15 68 14 83 -37 -13 25 4 -27 -13 78 45 13 73 40 48 -31 83 36 -34 59 79 21 -58 33 -13 10 54 -59 13 40 31 84 -23 -53 93 29 60 24 91 81 16 -64 -38 60 -94 -76 6 97 26 35 8 9 -35 1 -97 63 18 -44 75 -54 77 40 -64 78 -65 -7 -88 -46 -93 -2 -16 -80 14 -65 23 -54 63 -88 1 52 6 32 52 83 5 -75 -51 -29 25 -56 68 98 -74 18 45 47 -63 -2 -27 69 26 6 -66 -34 -17 46 27 -82 35 -92 96 -55 -8 -46 90 81 41 32 52 0 -85 -47 50 -90 -79 -78 12 65 61 34 22 -27 68 73 39 -38 -1 -1 12 -46 -12 -26 67 -52 34 -44 -42 -5 -4 -4 35 -13 5 -2 -48 88 -30 -68 68 69 -73 71 -16 52 -40 -84 42 41 87 -45 65 92 -29 3 -63 95 -8 -46 -66 13 -67 47 31 -98 26 52 82 -61 -9 -81 25 -73 -31 -25 97 29 -94 18 -67 -61 85 34 -13 -29 -93 -17 -30 85 -61 94 80 -79 67 -16 84 -95 55 53 -3 -39 52 -77 -60 -34 34 -94 46 -46 -8 21 
-53 -19 -25 56 20 87 69 -66 -50 13 94 -46 -29 -36 89 31 87 90 -20 -32 -35 52 30 -59 -19 -21 -20 -13 91 2 -16 -67 31 -43 86 3 -75 68 10 34 -34 33 89 4 24 54 -30 42 -23 -52 -29 57 -36 -28 15 -66 -34 -47 -55 38 76 -48 -9 -78 -21 -77 92 17 -97 5 91 -39 -42 98 37 77 38 -37 -41 34 2 26 73 79 -42 5 44 94 -47 4 -53 -90 88 36 4 -13 -36 -8 81 69 -64 -18 23 19 -90 22 -74 -94 56 -9 -80 -80 58 71 81 21 14 -29 33 42 -15 44 -52 9 60 -42 -44 86 69 76 -48 -36 -12 14 -74 9 -15 82 91 46 35 -96 -7 -26 21 -38 -66 -33 -79 81 -90 91 13 -83 -76 45 -93 10 -3 -54 29 -50 81 -4 -2 -19 -64 29 -75 84 16 87 -21 59 -66 -99 -55 35 48 93 -93 12 15 54 -96 -9 61 22 51 -49 20 -84 83 -19 -3 -38 -46 20 -68 -61 51 96 -7 48 -66 81 40 33 -71 -42 -11 77 -19 -97 -99 -93 34 33 -36 -98 31 -66 64 -22 57 3 -33 80 -47 68 -59 25 67 50 -68 -27 60 53 28 -64 -82 -72 -65 87 -65 83 0 -84 95 72 -91 81 32 -27 -17 10 -49 -23 8 6 9 -76 -65 73 49 -59 81 -63 -33 -9 -48 65 -29 71 -62 -10 66 20 91 49 23 -65 -77 50 14 83 -94 -82 79 -7 82 -48 -21 -20 96 -35 -75 -45 42 -85 
-96 -32 -48 43 57 -92 67 -52 58 -97 32 -33 -68 -94 -90 -73 -78 72 -88 -31 3 71 -35 95 -33 94 90 7 66 -54 -41 -97 -97 59 42 52 60 89 6 -47 36 53 91 -39 -82 -63 -14 60 74 8 21 -3 -6 -39 40 -26 -13 -14 -73 8 -44 94 54 -65 -24 63 -78 39 -23 -70 46 -43 39 -11 84 17 52 -94 16 -37 -93 23 4 -71 -28 -61 -88 24 -32 -31 92 -1 58 -88 97 -67 45 47 29 46 -85 6 91 11 17 89 -26 -48 -9 88 9 -94 30 -85 -25 -14 98 79 54 43 84 88 -43 46 -50 -31 69 -78 79 69 -46 76 92 86 62 -7 36 -70 -67 9 97 88 -82 -73 -96 -61 61 22 -80 -15 27 -75 -43 -82 -34 -25 49 36 98 -50 94 -15 28 -36 45 9 22 -55 70 81 81 64 -83 -28 44 90 99 83 -64 -81 24 -11 1 -10 -16 91 -88 39 -40 -57 58 97 82 45 -1 37 -49 1 46 69 -57 -89 83 85 -28 -65 34 91 33 -70 17 -15 -21 18 24 57 10 -24 0 -74 -73 -82 -32 7 19 -35 90 55 -32 23 26 67 -79 48 -46 73 -33 35 79 52 34 -9 -63 93 0 63 93 -90 -6 63 -84 14 44 -18 -74 17 -79 52 -60 73 -33 30 -72 -66 -81 -15 -86 -77 -18 -6 -14 -72 12 40 3 81 80 -88 15 88 71 46 -45 -87 -84 22 -90 -39 54 81 63 -93 -69 -27 0 -40 -37 9 -66 23 
79 -6 -31 -36 -79 -84 75 -53 -7 -56 -56 -34 25 74 92 -72 -75 52 -91 -98 -4 -47 58 1 21 64 35 -67 -7 70 -4 -72 33 -52 59 -92 26 -17 86 -84 -44 4 -21 12 18 -35 53 -7 -97 -50 -7 -1 -31 30 -1 33 -87 46 -27 67 57 -83 29 86 62 30 33 63 -90 2 -80 45 -34 -65 -35 56 -77 -72 -97 73 -75 -81 -22 39 -24 73 -93 -27 60 -74 31 78 -11 23 -26 -22 -34 78 77 -98 61 66 1 -47 1 -95 27 93 -74 -97 -12 94 -88 -37 -43 -24 -68 39 -54 87 30 36 -27 -95 -2 -74 -18 -91 -13 59 -73 55 19 62 -30 88 16 14 35 -56 -7 25 -64 -55 32 -54 -30 53 -3 10 98 -62 -32 41 43 -16 -63 -41 86 -51 18 -64 -74 50 -33 71 77 -4 -52 21 72 60 5 94 -17 -58 99 -71 3 81 -89 68 -45 52 -3 -67 -37 -16 -90 -79 -1 -69 -5 -3 34 44 68 -27 57 -20 43 18 34 57 -50 -96 -83 99 -95 -33 -77 96 59 -44 -15 -85 89 98 -65 64 -4 0 43 -17 -36 66 24 24 -3 40 51 -90 61 24 94 -21 0 43 64 -7 -46 -87 5 -98 -59 -53 6 45 60 57 -94 -49 -13 -79 89 -70 22 25 -54 -63 76 -55 16 84 76 55 39 28 36 -34 -96 30 -69 -54 72 58 -34 -27 -84 -78 -27 56 34 -1 -9 -1 -48 23 -24 -46 62 27 -62 -48 54 30 71 56 -62 43 
-79 52 -77 -90 -34 -87 96 26 -75 -32 86 -82 1 69 94 -12 -41 13 -6 -53 76 59 47 -96 -6 -9 80 37 -53 -99 -68 -47 27 -53 22 -37 -33 -83 -9 -40 52 56 -93 -93 99 -64 70 0 18 7 -12 11 91 78 -8 -1 37 -82 20 -42 -23 -9 -19 51 -90 -42 -84 15 -43 60 -49 -90 -36 94 -90 -12 -65 24 93 -59 81 18 -12 -42 -36 80 60 48 -93 53 81 6 -48 -74 55 -6 -99 52 -70 -77 2 -90 48 89 -14 -67 -91 89 -49 31 -93 -52 -97 -54 -9 -44 85 -8 33 10 -49 48 15 92 -92 34 -63 65 -22 -71 68 37 82 89 -29 -59 92 86 -6 -95 40 -86 64 -12 -49 20 78 5 91 5 37 77 -34 -54 -13 25 -9 40 -44 -85 99 -51 -49 -63 -41 90 82 68 -31 -69 -63 86 74 95 -62 -10 72 0 -62 0 -4 -26 76 -66 -5 -78 39 -96 -5 -72 -15 17 2 -64 71 -34 99 -2 93 -92 80 38 54 -80 -33 -72 37 44 93 -27 74 -68 -5 -52 33 -38 58 11 -38 -72 92 -52 -87 78 -65 -26 76 96 91 92 62 -14 -63 -89 8 -84 83 22 -41 -62 19 89 69 86 -4 -27 5 39 -44 49 -42 -10 -30 11 37 -32 59 14 18 -3 -35 -16 -10 -2 95 -22 -59 17 29 -77 -93 22 -31 30 -17 -86 84 -42 -98 7 67 62 -92 81 -43 91 -63 48 -83 -2 99 29 -73 13 -40 -69 -42 -66 -60 -5 
59 -99 98 -60 -28 68 -41 24 -74 -60 -24 -66 -49 75 -95 20 97 25 5 -84 92 -67 -1 -80 99 47 -68 1 -94 1 -96 48 73 89 33 -98 -95 9 14 -74 97 17 -37 -15 -54 42 -77 -79 14 -89 -24 -11 -46 22 9 -42 -16 17 -55 55 34 -4 79 74 -49 20 87 76 -44 -12 49 22 -43 -46 -58 87 99 -22 13 -73 -92 -24 1 55 45 -4 -29 -71 -73 -15 54 -29 15 67 -73 63 -52 18 -84 63 93 -68 -25 -55 -94 41 -62 -67 -89 95 40 -54 93 -87 -92 62 -42 50 -1 -22 -13 5 -77 -82 -33 90 45 -29 38 -61 52 25 -2 34 -86 -44 61 32 -10 -93 53 -65 15 46 -68 -61 5 -15 -71 -27 93 15 -64 -69 95 30 -11 -61 -10 -20 -32 32 47 -46 -70 -51 71 12 50 78 -52 89 -17 33 28 -8 94 70 11 -35 39 85 -72 46 -75 -59 -71 -63 -42 12 54 -97 2 -53 58 1 -7 61 63 35 79 -77 8 60 -2 -10 46 -22 -98 52 61 -31 18 -99 57 -28 83 15 -8 32 -3 43 13 -84 -86 -10 -9 85 -60 -51 -18 38 68 43 -22 92 45 0 50 26 -85 25 98 -72 -27 62 -17 -11 53 -9 -66 -64 10 23 -79 87 -76 68 31 17 -33 -78 -64 1 50 -24 81 -44 -15 -78 -30 -77 79 -9 16 1 -9 12 87 -9 -9 37 82 -34 -57 -58 44 53 32 14 -90 -94 -82 -51 -88 -2 -97 -13 -49 -18 
-14 75 75 15 52 83 -84 -86 4 -14 -40 -33 95 -14 -23 3 -76 50 -4 -58 84 -7 34 86 13 0 -91 64 80 4 33 -2 -1 42 -13 -52 65 -37 47 80 -76 80 -59 66 -51 63 -31 87 59 -4 67 -88 -95 94 -36 60 -12 -96 -63 -66 -44 -45 -13 -6 86 -64 -64 60 2 19 8 85 -24 -75 -85 -63 -26 26 92 26 -97 -45 95 17 -35 -56 64 89 91 -48 88 -99 75 -41 82 57 25 61 -35 -12 55 -27 69 2 -38 -60 -22 -11 -88 91 -76 -82 49 -34 64 -58 -87 23 -82 -69 80 98 -1 22 35 -68 -61 -97 33 -8 64 -70 -2 73 53 -60 64 14 -93 -7 -55 75 -79 -40 -53 64 36 64 -87 13 -17 -94 96 29 -16 51 -59 54 -16 6 -18 91 35 -23 48 -36 -73 -36 46 94 22 -48 -29 -13 -49 44 -52 -53 85 -6 -96 56 -67 -38 -79 87 -29 -29 80 99 -72 -56 46 -78 -40 -11 3 -48 -68 39 47 -9 -74 94 -3 -99 30 -40 58 40 -32 33 -58 90 52 14 -13 16 -97 59 -16 -94 91 -17 -78 -91 -67 -84 -93 7 63 27 -78 45 -36 -53 -53 82 -81 -11 -76 34 -19 51 -74 -17 37 68 -97 88 -70 23 96 -95 74 90 -57 71 -9 7 -18 -38 56 16 -99 59 30 -68 54 -1 -8 46 -94 11 -94 76 1 -2 -67 95 -9 -98 -46 67 42 61 91 -8 29 26 55 71 -37 -89 -73 -9 -3 97 30 -99 
-2 -90 33 8 11 -12 -66 99 25 -5 -6 -37 19 -79 -50 23 -43 -2 99 -20 75 -82 56 -50 99 77 -95 32 68 87 -54 -67 -95 -63 -24 43 -41 -95 -65 -57 -29 28 89 -35 1 70 44 -48 89 -62 71 38 90 -46 -63 -21 16 81 29 -17 18 85 -90 -61 78 0 31 -45 -87 -97 -73 55 -15 -50 33 25 63 6 -95 10 -65 94 57 50 -72 71 -12 54 52 72 88 -16 -71 11 63 -11 -62 12 88 37 18 -19 -62 50 -68 4 -83 99 -88 42 82 52 31 -51 52 61 89 3 -89 -95 60 -6 82 -64 60 -86 -37 -80 77 19 49 84 63 6 9 -96 -82 35 -86 -31 29 94 3 95 -32 41 0 9 53 11 86 85 71 -13 -45 35 -78 -32 -91 59 -57 -8 -36 -15 85 -30 -4 84 97 82 -57 -86 -52 4 -24 48 -25 44 -12 -2 12 85 -24 -83 29 54 -2 -24 -66 82 79 -97 85 98 -41 -13 31 -6 -35 -39 5 -88 1 40 -23 -58 -80 -13 63 89 -17 91 69 80 52 -55 -78 61 49 -51 94 -40 71 37 42 39 -92 -95 29 -69 61 -72 84 87 98 87 5 74 34 13 -43 -93 -34 -80 -90 -21 66 15 -80 -64 -44 -97 -18 97 19 14 -75 -28 30 -19 53 93 -90 10 -39 -98 -77 86 -33 32 -4 -6 -40 20 -6 4 -71 91 -16 -66 35 69 -84 -45 21 -76 76 -53 26 54 -43 21 -80 -8 -51 64 -95 -25 44 33 
43 -93 31 -43 -47 17 -61 -34 34 -6 -18 -65 -71 -19 1 45 -51 -7 6 -20 18 37 66 -75 -38 -68 93 39 -33 -73 -91 21 -7 52 -26 -40 -69 14 85 -81 -18 -77 48 84 -27 52 -99 -50 -53 -72 49 82 -49 68 -51 21 89 81 8 -87 -91 -30 -90 99 21 -47 -59 22 1 57 -4 74 -28 42 -79 76 54 -73 -20 67 44 72 -3 58 -13 25 -61 70 -73 4 33 94 70 -86 53 -44 47 -45 -6 -7 -84 -12 -21 72 -84 49 12 99 -97 -85 -50 96 -18 -91 -84 3 -62 47 -80 60 75 -6 -76 23 -92 29 23 32 -99 -66 72 18 6 -90 88 -83 -94 35 -49 -26 29 -83 -63 97 78 -93 -48 -91 -77 70 -82 8 -16 -61 -22 30 52 -82 -81 5 58 27 64 3 52 -9 -72 -29 -53 19 -91 80 -78 -34 9 92 -98 3 -2 -1 -89 -43 -25 27 78 -10 43 -55 51 42 -19 -89 -26 -32 -66 19 -57 -9 -93 31 23 -49 70 94 -84 -43 -16 0 -72 63 -40 -75 -87 -98 8 58 -33 -37 -89 -38 -39 -4 67 15 -49 21 59 -35 14 -64 -80 -14 -37 41 36 58 -8 -87 23 -98 17 14 -44 98 -76 94 17 -59 -98 -2 -15 31 19 -33 45 81 69 42 -34 -97 49 -19 3 -44 -26 32 81 40 -22 -80 -98 -28 3 -87 -18 30 -85 -13 79 10 -87 -29 -51 7 -90 73 61 -33 -13 -44 -78 -77 -58 75 -59 88 -87 -6 29 -63 
13 60 -61 18 -95 77 47 -74 -98 27 18 -40 12 80 97 -34 94 -39 11 25 11 10 10 -56 31 -37 -3 -37 11 58 48 10 81 80 68 9 -85 90 -26 85 -50 -75 69 -82 -11 -76 -58 -50 80 6 64 -94 25 51 -8 49 -27 54 -86 -82 -50 -45 54 82 15 -15 -99 8 8 -69 63 -93 99 51 14 -29 -55 29 -67 31 88 46 74 87 28 -77 -91 -48 63 -47 -22 -77 -80 8 -27 72 24 -87 -71 -25 5 -32 -39 82 -25 -88 -19 -96 30 51 71 -24 53 -82 37 78 61 -72 12 -77 47 -76 90 -22 26 3 10 -5 -37 -74 -78 99 -95 40 -72 -65 41 2 -24 -71 -96 -26 37 -20 18 -85 -37 -51 80 34 -31 68 -84 30 31 -90 -48 56 -81 94 -64 -45 -5 -1 18 -87 -97 -52 12 82 -47 88 72 -21 -12 68 9 -2 -57 -68 -47 4 -11 -80 -96 -68 -8 -26 -40 15 -3 -89 21 -10 -54 -10 37 -55 -33 35 47 42 -58 -78 21 42 29 28 -37 -77 8 -43 60 -70 32 -96 29 -53 -88 58 91 -82 21 11 80 16 47 -54 -35 94 87 -60 -49 -99 54 61 16 -64 9 10 62 38 75 -86 -38 99 66 79 -50 -7 -60 -56 -31 69 48 -6 -46 83 -13 -91 49 47 39 -99 -25 71 80 38 -32 94 58 -73 71 -40 4 -76 -70 63 7 0 -25 -17 -27 -24 -75 -31 12 87 -75 36 64 78 -12 -50 76 -16 -52 98 89 76 
-34 82 -16 -13 62 29 -1 2 -52 -33 -17 -86 -76 -42 -13 60 -60 44 62 15 -75 -18 56 85 -14 82 67 22 13 -79 -36 99 77 60 6 28 24 51 13 -71 47 87 1 98 -73 -45 36 -66 37 -14 25 -5 63 -44 90 -9 30 49 26 -60 -41 9 -3 -76 20 -85 94 -84 -12 93 -58 44 -96 93 81 -3 97 -60 55 28 89 16 -59 7 31 57 34 18 22 -79 -88 -40 84 -42 -38 61 86 -2 25 -52 -31 -47 30 -80 -26 -12 56 10 58 9 -78 -63 -53 82 -6 -69 96 -19 38 17 -30 28 29 -66 72 95 -87 -77 82 -8 -9 -19 -45 88 -1 -45 -42 31 36 39 -54 55 -70 84 37 64 48 4 -27 -49 65 -64 -65 -35 28 -59 46 -54 -87 78 -5 38 63 37 -15 23 -81 -23 2 18 -53 77 73 30 -83 -76 38 35 -83 97 20 -13 -45 17 83 -78 -25 24 -22 26 -26 61 -77 -56 -9 -34 -56 -61 1 44 35 66 -76 81 -61 19 -67 -64 2 -1 20 -26 -22 -96 94 -65 34 -49 -56 -11 85 51 -15 38 73 -91 70 47 90 17 -60 -88 -39 30 -19 40 79 -33 -91 31 30 89 -72 -39 33 45 84 -76 -86 -99 -43 4 32 -68 -82 -2 -27 -4 76 -77 -65 -99 -26 28 -70 -47 81 -31 17 80 -82 -48 2 33 20 -50 -52 21 -64 46 30 15 -86 -69 -7 -94 18 29 -76 68 63 -71 96 -40 89 73 73 10 66 -89 
49 99 -16 66 -25 88 26 -75 -1 -35 6 -69 -62 68 -69 -2 -9 76 81 -16 -62 -21 -36 99 -90 97 16 -47 -31 -25 -78 74 -13 88 -61 -94 -12 -91 -50 33 -90 11 -67 33 -98 27 65 59 92 74 -85 -58 -55 47 58 -35 85 74 -36 72 38 -54 -87 29 -45 44 96 32 57 11 -54 53 47 19 -35 -97 -99 -7 -10 0 10 60 70 76 -82 52 36 -50 49 -80 -45 -2 13 20 -16 -25 55 24 48 36 -21 -28 42 57 95 -20 -34 -9 89 -10 55 0 -96 -10 -20 60 8 -94 71 -25 4 52 -42 -76 77 22 26 -60 -97 -50 1 2 -4 34 -49 -51 -20 -52 8 -96 75 -88 -41 1 -88 -51 -46 -4 80 -89 11 -10 -66 90 20 10 -11 -26 9 47 25 70 36 -87 61 34 62 -75 71 36 -87 16 39 -93 -58 -89 -49 17 -84 76 -19 -29 52 42 67 -84 1 -26 -47 -40 -84 -83 -69 -35 -16 45 42 -63 -89 12 -10 91 -87 -70 -57 -74 -5 61 -80 72 -64 -69 63 -18 70 5 79 -64 -93 34 88 57 73 64 -95 74 -46 -91 -14 -94 45 -65 0 -47 -14 73 -73 -87 -82 -48 -43 54 -39 11 65 -94 84 49 -43 22 87 36 92 -57 88 -30 -53 37 1 36 49 30 24 -89 78 -76 -8 42 44 -59 -76 -27 55 -34 20 2 33 -38 63 43 -67 -89 43 -79 -92 87 -83 71 99 19 -75 61 -29 64 22 -78 -20 -97 -1 -74 
-71 -55 -94 81 45 2 85 84 62 -97 51 16 18 62 15 -75 -78 -40 54 -25 -78 -16 70 -22 -66 -42 89 -87 -92 -15 24 -92 -75 56 -97 -5 9 -42 -55 66 -41 -57 -92 25 7 6 -74 -87 -29 86 -52 -23 82 87 -1 -57 35 -11 93 54 -92 -73 29 69 22 71 -35 -73 4 90 -72 -80 -25 -42 -97 -41 -65 -72 44 49 -64 61 -13 7 96 86 14 75 15 -35 -25 82 -58 15 -11 53 -75 -87 89 -79 -64 -83 -87 -88 75 21 -14 -66 85 78 -17 59 73 6 -91 23 58 -6 99 58 -69 23 -41 98 15 66 23 -66 -17 31 19 46 88 19 -10 -62 -62 66 53 28 53 -94 37 27 91 -31 60 -56 -23 26 52 68 -53 95 79 91 46 -44 65 12 -75 75 43 -59 59 40 -5 -9 18 23 -52 85 -53 52 -88 71 -59 64 -61 -14 35 -78 -53 -21 -57 44 52 -45 0 27 -7 17 -77 90 -71 -1 89 19 -24 -40 -47 20 55 42 -78 -44 57 -63 -47 -65 -82 59 67 18 5 -39 -23 -71 69 -62 19 80 -35 43 -1 -83 -12 -18 67 -74 -71 -39 -45 -88 -90 65 -92 -82 72 -69 -98 17 48 -26 17 -83 -6 -56 22 -1 72 -8 92 -83 17 15 18 -78 16 11 -5 -76 -8 -58 21 16 -11 -49 85 34 32 -76 77 -55 65 30 -57 79 -39 -43 93 -93 78 24 -10 -72 -67 80 -40 -62 16 -96 -82 40 50 10 -11 -19 54 -9 
14 -68 -39 16 81 80 -21 29 78 97 96 -10 -12 96 52 -24 -75 41 41 90 -87 -74 73 -92 62 97 72 38 -54 -85 7 -94 95 -35 -41 3 92 -15 -54 64 -26 24 -60 -4 -52 10 -28 82 90 -92 16 51 -52 -91 84 98 99 -18 32 59 88 -76 32 -87 -86 -48 73 -91 73 -56 69 -5 89 -23 -26 -43 59 82 -41 9 60 -90 77 -60 -84 -27 91 48 80 -27 -77 4 61 43 -75 -10 -36 38 98 54 -40 -25 66 -93 1 1 28 83 -76 -52 17 -18 52 -43 -8 21 -24 0 -49 -42 34 -51 11 -36 87 -30 -40 -53 -78 33 -93 -12 71 24 -69 47 -74 71 -54 82 54 -32 -41 58 63 26 71 60 4 -66 -69 -75 -29 48 -86 60 -97 64 90 22 40 76 48 89 -29 -32 3 -36 -3 26 -19 -44 -58 98 13 -77 -62 19 -26 -16 -14 -87 -91 -59 78 -60 -77 -89 88 13 19 -53 -48 -98 -46 99 68 10 35 28 -8 97 67 -62 -9 29 18 -42 98 -99 36 82 -44 -58 45 97 -8 89 81 29 5 36 -11 18 -64 39 -66 -11 86 17 -5 45 -66 -86 85 86 -81 -92 93 -27 -53 -99 7 -61 -10 84 -86 -91 -78 88 -27 90 -73 15 60 95 -15 14 -22 25 59 -14 59 -20 92 -98 59 27 21 13 -97 -58 -69 -93 49 35 79 -64 97 -76 -4 61 63 -67 -95 -43 -97 -2 68 81 87 -32 -66 -92 19 -39 -82 80 94 -54 
-26 19 57 -68 75 6 4 80 61 84 -7 -15 -13 58 -36 -43 37 3 -66 -24 -63 92 9 -57 -96 -94 77 78 36 -66 41 -76 31 62 47 42 -77 15 57 15 -47 51 -57 97 -90 -4 31 -8 -64 -46 -19 -90 -17 94 36 -30 -60 93 -84 -79 54 7 29 73 25 11 -28 1 -10 78 -56 7 80 82 -97 -37 95 49 34 97 55 5 87 -93 -81 -71 8 -99 60 -13 97 -33 92 -24 67 -67 -28 57 -51 96 40 2 -60 53 86 23 -28 -22 54 -8 88 28 -34 -48 -91 38 96 34 -24 12 -69 27 -72 -69 50 -23 -89 6 -7 59 -29 48 18 -9 -62 47 -78 46 67 35 71 -73 -79 -98 -50 49 41 -61 47 -20 4 77 -75 52 60 20 71 10 -74 24 61 6 -24 71 -19 41 -92 -87 -78 -11 -21 -77 -49 82 71 64 -1 15 -34 -64 20 60 -30 37 0 -38 27 69 -55 -63 -41 -50 60 -55 -15 -58 27 -50 31 65 64 81 46 -7 -63 -45 93 -42 87 30 -25 -77 38 -98 93 -12 89 -81 -92 80 -91 -49 69 37 -81 55 -39 65 41 -94 39 88 -95 -48 20 -40 -10 32 84 -79 -32 -63 -29 85 37 60 -54 -7 -25 -51 -9 -53 -89 -29 61 -25 79 -23 82 -54 81 -38 71 -76 -18 22 -2 97 -18 -67 90 -13 -94 -25 -60 -91 2 -47 -28 10 81 7 47 -75 -54 -19 -47 11 -37 81 71 -85 53 35 81 12 78 -20 -45 46 
28 -61 99 19 -57 -21 8 -96 27 -7 -34 -39 82 -90 59 35 -14 -39 -94 88 -31 0 62 -68 -90 -31 -97 20 87 -27 -54 6 93 -7 48 -23 -28 -88 -16 80 -11 -77 -66 59 27 -64 22 60 -79 17 95 -19 -56 96 71 53 47 4 -87 -21 18 10 -94 8 -13 -32 85 48 -8 2 24 10 7 -52 26 86 -52 29 75 79 78 -13 -23 26 -86 60 58 97 -22 -23 -29 16 -10 34 -85 -21 -37 0 38 -82 -13 3 27 24 -20 -65 75 -84 -79 59 -28 -2 -27 38 85 -78 -50 45 -70 -19 -12 53 -54 -46 -31 -21 -67 6 -11 20 13 96 50 -66 -29 87 -79 81 -77 -83 66 -40 11 -45 27 0 -34 -70 -99 -66 -63 45 83 -73 54 43 -33 44 64 7 79 20 -70 -5 54 -58 -18 -77 21 46 -42 -44 21 62 38 -85 -24 95 -22 -63 -70 -61 11 66 -92 -45 -74 -34 -93 89 -40 -3 -41 -74 -80 -82 52 -97 -69 -47 -81 84 50 63 65 -43 -89 -62 -63 14 -42 -66 -21 -67 30 -90 23 -41 0 31 26 -28 83 -48 65 -81 -72 -67 76 89 33 26 95 -19 -55 96 -76 98 97 -18 -64 -96 -43 -67 -29 -79 16 -58 35 -48 64 -88 -58 10 -21 75 -49 -83 -23 1 1 -96 53 24 80 49 4 -58 36 5 -53 35 47 -22 39 -22 69 34 -61 -43 -5 12 -80 43 -19 53 65 70 10 -39 36 -82 85 74 -35 -13 -18 -70 65 -17 
87 -79 -44 46 57 -23 -53 78 -44 -64 -88 -90 2 82 -91 22 52 78 -20 0 -46 -41 -46 -30 98 63 -45 52 88 63 47 97 73 -44 -37 -8 -68 -26 32 68 -44 17 61 -79 -68 95 -75 8 -27 -8 35 23 -63 12 -9 -60 -14 -75 25 -79 -70 82 -52 -5 -94 81 88 15 -52 99 -2 14 -28 63 61 70 -27 -13 -63 -74 12 -37 23 -71 -41 18 88 -25 -56 -23 53 -79 21 85 -25 -56 4 -2 -69 16 28 84 -43 75 89 -8 -1 3 95 -50 60 57 -53 23 82 1 66 4 -2 -15 78 67 -2 -54 -13 29 20 -21 39 67 37 63 78 52 -33 44 38 -20 36 -74 -87 -93 27 -80 67 0 -35 -45 -47 59 -48 -91 75 39 96 49 29 71 -83 28 -11 49 -38 50 -22 -9 -34 5 57 -63 83 -61 -49 -87 41 -14 -22 -16 -33 -2 23 -64 -73 44 -2 -3 -67 46 -1 -38 -21 -17 -52 97 75 -98 -10 83 -28 -60 -29 -36 65 41 -82 15 -75 33 61 -7 63 37 -72 47 -20 -10 93 -89 -98 -14 -75 -86 -66 30 -80 29 -38 37 86 42 -52 -73 -22 95 -17 -73 -37 59 44 -73 77 -24 -21 6 96 5 -19 37 -85 -58 12 7 -51 2 -79 52 -42 -74 80 -94 -45 42 69 73 56 26 -83 -15 86 -47 -90 -36 -31 -56 -88 2 5 -52 77 -92 0 53 85 81 57 -33 23 -38 -42 59 -93 -14 58 53 -76 -85 -33 46 28 -32 
-70 -69 48 -61 -78 37 76 18 -25 11 -35 86 62 -3 -46 -56 -50 8 -61 -33 -70 -31 -8 -82 -22 -89 45 -50 46 -89 90 58 -83 92 -5 -58 -97 -10 99 75 40 -6 -51 -48 -4 60 64 22 38 -77 45 -29 -4 -76 -30 -29 1 41 46 39 79 -98 20 64 48 -67 -34 -44 55 -64 18 -42 81 87 16 -87 -57 -10 7 -25 -17 -30 -69 41 -9 -83 85 45 65 4 86 73 93 96 18 27 -28 75 -9 -4 -29 0 19 14 -43 16 30 75 19 -72 -13 24 85 4 63 -62 -71 75 -6 69 20 -47 3 39 -35 -29 26 16 -84 -60 44 -94 86 41 -37 -46 38 97 -62 -95 -76 -52 86 -47 96 -55 -75 53 68 -80 34 67 25 -29 -19 83 81 62 1 61 -49 75 44 90 84 -23 -6 48 -56 -86 92 -99 2 50 70 39 -56 36 73 -59 -84 -98 -45 24 21 -63 16 51 76 34 -22 91 -69 -41 -7 53 93 -10 1 63 2 -26 66 51 42 98 44 -75 4 55 -51 51 21 -1 -85 89 -72 60 -18 -50 29 16 -61 60 -49 65 34 56 21 -9 84 -1 -10 -15 -27 48 14 87 -69 82 30 41 69 61 50 -78 90 -23 44 -56 37 82 -67 -67 9 89 23 63 -74 -7 -47 85 90 -53 -72 49 74 -59 -68 -62 -71 -55 87 -40 99 81 -89 -28 1 -43 -20 53 78 -87 -44 38 -3 58 3 20 -28 53 22 43 13 94 18 63 -24 8 
-76 -98 -81 -93 -44 43 49 -20 -41 53 -88 69 61 53 87 3 50 47 -14 -55 58 -6 87 56 -58 97 -76 -72 -26 55 -35 27 95 92 -9 -71 -72 -84 6 -76 -71 60 -99 -88 -12 0 -12 -56 -53 -60 -58 89 4 -88 70 48 66 72 39 27 85 45 72 67 -66 87 -83 62 4 65 73 41 68 -48 58 44 -88 82 54 18 83 87 -91 -73 99 91 58 -27 68 -6 56 -65 -40 56 -58 98 -98 57 -54 -73 37 -88 -36 90 70 83 89 60 -42 82 -99 12 18 -3 7 -78 -14 -84 74 3 -3 -54 86 -44 -86 -34 -36 -18 44 38 7 33 -78 0 71 -7 -59 -63 40 46 -32 -21 24 67 83 32 42 34 13 94 -50 73 -54 78 49 25 -90 52 -57 78 -16 60 43 57 66 -60 -65 30 61 -8 40 -18 94 -51 -65 -41 -9 22 -40 -12 46 -63 -70 80 56 68 -52 39 91 -79 24 -26 -75 -49 -58 37 -9 69 -95 48 67 -75 -36 14 -63 26 20 87 -99 -74 -12 1 -5 12 73 19 -84 -78 60 59 -86 -92 -29 85 -20 -70 -66 -28 61 -77 80 55 30 74 -37 -16 5 -20 -53 -46 -50 94 -34 -77 15 84 -83 -88 89 -92 79 38 10 11 22 -71 43 16 2 91 23 30 -96 21 -58 -28 5 26 57 -28 60 17 55 78 12 29 42 -82 -58 -58 55 -41 -88 -39 59 -44 30 44 -77 92 1 53 3 50 -36 -55 -97 82 66 -24 
28 92 54 -31 -20 23 -76 93 -75 65 -87 -74 5 67 -59 43 56 -1 -72 4 -64 33 4 13 -31 -27 63 56 58 -4 -62 25 35 30 99 61 -68 -64 -20 -14 -45 16 2 -29 -92 25 97 -9 -28 -72 -8 75 -85 -89 92 86 -60 -18 14 13 4 -97 22 -1 -95 68 -20 -90 -35 86 68 -64 -61 -15 -70 -48 -86 -49 -10 -53 -45 54 46 -46 -63 -73 -35 -47 -25 -77 -88 -31 44 -83 70 18 -24 -47 92 92 -19 74 -41 5 -5 50 31 37 -49 91 41 -58 70 88 -74 32 58 77 60 -79 -82 38 -7 40 63 87 41 31 -95 89 -23 81 58 29 31 -51 88 -48 -18 -44 60 92 84 -25 -38 5 13 -1 48 24 -99 -5 -11 -98 44 -95 -75 55 -89 -50 54 -48 57 47 55 8 -52 20 94 93 8 -65 -73 61 -32 -61 -19 38 -30 38 -12 -44 85 76 53 -54 63 71 6 57 -69 47 -97 5 -34 54 -55 -4 46 -33 -63 5 13 97 20 31 82 87 -69 85 -65 30 72 56 -38 91 24 -66 -9 76 -5 -71 -99 -39 -92 45 -50 -68 -58 45 -53 -34 -15 84 -87 62 -85 -97 -98 40 -76 -27 -73 15 -60 -27 -46 -65 60 -41 -14 87 -40 31 -35 89 38 63 -65 -65 -24 65 13 91 -82 -13 36 76 -30 -32 42 -23 -13 59 -20 -1 9 -51 -36 -74 96 43 81 99 -52 -75 81 -5 42 47 -8 83 -43 98 23 -23 -71 -35 -10 -50 
-79 52 68 -27 -76 28 -64 83 14 -44 -22 -52 51 69 -75 69 -81 95 -47 67 -18 -87 3 27 -29 -86 32 -45 -8 68 -4 -11 20 -27 -44 -65 -15 94 -80 -70 -4 29 -9 -85 -47 -80 -90 -81 76 28 27 -73 -36 39 -66 42 19 -55 -24 -13 -74 9 86 -72 25 79 -41 -3 67 67 66 98 -19 -66 77 33 76 68 41 62 74 -64 -32 88 -58 -65 25 -31 -52 86 3 -6 -7 92 -94 -4 80 49 -54 54 -19 -46 -75 43 34 94 -74 75 8 -79 72 80 8 -39 -20 -34 -20 -29 -1 -55 -85 30 5 -70 39 -44 46 -77 38 -45 -69 35 46 22 -78 -18 73 66 -99 -26 -85 78 31 46 87 39 -47 -2 -11 -86 -78 -67 -75 -72 89 -91 85 31 -89 63 -70 -2 72 94 97 3 98 27 -74 -63 -17 26 8 -63 30 65 -97 -27 -18 55 61 57 -59 -70 28 -3 -24 -60 -66 13 -18 68 34 -87 -56 -50 82 25 40 -77 62 -83 98 -44 81 89 -10 -65 -47 25 47 -97 65 -38 13 -42 53 -18 -5 64 31 58 23 20 9 -42 -73 -52 -8 9 78 -95 70 84 -19 -82 36 -8 -86 -46 -79 52 -60 3 -85 -85 -21 2 -55 -42 -43 84 6 -78 -59 -40 25 58 86 -69 -2 9 91 41 -84 -89 51 28 -43 93 80 -24 -3 45 -6 -86 -93 -3 -46 -54 20 62 83 97 -3 82 -12 95 96 64 32 39 -14 3 36 -38 6 65 4 -99 
39 41 -16 24 21 -14 -38 19 47 89 67 34 -84 -41 12 97 -77 20 99 -72 -47 25 52 39 17 -95 -53 -7 0 -55 78 43 -10 79 63 -52 12 -13 68 5 -12 -66 63 5 -24 -23 -10 -92 -54 9 19 -79 -97 -15 -18 -5 1 84 -59 -45 66 8 -68 -74 -35 44 -30 -42 -34 -42 23 -20 29 -1 94 30 -7 41 -57 -20 78 50 -95 -99 97 -16 -66 66 -39 -88 77 99 20 -88 95 49 94 38 -97 30 59 3 77 -47 48 20 62 -94 6 -61 -54 -4 43 78 60 57 -63 -8 -34 -92 95 16 30 39 -79 -93 -17 77 26 -43 69 35 47 89 98 92 -97 -74 80 61 96 51 15 -1 6 20 1 -57 65 39 85 5 52 93 19 -50 9 -26 -49 99 -16 -40 92 5 -2 -87 -37 66 27 -27 6 19 -5 -41 -16 -4 51 -68 -75 70 -91 -46 43 -63 56 -34 74 -97 37 -44 -27 -94 39 3 8 68 92 98 29 34 -29 16 -22 0 10 -99 29 -43 36 -65 36 -16 -64 25 2 -20 -86 -81 -90 64 2 25 96 -89 -26 35 63 -17 -44 2 66 54 62 39 14 -16 29 -19 -61 10 69 -57 24 -76 -4 6 -62 -26 8 -35 45 99 16 83 -81 95 83 5 50 -62 -71 39 -76 80 -58 -46 76 51 52 99 50 -81 -32 2 -13 22 50 -21 -93 -80 36 -82 85 -34 -31 94 47 0 44 -12 -90 79 -6 -42 -71 94 94 -64 -59 -94 
-73 17 -90 -62 -5 -48 37 -89 41 86 -25 -86 -60 -20 -21 -81 62 17 37 -70 -24 55 57 56 -18 98 22 -92 -79 -45 -6 85 9 -41 12 21 -71 28 -33 -16 22 68 24 80 -26 -45 -47 41 11 74 -80 19 -23 8 -7 74 36 -68 25 27 -70 -23 -28 88 38 12 -70 80 -74 64 44 64 23 -71 79 -88 39 -93 -21 -85 41 85 9 94 60 -90 25 37 13 60 34 -10 14 98 86 -24 64 -75 48 -4 53 21 86 -64 -75 -1 -21 -10 -50 30 -21 14 95 -5 -36 16 18 -46 -56 79 -54 78 -37 -38 -92 -54 30 -95 50 -90 97 5 26 -11 -77 -53 -17 -61 -91 -4 30 -87 17 -90 24 15 -13 -61 87 59 16 28 -85 -87 -66 -62 -73 -63 -26 60 -62 -26 23 -88 4 -12 60 -60 -30 5 -3 39 53 -58 -29 70 -8 82 -37 -21 17 79 56 9 47 -51 17 74 99 23 35 58 -85 -79 47 79 60 -33 -48 54 -34 -83 -12 58 -31 96 63 -8 11 1 -79 -51 -63 -73 92 41 48 40 29 93 -34 82 -57 -57 -52 83 6 35 -21 -64 -67 59 -33 -76 36 88 -26 22 -2 0 3 33 33 -44 21 -88 94 -24 2 31 63 8 -22 58 -26 55 49 58 -54 4 -8 36 78 18 15 -65 -24 -75 44 90 88 -83 -63 -95 -43 5 90 -63 -84 90 39 96 -39 -2 36 86 15 -37 -55 -33 -71 -32 42 70 15 90 -71 -10 -80 62 
-65 -63 63 58 94 72 24 -68 -56 -94 19 -40 3 -57 -91 5 18 33 -33 66 72 64 -41 -54 -81 39 -86 -67 40 60 -71 88 -88 57 -4 -29 4 -13 -85 62 94 -87 -51 -78 49 2 -94 -70 -88 29 76 -9 -18 67 56 -88 58 67 -45 30 61 -25 74 -45 91 16 -94 31 -95 -37 -81 -43 33 -81 -74 -58 -22 38 -38 -27 -44 -70 69 63 -64 85 -80 72 -60 -52 -64 30 18 -37 -26 -93 95 99 24 -89 -51 43 76 2 -35 78 53 82 37 9 -30 -36 -35 -75 81 -99 -89 95 -75 -2 24 -67 -70 -57 -88 -20 56 -43 -1 -6 -6 42 1 -67 -98 -51 5 -57 -89 -32 -14 -64 97 90 0 64 -67 84 -7 -68 61 86 -49 70 24 7 -8 -20 -33 73 -82 -86 74 24 38 -66 57 42 48 56 -41 52 -37 -29 -5 40 34 59 -15 93 49 -37 -69 96 5 72 -14 -43 -45 -90 91 61 -51 -65 0 13 -49 76 20 -41 -95 98 3 18 -46 -76 -76 63 88 -49 -54 35 60 -51 15 -47 -82 46 -75 24 -61 46 33 15 99 -1 53 65 74 -79 75 68 -41 6 61 -89 -78 71 23 -29 -40 -89 72 44 -17 48 75 7 -1 95 -32 -64 -66 -68 71 -72 93 -94 -72 -68 -76 -46 58 -29 -19 -21 -36 5 -57 -48 48 69 -39 38 -36 87 -42 -53 17 40 5 -82 50 47 -30 33 -35 -45 32 -14 63 -75 -74 -69 -53 30 -87 -50 88 -62 
-61 99 29 -36 -19 96 32 90 31 -6 92 -2 3 8 55 -56 -73 17 -46 15 -7 36 47 -81 87 -5 66 -97 80 41 23 42 -55 42 78 85 -44 -90 -95 11 -97 69 32 50 -25 -76 78 -94 -6 9 20 -12 -29 -90 10 -46 -72 25 21 77 55 43 -96 80 42 40 -13 28 69 98 18 -96 -22 48 -85 1 14 17 -39 43 10 67 30 -83 2 -7 29 30 -55 -41 94 4 52 -60 76 -89 -45 14 -42 -49 81 79 90 -20 -19 -2 -39 16 -73 37 88 95 -78 -23 -76 71 37 66 -72 -22 82 -1 -19 95 -65 -87 -32 -47 -76 13 5 -27 65 65 -15 20 9 52 74 -47 97 -4 63 -35 -6 -14 -75 -44 74 -26 10 -79 -69 9 57 -73 -56 1 84 -77 -34 85 -41 -23 8 -69 -25 -36 10 -60 34 -30 -42 -33 27 -19 -69 7 65 98 23 -44 -10 -50 -75 -86 43 -98 99 -21 -55 33 12 72 58 -59 -58 -55 -48 47 -24 -82 -29 53 51 -47 7 37 21 -56 62 -73 -31 45 -5 -20 -53 -29 6 54 -64 80 78 58 -95 77 24 -61 -57 -90 79 68 11 -92 21 83 -34 -48 -94 -76 63 -99 38 -37 48 75 32 90 56 30 91 -20 -36 2 -37 3 -67 2 -78 7 69 -46 72 -77 -69 24 72 -96 5 93 -28 -8 -97 -91 67 -44 -27 6 54 59 27 7 56 -95 -58 35 86 32 98 -58 95 -54 91 -65 -11 -1 -67 -20 87 -80 
-84 -33 69 88 -36 61 33 -46 -29 -74 92 24 -55 76 7 81 8 -63 17 7 -87 -77 36 -85 89 -93 -98 51 58 81 43 -97 90 25 -62 91 -18 50 33 -98 -88 54 -75 17 -58 78 -74 -5 77 -10 -64 -45 6 32 46 -93 60 -14 26 -72 62 -99 -2 -83 -29 -82 -69 39 -59 27 42 -99 -87 -62 7 -30 60 -20 74 90 -20 -58 -30 -72 -86 -46 -24 73 42 -48 -7 38 10 2 18 -13 -93 22 81 66 69 5 -84 -45 4 -12 11 40 -74 -53 -4 43 -10 1 -9 74 88 -33 -47 64 -78 -87 -23 -42 82 -53 -79 39 95 -87 -32 -63 -26 -69 55 27 62 11 15 -49 4 3 -90 89 93 -93 -50 -24 27 14 -16 -42 30 -28 -99 -45 38 94 -69 89 -19 25 -83 -22 -92 76 7 -23 9 74 -18 -81 79 -95 -83 -35 -73 -8 13 -95 6 -99 22 61 -52 -36 30 -5 -52 -2 21 -78 -13 -9 -71 79 -30 -88 -2 26 10 -24 -47 55 45 5 -4 31 -35 -12 87 99 14 91 99 44 95 49 -88 72 62 -60 44 -54 -19 -27 21 25 40 -33 0 -40 14 -89 -89 -95 39 49 5 13 68 20 30 92 19 -15 -71 72 -55 -12 -29 11 10 -2 -67 0 12 -6 23 -36 -25 -96 -71 -76 -54 -67 -77 -96 -83 -18 16 -1 -60 76 43 -21 34 -29 99 8 -56 65 46 -4 66 47 -38 20 -30 8 42 70 78 -21 -17 -38 44 95 -1 53 
-92 7 -88 37 62 -58 6 -50 54 -93 -51 -58 53 -99 -78 -23 18 90 22 -28 65 95 -2 19 32 44 38 78 58 -87 30 -15 -44 -6 -80 76 33 -70 -53 26 49 39 24 59 13 -31 -73 -2 -98 61 15 49 -53 -65 91 44 97 81 -83 -24 -14 94 51 -44 51 -60 18 -43 25 15 -97 57 -29 -49 -45 -90 11 -51 68 -67 60 88 -11 74 -87 1 65 76 -83 69 52 49 69 15 46 -79 96 -97 -9 -51 -8 -95 -73 55 -49 16 -18 -60 11 43 -96 -50 88 28 3 -99 40 29 13 8 42 -87 -42 -6 -69 -93 6 -2 40 7 -26 85 -64 -37 82 -72 96 72 -43 -46 -42 51 -1 -19 -46 1 66 74 51 -47 -29 30 73 -85 28 -3 -30 70 -60 -66 75 -96 -21 -34 99 90 46 12 99 20 -53 -9 -90 -99 67 55 76 -9 -6 -92 -85 -35 -13 -39 -78 -92 66 -57 33 -2 -2 35 42 -28 96 11 -25 -90 39 74 -41 -44 96 49 99 -14 34 28 51 -92 20 -62 45 -77 -74 -87 -54 -16 90 79 -52 -21 82 -24 93 -77 99 12 34 -22 -35 44 -77 -95 28 23 80 -40 38 -13 52 -72 53 -63 37 -53 -7 97 81 -31 64 -52 50 32 -32 -10 25 -5 -31 -83 -74 -87 -63 78 -50 87 -87 -95 -23 -62 -39 46 -31 85 -50 -99 60 19 76 20 -23 79 30 -78 -7 39 -88 71 -49 89 -97 -29 11 59 81 98 -20 -11 -1 46 
-36 -33 -32 17 -65 82 -86 -10 -64 -82 75 16 62 -67 45 67 4 9 -83 -84 26 38 -92 51 -99 -39 71 52 63 87 16 96 60 -44 33 5 -72 13 -43 62 -73 82 34 -19 77 -61 -92 -50 94 83 -2 -24 -80 -68 4 -6 -88 89 -75 -13 31 60 -30 -66 -1 -60 78 82 -26 34 41 -65 76 83 13 -89 9 -30 32 28 -82 61 -84 68 12 -73 94 -65 14 45 4 -91 -39 -24 -53 67 24 86 37 -55 -55 -99 -60 -10 8 85 -53 -39 23 29 -22 -76 -25 -58 -22 -92 -2 43 22 -34 17 92 87 -10 -95 36 -87 -36 92 -41 57 -11 90 -39 37 38 56 50 -81 -85 65 48 -83 22 -53 53 -97 -30 -48 25 -20 82 47 23 30 28 -33 -95 46 -8 -60 46 95 -30 -27 -40 -68 -81 -64 2 24 -13 -74 -45 -32 3 24 -18 88 91 57 18 -28 -30 8 -41 -99 -13 -40 -95 4 -55 82 39 -75 7 1 -94 33 35 -60 -40 -28 88 -25 5 -8 42 -86 -83 14 8 13 92 81 -53 -85 -48 -20 -75 76 92 -76 46 -52 84 -72 -16 95 -65 -34 83 74 73 13 -42 28 51 -66 12 98 35 -31 14 97 51 70 90 -35 46 -40 -73 -44 -15 -48 -49 9 -70 -33 11 91 47 96 -8 57 19 17 97 13 -58 81 14 -25 -83 -78 -96 -34 25 -19 -23 -2 86 -53 -89 83 28 52 -59 53 48 53 93 66 37 8 -83 54 -60 -7 37 
-94 -12 3 44 52 -67 -12 -36 -79 71 0 -55 -31 -88 59 87 54 -71 64 -73 45 -87 -60 2 -53 96 93 -23 74 -98 33 3 -8 -36 10 62 86 -80 -38 -87 -89 48 -5 26 -56 20 -38 -34 -86 61 -92 50 -4 -78 -72 3 -30 12 92 -80 40 -93 -25 52 70 36 30 58 -56 -92 -83 -36 62 72 43 83 -31 44 -70 16 -52 57 -19 80 -37 -62 -4 -11 19 98 89 -77 -12 80 -67 -63 53 -29 3 48 4 -75 72 24 16 -8 39 -57 0 -57 53 -62 -39 14 -36 -50 -84 85 71 17 -41 3 51 -73 64 82 -95 -97 98 -3 76 -53 -40 -8 -8 -33 58 49 85 -75 -89 2 -34 -8 64 -44 -54 88 68 19 23 -26 27 97 -47 -34 62 31 95 -39 75 -64 83 -37 17 62 56 91 -80 -50 -34 -21 82 -91 -84 71 -48 -95 29 -49 -50 55 4 -26 -18 21 -15 -94 -44 41 61 17 -34 73 -67 2 25 83 -14 62 43 -5 -58 84 76 75 -37 -37 28 -56 -68 -42 67 -94 -91 29 22 6 15 -94 29 90 33 6 -66 -41 -55 -68 15 65 -82 -30 -14 -49 21 51 35 -88 46 15 13 86 46 26 39 -54 -20 46 -72 78 -8 89 13 -45 56 91 -15 3 -78 -17 -72 -52 67 71 -48 -93 93 -84 13 21 -83 -58 -64 -59 -85 33 -67 12 6 93 -10 65 -57 75 -49 69 57 1 -27 -55 -56 14 -47 66 -5 48 -13 20 -8 11 
-90 -60 6 15 5 -88 22 86 -10 73 -80 71 13 -80 -93 -20 66 65 37 -43 -70 -80 -96 -18 58 18 7 -51 52 -89 -40 -32 -63 -4 23 7 12 67 68 -10 -30 -44 68 -28 -84 56 -63 77 27 -93 13 77 2 60 -27 4 56 -4 23 48 -44 55 -9 43 -48 50 -42 51 -77 -65 31 -92 -58 85 78 -46 -10 21 29 10 15 14 81 -90 46 94 2 26 5 -75 42 -16 -52 -66 -44 58 -7 90 77 41 17 -92 -32 36 -47 -49 -81 3 -83 88 -5 -21 54 -58 15 30 99 -55 56 25 77 -12 -58 -42 -72 -50 71 63 9 35 -4 -30 90 -93 82 66 32 32 41 0 -55 -71 -75 15 87 -95 1 -21 -89 -2 76 -60 90 34 -55 -2 -27 -94 31 -62 -70 -70 -58 56 -20 -17 55 49 54 78 -25 56 -88 -59 52 -86 98 -17 40 -75 -59 34 17 -62 40 40 -45 -35 72 -2 79 -77 -70 -50 -48 83 -30 48 -83 -63 2 -37 -70 -20 28 -79 26 29 -16 47 -57 63 97 97 -18 -51 38 -22 -49 12 62 -47 70 91 95 68 -55 -68 -75 -54 -28 -29 44 89 59 6 -47 57 40 15 -45 36 -65 -45 3 -38 83 66 35 17 63 -9 24 27 2 7 94 -14 -81 -92 87 44 -58 94 -10 -76 64 66 58 6 34 19 -65 14 -15 -10 -13 -69 46 -53 -31 -11 31 -18 17 71 86 1 -95 -2 -50 -52 -53 -86 24 -57 -35 -4 -75 -77 
-40 16 -40 18 23 -90 76 -80 95 33 -56 72 84 -14 -59 92 84 -67 -48 32 17 65 -73 20 -97 49 32 49 70 98 -34 98 -13 -68 -18 86 36 -87 6 -9 87 -34 -7 -41 -58 -35 -43 62 -25 54 99 20 -95 -57 -49 52 71 76 -11 -25 54 17 -74 -55 49 -72 -56 -75 -32 -57 -20 14 -36 17 25 -53 11 10 56 -10 -44 75 -86 -17 80 -20 70 68 10 -50 64 -23 -21 2 87 -22 -99 41 34 63 -12 -84 18 -37 42 -59 80 10 -56 -62 -36 -59 -64 -35 -8 99 -91 -75 -55 -11 60 -48 40 -57 85 98 -50 76 74 -96 -75 66 50 10 22 -96 83 83 83 15 -31 89 14 71 73 84 71 -23 -4 53 -86 32 3 29 -22 -79 58 16 -48 13 17 12 -40 -13 -47 -68 34 -66 29 -77 -33 -73 31 6 -43 -94 -31 -5 -22 -13 65 36 -72 -25 72 -9 85 -77 31 58 82 -10 86 -77 -98 -21 71 -15 -18 -85 -68 0 11 70 -83 -43 85 59 -62 -15 -59 -70 80 8 17 -41 8 43 48 55 -87 57 -56 -26 87 -77 -10 89 28 67 0 69 -43 -82 -90 -65 -72 70 -27 -87 9 7 9 -97 56 33 -40 87 68 -17 33 -11 63 -91 -53 90 -63 28 9 62 -39 73 39 -86 50 72 99 -29 -58 8 -59 7 -80 7 38 94 -18 -31 -56 -40 -47 76 84 23 83 -93 51 -35 -69 -16 25 71 -19 -38 60 64 -63 59 -99 -7 
20 -39 -82 -84 -76 -4 -32 62 94 -60 -28 -60 8 -87 -9 -48 -44 1 94 -84 -55 -2 -20 -81 -17 18 39 -37 52 -65 -92 43 2 -88 -84 38 -80 44 -54 -12 78 60 -76 -49 95 15 25 0 -92 12 -71 91 33 7 -35 -98 -94 -76 94 82 79 -49 -69 -6 -32 -90 -42 4 -17 22 4 84 62 45 -42 13 -14 99 68 21 79 17 15 -62 -38 -56 80 14 68 90 28 -74 13 24 58 -53 -16 65 -51 -60 -28 -74 48 -72 20 71 -84 -23 97 79 81 29 57 90 96 -73 78 -63 -24 79 35 -74 -18 -45 -40 -3 -74 98 91 -50 -65 66 -12 15 -66 -13 39 -25 -19 53 27 63 -28 70 8 37 -72 28 -27 44 -22 -50 82 -35 -17 -69 75 -24 44 7 46 66 43 34 -86 -56 -6 96 53 58 85 18 -48 89 -7 -47 75 -76 -58 40 -48 -15 24 -93 -67 75 1 43 90 65 -57 62 -85 -87 16 -77 8 33 -92 -13 41 84 -95 -58 -40 57 77 -22 48 -55 -14 58 -36 -58 -64 -7 22 -83 -49 -90 50 -39 90 15 76 -18 71 -25 -22 -71 34 13 26 13 -6 -11 53 -3 -98 -54 97 92 51 71 5 28 10 17 30 12 30 -22 -20 92 -93 -86 92 30 -25 -4 43 -60 75 -33 81 65 -78 -44 11 0 -41 -48 38 21 77 -34 -81 16 -43 -54 84 83 44 -8 81 -52 20 32 98 10 35 85 -65 39 16 -70 54 -8 3 67 
-6 21 16 52 -67 -20 13 -8 -75 77 -33 43 91 -88 -51 57 71 14 75 11 -52 -65 46 40 96 -70 52 79 -92 7 96 -89 -60 11 57 -66 18 15 -44 -42 23 -88 -27 7 -65 8 -25 41 -88 -94 59 -17 -65 -51 7 -47 19 39 -8 93 49 -14 75 -98 -32 49 76 45 51 -32 -52 -94 61 -54 58 22 -52 79 -32 -25 -57 34 -25 -86 -63 -75 -66 11 -95 62 -77 75 -66 67 23 19 -92 -55 15 -66 -39 9 -90 -29 63 71 50 -22 -29 -38 54 -14 18 5 -99 -72 -59 -2 55 99 -67 21 10 24 60 -15 -93 -62 -32 34 25 37 -7 -95 42 52 -99 42 -12 -79 29 88 -97 96 -29 22 61 47 -85 -34 11 -3 -1 67 -97 -96 -24 2 32 94 -60 -81 7 27 -29 85 91 76 -44 -58 -77 60 -10 20 62 -42 77 -51 98 -10 72 88 -81 46 -23 13 -78 39 3 -20 -75 -44 -11 -5 4 -64 -36 40 16 -65 -73 -86 -14 37 34 47 -37 51 65 -86 62 36 -61 23 45 -47 51 -62 -59 50 -20 37 -81 -50 64 53 7 90 22 58 -78 79 87 32 -10 54 56 -77 -88 19 -99 39 -52 -36 19 86 1 -18 -13 -89 41 -11 -77 -40 26 2 90 -49 19 -18 -95 -45 -8 -7 26 35 -45 8 61 -70 -39 68 2 -88 -34 42 -2 -71 9 -34 -71 -64 54 -1 -39 60 10 -1 40 3 -76 -2 -47 -56 22 -80 -91 -77 50 -40 
-98 -56 46 99 30 45 71 41 -62 -8 -28 -38 64 8 86 -10 2 49 -92 56 -68 -78 -53 87 20 -34 88 -67 17 87 -9 67 6 -91 -89 -21 92 86 -35 -43 81 -19 6 -75 -34 -11 59 99 -67 -36 -30 54 29 84 64 27 -62 24 78 1 -60 -11 -95 -86 -12 -43 -87 -69 76 5 94 15 -16 0 37 -27 45 65 -27 28 87 -94 62 99 41 -72 -71 92 -17 -80 93 -76 50 79 63 47 -31 -43 23 -55 -86 -28 51 -62 45 13 72 51 98 -42 -93 -95 44 -96 61 -4 56 19 -61 -14 13 -85 46 -5 31 10 85 -20 -84 35 23 -26 -17 86 41 -56 -21 -20 65 5 97 45 -48 -46 27 -81 -79 44 -56 -79 -28 41 -68 0 62 -62 12 90 -63 50 44 -17 -23 -2 -91 -26 -51 -54 11 -77 -87 35 -70 38 78 -37 -91 -29 -56 -28 83 -8 53 17 87 -36 -54 39 35 30 -72 29 -52 -80 90 27 93 59 -62 -46 -53 -72 61 -89 -75 41 -62 -50 69 -54 44 70 34 -13 85 -92 -58 -78 47 81 54 -68 46 44 -1 -39 51 -99 -79 28 -16 -60 -96 -58 98 95 59 -42 -75 -40 73 -12 -51 -7 3 -10 -83 -69 66 53 -4 -59 3 93 95 -8 16 16 -41 85 18 -40 -58 37 44 -24 -38 15 91 82 48 -65 60 -90 -70 -42 -93 -52 10 69 16 66 35 57 -6 13 -43 -71 -4 62 -75 15 60 2 12 -56 44 36 -1 56 
-43 43 62 46 -47 47 5 8 -24 0 -96 68 -78 66 86 -32 -80 46 -76 -60 -16 -66 74 -52 -33 -41 -56 -13 25 -76 37 37 -30 61 -1 92 49 -64 -62 -46 19 -47 86 34 -38 -49 81 -94 52 80 34 -62 0 -70 77 -27 -95 33 -39 53 88 -95 -15 70 90 -43 39 -28 95 -94 -27 30 -39 -59 56 -28 26 82 -97 -3 -28 64 -57 -63 48 -54 -50 75 16 24 36 -6 47 37 -40 99 -7 -59 41 -59 17 14 98 37 -99 24 -9 -21 -15 88 39 -3 -22 77 -20 40 43 -63 54 70 95 -75 19 91 -40 -21 93 -39 -4 26 73 88 49 -16 -17 4 52 -2 81 51 20 53 -68 28 -56 -7 88 -15 76 -10 97 -1 -23 -74 42 52 -2 -20 -68 -10 63 81 22 -70 9 66 40 -11 10 47 -70 -54 -41 62 -37 -29 58 15 25 69 -45 -78 0 69 11 12 -19 85 47 24 96 -51 -59 -88 -18 79 27 -24 96 12 -55 91 87 -18 74 59 -5 68 -46 76 -40 85 63 76 29 48 59 99 -12 21 36 19 24 -36 83 45 -6 -88 -57 -48 58 -11 74 -91 -20 42 88 54 -28 -69 -89 38 5 -74 33 -7 -71 -65 28 -35 34 59 7 6 30 55 -6 -57 46 -37 43 35 -23 65 -4 7 49 40 31 -16 -86 -76 -79 93 88 -94 -59 -56 -76 87 6 49 -34 -41 -85 -47 41 75 -45 -8 5 67 -3 60 49 -50 -46 -40 81 46 
-86 -19 54 49 87 -41 18 -24 -91 -75 -16 29 -76 -13 -26 -92 94 90 65 -96 24 45 83 22 -19 56 85 -87 -97 -67 9 -32 59 -93 40 64 96 86 10 46 -27 -67 26 45 93 77 -69 -76 59 -87 -79 -19 -88 17 39 -82 20 -85 -91 -14 -24 -44 -24 67 -27 -45 -2 -36 -59 -12 30 55 80 24 46 -83 -59 -53 -11 55 99 -25 -95 -87 99 82 43 -58 -14 59 -48 98 88 53 -59 40 -64 -88 -70 96 -69 -96 -77 -26 24 50 -83 52 67 86 44 -23 89 30 -2 1 -11 81 78 -21 60 -93 63 75 -67 47 5 -55 7 93 55 -87 21 2 8 -1 44 -70 -7 -41 -77 -85 5 61 78 -41 54 39 89 -18 8 7 -61 70 -96 -29 -19 89 85 -65 95 -52 69 89 79 -14 -41 90 92 38 -26 38 3 -20 -5 -24 96 38 -55 -76 23 -53 40 -98 96 92 78 -66 85 -77 -90 57 -46 46 -52 68 82 81 53 39 -33 -50 37 54 -85 26 80 -48 20 -59 83 39 -6 3 -70 33 55 -88 4 -57 75 -42 18 -8 -86 28 -54 -82 57 45 52 -4 -24 35 42 0 -89 -6 75 48 36 68 32 -62 -17 -27 -92 3 -87 -71 47 5 28 -1 -35 -20 87 59 -4 -64 -58 -99 -70 10 10 58 -75 98 24 18 -60 -47 -19 86 -37 65 17 -57 21 -27 82 7 49 -40 -3 -85 -19 -44 96 -96 -87 -16 52 -71 4 -41 4 -85 -98 -66 
67 -36 -23 50 -2 -13 62 32 -31 -10 -4 67 21 72 -67 6 85 31 45 87 12 -16 -79 19 84 73 5 -52 -61 -38 -65 -78 -37 92 -92 89 15 -39 63 -59 91 -73 35 42 35 -20 -33 37 -26 77 -52 -31 82 55 -75 94 -19 11 11 45 -91 19 -68 -30 -51 -73 -74 43 -62 -8 -92 -72 17 -43 23 13 -62 -85 -36 -87 -80 -94 91 23 -64 0 -91 -42 -71 77 -88 17 -81 34 -55 -47 -26 52 -25 54 -85 -4 21 86 -45 17 -78 59 59 -77 19 -13 97 -34 27 38 44 32 1 -14 -38 72 75 -10 88 -47 -90 -29 33 51 77 19 -56 81 39 12 -38 37 -29 90 -25 -21 37 -92 -76 -27 -86 -37 63 24 -53 54 93 -76 -49 -79 -20 -17 -31 89 -33 34 67 6 1 90 75 -9 73 76 27 42 -29 57 69 -44 -70 34 -73 -91 22 -18 -35 65 -84 88 -69 60 -61 -75 81 68 -3 -91 -75 -29 40 -77 58 74 -94 -10 23 16 -85 -77 -86 -29 91 54 -81 -51 0 38 -44 83 63 89 -46 92 -46 -86 18 29 -79 -25 -90 37 -70 10 61 -57 51 -37 -29 -59 51 -59 46 -43 30 -66 88 -79 -12 -11 34 3 24 -94 40 -8 -8 -57 -40 -9 -82 -67 92 89 -18 -20 -29 -96 83 -90 95 40 -62 -64 88 -53 -51 -31 -85 90 87 -42 -9 15 -74 52 21 98 -63 67 38 -66 76 10 -41 -25 24 -13 -48 29 21 -60 35 -28 
-86 63 -56 -62 91 -15 86 -47 -86 -67 -36 4 74 -32 -60 -18 46 77 -75 2 3 29 4 -31 -73 -82 -86 20 63 93 -94 83 91 75 59 84 -44 3 42 30 -71 -36 -29 87 -38 -42 53 -92 28 -47 -26 -33 12 8 6 -89 6 -14 -19 72 -79 69 -30 -46 38 50 26 -90 -57 -27 29 10 -93 96 -24 -59 -80 52 28 -98 -34 71 -47 31 66 31 -47 -65 93 68 23 12 15 99 -97 -73 25 -2 52 29 39 42 -89 -57 -68 -27 85 -60 -7 -51 81 -46 -9 8 -93 92 38 -26 -21 3 -1 38 55 -39 17 76 -75 -28 41 -76 22 21 75 18 91 39 5 95 21 84 75 5 -28 16 13 -2 -42 -57 -18 -90 29 -88 -24 31 38 68 -27 24 68 22 -15 -38 98 -39 -73 -26 -6 -61 -97 -33 -15 9 -96 39 -60 -63 -77 -59 -88 6 64 -91 64 -54 58 -88 -55 -17 44 -42 -85 40 69 -92 59 85 50 -26 48 46 -18 79 55 39 62 2 -95 -6 -12 -69 -82 -67 29 -98 -75 92 -6 5 -38 -22 38 93 -79 20 -48 22 -40 -7 -54 -50 -33 59 -86 -7 -8 67 -86 38 -5 92 -10 -75 4 5 0 16 -9 -36 -26 35 -47 92 73 -26 25 -20 -62 92 1 -85 27 92 73 41 -56 -5 99 77 -68 -44 91 -98 -45 9 79 64 81 -91 -3 69 37 -12 -3 61 -86 5 -90 38 -26 38 -68 -93 88 -76 38 -51 -97 -97 28 -47 
-95 24 -52 -14 -45 1 63 -81 23 -33 -50 -50 2 44 -17 46 37 -80 70 7 59 36 -24 56 -99 27 75 34 63 -74 -26 71 67 43 -67 -59 42 42 87 -65 -48 35 71 -29 -70 -87 82 -26 33 -83 84 60 -34 -69 -25 -53 81 -19 -52 48 77 -58 12 38 -35 -58 95 -13 48 -57 98 -23 -23 -39 -4 62 -3 -98 7 65 5 -77 69 4 -84 28 -86 56 29 29 29 -33 45 20 32 -42 -11 -89 -38 -88 -83 -31 -79 73 49 -18 -94 -81 -40 -88 -46 -29 33 -8 27 5 -25 -40 53 93 52 -58 -27 66 -23 -40 -67 -39 -21 -64 71 62 -97 -77 -9 -55 37 3 57 -6 17 -26 -5 -30 -87 43 -96 -9 -12 -42 7 -5 41 -47 -23 48 -3 25 -39 -57 16 1 45 81 -25 -70 91 -56 -81 -13 -9 -25 83 -19 83 -27 -51 57 55 55 -85 48 -70 -72 61 92 53 -87 -59 7 -25 92 -36 -50 -88 45 15 49 85 -83 -84 29 57 -28 -83 -42 -82 50 28 10 -11 -16 23 50 -78 20 -38 -82 25 86 -43 92 -85 96 65 25 -85 -80 81 -67 -20 -58 -99 -48 86 -70 -77 -11 8 -31 -51 -57 19 -71 99 -15 31 -37 35 -15 -70 -37 -26 -69 -71 5 -59 62 -87 37 81 29 61 -76 55 42 -12 20 85 -44 12 -7 -46 -47 75 -66 -95 63 51 76 20 43 82 93 -35 35 47 93 -77 -38 -95 -42 34 49 -37 64 -59 -19 82 -88 
-98 -66 -2 80 -67 6 -99 9 -21 -38 -12 44 33 -28 78 60 -50 -19 -87 68 -74 -48 42 72 2 -98 -69 62 -34 44 -28 -34 47 -4 -85 -46 -43 -4 46 -74 -89 19 -75 -22 -26 -18 -75 9 -6 -63 -20 -64 -26 -77 16 64 31 -44 -46 43 -84 -25 4 -23 -24 12 56 30 5 78 16 15 -1 -31 28 19 -16 75 -93 -20 7 -63 -84 -10 71 27 66 -82 74 -24 -29 -37 -42 -93 -63 99 55 -20 64 88 -27 69 52 42 -76 -58 72 -62 51 -14 -9 -90 15 -56 65 29 -63 17 45 -26 2 58 -2 72 -97 -28 76 53 -33 91 -11 4 66 51 -51 -3 -59 -4 47 -65 12 45 -44 -36 20 -83 -77 74 -70 -97 18 73 -72 91 -3 -79 74 97 -61 49 35 -63 -37 17 5 -32 -91 -32 -44 54 22 -96 -53 44 58 -62 70 -59 58 -21 -4 25 -72 86 78 29 8 -50 -90 73 -77 -1 31 -30 -2 -74 -48 89 16 -62 -80 -32 -58 36 -87 -97 -32 -12 -8 -32 56 25 -80 -78 64 -90 -6 -46 86 99 -41 -47 -96 39 41 36 -17 29 53 84 32 53 92 -18 -31 87 84 6 -33 -96 -70 9 46 57 70 -9 -70 70 58 -56 -37 5 82 51 36 -60 -7 45 87 49 31 -49 67 -43 -84 -60 73 -95 -53 -66 -49 30 -2 72 -30 81 -8 94 -28 -9 -29 71 -82 -70 -11 10 22 -37 -70 39 -39 11 54 -51 -27 -16 10 14 -91 36 
93 -7 92 80 33 96 -18 1 -55 90 -17 -75 -60 75 -26 35 30 71 -26 -65 73 -15 -4 30 71 -1 84 -97 -24 -95 -62 54 38 90 45 63 -22 -53 -82 -52 99 99 39 19 88 18 -30 -91 -59 71 86 -21 23 -21 0 -80 -58 86 -53 -91 -74 -25 -95 -37 -66 58 74 -53 87 19 86 16 -61 -30 -44 -81 -80 30 -46 -96 97 -93 95 -22 28 -82 59 -11 41 -74 -82 -39 16 -82 30 62 -84 -7 -7 64 1 -95 84 -4 59 15 99 -37 46 34 -77 65 -9 -61 86 -21 -88 89 5 -90 -14 93 -30 46 51 20 -49 15 31 -13 89 -22 65 58 -18 40 -96 -59 -86 -80 62 82 82 -61 92 -9 90 -7 14 -21 82 -18 -91 -37 -48 -84 -51 -97 -86 -22 -27 -6 -65 10 9 -4 -72 64 25 -15 -13 -12 -59 25 -79 29 -15 -50 15 -10 -16 67 13 2 -13 32 59 15 -62 42 -23 4 12 98 -22 -19 5 30 -47 13 90 -87 56 -6 99 -93 4 5 -39 28 -82 -27 -79 -33 -65 -3 -23 1 34 84 -42 -83 -51 46 2 47 80 -59 73 68 -34 58 -52 -46 1 -5 -64 -33 -89 98 -37 39 63 38 29 -53 -5 85 14 -38 -36 -37 63 -69 -86 -54 -94 47 -17 -99 14 82 88 70 -47 -68 -84 -57 93 -24 97 -33 44 -78 67 -23 35 11 -46 21 80 4 16 50 -45 17 -33 47 -2 37 37 34 69 -94 -80 15 45 -66 -92 85 
-4 98 -30 -98 -95 78 -44 -53 38 90 -13 -84 -63 77 -98 -90 -89 -25 86 -14 69 -48 76 -55 -3 -35 -58 -47 7 -91 27 33 -88 96 -57 -47 87 -26 -34 -1 -17 -21 -55 -88 54 -69 -54 -68 -12 61 -72 -38 -46 51 12 -67 0 20 44 -26 69 68 72 -40 -46 -6 -88 -64 51 -64 17 78 -69 -68 93 -87 87 -26 87 71 -41 66 93 -63 -2 -2 35 57 60 26 0 -2 -27 -46 -11 67 82 -56 -15 -41 -34 20 37 -37 53 -64 -23 53 -65 -54 75 46 40 39 -4 36 -4 42 -51 10 -60 -3 59 -93 -93 -31 -69 53 -94 27 82 30 -19 -53 38 -77 98 36 19 -34 4 -21 71 66 -41 94 -71 -54 -14 38 -33 -22 -23 -52 84 10 36 -21 1 -21 5 56 3 49 -42 -36 -93 -6 -67 79 -78 39 21 -60 52 -89 -43 74 -2 50 51 -36 53 -89 93 18 -48 -16 -25 -20 46 -67 15 38 -41 15 71 -83 -55 -27 -69 36 67 29 87 87 -62 -20 -78 17 56 26 -8 -6 -20 -81 -80 -55 -51 61 47 -37 62 34 10 -91 -91 21 -60 -24 -68 86 -20 -57 -84 53 18 -56 -72 42 -80 -42 -35 -83 48 -34 1 76 -66 -70 42 43 25 -86 -79 97 -20 67 -45 55 -36 -88 -72 -10 15 -38 74 58 -60 93 -33 27 -70 57 69 -9 -90 -84 -19 -47 59 -33 13 -43 -8 16 -92 -32 27 -91 14 70 -11 24 -62 99 -50 56 96 -47 
-41 49 -50 26 -90 -55 -8 -51 -23 -62 66 82 -66 -84 -81 59 76 -86 53 51 -34 88 82 -87 -30 -62 -87 -4 -57 -19 12 74 -39 -9 -88 92 -70 -26 98 -79 -34 58 79 -42 -95 95 97 35 -78 -18 2 -18 56 61 99 -7 46 78 15 24 65 21 67 -74 78 21 -29 45 -26 -39 39 -5 -33 98 57 -28 -33 90 -32 0 15 -76 77 24 -63 -57 86 83 67 63 89 20 35 57 -82 -33 88 42 54 61 -62 54 72 94 -12 74 -17 76 -39 79 91 33 22 -93 -53 75 -40 -90 9 53 -8 -92 -77 53 15 -32 99 92 14 17 38 -49 94 -70 71 -99 11 -1 -83 -79 38 -96 -23 -93 -75 24 91 -79 -77 -64 -86 66 96 90 -83 -46 -51 90 94 -43 56 -26 9 17 -33 -9 -80 59 69 15 0 50 65 -65 -53 90 11 34 7 -83 -63 -75 -11 48 -99 17 -48 46 23 28 64 -90 -67 1 -64 -6 52 -26 49 -22 -96 -72 51 -29 87 -63 66 16 90 89 -70 -92 -43 -25 -26 22 37 89 53 -45 -61 -22 -86 64 1 -18 -5 43 -36 7 36 28 -96 2 37 21 -7 -59 84 -55 75 74 48 -94 -16 -85 84 -93 51 -92 -72 -70 44 2 96 31 3 -67 46 92 -39 -48 3 9 -30 36 4 -35 -14 -94 91 33 64 -66 -40 83 -66 34 82 -84 65 63 23 -16 -70 20 78 -20 56 -73 27 -41 -54 -6 17 -51 -17 20 71 -68 
49 -83 -8 -65 -68 7 6 44 -34 86 75 -41 -82 81 7 94 -99 20 68 -87 -7 39 87 29 -64 -15 -40 -28 70 11 -86 79 9 58 37 -3 -67 -99 -55 -48 20 -45 51 -24 -43 -52 -47 0 -24 -19 92 57 89 3 55 47 -75 39 -8 33 68 56 -56 -73 72 8 -44 64 -34 -56 -55 66 80 -85 73 67 45 -90 -51 1 -49 -52 -81 74 4 83 40 55 -43 -67 83 47 -68 -62 56 -45 27 -23 25 -55 45 0 -13 -55 -21 42 89 -34 -43 12 30 94 -66 27 -72 -15 -27 6 96 58 -17 -97 -45 95 -12 30 -40 -54 -30 33 -68 73 96 60 -2 -94 58 5 -10 31 -89 95 -22 -93 81 51 -19 -27 7 26 -43 89 70 -82 69 -51 81 -29 -26 -31 -20 -89 -24 -18 23 45 52 -36 -25 4 -54 -82 -25 60 -17 -39 -73 -78 86 -81 -95 62 -34 77 66 -60 -96 14 -33 60 97 65 -20 5 5 99 -91 3 99 96 31 98 5 44 -9 7 51 -60 -17 -70 -4 -70 -97 -38 -48 -85 -5 -3 -54 56 -20 -5 -59 31 73 -93 -55 14 82 -20 -93 43 40 14 -35 -74 53 -39 67 91 -58 32 74 78 88 -99 81 -12 -9 42 97 70 33 0 -5 28 9 5 -69 13 54 81 -18 -93 -71 3 -36 -95 -38 14 62 24 10 -19 98 65 59 -82 9 48 40 28 75 83 86 96 98 48 48 83 -84 -54 43 -52 49 -50 71 -86 24 -46 
-30 -83 76 -88 -29 -10 -7 -46 -8 -19 60 -59 -29 32 68 78 78 -31 -36 44 30 52 63 21 -82 75 -22 69 17 -77 45 -58 -98 -47 34 -47 -78 3 27 35 -23 -78 -23 -58 -76 66 19 -58 -5 95 -13 -68 42 20 13 15 -77 93 -18 -81 32 7 72 33 34 65 1 -20 70 94 -51 98 84 32 -18 21 86 -65 -55 -83 -68 86 43 54 15 91 -46 -72 -49 -39 21 -14 -41 1 28 20 20 -6 -75 -82 71 63 -14 -39 27 69 -25 -21 -41 -95 8 -54 98 12 83 -11 -5 -34 -45 -7 73 96 -64 -16 87 4 -15 -8 90 74 98 56 26 -24 -23 2 99 -84 -67 -88 85 -93 -13 -1 85 5 -58 2 4 73 92 4 -59 -83 -23 -76 19 -88 -42 1 59 -95 -39 -87 82 26 -89 31 43 -12 -84 10 -8 65 -63 9 -8 -69 -5 -70 -87 -29 62 -81 -85 33 11 -88 2 78 -90 -5 49 14 -39 -99 -36 -65 50 19 -25 26 -72 96 49 -96 -74 -62 32 -87 -33 30 -97 -53 99 55 4 -13 -20 17 -71 -8 14 82 31 -75 -36 -4 -23 -44 73 34 60 -95 51 20 73 5 -32 -22 67 72 -5 62 68 82 -11 -37 -70 -18 -92 70 -61 1 -74 -63 86 88 46 -63 72 2 3 -29 -89 -43 -83 -6 -75 84 22 -52 1 -6 95 13 16 -74 -6 -46 59 83 29 -1 19 -15 -91 -73 77 20 -38 26 -21 -15 -56 90 48 -85 31 -73 
47 -84 -5 32 -81 -77 27 -35 67 83 56 -34 5 21 59 94 -69 15 -90 49 -87 98 -54 -74 6 77 -58 -53 -91 37 -84 -45 61 70 6 -25 -49 35 99 28 52 -40 -2 -96 -40 -82 -75 73 20 -36 -47 -2 11 -37 44 62 -23 -87 -7 -11 -26 -86 38 45 97 52 -83 -48 -60 -98 31 77 49 -45 -15 30 92 -40 -35 83 75 -40 -57 28 -95 -18 51 -41 22 -9 -30 -33 37 61 -57 -5 -62 -44 5 -35 -92 23 22 16 -84 64 64 -24 -45 -67 -68 37 -3 -65 -73 92 -94 -13 -96 98 59 -62 90 -14 73 -6 -11 -38 5 -60 93 -17 -77 28 -51 -23 -46 13 27 62 77 12 57 72 -65 10 -97 37 -28 7 20 -4 -22 43 -77 -13 99 -44 13 -65 -30 -39 -50 0 -34 10 37 -12 45 55 80 43 -34 -26 51 93 -51 -95 -57 73 40 -3 -36 -7 50 -74 -91 -65 -85 -15 -67 60 82 35 87 -93 62 -11 -11 -27 -81 -27 -94 -33 43 -79 37 29 75 -63 68 -27 25 44 -89 62 60 -67 -27 28 -37 -17 76 -78 -95 -23 34 -42 -47 48 53 -49 81 79 0 -89 -90 -47 82 -25 -63 82 -87 -62 89 29 -84 4 -28 74 -16 -42 66 -20 -80 58 45 62 -71 -97 -47 3 91 -94 19 83 6 48 -56 31 3 53 -72 -17 -13 -1 41 96 48 -83 -7 91 23 -21 -38 -63 -50 41 -43 28 54 -80 94 -73 45 49 -4 -46 -88 -83 
-29 -86 -41 -50 27 7 15 82 -66 51 -80 -9 46 -16 -80 43 97 9 65 -61 7 77 -22 16 52 -43 0 20 -8 -73 50 -55 -4 -46 -11 -86 -11 -12 1 11 64 32 90 51 99 -50 -87 -5 -99 13 -18 45 -60 71 -59 -36 17 -38 -12 -43 -37 -39 -32 -2 3 33 -53 20 17 19 28 36 46 -31 64 -52 97 51 -13 44 -24 97 88 20 -51 70 -2 29 89 3 -79 90 -21 -49 90 30 20 99 94 -23 24 58 -74 39 3 55 -38 93 -32 75 75 30 -88 -62 56 17 69 -70 86 -27 82 74 55 -49 87 -85 56 27 -10 92 -88 -82 -29 59 -66 -70 39 -51 -23 65 -53 -57 -77 -48 5 74 -31 20 -14 99 18 -80 56 -38 -72 -39 50 71 49 6 99 -52 20 -56 -3 -97 -94 47 35 35 53 -65 -79 99 -48 -93 -2 40 -77 40 25 28 88 91 -17 -16 -44 -26 9 31 -68 -56 50 -67 -12 -88 86 66 41 92 54 -37 80 -63 83 -76 -69 -47 17 -32 91 -12 97 -44 67 -64 -53 52 98 72 14 70 45 46 -79 -25 -70 -85 71 26 -48 -69 71 -25 25 -66 14 54 -89 -20 95 48 -3 0 -43 -11 8 -66 78 10 64 -99 32 59 79 16 -30 65 -92 2 -38 -83 -3 -11 -28 -88 0 -46 -2 58 -50 -30 49 -61 39 43 0 94 41 56 21 93 -94 -66 74 63 -65 -12 -32 59 -8 -9 12 4 78 -78 21 76 -68 51 
38 -30 -77 3 -61 23 97 46 75 -96 -24 -22 -69 5 -44 74 -68 13 55 53 -67 70 71 -10 -73 -51 46 -52 -2 33 -40 43 -87 -52 48 56 -63 81 -4 -98 74 40 -32 -4 7 -94 -42 -78 -27 -34 35 3 -6 79 -92 6 51 8 30 -85 -6 -56 -98 -22 -84 81 25 -66 -5 24 -28 63 -68 -72 -81 -27 98 22 71 -96 -54 -90 79 57 58 -75 11 -58 -20 -30 36 99 12 29 53 63 50 55 31 68 -20 90 76 -52 -34 50 77 1 -36 41 -3 -55 -87 -40 -63 -3 82 -88 -93 62 85 81 -48 -59 -32 45 58 73 35 18 -77 -9 67 -19 -95 -65 5 -46 -99 -2 -58 -84 52 -2 47 96 -29 -99 -68 6 -6 -73 -15 -12 -56 -26 -43 4 -96 7 32 -86 -97 60 16 -73 -2 -34 -75 -19 63 -18 -49 54 -36 -21 -31 -39 -42 8 -13 35 -43 59 -54 62 57 -36 -15 50 -75 96 -81 80 -81 -2 91 87 -22 -54 -89 4 50 -1 88 2 6 -33 76 -10 19 -78 71 -42 -46 77 74 -58 82 35 42 58 68 67 82 55 65 -45 11 -47 -56 7 -3 23 -43 -76 -36 30 66 -66 -54 -50 86 -59 -75 -72 -41 31 62 58 -43 12 24 30 28 -59 24 34 -16 43 2 72 75 -87 61 35 28 -75 31 3 -90 -48 -63 5 -90 58 62 93 88 -70 -89 39 30 12 -55 97 -92 -32 23 12 -75 -62 -63 -71 30 -11 -36 -33 52 -65 
-7 -14 46 51 -15 -89 -22 99 47 0 11 79 -66 -24 -69 -17 -6 53 -42 30 -61 -90 21 -53 0 63 -54 -12 73 5 -35 -15 -2 38 2 28 -63 88 -3 -16 89 -77 66 15 25 87 -33 -32 75 88 -23 37 77 47 17 67 25 16 39 94 -59 69 -20 -68 35 -54 -88 -27 22 23 84 -9 -91 63 13 36 -9 -76 -74 -27 -62 -77 -92 59 -13 73 -63 -2 87 53 73 54 26 71 -11 62 13 92 -8 -59 -18 59 36 33 71 89 19 70 17 -39 71 32 44 69 -97 -67 66 -36 -52 -3 -21 -91 88 -25 -93 -79 -34 -40 -51 59 70 -56 0 71 -7 -15 -75 63 66 71 -1 74 -49 -55 -99 41 -67 -13 24 89 32 18 -65 39 -60 -5 2 56 -37 -97 -27 20 54 95 -23 -3 45 -52 -7 40 80 -39 81 65 -12 4 61 76 -23 47 81 -44 -15 -86 34 -98 -39 -51 -22 44 -91 -1 -72 80 64 4 -9 -30 91 -13 -84 -58 69 19 -78 1 87 63 -75 77 93 -96 39 -74 -54 -38 7 -52 30 96 14 -16 81 -81 -97 7 98 -29 96 -15 -20 -2 -26 18 -16 89 18 74 96 77 -64 77 22 39 77 92 67 74 -41 -43 -27 -1 68 99 36 95 32 95 -99 63 -68 -33 35 -96 98 -87 55 -22 -12 -55 13 -42 -80 -97 -86 -30 22 12 -85 -81 -24 -27 92 -25 -56 -55 -59 58 29 -95 -36 42 -88 37 -6 -77 65 68 -5 -79 
90 63 -23 -17 13 -23 65 -30 -56 -30 -1 -67 -12 34 -93 -24 25 73 43 30 55 56 -77 31 -36 -22 9 -96 27 -14 -76 -83 32 79 74 57 63 52 51 -55 95 -19 -24 -90 -91 42 -56 -18 72 96 69 -66 47 -33 26 -16 -5 -97 -25 58 51 -32 46 58 30 -96 6 -82 -98 76 -70 29 37 -12 49 -56 24 -38 79 -1 29 -42 92 -17 -9 -17 -63 82 91 52 -65 -39 -15 40 -91 69 -50 44 -49 60 65 -71 32 -13 -86 -69 -99 89 -60 -48 1 -67 -52 -4 63 91 -84 -20 -7 6 -13 -69 9 12 52 95 -61 -32 -32 4 97 78 -54 14 40 -55 46 12 24 96 -98 35 74 -83 -71 77 -53 66 -35 -37 -49 -72 57 -28 65 45 -75 -47 -24 3 -94 81 -15 -5 37 2 46 -10 1 94 -8 -54 -62 95 12 47 -17 65 -81 12 -5 64 -93 51 59 -63 -82 54 -15 -38 -61 -15 33 38 29 61 -45 -42 21 -92 -73 -27 58 -87 -11 81 8 -18 37 87 34 -5 39 -52 -93 9 -3 -16 56 63 -69 68 91 86 -68 97 -8 -41 87 8 85 -22 80 37 88 -98 -27 1 62 -58 -6 -3 -37 -24 -22 -62 -59 -71 -81 69 -79 -10 -31 12 -22 -91 93 78 48 -70 7 77 -34 44 -32 4 24 -20 54 -5 62 -23 70 -20 -16 79 6 -43 13 -99 -15 6 27 51 22 -69 -44 84 57 -2 51 -19 -72 -50 -59 -22 73 -76 91 -89 
45 -4 -98 -33 60 -53 -74 -6 93 -12 4 -87 70 -57 -28 -41 -10 23 -9 -59 76 0 -1 13 -22 -58 -35 -53 -73 38 -7 86 67 -63 -45 -46 7 -57 25 -97 -8 10 10 -86 -39 20 32 -16 84 84 67 -33 48 91 -28 91 -67 97 5 16 -96 -80 -92 61 24 -57 76 8 -68 6 -64 83 33 66 4 -52 -46 -26 27 97 31 -26 -88 -51 48 9 60 -24 12 -11 41 -57 -41 5 -34 -46 -71 69 1 95 -36 -31 53 43 -75 -72 40 -44 62 72 -75 96 68 9 -72 -33 67 84 35 -12 -52 52 68 -84 -40 -9 -93 -23 -89 35 73 -52 19 -3 -11 54 -42 27 50 -25 75 -22 -95 77 -54 -26 3 -67 73 46 -55 14 51 -13 89 21 -47 -28 -51 38 75 20 51 -79 -78 -84 -36 81 64 61 -87 -63 30 14 92 95 -7 -19 -31 53 -53 84 -14 99 -51 85 -77 39 -36 -97 -8 10 -92 0 40 -62 73 77 -53 -13 -40 55 49 -63 8 36 -41 38 52 3 68 -38 81 51 -35 -76 41 -27 -69 -22 65 69 78 -7 -60 -51 -44 -54 -74 37 -80 -69 70 97 98 32 70 -40 -77 -47 77 78 24 -75 -83 -3 36 -10 46 -1 -41 76 40 19 0 50 82 -33 -6 61 -93 72 7 -37 68 -62 -90 43 -9 97 12 -82 -65 -94 -28 35 -62 -34 99 -98 -75 48 -74 3 -14 30 -41 73 -41 -49 -36 23 26 -7 81 -31 -63 56 76 18 
55 -43 69 39 72 -88 59 83 76 -69 -67 23 -49 63 -97 -12 -23 -26 -30 -81 -95 -5 -48 3 -64 -63 95 -72 41 61 -61 36 -71 -22 15 -13 -86 57 47 -46 40 -4 60 79 -23 51 99 24 70 -13 61 68 34 -78 -75 2 2 -94 -54 -86 -75 90 -81 -63 57 -76 -81 -8 63 94 -91 29 -12 59 -47 27 -96 80 10 -67 97 65 71 37 -24 -52 61 47 -28 -38 -57 95 -93 -55 46 -75 -4 24 -9 -82 38 -28 28 -15 53 15 92 51 76 -50 74 -35 7 3 -78 -33 -66 88 21 -67 36 32 -58 73 91 19 34 97 15 39 -7 -14 69 -31 5 -70 83 -45 -90 -33 18 -80 9 3 57 -9 75 -39 96 85 8 12 31 -28 11 -56 -41 -26 -61 -16 31 -79 27 -18 -37 26 47 -69 -93 98 -89 15 -33 -86 10 86 -47 79 77 22 -40 78 38 68 41 97 32 -35 99 -71 -35 -57 -63 -46 11 -11 -25 80 -86 -47 -6 -7 82 4 70 -16 -45 24 -21 -82 -49 -22 -63 69 74 47 -5 -11 96 22 -45 68 -8 -41 -60 15 75 -15 -61 -3 -95 57 -1 -82 24 -99 -76 46 64 -86 64 81 0 89 15 -13 90 57 66 90 -88 33 -57 -27 50 47 -40 -18 94 42 -67 40 2 -67 17 -53 15 36 -32 10 -27 22 -81 9 4 -90 97 26 -58 -30 -56 38 -6 9 58 81 47 -11 29 -76 25 -69 16 -2 -68 -34 60 81 -53 -28 
24 -16 -5 -93 29 -61 26 90 -66 42 94 -48 25 2 -59 58 79 -31 -99 -78 24 40 98 -84 93 -8 -31 -96 51 -11 -11 28 -42 67 55 22 -68 33 71 -21 -84 85 -38 -2 -42 10 31 -82 27 66 11 18 3 -6 -38 25 48 72 -3 -76 23 63 -76 -42 12 -38 93 -78 -62 -14 92 -51 17 4 33 2 98 89 -47 86 -29 71 -10 8 -64 -90 -59 -19 9 15 -18 99 -74 93 81 7 14 -41 60 -81 75 -47 55 -61 56 -92 -50 82 -14 61 -61 95 -43 75 60 54 -97 -91 40 -61 86 -69 -35 65 -49 68 67 -78 98 17 -81 87 14 -46 4 50 -99 -98 91 58 -65 -58 -28 33 -56 33 -8 -52 -99 -27 -56 -55 -34 -79 6 -46 -60 -31 37 71 -18 20 -87 -64 71 -65 -71 -54 -75 20 -77 -26 -25 14 45 -45 71 28 35 42 -32 81 14 11 49 84 38 -75 42 -93 -43 -7 -41 -81 28 -71 -55 40 -35 50 -46 28 -16 39 -19 -48 97 9 -75 -59 50 -15 -9 77 -39 -90 -19 51 -57 -98 56 -12 -62 -82 -95 -78 -65 32 43 10 -72 86 54 85 96 90 -60 -39 12 -90 0 -88 44 -12 -31 -70 -95 45 54 45 80 35 25 49 -96 -96 70 -30 -87 -94 -46 -20 43 71 -57 -53 27 61 84 -25 -44 -71 -26 78 37 27 -53 -61 -86 -84 8 20 90 42 40 -76 -74 -92 90 64 54 36 -87 12 88 51 47 96 -45 -18 
93 57 -30 -94 35 44 61 -30 -52 68 -68 -84 -44 58 25 -68 34 -95 20 -18 -90 72 -68 -58 -69 -98 -87 -33 -94 17 71 -90 93 68 -23 39 -48 68 -38 51 -26 74 -13 66 63 -29 -50 11 -76 -50 16 6 -81 -13 -5 -29 -64 38 -17 59 38 49 47 -67 52 62 46 -42 4 12 -4 63 8 46 -17 24 70 99 -60 -51 66 79 86 91 -45 -1 41 31 98 6 42 60 10 -66 -33 34 -12 89 -77 -81 -15 61 33 98 78 64 -96 -64 -33 -85 -47 -24 -64 -25 86 -23 32 25 -52 63 -97 -12 48 67 -37 71 -76 93 -37 -69 36 10 -66 2 88 -57 57 77 78 -22 -83 15 23 20 50 -19 14 29 14 -84 -65 -34 78 25 -31 6 -44 -75 95 -48 84 -38 -43 82 67 78 -8 79 -67 -41 -83 -40 -64 -4 -66 36 42 -28 15 -19 73 46 38 5 1 92 -12 31 90 89 -66 81 40 20 3 78 50 -66 -85 85 68 -88 -93 -19 -52 49 10 12 -80 82 47 -75 32 -74 37 -61 27 24 31 -8 47 85 -26 48 -38 9 -27 42 58 5 -21 36 9 71 80 -23 -76 -40 -9 -39 6 -86 -51 -83 87 -77 -76 -44 89 -15 -27 36 -45 -34 -39 48 30 88 -57 -24 47 -8 -19 99 -54 98 18 -94 14 -88 -36 -73 4 -75 33 -91 18 -66 -96 -58 -98 -65 32 6 -15 43 -15 -26 68 -46 -66 -87 84 -74 68 76 -86 -81 47 26 
14 84 92 -83 -73 -26 32 80 -17 55 -71 8 -44 30 -27 -27 -42 28 86 77 -51 -40 -18 47 -48 -35 -3 -71 63 -15 38 23 -32 49 20 31 -99 -19 84 -90 -82 -91 95 33 -11 -44 42 37 4 92 -86 -88 -80 -77 2 -61 -59 -3 3 -88 -13 15 7 78 26 46 3 3 32 61 -55 -98 70 -85 -88 -12 55 -7 27 62 -31 4 -5 -12 -57 -78 -14 40 58 -28 3 -87 59 54 50 -62 60 -93 -22 -73 74 -75 45 -75 -61 20 -31 74 48 85 -2 -60 7 -73 7 -86 28 -31 6 -98 -47 -31 -9 -18 -33 10 11 -93 -87 58 -43 -77 90 80 98 11 -5 -96 65 54 -88 39 -95 -74 -77 88 -97 60 93 -66 15 35 58 -3 -25 -69 -92 -12 11 -78 76 -75 36 79 -9 97 -38 85 -41 36 -51 -11 -34 -10 -95 -96 95 -24 -83 -37 -91 85 42 48 -18 62 -93 -2 -7 -47 -18 15 23 62 -13 -23 64 -59 -94 -96 63 23 -87 -34 -20 2 -91 -14 20 -58 -40 49 82 19 -2 -88 -20 29 19 -11 47 67 -61 -20 70 19 -4 24 -87 -27 12 53 -78 -5 -73 -95 99 1 99 -85 -29 0 -42 -89 9 -70 5 90 -46 29 24 68 -60 24 -27 41 -87 72 59 -3 50 -51 -88 78 -11 12 45 82 50 -88 -56 63 -68 92 -18 36 57 2 -68 -51 -17 -14 -87 -35 -83 42 55 51 -41 -35 -10 -37 38 -44 -89 -41 -29 -2 -71 -56 
4 -16 52 96 68 93 48 8 -23 -44 -75 10 -71 -44 -47 -97 -57 7 -29 91 -70 98 74 19 -52 10 63 -35 15 5 54 29 -21 -65 -18 -87 -75 3 -81 39 31 -94 77 94 93 54 28 1 24 -72 48 72 -7 74 83 94 31 56 34 64 49 -50 -22 37 -96 4 -32 -31 90 17 -30 -27 -6 -42 -37 -15 33 -5 33 76 -55 -51 -37 -64 28 19 -69 77 -13 33 37 -76 49 -60 0 -35 87 35 -8 89 -66 65 54 -56 85 -48 -35 94 7 -46 -58 39 72 -60 3 50 93 58 77 87 -43 -54 29 -31 34 83 99 -93 86 -6 -18 56 70 1 39 53 -93 56 80 -70 -72 -98 73 31 -50 -99 69 -53 25 -88 62 -61 -2 57 -85 -12 4 18 -62 50 -33 46 -55 -51 94 9 -62 99 -31 -32 54 -38 -51 -62 -40 88 36 25 75 -12 -90 28 37 -58 79 -35 -59 66 69 -28 -81 79 -91 85 33 11 -21 70 -93 37 30 43 -24 90 -60 92 -52 -56 99 -92 -54 -36 8 -80 -98 -95 80 -75 -94 52 55 42 -6 -25 4 0 -55 45 10 94 -15 -76 -38 -26 11 -88 -53 57 59 91 21 1 84 -42 28 28 97 -73 -71 -12 -51 22 31 49 -74 81 59 -57 58 21 51 54 -45 39 -54 -24 8 -19 -4 54 -67 -77 -70 22 -88 -44 -74 -10 16 7 -69 6 24 80 46 15 92 -32 -76 61 29 -65 80 -83 -54 -33 77 63 94 88 
92 -33 14 -9 -67 83 -80 99 -32 -97 57 40 -29 89 -35 -36 -70 20 -53 -29 95 -34 -6 77 -13 -86 33 -21 33 -89 9 -19 -44 74 33 11 -84 91 86 96 -1 64 -29 -51 -20 -55 82 -96 22 -59 -42 53 -18 -71 -98 -96 -25 -62 -96 -86 -68 -9 35 -93 15 53 -68 -71 78 18 0 -50 46 97 -83 19 1 8 -99 -42 42 -15 -61 74 -94 19 -21 -34 23 76 58 -27 74 38 72 70 79 -94 -73 -16 -4 96 -74 90 45 -44 -1 97 -74 -87 90 16 -42 88 49 -76 99 35 -67 -90 94 16 9 -84 -61 48 -38 -88 72 99 -79 -19 94 23 12 -20 -18 56 73 62 86 -48 68 65 -22 -18 61 51 45 -31 15 76 -5 -95 80 -63 50 14 93 28 -38 99 -45 18 -89 -46 -50 -25 84 75 2 20 -67 83 63 -17 97 -6 -42 -62 67 78 93 38 42 82 77 56 -21 58 69 -81 26 95 21 23 -43 -87 -22 -5 93 89 -4 -94 -44 61 -84 82 15 -20 4 -40 71 80 -24 -70 -64 -42 82 -9 -59 -36 -31 -30 -72 10 -76 88 -3 -87 -54 -77 65 34 11 17 -35 -34 -54 -32 17 -7 8 -11 74 -42 -47 -21 20 64 58 -47 -67 -21 87 -61 -96 93 10 65 -29 35 -83 -65 99 -91 83 14 75 75 19 -59 96 -52 -74 -7 73 -48 -5 -86 -50 64 -19 -16 -5 11 -5 -59 -94 -77 42 -30 63 -47 -99 -28 9 42 -6 -11 
53 65 -51 -1 28 23 57 -31 -90 37 -50 20 28 -46 -31 22 -51 -33 77 53 -69 10 -6 48 41 6 -83 3 -15 -40 2 -8 41 3 25 -30 32 -76 51 -57 -61 -84 78 17 4 -13 -42 -32 -6 78 65 53 -45 -8 52 -92 -19 -7 67 27 0 46 49 37 95 89 19 -92 40 85 31 -29 95 84 54 50 70 15 91 -50 41 -88 -97 10 -66 -98 -51 -17 8 42 65 71 69 85 85 36 -81 -82 -21 98 98 75 -62 3 93 -29 96 -38 0 85 63 -7 -16 90 10 22 2 35 -39 8 -43 12 -31 -7 -9 -77 10 -5 -77 -55 -31 -77 -36 51 -12 19 22 -3 -95 23 79 41 -90 -48 25 38 24 19 7 85 47 -55 -23 90 -84 -55 -63 -1 66 16 37 91 -72 -75 -93 -94 78 97 -43 -18 53 3 40 54 15 -23 80 -95 -8 92 -92 6 -88 -84 -70 60 57 -24 -69 82 43 -35 -34 72 -57 75 42 56 52 -59 -54 -60 2 28 -7 92 -92 46 46 -30 -94 30 -89 81 -66 -59 -79 -33 22 95 -94 9 -55 0 62 -67 48 -89 66 -82 -36 86 85 14 85 61 27 54 61 36 -69 -90 -95 -87 -67 58 42 71 37 52 -13 78 -25 -61 -17 46 -77 -87 -45 -5 -14 -97 14 29 -79 11 -14 21 -55 33 32 51 53 63 74 54 -62 -56 -20 -17 79 -46 -62 -5 29 94 -80 -79 -8 -85 -13 -79 -79 82 84 -38 -95 66 -68 58 
-6 48 -13 -43 49 -36 -88 -70 -64 76 97 -82 89 -28 11 -59 6 -34 60 6 91 38 15 -89 37 60 -66 -92 5 -88 93 87 4 -13 -97 -83 -72 75 -73 39 -18 -9 96 -55 -42 66 18 47 90 -32 -75 -86 90 -89 -11 -49 13 -32 0 50 34 5 60 -82 -88 63 39 -78 -50 -10 -25 53 -22 15 -48 -35 -45 64 52 -65 43 -22 -24 80 -98 23 4 -80 -92 65 67 -63 -14 -62 95 -15 -29 -48 -66 -73 17 96 -8 65 70 9 -77 -95 -70 53 16 57 9 -61 -41 43 87 -5 -98 64 -45 76 66 77 32 28 -56 25 -52 -73 -63 48 -53 -21 -75 67 -14 92 11 -12 42 -17 94 -36 -27 52 96 35 52 -91 1 -79 -27 -79 -59 75 -12 57 94 67 -17 -12 75 32 -65 -48 -68 12 -37 50 34 2 33 63 85 -35 -96 -80 -43 -19 48 -25 -98 -76 88 -21 44 34 52 -66 -16 -29 2 66 -7 53 22 -11 -12 -50 86 62 -48 29 89 -28 62 67 -54 0 -78 38 -93 -65 82 -60 10 95 12 -50 0 33 61 -44 -25 22 -55 50 -38 63 -57 91 19 36 -61 -85 -92 45 -86 -27 91 86 -82 -75 -29 -76 35 -72 91 -88 23 -85 -81 -11 54 74 46 -22 62 -77 22 75 60 80 72 76 48 65 36 82 73 -50 -20 -34 17 56 96 -58 -3 -57 63 -6 -61 -81 77 99 -32 73 13 -16 24 -67 -85 55 85 -81 1 84 -54 -82 
-6 13 -12 -44 -40 85 -93 10 -80 -85 15 -62 -94 -90 -37 -22 -79 -10 22 -73 -86 88 -10 -93 62 29 -27 -27 -61 22 -25 4 21 -37 -84 -84 94 -40 83 -75 -80 -31 87 26 -24 84 -87 73 76 85 50 40 -98 -66 -3 30 71 18 23 -93 0 -84 -38 86 -69 51 -71 -17 92 -39 -75 36 24 23 -46 84 -56 10 -47 82 81 -62 27 -86 39 25 28 -12 -76 -26 84 8 -55 -15 8 88 52 -5 43 -62 41 60 -46 -56 -60 -8 -32 -48 -9 -30 -75 41 -14 -39 79 78 -92 -68 80 -40 -85 42 84 67 -89 49 95 31 24 40 -43 -7 8 89 38 72 -49 53 -37 97 14 -85 19 -46 87 30 73 25 -7 83 26 19 52 -33 94 98 -50 -14 86 -38 0 -38 -23 -13 -94 12 -73 80 -12 -84 50 85 86 -79 -99 48 -70 86 -41 9 33 -92 88 71 58 84 -2 15 26 4 54 93 -88 -4 26 -76 92 -82 46 -81 94 81 21 -26 -6 61 -15 51 -35 -68 29 -19 9 91 -33 -17 97 -69 -38 24 82 -24 20 -1 71 -90 -29 35 -94 27 36 36 94 49 12 -13 37 -61 97 52 95 31 59 -78 14 54 -92 50 -16 -31 27 -37 -93 -33 -52 -50 35 -67 24 -19 -5 -44 82 43 -77 -19 -26 -23 -39 18 76 -98 68 -90 -99 -28 -11 -56 -33 -69 -92 57 -16 -36 -65 -26 16 -90 72 89 77 -80 -74 -18 -18 45 26 99 1 -44 
-45 93 -92 79 -59 24 18 -96 -81 -99 18 -20 -28 51 -33 58 -20 -10 82 8 -34 0 -96 37 -95 47 -53 -22 -36 24 1 -97 -77 22 -15 -37 -47 27 -43 51 -32 0 75 -86 -72 -63 -77 33 34 69 -50 -64 9 16 19 14 -80 22 64 7 -56 -95 -38 88 15 55 -13 23 -78 32 -60 -89 81 -91 37 11 -30 24 12 -87 70 60 34 78 76 81 -46 -38 -62 38 -95 59 84 19 81 -52 92 -25 68 28 -90 84 2 74 -84 -44 -57 -18 73 24 7 77 -26 12 29 52 21 4 -18 22 -29 -42 -84 24 -52 40 -27 -54 62 -41 63 -92 92 88 -72 97 -28 70 -19 29 -8 -90 -41 7 74 97 43 -30 7 -77 -73 -38 12 -94 89 20 -53 39 -73 -90 12 -85 84 22 -40 -53 -25 96 -2 -93 -48 -14 -7 -87 65 76 -52 23 -71 -30 46 -30 87 -19 32 1 34 63 -64 13 -86 -39 73 -57 -74 93 44 -44 18 84 -76 -17 67 -16 54 -68 70 89 17 87 -48 91 -71 -58 -89 -92 -19 94 35 -4 16 -42 -18 51 26 75 -74 -61 -73 -55 11 -29 53 79 86 -88 0 -8 -72 -55 16 54 -10 -2 25 -38 -12 -2 -12 -37 56 -42 -63 -69 -4 28 91 8 33 -61 31 2 -17 94 7 39 -88 92 35 -19 6 37 58 -51 68 -81 -50 85 58 5 95 -84 73 -81 91 49 94 -98 -57 -37 -52 36 32 79 -19 88 -18 34 -6 -58 
-57 -16 22 -7 -28 59 -45 -89 -36 28 -61 -24 57 54 78 76 50 31 32 44 -40 -42 -88 3 -22 -9 59 16 89 -33 63 -94 17 -52 -34 65 -40 -64 99 61 -91 -97 58 -76 7 80 -61 57 34 -79 41 -75 40 10 44 -27 -99 81 -44 -31 18 -66 -6 -7 0 -52 -90 -63 -58 -76 -36 84 -65 -49 -7 21 -74 -46 3 -14 39 90 -98 -92 56 62 16 -22 73 22 18 -64 -94 95 -60 -91 -53 -11 8 -80 -52 99 -45 -7 -90 -57 64 -62 35 33 30 79 -89 -22 -64 -15 62 -11 39 -57 -47 82 -61 -65 -1 6 0 -82 -44 6 88 -45 -14 2 92 29 10 45 71 38 -56 -62 61 53 -64 15 -51 -87 90 -10 74 90 -94 -7 28 11 58 -49 -43 50 40 61 -4 80 -19 95 -58 59 60 88 96 50 -35 18 80 -82 -15 29 -44 -56 19 66 25 5 79 15 69 -93 25 78 -2 -34 -9 -51 -81 -38 99 -88 -52 52 -4 94 29 -68 63 85 -46 47 37 -88 -13 -43 -28 -55 -57 -34 65 -63 61 -6 16 -4 63 -50 -89 56 59 28 21 41 -98 68 -66 -46 -25 -65 47 -52 90 -91 54 15 -51 -68 -14 81 -41 -49 35 -55 82 -59 64 45 -32 -12 83 -32 -35 -63 7 6 5 -3 33 13 -81 -59 38 75 -20 0 -92 21 95 -61 11 -70 80 30 7 -48 22 -23 -86 -41 76 -42 -94 -4 -73 -25 28 57 -57 27 -32 -45 -78 60 
1 66 -8 -16 49 74 -41 -54 41 3 64 40 44 -63 -17 91 -46 0 -38 35 -49 52 -13 -7 -97 -94 7 -26 -8 51 -73 35 -48 -17 -26 81 -22 -83 85 84 -81 79 77 42 54 70 -53 43 -47 98 79 24 39 -94 -72 -65 95 -5 -94 -52 70 39 22 34 79 -50 51 12 -97 16 32 -84 61 -68 34 -69 -72 56 -26 14 60 40 95 -41 -28 -74 80 43 -86 -37 26 90 -53 -79 -91 55 89 21 -33 -10 -54 -94 36 27 3 -68 59 28 -70 57 -61 -49 3 77 -44 -33 60 -59 -77 -79 49 -91 -33 -29 -54 24 32 -6 65 -88 -63 60 -56 46 79 -28 -76 40 92 -49 -24 -98 -6 29 20 58 85 9 62 -87 76 1 -99 -70 -60 -11 -31 7 -15 -28 3 1 -73 -38 -24 94 -40 -71 -89 -45 84 80 23 78 -29 54 -3 90 -12 -63 49 60 42 80 -83 -82 33 40 -99 -76 -96 10 78 -71 46 63 -30 -95 82 -24 36 -37 65 91 11 -61 -87 -7 -66 81 -86 36 3 2 68 -85 -77 -40 19 -86 -1 90 75 -43 -21 66 85 30 99 -75 68 85 -50 19 -56 24 56 -35 10 -25 72 65 58 84 19 19 -52 -41 -8 74 13 -37 40 -46 -7 89 37 45 -20 -45 -86 -1 18 59 -55 -63 -24 11 -10 -32 -66 92 -29 72 97 91 -27 -80 86 -38 -26 6 75 -95 -90 20 -33 48 99 -38 77 95 13 -31 -91 -71 30 -73 95 18 
-47 -49 97 1 -37 -70 -81 28 -14 -90 35 -30 -99 -34 -53 16 71 63 52 -31 59 40 4 -64 -94 3 -2 19 -74 -3 -83 36 67 -16 -71 -82 -35 -8 20 93 -44 -12 -41 -10 48 88 -84 72 -94 -87 47 84 53 -33 1 -75 81 -65 -42 20 -3 -51 -68 22 -98 -68 1 88 5 12 49 -82 -36 20 33 -73 70 -89 11 -57 -99 -1 35 54 64 24 -80 6 -57 57 69 51 -11 47 44 93 66 -11 -32 -77 -46 -65 65 -42 -67 64 48 45 70 26 -53 -74 -6 81 -28 -97 56 90 -43 -47 -64 61 29 57 -41 86 42 -4 -43 -57 26 57 -68 -28 -64 37 33 -23 71 -24 -71 -38 -20 83 -34 45 29 16 -29 -92 -9 -32 89 34 77 -48 10 56 52 -26 11 -86 54 -39 38 -72 80 -63 81 6 49 -24 -30 -29 -87 41 -20 42 -74 75 -72 78 45 -52 74 -75 2 4 26 10 -47 31 -89 -52 74 -3 -52 -61 60 70 -58 67 77 -68 34 -28 27 -17 -91 -50 55 -6 -37 2 -46 87 77 -57 1 50 -65 -71 31 70 -12 23 -8 23 -15 -1 50 79 -80 -63 -7 27 6 11 85 60 -63 44 30 -91 20 9 30 9 -72 29 20 88 44 -77 -78 -45 19 -21 -80 61 52 -28 -28 -30 -96 -16 47 -60 81 61 -72 -84 98 -71 -65 -75 93 -46 71 33 -96 -78 -48 -54 -28 32 4 42 -44 -83 -81 95 98 -88 25 -28 93 45 -27 -21 
-95 96 8 -41 3 -63 -61 39 18 24 -52 -94 -6 18 -35 9 -80 93 73 57 68 1 -3 73 49 2 -45 17 67 82 -88 81 30 16 -9 90 43 -4 87 81 79 -61 12 -62 -34 -21 -25 99 -1 70 65 -51 2 -7 39 35 12 -42 -13 -3 -83 -76 -48 -54 -73 49 22 -21 53 99 -93 39 7 5 95 4 35 -70 46 -5 -34 -75 -67 32 -16 47 -55 52 72 22 91 98 46 -11 63 -33 41 -44 -9 50 -84 -98 66 67 -92 -65 -91 -62 -5 55 -15 -25 91 12 -95 -84 84 50 23 95 -39 -33 52 72 -28 29 92 38 -1 -45 1 -36 -42 -82 53 -52 -62 94 41 -62 85 70 11 -57 -41 -46 23 -94 87 16 -68 89 56 -40 64 97 55 -76 99 -54 6 66 -31 5 -46 61 -39 89 -36 53 94 -35 -10 22 91 -98 -72 28 12 1 89 21 7 64 -18 -34 4 -17 38 -50 -44 39 -19 -33 21 89 57 38 -34 67 96 38 83 8 40 -50 -61 16 -59 48 5 -98 -32 72 -3 6 -61 77 25 31 -91 -21 81 -36 -46 66 33 29 -67 21 -78 -48 -36 73 -97 87 -53 -44 8 11 -16 87 -51 -67 -24 -29 -70 -69 42 49 92 -23 -35 78 -94 60 0 -30 89 -69 90 -90 -35 -94 -32 -22 56 50 64 -60 39 -23 -43 14 67 -84 15 -19 -89 87 52 34 54 -82 87 45 -61 -33 -23 77 23 -1 88 66 39 -74 28 37 65 -27 
-69 -70 -20 32 70 -40 3 34 98 31 -6 -49 43 45 -99 42 -67 72 36 16 -16 -16 80 64 64 -19 -94 -33 -28 -5 -7 96 -10 15 60 -10 -17 -15 5 -30 19 42 43 91 66 93 -30 -27 72 79 1 -97 35 84 50 -10 -3 -56 -66 -51 8 -8 49 23 71 16 -13 95 -70 80 2 99 -52 1 70 -22 87 -18 78 93 -78 -14 45 85 -75 96 3 -67 49 34 -93 87 57 -34 58 -84 -86 14 14 19 62 31 -61 26 34 20 32 -28 -17 -19 -11 82 11 -28 62 -82 23 -60 87 12 29 2 89 -39 -45 -85 -12 37 34 -44 73 -4 40 -47 36 53 77 78 30 67 10 -46 75 -17 47 78 -40 -19 16 59 65 43 -79 -81 -42 -91 45 -99 20 -58 66 -20 -88 25 -27 23 -71 -89 51 14 46 17 4 92 -74 64 -82 -55 -13 -43 34 97 43 -61 24 56 -69 32 -78 48 -52 16 84 -43 85 -67 11 80 -69 23 -88 62 10 -59 -21 -12 -59 27 -44 -60 -58 18 -80 92 8 -26 -50 -51 -23 -67 -47 12 44 74 -54 17 99 -26 23 94 99 46 59 -78 59 -17 63 -43 -68 1 -59 25 -99 35 27 -57 91 -84 22 -9 75 -31 25 -93 -5 94 -48 -42 1 34 -80 98 42 65 -60 19 -53 -13 30 -87 57 76 -37 92 21 -25 92 13 -27 -34 76 -92 -48 66 0 44 -36 -50 -83 35 -77 27 -75 -16 42 61 -86 43 -94 -43 
98 -33 89 -23 -39 33 68 33 96 -3 74 18 -71 -47 78 -24 -15 -68 62 7 -99 -99 -65 96 -91 -23 -3 -91 -16 -53 45 -73 -1 23 10 -16 49 -4 92 -34 64 45 -99 -4 -93 -24 71 13 3 -59 -54 65 9 -62 -7 81 -12 94 16 47 3 -57 -42 93 -90 50 -51 10 58 -72 -48 94 -63 -23 -33 -14 49 23 93 -10 53 -96 17 87 61 -8 63 -16 -11 -48 20 10 1 43 -23 15 52 -53 -86 -2 61 -28 52 -96 28 71 -66 -94 -22 3 -78 13 -84 -86 89 -74 -77 35 57 35 -12 93 -56 -37 52 54 -15 81 98 4 59 51 47 -68 12 -96 39 -63 10 -36 91 -48 9 -49 -51 -69 -9 2 -33 38 -34 93 37 -73 67 30 79 -24 -57 -26 27 -89 -48 -96 48 11 63 -32 -89 -87 -53 -63 -34 38 -43 -96 22 -25 -39 -37 19 99 -7 -84 -30 -14 18 -98 -84 73 25 8 -66 20 -96 -16 11 70 -20 -64 32 -3 -22 27 92 21 -89 63 -11 -6 -16 -47 -53 47 22 21 -69 -63 33 -40 -25 -58 16 59 24 77 40 18 58 -96 19 72 -95 -12 14 67 -59 62 96 -11 75 1 -7 77 -69 -95 -52 -45 -90 40 30 87 -83 -32 48 97 18 27 32 92 28 98 -17 73 8 -57 -20 -15 93 -87 -47 -1 -41 -64 -69 7 65 -40 77 -37 77 19 6 -7 44 72 -1 -75 -54 -59 96 59 -63 40 83 -69 70 -83 -55 -62 
-23 58 63 -91 -41 3 20 38 -44 91 -1 49 -82 59 -28 15 -23 -31 26 36 19 20 -6 62 -86 42 83 63 -72 26 56 -21 65 -25 90 -38 -23 -65 -37 -34 -78 47 -89 -84 90 75 79 -78 -23 -32 30 25 27 62 -97 -56 66 12 85 55 -65 -81 12 -8 79 -59 -24 99 -41 -6 74 -55 -75 -99 25 27 -95 45 -34 43 20 -24 -5 45 -61 -74 -59 -91 -51 56 10 51 -48 -31 50 86 -18 24 -57 24 95 -30 -52 95 -89 -14 -99 -56 -88 -56 11 71 -71 92 46 82 -30 -65 42 57 -39 -58 53 93 90 81 91 -62 -79 25 -44 -65 -40 -17 -11 31 -64 37 -27 -13 -21 -63 -60 62 -97 19 58 15 46 7 -46 -16 -52 32 26 -81 -27 89 -66 48 82 7 63 58 34 17 -49 63 99 -18 25 -24 85 -8 -42 -99 -12 -20 -82 85 75 55 31 -84 1 86 82 25 0 89 -10 84 -93 94 -77 -81 -19 49 -3 65 18 -57 54 -42 -80 -65 -50 -99 11 -1 -79 98 9 57 49 -28 58 60 -73 -57 19 -93 83 7 -60 8 7 68 -90 -78 -94 6 17 -25 -1 -57 87 -10 79 3 -88 -39 -85 -45 -21 -82 54 -96 34 -29 3 -37 55 -38 50 8 -22 -69 -68 22 -26 3 -1 15 4 -74 14 36 -30 -25 -78 49 5 -53 -46 -15 -37 4 -23 -44 -39 31 -93 -61 -18 -60 7 40 60 -92 -72 -74 -92 -5 78 54 -70 -27 -1 -26 
-71 -26 66 -29 -11 -99 41 13 50 16 26 -62 -23 -16 -91 20 50 -14 -52 -48 72 -18 36 -48 24 57 26 47 58 24 -1 53 -28 62 46 0 5 28 59 28 -24 -23 87 21 -63 34 29 -80 23 -89 13 22 14 -11 -21 -97 14 81 -64 12 99 49 71 66 85 47 9 -70 -25 -68 -31 48 55 -89 63 4 -59 -83 -37 -22 -89 -18 22 -42 -3 29 90 77 82 -45 -20 -4 -56 13 86 36 36 -68 48 -19 -65 -58 -57 -81 50 35 -3 -82 -65 -39 22 98 35 2 8 29 -89 0 48 -63 79 25 11 11 59 77 61 83 35 -87 -66 -62 95 52 -33 -19 32 -36 -51 85 41 26 -72 -51 31 -98 16 1 90 -76 -53 -29 -99 39 92 -37 27 -1 24 -48 73 52 52 -50 49 -80 -93 75 -79 -92 55 -70 -32 -33 82 23 -87 -63 -98 69 53 -45 23 33 22 72 -30 -14 73 64 -51 -46 -78 -60 -1 -11 35 -71 40 -65 81 4 0 99 -73 -31 -34 46 -61 -36 3 58 26 -22 -72 5 32 -8 64 -19 70 23 -43 -38 -73 27 -83 -68 -61 -6 -10 55 -10 -78 -55 8 -83 -55 71 38 15 -33 1 20 82 5 -76 64 96 -68 12 72 70 84 45 9 -47 30 28 8 -47 26 -7 29 37 58 66 -36 44 3 39 -84 92 56 59 37 76 -24 19 -49 -39 20 -6 18 -28 -10 28 94 -93 -74 -33 -47 -75 -4 29 79 -8 -61 17 -29 
-70 -83 -14 -42 36 76 82 -44 38 30 -30 34 84 -18 71 -64 -16 11 62 -21 -58 22 46 55 71 -58 -39 -78 69 -46 -3 61 -26 51 -90 72 -46 64 -8 48 46 99 9 -20 39 71 -84 -91 29 77 -80 -84 -10 -48 60 -94 -70 -41 -72 35 63 20 86 -33 88 39 19 62 2 54 -14 20 24 -86 50 -51 -26 -64 14 -88 11 50 -20 -9 96 82 -54 -78 -54 -57 82 -69 13 -14 -25 45 31 -28 72 94 -85 -58 75 1 9 -3 18 -70 84 22 -70 85 74 -11 -91 54 86 41 54 17 -54 -85 -76 -54 5 -39 36 82 6 3 -31 -35 -60 18 18 -46 -51 4 52 11 81 -30 39 66 81 -55 -89 46 -38 51 82 -66 66 -40 94 -20 -31 -17 -82 97 -71 86 -43 96 -30 -27 -81 69 -94 -83 -99 -26 50 83 -66 -81 3 -34 74 -60 39 -70 7 -88 92 93 53 -35 17 21 83 68 97 33 29 -56 -56 22 90 -98 -15 -84 -72 95 -74 62 -53 -65 60 98 -34 4 79 94 -50 83 -13 -74 1 -9 -93 39 74 70 50 -13 -8 -9 46 46 -71 97 6 -92 -91 16 87 67 95 -27 48 -17 96 70 25 87 -21 15 93 -4 21 -19 -28 -4 44 7 -23 19 -4 -52 40 -14 -25 69 -97 -69 -34 71 -40 -76 5 -16 -54 -12 57 -70 -70 -84 -27 98 66 -27 73 -48 -72 -85 27 79 -25 63 -59 25 69 -21 48 60 -15 19 97 26 
14 51 48 17 -92 79 -80 6 -44 -17 24 21 -60 -79 -3 -50 -65 14 2 -16 -74 -82 0 57 -77 -39 -85 3 76 66 -80 77 33 -67 10 82 2 19 -35 85 -81 19 -26 -32 -8 32 47 50 -66 -28 93 -89 -49 -27 -36 -22 -99 -74 -48 0 46 98 -12 46 -18 46 90 85 10 30 89 -19 7 -47 4 87 83 32 -46 -41 42 -65 -93 82 23 -48 -98 -50 83 67 82 -89 -55 -63 9 -81 67 66 -35 -38 26 -68 1 3 -74 -26 -20 20 54 -30 -72 8 92 -28 -76 -52 -41 -27 -42 97 -1 -28 -87 92 65 -71 -33 44 -55 63 56 77 -12 73 20 89 22 2 -90 -26 51 95 58 30 29 20 40 53 20 -53 95 40 -48 25 -77 66 -52 23 -77 -65 46 36 1 -41 -51 -66 77 76 -40 -50 81 48 7 -81 -16 14 41 9 99 41 -86 51 -48 29 26 71 7 48 -20 26 21 61 -81 48 -87 95 6 -15 53 94 -21 -4 63 39 -36 -56 84 -82 30 64 87 -18 -72 59 -87 -58 85 -46 74 -52 58 8 14 62 87 21 -15 6 -97 31 -27 -29 99 47 -96 -25 9 75 21 -76 -54 43 -62 42 62 68 41 20 40 -91 -90 -92 62 37 71 67 -76 10 25 -93 94 4 5 27 -80 74 -74 -24 77 -57 67 -89 -19 63 -4 -49 -37 -21 81 1 -86 38 46 30 48 41 -29 -27 -23 64 50 39 17 32 -67 14 85 39 70 -5 
15 -27 -23 -76 -90 -95 21 66 -14 14 54 -82 -96 38 94 -85 -81 -54 -94 -98 -23 28 -40 -56 18 38 85 49 88 38 87 -56 -18 -77 -20 31 84 77 -83 -88 70 -4 -3 30 60 66 79 -10 24 4 -54 6 33 11 -3 -10 -43 9 -63 7 -3 -40 -59 -34 47 -56 -79 2 35 86 67 34 -1 10 21 99 75 78 -96 -88 89 66 -89 68 32 47 83 -24 -59 60 -26 -8 61 -42 73 34 -67 50 56 33 -59 -33 1 80 1 68 54 44 87 -42 82 34 24 -22 -39 99 -92 38 90 -72 -79 -96 96 -58 -24 46 72 16 -3 -14 56 -50 89 -49 -74 -73 16 48 35 14 82 -17 -56 6 -20 -19 6 5 -27 78 -37 -97 -39 -21 17 18 82 35 73 73 -81 -43 3 6 -48 -71 -71 77 33 20 -83 -78 -44 96 -37 40 -45 46 34 -76 -15 -8 -3 52 -29 -11 58 -49 -32 66 23 2 -49 99 -77 85 -25 -10 -22 -69 -49 51 -72 -92 -81 -95 -41 -24 62 -61 -20 -48 84 -1 31 92 41 33 -42 25 -4 -58 -52 -45 62 75 -76 -30 53 -45 51 -83 -83 73 -21 -57 90 71 -37 -49 -10 88 -11 -47 52 -84 -82 99 -27 -61 -66 -38 -86 58 85 -16 66 80 -77 66 -73 -98 -58 29 -81 -56 -7 94 -24 -72 -45 62 76 -12 87 79 -81 86 -13 -87 81 -3 11 42 -89 78 -47 36 21 -96 53 80 -19 41 -81 -48 -4 -13 -29 55 
-13 0 -76 -26 -32 56 45 -11 26 -13 -16 -66 -75 -39 34 -91 25 -9 15 -46 -34 -70 59 13 -20 44 0 5 33 50 -6 18 49 -58 6 42 94 44 -20 27 29 86 65 -5 -22 -88 -11 98 71 -84 14 10 -16 -59 -35 26 2 -19 13 66 -43 48 21 71 -63 69 19 -80 61 30 22 -95 92 50 63 91 90 -6 7 50 -87 34 -27 -94 -61 -20 4 46 -30 -85 1 -23 9 92 92 -71 -1 -36 -77 -43 -10 89 47 98 31 -58 -37 -23 -38 82 35 -40 54 56 57 -97 72 18 93 28 -14 -30 19 -57 -57 84 -8 -62 34 66 91 -3 -89 26 9 40 37 19 89 -27 1 -87 30 -13 51 -44 49 -37 8 93 -39 22 65 5 -68 63 26 61 -82 -61 -48 -52 -88 -18 34 -27 74 -68 13 66 -84 92 -69 84 96 -13 36 -30 72 7 77 -31 -54 42 -65 69 17 -66 -96 -16 11 -65 -93 42 -84 -52 20 59 24 64 -89 1 60 -21 -13 -8 17 -88 -80 -6 1 53 -5 5 66 62 -99 78 37 -20 0 14 97 92 -99 -20 47 27 -31 -58 50 98 58 69 88 -94 -84 24 -15 10 -73 -74 51 80 53 -42 23 -45 48 7 -40 55 -81 -94 9 75 46 -82 -67 -85 29 76 -43 -15 32 43 44 -24 -20 -97 77 -42 -6 -82 -79 -32 -76 -87 58 22 -89 28 -96 -88 -89 74 61 39 -94 12 -61 1 -3 47 -39 -95 51 -38 49 54 
15 75 -87 60 -96 59 -15 17 -10 17 31 -10 64 43 -70 -74 71 -63 47 38 -52 -55 -83 40 45 -36 -40 -63 -14 -10 -27 33 43 54 -74 -80 84 -37 33 99 83 14 75 -45 -67 83 -88 -25 7 33 -94 24 93 -3 -6 14 59 68 60 -12 79 -44 29 -96 59 -54 26 33 9 -92 -1 43 77 -22 6 -31 49 40 -59 30 -27 -30 54 39 -95 -23 -90 1 -93 -1 53 -6 91 84 -87 83 42 -14 -60 -5 1 -34 29 -92 -37 -24 51 49 65 4 48 -44 -64 80 -74 94 -75 -43 86 -26 29 -11 4 -79 92 -4 62 -45 -53 -59 -64 26 22 7 -49 -18 -28 73 -14 44 7 59 12 -16 -92 28 93 24 -57 67 -46 71 -14 67 -74 94 1 -27 64 -6 41 38 -34 46 20 96 67 51 -15 -70 -73 29 -53 85 -41 37 -55 6 82 29 -73 41 -42 -10 -21 -75 -23 -60 -22 93 48 -91 -93 -98 -11 -64 51 -39 32 -71 61 -64 73 -93 70 27 -41 -61 -47 3 -40 5 89 68 -44 -6 -77 -17 63 -23 98 -35 93 34 37 18 48 5 20 -10 39 56 -28 -59 -96 13 77 21 28 -63 82 2 72 76 91 -61 83 -93 46 -10 -98 -48 84 -8 -45 67 38 -63 -69 -9 -59 37 -33 40 -64 62 40 -23 -90 -61 -69 45 -7 49 -84 -70 -28 -99 91 46 24 27 88 -89 -30 39 67 3 -39 0 -98 65 76 -50 -97 48 -52 74 -14 58 
-41 -25 40 -28 -71 -10 -8 -51 80 0 -61 29 39 -32 -36 -73 33 37 79 63 -95 83 39 90 -67 -93 -52 10 -16 19 -10 76 -74 56 11 54 -92 59 22 11 16 -52 1 34 60 82 -47 -30 -66 -92 50 -98 -55 57 -31 -40 -1 79 15 19 -67 63 -87 84 93 37 43 -74 -2 -39 69 -41 86 47 -69 3 96 -28 -47 37 41 -94 -12 -69 -62 52 -6 62 72 -95 31 -68 -71 39 93 28 55 38 83 -83 -23 -11 10 62 -17 -68 -6 -96 6 31 -55 -42 -26 80 45 -3 -14 -4 31 16 -68 81 69 -37 -47 39 19 15 -83 -27 -44 51 -61 -28 -67 87 37 97 1 69 -42 -14 -14 55 61 9 -16 -94 -97 14 7 -63 -64 -32 -55 94 94 -47 53 -15 -36 82 30 -83 17 -3 7 -36 32 37 44 -70 99 89 17 -53 10 68 -18 91 14 91 -2 33 -47 -9 88 -62 27 66 43 -29 -4 -59 -42 -69 -69 -52 79 48 -8 -28 91 72 93 -75 53 84 -23 93 96 86 28 10 -42 10 -34 34 -56 -72 68 -73 -24 36 -11 -83 1 72 -92 -29 -57 -5 -9 51 -7 52 -19 4 58 76 95 50 63 -16 95 82 51 5 70 -88 31 2 -20 77 -78 -60 34 -95 -31 16 23 76 -64 86 -55 -44 10 -14 46 -30 -59 -36 9 34 28 -91 80 -52 58 -20 -59 36 86 55 -93 -8 -37 3 -67 65 80 -1 63 3 11 -97 -48 -39 15 16 
-44 -74 22 16 78 70 -47 10 92 43 -98 -3 29 -53 56 15 -98 71 -7 43 -67 22 -30 23 62 -49 -67 -83 22 69 97 52 -46 -29 -30 65 -92 -88 10 71 22 1 -14 76 -31 46 99 -30 0 -18 -15 -91 61 -7 17 -83 97 -83 9 99 -57 17 20 -36 63 1 -71 -95 -53 -93 51 -97 -62 49 62 4 38 -1 -78 -29 -53 47 59 -62 -7 -76 12 -62 29 -39 -35 -81 83 -68 95 49 87 -24 -74 26 25 -65 -57 77 20 10 -44 61 -38 -67 -93 97 -64 -6 14 -28 -21 92 -40 41 93 3 66 -66 -9 -59 47 37 -57 47 65 14 -48 -63 93 -69 94 38 43 25 -24 -96 -81 60 6 70 -7 -56 -82 -30 -57 77 -93 28 62 70 -76 29 -54 17 56 -99 -2 -48 -87 -18 -74 -40 35 -52 45 -34 -37 98 32 -3 -94 60 20 -50 -47 -41 -74 -76 63 -50 44 17 -12 -83 72 -89 -33 12 -13 17 77 -62 76 93 -38 18 26 54 -15 31 4 76 -34 -61 -2 -83 -59 -77 81 24 73 12 -80 87 69 48 55 0 62 59 -27 15 -76 65 -7 20 35 55 65 -46 81 13 -66 94 31 79 -93 -2 -15 54 -2 -18 -43 -16 5 96 -37 65 3 -4 -25 -88 -21 50 43 23 69 59 -65 -70 -78 -43 8 18 70 11 52 -15 -57 44 98 74 9 -35 -88 35 -34 17 46 -59 34 -27 -84 -31 -29 -14 8 62 43 -42 -17 39 97 53 
95 80 71 16 33 -48 -88 2 -56 37 60 33 -15 -5 76 52 -59 40 81 -33 73 -40 -70 52 -98 -32 -64 28 80 46 43 -72 -11 99 9 58 -47 -59 33 -85 -41 55 -23 -52 69 87 29 36 -84 -73 -43 -22 86 76 47 -96 53 -16 -23 9 42 74 -48 -38 -19 -31 34 -81 37 -92 -61 52 -35 38 62 -38 -34 4 56 -35 17 26 -51 33 -32 -93 -6 -39 -96 -48 -56 2 -71 -25 -99 98 6 -87 -88 9 -42 5 -61 -83 -42 91 99 25 59 28 6 -6 4 26 -38 -9 -85 99 -13 -60 8 -91 -41 -61 -22 -1 -25 -24 48 81 16 32 -35 46 -43 -30 -17 -15 19 -16 44 -28 -61 45 -51 78 -21 -62 31 -33 -76 -17 -99 86 -40 -85 10 -10 75 -69 2 -41 -64 -11 88 -24 63 -95 62 79 -38 -19 -3 -89 -7 3 -29 -7 60 55 -60 85 -88 64 -39 47 -42 49 -45 -78 46 -74 -59 88 72 45 -62 -1 -60 43 0 -63 15 52 37 -15 52 -90 32 46 -53 89 36 -43 -59 55 -54 -52 -84 32 56 97 78 89 52 76 39 -75 -98 -15 -54 68 42 -88 12 -1 -69 -4 -49 -24 76 -23 59 -54 -33 82 9 -15 -6 76 72 42 -64 -51 -24 -91 -98 -8 -4 51 13 66 55 93 17 23 66 -84 -44 5 -72 -96 -40 -81 -38 -37 -45 91 -2 -83 -43 -18 -53 -43 64 38 23 -97 -32 32 -85 75 86 33 -78 -6 65 83 -98 -3 
39 -61 -25 26 -84 0 -99 -28 69 7 -67 -61 -6 75 68 16 20 -78 -88 86 -25 60 45 77 -86 78 9 -57 -95 -95 -11 61 -49 -15 92 39 91 80 -2 35 93 -81 50 37 51 -34 -16 -44 -34 -47 19 36 27 66 -15 99 -67 51 -71 5 -33 23 77 25 -27 -71 94 -65 80 80 58 -89 -79 -93 69 29 -20 -11 -86 7 -28 -53 65 -44 -61 -33 -56 -52 28 -65 -30 -54 -70 -91 65 -30 34 -49 9 -68 -78 -81 29 49 25 -13 51 91 82 12 94 30 24 47 -84 17 38 77 76 -10 -70 37 -29 88 49 25 59 -65 43 91 6 14 32 -93 -60 -65 -7 97 73 -37 -30 28 39 -85 87 -3 48 15 -99 43 84 -44 -54 -66 -23 -76 27 -35 46 59 88 -8 -61 59 76 -47 98 -53 55 -21 22 -52 -99 29 77 46 -95 -69 88 -22 78 -28 13 -61 -34 -9 51 -33 -53 49 28 -23 34 -50 -62 -23 30 29 -45 89 24 29 65 -88 -85 70 -53 -27 -68 47 7 -40 -94 29 57 -72 -10 41 0 31 -67 -68 82 16 -73 65 79 -97 49 -32 -22 69 89 44 -84 80 -40 -2 0 -61 71 -58 -14 46 91 -18 87 72 -68 44 42 93 28 -74 -32 2 -8 -39 -15 4 1 0 45 17 -45 82 -34 45 33 -8 68 83 4 4 86 -47 -70 -74 -78 21 82 21 10 25 49 -60 -78 -11 -35 61 91 76 0 85 -21 27 -98 -3 86 26 
-23 28 62 42 -11 87 50 20 88 14 56 49 -85 60 13 -8 -71 80 60 -72 96 49 -22 9 5 -24 -50 91 -9 -94 29 4 -55 74 -95 -54 66 41 98 -42 83 -64 -66 -4 13 -24 -24 59 -23 -83 -19 -4 15 -62 -95 58 23 89 7 -37 -3 53 22 -9 70 -36 -4 90 53 -24 63 -36 -55 -95 11 62 73 -25 -31 -82 -50 -57 90 70 -69 -63 -57 -95 -30 39 12 89 72 -52 -25 -41 67 59 87 62 17 -1 -10 70 -55 -3 -46 78 38 66 -63 87 -82 54 77 -12 94 51 -20 62 12 34 -94 17 -52 -39 -59 -22 93 -16 3 17 -68 13 -64 71 70 86 -23 36 29 -16 -89 -77 -72 72 -26 -51 -59 -51 -22 70 89 -54 39 -79 -63 -74 -76 81 86 92 -17 67 21 -82 38 -77 -45 43 39 26 -54 -6 63 67 75 82 26 49 14 -41 48 -98 -74 -94 46 1 61 69 0 -72 95 66 14 -43 86 -60 -19 -58 76 65 -22 32 70 87 -21 64 30 -35 27 80 -25 -59 -88 21 22 -87 -94 27 -75 -48 -69 9 19 -82 -40 59 -24 -96 -76 76 92 -54 -20 -66 -6 55 -9 -48 48 -4 -22 -3 -75 83 36 -9 58 23 -59 57 -24 -72 85 -22 -69 -78 30 44 -18 95 43 -30 -93 -57 40 41 21 83 -24 62 93 -19 -35 48 81 -96 -29 -65 95 -39 -45 50 42 11 -84 -84 86 80 49 74 -88 -67 58 95 1 -26 -31 92 
-30 85 25 95 41 55 -50 -85 38 50 -59 8 36 -93 -38 -7 64 -50 16 65 -82 -6 -82 -55 -50 89 35 -46 -96 -44 54 -11 -96 37 -27 -92 -50 82 39 -95 39 95 -79 -8 36 -91 -74 35 -38 18 65 37 -95 -76 84 79 -73 42 53 76 55 -69 64 -6 -3 47 69 54 -12 55 -44 -45 -95 81 25 34 -45 75 85 -47 99 86 -51 -3 -28 62 -57 62 -13 60 -63 22 77 72 -22 -65 73 -51 -93 -14 -29 29 -34 -35 -35 -93 54 -93 37 -89 -39 -45 -44 86 -99 78 26 -6 -34 41 -14 -57 55 -18 35 18 -77 66 -2 -92 -40 -83 -42 56 15 -67 2 68 -50 82 -28 -84 -49 77 -79 17 -98 -24 -51 36 -28 61 91 -51 59 -28 39 -69 -30 5 -46 81 -86 87 -10 -16 60 -52 -93 -7 2 -74 -39 -81 67 53 -37 67 76 -53 -64 -32 59 -72 -14 -62 76 -90 -85 -27 70 0 30 -37 68 36 18 54 75 67 -53 34 -89 32 -17 13 67 -89 -33 -41 29 -57 97 96 5 -55 61 95 -85 67 65 99 -78 58 -33 -31 67 -67 42 40 -92 -95 42 11 58 28 -1 19 -12 -27 -9 8 -88 -55 -13 -76 64 -26 91 3 -6 21 -61 -69 -34 87 -52 47 99 -30 -28 44 -46 -25 -47 -63 -29 -35 79 87 77 -73 -56 -6 86 32 4 84 -92 -22 -39 -93 82 -95 -34 81 -76 20 69 76 -98 -90 -35 27 22 -47 22 20 -13 60 
11 97 -69 21 -22 90 -72 -21 63 72 15 79 67 -21 -43 14 18 28 -68 -45 -60 -73 22 -61 88 -49 67 7 35 -67 -75 -41 23 -74 -45 -64 -42 4 -41 -14 -78 -21 80 -36 -79 56 -59 -55 83 -21 68 -50 16 1 -45 7 57 37 -12 -58 92 75 16 69 -8 41 -97 -24 63 98 -20 -46 50 -42 10 -54 76 -28 -27 -14 -5 2 -39 -38 64 -36 74 -37 99 -94 31 -84 -60 -88 -97 95 -93 45 73 13 -17 3 2 74 99 92 -10 -97 -61 20 70 54 29 -37 -86 41 97 10 -35 14 -44 -99 -12 -11 -98 34 -26 -98 -65 69 45 78 -13 78 -14 -93 99 -73 -50 -60 18 89 -75 -34 -86 -12 44 -66 -91 -73 26 65 -56 34 -4 49 15 31 32 52 -43 -31 -57 -98 -77 75 35 36 -8 -65 -99 60 -55 68 -19 95 14 -65 -49 18 3 34 -64 51 28 44 5 80 -35 21 -43 5 33 -66 35 -27 -46 13 68 11 97 54 66 96 56 -95 24 -17 -50 -11 41 -36 -70 -21 49 67 21 64 -88 27 -57 -18 -24 -21 68 14 3 11 -48 -97 -52 8 -18 85 81 39 4 -56 -80 64 -86 -2 3 73 -46 6 -63 -93 43 94 -44 -68 -73 24 -6 -42 -53 -78 11 33 37 84 80 -97 -72 -46 61 -18 87 -9 -52 -64 -52 8 7 10 51 87 47 -10 -66 -74 -73 -68 70 -79 62 86 0 -33 97 16 -91 -35 24 -3 57 -14 -1 -93 
-18 52 -1 24 5 56 98 0 41 58 -93 -31 37 -52 -43 -5 38 -96 -86 7 -63 53 -17 35 43 9 11 88 -57 -97 33 97 -56 -10 -23 -80 84 46 2 -35 59 15 56 56 17 -56 -74 -84 -56 71 22 -77 45 81 65 -74 99 13 20 73 1 17 -83 63 75 -65 -69 -28 -35 -55 58 56 -47 54 48 27 -89 30 -76 53 -54 -18 11 66 -72 80 -42 21 -88 -32 -89 -60 27 -22 -52 -56 -10 9 -11 -35 70 42 17 -78 -53 -3 -19 -46 -60 -18 -76 -72 46 -10 -17 -99 31 -57 -51 82 96 61 88 42 65 -44 37 -91 14 -2 26 -95 4 -34 -90 36 46 -5 99 2 -33 39 41 24 96 48 -83 49 -18 89 -55 -98 47 9 36 28 -65 -76 40 -44 54 19 -4 -99 81 -1 43 39 -32 -70 -74 -30 36 -32 5 53 57 -31 -60 -33 52 70 -10 -36 72 -9 50 -24 -31 -21 25 -21 63 49 65 85 -2 23 -57 -3 75 78 -3 -51 38 0 -43 -41 -61 27 -76 68 26 -33 83 -15 -76 -18 -93 -8 80 19 7 -99 -94 63 12 -43 95 -16 73 9 -88 -20 -6 60 -24 -39 51 -89 59 -37 88 1 -65 -81 30 -23 67 19 -73 78 29 0 14 -60 88 29 93 -24 91 20 -84 -66 64 -31 12 -78 29 -58 -11 -91 53 43 63 -29 -14 64 -83 -86 79 2 -89 2 20 -58 84 12 -96 -86 47 98 -45 -65 30 -8 -32 -22 89 -20 
92 -42 80 -18 -2 -69 92 16 -95 -61 -23 -2 52 -39 70 -44 -99 -72 -62 -6 19 11 -43 -25 -39 59 -13 35 -97 -66 -53 -23 40 90 -81 56 -46 -48 -36 -63 -77 69 53 62 -78 -15 33 30 -97 -30 37 -75 15 11 -18 87 -96 -13 -94 -55 -73 24 -18 -49 56 84 -25 19 89 29 -54 -40 -11 -16 -63 -30 68 30 36 11 99 74 -71 6 -80 -64 99 -55 17 -24 48 30 -55 36 -59 -97 -93 11 -2 -13 23 -55 -80 11 -37 -65 99 -57 -12 45 -3 -85 -52 -20 33 -62 71 -3 95 20 -15 -56 25 -38 -90 82 -22 -6 2 3 17 -94 80 13 -22 -88 82 -26 88 -32 21 -89 -88 -81 -55 84 -13 -20 -11 -58 -98 16 -64 6 57 -24 82 9 -69 19 -2 -6 9 17 -27 78 28 42 -34 -53 64 -72 19 33 55 28 -27 -16 36 -46 -97 44 -68 -72 -24 75 -20 69 -27 54 -21 -69 -3 -24 -41 -74 53 -90 52 -49 -57 95 69 -65 82 82 49 15 89 -63 44 -19 89 38 75 50 -6 -12 -28 67 -63 52 52 48 81 70 -66 65 -80 76 50 76 -8 -10 89 -5 21 -5 61 75 -69 -6 15 74 -60 -74 37 -27 -79 -84 94 -42 40 -32 23 51 -23 61 14 31 19 -60 29 25 1 66 -10 79 92 30 -62 -95 -17 74 36 77 -46 -34 -67 -21 68 89 84 93 63 -38 44 -86 -74 64 89 -18 43 -71 81 -39 -31 86 -18 53 
66 -85 70 26 -92 86 3 -69 -53 82 -43 -81 62 3 93 -12 98 -9 81 -91 -55 -77 -66 38 -4 -70 39 79 79 -58 23 12 -43 -32 64 -73 12 8 92 3 45 -70 -15 -1 37 -52 18 -84 -48 6 -89 68 33 75 -73 84 59 -41 -49 74 90 -12 -49 12 -40 -93 2 -78 -80 7 30 -41 -44 -44 37 61 -23 -60 35 -16 72 -45 -77 -75 -99 -45 0 -34 -71 99 76 62 7 -26 13 -60 48 -23 -19 86 -37 -16 82 25 -37 5 79 -93 -24 -3 -68 -7 -41 -18 -79 -32 -29 -6 94 90 80 92 -45 -70 81 -20 3 -20 -25 -47 43 -70 -79 -33 66 -7 -3 51 90 31 42 -4 -22 -93 85 26 -14 -79 -19 84 96 29 34 76 -63 -13 77 14 64 7 -60 -59 -23 55 18 46 72 -54 -31 -69 -6 30 -38 10 -15 51 40 22 13 67 -23 -83 42 -17 -44 -15 -78 42 -62 16 81 64 -14 37 -18 25 -72 42 75 -67 -32 76 -6 -74 -32 -26 45 -85 -9 35 41 -80 -79 -93 41 -19 -76 -51 -49 -67 50 -83 -45 -45 70 6 72 37 98 -95 -7 31 -4 -18 -25 -31 5 20 -67 81 84 -74 -9 20 17 2 -47 -52 -68 93 -53 -10 -16 -85 -72 -22 62 6 -61 -20 93 -87 25 -53 -99 -62 28 -26 -69 -57 97 32 -20 -52 -73 8 -13 81 -85 -95 -52 75 -88 44 86 1 -9 -73 12 -10 20 -28 -12 6 -20 15 -91 -36 -1 -82 
48 -68 2 77 48 89 -8 17 -5 82 -56 34 -77 -57 -8 87 15 97 -52 26 13 42 -99 95 -31 56 -52 -65 91 -56 -60 72 -26 -94 -10 -46 41 -70 76 -57 50 -61 68 -49 -81 11 83 71 -55 -80 81 -3 5 40 41 -3 -62 60 -35 99 -97 -47 48 74 -97 46 83 31 88 -19 85 -22 77 48 64 94 -89 -11 88 47 24 -18 18 -12 -92 -72 54 80 40 -51 -55 -68 -28 66 -62 52 74 -68 -84 -94 31 80 -68 -55 44 -61 -15 70 -14 -19 60 92 -80 59 66 43 21 40 91 -17 68 -22 -53 17 -23 87 -34 33 -88 2 2 -64 26 -3 76 92 -33 63 -36 44 76 -44 62 49 72 -11 13 -29 -44 -88 -79 37 -8 70 47 -28 -93 81 -96 -58 -56 -42 66 -89 5 -37 60 34 -94 75 80 -52 28 8 -94 -79 -29 -61 -77 73 34 -63 -11 3 29 5 61 -30 -4 -91 -67 60 85 -33 -18 -18 17 71 -97 -53 -34 -46 25 69 66 -34 -56 7 18 -62 -60 17 -39 -91 -45 72 -23 97 88 21 -7 27 -85 38 90 -13 -34 -3 -47 -55 -32 -98 34 77 -29 0 -71 -16 81 -29 -74 11 -43 30 82 -53 88 62 74 -81 -93 92 -43 -43 58 -49 32 -89 -18 31 85 2 -99 -68 42 82 -34 86 -69 -54 -37 -98 -11 -20 -58 -30 -70 -98 9 89 11 -91 -97 -17 -6 -55 -82 38 25 -45 73 56 -69 57 24 -99 33 5 73 -22 
-33 63 -84 -79 11 -71 10 56 6 19 -55 97 -12 -37 15 51 57 -29 -75 35 32 -63 27 -59 53 -13 8 -33 31 9 -32 80 -85 -51 78 -22 -88 3 25 -62 -65 72 -62 61 -84 -19 -11 22 10 -58 -75 -28 -74 -68 -88 -85 60 -67 65 52 -96 -13 -63 98 92 6 71 51 -79 13 -75 -39 -89 -33 -23 -84 87 -16 53 -20 -37 -40 -25 42 -40 14 -59 -29 75 93 93 42 -98 95 15 -99 0 35 -11 16 46 27 -2 30 48 2 -71 92 -92 -73 -19 40 4 -75 13 69 34 -81 -59 -2 -67 68 -2 47 49 84 46 -86 -83 33 -55 -24 13 47 -57 85 -97 -59 72 -80 93 -42 89 13 -64 64 -10 -96 -40 -21 -50 -87 -22 -81 30 -56 -45 35 23 64 -99 -72 57 -69 -79 4 69 89 76 7 35 87 7 -43 -23 72 -60 1 -69 -40 -72 54 84 64 -64 -35 -76 38 69 25 -50 -93 -77 38 62 -25 -84 -46 -96 -27 -46 89 -13 -17 -10 -70 -12 -47 42 22 -53 81 -92 2 -57 -40 -87 61 87 -5 -41 -74 -90 -42 -2 82 -24 99 -73 20 -20 92 -40 2 -88 -47 -37 15 12 -48 -18 76 89 7 49 7 -66 -59 58 53 80 47 33 -63 -3 96 57 41 -44 59 57 -15 50 33 -30 27 -61 -25 28 -56 17 -2 11 -24 25 -93 81 51 13 -95 -96 -13 69 51 -50 -75 56 96 7 24 -90 38 58 -39 72 12 -96 36 -55 -76 
63 47 50 -87 95 59 33 42 44 -21 -51 -81 25 33 -28 -37 -56 14 72 31 -65 -65 -46 -86 62 -8 -44 75 -74 36 -50 -97 60 46 -92 -50 -90 -1 -62 40 90 -37 53 -60 -91 27 47 32 29 -71 -20 -67 41 -57 19 58 -24 -19 -46 93 -20 -41 -12 -25 58 62 -7 56 -89 -76 -24 26 -46 -92 52 90 23 -65 -31 -60 1 -81 56 63 -29 10 49 13 91 29 64 -26 57 66 40 36 6 13 60 -57 0 30 63 -51 79 41 18 56 -52 -84 23 -5 32 -35 63 49 -51 28 -65 74 74 32 98 -21 -72 -49 -36 -56 -33 74 -60 -50 -8 42 -5 -76 89 61 -31 83 43 58 -91 0 9 -23 -98 -56 -21 21 -92 -94 39 -51 15 71 6 -1 30 49 -83 22 -57 -88 -53 11 46 -40 56 -12 -65 48 46 -17 3 -75 -5 -72 24 31 -89 72 83 -67 78 66 -17 -90 -45 -72 -76 1 8 -41 -9 93 -29 -12 37 31 -38 43 24 -11 74 -97 95 -35 -32 51 -42 -44 39 61 55 -60 65 3 -83 45 79 -84 -58 -56 -24 52 86 -77 -51 83 -66 71 99 -92 93 40 -42 94 -77 -53 17 45 43 -72 -26 -4 96 78 -18 38 13 -5 -1 71 57 -81 0 -4 -22 55 11 -63 -85 44 -54 -9 76 -34 -94 32 33 -9 79 -64 -28 -82 33 84 23 -73 -5 -86 -56 36 -20 98 -7 -6 -95 -52 25 -23 68 -81 -96 -55 -47 33 -80 92 
39 -17 -14 47 68 -54 -92 -8 -14 59 -65 27 46 33 64 -55 0 98 -50 -64 93 -72 -65 69 10 -72 -28 -5 -46 38 -17 -25 60 12 -42 96 12 -41 95 -86 42 -15 72 15 -76 -68 -61 -12 -50 97 -60 70 85 85 25 -58 38 -75 69 -21 26 3 37 -4 47 47 65 81 -16 -76 62 -60 -5 52 93 -43 63 70 78 -66 -36 -77 -11 22 -25 33 -38 -31 0 0 22 -22 94 56 -64 -93 -7 75 -26 39 36 48 78 93 14 50 65 82 78 -89 75 -24 -40 -73 -64 -89 -94 45 -46 19 -78 42 8 -31 -5 -79 72 -55 70 84 -37 -95 -1 6 -39 -44 -84 29 2 49 -39 -96 63 5 -36 -6 96 18 -4 58 24 56 -55 -3 12 24 78 -85 -74 53 28 53 53 -27 -48 64 3 8 29 -28 64 76 -49 -97 -72 -58 -17 -65 68 -78 -51 4 -58 75 -82 10 -33 -87 -62 21 -84 64 64 94 82 -95 -51 21 49 -43 62 -16 -43 82 0 -48 94 -65 5 -40 -74 94 -25 78 22 98 -59 -43 18 97 16 16 78 -91 -46 -88 32 -14 -39 69 -46 74 -98 39 -2 77 -30 93 5 95 -73 5 24 40 67 5 57 -88 89 37 -76 71 -69 -60 -8 79 -14 9 -37 -64 2 64 -18 61 -51 37 -81 -29 -28 -33 -21 -35 -40 3 63 -44 -3 39 -11 -5 -47 -80 -13 26 16 -37 -16 97 93 83 14 34 -68 -75 78 -21 47 -56 62 98 
-39 -61 15 -87 95 17 24 -62 -86 -38 34 -72 -32 64 -8 44 51 -18 59 50 -10 94 -60 -78 -74 -37 4 -80 -44 48 -82 -39 5 -96 59 -62 -98 39 96 -26 -53 19 -42 -18 79 -73 -2 -25 -75 -41 -98 47 -97 -1 36 -63 67 -43 -5 -62 12 41 -80 -47 84 88 66 69 -4 -77 21 19 -61 -16 70 -7 17 29 81 -41 -92 -85 8 -33 -99 81 -49 -84 89 11 -32 49 -1 -60 -18 -34 -41 47 74 30 -96 50 80 -12 -89 94 -39 91 84 19 -4 -94 -82 5 22 -18 -29 90 -62 -14 -97 -39 53 -32 11 -43 -35 54 -33 -69 -67 40 66 -65 -96 24 61 -83 -34 -93 35 74 -26 -52 -87 -90 64 92 -60 -97 0 -27 -5 -97 -77 -32 -9 -97 7 -34 27 84 35 82 -96 -48 -66 -31 39 77 32 -41 -67 -97 -72 -84 -97 -94 4 -72 -47 -9 20 0 -95 -69 67 86 58 47 -6 -52 -97 -83 -11 35 80 4 92 -43 -65 3 54 -63 87 6 -20 -62 -59 67 53 83 -69 90 -41 15 78 -65 51 58 -19 -74 22 73 3 99 81 72 -91 -75 -87 -46 18 -20 5 85 55 17 3 -97 -73 -3 -29 45 -27 -1 -78 67 77 -70 56 -21 35 2 3 48 51 -99 77 -3 -55 -57 -59 88 -59 -43 68 83 -96 97 13 -72 71 26 64 -67 94 -24 -38 98 40 -67 5 39 15 1 57 70 14 -85 22 41 58 85 2 -17 -1 78 -22 -30 
14 4 -30 28 31 82 49 25 -46 12 12 12 -46 -49 35 -71 89 -88 -14 -98 -27 -65 39 1 97 -30 68 24 -66 20 75 -51 15 23 50 -20 -22 -45 57 -35 -12 25 16 76 -83 58 -36 -38 8 -82 72 67 -13 -51 -68 33 90 -51 57 93 1 51 -82 -84 43 -95 -92 56 -6 -37 30 -40 17 -3 -69 53 -63 -78 21 19 34 -66 7 -79 -38 -61 48 -10 44 99 -35 36 99 -28 7 -1 85 57 -61 92 73 22 -10 -24 35 -29 58 4 7 -60 -20 76 9 1 -35 -87 48 -47 17 22 -54 96 -68 57 42 44 -74 -45 -94 -44 25 18 58 43 -96 -57 -48 -82 46 14 -38 -95 -37 -64 85 92 -5 -13 -23 32 79 -27 -40 12 -19 -71 21 -9 65 35 47 -61 -76 -73 99 -1 -47 87 57 -57 -43 -64 16 72 -31 98 64 -93 -37 52 -75 15 21 51 30 45 13 46 -59 66 -34 -78 -34 3 71 -59 -67 -75 62 -67 16 -58 -70 -84 -36 93 11 95 -10 10 10 46 46 68 42 91 81 58 7 -27 84 53 -86 -8 30 75 51 -53 68 -79 -95 -38 10 8 -82 -5 -88 -51 -85 -51 -45 -40 94 1 75 87 -47 95 16 -24 -45 -35 48 -70 6 52 -78 82 -76 -76 63 78 30 21 -70 32 19 -20 77 82 -84 -84 95 44 -17 -89 -5 98 43 -44 -84 -80 -4 41 75 71 87 -63 -34 75 31 82 -12 -43 -63 -77 -17 32 77 -97 
-6 65 -68 10 -71 15 56 2 -37 56 -49 -2 -91 71 78 -15 51 46 79 44 -63 35 -6 -4 26 40 66 35 84 -44 16 94 38 -1 -41 79 -50 -47 42 62 52 -23 -76 -91 35 77 99 6 -22 22 51 3 -81 -57 45 64 -63 76 7 -37 -67 13 -27 46 -99 48 -62 -1 -99 -68 -55 -94 -87 7 91 2 48 -21 36 11 -99 27 84 67 -90 -96 96 -14 63 -55 -39 1 68 76 94 80 -85 39 -42 -61 -33 -42 50 -87 -91 89 -6 24 80 -53 -58 3 44 -48 6 -8 85 -46 4 21 -76 50 -59 9 15 83 75 81 65 -72 -17 -99 49 32 -12 24 51 94 49 82 -26 82 16 -51 81 82 -77 -44 3 59 -93 59 -47 -70 -93 9 5 -38 22 28 -24 -3 61 -22 28 18 -65 10 -5 89 -41 46 87 12 -59 41 -73 35 85 -96 64 49 21 17 -39 -19 -37 53 -14 -26 55 -71 -77 -4 -83 -35 26 -26 -53 69 -93 70 -34 81 25 94 6 -31 78 23 -41 75 -16 -55 -93 -22 5 -2 27 87 -50 42 -28 89 23 -67 20 80 81 22 26 32 -66 -38 -5 -17 99 -47 51 -12 -56 -79 -45 7 53 -33 -59 -18 -11 -29 96 21 67 18 -17 -88 42 15 -79 -23 -57 81 -14 -44 4 -46 -17 -24 7 67 -74 -22 45 -4 28 -5 80 -69 -91 38 -4 18 -86 60 -42 -50 -22 -44 -76 -91 -83 -2 7 62 -14 -6 -46 -39 77 -88 
-45 52 -40 50 -53 -83 14 -99 -16 49 75 -86 86 -11 -32 -94 83 81 -5 -50 58 -54 -20 -14 -85 -57 -68 63 -62 -35 41 6 60 48 96 -53 -3 10 27 -51 -74 60 -78 71 -96 -73 26 86 -47 50 14 48 15 52 -33 13 19 28 -57 41 16 6 47 -94 90 58 22 -33 -78 67 62 55 51 -97 5 -61 -3 6 1 31 54 -39 96 -99 7 -49 10 45 -12 -49 15 -95 -32 56 -51 17 56 -49 -95 -21 -43 -56 -75 -31 17 -94 94 -28 -31 -72 87 -6 -10 -90 -84 -80 30 25 -11 11 66 9 -40 -78 13 16 11 44 -51 -79 -76 8 -14 20 -32 68 -77 0 41 56 -69 -75 88 -8 72 -76 -42 82 56 -10 -72 70 78 95 -2 -7 -45 -85 -20 -17 69 26 5 -19 6 75 20 25 -16 41 -28 -28 38 22 89 5 -6 92 -12 60 -27 21 -69 75 96 -37 32 -19 -94 -23 78 -67 -99 -12 -48 -85 -8 17 -72 -58 -5 -51 28 63 30 -20 -13 -21 92 -99 -84 86 41 -42 -18 -88 34 98 -91 -90 25 91 77 -52 -30 -78 -82 -76 -35 16 -53 -49 -74 -27 31 35 -45 -52 90 -51 -48 -36 -66 24 43 -32 76 24 55 47 -45 -34 52 75 24 -84 -81 74 -71 -46 -9 -29 -56 11 64 -42 80 -44 39 75 55 52 -64 24 -25 32 -68 15 23 -45 34 19 42 99 -94 74 -18 -47 -34 86 29 -87 50 -24 -63 -20 -60 76 21 55 
93 40 -51 -16 -13 22 -11 99 -89 -73 -24 8 -41 -48 -76 23 15 98 -43 2 43 63 -59 -65 35 57 -50 -58 -70 98 -24 -5 -31 -18 -16 -63 93 27 71 -23 94 -8 -33 -83 -72 -20 95 10 56 16 -32 -94 -71 -30 -5 -80 82 -98 -43 79 -10 56 -49 -2 99 36 -78 -66 23 -32 -72 -90 43 93 -22 44 88 33 2 -34 86 96 -84 67 -86 -31 7 60 -23 -10 9 69 55 -88 93 47 29 67 -68 26 -79 -27 76 39 31 -19 -68 -85 30 38 31 -45 5 3 -23 -81 65 -47 68 -18 80 69 -27 18 40 21 -99 92 -51 70 1 93 47 98 -16 7 -23 61 -35 -50 -10 49 -83 74 26 -8 10 -12 34 -59 -50 -63 67 -54 57 60 -94 72 -55 -25 28 -98 57 -21 -92 62 -6 10 44 76 97 -1 52 -81 9 -20 11 -80 18 32 -85 -49 36 -61 -7 23 19 29 -77 12 15 35 84 13 -22 87 -16 46 -69 81 -21 25 89 -57 -54 90 -68 94 63 -30 15 38 -87 -73 55 33 25 -98 93 49 -56 52 -90 41 -88 -79 51 -79 8 93 -39 76 36 -93 49 21 -88 10 -73 -67 1 -78 32 -44 14 -54 85 27 -91 43 -5 13 67 -65 -92 -10 -48 1 45 74 88 -90 -63 -46 -81 -20 32 -26 -30 46 43 40 22 -51 -93 95 53 77 12 24 36 -29 -83 36 -97 -7 33 -25 -43 28 -61 43 -86 -69 -84 -39 -92 34 37 32 
54 36 79 58 -31 91 92 -1 -26 -78 4 20 -23 71 66 4 -28 29 -9 -81 -7 -96 -8 15 84 54 -27 -21 64 -13 77 -73 76 -59 44 -8 63 -17 -11 -32 97 73 40 -87 17 -70 -72 24 -88 -97 29 40 38 -74 77 -59 46 -26 61 -83 95 -48 -89 15 61 -78 95 -61 -26 -81 75 -63 62 -76 -87 -43 85 54 66 -30 68 -63 75 53 -82 56 78 67 -40 45 -56 46 -48 -27 40 85 80 65 65 -38 81 -75 -93 -2 83 61 92 -29 -45 -44 59 77 -97 -81 -60 34 -32 -81 25 4 28 21 1 0 99 21 51 -45 48 -77 -63 -48 11 88 54 -55 88 -62 -3 -61 -84 2 -38 78 53 31 -25 23 -96 -70 94 -76 -95 -85 86 -90 48 -67 5 3 -5 -25 35 30 36 93 -33 -4 -83 -72 -9 4 -32 -39 44 65 -61 -16 -53 20 20 40 -59 93 83 70 -61 66 22 70 -23 36 -6 97 34 -54 7 20 39 -66 57 75 -85 74 -44 -7 -80 96 25 85 -98 -76 60 -73 98 10 -92 28 -28 57 23 -72 -78 -40 -98 -38 83 77 -46 9 -54 36 -28 84 21 -49 -93 -76 -51 55 -47 -95 28 -73 -57 -6 48 66 -34 55 79 -97 99 -72 70 -92 15 -31 81 -99 20 65 37 11 -26 -12 48 66 23 -28 38 -9 14 7 66 -14 32 -19 82 -48 -41 84 36 -87 78 86 -62 -24 81 -18 70 49 -5 -75 -52 -5 86 82 6 15 
24 87 -26 48 -58 -46 30 18 -58 84 40 51 33 -92 93 31 32 20 -85 22 25 -73 41 -72 -21 46 -77 -46 -88 -76 -79 -46 70 -51 18 -2 -15 -97 82 39 -5 98 -95 43 -19 48 -83 95 81 69 -61 2 82 -73 -6 -39 52 91 84 15 99 68 98 -65 -95 30 -83 43 -97 6 -70 91 96 13 -59 -28 40 -42 -82 40 -77 42 -40 96 4 -37 76 -58 -57 -86 -95 -63 -56 64 53 -25 -19 2 -41 82 -32 80 -38 47 -73 15 89 41 -37 19 52 -39 35 71 74 -13 -15 -49 -19 -43 -45 -36 -4 -28 51 58 -82 -16 1 63 46 -90 34 68 -91 -57 -51 17 -93 -46 11 6 -44 -82 73 22 55 48 67 -66 -52 -77 -94 88 56 69 75 -74 -35 35 -91 76 27 14 -71 -22 -17 -26 70 65 -40 39 93 28 12 -3 73 87 91 -49 70 14 94 51 -7 -71 -9 -58 -85 -65 85 32 96 -34 -38 -85 -68 14 10 -32 44 64 97 -76 -33 -15 -53 -15 -81 55 50 -72 -71 95 19 50 60 -12 -79 60 46 21 -88 -28 70 -16 -11 -40 32 40 26 -19 -64 -80 43 63 -36 -91 -33 27 67 44 -56 -24 20 72 -69 -10 62 36 -23 -1 -72 -20 89 -49 -87 -20 -71 -8 62 -83 -52 31 -76 -7 70 8 -69 -41 -41 98 -40 -31 -5 -14 36 -94 -15 -29 -65 34 -95 21 62 69 11 24 86 1 77 18 -27 36 -31 -34 99 -19 63 -61 
-39 25 -46 70 15 70 -88 -53 -85 -50 -48 -12 -10 -58 60 -46 64 75 82 12 -34 85 80 8 22 -16 98 62 66 -95 -81 -2 -8 59 -3 -88 99 -77 7 -59 -29 -44 -57 -2 -12 -86 17 -76 -70 -17 -14 -36 -27 6 60 -40 -15 -58 90 -40 72 -15 11 25 9 -57 77 83 -78 93 -55 14 34 68 85 57 -65 97 20 16 97 -30 85 88 -92 -6 -49 32 10 22 44 -8 79 36 -2 86 -25 -48 -2 -53 -27 79 1 -91 -21 -33 51 -21 14 42 -2 -53 -79 11 89 -39 83 76 34 17 -36 64 -62 -76 -36 1 79 -53 97 -40 -26 -45 -79 -91 -5 -4 60 -79 -72 77 -9 22 93 -73 64 78 -80 -16 58 14 -61 64 89 -94 28 -51 -89 -44 1 65 33 35 33 58 80 -65 93 -58 -23 -68 9 26 74 43 57 -2 -25 -62 43 55 -97 91 35 24 -58 43 -78 -44 18 -99 -9 -69 14 -23 81 -95 81 -24 -57 41 -58 -70 -58 -71 51 37 -76 -37 7 83 5 37 68 59 -22 -94 58 -26 31 -70 33 34 20 61 -10 43 -28 35 -6 -19 -65 23 -54 -92 -21 -81 -41 1 69 -13 31 76 32 -48 -18 -5 95 82 83 -79 -79 85 -54 84 5 -63 17 91 -29 88 4 24 73 -96 -41 52 -78 26 11 -7 18 -1 96 1 -38 -81 -77 -93 -66 22 46 35 -37 -68 59 -92 -56 0 -65 -28 86 -67 78 -20 42 3 -69 -51 -14 39 
-68 2 -92 22 -37 -57 -21 -46 8 -69 48 91 85 67 14 9 55 23 -87 -11 -39 68 11 62 -41 48 68 -1 -75 -22 64 46 94 -56 86 -22 38 -22 12 35 -60 0 -59 83 -14 29 -62 85 -68 -54 -67 -60 24 88 -86 4 36 92 -69 0 -85 -18 -70 98 -83 -1 -84 14 42 51 -63 35 64 44 -74 86 46 59 80 90 -8 52 39 -19 -98 73 41 -87 -52 -92 79 77 -12 -68 98 72 63 76 35 -24 7 32 41 -10 -28 -14 63 -45 8 -37 -66 -15 -7 -83 -56 7 13 -9 -11 -94 38 81 -83 65 78 62 36 -56 -90 79 -34 -62 9 52 27 33 36 12 -39 35 -71 3 67 -41 65 -24 -25 -61 94 -60 31 -70 37 -68 -12 91 97 70 -48 50 -55 42 -27 -64 40 -24 -62 -10 -61 40 37 38 -23 -90 -3 96 54 58 69 61 -7 78 -81 26 50 -93 50 -18 -64 47 3 89 36 -5 67 -97 -65 -6 -32 -15 -57 -86 55 -95 99 6 -15 -88 -15 -71 -21 87 -68 97 84 -66 31 48 10 -10 -1 17 -45 -75 -36 -38 8 66 44 -39 -11 -95 -43 75 -8 68 89 -56 -28 15 59 -60 -66 -39 50 82 -28 19 42 62 -18 67 2 -71 57 -86 -43 -35 29 -49 27 -74 16 63 -64 27 -27 62 -13 -93 -87 -87 -6 -86 42 -80 -67 -86 -95 79 -3 -82 -37 58 40 -4 -31 -89 -50 87 47 -25 -8 67 -53 74 12 1 64 -21 
-56 72 -94 71 18 -70 -40 31 9 1 -47 7 49 -23 -39 -27 -11 27 30 64 -69 9 -76 -10 24 95 90 -26 33 28 -51 -58 25 -52 -3 -77 4 67 23 -6 88 -48 -69 -77 -63 2 62 -85 -30 -37 -9 21 61 6 0 73 -77 -88 -32 -32 90 -69 -14 36 5 -31 -24 -6 -59 -1 -24 -1 92 -99 -67 -23 -27 -54 36 82 -52 -64 15 -12 18 -52 -39 -2 65 17 -88 -46 -79 -70 -51 44 -91 -98 -18 -25 -75 -73 46 4 -77 -87 -2 -49 51 94 59 41 69 77 -53 2 -75 35 41 -97 -57 -91 70 -74 -91 40 22 -25 3 -93 29 -85 36 -84 70 -76 -77 -20 -85 -80 47 -4 -9 -86 -75 -88 42 64 81 -67 -50 83 -43 -58 -65 -25 -50 75 -61 3 69 74 -52 96 -1 27 -31 -26 -45 -40 -55 -79 78 58 36 -77 -48 27 -98 68 34 30 -55 5 -42 72 76 20 53 42 -26 -3 2 93 -90 -37 50 -16 3 63 -10 -95 -31 88 42 -45 10 -16 99 9 7 -60 45 -82 -38 23 -28 -16 79 76 -60 -56 18 -79 73 -90 -28 -14 70 -95 -83 -69 -23 -6 74 -81 18 -46 75 -23 97 38 -83 32 84 -89 19 -76 73 87 -60 -79 43 46 -92 -31 68 68 64 -65 58 -94 64 11 -19 5 99 71 60 50 8 -56 -12 -45 70 -5 -96 -12 8 -9 -84 58 0 -38 -91 -55 88 96 16 -22 67 72 -16 -36 -53 -32 -22 45 91 34 
5 -92 61 22 -77 -67 53 -27 -33 60 -95 -65 -3 -99 14 -33 61 98 -45 24 -70 -27 -61 26 70 -16 79 92 54 -51 45 -9 0 45 -31 -89 -96 4 63 8 49 31 28 30 -72 81 82 -64 7 25 48 32 -69 54 47 -15 -85 4 -14 41 -54 80 -33 87 -25 49 -57 -60 41 67 42 -29 42 -66 45 -87 33 62 -80 29 28 -91 51 -35 53 14 44 -31 -37 56 72 -34 97 -1 -59 -99 -33 32 8 68 27 14 13 27 -55 -68 31 -84 15 -98 -83 -94 -78 61 63 -38 -21 45 56 -44 -93 98 90 -86 4 -4 -64 -98 -69 -28 3 83 66 0 11 -93 -62 50 13 0 88 -80 -56 48 -5 -11 -5 -9 35 -67 -40 -42 81 23 69 25 -64 89 -74 -76 -71 40 43 -64 73 -90 -50 33 -85 -89 -41 -42 -19 99 87 -93 4 64 -32 -81 -72 -8 -93 14 3 -84 -80 74 9 27 -29 30 72 -62 -75 -63 80 88 89 -73 -52 62 -16 74 1 21 41 26 80 -81 -81 -96 74 68 -2 58 34 55 -39 -5 55 85 4 47 -15 -37 56 95 91 -53 34 4 -47 -13 84 65 -99 -8 49 -20 72 -20 61 70 72 -65 -55 -12 -18 -10 -4 84 -50 -63 40 29 69 -58 58 49 -37 22 71 -89 -37 24 -67 10 -54 -83 98 -30 3 -61 -44 -96 -34 -39 71 -3 98 -76 -95 -64 80 -16 -23 -6 -27 95 31 65 60 -18 30 -13 -79 -87 83 -52 
-87 28 -77 95 -55 17 -90 51 45 -21 -18 -24 17 59 -20 -30 81 91 52 54 -10 -90 20 39 -70 90 -45 71 13 54 34 16 26 21 69 -50 -53 -37 -92 -9 -23 -49 -41 -92 -49 -4 -7 38 -99 52 -82 84 -72 -67 83 96 28 -60 33 95 -57 42 30 -87 -43 -12 95 25 -27 55 13 -38 11 33 -36 7 89 -73 -5 87 -71 55 39 57 -30 -28 -40 -75 61 -81 66 -44 -9 71 -70 -32 -49 83 -26 39 98 35 -28 -32 -28 -87 -95 -82 69 -25 49 29 -62 21 95 -92 -50 -98 -2 -94 43 -56 70 43 -51 -6 0 71 -29 -11 -45 -59 -89 39 5 -95 66 71 -97 -22 40 60 -99 -1 -54 63 -91 -3 -56 -11 -40 54 -29 -3 3 -22 55 62 -7 -57 -42 52 -99 -92 -91 1 -51 -99 12 53 -44 -42 -70 -36 -33 -99 -51 23 47 -15 9 30 22 12 85 -15 39 -57 -69 -78 68 64 95 13 87 79 41 47 -83 44 42 -67 -56 -13 -21 -3 19 63 -11 -56 29 -40 -86 20 -95 48 7 15 -39 83 35 13 -66 81 -48 76 3 94 97 36 -95 -10 98 46 90 24 9 66 36 -87 22 -9 -21 -28 -60 -53 7 -2 -63 53 -99 41 14 -90 -25 2 -63 -93 14 81 50 22 -83 -50 36 -74 -99 -6 -49 -59 -56 -29 -18 -70 -28 33 81 62 -58 -11 -81 -3 0 -46 88 44 59 -71 -92 -97 -98 -62 -84 -80 39 -96 26 -35 89 48 
-83 -15 14 56 -19 -12 26 -78 -22 13 68 -86 -89 71 17 -14 -72 -20 -4 -7 -33 -12 -77 -82 22 -25 37 -77 -52 -44 -82 98 -68 92 65 82 -21 55 -93 -92 47 -91 89 -39 51 -34 -81 66 -22 8 11 91 63 82 16 42 80 -37 20 -24 -6 17 -5 -42 -2 22 -72 58 47 15 59 -42 -43 -11 -76 79 -78 31 18 87 -2 -49 -61 -53 -9 37 -1 -40 -89 -80 -88 -5 5 -3 7 64 -35 -10 42 -43 37 17 72 69 16 21 -35 -85 20 -53 43 -96 60 25 -37 45 -8 96 -31 80 -87 10 46 8 -67 -58 -78 18 -71 -53 0 -89 45 -62 -50 67 -19 -97 22 76 -48 -11 -67 -71 17 -91 78 -28 17 36 -34 -21 65 -2 -93 69 41 24 -84 -15 28 -31 -67 85 13 -18 -94 74 -13 -72 -18 68 39 29 38 -56 -35 12 24 68 66 28 -22 56 -5 -27 -82 66 -92 80 47 90 51 -3 -11 -59 -4 85 33 40 83 -83 -54 -43 -85 68 56 88 -20 72 -44 43 49 -31 8 13 40 -44 -14 -20 -46 76 -78 -41 30 -34 61 96 94 -20 42 11 -36 21 25 38 57 -30 -36 67 51 -42 -30 34 -74 -43 66 -91 -18 -38 32 85 48 -27 85 -26 44 -59 53 -62 -77 -74 49 63 33 -76 12 38 -76 59 -50 -53 -53 62 45 73 29 16 -85 34 -81 4 53 25 -28 -71 36 -50 82 -84 85 12 5 44 54 34 79 -35 44 -24 
86 59 83 -45 79 47 -93 -46 9 99 -78 -25 57 22 -74 67 86 94 13 -4 -16 -52 -48 30 47 56 67 57 67 -47 71 -29 -38 -46 -22 17 -23 32 23 -99 93 26 4 80 -79 86 72 -91 62 86 6 -80 95 -44 63 61 -66 -59 -21 31 71 86 -78 99 -55 55 -74 -47 -56 -67 10 34 22 -61 -39 -5 72 -69 -70 11 85 50 -55 22 13 54 -25 -57 -6 -57 25 13 -49 97 -95 71 9 -60 -33 -55 64 65 29 -96 -18 -19 -67 -75 -71 15 11 -70 -12 58 -90 -33 44 21 -79 3 -63 -98 -13 90 74 -87 -58 91 -24 47 19 73 3 3 -12 85 71 23 75 -27 80 66 -89 -82 45 -85 -9 46 76 -36 80 68 51 -15 58 49 -12 53 98 -7 45 10 80 45 3 -82 6 -77 -97 -3 -46 4 97 2 35 55 46 16 -40 -81 -26 50 -18 -72 69 -43 47 -97 -45 38 52 -95 -70 59 94 -3 18 42 82 50 63 33 16 -20 -2 -61 2 54 28 -39 -2 -65 -84 -22 28 65 -25 -21 -27 90 -53 -85 98 51 -14 87 -52 96 -82 73 95 2 -74 -77 -80 23 -21 -76 -89 -78 69 69 -98 74 60 -23 -95 -71 56 7 -68 19 -16 58 71 87 85 -85 -55 71 -51 36 67 4 -96 -14 5 -46 12 -4 -63 90 98 -71 77 15 76 1 -93 60 -13 -7 -29 -10 -5 -24 90 -36 78 -39 64 13 -62 19 36 -17 -74 6 -47 88 
-78 -9 -63 26 21 56 -53 63 -53 -61 79 32 84 -49 12 -3 -38 -99 16 -74 -6 38 -33 -92 89 -28 51 24 97 95 -71 -31 41 -55 -85 24 55 94 9 -47 34 69 76 45 -21 25 -9 -64 -97 -69 -77 -18 -95 89 -9 -92 -78 -92 39 -91 -92 29 -93 35 81 17 82 6 65 18 -90 -19 78 -61 99 -3 77 -47 -10 -8 23 -40 33 -30 66 -80 89 -77 65 35 74 50 85 44 75 27 68 98 -65 -8 -39 -70 -29 -58 66 -49 28 80 -29 5 -30 -83 -96 -58 47 89 -89 -4 91 27 -69 93 -88 88 -56 40 35 -94 -59 -56 -88 94 99 61 -66 58 96 -22 88 49 -41 -22 -96 -43 38 29 -58 37 -15 48 -91 -8 -94 -53 -19 93 39 -18 -2 -65 81 -97 64 -7 -52 -25 -56 -86 -18 16 -14 89 -79 67 -23 -78 -33 36 -23 4 12 70 61 -49 -42 -6 -72 30 -92 -43 -76 69 -80 -15 -8 -74 -44 27 -35 -75 -87 -72 38 81 -17 -73 -9 -85 8 -95 -43 -55 96 49 18 -2 -98 -41 -57 -38 -2 -77 -16 29 -70 66 36 -37 -53 38 -30 65 -73 -98 42 66 -82 10 -48 4 60 -91 -36 -24 -77 37 -5 -73 63 -37 96 -22 5 26 29 30 34 83 88 0 -69 22 15 76 -95 -9 7 -81 -60 -37 -46 86 67 -19 95 -89 -48 13 82 -45 13 57 -64 65 2 15 -12 -82 -66 -30 -16 99 89 58 31 -7 -91 -90 -45 3 
-84 31 31 -46 86 52 -75 57 24 20 -77 0 -93 -47 90 39 -91 -36 3 29 -94 -15 -30 85 -77 -46 97 12 -87 -97 -15 -80 20 -14 31 93 85 -82 -92 85 27 29 30 73 3 -39 -64 -54 -43 -58 -37 68 77 54 40 73 39 -23 38 92 5 75 14 92 73 -70 83 -42 -54 -35 -92 96 29 75 5 -49 -52 51 54 57 -42 -49 -98 -31 18 99 67 81 -38 -5 -42 -41 -83 -67 32 44 77 93 60 -41 63 44 8 -47 74 54 -11 -97 29 -9 -85 79 -32 52 -70 22 79 -32 -62 84 -73 -66 -28 28 -40 37 -21 -7 78 -28 -85 72 9 71 31 79 53 60 72 -39 49 -57 -72 9 24 -29 42 21 57 39 81 23 79 -80 -59 -51 25 -48 5 52 -97 -14 12 -30 -63 21 15 -3 -29 47 22 -13 -13 -67 -83 74 -58 93 43 -16 -8 -47 -57 -1 16 4 74 -70 -83 96 8 31 21 88 61 18 -23 -66 -57 -10 -56 98 19 -59 -64 -19 51 1 -84 71 15 91 -93 -52 45 78 -26 -31 -74 11 -51 -39 -37 35 84 27 -12 14 -92 43 77 -29 67 95 -9 -58 -99 38 -85 8 -81 -51 55 90 1 -79 -11 86 -27 -74 -72 -72 85 -42 -8 -68 -77 79 -72 -17 -49 -20 27 13 15 -19 76 -61 -66 51 -98 -55 -30 -98 6 -47 52 -97 57 14 -57 -84 -8 -91 65 -36 95 19 12 51 94 47 43 38 79 -45 -90 -41 -40 45 
-1 29 -48 21 -64 -33 55 81 22 50 -57 79 -72 -92 42 16 9 54 88 22 7 -57 -82 23 33 38 -67 -3 -84 97 -62 1 38 41 85 -52 -6 -89 -64 -25 -86 50 -48 64 -50 0 18 72 16 97 -4 30 75 86 -98 24 -53 66 -97 -31 -20 60 54 -22 -25 -44 67 58 -99 -38 -71 27 -89 52 70 46 -55 88 -1 61 98 91 57 27 -36 77 -98 -7 -8 3 -22 -5 91 -94 98 -25 42 -97 77 -80 59 79 -8 -70 -91 67 95 -69 -41 -4 82 -68 -86 30 -12 93 -3 35 -20 -33 86 -76 97 96 90 89 72 87 -12 7 38 -73 -81 83 30 1 -17 37 -28 -14 21 -57 -92 58 97 -29 -13 -62 81 -52 82 80 62 -31 10 57 -74 62 56 -93 72 -78 86 36 -93 -9 -38 56 -12 -35 54 46 69 12 -3 -84 -67 32 -70 -98 -34 61 98 96 64 5 -53 21 -8 70 75 -81 0 -33 -95 -31 -37 79 -85 -60 -42 -83 -20 35 -45 12 15 5 -51 -3 38 -50 -84 -46 -1 -59 14 29 -53 33 -69 24 37 -26 55 -80 -79 73 8 -40 -35 -75 38 87 -6 -88 -23 85 -25 -77 51 -93 -53 13 38 -3 96 -98 -52 -97 66 95 -37 93 -8 -47 -30 -45 -25 61 6 -99 67 -84 87 69 93 59 11 -97 -33 -37 62 3 -31 52 23 -40 -12 95 14 -53 38 42 88 -85 72 94 -15 46 -79 -59 -31 -97 -11 -25 -56 47 -51 28 
-86 -6 -38 47 46 -77 96 -12 70 7 -55 70 73 13 74 2 84 -18 -47 -64 -76 26 -44 -53 87 26 -23 66 24 -61 -19 -6 -13 20 9 -4 -18 94 -64 40 93 32 -14 -66 98 -51 -66 67 -87 -9 56 44 -79 -76 28 13 62 -1 89 -21 56 -79 -48 96 44 -26 -30 -78 93 81 -96 -14 -15 -75 11 -42 41 -3 -14 -42 39 94 85 15 23 31 91 34 -21 -59 -3 -2 -48 -30 39 38 79 40 -81 -98 -81 40 -36 -96 81 36 -69 -24 -32 -70 15 -41 50 -22 19 5 -10 -30 -16 67 -38 34 -81 -94 62 53 -32 84 65 1 -56 -25 -29 56 -41 98 -31 -19 -64 -81 54 -18 -49 48 -26 -14 -15 2 28 -43 87 -2 53 -74 15 47 56 -60 -62 61 87 -98 10 -58 -52 76 78 38 11 -97 -39 77 59 50 67 -32 18 63 55 -43 54 6 -69 -56 72 55 63 -4 -87 56 -35 26 75 -84 97 -97 -11 46 55 84 -51 75 -45 41 48 -37 53 -43 -96 81 47 -86 -35 57 54 -84 17 61 -15 -46 -76 94 8 63 6 13 61 48 14 39 37 33 -29 98 77 93 -61 73 6 80 62 -92 -7 79 37 -83 -57 87 66 43 -88 20 92 6 -91 21 37 91 -25 -64 -10 -76 50 37 -88 38 -95 14 -42 0 -25 -33 -26 4 -64 92 -6 51 96 62 -23 31 -7 55 4 76 -17 45 -30 -20 -81 82 59 31 -68 16 -16 88 86 -55 
-23 91 15 -55 96 -34 63 -48 2 -11 94 72 17 -18 51 17 19 49 32 -27 -82 36 -11 -29 -49 89 1 -18 -86 37 89 -9 50 89 -1 97 1 45 -23 86 8 57 -74 -86 -29 -16 -73 -43 -50 -67 63 6 40 77 -41 42 96 22 -79 -88 5 71 -75 87 9 -66 -58 -54 -96 94 -40 22 73 -91 -72 -57 -2 -81 2 90 -86 -3 -32 -88 12 -79 84 37 -18 14 33 11 11 36 81 -71 -71 -41 75 99 -68 -40 -96 -23 -31 -5 -85 12 -28 1 7 63 79 40 48 82 -49 45 96 -10 -66 -19 94 -19 -7 -22 -71 -91 -65 93 -94 67 -5 85 -87 -64 -87 29 50 72 -53 -30 18 -52 59 -75 84 74 19 55 74 -34 -7 -32 5 -49 -7 -65 -83 -84 61 67 87 55 48 40 -26 42 34 -14 -93 34 20 97 55 -86 45 -25 -63 74 96 23 -90 -10 -19 -54 11 80 34 74 37 -2 -9 -66 87 95 -45 61 17 -60 45 35 70 -28 70 -82 -47 -41 -58 -87 13 -37 -29 12 -28 -81 95 84 -27 -40 -17 30 98 37 -82 12 -81 50 29 -90 51 31 -33 13 73 54 87 90 24 -88 32 -82 -70 -84 10 -48 44 -29 -18 17 30 5 19 94 53 9 13 81 -61 78 96 79 34 81 -66 81 -5 -51 41 -57 61 28 -87 37 -13 -59 29 98 54 60 65 -97 -68 -70 -32 23 -68 51 31 -14 51 -32 25 -75 -67 86 59 -1 -8 82 
13 -6 1 62 -41 -22 -40 -60 -44 38 77 -69 15 99 -92 -54 -30 -98 -20 -69 -98 -36 -26 68 -67 -3 -72 -61 -30 54 -32 -86 64 28 63 62 -9 -23 -94 -88 93 87 1 87 13 25 69 -45 7 77 53 -88 69 -83 35 -41 48 43 79 25 -62 -4 -97 61 -30 -43 8 38 76 0 27 -51 -3 -43 -9 64 88 27 69 95 43 -39 88 -48 26 9 -89 -18 46 4 -73 94 80 -95 -6 -25 -52 88 -54 32 -5 76 70 42 61 87 -41 28 -18 52 44 61 -46 -41 -33 -93 -28 1 -45 -91 -19 20 21 -74 29 55 48 0 -2 -6 63 -89 38 -37 63 -57 65 -19 28 -29 -53 -27 7 -21 61 -60 49 60 21 -87 -1 -62 -49 91 59 -7 -6 53 -49 42 -37 -92 29 -92 -57 80 -87 99 -36 70 71 48 16 -76 50 5 66 33 -89 -8 2 31 90 99 -31 15 18 -66 28 31 69 40 1 -77 55 -49 93 44 -63 -11 25 -16 -97 -88 -1 -30 -54 57 48 -32 67 -90 55 -98 88 -81 -40 -83 -46 -51 -32 -80 -20 90 49 -2 -31 63 53 -67 -67 52 30 -55 -48 42 90 -27 -56 81 -67 65 -80 -12 98 68 60 83 28 50 1 -68 -39 -24 72 57 87 89 6 -36 29 87 -88 22 73 -26 58 -50 -9 55 42 -78 90 -22 12 90 -36 3 93 -90 -76 1 -92 7 64 -10 -47 -36 12 78 83 2 78 -88 31 -67 -40 84 -55 -26 
50 3 -83 -18 8 87 -32 -83 -71 -25 -51 -56 -27 17 98 -3 -14 9 -31 -4 30 43 0 22 98 71 -10 43 8 22 -57 82 63 65 55 97 79 -96 88 -10 49 -86 -66 28 19 71 14 16 9 -50 -52 35 -8 -72 -38 30 36 95 39 -24 50 -5 -69 -59 -62 18 -41 -2 16 -2 89 -66 27 -55 -97 -34 -49 -62 39 11 -67 -15 -69 62 -1 -65 59 -70 -50 -92 -29 -81 -38 -62 66 -26 28 -96 -57 44 -29 8 32 63 77 -74 -10 -10 97 -84 37 -44 -69 86 37 -50 -72 -70 -75 -82 12 -39 -9 -50 -68 51 -12 -94 -68 87 -69 -42 79 30 -77 59 62 -93 -59 31 -92 -96 19 -80 26 87 -66 68 36 43 4 -42 -29 39 -80 -84 -70 -72 10 20 95 5 -4 -44 54 91 -85 32 -46 -65 -87 48 72 -74 -61 -62 -45 -48 30 -51 -41 -67 -43 -29 90 -13 53 -44 36 92 -71 -35 -59 14 -44 -49 -12 81 -28 50 -95 -79 11 -38 -6 -62 33 -62 -39 37 18 21 -87 -14 -11 -88 13 -21 37 -96 -89 65 -49 -50 73 -60 -93 -44 85 -48 7 82 -21 -31 -48 52 -76 91 14 76 7 32 68 -58 90 -81 48 -38 25 -16 59 92 -72 94 97 -52 8 66 -41 -61 63 -16 74 -7 -46 -85 -69 -96 22 65 76 9 96 86 28 63 1 -89 33 -69 60 36 -77 -51 -97 -42 -64 94 -25 -56 99 -95 85 54 -88 7 52 -10 -43 54 
99 69 92 -48 16 80 91 -95 63 70 -15 -7 99 97 -92 62 -97 95 -24 20 -21 -18 64 80 -38 36 -66 -88 12 18 -16 76 -58 -91 12 82 -6 -43 68 6 9 -99 25 18 32 -75 42 -15 36 -55 75 -16 74 -12 -67 -73 13 -68 34 57 -54 23 44 -30 -19 -82 -65 -56 40 -16 -23 78 -51 -98 88 -95 -1 4 32 -35 -7 70 40 -57 95 -38 -2 66 7 71 53 91 -52 90 51 97 -36 91 -96 -29 12 31 -83 -77 40 -97 52 -19 -19 19 -70 79 -91 -33 -49 14 51 -28 31 83 88 -85 -23 23 92 -34 -70 -82 -51 91 39 31 9 94 -68 40 -46 -4 -56 -65 75 -84 66 35 31 58 -96 -54 67 -55 83 57 -14 -13 71 -44 31 60 -49 -82 39 -95 -57 -46 -22 -35 79 24 -63 -66 67 88 90 -33 -15 34 51 31 -61 48 46 3 18 -34 -63 4 13 25 -5 44 -2 82 -81 49 -35 -70 47 31 -38 98 16 1 73 -77 15 -22 42 -26 -22 -32 -22 60 72 -1 -21 12 23 82 24 -7 62 -12 -33 87 47 -94 -3 -88 53 77 -2 -82 68 -57 25 80 -53 12 73 -84 -4 12 19 16 5 47 -13 99 44 -69 76 -81 88 87 31 -21 2 -85 76 17 81 14 78 -36 -56 -34 -69 -95 -99 66 -7 15 1 -29 9 -85 -47 59 10 89 41 -11 16 -43 43 2 46 25 3 -16 57 57 -70 -47 -20 80 -57 10 -53 95 
68 -69 61 -75 5 -84 -95 49 -63 8 94 76 -30 26 -94 25 74 55 78 -6 -84 -55 2 -59 39 63 88 76 9 -60 37 53 87 -6 19 -74 -69 -89 10 -59 -45 -69 -98 -17 96 -60 84 70 43 31 -59 80 -80 96 -13 -62 35 -20 2 -12 -1 -48 -17 4 40 -31 17 -4 78 -50 -26 9 -14 -10 -99 -42 1 23 -94 -66 -78 43 -10 -89 -92 62 -30 -52 48 -2 -1 80 83 -29 -22 73 57 37 86 74 63 -42 58 -32 52 -51 43 50 -23 99 67 20 62 68 65 -62 13 -66 50 32 -5 -56 -29 48 10 -16 -41 12 47 -29 -61 -3 12 -12 71 93 93 94 94 -65 27 -13 -54 32 -2 12 16 46 -44 -73 76 16 -32 37 86 17 -26 -92 75 -64 97 -58 94 94 31 -46 -99 25 91 -18 28 -16 72 33 66 30 -29 -24 -95 -52 30 -79 41 21 -94 96 -72 6 14 -12 25 56 8 -18 -41 -6 5 -31 44 -35 72 -41 35 65 72 -84 30 -91 6 -9 6 -82 -22 -8 -49 -71 57 -65 24 -3 84 -1 -17 80 25 -15 77 85 64 73 -51 -56 -87 35 47 10 -28 -93 -79 54 37 81 -60 -71 -14 79 89 -15 -10 92 -85 -64 -81 -88 4 -56 -92 -89 78 -77 -79 -31 70 87 64 83 13 -56 25 9 97 17 -86 5 9 -22 20 -83 21 -70 45 42 87 -5 25 94 21 -55 -7 -21 1 84 60 88 81 19 28 -25 25 88 
65 85 0 -87 -4 46 56 30 26 34 -77 2 11 -82 -93 46 28 39 48 77 65 -62 30 -84 89 60 63 -10 14 -26 54 -38 -26 -69 83 81 89 84 75 75 -4 -42 -17 1 56 -20 -49 53 64 -93 -89 33 -47 0 31 56 -81 -91 -88 -51 14 7 86 44 -57 -65 -57 95 -85 64 69 -63 -33 75 4 -45 -71 23 77 13 -83 -15 -87 -2 65 -27 14 -25 43 51 -67 3 -3 -68 50 45 75 81 58 22 -96 -10 55 62 88 -94 66 -79 -47 -99 22 -51 11 87 38 52 -77 -73 -65 -97 68 37 -83 94 -19 -66 22 -96 58 86 -81 -43 -69 -69 61 -1 -45 93 62 -12 -31 63 -64 46 22 30 84 -92 26 -72 29 34 -87 -53 60 -76 -41 61 91 -80 86 59 26 -40 -12 16 -2 -12 76 -50 -35 -63 61 90 -23 -78 3 19 58 -95 -78 -95 78 -75 -59 -15 -23 21 39 90 25 -42 3 39 96 -15 -89 -28 -16 -98 72 -87 26 48 -41 -43 -11 -45 52 57 49 13 1 -19 10 27 -37 -44 -43 81 -26 -4 -64 44 95 -71 -74 -49 47 -77 -47 -94 -58 81 -90 29 -27 -31 -43 17 -20 13 24 30 -33 -57 28 22 -99 56 -29 -41 97 14 84 -32 98 -41 -82 -64 -9 51 51 -71 65 22 91 16 58 91 79 -52 -89 -51 -37 -15 39 -91 87 88 -76 -50 68 72 54 41 10 -54 58 89 -41 49 -85 -60 -30 63 67 25 -72 -90 
-49 -44 -98 10 80 55 -9 1 13 -12 17 31 -87 93 -89 -63 67 -93 -6 -41 -66 77 -51 -36 -27 29 14 -36 82 45 -79 -28 95 52 -84 33 38 -79 -88 95 -5 23 62 85 -73 -62 -93 94 8 98 -64 15 64 -60 -69 -22 -40 93 99 -86 -36 -97 -83 27 -80 -63 -45 74 -87 -7 11 53 74 -17 -54 49 72 -65 75 -16 -73 -29 -55 88 -34 92 -37 89 56 33 22 -41 5 -58 -91 -6 -38 -40 -63 88 75 -80 50 17 -80 -98 68 19 -97 -73 -16 75 -19 5 -59 45 70 -55 -87 -10 85 13 -9 -26 81 -94 -96 92 -59 -67 -10 -11 14 8 6 -39 -93 -59 -87 -86 14 88 -55 66 -84 -56 59 50 50 -30 -4 68 -19 58 91 -4 -86 66 51 31 19 -2 -80 54 59 96 -67 -46 63 -10 -95 -44 -83 -10 13 81 -18 -71 47 95 -35 -95 -27 74 58 58 93 -40 -66 24 -83 20 7 -39 -52 -73 57 -50 29 -39 59 4 84 58 99 -71 62 -55 14 -38 -2 -63 -89 10 -48 55 77 98 -27 28 88 -24 -55 29 -40 88 -28 75 30 -69 -22 -90 -53 -68 -95 97 98 -66 40 -26 -44 -92 82 92 -96 -52 50 87 -20 -75 -10 -75 -98 48 -78 -76 -21 -24 37 -68 48 66 68 -42 -47 -15 28 -85 93 94 -91 -83 -69 93 -48 -92 -65 -24 -65 7 17 15 -51 71 11 28 -17 0 11 83 -65 -41 -39 -26 -59 24 -46 -95 1 -88 
-20 33 -25 16 43 43 3 27 43 10 -51 82 20 -27 65 50 -99 -97 77 49 50 64 -1 -87 -5 6 -22 57 3 27 -23 -14 -38 -38 28 78 -24 9 45 -78 -87 34 49 -57 67 -64 -98 76 -37 -19 -36 91 67 35 49 47 -43 -93 -25 35 3 -47 -73 -69 92 -40 -1 -62 -10 39 99 92 6 -44 5 -85 14 32 34 56 42 -24 14 44 80 -23 43 -87 -32 18 10 -35 -36 -57 29 -28 67 -31 -33 -7 -72 -88 68 3 33 16 -1 86 -37 -78 -84 -71 -41 -76 -52 -16 -45 -2 23 84 58 -55 -31 -51 80 -78 -52 -41 98 -77 23 -62 72 -68 65 80 81 -17 90 -26 62 -5 80 58 -89 -73 94 -46 -69 2 42 -93 -93 -48 -47 -82 -13 -56 19 -93 -91 23 -62 25 -40 69 81 47 19 -45 20 -76 -93 -31 7 -89 77 13 63 -44 32 90 33 -54 36 35 75 34 -97 -11 64 -7 -69 61 -39 10 -32 90 -76 52 25 -42 8 -88 1 -43 -80 -25 18 -55 79 91 -7 91 6 -63 84 54 61 87 90 39 -86 90 -85 31 -47 4 -14 86 8 77 60 15 17 77 99 3 -75 -26 69 8 -25 89 61 98 -81 40 -67 62 -85 31 -76 66 -56 -96 -80 -16 -11 85 -48 -49 99 64 -71 -55 28 53 -67 -54 69 -77 80 86 65 -27 62 -68 -59 -20 -92 -24 -12 -19 -42 -25 78 26 52 -31 89 -41 -18 33 -93 53 13 -38 -38 36 
11 86 18 69 -53 -71 -56 -70 2 74 55 42 -82 -25 -91 12 -6 64 -15 88 -3 30 -45 93 35 -51 85 44 11 9 22 51 24 -76 -21 -46 77 10 -51 -91 64 8 -77 -56 48 98 -13 33 77 95 13 13 84 74 29 -12 -77 -23 35 1 -68 93 90 21 -91 81 -29 14 -8 2 32 23 -53 6 83 96 31 -81 -57 -19 99 93 -12 -48 25 72 -96 -34 -38 55 -95 -83 -36 -50 -7 -37 -22 -84 97 -82 56 -94 90 -54 60 8 -41 6 -21 -64 -21 -48 -68 -54 83 18 -24 55 -84 -80 53 -12 -81 -53 -58 -89 -93 -12 60 47 1 92 -49 -16 -99 -17 -8 79 -20 -56 47 -21 -94 9 25 0 18 25 -63 -81 14 31 -58 -27 48 8 9 -99 13 -93 96 86 8 -68 -67 -37 -14 66 -24 -49 -9 -58 -94 71 -48 -91 7 69 -9 77 24 85 -38 -16 84 -63 14 -18 95 -89 47 23 -63 45 -11 55 39 98 14 -43 27 79 -16 -73 -63 -30 -48 -98 -44 93 -56 43 63 -24 -2 -47 -82 -63 10 44 37 57 -48 73 80 -72 28 -85 86 -93 65 -86 -61 55 28 -8 -98 87 24 72 -77 77 -33 89 -72 6 45 77 -75 91 47 66 -15 58 17 -48 5 -62 86 54 71 -32 99 24 81 -6 71 55 -60 -94 33 -2 10 -47 29 74 -66 -81 35 -7 33 -17 13 83 2 87 -53 -17 99 3 7 49 -33 -7 89 3 75 74 10 1 
39 31 53 84 29 -84 -21 89 -84 -78 46 97 19 -10 76 93 -1 -80 -13 -8 -67 51 -24 -95 62 84 20 -68 48 7 -50 71 96 3 -28 34 -94 22 75 51 14 -47 -96 -49 99 -50 15 53 -5 -11 -66 92 -12 5 -6 -79 87 -54 22 -19 -21 95 12 76 -76 86 -43 -85 -55 60 60 44 20 9 -22 74 76 -34 -41 86 -74 60 -7 32 -9 -18 72 -41 90 4 -28 25 87 40 -71 51 -88 77 -79 84 96 79 16 -23 -98 19 -16 87 -73 5 -24 77 -29 -39 -81 -12 -85 29 -28 -88 94 -45 90 94 -23 -62 -89 -5 29 34 55 -65 -44 -76 42 -11 6 -92 50 37 -59 -42 19 73 23 -87 -60 96 -22 -10 61 33 39 18 82 51 -40 -54 -85 3 91 77 34 18 32 -97 49 -17 -7 -74 -14 -66 -10 51 51 82 20 67 -29 -74 47 36 -74 74 38 11 -8 -77 -4 -47 44 65 26 -10 5 -17 -53 51 26 -43 -31 -77 10 82 -10 -32 -17 78 -54 -26 -68 71 98 3 25 13 -12 -51 81 -41 -43 -91 -51 -63 -58 84 -1 -92 -34 -64 42 71 86 -56 -43 19 -32 -8 67 -5 96 -91 27 -40 23 55 -98 -74 31 -27 21 -21 95 -39 89 -2 -77 68 -75 32 3 -81 -88 49 9 -37 -63 41 -1 66 41 62 82 10 72 -87 -46 83 45 49 86 21 30 -41 -25 -82 74 61 -98 -86 -96 -41 16 90 61 -90 47 82 74 8 
69 -69 49 73 91 81 93 13 -59 -88 -46 -83 -12 28 6 -24 3 -18 -79 33 57 53 3 -80 -57 -61 -68 33 -43 -65 -91 9 13 -12 -82 -83 90 54 -2 41 -54 25 6 91 13 -9 59 -67 -95 88 63 -81 12 -18 -32 42 -33 -55 40 98 72 81 -80 29 -93 -30 -46 -24 -40 54 -27 7 38 -97 -5 97 22 -30 -22 94 46 35 79 15 -30 -74 25 17 -82 -12 -15 77 -91 13 4 16 -59 69 7 -67 25 71 14 79 7 22 57 24 51 17 -37 -42 -25 12 92 51 44 -96 12 -36 -62 9 -89 -95 -41 81 2 13 -47 -55 73 96 58 23 1 60 -49 54 -56 -14 -84 52 -37 48 17 7 40 -81 -2 -66 46 96 14 12 -94 -53 96 36 35 -41 -40 -86 30 5 10 -41 89 -85 10 2 -51 -2 13 54 71 -16 78 -62 -63 69 -28 -40 -9 60 47 62 -60 -70 -28 89 -31 22 88 -41 98 27 76 -79 -83 -34 -89 -71 48 33 50 67 -74 -50 -90 -83 78 -14 -50 59 -13 -4 -17 21 60 -56 -49 -20 15 67 -19 -10 -87 92 99 82 -4 35 -46 93 30 30 -85 -5 45 89 -24 52 37 -86 32 -98 -9 71 -54 -51 61 41 42 45 65 -12 55 -84 54 -39 -97 -53 -77 -25 22 -47 93 23 72 72 27 -21 -15 50 67 60 96 85 -98 -47 42 -38 15 -30 -31 16 -43 -28 46 -97 48 -47 -48 -57 -96 64 42 -42 -83 -60 
-30 -72 80 87 26 76 33 -4 67 8 -34 -65 -46 -22 73 40 34 22 -62 39 -69 -83 32 21 -40 98 91 -55 53 89 -6 6 30 -10 -37 49 -99 -39 -51 -82 -87 -72 42 7 -56 43 -64 -9 50 -14 70 36 0 -80 -41 79 86 -31 -82 21 8 -77 93 -57 59 78 -26 -74 -76 62 36 -11 -19 -36 3 -11 55 -70 44 -74 -55 -38 30 39 -9 0 58 69 -62 42 25 -71 -28 -35 1 -33 -28 -55 94 74 53 1 -2 0 1 -99 64 -71 41 -56 -10 -91 91 -69 -30 -45 85 -23 -94 31 -37 -4 72 62 -78 -83 43 -9 63 -64 -80 83 95 62 -48 -30 13 -83 56 38 -31 -17 -27 -33 40 4 -77 -15 -21 -66 88 97 -74 -24 -5 49 80 8 28 23 10 59 53 34 35 -8 90 16 -30 -13 88 24 18 -59 9 -43 -11 -44 0 -39 79 79 76 -33 35 -13 74 76 -82 -1 -20 -33 -69 -11 -85 40 -32 63 23 15 71 15 14 -45 13 -88 58 -36 48 22 -7 -59 40 -45 15 31 79 31 72 -39 -52 -21 -71 23 -6 -8 -67 41 -95 83 33 9 25 -32 -31 -69 92 -19 27 -97 -25 -31 -26 15 -41 93 -68 -20 -41 -91 93 83 64 99 -77 -44 -57 65 19 9 -98 -81 22 65 -75 74 96 -56 39 -36 -98 -15 36 -43 22 -32 -17 97 63 -4 -45 9 -7 -80 8 -27 18 -45 37 0 95 10 -75 97 -32 -46 -93 92 90 -47 
-49 73 11 -85 14 -56 -97 -52 34 25 -5 27 -75 57 -99 -93 -36 78 -46 -91 -87 52 -36 5 -11 -53 60 -1 16 -24 -11 -57 -33 49 -32 -38 67 16 -13 -3 -48 -66 -76 51 -26 -27 -38 -21 96 18 11 -67 -13 5 -28 -81 87 52 36 26 84 -57 43 -3 -55 96 -6 25 70 54 -2 -77 81 -57 -74 -62 54 -64 -67 99 -49 -4 -44 41 55 41 77 -27 -75 67 -89 -44 51 4 48 24 -19 80 -75 98 6 71 67 25 88 99 -45 -11 -39 55 48 61 -85 9 -40 76 92 66 -12 15 -80 36 46 -63 -33 -99 -54 33 25 -71 8 -63 -92 8 73 -97 -54 48 -86 -64 -63 39 91 18 27 -83 -55 -26 -15 -12 21 -73 1 67 -51 13 0 38 25 59 0 -34 -96 -7 50 -68 41 49 73 -37 -18 69 70 -11 58 21 -34 -94 45 34 0 -93 -25 -54 14 -67 -61 60 -39 82 53 34 -55 46 -48 83 90 43 -58 52 69 79 -48 46 29 -65 85 -49 61 -36 6 -78 -17 52 58 79 46 -68 14 46 37 29 10 -80 -58 19 -27 -84 63 69 89 -2 -87 94 -38 83 -73 -30 59 47 18 70 -81 -8 90 -84 27 -42 33 28 -12 -28 -64 69 86 38 -12 -71 -71 -36 -84 -64 80 -66 -38 -95 96 95 -13 -14 14 -15 56 -64 20 36 62 -78 51 -89 87 -19 16 -69 -64 -76 87 10 58 17 -70 -69 -23 27 -78 69 -47 63 -13 25 
83 -66 58 -5 -27 64 94 -66 -53 85 -25 97 -98 12 69 -85 33 -90 32 17 -26 54 -32 14 83 -8 -98 43 -66 59 73 -23 66 28 -82 75 79 92 71 1 -94 -45 60 -98 -51 2 -3 76 66 5 14 3 68 4 43 -92 -78 -57 -80 58 1 -93 -52 -48 -34 11 -8 -15 64 -18 -42 44 81 5 -20 -56 80 99 -74 -68 57 52 10 -58 -13 98 -28 68 22 52 86 12 29 16 75 -85 56 -43 -35 -22 -67 -39 -90 -99 59 41 16 65 -73 -21 -69 92 4 21 -58 35 89 26 -20 -86 -37 90 -73 -36 -62 -8 -63 58 -6 66 -4 -61 -70 50 24 -27 9 -2 -63 -56 -36 -86 96 -2 -49 -53 8 50 -19 74 39 26 -35 -43 -88 3 25 -26 25 -63 13 -62 -6 47 17 3 -49 -46 72 5 -18 81 46 33 -9 53 -79 -11 24 -87 -24 -73 3 -51 97 11 56 47 -96 -42 -89 1 -74 32 9 -87 69 -35 -55 -29 43 -78 8 11 76 71 -9 -44 49 40 14 -85 -28 -7 3 55 -59 12 -10 -88 97 71 47 -66 58 -62 -92 38 70 14 11 42 25 69 -49 -38 -64 17 87 -31 -79 55 16 40 -23 16 48 15 -77 -88 85 -28 -89 -94 -37 -26 50 41 -32 -40 51 86 99 88 33 99 -44 59 80 -73 83 49 -38 -17 -52 -27 -20 65 -37 -9 -85 -73 66 -31 -43 -22 67 -2 -83 55 12 39 25 -13 40 52 -69 59 -80 -11 
19 -17 60 49 -88 36 71 23 -54 73 -18 -21 36 -1 -4 2 33 5 -83 36 -11 91 9 3 -87 44 -59 -23 26 -10 11 1 -31 99 -85 51 -41 -43 63 -69 22 -98 -47 0 51 5 -46 70 -19 96 11 -44 -90 55 9 -61 -49 51 -78 66 5 64 -50 -26 60 -82 -47 -31 65 14 -56 65 1 -57 -64 41 -96 14 98 67 -48 -41 -70 -19 -34 -84 71 -36 87 -4 -16 87 -64 -84 0 83 68 75 27 -60 -20 -57 14 92 52 48 -61 49 48 -43 65 -19 12 29 68 99 92 -97 -63 25 48 -67 6 -97 62 41 -29 64 -50 7 -62 -63 -44 4 -12 -27 60 68 -22 69 -78 -37 -28 31 -60 70 29 64 3 44 -42 -36 10 -93 13 -62 10 66 -47 85 39 8 -39 24 98 57 -77 -37 -46 -18 19 -92 70 -44 -54 -3 27 -87 -36 56 56 -37 -35 -14 55 94 41 -21 -17 80 -87 8 49 37 56 -37 21 -45 89 16 -91 95 -93 -2 87 -79 -5 89 9 -24 36 82 -76 11 71 -9 -17 2 75 -89 97 -33 31 55 -58 -18 59 11 -79 15 -26 48 78 -86 28 -59 14 -27 -60 80 69 15 23 -17 55 2 65 43 -95 64 -88 -88 -85 -60 -31 82 -14 60 85 -77 -97 15 -62 2 -68 -64 -78 28 67 -41 80 -28 -30 45 -88 25 -51 81 -49 -99 -25 44 90 57 -22 -59 -68 -94 -32 -48 -5 79 -81 -2 89 51 -21 56 0 -16 
-22 51 61 62 -84 8 37 40 13 -80 -58 18 -2 -31 -33 -14 71 -91 4 36 -81 -2 64 91 -97 1 -49 0 -85 -35 -43 26 -11 86 73 77 97 -21 13 20 -30 52 -67 80 -45 -7 39 96 -34 44 82 -51 -87 3 -89 69 -35 55 -77 12 7 84 -34 -63 -8 30 -11 -27 77 93 -3 -13 52 11 30 -66 72 70 23 -48 69 -56 78 -52 -59 -99 -31 -53 -4 -8 84 16 -90 96 -54 59 -80 43 87 0 3 -50 30 59 74 -9 -46 -81 23 78 40 -56 42 67 46 99 -96 22 15 90 65 -97 -71 34 -84 79 26 34 88 17 66 -92 -69 74 -38 -84 95 -88 35 9 -72 29 28 -39 -13 3 -12 -35 -53 23 -93 95 -44 -60 26 55 -32 40 -46 -3 -77 -30 32 -62 -35 -8 57 -1 86 28 19 71 -49 -73 73 51 54 69 51 -64 -67 -39 47 -81 -39 -12 26 91 53 -83 -51 -88 30 -82 -92 30 -81 -46 -10 51 -68 -15 -71 1 34 40 69 29 -93 44 -71 -34 -36 18 -13 -52 20 -75 -72 -77 -59 -24 -86 -94 -70 6 89 -47 -9 -58 50 -30 28 29 -67 -74 -97 -33 -9 -64 51 -29 -7 -27 -73 -93 -49 64 -11 26 5 87 -91 76 30 1 -17 40 -76 -96 19 -65 4 -47 17 -2 79 65 58 -34 -40 -91 42 89 29 -99 18 -63 -18 -87 -36 -37 -54 88 -51 -55 26 51 3 -41 -97 -90 -41 -30 -33 -39 55 -6 30 4 
50 91 -91 -84 -53 32 -32 -77 13 79 0 -32 89 1 50 -7 31 -98 39 4 -88 91 62 92 74 18 -3 47 75 -19 58 -45 71 64 -83 83 -57 30 -47 -21 3 -99 69 -67 -44 69 98 26 41 60 89 36 75 -31 52 4 -55 -88 33 32 -9 53 50 27 94 -69 10 -93 54 -91 -62 -33 52 -36 -65 73 1 92 82 47 41 68 8 22 -22 45 -66 -41 -71 -57 -40 -40 93 -33 -96 92 71 66 -43 -95 -46 22 -40 -51 11 94 -44 84 -28 -74 -59 73 5 -33 -94 -5 78 -24 -84 -33 27 -63 -59 -91 -10 73 62 -16 3 -89 -57 -39 89 56 65 84 -29 -86 -34 -44 -68 -48 23 21 22 58 -95 20 81 75 17 66 -42 -88 -48 -83 -4 -13 -16 32 -69 99 -37 -11 90 90 47 24 71 38 15 -92 -15 -51 26 34 -41 -91 73 -6 -59 -78 72 -7 -51 14 47 -81 -56 -80 -62 -4 -54 -72 -41 -4 98 67 45 53 95 15 31 -10 19 25 -7 87 60 13 -40 -97 -80 -45 59 -88 7 -75 95 10 -93 75 -61 -70 49 23 -48 86 34 -75 76 -49 -58 -81 -43 81 -35 18 43 48 -47 -3 -74 34 -71 12 35 81 52 -85 43 51 6 56 -52 -81 -43 74 -26 -72 63 64 -93 -76 20 20 75 -46 -64 -38 -21 83 40 13 8 -98 -76 58 71 -8 50 -13 -16 -2 11 -72 -62 -59 28 -33 -61 -50 -1 -51 -89 -57 -82 -78 88 79 
-46 -48 -55 53 40 10 -72 -17 39 -12 -17 93 81 73 88 -98 -65 83 95 5 5 46 -29 9 32 -95 12 6 -63 83 -27 89 -45 -55 -32 48 -85 0 82 -82 -10 -42 -1 -64 1 -98 -59 41 -32 -88 84 85 71 -9 74 -5 -67 -14 -55 -55 -41 33 -81 44 -77 -36 18 -12 5 58 15 -25 -63 -10 -40 -40 47 60 -61 -72 17 -1 -16 -21 58 71 0 89 -82 -87 56 82 -92 23 62 -29 -50 -44 80 86 -33 -13 15 52 -49 96 54 -26 35 69 91 31 33 58 82 -14 -88 90 43 -27 -17 61 41 39 -43 -94 21 53 44 -64 -49 -11 33 -14 -15 11 84 -43 80 77 92 44 87 -12 -55 68 84 95 85 44 -89 -46 -97 -55 3 -2 -8 -74 -45 -25 -74 -89 -95 -97 83 -16 -93 72 36 -87 -17 2 -72 -38 94 -6 61 67 -96 63 85 -7 -8 -31 96 64 61 -95 8 -7 -29 -86 -41 -50 96 -4 -90 39 -94 90 82 97 -12 -24 27 -4 91 9 -61 23 -65 7 -10 -75 19 -82 -34 57 80 0 -84 10 -10 11 -45 -77 27 2 83 70 -10 79 11 46 -2 52 -76 48 7 -44 -90 -31 -82 -60 -6 -41 72 65 89 84 -65 -46 70 13 10 -31 38 23 9 14 -46 61 -24 82 -7 -48 63 51 -5 18 -89 -82 22 -3 5 -29 -62 -57 -91 34 90 -92 -83 67 7 -36 -90 54 44 -24 -99 -43 -16 -77 -36 40 -92 -61 44 86 
-66 64 -46 -59 -99 63 95 37 -92 51 -33 14 -25 80 58 2 39 21 -20 94 -11 -97 -91 -18 -50 30 63 54 -52 60 83 -98 7 -54 34 -95 84 -79 32 -26 99 -74 29 -46 57 86 8 48 -74 72 -77 80 -1 -15 -85 70 71 19 62 -78 87 31 -66 1 66 13 -7 43 23 -18 73 -23 -41 -69 25 -34 33 74 26 61 -61 69 54 33 49 -63 16 -31 -51 57 -34 72 77 -37 95 -78 6 82 21 95 15 -8 87 72 -25 99 30 -74 -22 -15 -16 55 -2 89 -30 0 25 -68 55 -83 96 -94 52 26 -16 29 13 -40 -33 97 -82 89 -66 91 23 -19 84 -76 -68 71 13 24 -32 11 65 -58 8 -6 -74 9 -47 -18 71 53 17 -62 47 66 77 -24 -65 -68 29 17 -31 -54 -25 -13 1 -39 28 2 -96 -74 -60 1 17 33 -8 -79 -4 -67 -23 -2 -55 -76 99 -79 92 -27 -39 -7 76 -13 50 -97 88 87 -84 -63 85 -40 99 14 -4 20 -56 -68 44 27 -49 -81 59 66 -61 -41 -32 -69 17 -15 54 44 -57 -72 4 -71 17 -4 -95 -88 97 -27 78 -64 -61 33 -52 -34 -96 67 45 -77 -69 -48 51 -31 -68 21 -32 87 -30 38 -20 -96 -12 -4 -26 18 -17 -89 10 5 53 -67 -35 32 -51 -54 62 86 19 -96 35 -89 -11 -50 -46 -74 -6 37 23 66 33 -51 95 -29 68 40 -42 -89 9 23 -91 88 -7 18 42 -78 -53 -63 
-44 30 38 -35 74 -20 61 70 -71 88 -90 -43 -15 -60 30 80 -58 62 -26 -67 -30 -8 -93 5 85 8 74 -75 -10 3 93 17 92 45 -79 72 0 -88 31 -35 -17 -65 -59 -43 23 -27 -3 94 -30 -79 -31 -24 6 -88 30 91 -62 9 65 -22 62 76 -33 29 -22 -92 -28 9 -36 -45 -8 49 -31 -59 -38 -22 81 26 -85 81 76 -46 -68 33 39 -20 81 -55 41 63 81 66 -37 0 85 -22 -99 -78 44 52 97 84 52 37 -81 -23 -70 -78 85 91 -24 26 7 99 87 -1 24 -95 38 -7 15 5 -81 -26 -27 -36 -17 96 -72 -11 68 -21 -90 3 -3 1 43 42 11 54 -59 24 54 75 83 87 7 -5 -40 -81 29 90 -3 -66 -19 -86 -48 83 6 46 -30 -61 53 -9 88 13 27 -88 1 -68 -81 70 -70 70 35 -59 72 -19 5 -27 90 -78 -74 54 30 75 22 -72 75 75 -22 54 -81 64 -45 -78 -98 76 18 32 93 -94 -89 25 49 11 17 95 57 -30 77 -20 -25 9 77 -1 -56 -80 74 87 -40 49 71 40 -21 -12 -57 -34 65 18 -70 -5 -64 83 -7 73 74 -48 43 -24 96 -27 -34 26 -51 70 48 1 6 85 -19 94 5 43 2 87 66 -75 -71 82 -63 -73 -3 54 -77 -84 47 -70 -41 -2 36 -23 97 39 89 84 -5 -11 -51 97 3 -13 67 10 54 25 -34 -24 -57 24 -92 -8 -10 -48 -64 30 28 47 -28 -62 
-96 47 64 62 11 81 82 23 -58 49 99 91 96 -99 -66 -5 -69 25 -95 -20 -50 -39 84 -90 73 -26 74 41 -61 -13 75 70 -45 -3 -57 -46 34 -61 -10 7 63 -6 -98 79 31 33 -4 -30 37 70 -29 -61 -57 -60 76 15 20 67 85 28 -14 -95 12 -67 70 3 32 70 79 -19 67 28 79 96 36 52 60 -14 14 18 21 -82 -65 50 -47 28 -16 -17 -27 -94 58 -31 13 33 48 87 -12 -47 38 -7 32 -92 55 42 -44 -40 62 -99 -48 90 -36 54 -22 -18 -28 -54 -7 90 -20 49 -80 85 88 -70 -87 70 -1 -68 91 -5 80 0 32 78 -33 -97 38 -18 18 -57 -15 -59 95 -47 44 79 -57 81 -78 -80 -77 14 28 73 23 -53 20 -94 -46 20 77 9 22 -4 -76 53 -34 87 -16 23 20 -76 19 -75 -57 19 9 20 -16 -53 -91 35 -54 -93 45 58 -81 -54 49 94 -47 5 -46 68 9 50 68 -18 -42 -23 -36 74 -65 21 -39 96 -85 -80 -96 75 -21 -9 36 22 -70 -15 -36 96 45 83 30 51 46 37 42 -23 -5 63 -62 14 66 41 58 -78 -31 -27 -42 34 -97 18 -64 45 89 27 35 61 36 -65 24 -28 17 -51 36 -9 -38 -40 -24 67 16 25 -16 96 -45 48 -3 11 12 80 9 51 8 -26 31 -4 92 -37 79 62 -31 -59 44 -5 -3 89 51 52 -22 45 -99 1 -79 28 -94 33 -97 -70 -46 55 -36 -60 
88 -82 14 74 24 -13 -27 -62 -11 61 -20 -53 19 77 -41 -49 43 -25 47 65 8 -29 -30 -77 -88 96 1 46 -50 -40 73 45 -46 71 47 37 64 72 -67 48 97 95 -66 -71 59 56 -44 -60 22 25 4 16 70 -39 -32 -8 -8 82 -45 -14 -84 -38 65 52 69 8 -19 9 78 -29 50 27 -83 -74 39 88 -79 31 -14 92 45 -69 -38 60 -96 22 69 78 -84 55 -55 34 31 91 -55 -23 -50 -44 35 31 38 63 -50 -35 -61 46 54 -72 5 -35 -71 76 15 -49 45 -13 36 65 -30 55 -38 3 33 -28 -13 44 -3 1 88 3 40 -23 96 -7 70 -18 -99 11 11 -25 91 16 72 -16 80 5 -74 17 46 66 46 -41 58 47 95 75 52 -25 -82 66 21 -97 -90 11 53 66 -6 -37 -16 -95 25 53 73 7 -11 8 -96 -55 88 64 19 -7 24 53 -22 -31 -48 -16 76 38 -50 13 68 -65 -36 65 -49 -84 50 20 19 -60 89 18 -44 -46 59 35 -11 14 -39 73 22 -52 -97 -34 72 79 -99 99 -44 -85 -50 -93 -10 -23 7 -35 -53 39 -85 27 14 60 10 -49 -9 -64 13 -87 -42 -78 -79 18 35 -43 -34 -47 7 20 55 53 96 13 -83 -87 -2 -98 -12 97 -91 -69 6 89 -44 4 71 -35 75 96 -78 53 76 -94 -47 34 -51 -22 -95 32 23 92 5 -29 19 -56 -1 22 12 -88 66 -53 85 -54 -39 73 -56 -28 -30 0 
85 -94 8 97 -79 -67 -5 21 37 31 93 53 11 -70 89 74 88 -27 -45 59 0 -63 16 94 -96 -32 88 -57 57 28 17 -39 10 97 -31 -18 -18 96 57 39 13 -66 50 93 -94 92 55 18 51 -99 90 74 43 37 89 13 38 -55 -17 -45 21 96 67 -19 17 -66 -17 5 62 23 34 44 -90 30 -92 58 -45 71 -67 79 -36 53 -11 80 -1 -62 85 10 -60 87 -20 -69 71 -34 -10 88 -80 75 -92 29 -55 1 -38 -42 -1 -72 -59 16 -14 87 28 -95 -2 21 -85 54 -94 87 81 -48 40 -66 31 -79 91 88 -67 73 -87 41 12 12 -10 -22 -43 -73 -61 -35 40 65 -63 -46 64 -35 -99 -10 10 67 -18 4 -32 -66 16 17 30 -63 78 -22 -14 24 -34 -50 -21 -60 -62 -32 -49 62 25 71 42 67 61 16 38 94 67 75 97 87 90 -5 -86 83 -7 -62 87 -44 72 74 -75 -9 31 47 -97 26 -91 -88 85 39 75 -22 -7 44 54 82 -37 -41 -61 53 -56 -88 -60 -33 -33 88 5 86 -11 46 -40 -49 66 51 40 -26 -41 53 -67 80 -19 91 77 -59 86 49 -71 87 -4 -82 -63 31 -4 33 19 22 -78 -2 -67 53 -64 -23 -57 -90 9 -20 -98 -96 64 25 -42 5 5 87 5 15 64 96 6 -35 -91 92 58 45 -85 41 61 59 51 92 -95 22 71 9 64 46 -38 -84 -96 1 -46 -19 -29 -49 -62 -82 73 -18 9 95 
53 -26 82 -30 -50 59 -30 18 47 -96 -23 81 27 39 91 34 83 -81 -54 -45 -19 97 -28 -16 -56 -25 -95 -91 79 87 20 -14 -46 -92 -88 -70 35 -97 -20 -53 68 -21 61 -96 -14 18 -37 42 5 17 -67 -38 -84 -49 -59 -69 90 -2 -24 -55 65 -28 8 5 -34 -49 -60 -18 50 -4 -24 -32 64 37 16 -75 45 60 72 -19 76 91 99 93 -1 -18 31 11 -60 3 -30 8 -82 6 27 83 -3 19 -14 32 45 -39 65 -79 18 25 31 75 -83 69 13 96 -70 89 41 5 38 8 92 45 -2 -97 -17 -23 37 23 16 -85 -2 23 -50 16 48 10 38 73 27 21 43 47 21 74 -72 -2 36 19 30 44 82 43 -14 16 18 5 -77 91 -63 -84 -13 88 33 -62 -56 31 66 -43 -38 56 98 96 67 96 -36 -30 36 57 52 -47 -49 58 -37 94 -15 0 -2 13 -88 -46 -91 44 -33 -43 79 65 90 -63 86 72 49 61 24 55 -3 39 -75 45 -93 -60 76 -42 34 54 89 33 -24 41 -16 94 83 63 -42 -39 63 35 -40 -94 -4 -44 75 -40 61 -88 -32 -41 5 55 -2 -17 -83 73 -78 -36 -10 67 -82 -6 -75 -60 -2 11 50 13 -1 -51 61 0 75 18 8 7 -24 18 -99 58 78 3 -54 -46 -76 65 -8 -13 -89 97 7 -99 81 -28 10 -71 -89 -77 -28 28 -70 -47 24 -42 74 94 -44 36 -18 40 -46 -19 14 -23 -50 -26 
20 34 4 31 18 80 -46 47 -5 94 88 4 -96 -86 85 -39 25 -86 96 43 50 21 79 23 60 -50 83 -77 79 65 -38 -20 -14 96 -31 -8 -11 29 -89 32 -15 79 30 54 71 69 -24 92 -61 35 -97 23 75 80 35 -29 29 -1 -35 88 92 -17 70 72 32 -81 48 14 22 -7 -28 -57 89 -86 49 -64 20 2 39 66 -27 50 74 23 67 -51 19 -85 15 -96 88 47 49 40 -85 -93 81 -33 -49 -61 -43 11 -91 -38 -73 42 -23 -71 4 51 16 91 -62 21 -70 -1 -8 -32 -87 -14 -6 -91 87 60 59 75 6 -93 -31 -34 -1 -28 15 -9 -94 -32 26 40 -82 78 -12 89 -69 -63 -39 70 -71 5 -74 -58 5 -54 -15 -82 -59 -43 77 -8 74 -78 44 -95 57 -54 -4 98 94 69 99 -54 58 59 -84 50 14 0 11 -80 -58 -78 -76 66 1 -18 -12 -32 43 -10 -95 20 59 31 -34 35 -61 -77 78 98 84 -64 -32 57 -2 -92 -22 61 -86 -90 40 84 -77 -76 22 6 83 -87 46 92 -1 45 -13 53 -86 -54 43 4 -64 -71 87 -51 98 1 -34 74 16 -44 12 -85 87 54 44 -57 36 -45 -99 82 -20 -14 -80 50 -41 -97 -49 -18 68 -64 -41 -12 -49 17 -40 -61 -29 -6 7 87 -65 99 98 64 75 -77 63 70 -8 -19 -46 -50 31 78 10 65 87 -96 67 -43 34 35 46 92 37 72 11 86 82 -62 50 -15 -9 -5 
99 -40 26 28 -79 -97 -86 -65 20 54 59 29 -33 -43 27 -44 54 -7 69 -26 15 19 -13 6 -60 4 93 87 35 -17 -99 61 -12 47 37 48 83 -60 -64 -24 -81 44 30 -27 19 5 31 -8 7 -99 -24 -22 22 -2 -57 -39 83 -32 -57 -8 14 27 -74 -50 50 -32 83 -42 61 -57 -60 95 -86 25 -12 75 -27 -43 -31 43 -63 -48 -33 34 4 -77 -73 -92 32 -83 -18 97 -51 -72 6 -62 18 92 -47 -42 -51 -63 -47 -23 49 33 -76 60 16 -50 -79 -97 -37 17 72 28 7 -51 -28 -87 -49 -83 -92 -56 -16 22 94 65 -63 54 46 81 83 7 -51 -63 13 -33 42 19 -85 -79 46 -74 -78 91 -1 5 60 27 -11 -61 -14 -34 -36 -97 -27 43 23 69 29 82 -90 -77 -85 38 -88 51 8 -78 25 -63 12 0 -17 94 -43 -30 -3 -91 -98 -93 -95 43 -6 -10 72 -93 19 -11 -95 -16 32 -65 -98 38 72 -25 -94 -39 -52 54 35 92 -98 -83 -19 25 -69 -90 -66 -91 -81 60 56 49 81 -23 35 -15 -64 49 -71 66 -6 -34 60 -52 -35 24 10 -66 -73 -82 -88 65 -49 -7 40 93 79 27 86 -61 9 31 -73 5 61 45 0 -6 47 -53 32 12 75 -9 37 66 -21 -75 45 1 -50 -7 -88 -8 44 15 -33 -96 -46 -94 11 -35 -18 17 -56 57 -1 40 -8 88 61 63 -37 -61 -49 -43 94 -94 83 -61 48 90 -64 93 -35 -91 
42 -35 50 25 -48 -13 10 -23 29 -49 84 48 67 5 51 -81 -71 48 -49 -4 73 -61 -93 4 -43 64 0 91 -83 91 84 -54 52 85 59 54 -19 43 0 -3 51 -42 70 48 20 -87 95 -38 46 -58 -98 -39 7 5 -37 0 58 25 92 -10 -32 -9 28 -2 29 19 -26 82 -69 -21 -26 9 -68 -39 31 23 -8 -72 -10 60 -10 -19 -64 -91 -36 91 30 23 23 -58 2 66 78 -11 -33 -80 37 -68 -81 33 1 90 -61 26 -4 11 -83 -96 93 83 76 85 -84 1 -16 -58 -65 -7 88 -97 71 62 -56 32 85 16 82 -70 56 -9 -33 -76 38 5 -87 90 84 -44 82 -19 16 -62 -88 1 91 96 -6 -73 20 -99 -4 -39 -2 33 84 27 -65 -73 36 8 -25 -45 -64 68 69 -55 -70 6 16 -29 33 -90 -36 -89 62 69 96 94 54 24 -94 2 -41 85 -90 27 66 -48 -47 -24 37 99 -68 -17 -78 75 31 61 98 76 -10 95 20 -27 -78 22 -89 -16 25 81 69 -41 -84 13 -9 -9 30 -50 14 -60 -85 78 39 -25 -91 25 34 51 -24 -96 -55 -39 49 -35 -29 17 -83 -48 -84 -69 16 9 18 -49 -40 -86 58 21 25 32 -4 -50 36 12 74 37 1 -34 63 -70 -68 -52 3 -45 -49 75 94 49 -44 -92 17 -8 -79 88 -33 -84 -77 78 2 -51 8 36 25 -93 49 17 -12 51 16 13 7 8 -90 0 -45 44 -38 54 12 41 
95 29 -35 80 -32 64 53 -2 69 78 -56 46 -63 -79 63 -40 -69 63 37 -58 -59 -91 15 79 30 -4 27 47 -66 -9 88 60 -33 -16 -8 -63 35 5 96 -95 46 78 -50 -58 81 -95 16 -40 -29 -17 -39 64 7 -79 -88 -35 -7 67 -71 76 90 35 -94 2 50 34 73 -68 45 45 -2 40 75 -91 -32 99 94 71 2 49 36 -62 39 7 -39 -20 -64 -84 80 72 44 -57 -92 2 53 -75 68 -93 65 -67 -35 -84 67 35 -39 -71 22 74 70 98 20 -65 -90 17 36 -19 58 17 72 13 83 -64 38 15 36 33 2 -17 60 -10 36 -33 8 -60 -39 20 -51 -44 18 -14 18 61 79 -47 16 -24 -8 31 -63 85 -16 99 -93 -92 56 -38 -92 3 -31 -41 -24 2 -68 -41 -98 -26 18 84 -63 10 6 50 -9 29 4 66 -36 93 -39 95 -54 38 -52 -87 35 -95 -12 79 66 -22 51 0 76 54 48 63 83 67 -14 15 -69 -32 -19 45 -41 2 94 4 -65 49 8 76 -53 -9 -82 88 65 34 -65 27 -97 89 -45 15 69 -76 -45 -4 -28 65 25 -40 -18 39 21 -24 64 42 67 54 -37 -15 -54 38 -86 -79 -4 -43 -28 5 14 25 -14 -70 2 73 42 -83 38 -32 -35 12 -22 31 -9 93 12 -54 -98 72 -18 4 -10 -98 -67 74 67 -64 94 10 -22 -15 18 -7 61 22 59 -57 -4 -67 -37 89 -96 77 -37 -95 -32 -2 55 -44 
-92 -53 43 -67 -61 -1 71 -27 6 68 74 36 -50 -62 20 75 -7 17 72 18 -25 1 4 28 -54 95 -20 15 -95 -53 -3 -36 -34 -84 -62 -47 -87 70 79 86 43 86 -60 -79 67 24 -92 48 19 95 -1 -75 -63 83 -16 -47 -43 29 -27 27 -31 -66 96 27 72 89 97 3 -77 -25 82 -71 66 17 42 44 -44 0 -22 -17 26 -33 77 -81 19 -1 -62 -75 -14 -30 99 -28 -90 12 23 99 70 -23 32 52 99 98 -42 -89 15 15 -56 -51 -44 -49 -57 -86 77 -63 23 -51 73 -34 47 34 -9 72 -3 -28 55 -36 64 95 45 13 -3 -35 -54 -44 -9 69 70 35 -44 7 49 24 57 37 18 -26 -33 -7 60 65 38 69 -20 87 46 -21 46 -96 -87 -40 -68 33 -70 36 -51 -9 82 9 -71 -42 65 19 67 30 -74 -88 70 41 49 -71 -79 -94 -83 -21 0 95 -25 -87 -32 70 -54 -66 -23 -69 -91 53 -94 -87 -56 26 -4 60 75 16 -48 -91 -38 -8 38 99 25 59 -90 25 -33 9 85 -97 -8 -20 20 -31 -48 18 -62 -69 96 38 -7 22 98 46 -7 15 -3 -75 90 -6 -5 29 35 -95 -7 -16 -8 25 85 -33 45 48 -83 25 45 99 -71 -21 85 52 65 -30 33 -47 -48 -41 -47 93 -10 -35 51 19 -70 -63 -45 72 -66 66 -18 -98 -16 -43 -67 -66 -85 -84 69 91 -41 10 70 -87 -66 -7 94 -67 -15 18 20 92 -39 -11 
-19 -24 -47 -10 5 19 -29 32 68 -85 -16 44 -16 20 96 19 -38 35 1 -64 -77 -77 -34 80 25 -82 -39 34 -15 6 27 -54 -61 -12 63 93 -96 -47 43 33 24 53 87 59 -53 -33 53 -70 -97 20 -41 9 -16 -43 -26 -32 -15 -5 -14 -12 83 24 -16 -59 28 39 -61 -85 82 -53 32 -11 65 -34 -25 -73 -54 94 -12 70 -79 59 82 -89 42 85 45 86 -86 -19 -84 81 1 1 42 -83 -64 -20 2 -51 19 68 36 -22 -13 -99 71 -2 -46 -11 -83 29 -42 -31 35 -48 -3 -25 82 96 62 18 -51 18 63 -18 -43 37 56 -16 89 -76 -30 -84 94 40 -37 -32 84 -8 -10 27 67 22 -3 -46 27 6 -72 -47 0 -45 -4 -85 96 -4 46 -54 28 -96 98 26 -18 -73 -96 81 -71 48 14 70 -68 51 -84 52 -53 -41 -60 20 77 -89 92 77 -7 47 57 8 51 -92 34 -1 37 6 18 75 -59 74 -32 21 6 -30 8 -88 11 20 42 -32 -58 -18 62 -99 21 -70 64 -63 66 -13 -97 -39 49 -58 29 -87 -90 66 -50 94 -93 -87 -42 -14 -61 -68 -77 -81 -68 -99 57 9 51 -73 -44 -9 38 -42 58 44 -94 -47 34 -29 7 -82 8 -19 -83 -96 -60 45 31 85 -19 23 85 -39 49 -80 50 -74 -36 -61 85 -73 56 15 54 -81 -63 -86 9 17 -67 -39 51 82 61 35 77 -35 79 82 14 -3 52 -24 -51 44 -8 69 66 23 
74 47 71 75 -21 28 72 -35 -56 -82 20 15 57 49 -74 -21 -7 29 21 -9 -25 25 97 -52 -26 16 -87 65 -66 50 -38 86 81 90 42 -35 -15 13 -89 -56 -34 94 -4 -55 -17 85 49 -20 53 51 -76 23 9 87 73 1 54 -21 -26 69 37 -55 63 -98 -9 86 48 -52 47 -52 0 68 2 77 3 34 -74 -85 -11 21 67 -19 -26 60 -54 80 76 48 -83 95 7 -67 -89 27 -89 18 -78 -88 18 -60 -14 -58 -86 44 -99 91 -8 72 -50 -89 -77 0 -87 -37 -94 -65 62 -57 -76 78 98 -76 -34 92 -60 -30 -14 81 -96 43 24 85 1 -35 41 8 19 32 54 79 -33 -91 -92 -91 -92 4 -67 -95 -55 10 -26 -90 -87 22 -50 -51 -41 -92 -10 32 -55 20 21 26 2 -15 49 -8 -39 -83 -37 -99 -67 75 82 -97 19 -26 -51 -74 28 81 67 -80 54 -61 5 -69 -87 35 97 -91 -30 -26 -93 -35 79 29 17 -11 44 95 -28 82 48 38 -72 -97 -9 69 -75 -85 -75 80 58 -82 -5 90 -8 96 -6 -52 30 -89 78 35 -7 -66 36 -76 37 24 98 46 -55 -4 29 -45 74 -13 81 -47 44 -46 95 66 10 76 -11 84 44 1 -28 -35 58 -2 17 -4 4 61 -78 -45 81 -51 -68 -23 24 -88 33 -23 -39 68 -7 13 38 17 -89 89 67 63 66 -5 48 93 -3 4 -7 -35 -85 44 -58 -28 95 -59 0 -20 65 91 34 -73 
-65 54 -89 -50 -57 -30 -17 46 54 -68 53 40 -27 88 98 -13 -70 -86 -2 29 74 29 90 -82 -34 -42 -11 -40 -67 55 -57 34 53 -68 -13 1 -75 5 -33 71 56 35 72 -66 96 96 -96 57 14 -64 -25 -91 47 -1 -57 48 -80 83 -76 96 79 65 -1 -74 -49 15 -63 19 -19 -39 90 27 -39 41 -96 32 72 -54 -83 41 3 -26 -22 14 -34 -72 -59 10 -14 -13 26 93 97 -90 -71 52 -29 -90 -16 -35 -70 -54 68 70 53 -82 9 -81 -15 -42 6 38 -38 -69 4 -78 -62 -79 70 73 -86 67 62 14 26 42 72 -38 -28 11 -34 26 -95 -70 91 -76 -64 28 -4 72 -41 -82 50 45 70 -31 -4 33 52 10 64 13 -44 56 -53 -46 14 -84 48 -35 -14 -16 65 23 18 8 99 5 -11 0 -50 -63 -99 -61 73 -45 -46 -19 -24 50 -22 93 66 24 -49 10 -64 -31 -10 -96 20 1 -37 -51 -57 67 92 -57 43 28 -95 -76 36 -83 30 -69 -85 -47 80 -77 -21 34 28 62 -32 69 -21 -17 -29 13 -68 51 -33 -93 -37 -38 8 -95 -67 -41 20 2 -46 16 31 -88 13 -66 88 -76 -97 -56 52 -57 95 4 5 -60 37 91 66 -65 -75 60 9 -54 89 -63 -53 39 -12 -59 4 99 54 -39 -6 53 91 47 -8 -20 -85 57 56 95 -14 -63 -40 56 -36 -85 -80 -56 36 95 84 78 30 -82 59 -59 -48 -31 53 -78 36 -34 -9 -35 
90 -96 -99 -70 58 7 -3 44 83 72 94 -1 45 -38 -27 -52 -86 -79 6 -37 -85 13 57 -94 -34 -77 -33 96 -91 37 38 -96 76 61 34 76 -79 -2 91 99 85 -46 -52 -20 80 67 14 82 -20 -40 -65 15 54 -75 -3 -6 17 -58 91 -46 -7 -88 -35 -48 33 11 26 88 67 -36 -29 2 3 -81 75 42 47 67 44 -19 42 32 -23 -48 4 85 85 28 71 -39 54 -87 -10 -80 10 23 -78 -31 -11 -72 44 36 -55 56 -44 -33 41 -13 36 55 -58 35 15 87 -16 -82 32 -76 2 -5 -59 45 -41 26 -86 -79 91 -74 13 83 -19 -14 -89 71 69 -5 -20 -38 -43 46 -83 -8 -67 71 62 71 87 16 -80 -5 -23 -28 -52 56 58 -27 88 -95 76 99 93 -37 7 84 -31 -74 79 -19 21 -39 -53 -50 4 95 -12 7 -74 -76 31 -82 28 -12 -83 72 63 -83 81 -4 -47 -9 -92 -57 -5 -52 17 -60 -96 -16 -77 71 73 -46 79 -13 59 -82 26 -75 60 -18 -95 54 28 -84 -56 -99 -29 79 37 -97 -74 -40 -57 -45 -6 38 -94 30 41 -40 91 20 -24 -76 -27 78 89 -63 -90 -64 97 -87 -56 -48 -27 -76 -77 90 -2 -8 82 -8 2 -12 -50 -74 -51 32 -18 -1 25 -39 91 -56 80 -18 53 -27 -52 -41 45 46 -14 43 62 -98 -40 -47 -1 -92 -14 33 -83 -72 -42 -84 -20 10 -39 -10 -34 -17 9 -40 -25 -13 -19 39 94 49 
65 -75 -10 -40 -83 33 55 -47 -68 72 -69 46 86 -92 -13 70 15 44 24 59 43 99 -8 16 -75 -75 -60 -75 -76 66 -49 -19 -13 99 -89 -59 60 0 -73 57 -55 -51 88 93 34 -81 -46 8 41 71 24 21 59 12 72 -40 85 85 -72 28 -4 29 -46 70 -30 -55 -80 -49 33 -72 96 56 -98 -26 54 68 73 -34 87 26 82 90 -2 -64 -86 42 -35 41 50 0 95 -4 66 91 -85 -81 -82 -14 10 -87 32 -4 -4 89 15 75 -43 85 27 -58 6 -31 -35 58 -87 74 93 -34 -25 45 86 91 10 -44 -85 78 57 -47 44 -56 -14 -86 99 43 -64 -6 79 -96 -62 87 34 -63 -60 -18 26 60 12 -59 -5 22 83 57 47 -23 53 1 -99 11 18 -37 -54 68 63 1 -12 -25 38 -99 -65 41 83 47 10 -97 -1 36 51 43 84 -6 -2 -21 21 -77 26 -63 -48 -15 -37 -93 -86 36 61 -62 6 53 34 -43 -28 -97 -69 66 93 -99 47 -11 37 -66 70 19 0 -70 -77 0 -3 50 98 -21 -89 -10 -47 -89 -62 88 76 61 57 43 -52 16 -48 -10 -65 19 -52 77 -44 73 -10 -30 91 -8 -91 1 40 46 96 77 -15 43 81 61 35 -99 97 65 -9 -58 4 -91 22 -88 -61 -85 53 69 -98 37 -78 -39 5 -62 36 -36 35 91 -2 -61 -45 -63 -15 -70 95 7 -49 -55 -52 6 49 14 -20 -55 61 -3 38 -75 45 49 -39 3 
44 54 -94 60 71 0 88 48 -44 28 -50 58 43 35 -5 -2 24 46 51 48 8 -94 65 16 -17 21 -97 98 44 -79 73 -39 -65 -47 65 -11 79 -38 -79 -52 -77 -69 74 -98 -47 19 36 -33 -45 65 -12 90 70 41 -48 -56 -51 -71 62 73 -34 -27 68 -11 -16 -83 2 -64 -16 -97 -4 93 15 -79 -2 85 17 3 87 75 -43 -70 -51 60 18 -24 -55 -17 -99 -5 -4 53 -32 92 53 67 29 2 -87 11 -43 -56 -7 86 -68 5 71 60 52 -29 -38 -84 24 91 69 50 13 -74 27 79 93 22 -8 -64 -75 96 17 66 -47 -71 -61 -47 16 -69 68 23 -49 -81 56 -26 -14 -95 21 40 -5 3 31 -21 -6 -96 61 79 -39 78 19 48 -44 61 -44 -46 16 -55 -97 -3 -42 -25 -76 95 -5 -77 -70 -1 -72 -89 -31 -34 -47 -23 -3 62 15 -83 -74 55 -18 23 -8 79 22 -73 -49 -71 -6 27 38 72 91 -83 9 -74 32 -53 76 74 32 29 -75 -28 30 -80 73 78 -91 -98 38 43 82 -85 -29 83 70 31 -41 84 -28 84 -72 6 38 -77 -83 -36 78 -21 31 -98 -37 93 -47 -34 -65 6 -19 -31 -49 -72 -32 -23 98 73 95 73 -44 38 17 9 84 16 28 53 -2 90 54 24 -5 69 -60 73 34 1 -71 83 -44 67 -15 35 -66 -78 93 -52 -18 -50 52 -40 -88 77 41 -12 -26 56 12 -35 -46 -84 42 80 20 -66 26 18 
71 -90 74 93 -38 -66 -37 -55 24 75 -58 -51 -4 -13 4 16 87 5 93 2 66 96 97 -13 -72 20 -24 -61 -92 -53 -70 -13 -57 43 -40 -10 66 -36 5 -75 -91 43 49 -2 -86 -39 -5 11 -56 73 -85 -72 97 -37 -18 64 -6 22 -96 98 -79 81 -35 -1 33 18 97 63 29 45 -51 33 -89 -58 -98 76 -42 -25 -51 76 -16 -2 59 71 -15 -61 40 -99 -65 -63 78 24 -95 39 -71 98 37 -19 15 35 -11 -70 -90 -43 6 82 -7 63 -4 59 66 -28 95 25 26 -99 21 -25 60 -35 48 -92 -28 73 14 -82 96 95 -36 -59 -16 -77 -69 94 82 10 -52 41 99 65 -62 -87 97 21 8 -72 -6 -19 82 13 44 -47 8 72 -2 36 -79 76 87 -39 -67 36 23 -31 -50 16 7 6 -67 -77 -56 -49 -55 24 67 -90 33 -58 86 -29 -45 61 72 -9 71 -98 51 -6 -62 70 70 26 -23 68 29 49 57 98 -96 -82 -59 -42 -9 85 20 80 16 84 -75 -34 -24 -40 3 -79 37 -31 -61 -75 38 62 -41 -16 89 -11 42 -99 -21 68 42 77 4 16 -5 43 -77 -69 -52 31 61 25 -46 95 9 66 -92 -9 -89 -63 88 71 11 49 -75 99 -63 -26 -79 -9 -71 91 5 79 -46 65 31 5 96 43 90 -45 70 35 98 87 83 38 57 -67 -57 -25 -19 -6 36 -8 87 25 -50 2 -85 -70 -54 14 26 -34 10 -5 -36 61 17 76 
56 -74 -16 -82 -78 27 38 -14 24 69 -2 60 54 15 -9 92 -55 34 -54 56 -24 -99 45 95 -34 -77 42 95 89 98 -64 43 32 14 -40 38 93 -69 -71 -85 21 -15 -48 -3 -75 -88 31 46 41 60 -47 16 -36 -51 -15 87 -4 68 65 -47 -52 59 -19 -10 54 -48 -33 -76 67 -56 -46 -9 -21 62 93 87 -10 -69 60 46 33 -32 -53 -9 -11 -15 72 41 -66 -85 -91 -84 56 20 30 -77 66 -64 -14 63 -59 71 -8 15 72 79 57 -73 93 -23 -8 46 22 83 -19 -16 5 47 92 34 -23 37 13 30 49 -81 -97 -54 -6 -44 -56 -24 56 52 1 -53 -80 8 -44 10 54 85 -45 -35 24 -4 56 28 9 -97 -91 -91 -31 -59 96 -29 70 -46 -34 -78 10 -68 47 76 70 -51 84 40 53 86 -83 -75 8 20 22 15 32 -43 -82 -12 -83 49 -3 68 64 -75 25 -93 -89 -78 67 -53 62 -20 48 -58 85 -41 26 -86 52 -56 -57 22 -65 -57 80 -28 86 13 -10 86 -48 45 -85 -55 -1 20 12 -32 -61 12 65 -55 -51 13 -23 46 -18 -63 -47 17 8 -58 -13 15 -73 -58 94 -27 -61 -59 -88 -87 49 -22 28 67 85 52 -54 -13 -30 -52 30 -66 -24 5 -54 90 19 5 6 25 56 -96 78 -85 -78 -31 -26 53 55 46 65 15 -72 67 52 -5 16 -25 -3 85 -1 46 -20 95 33 -76 -58 6 -95 -56 74 -23 -20 -84 -73 -42 
-96 -27 43 -58 12 30 47 -24 82 58 -86 -19 -3 4 15 16 0 -49 78 -91 53 5 -31 -46 -12 -69 -77 75 73 -8 -78 -52 36 -37 -28 64 33 56 -68 -66 54 -39 -48 40 14 87 -6 30 -75 -30 -33 13 17 76 41 -76 -63 8 -4 83 78 -56 -71 46 -5 13 -92 -57 -14 -47 6 60 31 -87 -83 20 -37 -33 -58 -64 -26 8 -35 78 -52 93 -81 0 57 -56 19 -5 49 -90 95 46 35 -10 -54 -5 53 73 38 91 -22 48 -26 -6 54 -19 10 -22 -11 -35 76 69 -82 13 41 -34 -91 37 63 98 82 94 -84 -96 -9 -40 -75 -1 -3 36 6 -80 41 -35 -34 -67 8 61 32 -44 -70 -62 45 -86 -23 -84 61 96 91 -17 9 46 -8 -38 26 -63 75 -18 98 -36 -46 -10 35 71 79 54 -51 36 61 72 -80 38 64 81 31 -31 86 13 42 33 -14 5 20 -13 -99 -93 -53 25 14 -21 -2 -70 -22 9 -70 35 -4 -94 -76 -68 -39 5 63 85 41 -46 -61 86 58 -19 -71 -22 20 -76 -63 95 46 50 72 -55 -88 -62 35 29 -32 -99 -27 -6 74 -96 -29 -55 97 -84 -1 -13 -44 34 85 82 77 88 77 28 65 -47 80 -22 -24 47 13 -32 53 36 31 91 66 -1 -73 93 42 92 -15 -36 45 52 75 -68 81 5 0 2 -22 2 56 45 42 -95 -18 69 -46 12 57 -4 -32 -12 -42 -89 -3 -99 -99 -92 -58 -83 -63 -97 
88 63 -78 67 -63 6 25 -82 -93 -17 45 50 -21 53 55 34 -46 54 40 25 97 31 -71 40 -3 0 -53 42 -72 15 -54 -24 90 -10 -23 39 22 -26 -17 -68 -79 22 -92 -35 87 67 57 33 -5 15 73 82 65 -1 -61 -69 78 18 67 64 -2 86 -58 22 28 -64 95 54 13 43 39 -23 -73 -26 47 1 90 -53 25 -13 9 -3 17 90 70 59 -72 -71 -96 7 72 -98 -67 30 2 46 56 2 -58 16 36 -57 -26 -53 6 -47 -49 4 21 -48 -58 -85 -24 30 78 -2 27 -95 48 10 -22 80 56 47 -43 -62 14 15 -23 -48 -5 57 -8 -3 -87 32 89 5 -84 47 29 7 -65 -2 -14 77 5 54 94 23 -1 -20 -77 -52 54 87 -61 95 -52 57 35 76 12 5 96 -7 -72 52 85 -27 -81 32 -26 -34 12 -20 -24 26 -37 -66 -57 -32 23 -62 -67 -18 52 -26 -69 57 -17 63 -73 -69 -37 -82 77 -85 -99 -10 14 -42 83 -43 -38 75 -71 98 -5 98 -72 76 24 19 -87 -52 -78 -50 -90 18 27 -98 47 20 -11 -2 -37 -51 41 73 63 -12 -57 -8 77 48 -55 -18 -17 23 5 -92 -47 82 -98 54 68 35 -89 83 -31 -37 -30 -95 12 79 -60 25 -60 13 9 -22 -9 -47 51 39 49 -37 -81 -75 21 51 78 -70 -25 -17 51 -53 -95 -12 -30 -57 52 -88 -54 5 29 16 76 88 35 56 45 -1 4 23 98 56 94 53 
62 7 32 -23 -61 -92 72 36 -73 -36 52 -42 80 -52 -74 -69 -79 69 -5 -24 8 -77 67 51 -72 -29 -96 28 -46 -3 -18 -33 -70 -5 23 86 15 -25 -60 -1 -37 -29 16 56 68 -82 34 50 -92 95 -46 -74 58 -69 3 69 13 -80 35 -36 2 76 -99 -85 58 49 73 34 -12 64 14 -11 -93 28 -19 -41 9 -65 -30 -5 -36 9 94 66 -7 42 20 -58 -29 7 -42 53 6 40 47 -63 94 60 13 -99 -86 -30 13 -48 -50 57 79 -27 87 72 -62 -14 61 -68 19 93 27 47 -24 -69 -16 -16 44 15 40 -37 31 34 65 -19 16 -71 96 14 -65 -68 -69 -88 -76 29 -66 -61 -47 6 14 -86 -59 -68 -46 -64 -60 61 13 2 -56 -68 27 47 -57 -27 -90 -38 -62 -10 84 50 -13 -67 -66 37 69 -40 -40 67 -22 69 -46 -64 19 67 -55 90 -6 -82 -69 -61 -14 -18 -1 -40 18 -54 -54 11 -25 54 74 -74 -74 57 88 -53 84 21 22 -12 -77 15 53 -26 27 84 84 23 34 -17 -9 -62 -87 -95 35 -37 -29 42 -61 4 8 -81 38 86 51 -99 -29 -55 20 38 22 29 -26 50 -65 65 -49 60 37 44 33 37 92 2 -54 -64 61 -19 -72 -84 98 78 -72 76 -68 -30 12 90 3 65 2 59 -25 -22 64 -59 -5 46 -82 -95 -89 -8 -88 -48 47 -70 53 74 -84 -1 30 46 -53 -36 -95 49 -48 -53 -1 16 -15 75 37 30 
-57 20 6 15 15 -56 7 -46 -69 -35 1 -34 43 -14 79 -52 80 2 -39 78 -79 -76 -12 55 77 -18 18 -40 30 1 12 -4 -37 -64 92 -34 -47 -79 -92 -93 94 -73 -21 10 -15 28 18 13 -47 32 86 19 -34 -52 -28 -55 -65 35 -46 -30 30 64 90 -42 -10 -32 92 -87 -54 -70 53 -42 52 -97 4 46 -46 42 74 23 -25 -66 -17 36 9 -45 65 -8 57 64 -30 -78 -8 17 52 19 -46 88 58 -59 -90 -12 91 1 28 -19 -20 -1 78 13 -70 26 33 8 -93 60 24 -73 22 -31 30 -45 -26 -78 -36 8 -48 -90 98 -67 50 -38 6 -22 16 22 95 44 -46 21 64 51 82 -98 -71 22 -6 -12 29 43 -58 -54 14 53 90 36 45 -86 59 -13 -85 -68 10 50 -22 -93 99 -96 -94 41 -80 28 0 -65 -26 86 -25 70 -75 72 -45 11 2 -48 15 40 -15 30 -91 -59 -10 -28 -62 -88 93 -22 11 46 -41 -42 21 44 -45 98 15 96 -74 -81 62 -89 -7 2 -21 65 60 -18 23 -13 72 95 77 -44 -29 18 15 26 -68 -55 72 -68 -40 -7 -79 59 75 7 22 39 71 96 -71 30 39 89 -10 -94 -77 56 1 29 -88 -12 53 -42 43 -97 41 95 -93 -86 -93 92 77 -87 -11 -46 50 -44 -89 -74 91 -51 -42 -88 47 78 55 26 2 95 95 -34 -60 26 -85 75 -75 35 90 -66 -59 75 -26 -78 35 -16 -2 -77 -78 -89 
83 45 10 -37 -86 99 83 10 24 52 62 46 96 57 -56 89 -79 94 81 -13 -53 15 39 52 43 73 -33 -33 27 -41 80 67 57 -47 -67 61 -63 2 -43 86 -77 68 -56 -47 42 -40 51 -46 43 4 -75 93 -91 81 84 93 -3 65 20 -13 67 49 -68 -18 -8 -67 -90 57 16 -44 -43 -62 -43 89 -32 18 80 60 7 24 33 -85 -56 -18 54 65 41 -55 -34 11 22 0 92 46 89 -91 -39 62 70 -71 49 94 -79 25 -88 -70 65 80 6 72 -35 -63 -47 7 40 -86 39 30 15 49 -76 -45 78 -15 -12 -72 -85 -3 85 83 91 -49 -80 77 -39 -95 -47 -7 51 68 -7 -91 -40 -47 47 -16 -68 41 -34 -29 61 76 91 -2 -93 91 81 3 -18 90 -71 68 -74 -43 -51 97 6 95 -45 -48 79 -56 -70 7 38 34 1 83 10 84 49 -57 -86 -74 67 45 -29 -42 18 -25 -55 -2 36 81 -58 14 -90 -58 -73 12 -92 2 57 27 14 70 -6 -98 18 68 83 -12 83 -4 -82 62 98 57 -51 -78 86 -53 68 21 64 -80 -81 -51 85 -75 11 32 -85 8 32 70 91 -1 96 -27 -57 32 37 -72 -25 -21 98 -91 -58 61 60 82 21 -54 -36 27 -82 -92 -84 -46 5 93 -45 -38 55 90 -1 57 52 17 32 95 -64 65 36 -91 -58 -66 25 -78 -64 -54 -57 -29 67 -2 -77 -23 76 32 -63 45 -88 -47 -63 -97 -77 38 33 61 
-99 -49 31 11 68 -81 59 98 -83 33 -50 -85 -70 -72 -23 75 54 58 -86 61 3 10 0 6 25 9 -54 -14 -42 99 -44 55 18 83 -65 -40 56 7 94 92 -56 -21 1 -62 84 -47 -47 -82 -81 11 -14 32 3 20 67 48 -54 26 49 -93 -22 51 64 -91 34 -34 65 -58 64 8 -54 -15 -21 1 -13 -4 -56 99 -53 -85 46 -66 -66 -59 30 -29 -85 -54 52 -32 63 -13 -86 -65 -61 -16 22 7 92 -12 -31 -73 -38 95 23 -73 62 -72 -41 -29 -25 43 66 -30 -34 64 16 -34 -3 32 -94 -9 15 -86 75 -14 -31 -55 -97 -52 27 -42 -43 -34 -97 41 60 43 58 -65 98 35 1 47 -77 57 34 -24 6 -93 47 8 42 -18 -56 -2 -47 -29 94 75 40 -10 -38 -61 -70 55 74 3 -83 -30 90 -89 -27 89 2 95 4 61 39 14 23 19 14 0 -22 23 -32 55 -52 -17 -5 97 -85 -68 -62 -84 -34 -10 64 -76 64 54 -52 48 42 -8 34 -13 11 -86 -43 11 69 -3 -14 99 -56 -72 84 55 -25 47 -99 91 -83 34 70 -96 60 92 5 40 24 -95 36 -97 -58 64 32 84 91 72 45 -41 62 61 4 25 14 35 -27 67 -6 50 -15 -99 16 87 -43 11 -83 -53 -29 20 -39 -71 -30 -77 -45 91 -56 -20 -94 -8 40 18 -39 27 -82 -8 -24 16 -79 -10 76 72 -96 61 -38 10 -59 -90 -49 -64 -12 26 16 -7 -18 55 
78 54 -73 -40 90 -12 -40 -26 -93 41 55 -23 -2 -63 30 -50 8 59 53 13 82 -16 -90 -98 95 -31 -41 51 -18 27 -23 73 85 -7 88 73 -2 -90 95 -24 85 44 94 55 91 -8 16 -95 21 19 -17 -49 18 -80 31 50 -9 -49 -3 -83 94 -40 -56 -16 64 80 15 -67 92 -70 23 68 -71 -92 -11 62 50 -26 73 -29 58 19 45 -32 -76 -8 86 47 -6 -14 -36 6 32 45 -50 20 -52 19 -33 -20 17 20 62 -8 48 96 -28 -70 42 -65 72 -34 41 -72 -51 -79 63 -98 1 81 37 -96 0 0 58 2 7 -24 48 37 90 83 -74 81 12 -16 35 74 -42 -48 -47 57 -98 -2 -60 69 7 -40 16 13 46 -28 -33 65 -75 73 12 10 -60 11 -77 27 74 -54 20 10 82 -24 -10 33 -62 -81 46 53 -10 74 -34 -95 -51 68 -59 89 -93 98 77 26 -30 31 -21 -20 52 -20 43 -55 18 27 82 -36 33 63 -2 26 49 50 94 -35 -19 97 -83 18 48 -79 -94 85 13 -63 -29 5 -22 -26 89 16 -71 98 58 74 -29 19 4 31 -35 -96 -83 36 -89 -4 54 93 66 65 95 -74 -5 23 26 86 -58 -74 -98 16 8 -35 -77 21 -36 -53 -3 29 59 -91 57 29 -72 -16 -77 43 85 97 59 -59 -21 71 -78 -62 -49 -88 0 -90 79 66 95 70 -72 -37 -98 91 -33 66 -65 84 21 45 -40 -29 -17 18 -99 87 80 -69 
-47 -66 69 -94 58 29 31 82 32 97 -38 -11 31 -93 -46 89 94 55 -41 -38 -9 -87 8 74 -57 -69 70 -47 -84 -58 84 30 30 -36 -38 -80 18 -97 25 -69 -23 57 68 -46 96 -6 -87 94 15 -68 -95 98 -66 -86 53 4 16 -18 -55 94 -53 -96 32 95 -39 -17 -35 29 -45 -77 -61 -56 -67 56 -40 -18 -9 -4 -90 -40 92 74 -81 -92 -93 -48 -70 5 -32 -11 -96 46 83 -64 -65 -13 -5 76 -5 -89 70 -81 -15 40 -87 28 7 57 62 -93 -66 92 -1 96 -9 -20 -31 19 28 77 98 83 59 -92 -70 -2 86 62 29 -12 -14 70 79 -20 -5 -98 -93 -33 -73 61 -31 -83 48 -2 -79 -58 -73 3 -43 -95 17 -19 89 -78 68 7 -68 42 58 -27 -62 -74 12 43 10 60 7 -28 18 -71 -83 -29 -50 -58 -69 10 88 80 75 26 -45 -8 -90 -91 66 94 0 -31 -80 86 32 -65 -91 -40 32 -3 -1 42 12 54 -3 99 54 -11 88 -34 -63 25 -86 -17 0 64 24 -71 0 81 69 -16 -61 45 33 -58 -60 -7 -23 88 -53 54 33 2 6 -13 -96 60 25 -48 48 -35 -94 -97 -14 -88 8 23 6 -44 -73 80 -83 35 44 51 -8 18 55 20 20 41 -62 -25 -56 14 -63 98 46 -11 -67 56 71 -23 -51 -69 73 61 87 -91 -12 -86 74 -14 -64 25 -43 34 -39 52 1 -14 98 75 -69 9 -60 -50 92 82 -88 58 90 -72 
-86 -27 -3 92 -75 85 -28 -45 -29 -99 -92 -94 -28 -74 -3 0 -49 -90 77 88 -86 45 1 40 -56 72 -21 -70 99 -94 22 88 -91 -84 -13 67 1 -29 7 22 -68 16 -31 -25 46 -98 97 -14 86 -80 -70 -44 -48 -2 32 43 59 44 -87 -11 53 93 -65 89 -31 33 74 98 75 29 18 4 95 83 80 -37 28 -82 2 -11 3 74 83 44 9 48 -77 91 98 -11 -46 -22 65 -15 -21 -88 -80 -53 89 58 -33 -28 -26 21 -66 -73 -55 -5 96 -2 2 40 -83 93 78 -92 58 -32 -83 88 -11 93 -22 -96 5 -65 -15 -36 -98 9 -57 -21 6 37 -73 23 95 -38 10 99 -55 97 66 -5 -46 28 63 61 -10 -4 -65 -34 -95 4 6 7 -78 30 61 -48 -36 35 26 -8 -29 -73 -62 -10 76 3 -1 60 -22 -33 44 7 -43 -77 -64 -19 -64 30 49 -51 -5 -31 68 22 -23 -48 -68 -57 70 -32 73 -79 -49 71 -50 62 18 59 55 -37 -84 85 -2 -73 76 -47 3 -92 -57 98 -61 28 -74 26 -53 -87 -88 -89 -5 -99 -38 79 -34 22 82 -37 -17 11 -93 2 -72 49 -80 62 66 30 47 22 55 -87 35 -39 31 22 -60 79 29 73 -21 47 -67 19 96 -92 67 46 79 24 3 -95 -89 32 47 -2 66 34 5 -40 -23 -36 24 25 -48 35 33 -20 -73 27 -77 -73 78 30 -95 -81 -28 -20 -50 -28 -97 -58 -10 -95 -27 80 -9 -89 
-53 3 -89 50 -41 -58 -10 41 9 -61 -4 -21 88 -35 -93 56 -45 -75 -53 -16 -64 -41 -2 -58 92 -7 69 68 -46 -62 -52 -14 59 -37 -38 -63 -5 -88 -21 -16 -30 -50 51 -10 -60 49 78 11 -1 57 -20 31 47 -33 -55 -72 34 -10 -88 19 23 61 -80 -78 19 -25 83 78 -67 95 94 -28 42 75 75 16 -28 -34 77 33 -84 -47 65 98 77 55 -65 -69 92 -63 66 5 -70 -32 -80 -92 86 -42 -55 33 68 -24 55 -45 80 53 26 23 -7 -69 26 62 -81 -5 14 -4 45 -60 -76 47 -55 -30 -37 -27 70 -97 -25 30 -34 97 -39 -78 -58 99 -76 -23 -14 15 69 -62 -78 89 -11 67 -63 -98 46 87 78 -71 14 67 -85 -48 -24 -35 85 43 -76 -59 74 -94 26 92 -62 7 41 44 37 24 56 -18 -12 47 -20 -88 77 -19 -2 -93 87 -3 -77 16 -96 75 92 51 -71 28 86 -83 78 -43 -17 -10 90 -31 -37 59 92 69 46 76 68 75 86 -45 95 73 -85 11 93 -88 -25 74 -72 -69 47 -2 2 -43 -76 0 -48 -42 16 89 9 -81 -76 -43 57 -61 -89 35 19 -29 82 54 55 82 56 55 31 -95 -87 -77 -87 35 52 69 81 -72 -85 -6 50 -59 59 26 19 -14 -99 -39 81 -51 69 -99 -58 64 16 92 68 -28 28 -74 13 -64 20 -62 -34 -96 -69 -44 -7 98 -52 -68 -24 69 56 -66 22 94 -45 62 -40 76 -46 -53 
51 -57 -51 53 93 -96 -86 2 -1 27 63 -9 39 -23 -10 46 74 24 57 75 -24 34 96 -94 33 32 24 16 -63 31 74 9 -58 -4 -45 77 66 -34 10 92 -73 65 87 48 -68 29 11 23 41 57 -42 49 9 -9 85 -66 47 49 -75 1 31 -85 -46 20 50 4 -76 -60 -30 -20 28 38 -20 -3 14 40 19 28 -10 65 55 77 -91 -92 82 -42 70 -29 -94 -76 -47 97 -90 -39 -7 71 -69 12 17 -27 99 92 21 -29 55 33 46 -74 60 71 -64 49 -74 92 -83 -67 45 11 47 -67 92 97 -48 78 87 -68 7 -45 46 -72 18 9 -5 -19 58 -77 -37 -87 -66 93 -12 -16 2 -55 -94 -25 -68 37 -71 95 88 31 9 9 -91 78 -79 -16 91 87 -25 -14 -18 -25 43 -80 -48 86 23 -29 -98 -40 52 55 21 19 28 -8 -80 94 75 -53 16 -27 -35 23 24 64 81 4 17 52 -62 86 -21 26 78 -89 -72 16 71 7 -74 -28 -52 38 -26 -99 -93 8 55 10 75 -98 -7 28 -17 -97 -88 29 87 -57 -96 -75 -63 -76 25 80 -24 85 26 -37 52 12 -9 5 78 -56 -15 50 64 -52 -5 49 95 20 -1 96 -66 -60 62 -2 -35 11 81 -54 86 -78 -49 -47 -3 -95 95 76 -40 -89 -38 30 98 -15 58 -48 -61 0 74 -26 82 95 -42 -28 66 -46 -18 -44 59 18 29 -15 -52 -99 62 19 41 91 69 -71 -34 20 -16 -85 
-93 -35 10 -74 79 17 39 -25 97 -17 -60 13 -59 30 -79 -16 24 31 -32 -62 59 74 13 -47 -73 98 87 -4 -47 -10 -53 23 -89 86 70 49 -50 -24 -81 75 44 -3 91 5 -35 45 73 -72 92 51 1 67 -61 -12 -63 -11 -85 -26 39 -91 52 -5 -48 -53 -96 -54 -54 31 56 -12 -51 -13 8 53 -24 97 57 9 -81 -6 10 -60 -91 -72 19 50 -87 57 -21 -37 -41 -66 39 76 49 39 -15 69 -41 75 86 25 49 -73 -14 -74 35 69 -15 58 -58 -48 -98 21 18 -27 42 62 -37 -16 -59 -96 -39 95 68 2 98 20 39 -19 -91 83 41 -79 17 64 -45 52 52 -7 91 -7 -23 66 73 -50 2 -50 -69 -43 -8 94 -69 -34 -30 49 7 3 40 -98 58 -3 8 -17 32 -28 -70 8 3 66 -37 -26 33 74 5 -34 74 40 81 36 -12 61 -82 3 61 -84 58 81 -31 -27 94 -75 -51 98 81 0 -50 70 74 54 65 65 43 76 -86 29 -49 40 -99 72 -48 -94 26 -32 -1 94 25 -88 44 -97 47 67 24 -38 -3 -5 -99 -79 65 -28 -46 66 55 8 -16 61 -52 -89 85 -91 -5 85 -77 -8 -27 -5 47 -91 89 -87 -42 57 -21 39 -57 48 -67 59 -85 -36 95 -39 83 3 -68 -20 22 -13 -2 -32 -40 -48 -89 51 -80 95 2 -75 80 21 38 3 -91 -82 81 -31 -94 44 -64 -74 -14 41 68 50 -14 -84 34 0 6 74 
-31 48 70 49 -85 -65 77 -26 62 1 -3 31 33 -69 -50 19 -15 66 -18 -88 95 92 57 -39 -8 49 70 89 -52 -52 -69 -29 -50 -9 58 -25 54 31 75 -47 22 -67 -22 37 -52 -25 -49 -12 -34 -61 53 37 79 -16 80 -39 55 96 -45 -98 36 -36 -62 -46 69 -32 -21 -70 -46 98 9 -84 -78 21 14 99 -97 8 -8 88 11 53 -51 -29 -63 90 -41 -25 -44 -7 1 28 -25 55 -22 1 41 -55 32 -53 17 24 50 -88 51 99 -92 40 -69 -35 98 7 -44 10 -27 93 93 -36 2 31 40 2 53 38 19 20 18 46 21 20 99 85 94 23 51 84 13 61 75 -22 -91 45 -23 -5 -53 66 -87 -52 25 16 -63 -11 33 -18 35 -2 -62 -11 -96 54 78 -52 4 -28 83 -26 -55 7 -78 -68 79 -73 96 -91 75 65 -24 -52 -99 -96 -18 59 -34 69 38 56 -53 70 11 19 91 89 63 19 52 56 -9 18 6 82 68 -4 94 -4 -5 12 60 61 14 -96 -54 -37 -4 30 -93 -12 71 -59 70 47 31 -32 51 -93 69 47 93 88 -60 -41 58 7 61 -62 -27 -74 88 -58 -60 -77 80 -83 7 21 12 65 54 91 62 -51 96 80 -29 82 -2 -39 -31 -86 -76 -20 29 -5 -62 -24 86 99 -18 84 -95 12 3 16 37 -37 52 -61 19 94 52 88 -14 58 -67 21 48 -55 94 1 84 25 87 -63 4 -10 25 -56 -29 89 67 68 
83 1 17 -62 -74 82 -70 -65 -14 43 19 -82 61 39 -35 -53 60 62 46 4 45 53 -63 -5 -75 -67 -19 98 62 -22 52 37 47 -51 95 -84 -30 -23 -99 62 60 -98 -44 76 23 -7 53 99 50 7 -26 45 63 -69 39 86 -38 11 -56 53 -52 29 40 50 -7 23 97 71 35 11 -94 67 -95 54 -58 29 49 -51 12 82 -28 -55 -57 -40 -71 53 -90 -94 -2 -58 66 52 -71 -28 82 -12 -33 57 -38 -45 -97 -55 -36 57 90 81 67 67 31 67 -5 -4 95 39 98 -51 12 12 -61 -90 30 34 -20 35 21 63 39 34 -7 -56 -27 13 63 -65 40 -28 38 26 -94 45 -93 36 -96 -97 -67 -17 -3 -93 -72 -5 -3 -16 -99 -67 62 -95 84 22 53 -3 74 -92 27 -76 57 -2 44 -23 -55 -72 37 -86 58 5 -82 -41 -22 62 9 -44 4 -82 -97 45 95 4 -32 -75 23 97 9 51 59 -34 34 -75 67 83 -99 70 54 86 60 -16 48 56 -34 19 -30 -38 -83 49 15 27 -46 -97 83 -50 -32 -11 -9 -65 -59 -3 45 68 -83 18 58 -65 -54 -56 -10 2 -85 65 -49 64 -14 98 -40 94 48 -28 -21 -36 -77 64 43 -68 74 86 51 40 28 64 -95 92 7 32 -29 -42 -72 -81 -45 97 22 60 21 -98 -5 -88 -23 3 77 67 -39 -35 -2 -2 -1 -93 49 39 -18 -16 -6 -85 -43 -89 -79 -40 -73 21 7 -55 -4 -3 16 38 
-42 35 93 -3 31 90 23 -90 74 65 -18 -62 24 94 65 25 3 -2 -24 -29 -96 -74 16 91 27 -76 -43 -63 -59 53 -58 94 41 -5 54 60 -87 -43 -81 -31 7 25 -47 76 99 -21 -92 -77 -80 -23 -77 16 -46 69 -2 11 85 56 -36 -96 63 10 57 -47 -72 40 3 -33 -12 -65 75 -56 96 -63 4 -95 57 37 -93 -94 43 -54 -3 -67 -34 69 -81 -2 27 10 26 -51 82 80 -98 35 54 -39 -61 -54 71 -54 17 -38 -8 22 38 8 -96 -55 -59 -91 3 -78 40 96 -23 -85 40 -37 24 38 -46 -59 -38 67 23 -9 38 -61 76 -79 -43 -86 14 -84 -79 29 40 3 94 -29 98 96 3 54 38 -86 -63 -8 -27 43 27 -80 37 41 47 41 -16 -99 -57 21 -89 -86 -52 -45 13 -76 88 37 -59 0 -5 -84 16 63 95 23 -75 86 39 82 72 -59 32 -35 -19 -23 -73 -2 28 5 7 52 77 -93 -70 47 45 2 -50 -11 79 -61 20 40 7 97 -21 -33 -88 -55 58 30 -28 -14 -51 15 -36 -97 -30 -70 -59 -91 -14 68 31 -21 -32 35 82 -71 69 21 -52 -11 94 2 -67 53 62 23 23 -85 82 9 -82 71 64 -96 49 68 -8 27 56 -89 13 -28 34 -96 -98 88 -88 45 -9 65 -23 -51 -12 -10 -1 10 68 55 94 54 42 -79 37 -80 -18 -4 42 88 -80 -58 52 76 0 58 -36 86 90 -91 64 53 -93 53 -53 -86 
-15 -16 -42 80 -99 -72 45 -87 51 63 3 14 -53 -82 95 -63 -73 52 23 93 -95 -45 -25 -41 -67 -76 87 87 50 41 -17 72 81 31 -26 -64 38 -39 -65 -60 64 66 -36 1 49 93 -25 86 31 70 4 -46 -2 15 -30 49 10 -40 -64 40 -93 -49 25 -88 -14 -29 24 12 74 11 -93 -57 -46 -49 17 -40 31 -59 57 -30 98 -33 -86 71 -70 -9 -3 -81 82 -28 -86 37 -66 31 87 14 53 -25 32 -93 50 -75 44 97 -32 -64 7 -8 7 75 -65 51 -27 -89 78 26 -5 28 46 16 87 -24 -63 32 -25 61 2 -10 -51 8 65 49 -85 80 -84 3 -64 37 -79 -31 -58 38 73 -44 -55 -67 42 93 -65 70 -73 -39 77 -13 0 72 -19 18 -56 78 53 98 73 92 3 52 -33 90 -69 66 92 51 44 37 23 71 -52 57 24 44 -62 -77 -78 65 -51 -56 -89 -29 -49 -64 -99 18 -74 -61 14 58 -46 76 -78 87 6 -39 70 33 -31 7 77 17 31 -25 -7 -55 -31 51 -72 3 -21 -14 86 33 -3 -84 73 -29 36 81 61 -7 -73 51 -83 16 62 59 79 -63 17 13 78 -30 23 -28 -74 24 42 54 56 11 21 -85 -37 65 8 -14 73 -65 -31 9 -64 -26 -78 5 34 -5 -90 91 91 79 67 47 10 -60 -71 58 81 75 80 -9 29 88 -21 -9 -84 96 -11 -92 -6 -70 19 0 -33 41 -80 28 -29 -29 72 -81 24 74 
47 -33 -62 -34 -66 -19 -2 -82 54 -18 48 65 65 -58 2 -9 52 -36 73 -55 -70 -4 98 -2 82 -58 34 -79 54 -2 75 -34 -72 24 73 -85 5 9 25 70 47 11 -6 -1 72 20 93 -28 94 41 95 -73 20 -67 86 73 -52 91 76 -16 71 -18 53 90 -8 66 -27 16 -50 79 58 10 -11 -6 91 -24 -27 -55 72 92 -11 -49 -10 -12 59 -56 -33 -71 -32 -42 -35 -70 -81 -82 46 18 -29 -64 71 -4 27 -11 72 -21 -13 -29 49 -20 -14 94 -36 -33 -78 33 31 0 -74 -42 -12 -11 39 14 45 -46 37 49 22 -56 -92 7 -47 9 5 -4 -76 49 -72 47 50 88 -27 -22 11 -91 -9 27 41 0 11 98 -58 37 -92 -5 -59 16 -21 -49 29 95 21 -18 -57 -28 32 -42 -57 54 78 -74 90 11 45 31 -66 -8 -58 -2 55 -12 -47 -48 37 -45 94 -31 22 41 11 58 -9 -72 -85 89 -84 97 -31 -75 -58 -77 84 -98 50 83 90 91 -4 53 -35 76 -17 -78 -98 36 24 -79 -33 -72 6 -88 -87 -64 48 -75 33 26 90 -37 -12 78 81 79 -30 -67 16 73 -88 52 10 -44 -38 -81 -47 -72 -78 -6 67 6 8 -3 20 11 39 12 -49 66 71 13 31 39 42 60 -2 -88 -60 44 89 -91 -47 73 0 64 82 -20 -97 90 -15 2 -55 49 -56 -38 7 -54 -5 41 -70 -36 -35 69 -82 92 62 44 9 37 -90 -16 -15 80 
44 -23 -63 -32 -80 -24 -19 -8 48 -37 -22 -22 -53 72 -81 92 30 -21 93 -80 32 9 4 -79 -40 63 -25 -98 -91 -33 29 -24 54 -89 0 86 49 86 -48 -89 45 -92 -29 21 -97 -28 -78 -83 -95 -28 -36 -61 -30 -90 28 -52 25 84 -95 46 -56 68 -38 77 37 88 -81 -63 -44 19 -9 19 86 -66 -64 35 -59 35 -71 -84 93 -37 9 48 -79 -90 5 30 59 63 -46 43 -62 93 65 -35 21 -13 35 -71 -27 11 20 54 -67 64 -98 40 -93 97 -3 -49 50 -39 -24 -91 5 -56 27 51 -89 24 22 25 -11 -23 40 -88 83 10 -99 -94 9 97 38 -19 -79 -80 41 14 87 58 -70 -22 74 33 23 75 -8 -55 70 -76 6 -80 -46 21 43 -19 61 -44 -53 -43 -51 66 24 -29 60 59 35 -84 72 -29 -47 12 10 47 -23 46 -76 -67 27 -93 -15 56 87 28 74 22 90 32 50 97 -22 25 22 -18 86 -9 43 -85 -29 64 -74 81 -48 -17 1 41 -51 -7 -6 94 36 -50 37 88 71 -39 -77 -15 -29 -15 77 96 -9 -60 47 43 44 -87 92 -1 69 -93 -54 15 -24 -10 -58 -64 -40 -3 97 4 -9 61 38 19 56 55 47 -43 98 25 -46 -54 -87 -44 24 9 -74 17 -7 -73 -81 46 23 -62 97 -17 20 -63 -40 -22 45 -68 -90 21 -55 -53 -12 -85 10 85 3 65 -24 -2 48 -12 39 66 -61 52 6 75 -46 81 58 41 
-31 38 -97 -53 10 -82 -9 -86 -79 8 -8 62 -78 -65 54 79 58 -53 47 -28 81 19 50 97 0 25 7 -13 -80 75 -99 -49 -44 97 68 28 85 58 -30 -54 -66 -7 -38 -80 92 -24 -99 8 19 -23 20 76 -55 -44 32 13 -55 5 -48 -37 -59 86 9 49 -67 97 -60 74 4 41 -39 55 -95 -55 -18 38 -18 -41 14 -94 19 -13 91 -45 -54 36 -27 87 -17 61 -59 68 -76 98 -76 87 -43 -98 88 -56 -33 36 25 30 99 -39 -8 29 -14 -62 9 -98 35 76 -61 10 -26 94 3 91 -95 -79 -47 64 -50 96 -4 40 -3 -26 97 -15 86 6 99 21 98 69 79 -63 75 25 -90 88 27 -64 -83 -58 -37 26 -66 23 79 42 -85 -57 83 -8 58 48 67 36 -39 -19 50 -19 -64 -57 -6 -40 7 30 4 63 86 52 -68 -11 -7 78 95 -10 -9 -23 56 80 95 -79 -35 91 87 -52 26 75 22 6 -2 48 -36 69 -8 -84 88 12 -30 92 -77 -55 -3 -15 -49 45 62 8 9 -54 -38 17 48 46 82 -33 -60 -64 48 72 32 36 -21 95 92 -24 -58 86 44 11 -51 -52 81 11 -11 -62 -19 29 4 96 -28 14 -94 -34 67 66 37 -17 15 -93 18 -59 91 70 -48 -63 45 60 -58 16 -54 -79 -35 57 -29 -8 45 -76 89 -21 -30 -65 -60 98 -29 -99 -4 20 -58 -31 64 49 -67 53 46 72 60 -83 88 88 -1 -25 7 61 
-45 -84 78 -7 21 -53 95 8 -8 -66 -14 77 92 -7 22 -24 20 14 -20 -83 -29 -21 20 -95 89 -25 -31 -81 36 -34 -77 -84 32 -55 -30 13 83 75 -38 57 79 -39 -1 -76 46 -58 78 -33 11 7 1 23 -47 -49 82 54 7 -19 -86 -92 86 -12 -1 -1 90 31 26 83 44 -94 0 96 21 -48 -57 -91 -11 43 -86 -80 98 96 -19 -86 81 -70 50 40 23 -67 26 -94 31 34 88 -13 -62 52 -29 -6 27 30 -3 -75 51 -29 63 -69 57 56 83 -74 -90 28 49 -41 70 7 -47 11 -5 -43 -40 58 -5 26 58 49 -41 87 8 -99 71 -95 -43 -28 -17 73 83 -82 -98 -1 -38 -30 -77 -58 18 29 14 -66 97 74 93 -22 -24 77 16 17 -83 -12 51 6 -46 51 -75 47 25 -37 10 -16 6 -38 80 -42 -2 -65 56 42 42 -44 -82 -7 -63 -28 -65 -85 18 -33 46 -79 -46 98 -40 12 -93 60 50 -31 94 -83 -28 18 -85 47 68 -57 -79 -68 -54 -5 24 -67 99 -69 -62 70 46 81 -91 -38 15 -85 -59 41 8 35 38 -30 88 47 6 84 -47 87 -30 -75 -15 30 74 -33 69 -72 11 49 -8 -48 -86 -32 -63 57 14 -75 -36 38 57 -97 30 -65 5 -84 -72 -12 -57 76 81 -97 -54 -93 63 23 -54 76 85 32 65 91 70 -72 20 -43 90 -53 -18 83 49 58 99 1 42 32 72 -1 -32 -44 35 2 -63 34 29 -3 
-19 55 35 -8 -33 28 -75 73 -76 55 93 -39 -90 -14 71 92 -64 -58 6 -50 -96 -86 -13 -51 -13 51 -38 -3 -61 -84 -48 -30 -7 55 -77 75 61 99 -57 39 -11 -2 -80 -2 -29 -58 88 36 74 -85 -69 -76 -10 -40 -92 56 9 97 11 29 23 43 58 88 4 80 -66 49 33 -44 -51 61 79 -55 91 -84 -35 39 -18 28 -46 -1 38 -73 -82 -53 2 44 -26 -83 -50 93 37 42 -26 47 28 53 6 66 -8 -26 -79 -90 54 16 -48 -76 -37 -96 -81 11 47 14 38 62 19 -21 -76 -72 -6 -73 92 14 6 -66 66 -94 -71 -44 24 43 89 -11 -84 -85 21 -6 52 -71 80 -47 -61 24 5 -26 55 57 5 27 0 -47 36 -58 -99 -22 -64 -65 -81 -51 76 -98 16 56 -6 -33 -66 37 -69 56 92 64 77 1 31 1 57 89 91 -60 31 -81 40 -71 -95 -97 -88 -65 -55 -73 -73 92 27 63 26 78 19 70 -74 67 47 -24 -80 95 96 -6 -3 39 -54 33 96 -37 -32 14 -69 92 55 16 10 -3 -4 -18 95 -52 43 -53 -27 -18 55 -10 -84 89 -52 57 -76 -51 -76 5 50 -2 59 6 96 77 -70 -63 38 44 -13 15 -38 -94 32 39 -85 91 -95 -16 60 -72 40 -54 -55 86 55 -2 -92 -20 -7 35 -50 33 99 7 -68 63 10 -28 10 79 -87 96 74 -36 -89 -99 -53 -76 -32 72 32 -85 -42 21 -3 2 -29 27 -45 41 
-86 -49 68 -4 12 -37 -11 -3 -52 -2 36 -8 22 -13 -61 -93 -69 26 -95 -55 -98 34 -18 -37 -95 93 6 -59 77 34 28 -54 78 -55 -12 -34 -11 -71 -68 -18 -3 93 -78 -67 87 -59 -44 26 -93 11 -21 16 22 92 -53 59 -44 -96 46 -28 -1 -93 34 4 55 -59 42 53 2 91 39 86 56 61 81 22 -74 -57 71 -84 32 40 -95 -39 24 -71 -90 20 -34 -77 9 -5 -57 58 26 22 -4 58 -29 -71 1 96 -67 72 66 -93 80 70 -69 39 -18 62 78 -34 33 -99 -86 23 3 -44 -32 16 -70 70 93 34 -62 35 94 78 -70 28 -81 -10 51 -66 20 90 -41 -81 77 5 -76 -84 63 -99 57 50 77 49 32 6 -92 -20 55 19 -50 43 48 40 58 45 21 81 62 10 -26 90 19 6 -95 -27 53 81 16 86 -15 85 -48 -12 -52 79 -44 8 -23 -62 -21 95 -12 19 47 -4 -94 0 24 -20 -80 -75 96 -72 78 -24 -16 0 -8 99 56 18 85 26 -30 55 1 -87 -62 25 15 75 -24 47 -4 96 -28 94 -28 -23 -68 -18 92 99 91 -75 57 -80 10 -5 5 91 54 46 -13 -44 -23 -46 95 11 92 20 -96 -89 62 50 -55 -66 -60 85 -32 75 -51 -97 -40 94 44 -10 -70 -50 -59 -83 50 16 -35 70 90 37 -82 83 1 99 -56 49 -27 -45 4 45 -87 -75 77 -50 -16 -78 93 -9 82 65 55 -70 48 -24 79 18 
-2 -40 23 19 -23 96 15 7 65 99 -34 -68 -1 48 45 -66 -37 53 -71 98 22 7 -71 54 -70 30 -33 -24 11 -96 -56 -81 99 76 12 -15 6 86 -93 46 83 -74 40 49 2 94 -93 -85 -2 -31 44 37 -65 15 97 -67 86 71 -29 -7 -5 -97 -70 -72 50 44 -77 87 -16 93 -25 -45 -37 -41 -3 -52 -85 -73 60 -52 -94 -17 57 33 14 96 -11 93 -17 -68 1 6 -42 -66 45 -10 -11 -60 26 -57 93 -72 -52 -83 -12 -27 13 -2 51 40 -82 89 15 69 -51 50 69 -5 69 -99 95 -48 7 70 -33 -41 -89 -58 -94 34 -56 -70 32 65 31 9 25 -61 -58 4 -96 57 -26 92 38 64 -25 83 -47 49 20 80 78 -68 82 2 4 0 26 49 -35 -71 -96 -76 -56 45 -86 72 -80 -42 -83 -67 8 1 -64 4 -70 -1 5 -45 -35 63 -66 -79 -34 69 2 50 30 9 -95 10 -19 -46 -50 26 17 -66 26 -89 94 -11 18 -24 15 -47 54 35 25 36 -76 48 -17 99 -86 6 36 -40 17 20 -81 -2 -62 14 75 -99 -61 -93 85 59 13 23 -48 -6 -62 25 22 -9 -73 -41 -29 -1 25 -20 64 22 80 17 84 -75 -74 19 -78 -21 -5 -50 88 -40 5 -75 -36 83 66 69 -58 -76 -86 66 -96 -10 98 -89 -4 40 84 57 -86 18 95 64 81 -50 7 -19 -63 88 -38 0 -31 -20 29 6 45 -9 55 75 -42 64 64 -85 
47 -47 -74 -78 38 43 21 -45 11 -58 -97 84 -24 -51 17 1 -91 63 -1 -88 -88 -58 -96 -30 34 -33 60 -39 -60 91 -82 -53 19 14 -90 -80 16 -49 -32 -26 20 40 56 -20 -99 -33 -76 -60 92 33 -51 -73 -42 -44 69 67 82 -9 45 8 75 83 82 -28 34 99 96 -73 -38 -96 72 -22 -17 91 58 81 -37 -91 -22 84 60 -75 -2 48 -71 -75 42 -24 53 38 50 -6 -71 -24 -18 89 82 1 83 -4 83 -93 -44 -73 50 -64 21 80 -15 75 -94 -48 -43 -75 81 -90 91 -48 -47 -62 -75 13 -72 61 44 34 48 -32 68 -26 -59 -59 -28 89 -11 76 -45 8 5 98 34 -33 -86 -45 -22 88 -56 -26 -43 -68 14 -44 -83 83 -56 -22 80 56 -73 32 76 64 88 -60 62 -84 90 -20 -57 73 -52 22 -43 -58 21 70 -37 60 -57 67 16 92 -87 -69 32 -56 -23 -55 -62 32 79 -58 -98 -80 -42 -67 -32 -92 -14 -50 -94 27 67 -36 -87 24 -73 -30 -68 -49 51 42 -59 54 -50 57 -16 -46 49 -12 34 -50 42 -19 53 -19 -8 20 82 -81 -47 -69 44 -42 -73 66 -94 98 75 19 14 -1 50 -16 -86 34 -92 -40 64 2 -68 34 -38 59 98 -68 -47 -49 -19 68 46 63 75 27 76 -48 -96 -31 -79 -21 -11 16 54 -26 70 4 31 -20 45 92 -53 -29 73 -98 -37 -61 12 5 -1 -72 -74 -96 10 54 53 -25 96 -42 -16 -62 
-79 9 5 -15 10 -95 53 -23 -34 -32 35 -62 15 73 3 -27 -11 31 -41 -24 -28 9 -91 -84 38 65 -66 4 -21 52 -28 5 -85 62 4 49 -50 17 85 74 -93 -64 94 8 -33 -81 -73 -7 -94 -95 -7 -21 31 18 23 -76 -92 -68 -26 -91 -22 -91 -55 -36 90 8 80 -42 -79 -65 -66 96 19 -49 56 44 -54 -87 -69 -64 91 61 -86 46 47 -92 -25 -24 41 -47 42 -88 57 -70 -4 -99 82 -25 75 -42 84 75 -23 6 48 10 28 84 71 -80 -19 71 36 -70 70 -94 69 28 -49 15 40 23 -43 63 -36 -19 98 1 -94 24 -26 -76 48 -80 74 -6 54 -94 -66 -7 -86 71 56 32 75 -66 85 47 -5 57 -52 15 20 -99 -54 -21 87 55 36 12 16 -53 -92 96 -4 11 97 15 -61 94 41 -65 -46 91 13 79 -74 -39 -68 58 -35 -64 -91 45 -61 -63 -17 34 -1 76 5 -89 -79 -7 87 6 26 -47 -72 -13 -13 24 96 -35 48 -31 -78 -28 14 -37 -73 18 -32 -65 -10 3 -62 14 -11 -30 -87 -35 15 -33 -30 77 -62 -47 84 -50 62 -13 -75 -56 61 -95 -94 86 -69 27 14 17 -1 39 -31 -80 -38 15 2 12 -37 86 25 -33 22 17 -40 -22 93 59 -41 -69 8 -8 -3 -37 -26 5 8 25 1 -5 -87 -69 24 -71 -17 19 4 -28 28 69 -81 -19 -89 60 58 -9 -67 65 2 82 -48 88 20 72 88 -82 19 -57 
-44 26 -25 55 -58 43 90 -77 -65 24 44 58 93 56 78 14 55 85 40 -19 44 -89 -7 -61 -54 79 -35 61 -1 -89 -6 93 -11 60 -29 14 -22 -46 -34 19 60 -12 -44 23 -14 -29 79 41 -9 79 -42 42 95 -56 -61 40 66 -47 55 21 41 -95 43 -5 -70 -38 -13 -91 13 -75 29 -21 -88 27 89 -90 75 -57 39 -51 -37 -62 -49 -7 64 58 59 97 23 -41 -84 -89 41 59 -80 -55 -85 93 -30 -64 82 13 72 -7 -48 52 11 -9 43 27 84 -84 63 23 37 14 45 10 -15 48 31 6 -82 -82 66 63 60 6 -11 -53 -58 -73 67 -59 -33 80 21 39 30 36 -50 78 91 -47 27 -42 -20 -20 42 84 -38 59 -41 -66 43 -8 36 -66 -86 -63 46 76 7 4 -36 24 -2 -43 8 23 69 42 98 12 13 33 38 29 -44 -2 -93 29 -22 -72 -19 -24 89 -87 -22 -51 70 58 26 33 81 -13 -55 -25 -7 -35 47 -28 66 -28 -23 72 80 91 -9 50 18 1 -65 -78 -95 12 54 29 -3 -45 -99 -13 69 -15 -21 96 25 60 30 -98 62 14 -84 46 32 12 -85 -34 -58 -43 25 32 36 20 -65 -33 88 99 -17 54 -13 24 -9 53 -68 97 2 -57 -20 98 85 -25 -73 -29 40 3 -70 -82 23 -71 53 91 -3 -17 90 49 30 -97 91 10 80 74 93 52 -52 -53 18 69 -95 -26 31 13 -47 29 -14 3 91 -69 -2 -65 
57 -6 -48 -82 3 -29 6 41 53 -76 -47 -13 41 -94 -39 68 -16 -67 -92 69 -57 58 78 4 -74 -42 -11 -30 -79 -22 87 -59 -47 -77 -13 -48 56 -6 -45 -19 -48 -42 60 -91 70 95 -84 0 91 3 54 -33 17 -7 99 -93 6 -13 91 95 23 -44 -67 -24 -44 5 -12 77 80 46 54 -48 50 62 -56 77 88 55 -39 65 40 78 -72 -11 8 35 19 -87 41 -62 -67 99 -60 73 74 -24 95 62 62 2 -87 -82 -31 -8 54 21 14 94 60 -10 -86 48 47 10 -59 -6 43 -92 39 -85 60 25 96 -3 59 -1 3 -95 -90 40 62 0 -99 61 -93 44 -84 -50 28 -74 -72 -34 2 -37 39 46 53 -64 -40 -7 42 -34 -62 63 -21 99 -51 -65 87 -43 -83 -48 55 -27 -24 -74 24 -60 29 -42 -43 26 -50 -17 -63 -84 -6 27 -93 -4 -90 71 58 15 -76 -7 -10 -54 -46 6 43 87 -51 -62 -78 -83 -91 86 -44 -55 38 17 -20 -47 94 99 36 46 -69 -7 -51 -78 -43 -17 58 -93 52 -50 16 -26 -66 72 -4 17 81 0 82 58 -78 51 80 17 -36 -35 26 22 43 -29 -98 53 48 44 -22 -47 9 -31 30 -84 67 -63 92 -86 58 -13 -48 -41 -29 72 -91 -78 -53 -76 57 -54 -59 97 -98 -85 -76 47 12 0 -7 11 -60 27 92 -73 -28 77 -40 14 64 -6 78 -2 63 91 -80 14 -81 57 28 0 -40 82 -51 42 92 72 
-91 -87 -9 -88 -9 51 -12 -22 4 20 -36 -74 98 40 57 -62 -9 19 -38 87 -59 -49 38 -20 -75 41 -62 74 80 88 31 32 82 7 78 -25 -90 55 24 0 -6 -58 27 -46 98 3 76 -35 -97 -44 -42 -85 28 -65 -55 99 -28 73 22 -70 73 55 27 30 46 -94 55 -59 67 -27 95 -15 86 -87 0 -45 -45 85 6 57 -30 -19 41 -29 22 81 -77 55 -47 -87 -79 -45 -88 89 -62 -72 -91 -93 52 -13 92 84 63 -80 87 15 64 -54 41 -67 74 -41 -8 57 -54 -47 73 -98 71 -19 -37 -92 -42 16 -41 2 32 85 93 42 -56 -75 -72 65 65 86 -17 -2 -51 -22 -23 -80 -9 -90 14 -50 -46 46 46 -98 -94 -91 8 -63 -1 -54 -42 -68 -7 -43 69 5 17 56 -41 -80 -14 65 68 1 59 -5 28 19 76 47 -70 14 -41 7 -82 -78 -52 -35 78 6 -8 69 96 82 -19 25 17 84 -27 -18 18 -15 58 62 -45 95 82 38 -29 -6 0 -65 75 5 1 -52 -89 -11 1 -94 2 -81 -37 75 -57 -84 34 5 98 -35 56 65 -80 55 -77 50 -38 83 51 -89 31 9 -27 -98 36 -63 -67 12 93 1 -51 48 60 -61 -51 80 -26 92 -58 -94 53 -7 -74 -37 -13 -76 -97 93 -73 92 77 44 9 22 88 -30 -93 23 82 -26 47 -85 86 8 43 -6 -63 -33 -14 71 32 30 -67 -86 -15 -36 -9 -88 -66 21 -4 -17 17 -32 
22 -80 -83 59 95 70 -2 35 64 81 -77 -39 -78 -59 54 -24 16 -32 52 -85 -97 -69 52 -82 82 70 94 26 -39 7 8 -27 97 -80 -92 -14 -76 15 98 93 -48 -15 -91 -87 43 31 46 47 79 98 24 -14 -26 -21 87 -95 54 47 81 -73 62 -48 -3 44 -91 -34 -73 -72 -41 -75 22 9 -38 37 45 33 70 48 66 -52 42 39 49 -27 1 -10 2 98 83 83 -2 -27 51 -72 15 -67 -26 1 -85 89 80 -7 80 -59 -10 -90 79 -82 -90 -97 82 75 78 28 -88 -39 89 23 -86 -29 57 -48 29 -89 -77 -23 -33 14 -72 96 25 -25 -54 13 4 -62 -84 7 33 -73 -83 32 8 -11 11 -96 -61 69 -82 0 24 21 -93 85 39 48 -78 4 -26 -36 -19 -82 -40 -82 61 -31 -70 82 -6 60 -56 50 22 7 37 -56 39 -39 -64 -89 -52 -28 79 -21 -54 49 -94 -11 69 -89 34 -46 55 -73 32 -57 -91 -88 -56 85 58 -68 -71 40 71 60 -93 -41 77 28 55 -7 20 -13 -31 4 -67 1 -84 -35 35 58 91 -86 -78 -84 -34 -25 18 -48 78 86 58 12 -85 10 22 -49 -32 -55 84 -6 -69 55 86 89 -66 16 -64 30 -28 -95 -3 6 38 71 -5 -62 -32 -99 98 65 -24 55 54 86 45 36 78 -30 -82 -19 -69 11 4 64 77 -84 -46 -36 7 20 -77 -32 -16 -23 -88 -47 70 -22 -13 -33 37 87 27 -79 -50 3 -61 -41 
87 68 -67 -95 69 -40 2 17 38 -99 93 -37 41 -15 -41 74 65 -82 -42 44 -80 -53 -79 53 -33 -14 32 45 32 75 -39 45 80 -3 67 51 -72 50 -76 -61 -76 76 93 20 -20 66 -46 -27 -38 43 39 -72 32 86 76 66 2 54 8 -48 98 9 25 59 -71 97 57 -18 50 89 -14 84 5 -65 -25 -28 10 70 -73 -23 -32 -38 97 14 69 -99 -23 7 -33 -82 -20 58 -74 -25 -77 -71 87 -22 -19 -41 24 12 82 70 -4 33 -28 -46 97 63 40 -41 94 -54 84 11 79 89 88 43 -2 -71 -12 14 -65 -63 -77 75 54 40 -2 3 -50 83 -79 -55 -10 -79 -71 -72 55 43 71 -42 -2 60 -32 -10 83 -50 24 -33 -51 37 -50 29 64 57 -92 18 43 15 15 -34 -91 -37 -48 -17 -72 -55 -28 -49 8 68 76 40 -88 -96 56 47 85 37 -57 69 44 -77 -67 9 25 93 41 -29 43 31 14 -7 -42 -93 -91 22 -6 -16 -95 46 -74 -6 -10 99 -84 -2 74 47 1 41 82 4 -35 -75 77 89 -87 -69 96 -24 -41 78 -5 -5 70 -34 -64 -70 21 -24 -56 63 -40 -62 -40 -71 70 68 93 -55 -76 -23 27 51 -40 -18 9 -30 -1 -82 -72 -92 71 75 98 44 63 56 -11 -64 86 54 -82 -53 -97 -52 -56 -53 -52 29 -71 -5 60 -9 -93 55 66 24 -38 -91 68 67 0 67 -90 -63 -54 -25 66 -46 -29 -34 -21 84 69 -61 
-68 -3 50 -62 32 -72 72 -53 -68 91 62 24 95 -85 -16 64 20 -15 -6 51 -19 -92 -28 -17 55 -34 -2 42 67 59 52 -88 -66 59 62 -21 55 6 -32 -23 36 14 50 -72 -27 -88 2 -46 -70 9 65 19 40 -39 25 29 52 -73 -4 13 35 34 -67 -36 40 34 44 47 58 -98 -65 28 -83 -38 -97 -37 -63 68 90 -73 53 2 -15 -38 84 -68 96 -97 57 1 39 94 7 -7 56 -41 -35 20 6 -56 -3 -85 37 68 -35 -72 0 91 -63 33 -1 -41 -39 94 -63 97 92 -14 -75 85 -83 -51 14 60 -41 -82 -83 -11 -1 42 37 -96 6 -58 20 31 84 -95 0 -95 -32 -80 27 57 -69 75 -86 -61 90 83 -6 92 -76 59 17 -84 -93 -83 15 -93 12 -79 38 -78 0 -59 -24 78 22 78 43 20 74 33 85 57 91 65 60 30 79 -18 -64 2 16 84 28 28 -82 96 71 -3 55 75 -9 22 5 67 72 0 41 34 77 20 -57 79 28 24 -51 46 -73 78 42 -34 58 -18 -88 -27 -31 -6 -32 -42 78 38 89 51 22 -8 26 71 92 81 -86 82 -66 -84 39 89 -73 -16 -13 -71 -53 -50 9 -15 83 37 -92 -66 -90 -28 -52 -68 45 39 57 -74 69 -86 -86 98 -36 -92 -8 -67 -79 81 -55 25 60 61 -61 20 -99 -58 -15 -18 12 62 -55 40 65 83 -7 -22 60 -28 -55 36 84 34 -34 26 -38 22 9 -44 -40 52 
17 -87 56 6 45 -42 45 -17 91 31 58 50 12 28 -71 14 -49 -14 90 34 -81 -17 33 -40 60 -77 -95 -68 -56 -83 -81 -72 -73 -96 22 68 -2 39 -83 94 -40 0 -19 24 -56 -38 -57 74 -83 -94 -20 57 -9 97 90 -71 50 -77 -41 41 -49 -22 -58 -99 -10 81 75 -8 -69 26 -2 -71 70 89 -47 35 -47 -33 90 -59 -38 19 54 -35 87 -95 45 72 -96 24 -31 -18 -32 -33 -11 -4 -94 -76 -53 -51 -42 75 -15 -34 -54 91 23 -37 32 35 -94 -81 73 1 -82 46 44 -7 33 -45 -98 83 -75 82 44 -99 32 -2 -53 -27 -19 -59 -27 -58 -81 -18 24 -2 -10 50 19 15 64 75 17 -74 -12 16 12 -52 0 99 -30 -43 30 32 72 -1 -78 -75 35 31 1 0 49 37 52 -15 -14 -8 -70 35 66 -42 58 40 -66 59 25 -45 51 80 42 -73 -51 93 -32 -47 60 71 53 -48 4 31 42 54 -94 -24 -15 75 -39 57 63 -46 -32 38 -77 72 -51 1 72 37 71 -32 -71 -46 -11 -61 97 -73 62 -72 -97 86 66 37 19 -8 -30 -35 -69 -17 -77 -96 -41 -65 -32 30 37 -72 -36 75 -15 -65 27 -83 46 -75 -47 4 -71 -3 41 39 90 98 -53 -30 58 -67 -11 5 -21 -64 25 -29 -70 5 86 -98 -1 54 61 6 94 81 -18 -42 -8 -52 18 -8 -87 40 -57 4 52 -81 17 18 32 91 85 31 -35 -11 66 96 -97 87 
59 -49 80 -66 -32 43 79 -62 -82 -9 -91 28 6 -63 -83 90 24 -49 99 -90 -39 -35 27 -88 -42 -98 75 94 26 -24 81 -2 -66 4 34 74 -77 -32 -33 64 -75 40 18 63 -81 1 -50 -52 -13 73 -41 -7 -93 53 -59 -68 90 10 -97 33 -5 -93 -49 -82 65 17 91 81 78 -43 59 -20 -61 -6 24 49 69 -56 -94 -26 -84 -42 -32 -10 97 -73 17 -77 8 -59 -77 81 42 41 75 -76 -4 10 30 -11 -99 48 75 -96 12 71 -95 11 17 52 -49 -40 68 -79 9 -51 -46 20 45 -51 -48 -57 21 -53 17 69 96 -80 -92 -4 -93 59 -34 11 -58 80 -95 -49 -12 3 -98 77 -63 59 21 -58 47 79 -57 -98 27 35 -61 60 31 94 16 4 70 -25 30 52 -9 -15 -35 75 -66 51 -40 -24 -55 -93 -92 99 -76 -80 -8 60 -10 -43 -23 64 44 -92 99 1 -1 23 -22 -10 -69 52 -92 51 -35 88 31 67 -59 -13 30 -49 -71 35 64 -8 -15 86 -20 -84 -40 -18 -53 -66 -76 -83 -54 69 -84 -72 90 -35 24 -56 -73 62 55 -80 -50 10 -72 -44 81 -56 -97 -71 -84 27 9 67 97 73 22 -12 -73 -4 -95 44 31 28 -17 -37 -81 -65 -89 6 56 83 -31 57 11 -13 8 -80 -6 -49 43 -41 50 6 92 -1 33 30 -74 -31 96 -67 40 -99 26 -93 85 -87 76 29 -39 -43 -92 -93 26 -88 -43 -53 -94 3 25 -35 -60 -8 
-31 -77 -51 -20 -76 76 93 81 22 91 -7 -74 -88 -5 -15 -7 85 42 28 9 8 -10 -43 -12 -28 -35 26 94 79 42 -73 -78 19 38 -99 72 -48 -33 -35 -22 43 79 42 -79 47 46 -78 -21 -82 31 -26 -60 -4 -17 -93 84 21 47 -16 -23 -94 31 -48 8 61 -61 83 34 11 -16 -76 8 82 -35 -57 51 -28 10 82 77 54 -18 -58 -47 20 -64 -35 -99 -84 -6 77 -70 33 -20 -92 3 0 -57 -17 -83 -91 74 -34 16 38 15 -3 -88 4 30 -65 57 -43 -57 86 -49 -54 -43 -32 93 -88 5 -54 -5 -30 -68 -32 89 52 -38 23 3 -35 45 34 -59 -75 25 53 -76 -91 -86 -43 -85 0 89 42 -4 -51 -46 97 18 -87 71 45 43 70 56 -17 82 17 38 -85 73 11 -32 15 20 -65 -14 -96 -59 95 64 39 9 71 -70 56 49 -84 28 80 -74 64 -84 41 40 -1 -10 17 86 3 -56 -25 -68 -75 -90 -56 -16 37 85 -44 44 -46 79 18 64 -97 34 -12 99 -18 10 -8 -39 -37 56 80 -82 -63 27 -54 -27 98 45 -62 -48 -36 64 0 61 -17 37 -37 75 -14 -45 -55 -34 -62 32 43 29 60 -6 49 36 -20 73 -13 31 41 63 60 42 38 -28 13 -71 30 -42 42 -25 34 22 -46 44 5 -52 -53 26 3 85 -95 -47 43 1 19 -47 -64 10 -2 -95 -84 51 -73 22 -63 16 93 27 -61 43 8 12 -32 78 39 -82 
5 43 99 57 -33 17 -64 81 3 53 -56 80 94 -94 97 -48 10 75 -6 71 20 -68 -53 36 -48 -94 49 87 -62 46 -56 27 25 91 -45 -36 12 -86 -85 51 -78 -38 15 13 -34 60 15 -45 86 83 54 -24 93 4 -44 -91 43 55 -73 77 -57 89 -65 66 85 -63 79 -53 34 -11 -38 -68 97 71 -32 46 -92 -27 25 -13 87 17 47 -46 75 -23 49 -37 -35 -65 17 -43 -37 -30 -39 25 -85 19 53 -29 -92 53 11 85 73 55 -48 -34 55 -64 -51 85 -68 -51 57 -18 -5 60 -33 -60 50 -19 41 -72 -42 -21 48 -77 90 41 66 -37 84 48 -56 39 -30 -85 -7 55 -76 -94 18 -14 53 78 -17 2 62 -8 63 84 -59 94 1 90 64 -62 -96 7 36 -30 -11 13 -1 -24 -14 81 -46 -19 -1 29 -60 -35 -52 48 -3 70 -68 52 67 -26 -31 -4 63 37 -25 -95 0 60 45 21 -48 -35 37 37 -73 -99 -91 -69 40 47 89 -36 43 -4 60 -1 88 -83 94 -3 -90 -1 -71 -89 -46 99 56 -8 -6 93 5 -61 86 -81 -26 52 -4 17 95 66 20 -30 -5 28 20 -59 28 -73 31 -60 -60 0 70 -5 68 -46 -9 38 -52 75 -79 -89 -73 96 66 48 -94 99 -93 -85 -54 -68 65 2 60 -42 -98 6 -66 -53 -25 -11 13 52 -56 82 -11 -50 -60 1 -33 -32 -32 48 32 -10 97 -96 -47 52 9 45 66 64 -6 57 42 49 
-34 58 7 5 -84 -88 76 -93 33 -22 -93 -47 6 -67 -88 -19 -96 -93 91 15 33 -36 -18 12 -35 -8 14 33 2 44 -90 27 68 96 88 10 27 -48 33 13 24 -5 -83 45 41 -89 -10 -78 -60 15 -48 60 34 -99 72 44 15 65 88 -98 -68 71 44 -86 -88 -20 -99 33 -69 78 70 50 46 42 -7 5 -54 4 -44 91 69 -38 6 -22 47 -82 -19 -93 46 -29 71 29 -61 39 -24 26 -89 30 -25 41 91 -71 -82 -6 11 90 -78 -93 -70 12 -89 91 -6 -64 -70 -83 -73 -51 10 -77 -9 11 20 71 -43 46 -92 -88 58 32 -8 96 -43 63 -15 -20 72 -93 35 51 -82 -1 -99 13 67 -80 71 -80 -91 -79 12 44 94 19 -58 -21 31 -15 -6 11 -3 99 -90 -42 83 -23 94 -92 32 -79 78 -26 12 21 -82 49 -49 -43 -68 -72 -60 22 -86 -15 47 -46 -13 -1 -11 -54 -66 62 76 9 31 78 -57 90 82 -27 4 91 7 -97 27 67 98 18 84 23 -47 -92 -52 42 -76 23 -14 -26 -81 -59 -31 80 -96 -32 -37 -66 7 -57 -16 21 -6 -66 14 39 -7 26 -41 -80 62 -99 -41 88 -75 59 -95 -38 -72 -70 -40 -36 -87 -90 87 5 28 -76 33 -27 -99 -70 -97 -85 90 44 67 -18 84 98 47 24 38 -91 -93 -81 50 75 29 92 -41 38 -2 4 25 40 -24 -7 41 86 -90 -41 -80 -85 40 49 -90 -14 16 -1 76 36 
-22 90 68 83 -28 76 75 -53 -82 -59 63 50 -26 41 -77 96 41 52 -40 -19 63 -82 84 68 -17 -37 5 72 -43 98 -25 -16 -49 -47 73 26 49 -82 -37 24 15 10 32 -44 73 80 86 -63 73 -15 10 21 -59 72 28 57 -33 -78 5 -22 -33 -47 68 -18 -59 -87 -78 -97 -58 -69 17 -43 11 -1 67 45 64 -9 -58 -82 -29 -12 -33 -10 -96 39 -68 -88 0 56 21 72 32 27 53 -33 -91 -67 91 -93 -99 -69 91 21 -27 3 53 -30 -44 -29 -72 -43 17 56 81 28 89 -33 51 88 10 93 42 89 -76 -80 43 37 -11 -95 9 -70 21 -4 -84 57 82 -22 -48 -56 75 81 27 0 -65 -88 86 40 -46 63 58 76 -33 86 70 -10 54 87 28 -77 -37 48 45 90 -88 1 -98 1 99 -56 70 -56 56 -87 -28 -41 96 -60 -8 -39 -74 -63 36 -9 19 21 51 -34 -51 53 77 -86 59 -19 -81 -63 -41 83 71 83 95 -16 -71 -90 50 -17 37 -97 -13 -13 23 85 17 52 81 46 31 -56 12 -28 -85 -67 73 -4 -49 -19 24 -87 -1 -25 60 97 -76 41 -73 -58 -82 74 -87 68 -64 -34 13 74 17 10 -32 83 -24 96 -73 55 35 -28 -89 52 24 -11 -96 93 43 -62 -84 67 -51 57 77 -93 -34 98 -35 -16 51 48 13 81 94 68 -50 40 7 50 -89 97 42 14 97 -73 45 11 -20 -18 -49 95 99 -88 -21 34 -63 -39 
-50 -40 -93 77 -44 2 81 90 -67 82 -38 17 59 42 -37 5 44 30 18 -39 -41 -20 85 -92 91 -96 17 -89 5 38 75 29 -66 29 -67 -62 -84 -9 27 49 -10 -29 81 75 43 33 -41 47 -70 53 74 58 20 -43 -66 -33 16 -57 -46 -24 -5 63 77 -3 29 -61 -86 47 -20 44 -65 65 -93 -19 2 -25 -82 48 -10 59 34 -20 76 84 -66 0 49 83 -11 59 -59 -85 -37 -99 3 -90 -5 -86 0 -78 -95 50 -97 11 -98 88 -41 35 20 45 22 -31 -63 35 -86 -66 -19 97 -94 75 -18 26 -44 27 -96 -63 62 46 34 46 23 -31 97 -39 -24 52 41 -67 3 74 66 -26 -30 -67 -68 40 -43 63 23 99 -15 57 19 81 54 -88 -79 -47 -60 43 -5 86 -42 28 7 -10 -56 54 -98 -51 -3 -61 18 -20 27 6 -42 79 55 28 -34 -16 -16 42 33 -9 -95 64 -32 -73 2 -94 40 -81 -7 -99 -2 82 9 -26 39 33 -50 -32 85 -59 -1 72 -1 31 70 -58 -35 -74 11 3 70 -18 -11 71 41 32 29 -71 -23 85 64 -49 77 42 54 67 -11 -54 15 -66 -81 -74 -30 -25 19 -27 -57 -49 82 96 -77 -58 88 -52 -65 88 53 -93 78 -28 -75 -73 -83 36 36 73 -27 85 -66 -89 -42 -96 -45 -60 -94 -76 -39 -27 24 94 98 61 -16 -42 25 -27 -21 28 -42 49 85 -73 50 45 44 47 -26 -28 -62 6 -32 -57 26 40 
70 42 -86 21 14 33 -52 -89 -97 -15 74 44 65 8 -23 34 24 -47 -66 -24 97 -27 17 -32 -30 -66 69 -27 96 -8 77 67 57 -39 -15 67 -54 84 25 96 30 89 21 26 -97 -2 -8 13 32 -25 -14 -65 -8 -97 22 -55 -49 79 98 24 -28 65 -84 74 19 -50 53 24 -30 -83 47 -17 65 -2 -6 22 16 83 99 -31 77 2 16 -21 -98 25 -13 21 88 -71 -96 27 -40 -28 91 43 -27 -72 -1 -50 13 -82 17 58 -99 -75 -22 -86 56 1 -9 -3 -36 50 10 49 45 -7 -11 -65 -2 61 -26 -56 -64 -24 33 54 47 74 -16 64 46 -60 -51 44 -56 17 36 13 -8 -49 -98 26 -56 64 -30 45 82 54 -83 -78 78 56 79 35 -41 11 49 16 83 98 -88 18 22 -39 6 -44 47 82 42 -7 -97 -5 -54 -55 -17 50 -95 33 -13 53 -62 44 39 -48 67 -12 -3 69 -72 -2 -98 -27 -98 22 4 89 -39 -29 -89 57 19 23 45 -11 49 7 -44 -54 -93 39 -85 31 31 61 -34 -83 0 -80 -3 -60 67 -33 35 -4 -49 -15 -99 31 67 -36 77 -56 0 34 -73 -78 87 25 -80 14 79 -81 -71 87 -75 -36 -5 -86 -50 42 88 -60 -51 -12 63 -65 2 44 69 19 -10 -29 4 -64 98 -78 95 -24 -56 -88 43 52 73 89 10 55 22 -98 38 -94 -63 -66 42 -17 -4 83 -56 77 -55 97 -24 83 75 -8 62 25 -93 9 
15 -5 -83 72 -59 -83 15 0 46 96 9 54 56 -85 -8 64 79 -86 -86 43 -52 -17 -52 8 2 48 -54 -12 65 66 29 -84 -73 -45 -17 9 -62 58 48 59 -23 -33 48 98 -14 -41 26 -66 62 -30 18 -51 57 67 -76 1 -92 -64 38 -50 -57 -91 -51 -43 52 -41 65 -14 8 -4 -9 -26 -17 -49 49 7 -55 -81 30 73 -28 -79 -28 -87 -32 77 66 63 -37 29 -64 29 0 -69 95 -57 57 -95 34 -35 -96 -94 77 -54 93 -68 -67 -20 -37 -61 -60 41 27 61 -17 12 88 22 -19 -56 22 9 98 77 -76 -91 -21 47 -76 23 35 68 87 -39 -49 -61 49 53 -32 48 -16 92 36 92 -99 20 6 15 -62 -27 21 -44 -20 -51 68 39 -87 79 54 -58 -59 4 96 -84 3 65 72 -54 -96 -11 -32 -61 -72 -20 14 -88 -29 20 7 -74 19 -69 15 -28 -86 -12 -69 87 -55 -58 -80 -12 -20 -66 57 85 -58 -15 -24 -10 22 72 92 71 -38 66 -87 10 -66 -57 -34 35 -59 93 7 31 11 -7 -82 -41 -89 -8 -76 -83 -41 29 -97 -74 -96 13 78 55 17 38 46 31 -32 79 -80 -69 62 71 73 -60 -37 52 -14 65 41 -40 74 87 12 56 24 16 -92 -98 32 73 70 -91 9 90 11 79 79 -34 3 73 32 -86 74 14 -65 56 55 62 -46 37 -48 -52 -74 -1 32 -47 -74 72 33 25 -78 65 1 89 -57 -62 42 -14 56 -81 
-27 -31 -6 -43 2 -88 99 -28 34 -91 -9 -63 0 10 73 -81 -68 33 79 -32 58 70 -73 -2 36 -95 64 4 -73 77 -79 -39 -38 12 29 25 -10 30 -3 -37 96 -95 -10 53 26 -67 0 99 -82 42 -53 81 15 36 83 -67 94 -33 -90 -77 -75 -66 91 60 -33 -19 -26 42 94 34 67 -61 82 25 -75 99 49 -40 1 25 43 -11 72 84 50 -15 40 27 -61 14 21 93 79 66 73 -52 -38 -18 -57 -34 -50 50 99 -95 -54 -23 45 -41 -69 67 49 5 -60 -56 75 15 -45 41 57 -68 -20 51 -42 -58 -59 49 44 -85 -29 -85 -3 44 38 -65 26 93 86 -8 16 -64 -18 26 65 -18 -48 -27 -9 3 -98 57 6 -72 -60 11 89 56 -22 -81 63 17 59 -54 10 90 87 4 -6 -33 17 -31 -87 34 90 4 47 -76 69 4 64 77 -94 17 -93 -73 54 86 0 56 -32 38 -63 7 8 -31 1 82 5 40 93 84 -38 65 93 -45 59 -36 8 31 63 97 -44 28 -36 98 -10 0 -61 -65 -50 -78 1 -97 -51 64 -90 -61 2 -44 -59 -48 30 33 -74 -96 57 27 -67 -69 -96 -2 -51 40 1 8 -81 -58 99 52 52 76 -51 -3 81 -65 -71 64 -99 74 -77 12 94 45 52 96 89 -31 53 73 -59 59 37 16 -81 15 -46 -2 -76 52 92 14 99 93 -51 53 -8 21 53 -86 34 57 20 48 42 88 90 -13 17 -59 73 81 
-48 32 58 38 15 68 -92 -55 -87 61 -97 -88 34 96 -17 93 92 43 -22 78 -60 31 99 89 -58 -22 19 -19 -84 27 57 -63 -47 63 -39 -87 -77 -27 -28 85 -1 64 12 2 -80 60 95 15 -74 -56 -97 -76 25 -64 38 56 -71 9 -9 48 -92 -32 89 80 -93 94 20 -81 -26 34 67 25 73 84 -85 37 -66 20 -53 10 77 64 -25 -25 79 -95 67 -32 50 -66 -24 -78 -43 30 68 57 23 64 -79 95 -52 -48 -69 -5 -59 -56 50 -2 97 75 -61 -97 -85 7 21 -12 69 -63 92 -64 -66 39 -50 -35 11 -56 36 -97 -42 -95 -37 48 66 -44 38 55 -82 -75 -63 30 80 53 87 -57 -19 -96 -54 79 -57 26 32 37 -79 72 -27 -31 -73 -32 -18 16 12 -53 -8 74 0 -64 85 -36 -32 -95 -28 -29 62 45 88 -54 67 14 -66 -69 -42 -39 18 41 -72 42 -18 -44 8 24 -26 27 65 -85 -4 37 -69 47 40 40 32 91 34 89 -61 -62 50 87 11 62 -85 -81 19 -72 -4 -49 -12 -44 60 -92 -62 -35 92 -73 -88 64 -19 26 -47 -28 87 98 99 22 -55 86 -86 -54 91 41 94 33 31 -86 12 39 55 60 45 13 -30 37 46 34 32 2 56 44 -39 28 -60 57 25 49 -65 97 -60 19 -93 13 -53 41 46 -89 39 17 65 74 97 31 -45 77 -45 -13 40 76 -36 -31 50 -97 -36 -9 78 -90 -6 -97 86 -90 0 -87 
81 15 -40 19 -26 69 39 -39 21 71 -28 -51 -46 11 -67 29 -60 63 -60 -94 24 -52 97 95 -66 1 15 -43 11 -81 54 17 -18 20 23 1 -37 83 -55 -97 -30 65 -59 -67 -77 67 38 60 13 28 24 55 87 16 15 79 49 -2 -77 81 81 43 39 83 63 28 38 -90 -53 -10 82 97 42 -45 -58 -5 -77 98 17 78 -95 -64 -40 -47 62 76 -18 -17 17 95 30 33 46 1 -23 -46 29 -35 57 97 38 19 56 98 88 99 60 44 -7 85 -39 43 -28 77 -98 32 82 89 -58 67 72 85 62 -60 -98 35 -37 -33 91 24 7 76 -8 -1 18 84 -2 -77 -68 85 86 3 41 6 86 7 20 89 -69 16 -13 98 96 -45 90 84 -42 -78 -93 26 45 -10 96 -8 80 -48 -3 -68 -89 42 -69 21 1 -41 40 53 97 78 93 -52 97 76 87 64 18 20 -1 -17 -32 -36 1 63 -70 -88 78 81 20 32 -95 13 10 6 -18 44 -19 -80 20 -37 -99 -30 -17 62 56 -46 24 -81 -55 60 85 -20 -68 59 -22 -29 -38 33 52 -51 -97 53 60 61 60 91 -46 -16 -83 -17 -9 75 36 90 93 -85 -9 -5 57 -88 94 -16 -78 -83 95 -28 -11 7 7 62 -4 23 -61 91 67 42 -65 -28 -71 92 74 -24 -95 96 93 46 44 -49 -1 76 -69 -80 -65 94 98 -73 85 58 -75 55 -91 35 36 -35 46 89 4 80 -42 -85 -67 54 
-94 -14 -3 92 -95 -29 -2 45 24 67 -71 -15 40 93 83 -22 -27 72 92 -35 23 52 -26 -3 -7 -84 -37 65 95 50 8 50 36 -35 45 -40 81 60 0 35 -79 -98 -48 -90 37 74 87 62 6 96 10 13 85 72 93 -96 56 -99 -82 -20 -38 41 6 88 71 -5 41 23 16 -25 37 54 -10 -89 -24 -6 -5 -3 -63 -61 16 -58 77 -94 -57 -13 24 33 93 -94 50 -92 -52 74 -8 -59 -1 -50 -10 -29 77 -96 -88 -4 45 17 -73 32 -39 -53 -63 -74 77 17 -30 -22 21 81 -61 -39 -59 -79 -39 -46 26 -62 -89 7 -16 -95 -26 51 83 94 38 -80 80 78 72 -85 -36 75 71 -29 -87 -74 -89 -71 61 -27 24 -39 16 64 -77 -6 14 -57 -15 -82 -32 -74 -44 78 29 63 -91 -20 -65 10 -36 94 11 60 -64 -14 18 66 -64 84 -18 72 -51 66 45 -81 91 -73 40 2 -17 65 75 -57 -88 94 89 53 -36 -43 92 -76 27 -77 20 45 6 -21 77 34 26 2 12 52 55 10 71 62 -32 18 83 -46 -44 -63 -57 84 -40 35 18 99 -13 -68 82 -3 -29 41 92 98 -29 -82 81 88 41 0 30 -16 -97 -48 -21 -67 67 26 -38 -99 -38 -82 -17 5 36 68 15 40 -90 78 83 66 -85 -7 -30 87 62 68 65 -53 -77 27 92 64 60 -54 -97 -99 -86 5 78 73 -57 -46 -75 -44 18 58 -74 35 7 66 48 99 57 80 
45 75 -71 -9 50 -7 20 -7 98 -43 -87 78 86 -2 -20 41 78 32 50 -47 74 51 -69 26 -26 -20 -29 63 -85 -74 76 -97 20 52 -40 10 28 -60 33 -30 -68 -16 -13 -70 86 -82 83 -18 56 66 -84 -78 -82 67 -54 97 -35 27 -33 64 60 -30 -3 88 42 73 96 11 -24 -39 5 -5 -81 -69 -41 -23 -91 84 -79 -32 -52 -5 -81 26 -82 43 -20 85 14 -71 -90 26 -87 -79 54 -39 -26 54 -46 -89 49 91 -75 66 29 -18 47 -74 1 49 2 -27 71 -35 46 -3 -11 -53 28 -96 83 -35 60 -63 -57 -72 31 72 -11 -92 28 -82 47 33 -71 -57 -48 -85 -47 44 -9 93 -85 63 -76 -13 -96 58 -50 -58 -34 -39 -18 12 -43 79 -63 72 -11 -59 39 76 30 73 15 -52 96 -51 15 -98 52 97 21 -37 -6 4 -85 67 38 66 6 -11 13 29 30 -59 16 -35 -75 27 67 44 -74 -71 79 -20 -21 -76 -10 -31 64 47 6 77 77 63 -80 -12 97 75 11 -29 -62 42 -62 39 -73 85 -61 70 -18 -69 88 -45 22 -35 -89 -63 10 50 -18 -14 -13 -18 -51 -59 -8 -69 -15 36 -25 7 -72 86 39 -13 -15 88 19 43 32 96 31 52 82 77 -44 82 -64 4 -41 -57 -75 9 -79 2 31 5 -89 29 -39 -67 24 -76 -24 87 50 -28 -54 -96 -36 6 85 -89 41 -15 94 -23 -70 -29 47 72 54 -54 14 -55 -23 -2 81 85 
89 86 98 -40 -93 81 19 -55 89 4 -41 35 -69 -36 -98 9 24 -76 -84 49 56 -15 84 -72 -29 -65 62 -5 -82 54 8 -42 33 93 61 24 -73 -2 70 -6 55 25 -92 4 4 -34 26 -17 -26 53 -52 51 97 -58 -37 -81 96 -88 26 -8 81 -12 -70 95 24 35 -7 -65 34 -77 84 -3 -41 -32 19 20 -87 -8 -46 -82 -4 93 75 35 -70 53 80 90 66 -55 5 -4 53 -56 48 65 56 92 -85 -77 93 98 98 13 -77 -37 -63 -8 -35 86 -77 65 41 89 58 -48 68 -73 43 48 -42 93 -83 -37 -68 60 -27 -66 39 44 -6 52 13 96 92 -69 49 -62 -84 -74 46 85 -15 35 -92 15 -63 44 -51 34 -58 96 98 16 86 12 -74 9 63 -8 -76 64 78 -49 81 87 -71 0 -47 80 20 -14 25 -41 -62 -62 37 -89 98 53 -85 -25 76 98 -77 -33 -13 -42 25 -78 21 30 -22 52 -41 -60 99 -98 14 -99 -38 43 -4 -30 13 67 -9 -92 -15 9 9 18 -45 11 -41 -50 -16 -72 37 -89 -1 -73 -34 -66 -87 -90 42 -29 -20 99 34 8 -85 72 70 -31 -99 -27 32 46 19 -61 -55 -64 40 -65 -17 -26 -56 77 69 11 -6 -54 89 -51 84 -72 79 89 16 -30 87 62 99 -55 78 -96 26 96 99 -50 55 -7 -68 -33 -14 65 -48 -10 42 -76 -7 93 70 -32 -64 86 31 -2 33 -27 11 65 84 28 45 -34 6 58 
-28 -12 -29 -93 -16 59 71 37 -13 -13 82 -86 37 37 64 90 -65 -26 -77 -81 69 -61 79 -7 85 66 81 -30 -70 37 47 -55 -99 -7 40 -93 -54 22 80 33 -52 -54 72 22 -73 -84 18 27 70 8 84 47 -42 33 74 85 -1 -82 16 -87 -90 -11 -57 38 -47 57 -87 -36 -76 -41 86 69 24 48 96 -45 -43 -77 3 -38 78 -88 64 -96 -92 -42 -48 -56 96 -43 35 -21 -78 -84 -18 -23 50 -16 74 -75 82 13 -37 91 -52 0 -57 50 20 15 46 -87 -68 -79 -76 13 36 -81 58 97 -35 -78 -99 -14 12 -30 -2 27 -42 41 88 -69 31 -11 -2 7 29 -32 78 70 -13 79 -13 -6 -77 66 -4 66 44 52 86 -99 -95 7 51 45 76 -94 -31 84 -43 25 0 -48 26 87 21 85 90 45 50 13 -91 65 78 -50 51 -88 -34 47 76 89 -58 71 64 8 75 99 -79 3 -46 -59 -30 -70 -71 -78 -99 37 13 92 3 -74 16 99 80 51 -83 20 98 12 62 37 -77 91 -57 -44 34 -18 35 -12 -3 -62 23 84 -32 -59 9 1 69 -35 96 23 82 -37 -52 48 -89 -88 -87 8 -41 55 58 -54 86 48 -49 -3 -13 -22 76 44 3 -17 -73 31 99 44 58 -85 -74 -10 7 -98 22 39 29 -56 -79 49 89 -57 -95 -10 -59 -87 -81 -54 -23 -65 7 46 21 31 -49 -60 27 -72 96 -47 -99 -48 -26 -37 -37 -19 29 -98 56 95 
77 -2 16 86 -12 26 -22 -94 79 98 43 -64 24 29 -25 74 29 70 32 16 64 44 -90 92 98 -2 -77 -55 24 90 39 44 -6 85 73 61 -29 -94 -20 55 77 17 -83 63 79 -34 -17 -4 -60 -96 65 99 91 -46 -64 -49 97 70 -5 -97 37 9 -3 -42 61 -96 -12 53 66 30 -29 -76 -2 -56 -90 78 62 26 41 45 -34 -39 -11 11 -89 -15 43 99 14 17 -33 -70 -51 -74 32 38 52 37 34 -57 -4 66 55 97 41 44 83 35 40 -93 23 -97 -99 26 85 81 34 -99 -25 11 3 71 -97 61 -54 35 -10 -90 -18 71 29 -91 -6 -59 -50 -4 -16 18 -90 18 59 -98 80 77 49 81 -87 69 19 -9 -45 50 -67 64 15 98 67 -4 63 30 -20 -17 5 23 9 46 -85 66 -80 93 5 7 78 33 -87 41 98 35 -27 27 5 81 16 79 -17 86 59 -64 -72 -71 -77 -47 -44 -53 5 54 34 -99 -40 -14 -83 27 -1 80 -30 -79 29 -40 47 59 -82 -27 -94 -13 -59 -9 -86 93 73 95 55 16 -80 -74 63 -1 18 68 -90 19 37 -7 90 -30 -63 -59 -16 -22 87 98 -61 -76 76 -47 84 55 -79 -30 63 -32 39 65 89 -29 82 27 36 -26 -84 24 53 47 -20 90 70 71 71 -9 18 -51 -42 14 -70 57 56 41 -51 -39 -37 35 -49 -10 85 -39 -17 -32 -12 30 -79 -34 42 -21 -5 24 99 -91 63 9 71 -72 
79 39 -80 30 -45 21 -54 75 -46 -89 17 95 -61 -31 17 -72 68 45 23 4 74 -69 27 84 -87 -78 -11 -93 -9 54 83 9 92 -14 69 -37 -70 36 -23 -77 -2 39 49 28 -29 -91 -9 72 57 -99 -78 48 -97 -42 -91 56 28 -95 -17 41 -50 79 1 -74 21 50 -20 -75 -51 -79 64 13 94 74 -98 -64 -98 -57 -30 65 39 31 30 -44 55 62 72 37 11 -67 32 30 -46 80 -5 61 81 -39 -97 -7 -49 23 -69 3 -98 76 30 -49 -99 1 -1 72 17 62 -24 84 -39 -11 -82 1 -91 31 -35 21 58 -15 -18 95 -68 -91 -96 -63 55 -49 -19 49 54 -33 36 -30 47 -58 -63 20 40 -54 61 -46 31 13 -14 -50 14 -48 89 57 36 -16 95 -61 9 9 -6 -42 -39 -87 -35 66 37 -3 0 -16 0 86 -81 67 -64 -98 70 -22 -83 -63 34 -19 -67 -22 -8 12 -33 63 8 -4 66 46 63 21 10 41 -87 2 -86 81 16 13 -67 19 26 1 44 71 -67 -65 -14 -39 32 -44 -16 54 72 52 47 69 -56 -98 -35 -71 80 50 61 -67 64 97 -10 59 55 40 -70 -15 -45 36 85 0 59 31 -81 12 94 30 -1 -13 9 -23 -81 47 -65 -81 14 94 28 66 -50 49 75 89 86 -94 37 -56 54 93 -54 -49 24 -43 -64 38 39 -51 80 56 -13 46 -40 12 -67 37 30 74 36 49 -99 54 -45 -21 -55 78 71 -14 91 32 
83 49 52 86 -61 74 -4 19 -13 92 62 -84 70 30 28 13 23 9 -45 -43 32 21 36 -39 6 39 -47 -6 -11 -2 95 -25 -95 19 72 12 85 -50 21 69 -89 23 -73 -81 -47 68 64 -67 -99 -74 -19 -16 -19 -94 -11 27 9 11 57 -6 -3 -33 -63 73 -13 -34 18 -72 -98 -28 -64 -21 6 55 -29 -61 -86 -50 62 -50 57 17 -73 2 43 -76 -75 58 50 71 -38 67 -33 -18 -14 -78 43 48 45 -7 -65 64 11 -33 -83 -39 -93 77 -54 60 31 10 -37 -96 87 23 88 -39 86 89 59 58 -83 30 -53 -6 21 -55 -33 -46 -74 1 47 -56 -3 14 62 -21 55 -1 89 -16 -76 83 -68 7 -92 81 -31 99 -69 48 -50 6 -82 60 -32 15 -29 -4 -35 33 40 38 -55 -13 -74 67 43 73 19 66 -36 -36 -93 41 -73 8 -92 -17 -20 82 -6 96 75 -53 -27 -32 -30 56 -94 91 -47 98 51 -48 -19 -31 37 98 39 8 79 -1 -34 41 90 -87 23 -17 22 21 65 -18 25 -46 -93 40 37 -9 -59 54 -21 -55 28 -39 98 -45 87 -5 -15 43 9 -60 63 19 72 52 -65 90 -60 -60 -68 -77 79 67 -17 -30 24 -93 76 -6 -87 77 86 28 -65 22 2 20 42 -36 39 2 89 -45 -55 -27 -94 95 42 -2 -91 14 -4 44 -76 -63 44 -7 -11 -35 4 8 99 -11 6 -86 61 84 -6 -48 -64 -93 77 -33 -2 -64 -92 70 
1 -68 95 86 -57 4 -80 -96 9 -18 -74 98 74 30 -56 91 23 -85 59 -65 41 -58 -80 -84 37 -88 -7 96 -35 95 16 19 72 -80 -9 37 31 -96 -47 -21 63 61 92 -76 -67 -89 -33 -69 -75 -90 -19 -15 89 55 -31 39 62 -64 89 -91 64 -26 -50 87 14 77 -98 -40 13 -97 27 -18 -8 91 -43 3 61 -53 89 -22 17 91 -14 -11 66 11 -54 -52 39 -73 85 20 84 -91 -4 -93 31 -46 81 -6 -98 -80 18 -16 76 55 74 32 72 5 -57 -23 31 41 -34 35 -58 60 -2 -40 40 31 -24 8 -8 31 57 71 -89 94 -68 -27 -39 5 -52 85 -18 61 -52 71 87 -50 -34 -30 7 -1 29 -93 2 -83 -45 91 53 -75 -30 -54 -1 71 -86 -63 -53 39 -72 96 -37 0 50 83 -48 17 93 74 -57 -25 80 29 98 6 91 -51 -23 -47 -10 -77 42 -57 23 -63 31 -46 -38 -44 -47 -76 30 -75 -4 -53 38 -61 5 24 37 -40 53 -65 -46 53 -92 94 84 -66 -91 -57 -45 57 -48 86 -32 -89 -6 63 72 9 50 15 7 44 -8 14 -93 -27 77 -87 53 73 -53 15 65 -94 10 95 83 1 88 -14 51 2 40 85 -15 31 -97 -82 -2 8 73 -26 -90 9 62 98 58 -64 81 -23 -39 -77 -5 -4 -28 11 99 -98 -20 -17 -19 -88 22 86 9 -4 -68 86 21 -39 -30 92 -29 -77 65 -1 98 96 -21 75 -23 -93 -76 -85 
85 -79 -22 24 -21 -67 -60 74 36 12 24 8 73 -59 -51 31 57 35 98 30 -64 -83 17 24 -96 29 -35 67 -98 -14 -11 15 15 -39 -65 -39 30 -58 -55 35 78 -91 28 -44 95 -32 -16 -87 99 42 -93 -48 8 3 -83 -10 -7 -15 -9 -49 -93 -36 11 -45 28 19 -30 1 85 8 -78 -17 -86 -49 83 82 -18 -10 1 -58 14 16 -70 20 -61 27 64 32 -70 42 -18 59 -46 -83 -7 25 80 -75 92 86 16 -58 75 68 -72 -47 -16 -93 -48 -83 43 92 47 -81 49 24 -8 29 37 48 52 14 -64 -42 -79 -82 17 15 42 38 -76 -11 11 -54 -42 -62 16 -78 -62 36 70 50 97 -33 23 -26 91 -83 77 -88 95 -35 -49 -26 -65 38 -5 -32 -23 7 -39 48 28 -93 36 89 67 65 -10 -4 96 -18 -16 -41 98 -68 82 1 29 75 20 -26 -26 4 -79 -77 -62 56 -56 66 -87 -17 -4 -93 54 70 -95 -97 -88 87 -31 -89 93 77 47 69 58 -87 6 -49 49 49 19 43 23 83 43 59 -18 -69 -85 71 10 84 -43 -41 -7 4 -61 -23 81 -63 -77 -7 40 24 -68 -57 2 67 24 34 15 74 -75 11 -61 -47 -26 -88 -13 6 98 -25 2 15 -40 -49 -20 -70 -22 -98 -22 -90 -67 -29 -72 82 16 63 -31 49 12 59 -63 21 28 96 -38 -14 18 -64 -52 -72 67 92 -35 43 -29 85 34 96 -28 -6 14 64 55 29 24 -58 
65 -83 9 -60 24 -36 38 -13 2 49 -56 -9 -77 -16 9 98 -93 8 -10 65 1 -34 50 -82 -18 -99 19 -46 -1 87 -54 -9 85 46 -81 -83 -40 78 87 -35 -34 -54 21 -65 18 -95 -75 -45 -55 96 45 73 -94 55 -63 -31 -84 63 -38 -39 -85 58 -11 45 60 62 -27 -80 -33 65 66 -19 83 61 -64 -51 77 10 62 92 24 -1 45 22 54 13 14 -80 -72 56 96 -36 64 49 -74 82 -42 -98 -7 -81 -30 -83 -99 16 98 -3 47 -6 -79 71 -64 -61 -99 83 -80 -38 62 95 16 -63 -48 -89 -47 -61 26 98 -57 -90 -12 -37 -53 -88 6 19 65 23 -66 87 -75 -9 80 58 70 81 -92 -86 73 -26 -11 -46 88 17 32 -74 -59 -45 -46 39 -28 30 75 43 -52 -6 92 20 -23 -90 90 -9 -47 -40 2 -63 -59 -61 25 50 -73 32 8 -31 56 -14 -73 -74 15 -21 -16 -31 -40 44 55 66 53 87 -42 34 1 -51 50 -33 58 -53 43 65 -40 -42 -54 49 -22 -57 72 -17 -44 96 40 -1 79 -60 94 45 -71 45 76 21 3 13 -87 33 -85 -23 -61 68 -82 95 6 70 95 13 -59 -4 70 -62 -20 -31 -28 -99 89 97 -21 -72 -85 91 -84 91 0 22 -55 86 42 56 40 -74 -4 -57 -51 -22 74 -31 -78 79 61 38 -72 -51 -92 -39 33 -24 -30 34 -25 -2 -86 -78 36 -65 66 -17 -89 50 81 1 -19 87 41 -31 -14 -69 
10 -91 93 -45 71 53 20 -66 -54 57 -52 -2 87 18 5 32 -55 16 18 -41 95 -54 75 78 76 95 17 -79 71 52 -60 50 86 36 -54 72 45 46 29 -52 95 -50 70 3 32 -79 23 76 37 -15 3 -91 20 12 27 -26 -14 99 42 41 63 98 -63 -70 89 89 91 -44 38 86 -18 75 73 61 -33 -6 -98 10 57 5 -65 98 9 91 15 83 98 36 14 98 -37 33 -93 6 45 -8 -14 -62 -42 29 -49 -28 -15 95 -27 -56 82 65 -90 82 20 -12 26 89 -64 -23 -93 56 38 -74 -56 42 -35 -26 -65 -66 15 21 55 46 49 10 -3 -38 -41 83 -1 9 77 74 -87 63 31 93 12 23 95 63 31 -46 69 -69 -61 -58 45 -33 63 -92 -57 33 -46 76 16 -23 -31 46 33 78 72 69 -45 44 -51 75 92 80 40 22 11 13 -98 -69 31 40 73 -61 -52 -50 -13 -54 -64 -64 -81 -49 -76 41 -95 -55 86 14 -42 -71 64 23 -98 37 -46 75 -96 76 86 51 81 -63 -92 68 2 36 29 87 -24 -2 -21 70 31 -12 -87 7 -44 -95 75 53 64 56 -97 25 33 59 39 32 -93 -99 69 29 -22 51 27 -74 93 33 58 38 83 10 8 3 -45 37 6 -90 -82 -99 -96 -78 -83 -18 -23 -42 50 53 -77 -66 1 -56 -10 -36 41 14 67 -47 24 60 83 94 7 -80 33 -66 -5 9 37 78 -34 -25 18 -91 -50 -36 -58 -41 
-26 -11 54 57 -81 -86 -46 99 -94 -34 47 -82 -77 39 97 -26 -43 -67 -54 87 -26 11 54 7 56 94 80 -71 -87 -6 -3 62 71 -97 98 -20 -99 47 -53 -24 48 37 2 22 89 -42 39 25 54 -88 -84 -79 -44 76 -84 84 56 91 -36 -3 65 -77 89 -70 -79 88 65 -96 -97 45 -31 -34 59 24 44 89 -55 -67 -71 90 -63 -13 -6 -82 -13 -27 -40 -72 -53 57 -45 88 -86 -70 42 53 13 -25 -88 61 59 4 98 -67 -91 52 99 -19 83 -59 -3 -23 -50 81 -26 -7 24 -74 -61 50 17 18 18 -58 77 58 28 87 -47 49 3 48 85 -51 -41 38 77 -25 -94 -86 79 91 87 54 87 47 65 24 -62 -40 -51 -5 75 -10 63 -10 87 -52 95 -84 -10 61 -11 90 -60 -32 54 7 -38 -25 14 2 89 86 -10 53 -10 -65 20 -18 -24 92 -35 1 -30 -77 83 31 -12 -34 -92 -17 21 26 -4 -26 -38 11 -35 59 0 32 -14 -8 -20 27 -94 67 8 -12 -61 69 -98 -59 44 69 -68 90 11 22 -63 77 6 -34 51 85 29 48 -65 24 86 43 79 54 65 -9 61 -59 -83 -46 6 -20 -2 -16 -11 47 52 30 -29 -32 -71 19 -65 -92 12 -31 69 -88 -94 -41 -43 84 27 -29 -67 -54 39 -1 -38 -81 49 -3 -39 -52 -74 -15 90 86 71 75 -59 23 66 -27 30 78 -42 -10 -91 -95 58 -85 38 -72 5 -51 -63 -60 -26 -82 
83 -86 11 45 -37 -76 -11 29 -28 59 -7 95 76 -12 -5 -4 -17 10 89 -73 -18 61 62 84 99 21 -78 -18 -18 -2 84 5 -54 -59 -13 44 78 2 71 99 -21 31 54 74 -77 -12 -32 -37 -65 -86 -1 -29 -55 41 -93 68 -24 -37 -48 -32 4 78 -72 -46 -91 81 40 -36 -42 73 3 -54 36 -3 -23 91 -59 79 -83 -85 -63 -65 90 75 36 34 -73 95 81 9 21 35 -80 3 76 16 -84 9 49 8 91 -43 90 76 -20 80 -46 57 -97 -84 -80 -84 20 76 -85 26 73 -45 -64 -43 74 16 0 74 88 53 -19 6 20 -74 -30 74 21 -65 -13 32 92 -1 62 -90 -44 10 -1 64 63 9 98 33 -82 -82 28 -60 62 -99 -30 -59 51 -23 36 -98 -10 -35 -29 -42 64 86 -40 -87 -31 -65 58 -50 -33 -61 -9 -49 -78 -4 86 72 9 99 42 27 -4 -92 -41 46 62 -19 -14 -23 37 -12 -33 -53 52 16 -47 -83 -17 -1 42 42 -89 -57 -54 -1 -35 -38 -69 15 -30 71 -37 30 -62 -53 7 -28 -49 3 -82 68 22 -80 83 93 -72 62 58 5 88 98 60 12 -60 57 -12 58 -60 97 31 95 -1 1 54 -75 65 -10 35 -9 -2 -92 -2 -26 -21 14 -5 80 80 24 45 98 18 -65 -93 -85 58 -21 -7 8 -90 54 68 -26 -58 -16 59 -20 0 -63 -91 7 57 93 73 54 61 -14 55 -49 78 95 -34 -50 -50 73 -15 -32 
-22 67 46 25 -22 78 -68 78 91 -18 0 -37 -56 82 38 85 34 17 70 34 -2 15 25 -24 70 65 12 72 -91 -58 47 20 -75 80 45 46 33 -53 -5 60 -84 14 -20 -63 -57 -79 -84 -78 76 0 -74 -2 -38 -59 83 -6 -83 -77 -72 10 96 29 55 78 -30 -30 -96 -93 -61 -35 -94 71 66 -33 -23 -10 90 71 -90 -95 46 24 -76 61 43 -65 -46 2 -79 48 -69 -65 30 23 55 50 -36 -51 74 2 -62 34 60 90 38 -16 -80 -87 -8 -47 2 -77 -18 3 -38 36 41 96 -30 -40 -30 86 55 -84 -61 4 32 68 4 30 29 -41 -13 -14 67 -7 -27 11 78 51 -33 -89 -78 90 37 -89 13 29 -64 -15 -51 -9 61 78 79 -16 28 49 56 31 99 -50 -83 30 90 -88 80 -50 57 51 74 54 -90 -47 10 -45 -56 -81 0 -24 18 94 48 -19 -28 -7 -5 -2 19 -36 -61 -2 -95 -22 95 -32 -38 34 1 27 -75 40 -64 -73 31 84 -48 -46 14 -74 -76 -25 92 -22 -24 -88 -9 -4 5 47 -56 -46 -93 -76 -13 46 75 18 94 -27 73 55 -14 -93 40 -25 -12 -93 -18 26 4 28 -4 20 77 -17 49 59 -80 -84 -8 -81 81 81 -1 -9 93 -52 -27 -76 29 -60 -43 91 35 -88 -90 -69 13 80 -58 -63 -17 -15 -89 3 0 -77 1 64 -61 42 52 -43 -44 75 -66 -50 16 71 -12 -78 18 79 54 24 -92 -26 78 22 
-13 -67 24 13 1 14 -29 -91 71 71 -26 62 10 -71 26 8 -63 58 -94 -91 -7 -62 -69 14 91 -4 -82 -31 87 79 -38 -26 37 -16 30 13 84 2 -39 19 -57 -35 58 -50 71 58 -99 9 -92 -50 -7 -61 -24 58 26 29 -4 -41 40 7 -98 75 -81 74 1 85 45 -10 40 -40 77 46 -16 4 -44 56 41 -93 9 -71 -5 64 16 75 27 78 -92 27 -81 -35 -67 -21 -7 70 -77 39 97 16 -39 27 -11 -39 62 -71 6 50 47 69 84 -50 29 32 -26 -21 -57 49 -77 -95 26 -38 -37 5 -86 22 -17 36 24 13 -76 84 -47 -98 -38 11 4 37 67 -40 -73 -90 11 -12 52 79 -68 67 88 -48 84 -95 40 84 77 -61 51 -30 68 7 20 38 -12 -6 -59 21 -96 43 2 -31 8 -79 1 -77 10 -43 48 -8 0 33 -23 -95 -87 -25 91 75 55 81 -42 85 97 13 -12 -81 -86 -20 -76 88 4 -14 -30 20 -91 49 87 22 -16 -19 68 -11 -42 -27 14 -6 -79 -55 -1 -25 -63 15 -9 -72 94 79 17 85 -32 72 -88 -30 -33 97 32 -21 33 -77 18 -54 13 -79 -94 50 96 -84 84 0 0 -30 -73 -11 73 -19 -11 17 -71 29 -59 68 65 -38 -3 26 -59 31 62 -67 24 -17 -29 -4 -43 93 37 53 84 15 -48 -69 -42 67 54 86 -68 -47 -65 -31 -16 12 -59 -41 -35 -63 15 -83 -80 -28 75 63 35 66 0 -95 
-10 15 80 36 -28 94 -8 -40 -90 -14 36 61 87 98 -43 -35 23 -24 11 77 6 -52 -51 59 -55 30 35 -85 0 -60 -90 97 -71 -69 70 69 -13 -34 59 -46 20 70 10 7 -35 48 -68 -54 -13 60 89 -26 -27 -59 -8 37 -33 48 -15 59 -35 97 -21 99 -28 12 -83 -84 4 -93 22 10 97 -75 -76 -21 31 -38 -55 14 -71 74 61 26 -38 -76 19 62 53 63 44 -30 -45 31 -30 -5 -38 -34 79 34 -57 58 27 -78 -4 18 -62 -74 -63 61 31 39 15 17 -43 43 -17 -97 -82 -26 48 42 15 7 -92 93 -12 32 56 22 93 48 -30 -44 -99 -23 17 81 92 -38 41 32 -31 -83 -74 19 86 -7 26 76 -82 -23 41 15 42 -30 72 -99 -47 21 -11 75 -23 11 95 -69 15 -40 41 43 -93 96 83 20 -49 -30 51 -62 -94 78 58 -91 -1 -31 -97 4 18 78 80 -68 60 -64 75 16 -42 -66 46 -89 -47 -48 -6 24 -86 -99 50 -96 46 88 95 30 82 -7 26 58 18 13 14 32 -18 -80 -60 -7 -77 45 73 -69 10 -4 -11 -48 -88 62 -87 11 -78 42 -92 -47 6 55 76 -54 98 -71 -9 -86 -88 -1 3 -19 -83 42 -95 -44 29 -20 -75 -32 -80 68 -58 -93 36 -38 15 -83 23 16 -4 -29 59 80 -80 66 45 38 56 56 29 -86 10 -69 -47 91 8 -47 15 -66 14 -60 -44 -14 -34 -41 -55 86 32 -13 -13 16 
-91 21 -19 10 69 -34 29 -28 40 67 -69 -28 22 -44 -36 -60 63 45 60 -70 -95 52 60 80 -32 -51 8 -34 71 -7 60 62 12 95 -42 -22 -54 84 36 75 74 -77 58 20 -63 -74 -94 -43 -5 -42 -39 87 -59 -24 60 45 36 52 5 92 23 -97 -29 7 -76 -82 -75 -46 -53 -12 -4 -77 1 -74 -69 -69 32 42 -53 -59 -25 -55 -79 -46 45 -91 -9 1 -31 -29 61 -78 18 -51 60 -70 35 -61 91 -2 -80 41 -81 -82 -24 -89 80 9 -34 99 -69 -80 86 53 93 -93 51 -20 -98 35 11 -62 49 -61 -93 24 14 71 -79 72 -47 -63 -43 -65 -41 -40 -66 40 -81 51 39 -43 52 17 58 -2 -23 86 -91 -21 -10 -73 -79 44 -80 57 45 -48 -4 38 66 95 -56 23 -8 -40 87 45 -79 6 71 88 -63 1 48 52 1 83 -52 60 -55 91 61 -46 -33 -83 -30 -48 -26 -50 -16 -70 -65 -21 -17 9 77 65 82 -68 30 -37 38 43 -83 -51 68 7 0 -51 62 -40 -71 34 -63 -46 66 -28 41 -70 -58 33 -31 -57 38 -41 -68 -61 -25 65 5 72 -65 61 70 -64 22 -21 10 27 -77 26 -12 -52 82 52 -18 63 -19 25 -75 -76 -20 12 86 -30 1 -1 -68 22 -41 -31 -74 16 -48 -19 95 15 -63 65 -84 83 83 76 8 11 68 -82 -90 46 -16 21 -48 32 96 92 18 -1 90 58 69 -37 83 -85 -67 -56 45 -3 -13 91 
-6 -85 -94 47 39 -8 16 37 -2 1 44 28 -71 -33 71 47 -53 9 58 -86 88 92 -19 27 -85 -31 54 -72 92 -85 -34 75 -28 90 -20 83 -6 58 -84 -60 92 1 -78 98 -84 64 -91 -9 33 -40 46 28 88 -79 -24 44 -2 -70 68 7 79 -1 -4 -33 93 -43 87 -14 65 92 95 -71 88 -54 26 44 21 44 -98 -19 32 -60 -30 -50 31 22 -86 74 -74 -77 -38 -87 -23 48 -76 -66 -38 5 -16 -21 83 -27 85 -88 98 59 52 10 -94 35 36 98 7 3 -41 51 -98 74 -1 70 67 -64 4 -57 -2 -80 -61 -30 91 -12 -24 48 -77 39 -38 24 -49 27 -92 -25 2 -40 -26 -16 58 3 91 66 -68 81 -85 81 40 86 77 -48 67 3 -22 -34 -88 -75 47 -58 38 96 15 30 50 -2 -88 10 -70 71 -74 -87 72 -81 57 -42 -1 -20 -44 -78 38 23 -61 29 92 -53 -11 42 29 90 59 -96 -70 76 14 57 -17 -16 0 17 81 17 46 -84 46 -70 27 -81 25 99 -35 32 37 -14 -36 90 -43 -3 1 15 -38 96 -43 10 9 -25 72 -72 46 -74 48 -6 32 -24 -30 -73 -44 -59 48 36 -19 98 -69 -49 -74 81 1 -52 -75 64 -11 61 76 13 91 26 2 -84 51 94 50 25 82 -99 69 52 9 36 87 -14 -84 94 79 -98 -83 -22 -99 76 49 -24 39 -15 -62 56 -16 39 -34 -45 14 -48 90 38 -83 -51 -61 -74 
-75 -50 -41 -34 -23 32 -33 -93 -17 26 -63 42 -57 -65 -16 -21 54 59 -86 35 75 -97 92 86 -72 67 74 70 82 -43 0 88 42 -99 22 2 -63 38 24 -18 -69 -15 17 -31 -56 16 29 -12 40 51 -5 -68 52 -69 -3 -52 72 39 -32 -69 93 -93 -4 -31 48 64 84 -75 59 -39 -81 -75 75 -44 -73 79 38 73 18 0 41 -81 4 40 -3 43 -50 23 90 -23 -51 -13 -56 -14 -67 44 11 -1 -91 -58 17 84 -40 -97 14 43 -15 -77 12 -73 -67 39 19 -50 -21 18 37 23 -30 94 3 -84 -61 37 73 -25 -35 -47 -19 -11 -62 -40 59 23 6 46 58 82 -82 -53 93 55 99 93 -20 94 -98 -49 14 -16 18 -27 76 21 74 -22 32 53 -8 97 -14 -83 27 -87 -50 55 59 -87 -36 38 -66 90 23 67 -76 -22 -27 -34 33 23 79 31 4 33 -43 56 -97 -72 87 -73 58 -91 33 -73 -88 -35 98 -79 -67 -42 -66 1 -11 -6 -11 -97 90 5 29 -26 -86 -88 -33 -62 -83 10 -64 -21 -82 42 13 -35 -43 -87 42 24 70 42 26 85 -9 -67 82 -5 -18 -11 -44 28 95 -83 91 -13 -35 57 -15 -64 87 -64 19 -58 -40 -98 -99 -65 89 -2 -85 79 -5 -34 -33 -51 72 82 -30 -27 -40 -93 -62 -93 -16 -52 -50 8 17 63 93 55 -1 70 55 28 78 -18 83 -71 -60 18 58 -43 60 -12 68 -95 28 83 -62 78 -20 3 
58 64 11 34 -29 -35 -84 -38 -39 -14 8 39 -58 -84 -58 -8 9 -94 -64 -81 -65 -16 -85 -79 54 8 -75 -25 -30 -75 -20 -32 -44 90 45 69 -98 -15 51 -51 -99 -49 20 94 86 12 24 -1 -27 -48 -14 -55 -89 17 24 8 32 46 -27 88 32 -85 -25 -17 46 -97 -99 -87 3 53 27 48 10 -36 -47 50 11 -78 82 -32 46 82 76 34 4 -24 -71 56 -50 -3 -3 -77 68 51 -3 -71 -10 12 -64 -18 -21 89 -75 -22 95 40 -66 84 80 -90 86 -41 15 41 -58 -45 9 41 52 98 6 -26 -36 -65 1 65 19 -86 31 63 -10 -70 -85 71 39 23 -59 -81 41 71 -90 -95 16 -4 -25 36 58 -27 -33 -75 27 64 -25 15 -9 14 -67 82 29 74 -77 28 -83 32 7 -92 13 92 -19 -61 -39 -85 23 32 -67 -69 -62 3 -81 47 -36 0 -97 48 -53 21 70 -55 -54 23 -39 -89 -70 72 -22 -67 -99 -29 -38 61 -41 32 -6 77 -74 -56 -26 -89 93 -58 92 33 0 -98 -64 37 -12 92 77 71 98 9 -40 87 32 28 51 -99 82 94 -44 -98 -1 -71 54 -12 99 89 -39 -86 8 45 -38 16 -80 -71 66 -15 11 54 97 -28 -32 85 51 27 -77 -13 91 35 86 -93 4 -57 4 -47 -66 37 75 -84 -76 12 31 -94 57 -23 79 -92 45 2 -90 62 28 -83 36 29 71 -80 2 -30 2 0 -38 -99 -70 80 55 -41 -31 44 
94 61 39 43 22 -91 -81 59 17 -3 -97 33 86 -63 48 -60 -30 78 -62 45 -77 -4 28 18 66 -36 -30 -27 -52 -4 -88 57 -89 98 31 -64 -45 36 32 -32 48 13 -52 50 62 23 13 -29 78 3 46 -13 -21 -56 -36 77 -60 -20 -25 -93 -12 -89 -8 21 -73 -8 -33 -15 -21 -68 -34 39 69 -26 -31 54 64 -66 59 36 -14 31 72 84 -87 24 -53 -73 -33 29 5 -4 62 -56 -82 -24 -81 -96 62 48 -40 38 -37 37 19 88 -99 -59 -30 -58 3 -12 94 57 36 41 -89 -26 -2 12 44 -15 67 54 37 -1 9 -10 -86 57 10 10 -58 -76 17 87 18 30 23 -28 33 -20 -64 -19 52 36 -96 -6 6 61 13 8 49 -13 -85 54 -44 45 69 -36 49 74 51 -83 78 -45 62 79 99 0 29 -33 87 -86 34 58 -46 54 55 34 77 -50 -97 84 -32 36 -86 0 42 41 -24 89 42 -29 -30 48 40 90 50 -67 8 -67 90 -21 81 -62 15 31 4 56 15 -43 -83 -35 -12 41 -29 59 -25 -77 -34 80 90 -74 55 -42 30 -90 75 -43 75 59 -66 21 -75 -46 72 -93 11 69 56 54 -78 -18 -39 94 4 41 -61 -15 -44 -48 42 51 47 57 -36 42 44 -31 9 -28 -87 38 47 -11 61 67 98 -59 -33 -93 -57 52 -11 93 27 -8 33 -58 61 64 60 -23 32 -97 -35 -33 87 29 99 -7 47 85 14 73 32 20 -22 -6 
-21 19 -94 -91 72 -80 -17 -96 42 -99 99 29 -86 -49 -31 -13 -57 -22 -92 33 62 51 33 40 -91 43 48 -66 -51 97 -38 98 -24 -13 -5 -2 -97 -14 -57 -80 49 -1 -88 87 46 -44 -21 -72 94 88 -51 60 99 -31 -42 2 25 -17 -42 17 -95 -68 -85 -21 -69 15 86 64 -64 -22 57 -53 69 57 -15 -6 56 55 -71 46 50 37 -21 -46 58 -93 3 -5 -60 43 -31 -49 -13 29 17 -71 67 8 38 91 -79 -50 59 -47 -33 -23 51 -74 -80 19 71 82 -42 89 30 43 41 -81 -93 -96 -26 21 52 -11 -5 93 59 -63 51 62 -75 92 50 22 28 -68 55 54 53 84 -8 81 -60 73 71 43 -51 -42 1 54 22 -31 -35 -20 -78 -49 41 21 49 -47 -4 -62 32 -90 97 -26 55 -89 92 -84 15 -96 -58 6 -53 18 95 21 -73 20 0 -42 -21 -2 58 -25 -91 83 -53 41 -63 -43 60 -9 -75 -53 81 -84 -89 -58 16 -17 -30 -89 80 -48 -86 78 -88 -54 37 50 -55 -61 20 -39 48 -74 -48 64 -15 42 85 94 51 -93 -85 40 1 -48 45 43 74 -61 32 -1 38 6 -54 -23 -19 65 28 30 -75 32 5 -12 -26 -50 6 -68 4 -22 70 1 17 33 -76 -16 99 -14 54 60 31 -67 -71 22 83 -81 90 1 10 92 -2 -96 -59 4 66 -27 -12 -43 -29 88 31 62 -51 14 -10 47 22 -61 68 -87 14 2 27 -95 -68 -72 
3 -31 -56 66 19 70 -12 43 36 17 -45 -27 -46 54 90 -35 -58 -93 53 28 42 -45 25 -42 41 92 11 -27 -17 61 59 30 -40 -34 -21 -14 -61 34 52 -78 -28 -38 27 5 -18 -55 -42 -47 -78 -83 -68 -96 32 25 93 59 66 81 -55 -94 -69 -64 74 68 96 -84 15 -68 82 84 -7 -33 -48 -74 -8 -80 95 -72 -25 -57 5 95 10 -71 -73 -78 0 23 38 -35 62 96 17 -8 22 15 3 82 85 41 5 50 87 -24 93 -10 33 -7 -38 30 25 -79 68 -91 58 89 71 38 -69 58 -36 88 -46 69 33 22 -42 -64 46 65 -98 80 -23 24 95 38 91 -98 84 64 28 -55 4 32 -30 16 -69 -69 -74 98 19 68 94 -69 24 -86 -50 16 15 -75 40 -79 -80 -89 -85 -42 56 -61 -45 66 20 68 -10 21 -47 55 79 -58 -45 -37 -73 -47 6 56 -4 94 -44 78 49 -44 -57 41 -88 37 77 21 -89 -63 -47 -39 71 88 64 -95 -81 -56 57 -5 -53 70 -59 58 27 50 51 49 12 50 -86 -23 -5 -44 99 38 98 -2 56 1 -94 -94 -19 82 -58 -32 -80 -99 0 56 -15 86 33 -81 44 -16 23 34 56 41 64 61 3 -83 93 -74 -75 -34 19 51 18 -2 -46 -61 16 -91 -22 -34 33 -55 -70 -32 -53 -6 46 61 -34 -62 22 -57 -64 52 58 53 79 36 33 -31 4 35 71 -96 69 -10 85 -26 -53 -57 39 -59 -2 89 
-80 -55 -99 11 -61 7 -48 -55 -86 79 84 -65 5 14 76 35 79 55 67 22 30 -72 64 51 46 12 74 -81 30 11 22 17 -40 -78 -49 60 -23 -74 62 62 -34 -58 42 -32 -98 -2 7 -24 12 13 -75 -71 -15 -44 0 85 25 -86 42 61 -33 27 -11 -96 16 -40 12 92 -59 -87 37 -28 90 23 29 60 -14 50 94 84 -12 69 -2 56 69 18 90 25 -6 5 -87 95 -86 35 -68 22 38 -86 15 -44 -82 -2 -42 -11 48 79 9 83 12 15 -23 14 13 -22 -76 -66 66 6 90 97 -34 -61 22 40 -24 8 92 -58 85 39 99 -6 47 -63 -78 -76 -24 -71 -40 4 43 63 -28 -18 2 -42 14 -16 66 -58 -28 -39 70 -34 -79 77 44 49 -6 61 64 -82 19 -88 -21 -51 40 79 58 53 5 86 -10 -35 -59 35 50 20 -4 -5 -57 -91 -84 -31 80 -2 38 19 50 -8 -26 73 -73 60 7 -22 71 49 -34 -74 -9 -71 80 88 76 15 -41 -87 -33 43 -58 -17 12 -14 -83 -31 -52 -56 17 -95 -24 -68 -22 -98 -64 -26 -26 24 1 47 35 25 -15 -38 2 65 -95 -26 -19 -13 -61 97 -62 -73 -93 50 -83 41 -61 -26 -87 69 -22 -42 -33 31 2 94 -86 -24 87 85 61 37 27 -44 -70 -32 55 -2 38 -8 64 51 12 33 -97 -29 66 24 98 55 -10 -53 60 26 47 -23 82 -12 27 55 -36 97 69 51 -48 -27 -97 42 
