300
-43 39 -87 -43 -43 -99 -55 74 53 -51 0 56 -17 -51 -2 -4 74 -49 5 -49 44 82 -68 -83 -92 16 98 -15 -28 -59 43 98 82 42 61 6 75 -28 -12 -84 -5 48 96 -31 -71 13 27 -24 -85 77 -30 56 -63 68 -11 37 -24 -32 -1 -16 13 -83 79 -93 17 86 -46 28 55 -14 -56 52 75 -8 -57 91 51 4 49 5 59 -52 20 -36 -15 31 41 63 72 10 36 -40 -84 17 91 1 58 41 75 71 47 -6 29 -56 -48 37 -54 47 -88 2 48 31 -40 97 -21 -28 -5 -11 6 -1 -52 61 -49 49 93 25 34 -55 85 -89 -78 17 -19 43 -66 74 -68 99 53 -45 49 21 21 98 51 -6 79 7 85 82 86 13 62 -96 98 22 79 -17 -54 -69 -47 24 65 -27 29 -90 -34 -37 99 90 25 -35 52 -63 -92 15 12 97 -94 -41 88 55 -42 36 57 48 -20 6 48 -70 6 -87 -36 41 -37 9 13 30 -24 86 51 55 -30 -10 84 -50 64 -49 35 -67 -83 13 -53 42 46 -37 -48 67 43 96 22 -97 77 -58 0 83 -53 26 67 41 -39 87 -36 -37 74 34 90 -69 58 35 91 87 -81 -81 -18 -90 55 47 -54 -70 79 -52 -66 -2 98 98 -79 -63 96 21 35 -95 63 -97 59 -19 70 4 61 72 69 32 63 10 -3 -83 31 -83 -99 -91 85 69 -38 -23 -36 43 21 90 -31 -85 -30 17 -57 -86 -25 97 6 6 -32 29 
-35 -32 23 63 -52 78 -17 -50 40 -76 -88 -6 -8 44 -92 32 5 60 -53 57 26 60 5 -62 60 -44 61 0 -16 -4 -7 7 19 70 -77 -51 54 -64 54 -15 3 48 94 -86 71 79 80 -78 -6 -64 -16 97 27 -54 -82 62 -29 -83 -95 -29 -47 -28 49 -6 16 -37 -13 -64 2 84 66 88 -41 6 4 -27 -93 60 55 -48 -15 16 -9 76 80 7 -29 -25 36 -58 31 -71 -16 18 -83 76 -2 25 44 -30 -8 88 87 19 60 41 7 -25 -77 -66 89 56 4 45 35 18 -56 -61 39 14 -68 -27 46 23 63 -51 -76 -97 -83 -35 4 91 -62 -87 0 34 -29 -4 13 82 -3 -87 48 -67 -70 29 -68 -88 85 -31 11 84 -23 17 35 -33 -46 36 13 18 -30 20 55 -97 -3 47 30 -47 68 -28 -50 22 -19 3 79 -27 15 -28 -89 -92 87 -13 -81 -78 -60 -59 -39 -99 -2 -46 68 -2 71 -44 62 -97 40 -22 18 88 41 2 84 -50 -24 73 76 0 -38 67 77 -81 -22 -57 8 18 -36 9 1 -72 53 -98 58 -89 -91 2 42 84 -81 -12 16 -14 24 -86 35 -14 -9 55 77 65 -17 -88 16 19 -39 -82 71 -32 -24 12 -56 -17 -48 -58 -42 -10 87 51 -50 73 61 22 87 -48 -68 -70 30 74 -48 76 -68 48 71 28 -72 -83 23 -78 45 -8 -55 5 -8 26 42 0 26 29 -80 -12 25 -79 -56 88 -89 55 -75 71 43 -5 
-39 60 -28 -8 64 -67 88 76 -2 -39 -52 73 87 -93 92 -83 -16 -69 -2 -80 35 32 -14 42 87 -9 41 59 -58 -47 -72 85 -97 59 72 -98 -20 9 55 62 26 -32 7 -42 0 -36 4 7 15 -81 -42 48 42 -7 92 16 58 -5 -19 92 -32 -79 85 46 36 -78 56 78 81 32 64 -66 33 -58 64 86 56 18 33 -53 -46 -58 -67 97 57 -52 90 -18 2 -38 44 -89 -98 46 58 11 71 25 24 -81 11 -89 -36 -21 -79 9 -92 -2 11 42 98 17 -2 -23 95 -22 48 -34 65 -90 -22 84 -41 -34 -48 -65 73 71 26 75 -45 -83 57 77 15 46 -96 24 70 59 63 2 -3 -76 -77 59 -98 98 -42 47 -81 -70 90 -53 -2 72 -91 49 33 -50 34 42 -23 60 -46 31 -43 84 -24 38 31 65 59 -70 -61 -63 17 92 81 -39 -22 -78 96 -62 90 -65 -87 75 8 -13 -80 -68 8 24 -40 -99 80 -2 -56 -65 -23 -33 81 42 22 -84 11 23 82 38 -86 32 -56 45 -9 -10 -28 -43 -66 48 62 -63 63 -69 -30 47 55 84 -70 68 -61 69 -8 -81 -72 43 25 -83 52 46 -33 -12 22 73 -63 74 73 -27 -87 56 39 90 -1 84 4 90 57 70 -39 21 -92 60 -12 -12 -46 67 -50 85 48 16 40 -38 95 96 43 8 85 57 94 69 65 68 -47 69 -8 14 95 50 54 -23 -15 83 63 -78 79 -45 39 45 12 15 
-11 28 -31 24 -58 48 26 -77 97 -91 83 -45 97 28 9 77 58 -31 38 12 -80 -82 -16 71 28 -70 84 -72 71 -49 -10 40 -11 94 44 -82 87 -12 -34 66 58 67 16 71 -78 -38 -45 38 -71 -77 75 -60 -70 -98 24 83 -56 89 17 29 52 10 35 66 99 -46 17 -47 33 -75 68 -14 -99 -29 -53 20 96 93 18 -30 -86 -21 -66 26 -63 2 -80 -89 -69 -62 -29 76 -36 46 51 -42 -43 -60 -81 -62 52 -2 22 52 -66 -13 76 -98 26 -21 -94 54 -30 36 81 93 41 88 30 -90 91 5 -12 48 32 -57 -52 -53 -29 -17 -7 -23 2 6 -9 71 49 12 84 -92 93 32 67 35 32 55 3 -4 53 26 -73 -2 -94 -49 52 20 -67 47 51 88 -65 9 94 -64 -17 -54 86 7 51 2 -69 -3 63 66 -29 -47 15 -5 -7 -56 97 -58 -72 -11 -35 -34 29 32 -84 -96 -35 73 -49 -59 -42 -90 75 10 -99 -11 52 -21 51 -45 -57 21 24 75 10 6 93 -82 -55 92 96 59 -92 -33 -69 82 13 -16 -27 -50 -97 93 65 -42 -60 53 34 -92 16 25 30 -69 -13 35 -15 34 92 -28 22 -13 -56 64 42 13 85 -63 -20 3 -30 87 -96 64 -80 50 -90 99 80 -76 -94 81 82 87 -68 -31 27 38 -45 -43 46 -30 -18 -79 22 -95 -13 20 -39 51 78 51 -93 14 -67 58 -90 -16 61 51 49 3 -59 -72 -31 -26 -36 8 
80 -39 -85 -67 36 8 48 -16 -44 58 -35 8 42 -49 -58 49 -70 -43 46 4 -41 -64 -26 -42 42 66 -19 90 -90 -47 82 19 67 -6 -8 -52 71 88 47 4 29 -34 -44 5 85 -63 31 -86 -83 36 -87 0 2 70 -89 61 -95 18 13 -23 48 27 -13 66 29 -9 58 15 -59 77 -50 -32 -89 -72 19 0 25 -93 -47 58 -69 -30 -56 -90 -50 86 14 -34 -76 24 -31 25 -24 -75 56 44 -19 0 -66 -19 80 -97 69 -38 43 43 94 -57 -25 -45 60 -73 11 7 -37 -42 -39 75 -91 -30 -32 -84 -74 -34 -6 -96 -50 10 -15 2 49 -82 -94 86 5 -34 -15 8 -68 14 24 36 50 -13 43 57 77 -68 -27 -7 27 -64 17 50 43 28 52 84 -59 -83 85 -32 -84 -74 75 17 -39 -75 6 -23 -38 89 -19 37 -97 75 91 26 1 49 -98 -9 84 -45 -36 49 -45 2 12 50 -90 -54 34 -62 54 70 -38 76 26 76 22 35 -39 -57 -39 -95 -61 -11 -67 -53 -68 22 -91 -52 74 15 14 -70 45 42 -88 -86 -45 41 99 -58 69 48 -16 -25 33 89 -72 -67 -84 -27 -72 -18 29 85 -75 -16 76 59 4 6 -65 64 86 -95 41 62 -27 49 52 -24 -73 77 40 -22 -60 -47 26 -4 -1 -53 29 -55 91 10 -78 86 3 30 55 63 -94 38 18 -50 11 -17 -50 76 61 94 -11 21 75 -99 -71 82 72 -85 65 -79 21 -50 -86 50 
-27 -77 44 75 15 -23 -96 36 -17 -88 87 77 64 36 -74 -11 86 17 32 8 83 98 40 74 -62 90 18 86 -40 76 -70 -86 -60 -14 -97 99 -12 -28 -1 -59 45 23 53 -47 33 63 -1 72 6 -23 -6 -2 -67 20 -40 -37 70 -23 35 78 27 -72 48 -17 4 -9 -50 35 63 31 67 33 19 -35 -29 -91 87 -71 -50 -43 88 67 -98 -54 -79 -55 85 -76 52 -4 79 45 80 -37 -14 -59 92 -3 52 -81 -42 -35 -87 70 -59 58 -24 39 41 -44 -33 -27 -15 -25 -8 -26 55 13 -37 91 -90 -31 57 -36 90 -94 9 29 -88 52 85 85 37 44 18 34 -40 23 82 -64 85 68 54 9 -79 -17 -17 95 57 -38 78 96 -84 -89 22 -29 71 9 -75 -14 -58 -59 74 97 -20 -63 11 -62 -60 36 -18 21 61 -84 -38 -12 -29 37 -62 22 -38 -76 3 67 -79 -35 -24 -31 20 52 21 -20 49 -95 -12 81 -26 41 70 89 54 -58 48 74 51 75 49 -78 -12 -54 -70 93 46 -40 -17 92 -42 7 -72 -43 43 15 68 75 76 -82 73 -75 -11 17 -86 93 -76 -88 0 -89 -79 -8 91 58 3 -20 -18 -54 38 63 14 91 -31 38 -97 93 94 3 -22 30 -91 -52 -7 -55 -92 -81 8 49 -51 46 -33 37 -88 -97 -58 4 -37 71 -4 45 -28 18 -99 -54 76 -74 72 -98 -27 53 -57 -33 -50 26 19 88 -79 65 -33 -45 -26 -24 -41 -77 
46 41 65 -72 55 17 15 18 1 -57 -71 98 -16 62 17 -2 -11 61 35 -96 -88 -21 39 64 72 35 14 32 24 -6 65 -64 -74 36 -61 -36 51 75 34 -77 -13 13 63 90 -29 40 2 34 -97 -75 6 -46 87 -36 17 -57 -22 -57 -12 -61 -29 -80 -12 -62 -2 -86 -77 6 -34 33 57 44 37 -60 81 23 30 -22 32 83 -84 -69 85 -73 -51 -68 63 -39 -96 -44 6 88 -4 39 -93 -48 88 28 -16 45 -6 -60 -33 -36 -92 23 39 93 3 -8 -4 51 10 99 49 -5 11 30 -31 45 -39 44 -5 -71 62 33 15 99 70 63 39 -99 -92 41 60 -39 65 98 4 -68 -26 58 59 -58 81 -86 -46 -41 -93 -63 69 89 37 38 98 2 -89 -24 -80 -2 -73 98 -49 -44 -71 -20 -20 74 -45 -6 -7 -10 6 -47 0 51 5 47 -2 -83 -23 56 -86 81 71 -36 -64 -55 62 6 -96 24 22 77 -10 88 53 -75 -86 -92 3 65 -36 -42 -57 -89 77 -94 -33 -22 63 -7 76 -74 -71 -95 -90 -88 75 90 -50 -75 65 54 -34 -65 -20 -61 -5 -90 61 -41 -54 67 23 81 75 -34 -40 -6 -68 -28 -90 77 -27 10 -46 -60 46 97 -38 1 52 62 49 -75 -53 7 -50 -22 -90 31 37 22 -31 82 -41 -96 4 10 -68 -30 -87 -38 40 20 80 -33 44 -70 86 -62 -80 4 -38 -55 -25 34 0 21 13 -29 -1 -20 -68 -78 -99 -10 33 -1 
-22 2 -45 46 33 -58 -91 -31 -9 53 -5 44 18 -94 21 51 47 92 -88 -54 -61 -94 -40 -87 -19 42 -16 -89 81 -70 -10 -96 21 27 69 -66 -69 34 -24 -33 8 -11 86 18 6 76 -51 -72 -8 -41 -58 51 23 -88 -73 26 14 -29 -22 2 -32 40 -80 46 -58 -97 -5 36 -47 92 -14 85 18 88 6 14 -75 -84 -69 -88 -7 54 -42 -97 25 92 -6 99 40 -90 -24 42 59 51 -9 -44 58 -28 67 -9 96 32 28 92 16 59 59 25 33 23 77 -22 90 -42 63 18 -38 92 -74 81 -87 -1 -13 37 -31 93 -82 -10 0 -25 29 -72 1 -38 2 -14 -22 11 -41 5 99 -10 -25 -1 38 37 -21 8 -36 -46 94 16 -5 45 98 -43 88 90 93 -68 45 -17 39 7 87 56 87 -10 -74 43 34 72 -60 6 89 -59 -96 -69 -99 -85 -58 48 87 -88 99 -86 79 -67 -12 -37 -74 -70 50 -7 -66 83 -45 -48 79 93 -73 -12 24 -27 79 -77 34 -68 -68 65 38 -58 -81 10 -96 -62 16 0 -92 -73 85 26 98 95 -18 68 95 -90 47 -55 -19 -17 27 4 80 -51 -41 52 -32 -68 79 2 16 55 92 1 -46 93 48 95 43 -5 -89 59 -23 -99 -11 64 -78 1 -76 -68 10 -29 -14 50 37 5 -3 40 -73 60 19 -37 -67 -17 46 -86 -5 -60 77 -12 89 -44 37 -97 -61 -17 65 -99 18 -35 -80 -66 -70 -67 75 10 3 -25 
-7 -76 -37 -64 -1 -37 -95 -49 71 -98 -69 68 32 60 65 -74 87 -73 38 70 48 27 5 42 -49 -95 -15 -25 13 -34 -96 56 -77 -62 -63 68 -84 84 -9 79 41 -82 -57 99 -48 25 -1 48 61 -35 79 59 91 21 -83 34 47 -74 -38 -36 -38 -8 6 6 77 -86 -77 69 -24 69 -3 -16 -60 38 27 14 56 -10 -67 98 5 -90 9 6 -74 -10 -70 37 80 -60 -3 -68 -3 -37 -73 -52 57 -56 11 -91 35 -10 8 44 64 73 -10 91 -56 59 55 11 -56 -11 -78 -5 -6 -96 37 -19 -92 88 35 4 -92 14 25 -36 -19 -15 -33 -81 59 -21 54 -66 -41 -39 -82 -29 -7 -66 -34 85 -52 87 -77 -58 -16 -73 41 18 -43 41 35 -65 -7 10 77 -30 -62 -80 -98 -4 -73 -32 -21 90 -57 -97 43 57 -39 -92 79 -85 2 88 -68 -10 -32 21 92 -65 -90 -72 -95 42 1 -56 66 37 -62 97 8 -1 -37 -51 -28 -20 -14 91 -56 -84 -84 -61 -47 -76 68 69 12 -21 -10 77 19 12 -44 10 27 -59 -75 4 58 74 97 -7 90 82 70 -23 -33 31 -30 -10 -55 74 41 -16 -41 96 88 -27 41 43 12 -85 -5 94 -1 -55 -68 7 66 44 -68 14 -17 13 32 95 66 -31 -87 35 -49 -84 -85 -42 97 -77 80 51 50 1 -90 -49 -27 15 -59 -82 53 -16 95 -88 -86 44 -24 85 4 91 -72 51 -53 39 -99 80 37 -12 2 18 
-42 37 -20 -36 54 -46 52 24 57 -10 -76 -13 -16 -24 -60 90 60 -84 92 82 85 92 20 -8 85 30 37 80 -21 -80 -97 -62 -56 67 68 41 -20 -39 -83 -42 31 -19 20 31 -38 -34 98 6 16 -36 -1 91 62 10 30 55 -30 -87 -91 50 -26 85 -9 30 18 -50 98 53 -48 77 -36 0 36 -11 -77 -55 9 -75 86 18 4 90 20 97 81 98 23 -60 1 -11 -23 -37 64 56 -82 -99 59 19 -95 -69 9 -42 -1 -98 -5 -51 68 48 -76 -43 28 -85 -45 -74 31 -87 5 -57 13 -24 -44 87 -13 21 5 65 18 -13 59 4 0 36 -99 52 -26 -95 -56 52 -28 28 83 93 63 -19 53 32 -82 -20 71 -76 24 -11 -73 35 -41 -73 -67 10 -31 21 -15 -38 -23 91 22 71 55 15 96 -42 31 66 -19 28 -57 -2 54 97 -23 -95 -98 83 27 32 -82 -79 -69 -59 92 -83 -74 -36 -12 14 39 -82 17 58 18 4 -21 -15 51 -29 85 -15 96 40 97 74 55 -14 -41 62 5 57 -22 -39 80 21 -21 70 -72 -59 -6 77 72 30 -27 46 53 68 32 -83 -79 -85 -21 -17 34 15 34 43 -59 88 -46 94 88 -90 -64 -31 2 20 -71 23 88 38 -23 63 -96 -95 -45 5 -39 -32 72 -70 -62 -33 90 35 76 -12 28 82 37 -30 -24 77 -49 -70 -66 21 -31 24 -5 54 -62 -96 24 80 43 -85 77 -39 24 26 -99 -2 15 90 
-39 88 -42 57 85 -70 26 -47 29 -30 14 88 -41 -77 -3 8 74 -28 15 16 65 -99 -54 66 -35 -61 3 -71 89 -42 -55 14 -24 -52 93 -50 -2 -79 1 54 27 62 -90 -78 -89 74 52 50 -91 -84 73 84 -52 87 12 -13 88 -42 -63 57 -68 42 62 -43 35 -50 -91 85 -68 -80 -63 53 -69 38 -47 56 68 -60 -88 -15 88 83 12 -24 27 72 54 74 32 -98 11 22 27 -55 -82 40 18 92 -92 -83 -35 -78 17 25 80 -21 -67 -48 89 -22 29 78 47 -59 9 58 -93 -53 32 84 -42 -84 -44 -71 -43 23 72 77 48 -97 75 -75 92 -19 42 77 -6 -40 -12 29 77 -23 -60 -39 65 10 -78 -7 -99 63 -83 68 8 74 -82 -20 82 -37 -31 -21 95 37 -58 82 85 -49 89 73 36 -78 67 71 -84 -79 -74 -43 70 81 -46 -64 -29 -93 -43 43 -95 -86 49 74 -58 -85 -8 81 -24 15 -83 -67 -40 -55 -18 -20 19 -70 69 -42 -66 56 79 85 99 -63 -14 -58 -76 -46 84 53 -53 33 55 -61 54 21 10 -43 83 85 22 -93 -19 73 -44 -14 -68 -16 -34 -2 39 27 39 -69 37 -42 48 92 14 81 41 -95 -53 -39 48 62 -18 24 -99 0 -7 -41 25 70 -10 43 -8 49 75 -57 13 60 -81 70 -76 -30 82 -15 -21 99 -61 27 -85 33 30 -45 90 31 5 58 87 39 -8 8 -93 -18 8 89 -48 85 -66 61 76 -19 
-93 -45 -2 -20 -56 57 33 -29 42 -77 -62 38 -97 70 -13 -6 -22 57 -58 -71 12 -64 58 95 -96 41 -24 40 98 -74 -30 -46 -86 -25 3 29 42 73 -58 -58 -17 31 25 -53 46 -46 91 -7 67 -52 -21 -46 -35 40 19 -35 -11 -72 83 -42 78 -84 50 -62 98 26 30 18 -20 64 -82 -54 62 -56 34 -51 -76 -81 -34 -32 -43 55 -4 97 -58 81 73 -97 24 -95 -29 42 -43 7 -45 55 66 -71 -87 9 -61 -12 49 77 -37 -19 38 -68 -88 5 -12 88 -28 32 -68 34 13 84 -15 -16 14 56 -47 -6 -66 -93 -65 -78 -2 33 32 26 -57 -67 -25 -6 -55 -7 52 9 96 -16 82 20 -47 -73 8 3 -40 66 -71 48 8 -68 -51 76 -15 -85 52 -84 -10 20 -19 -76 -1 48 -56 48 -16 25 40 -72 12 88 -83 -78 50 -84 57 7 12 44 -38 -36 37 8 -36 -85 1 62 -18 -86 -83 -36 33 -83 23 -52 82 23 97 -80 -22 -75 -28 11 39 50 -71 -91 -76 75 -23 93 17 93 44 22 13 96 -15 42 -55 20 -34 -61 72 -15 48 -26 66 64 86 46 -80 -62 66 -87 9 -42 -34 7 0 70 -93 -44 -25 97 -50 -22 -77 -26 -16 78 40 -99 -96 11 61 2 17 -3 -20 11 59 39 -67 65 -32 -55 0 -40 49 44 -44 12 34 32 61 -3 -12 73 -67 -74 -41 -14 -84 50 -57 -88 45 6 49 17 56 1 -91 -6 29 -32 
-74 -9 -69 0 48 47 -60 86 -94 -78 -19 -23 -26 35 -36 94 -84 -18 93 -69 74 97 79 -3 -85 32 -58 -1 -30 67 -31 70 -96 -4 -67 50 12 39 49 -25 -89 84 -79 -16 -36 51 -52 51 41 73 -86 -40 1 26 -35 69 94 -34 25 -66 24 82 56 -42 42 -32 82 -87 32 -26 -76 54 87 44 -59 60 64 -24 93 64 -34 67 -76 56 -60 79 -17 -53 -87 7 -23 96 -33 -14 -58 -88 -2 -24 -63 86 48 67 16 -72 -83 53 -81 -53 93 -78 25 95 -32 97 88 -35 21 -26 92 52 10 72 78 -60 -61 -7 88 -90 69 -47 -69 32 45 -3 61 -99 -72 27 10 9 -87 0 47 71 -30 95 48 61 84 -51 0 32 70 -60 26 79 58 -22 -95 27 2 95 -21 38 -11 36 3 -98 27 75 -84 -88 98 49 -61 12 -60 -12 -9 82 17 -22 -43 -31 23 -12 59 26 24 -57 -53 30 55 59 7 -41 -46 55 66 -42 36 -93 81 14 7 -28 29 -30 -38 96 -17 -70 87 28 94 -32 46 52 -35 -11 48 89 46 -12 1 -34 -42 6 -3 52 88 -75 87 -45 -98 -96 37 -1 -9 91 -39 -61 -95 -2 72 63 88 32 -39 -33 7 -63 -12 79 49 57 55 -69 47 92 -45 89 -16 -46 24 51 -87 1 36 25 44 83 -89 95 -21 -21 -70 -25 93 63 -31 -38 0 2 -54 -95 84 -34 -53 -68 41 24 39 90 83 94 6 92 -66 17 
30 71 20 85 96 76 44 60 65 52 80 -10 -16 -71 98 -53 -64 -48 -46 -70 -14 -55 49 35 45 -93 -73 -45 35 99 -6 29 89 90 -38 -67 51 54 -49 -73 -74 46 94 -97 -35 22 8 94 19 -62 -58 -1 -74 -62 -6 -74 11 -11 -65 40 -39 91 -62 9 66 30 -72 85 84 -69 27 22 -56 36 -70 -79 -16 -74 -25 -1 38 -91 11 51 33 -54 13 -12 23 -19 73 87 12 84 -48 92 -9 -99 53 -94 86 68 -51 89 -75 98 -75 -4 93 -80 61 -25 78 38 71 60 21 -70 -15 78 11 56 -79 59 62 89 -28 -26 5 -25 20 -87 58 -39 70 -33 56 -28 97 38 -77 -55 9 -97 -62 -34 43 94 -85 -20 -62 -50 -46 -81 3 84 32 44 -56 47 29 -79 -77 -76 49 98 23 53 -94 -77 79 -9 15 6 -30 20 61 55 -6 -80 -14 50 -22 -83 -61 66 -78 -18 19 20 -40 2 31 3 0 -80 87 30 54 -88 84 -51 -85 90 -40 -95 44 -1 -61 70 70 -3 -50 23 91 -77 -33 60 93 6 -95 81 -6 88 92 -50 40 -24 -88 39 90 -66 -83 -91 57 68 -75 -31 75 -62 39 -30 97 83 -95 -23 -59 -59 21 59 -52 -95 10 22 28 -13 -62 15 -94 -3 -92 -1 -1 -59 -91 57 -92 -45 55 58 -79 98 13 39 -20 -35 57 53 71 -26 61 14 -8 52 -92 32 -5 74 5 52 9 -82 -94 -82 65 -84 73 -20 -50 74 
-53 93 -16 -29 -46 97 -98 56 63 -77 -93 -14 92 -59 -54 56 11 98 -32 87 -21 -25 -93 -34 -16 -5 52 -62 -58 -10 -58 46 -96 -74 -52 76 1 87 59 -65 21 49 80 -95 34 51 10 18 -83 -66 -30 63 -11 -39 -99 2 -66 29 0 -83 88 -5 -11 -78 10 1 -28 95 -58 20 60 8 12 30 -26 19 -84 86 -5 68 64 49 -98 -70 -56 -18 -93 -20 56 13 30 55 0 -31 -57 -22 -69 93 32 8 -58 31 61 46 94 -78 -18 48 15 -19 59 99 9 19 11 -85 0 7 -14 18 32 2 -57 -13 76 76 68 57 -26 41 -86 21 -54 54 94 46 -28 -21 -23 -60 -11 68 -26 36 82 -53 89 -60 22 1 77 -70 -10 47 -50 -25 30 83 41 -37 -37 79 -50 37 -58 17 74 -30 -5 -17 44 72 -63 76 -80 -39 -71 61 10 22 -6 57 67 22 -31 63 77 -22 85 14 18 -72 -35 -96 83 -77 -98 -87 -8 7 -41 -20 15 51 9 -72 93 -10 -26 59 -77 -58 4 -2 -12 35 -78 26 -39 -84 47 -41 32 81 94 71 74 39 39 -5 -15 -22 -92 -57 0 -88 -3 77 36 64 86 -38 58 -23 60 -90 -50 67 -88 -92 -81 73 -37 0 -67 -86 43 -61 90 -23 18 47 72 64 59 -23 -78 52 8 -27 -32 93 -18 -77 -7 30 78 71 11 51 -81 -57 13 95 -68 85 -21 13 85 56 -85 88 74 48 15 -57 -49 -86 -84 99 
-7 -8 -12 75 90 90 -86 -28 -44 -38 -28 76 30 95 -81 -9 -42 90 -24 -72 -63 -32 7 24 -34 -94 -77 -78 -41 47 62 -22 16 -25 -59 42 -48 -59 23 -36 -33 -79 -84 66 50 -74 56 -3 97 -47 76 37 96 -49 -22 62 87 -10 -16 68 -23 71 -9 37 54 -41 86 -12 85 15 -66 -1 -32 81 -65 -96 26 -10 -74 -19 49 74 -24 82 -28 76 -22 42 -48 1 -69 17 -58 -62 71 -72 -2 -24 -40 1 -75 -17 6 -99 60 -24 5 35 -82 -29 -94 -94 26 -15 -15 -98 86 -56 -26 -31 -17 -96 45 93 38 62 91 -8 -19 53 -88 -66 -52 41 78 52 -77 -67 44 -62 66 18 -77 94 85 -56 -39 -40 74 16 -57 8 -18 52 84 55 -39 -75 -85 -63 -81 15 -97 66 12 -82 0 -66 14 5 51 -85 -76 71 46 -95 -67 72 -30 19 -50 -47 9 19 0 70 86 88 -81 -69 18 31 -30 -52 -91 -25 -44 3 -31 -77 39 -20 -30 34 -79 -60 27 -17 -85 -44 -39 70 -28 -58 -25 93 -70 -28 36 -58 99 -48 24 -27 74 1 48 0 -8 82 -71 22 83 -95 24 -9 3 22 -39 77 -37 -94 25 69 -86 32 -8 85 -88 -28 -71 60 4 -79 -30 23 84 51 56 -90 -82 5 -99 -64 74 23 -17 46 -41 -82 21 96 -16 98 -63 -70 -9 5 85 -55 -67 76 -92 49 -88 99 35 3 -36 -93 76 -99 -28 13 -15 -8 -75 41 -38 -46 
23 18 -69 -23 65 41 79 66 3 -98 30 47 -42 -42 -7 -54 80 -56 13 -33 56 35 -66 -1 -89 -52 95 -49 -14 -73 87 -36 79 -87 88 86 8 32 -15 -83 -8 92 -53 2 -2 15 -48 -52 14 42 -21 61 17 -28 65 63 64 46 26 2 60 -87 -99 23 -13 -14 40 -47 -11 36 63 88 46 12 -99 -22 -90 -22 32 83 -3 -22 -51 64 -50 -92 -14 -25 78 -63 -86 -38 61 24 86 -92 54 19 77 1 -99 79 -65 -54 35 90 -32 -25 -3 36 24 9 -40 -6 88 49 -66 -96 93 51 -22 -83 -90 -56 15 84 77 -45 30 -78 39 22 -54 48 37 17 -62 -48 -25 20 75 -21 66 78 75 -66 -25 50 -38 76 -7 99 32 73 -88 -40 58 46 -15 -1 -17 -68 40 95 -24 -38 -51 -4 47 -49 90 39 5 -12 44 -60 99 -34 -69 -1 -58 10 -27 28 23 94 93 -88 -91 -77 -3 37 87 18 10 68 19 -99 -69 -1 -31 -94 96 51 93 -90 -15 3 99 55 -41 -9 -42 13 66 -29 47 -73 -19 70 63 58 -15 94 -99 11 91 83 16 6 -78 46 -45 -39 55 38 92 52 -1 -25 -80 33 -60 13 74 -4 -83 24 -22 49 38 64 -1 -74 30 -41 26 5 37 -88 -45 17 72 47 -98 59 -27 -54 68 -80 6 -6 -80 56 -33 87 68 -6 -82 -17 1 -65 79 20 35 60 -41 -85 -89 -47 80 84 -65 67 15 11 19 -59 70 14 
-1 -54 9 22 37 -56 14 -7 29 38 -62 69 17 -15 -1 92 8 59 13 -59 -18 8 68 -34 35 87 58 41 28 68 -21 -20 -25 24 18 57 -76 45 -68 7 25 -42 -73 -65 -30 65 33 1 -71 -84 -23 -20 -19 51 -75 -51 -87 3 -8 -63 -35 -25 77 74 -69 48 62 -79 -60 -93 -80 -30 -97 -24 -86 60 52 -30 35 24 -75 21 50 4 25 90 -78 -82 72 69 -49 -72 -90 50 -44 -38 51 -28 43 -69 -39 -65 -79 84 90 -88 6 88 32 88 66 6 34 25 43 14 79 66 74 59 -2 5 14 4 -13 17 17 -2 28 11 -55 -28 -24 -67 -42 47 -6 47 56 26 -73 7 70 -49 6 -89 46 38 88 -20 -54 -82 84 -79 -55 -13 -95 58 12 -31 3 44 98 -46 84 -98 -67 -79 -3 -4 0 -25 63 -92 -63 93 38 -13 28 4 -91 93 -88 -65 38 -72 45 -74 -54 -47 99 23 29 -52 46 -50 99 -98 -39 -8 -1 -37 47 -2 -50 34 -35 -36 40 26 37 -1 41 -64 25 -84 15 63 -31 -35 -25 11 -12 75 -62 -75 -59 62 79 -75 35 -18 -57 -48 22 -77 73 91 2 -77 -33 -2 67 72 -30 28 20 93 -52 96 46 14 -32 -63 -3 -70 73 -92 84 -41 62 23 94 -96 -50 27 95 -61 -34 -82 -92 91 18 -66 -73 -28 20 -45 -91 -70 81 -11 -47 -58 80 30 -7 -42 27 -40 -77 -2 -2 -19 -41 -64 57 -15 50 -4 
6 77 -45 20 40 -74 34 72 -35 30 48 -16 40 34 -20 -17 -87 -79 -14 25 99 6 47 -96 -50 -24 59 18 78 82 -51 78 85 -4 25 24 -72 -2 87 47 90 30 12 43 28 54 26 65 -86 33 68 -41 43 -33 64 -37 24 -84 -93 51 72 -30 64 -75 -60 33 18 44 82 -32 -69 -72 -71 -6 -19 -74 30 -68 -59 13 -92 56 -59 -49 -84 25 56 89 -22 -29 -44 -99 -53 99 84 -21 17 -60 -24 54 91 -16 -46 -21 -10 89 85 74 -59 -51 -17 -52 -31 7 -79 -46 -41 93 -13 29 -56 -92 75 -73 -80 -19 -91 -93 82 62 18 -12 -17 -10 -39 25 31 -52 0 -99 99 -20 92 84 14 31 69 -49 59 80 32 -45 35 86 -52 -79 -12 -78 48 -62 73 81 15 75 33 -75 32 -77 -80 62 -55 41 -37 97 87 -64 -60 -61 59 18 80 -44 -21 3 -57 65 66 33 61 91 96 68 -88 -64 46 -24 -37 -75 -4 -45 -94 -13 22 29 -38 -98 63 42 23 65 -87 0 3 -47 -38 71 71 -1 4 44 97 -12 -12 -80 29 -39 70 45 -59 -81 25 -33 -51 74 75 93 44 56 65 42 -80 -53 -73 95 -18 -32 -74 -45 -61 -97 13 -32 97 40 6 76 -96 88 60 2 -20 35 -93 36 -12 -61 30 92 -2 -46 -51 68 63 -89 79 -59 21 -41 97 -56 -94 -12 -43 -92 42 72 -86 86 -71 -21 65 58 -61 -69 -29 66 77 -78 -42 48 
-3 -16 -18 -52 1 17 -38 61 -33 79 -85 90 -83 -4 48 -66 24 37 84 -74 4 23 84 -75 -78 -77 -37 57 -19 97 -58 10 -76 61 -21 73 -6 -14 44 -51 -83 80 -38 -56 -43 63 -93 76 50 -51 -95 -65 -52 -61 -8 6 81 -7 38 -91 -91 66 76 -76 39 -32 31 -2 -54 -63 -59 -10 -57 -93 35 14 -5 -9 37 -4 40 19 -91 14 -46 -24 77 -63 79 52 -98 76 51 24 -61 32 51 80 -20 -27 -58 -20 14 -65 32 32 8 -91 43 38 -48 51 23 -10 40 28 -69 -23 40 -20 25 71 -1 -18 -88 33 -19 5 -85 35 9 -57 -21 24 -29 26 82 -70 -28 -69 26 63 46 -41 9 -70 -75 70 -35 50 -3 -37 -58 21 60 77 -31 14 -62 -58 -37 -65 50 13 34 42 -68 6 -28 -69 -42 78 -84 -13 59 66 -12 -29 -1 -3 -78 30 70 -59 -39 64 90 -90 -47 19 87 -93 40 7 -21 57 -70 0 -38 43 -42 32 13 -87 -5 -73 11 86 -72 -25 45 91 -20 16 0 -3 -3 29 -23 52 -31 -38 -78 57 -28 14 -50 -26 -68 -5 6 72 -57 24 -71 -42 60 -9 -3 89 -23 -69 -73 4 96 -33 71 -86 8 4 -49 -89 36 84 12 -18 28 42 1 24 22 -16 20 -80 8 28 -21 31 20 90 61 -86 63 -40 -17 74 -58 41 47 97 -65 74 55 54 -48 27 -59 30 -7 42 -89 -98 93 56 -24 43 82 93 -22 -17 
29 61 -5 -44 -44 -89 35 78 98 -10 36 56 26 55 81 9 -38 24 -95 -85 28 -37 5 -10 -49 29 54 -5 6 -66 23 90 20 -66 -1 43 76 94 49 82 -71 96 -38 -10 -21 89 -35 4 87 -94 -88 -89 8 -55 25 -91 46 -20 -82 26 -68 55 24 -72 40 6 -44 -35 87 18 3 -82 -27 37 23 -70 68 -83 -78 26 -1 33 48 54 54 -73 -13 -32 -56 52 -28 14 -8 96 -98 30 -86 -32 90 73 -32 -82 23 44 -50 85 -98 -66 18 -60 -88 25 10 92 16 81 -2 -23 -10 -89 -81 -82 -27 -1 96 90 -11 96 -88 -94 -22 -49 -62 91 -89 19 94 43 89 -41 -7 21 -26 -18 -51 37 -73 -46 52 24 75 -28 26 -90 -50 -15 -63 1 32 -79 17 36 1 74 0 -97 -50 -41 -50 42 26 55 8 -44 -36 -28 -44 -52 -28 -71 9 -70 -99 18 35 -43 -51 3 49 -83 -75 -6 -5 -29 27 82 68 -93 -97 -55 -92 -56 27 36 -12 -66 11 99 81 99 22 -38 38 -53 -67 12 26 -14 -40 -17 81 -6 37 34 52 -16 64 -89 -95 -76 76 -46 -63 5 24 -54 38 71 -73 32 25 33 -38 -30 24 59 -14 13 -76 -16 54 15 -5 -86 -46 -9 44 78 70 -74 46 -30 -9 58 55 77 -40 -12 -24 19 68 -67 64 82 84 96 26 -18 21 -94 35 -66 45 85 -68 24 4 -24 3 -12 -53 51 12 -12 47 94 56 9 -11 65 
-2 19 -63 -6 -12 -90 35 -13 -45 -42 75 8 -88 -50 29 -56 -58 -68 62 -72 75 -92 -58 -19 -33 54 -77 -9 -85 -89 80 -27 13 43 -18 37 32 43 -2 43 31 89 2 -69 -50 7 47 -33 -8 -93 18 17 -80 -38 -85 -36 -12 36 -91 -25 -82 24 12 -61 -90 -71 65 46 -55 72 41 99 -15 80 64 -84 58 -57 83 30 93 84 38 41 -91 -64 7 17 -70 -65 -91 -29 -70 -84 -21 17 -45 -28 -74 -98 -79 -86 43 84 -68 -42 5 33 60 57 -60 36 37 -74 35 29 -10 80 -31 49 -38 -58 -29 -6 -2 -48 -81 -40 -4 67 -18 -22 -68 81 97 90 95 84 48 -83 91 46 -41 51 -75 88 2 36 -39 41 32 0 -35 -17 27 28 -56 -39 -85 13 -74 -30 1 80 65 19 -27 -95 11 13 -40 95 -71 5 -35 36 38 -39 -57 17 63 -75 -92 -93 65 45 16 14 -27 -36 -2 -80 81 -34 -41 -90 51 98 -13 77 64 -38 -11 -8 69 84 61 -84 -94 -74 -59 19 -81 -99 -83 32 -96 42 -42 -73 -66 -18 11 -14 -20 69 -86 -71 -66 -45 2 54 16 -56 -5 -5 49 -97 30 -23 -32 28 92 53 -7 3 63 5 30 85 -46 -34 -79 29 -57 11 52 -43 -67 29 3 -48 26 44 9 -99 -17 -80 -79 72 0 1 44 -89 -26 93 0 -73 94 80 -23 -50 -86 29 -58 -83 61 94 -26 -98 32 67 -5 -17 12 19 29 39 -94 -54 
-86 -64 -88 0 1 11 -93 -58 97 94 -95 77 -14 4 30 -22 50 -84 -21 93 0 -28 -28 -74 24 69 -70 -23 -91 26 58 14 -29 98 -83 80 80 27 -43 97 23 -71 -68 -88 -52 -52 -27 -99 13 98 54 99 31 -33 -72 51 50 96 22 80 61 59 86 28 82 25 48 47 -92 -11 72 21 93 44 30 -73 -2 76 -42 -85 -26 61 -5 93 79 -55 17 -79 15 78 82 -76 78 -4 -22 55 15 -18 85 -2 18 -11 10 3 -60 53 61 94 50 77 -52 -97 -76 66 -15 -42 -61 -37 -95 37 -30 24 47 -7 63 -41 1 -77 -17 90 17 -71 61 46 -57 29 -97 29 -95 84 -70 -27 -83 -94 32 35 85 2 48 -61 3 69 78 73 67 -63 99 -68 37 88 45 -58 48 -5 64 -88 -79 48 36 43 -16 61 -22 -23 -82 64 -83 -44 41 -36 88 -78 -65 -21 -46 -39 37 -30 -85 29 -22 40 -25 -83 -74 -13 -32 63 -61 -94 40 -38 64 -47 47 36 -49 81 -96 7 73 12 -7 86 1 92 -83 82 0 0 18 92 -3 -38 -77 -69 13 49 90 44 75 6 63 -88 63 -85 98 -45 94 -48 -30 -98 -51 -56 69 -58 -80 97 4 33 76 31 97 26 -54 -69 19 -42 15 -37 66 -76 -51 54 94 18 41 -1 78 72 39 -96 -68 12 -83 -16 5 -12 82 -21 -36 1 -2 97 -49 -66 88 54 -27 36 -79 68 39 -31 -72 -86 39 68 -64 21 
-90 -82 -43 60 -8 -91 -33 -79 69 56 97 16 -10 -29 -22 -6 -42 -90 -32 71 -58 -67 59 67 -69 41 58 -53 48 -23 33 24 -42 -45 94 -96 -6 -46 -93 -26 -26 40 50 50 -11 -11 43 -53 -56 -87 -61 80 -9 10 -87 27 46 0 0 75 -17 -9 -34 14 -27 -27 50 85 94 -22 86 -10 12 -37 -94 -45 -21 99 -38 9 44 -33 -28 10 -97 27 -32 43 66 -34 22 -12 -46 -50 -24 94 15 -42 96 11 98 -64 -63 -89 -12 42 42 -38 -40 8 -80 65 44 21 45 85 -31 -61 -3 -95 -14 -12 -55 -2 -86 25 54 -70 -12 26 -13 -9 -12 47 99 -91 86 93 48 -64 -26 -51 43 -40 38 -43 20 93 63 28 48 97 -88 46 -72 50 -70 -86 1 12 46 88 89 -43 -76 60 -37 51 3 59 -72 34 -21 19 75 -30 -32 48 -97 50 -32 -25 -83 -61 -2 -85 -51 -16 -19 -86 32 0 52 -14 -20 7 47 51 61 -30 81 -53 29 -20 -24 46 -29 -68 87 -31 -91 -65 -18 55 9 -92 -26 30 -72 -63 -39 -85 -25 44 -82 87 52 2 -54 95 10 -76 -24 90 -87 57 14 -82 -37 -21 28 -82 5 -45 -18 6 11 42 20 26 0 73 73 3 68 -73 -4 -41 -92 -36 -15 -6 -33 0 -13 -44 84 -89 54 -15 29 74 -62 -40 33 80 -46 93 89 81 25 -66 -22 -11 34 -71 31 -9 26 -39 30 11 42 79 -29 -16 -71 -65 -68 -50 
-98 63 29 -57 73 86 -17 -22 68 -83 89 57 -7 41 -46 -95 -60 37 -72 11 -81 51 49 25 42 78 5 23 -7 85 -14 14 9 28 -99 72 5 20 -11 -57 6 -69 -66 30 -28 38 31 9 66 68 -30 -13 -31 -16 -62 -19 88 -19 1 -39 -49 57 -75 -30 76 85 -8 -21 17 78 -2 34 24 -7 26 -42 55 -60 -6 -18 67 -40 -22 85 49 -28 82 -47 -3 -27 -97 -66 21 -99 38 -20 -89 36 -65 9 -96 42 -29 4 -37 86 -18 93 -15 92 -26 2 -24 -89 56 33 -56 28 -48 42 -37 36 61 -88 -1 56 28 37 38 77 35 5 40 84 79 36 41 55 96 -79 14 -96 45 11 -61 -84 51 -80 19 26 88 45 27 82 -18 90 -72 -33 10 -36 28 3 -52 37 -19 -86 42 75 -79 -55 75 16 -93 -21 95 41 -51 34 -43 63 83 35 51 -11 -58 -51 -90 96 -38 -68 -22 -58 -41 -65 -60 4 -75 94 -10 96 45 -76 -26 -12 7 -16 25 95 -91 -16 46 12 -7 -78 11 -2 -26 73 36 51 -31 -17 -60 -81 93 -9 90 -29 50 -7 -2 37 -95 27 55 6 -27 47 81 -3 -31 -50 -60 -55 50 13 16 87 35 21 -32 -26 -5 -52 -20 69 71 -48 91 -38 51 -34 90 63 32 17 0 69 -92 27 55 7 -6 41 -1 66 -64 32 -4 -26 -51 84 56 -23 66 48 -2 67 -22 60 45 -35 -5 36 -32 37 75 -14 -36 -61 
92 44 -48 -57 23 -32 -65 12 -24 99 91 65 -14 -44 -69 3 -12 36 36 -56 11 88 70 -5 -67 88 77 -17 -6 87 50 6 -11 -51 -11 -81 13 98 6 -19 11 64 55 -63 62 -81 33 91 77 60 -46 31 16 -61 -38 -33 27 -64 13 87 59 73 -91 91 -29 -14 62 80 30 67 79 -1 -9 -95 -11 -12 5 -78 -46 43 -35 -70 85 19 80 -92 -71 21 19 53 47 -32 57 23 0 -24 -76 -2 80 68 52 -31 -97 -76 -17 -7 2 -83 -43 43 92 88 58 -15 46 31 75 -44 57 -5 29 46 -69 2 -49 -56 65 -61 -87 -45 99 17 -27 -41 -30 -93 -39 99 -45 49 36 -43 -70 87 79 -40 64 -49 -19 -30 -85 23 -43 49 -39 -2 82 -26 56 86 -83 24 -15 93 -71 -73 54 -4 16 56 -18 76 10 63 -41 -6 -70 -12 45 90 91 -30 -52 1 -53 59 -19 -73 42 -84 73 89 25 -34 83 90 -95 -45 -60 -65 82 25 -33 48 89 29 -50 59 22 60 43 59 14 -30 79 -13 59 68 -86 -12 -3 -38 -38 -20 -26 8 87 -34 62 53 27 -36 74 30 -60 47 -2 47 89 32 82 34 -11 96 67 -88 -18 -64 63 -2 27 9 -39 -25 42 -46 -53 35 -98 39 -56 -35 -76 -47 -47 -44 -60 47 40 -91 -94 87 82 94 -40 -66 82 -65 70 30 -23 -99 -64 -84 60 72 55 -32 -96 65 -89 -75 69 -40 -12 -3 56 -46 87 -76 
98 -2 -57 31 -27 -44 -21 4 70 41 -90 16 -74 87 65 -72 1 41 -52 7 -82 -23 -24 67 74 -98 -79 -40 38 -34 50 -23 -33 31 22 29 -50 -72 83 -37 -46 -40 -60 -65 -46 68 -12 29 66 59 80 88 -24 45 -27 7 -29 54 -96 -5 59 -65 -28 71 -45 53 44 81 55 51 54 34 -97 85 81 -75 81 -50 89 -36 -78 -98 28 -74 -89 74 58 47 17 -59 -70 -43 66 61 -55 -34 -54 -32 -77 12 -88 27 19 -65 63 73 -64 20 -93 30 -33 -25 9 72 44 -78 -2 -4 -69 -81 -83 17 -60 -75 -18 13 71 -82 75 79 51 9 -13 -46 -15 9 -35 -26 -19 81 -56 9 97 -2 83 -59 61 -16 97 74 -30 -83 88 -4 -48 11 -28 -84 1 78 -78 86 34 25 -6 57 -95 -96 -20 35 -90 69 83 -89 -98 0 80 68 -44 -25 -91 33 -98 98 -6 -8 -70 22 -14 95 64 94 39 15 88 41 90 92 76 18 -72 -33 90 -30 -71 88 -50 -25 -86 -53 85 -75 -82 -6 65 -52 8 44 52 -8 83 4 -66 -23 -32 24 45 64 83 82 76 -10 6 7 -91 0 -70 -36 87 82 8 -68 22 -43 48 6 75 -17 19 57 -27 -14 -29 23 30 98 -43 -70 14 2 -45 37 -37 15 58 -8 92 6 -84 80 -24 42 -28 -28 79 25 -56 48 -36 -54 94 62 -36 31 0 -69 -80 -73 -35 82 49 -13 69 35 72 52 41 17 -15 -4 
95 -18 86 70 -80 -52 -15 -23 22 -37 38 78 78 23 -29 51 34 35 -20 25 -64 26 -46 -82 36 16 -49 22 -41 -88 -61 75 54 7 37 13 -48 -65 -52 91 15 -14 -46 -85 -2 96 87 64 -15 -28 5 54 54 99 -61 53 -90 -85 28 -58 -10 -39 -13 43 -40 22 60 78 74 -62 52 -55 35 84 -88 22 56 -31 87 52 6 -26 61 38 88 -93 96 -51 -9 63 -56 59 30 51 43 62 90 25 64 -98 79 22 -66 -63 -94 22 -77 60 39 -10 89 24 35 68 -32 26 48 -89 68 54 -41 -13 82 -17 -47 -69 98 57 38 74 -28 83 -67 53 -99 35 28 -45 80 53 40 38 90 22 -14 78 19 34 -9 40 36 -14 -59 75 44 17 -57 75 -43 49 -94 25 -15 52 49 -46 11 34 53 -29 23 53 -65 -12 -97 -20 -49 -42 -77 -95 20 18 65 -83 -92 -84 39 29 97 -44 -98 88 -88 -4 50 67 -45 -86 68 24 74 21 67 -57 -88 42 80 -4 3 -78 -2 -90 19 30 -36 -78 75 -45 -42 -18 96 -24 29 -78 48 32 61 80 21 -18 88 -7 31 -16 77 33 -62 67 59 -2 -6 -17 46 -47 -17 58 87 99 -90 -99 -32 -64 61 -3 -86 -77 -41 -90 57 -57 0 6 32 22 44 -67 -7 63 91 -74 21 8 88 79 -55 95 85 13 69 49 -81 62 52 -23 -39 -52 76 96 -68 68 89 -68 -45 93 73 23 12 -59 -96 4 
98 74 93 79 96 -50 -15 99 78 2 25 -71 56 74 7 -43 11 82 -82 76 31 74 -44 -43 -4 83 -1 4 12 6 43 52 64 33 14 25 7 -76 -62 86 -35 -74 -54 -6 -9 -33 36 23 5 -13 49 58 -96 -42 64 86 11 -58 75 0 35 -75 -75 37 71 -80 70 24 -10 -68 -16 76 -14 17 37 62 -97 33 -41 16 -84 -93 30 67 -25 12 -93 88 3 -35 -22 -55 -82 -45 73 81 -18 -24 26 -51 -9 29 55 -85 34 36 -83 -84 83 -35 9 74 -38 86 -37 -42 -87 -75 -84 -42 84 -22 -66 0 -60 17 -39 -62 -27 46 -8 34 4 -64 90 -54 -21 -59 15 94 -61 45 95 -33 -57 -36 -34 13 35 -20 73 -14 -52 69 -89 88 -36 94 70 -77 63 -35 23 78 68 -98 -23 9 71 15 -91 -94 -15 24 -56 87 -31 41 34 79 38 58 -28 92 -1 -11 91 30 31 99 31 45 -78 33 -77 43 -63 -96 81 -94 3 -58 -16 -49 -81 -24 21 64 -70 16 -23 -36 -3 -31 18 94 -43 -50 -62 75 93 74 -46 13 -73 -54 -28 49 72 49 -19 65 51 65 -23 57 84 -92 -56 83 -40 -86 80 -94 30 -16 -37 37 -16 -38 -11 35 17 -78 25 -36 -96 59 -70 -15 53 41 -64 17 -64 -9 34 88 1 87 4 -37 42 -44 -88 37 -28 36 36 -6 23 -39 0 83 -22 -56 44 -7 -10 60 -96 -37 -32 -88 -52 -18 20 -12 -18 -70 
37 -19 45 -50 4 -37 49 -11 -33 -10 -51 70 -68 81 -64 90 1 -34 -39 97 -96 -33 -54 -73 18 22 33 -55 51 -77 58 -32 73 -85 -82 -14 -16 13 -46 84 8 -95 23 65 9 -13 -93 -46 -43 82 64 -33 5 -77 -13 -82 -16 -70 -45 -79 86 -78 -20 15 -32 11 20 42 -31 -15 26 -54 -68 -97 60 -58 3 68 38 -63 91 -86 60 -81 -93 68 37 70 93 -78 86 18 29 42 12 -19 92 55 -36 -13 57 81 85 22 20 -34 -58 -45 -28 -85 -2 63 -32 8 66 -29 58 76 -79 -50 -47 77 81 45 93 2 -36 6 -2 -38 -94 -18 57 -27 93 -6 4 76 -41 -72 -43 42 5 -14 -6 46 77 -33 -36 10 -62 82 13 -56 7 35 76 50 -76 -11 -52 -25 14 21 -38 -77 24 -97 -10 76 -47 42 40 96 84 -79 86 -97 37 -21 -99 -68 -62 -41 -95 -5 7 -80 86 -36 -8 -6 -83 0 5 57 -62 -77 -67 -48 66 69 40 -23 -45 -78 11 45 -54 46 -34 -88 -72 -34 46 -36 -28 -35 -93 -10 -59 -17 16 -19 -72 6 72 10 -65 -36 85 41 -36 92 -47 -92 8 20 38 34 49 79 -35 28 17 34 -61 46 5 55 10 38 40 -55 54 -61 -85 -44 89 24 12 95 95 -31 -3 39 -99 37 22 93 31 -76 -78 63 13 -41 -82 -16 -36 49 -30 -74 -35 81 95 12 46 19 -77 12 9 -57 76 33 52 24 -10 71 -29 -2 
-67 37 1 -86 -2 -77 -30 -42 92 -5 22 45 16 32 -31 -99 -68 80 -57 0 -88 -3 -71 -30 81 19 -3 -70 -53 -57 -65 -81 -79 77 -26 -36 27 -88 39 46 -82 -93 -44 -61 3 -36 94 -28 85 -28 -26 26 87 61 27 -60 89 91 -90 -99 49 -63 -30 91 -56 34 -83 67 3 79 39 71 13 -42 -45 58 -95 34 -37 -64 -61 -93 48 -63 99 -47 27 49 80 86 54 -15 -72 2 5 -96 10 58 -54 43 -99 -60 -1 46 46 -86 22 99 -62 -45 7 -8 -80 99 -43 65 -21 84 65 56 76 35 -28 -77 -76 -53 44 -96 35 97 -76 6 5 66 27 -58 -3 67 -96 -15 33 -33 -62 -28 -29 -39 31 41 67 -75 -44 83 79 -38 17 -48 89 -90 -27 -62 -83 -42 -11 -31 -83 31 -22 29 89 -86 -38 1 -98 -28 81 3 11 30 85 58 20 78 60 14 71 22 -44 7 -74 24 23 14 -69 -88 97 -95 10 65 -13 -59 62 3 -98 59 -33 70 39 -92 5 44 -53 -61 3 75 -49 -38 78 -30 -32 -18 -89 21 36 34 -66 27 13 17 -87 65 -68 68 31 -47 -24 -92 29 -44 -37 -63 33 67 -81 0 32 -22 81 2 -24 -50 44 -63 -96 27 2 67 26 98 47 -62 -42 -75 -93 38 93 41 -85 50 70 -81 79 39 19 -39 54 55 -35 -27 -83 39 14 -26 57 -41 74 95 55 -59 88 -80 57 63 -5 -6 -52 -31 -9 -57 -4 89 
50 46 31 -10 65 47 15 81 -28 -86 1 8 25 -88 22 -35 -28 77 -57 -20 48 76 46 16 -80 92 -27 8 -88 60 42 -76 -92 20 70 -71 54 -20 -55 17 -60 -86 -42 4 21 -33 35 34 60 -47 92 -63 75 -45 97 -15 4 30 -22 0 87 -7 -43 12 -39 -82 -2 -41 49 7 65 -37 63 -49 23 20 56 69 4 7 -87 99 -58 62 -11 66 37 -84 -32 18 -27 -46 65 71 -14 -20 42 -52 91 -58 90 -95 11 -84 51 64 -22 11 -33 77 -17 23 83 20 -56 34 52 -81 -26 55 -23 -75 -88 36 -29 17 -75 -56 94 -89 42 -28 63 47 27 -31 60 89 83 93 -32 -84 39 48 -28 18 -38 -38 -24 18 94 11 -89 -49 27 -19 42 18 -23 -79 39 7 21 -94 35 4 -25 -88 22 -77 13 80 -13 34 52 78 24 53 5 -19 -17 -68 63 85 89 25 34 13 94 -9 30 86 -86 -36 76 -39 -17 6 60 93 53 -7 -79 -51 -69 80 45 6 -2 88 96 59 4 21 25 12 85 -62 -9 -73 -8 -20 -84 -86 63 -93 5 -15 -67 -52 98 -38 42 -78 36 -30 -48 97 58 -49 31 -56 -62 -75 -43 -21 72 85 45 11 -32 71 -23 -40 76 -28 82 20 13 55 -47 -15 53 -5 -3 -5 4 42 -20 57 72 -69 39 -97 -90 1 65 26 -27 28 32 -37 -84 96 -64 -33 35 59 77 20 55 -56 26 -61 -97 28 -99 -40 81 98 
-6 -5 18 -76 -16 -21 71 10 -64 48 42 -72 84 36 -67 80 2 -32 -72 69 66 83 -36 -81 -84 -44 -33 -68 -17 -40 -62 95 -50 75 -30 6 75 -17 -37 -33 86 -78 -56 -33 -42 -60 57 63 89 -75 34 -8 47 -80 50 10 -40 -21 47 2 -14 69 55 22 -17 56 80 15 31 -81 2 -16 80 56 15 -43 47 45 81 -20 22 -6 50 -88 -69 97 -92 79 81 84 -42 30 98 87 60 96 75 27 -80 -49 21 -79 19 69 -71 -10 -54 -61 -67 -82 -63 64 6 63 81 78 -62 -85 70 82 -89 7 57 -26 -45 80 60 96 54 73 63 42 54 -80 57 -73 -49 -75 -34 -84 -29 -78 -30 -25 -43 80 -87 -98 70 1 89 -63 -6 -56 -81 17 -33 42 -25 98 59 8 -28 -52 57 40 -93 22 -16 -12 -12 53 -35 -53 6 -63 -95 -73 74 20 -89 -88 60 -10 54 -43 -76 39 -3 -39 -65 75 76 42 49 22 -66 70 -99 -15 -92 -27 -64 -54 96 81 17 -63 -10 75 -87 -96 -48 -66 -43 18 -3 35 6 83 79 23 84 92 69 46 -88 -18 98 -4 -12 73 47 67 12 84 -7 7 53 -78 69 -71 -19 -15 -67 -51 32 -38 -31 98 -94 -45 99 -58 47 -18 -16 90 -79 -27 -50 -3 60 -27 42 53 98 -11 -5 71 -22 69 40 -47 -17 54 38 -96 -46 -11 -99 -72 -21 22 -12 28 -72 65 75 -96 -14 -97 -73 -85 24 1 44 -21 90 76 
89 -51 -1 54 -15 11 99 -62 -33 69 65 96 97 -97 -74 14 -78 55 37 -31 -21 12 94 44 -16 -79 -2 -31 -16 -47 96 -77 41 -91 73 45 -39 26 -75 -46 -5 -16 59 -89 -85 59 -72 25 -14 -76 40 -60 44 72 46 30 -12 51 -21 52 36 78 -32 4 -6 85 -35 -25 72 -80 64 50 -22 45 -94 21 17 -97 -23 -89 50 -1 74 -8 -69 -64 -13 55 -15 68 44 54 -42 -10 -95 -45 -61 8 55 -63 2 73 71 3 -48 48 -81 47 -84 -2 11 86 93 41 27 -31 12 -17 8 -54 -69 63 15 74 16 50 -16 -90 45 1 -64 -13 80 -67 -91 85 -69 51 -36 35 -30 -95 -17 1 9 73 -3 8 39 56 81 22 98 60 -73 41 -9 -49 -36 28 -71 51 -54 14 16 71 20 1 -92 -29 -21 -71 -18 -86 55 64 1 -86 92 9 79 61 -78 -98 3 75 -40 -87 44 -86 79 -31 -16 -57 34 64 96 -6 -3 81 -11 -74 -80 -32 -66 44 70 -87 -13 42 39 36 -25 -33 -7 96 7 -77 -92 10 -22 22 48 -47 51 54 98 -50 54 65 -27 84 59 -41 84 -47 -11 42 16 17 -3 71 -26 -85 16 4 -96 15 52 -56 -24 15 -20 -44 -69 92 15 -40 -86 -89 3 -19 -35 -64 -83 44 -81 -85 86 -78 94 -61 40 -60 -25 32 71 -3 -60 28 57 -55 -84 41 -55 -10 1 -64 9 -35 -65 15 -31 -34 63 -14 4 85 81 -86 
-53 -45 -14 71 38 -85 -60 8 -10 36 3 69 58 -8 26 -39 83 -3 -55 55 11 -31 28 -36 -45 -27 43 84 78 -86 -26 -93 2 76 -84 -30 91 61 -92 19 65 73 -62 35 -2 16 81 13 -15 -25 61 -12 44 -67 7 -51 79 84 22 41 7 24 -52 10 -1 -48 -10 86 -53 -25 -4 76 -30 -12 -64 -17 -63 10 -61 64 -50 -11 63 32 -22 83 97 -71 -96 46 0 94 39 40 30 -27 -73 -90 -75 99 63 42 72 17 -43 57 69 68 -90 -38 65 8 58 -38 6 50 -5 -93 3 21 -97 -67 -15 -85 66 -17 63 37 -43 -62 51 -79 80 -16 79 -92 -9 -47 -46 -60 67 -11 75 37 -29 -49 -39 0 56 86 -90 43 65 -53 67 -67 -37 65 99 10 -29 -43 45 86 12 46 -25 -86 -51 76 84 78 -60 -60 -3 38 59 70 75 67 34 -99 -55 39 91 87 16 -57 -21 -99 7 60 -37 81 -4 -33 58 7 -73 92 -45 92 -28 -75 99 -13 67 60 8 -97 -88 -66 -16 92 -82 -52 -6 18 12 34 13 29 -71 -83 -25 23 -62 -43 -73 -94 -81 -68 -90 59 67 16 35 -95 5 -84 14 -45 45 46 2 65 50 -60 -35 -5 -18 -74 75 -81 23 6 27 -46 -84 17 39 43 76 -50 96 34 39 -14 -53 -8 8 46 -80 64 -74 76 -99 18 -90 12 -93 71 67 33 -45 37 -71 -80 -81 42 -75 -63 63 -15 7 -40 -91 67 -33 -34 
12 -52 85 55 16 66 -45 -69 70 13 75 -6 39 31 18 -1 20 45 -41 -59 93 55 35 65 45 91 63 -63 51 6 73 -23 -77 -4 -7 -91 35 55 -57 5 12 -89 73 8 90 -81 -1 95 19 -2 45 -16 -89 85 65 51 -55 -15 -55 84 79 -39 -68 77 83 -40 99 3 25 -9 -86 -71 11 -37 -92 74 -98 -91 55 -40 -54 18 59 -73 -94 90 -88 -97 98 -50 28 -93 54 36 57 15 -57 -11 -14 95 79 94 -29 -41 59 20 61 42 94 -30 -26 57 37 85 90 -59 61 -45 83 -74 26 2 -31 62 -43 -65 46 -31 -3 31 44 -27 3 -17 96 50 64 -72 98 53 70 4 93 79 47 -87 -96 27 73 95 -96 54 -44 -49 -95 -85 75 86 40 15 54 -38 81 -82 46 2 19 -83 -87 -71 -72 -50 -60 38 26 -49 39 72 10 -49 -51 -12 -95 53 -36 70 -17 49 78 -16 59 57 -33 -81 -84 -23 -92 94 12 -96 69 -9 -62 -65 -4 -36 66 23 -9 2 -64 38 7 39 -98 47 -94 27 31 82 14 -83 -61 -36 -95 -96 42 -43 -70 -69 94 -14 46 82 60 38 43 -66 -13 -55 -9 66 17 45 14 52 -79 59 -52 -47 -42 63 -23 -97 -11 -38 9 -21 39 95 -33 -22 99 32 -67 -99 -22 -10 -1 -36 40 58 41 -40 3 -43 -84 -41 -68 -59 -29 -24 13 66 -93 -45 -64 -88 74 -61 96 -75 -11 99 -61 76 -68 0 -20 12 
-42 -66 -43 72 -78 -93 56 -12 36 -48 -78 -29 -99 17 63 -70 -11 -48 50 31 69 -30 -52 75 75 -46 -64 -21 92 71 -93 24 -4 49 14 54 -72 -7 -49 -20 12 22 18 -7 -26 63 -80 -13 -12 96 -51 -26 11 -75 74 4 -48 62 -39 96 -90 -71 73 42 34 49 36 -31 63 -31 -60 -59 58 22 -34 12 -56 27 -61 -65 49 59 -7 84 -37 -85 -32 63 -75 -58 28 -49 -11 -80 10 -23 -27 -68 55 77 48 43 -42 38 37 0 -14 -3 -61 87 -45 32 -39 36 -40 -63 31 -83 69 38 12 38 -98 -43 -15 50 -72 -99 91 25 56 1 -86 -41 14 2 -77 0 46 76 1 -51 -47 99 92 19 -98 4 -96 37 -37 -60 76 -7 85 25 -5 -7 -88 -83 -85 -78 97 -6 68 -83 68 -74 68 -4 -74 77 -46 47 57 56 58 66 18 51 -86 -92 -87 9 28 -88 -98 -35 30 14 63 -41 81 -59 -81 3 -97 -83 -42 66 7 22 -48 -10 -4 -52 76 -18 -13 94 56 75 -27 27 61 51 23 -38 -53 -55 82 -91 29 -80 -59 64 -61 6 -15 19 -70 -91 49 -23 -3 95 -92 76 95 50 -16 84 41 -99 -93 20 32 -36 -71 -28 -97 97 -80 68 68 -78 89 72 55 9 62 16 -18 98 -45 -43 9 -89 48 -11 79 67 3 78 -57 -18 -81 -25 -74 -57 -74 -99 56 51 -42 -52 -82 53 35 4 -20 -19 62 93 54 -85 58 -17 -44 42 
-43 38 74 0 40 49 12 2 -9 -89 -77 13 -27 -30 -87 -3 -76 -71 62 94 66 31 34 -13 24 -34 33 62 9 7 -56 -2 -50 -95 1 45 -59 98 -89 74 -46 -27 -49 29 -57 -4 -13 86 59 -75 64 57 49 -14 20 -80 32 -56 86 9 -96 -20 28 -89 58 65 -69 -39 -73 57 -21 7 -52 -29 81 72 87 59 74 -29 50 -90 -33 -84 98 29 19 -30 84 3 -10 -14 -52 -89 11 11 -44 -7 77 69 2 17 -26 -29 27 -24 65 56 -96 -99 -18 -5 -38 -78 90 -62 -29 -14 -74 -44 -43 46 5 53 62 -60 -94 25 99 90 -64 54 80 1 61 99 91 56 69 -12 -67 -8 -5 64 -96 -5 -32 89 70 -56 -21 -8 -59 -95 65 -99 12 1 4 42 -77 20 12 29 -77 28 -48 88 20 8 67 -95 -34 67 13 50 -31 -44 -53 -35 -84 -82 97 89 36 74 -77 -88 11 29 -54 47 -28 -23 -41 -63 69 -89 -28 -70 70 24 -18 -60 36 -12 -51 -16 25 97 -79 -12 -66 53 -53 21 92 -23 71 35 48 17 -19 -81 -27 18 42 14 38 -74 59 -88 13 -40 -50 54 91 15 -75 62 54 41 -74 -55 3 -42 1 -10 -66 33 19 -86 28 87 -92 -32 96 -7 72 -71 61 12 96 82 -3 66 -84 -26 57 67 -55 41 85 2 12 50 -25 -98 -47 92 -32 58 -47 -46 32 94 66 64 94 84 -60 43 16 -95 46 56 86 -11 42 -15 
40 -69 -43 41 -74 -73 43 14 -48 83 36 -76 -19 -2 6 57 56 -49 -53 45 -37 69 13 18 -41 -65 16 74 54 -29 99 3 -10 -83 -76 77 25 23 -38 -21 -55 -33 99 -94 67 -75 -11 20 6 -32 50 -27 78 52 -59 -60 58 26 -70 75 -78 52 73 -24 38 1 18 61 85 28 -11 -87 79 -59 2 24 40 -90 -5 69 -29 52 24 73 -6 70 -83 -73 -69 -29 50 24 -44 -68 94 -57 -39 20 93 1 -17 74 -42 14 61 -7 -47 94 88 15 -7 -71 15 -25 -7 3 -87 20 -51 -8 -99 -48 57 -82 67 39 -93 -92 46 76 15 -1 -24 92 -84 -22 -94 40 -33 26 -88 -93 98 83 50 97 -37 -88 79 -4 -11 -89 11 83 -88 -18 15 68 -69 -29 29 -67 -4 -78 -34 -60 -12 -5 76 59 11 -39 -7 -28 -91 -21 35 51 18 47 -78 20 69 87 11 9 -18 69 -63 41 -64 -72 24 79 -75 -70 35 -63 -22 16 -51 92 -71 -68 59 63 96 27 -94 55 55 18 -90 -88 99 23 35 -99 52 -2 -52 40 -97 -65 -10 73 -27 15 -88 -66 -29 90 76 -90 -91 -63 -52 98 82 0 -90 -67 -83 -69 -40 17 4 48 -8 -73 -81 -53 77 80 -42 -20 66 62 -12 63 -31 -24 -69 96 -7 9 87 72 12 -78 33 98 -55 -37 -8 -81 -96 -52 52 -13 -27 -83 54 57 0 -29 -26 81 -31 60 -36 57 93 38 -36 74 79 21 12 -8 
-84 -94 -7 20 83 -44 14 79 -49 -90 -8 95 -89 -36 16 -33 -29 49 -31 -51 -68 9 -89 9 -48 26 -75 -41 -41 -31 -90 -16 36 20 -45 -41 -87 53 -2 73 87 -28 -81 57 -10 24 35 -57 21 -17 -94 56 94 -85 -21 -42 -15 37 -50 -16 36 72 87 -39 61 97 -79 -62 -69 57 35 -13 83 -2 3 -15 -29 50 -41 15 31 36 -38 -90 -19 -91 70 41 -46 34 50 8 95 15 -5 66 -71 99 -93 -60 18 99 97 6 16 -85 -98 87 -75 -79 44 40 -8 1 60 40 25 55 -40 24 58 -23 -81 -76 -34 74 -99 -58 -50 -17 75 -85 97 -27 37 77 79 -87 75 70 -94 46 29 -92 73 67 2 77 -26 78 -94 -30 -51 17 -73 -18 -77 -74 11 -78 -46 35 68 -29 -60 -64 -83 -89 -87 -25 71 -66 -55 -35 63 -1 25 -50 1 -53 21 -98 -87 -33 52 40 -75 66 -45 38 18 -96 -55 -64 71 -18 -40 -94 -54 -89 63 85 -22 41 -82 -53 -23 -5 -89 -37 83 66 -62 -94 -5 -62 -90 -76 -91 20 93 12 89 16 42 -36 -48 -17 20 -1 -54 46 -2 -47 32 -82 -50 -79 10 4 36 -49 88 88 9 6 -86 -38 -28 -58 -46 50 86 41 74 80 77 -71 53 -96 27 -74 19 47 23 82 82 -14 -57 -53 18 30 -43 -50 -65 89 32 44 43 -47 -59 34 82 -73 -9 -14 -35 -49 59 96 68 37 2 -75 10 -61 96 -22 -11 94 
-88 -54 67 -94 6 62 19 45 -83 -76 -30 -16 -40 -67 -72 -87 46 30 -99 -93 -22 2 -33 -26 10 -32 47 43 -50 69 -41 57 -84 -28 -96 28 95 -83 19 93 18 78 93 -41 -49 32 69 -94 68 24 -32 -7 2 -28 -2 65 96 83 -65 46 30 50 -55 -82 -4 -62 19 -45 -84 74 23 -68 71 71 23 -57 -48 -8 98 92 -14 14 64 16 -54 -70 -42 -42 19 -31 89 -6 -36 11 45 13 -29 -47 -84 -59 72 22 -68 23 -77 61 -80 98 -22 66 22 29 -90 -28 -33 77 -65 -70 -14 -70 -85 44 75 95 88 -97 -96 -89 -94 -77 -87 69 13 -89 -7 -74 65 3 -50 15 -43 37 -78 29 -8 4 -1 -91 10 -47 -29 19 97 -68 -63 -76 -77 72 -88 -60 44 -50 4 -81 -32 -46 67 93 -95 -20 -37 -21 60 -49 -38 -30 -99 75 28 -62 -12 -89 11 28 64 43 -7 78 -39 65 70 60 10 -70 -67 -34 -55 -38 93 75 92 -61 87 -26 45 -84 -82 -41 82 13 -64 19 69 44 -48 -14 -44 58 -85 58 -52 86 -6 -7 5 89 -14 47 -69 71 89 -82 58 21 65 -55 -27 35 -23 -68 27 -91 83 -25 27 -77 52 -45 -42 -83 45 55 70 -61 46 89 76 -81 -70 29 92 18 -47 27 -54 -36 -19 64 -43 -57 73 -13 -59 50 43 -83 -46 44 -19 -43 -96 20 12 24 29 -48 66 61 -80 -31 77 -59 -90 -69 -73 41 -56 35 2 4 
-47 2 20 -14 6 -80 1 -11 49 -95 -45 -24 -63 34 -78 -50 38 -14 -95 51 -59 -15 -47 -90 -28 70 66 -39 -47 32 -95 -71 97 -31 -24 85 53 -5 86 32 -38 -73 3 93 -82 -47 24 -87 -43 33 28 32 -75 46 27 -47 50 23 -26 79 -78 77 -53 33 -26 -67 -88 5 24 18 -21 -18 -81 -69 -34 19 79 98 -18 -44 88 75 -85 69 -96 89 -83 -75 -39 40 -4 -10 -92 95 64 -59 8 41 -54 -40 -93 -75 33 2 -8 0 -37 -40 -26 -75 6 -49 52 -37 -13 -72 -45 51 52 34 -32 36 -39 44 -49 -65 8 39 74 -91 -59 -6 -1 49 84 86 -33 -57 -5 -51 -71 -54 -16 65 -89 -62 80 -68 -66 61 73 58 -23 54 38 92 2 -93 4 -55 93 -57 -29 -19 -83 -82 47 -7 7 -97 7 -80 51 73 16 97 -28 -28 -21 -31 12 -21 -31 67 9 -3 -51 15 -74 56 -39 34 29 79 58 24 -83 -11 -16 39 -76 79 23 -38 -38 12 18 -61 -74 -30 73 25 -65 -74 71 29 -1 -32 88 -81 97 20 -69 -17 -41 -13 37 -12 -96 -17 97 39 -27 -58 14 67 -8 0 -19 -22 39 28 40 -22 -35 -45 -72 -62 -10 -6 1 72 73 98 -20 -41 74 60 87 -33 94 -49 -57 -95 54 -51 28 54 -12 -65 43 99 24 -93 -36 72 7 -87 -38 -47 8 38 -25 -88 53 -79 -81 -37 -55 -42 67 -49 84 -65 16 41 51 -41 -70 -97 
-93 -91 -43 18 41 -38 75 -23 -51 42 11 -71 -9 -14 -88 -36 86 -21 39 -44 51 0 -84 27 -82 -88 -37 -47 89 24 -10 89 18 81 18 -58 95 78 87 -72 -13 -17 -8 81 -13 -77 59 53 -3 94 -23 -5 57 -30 -86 43 80 -83 -29 34 9 60 98 54 38 -63 70 -23 -30 5 -11 -13 98 36 -98 -9 25 60 -55 -99 59 17 47 35 67 47 27 77 -28 -84 -91 -85 -39 44 20 -3 -70 -44 33 57 -38 -49 -17 47 -26 31 14 -68 47 -56 -27 -76 -77 95 46 -77 -98 72 30 35 39 -61 59 -82 9 85 -66 18 -35 84 -23 80 14 56 84 30 16 -71 -49 -57 41 -23 29 31 18 -65 -21 71 25 -49 -88 -79 42 -58 -85 61 -1 -47 97 -91 -69 -71 -86 39 -86 -77 53 -48 5 17 76 22 -27 27 76 -32 88 8 -65 53 17 47 -62 32 -16 79 -85 -74 83 -56 -19 25 -71 -43 69 22 94 -51 -2 59 -97 -83 39 1 -12 25 25 -31 -76 -84 76 -59 -33 -75 56 31 -19 -32 -21 57 66 88 67 18 -33 -32 17 -54 -95 -7 -96 96 48 -29 30 3 10 -37 -2 -33 23 -80 -83 -36 10 -57 24 72 63 17 -94 27 62 74 52 37 -93 22 73 92 69 47 -31 32 -39 -7 -15 -17 11 28 63 -74 68 80 46 -81 63 -14 -53 78 39 -30 -30 37 97 56 -23 -9 47 43 -98 36 -41 27 70 69 -61 -81 -77 57 
6 72 35 -98 -14 50 67 29 -46 7 -58 62 30 95 -71 55 44 50 -40 85 -58 83 46 -81 -7 49 99 -97 -74 -47 5 -93 58 10 5 -18 -53 81 -3 15 -45 82 71 -65 68 -6 -48 4 20 -66 3 22 49 -9 -74 37 33 23 -42 58 -88 -43 6 -95 9 15 14 17 36 19 62 91 53 89 79 38 -98 59 86 43 58 -87 -17 -67 78 10 -22 -8 -11 55 28 91 -1 -9 -86 -77 78 -6 -86 18 51 -95 -96 39 14 97 51 -61 -11 -48 -74 -44 -32 -8 -8 -89 -84 -18 -85 7 15 -86 -30 52 -64 43 -71 -7 0 -19 33 93 -31 -89 -91 61 -19 -93 23 38 -35 -12 77 -40 4 -32 0 -56 93 6 -71 5 -87 96 -9 -45 -18 -32 62 -20 85 72 50 -19 11 70 8 65 12 -89 -93 28 -16 85 25 -37 3 -95 56 -82 -10 -16 25 71 -4 97 -23 40 -87 -57 74 -24 92 92 -79 45 -23 -53 80 -19 10 -29 28 -98 -28 90 -65 38 -21 -9 -43 -54 97 7 22 52 88 72 25 46 77 12 -66 32 -40 -67 -55 82 -17 98 84 -96 -9 73 57 76 -28 43 -84 22 -75 13 -91 -93 -49 -33 82 -43 -70 39 49 -57 10 14 25 35 69 -58 -96 50 54 -54 -78 24 14 67 14 66 -61 -87 -42 -86 -54 87 65 37 -1 81 49 90 -96 13 -30 55 20 -81 10 30 -83 -66 -75 70 -4 -25 -26 -36 -12 0 58 18 
7 66 -3 -62 -71 -75 60 74 6 34 -88 -12 -27 71 -9 -52 -3 -46 98 -42 42 -15 -53 24 -7 -71 -29 -97 -2 -89 -32 38 86 65 -86 -47 71 98 4 -18 -89 34 3 13 81 19 -6 -62 -55 14 43 -78 -97 99 53 -42 76 -49 -81 -80 -24 -29 63 -5 71 66 -64 42 15 45 90 85 -34 22 70 92 16 -74 73 -23 -90 54 10 57 -5 78 -56 78 -11 -87 -29 -76 34 14 77 54 -35 25 35 -10 -82 -69 53 75 7 0 -59 46 78 -11 1 46 -79 -39 46 -73 66 52 59 90 51 -52 26 49 -71 4 91 10 85 23 65 71 -86 -84 44 68 -90 -34 50 -73 14 68 31 -46 -84 78 10 54 -27 79 57 -72 99 -15 -4 -3 -71 29 63 86 61 -61 88 59 -83 -42 -42 80 65 48 -80 82 16 87 96 4 15 19 -28 -71 88 82 72 83 81 18 -62 -39 84 46 -35 -63 -32 46 50 89 21 11 -31 86 -89 -97 10 19 57 30 -61 -68 -16 -80 -51 65 -41 -21 -83 -50 -13 -33 54 31 22 3 -87 -26 -8 16 40 -72 99 21 -70 -39 -4 -18 65 12 -48 79 49 32 31 -83 -97 11 49 82 -47 -51 -9 14 -38 -4 16 -86 -97 -23 35 -84 -40 -99 4 68 -91 -63 -18 68 40 27 99 -56 -2 98 81 -60 8 8 0 -99 18 60 -23 74 21 4 -80 -82 79 86 43 3 57 30 -36 93 48 -53 -24 -62 36 63 
-58 -2 31 -48 -30 -17 -80 -73 97 74 -36 33 76 -77 6 32 -36 -46 -72 5 8 5 -7 -30 57 31 42 83 65 99 98 11 32 9 -55 43 45 -33 -28 66 9 -98 -77 39 -2 63 -96 -44 26 22 -50 64 -33 -90 38 1 -59 15 59 68 -18 52 89 -73 -93 -58 12 -14 -32 76 42 90 47 15 -31 -50 30 -70 -87 10 32 51 -74 -41 3 30 80 33 -19 -27 15 -12 -94 30 -55 -38 77 23 52 87 43 -39 88 23 -31 -28 -74 -2 -91 85 -88 -4 83 32 46 12 48 13 -49 6 -73 -40 -26 22 -75 61 -50 -36 37 -57 97 -45 90 -72 -49 54 -21 -5 -38 46 -55 88 -77 -59 -5 -47 -83 -91 7 -34 25 22 38 31 74 -19 -22 -99 67 73 58 -15 -10 86 -24 -48 10 -68 59 -31 -75 51 -31 -40 -83 -98 94 -4 87 33 -29 59 -39 14 21 -31 71 37 -20 -99 -57 -68 -77 98 -78 80 -57 64 -3 -98 -92 39 72 -66 -18 -16 10 31 90 7 -10 61 -61 -9 91 -59 93 16 64 59 -39 -56 94 -61 -71 -40 94 -39 -52 -35 -81 40 62 -51 -54 -88 -94 -93 -3 -87 67 95 63 34 88 58 -33 -8 -13 -52 98 -55 -74 40 59 56 -48 42 -76 -16 59 -54 63 -15 -20 -30 96 -39 -32 69 -50 -41 -41 -36 96 86 -19 17 13 54 11 -66 -36 20 -4 -4 49 80 47 -53 -95 99 58 96 -4 68 -41 -30 20 -41 
46 78 25 74 -59 -20 91 52 -47 22 70 41 -11 71 65 -92 -61 -51 90 98 47 72 8 -44 -93 34 -35 -14 -55 11 -38 -59 -4 -67 -81 -68 -94 -29 59 57 54 22 -76 31 -11 -10 85 59 -37 -38 -44 -39 -98 -55 -44 91 -56 40 -40 -1 -5 87 -90 -93 51 29 -57 -39 -78 96 -40 -73 -18 -38 -96 -4 59 46 -80 -44 -6 30 28 -51 66 20 11 -52 88 -75 -80 -9 82 53 -68 85 26 91 88 25 37 44 -35 44 10 -83 -44 -62 -41 59 -58 -27 2 10 -93 37 48 -48 -14 57 -28 -41 60 82 21 -39 -90 -64 47 43 -41 16 80 -36 57 -39 -73 88 34 88 27 46 6 51 -63 -45 -2 -33 -69 53 36 -83 72 10 -56 -49 -59 54 -65 -57 85 -66 35 -16 -73 65 -99 -13 32 -55 42 -24 49 16 -88 25 -8 -89 59 -96 -23 33 -1 52 44 -55 79 37 82 -89 -19 91 93 -59 80 14 25 93 -97 -5 73 79 27 21 -9 -88 3 -41 77 -77 -77 -88 29 67 55 18 60 87 54 80 66 36 33 -74 -65 -24 -66 82 78 50 20 89 -92 85 49 -54 -6 -66 39 13 76 31 -95 -49 43 56 65 -68 64 27 1 47 -39 -3 87 -46 50 9 -17 -2 94 2 -48 -66 -93 14 48 -37 -19 82 57 -91 57 -61 62 75 -47 -36 -29 5 -79 15 -67 -67 -57 90 22 -20 -67 74 26 62 0 13 77 23 -46 -83 -89 -85 
55 18 -28 65 -2 10 68 39 3 -50 -10 -51 0 99 73 -37 37 -57 -8 -96 -87 0 75 -57 95 7 55 14 45 -31 66 77 96 -67 -86 -70 55 6 73 85 21 -28 88 -99 56 56 -70 58 47 40 -35 -79 -93 79 19 -66 -70 -29 92 -7 -43 81 -42 84 -35 12 -45 -87 -33 -51 -25 -41 -54 -85 -90 27 -47 -8 -51 -31 -41 -63 -78 54 -60 0 96 -41 31 21 70 75 41 22 -22 68 33 -96 -83 -81 -18 -7 82 -34 93 -73 -22 -7 67 6 -72 73 65 -89 -77 92 18 45 88 -28 40 4 86 71 -99 -41 -7 -11 -79 52 99 84 -73 -48 49 40 28 83 94 21 -43 -70 -58 -85 -92 -29 -93 51 -9 94 -10 22 -23 -38 -17 -45 -20 52 -47 -97 -43 -33 -52 -93 -55 -31 -55 -56 91 -9 8 -31 90 56 10 -69 -59 -76 24 -90 -42 91 75 53 39 -4 80 -70 38 60 82 94 -79 82 -15 45 21 -80 -18 -62 -61 -14 -52 53 49 76 -31 53 64 35 -25 -58 -5 38 -37 40 4 75 47 25 12 68 22 -53 32 -35 -50 56 -76 5 -79 -23 3 -1 -47 -14 -73 4 -72 -87 90 -96 0 -15 -44 3 86 -80 30 -39 94 39 20 95 89 -64 94 -24 -9 -76 -5 90 -67 46 33 89 8 -90 63 56 13 -99 -57 -80 22 -27 76 -84 -43 -10 -13 -54 -84 -74 -43 84 -48 -31 88 4 70 63 -40 -30 1 -41 19 -20 46 -3 
-88 -90 95 -29 59 73 -89 66 37 -98 98 -86 55 48 -51 -62 -34 -23 17 -85 41 70 95 -17 -78 33 57 91 -66 -75 -55 -86 -31 -98 -8 -26 -9 -51 77 -10 30 80 -86 47 -71 87 -89 -42 33 44 -24 -63 -42 57 -78 24 31 -1 -23 -19 -71 36 61 24 -20 -99 63 -11 65 58 85 -34 28 -29 -48 45 84 7 -2 -35 -73 83 -3 30 24 -24 12 87 81 -82 -18 64 -68 24 29 52 1 37 87 58 -76 45 -95 41 50 19 41 -79 -95 82 85 30 -8 90 61 17 -62 -34 47 -96 -19 30 -26 -63 53 63 -33 -44 -66 -28 -84 -15 -80 -52 53 30 90 65 22 -12 90 -15 -5 -75 87 -76 95 -49 -91 31 -82 -33 -51 -21 -2 91 -84 -12 -67 -84 -6 92 16 69 -79 0 -3 39 -72 16 80 -13 -13 47 94 45 -81 -96 -26 44 -74 36 61 64 52 65 49 -15 50 27 1 79 41 -83 1 -25 -28 -34 -55 72 -83 -29 -51 -47 -18 -2 28 88 35 11 46 76 91 -23 59 17 -64 -79 -69 -33 -93 -55 -9 -43 -16 93 -39 60 30 70 -82 30 -74 26 -27 -46 -20 -37 -10 -90 32 92 79 -13 86 43 -91 3 89 -26 -72 17 -25 -38 -66 -48 38 -2 -64 45 34 68 -48 40 -65 7 -91 -50 -70 -5 -15 61 86 55 49 76 37 20 82 -98 50 46 4 14 -71 30 -58 -35 71 -62 -93 80 99 -87 29 -6 -31 -65 -73 -2 
25 -55 94 59 84 3 77 -56 -16 25 68 16 -64 91 67 60 -49 -36 -63 -73 59 11 69 79 57 -52 73 12 -31 26 9 -81 39 57 17 -17 -40 -32 -97 -50 77 -32 98 17 38 57 42 93 -61 -25 -11 -70 92 -17 -99 -18 -22 -16 92 45 -81 28 17 94 59 -92 -6 69 26 -87 -63 17 49 90 -47 67 -99 22 -6 8 32 0 -86 92 -93 80 85 92 52 93 -29 69 48 15 91 4 -49 0 14 56 -91 -72 7 97 -58 28 -46 -39 -91 -75 -62 -70 89 43 3 36 16 60 -6 13 -88 9 71 -38 -99 -74 51 86 25 35 76 42 10 33 21 -93 -87 -54 -93 -80 -38 35 -35 16 77 -32 -99 -62 -18 -62 -65 -28 36 -5 -28 25 65 27 -70 -53 -29 40 -71 87 -18 45 96 -13 95 72 93 -71 71 -49 47 -16 -59 35 -11 -58 -57 -6 35 -40 81 43 -72 -75 -90 47 38 -49 58 -92 62 -50 -12 -91 31 -20 73 -35 10 -64 95 66 37 -87 73 33 -65 84 -47 41 32 66 21 -56 7 91 -20 -86 -99 25 4 -8 -84 81 -98 31 -96 20 -63 -89 97 -16 -63 -29 -3 -20 47 16 16 -34 43 16 9 7 3 78 24 -18 5 78 -80 -73 -32 -25 -61 31 -88 -50 67 72 -39 -11 75 79 -55 51 -63 56 77 -38 55 -47 89 53 -72 -6 90 29 70 16 21 61 -23 44 23 4 -6 42 51 -3 93 -69 62 -53 10 -76 
48 -44 -55 -89 30 -83 88 -33 -50 84 -35 -63 56 38 54 -88 -86 40 -31 -7 91 86 92 57 66 -98 -39 83 73 -9 -86 -86 -45 -5 -78 -61 13 -14 98 31 -74 -31 -94 -94 -77 9 26 12 80 -75 -65 -49 -64 91 -80 -90 -51 -78 0 -15 70 -10 77 77 -50 74 -19 35 -86 4 77 63 32 95 84 1 -44 -88 -18 93 96 17 61 -75 -98 88 44 -67 3 -91 80 -85 -91 11 71 3 -33 31 -84 -12 -66 -64 -99 10 -69 -18 46 85 67 -93 67 25 -16 86 80 -49 -87 71 -87 -46 -20 48 -44 -82 90 -19 77 -24 -81 -36 65 80 -80 -58 53 -87 -7 75 18 50 15 23 37 -91 78 29 71 96 71 -35 49 97 -59 49 -9 0 97 -44 93 42 -40 31 -21 26 -35 -88 -34 -91 -28 -46 -97 83 -63 80 -8 -62 93 -63 -76 54 60 90 -74 48 -4 -45 -37 63 -10 57 -75 -52 -37 -8 -46 37 -61 63 19 -99 -67 54 83 2 16 29 -87 3 -78 97 7 84 74 97 -40 54 -34 67 60 39 71 -66 -8 62 -23 -69 34 82 93 12 66 16 52 12 89 -82 -51 18 -73 27 36 60 -28 -61 86 -35 -86 -72 -17 20 18 23 96 29 -4 -10 28 -5 -60 -34 -75 -98 -21 -50 88 -75 62 -27 73 55 -27 24 19 -94 78 -1 -84 1 30 -90 -38 41 52 -65 -72 -82 -19 27 -7 -68 72 48 43 69 38 88 40 18 -44 6 
47 12 2 -92 -96 41 -66 11 -39 -89 97 1 58 88 -76 -4 76 35 70 -33 -76 78 -20 -9 -31 -81 -61 -18 -40 -84 71 -51 -32 -43 46 84 97 74 -42 15 67 -8 -19 -32 14 47 -64 -79 -35 -52 3 32 53 -95 87 -51 -63 -86 -15 78 -62 33 53 97 -19 85 -53 -8 -9 -64 -17 -52 58 74 96 4 9 69 10 -16 -73 -51 -72 74 -73 -57 -33 -93 93 49 98 53 -17 54 93 -87 13 -8 -39 31 17 90 -12 -25 3 51 67 -66 74 32 76 95 -55 -69 6 -92 1 52 -64 10 -36 -20 12 76 13 52 -3 78 32 -70 -44 28 -76 61 -38 24 84 -59 65 10 -48 -57 78 -11 -21 -88 13 -91 -87 -42 -8 -96 53 91 -67 -50 -7 35 46 -18 57 82 -54 42 -29 -94 42 -12 -71 94 -58 -86 29 -60 -93 95 34 -25 69 17 79 -89 76 58 46 -35 -46 36 66 -64 -63 99 -52 32 -41 95 62 -62 -88 -82 77 -10 -42 88 72 20 62 10 29 63 -94 66 27 -40 -55 42 72 -89 -89 61 24 86 -89 73 15 87 -35 -99 85 -60 -3 29 -83 -96 -9 10 28 -20 -6 87 -4 53 69 56 -1 -51 -35 -15 -92 -32 -83 -21 -97 -54 89 -24 -57 -47 -50 6 -32 -48 -60 -97 -55 38 -5 -86 89 77 93 48 77 -55 -16 12 12 52 -15 47 -93 -29 -32 -25 47 36 -61 40 65 -70 -88 50 21 13 59 9 39 -72 3 63 
-40 -34 37 -94 62 6 20 -10 69 -29 -4 -49 -63 86 70 -5 -13 76 70 -72 95 47 -73 -92 0 89 -45 -12 57 -32 -70 21 55 93 40 -29 53 -38 93 -58 79 -62 -63 45 44 73 -89 14 95 -21 -22 -69 59 66 16 -59 -27 -55 -29 -30 -97 81 33 -23 -94 -26 69 -16 -69 -60 -66 47 -65 45 -41 -86 55 21 53 37 -9 -78 97 -96 -43 7 -51 79 -80 -63 64 -83 56 58 -83 -49 20 -20 -99 -20 -46 -10 14 -16 -30 -14 -41 29 42 -51 8 32 5 9 -53 -3 41 -45 -26 16 -67 -46 73 -47 47 -51 -67 -75 -47 82 -10 89 97 -37 22 57 -29 42 -21 -34 -12 3 -33 -5 -85 9 -79 -11 6 54 -52 -64 18 -54 -22 98 -85 -4 -89 -25 -30 47 -58 -58 45 -32 -10 70 29 98 9 -10 -10 -5 -68 17 -57 20 26 -44 61 50 13 57 94 -7 -93 -65 11 -24 91 -57 51 -31 -99 57 61 47 97 -14 -45 -35 -18 66 56 -68 50 22 -40 -65 -46 -65 -74 14 52 89 -75 38 2 7 2 -74 -70 30 -43 73 95 57 -10 -30 -65 -69 -65 -86 -22 -13 -24 12 18 25 -54 42 -64 58 -34 -54 30 -23 51 -50 -52 -42 -66 12 94 -63 88 -87 99 -78 -13 -32 -28 -6 -2 15 -42 -25 -84 -30 -59 -59 -5 92 16 90 -6 43 -77 -45 64 -3 45 -79 -39 65 -70 55 -34 -30 96 -6 53 4 -41 -39 93 65 25 14 
23 -1 5 -22 -85 -32 -12 22 -64 31 -80 -44 -69 43 4 64 -46 -92 63 11 83 -10 -47 48 -95 33 -9 -21 76 61 31 51 -43 -47 -58 40 23 -57 -77 8 94 97 89 9 64 -55 15 -85 29 29 -2 55 -84 -19 77 86 -34 75 -23 24 -15 59 -26 -70 21 -47 95 63 -48 -41 35 97 86 -39 -21 40 59 25 16 -37 79 -23 51 71 -82 79 94 6 -88 -53 -31 -30 33 -90 -72 -13 34 -23 89 74 -21 -52 23 -29 -93 -64 14 -65 86 -66 88 -4 -87 98 -46 -97 57 18 -95 67 -73 59 -34 50 -49 -71 -17 -8 59 6 -39 2 -40 -24 -73 69 -3 -71 34 10 -36 -17 -7 -36 48 -64 -20 -44 -53 59 24 29 -93 84 47 64 46 93 -27 8 71 76 -44 -67 -70 -97 -66 -3 -87 46 26 77 22 15 37 -23 -81 23 19 68 44 -74 45 -59 63 -38 -28 -29 4 45 76 -72 93 90 5 -17 -94 -18 -22 -79 -16 -77 -16 45 38 2 -58 -90 0 97 37 36 -79 -61 -92 17 54 20 42 92 -42 -49 89 -59 -9 14 -21 -32 78 66 72 -30 -74 -78 53 -17 99 -89 -95 -69 -48 85 -53 89 -7 -51 30 -96 -89 56 40 -85 85 43 14 -4 79 -60 30 62 -42 -63 -92 -30 28 67 56 -8 7 36 4 -92 74 46 -59 17 -8 -68 -22 -62 -83 -6 -36 -49 12 17 -63 -57 -17 90 -73 70 93 35 -13 -25 27 -16 26 -66 
-56 5 -68 68 51 -33 91 -94 23 -69 -5 -41 65 17 18 -55 -60 27 -47 -77 -93 -48 43 93 19 -65 95 -66 -25 20 11 31 67 37 -11 69 76 96 80 -62 -23 -86 3 93 60 44 24 68 -15 28 38 41 -98 4 -28 -6 -23 69 -38 94 98 -75 -61 7 -16 -49 92 -70 57 -51 72 -11 -79 -17 4 39 56 -14 82 -9 -24 33 -84 -34 -68 -75 -86 -68 -76 4 -6 64 7 -95 80 -57 11 26 36 -32 79 97 -90 -99 -36 -35 -53 -16 -84 81 37 76 -79 54 54 -72 -62 -13 -50 27 -4 97 79 -53 87 33 -13 84 -88 69 29 -73 -58 -86 45 -56 68 84 58 13 -50 34 79 -82 -60 96 -2 52 42 -9 -23 99 -25 40 51 -57 -94 -23 -42 -28 96 20 89 -19 89 31 15 80 -30 95 -22 -24 -20 10 13 -62 63 -36 -92 -38 80 69 34 -7 87 -19 90 16 7 66 34 44 -45 12 -83 67 78 11 30 41 -13 -55 24 82 10 -30 54 -79 -28 -79 21 41 -3 82 39 -17 73 3 -14 -43 -16 94 6 -32 -13 -26 -45 17 46 13 -83 47 80 -85 61 38 18 71 32 15 -11 -39 57 36 -15 -48 -8 -24 -81 -20 76 53 6 -18 75 -31 6 32 -71 -40 -94 55 -20 19 60 -55 -98 -21 -33 1 54 63 -48 -58 -55 -9 82 -2 -30 -27 -12 -13 -89 89 -42 -19 54 -93 7 -27 -26 53 20 24 -63 -28 46 -96 -35 4 
-6 39 -26 5 -59 -85 27 -90 41 0 -4 2 25 89 -13 9 98 -62 -94 70 -40 -18 -26 -51 -3 62 -83 84 7 58 88 -28 85 -1 56 8 86 -70 -73 94 -77 -64 -27 56 20 87 12 -10 6 27 -68 -94 -49 -29 22 63 -46 -86 61 28 -46 71 -80 41 -61 -46 -18 -62 96 28 10 8 38 -88 -50 -42 8 -28 40 34 99 23 53 -39 -91 -84 27 41 -10 -19 -74 -27 13 -1 53 -6 -36 -94 -26 -46 -76 52 57 -56 -59 -38 -80 -44 72 65 71 -89 -22 23 -66 -58 11 52 41 90 -16 -3 12 -14 87 96 27 49 82 55 3 -89 -34 -29 -5 90 98 -81 -43 63 71 86 -15 13 -45 -72 49 -12 14 -49 63 -86 59 92 -37 -41 62 -55 -5 48 -1 -4 -15 -38 69 -52 95 65 91 8 13 57 -87 82 -60 34 -11 26 88 -3 50 -28 38 -23 52 57 -26 -50 0 57 53 -69 -75 50 49 -47 -74 12 -24 -83 12 -13 -13 9 -52 29 -29 95 -52 76 20 31 -32 75 -76 -91 43 79 -84 -88 74 72 -87 -1 -12 -59 69 95 70 -82 0 -15 65 -60 -9 -48 -24 98 64 13 -50 93 26 -82 -7 15 22 -34 -38 -58 -63 92 -25 30 30 -81 -38 47 -67 28 19 20 11 44 -32 -52 -53 -51 40 -7 15 32 90 92 30 -28 64 9 49 -31 -85 -43 68 -96 34 -38 -59 -17 63 82 -61 19 -65 -66 -71 -39 83 22 -10 26 
-35 9 97 96 45 -51 40 14 -99 -64 -66 -34 -79 -99 86 52 -34 27 -7 -85 25 19 -67 33 -44 66 -44 99 22 34 70 38 17 -93 0 -24 -67 0 -59 -44 64 3 15 36 -86 8 -22 -59 60 54 -54 -67 88 27 -28 62 -60 -38 -28 53 37 -12 -52 -64 -20 42 87 70 -13 48 -38 71 99 -48 -19 86 -65 -20 76 1 -10 60 -94 85 -55 -61 -6 -69 -85 20 70 43 -36 -55 -69 98 80 -34 -58 8 20 -44 -53 -3 60 -88 -4 -13 -56 -86 -3 26 -62 63 58 -16 -5 -84 14 21 -38 -92 22 53 14 -98 2 68 58 92 -47 -82 90 -18 85 65 -18 15 -94 -97 76 31 29 -91 -1 73 3 -67 19 47 62 83 4 17 78 -35 -85 -88 -37 -48 98 96 -9 16 -98 -84 -21 -27 13 54 -99 29 -86 87 -54 -99 51 -34 14 68 -87 87 -87 26 79 -60 -30 87 -28 -39 89 13 -33 -80 6 88 4 9 -26 -89 77 82 -84 -10 -49 34 -3 16 -53 77 -17 88 -53 -14 -48 -77 -65 60 -93 26 66 32 6 18 -61 -39 -37 -52 -9 39 -36 -34 -51 -51 35 40 -71 16 46 -34 -80 -59 12 55 -92 84 -88 -60 -32 94 -26 15 -3 34 15 25 73 86 -33 -98 -93 50 55 54 -23 36 19 59 98 -27 34 91 -83 18 81 -77 -42 60 -61 -56 17 20 -57 -14 -60 72 96 -79 6 21 -59 21 -96 81 33 -78 94 -16 42 -39 
93 44 -83 29 -72 32 51 -55 -25 -20 -10 93 -95 8 59 29 -84 -82 -20 24 -51 -46 -49 -59 47 98 26 9 76 -35 -42 85 -8 -38 -6 -90 -73 37 62 69 83 -22 -30 44 -39 30 -18 -65 58 65 5 -53 98 69 -57 -12 -15 66 -87 53 77 11 31 2 -84 55 -87 28 -5 -49 -67 72 -18 -20 60 16 -34 50 -17 -79 -52 11 57 0 93 16 74 56 74 -56 -18 21 34 20 6 -89 -97 -83 -68 -25 -4 -51 93 -40 20 45 57 -12 -57 29 13 33 77 -24 -98 -14 20 -31 -83 -1 51 84 0 -91 57 16 -91 39 -99 65 -12 -31 -27 74 -78 -97 57 92 35 -29 95 -76 37 16 50 -87 -16 -59 75 -99 -80 33 -99 -25 -50 -61 43 88 -94 44 -95 18 34 -9 11 -37 -60 -35 67 -29 80 -63 73 -47 29 -92 -13 -31 25 -8 -94 -87 79 71 -83 -39 24 99 61 -14 48 79 -46 88 97 53 45 -85 18 39 0 -76 26 87 -29 64 -87 -92 -20 87 29 -98 -68 35 4 -78 41 -16 94 7 -35 -77 64 -6 2 -17 21 -3 -77 -42 -30 -83 -12 59 51 -78 -5 3 21 -18 -91 -57 77 -78 -43 29 48 -45 -71 50 -21 -27 -17 -93 -40 67 -84 -60 -7 -44 0 -17 88 -52 -59 -52 12 97 -65 -91 -98 -77 92 -64 -68 69 -38 -17 43 -95 77 93 -23 6 59 -57 23 5 -62 60 13 97 81 11 -52 49 -53 20 -20 -94 
86 50 -86 17 32 -69 -36 -7 -25 -20 -29 -65 33 44 62 9 -84 31 18 11 -42 -96 -37 14 -48 -10 -66 -36 9 -27 -94 62 -69 26 -39 50 9 -79 -39 -32 69 36 -44 35 -77 -39 92 -17 -80 35 -9 52 47 -37 -67 -3 -26 0 -91 64 -24 27 -51 51 56 97 -36 37 -52 30 55 31 -37 -40 65 94 -19 -34 -65 88 -48 12 64 54 -13 -73 94 98 22 -19 -49 86 72 4 19 -20 -97 -80 -16 86 -46 -24 -78 -82 87 24 54 -37 25 -89 3 50 -60 84 42 -90 5 75 -35 1 19 3 18 61 -28 51 -97 55 83 13 97 69 44 -59 53 -77 55 -38 16 52 -16 40 -74 89 -79 -30 72 4 -91 -42 7 16 -70 65 -58 -82 58 49 64 45 60 25 -6 88 16 34 18 39 -79 40 58 72 98 -2 -60 -11 -21 45 -16 21 -49 -20 31 82 -32 97 -92 10 98 -64 -15 15 8 -65 40 -60 -89 -39 -3 -44 -13 -17 -97 -41 -75 89 -36 94 -86 88 17 -62 94 12 56 -96 57 -43 40 -75 -99 49 87 57 -53 46 -51 49 84 -42 -14 -11 -65 -20 16 79 -8 81 -4 45 97 3 -41 29 22 -10 -15 11 38 -37 -54 9 -79 52 -57 -39 -57 63 -18 -61 70 56 -76 86 26 82 11 31 -51 5 -87 -19 24 89 8 -69 53 -26 62 99 -74 97 -23 -92 -71 10 66 77 -27 85 8 27 -85 -51 -36 -44 -98 70 -22 -30 
19 18 67 -1 90 44 -24 -24 -40 22 81 -41 -18 75 -35 27 70 43 55 54 63 70 47 94 -89 -75 4 2 43 -78 89 86 72 -57 31 29 -53 92 -48 58 -44 -77 45 9 51 67 20 -64 -60 -61 48 36 -50 -22 -72 -51 63 70 88 -7 -14 73 -6 -72 -40 -3 -81 -36 17 -12 -26 -30 -30 58 -27 -35 20 46 65 -35 43 -53 0 -6 80 -42 94 31 23 -67 7 -75 38 28 -45 -57 42 -72 -80 -79 41 15 -43 -69 -91 74 92 37 87 -89 -98 8 -1 -23 77 63 85 27 1 73 87 -12 96 -44 -42 -50 46 70 -70 10 41 -82 69 -13 29 -78 57 13 -19 67 -98 87 78 55 6 71 58 9 -95 -4 -83 -92 63 -23 -28 75 13 -69 24 -50 -59 -83 36 1 67 46 -69 22 16 45 24 -77 -47 3 22 58 -28 -2 -67 23 -75 4 -14 -73 8 -31 -6 33 -14 -72 -81 -18 -90 -20 1 -22 -89 -71 16 6 29 3 91 -31 -21 -56 -94 0 -79 56 -27 62 -88 -13 -97 -48 20 92 1 9 -95 -42 -22 -73 -86 -68 -88 84 -14 -30 -17 76 53 49 61 69 -36 58 48 -44 -79 8 -6 44 -56 -56 39 -33 48 9 49 -53 -27 -31 -73 -22 13 -36 25 53 63 -35 76 65 24 76 94 -88 4 -41 47 99 19 -57 24 -16 78 67 -87 54 83 -90 0 82 -22 -97 36 -43 -90 66 75 48 24 -93 87 -98 -9 -96 26 15 
-25 53 45 -99 -23 15 39 57 -46 81 53 -79 30 -90 0 84 -48 -34 55 -21 87 86 76 60 -8 -85 -48 76 48 81 -93 63 63 11 -66 -78 0 -28 -41 70 50 -94 -63 -92 41 -7 70 -18 38 93 -53 -75 10 73 -78 42 -59 -91 18 -25 69 88 -64 34 37 -35 13 26 -60 -42 -85 -75 97 -12 -81 -20 45 -64 50 34 -40 81 19 -99 49 4 -16 44 88 66 -18 79 41 67 -81 -67 -92 -88 0 -32 26 49 53 -48 -65 -94 -34 -62 17 -91 -81 -71 19 -75 -74 -87 95 47 47 -55 30 -38 85 -29 -71 87 -53 -4 -66 -93 85 66 4 -87 -1 -22 -82 99 -72 5 46 17 71 -82 98 -56 -65 60 -55 -27 -91 -15 11 -97 -23 -80 75 16 -16 -45 -45 4 12 70 63 15 -78 -74 44 -63 -6 -30 -66 89 -19 80 -10 -9 57 73 -21 9 -87 -31 52 54 -6 -34 72 48 -55 -28 52 54 -4 23 -30 18 70 13 92 51 37 52 58 21 65 -9 -65 -20 -15 43 -45 50 81 -4 -44 -87 78 -28 89 -24 87 36 -43 -32 3 65 -59 -89 -91 -46 87 2 10 98 -86 -99 -40 -77 -49 87 -43 23 76 -82 48 62 35 -29 -12 -32 -58 53 -48 34 44 53 -58 -36 -32 81 -24 -41 98 80 -59 -82 -29 -54 -28 -25 38 84 -45 -35 60 27 -4 -9 -18 -18 25 77 91 -70 -48 -51 0 14 5 -81 -42 -23 26 0 -92 37 73 -52 
13 39 -39 -55 -28 7 41 -20 2 -72 -17 37 3 -36 -92 54 -23 -16 -13 -77 26 -52 60 22 -5 43 -40 79 78 -44 -71 -9 -62 -76 -72 57 44 85 -41 11 43 94 82 -50 16 -3 28 13 -48 -75 97 62 -98 85 -13 65 77 -80 88 95 17 -87 -26 -56 21 -61 87 -32 54 -53 -73 29 -96 -68 -22 -92 -82 87 61 -34 -52 -77 -61 -94 -15 -83 13 -68 48 -23 68 39 -90 48 24 0 50 20 1 -39 53 11 -86 33 83 -25 36 -15 51 42 -40 21 77 -56 -88 17 15 -5 -87 5 64 46 -29 67 -77 96 -28 -20 -6 97 43 15 -65 -35 96 -14 -6 -47 -36 86 6 -72 23 -86 29 -48 27 -8 -27 3 3 27 60 -44 79 -33 -64 -75 -78 68 63 -34 65 -61 -31 88 2 -53 -38 58 85 11 82 72 96 -56 7 -30 46 -16 -43 86 -50 -27 -49 63 -44 15 -62 -7 -76 -53 53 -52 -67 -94 78 -75 -99 69 89 15 68 -13 -39 3 -97 -27 -73 20 -60 -83 -26 -15 95 43 95 54 -92 58 33 25 -90 -10 -65 94 -77 -85 93 79 9 -63 -7 4 59 6 -31 -94 -87 -43 81 -82 24 2 -53 -96 -69 -63 33 12 -12 -32 38 5 87 71 56 -78 -7 -4 23 -46 88 95 69 73 86 22 -56 33 7 -49 -54 9 -36 -48 -93 41 24 -86 82 -53 -70 -22 79 48 14 -43 -49 70 44 75 -8 -55 49 -13 -41 -66 54 18 
37 30 -51 -96 -94 -97 98 -25 2 -74 -43 -4 -57 -67 11 21 -1 0 56 -87 58 -17 -72 -25 -96 -21 10 -51 16 87 81 6 -86 72 -22 59 59 -66 -14 -29 24 16 -11 -95 -45 -28 -75 -77 17 99 -72 29 3 93 -98 11 -96 -87 39 -51 -27 -29 98 -39 -51 64 80 -41 -48 -94 -9 8 -56 30 59 52 -90 65 -93 6 -67 50 20 28 50 -33 40 62 -79 -70 81 48 -57 -54 -18 19 -36 38 -11 39 -26 11 26 44 -23 19 -79 18 42 -62 5 -44 -10 -51 72 64 46 28 97 40 -6 77 -38 -60 16 40 87 -53 -39 92 -18 32 26 43 19 6 -79 95 71 7 33 49 84 -48 -52 -43 -96 -20 -47 -31 -97 -51 11 -1 -14 10 -2 74 -83 6 -78 51 82 -33 -6 55 -92 -22 17 97 22 -78 9 52 -49 -61 9 30 75 -12 37 73 35 -46 33 -66 -65 10 -63 -1 51 88 70 4 61 33 69 30 40 74 -48 -2 27 92 9 -72 -41 22 22 -10 -35 -8 88 -44 84 53 -25 -18 -61 -81 -71 93 -51 -85 14 -34 -99 -83 27 -52 48 -26 -4 28 -42 16 -14 -80 73 3 -50 -84 27 61 -67 27 -14 -61 56 42 7 -55 -18 -97 16 -33 -64 83 -6 2 19 -17 -27 51 -75 83 26 11 70 -62 74 -86 -1 -47 -70 90 -19 26 89 -1 81 -59 -42 -9 -51 30 6 25 -65 98 17 33 -22 39 3 -26 -34 54 -6 -32 
-94 16 84 -54 89 -27 85 8 -46 88 87 -15 97 98 -39 -8 -1 -56 80 96 -49 17 54 -16 15 16 5 -91 -11 95 34 64 47 -78 -91 55 54 46 -12 -98 85 13 88 -58 -1 1 -73 -22 74 -27 -50 17 42 -29 6 -75 87 9 59 -19 -21 22 -1 -88 97 82 96 -37 -28 38 -58 -44 -76 -76 10 78 -7 -3 -86 72 36 -22 71 54 -24 91 -83 -47 64 -22 57 83 97 46 84 83 36 53 76 12 99 9 -1 50 -73 -53 -81 -98 63 26 -7 97 -81 13 -88 -30 98 35 44 -1 -73 -58 37 68 -46 -91 -29 -18 -41 56 89 50 8 82 -45 94 -68 -69 -42 75 43 97 -84 35 73 -71 19 22 4 -74 57 20 -95 51 -83 -50 1 -54 -55 -28 -63 -94 -10 -52 45 43 86 29 91 -73 -48 33 76 -56 -91 33 29 -93 85 31 62 -56 -95 1 4 -82 91 38 74 -41 -90 -20 -45 80 -25 5 73 8 82 20 67 -25 68 97 18 95 -51 -67 27 -79 85 -20 -38 5 82 92 9 -49 -30 -57 -14 74 -21 -38 -21 52 58 -44 -1 -48 43 64 36 -16 89 92 -94 13 88 3 20 10 68 -53 29 -49 -37 5 -45 20 -92 -35 61 83 81 -95 -49 93 64 91 -22 -17 15 -78 -46 -11 77 0 18 19 -70 -54 76 -56 31 40 -90 -48 67 13 51 -7 5 -97 -63 40 88 22 60 67 30 2 -59 4 59 -85 19 86 37 -33 
19 31 83 24 40 83 -14 -70 -43 -25 -74 -47 -44 -4 41 -81 -36 -6 19 25 76 -96 -62 -94 65 -22 -87 -6 12 37 -76 37 -53 -37 41 -5 69 -12 -45 -83 -25 50 86 24 -96 -42 -57 -64 6 -11 -94 -13 -54 58 50 -84 -88 2 -73 -61 92 64 32 -54 87 -9 42 -19 -97 14 -96 -5 8 69 -30 54 43 -70 -21 37 -31 -65 -75 -58 -71 -82 40 -24 14 96 -2 28 -1 -81 76 -70 -28 -46 1 -70 -78 -22 15 -77 17 -80 -51 -31 -96 95 -30 76 10 -67 65 88 -1 -69 63 -74 89 16 -96 -36 -84 82 -88 50 -22 20 -85 -43 -45 93 82 87 7 19 -63 -80 -8 -97 75 -72 62 -50 62 54 -26 -57 -49 34 99 41 30 -50 -61 -34 7 68 -72 20 -9 -65 -54 -30 44 38 30 47 61 23 59 -77 73 33 -30 15 65 29 51 -7 16 -2 -82 48 -20 -51 10 -26 -88 -31 25 48 -16 -31 78 -54 -16 21 -84 -54 -68 90 40 -72 17 -73 -40 18 99 99 74 52 48 10 -68 -20 -99 85 -15 -24 -13 39 -16 -75 -72 -6 -76 87 -64 43 7 -81 99 -38 -90 18 -26 -24 -97 47 71 -90 0 -48 -14 92 40 -30 -50 -16 -36 -95 -62 -10 -35 1 -66 36 22 -7 6 9 93 -33 65 41 93 23 -42 -27 49 -82 34 -58 95 -80 -22 99 -13 -49 34 94 28 17 -49 -35 -91 92 61 23 -98 -12 -15 -83 75 20 72 27 
-6 33 59 9 -39 -92 52 98 10 -86 53 -91 99 49 69 97 35 -28 26 1 -67 74 -86 42 -68 60 -58 -68 -99 3 -89 49 -74 3 -82 -63 47 91 2 -83 35 20 -80 -34 11 -77 55 -97 90 85 -93 -99 69 20 -25 10 -71 -5 88 -26 -38 38 -14 -69 50 15 -83 -94 95 -60 39 94 -87 -80 97 -57 6 89 65 -19 78 8 80 24 63 63 6 71 89 -94 -12 0 -36 41 -88 57 -90 16 -15 92 -60 -81 67 24 -42 -42 -15 6 12 64 55 -32 -71 -19 -79 -33 36 1 -82 68 -13 99 -57 60 -74 58 49 -22 86 13 -67 -96 -74 -44 0 65 4 10 -5 -44 -63 93 -74 -7 -50 -88 72 -52 91 27 95 73 -25 83 6 97 44 65 40 -61 82 -55 46 -90 -88 43 -36 1 -73 76 85 84 67 14 -8 -50 97 -31 -68 85 -89 -69 6 -15 -12 24 41 88 28 -99 4 14 -26 76 28 -25 3 33 -99 -87 49 -42 27 -86 -64 -70 -22 27 39 -17 -28 60 86 95 62 66 4 -47 59 -30 -99 -3 -60 -28 19 71 56 -6 82 -90 92 44 7 -85 1 62 53 -60 -43 42 88 -19 -55 -20 -73 36 23 -57 -85 93 14 40 61 51 -75 13 -80 53 -9 89 13 50 -93 69 79 -63 71 -22 -21 69 -54 -92 69 52 -50 48 -84 -71 -8 1 57 69 -58 94 -40 88 -17 99 -42 77 -32 16 36 96 -81 23 -71 12 44 70 
48 -56 -91 -31 -12 16 96 36 -80 12 86 -8 -52 97 24 26 87 -70 -47 86 62 -8 -59 21 -93 -49 -82 38 -74 55 7 45 -23 -84 88 -71 -38 19 42 3 -18 54 -98 -39 15 58 -81 21 -83 -8 14 61 71 44 3 -84 91 47 -25 6 -43 44 59 -94 -72 -3 72 -10 87 72 -76 -23 -73 86 44 -16 -65 27 97 -38 -34 89 95 8 -60 -58 -68 -60 37 80 35 51 -47 19 -86 14 40 68 -71 49 40 -85 21 11 86 2 -62 31 -41 9 -84 -39 -3 -38 72 2 0 -78 -20 -36 34 -59 -72 -74 -43 -50 -40 -35 -98 -64 4 -35 75 -51 97 56 46 -45 14 -30 -77 -61 0 27 -45 -52 95 -47 94 84 17 -49 -45 -84 -42 77 -75 68 68 -21 78 0 59 -40 28 39 -76 -40 -34 30 52 29 -30 -54 -71 61 94 49 66 -3 48 -8 -78 -35 49 87 -22 50 -9 -63 -76 -23 -86 -5 -2 85 -91 -88 21 -2 -83 -23 -22 0 -40 22 91 -66 50 -73 94 33 -3 -65 -80 -39 78 68 51 -49 -62 44 19 37 68 46 71 21 45 22 53 -60 -47 2 -5 -95 -71 24 22 70 -31 -25 -95 55 -77 69 48 -9 54 -1 -10 46 58 -55 -69 72 42 77 -57 -55 -57 91 32 -12 -27 47 -13 -8 26 68 69 63 -88 -88 98 -45 -13 -56 90 -61 94 16 -50 -95 91 -79 -89 20 53 75 -44 59 83 -34 -85 -95 -82 -87 48 -57 
-17 -63 57 65 -18 -76 -39 -81 -4 -30 -88 -85 35 -79 -34 -84 22 -84 92 48 95 -46 -68 1 66 21 -65 -51 47 -6 22 -70 38 -64 -39 -6 -2 -11 -16 -38 4 90 -13 -9 -46 -28 -47 39 -51 -62 -46 88 10 24 -94 98 -1 -34 9 8 -70 -46 29 26 -53 -94 96 -72 24 17 10 -70 -92 42 68 71 -90 28 -28 58 -52 -12 -79 34 18 60 -11 46 36 -99 -67 -65 44 -20 -64 -68 42 12 -6 -92 37 -89 25 96 -79 91 -8 22 74 11 93 -76 -58 68 -37 -59 50 96 -89 -33 -87 -11 -89 8 -79 -77 -47 41 -31 -45 0 3 59 -94 -38 98 -36 -32 4 3 64 -32 -61 -57 99 -30 -5 93 19 99 -60 9 74 58 95 69 64 97 -25 -19 -48 90 -65 -84 -43 -36 -36 1 75 62 95 4 75 -54 -62 -76 -32 86 15 6 82 -39 95 86 -52 66 -79 57 29 79 37 4 62 -92 -34 -93 -88 -23 -77 -34 3 29 73 -21 83 -16 -65 35 74 2 95 22 -23 -93 8 -54 71 30 95 -61 10 -91 57 -72 -50 25 -58 66 -51 -33 74 51 76 -15 -48 -25 -24 -13 53 -58 -9 33 -10 -19 17 20 -14 -46 -39 98 -55 -22 55 -48 32 -1 42 56 55 50 8 18 1 -56 66 -91 95 5 85 53 26 70 4 23 -1 17 -33 52 85 49 -19 -53 69 65 -16 -26 -33 91 -52 75 -87 72 74 8 -35 90 -6 -90 -53 -27 
59 79 4 77 42 -52 34 96 32 12 40 60 -59 -84 19 -9 -66 2 19 -24 55 -44 -3 -86 -23 13 -95 -28 -9 22 93 84 56 22 12 -84 -49 42 -48 -57 66 -27 -70 -21 94 72 20 -29 -47 56 19 -79 -70 -36 75 -86 60 -94 43 93 35 -52 69 -30 -54 35 91 32 19 5 90 -20 -30 4 48 29 10 17 -85 -81 67 -44 82 87 -82 30 -78 -23 -89 83 -57 -73 17 49 -47 90 45 -66 93 -28 -18 65 66 -5 -47 -96 99 -71 34 7 86 44 -47 48 -2 1 76 -52 -74 -31 98 11 -16 -97 6 85 37 70 52 -69 82 40 -46 -21 41 -2 7 -67 69 -44 -41 -33 1 50 -8 76 -95 -50 42 37 22 -12 37 14 89 83 -82 74 -39 -37 41 33 -64 -94 26 32 55 -97 -98 81 86 22 22 16 70 -61 84 -21 -49 49 -34 84 25 21 51 14 -5 94 -87 35 40 -19 -67 44 -57 1 74 -25 -36 -20 -13 68 94 64 -91 66 -82 72 -25 91 35 -86 -23 67 -37 -42 -19 -8 -81 -13 -2 46 72 36 -39 97 -61 -14 17 18 30 -3 -9 8 -19 52 15 30 -89 44 52 9 -70 50 48 29 -62 -19 -23 -3 86 -90 27 -19 64 -62 -62 -79 -28 17 -51 -98 2 86 -46 -54 -18 48 -17 79 -99 -58 18 60 90 -3 68 10 70 -32 -29 -63 72 44 98 -22 -93 -15 -78 -27 -98 -54 15 -38 37 8 30 -11 75 78 
-98 -83 78 -51 87 -33 50 -80 -95 -25 91 28 71 48 -69 -7 89 37 31 45 18 -28 68 55 -60 -2 -95 83 -48 -96 55 66 38 -29 -14 11 -10 -20 88 17 0 89 10 -34 -33 -33 -7 64 -10 87 -48 79 -23 35 92 -79 -45 71 -13 -68 -36 56 -72 94 -28 -61 42 -94 95 -53 96 -89 -19 -88 -85 12 -7 54 -63 -13 -29 -80 -7 11 60 74 -64 -51 -56 39 81 -67 89 -57 41 -56 61 41 78 -96 26 43 44 -9 -82 -71 -26 29 61 -64 54 -10 -86 -78 28 -74 -22 -3 -91 42 33 86 -6 31 67 -82 28 24 -86 30 7 38 -88 -24 -84 73 -7 -39 37 -24 2 99 46 -2 -53 76 5 5 83 39 3 66 60 -69 79 -2 -55 66 -69 40 -88 -13 -50 40 -71 45 40 -63 36 20 -38 -27 16 -37 30 98 42 96 22 60 43 35 -48 -20 -21 -51 -97 36 -48 6 3 60 18 56 -23 1 -99 82 -40 -10 54 -18 20 35 -42 71 67 5 20 -43 -12 -1 -29 79 -94 -25 52 -19 -89 -89 -39 12 -86 -85 43 42 36 -90 -35 48 28 5 -97 -81 32 -57 -10 34 30 -4 13 27 -43 23 90 -4 88 1 -74 -3 -41 78 26 91 76 62 -26 14 -45 49 34 29 -55 47 79 30 -40 36 55 -10 73 48 65 -58 -72 -35 75 4 -58 41 -48 29 52 97 -85 46 -17 59 -88 37 41 0 70 -89 -43 12 -67 48 48 19 
-56 70 -38 -39 1 63 50 -48 -93 -78 -83 38 -64 -28 -59 86 -30 10 73 -43 -63 38 13 -96 13 -91 -13 -39 51 97 85 -41 -45 7 -59 37 21 -51 -53 74 -51 92 79 34 56 49 52 -9 -84 42 -70 -33 -92 5 69 65 48 -37 -25 44 72 -99 -60 82 -30 -76 -66 -64 -23 86 -10 -15 75 -75 -95 -39 8 -51 28 -76 56 -1 18 -65 -4 -75 21 20 -60 82 68 -84 80 -26 92 49 -84 9 -57 -52 28 -42 97 32 10 23 83 -14 -70 -50 -77 -45 74 1 -54 -69 -47 -23 25 63 -34 0 99 -15 4 97 35 12 30 47 52 60 -19 -22 65 -73 -17 -16 -16 -97 73 -68 -67 -80 31 94 2 56 41 -59 -83 -14 -18 -88 -26 28 17 -84 -57 21 -68 -51 22 23 -43 19 34 75 10 4 55 -1 3 36 -60 -50 -31 -75 -46 -92 -96 -13 77 79 -42 -53 -53 -83 7 64 64 87 -49 25 27 -53 53 -47 27 49 80 8 88 -70 -70 -3 -99 -61 -29 64 50 46 28 84 -97 58 -91 -41 -48 17 -25 46 64 -13 -71 -86 53 -94 81 46 77 -88 34 50 93 -26 -26 -51 52 -58 -27 -49 14 -7 15 63 -68 2 -39 0 -65 -8 -35 -43 87 -11 -42 46 33 68 98 28 31 -42 20 -89 19 -23 -26 18 -90 -23 20 -53 -80 98 -20 86 50 88 21 -16 -79 0 -65 90 88 60 -31 -12 -88 -30 73 23 15 -23 34 -96 31 -55 
74 61 -62 25 0 -52 -82 77 -55 -91 91 -12 -25 20 78 94 23 -66 35 -3 78 -37 44 -96 23 85 98 -77 -80 68 -93 -21 70 0 7 30 52 43 -29 71 51 15 -36 -65 87 81 -7 -40 12 37 -91 89 44 -74 -64 -7 73 64 -33 -22 96 -90 -32 -55 1 82 -59 31 26 -14 -12 53 81 86 -74 -9 3 2 60 -92 -3 -50 -31 58 -60 -40 -31 -8 -67 6 -18 18 97 -74 85 69 -50 85 -95 -37 -52 -9 -40 23 66 1 -20 -83 -55 79 88 80 -81 12 -45 52 81 12 -63 82 86 84 -13 18 -96 -54 -62 9 -82 -82 -57 -76 26 -65 18 79 14 29 -59 99 -86 -59 32 -83 33 30 17 -15 -98 -41 47 11 -66 6 -97 46 6 61 87 -18 -55 80 46 -28 48 -42 -88 80 -20 41 -30 24 -41 73 -77 -52 38 -62 -77 -4 9 2 -78 16 52 67 -71 3 -56 91 -93 37 56 7 86 -3 -87 63 65 -17 -1 34 39 69 -91 30 74 71 80 65 -89 57 -75 11 56 36 -67 32 14 80 -35 -81 -19 51 -15 58 12 -14 31 49 -82 -30 82 70 -63 44 -99 23 79 -55 84 71 -27 -33 84 -20 -35 35 -22 -73 -85 37 33 -44 -92 64 -86 -75 52 16 61 42 54 -11 -42 69 59 -79 55 -3 72 56 86 79 -23 22 36 -97 -30 -57 -32 36 69 -9 90 -57 30 12 2 -41 -18 68 39 99 4 -50 63 -48 18 -35 
5 23 6 -11 -30 70 2 13 37 32 75 -83 66 45 -70 -41 -9 84 -26 58 55 -88 -13 12 48 -60 -24 56 15 31 -97 75 24 -29 -91 22 -68 -40 11 93 -72 20 -38 8 13 31 -43 -82 36 45 -29 -69 -7 58 0 16 83 -54 -73 78 -56 85 -49 -90 -28 -31 87 64 77 58 -26 -20 -73 -87 -74 34 -7 -62 95 -59 -30 88 -63 -81 -88 7 -33 -54 -14 26 23 12 92 -46 75 22 -51 -54 -68 -13 -37 1 9 17 28 -50 74 39 -27 -32 -35 -68 53 70 -66 75 22 28 45 93 40 -44 45 82 -52 -64 72 64 -29 88 -93 22 -12 24 -18 47 11 -94 60 98 29 -79 -67 87 54 -88 32 14 -19 -13 6 48 48 -29 53 -53 45 -67 -52 -83 98 -17 -41 -33 63 -43 34 74 -37 12 82 -20 87 58 -88 -30 -74 -4 52 -21 87 9 30 96 54 -32 -82 21 97 36 -79 19 -95 9 47 -20 -52 -40 -11 -70 86 -34 19 84 49 41 -38 36 -70 33 25 44 25 -45 49 83 14 43 -76 21 64 3 90 -22 -58 10 7 -86 -21 53 81 75 27 -8 27 -94 -70 -78 19 -28 40 -67 -6 -22 -13 76 -65 -46 66 -49 -32 20 16 -82 99 -38 73 -42 -43 -79 72 -77 -42 -62 12 -21 -57 -32 56 82 -30 93 -53 -4 -51 44 78 -46 -91 13 -73 -21 92 59 4 -71 72 97 -54 -45 91 -87 -75 45 -54 37 45 77 82 -41 
5 -28 -25 10 -17 -8 -42 4 -15 -33 3 -70 22 73 -46 5 -75 -87 78 13 47 98 20 96 75 -99 49 54 47 31 -92 59 -74 -39 -56 -38 -8 80 -31 46 36 -43 -69 68 28 -85 -47 -45 -12 9 -67 29 -19 79 -36 44 47 25 -44 -96 46 -82 91 -51 86 22 64 -46 69 -47 11 -74 -55 91 81 88 -2 -26 -98 -31 47 86 -4 29 -72 -78 20 90 -61 86 27 58 52 74 -79 -66 -71 -77 71 -51 17 -39 -13 -45 -69 70 -7 78 31 54 93 1 71 -58 -26 -7 47 -89 37 63 -37 -51 41 22 -77 36 93 17 12 -42 43 76 20 57 84 10 -68 56 -52 -41 71 20 -98 -97 73 -29 -12 64 81 -8 -60 -46 43 -62 -14 -70 89 63 56 -34 72 -48 73 -41 40 -81 -98 0 59 -63 -91 -59 -23 -1 42 87 -88 -40 -98 79 81 -23 -68 51 17 40 64 -59 34 83 65 -26 23 -74 -68 -84 86 85 -86 -8 -57 -1 49 -63 50 -85 -88 0 -41 97 59 -26 -54 -64 29 -62 -98 -91 23 -85 83 -51 -9 -67 94 95 -64 95 12 30 -55 18 -14 59 24 -48 -24 19 54 43 30 -38 85 42 18 -61 -5 26 92 -10 21 4 75 46 47 -38 92 -58 16 -56 -80 16 97 72 -91 -3 97 -46 80 -39 24 -14 -75 -1 -53 -54 88 -18 70 92 96 58 -34 -74 28 86 -69 9 -64 3 48 65 86 -94 -48 -24 -58 -51 16 7 
6 -15 55 -40 83 -20 94 -30 -8 57 43 73 -64 20 -93 26 72 -88 -52 54 57 -46 -81 -36 -27 90 -32 50 -38 54 4 72 -29 62 -70 -12 62 7 -11 34 10 23 47 69 9 -23 -24 78 -82 -40 18 38 67 -9 -71 -94 -52 -42 21 -25 24 -23 98 -62 -24 30 -95 -72 -72 -88 35 18 71 -71 28 -57 28 -42 -84 20 -81 -3 -59 -3 25 -21 -8 49 -37 22 60 -72 32 46 81 -44 66 -78 -80 -70 -73 -79 53 -37 14 22 75 51 85 -13 16 -49 11 -12 -72 -4 31 40 32 -12 81 63 -81 -18 65 -81 83 40 64 -39 -74 -25 85 57 76 74 59 -54 30 51 -15 23 -88 66 41 91 68 -2 34 -36 56 5 76 -12 -27 39 -16 -87 -90 -65 -25 -26 -47 5 7 72 -53 -15 3 -60 -60 24 -91 -52 -84 57 36 60 0 -8 -36 66 13 83 -29 -99 11 -36 93 79 -84 -56 47 45 -89 -7 11 -19 -76 26 90 -29 1 -50 -48 -25 -44 -89 67 -21 -94 -68 -75 -8 -67 35 -36 -99 38 51 -52 -5 0 4 -25 -77 -13 -61 60 -7 6 -44 76 -62 -45 -96 57 -19 -29 -89 -14 -6 45 67 5 -83 -75 99 -30 14 0 -44 77 -99 -58 79 34 18 49 -59 -36 49 -54 96 32 64 23 -76 -55 36 -88 35 90 46 -39 75 -63 11 -90 -55 -54 68 57 32 56 32 -3 95 -57 71 -87 58 42 -50 -33 -3 71 -91 37 -58 
-86 77 -57 90 54 -57 3 -3 -37 -90 88 -61 -37 16 -83 59 -23 88 -28 9 -64 84 2 -88 63 92 -86 -94 87 -45 -88 54 -22 32 40 -17 69 -53 73 37 -25 38 -60 6 72 72 28 -85 -93 -35 -52 72 23 -77 89 20 41 72 35 -35 21 82 37 -11 60 27 -6 -89 -98 58 15 93 -92 24 89 -27 -97 -17 -73 -27 91 84 21 30 62 -87 25 -3 -99 11 -68 77 -75 36 -48 95 -68 -82 71 36 98 0 20 -39 78 20 43 -42 -71 -45 20 35 28 1 -35 -4 -43 -88 -59 85 -53 94 13 45 95 -47 5 95 8 21 86 84 -79 94 90 -70 -86 -89 50 -91 72 -74 -68 65 -13 62 34 -26 -10 -94 45 -43 64 -31 37 31 -54 36 92 -2 -46 -81 0 -58 71 -9 41 -79 20 -27 -25 69 -99 94 30 -74 87 79 -40 -2 89 -58 25 46 -84 -53 -28 28 -3 81 -10 45 74 50 -83 -8 38 4 -97 82 -81 -49 91 48 -41 57 31 -29 -41 -72 -45 -66 96 -67 -82 17 -56 0 1 -10 85 -51 83 -90 58 -10 -45 45 81 41 -20 -73 -93 -20 -44 -52 -94 3 60 54 79 -58 44 75 30 -16 35 28 -96 95 -17 -99 -40 95 -26 24 -94 37 -87 78 47 7 -73 -6 -70 -74 0 32 46 -13 -76 56 -27 55 64 -57 -42 -69 -30 68 62 67 59 -25 13 37 8 50 -6 23 -1 28 -44 2 8 54 -23 53 -62 63 
63 -9 41 88 71 -4 -69 -43 -76 6 60 -43 66 7 49 53 18 23 -58 15 15 39 -30 -7 10 55 37 -93 85 -47 28 32 -46 -73 -90 89 58 -48 40 -37 18 -97 58 6 74 71 -83 -59 61 -38 -52 -96 -26 -91 -72 -32 55 -73 -97 -21 4 -55 10 89 92 36 -26 -37 -8 -87 -1 -94 45 45 -7 91 26 -55 41 5 -58 92 9 68 -15 -19 -81 -21 -81 -97 42 -4 -73 12 98 84 33 88 -43 38 47 58 94 23 -12 -16 -26 -80 -95 43 77 -90 35 -17 54 20 13 -63 3 -53 71 67 -29 -22 27 -65 -75 95 -23 50 -8 10 -25 -98 93 -81 6 3 -9 91 7 -91 95 78 -34 -2 25 35 -3 51 52 19 99 -33 17 -94 58 21 64 -37 -97 16 -38 69 -95 -52 41 89 -90 45 -23 -30 8 81 -22 35 1 -37 9 -49 -74 -3 86 43 -34 78 -78 -74 18 -93 -95 21 -97 77 27 -33 -52 -98 -72 60 -50 50 79 82 96 31 85 63 -9 99 -26 -33 -35 41 -65 92 13 70 -96 10 -47 26 -20 37 -85 54 93 17 60 60 90 -78 93 88 57 -17 -26 19 56 8 -37 95 97 -20 60 -19 -92 -62 31 77 61 31 17 8 -97 71 -78 -38 80 -35 -89 53 12 59 86 -43 15 -77 -14 -91 11 78 -79 27 -29 -19 -65 8 -72 -21 -13 30 42 19 -51 -56 97 -53 19 79 -16 -17 79 37 55 19 -82 -17 -60 -16 
-8 21 15 -20 -14 -25 0 -75 -37 44 -4 -89 94 52 -33 -30 -3 -79 71 -83 -49 -50 84 -61 -72 -36 61 -21 25 90 -41 6 96 -58 12 47 -10 74 1 60 -43 8 -6 -8 -52 0 -26 42 54 -44 7 -70 37 -27 1 0 -7 -15 -50 11 90 -68 82 -2 -82 -80 93 42 8 -4 1 68 48 79 13 -91 50 -10 11 86 -4 61 -99 -36 -88 -50 -95 24 -72 -25 52 16 -24 -45 -1 -75 50 63 -40 24 98 3 -88 57 -56 99 95 -23 87 -67 -25 -80 74 44 -40 24 -80 -58 -91 36 97 -57 -17 -7 57 4 -56 -81 -60 78 60 -51 30 20 -82 96 -69 -91 -44 -56 -75 7 37 -12 54 -23 8 82 -14 -59 -58 86 44 25 31 35 -48 -79 95 4 5 3 -77 -68 -49 -94 -46 20 10 5 -73 49 2 48 52 96 14 -74 11 69 17 -66 75 58 -42 -46 -31 63 -7 71 48 -96 -84 -67 -46 -13 54 -24 98 25 26 88 17 96 -56 25 85 -49 77 18 -50 -54 94 35 -70 61 74 -77 -89 96 26 22 6 35 -17 -39 39 23 47 12 43 69 -63 -17 -82 -13 16 -34 80 15 -53 -86 -51 35 -51 25 67 -98 73 56 -80 -16 9 -65 -79 47 -99 45 -55 -87 -51 -76 27 73 80 -90 -5 -18 -65 96 62 50 -95 -68 13 24 88 -57 -67 15 -52 -59 -64 -66 78 -35 21 -53 -60 69 46 22 23 16 97 54 38 -45 30 -95 
57 -28 68 -18 13 -76 25 28 1 27 49 66 5 -43 -20 -81 -51 -3 -48 -26 -49 48 2 14 -19 -9 -81 -75 -91 -3 83 76 -8 -59 79 -36 -89 1 -50 -10 86 -24 85 82 -70 85 85 -59 -84 -18 99 -71 -36 59 80 48 -19 -53 -34 92 29 -20 -39 -18 54 85 23 -24 83 5 -38 -48 -75 84 56 -13 53 -35 -36 31 -78 -71 -65 -90 55 -92 -35 -87 -44 40 -9 -71 57 40 -54 -4 74 12 -91 97 -2 -26 49 -18 7 -22 54 -69 85 98 -61 -84 85 -23 1 -24 12 -69 -52 91 -45 29 30 34 90 -86 70 64 63 -74 87 37 -35 74 12 -22 -62 9 -13 -37 -84 -15 81 16 -28 -2 58 15 70 56 -64 -36 71 65 60 38 -57 -4 -89 21 10 94 60 -70 -58 0 -68 -63 -33 -72 -95 -39 -55 -79 -59 53 61 -78 80 -55 41 -53 -83 5 -86 93 8 -2 -64 13 -11 -67 -52 -20 -64 -57 63 -23 -36 -53 59 -55 74 30 21 -73 13 -27 -57 9 49 -86 -15 -8 20 55 -1 -7 76 2 -90 87 40 29 24 -91 -27 3 -20 -39 -50 -6 87 2 -95 -93 -28 -43 -61 -47 -12 -17 -35 29 -60 -91 -75 -87 92 -99 82 33 80 70 -56 -32 99 66 -91 1 52 -35 71 -39 41 -97 18 21 2 93 38 -69 77 -35 33 32 -78 79 -80 -58 6 -47 -78 -94 43 -60 62 -97 -54 -93 -42 -75 -47 -62 -75 -41 -47 -87 -81 -97 
97 82 -90 75 -58 -67 77 89 -4 81 -24 -66 -6 12 -30 59 -28 73 33 82 -87 73 -52 55 69 -47 -13 -73 -31 28 -80 38 23 -71 33 -82 -46 -67 65 -70 70 -48 -59 -21 27 4 80 99 87 -90 -92 52 65 -57 -13 -28 33 80 77 35 80 38 80 -51 54 -29 99 -48 1 71 -22 48 -98 -5 8 -74 -81 -79 -80 -74 57 -52 83 -11 47 -49 -5 -52 -78 54 98 -51 -7 63 10 48 -85 -61 79 99 81 -15 6 98 -45 -92 -81 -13 -69 77 33 1 -8 86 -95 94 -53 67 -96 -47 -7 4 95 -38 56 22 -9 -86 39 95 21 -88 -26 37 -44 -99 -56 -83 91 8 -97 -11 -85 82 50 83 -75 -65 -36 -79 57 53 -52 -79 -6 64 -67 89 -77 84 41 -36 -78 -29 -30 -10 -88 98 95 -88 -41 -10 -13 98 -67 27 36 -39 48 39 -53 3 -51 78 71 57 -68 -56 -1 42 -84 63 -18 63 -13 19 5 -68 -95 -29 79 -88 30 -31 48 -22 72 -84 -67 -63 -80 32 -78 68 78 16 88 -68 60 47 74 -18 24 -84 34 -23 -95 -37 62 83 -24 88 82 63 30 74 63 62 61 -71 -96 90 -66 -31 27 2 96 21 41 -78 8 -14 -40 10 -13 0 -51 -51 41 3 -96 -8 47 53 -2 -89 -39 -1 55 -83 -25 -59 86 32 -38 -70 -18 80 63 76 -51 -63 84 0 -98 -46 -51 -91 -10 19 42 -29 3 -65 54 -40 -95 -6 -95 -70 
27 31 -99 -9 5 99 24 -38 81 48 -78 -7 9 80 -57 -41 -76 -95 71 -76 2 -42 97 61 15 53 76 71 55 48 22 17 -39 -37 -61 77 -42 -40 82 -61 71 -90 23 -55 1 -15 -80 95 -33 15 -5 30 -59 64 -55 27 -96 15 -60 73 -48 69 20 -91 -51 -68 -65 95 25 10 -85 98 -63 63 66 69 14 80 26 4 77 -31 37 -30 7 98 -65 -78 -52 19 -50 85 74 53 -50 13 65 81 14 -26 -5 -90 -24 41 -85 40 -36 -3 -15 -8 88 -28 87 43 -71 -18 -16 -48 -40 26 5 -74 90 -13 14 -11 -55 -98 29 -42 -86 63 41 -19 -65 -73 86 99 -28 -9 -38 -61 -56 -11 -62 -19 81 3 -38 44 -3 50 46 -74 -42 87 -57 -73 81 42 71 98 -16 82 46 6 5 80 -91 94 -40 75 -27 -61 42 68 17 -16 -15 -69 -49 -10 32 -68 18 -63 -37 60 13 -17 -16 -70 70 -28 -80 43 71 99 13 58 22 9 12 -97 -42 3 -18 -79 90 -15 6 -40 -2 1 64 41 -14 -57 -73 71 19 -66 21 -42 81 -24 96 -13 -41 -94 -68 -93 44 24 88 -44 -29 74 38 88 -94 -20 -72 -88 -62 -48 -27 -25 -12 -81 84 -15 5 84 -92 14 7 -32 -30 52 -6 -7 12 40 -27 -86 29 -54 -23 -43 30 5 -78 27 10 40 -88 -89 49 -40 -88 38 81 28 -75 71 -27 16 -70 73 71 -61 -87 -1 -15 32 50 -84 22 -53 
52 -84 -73 -62 41 -22 -74 -41 -90 -55 -4 -16 89 6 -89 -78 46 59 -45 -89 -24 -58 -53 -91 91 17 59 -47 31 -3 -2 -5 56 80 -26 45 -51 -50 26 45 -99 -86 63 -66 99 50 -88 83 82 7 6 -61 -15 -46 88 -12 -44 9 -7 -98 52 -79 -97 -42 89 -25 -36 53 -94 -78 76 38 97 8 46 -76 -33 68 -99 27 58 5 27 -94 -90 86 -66 -37 -24 -71 85 9 24 -87 -40 -72 35 -12 -32 47 89 -67 -12 41 96 15 85 29 93 -52 -90 97 47 -61 -7 -86 15 -22 66 -15 3 59 -15 -36 43 60 -61 30 87 -29 -64 8 52 -45 82 -81 0 50 68 -44 63 43 -87 63 98 88 30 -44 78 -70 15 98 65 17 -48 87 -21 47 -44 19 -46 -34 32 15 -3 87 94 97 -37 90 28 -27 -29 -33 33 61 43 64 -62 -71 -10 -92 53 -19 -31 -57 57 -68 84 20 71 9 -13 -50 -36 -92 -33 89 -27 34 47 44 -56 -89 88 65 5 -78 22 6 0 17 83 1 -62 68 -96 -92 -13 4 -11 -80 93 78 52 -41 -13 88 -11 55 12 -53 32 13 4 97 7 -56 -92 -98 26 -17 -24 -94 -57 -32 34 27 34 47 -94 50 -31 -47 -24 -65 59 93 -31 -11 66 70 51 84 -62 30 -52 -47 21 -61 35 92 -47 -7 -92 -25 -6 27 -79 -45 -92 90 54 -28 80 -82 82 -85 34 -82 -12 70 -82 84 9 56 -33 -11 -8 -69 
-54 48 -43 -55 84 -39 -21 -99 -23 -76 56 41 -20 30 90 -32 -43 12 -8 -83 -21 -13 3 24 38 -91 82 37 -99 -85 95 -88 -30 66 -72 71 -54 12 -10 -80 77 2 -88 -25 89 -77 -51 1 13 26 29 3 -59 -76 -13 -98 -31 17 83 95 -34 -40 36 -61 65 -84 7 -18 -92 -4 -49 34 -72 -66 -30 6 54 16 -91 -69 42 -50 62 -68 16 -57 -11 -15 31 -52 99 -72 35 73 -1 -51 46 -83 73 15 56 -37 -48 72 -63 -12 -5 -53 -1 26 65 -91 -51 98 -90 -46 12 58 73 51 59 32 -32 -4 -40 65 -83 48 41 -83 -51 6 -80 -46 28 94 -38 94 93 -93 37 61 56 -81 84 -81 62 20 -21 11 -20 -91 66 -66 69 -77 -28 11 2 97 -42 27 -67 17 8 76 96 54 -94 -87 -13 -44 -82 26 67 -94 46 53 -36 -25 18 4 -1 59 -23 41 -4 93 -53 -86 -54 -75 -49 20 72 76 8 99 82 3 -83 -36 75 -7 -24 -43 -38 44 76 6 66 -40 6 -94 -37 -32 -39 75 -44 56 8 -96 -81 51 84 -1 94 -29 -11 -79 -72 21 -12 -31 -29 16 56 80 83 5 66 77 -98 -57 -66 -89 52 63 -96 87 -31 -12 -9 -24 -30 -37 70 -71 5 52 64 99 -16 16 92 -93 32 -16 -14 25 53 88 80 31 81 -8 37 77 -75 2 67 -13 -3 -37 -24 56 93 -25 67 36 86 33 -9 58 82 60 -83 87 29 -51 
-34 78 -91 89 -98 -42 -36 67 -3 59 53 1 26 83 83 81 22 62 98 29 -56 79 35 -8 42 -49 -64 54 -8 -51 -54 -71 -85 -9 -39 -35 88 -54 -83 93 -57 -93 53 -20 69 12 87 -57 -28 -24 71 97 17 76 96 98 1 56 -67 -6 -38 61 -88 -30 -7 -90 5 36 -86 12 57 -44 48 -68 -44 79 -2 -61 10 40 -26 -23 46 -17 48 -26 -76 88 31 -14 76 -94 50 -80 68 -53 76 44 45 -81 27 -30 -20 -27 -2 42 2 75 -12 93 -3 -36 -40 -95 -66 49 -88 52 -82 -74 -57 78 -85 43 58 84 -97 29 85 -1 -31 59 -72 -38 24 -47 -7 -56 -19 35 67 99 77 -2 -26 -71 -9 24 -73 50 -40 1 56 -63 75 91 -98 -88 -19 19 52 -91 70 64 -42 -9 12 -62 -57 -66 92 -74 -27 44 24 -74 -28 81 23 -72 59 36 -58 5 -60 92 -68 31 7 19 83 12 56 -30 -5 -28 -28 -74 -26 -1 70 -90 16 -60 22 76 21 89 22 -74 -86 80 -77 9 -96 -11 -62 -63 -63 68 -18 20 67 66 23 -24 -2 -18 72 -39 -45 -99 46 96 -23 35 44 8 -65 -69 -27 81 87 -38 -28 96 -40 32 -88 -71 88 -90 77 -7 -62 69 -78 -86 80 -78 73 89 -54 38 -80 46 14 -2 -86 47 -26 -83 -18 38 -11 83 -20 -45 -88 -22 33 -16 65 -43 59 -59 -23 71 -30 -99 -76 49 -34 98 -50 34 -82 -88 -89 -23 
18 63 -37 12 -9 -57 -61 -84 27 36 31 -36 -82 19 89 37 71 66 82 17 28 -82 19 -79 -76 -27 -84 77 -86 -98 -3 -50 -74 -11 69 78 52 9 -66 -38 -91 56 75 26 96 9 -2 -55 35 -99 -40 -49 6 -58 9 49 -35 25 71 -17 93 -39 14 -11 48 20 8 71 -6 41 53 85 65 -75 -56 93 79 62 38 -99 56 -31 -1 8 -9 9 75 -84 84 29 -9 61 91 -41 50 -68 -22 -52 40 43 28 44 -76 -86 51 17 -47 -7 19 79 -62 -45 13 59 -1 -43 -19 22 16 27 -5 -42 -72 54 -16 28 73 -24 86 -42 -96 8 12 -51 47 34 -1 -34 92 47 52 -41 -29 -13 -32 26 -27 -8 23 77 -25 -13 -84 44 14 -2 -40 97 62 82 -77 33 84 11 -23 -48 -60 66 19 72 -97 72 23 59 -44 40 93 -85 78 72 75 -1 -25 29 50 -81 -5 25 57 26 -56 -25 -49 20 -52 58 7 -25 63 -8 4 28 1 49 92 -61 -74 -80 9 34 19 -81 73 11 -17 15 -22 5 26 -37 24 -65 55 7 11 -42 -62 -16 95 4 -41 86 -44 59 83 55 64 80 56 -75 -87 25 -87 15 -65 -70 -20 -97 -8 58 12 -63 55 -60 12 27 59 18 -25 -13 13 23 -19 -12 -9 -85 -6 -5 56 34 6 -80 47 55 87 73 88 -31 26 11 30 30 1 33 -10 -47 -21 -22 94 33 64 95 -20 -57 28 -99 71 79 -14 -65 
31 75 43 62 -30 20 19 36 76 -63 -72 -40 12 65 55 -33 50 16 65 -99 31 97 -48 96 -74 -63 -53 -13 70 -37 61 40 -67 11 -83 8 17 14 62 74 -49 -93 35 -9 -33 -94 -19 83 -35 33 -75 66 26 35 65 12 29 41 -7 -91 41 -29 -99 -97 -52 -24 53 41 -97 59 -19 -13 79 79 -86 -84 -29 -43 -1 23 47 -96 -43 -30 18 67 44 88 -23 -45 -29 -48 -49 40 63 78 44 35 27 -59 54 -92 -42 3 6 -83 -61 -32 80 85 -59 -10 -79 58 -89 9 -76 10 74 -64 40 -94 32 -96 -56 -32 54 85 36 -19 24 49 -54 38 -18 50 -75 12 -34 81 -4 20 -82 15 -80 -14 -58 72 -95 74 85 61 64 51 68 -88 11 82 -76 -63 48 71 -24 72 -38 63 -8 14 70 -46 64 19 65 -45 54 28 -38 -24 24 -54 -28 -65 -43 -66 -55 11 -10 86 -77 -91 -64 -58 -81 23 26 75 0 -15 -63 11 -5 -73 -86 -94 81 75 87 52 -59 43 7 -21 -23 61 -91 -16 19 0 -16 97 27 -37 -99 -93 -1 -48 -68 -42 -60 -58 -20 -12 90 -23 9 -40 -51 33 97 -59 63 -65 86 -51 22 -78 45 7 6 96 -19 -83 -79 -39 -94 64 -48 33 -4 41 -97 61 -37 -14 -65 -53 -79 -99 19 -58 -86 42 -84 -75 72 -71 -14 41 12 90 -62 -91 61 -61 -91 80 -80 79 -47 -92 66 -49 57 5 72 77 81 75 34 70 
-43 -25 -88 4 63 84 -81 -46 -6 79 6 22 -43 -96 -84 59 80 -38 -79 45 91 11 71 2 20 -40 43 -39 -5 62 80 -21 70 -95 73 -37 -16 -53 -74 -41 17 24 -35 -52 52 82 -85 -67 -99 40 -29 -49 -99 -93 84 8 -84 -21 -47 99 56 6 -64 29 -84 30 -64 25 0 40 73 -97 72 -78 -93 46 -73 -94 -92 -90 13 13 6 78 93 21 57 11 54 43 94 -81 89 -69 -44 -78 27 -17 -91 -11 17 90 -45 -91 89 86 64 -75 -72 -37 88 -92 44 -89 46 76 29 -89 22 17 -15 61 -96 -62 -36 59 -24 51 -80 55 81 -51 -18 83 -94 64 43 92 14 16 47 -25 -66 -67 -70 86 53 87 -20 61 -44 -8 -25 5 98 42 -69 9 -90 42 -48 66 -42 29 90 4 79 16 87 -90 78 -14 -7 -76 62 94 -15 94 -63 -49 -4 22 -17 -66 -67 -22 74 10 -49 60 17 16 -4 -33 54 50 -85 30 -97 -22 23 -31 -7 63 -18 54 41 -74 -94 83 86 -67 -25 0 -93 0 -51 -58 40 -82 34 21 -97 53 -97 37 -35 -7 74 -63 86 -13 96 -32 -93 -98 14 72 -84 56 -34 -70 35 -2 -75 -63 -61 44 93 -10 82 2 -33 -36 -79 -64 38 -48 97 70 35 28 -50 -86 -67 -3 -22 -11 -4 15 75 15 18 39 63 -61 -33 -34 43 87 -53 78 -32 -71 -19 23 -34 2 8 -16 -63 -10 -24 5 96 -9 -65 -58 -20 38 
-46 -85 58 -42 95 -50 64 45 -64 21 60 -93 4 92 -57 -71 23 -71 17 90 5 -69 50 20 -81 94 70 12 21 -47 -33 60 -46 -67 82 -65 -56 -8 -57 -33 -88 93 -93 -88 2 -22 -67 -74 -48 72 -72 1 61 58 15 -5 66 -11 -35 -65 21 -25 2 29 -21 91 -94 -39 -47 93 -49 -15 -47 -93 -84 6 -70 13 6 -58 3 -89 33 95 -76 -44 22 -25 -64 43 17 78 -57 -51 28 -53 52 79 -28 -55 93 43 83 8 98 -86 98 -75 18 1 -18 -41 -72 -40 15 30 -79 -53 -58 -16 -46 -61 11 -10 -92 11 69 43 50 44 2 94 48 28 -49 -91 32 -39 -55 32 -57 79 89 -8 53 -65 -34 28 22 79 -12 76 -6 23 76 -85 16 94 93 46 90 -3 -7 -22 77 97 -91 55 84 91 23 -80 94 -23 35 -52 22 9 -7 70 -85 2 -75 67 43 36 89 -72 79 -5 -50 47 -64 -55 91 -75 22 26 -75 -90 -37 -53 -83 73 -90 -46 7 30 -11 90 78 37 -73 -44 56 -65 -1 50 3 -5 -43 -29 96 -37 -69 91 -78 28 -29 -12 -89 33 90 27 -48 13 -64 -2 6 73 84 10 -45 -99 -31 -88 -95 20 -60 62 -14 -82 87 6 9 8 -2 -31 -12 79 -78 87 -6 14 0 -36 69 18 99 -38 -89 8 23 67 31 -66 -3 36 66 25 -10 71 84 -10 -47 18 -29 -39 38 -96 6 27 52 20 -86 -64 74 -83 -46 -3 
-92 -40 12 -11 95 21 -69 35 -54 -40 -44 17 -16 -66 23 2 83 -79 80 93 1 -45 -96 -11 -12 16 20 -20 68 43 -94 20 -87 34 -50 8 -95 90 20 -1 61 41 -5 24 6 -29 73 -94 55 19 -18 43 11 41 -44 -95 -2 -37 -56 88 -76 28 35 57 -20 90 -29 11 -32 96 15 53 -30 -99 21 -97 -18 -35 -80 -51 21 -50 63 -61 -90 -56 50 -50 -68 -52 -73 -33 22 -48 -68 36 86 31 72 48 47 -82 -91 47 -56 -44 -50 -61 -47 29 59 11 48 -52 62 75 -19 -24 85 -9 18 -14 24 82 62 92 64 -16 55 84 -3 -75 84 95 -28 1 -97 86 -91 -83 -61 5 64 -68 -16 -93 -8 43 88 -89 40 -8 -69 19 -29 66 -15 -12 49 20 -44 12 97 -54 -1 -96 90 -43 -59 -98 -28 -86 -63 -3 -7 -86 52 -17 13 60 -56 -83 -94 80 -77 57 -20 44 45 41 -87 96 -32 -98 74 46 91 8 29 -74 69 -62 25 -30 -73 36 -22 55 57 -67 32 41 -32 27 18 -54 94 34 78 -94 -54 49 29 -73 -13 -93 -27 -80 -27 -60 96 9 77 -4 35 -43 64 -46 97 -49 -83 37 -32 -2 -35 4 -70 39 55 15 -96 -32 30 74 -82 -14 86 -28 -81 -41 -30 24 15 73 65 6 -20 38 87 -26 45 24 -7 -25 -50 -98 -87 -64 -68 -25 -67 -6 -27 -23 26 36 -24 -88 -16 42 -18 -81 52 -83 54 -51 -19 92 49 11 
41 -83 59 61 28 20 -76 -45 -26 43 -65 -5 -40 -39 -48 -23 -28 -77 16 -94 -88 -10 47 -17 -97 68 26 92 17 45 47 31 -43 -1 56 77 77 43 -88 -10 -46 74 -74 41 88 -98 -19 -28 -49 -87 -6 -4 81 -53 76 29 49 -75 26 -76 78 -87 -78 19 -27 34 -34 49 -28 -88 82 -67 -96 42 35 80 -21 -2 82 64 26 -81 12 43 -53 47 -90 99 68 -4 91 -39 -83 73 35 57 10 28 -70 -15 61 -49 84 74 -12 19 -56 -24 6 94 25 -82 41 45 -80 1 -53 82 3 66 -86 -12 -59 14 63 -94 -39 -10 -33 -13 -29 -13 -66 -47 -22 -1 84 -58 9 22 -10 30 -11 90 -50 -72 -23 -12 93 -25 22 95 49 -67 39 -74 -40 -87 -48 25 -14 43 54 -80 95 -27 34 -11 47 -58 -65 9 -70 -26 98 -95 20 -3 -76 -50 -17 -92 46 -84 56 -71 -71 -34 -38 -72 6 65 60 -74 28 12 -36 -75 73 -45 -86 15 -97 19 69 92 27 -21 -35 -52 -86 61 -13 64 -99 19 93 68 -35 -99 4 -20 71 -23 91 92 82 -80 -66 -11 -6 -98 96 84 41 36 35 -56 -8 93 -56 -64 43 62 -74 20 23 60 95 -95 -82 59 1 29 -98 -12 27 64 -42 -70 -85 4 -28 -1 -77 2 92 -66 28 87 -43 -9 94 -87 92 -81 -4 -52 62 -77 -86 -75 98 -1 -88 96 3 -44 -70 24 69 24 60 75 64 -87 31 85 10 -46 
-34 74 29 43 1 92 -17 -39 42 13 -51 51 43 -59 -97 41 75 64 87 -32 -27 -48 -19 79 -95 -32 5 1 -25 44 93 96 76 -81 1 51 -40 20 -82 -52 87 -84 -43 -77 92 28 -66 -66 9 81 86 5 -91 -45 1 -63 92 44 76 56 18 53 -12 59 99 33 70 45 48 -33 -21 -66 -65 80 -93 -26 -18 59 79 -9 -56 -47 72 -53 -62 70 -81 -69 51 62 -28 28 3 15 16 36 89 -43 52 -47 52 -65 -72 3 31 64 33 -62 -56 34 -98 -48 22 19 64 32 -98 -2 -66 95 -81 -25 -68 99 86 94 -82 -17 -54 -42 -94 60 -59 -78 69 -64 71 17 47 -22 -10 17 -88 -78 -33 80 -36 66 92 -97 -9 -43 9 -2 -59 81 -63 -79 41 84 78 -97 -65 86 -73 56 57 -59 -5 87 74 18 -19 0 30 33 12 -68 -54 14 -86 -61 -82 72 87 76 -70 11 1 -17 14 21 14 51 -73 -87 -64 -8 -43 -11 -12 18 -14 80 18 -27 -7 -19 -95 33 68 -63 11 -70 18 28 94 85 -23 92 -92 -31 78 36 54 -7 74 -86 72 -17 46 81 81 15 65 14 -80 -82 14 23 38 -95 -63 -7 -50 89 -57 -27 19 27 -96 23 60 92 22 3 82 -18 57 -38 22 -58 -52 47 86 11 7 99 -54 81 53 48 51 -69 -35 -32 1 33 22 84 26 -31 -54 -2 -20 -34 42 -43 92 64 -38 -41 46 -20 31 80 -74 72 -79 -23 
6 -91 -49 37 27 -43 46 -56 -49 -32 62 35 -69 -28 84 -94 94 63 -47 -40 -7 20 90 -98 -78 3 -56 -66 -98 -76 -7 -15 -12 -32 -44 70 -35 92 90 33 32 -37 -46 -70 57 -38 48 -2 83 53 -89 -27 -62 20 -45 82 -63 47 80 -8 29 88 24 -42 22 96 1 -13 -93 -92 16 -23 55 20 -3 31 42 -77 41 -42 2 -64 20 54 57 -98 16 22 25 -59 -84 69 -98 83 -40 -44 90 -77 -39 -7 9 -29 -44 -56 12 1 -96 35 37 -27 18 -39 -49 -95 -70 18 -68 -37 78 -59 -33 -19 -65 -60 93 24 91 -60 82 6 60 -80 4 44 53 -66 70 97 67 -2 -94 -44 7 13 12 16 -98 -18 -81 -37 93 84 -13 -12 -31 9 22 19 -9 95 -63 -97 -68 30 -59 86 -66 42 46 29 91 6 20 -85 -80 18 45 -8 -56 -47 20 -72 23 62 91 -18 -71 -23 -46 -25 40 -92 35 -39 -42 16 -88 53 34 58 -66 -20 60 -25 4 17 79 40 24 13 76 -26 -47 73 46 -20 64 43 5 40 -2 58 -31 -44 6 -3 -3 -71 54 26 68 68 -92 -71 -63 -18 57 31 87 -93 -34 -9 -67 -90 -54 18 15 -28 2 -18 -66 91 -88 -99 52 46 -7 -48 -10 -80 -44 85 31 -75 -14 -16 -37 -1 24 -82 93 73 68 99 24 -74 5 -29 67 -65 -86 71 63 -14 31 -5 -23 84 48 -36 -47 -98 45 -26 -68 -98 -31 50 -6 99 
-1 34 55 -41 -25 -25 -58 82 -16 -62 79 62 -80 46 21 73 70 97 -88 71 -62 -98 -15 15 65 29 54 -25 99 91 -37 -89 -82 66 -52 12 42 48 89 69 50 -77 -54 -25 55 37 46 67 -9 24 -34 -31 74 -39 -72 -37 4 -16 -33 15 2 6 -49 30 -34 33 21 43 5 82 17 3 14 -11 -94 -75 67 -93 -6 -91 -69 57 -66 -98 -17 67 38 78 -35 -32 45 54 -54 18 48 14 37 77 75 25 -22 -99 85 99 -67 65 76 -8 -52 41 59 -29 77 -59 18 -42 -32 -55 -16 57 93 -91 -52 -47 -19 80 27 -86 74 8 -14 26 -79 -77 3 1 -23 7 53 -47 67 94 -77 -12 -71 -55 36 53 -89 -26 -88 91 49 58 10 68 66 -55 71 -54 -1 -38 43 -55 39 97 91 47 -37 -65 47 -54 45 47 71 -12 93 -62 16 69 75 70 -83 0 5 67 -17 -11 76 88 -90 87 -22 3 -51 -90 -82 35 -53 -60 18 -37 13 -61 -56 -57 11 31 -36 -15 1 46 35 77 36 -33 -88 50 25 -4 -69 -12 86 12 -43 -5 -49 -59 -77 -56 -16 9 -17 -65 -16 -70 71 -45 54 72 -92 -55 44 -78 79 97 -78 -63 33 -85 -87 -66 62 -21 21 22 -5 61 -24 26 62 -39 26 -52 79 92 -57 -57 -15 -17 -70 28 73 7 12 61 -62 34 38 -48 -54 -35 -35 77 -51 62 81 -15 -5 57 98 47 -7 -50 44 -52 -28 2 13 -33 
-51 61 -22 44 -78 -44 51 64 -9 -18 62 80 -62 -98 -86 -70 45 -34 -20 58 42 29 68 -22 84 -94 -45 24 40 31 -66 21 79 81 -49 -35 25 -95 -15 19 64 -31 -52 25 -55 -46 36 89 56 -50 -23 -31 66 25 -15 95 -50 86 17 93 -94 5 -76 85 0 67 80 -6 3 -35 53 -18 28 15 -1 46 -54 14 92 -15 63 66 8 -66 -93 83 91 99 48 77 -25 96 -26 16 79 -97 -16 36 76 -35 54 -92 37 -98 -2 6 -72 -32 -31 -29 -17 -59 -5 33 92 -65 -13 -23 -23 -11 -46 -72 -85 75 -40 -53 -90 44 14 -63 -68 8 22 -33 67 25 3 19 61 -21 84 -93 -42 -23 -43 29 -74 -82 -26 68 -22 57 -48 82 -64 30 93 -51 -64 44 -12 45 -21 82 -69 -26 -49 -39 -81 66 -61 -40 -55 34 11 74 -30 -38 -50 -77 -22 -77 -91 94 -27 48 83 -9 -20 -35 26 67 47 36 -99 -90 -87 -44 42 78 -2 -48 45 25 -20 31 17 -20 31 -65 86 84 -40 30 61 -15 60 62 -52 19 -59 67 -72 -26 -86 -24 59 40 -46 -65 -90 -86 73 10 77 -86 65 -34 -4 -67 53 -18 -65 -97 56 76 11 -88 37 22 -66 -62 8 -74 66 -17 -44 -4 28 -80 11 -72 -4 26 91 -96 -53 -2 58 -27 -87 70 -7 66 -24 37 52 -55 -57 17 -96 90 -75 -70 60 6 -52 -52 52 25 -9 24 -40 -51 -38 -57 -89 -40 -93 -56 
-7 -17 12 -42 -81 77 -30 -86 42 -20 52 75 -91 22 -54 77 88 -32 88 -51 -5 -83 81 -7 51 75 11 -48 34 98 92 -87 81 -80 85 -76 -53 38 -48 -83 35 57 -48 88 13 -28 -24 89 -72 3 19 27 23 -75 43 -42 -16 46 -40 -31 -55 -28 -79 95 52 39 67 59 -28 30 -92 -72 84 -21 65 -46 21 88 66 -93 -70 -38 16 57 -46 29 33 84 -32 -6 -30 -60 -94 -41 14 -20 9 58 -90 -50 0 66 -35 57 -40 12 26 -67 52 -83 16 -36 21 26 -32 4 -82 74 20 96 -72 52 18 -27 90 -29 82 82 37 87 -95 -55 18 -45 2 47 71 -48 -51 -19 -62 62 -95 -76 44 -92 42 67 24 -34 -80 15 98 -54 -43 7 -80 -23 40 82 67 -94 27 90 58 33 -95 -66 78 -12 -38 -49 86 63 23 -53 17 -88 19 71 -41 -61 -74 92 27 -69 53 -58 -6 -53 20 85 8 15 -69 -8 64 -32 -26 47 -47 -92 69 56 -44 50 -58 24 73 10 -43 -61 58 91 -88 74 -24 57 52 -28 25 42 -36 97 -50 50 80 -45 -40 -46 56 83 -89 95 92 75 -20 85 -89 37 -74 -36 -5 20 -98 -16 29 -62 50 -26 48 -76 -29 89 96 17 92 -93 20 43 -18 50 11 32 -52 60 61 -51 -92 -40 -77 -96 -4 -62 -48 -36 -18 39 46 17 -63 -10 9 -82 -30 -22 50 -27 83 10 -24 18 -54 -23 -92 45 -92 45 -47 43 
-3 57 -12 30 22 -48 -10 44 36 75 71 -50 -34 11 -79 -29 69 -76 -59 -9 -50 48 49 72 -21 -82 32 38 75 85 90 -41 89 29 59 -7 -12 93 18 -98 49 40 -39 64 48 71 -90 -5 99 8 93 55 -37 -28 89 -42 -78 51 80 -44 53 16 -58 53 2 53 -30 -9 52 -22 27 -64 -16 11 -81 54 -59 -64 51 0 69 -28 -85 -15 -93 60 24 -76 -7 19 27 -28 -46 63 55 -80 -67 -31 98 55 -41 15 -51 -89 -16 -6 93 -94 -20 -37 35 89 30 -44 22 25 -54 -10 61 47 -8 -75 60 -45 68 52 58 -26 -75 12 -98 -86 25 77 64 20 -31 -76 -23 -30 12 -89 -40 -70 18 92 -19 -83 24 -37 87 -28 -36 -63 -19 70 -66 -64 -10 65 -65 16 50 -12 86 36 -66 -48 -25 -2 13 93 -67 60 -62 -49 -24 -86 99 29 -72 -84 -66 97 -68 14 68 -20 3 -69 -96 -62 97 9 29 -70 85 88 60 -44 13 -55 -16 86 -52 95 93 10 -36 -57 -32 -38 27 -92 46 -73 97 -81 -51 -27 -98 -18 62 -36 -72 -53 62 20 -53 95 -35 -84 -56 85 24 -81 -90 -43 -35 -4 84 -31 -79 -55 -64 -65 15 -81 -88 1 -74 36 42 -36 -57 14 -16 50 62 -31 -26 -20 -26 4 -60 73 76 -8 -84 -15 36 91 -46 -23 -95 -30 -22 -19 -24 -36 0 13 -82 -82 76 -52 -97 50 75 67 -53 -84 50 -72 -34 -38 15 87 98 -65 
-22 -20 1 43 -31 -52 -52 -78 61 -33 79 -17 -95 99 -13 -4 -28 63 -24 2 -17 9 -84 -38 -96 54 95 -44 -30 40 -9 7 85 74 36 25 -30 -11 87 -81 70 -63 -48 59 11 -63 8 -57 -58 41 -54 91 74 -49 47 -29 -25 3 -70 49 44 -30 5 30 7 59 63 42 -22 -60 -90 38 66 -67 34 -97 18 60 4 63 -23 5 -63 37 -42 27 34 -97 16 14 -84 3 -72 -21 -1 -12 91 -75 80 62 -7 99 -55 -77 28 59 -19 -12 3 70 74 20 -17 10 90 -13 -43 -95 45 -51 94 -9 -19 70 87 98 -18 93 -2 -78 99 12 -7 34 69 -25 -89 18 56 85 -43 30 65 -90 -90 -97 24 52 -93 -22 -3 57 56 -37 61 6 35 88 38 -11 35 30 14 -14 -63 -99 -95 28 -85 -96 6 -73 47 -3 -31 54 19 63 37 -27 19 -97 -49 79 -77 93 -90 52 -67 -29 -1 -54 -46 -39 60 36 94 56 87 12 87 75 52 8 -40 -41 -9 7 88 -2 -94 -83 -41 66 48 88 99 -63 88 22 -18 99 -23 -67 19 85 22 -19 49 -83 64 16 -78 87 -34 -15 19 98 -53 17 69 79 18 14 94 -81 43 59 35 -86 41 86 37 -46 28 10 -58 39 30 -1 30 29 28 -38 23 25 63 77 67 -71 -65 -39 97 -61 46 29 -20 -97 35 59 -43 -94 -44 -20 -75 77 21 72 77 51 -44 32 45 -63 50 -68 43 32 71 -64 
56 -42 -71 -53 -48 3 -65 -52 -54 -74 -63 -81 7 55 -98 64 -77 11 -94 -93 -36 83 -44 50 -53 -23 18 38 12 51 64 38 -16 88 -82 -90 -10 -34 -87 58 35 -42 3 31 -28 37 23 -64 -48 89 -92 -70 -86 90 -4 -12 -95 17 93 -45 72 -45 -70 91 -36 21 -31 80 17 46 85 73 71 31 -93 87 -49 -79 -53 14 -21 -24 -65 56 89 89 56 8 60 -78 55 -13 -53 -57 97 -34 18 -15 27 -10 82 -7 -95 4 -78 40 -2 70 -45 -30 -87 84 19 -68 -27 95 95 -37 -6 -98 8 -50 -43 67 -63 10 -52 26 83 72 -80 -74 84 85 36 -43 -99 9 35 62 42 -87 36 26 -4 80 20 83 -81 -82 -53 23 51 88 66 23 -78 17 4 68 -59 35 83 74 29 64 89 68 -31 89 -70 -28 48 72 -16 -51 -51 5 -45 88 -75 95 64 22 -62 -76 0 -87 -37 -48 69 -83 85 26 -96 -15 -27 -1 21 34 -67 33 67 -60 57 34 95 -7 -37 22 -66 7 -78 -37 44 46 -67 35 -84 -42 -36 -71 -42 23 57 -77 41 35 81 89 66 -82 -90 -85 -20 -66 63 -86 -72 -8 32 -25 -8 98 35 -16 -8 69 75 64 -79 -59 10 -4 32 71 -89 -68 39 97 -99 -67 7 72 -2 75 -53 83 -91 88 -20 8 1 34 44 -17 99 -47 30 95 53 -16 -68 72 32 -70 -66 -28 -57 -74 -14 76 22 49 -97 -47 74 -13 59 82 
76 64 -98 -64 90 -29 85 -20 64 -76 92 24 0 27 -53 -4 -60 -34 48 -1 97 -29 -18 35 85 28 92 -94 -6 46 87 55 -97 -56 17 97 -98 15 55 34 -11 -51 57 -79 94 26 -25 -85 87 6 41 56 34 -70 6 -63 39 -80 -71 41 60 47 81 -48 32 -40 -68 42 -53 60 -26 -78 -87 -58 -50 -60 27 -62 -93 -7 -56 -54 -75 9 -79 59 52 -97 79 99 -89 -32 20 49 34 20 -47 71 63 18 -81 -70 -60 -86 55 12 6 6 -63 50 -24 94 -43 -56 -13 19 38 14 -76 -46 49 11 80 -15 -1 -29 23 -63 71 -30 42 -97 -44 41 -71 44 15 65 11 -66 5 50 -36 -23 84 -45 0 77 -84 -22 -30 -61 -31 89 29 -41 38 -7 66 74 -97 7 -22 64 -90 10 -68 -89 -31 3 -39 -97 60 16 63 -38 0 62 79 -62 -72 -70 -44 67 38 -97 89 50 22 29 -68 -32 -60 -69 -9 -25 76 46 -48 3 -58 55 -4 -12 46 24 13 -4 20 13 -47 47 25 43 -11 -86 -95 11 12 -19 14 52 63 -86 59 85 83 -70 -70 22 -62 -21 65 -17 71 27 14 -54 99 -72 -90 15 94 19 75 89 -8 80 -9 -94 89 38 -75 31 52 -93 46 78 -64 53 -5 -59 -83 -12 59 -58 85 22 -68 -18 84 30 12 8 -77 26 -79 37 97 0 -28 7 28 68 -22 -68 35 -31 -64 -88 40 -30 -97 64 60 9 -53 15 86 -68 
12 -4 12 -59 -18 -77 4 -60 -80 45 -80 67 27 -3 -53 -51 -26 50 -36 -48 3 -17 36 -3 2 -12 24 -82 -63 84 -69 -48 45 -19 71 -9 -79 24 -83 -9 9 7 -51 36 55 88 -90 -13 -38 8 -3 -63 40 -46 39 13 -49 -31 5 -47 -53 25 -43 -33 -65 -75 -68 78 41 -30 -15 42 -98 -56 91 30 -69 23 61 51 -34 -41 -22 -34 -49 -53 -19 -3 -80 56 -53 -84 9 -89 46 29 31 -54 -61 -7 71 15 78 51 93 3 -3 61 -91 2 89 -94 61 -82 93 -21 18 -52 4 18 62 -99 6 -98 0 8 97 -50 -70 22 -80 -44 -85 9 12 -63 59 -66 61 41 20 92 31 11 99 -35 74 12 35 -61 -69 46 39 -56 -46 36 -22 -84 17 -29 72 64 -87 16 58 66 81 47 -83 -58 -38 -88 -53 89 -66 58 -90 -29 68 61 45 30 -72 -56 93 -42 -30 9 -88 26 59 30 78 -22 -95 -14 -37 94 -73 29 32 30 -15 -93 81 51 -75 97 -30 -58 98 86 65 -70 -25 71 -86 47 -17 69 -53 -72 91 95 82 -70 24 -27 74 65 1 -43 82 -65 31 -40 -7 31 9 77 4 7 -64 11 97 5 67 83 34 41 66 -37 -53 6 -7 -39 62 83 -50 -85 13 12 35 66 -7 50 -52 -36 32 77 8 -90 44 30 96 53 -14 22 -59 64 -99 34 39 -66 16 -26 -12 -14 -90 -68 35 -23 -85 -36 -23 88 65 -99 60 -89 
-71 -96 82 -67 -26 -66 -92 60 86 -59 -52 -6 7 -19 -66 -14 42 9 46 -42 -38 94 50 89 -41 80 -85 -12 -85 -59 -95 -48 -75 15 13 -18 -80 -30 45 42 -62 -81 -82 -49 24 35 -8 -47 -46 16 86 27 2 -8 -26 9 38 -84 -48 19 -64 -46 34 69 -26 -82 54 57 -14 -11 -71 -94 -77 -27 -40 -30 68 76 7 32 -67 -37 -96 -28 -75 36 1 57 -41 86 5 69 -97 -15 10 74 10 -90 7 50 -8 -97 -8 -16 -66 -12 -3 -11 -96 -84 46 48 -3 -52 39 68 71 -30 -64 -18 -28 -61 68 -77 34 9 74 7 -54 18 22 18 -64 16 13 -25 -19 -93 29 37 -60 26 57 -10 -47 -4 47 88 97 -2 -2 30 -92 -50 82 -78 -3 64 16 4 -59 -63 -9 -20 -72 -33 -18 72 -17 68 4 -27 97 -57 70 8 -20 64 94 -37 -98 -12 17 8 -24 -12 -1 41 -33 -17 34 -37 64 84 87 -16 56 -13 -95 99 -93 9 -52 19 12 -4 -9 15 38 -30 28 -10 96 -63 -95 21 32 55 -14 85 37 60 11 78 -31 10 95 -93 56 -29 61 -26 -37 -72 30 94 28 -87 70 -47 -63 -72 -96 93 73 -96 -19 1 -89 15 -47 20 73 56 36 -26 -51 -74 81 -78 -90 -57 -51 43 -57 84 38 11 -60 83 42 -5 -8 -55 -73 28 2 10 47 -87 25 -9 25 39 -72 -10 15 -96 -54 39 -78 96 -90 -77 7 83 -51 -64 -33 79 
51 -41 -17 6 -97 30 -19 43 32 41 -13 9 -30 39 -61 32 92 12 65 -53 15 87 -94 64 -5 57 25 -32 -2 1 93 37 -87 55 -83 -48 14 -17 -37 86 27 -91 90 -19 48 76 -25 -12 -91 -66 -18 -51 -10 3 -64 84 -49 26 -66 -68 -48 -71 39 53 55 14 -55 -45 -85 -65 -88 -69 28 -10 -67 77 -54 81 97 -78 29 97 -24 51 -50 48 -73 47 -57 -96 12 -28 52 -37 -28 -76 -79 75 -82 39 -26 12 -50 50 -79 -78 30 42 60 -37 11 11 86 -92 0 88 87 -54 4 70 -87 -42 19 -85 -16 77 -62 8 64 75 94 -78 -61 69 -56 74 40 73 -86 -81 34 -41 -30 -69 91 -36 -44 -7 -28 17 -24 37 50 -11 -10 -50 13 39 -70 96 -47 44 -51 -53 72 -41 -93 1 31 73 -8 -23 22 37 38 49 33 -6 89 -7 -45 45 60 57 -8 -9 42 29 -15 -51 -45 -62 33 75 -32 92 -53 61 -71 -10 -16 16 90 -85 25 93 30 -33 17 56 -7 78 99 73 21 2 17 20 -96 66 57 33 -38 -19 -68 59 -85 96 -87 19 -19 -40 -95 55 -91 -5 26 86 -32 -22 -11 -60 3 0 -21 12 -30 42 -14 -2 -85 5 34 -84 -86 -99 51 -53 35 58 -96 -62 -19 -5 -92 74 27 43 -84 -96 21 -59 13 -39 -61 76 83 -38 94 -90 5 -94 30 85 -37 13 -11 -63 -87 -47 52 42 29 -14 57 75 88 22 -93 46 
34 95 -27 -58 59 -36 30 49 78 -42 -67 96 25 54 83 40 73 11 -92 22 -57 87 35 7 46 -6 18 -58 -77 -93 85 -47 -35 -57 -49 95 84 56 -82 93 10 93 30 -73 -20 -49 -81 -32 39 -16 4 55 19 23 65 72 -43 -12 18 -35 -68 66 -17 9 5 -81 29 -52 17 11 -11 -55 -96 61 15 18 -90 98 59 -71 -84 -61 26 94 -4 29 -96 -74 76 58 23 -54 80 35 -39 23 -36 95 93 -61 -29 59 -20 -98 -36 13 -6 87 -28 -4 45 79 -2 79 66 29 -93 -96 -75 10 32 21 -54 -86 48 -56 -2 96 32 74 43 72 -98 32 -32 -42 -92 -34 18 10 34 71 23 69 34 3 96 44 32 38 -87 -63 29 25 -21 -74 27 50 -51 -34 -24 -83 -76 -20 78 85 -86 -62 97 -69 -48 26 13 82 -44 -18 -52 -29 99 -47 -35 91 0 8 -12 78 58 5 -14 -54 82 -76 -57 16 -75 -9 84 -24 -78 93 -58 49 6 71 -2 47 17 -75 -91 -27 8 -3 -57 -20 -68 -39 -60 -78 -64 -67 75 11 79 -37 60 91 50 -4 80 -83 -92 -92 94 -75 70 -90 -1 -16 -70 -28 -68 61 -37 -17 50 86 63 -44 -38 87 -94 -77 25 27 -35 35 98 -71 -19 -86 6 56 69 91 57 23 -86 -63 -67 -99 90 25 80 -49 -80 78 -50 52 -35 -79 43 -91 75 -50 75 -28 -88 59 9 -93 -53 -40 -18 -64 80 -16 -91 -60 -16 40 
-37 72 -87 -52 62 85 -88 13 84 52 18 74 20 -89 -98 -48 -20 -52 39 45 -77 -66 -79 -18 39 90 98 88 -93 66 74 73 -99 -30 -46 99 -37 -28 -78 80 9 -12 83 70 41 -51 -18 94 73 -9 78 35 17 -86 -44 -16 -77 -11 88 69 -43 -79 -76 -15 2 58 50 -63 47 -86 73 -63 -9 -43 -32 -13 -33 -58 -2 -90 66 63 -29 99 45 -51 51 5 22 26 -36 23 9 -46 19 17 34 63 -14 12 -38 74 -27 -3 76 -14 90 -1 -97 69 38 18 50 58 72 71 -55 67 84 43 41 60 49 70 59 78 57 42 13 45 -45 -29 -2 -51 -95 44 24 97 82 45 -65 -25 10 -54 30 -2 -47 13 93 -38 -53 -74 -71 12 18 33 81 0 16 32 64 -78 98 25 24 -40 32 86 -26 43 56 -38 -5 97 94 -27 -78 -34 -9 81 51 -13 -58 -88 78 -68 -47 26 32 24 18 -17 28 74 38 -53 90 -73 -69 95 -91 -28 1 -59 -6 5 22 78 86 -26 -85 -2 24 25 -16 -46 -68 -3 82 -74 -23 49 64 55 55 83 -61 4 24 65 -10 -60 -7 -40 52 12 88 -71 0 6 66 34 -5 -22 -69 23 67 33 -93 50 -82 -28 29 35 -30 39 10 -12 -20 -40 -98 -16 10 -83 -99 80 92 94 -54 94 -16 -7 49 83 -15 1 -66 57 2 -37 68 -4 45 -30 14 10 -37 19 -62 90 84 75 -25 -41 71 -49 87 67 -50 6 
16 -76 71 -95 1 56 -19 73 -23 -68 71 50 63 67 -67 15 -65 -9 16 -22 -9 -42 58 -26 -57 57 0 -67 -79 54 -5 -73 -73 -31 -24 -29 67 -50 27 -32 47 45 44 -35 -86 -41 -8 -28 43 -71 47 -73 42 -50 -18 -94 17 11 -98 46 -52 32 16 65 82 44 24 51 39 89 -88 -51 -85 -3 95 5 89 96 -17 -72 -99 35 -13 -97 3 -41 19 -47 -77 15 25 -29 -40 -7 79 60 2 24 18 31 -46 -70 35 -86 -7 -24 16 99 -27 -33 77 2 51 -83 48 -25 -99 2 75 -43 -37 58 -96 17 -71 52 -74 45 -13 50 -24 -36 -39 -12 14 -82 73 38 78 6 -9 53 58 -54 13 -88 -15 43 8 29 7 58 19 -72 11 -77 -60 -6 -85 49 -23 -77 -75 59 56 -87 6 -83 -70 -33 96 44 84 -98 -11 -65 -45 18 33 35 43 -13 -55 92 -45 -62 -96 56 -78 -74 -52 -1 -35 37 -24 26 81 78 -81 -40 -21 -57 -36 -36 -92 -80 77 -24 -44 -34 -92 -95 -95 12 35 -11 75 -2 -51 -53 -83 -44 72 -18 -81 -11 47 70 56 -76 68 58 -48 7 -10 8 23 -21 79 38 73 77 -66 -94 68 44 -97 41 3 82 -7 88 -53 52 -49 -17 52 33 73 24 -85 16 -79 -79 25 63 26 -14 -23 11 29 55 14 74 53 -15 57 79 -83 39 68 28 30 -63 13 46 -10 81 28 87 0 -50 35 -80 17 -48 19 80 72 66 
26 80 37 -13 -73 -60 85 -12 40 -18 -72 2 -16 -2 -3 -25 -37 -36 75 -81 84 -67 -81 6 -91 -74 48 -18 -62 86 72 49 72 -89 98 23 7 -83 -7 -79 31 73 -4 41 -25 -45 45 -82 86 28 -94 -99 42 11 -66 -19 6 -76 48 -58 -41 40 52 -37 0 -44 -50 -82 31 48 85 17 23 -60 -3 -97 -24 53 72 -26 -76 -75 -76 -6 96 95 -38 24 44 -3 -69 -78 44 96 -21 63 -65 65 -59 -82 86 -96 -44 10 -78 -35 18 91 -96 -19 -80 -18 -9 1 53 -4 -39 87 -2 -85 51 -40 90 43 -69 6 36 37 -82 -47 36 -31 -27 -85 -64 59 80 -8 25 8 54 17 -23 76 -81 -65 32 64 56 84 -15 -5 -32 -47 -68 -12 71 48 18 68 -98 -7 -56 -23 -62 45 -90 88 -37 -70 -3 -49 33 -91 -21 88 50 -69 7 54 -79 46 9 36 50 -16 73 69 95 32 -66 -98 18 -45 51 78 -62 -15 -97 -84 -55 79 57 -20 96 60 4 76 -94 -9 7 -83 0 60 -28 37 63 -14 -55 27 79 94 67 42 -87 5 26 -94 -88 87 87 -10 49 7 -56 -15 73 -58 13 -2 53 -84 69 -35 55 -54 -82 28 19 -44 57 -34 12 -31 -80 29 8 42 82 52 42 35 -83 -79 -54 -59 72 82 -21 18 -23 -99 -28 94 -83 -58 94 -82 -94 -66 -90 -48 0 19 -71 -13 -66 93 -26 87 -22 75 -40 -26 55 -52 80 -29 4 -44 
-65 16 14 0 -11 -80 78 17 35 -83 -61 42 38 -37 40 -52 -25 71 -32 97 -7 96 17 95 73 -89 -86 -58 15 -81 47 -87 -87 -7 -79 72 75 -24 -34 -74 42 -49 -31 69 21 -93 -7 77 -54 12 -42 -68 -41 20 -16 -74 -96 -17 -20 64 87 -70 -10 27 -7 -65 40 -11 47 -22 -64 30 -72 86 -43 29 -12 31 83 27 11 -8 -13 -18 78 69 74 -55 -50 55 -42 45 17 17 -36 -66 40 88 60 52 -30 -99 91 -9 13 53 78 29 -21 -90 84 -19 -10 -77 -51 65 72 -15 -34 27 91 -75 28 -93 -99 -11 47 -37 26 -99 -51 58 -48 -14 80 28 -65 47 54 -60 82 -17 48 83 -53 -18 84 91 -95 -27 10 -60 54 -84 -82 -33 -51 -87 65 74 -28 8 86 -34 79 68 32 -7 40 55 -49 -6 31 16 -94 -23 56 73 -86 3 54 98 -23 -50 76 -54 -34 -26 18 -11 -11 -75 76 -18 -1 31 -44 45 -49 -36 -75 -4 47 -10 70 -25 65 -3 -57 30 -97 35 -89 -42 44 18 -25 -1 -8 39 8 -55 -67 -1 51 -13 -42 71 26 -57 -77 -15 -40 -83 34 84 91 83 83 -88 -62 81 61 54 44 9 5 68 77 -77 26 -97 69 -29 92 77 -12 -17 -85 68 -82 -15 -85 60 33 -7 -48 -1 99 -35 62 -84 24 -13 82 88 -64 -27 -70 -14 28 87 -86 -68 -7 -13 -57 37 89 -5 33 30 -99 -10 -97 23 74 -68 -19 17 
74 36 48 -34 -39 -32 -66 -5 -20 -35 37 85 46 -1 -91 58 -46 -91 -95 -82 4 41 22 -71 26 40 -55 71 -5 33 52 -15 -17 -89 -31 51 20 -93 -2 61 85 -35 88 -87 -67 90 15 43 -97 46 -57 -80 -38 68 -64 32 56 10 -91 29 -49 61 -27 -90 -38 -69 -39 -80 52 -48 4 -64 69 -52 60 -92 1 55 -20 9 -31 -25 37 -59 -97 89 -23 -29 3 -26 9 -47 -55 44 30 -37 -65 -98 -21 -49 -44 -91 91 -37 0 -49 74 72 -58 51 97 -25 -3 -70 -89 -92 13 43 -42 5 -15 -67 76 -74 -41 68 -8 -55 67 90 -15 18 73 -82 -52 -83 51 -58 62 -28 -40 33 73 -11 -55 10 -31 -89 -75 -67 -28 88 -29 -47 -51 -7 85 19 -96 85 38 27 90 -40 -8 -21 -62 67 50 13 -93 1 -28 16 27 61 78 -89 -40 0 -15 89 -75 -60 -91 25 -55 31 -1 -87 -44 -91 -95 -94 16 42 -51 87 -93 47 65 -8 -36 50 -58 79 -45 98 -86 -12 -87 -9 -83 -26 65 -94 54 73 -69 -54 85 88 87 -31 39 -87 30 -40 23 -96 -22 52 77 -34 -60 39 10 29 69 37 9 -4 0 59 23 42 59 -37 -18 18 -82 -63 41 88 -18 50 56 -33 81 -94 -59 -53 21 -28 49 83 84 -18 -34 -63 -8 -27 -28 17 -54 11 54 81 49 49 -25 38 -5 -99 12 -20 -1 31 -47 48 -5 -35 -59 2 53 -7 54 25 60 56 
-26 -64 91 -31 -80 60 13 -51 70 72 -12 -66 29 44 64 96 -79 91 -82 22 35 65 78 -12 -24 -18 -33 63 -56 -2 78 -63 -17 85 81 -21 -49 -65 81 2 -87 -8 -21 -54 54 -57 -89 -54 -65 18 55 -42 -74 -76 -19 -14 -93 60 71 30 18 -60 24 59 -18 44 25 57 -58 44 -90 64 69 -51 -64 -22 6 -31 -9 98 71 82 14 73 23 -76 -32 -65 -87 77 85 -33 87 49 66 87 11 1 -73 83 15 -14 0 58 4 -90 -18 85 -49 -47 -19 -98 -77 -65 4 -36 -93 -37 48 -28 80 -1 -58 43 -56 -76 -16 51 86 -64 5 -30 -60 86 3 3 96 41 -8 -46 1 -10 33 -69 62 -44 -13 -78 -66 -1 -20 -5 79 -12 -16 56 -45 -46 -96 72 -63 94 25 55 -70 -60 -88 12 -28 -97 -18 29 -16 -97 -89 58 -91 55 63 68 -24 -11 -72 0 -44 3 38 -95 69 -6 27 -95 5 -80 -36 41 -89 -70 3 -38 97 52 -83 -12 -29 41 -6 49 61 -61 -46 -47 14 83 -58 79 -64 -1 -61 -24 -51 -39 -26 63 -88 -20 77 -73 -10 -95 -37 -40 -75 -26 -30 -64 78 21 71 -97 30 -92 50 87 14 94 -52 -47 91 60 2 24 -99 -34 41 -41 56 40 -32 72 52 -22 91 71 -52 -49 0 -60 5 -79 12 41 -94 -73 96 15 -19 98 84 36 8 -68 23 -33 77 -82 69 31 85 -68 50 -67 29 -77 33 62 -92 -73 -61 -36 
-42 10 32 -77 21 88 -21 -26 -30 -33 -29 -91 49 -45 8 13 12 -79 -21 83 92 -56 17 -70 30 -92 -88 -7 57 -25 67 -65 -8 92 -42 96 93 -52 -1 28 13 35 36 44 24 68 45 4 -53 -59 -27 81 14 30 -25 42 -55 98 -66 -47 29 97 78 -60 75 32 -36 -58 -49 -11 -66 -58 -75 -35 57 -52 -11 -59 31 -55 41 -60 -71 84 -34 73 -23 -52 41 -9 -88 58 -30 92 10 -36 -45 -43 -31 2 -69 -38 -90 -25 -41 83 -42 85 44 -34 79 -67 29 78 -59 51 -21 19 87 -46 33 -58 -57 58 68 21 -19 -45 89 -79 -29 -20 86 7 64 12 23 -88 72 18 70 -62 -20 -37 94 40 45 -33 -72 74 48 61 82 36 1 -70 29 73 -80 -44 -17 -88 -85 11 50 -2 80 -27 -66 35 14 71 -72 43 69 -74 63 -21 91 -86 0 42 84 -31 -73 23 74 77 1 35 37 -96 -78 41 90 -73 31 -64 53 68 -49 -35 -57 64 -79 -2 28 -58 77 -30 13 -64 29 56 30 4 84 -84 27 -62 45 21 21 -99 33 22 67 49 -46 17 25 73 50 78 31 47 1 -16 -47 27 -78 24 81 -93 -38 -88 1 -11 55 -81 72 -93 69 -58 -27 10 -39 26 26 68 54 -31 -15 -74 -81 14 64 -99 33 -91 -49 26 29 -55 -78 62 -76 0 -11 -90 47 -29 -32 11 28 -95 5 58 -73 21 95 35 11 47 63 60 23 -61 -27 -69 
-7 76 74 79 12 -2 31 -65 17 39 3 -86 -83 -65 17 -92 -81 77 45 -33 -70 38 81 95 -45 -31 -60 4 9 83 -99 7 -98 -12 -10 -43 -9 -87 -9 85 -72 13 -74 -87 33 -59 -63 81 -13 92 -36 87 86 39 -62 91 -77 -84 -25 -16 -99 73 68 30 -39 -60 -91 57 5 14 58 -30 -15 -98 56 -21 -57 -88 -79 -87 -8 45 -21 67 -47 -87 -39 94 -63 63 70 -80 -98 -4 46 -3 85 89 -80 9 1 -44 -26 75 28 -56 -94 80 -93 99 -89 11 -65 89 53 -18 2 77 -69 73 -9 -16 -54 29 62 71 13 -70 -33 -7 61 4 -25 -12 -47 -16 81 -90 -72 82 97 22 -72 83 -2 -19 32 3 84 80 -31 -45 67 -87 -73 23 79 -23 96 -51 79 -67 48 -72 -35 -44 26 -28 -56 33 61 13 -66 -11 4 -69 12 -1 -98 -1 30 66 78 -98 -81 -54 22 -87 25 57 -99 -60 4 -11 9 95 -73 -98 -32 -53 60 76 51 61 -55 -25 -15 50 49 -45 -69 0 -19 -93 -58 32 -51 -21 55 0 88 -84 -20 79 41 -96 83 -13 -77 -5 34 46 57 -72 -73 47 42 15 -72 -31 -36 -13 -68 66 -74 70 52 97 72 31 -9 85 -32 -46 29 -25 66 15 26 -26 -67 70 -42 -34 6 -56 -74 -51 -18 9 -96 -90 -13 -32 -69 -48 98 -44 50 12 -83 55 75 -67 -56 -31 27 64 -65 55 67 -71 46 90 18 -97 -43 72 -33 -20 
32 -16 -72 -10 66 93 -99 -92 -88 -43 -78 -15 88 -67 99 -67 -61 85 94 14 -53 23 -13 81 -1 77 -25 78 71 58 -16 -21 -91 98 96 25 -10 91 91 16 -41 61 65 52 -93 5 2 -27 -8 -40 32 -14 -83 -92 41 95 -25 -78 -67 13 91 -23 -16 -51 34 38 -84 -76 63 85 35 -83 -55 56 24 -50 2 12 -69 -30 -14 -23 -11 -94 -94 99 -99 -5 -66 37 -58 55 72 97 -74 52 86 84 -91 26 -98 -71 -61 85 19 -78 23 -93 -14 88 -15 4 -83 -19 -75 58 -51 -86 -21 -35 81 -28 -2 -17 -18 -46 -90 84 -20 -18 71 -99 32 -65 -41 85 46 -98 31 -18 48 30 3 -16 -43 17 -55 94 -65 -70 -93 -45 7 65 -23 -64 97 -60 -15 -63 81 -60 85 -56 96 14 -5 -81 -64 -31 95 -4 -43 99 -91 -88 -71 54 -99 92 -75 -75 -76 11 73 -11 34 -50 12 46 11 57 -67 91 40 49 48 74 96 74 40 24 78 1 60 -50 -35 88 98 -70 -77 28 96 68 -52 -61 -41 10 -63 91 29 -5 60 -68 -76 -95 40 -60 20 85 53 75 29 -99 -80 -56 87 33 -79 44 45 -63 20 -95 4 62 47 -89 -13 -10 62 52 -99 33 19 -65 23 39 68 -33 -77 10 72 7 81 90 -95 -2 76 -69 -67 4 59 -95 18 86 -16 67 33 56 -5 -79 6 -40 -45 75 52 72 44 20 -15 -88 48 11 -95 -84 -42 -50 -1 -30 
-19 84 -28 21 78 -13 81 37 15 44 -6 71 -69 -11 -95 30 99 -41 -63 -19 -17 33 -67 -82 66 43 -20 77 -72 31 46 26 -68 0 -44 -20 19 0 -7 -18 -76 -54 -98 14 56 -88 40 -21 90 57 61 -73 9 -7 64 90 -41 61 -59 -2 -24 15 37 -36 -28 46 13 60 -88 -40 -54 -92 -18 57 4 -29 77 -65 -22 85 -5 67 -39 67 -57 -54 80 97 -45 78 -25 77 -67 -21 40 -59 58 53 -48 68 94 7 11 95 -25 -76 96 56 80 32 92 -11 -10 20 51 61 -86 -69 92 -30 -5 38 -48 -53 7 -4 71 12 -72 -84 59 -90 23 80 75 -73 66 88 -14 82 64 43 39 25 -30 -62 92 59 -99 51 -43 35 65 -51 -50 0 53 66 25 -4 93 -14 -31 -15 64 -19 -99 -59 65 21 -42 25 7 -68 83 -40 70 -91 -9 43 -9 6 13 -84 65 -54 63 57 -93 -77 73 71 -16 -49 61 56 30 -28 -2 -25 95 -77 46 85 -1 61 41 -13 77 80 65 25 -79 23 8 62 7 -40 -3 37 46 25 4 48 72 25 -74 48 -23 -21 -43 30 -77 -10 -38 -37 -90 58 68 -69 19 -1 -87 -91 3 -7 -28 -43 -50 52 -66 -47 64 28 -53 96 -56 82 -99 49 10 -74 44 0 -38 81 -38 52 -13 -59 4 -90 36 6 -55 -36 0 68 78 -91 -7 80 5 -20 67 -80 -20 18 -37 -69 2 43 80 -7 75 77 6 -83 -84 -22 
-73 60 99 6 -15 37 -83 23 -83 65 48 57 88 28 86 -7 -63 78 -7 -91 74 -29 61 -93 48 96 75 14 27 81 -94 60 1 94 -50 -3 -35 26 -69 -55 4 61 80 37 -36 13 67 24 -62 82 24 -39 67 65 50 84 22 12 84 60 42 -45 94 -19 -69 -80 -36 90 -78 -99 -33 -45 94 -70 -12 46 -73 -56 -18 4 45 38 -14 -71 -89 -57 92 46 -44 -23 87 -36 -17 -23 -12 -81 14 6 -36 -78 -86 -80 22 35 63 75 -6 44 -3 60 76 26 -51 -87 8 -2 87 57 53 26 49 -40 -52 96 25 -78 39 14 -71 20 -83 89 -86 1 -33 70 34 -38 69 20 41 -66 -57 11 -19 72 29 47 56 60 12 18 14 -10 76 62 57 88 -86 -97 65 22 -65 88 -63 -70 87 -31 42 -16 -69 -73 -96 -7 54 46 55 9 -66 51 -75 66 60 -83 10 93 -40 -38 -53 -93 91 -15 -8 7 78 42 -87 15 -52 70 -32 -67 39 76 75 66 28 41 -68 -53 90 17 -23 51 -32 -93 38 -40 -30 57 -57 1 -6 -44 -73 27 16 -31 -49 34 -9 12 -62 -5 2 14 -40 -87 -39 -58 79 -30 -59 -24 -53 54 53 -59 84 -62 -49 -94 -63 60 -8 5 -6 -67 -31 -15 5 88 -58 -75 -8 83 -92 -21 72 15 -38 -14 19 27 -57 -7 10 43 44 62 -90 41 97 -40 1 34 -65 85 -29 -97 -37 34 -58 -55 67 34 -51 -20 55 -96 
-24 55 -46 -91 -87 -72 98 -40 58 49 17 82 -11 -52 15 -94 -13 4 -49 47 74 44 -25 24 -58 32 -16 -2 5 -11 23 88 10 -21 -63 4 35 -54 89 -2 -43 98 58 -96 -91 -6 -12 -13 -9 42 46 -31 -95 -71 -6 89 95 40 -17 -32 -62 15 1 -8 94 -8 -9 -64 -24 -52 10 58 90 79 67 -7 -97 -18 -19 -56 23 -45 -92 89 -94 -10 84 -3 -59 -77 -94 59 37 -44 -5 -29 -69 30 -57 56 34 -67 -98 53 86 -57 91 46 -84 41 -95 81 6 76 -99 14 -33 56 63 -60 62 -37 -64 -51 37 -94 -47 75 -73 25 96 -49 25 94 14 -75 -51 -28 -79 -10 73 -35 79 -68 -26 67 -63 40 -41 19 -47 -57 21 -93 7 -57 -79 24 -29 -12 11 37 -28 33 -60 88 81 -87 -68 -93 27 42 79 72 -26 -9 73 -77 74 -36 -69 99 58 -10 -38 -40 61 -24 -22 -6 -45 17 83 -10 96 78 -50 34 -20 -50 -66 21 26 -76 17 83 4 -82 98 94 -18 76 -90 -86 -35 32 2 -72 -12 80 -49 99 28 -96 -38 -64 15 94 73 -88 1 65 30 -17 15 -23 -53 44 -71 -3 87 -32 8 95 -98 7 0 -87 -22 8 -43 51 91 85 -13 14 40 -77 -51 47 -93 32 -21 53 79 -12 34 -89 45 -68 -15 -53 -9 -77 49 -28 28 -12 42 38 34 -4 82 -90 28 -42 -87 81 -40 63 65 66 91 34 31 -65 -17 98 71 -2 
-67 49 27 45 6 66 77 16 -80 61 -23 -88 -37 83 90 -25 40 54 -38 -4 74 61 -56 -21 51 -47 82 25 -44 -97 -72 4 74 -35 -82 66 -23 36 14 -30 54 26 38 -2 3 -75 -11 -70 -17 38 -95 16 49 -46 -88 -25 -15 -46 8 -61 -8 -82 14 58 50 -91 -67 82 -75 1 -11 2 -43 12 7 58 -96 -33 -71 82 -43 -26 -9 26 -5 -26 41 -64 72 -70 26 51 -69 57 90 -80 -47 40 30 -9 -81 -10 83 -87 62 9 8 16 60 -10 8 -93 44 -84 -51 7 -61 -54 81 -23 73 -96 -31 35 58 98 58 41 -84 48 42 -79 -62 27 -80 -4 52 6 -87 25 -83 -99 -63 38 -94 -16 -14 -32 -52 -37 -70 -24 59 -39 -52 -77 -28 -53 -30 -25 58 82 84 -36 8 3 1 -24 55 -15 71 66 25 70 -95 76 -21 95 -10 16 6 42 30 34 81 -18 85 -22 -16 -96 -46 -35 75 -43 17 -25 2 -68 -25 -59 -21 59 -86 17 -79 63 -18 46 -50 93 -6 -49 8 -68 -30 90 -96 44 51 -41 -83 -1 85 -46 -91 79 -88 -32 -28 -39 39 70 -91 3 82 -15 -84 43 47 6 82 19 42 6 -38 -89 83 -27 -68 20 -6 55 -28 -5 -15 -20 -55 -9 -13 -76 -53 31 65 -22 -23 -13 30 38 -98 34 63 39 88 41 -74 39 -14 -16 -81 73 90 -20 7 -50 -68 -23 18 42 82 24 72 -18 71 17 -59 36 26 -87 27 9 
-50 -12 -65 62 -12 -7 -83 8 48 88 -32 -51 80 -14 65 -44 89 32 32 -96 2 -89 12 -85 -68 -85 31 -83 -50 6 -49 27 -89 -11 -85 84 51 35 -38 29 25 -45 -64 -16 -19 99 20 81 -14 -27 19 -44 95 -93 -5 -79 98 -76 47 50 -50 93 95 -19 -53 48 0 14 -75 -9 91 51 -90 -88 72 57 50 42 -63 34 -61 -56 -86 -47 -2 -64 23 -39 -82 -33 -21 99 6 63 -37 -11 -67 -27 -65 -83 -97 -51 79 -83 69 81 -89 80 -73 66 92 -55 47 -51 -64 12 61 -84 -23 94 48 34 32 22 15 64 4 68 58 -99 76 26 57 54 46 32 -11 -17 -76 -10 29 21 45 45 -78 -75 -86 -54 79 -40 -51 9 -4 -92 20 4 51 -25 18 -4 88 97 -9 -63 -92 -12 58 98 -71 -2 -65 88 -48 16 -36 59 85 -66 87 -4 -39 -24 -88 19 46 -98 -95 59 -35 71 -56 45 -97 25 62 -64 -49 -44 -73 -19 63 -28 44 -94 73 -44 29 77 40 -98 -21 33 -73 5 -82 -61 -4 -76 -73 -31 57 -43 6 52 26 74 -50 -56 -3 94 -56 -28 13 77 -99 -65 -53 77 35 15 -66 85 55 90 -91 -55 -37 74 21 78 6 -60 70 96 35 -51 -35 31 59 -91 35 3 -54 -72 -23 15 27 97 -27 -55 57 85 95 70 61 31 87 28 58 -37 -57 -66 74 8 -3 -44 12 96 -66 -53 76 7 35 -59 -18 0 0 -47 -35 11 
-1 -15 -20 66 -37 -31 22 14 20 -55 92 -28 31 51 -56 37 -61 57 -71 -49 -70 -2 99 46 -57 35 -19 36 -94 -84 63 -77 -15 20 34 -41 90 91 43 27 43 -80 -99 96 -69 -76 -96 59 43 -11 58 66 62 -40 -28 -6 19 69 17 46 -35 61 -46 -89 -66 69 0 66 8 77 -27 -49 -59 -32 -4 93 -63 39 -73 -4 -27 1 81 90 -49 -64 -49 49 37 -39 -88 68 92 -58 12 10 96 -53 -68 51 92 -40 74 -98 8 -95 39 16 -80 80 -74 67 -98 71 -36 34 -4 25 -97 38 -53 85 96 -94 -14 -93 25 91 37 -71 99 6 -98 38 89 85 53 70 -97 84 -68 -5 94 -75 48 43 -53 70 -88 -10 -90 -49 82 85 84 -77 50 31 -71 -16 98 -44 -81 -15 -29 70 39 -60 -3 5 3 72 3 -9 -89 -91 79 -48 84 70 54 -13 0 6 -49 63 -2 44 72 57 69 13 1 97 17 71 -52 -54 88 -1 71 -91 -27 -75 76 -61 -75 64 -96 -35 44 -2 97 -30 79 52 -24 -16 -89 94 19 52 73 2 -20 15 33 47 -73 17 18 93 -44 45 55 -56 74 -27 -96 -9 80 44 -94 49 89 89 -67 99 26 9 35 56 -31 82 46 2 -20 -95 87 -80 -85 95 85 79 -24 7 -94 -5 31 -43 24 -75 -54 -50 28 44 60 89 -41 -78 17 -37 68 -53 -22 -58 37 25 -5 -45 46 -6 -37 -6 29 -21 -99 -84 -10 -25 
93 -53 11 58 -53 -34 49 -94 85 -89 -34 53 39 64 -82 -60 83 87 44 -83 64 -49 -81 4 -30 48 65 -90 15 -45 59 -58 -77 1 66 -51 -22 45 19 -86 86 25 45 59 -33 63 -95 43 -97 -30 11 12 -64 74 -73 46 14 -71 89 81 45 -93 5 48 22 -33 74 -82 48 -67 -64 46 28 96 32 1 -13 -31 -40 -43 29 -94 91 82 8 -98 -23 -20 83 -34 -57 -61 -32 -55 -1 -55 10 24 -72 -87 75 -32 5 -88 -74 54 41 99 60 -10 30 -53 -30 71 -79 -78 -10 -62 -19 92 -52 17 80 84 -62 42 93 -90 -48 -50 1 -21 92 23 51 10 -96 -44 65 9 -1 -69 -60 -28 80 40 77 91 -30 -46 1 -31 89 73 -98 86 18 32 -47 -16 21 -19 15 58 -89 32 -27 9 -68 -77 -87 9 -7 -79 -74 -45 91 -83 23 47 81 -20 -23 88 -32 53 86 72 -9 12 -81 -27 43 84 -32 52 -81 -10 16 67 -38 -65 -1 12 75 21 -29 48 -18 -4 94 5 -95 -25 -71 -40 89 -64 -75 68 -53 7 -51 -26 83 23 70 -39 87 -46 -25 -22 55 -93 -42 -43 -71 91 -64 -36 -91 -91 43 -53 65 96 -45 -79 -60 -35 -77 -5 21 -26 10 -84 -76 88 -51 78 32 -87 53 91 55 77 98 12 12 50 -37 -85 76 74 99 14 34 -37 -36 -59 -81 -21 62 69 -68 61 83 -42 -11 -97 -97 63 -52 48 1 56 -18 -48 -56 -24 
99 78 72 70 67 -84 39 -20 -3 54 81 -54 68 79 73 70 -92 -49 29 87 20 -51 50 2 6 -60 -19 84 35 -38 -36 75 8 22 97 -32 -25 -87 -81 44 -84 -84 43 32 -53 -35 -36 73 90 51 -14 -14 -68 -92 52 9 95 -37 -30 -50 -71 -64 -28 -34 -64 -78 82 38 8 -57 -63 -94 0 -48 -69 52 87 59 20 -83 -67 -33 -94 99 90 52 -18 30 80 21 21 -79 21 98 61 -64 -73 13 18 -60 -46 78 -25 -45 -95 -34 38 90 7 -14 78 -1 2 33 84 -97 -27 55 60 -94 -61 -51 2 30 -17 3 73 -36 -65 -72 -23 -37 -89 -76 -74 -51 -70 -45 5 -7 66 31 48 -49 -90 -21 -33 99 -35 -82 -81 39 27 -93 -6 70 65 66 -9 -72 98 28 -27 91 23 -57 27 5 -43 -88 19 37 3 -60 56 29 -85 64 74 89 37 -99 68 -70 -52 -14 20 67 96 32 81 67 -4 71 -98 74 83 -70 65 -63 43 28 -57 58 5 56 -94 -10 -13 77 76 -32 3 -69 34 -28 18 75 -80 -60 -48 -25 20 -14 55 -57 4 86 -7 74 34 -12 -38 86 -78 -7 -30 52 -52 81 -56 -63 -14 -75 -80 61 84 -9 64 57 9 35 -47 99 -37 -20 -51 -9 68 69 -97 -37 12 28 62 -63 46 2 -26 -70 76 -82 -88 20 -37 -83 29 11 37 38 93 78 -47 -2 66 70 13 44 -5 29 26 -11 7 -22 -46 94 9 88 -48 13 
74 85 -65 -60 1 -29 -87 56 81 26 51 -70 26 12 90 -96 -29 18 -48 1 91 62 23 -22 -52 -39 93 -18 43 -86 86 -87 -93 45 43 85 -34 29 87 92 72 79 35 45 93 -4 -21 -80 60 -3 -28 36 48 -38 17 -4 9 86 -56 51 54 -18 -21 19 86 66 68 -77 3 27 18 64 46 -55 -91 -76 -27 -36 -82 -22 -30 -70 79 97 54 -75 -21 -35 -74 58 31 24 42 57 35 -54 7 -1 22 45 28 -4 48 -24 25 54 -62 -63 -78 45 -46 -92 -15 -67 94 96 12 -53 90 36 9 -94 29 -15 53 -33 7 67 41 90 -70 13 -2 28 -68 -72 77 -28 65 82 43 -36 -54 97 35 -84 -86 38 69 85 80 -75 82 -75 -48 47 -86 -67 61 -11 -58 -16 96 -54 -18 -56 -94 47 -84 -77 51 -12 19 40 31 -33 27 -12 -85 92 18 -74 23 40 -50 -63 33 86 -37 -26 -26 11 39 51 -29 -71 31 -37 81 93 99 60 63 -87 45 -75 94 -34 50 51 20 -77 32 -82 -60 21 -6 -37 -86 76 49 -28 3 -3 -87 -5 16 73 -26 30 -78 -15 -32 70 84 9 26 -3 31 37 -94 7 98 25 -3 38 62 70 42 17 49 16 5 3 83 -94 -82 45 -26 54 85 23 -36 74 -26 -36 -24 -74 49 30 -49 22 -31 82 -35 -14 44 62 -96 85 -30 -90 -93 70 -30 73 31 58 -10 27 -3 -24 19 12 25 -62 78 16 -55 73 
-20 64 -25 -77 -64 36 -87 -39 14 25 -14 58 -37 -18 34 98 -64 -80 -61 72 43 97 -12 -27 74 -1 5 -15 26 32 -54 29 62 -70 35 -29 8 -46 -18 62 -67 26 -17 13 55 -98 -76 -11 -66 70 -18 -72 -93 -58 -10 -59 63 46 -53 51 72 14 9 -72 -79 56 81 94 -94 51 90 -98 66 -40 -92 0 56 -65 -52 60 -22 54 11 -32 52 38 -4 3 -21 13 38 -63 51 -45 -20 0 90 -63 3 -16 -12 8 -96 -82 -70 -17 -76 34 91 74 88 -8 -6 -72 -40 -38 -1 65 10 49 -10 -44 13 -62 -23 49 -83 -90 21 -10 -27 90 -1 -35 -35 -85 -49 -17 4 24 63 44 79 94 -46 -59 -95 45 45 93 -17 61 47 -75 -45 45 -24 -49 86 79 -60 -33 -26 32 -75 58 30 -12 1 -26 5 -22 56 -36 60 38 8 -57 2 -20 69 60 74 -80 11 -34 89 12 86 -91 -91 -36 -13 -54 68 -15 67 -46 -64 -67 66 -99 -77 62 -3 14 -13 -8 20 43 88 -40 59 27 63 0 -74 -77 -13 88 59 -29 75 45 82 -63 67 88 39 -85 60 -27 -90 -95 38 -58 -72 40 -38 19 32 -51 -53 -61 -82 53 0 -95 -56 -34 34 -47 -40 -88 94 -33 58 -58 -76 -20 98 63 -65 92 75 54 -91 -23 -1 -52 31 79 -68 94 -31 34 60 -70 -46 0 63 -69 28 -86 -37 36 19 -62 -9 -39 -61 -10 81 -11 95 -93 -46 -50 -29 23 
-53 -28 53 28 54 -88 -37 58 14 -92 3 19 -1 -87 45 -92 90 -88 49 -73 6 -77 91 81 7 71 96 -7 -22 -83 -59 98 81 13 -99 16 -21 26 81 54 19 -34 -95 49 40 6 -91 34 11 33 -5 -66 -61 -46 41 -24 71 25 -32 89 30 -51 80 -16 92 30 -9 -42 -1 -71 -45 94 27 16 -35 -52 -7 97 -15 -43 -94 -40 79 -13 72 40 59 94 -85 89 -46 35 -30 30 -69 23 -15 47 22 -72 -81 37 96 78 -96 29 -34 -70 39 5 -77 31 66 -86 7 -57 -68 -34 96 18 92 -98 -22 24 -29 10 -21 -12 8 83 -32 -34 -12 99 94 -64 91 -93 37 -91 7 -57 -85 45 -33 -89 -39 -45 27 43 -85 24 71 28 -27 19 50 -67 -9 80 -12 86 -48 -60 37 -74 18 -41 -52 14 -80 26 -27 -14 -33 82 -78 30 1 72 42 46 -43 19 31 -37 90 10 6 -93 13 -1 68 1 -92 -54 10 55 -49 3 9 -91 -98 -81 -11 73 31 54 97 82 -66 -92 43 -55 10 -58 63 -2 21 -51 81 -34 -98 -65 34 -33 49 44 93 90 -16 85 -78 80 -50 -77 88 -61 -63 35 -29 -62 -18 33 -57 -26 10 -46 39 86 -61 14 33 11 61 -87 -14 53 69 -9 -11 96 94 52 -19 81 -24 -70 84 -87 -5 -3 -4 -4 -25 -79 29 -37 -98 -81 75 -22 96 -46 63 3 -26 49 1 58 71 -32 42 -2 -1 -88 -7 -9 -28 -65 
-98 53 60 71 7 -12 -41 -65 39 67 44 59 1 -49 91 72 -48 32 2 26 -63 -24 43 -9 46 53 30 -30 10 -46 -57 25 -90 84 69 86 84 -96 -9 2 88 -23 9 27 92 79 0 -29 -7 -16 52 -47 29 -4 -88 36 -93 46 65 -39 -3 -26 -96 50 -8 54 35 34 -44 -67 -59 83 5 -93 45 -28 -64 99 45 83 58 76 47 -31 96 -95 87 -25 -28 25 -5 -86 31 53 84 89 11 11 -17 69 -8 -74 23 -36 61 70 84 5 33 12 63 1 66 -82 -16 42 -1 16 -74 -25 -92 33 55 -47 -31 56 -6 50 -58 -2 20 39 -54 59 0 58 45 8 -64 -67 -71 -54 -97 82 49 -17 -57 -29 -22 -23 -72 34 89 -89 -40 36 46 41 85 5 71 -15 -68 92 12 -21 46 -54 -12 58 -48 57 15 22 -45 44 -50 -57 14 -18 -15 -43 6 -23 4 -41 37 -55 77 65 92 54 -68 8 -19 -67 35 -12 14 -33 99 -46 -99 -21 -2 -36 94 36 -43 -6 -31 -3 87 -73 88 59 -80 75 -39 -41 57 -21 93 -8 36 -38 -88 -98 37 -80 -30 24 -27 90 -38 56 92 20 73 -98 40 -67 -11 -32 -68 -14 -22 33 16 87 -50 55 24 96 -18 -22 75 74 -55 -38 86 70 57 -16 -25 59 -72 -52 28 35 -78 -87 -54 16 3 -58 -61 -40 27 78 53 84 -97 -94 64 61 -73 -1 -78 33 50 43 -37 65 -99 74 55 -19 -63 6 
-18 -16 84 -93 -65 30 85 63 -85 73 -68 -62 -98 85 -3 75 -23 -22 -20 6 -44 -12 74 -94 -41 -7 -64 20 -58 38 -61 12 -27 36 83 -53 -21 22 57 36 -25 -56 2 -17 12 -30 22 -37 -62 81 2 44 7 21 77 66 13 3 79 -26 75 78 -37 44 -65 90 -77 -6 31 -28 18 -69 12 -12 -41 15 14 83 -84 -8 -94 4 -65 -77 18 7 -68 77 -88 41 -7 51 8 74 -80 10 -84 44 14 38 22 53 -54 44 -96 -51 -61 -68 52 30 90 19 -54 36 -66 -54 42 -49 54 -18 17 -15 -50 64 72 -2 -4 44 -61 53 -80 31 62 -98 97 -31 -99 -99 19 -7 -87 80 -90 -72 43 -65 31 46 -88 -80 77 57 72 -30 -31 52 -87 -50 59 46 -58 -62 12 21 -27 -51 12 61 37 -88 93 85 96 98 11 97 -42 -15 6 -79 38 -22 -88 71 67 -69 83 87 85 -43 -78 -56 -91 48 76 19 90 24 37 -28 57 -86 2 -72 84 10 -83 -63 93 65 -16 -40 82 -81 77 24 -31 -69 5 -67 -5 -87 -57 -40 3 -5 -89 -3 -72 18 69 50 -48 -33 -6 -66 -65 72 22 -49 39 -11 -31 -81 13 61 43 79 -76 94 -75 -81 87 -31 27 14 -34 53 -75 24 -20 15 14 -62 90 62 -67 80 19 3 -60 -60 -41 91 44 -86 -87 58 -42 -39 -7 -57 -22 69 -7 11 92 -12 -14 -40 9 65 -81 -35 62 42 90 -15 28 38 
-44 -16 25 68 -5 43 -28 25 -88 -44 -20 21 80 -72 46 -97 -15 -17 67 59 -38 -20 -1 48 -71 -53 -57 -4 -54 50 36 43 73 -75 50 -72 -61 40 60 26 -83 -69 81 -22 71 27 93 35 -85 94 94 -96 -26 -90 -58 -71 -24 32 -63 -67 31 35 56 25 -51 -1 -73 71 -41 -58 -35 -77 82 86 -18 42 -36 82 91 -87 15 15 -71 19 14 7 98 -41 69 26 1 11 -35 48 70 9 3 -92 51 -48 70 71 17 -51 75 -7 11 -77 0 1 27 75 31 11 70 -58 -13 -76 74 -46 64 59 -27 86 83 -78 3 50 37 16 29 -84 0 80 -37 -35 74 -56 45 -44 -65 14 99 93 20 79 32 98 -91 -23 -44 89 64 -6 -32 -88 27 -44 -73 -98 -36 -49 -52 4 54 15 -38 64 -97 -32 -25 -91 -31 19 -79 31 -50 -56 72 12 -25 -54 40 -93 -51 -47 48 -67 -43 -87 -8 76 75 66 38 -45 -81 52 -16 33 33 -48 -33 -90 18 40 -20 52 -96 -74 -69 -98 29 69 -95 -26 -22 57 -45 -39 7 80 96 49 -22 51 76 70 -74 97 80 23 -19 -20 2 49 -92 99 -85 79 8 74 23 82 -41 -13 72 23 -7 88 42 -99 -38 11 -50 60 -79 -82 -12 78 52 53 45 14 -26 66 -59 -17 43 -52 40 -1 -94 -31 -87 99 29 -4 11 14 76 90 9 88 -85 -12 5 -90 2 9 41 73 -78 15 86 12 -44 -48 -78 -75 
-57 -2 -48 61 14 51 -91 -73 22 -75 69 70 93 -95 34 88 75 20 -68 28 96 65 -15 -25 68 10 93 55 -22 -23 -36 -12 -31 56 56 -57 66 -42 -68 32 27 -67 74 10 -45 99 41 26 -37 -84 10 -57 -8 88 46 67 -58 -7 98 -55 76 -58 96 47 -67 -70 -93 -47 39 -77 50 -18 -17 -94 -67 15 -50 41 -97 -75 -58 75 65 73 56 11 -68 64 -32 -82 -52 -90 -73 -89 96 -60 -44 19 67 26 -43 -25 8 -30 -60 -74 -37 30 -54 -42 -35 -97 25 99 -63 72 -29 90 -38 41 -45 61 32 -58 -11 7 87 -68 -61 51 -81 63 23 -62 33 20 -72 -61 94 26 -8 -60 -74 -93 -63 -19 7 20 -74 -16 -66 -97 20 -96 90 -72 33 87 69 51 29 87 50 58 18 -33 29 -82 -46 -48 74 6 -20 8 24 -19 -86 -90 8 -40 26 78 -74 -17 -4 -86 -63 -15 75 -63 -75 -44 -45 -86 -1 -98 -29 -54 47 80 8 35 55 -64 51 -91 -17 -69 -96 72 16 -37 91 86 93 -22 27 95 -63 60 45 1 11 -65 85 -84 45 -86 -44 85 -50 15 54 56 -58 -58 -11 -13 -1 -9 37 49 -82 -3 -83 -82 7 -52 -98 -21 -70 61 50 -12 -31 -32 -27 -62 86 -22 90 -6 78 65 -25 8 -85 46 91 -81 -47 -40 87 -48 15 -7 77 -53 -85 -21 -76 23 -95 58 44 5 -17 4 -52 23 28 -63 74 10 55 66 -40 82 -34 -97 
-31 -29 2 -3 -58 86 -44 -90 62 8 -55 -10 -94 82 -73 84 94 85 -16 14 -79 -58 -76 0 -13 66 47 82 -19 66 36 -75 77 12 -84 91 -69 -43 64 -64 6 66 36 -6 -89 77 10 -61 -21 59 48 72 46 -72 38 -64 -51 91 34 75 -12 76 13 -43 52 -33 -55 -5 -99 -8 14 -44 22 80 -59 98 -89 -78 -88 -25 -78 -48 64 9 -7 -55 -15 77 -68 -56 -58 -32 -89 89 58 71 -27 28 16 -45 10 -44 -45 84 67 -58 -40 -89 -74 -76 -64 -81 -5 -14 2 19 73 84 52 -14 -50 -56 40 -85 -9 15 15 -29 -31 -19 -61 48 60 2 50 -70 15 1 -65 61 85 -77 -1 49 -85 -21 40 -3 -85 -31 11 -14 -1 -58 -51 -37 -17 -44 75 -79 76 8 -1 -86 -31 -48 10 -2 -17 -59 58 83 -98 87 98 -51 -25 -56 -93 -7 55 13 -89 97 50 -84 28 56 87 -57 -93 -53 -83 87 -36 86 95 19 89 -44 -66 -97 63 -66 -3 -85 -26 25 -81 -44 73 -41 -53 -36 12 -98 -7 -25 -12 36 82 -59 -75 -26 85 59 78 -68 -83 15 -44 -32 9 93 -99 68 -25 30 48 -19 -2 87 90 5 19 30 56 12 -42 22 17 -95 -5 -94 21 -48 -39 26 -67 -26 19 78 -43 94 -2 -85 -5 -30 15 -10 -48 19 -84 6 58 -58 83 18 -72 -66 56 -40 47 93 30 57 -30 -69 31 87 65 -95 99 -53 -16 22 69 98 57 -47 
79 79 1 99 -52 -91 17 -63 -8 -8 -6 -61 44 80 28 -69 -32 79 89 -14 98 70 24 -93 -95 18 9 69 33 -28 3 26 -92 -88 -83 82 -46 -13 -42 57 -18 83 -33 57 -75 -56 -18 -26 40 -83 -88 -41 -57 66 38 62 91 85 84 51 -49 -77 -34 26 85 97 -94 -79 -30 30 81 0 -65 16 35 -47 14 -95 81 7 55 -23 -20 51 -73 94 15 80 31 -60 72 -58 61 5 -43 -44 -90 -92 -17 -67 13 22 -66 88 39 46 4 49 -60 -23 -23 -19 2 62 -83 93 -13 -28 76 -98 70 -34 -17 -52 45 -3 -2 -90 -7 -55 -86 -4 79 77 11 75 71 22 20 -1 -25 -24 -2 -61 -89 -92 24 14 43 40 20 92 73 80 37 -31 36 12 -7 81 -9 5 -64 86 75 -30 17 -54 -19 59 47 17 -93 -91 -46 87 63 -93 84 -98 -6 41 -74 52 14 58 -62 5 -58 21 -10 91 -61 16 39 75 23 -60 -63 43 98 64 57 17 98 44 -1 -3 52 -15 23 75 -19 -21 17 7 -88 -59 -4 -54 49 60 -17 57 -81 31 90 -70 -78 -47 34 -56 -66 -57 37 71 97 -15 33 65 47 -6 48 82 -73 -83 -68 12 32 -35 6 -19 28 92 -87 -7 56 -95 35 44 17 -26 -81 49 41 61 -13 18 -41 -8 37 53 -2 -16 43 35 2 -81 52 -47 86 93 39 -71 -10 13 64 -60 61 16 31 45 -67 -39 15 61 -42 -84 -17 54 
-14 -10 3 84 -32 68 -26 -60 -48 -93 -93 10 -33 22 -20 -30 28 -23 -64 36 16 -59 -18 -14 7 70 88 41 -6 -68 50 -57 -6 33 67 -87 -67 -48 -50 30 -29 0 -30 60 75 -27 -75 -21 -53 -63 -27 49 54 -81 5 -49 89 -81 -78 -53 46 64 26 7 -22 38 -84 -81 -21 -59 -39 39 -34 47 62 75 -71 -34 -82 -4 -69 40 31 -24 18 -15 96 -16 75 -13 40 98 -83 -70 24 68 -22 -16 -23 47 42 -67 10 -8 -46 -38 17 -8 -44 16 78 -46 75 31 -20 -26 -1 -32 -68 -37 -93 -50 50 -87 -74 74 -93 41 -54 -88 92 70 33 -43 -89 14 65 -83 -54 -26 -38 65 10 18 -75 -85 35 33 -1 96 -69 -9 -31 13 -96 -32 -97 -92 -52 3 -52 60 51 -6 -88 -97 23 -11 78 80 -95 79 70 -76 -9 48 -67 26 24 -96 -68 -9 -8 67 31 -89 29 71 -76 33 -33 -70 -38 -6 54 47 -52 -74 -78 33 -50 19 -99 66 43 -8 -19 64 0 30 -81 31 26 5 31 89 36 -94 -61 -5 45 -82 64 24 78 9 46 26 -7 -25 57 88 79 -39 80 51 95 68 -46 52 -59 -78 -27 24 20 83 37 -85 -23 -9 -46 -62 -99 92 16 -83 32 -68 -78 85 75 61 -40 -70 49 -3 -60 -17 83 -53 24 25 79 -45 -81 -78 -98 38 15 -36 90 22 -56 -72 -95 80 79 71 -59 47 -83 14 -62 59 43 25 18 11 -80 -29 
-23 84 -75 91 -11 -17 33 -8 -99 -61 -18 87 -74 50 54 89 -17 -61 -7 -89 97 40 80 91 -33 39 60 -61 -6 21 -57 -45 -9 0 63 -7 19 52 -60 63 -39 56 -99 -35 -53 -79 -87 44 -92 -17 -95 22 42 -77 79 30 64 68 48 65 28 38 71 35 -77 75 -4 94 -33 8 -58 -71 72 53 11 37 59 76 24 42 30 -8 -91 -45 95 36 -12 36 -91 -60 -80 27 17 -65 53 77 11 -45 -44 -6 8 89 85 10 5 -11 -97 -90 -48 23 -26 94 15 9 -88 -47 88 -81 -41 -55 -41 -22 71 77 -95 -18 46 41 77 77 -9 -82 97 -3 -33 89 40 -15 40 82 91 -72 27 -25 -30 5 35 91 98 -98 27 90 -82 38 -26 29 81 -90 86 48 -14 79 27 53 -97 29 59 -85 -29 -38 -29 17 -78 -46 -74 88 -14 13 -56 -61 50 -84 -27 31 70 34 -20 -6 47 -84 90 -15 -17 -7 -64 21 69 80 -18 -72 37 31 53 6 68 61 -42 -65 62 -3 -18 95 47 83 -79 93 14 -54 -12 46 18 -13 -80 -36 -40 -22 68 65 -43 39 99 -65 -9 -29 -77 -96 69 70 28 -26 -85 -85 -25 -11 36 -5 -56 94 -12 81 41 -48 53 46 48 62 52 -8 -78 -70 -95 57 -11 34 98 85 97 -74 40 66 -86 -99 34 -13 90 -56 80 -99 -10 16 14 -56 62 43 -75 8 -35 53 -24 53 71 54 -37 83 -25 -43 3 11 40 53 
-57 -4 76 -35 -39 98 46 45 19 -24 90 4 28 -36 -80 -50 -14 -17 34 -62 26 43 39 -28 -38 -5 59 61 61 -23 25 93 -81 -65 -78 52 -55 63 -32 -56 -62 64 21 98 -61 39 95 -75 -34 78 -98 -52 -55 40 26 -20 -90 -71 57 -63 -58 9 -59 83 -44 87 -66 7 84 86 65 -82 -31 3 -31 34 41 -7 17 -11 -23 64 91 75 -83 -82 46 4 -72 88 -3 66 92 63 -48 -42 20 -11 78 38 -77 -91 -43 6 24 91 -64 -89 5 -87 -78 -77 40 -94 75 10 -92 -56 -7 0 50 5 -16 -37 -59 -40 -28 12 -75 -31 -4 -85 46 -3 9 81 60 27 -1 -12 15 79 64 -63 90 -36 1 -63 65 50 -30 86 25 -60 72 35 93 -90 -7 -95 -74 86 -55 36 92 12 -68 -92 13 32 -81 24 33 40 41 -62 42 -4 97 3 -22 32 28 75 -89 13 -7 -10 69 58 86 -77 -72 63 58 99 -59 -51 -16 -55 -1 62 66 71 -66 68 62 -72 -9 -43 72 -15 -49 11 31 -55 11 79 23 91 -33 -58 1 50 -52 -48 17 28 49 -8 33 87 -22 -66 -40 78 -28 -32 -48 71 73 58 -85 23 -1 41 -10 -35 12 -16 -81 -27 -3 97 99 33 -85 -4 -17 42 -8 -71 31 -80 90 -8 -72 21 48 4 77 -37 -58 47 87 84 -17 36 58 -95 42 -94 -81 90 14 -11 23 -20 2 41 -8 59 54 69 70 -75 -76 -21 45 -24 
42 -94 88 90 -38 65 -62 -99 11 40 4 92 -56 17 -65 -67 -76 74 -40 94 97 56 31 23 96 -76 -74 -54 -25 -36 -65 44 11 -69 -24 41 -57 -21 -43 32 37 -38 -59 -42 72 84 96 84 4 76 -24 76 69 11 97 -23 -36 61 50 59 -77 81 29 24 61 65 82 29 -60 -10 -85 0 -6 -32 -5 -46 28 75 76 24 52 -85 -48 -76 27 -66 0 55 12 51 -90 -33 24 60 -91 11 -58 -39 91 32 56 -43 -73 -43 -8 -42 -29 31 59 82 -38 -69 39 -98 -23 -74 63 -81 29 -40 -91 55 -85 68 -18 92 31 -5 48 -74 -98 56 39 6 55 16 56 -42 20 -29 -77 -6 49 71 51 14 -42 5 -18 -13 84 19 34 99 24 -9 -55 30 -63 -72 -43 70 -43 3 14 56 -91 -11 -76 59 -27 -82 -42 -37 -16 -51 -46 -41 9 -89 99 -45 81 56 80 4 72 60 39 -8 -93 -75 22 -37 -22 -63 89 22 -93 -20 -24 13 -62 -27 81 -63 22 26 -10 -32 -72 22 44 38 80 -6 -13 -12 43 95 -25 22 -94 -69 -90 -29 37 20 14 82 15 -9 42 -30 38 8 -8 -74 -33 -70 49 -60 -78 -52 -43 -89 -47 -21 -61 -71 64 78 -97 29 -91 52 -66 -77 13 -27 -78 11 80 -12 -4 -61 73 -16 28 3 -33 -20 68 -32 78 60 93 45 50 59 99 -32 -58 -45 21 -15 -96 92 -81 -92 -66 84 -13 -23 -41 -38 90 -7 -75 -38 
-18 36 49 59 28 75 -36 -43 19 -91 69 -92 78 -87 31 -35 43 -79 91 -50 68 81 38 -66 -99 -54 -77 3 92 2 84 96 86 23 54 -49 22 11 -42 1 13 98 -78 95 -68 -39 29 45 57 0 -49 18 -98 -74 -88 -69 -3 -54 -14 95 79 31 -76 -27 -46 26 -33 -5 58 57 -14 53 -67 6 61 89 92 -90 -18 -38 68 47 -25 -78 -22 -14 86 -17 -9 0 -88 55 -90 7 28 -63 44 -35 -80 29 -78 -42 -81 65 -51 22 -42 -17 -24 -48 79 -90 -78 -50 67 -87 43 2 -94 93 41 -4 6 -10 20 -80 -6 32 61 27 57 -77 42 50 -94 22 77 -72 91 -97 -92 74 57 -21 48 -75 -53 73 -51 -21 -8 91 -44 82 -8 -26 92 22 30 63 -44 -8 -64 36 99 -64 -25 69 -84 38 87 67 -73 -7 66 23 -12 49 75 48 -70 -18 -85 -29 -14 69 1 -25 -12 -38 26 -67 -73 -95 57 -35 82 79 37 47 36 -70 53 -5 -82 -43 -67 -76 58 -65 -72 43 64 6 54 91 -39 -35 44 -76 14 -16 16 -97 15 4 -62 60 92 7 11 95 60 -28 39 30 77 6 -35 -6 93 -18 -7 -38 78 -91 -61 -98 -41 39 81 47 -7 61 -87 66 -92 -75 -94 -24 -54 -26 -35 -20 55 1 -89 80 49 -87 82 -26 -30 59 38 68 10 77 39 17 -96 22 81 67 -78 29 42 80 7 98 32 57 -98 97 43 96 -1 46 76 84 
-78 42 84 34 -54 94 -24 -8 9 -39 -24 82 94 44 -39 3 -21 -80 11 27 -41 19 -63 12 68 -40 4 70 -17 1 25 6 -38 -41 48 38 -77 80 -1 55 5 5 -20 36 80 28 -86 34 56 -39 -31 -46 -10 -91 53 46 62 70 87 -44 -55 -47 -6 -92 -48 -45 -1 83 -17 -63 -21 11 40 -17 94 49 -78 27 -51 -94 -43 42 12 6 -29 53 -42 61 -49 -65 -60 36 67 51 27 15 -17 -83 -28 -41 -78 -19 64 -91 68 0 -23 -16 -76 -44 20 55 -4 -85 51 -48 -47 -67 41 51 -23 53 26 -43 45 46 -13 49 -70 -4 -50 84 45 -9 86 24 -44 86 -39 -65 39 59 27 -48 69 -5 74 -71 -35 25 38 44 96 -9 -46 -6 87 -55 11 25 -27 71 -6 -88 -92 -57 -46 -2 83 72 61 92 -69 -21 15 -40 51 93 82 -34 84 70 97 93 -87 -27 -57 52 -85 19 -16 -12 13 19 44 -19 -27 -61 -12 35 9 -84 -93 -58 -89 -50 -26 -61 -73 16 89 -78 -35 -65 -86 -50 -60 90 95 -3 -40 -63 -61 14 -74 -89 -77 -62 -48 -53 -12 31 70 -31 2 -69 -68 71 42 -23 63 33 54 86 41 84 -72 -7 73 -41 55 -75 -31 27 -84 5 98 77 -8 48 69 62 36 -17 -83 48 0 70 -66 38 -32 62 72 75 82 44 -74 -86 -10 99 -17 59 15 93 65 18 -94 -39 -33 -81 32 81 -71 -90 22 -87 46 -34 31 -67 
26 8 47 -61 11 -62 -42 -58 12 -57 34 40 -75 -63 -21 58 86 29 -90 -22 77 90 -33 -37 43 -23 51 72 65 62 -93 -13 -94 -2 -79 -81 -82 -58 -55 -45 5 26 -63 -51 -5 62 -37 68 49 -22 -59 47 -44 49 66 -16 -91 -54 -91 78 97 74 -85 -1 43 92 -90 7 72 -57 -82 -44 -13 76 -11 -11 4 36 -4 4 17 -87 28 -78 -90 -88 77 -68 -67 -36 -11 -91 41 2 -41 93 91 -96 12 -28 -62 -80 33 46 89 5 25 85 -57 57 -12 -94 29 75 8 -81 89 55 -37 -44 99 37 -31 -97 42 39 85 -37 81 -97 40 -55 87 50 -76 22 21 -16 95 60 -87 -15 -9 -20 40 -30 0 49 90 -75 96 99 -90 -94 68 30 92 -21 90 -10 22 94 20 19 10 -25 -27 -89 70 49 -8 -36 -4 8 -60 -76 -16 -34 68 22 -42 -43 -1 -95 -27 -99 56 22 31 72 -89 -74 -29 -57 54 50 -31 -2 -96 -33 38 31 57 77 -80 -24 -87 2 -95 91 87 -93 -87 -81 -64 7 81 -48 44 -26 74 38 -32 -55 29 -23 58 56 11 -52 55 74 37 -42 42 -92 -77 6 68 -27 94 -26 -50 4 89 -27 -83 -60 3 -16 -41 9 -49 -15 -42 -12 -56 -13 94 18 -40 54 46 15 93 50 44 60 -42 72 -88 89 -42 34 87 -91 69 11 -33 64 86 -83 -63 79 -96 -44 -10 24 42 -40 -29 79 -48 5 -93 63 77 61 44 -97 
-42 16 24 36 76 -43 -51 45 11 -77 -78 -95 -6 68 63 35 20 53 -10 -15 -37 -56 -92 79 36 22 77 -8 -90 6 -37 98 -35 69 -64 -7 13 20 -6 67 -13 56 98 14 97 16 -99 -48 -34 -22 24 -37 59 -17 70 -47 42 -81 -50 68 -50 -40 -63 -61 4 63 -11 33 -24 -30 -38 58 -18 -41 -42 -92 18 3 -43 -62 -77 90 -90 16 -5 -81 -94 -69 -24 -29 -77 -76 75 -70 -85 -54 -57 91 3 -72 19 -58 4 -70 -40 -93 -94 -2 -45 65 -46 61 46 -51 71 95 -54 -80 -63 6 -42 -78 10 83 8 -81 -9 3 -37 -23 -53 -55 42 71 -50 -44 -70 -31 97 58 18 37 -40 89 -56 -94 82 -17 2 -48 -98 1 87 -28 39 -30 -19 -11 -62 25 -42 -64 -3 -86 57 23 -89 -91 -52 -52 97 25 30 -53 -80 82 -3 45 -5 -44 98 43 81 -97 -23 -80 47 -32 75 68 -58 -48 68 -17 80 91 56 53 75 -80 -85 -95 17 64 62 85 60 61 -97 45 74 -80 -51 84 -93 -12 -50 -41 84 23 16 14 2 23 -53 62 0 -33 8 85 -21 84 -89 -34 -19 38 -37 -58 85 -50 69 -20 63 10 -85 29 16 38 43 14 82 -20 41 -57 -71 -94 23 -21 -27 -77 63 -97 -98 60 -4 52 58 -95 -40 -69 44 -40 85 -79 52 -7 1 -42 -67 -77 6 69 -83 42 -30 37 79 29 -24 66 94 -94 -48 87 3 3 -57 -52 -3 47 
-74 -1 -64 3 -18 64 -57 -72 60 -51 -79 10 32 42 76 45 -70 7 -44 -13 -4 57 8 90 -86 -54 -11 -39 -32 -34 93 17 48 22 34 21 -91 74 -17 -29 -78 10 -74 98 -36 -26 -4 -14 96 24 6 -1 -15 10 -35 80 -30 -82 -88 78 70 79 -11 -6 90 2 27 48 -79 74 32 41 -69 -56 -27 82 88 -28 53 23 94 -74 91 -83 -44 -20 -99 44 -79 -94 -98 65 91 62 0 -18 67 6 82 18 -75 52 32 -45 76 83 -34 -51 70 -60 -22 80 -78 -59 -47 -47 -95 85 26 -91 -56 70 -32 58 -13 14 -71 20 98 30 -87 -44 3 -11 -67 86 58 21 -46 -16 21 -26 -94 -92 -41 -36 -58 -50 3 40 -32 -33 -2 -95 66 -44 24 -36 -15 -93 23 66 43 55 85 65 33 -89 27 -50 -2 -99 99 -29 -78 85 -35 -48 90 -21 -61 -44 -38 74 21 98 -33 20 52 4 -7 68 -12 -32 12 -1 14 -80 -90 62 41 -78 -27 -22 -91 84 -77 22 12 -78 -24 8 41 68 60 -21 60 2 48 10 95 88 56 32 -11 -15 -30 -96 10 -75 18 7 -59 -15 -33 52 96 3 18 91 -49 -45 55 33 22 14 -76 -6 15 28 -29 46 -39 -31 89 16 65 -37 80 -20 -60 -88 -37 -96 76 -15 -55 -6 26 72 -69 27 78 62 -2 13 37 -43 27 -71 -43 -13 7 76 32 57 88 -64 37 77 -16 -64 -84 -92 -44 -56 -20 94 19 -99 
37 -27 -7 59 2 50 19 -63 89 -11 -9 87 74 -51 41 -52 6 95 -6 -63 35 31 70 -27 97 73 -41 -55 93 -49 -20 31 -16 -91 -47 47 -21 -79 79 87 93 -65 -82 -64 66 -84 39 2 25 -45 90 -73 -27 -75 73 -76 23 -39 77 89 42 -14 33 7 -34 17 -96 14 -92 -63 -48 -22 76 9 50 36 80 17 -91 -60 -53 -97 78 -25 5 -80 -62 -19 74 -81 -36 54 92 27 59 83 -7 28 15 -56 69 92 90 17 45 -38 -85 -84 -95 -20 40 -36 70 1 69 -20 2 -24 23 37 81 26 16 11 27 -34 87 4 -8 4 74 -84 -10 -21 91 -88 -81 -65 49 59 46 -9 -32 35 10 43 -13 -62 80 -87 34 -55 -13 24 44 96 -62 21 25 81 -3 -66 9 40 -93 -88 34 -7 -72 67 3 53 52 -31 -28 78 27 -51 34 71 -67 80 88 50 44 -83 72 75 31 -57 61 53 26 4 -36 55 -95 -58 7 92 -49 93 -62 -25 -13 -39 14 46 25 37 92 35 -33 91 49 -1 21 -98 0 8 -42 -60 -73 22 -61 -71 92 -70 -20 -89 -85 -65 43 -55 96 65 -43 -59 -69 -76 -45 19 -74 -88 -97 -47 57 65 -70 -24 -55 50 -49 -46 -99 -15 -89 20 97 59 -25 -9 70 9 -92 80 0 -69 49 16 -24 -13 15 4 -94 -56 -95 -63 2 85 95 62 32 -11 19 56 7 -97 95 -83 23 71 44 86 69 32 -41 -43 -85 -62 
-67 85 12 79 48 -37 -48 8 -16 42 49 -77 22 15 -65 -95 85 43 -49 95 24 -79 64 21 56 -40 -81 16 57 24 51 14 -83 -19 -84 70 -57 -71 -69 -61 64 -1 -86 -60 61 17 71 -93 -81 44 47 51 76 65 92 59 57 -28 -96 71 -22 63 37 53 93 -7 44 -73 -99 -1 54 3 -17 64 51 -7 -58 -21 7 -63 -67 -17 24 -51 -57 -90 -74 -34 6 -54 -77 3 3 -16 -25 41 67 -54 97 44 35 -1 12 29 87 92 -63 -98 -29 -56 -81 -37 -79 -21 89 66 -40 12 59 17 41 99 19 43 -66 -41 -17 62 -46 -12 56 -21 38 17 -26 -59 40 0 51 -84 -28 12 -70 -17 -12 -54 65 41 -90 57 -62 -81 -54 -19 51 -76 79 22 55 95 -16 1 48 -79 -83 -65 -10 -43 14 33 -40 43 77 86 40 -43 88 64 -17 -57 88 -7 81 -62 17 0 88 -64 -70 71 0 83 95 -6 -55 16 55 99 -79 61 -39 -34 -30 -6 -68 60 -66 -57 -48 40 88 69 -97 31 25 38 64 -36 -56 -1 21 0 -93 -70 -54 -29 -35 -21 83 -13 40 -1 -53 -31 -63 -98 96 24 -97 -43 22 -23 38 79 5 44 49 13 9 -59 -20 1 67 96 -59 -99 99 0 -62 83 78 2 -33 -57 17 75 61 -66 40 -2 -79 -17 54 -27 37 62 -36 -31 -86 -47 -47 -72 -29 -80 97 -21 80 26 36 -55 -92 -33 93 10 -65 96 -5 49 -45 82 
-51 66 39 30 -16 -11 34 5 -79 -64 -77 -95 -93 -15 99 -36 -18 61 52 -36 12 63 63 94 99 76 -11 -40 15 -86 -89 39 -17 -93 -77 -61 -8 -16 -75 -15 70 6 -73 84 -2 -30 -99 38 -91 19 59 2 1 -54 7 97 -90 56 -15 59 62 23 34 56 18 -7 -17 -88 -27 -24 82 48 46 -97 -9 -64 65 -1 -83 76 -90 -7 -81 -9 83 43 86 97 -19 74 61 21 95 60 -25 16 -24 -3 -92 -22 64 -86 -37 -66 -67 78 -76 62 -75 -77 -94 -23 -8 -17 58 -57 55 -66 -8 -16 88 45 -36 30 -11 -28 62 -37 90 48 -1 67 -15 -57 30 -59 57 48 79 99 -26 -84 -97 -3 82 -13 55 -33 -41 60 98 5 -84 83 -75 -96 -4 98 -94 -30 40 77 -27 67 -33 -64 97 69 60 -77 94 -22 -12 84 89 24 14 -2 96 -1 13 -4 -9 -27 59 96 -85 -49 15 -89 59 6 84 8 88 -34 -47 -36 55 79 -36 76 81 56 -11 -1 -6 44 -62 71 46 -60 -47 40 65 62 30 -76 54 -18 56 9 90 -62 -7 95 20 41 -1 24 74 25 32 -57 32 -11 44 -44 -44 3 -21 58 -13 -80 -44 24 0 -55 -18 63 -58 97 45 -11 46 -75 -16 -14 -82 -60 -59 -87 71 -7 -22 22 85 -70 0 -18 -72 8 -89 73 9 30 -86 40 82 -81 -82 -53 57 98 82 -91 -15 24 -13 -72 80 1 -9 85 -94 -37 89 -60 60 -76 
16 -33 -58 65 19 25 82 58 30 -91 -53 -88 16 64 -43 -54 53 88 -22 56 -24 91 18 -74 11 63 -79 12 -27 -12 -14 -86 29 62 -91 76 36 87 -9 87 88 49 42 17 -95 -28 77 96 15 -88 41 3 -27 -15 55 -20 41 -39 3 -21 10 -16 37 -61 26 -50 19 35 5 93 64 31 52 7 28 88 -11 19 -67 38 10 -42 6 -59 -89 -95 -7 -77 -35 23 52 -1 29 -55 71 0 33 -27 -59 37 -50 74 44 96 -73 -8 -23 -59 53 86 -80 19 -75 67 -86 -23 37 -55 44 78 46 90 -86 37 37 13 88 -72 -4 70 -43 1 70 -10 17 -12 -32 9 -94 -46 -6 -18 45 -16 -43 13 -47 -18 -91 66 38 -68 62 65 -23 85 21 -71 -98 -18 -32 -22 -40 -55 85 -3 -50 40 74 58 47 1 21 43 61 -26 18 25 -77 -81 -3 21 80 -69 -96 47 -19 99 -52 27 4 -16 -17 94 -74 -84 19 -22 89 81 59 4 42 -79 -75 70 -65 -8 -67 -66 -94 -16 20 -42 -45 -47 -29 63 -59 0 28 -26 -99 -82 -78 78 -95 -77 79 15 -41 -30 45 -94 81 -87 4 61 -90 70 -97 -34 -76 67 72 88 62 -28 -87 5 18 -2 -81 97 43 -3 -90 -13 30 69 -82 50 30 -72 -61 17 33 71 73 72 -90 -62 -24 -61 -50 86 -37 88 77 55 86 92 -79 6 -76 -14 27 66 -16 -62 -21 91 99 90 -14 -63 89 -9 -24 -78 
-73 -40 5 18 48 -62 -98 -8 79 -40 24 35 -97 72 37 -38 -7 92 -70 -4 97 -20 -92 83 -32 2 -9 77 24 -61 73 83 2 40 12 31 60 -26 41 94 -10 -30 70 -27 75 -43 98 -99 -79 -67 -28 -45 -21 21 52 -28 47 -16 83 58 52 37 94 7 -82 -41 24 -8 63 57 45 66 39 -86 65 22 -28 87 -16 86 80 16 -11 72 70 -95 -71 -88 40 28 -14 16 -73 -74 91 -29 -63 92 -51 13 90 57 66 11 19 -19 -64 -95 -66 -67 -15 80 -39 51 27 -91 -5 -4 -4 -47 26 -76 32 51 48 -96 63 16 35 78 -93 -97 19 -26 -59 -5 -31 -41 19 99 -49 25 71 70 -40 -62 13 -16 -48 61 -70 -23 -65 -77 -32 26 -4 67 85 -53 -29 83 -37 -37 -26 1 -20 -89 37 -35 -63 52 59 92 26 -58 56 -24 83 -81 -79 59 -52 90 -63 71 -49 -34 -7 44 -87 62 -58 70 61 -9 -10 0 43 15 20 -25 -81 -31 -62 59 -23 75 72 60 -75 91 61 80 15 -33 53 79 84 59 -23 55 47 91 -3 -2 -40 85 -51 -43 -65 62 -39 99 9 18 49 44 66 15 -52 78 -34 -21 -87 10 -89 -94 15 -13 86 55 -1 -16 4 -8 29 21 30 34 -21 -79 72 99 79 -93 -4 -70 -36 96 47 65 63 52 -83 86 -9 -71 89 36 65 -39 85 -1 -45 -21 -24 -48 44 23 -81 58 -12 -61 85 -61 -24 96 84 -66 
-31 -72 85 95 48 -5 -34 14 -72 -86 88 -81 28 98 -43 -32 -17 -19 -98 52 91 84 -47 -59 61 -82 82 86 97 -35 -47 17 -73 44 94 -63 -91 51 -85 -72 -70 -30 -11 -59 -94 93 55 -2 73 -4 -67 7 3 -54 9 -42 -1 -38 -81 78 1 -65 96 -65 16 82 -4 -18 32 26 -91 -48 -13 34 -47 -81 78 -31 12 -44 -9 -42 -34 23 -77 -55 39 19 -24 37 -73 80 92 27 87 -67 -75 75 -3 -14 52 58 40 -91 -67 -28 84 -99 -25 73 75 70 82 -3 -22 -62 36 17 76 59 18 -25 54 86 87 57 -88 88 -79 -83 44 -64 -21 77 -49 -84 -86 40 -94 -38 68 90 -98 2 4 -28 25 16 -85 -43 -36 -21 -5 -69 -72 53 16 -29 33 -25 -80 -36 -99 43 -63 -55 -44 -78 56 97 13 -60 -56 -39 96 -97 -6 -61 -90 -44 -29 -42 -40 -28 -46 -6 -84 34 87 42 -70 62 81 -30 -60 87 29 50 52 99 64 -72 19 -98 -34 92 74 91 70 80 44 14 62 6 0 -4 -9 45 70 -23 22 -58 23 -20 11 18 17 -60 -60 -19 49 -75 89 -86 -53 77 79 -49 -66 -20 93 -89 -78 10 -36 20 35 37 -21 33 53 -74 -13 1 83 -10 94 -16 64 34 -71 -18 36 95 61 29 -35 60 73 68 48 8 -95 -60 -18 -5 -40 -21 24 46 -30 30 76 88 -6 82 23 -85 96 75 -40 36 -95 99 46 11 -44 -16 54 -62 
-83 38 5 -17 57 -62 10 -21 -21 -9 -57 -67 -69 42 24 -99 -31 44 -28 72 -40 97 61 -94 19 40 -5 29 -73 -55 11 26 24 -19 71 70 19 73 -63 -61 65 27 43 -28 5 -65 -68 93 17 7 67 78 73 -87 7 31 7 -27 6 6 43 76 -26 6 -9 -50 -73 -68 -97 -24 38 -56 -26 55 -8 66 -16 -96 46 96 21 84 -70 -23 -60 51 -88 -35 -20 -4 85 26 -48 -61 29 -80 -10 57 -5 -6 -3 6 4 -40 40 38 -1 82 -31 -60 26 98 43 -75 55 -25 39 36 -29 -46 26 -63 -15 -63 9 21 76 -27 38 -53 -19 -90 -26 -16 1 -18 44 1 24 -86 -90 98 -58 52 -7 98 22 -94 -34 -79 -8 8 84 18 1 -54 23 -57 90 64 3 -75 1 -36 18 -6 -56 36 11 97 -99 19 67 28 11 72 91 46 20 -98 92 -48 63 -99 -62 -73 -23 27 42 50 63 -8 60 24 -82 67 -44 -83 26 -24 14 80 -54 -48 -52 -91 -2 -95 -62 -1 -17 -76 -30 -90 17 99 78 -56 32 47 97 22 64 47 -34 -56 -60 96 64 28 -79 83 -95 26 21 -40 38 47 8 -11 -20 -16 61 28 -70 -99 31 -97 -16 12 -30 -29 -68 -70 -91 -48 57 43 21 23 62 66 -23 71 -87 -55 -1 55 71 16 33 60 41 94 12 -32 81 94 30 -31 38 -59 69 -9 -67 -24 -43 -76 -85 -55 -6 45 49 98 28 13 -19 42 -31 12 
24 48 72 85 -73 -50 10 -12 -84 56 -47 54 10 -3 24 -6 1 25 47 75 33 65 -28 -73 -95 -11 49 14 32 -84 93 33 -80 -29 -62 -10 -47 98 -25 -97 -34 -52 12 12 -91 -20 -60 -34 16 70 -31 81 17 87 -52 58 -46 63 96 7 -99 30 85 18 -39 77 -78 66 83 -47 -30 82 15 -73 39 -12 -8 17 -2 -78 -95 -98 -15 -85 -12 18 55 62 33 -91 38 86 -67 45 -64 95 64 -13 63 98 -73 -79 5 -2 -46 77 -60 -40 30 97 64 -32 38 36 -27 -90 -91 -1 -84 -79 93 -23 87 -23 -10 14 -21 22 57 -15 -54 38 -63 -61 37 12 -9 -50 -30 -67 -27 -59 -52 46 99 -76 23 -39 -75 29 88 -19 -5 -85 6 -34 -24 -14 -33 -82 -54 80 32 -74 14 -60 -31 52 -23 -44 -72 -58 81 63 4 54 20 -61 -94 62 24 -25 15 17 47 98 97 36 -24 9 -8 64 -16 18 -69 -96 -95 53 47 77 10 -98 -42 -16 -2 -27 1 59 -90 57 1 35 44 -39 18 -99 -62 32 81 66 -12 -8 29 -91 -64 67 -69 8 -67 67 -67 -63 -35 57 19 -45 6 -22 -16 85 53 45 37 62 -67 43 96 -69 64 18 -45 -35 -80 -29 64 55 -52 -40 -2 -30 70 38 -34 45 34 21 -51 -92 41 -84 13 -12 -12 68 88 90 83 -60 -4 37 74 84 -72 1 -72 -85 30 77 8 27 -87 84 68 14 30 -19 -17 -77 62 -5 
81 14 93 52 92 -48 40 -37 68 31 8 -87 -7 -74 -45 76 -54 51 -62 -95 -45 -7 -67 -59 -12 -27 91 83 28 -50 87 -69 -51 -97 43 -8 -7 -79 -76 17 -25 27 -28 10 88 95 71 -15 89 7 -54 99 68 44 65 92 72 -42 -73 -78 -37 24 99 -74 -84 -61 25 -51 -39 59 49 20 -66 33 -65 -53 78 -54 59 84 -83 69 21 -14 11 -35 -75 55 9 70 58 27 -42 -6 -14 84 31 74 15 95 46 49 76 36 -11 -49 -39 -97 -8 87 44 -38 -99 -11 82 -15 -44 -66 75 -28 -69 75 89 -40 33 -29 45 -56 54 -10 -63 -99 79 -34 4 -44 31 77 58 18 -29 66 -35 -98 -42 45 55 -56 -11 -74 -40 84 84 71 33 43 -14 61 -9 0 -71 97 -11 -75 -63 82 -84 -98 -6 39 -85 -68 -65 -47 -92 14 53 -86 15 -58 42 -23 98 -73 93 80 -82 28 60 -31 -55 46 -93 69 53 -35 -60 68 -27 -42 -6 59 95 -90 49 80 -33 -25 -69 -1 48 20 28 -78 92 -1 99 -76 -18 31 78 -75 -86 -95 -46 42 -45 40 54 -11 15 -96 -8 -46 -86 48 -5 -19 -78 -46 -23 -33 53 47 35 -77 20 28 15 -51 12 -70 41 24 44 29 -50 14 -68 69 96 -98 27 14 -73 -61 -38 -60 29 45 -39 83 -39 82 74 -77 0 4 -25 -94 6 36 -62 94 -3 -42 -33 97 -50 -21 37 65 56 -69 9 62 -16 -45 -89 -62 
-11 -5 -48 -6 95 68 -96 -24 -94 53 -5 -51 79 -74 37 -71 40 79 -79 -44 -8 59 -67 71 -28 -4 38 -86 61 10 42 -41 -41 15 42 75 -92 -18 9 -38 -87 20 -3 -92 90 -45 0 -68 -24 69 95 8 -40 -91 94 94 -70 10 -62 0 37 37 -79 -51 -69 19 -75 -51 36 -61 74 3 -39 -82 -22 93 -62 55 -72 -38 -12 -61 88 -44 46 -91 -55 -33 57 -50 75 -88 35 -31 -81 -49 -50 49 39 63 -99 50 60 -19 -29 19 -55 45 -97 89 -64 -89 43 97 45 -68 94 -96 -15 -48 -2 -10 -97 70 24 63 25 34 35 76 -96 31 94 94 -59 -60 -93 63 -80 66 -24 -83 17 -38 17 78 -9 -39 -78 -2 -72 77 -26 97 77 -5 -50 -24 -92 33 -14 70 -84 -40 -3 -25 -97 87 -20 50 71 88 -4 -13 -22 65 31 -50 96 32 62 -37 33 64 -15 -30 74 -36 75 92 43 76 48 -73 84 -12 -37 -8 -55 -73 -19 -26 -22 6 46 -48 -96 64 -10 -29 76 32 95 97 39 65 -55 -99 46 86 40 -7 -75 -76 -19 3 99 -53 -7 -92 78 -76 80 27 32 9 -78 -76 25 -36 -28 67 59 73 42 -40 -36 57 -55 -19 25 -33 -70 53 -10 27 -14 -10 -5 31 -65 81 -7 -92 25 -69 38 -82 -1 -59 -79 1 38 24 54 -99 -24 42 -30 53 -75 94 -12 -26 74 -20 -45 72 -85 37 85 -65 80 -65 -73 1 78 0 -53 -86 
-36 43 -87 -26 94 24 80 84 77 94 35 24 -65 -10 -75 -98 -13 -59 15 37 -5 25 -35 -24 -31 17 -6 -43 -55 15 -13 73 20 62 2 -91 92 -22 -28 95 -91 68 -54 37 5 77 38 45 -45 32 -20 -69 -97 96 -29 -28 -14 -58 -9 25 -21 83 2 -95 10 25 71 -5 97 -74 -93 96 10 39 -95 -10 11 95 -56 -9 49 82 -65 57 90 -11 55 -32 94 -81 -77 84 44 -90 46 77 94 -42 -53 52 18 -28 74 81 -97 14 -8 -59 7 46 1 89 -17 -22 49 -50 58 -95 -83 -95 -30 83 78 41 -78 -6 -14 -45 10 -53 68 -4 78 -53 14 71 18 61 31 -87 94 -72 -81 -79 -15 71 -33 -96 85 38 -3 20 -63 -95 88 33 98 -36 36 1 -58 -59 -44 35 12 -53 -59 -13 35 -20 -69 -43 -46 1 81 28 -72 44 13 -20 -37 51 85 47 27 44 -69 -41 45 -88 86 -30 -16 19 -62 -56 2 -6 83 -93 -55 97 -61 20 43 54 21 48 -3 -29 59 63 -71 63 -82 80 -77 95 -69 11 78 -8 -90 49 -54 55 27 -11 -61 -90 82 -57 49 3 -11 78 67 7 -51 49 -43 -74 -11 71 -1 60 -93 -88 -50 -89 -43 17 -42 86 23 54 15 53 45 -62 -36 -91 -73 -34 33 83 -46 69 -88 39 21 -7 -47 -24 29 17 -33 89 79 -39 -53 76 -42 95 -43 -57 -45 -38 92 79 28 -17 -70 -65 -53 11 23 -80 57 96 
-28 62 7 -59 -27 -82 91 75 -56 57 -58 10 -68 -96 29 -5 -3 35 -17 -21 -10 -72 90 -52 64 62 22 77 -6 -44 -68 21 23 49 -43 -22 -13 78 -39 -82 -50 71 78 8 35 -99 -55 -39 41 98 -7 -58 -99 56 -42 17 47 -37 44 -9 98 33 93 -62 88 34 -5 24 76 -19 -95 43 -84 97 86 -74 -33 40 -42 67 35 69 86 -83 -7 -81 -28 73 1 -35 -17 -60 4 -81 -67 -98 -99 47 -3 -41 -97 75 -64 -18 88 -99 -89 35 14 88 1 16 36 9 -23 -5 86 32 84 -40 91 -67 88 76 20 -21 -11 -71 -92 51 48 -44 -29 -57 11 92 -39 -29 -96 36 -20 8 -48 -58 -54 -25 -11 37 -23 -27 -74 15 -64 55 21 -18 -27 -27 80 0 66 1 -86 -44 35 -40 -30 -39 -66 0 -97 -10 -22 25 -34 71 -19 88 -73 -6 -95 -16 5 -57 -73 -80 56 65 -69 -73 37 -72 -16 -85 -95 -76 91 -35 61 -61 -8 -63 87 -78 -99 27 82 -4 -65 -68 10 -86 92 -98 48 74 35 39 81 33 11 56 34 13 -90 74 -56 -76 -15 59 -52 5 -35 -5 -14 -49 -46 98 15 2 -84 18 -68 8 73 23 -78 -97 81 -5 62 87 -26 45 -73 60 74 24 -32 -19 5 8 37 -32 59 -83 69 29 -12 -83 93 -61 74 -11 69 51 -41 -20 -25 18 62 -40 -22 -8 28 -95 -83 97 86 34 58 -49 21 -29 -49 -67 -3 -92 89 67 
-32 25 -75 84 -55 -51 11 44 -91 61 -99 39 89 -97 84 -60 94 -27 17 -81 1 -25 42 -16 81 -32 -77 -36 9 -98 -57 -61 -32 95 59 12 -95 -4 22 87 60 21 71 -52 -18 -78 54 -47 -64 -14 -12 -54 53 -89 26 59 12 85 64 93 -24 -38 6 82 46 -6 -1 -7 -23 -40 51 40 65 9 72 -46 13 -20 -98 17 -33 76 -66 96 54 -31 -3 54 88 71 -99 44 22 81 3 96 -31 -83 -78 58 -35 -66 -11 -6 84 -96 -96 30 26 34 56 80 -90 -28 -95 51 -68 4 86 -61 -39 -66 36 -28 -15 48 1 -56 83 -10 -50 70 -84 -64 74 -65 -7 44 40 45 -16 -97 25 53 3 -71 32 52 -76 -63 -95 -20 61 13 88 -8 14 48 -52 16 -17 67 -45 54 -74 -82 -43 10 -87 36 38 32 24 1 -69 -61 -7 -2 -8 -94 -21 -54 9 8 -65 43 -49 -81 -96 -8 68 -67 -93 -67 17 -6 69 24 99 64 77 78 1 50 -67 -57 -97 40 77 -37 73 -88 -37 76 -31 16 -97 -46 -66 59 -36 -10 3 77 4 99 -34 40 62 -3 -87 38 33 98 -90 -11 74 -67 21 -44 -36 66 -24 67 -16 -32 -35 -42 68 73 90 -48 81 -52 4 -5 -59 76 42 37 -59 -26 82 -31 -29 -44 -44 -98 -75 -25 -88 -22 -62 82 -53 -66 63 55 58 17 -86 56 -45 -38 -79 -35 67 60 92 33 98 -6 46 21 -90 -14 -4 -97 -51 68 
7 -66 -57 -37 -68 47 46 -35 2 35 -10 -58 98 -46 -61 21 -70 7 4 -55 14 4 66 79 -28 67 -91 -14 58 -79 38 66 24 72 31 -6 57 -75 -55 -22 -20 69 -21 39 -4 80 0 85 -67 -35 -31 79 -91 -47 -41 -43 84 -30 70 -42 88 57 56 37 -78 -87 38 -11 6 -56 -5 20 -43 -19 -10 -18 -42 12 44 78 -68 -7 -4 59 88 39 -68 -74 1 51 -67 -78 58 19 -19 14 -39 42 -27 -45 -19 58 -41 -30 3 -13 0 3 -82 -79 -13 -53 45 44 -65 -22 -21 15 88 -27 -85 -38 -86 57 59 -91 -1 -4 -85 43 -78 -69 97 24 -54 -5 -30 -31 -66 33 51 -91 24 7 34 -69 -23 88 53 98 -54 53 -66 -55 -90 45 89 27 49 76 -67 -41 -16 -13 -82 -79 13 -32 -46 -62 -7 96 -84 5 -35 -2 -91 -5 -5 6 30 35 30 83 77 -24 -38 -9 -70 2 76 45 -50 31 5 86 -17 26 26 -17 -35 33 -7 49 -22 -94 94 24 -80 42 -59 43 72 -98 17 -61 77 92 57 -36 70 56 -23 -78 72 95 -25 -44 80 79 65 98 -76 -11 -38 -90 -44 29 -17 21 -98 -60 -87 8 -76 -31 -9 -3 44 61 -67 -4 -83 12 -78 86 -8 51 -33 83 -93 18 91 72 -3 -63 -62 -12 9 -4 6 -51 66 -48 18 71 -29 36 52 57 3 -87 -1 15 -81 -48 97 17 42 -74 -73 56 -57 -94 74 88 0 5 -90 -39 
9 20 24 66 -60 3 48 -34 -16 -32 -87 23 89 -64 -51 44 -28 20 -99 20 5 -57 85 -46 44 -63 -66 26 56 47 73 1 -57 -24 41 -70 -42 -50 4 53 -90 -45 28 -47 84 19 -46 -63 -46 -42 -57 97 -26 57 16 87 -83 -32 -68 -71 72 -82 -26 -91 43 -62 73 -78 71 -90 98 57 6 -81 -63 -62 -49 -21 64 -26 -18 -31 -19 14 -45 81 40 61 -93 -81 78 68 -1 -71 34 45 51 40 82 53 73 -6 93 1 47 42 -15 -35 -38 28 -56 1 -40 -13 -84 -36 66 -38 23 43 11 -29 -5 12 -35 -8 91 5 92 12 -87 -99 8 -20 92 -69 50 -93 4 -83 -98 41 -67 -42 -35 4 -6 35 4 -27 -23 99 4 99 -83 -42 79 80 -73 76 2 48 81 -65 -37 -26 82 61 -54 20 98 -29 5 87 -12 -53 -11 80 -55 15 47 48 -7 -11 -95 80 22 -2 -34 27 0 -25 59 -63 -9 -77 1 7 -74 -34 43 86 -77 69 -52 -31 8 -34 71 3 -26 -82 -81 -10 41 34 46 16 -28 -12 -44 -67 53 -20 61 62 -81 -73 37 46 -33 -85 97 -60 -59 -86 -11 -53 40 -89 -39 19 -34 -79 51 -76 -28 -80 72 -63 -94 -54 -36 89 -95 69 46 6 91 38 29 -84 26 74 45 10 -33 -29 96 13 -57 37 -79 -25 -47 -37 -72 41 45 94 -57 70 -29 51 16 -79 -80 -86 33 77 12 45 -20 -31 -59 41 -70 -78 23 68 
-48 -45 55 32 59 -87 -21 80 7 61 4 34 59 -93 68 -86 -84 -23 74 79 86 -85 -68 97 7 92 23 38 -19 29 79 -3 -48 21 59 -56 -68 1 -34 71 63 33 1 44 71 65 -28 -94 -18 73 28 -36 -80 86 -88 41 -62 32 68 -80 -63 83 51 -22 -66 -74 52 49 70 72 -84 95 -19 68 69 -73 -59 94 -63 94 45 87 -85 59 84 90 -40 -48 -84 -3 80 -30 -85 31 1 58 -14 42 -56 -77 55 23 -23 -56 23 73 -12 -21 74 -62 97 44 -87 92 15 86 -79 86 -34 0 -7 -74 78 31 77 14 -64 -16 -92 -58 54 -99 45 77 -22 99 -31 84 80 62 61 -64 67 80 -93 21 26 64 7 -38 95 -15 3 19 91 -18 -31 36 73 62 -58 -74 -15 79 44 -78 87 -53 -95 67 -48 63 -69 -43 73 -40 60 6 54 37 39 -64 59 71 24 -59 31 56 45 -36 48 -37 45 20 14 57 35 -29 -38 27 -32 50 16 -31 30 66 87 65 -77 42 -50 -52 23 23 -16 -18 -17 16 19 -12 7 -4 -29 51 87 52 -32 -79 -17 -94 -69 48 72 56 -96 59 16 -74 25 -55 -49 -83 -87 36 11 97 7 72 -85 34 57 -60 67 -12 -34 -10 -14 -92 84 -10 27 -2 70 -54 -22 -27 -79 -87 -74 57 19 -92 -17 -50 87 33 -99 34 78 -74 -97 -22 93 -31 21 -3 -97 69 99 -62 -52 15 90 53 71 83 90 -51 -77 -69 
-93 -20 77 -42 -29 -12 30 38 -96 -33 26 21 -56 28 -47 29 38 -61 -71 75 -97 20 87 -27 72 3 -97 -11 61 -73 -26 20 23 -57 88 -2 44 9 43 -92 9 -42 92 0 78 95 8 -95 -62 -75 -58 24 47 31 -22 69 -15 -90 77 -48 -77 -18 -45 -91 47 -10 -47 -42 -88 52 43 -1 -81 -64 -66 -65 -6 82 45 5 -16 0 -20 -39 -33 -26 -91 75 21 97 -10 -42 17 -15 88 24 0 -39 -14 -69 62 -48 -44 28 -85 -45 13 -9 89 25 -73 40 17 1 96 91 73 -86 47 55 -48 19 -85 -45 -66 65 -54 88 80 24 -21 -94 29 7 -12 73 -8 -66 10 -35 11 18 -3 -53 -69 -39 25 55 87 -84 -29 -96 -73 59 68 -80 42 -46 43 52 -67 -53 70 32 58 -88 93 47 55 -80 -47 81 -16 -43 -55 90 54 43 -24 -84 -19 -97 73 10 75 60 16 -73 -44 -27 -25 33 -84 86 -55 91 -89 20 36 83 59 -44 75 -5 78 61 4 66 38 6 40 -98 -32 62 27 -72 -92 -68 68 76 1 -24 82 -29 32 3 33 26 56 -48 -71 -47 66 -53 30 -11 10 81 -43 -99 41 -62 -78 3 44 -22 46 -28 -90 -90 14 -33 17 -57 -80 39 -2 47 43 75 80 -12 25 50 -12 -5 77 -90 8 99 62 46 -65 55 67 -25 48 29 96 -45 -52 -39 57 27 24 -12 -14 -26 -91 -34 32 -27 13 5 -69 -64 -20 -3 26 31 
15 57 -7 -81 -95 -94 6 65 -64 57 -48 -19 70 -20 10 -22 18 -49 -6 4 -97 39 -67 83 61 77 -74 62 -20 -86 32 -9 -50 92 33 -35 -19 95 13 -49 -31 -35 68 -79 -32 -10 34 40 -23 1 66 59 37 73 92 -68 -51 71 -30 49 -99 -34 59 -9 -21 -60 81 -76 -27 -36 -93 -57 -72 52 -89 7 -89 13 -30 -6 56 36 9 25 8 69 70 -59 -90 -14 -93 8 -96 -28 -43 59 -18 -4 -20 35 -65 45 -79 41 34 84 28 -33 -50 -68 66 -84 56 85 -30 -45 96 26 -29 94 22 -52 -14 -51 -4 80 -20 54 17 54 -15 30 -96 -65 97 12 -41 -51 -22 22 49 23 -8 -86 93 -26 -89 -3 90 4 -19 7 13 79 -60 42 -38 -34 1 -69 -12 34 97 5 -41 -42 95 51 -49 2 -2 28 15 -37 21 -77 -73 51 6 61 -37 -6 -39 54 -13 -99 -86 22 -33 35 35 -62 -23 -12 -2 16 26 -31 52 -18 37 -73 -61 65 -29 20 -89 40 29 2 -89 -49 -6 48 55 41 29 -76 -70 52 89 23 47 88 47 29 -19 -46 -55 -47 49 58 24 69 -3 44 14 -71 -37 60 -14 -96 89 -29 46 80 -47 69 0 -72 24 -75 -82 58 10 -41 40 -65 17 -70 0 -45 -20 -37 33 35 -18 -92 -39 82 92 6 28 29 -44 50 93 70 86 2 79 -50 -87 -6 -46 3 -21 85 -90 73 26 -39 -80 -50 86 6 -38 98 -86 21 
0 72 26 -70 -35 -83 -2 83 -43 -11 37 -1 -48 28 -11 -22 -52 -22 20 -32 53 82 5 18 83 42 22 -70 -46 -76 93 -13 -95 87 -96 -87 53 29 56 -9 34 73 -68 -17 86 58 59 23 91 35 -53 4 -14 -10 96 39 -22 1 -15 -97 67 -92 35 29 23 40 76 65 -5 96 45 59 -29 -45 -26 37 -70 1 -56 -29 26 21 -83 83 64 23 -77 -74 72 -79 -81 -75 5 40 -4 75 86 -87 -90 -6 -63 41 -40 70 -8 -73 -84 9 -92 79 7 -41 -97 -20 -34 -71 27 -64 -81 71 12 -40 -16 24 -18 43 47 -58 -64 9 47 -65 6 -82 8 32 -33 -52 -80 -92 91 -88 -39 -43 -12 -50 79 -45 -11 -53 67 -33 -41 -59 80 57 60 33 -58 -56 -74 36 78 17 -90 -26 78 50 77 34 29 -27 -68 45 -7 25 57 32 53 10 45 0 24 -66 -83 80 -75 -22 -54 -11 -93 93 56 23 -62 70 64 54 -66 61 87 -63 32 70 -9 -42 42 -74 3 -75 28 -98 72 -91 65 -11 4 56 45 -97 57 -48 -15 -35 -93 -64 41 17 68 0 -44 95 68 -68 -2 -34 13 -78 55 -89 -43 54 -41 -67 -11 75 74 -25 -82 79 -83 -91 61 25 -35 26 -97 -71 81 76 -35 -20 0 -53 8 92 5 -81 -80 -60 -73 64 37 41 11 -27 -36 -98 -52 37 66 20 90 -96 3 -22 -21 43 -17 23 99 94 -89 -40 6 -31 6 21 -54 16 
77 74 -37 -99 70 -95 98 -19 -60 51 -70 -57 41 78 -65 91 38 36 -24 10 -71 -98 79 17 -92 -32 -79 -51 7 50 -6 -24 32 -79 83 29 61 59 12 -48 -23 -84 9 25 75 -16 -42 37 36 26 -21 83 -29 -90 18 83 3 27 -26 -33 2 -93 -67 13 44 -64 88 -47 -2 -86 -44 -94 45 83 -12 47 -18 -70 85 -65 47 -31 27 -16 -16 -13 62 95 89 -41 72 -66 28 -20 91 -96 19 -98 -15 -59 -22 -59 -54 -41 26 72 79 1 -44 -30 -14 10 97 -53 -28 -8 89 -61 32 17 -92 -24 71 -14 34 56 14 51 38 -64 66 21 -57 -58 13 -76 51 -69 43 38 34 -47 -55 -84 61 39 -60 84 54 29 -35 -90 -26 91 -97 95 14 50 -77 26 34 -52 -99 54 -48 46 -3 -25 93 31 -80 -57 -98 -72 -14 -66 -8 54 10 4 91 55 -27 -69 55 -86 -87 57 10 7 -17 24 -85 -25 3 -6 -26 -17 86 -15 -26 14 -40 -73 89 -65 -47 -91 53 63 2 -81 -7 74 -81 -70 -40 42 -11 99 -25 99 -89 4 36 -11 -99 91 22 -61 81 -13 92 -85 26 -35 -93 -54 97 -84 -75 -3 16 27 61 71 7 -9 11 -54 -27 76 -25 95 -36 87 -3 -48 1 -40 -42 32 61 42 27 28 -69 60 -91 61 86 -10 -70 -79 32 24 49 98 -8 -44 -88 83 45 73 54 94 81 -39 45 92 56 41 -45 -22 50 -89 -63 -20 -38 46 
30 43 62 65 36 91 43 32 19 -2 -97 98 6 -86 -65 6 -28 57 15 -63 -59 98 98 73 98 84 18 -88 -41 -7 86 52 -81 -16 52 35 -5 -37 52 71 10 79 49 54 -41 -44 48 83 63 -59 -6 -42 85 -11 -95 24 52 -9 83 63 9 84 86 35 0 -28 89 91 -67 -15 77 -9 -86 -88 -43 88 -61 58 75 10 44 95 61 63 1 -87 -68 89 -5 0 41 11 49 -65 88 -83 14 -43 91 54 89 70 -50 67 61 -4 25 27 99 66 -87 56 77 -61 71 -80 -86 78 49 28 17 -59 33 96 22 -48 -35 44 9 -48 52 -95 19 -73 -91 -58 98 92 5 -72 -28 -47 73 -81 -30 80 92 -41 34 -40 72 96 -80 -26 80 91 -87 75 -67 -2 85 98 -21 -11 52 59 10 16 -14 -40 53 74 66 87 81 -75 -26 60 -61 -93 -49 26 -38 -90 -49 -12 15 61 90 38 -42 -81 -81 70 26 -53 35 33 -78 -77 -74 82 78 -17 71 -30 75 -38 -10 13 -31 -16 30 73 23 -18 -62 -65 -48 37 -35 -28 15 44 -36 -3 24 48 57 -56 -11 -78 37 13 64 64 -78 94 3 16 96 5 88 42 20 -37 -22 -77 87 -40 80 8 62 68 28 40 54 12 18 -74 -12 18 37 38 -52 28 77 90 -1 18 26 -31 83 97 -53 -37 -88 18 89 -97 -14 -58 -61 -69 19 -18 -69 -64 -61 -95 -66 -25 75 8 -26 56 66 -64 -73 -4 
-3 -40 -80 -3 -11 79 76 -12 -56 22 -97 -77 -3 -49 9 -13 -82 31 70 54 75 -69 -29 -47 -52 64 44 -73 -86 -59 -31 -51 -78 4 5 -96 -39 4 -47 -77 67 91 -27 12 -1 57 56 -75 -44 63 9 -48 -28 7 -51 -88 79 65 -83 92 -8 -93 39 6 90 92 13 -6 -6 -15 -4 68 -54 69 72 97 47 56 53 49 -27 52 -84 -58 -88 -88 92 1 -10 86 -4 -39 -88 -37 52 -7 69 -33 91 -3 -70 67 -90 22 -46 -73 -20 0 -88 -57 55 -98 56 -94 44 -28 24 -44 -88 -1 -23 -1 39 34 -67 -33 68 -40 0 31 -6 -61 -11 -43 72 76 47 34 -41 -97 6 -95 -71 -86 7 -78 -75 82 20 -90 57 48 -81 68 79 -22 91 40 -39 -10 72 -51 95 77 -97 -42 10 86 27 89 13 -48 59 59 86 80 69 65 -33 76 -12 -60 -3 -83 72 24 29 -47 -60 97 -52 -7 -77 49 43 94 -17 -34 -5 70 -61 51 31 58 -90 55 86 95 1 94 -7 55 -70 9 7 -64 -59 -76 14 82 73 51 60 -92 30 56 -35 -92 55 11 45 -58 -58 77 -89 92 -22 -65 -35 -55 8 33 -29 12 91 76 46 -63 72 88 -93 -79 -67 8 10 37 -77 89 3 -9 -78 -19 -76 -23 -25 -81 94 21 60 70 -93 -20 -62 97 83 -25 99 96 16 -25 61 -32 55 48 -59 72 -82 -86 39 62 -21 -14 31 30 -61 14 22 -10 -25 41 
2 96 40 46 20 -33 53 -7 26 85 33 69 82 8 -42 -57 96 -56 -12 29 -68 88 55 -41 13 39 81 -12 47 34 -47 -22 -42 -88 41 84 -3 -15 -43 86 56 -75 92 72 -46 50 56 -89 -20 -84 99 42 -69 8 -53 -59 8 -48 -49 62 -76 58 -90 -46 66 7 -70 -67 -13 23 77 -35 -46 88 0 -9 -57 -2 -61 23 82 15 -52 -31 79 -10 -89 59 2 -91 -39 96 -90 -2 -58 -14 -93 -61 6 -8 26 82 44 -95 -72 -86 44 4 24 -48 6 -23 75 -7 -28 -7 -65 0 84 -63 27 45 71 -87 -97 -84 88 -14 39 -7 -84 91 -10 -41 -98 74 34 69 -11 44 24 75 2 -32 -57 -66 -42 57 31 -1 82 24 97 -40 53 -39 -15 6 67 96 72 -85 -83 -44 6 45 -27 8 -93 -50 13 -53 12 -10 -45 -48 -20 48 -32 -65 -49 -54 -65 70 -65 46 92 57 81 -73 11 24 -9 -84 81 -61 -90 -3 58 1 -40 -51 -26 -29 -32 -80 35 47 62 11 -52 -39 -82 -9 -52 -17 -22 -38 50 -92 30 -6 -68 -32 92 -67 25 90 51 65 -27 -22 -13 52 -59 -58 -12 12 -40 71 -23 92 -12 -33 7 18 44 -96 -26 25 -62 54 -84 -76 -15 26 -78 -97 44 25 93 95 -58 92 92 -21 -71 -20 -53 14 -74 1 92 24 -13 81 -62 -94 21 66 -81 -48 42 -71 67 24 6 -13 -65 -45 46 -17 76 -2 -62 -6 28 -92 -33 -33 
94 -66 7 -90 20 4 63 -8 5 58 -40 2 -80 -82 0 -3 61 -62 -21 10 33 15 85 -31 88 78 81 94 58 -54 95 14 -2 -26 26 99 85 19 -58 19 87 15 80 -64 -3 97 -78 84 -81 31 -38 76 -99 8 29 81 -70 -31 -34 -31 91 0 -98 -70 68 3 -49 -29 -6 -8 95 -23 39 -27 -43 -73 -50 60 69 -22 41 69 96 66 62 49 89 -80 -22 35 -62 20 -49 37 -83 -51 96 -51 25 -50 -39 39 10 42 -36 -72 -95 -77 89 -30 -86 31 -58 79 2 22 -41 -79 24 -28 57 35 85 -51 -31 19 86 72 51 69 -89 92 -17 70 -83 87 -58 68 -82 -25 -25 55 5 -43 -87 16 42 -50 -58 -2 6 -38 40 -11 -91 84 62 -29 -34 -6 80 85 10 -46 -97 62 -7 -50 -33 50 5 -43 74 -62 -26 97 91 -34 -3 -52 77 -79 -51 -28 42 51 56 49 55 48 60 -29 46 -85 74 -20 73 49 94 -40 -56 -79 54 43 -29 -94 -69 25 -70 10 -79 81 -58 56 50 46 -42 99 -12 32 -45 -65 84 25 -77 67 67 51 29 0 89 11 -41 57 -38 -98 27 -94 -4 8 -76 -42 -49 -25 26 -30 -15 -4 -4 76 43 48 -55 -24 -33 3 61 53 30 6 16 7 -7 93 -57 -32 43 -38 -17 80 39 9 16 82 35 -50 63 86 -26 58 -55 54 39 10 54 -20 47 -16 -4 -89 84 -19 -73 96 -34 26 6 -45 21 85 
-42 -93 5 -44 -72 -80 1 91 38 28 -18 98 35 -99 74 -74 28 -48 80 -58 -96 69 -36 8 -36 20 -19 -10 37 -82 -34 -39 -14 51 -13 -65 -39 1 89 -89 43 -52 57 -53 15 -55 -9 98 54 93 96 -53 -60 94 -51 80 -87 -4 23 -5 -29 83 26 -27 10 46 90 64 -7 -82 18 -48 17 -9 57 -5 8 46 45 -4 34 65 75 31 42 -56 63 23 -66 -32 90 82 -11 76 99 -63 24 -48 33 27 -47 -71 53 51 14 -31 -14 63 -16 -6 38 45 -85 -5 73 56 -7 36 80 -44 -29 12 -6 54 -15 -16 25 -39 -5 26 12 -70 10 17 6 -56 -2 -48 -6 70 92 -27 -82 -95 89 -64 93 -86 19 -75 -17 92 79 -71 -45 73 -35 -47 56 -14 -59 -80 36 -21 -18 32 33 -73 -21 77 -23 93 64 94 -89 62 -70 -63 84 55 61 18 33 -56 90 -81 76 -64 46 62 -6 -20 55 82 60 -58 -67 -51 -31 58 15 7 41 -26 6 68 -12 32 53 46 -58 96 -94 -6 42 -16 84 -22 73 62 -72 -80 50 72 -87 25 -81 16 -28 -57 63 25 73 67 -90 -15 -62 1 69 29 -75 -27 40 18 51 -11 -37 -83 53 96 -61 40 -47 60 -18 -43 -66 -14 60 -39 -15 -20 -89 -53 -96 49 -84 -41 -72 -9 84 -42 53 20 -37 -42 -90 -64 29 72 -98 -71 12 83 -90 17 91 91 -16 -65 8 -36 -24 26 -83 -97 99 2 70 -42 
-47 -62 -22 26 -72 -46 -87 88 69 95 -45 79 -87 -11 -20 -97 -98 50 31 25 41 -28 -31 -21 -11 -25 34 -66 33 -26 -67 -59 -94 65 -30 -69 17 73 98 -60 -98 62 -68 -5 15 -75 72 38 8 -48 60 -59 -2 -78 -39 49 52 -85 28 45 -9 74 74 28 -10 -5 30 0 33 3 78 74 -46 22 96 -29 52 -25 66 57 89 -92 -77 -20 -11 -57 -53 -13 -97 65 77 -60 37 9 77 37 -12 -54 7 -72 -63 95 -45 83 88 91 2 -77 -88 44 85 -40 -13 32 36 -83 -69 -13 36 -36 -10 40 37 10 -50 79 71 -53 62 -69 90 -35 65 -97 -22 53 -55 50 -57 -72 -74 32 -1 38 49 -95 -33 84 52 -65 -50 -19 -55 -83 44 85 -47 -83 -68 99 21 -41 22 -3 6 -96 75 -34 10 5 94 94 -58 -35 19 16 10 31 95 -85 27 -67 -43 66 -89 -33 47 85 -86 -55 77 66 -81 -98 20 66 53 -26 54 98 15 60 -20 -43 -16 69 -91 -21 44 48 -54 -65 -91 -14 70 -50 74 -72 6 27 -53 -78 -55 -21 54 -40 -19 -16 19 -81 67 -38 71 -83 -3 15 -76 98 39 41 42 -78 -80 34 -70 96 -17 -82 4 62 94 24 80 -68 -89 2 -92 -3 14 -81 89 3 -53 89 -63 3 -38 -71 11 -65 -4 -53 6 79 -98 62 34 -3 66 88 46 97 -35 19 55 -78 -33 -74 68 -61 43 69 -32 92 -62 -19 -54 10 30 -11 
-56 -11 -21 68 -84 -55 -14 -97 15 14 -29 8 60 24 17 -83 -11 -98 -81 -94 -25 -91 -64 66 2 -23 -35 98 -51 -40 -91 48 61 70 -71 76 64 -62 15 62 40 5 28 -13 -50 91 -7 -16 46 -57 -84 -10 43 -45 -93 34 -85 -21 30 -68 39 0 -19 -78 86 -85 70 67 -74 -58 41 83 -6 88 -86 97 1 17 51 -83 -28 -85 -14 60 -64 -74 -86 -8 -52 80 16 -64 24 12 -91 -79 -14 -12 -94 -31 85 32 -3 0 69 -21 -18 -26 9 -25 94 -25 22 14 -27 23 27 -3 -3 -76 -15 63 18 -75 24 68 36 -81 37 86 15 70 38 17 30 8 -91 -78 2 12 -50 7 -31 -87 98 99 -5 -48 4 6 -57 -26 90 -32 9 77 3 -25 -17 -48 -99 66 -73 -42 64 34 96 2 -1 89 20 -27 45 80 -62 -19 83 95 -12 76 1 -78 -54 -15 40 -34 42 -65 -27 64 -83 17 81 48 -88 -88 18 80 -35 39 5 -82 -39 -22 95 -40 -60 60 37 -15 29 -71 -71 -27 85 92 55 -42 50 66 56 -67 17 11 -72 -51 -10 43 1 19 21 -65 38 -28 97 44 14 5 -71 58 -66 82 -56 0 78 53 -84 -3 -61 -94 -88 71 91 -96 77 56 36 12 -7 -40 94 -94 58 72 -75 12 47 -48 -40 40 2 47 -9 -36 -95 77 -77 -82 -62 28 69 36 49 -88 25 -35 33 38 49 80 -36 94 -40 -7 86 -7 65 -4 41 45 
72 82 4 60 -59 -64 92 -88 -90 48 66 75 74 -31 34 -23 53 99 -97 -59 55 55 -41 -19 -33 63 -10 -61 -89 -59 -13 95 67 13 -75 28 27 98 -96 -51 -66 -5 28 -7 -40 -77 -19 20 82 87 51 -94 -14 -94 -85 -22 69 29 -64 -25 23 -69 -58 -95 -90 43 -99 42 -61 17 14 -71 71 32 95 -69 42 -91 18 -41 -69 36 -16 -91 22 -76 43 -58 -2 -3 -96 -66 75 -91 38 35 7 -88 79 -41 80 -83 -23 90 43 97 -47 1 -47 4 86 4 -2 -17 -43 17 -12 -64 -26 27 63 69 -49 -58 54 -53 24 -54 81 86 89 -7 -35 86 27 -98 15 -7 31 -55 -33 -55 -62 -5 -4 95 -28 -2 89 94 12 79 -47 -54 -54 22 -6 -17 58 -73 99 34 -96 59 86 79 8 -10 0 48 40 65 -58 65 72 4 14 -66 -27 44 -25 -51 10 -23 4 53 -26 92 -29 -53 -87 29 76 -54 41 -33 52 -93 -20 81 54 -77 -31 97 44 96 -65 -5 55 57 55 -86 9 -22 98 -41 -4 17 -71 33 43 33 39 -67 70 -55 -99 86 -19 -19 79 63 -50 -61 -47 -66 -46 94 -84 95 -31 21 -13 -8 65 55 88 -38 90 -78 -14 -45 -19 -34 33 80 51 84 26 86 -96 38 -10 -15 -98 78 -62 -33 -1 -17 18 -67 -18 -92 -47 -39 -67 -15 -64 -51 -41 -83 -68 63 -66 -70 -28 10 39 78 -26 61 98 -51 73 -6 -92 56 85 17 
83 11 56 23 -32 -6 83 -67 43 -33 -58 48 -14 14 -35 -6 -37 -92 76 90 -37 -97 -19 5 21 -24 -26 -68 -60 49 -33 1 25 24 -6 -15 -19 90 -79 -87 -55 -5 -45 -51 -62 -47 99 76 -25 -58 -18 -15 64 -69 28 5 41 44 -58 -65 20 93 34 -2 89 -1 70 -6 -81 1 19 70 29 -6 -96 37 -44 -62 25 71 -74 8 0 53 98 65 -88 -21 -93 79 46 -97 82 26 -48 -86 -17 -27 5 -73 -8 57 12 71 66 85 -8 60 97 32 44 35 -54 73 -74 -49 -66 3 -98 73 11 63 -35 -32 -29 -59 62 21 65 -87 -3 84 -74 -76 -53 11 6 -83 -93 63 -3 -34 9 51 14 36 -36 28 -50 36 85 -70 61 -88 -75 18 -89 -1 -79 84 67 48 -74 -65 21 -9 -53 -56 -21 67 -55 -15 3 61 -21 -30 87 -7 -69 -68 -95 57 29 86 75 66 28 -22 -94 -45 96 99 38 -61 13 -30 95 -21 19 -42 93 -23 18 -6 41 40 -35 -69 -96 97 -11 6 -62 83 42 -22 53 33 -73 -71 72 -40 -29 -40 70 4 -36 50 74 71 -87 -98 37 84 48 -45 18 16 50 -90 -89 36 -15 -45 98 63 -83 1 37 -86 14 -84 39 25 -66 -18 -98 -5 -41 -72 -66 47 -75 -15 -57 -45 -30 30 84 -99 68 -27 5 25 -29 -85 84 5 -14 46 52 6 -33 -51 14 96 61 -15 -81 59 -72 -16 91 -51 97 -85 -76 16 67 72 
-26 67 67 -48 60 -59 -51 46 -28 -18 0 -96 -35 -65 4 -1 -81 -23 37 -53 83 3 77 -35 79 12 84 -38 6 26 -36 38 -73 20 36 -93 62 55 -68 11 15 -69 -15 -10 91 -77 -38 -67 -82 -65 -42 -57 73 -34 26 -89 77 -63 21 -44 -7 72 -99 39 -32 57 -88 -73 -88 -92 -53 -36 48 -18 50 17 60 56 17 44 92 -34 67 75 -58 81 -58 25 -26 -47 -81 94 -64 37 63 -47 97 -60 -89 -4 85 27 31 89 -50 -5 -87 -5 -58 80 -38 -4 98 -68 87 -56 59 11 0 -60 39 86 70 -69 -70 -68 -16 86 -36 25 -72 63 41 8 -30 -66 -85 -40 -95 95 -9 -60 1 -62 41 -49 20 -22 39 16 -74 -83 -79 21 47 53 -17 -35 4 -24 61 0 5 -29 -50 -92 93 8 -86 -4 -29 52 38 38 84 56 69 9 80 -97 6 15 -77 -19 -85 -89 33 76 17 5 81 -82 -5 12 -72 -74 27 45 10 49 95 83 67 28 -40 45 -27 95 -87 20 -41 4 0 -73 73 -16 27 -34 25 45 -1 53 -82 -94 17 -60 30 -38 -66 -66 75 92 -7 -68 -36 -51 80 25 43 97 78 -41 -36 66 -27 -70 -62 74 -88 -7 30 -34 -58 -29 28 -35 -43 58 58 77 -87 19 57 -65 -85 48 42 -96 -32 -31 -50 67 -79 -69 78 99 -14 0 24 -34 -1 65 -62 73 -95 81 -62 13 92 35 -32 97 -19 -59 -63 2 -53 -65 -37 7 
-94 1 -42 38 -93 38 33 13 18 -26 52 65 -98 -84 -84 35 55 -94 55 -3 -52 4 -70 14 6 69 -95 -49 -42 -45 0 74 -48 -28 79 -61 -53 42 -93 10 -43 -46 -46 9 -57 72 -59 -56 81 27 -69 95 22 24 -72 42 34 -33 -33 -69 -5 3 38 80 14 -71 8 -71 67 -97 -13 -9 -62 35 73 -72 91 -73 -58 -9 -89 88 63 47 -68 -44 89 -34 -46 -3 75 -78 18 35 43 31 45 -85 -20 60 6 42 -26 -49 72 43 -97 -14 -37 66 -78 -71 -16 -66 96 -44 2 -83 90 -74 36 -86 -73 2 30 70 60 92 41 -31 -20 19 -56 11 -16 -86 -76 0 -55 -94 19 74 -36 4 -76 -2 -48 -49 73 22 -50 29 -68 -62 96 74 15 55 11 -5 -84 -8 -64 -84 44 89 9 -66 27 -12 47 -26 -33 63 99 30 -69 -87 -99 -73 -36 50 99 11 65 -49 39 9 4 -65 -34 30 24 16 54 93 -85 -47 -78 26 -30 86 -61 40 25 8 -97 47 -84 42 -45 74 70 -91 -13 -98 -85 95 23 -32 -60 -87 -60 -13 35 -1 26 -10 10 73 73 38 47 -95 27 -18 60 -54 29 -10 -28 10 76 -55 -29 99 -63 94 -2 -86 62 11 10 -7 -40 16 -70 97 16 -62 29 51 95 -24 69 48 -2 -92 48 -23 11 -42 36 -31 38 -15 20 55 -50 -54 82 7 -84 27 -85 39 0 -37 -65 -70 70 33 -15 -49 30 -55 -41 -18 85 85 
14 -4 -69 11 93 2 25 74 87 5 -88 40 -88 -27 88 -65 68 -87 -87 36 59 41 47 67 67 -36 -66 77 17 -96 -68 -50 95 28 77 40 -94 54 -99 51 87 -29 -84 -74 76 73 97 -54 62 1 -38 10 -47 -22 -49 -70 49 79 74 1 56 72 -71 -39 4 28 91 99 14 -66 -56 -82 46 -93 -62 -89 -53 -35 -59 38 68 91 -39 81 48 -57 64 67 -55 14 -2 41 5 -58 78 -57 37 -55 88 68 7 -23 -24 -26 36 -38 96 3 7 32 27 15 -28 96 64 -49 89 -61 -50 95 -49 -50 1 85 -33 28 65 82 68 -74 66 -75 52 49 34 -57 -90 -54 -7 -29 -16 -8 45 -20 -98 -5 42 7 66 29 -17 -77 41 60 -80 -17 27 -87 -18 -70 81 43 31 10 94 -53 98 -81 97 0 39 76 52 86 30 61 99 92 9 6 14 74 -48 -49 -96 -81 73 12 -83 36 70 -5 44 -31 73 -39 -74 -5 -37 -50 76 -71 -8 -52 97 -43 93 -46 -78 23 -40 65 -53 -72 54 14 71 -42 59 81 77 37 49 -47 -33 -30 26 -92 -15 -89 99 54 -31 -5 21 41 -79 -94 96 -22 -98 84 -98 -69 60 43 -95 -23 56 -57 20 61 -68 15 -14 -28 -26 -25 -64 78 21 78 -5 7 11 -71 44 40 99 95 43 -48 19 -28 -80 46 -7 1 61 -70 16 -36 45 51 -52 67 22 -13 -99 -91 61 -69 31 -55 79 14 82 53 55 -72 
-76 24 85 -77 32 40 44 14 98 43 93 -7 89 45 -97 45 -93 85 -81 90 95 25 -60 16 55 81 64 46 43 21 -69 -89 -2 -88 -14 99 -51 -25 56 -63 -92 75 -14 51 -10 70 -25 3 -99 -43 42 8 -47 -26 -76 50 -16 60 -61 -99 66 80 88 -35 -95 -87 53 -12 83 -9 76 77 63 -65 0 17 16 -81 -14 -88 -64 32 44 93 -85 1 40 -22 81 -86 37 4 -29 77 94 -43 71 -26 -54 -77 -65 32 -91 -5 -77 -85 78 31 40 66 74 -80 61 -9 -82 -6 -68 -52 -67 -27 62 3 -91 13 21 -15 -70 50 -27 -92 -72 0 -23 -96 34 -57 22 -90 -91 64 -15 -82 61 6 -90 -90 3 55 71 -14 56 36 -49 18 -87 13 -6 -93 -82 -27 -71 53 -52 13 65 73 80 5 -57 9 -11 -15 82 8 42 -86 24 57 -11 -15 -90 -53 76 -64 18 -18 23 -14 44 73 -72 81 39 -54 31 51 -99 73 -46 30 -89 32 -32 87 -55 -66 -6 10 -8 35 -95 52 -62 -73 9 -4 48 -91 -41 9 -92 -19 -90 25 -18 -82 16 32 -36 98 41 -41 1 -9 -98 31 95 87 -94 96 -18 -92 -69 23 -42 -48 10 43 3 76 49 -79 97 53 -40 20 14 -37 88 -98 -87 -64 8 95 -1 -37 61 37 41 57 -21 68 7 64 -10 27 -47 40 -81 -5 26 27 -26 -76 43 -91 -81 41 39 4 -23 36 -15 -94 -3 42 -65 -48 -4 -46 
62 -38 94 50 -6 95 18 20 83 11 -81 1 36 31 87 49 15 30 38 -37 73 27 25 -25 67 54 31 27 20 94 71 62 -43 -21 -55 -71 -18 49 33 55 -43 74 -61 -27 -64 21 25 26 -68 96 53 86 -88 81 -12 -47 87 27 16 -22 44 -12 -8 -62 30 19 -96 20 -77 39 -6 -51 25 -26 -76 -18 -64 57 34 -58 92 -87 -23 8 -5 11 99 32 21 -4 -3 -86 43 91 14 -17 -29 -12 21 -63 -55 41 9 13 54 45 25 66 -38 -1 44 -83 -94 17 30 -45 -57 -79 72 -93 -42 -5 -97 -47 98 -8 -62 99 -21 -15 -39 -79 -40 26 -2 -13 -76 89 -54 23 -80 98 -7 32 94 7 51 -17 87 -86 -32 32 96 -76 -59 43 -63 -55 -25 -51 99 -91 68 40 55 -38 -40 42 -46 -32 -69 14 24 7 -33 -69 94 78 91 45 -57 89 -75 91 86 8 -4 -42 66 -6 17 22 -43 -16 -35 63 -33 -57 -28 -23 -83 5 -27 29 -60 -33 -5 -48 -14 20 -56 -13 -70 -59 -43 0 83 -62 -99 -97 -96 -82 -98 -90 23 31 84 52 7 -71 59 85 -41 56 75 21 41 22 -77 -67 -37 20 18 -47 -13 25 98 -34 95 -68 31 46 48 87 -55 26 78 70 -58 -36 -64 -59 57 -40 11 -29 57 39 15 -59 -60 71 -2 60 -1 49 -35 28 -75 28 38 -63 -87 48 -56 5 -56 -49 -45 -86 63 52 91 -71 16 -47 -23 62 14 -40 
-70 88 -86 -73 42 -16 53 -57 88 96 89 -12 9 -36 79 -61 80 -33 -27 92 58 -96 -78 0 -72 -26 -70 -87 12 36 -79 23 31 -37 -72 23 27 33 28 -2 -99 -89 61 -57 15 20 81 36 -6 66 -14 23 -89 45 -66 -13 5 16 -62 -82 -86 -2 32 34 77 -80 73 -22 62 -24 46 9 -78 74 -80 84 47 -28 79 91 -68 59 82 -59 10 6 0 86 68 -6 62 77 -73 47 83 21 -61 -21 -8 41 38 -21 -22 -68 -83 -74 25 -31 72 -49 -88 19 -11 98 -23 75 -95 -17 93 69 -27 42 -66 59 8 14 85 -84 66 24 0 22 -44 -63 39 83 31 -6 16 -85 36 -47 99 93 -30 -72 -8 -46 -18 35 5 3 20 88 -3 29 93 -12 66 5 -43 0 31 27 63 -61 -7 -53 -11 -58 -58 -66 -2 -36 -93 -47 -4 27 -67 61 16 84 -64 47 22 60 -89 50 32 -8 -71 76 -49 -85 94 58 -80 -60 13 95 92 25 68 4 62 38 -55 65 31 65 -51 -83 22 -84 -34 -72 -92 -57 -58 11 -14 -27 -77 78 37 37 79 80 -68 -46 -47 5 93 29 3 -71 -86 88 -97 -7 18 47 70 -3 -71 40 57 -1 47 -77 -90 -99 93 13 46 -78 49 -32 88 88 84 58 78 -24 51 -63 34 11 82 -39 -48 -5 15 -98 -62 78 -89 35 46 43 -8 -22 39 66 9 51 -93 13 65 -32 -96 -96 9 62 69 5 8 57 64 -19 
11 26 71 26 -76 21 -61 32 -12 7 -80 -61 7 82 -27 -46 30 -40 60 -77 -55 -37 -17 -20 -85 -33 -50 -14 49 99 7 62 -13 52 -8 71 26 61 74 92 -38 -13 7 61 67 -56 96 -30 -97 5 73 48 59 71 2 -69 58 39 -45 -91 -91 -37 53 -86 77 72 51 -57 -18 -58 -44 -80 76 74 -14 14 -5 60 -57 18 15 -18 58 -49 25 9 44 -66 -58 72 -63 57 31 -51 -57 17 63 46 -65 16 97 42 -57 74 89 -39 -56 96 58 62 56 -36 5 -50 -59 -46 -29 24 75 -72 -22 58 -45 13 40 81 26 87 -96 62 -57 30 -74 5 -63 75 6 0 -17 -30 38 41 -74 -30 87 -39 60 11 -60 -45 5 -51 -37 -84 20 -80 5 -13 1 -66 69 6 -15 17 -1 3 57 -58 75 78 19 -73 27 -48 -10 92 -75 66 98 -97 19 37 -44 -4 66 93 83 82 -22 -51 -91 -71 78 92 -14 -24 92 6 98 -82 -72 -58 43 -46 98 -54 97 -49 -45 -22 -47 -24 9 -26 65 -38 -91 36 -89 36 -16 -82 72 5 26 -68 14 -70 98 -92 3 -54 -98 -1 61 0 -32 -99 -24 61 -68 4 -67 67 22 -76 -55 -30 86 -82 82 -55 32 -97 -41 -71 -76 -3 84 68 84 -63 -9 -3 -80 -11 92 -88 0 25 31 -96 54 48 -41 48 17 45 24 -94 44 41 -77 -64 42 44 -18 91 -42 88 23 8 -35 -19 95 -62 14 45 -33 96 
71 58 86 -17 -99 79 -35 -49 -2 92 8 83 4 38 -99 31 47 -55 34 -19 30 -61 7 -69 -99 -6 29 -69 64 98 -6 -76 -29 -66 -29 -29 26 56 96 -31 15 81 82 47 34 4 33 -50 -8 1 -46 49 19 8 -47 -91 32 53 -81 -99 -6 74 30 -5 66 -20 -69 99 35 6 47 59 -34 23 -23 37 48 -38 82 -94 -66 77 59 -23 -15 -49 -74 49 -55 -29 31 3 41 -38 77 70 -29 -9 23 28 43 81 -79 75 -10 -8 -95 -78 75 -68 -44 -59 42 -39 -53 -60 -99 22 -62 -48 3 -49 -13 19 -43 11 -51 10 79 19 -82 -82 11 -33 35 97 77 -74 21 -1 -81 -3 -27 -70 0 38 -40 9 -20 -1 -55 -86 -48 62 14 30 1 1 4 98 -38 -85 -38 85 11 -60 -14 37 59 -43 93 -70 98 33 -66 -93 -64 -43 -14 87 -44 -4 49 -7 -21 -97 85 78 -50 -23 17 -13 -30 59 -80 -51 98 -56 -18 -96 -49 -54 -30 3 45 48 -81 -65 91 94 -73 -94 3 -17 -32 12 56 -69 -75 32 22 -91 -96 20 -33 93 96 84 -30 -85 -21 -4 -58 84 -87 5 -31 -20 16 41 85 93 -38 20 -56 61 -41 87 -4 68 -70 -73 -47 97 -71 -27 -2 -11 79 -32 37 -15 -58 -84 71 -39 -8 16 -74 -42 -3 82 50 52 -48 -45 -22 -2 31 -35 -6 -31 -85 90 -80 -27 -96 -84 83 -21 -65 34 91 85 -15 87 89 88 95 -52 
-49 -87 -87 -56 97 -62 -33 -6 -48 19 69 21 22 11 -30 -50 14 95 -83 81 -41 -40 73 -50 -99 73 -98 38 -9 47 -13 7 -75 -33 -44 -62 53 45 25 52 -40 -53 39 -5 -99 -94 -66 91 -27 85 -65 -67 -63 24 -15 10 15 -63 94 52 -47 78 -23 27 41 -93 69 76 -14 -4 -43 -62 -63 -67 -81 52 93 24 -78 -1 -19 27 -60 26 44 -74 -27 5 94 -9 -18 -23 -71 19 55 -58 6 46 -60 64 11 11 72 89 4 58 96 -76 -89 -64 64 -81 0 -64 -9 83 -47 81 21 22 -86 16 -7 25 -15 33 -44 -90 -28 -34 -68 -30 90 37 92 41 55 67 -24 -99 42 -63 -31 -75 -30 85 28 -13 48 -95 -11 -90 91 53 -96 37 34 18 -39 -12 1 -28 92 90 33 85 19 25 34 -34 39 39 91 -14 -9 54 12 -51 68 -18 26 -63 -48 79 26 72 35 -52 -96 -3 31 -71 5 -33 -53 -47 -41 94 -68 99 -71 23 46 -44 -27 -26 -39 42 92 -74 -55 9 -35 -16 61 38 -36 -26 -13 56 -4 57 72 -20 7 50 -37 -20 98 -63 -78 -47 -94 -97 -94 30 46 -81 -6 51 90 13 97 -93 -16 -22 -49 -76 59 -12 -26 90 28 -52 -63 -48 8 49 24 89 64 -59 96 -31 -20 -69 -65 4 53 -34 80 72 64 -62 50 73 -14 50 -68 33 50 4 20 73 30 80 23 18 56 -11 -39 96 48 36 40 96 75 98 65 51 
-22 61 -41 60 -82 -45 71 -60 52 57 -5 30 -14 -23 -36 -75 10 63 72 48 -90 -46 12 -90 86 77 81 -22 31 56 43 -31 51 -59 45 -2 -66 -86 -26 93 -26 55 9 -61 -41 -76 -77 -7 89 -34 43 5 -23 26 98 69 -7 -80 97 83 65 53 90 -10 19 74 35 30 -27 -71 -13 25 57 -40 -10 -56 44 -76 92 -78 -99 -79 -29 17 -24 -47 -46 -56 32 -58 -90 -83 -93 65 -23 37 -63 -74 -30 68 80 42 -53 49 -13 -48 33 -72 94 49 81 52 -9 -76 -97 -27 70 5 -10 -70 -89 -11 -48 7 -68 -2 -50 2 -93 20 -95 48 6 92 -94 -88 -39 -60 46 70 74 40 45 21 -47 -34 31 59 70 -12 -36 53 -18 34 -61 -20 -38 22 71 -1 -56 81 -94 3 19 -85 -5 -79 -46 94 -52 45 62 -37 84 91 -45 33 32 23 98 97 45 -28 -89 -18 62 23 -69 -99 81 -25 41 -41 51 62 95 4 -42 79 -12 -17 3 89 -84 12 45 26 16 -90 -78 42 -77 -2 19 37 76 60 -72 -43 18 -73 -67 40 -26 35 -99 -15 63 -79 -51 87 0 -32 91 -67 -63 -87 -80 81 0 38 65 57 91 77 12 95 -30 99 20 27 -83 -76 55 65 -41 19 25 91 57 20 70 6 33 8 -97 73 -60 -14 -88 76 12 62 -92 -32 -67 -75 33 90 60 -78 35 43 32 -23 -37 84 -70 17 -60 -68 62 -15 -29 -5 -82 58 -59 -33 
-12 14 -93 -6 75 -50 -31 40 -50 53 35 62 64 79 17 -89 81 -33 -89 27 61 -4 41 -48 -94 -37 41 41 -9 2 -13 32 -13 -89 -1 -23 -75 -64 54 -97 -37 -25 -83 11 -56 -12 -48 96 28 38 -99 -80 45 -80 5 27 -4 -37 -45 -41 -96 -14 -96 -78 24 49 32 0 69 -86 -90 9 36 -69 -74 -32 38 -76 -24 32 -54 -4 -51 81 -49 -51 50 -4 -12 57 -69 -71 -47 -48 97 -23 97 1 -6 -68 4 40 -37 47 79 89 51 60 -63 94 35 -23 -40 43 82 -67 24 -28 -54 -10 -20 -20 -68 -41 15 -96 -13 -92 -83 67 84 5 -1 -61 53 -69 -18 -50 97 -89 -64 36 -43 18 -32 -90 8 51 -38 7 -64 -94 -82 -6 -65 83 -53 -25 73 -19 -92 -58 -82 79 38 -44 -34 69 12 7 -53 -30 -84 79 -22 8 -82 55 46 -86 -33 67 79 3 -7 93 -4 -28 -19 30 67 99 -60 -84 -16 46 -50 -95 -34 -29 83 -48 28 -80 -67 85 83 -39 1 72 -73 -43 -38 31 47 35 43 -3 -17 -81 65 59 -41 55 -7 12 -77 -42 76 -8 63 -96 25 70 -83 2 91 -23 3 -16 -76 -57 -5 -18 -23 -31 -11 -16 85 -42 -89 -18 60 52 -48 73 -36 -88 -82 96 72 88 81 98 40 -89 -3 91 -60 74 14 -47 -30 -83 6 87 21 -51 0 -2 46 89 4 -86 3 -75 -6 7 59 28 97 -26 -28 61 -78 83 49 -49 71 22 
74 -41 4 -36 -65 -96 65 -4 86 36 -76 -16 -31 32 37 99 -87 56 -84 72 -70 -30 72 61 53 36 99 80 82 -1 -49 -10 67 73 7 85 -71 8 -47 -3 -59 89 -54 -53 7 26 60 82 53 22 -45 -86 -56 5 -4 -3 43 72 8 -57 -50 -10 -74 89 7 58 71 -59 -94 67 -70 74 0 31 0 54 92 -93 4 -28 -67 -6 32 -61 43 4 36 -22 44 90 53 -49 -92 57 99 44 -42 84 54 -81 67 -87 69 41 -10 -88 -34 33 6 -31 79 -96 42 6 13 50 21 -40 -94 -34 74 -61 -79 16 -9 -72 -76 -62 -34 -19 -38 38 -6 36 -9 -60 -49 -20 1 -89 -28 -29 42 45 -19 20 -89 -85 44 -2 -70 -49 -69 63 41 11 -52 -73 -9 84 -77 43 -54 79 -89 -72 -73 -26 -31 78 -56 73 -8 70 -8 -8 -3 -71 13 25 -70 -93 -21 -47 52 37 -7 38 -30 39 -88 -38 96 28 -97 -82 -45 6 53 47 -91 47 -23 72 -15 -50 -22 -32 49 -47 91 -90 70 -66 72 86 -71 -34 98 -39 32 -19 -30 9 70 21 -60 -8 45 85 28 -48 -52 -15 29 18 -88 89 59 27 -56 -90 -5 -17 42 -73 38 -37 28 79 -41 75 18 -70 0 92 74 36 49 -96 -56 -23 -79 -82 -24 -9 -23 -78 -18 99 -91 -15 -1 -54 -15 31 -70 -74 -14 87 -73 75 56 35 59 -8 -85 44 -87 86 96 82 -72 -48 78 63 61 90 -94 20 
47 49 10 88 -22 68 -65 -2 -1 -96 -31 0 52 -23 17 -71 65 73 -29 58 42 -24 -38 -11 -82 14 -3 -60 -80 -92 50 -88 9 76 -70 -56 24 83 -69 57 26 90 56 61 74 4 -51 -64 -73 3 -95 90 26 42 71 44 -51 -40 -85 -6 -89 -75 56 27 -55 42 -25 -11 57 58 71 12 -95 -16 -73 3 -22 40 -31 -67 44 -56 66 -9 11 82 -3 -35 98 -84 85 -97 41 23 -85 -42 47 72 2 23 -18 -12 3 -38 34 9 6 -87 -8 -37 8 93 66 52 -48 -25 -13 24 -76 35 28 -60 -92 -98 -35 80 96 -74 -47 88 14 -57 -55 65 -18 35 -67 52 -68 -90 -76 47 12 -45 18 15 -65 85 -8 58 -19 -40 -23 -52 -9 -73 -89 -32 -47 45 12 9 89 71 69 10 78 56 92 -3 86 77 95 -37 2 79 -26 -86 68 -4 -26 -97 44 -52 25 -76 27 -60 -41 -47 -89 64 -47 -51 -10 96 64 74 -93 77 -78 -78 3 -73 -59 42 14 -72 -14 94 86 7 60 -60 4 -36 39 43 -17 67 29 34 14 -41 -50 -53 -46 1 13 -29 97 -18 -61 36 22 -70 -61 81 -38 58 82 -38 1 -17 -40 -52 26 8 60 77 -90 -3 27 71 48 63 25 -89 -34 63 -22 74 88 13 -89 10 30 -77 14 71 41 55 -57 -12 -31 -50 93 97 24 -95 -88 64 67 46 98 -81 -52 79 -90 6 90 -75 -63 -45 -66 -21 -84 43 -71 -93 
6 -69 -11 -1 22 -96 -40 -35 -8 26 -8 41 -75 34 61 -38 -94 27 58 4 -17 65 70 -10 -22 48 33 51 8 -2 98 -93 63 -89 26 2 88 -96 -41 -87 -32 -33 -66 39 14 13 -88 52 21 -20 4 -5 5 -88 -72 24 -96 -83 63 27 -41 -1 -4 -20 49 54 -17 2 -43 -21 92 -93 -21 -56 1 -58 6 91 51 -11 -3 19 24 -93 -90 36 -35 88 91 51 49 -65 50 32 -37 13 -60 5 36 -96 87 -18 37 90 94 50 23 -39 -29 20 -77 6 98 48 33 87 16 55 -37 -57 -94 75 28 32 77 -48 -54 -79 87 -69 -90 35 51 -39 11 -95 -36 -97 44 -66 94 14 -82 33 -31 -95 95 -14 -48 -84 -20 -26 80 3 -86 73 12 -1 -90 -85 94 66 70 92 68 -38 47 81 16 -16 51 63 4 83 -30 95 -35 83 -48 9 -74 -41 22 63 69 -18 -99 -94 9 -49 96 -31 6 38 -64 65 3 -42 59 -13 -75 -94 -20 43 -88 -32 96 -17 -44 -54 88 60 57 58 -24 -8 -31 -45 -2 9 -68 43 27 84 -86 -61 -4 -95 32 -15 -29 14 10 6 -24 3 -63 69 56 -23 -10 47 74 8 -20 13 -63 -35 -77 -8 -42 22 26 44 -30 -38 88 53 93 -73 -90 9 -16 52 -30 -45 -68 96 47 -14 -41 -74 93 71 -46 81 -28 88 -51 88 52 93 13 83 -84 -17 3 -7 -18 -1 11 74 -26 58 50 85 85 17 21 42 
-75 -23 -79 -95 74 33 -14 -62 -40 75 68 -38 -74 57 7 24 2 82 85 -63 21 -12 16 -79 3 -43 64 -70 78 -13 93 -14 -41 33 -58 18 -82 76 -26 -67 46 96 95 -54 -44 6 64 39 -64 32 -77 -21 84 27 -16 -66 25 55 1 -40 -79 54 -53 -96 -77 4 99 -66 -12 71 69 -84 48 2 -87 -34 -62 -70 -11 20 10 -87 31 67 23 -79 -62 80 -87 -95 45 -84 93 5 -78 69 -99 7 17 14 -37 -46 98 98 92 40 77 -91 -91 77 63 20 -35 72 75 46 -60 0 46 19 -16 50 -1 33 58 86 -91 -17 22 16 -70 52 98 54 -93 -76 89 -81 31 90 -47 96 -20 -12 55 -15 -72 56 45 61 90 -26 4 -37 73 41 -77 11 -59 40 -4 73 21 3 -36 -34 -55 -71 -7 76 24 56 2 94 -85 -32 -89 53 13 67 -67 28 64 -4 48 48 26 34 -91 -48 66 69 44 13 -50 -18 -25 11 81 81 -65 13 53 -84 -35 -89 -80 -32 -57 -54 96 -56 -27 -44 -25 35 40 -96 26 1 -54 9 9 -8 34 -67 57 -62 56 -26 -72 -24 -39 94 -71 -63 -3 -89 -71 -42 76 57 91 47 -84 90 -93 0 82 -75 -8 94 -52 -49 -23 -42 12 -8 95 44 51 -98 -23 -95 30 78 74 -45 -34 -9 17 -63 80 -21 55 -98 90 80 -43 97 -12 -99 -83 -40 -61 2 52 81 -63 -52 -37 41 -24 -95 -2 -11 -55 52 56 97 
53 44 12 -66 36 98 -4 -75 7 31 -96 97 16 19 10 76 54 -79 66 -93 -52 19 -95 94 30 87 -24 45 -44 -31 56 -78 -49 24 14 4 -60 -1 -6 98 -48 -19 -64 -69 9 62 24 -51 10 -9 -72 3 28 85 -90 2 57 -47 -94 -14 91 40 1 16 65 15 73 35 97 -7 -52 36 58 28 -10 23 -18 73 58 -22 -96 30 25 -26 75 25 -19 -79 13 -3 61 20 94 76 -37 -4 -20 -37 50 77 -72 55 -34 43 -92 67 -54 99 2 27 -40 61 -60 48 92 -84 -35 44 -66 -26 35 -20 -1 -15 83 15 -41 -26 -74 77 87 -58 -37 -43 -97 -78 -77 -8 97 44 43 26 51 -7 -94 -82 11 86 83 -56 -5 45 36 -74 18 80 92 -9 -45 90 -87 27 -64 67 -18 -70 25 -29 -91 86 85 -27 64 -30 3 -4 34 40 -60 -90 0 -77 6 -20 -21 -18 -37 3 66 1 -74 -16 -4 81 29 59 74 -63 78 -81 -18 34 -38 29 -68 85 -34 -12 71 -50 -16 -96 -72 -93 84 54 67 -34 26 -56 -69 -30 -5 -14 9 36 -55 83 43 70 -43 -12 -26 47 55 -15 -40 -3 33 -83 -60 -94 60 80 -75 -47 -36 -93 88 -48 79 57 -11 -46 -36 -74 -99 82 -60 66 70 -50 97 -35 25 66 45 -90 44 -75 48 90 77 32 99 -49 30 -21 53 71 75 -53 71 60 -8 70 -22 -71 -71 9 -49 99 -82 -7 -49 -67 -10 28 -45 35 
-78 -50 -5 -82 99 -20 -22 -15 -5 -33 44 -89 -98 17 31 98 -67 98 -66 80 1 0 -72 -97 -76 11 -20 67 36 -67 84 22 -87 -50 9 -34 1 65 -16 86 15 -41 39 -49 27 -38 -65 14 -12 -52 -65 98 1 -34 30 92 10 79 -7 43 -92 -25 83 26 -87 1 -97 -35 -44 65 85 -83 0 -4 85 13 -48 40 -30 11 45 -8 -34 -73 -9 18 33 -87 74 69 -54 -37 -2 -55 -54 -33 66 -30 97 75 -15 -47 -71 37 -30 46 -89 15 -40 41 1 -76 -32 -5 -41 8 16 59 -10 -95 60 46 4 91 12 96 -58 -8 -36 -9 31 -47 86 32 -92 -31 -5 -59 56 -98 -24 15 -91 79 5 -76 -76 13 97 -9 -34 -95 -40 -61 16 -10 98 80 92 -55 38 -10 88 83 -27 -1 91 62 -79 -94 -59 50 -26 77 52 -28 47 -65 80 39 37 -24 -95 45 74 6 39 -85 -12 72 95 31 -28 93 63 46 -65 16 34 31 37 31 62 -1 39 3 0 54 -37 -16 0 -50 14 -94 99 -46 21 36 -54 86 -11 -17 -72 -45 91 -47 97 -80 -91 38 31 20 19 -64 -68 47 -28 -35 5 -56 4 23 -5 -97 -11 -65 -82 23 -74 -56 -49 19 -78 47 -22 -20 -96 17 -56 -58 76 20 -9 65 -84 -33 72 -8 -53 64 -6 20 65 -2 -8 19 99 -53 75 5 96 -89 86 -75 53 98 -84 66 25 63 -99 -85 2 -25 37 -96 -43 2 87 -74 
-11 -1 -25 -43 88 -15 63 -86 65 22 -32 81 19 41 60 -24 -36 -35 -45 5 54 -1 16 -65 24 47 36 30 19 46 58 -96 32 -72 -95 -8 60 55 28 -33 48 -98 68 -2 25 -25 60 -24 -56 71 -10 79 35 -4 -53 -70 63 -90 2 -95 89 36 -53 75 -73 8 13 -73 -53 10 49 -81 59 -10 65 -5 94 -55 -46 23 0 37 60 73 -11 17 -38 -11 84 33 94 83 4 -97 57 -45 -35 -78 16 -10 -39 -87 -96 6 87 -44 -12 76 48 47 87 -88 47 11 84 -70 -81 24 78 -36 -31 -52 17 17 -93 -95 45 -50 -46 -48 -30 -93 27 88 47 30 33 -7 82 73 90 38 86 65 -18 6 -73 -46 -60 -25 58 68 -29 -85 90 -81 -8 33 40 -32 78 -93 -54 97 -17 61 15 -48 -23 -37 73 48 -63 74 55 -63 13 31 -68 81 10 -45 9 12 -70 -9 -91 32 98 5 -79 5 38 59 92 -54 -23 12 -45 -38 -88 -83 29 26 -52 -96 -22 8 -4 87 54 78 -64 -86 -82 2 59 28 15 94 -92 3 -24 -37 42 10 -91 -2 6 56 91 81 -56 -92 -99 58 -69 72 50 -76 94 -25 64 -61 -30 -70 -83 -60 -44 9 32 75 -48 3 -23 96 81 24 -34 96 -22 -30 -1 26 -44 47 -19 -39 71 55 -50 89 -75 88 -57 -50 -57 8 86 21 -8 -90 -6 37 -60 45 -96 95 59 94 -12 44 -20 -10 -72 76 14 43 44 -19 
-64 -76 28 76 77 19 16 -33 64 87 -17 73 -10 37 80 6 -42 31 84 -56 -13 9 -27 7 -56 85 9 -61 -40 69 10 55 1 10 -12 81 56 22 90 69 -9 97 42 20 14 28 -49 -94 9 58 -74 -12 62 86 67 51 -17 18 -81 82 81 -42 12 -42 58 43 -58 -66 12 11 53 33 -42 -31 50 79 -24 46 78 18 -61 21 -19 4 -77 -26 30 -69 55 16 80 -57 -19 5 -7 -49 9 -51 -52 88 7 99 -66 68 45 -43 -67 31 34 -79 -54 -9 -93 73 15 -5 -12 -85 -36 -96 98 99 -72 -85 -27 -31 -87 -68 3 -20 -56 33 -49 -7 -92 74 47 -19 99 -47 -75 5 49 -97 -82 -95 70 -69 -10 13 52 -16 -39 85 42 -45 16 5 71 -43 -32 -13 -51 82 -70 64 -98 50 68 24 -97 -49 -37 55 34 -11 88 58 -61 -62 38 39 92 19 6 -11 83 -83 -17 64 -13 -21 77 82 -9 -85 -55 -55 -19 22 63 -2 -26 91 -21 18 86 -15 -84 -53 89 -21 23 22 91 84 -25 84 -9 -47 -75 -42 -14 49 -49 -26 45 -32 -91 -71 96 47 -39 -57 95 -60 45 36 -58 55 76 -91 70 -94 -52 -78 70 82 -79 -88 -85 -94 -62 28 75 43 -13 98 -33 -86 -86 -25 -60 77 -61 93 -77 -43 -51 51 14 -8 24 -53 -90 3 59 -38 -4 -51 10 3 87 -83 -35 80 77 -63 96 91 -42 50 96 37 84 28 85 17 -74 31 
56 -67 -5 83 -7 -74 45 -81 -15 -42 -19 -89 55 90 84 24 -4 -18 22 -2 37 45 -38 39 42 -3 -85 -25 3 -59 55 80 -22 -55 -10 -84 -2 -96 -66 -6 -1 59 -50 94 -18 98 94 27 65 -72 -45 -71 12 -13 7 -32 -87 -66 -36 -41 -61 89 5 -80 -27 -52 -17 -99 -37 71 36 -67 85 8 -27 54 26 17 53 87 -80 -89 66 54 -65 4 -4 -41 -18 -79 -26 49 -79 -52 18 -75 10 65 -94 -51 59 82 32 70 10 -56 67 -92 5 28 -26 -2 85 -81 -40 66 -32 -21 46 92 -27 29 -31 9 20 65 -54 -31 -27 17 32 -2 -27 -84 78 36 51 -67 63 65 -20 46 18 -90 68 1 -83 19 -80 -11 88 80 -81 -75 -16 -33 90 54 -11 86 55 -83 -15 -50 99 81 76 22 -70 41 -66 36 -73 48 89 74 19 71 32 -5 39 -21 -69 -5 31 -63 66 11 -40 -14 27 -57 98 11 -2 67 14 -46 75 -17 -50 61 1 26 -1 70 40 36 -65 -94 80 37 -38 -49 -6 -60 -96 -79 76 -71 -92 -1 -50 -37 56 69 -79 -22 72 -99 -62 -96 -8 -18 -68 0 -72 82 2 -29 59 74 -18 87 97 -29 -87 -19 -28 -69 22 66 55 25 -73 3 61 -69 75 69 75 -47 -66 63 49 -79 71 -45 94 -87 50 81 14 -55 67 49 -29 36 0 10 -12 -48 -13 69 39 -74 -57 -50 24 -41 69 -40 68 3 83 -96 98 -74 -22 -18 
56 -12 -60 0 -66 12 83 -12 -50 -62 -19 -45 15 92 69 76 -61 89 -75 -18 37 47 53 29 11 76 87 29 87 -28 -45 2 17 -3 -91 -10 -1 -30 51 -1 -17 62 -73 -36 -41 63 46 56 14 38 -51 -89 -97 87 57 -46 42 -10 -12 10 17 -33 -13 99 93 89 67 -58 -31 38 10 6 66 -73 54 87 -90 -35 40 74 39 -47 33 -91 69 31 -10 39 -54 92 -23 -27 -3 10 3 -14 46 78 -55 -23 48 -32 73 -39 -27 -23 -72 70 67 32 -78 23 98 12 78 -25 34 91 42 85 85 59 -79 -56 -16 66 -56 -63 19 42 11 -90 24 38 -29 -85 55 -12 -78 86 9 93 36 -39 -77 -77 -69 11 3 82 78 -9 3 -36 -96 -87 47 -38 31 -10 63 -16 87 -79 -9 -75 -91 12 46 -71 24 -63 96 -28 12 -29 -45 -79 46 74 96 -58 -85 14 19 75 84 -39 -32 -13 31 12 15 -95 2 17 -39 99 -92 -41 -12 -32 -96 54 -67 88 -44 -30 19 -28 29 55 80 6 -24 44 -31 -76 -94 4 -92 90 -10 -34 17 -65 -1 36 -80 -39 -1 93 -26 66 -96 33 34 58 -14 -33 -84 37 29 -62 98 6 34 66 66 -29 -49 -17 -63 88 98 -91 62 -66 67 44 -29 -26 94 47 -61 50 -15 30 31 94 32 69 93 7 75 3 11 70 -60 26 -31 71 -47 -63 -89 -11 28 -4 -79 22 9 69 -5 61 51 82 -2 72 -14 98 
-68 -63 41 -54 45 -31 8 -39 -81 -78 89 -99 -18 78 56 -2 -74 65 -5 -56 -59 -81 -95 36 49 -52 73 89 -21 17 -44 53 -77 -77 33 27 -90 4 -53 -49 -94 -54 -39 -39 -75 -29 84 64 -73 -15 -37 98 54 -63 -21 -33 -91 14 41 54 -44 95 -41 4 -94 -16 -22 41 72 -10 -41 -59 99 57 -91 -90 -75 -71 5 -6 37 13 38 -98 -33 51 -59 -91 -11 -26 -16 -73 -86 -84 69 -41 26 50 55 10 -34 68 -10 -3 8 35 -33 74 -42 -11 2 75 91 8 -57 -42 -33 -99 -94 75 89 3 77 -49 20 83 43 -45 -56 -87 62 -13 -2 -26 -69 9 51 -16 -19 18 -19 -78 68 92 -94 92 76 -99 -13 54 5 -93 -16 72 -96 -66 85 -3 -87 -78 -39 24 2 52 25 40 -50 -98 28 7 13 60 -74 23 11 -74 72 -15 -14 58 -60 -59 -18 -59 -37 -50 -1 48 -35 52 58 -44 95 33 27 -82 17 -73 -34 27 -82 -63 -1 20 -91 -12 -83 -50 99 -2 28 -9 -18 -15 60 76 27 -70 -93 23 -37 -25 -62 -86 -55 -79 -96 55 -14 26 39 31 76 65 91 -56 18 39 81 -30 71 -90 -92 -49 -14 10 73 -89 23 -28 -17 -45 28 -49 91 13 15 57 74 -99 61 -9 45 58 42 18 -13 -93 62 61 85 19 -13 24 -59 23 67 -99 68 -67 -22 97 -68 -32 22 -35 -65 36 -71 83 -5 -81 -53 2 70 14 -4 12 60 82 
-43 -64 -82 95 -43 -23 57 -80 -79 69 -93 63 97 56 69 15 -17 -72 31 -71 85 30 1 4 -4 -95 -53 -33 -32 64 -32 -62 66 7 -86 23 5 -68 -1 -18 -44 -75 -74 -12 98 -71 -10 12 -66 81 89 -69 -1 -75 -92 77 -62 72 -78 81 97 -15 45 37 -69 79 23 -9 64 48 -13 47 -42 5 77 -52 12 57 -98 -96 69 -69 31 44 27 60 76 27 84 75 -82 82 -28 -86 -30 -94 -59 22 72 -50 -80 83 -81 -17 -38 -19 60 -45 -86 -22 88 63 37 -25 -76 34 40 56 -57 -34 57 13 72 61 -42 -81 -96 -34 63 33 -98 12 63 52 -90 19 -21 -21 49 -23 -7 25 51 29 59 -23 -88 95 90 61 96 -95 58 45 -65 68 -68 66 -51 69 -89 -93 96 -80 35 -28 -50 79 1 59 -32 14 -48 -70 -98 31 -61 93 22 -81 71 -45 -66 -50 -65 -70 67 -81 19 -50 92 95 76 97 -10 45 87 49 -89 -14 64 -56 17 95 2 16 95 67 -8 80 92 22 -72 10 64 38 -85 85 -88 -79 -77 -40 -70 -45 65 -74 -74 56 51 -41 75 -79 -14 83 10 12 5 70 -29 -41 -21 19 -92 22 44 98 -22 -67 69 -71 53 15 -8 81 -62 -15 27 -96 60 -85 4 -33 -60 31 -38 -7 -24 51 -68 79 -58 27 40 -10 -4 29 -10 18 44 94 51 -61 27 36 -44 -37 -62 87 26 10 96 -53 70 72 -55 -41 33 -88 -49 -4 
67 21 -95 -45 95 67 33 -17 -23 33 -89 79 91 -80 42 48 -79 -84 -35 -73 -95 -49 -51 -26 85 -65 78 40 -47 81 -78 -75 -57 69 98 -80 -23 -12 40 -12 -3 64 -30 74 66 -56 -74 12 -92 46 -69 -73 -50 94 -55 -86 -71 8 74 -90 -78 -66 18 78 -1 -68 -89 -71 28 19 52 40 -45 -99 97 -41 98 7 -21 -84 49 56 -37 78 96 -63 -41 -89 -70 -55 78 30 51 -99 50 62 61 -26 72 85 40 -43 48 -97 -66 -75 42 -22 -43 -26 -80 -88 -10 -88 -67 -68 58 -92 76 -57 -73 -74 47 24 99 72 40 -26 -72 24 -69 -77 -17 58 87 -36 62 47 -95 5 55 -99 9 46 19 -93 58 68 61 -38 -4 -52 -59 -7 -45 83 5 73 24 -58 47 43 -27 68 71 -22 40 45 51 -88 -73 74 54 -29 -76 -69 76 -3 -30 95 42 -82 -39 92 -33 -13 -19 22 -50 -80 47 -7 45 -16 38 -21 33 32 -76 -72 53 19 31 -82 -7 -96 -53 69 75 -65 -23 53 53 -10 29 -93 -14 7 57 85 -38 -42 -29 -20 -6 64 -25 8 -24 0 -32 21 68 2 -44 29 23 -58 47 -1 -20 -64 0 9 -77 -11 2 15 84 85 57 -49 -82 64 -67 51 13 -35 43 -60 51 -77 82 -33 -56 -43 -21 -68 75 59 68 83 -71 11 -26 -73 61 -12 -37 -59 67 -19 3 -79 68 -89 -46 -79 -3 -41 52 -16 -9 39 -12 -31 -29 -25 -4 -21 
-7 92 -63 48 -90 -33 46 -67 -76 -13 71 -32 48 -16 -7 -3 -82 97 -5 -72 -42 -16 20 -19 -25 -86 17 56 -46 75 46 15 -67 7 -79 -83 21 4 -90 -85 -57 -81 34 -59 -79 -89 7 6 -59 88 -99 -88 81 43 46 69 -41 42 -14 92 -57 -59 47 -12 96 31 -95 -60 -57 57 -64 57 0 -89 39 69 92 -23 -29 76 -2 9 -6 4 -61 63 -91 -53 12 51 50 33 -32 -83 66 2 -68 -78 -17 66 -3 -15 -25 -91 87 -50 -51 -73 81 56 -45 92 -8 -85 -57 33 75 -94 -1 8 -82 93 49 -3 -96 77 44 59 -3 31 63 71 87 -88 24 44 -91 24 41 -89 52 -43 -91 -26 6 -77 27 -76 83 21 52 -56 -98 -14 -33 1 5 26 71 58 33 41 -67 -38 32 -43 94 -64 -50 -87 73 -79 17 79 61 -68 -30 81 7 -35 70 -69 18 74 -94 73 -68 22 -28 29 51 -74 93 32 -8 -94 -43 33 -62 18 -61 60 16 -54 97 -46 -79 -59 -76 -36 -11 69 53 78 -8 16 -17 32 88 -66 83 81 30 86 6 -58 -16 -99 -95 -13 58 -45 -14 39 -18 -56 -70 -26 75 -61 88 -56 90 -14 -39 -27 79 -54 97 -67 -78 -95 -2 -25 3 -76 -18 -92 -65 -93 92 -10 -31 -28 46 -49 -33 -37 61 61 58 93 64 -79 -91 21 -28 -15 1 71 61 -93 1 1 21 94 -26 -14 10 62 -53 45 -77 13 -73 -76 -80 94 44 -49 
87 -65 -51 -66 96 -7 -14 44 -26 17 -45 -37 -3 83 39 -17 35 24 30 -82 -73 -66 71 70 -93 85 72 29 -80 29 -34 -49 -19 41 -30 17 76 -81 14 -44 -97 30 88 86 -57 -11 94 -25 -30 76 -64 -75 12 -23 -31 -40 65 -29 23 3 73 44 -36 31 93 -43 29 65 74 52 -41 85 69 -16 -44 3 46 10 37 62 -65 -43 68 -90 60 47 -18 -7 72 23 -57 -14 -84 -41 15 95 90 -79 -92 -38 -59 79 -65 -10 37 33 -5 37 -32 -3 -46 93 16 -29 83 70 -24 59 62 -59 43 63 6 84 34 -13 44 6 15 -99 1 -48 -30 79 3 -77 -58 -7 55 -58 82 -71 5 15 15 -50 49 -32 -87 58 -89 -61 70 -94 3 -35 -9 -60 -13 55 90 60 -81 -88 36 -5 34 -31 -97 77 -69 32 -58 45 33 -3 -22 -76 -19 57 -1 17 -29 84 96 -40 -66 -73 61 89 -10 96 54 28 13 78 -70 31 47 37 -50 95 29 -12 11 52 93 44 62 -86 39 25 15 -94 36 37 -25 -32 78 28 34 -30 -50 16 19 23 -13 -82 14 55 73 5 -41 -14 35 48 69 -18 -79 -12 6 -56 -3 52 47 -44 -91 21 5 64 -69 23 9 47 39 58 79 65 83 -72 -97 -3 -45 -25 -13 13 -83 83 73 64 -74 23 -7 94 -93 17 -35 -70 71 -48 -2 -19 60 97 -66 -84 -90 -99 42 36 28 97 53 -17 -52 79 1 -24 51 -74 
91 56 -63 -27 -80 -22 -36 24 15 -83 20 46 -55 -22 54 65 -66 95 -40 46 26 -57 -40 -16 36 -65 -12 15 80 -69 94 -29 -92 46 -11 -43 -6 2 -18 -57 26 -62 -4 -54 -52 46 -92 -31 46 41 68 96 -70 -73 94 -98 1 -95 -46 -27 -46 -66 -15 43 81 -17 0 56 -62 36 -85 -61 69 8 -82 -9 91 38 -37 80 24 -2 -75 -52 96 -79 -73 -2 11 69 7 -94 -8 -99 4 -72 86 -53 35 -18 -17 81 -67 4 -3 4 54 -51 -30 -64 43 -33 -4 -55 97 59 -83 -77 33 -86 -27 6 53 63 78 79 -87 -93 -23 11 -32 76 11 64 15 -36 40 1 15 -49 90 48 49 -40 -63 54 36 51 25 -74 -66 -12 41 -44 -57 -75 13 -88 85 -39 -17 48 86 -94 -54 43 -42 68 -57 -65 25 -42 6 82 27 84 -63 -40 -64 -24 37 -80 28 52 -50 15 74 65 36 -99 -91 28 50 57 25 4 92 -61 99 -66 92 -62 -12 90 50 -57 -29 -4 -6 94 -66 -20 14 87 -70 37 75 18 -9 87 37 80 -85 14 -96 33 -37 -69 67 66 -74 -63 -7 70 21 -31 1 -8 17 -87 -41 18 50 37 -72 77 62 -99 -22 -78 47 -42 84 81 47 -85 43 35 26 78 66 71 -66 -51 -76 -75 51 39 15 -74 -82 15 -14 86 -14 -47 -69 66 65 30 -6 -53 79 -60 91 -72 64 28 85 -17 -48 -69 65 -5 -99 8 -55 19 -45 -87 
30 98 -31 -22 17 -15 48 29 -44 25 -14 43 40 -20 67 56 85 41 70 77 -41 60 24 70 -48 -59 -50 -88 97 -64 17 93 -37 65 82 -91 -98 -6 -36 -6 45 -77 -44 52 77 -33 -62 28 -62 -27 46 14 -96 -21 -59 -25 -74 6 -50 -48 -68 53 5 -81 -28 -26 -89 7 3 58 66 74 24 56 -84 -2 48 -83 28 71 -35 -65 52 23 5 -85 8 -47 -34 89 -17 -13 45 77 96 84 1 -34 56 -30 -70 -16 -94 -75 -41 53 -48 51 7 -99 -40 32 66 3 -35 -86 63 -29 82 -62 -34 -54 74 35 81 -21 -49 -16 -97 51 65 58 4 38 40 27 -34 -66 33 80 53 -13 28 -82 51 47 68 62 -79 -18 31 -37 -3 63 64 11 64 58 36 40 42 -36 30 92 -73 19 -20 97 73 49 -63 47 -68 -28 11 32 41 68 -69 69 -64 41 -67 22 40 -75 -62 -8 61 7 -30 -95 32 -31 57 -10 44 -11 -91 -56 -48 -50 -11 -56 34 48 95 42 70 -2 60 37 45 -91 13 72 -73 -59 94 -49 -13 -83 -86 58 62 -72 -4 -33 82 67 -41 70 56 -91 -7 -76 64 72 83 -24 19 91 50 -42 29 4 -89 34 -2 -14 75 -44 67 7 -90 11 36 -37 -21 -4 -55 -90 -59 -55 17 -66 33 37 38 92 57 90 14 6 -98 56 -16 -55 9 -79 42 -2 -94 -94 -24 93 -57 35 -95 60 79 -47 -15 -40 79 -70 -89 91 70 -36 
-47 89 -91 8 -38 -75 32 -14 49 75 -29 -89 25 -91 86 61 31 -78 14 98 -72 2 -79 1 62 -2 8 18 -71 -21 15 -54 -19 41 11 -24 79 -41 1 30 10 5 5 77 -39 47 66 -22 -70 96 68 -66 -53 99 3 9 90 -72 45 31 -27 -75 -14 53 11 50 15 -57 -37 -48 -16 98 33 4 67 -9 -92 71 37 -24 82 -43 -70 33 -19 -10 -25 -67 20 53 -18 -47 -11 -84 51 52 43 85 -15 80 56 9 33 66 -70 -62 -10 -84 35 -99 -59 69 13 99 -32 51 97 -88 -40 28 -78 71 -40 63 -92 3 -44 -58 -12 -24 63 -7 -18 29 15 36 23 71 86 13 -37 -83 -6 -32 -46 53 -98 9 8 96 98 47 40 9 65 -62 -99 -31 57 -57 71 82 74 -19 -59 -91 -60 -58 82 60 -51 73 84 34 29 11 55 -57 56 84 1 -97 8 37 3 88 -72 -19 -79 -11 -72 46 -36 92 51 -93 -20 -60 99 10 -10 -40 -84 49 42 25 -43 -31 -23 18 42 89 -50 89 -15 6 13 -4 61 26 -36 -32 18 67 48 -44 -91 59 -8 11 62 98 6 -47 -63 -77 -75 -73 98 39 -44 -68 78 62 -97 8 5 60 -78 11 -79 71 -55 75 -11 -15 19 87 -27 27 -84 5 78 -40 39 -48 -24 37 0 -94 58 -84 13 -74 -69 6 19 72 -10 -66 25 12 41 -59 -51 -59 -84 8 85 29 -83 28 69 3 -58 44 -91 65 -58 34 
44 56 -84 -12 -55 -25 -22 83 42 95 8 -9 1 -62 40 23 -18 -75 18 -24 35 53 24 38 83 -55 59 30 -54 -4 88 -84 18 69 -35 -59 -4 49 -54 21 -42 16 6 -42 35 -75 -56 -64 -43 48 -1 19 34 -40 -6 -65 -99 -31 -14 24 61 -88 83 -86 -74 99 46 -43 -80 46 -31 -24 -67 37 10 -12 97 -98 -75 58 -32 -3 -98 -32 -39 13 1 85 -89 77 19 96 13 -92 6 88 84 29 77 -20 55 -5 65 -2 -22 -44 -74 67 -2 -70 36 67 22 -15 -81 -51 73 5 -31 -42 13 -69 -63 12 71 8 -51 -2 -11 3 -11 -85 -87 -14 63 -30 17 34 2 11 65 -67 11 66 38 21 -13 -20 9 58 98 -86 89 -11 -3 -33 83 -99 16 28 -84 -38 -7 97 55 38 4 0 20 61 37 58 4 28 -74 56 47 45 -75 -18 50 -45 70 78 66 39 2 -15 9 69 -74 60 -15 42 46 -39 20 -33 6 -38 4 89 -25 -49 96 -2 4 -66 -72 -8 -41 97 -72 76 -21 5 -18 66 -31 -81 59 -73 73 -60 97 -87 -19 97 -6 51 -61 89 30 34 -31 -11 7 85 -51 -42 -65 57 65 35 -52 -67 62 76 -13 -17 -10 51 -50 12 67 -61 -67 -35 -85 -69 73 -37 11 -18 6 -60 54 -32 -88 -4 7 17 -96 -31 99 1 -69 27 38 -29 79 95 -25 26 48 -2 63 94 16 57 40 -87 69 40 48 65 17 -20 -56 49 
98 98 -26 27 50 49 -7 -38 -55 62 38 64 -31 -88 42 -81 -34 -49 -38 -62 -16 -21 30 -75 37 15 -46 -72 64 -78 30 87 -98 25 -76 2 36 -51 91 -22 34 -66 72 -41 10 -70 -8 -34 24 65 -58 -36 -12 -23 36 10 -54 -51 -87 -11 -74 -1 -14 -98 -99 -65 74 -82 99 48 22 10 -43 1 28 -44 4 47 33 99 61 1 -70 -38 91 -37 90 -23 9 -37 -16 28 90 -29 -38 69 -78 -82 -8 46 -73 57 -47 44 -16 -47 9 -83 66 88 59 80 25 10 -4 -47 0 -86 -30 -8 20 -86 44 -9 31 -71 55 -64 -32 -75 52 -47 -17 -51 69 -35 -35 6 -72 -68 -45 8 -28 -33 -89 11 -42 -82 71 -69 63 -12 -47 -18 -88 47 62 -44 40 72 27 -29 -86 36 -23 -43 -34 -49 -72 -26 -22 -11 10 -42 -47 45 -43 -19 -22 -66 -29 -21 -27 -75 90 -55 87 -66 77 -62 -25 80 -8 -66 -21 -13 0 -21 50 77 15 0 97 37 15 15 64 97 -15 -37 33 -92 77 89 47 -74 99 43 15 81 20 -51 -9 55 74 85 62 -72 -11 -90 12 -84 14 22 40 -10 0 56 -20 69 -73 -7 -23 -22 83 19 46 9 -45 -19 88 -51 75 -3 -30 -8 -6 -38 58 75 -77 34 84 -68 -43 41 -31 -80 -91 85 -79 1 92 -27 76 39 -6 -13 76 -43 -53 -11 41 93 -56 17 4 44 -14 -40 73 9 96 -26 -89 88 57 53 -6 65 
-70 38 50 29 39 -4 -54 89 -74 10 56 45 10 -37 92 -35 35 74 64 -2 -3 72 -39 71 -16 -58 84 -22 38 -13 -30 93 31 41 80 52 -96 21 75 -50 -26 99 -16 -18 -74 58 2 46 74 30 71 -68 -48 91 -15 34 37 13 9 21 -62 93 31 97 26 88 3 -67 1 4 -95 73 14 -3 68 -97 -12 30 79 -87 32 74 -48 -44 23 66 -43 98 86 -71 -31 -66 -95 -41 -72 2 -90 34 86 27 92 25 17 10 -99 38 -65 -96 2 27 -90 -29 57 -74 -16 10 28 -20 -34 -40 -56 22 -75 -70 3 -37 -49 -36 -16 61 14 -11 -82 -34 74 -63 67 24 -50 -20 20 -75 93 54 -55 98 -77 -6 29 -58 50 11 65 23 -14 51 6 -51 7 95 -64 -50 -53 -31 64 -33 21 59 60 15 96 -46 71 66 -24 -37 -64 -29 -65 -29 69 -76 -77 7 -47 60 74 -33 67 -46 14 78 -39 9 58 9 28 31 -56 -52 -62 70 -33 -54 -98 -80 48 -78 -17 -82 67 -98 -29 95 -88 64 22 -12 54 -88 -11 14 -31 18 -95 9 -64 -80 91 -40 -57 2 5 -92 35 -98 99 18 13 -80 19 -95 -20 -25 -66 88 90 -4 66 57 73 81 -53 -42 81 54 -80 -82 -89 1 -26 15 -2 48 -55 -21 -14 0 32 21 54 43 -44 -34 78 -59 4 -5 -54 -88 -74 -84 22 35 -33 77 -24 84 9 -36 61 54 47 -79 -97 10 19 -6 -16 -86 
-17 -78 -33 -62 84 -5 -20 -21 8 39 -25 -50 84 6 5 92 -13 -4 -49 38 -47 -27 -55 -26 -74 -1 -8 -92 5 -5 7 -55 -57 -95 26 15 8 -51 46 35 18 38 22 76 -56 -32 6 71 -10 -69 -77 8 43 -99 -68 17 -62 98 20 54 56 -49 -90 -42 86 85 51 -86 -25 45 -10 -55 17 -59 77 89 -55 -31 20 -49 3 27 83 44 86 -38 -63 69 -10 -68 80 63 -28 -37 95 46 97 42 8 -31 81 34 -70 45 -97 90 -54 13 -21 -27 -11 5 -97 94 -27 -99 -66 -95 88 -19 35 73 82 -25 -67 -9 -88 67 -92 81 8 11 -65 58 -64 31 -51 26 -95 -96 -86 73 1 -61 9 7 8 85 -52 3 59 97 -61 96 15 -76 96 -7 -15 -27 27 40 -88 -33 -11 -9 20 95 80 84 -15 44 -68 -41 21 19 88 97 87 9 7 -69 -61 58 79 -36 -55 -58 1 -9 -44 -56 11 85 53 -7 -59 -97 76 61 -6 61 -40 80 -72 -20 31 -58 86 -39 -79 41 -36 84 -43 -66 79 -27 -49 -43 -36 65 75 57 -71 42 -83 -60 4 -9 -57 -20 -27 -49 13 89 -94 -47 86 32 61 -8 96 -85 -77 63 -41 -43 9 16 60 -73 13 -37 -57 87 94 -64 -3 22 -31 49 3 63 -59 76 78 -25 -13 84 59 -89 -17 -22 83 -9 -37 -9 68 54 50 45 -24 -96 26 -43 -33 36 -65 -15 -64 16 73 68 -78 89 -63 -44 99 4 
3 -83 -35 -39 1 -30 94 63 75 56 -44 -82 97 -54 83 -31 -12 -16 -95 66 -11 73 51 -5 -3 34 40 -4 -88 38 -34 -58 -38 -18 35 -71 -88 82 91 -50 -98 -24 -97 -66 24 61 43 -99 -65 45 58 41 -92 78 13 -7 4 -72 -19 84 -71 32 -86 -88 56 -56 43 57 23 89 -22 -32 -9 -5 4 52 17 -65 66 38 -56 0 -57 -85 -9 6 97 -58 68 59 -22 -49 -37 -89 -7 2 54 64 -90 -51 21 31 -59 -4 76 90 34 -83 -26 37 40 20 74 -26 84 -59 -86 -6 62 2 76 69 13 89 -96 -23 -71 -2 -97 64 35 -29 41 73 42 75 -2 -33 -21 68 -27 -33 -68 -25 98 21 88 -1 -67 40 -56 27 -40 -5 76 88 17 61 -4 -21 -69 61 -34 -14 -7 -19 27 10 -87 -76 38 76 -62 -79 54 0 -35 -11 -91 -65 -50 7 -6 -95 -36 -68 -25 98 84 57 12 53 -23 -29 59 -48 36 -88 -84 32 22 -76 -43 8 -94 -45 -67 -49 4 -75 42 21 -88 83 -60 13 -19 -23 59 -34 -68 -79 12 -41 -5 -99 19 -75 -92 22 -54 72 -95 -7 23 23 -43 -7 38 46 57 67 -66 -40 -54 -77 -10 -36 -54 -49 -40 -97 95 4 -95 -2 47 -42 -37 53 -77 -71 28 19 -12 19 -58 47 21 17 -77 -65 79 -11 -95 80 -42 -91 -37 -4 -25 -59 -81 77 93 -79 13 31 47 -90 19 -17 45 -87 91 62 12 85 95 -33 
4 -61 81 95 70 -79 24 80 -33 17 -40 44 96 29 -9 94 23 15 7 87 16 -79 -69 -76 15 48 73 -51 27 71 12 96 -75 0 -43 -32 10 -41 -93 79 37 -43 24 7 -14 90 -88 49 93 27 35 -48 24 -49 -82 -21 87 -58 -72 59 -4 -79 -34 49 49 -95 69 87 -10 60 -86 32 78 29 -50 -57 29 -65 93 -66 -41 24 -9 -24 -82 87 -54 82 94 -73 82 1 62 35 -25 -69 -44 85 87 20 -53 -21 -50 52 -20 67 -62 -58 -9 -37 96 -95 -12 6 49 73 59 -50 -4 -71 -17 -66 50 11 15 84 6 12 -65 -93 23 -40 65 64 -64 82 10 99 5 -12 -48 -27 92 -53 -75 30 61 -13 -12 85 -75 45 -58 21 -49 23 22 62 37 -8 -79 -76 -97 -69 -91 60 -66 30 -50 -50 -19 -37 -99 -41 -68 -61 31 -45 92 86 -44 -97 70 -16 -55 -88 -14 -69 -36 -37 -74 65 31 26 96 50 -49 -24 -44 98 93 -31 -27 43 -58 -22 78 -75 11 -36 87 -26 -72 9 -18 -3 5 -77 -94 -7 33 -28 75 -10 92 29 56 3 -85 14 24 -16 -21 40 33 -98 23 16 8 -91 80 -27 69 77 -84 71 90 95 -79 -99 66 -36 2 75 99 -48 -88 79 44 -34 -35 -26 41 81 -7 -23 30 -94 9 -78 10 -7 -95 90 73 -75 -26 19 -97 -78 -68 87 -23 26 22 -15 -38 32 76 -15 2 -55 -84 -82 -13 13 97 -83 41 -79 
71 70 -81 -92 59 91 16 2 6 -19 -60 13 -8 -10 -47 -7 90 8 36 13 83 81 -47 -24 -42 37 -9 -35 38 -70 90 39 31 37 -21 -54 -36 10 90 28 92 78 69 70 -98 40 -7 -31 -18 -81 -26 -36 -55 37 -71 58 -3 50 -76 84 4 83 -52 50 20 58 53 29 -46 11 -96 16 -37 95 36 22 -27 -63 -27 -39 -12 -51 42 -9 51 -85 43 86 -84 -58 5 16 -38 -29 -68 -27 17 -37 77 -92 76 54 9 -59 54 -53 -1 -39 30 -95 -83 1 -92 -5 -81 91 -28 37 -46 -17 -89 88 -1 99 -72 -18 -32 -13 -86 -85 -63 -36 -43 -38 36 7 -78 75 60 6 78 -36 57 -50 -11 82 -40 -37 54 60 1 35 -43 -67 83 -30 27 37 -66 -30 45 -65 -5 -61 0 87 32 -84 94 -14 6 -24 97 2 -23 -98 58 32 -63 -73 -39 99 67 -42 75 43 -19 25 -32 -14 -19 27 -72 -23 27 71 -77 -89 51 -70 17 -19 96 -84 54 -36 67 -26 -13 61 -36 3 -67 67 -18 -38 -67 -78 92 26 33 -61 75 27 -9 54 90 30 88 -25 -36 -59 -87 89 75 34 20 -8 -64 50 93 -83 37 43 54 -61 -12 -46 -90 -72 -98 96 -45 -64 -4 -65 -93 47 50 -22 -92 21 52 5 51 74 -38 -31 -83 -41 -68 44 75 -60 30 -77 -9 18 7 -64 95 20 99 54 42 -53 68 -58 -68 -40 -78 41 33 -17 10 5 -54 87 -77 -80 
-23 64 88 30 9 67 94 84 -11 -61 -28 -58 31 -49 59 -53 -14 71 94 72 -38 -70 63 -91 -33 -73 -57 55 25 -50 4 -17 79 -94 -19 -90 14 36 -69 62 -62 -5 -38 30 97 70 35 -14 -13 69 -42 -90 -56 86 -20 -34 -11 -89 -29 97 -38 72 -1 82 -51 9 -2 17 -5 -28 -17 92 -93 13 -63 93 59 -75 90 77 93 99 -46 3 -65 92 -9 90 -42 59 -40 -30 -58 1 41 -92 89 -38 75 -85 31 -63 42 33 76 12 1 -17 -10 -13 -32 24 -1 -86 -9 61 -94 -63 24 -5 -22 -44 -79 6 -4 6 84 40 -81 83 -41 60 -19 -84 -88 -91 10 77 5 47 13 -5 91 -11 41 61 -79 90 3 -61 24 15 2 -16 -57 -97 -64 23 23 28 30 85 77 7 18 -39 72 -92 48 -47 12 -1 91 79 -36 -33 -60 86 -55 -8 25 -53 12 54 91 -16 -71 51 -49 50 98 45 -1 10 -65 72 93 -15 21 -22 -25 -19 30 43 -25 37 -35 -18 -74 64 7 97 77 -61 -44 41 -44 -68 -7 74 9 -55 98 95 -87 98 -17 0 69 -37 -3 97 -42 98 -52 17 -12 58 -45 17 -57 -71 -67 -99 47 20 -98 70 -49 -5 -2 89 60 97 89 78 -95 -85 86 -34 -9 -67 -80 8 72 -28 -67 51 -99 64 -58 23 -21 -53 -42 -11 67 -39 42 -70 10 70 16 -91 -36 -40 84 -74 86 25 55 39 12 60 -12 11 45 -69 -36 41 
-3 -97 9 -90 -62 46 0 -84 48 59 -82 -97 -21 -14 0 -25 26 -22 41 60 16 -13 -23 54 2 43 81 41 -90 33 -99 -24 -61 20 55 -52 98 84 -14 -73 -50 -58 -57 -29 17 30 48 -40 0 -4 63 70 31 88 22 7 -61 -26 89 -8 -51 -1 80 76 36 56 -8 -24 -11 47 59 33 39 -33 -49 76 -69 -44 71 -37 -49 -15 68 40 48 16 36 -14 -14 73 -18 54 24 12 53 -76 -90 -17 -60 -76 -85 -16 -29 7 -99 86 -17 -8 36 43 60 48 -12 -19 -15 82 30 48 -54 -19 11 90 -58 -20 -24 -81 -83 -5 -41 -35 36 85 94 -61 22 50 -37 46 -40 50 97 -30 83 -26 -63 -52 -44 70 -17 -6 90 6 69 -94 96 87 89 26 45 64 30 -37 94 -82 -7 17 -76 61 32 60 18 17 56 8 89 -70 -4 44 1 -25 29 -8 22 -25 55 -6 53 -13 32 38 94 -65 -50 4 75 38 -80 -8 -65 98 29 -66 -96 83 -32 -40 -27 65 17 -41 19 -68 -66 -24 -96 27 45 28 -35 -81 -21 -78 -70 -29 -78 -93 18 96 -36 94 -76 -15 -81 3 -91 73 65 -42 40 -40 93 -22 -75 -97 43 -56 47 2 30 73 -2 86 88 -27 -33 35 -6 20 -24 -97 -6 18 -25 39 -85 -68 72 -30 30 -73 77 88 95 -19 41 -55 14 -46 -27 98 43 60 -4 56 -35 82 -38 81 65 23 78 -38 -9 -13 -17 75 6 -84 45 53 
-13 56 16 -42 -54 -22 41 14 -48 61 15 10 97 46 18 -44 53 5 21 -34 10 57 -63 77 49 21 -10 3 30 10 25 -99 -26 -66 67 -98 74 -92 7 -41 -60 -15 56 -4 -79 -46 -1 10 -15 -44 -71 -32 82 58 -92 81 -93 68 -19 -38 70 1 -47 -84 -57 71 53 15 -42 -28 -99 60 -27 -97 -77 77 17 32 21 -62 32 16 78 0 -83 92 92 32 -51 9 24 52 53 70 -81 1 23 46 79 91 53 -32 -36 26 -42 58 53 -30 71 -4 47 88 47 -9 -50 1 -9 23 -60 87 -59 -19 -70 7 86 -4 88 19 56 -34 -9 -47 63 -46 51 -73 -17 89 -34 18 15 85 -17 -93 -70 21 27 -59 32 39 -90 99 25 55 56 -14 -8 18 45 -69 -2 64 -16 -19 69 54 95 -4 -84 -35 -75 -68 24 -60 -51 -1 91 -95 -54 86 -57 61 -59 17 -9 96 -93 43 34 37 45 57 50 -93 -68 56 -68 -80 43 -37 -66 46 5 -20 52 -75 -57 -61 53 -30 85 -71 -59 73 -14 15 8 -99 -1 -2 -75 -46 -38 83 -8 51 53 -44 23 -3 -15 -80 -6 94 98 -4 36 4 45 -78 54 10 -28 61 23 -15 76 -32 -43 57 -73 -35 22 60 -53 55 47 -10 -86 -49 -36 -70 93 -14 35 -3 -29 -92 88 -64 -55 -90 -91 11 8 -98 29 -27 -77 -22 29 84 32 86 62 -85 -38 -17 -43 -59 -43 7 -50 89 17 47 -92 -29 71 73 
-30 8 -54 94 77 90 -52 31 -84 71 47 43 0 34 67 -64 93 1 -16 -94 -96 -81 -26 55 27 44 -48 14 40 31 -8 81 18 38 95 96 -66 26 17 -71 -51 49 -81 -10 -47 16 0 -19 13 69 -64 89 -83 65 32 54 19 93 39 30 38 -80 72 -53 -49 -28 -77 96 -35 60 60 -31 -26 66 -48 -57 19 70 7 -13 93 -3 -50 99 -59 -12 14 -7 -73 -7 -99 65 25 -26 -70 49 66 19 -97 -26 -96 30 64 -48 17 14 -92 -81 -91 -33 81 -54 54 56 41 -5 -38 22 15 87 65 -98 35 -80 32 -4 -3 -4 -92 -84 -14 -32 -8 36 30 44 82 -20 91 33 -21 -62 92 14 -4 -17 -98 64 82 32 75 -15 -5 -30 89 -44 7 48 -85 90 62 63 -58 -49 55 -27 38 -93 87 44 23 97 96 -55 56 42 -70 -25 -97 26 47 -56 -21 -40 -10 -56 -12 33 -62 -10 6 -2 98 58 -55 85 29 65 -87 96 -6 88 98 -49 -23 78 68 -20 -20 94 -36 92 50 80 -75 -14 -98 -98 2 -30 -2 11 7 -50 30 91 -14 -97 -37 -64 91 66 -56 53 -69 60 -87 90 -30 68 -82 -2 13 41 63 95 58 -72 28 -86 15 86 70 -39 63 69 -17 19 70 -42 83 -2 -40 97 -75 73 73 60 43 63 -53 48 23 70 -72 -57 -98 35 2 18 48 50 -78 60 -51 19 -63 -90 64 90 -53 -26 64 0 -87 -99 -95 82 30 76 
88 -56 -66 86 -41 93 -4 -34 -36 -57 -75 45 -50 40 98 65 75 -37 -2 55 -42 -49 -26 95 27 16 93 84 95 9 48 64 -55 -64 74 -18 -34 44 -81 -25 92 59 76 35 -97 10 -2 -92 -62 -37 99 -84 -7 44 61 -29 -66 -83 55 83 23 -22 -79 11 -45 43 -6 28 65 31 9 -72 40 18 -83 35 -12 16 -45 -46 2 -78 38 68 80 -59 62 6 65 33 -33 -37 -76 43 -78 64 -24 67 -71 -54 -12 -46 61 12 -56 52 -81 59 67 -90 47 -1 46 0 24 48 41 74 -25 -95 10 97 -60 18 16 -15 70 0 -91 67 -4 -45 46 -87 12 -84 -85 52 -30 -48 46 4 -33 69 -36 -40 79 22 12 -59 10 -1 -61 33 -32 39 29 -82 -70 -41 -31 99 -77 -31 -2 2 80 17 46 -22 -34 -20 11 9 85 -49 -43 87 -27 53 -95 -34 -73 -15 -1 94 53 -89 3 80 -56 42 -50 18 52 64 -20 -90 -39 58 10 -21 -45 -19 92 97 -15 -5 75 2 84 -35 12 37 -41 51 53 -2 15 15 -39 45 36 -83 22 6 3 80 -93 57 99 79 -11 70 -10 18 68 -29 62 46 -51 -85 -59 -55 7 38 -42 84 74 -12 -49 -35 -98 -90 75 7 73 -27 -58 19 -58 58 -51 80 80 63 75 -84 28 -7 58 -18 -81 -96 14 -58 74 -83 -17 -64 81 -25 33 -1 -60 -31 76 -28 -34 -40 46 -88 24 -10 -21 -40 -39 28 -40 -71 
41 55 -6 38 -95 39 -76 2 -89 -54 -89 82 6 -71 50 53 32 -84 -68 94 78 70 43 83 -58 -8 -66 -90 84 35 -63 7 -44 -84 -29 -51 -60 -10 32 -67 59 -69 25 97 28 80 5 93 -17 -97 81 24 -34 68 -66 -43 59 -64 40 17 84 81 -86 -68 -2 -9 98 76 -30 -48 -82 -94 42 -60 27 -80 36 61 -25 -86 -22 -55 -89 -95 29 -16 -65 -14 -76 83 5 -65 -90 29 -58 45 -24 28 -29 78 -13 -81 -98 52 27 34 92 46 -33 30 53 70 -23 -12 -48 -24 -83 -94 75 -84 -9 31 -54 -57 17 -2 21 -15 74 -95 -9 -89 -39 76 -16 68 94 -59 14 72 -64 5 11 83 -9 -93 80 -93 -77 -79 -69 -75 -34 34 -10 84 -87 -24 -38 18 58 91 43 88 -91 -56 -85 78 -95 45 -7 88 -29 5 32 -97 6 -29 -13 60 52 45 85 17 -70 79 16 -36 80 -58 -13 -92 72 -9 21 -41 24 -32 52 36 -38 -66 -20 15 -55 41 46 37 57 -20 -27 99 -43 22 8 94 -56 14 -21 83 -17 8 66 -86 38 67 -97 -36 -49 -8 -96 -8 -49 -82 68 68 45 54 -72 -39 -44 -70 -46 -21 68 60 -91 89 -84 82 -88 -93 63 12 -18 -77 59 -21 73 -93 42 -14 -14 90 70 -27 99 25 36 50 -33 -23 27 76 -11 -48 -70 94 -54 94 0 58 -70 -75 76 -9 -6 53 17 -84 0 20 -37 -14 29 -93 -38 3 -7 -39 
-70 27 -71 17 44 -59 85 31 -3 58 89 31 -71 -22 -43 -6 89 -93 42 -81 -28 62 -38 35 93 87 -89 -88 -86 -24 -52 -89 48 48 -6 -91 -45 -93 -72 63 -94 11 -76 -14 -54 -62 66 66 -51 55 80 26 96 -1 -16 -89 -74 -84 54 69 -72 -78 41 75 -37 -28 87 -91 -44 83 -52 53 3 -54 -91 71 77 -33 -57 -78 80 58 72 -85 -57 -31 -95 99 61 -39 -41 -23 51 -2 33 81 -45 51 15 37 -43 -19 56 36 -51 47 -13 32 59 -46 82 -97 89 -65 -69 20 44 11 39 17 -48 -94 6 58 -22 93 -43 -79 85 -63 -8 9 -88 -32 -92 11 -17 31 -22 -93 -60 -80 61 -19 26 -34 -23 2 -90 93 -16 -87 25 97 -10 -31 45 -41 62 13 -71 -59 -83 -32 19 78 -27 -63 -76 75 -85 97 81 78 1 90 -12 -38 81 23 97 -19 -52 59 24 11 -17 -11 -28 5 78 7 -97 -29 -37 -46 -72 -60 -68 5 -32 19 -91 -32 -41 -94 -97 63 50 61 -8 2 73 31 16 94 67 -79 -64 -34 54 -25 77 -18 7 -68 -13 -28 60 -89 11 33 -40 34 85 -88 24 -55 47 -42 67 -66 4 -43 22 -66 -41 85 -11 25 78 -26 -97 74 -51 -90 -46 55 -78 -82 89 76 -81 69 55 -47 47 -50 44 -71 -73 62 73 42 -44 67 36 -91 19 62 -66 -77 -78 48 -28 35 -12 62 -35 -93 -21 -12 64 -79 -28 58 -10 -65 -55 70 
29 -9 46 28 16 -17 -99 10 -78 -33 -77 -51 94 70 55 -8 -36 -79 -25 70 -89 -25 -14 -62 16 -12 -31 39 -55 70 6 84 40 57 -10 69 86 9 -28 88 65 54 -59 99 -92 -9 13 -36 25 -75 33 -3 40 81 47 86 18 -46 -13 81 -55 -86 72 -95 -90 -14 21 -37 56 -92 -89 -29 -34 -93 -43 99 56 68 76 -42 -50 33 32 66 -19 42 -54 50 59 20 -17 15 -3 13 -70 68 55 94 -48 -88 11 -74 9 86 31 -71 65 24 1 84 -63 -75 -91 95 -11 63 73 70 79 74 -27 -13 57 -31 88 -86 -87 76 6 -33 -67 19 79 -92 -96 27 -80 49 43 -80 -81 -54 35 -83 52 94 -4 -62 -30 -92 54 96 -95 50 -8 31 -20 21 32 62 68 -89 -65 15 -96 -41 41 15 67 60 -57 54 -36 -40 -44 77 -87 -63 -37 -64 -30 -44 -39 88 46 -67 48 -78 -49 -59 -21 -15 63 34 4 -75 -93 47 -50 -32 -45 20 31 -4 -67 25 30 -17 66 60 -59 62 -50 84 -34 46 -30 23 30 -13 -76 68 57 32 -11 -93 66 3 86 -61 36 -35 43 -22 -79 72 74 -26 -66 35 67 -35 -3 23 -31 87 47 0 24 -31 -41 -60 -68 68 -18 24 90 93 -73 3 93 -7 -79 -85 -28 -18 -29 44 79 96 21 -64 -15 15 -59 81 -73 -43 -67 -61 -60 17 64 -81 57 -70 -49 -60 60 21 -64 -29 17 -34 -33 -44 27 -58 84 30 
16 -50 -69 -54 65 -32 65 68 -90 79 26 -51 25 -60 -9 92 -39 -96 36 -75 33 46 58 48 -3 -57 85 -12 -61 95 -87 49 -63 84 -27 23 -65 45 5 39 41 39 10 77 -99 -24 -72 58 80 -24 -8 -51 -74 -77 -64 75 -50 71 -65 -57 19 12 -16 78 68 -87 9 88 65 -69 9 81 97 -52 49 72 -99 23 76 -21 -31 55 -81 16 -33 -4 91 52 -93 -38 -84 -89 25 -10 -27 -72 -45 -22 44 90 -90 -96 7 -23 -36 46 -81 -30 70 -23 -81 41 23 -17 -73 90 -37 -54 -75 10 -59 -45 -88 14 91 -14 33 -32 -19 19 32 75 96 -93 70 3 39 41 6 41 36 -70 82 67 -45 -5 75 30 34 -88 49 75 -23 -17 82 69 65 90 66 65 -20 35 -66 -82 -96 77 22 3 -31 29 -88 -81 -65 99 71 -31 50 -10 -99 -8 81 95 92 68 -19 -21 -65 -74 42 -77 -16 -18 -35 91 -71 54 -16 16 91 -23 -91 -93 49 -71 -51 -29 -60 -42 -19 63 -48 95 -86 -37 -42 -26 98 -62 -11 55 28 27 -22 45 -72 46 -63 18 41 -14 -75 27 -71 34 -23 -37 -89 -45 19 7 59 39 -74 85 -9 -92 31 8 -9 46 42 31 75 16 -81 73 -29 -45 -40 -94 -44 44 -88 -54 76 95 66 -60 -40 58 51 52 -86 -64 -5 75 81 -80 -91 76 -39 -42 -94 54 81 93 90 -82 -88 67 13 -94 -15 -19 -76 -42 48 -23 -98 -58 
-48 19 -73 57 81 -98 -53 -65 2 -82 -1 54 -40 -14 -64 20 58 -4 -13 57 11 99 -77 -92 36 -88 -26 -16 -16 88 11 11 -14 -31 81 17 -51 16 -18 99 80 83 -8 40 52 -91 36 -78 -5 -81 -15 -66 45 24 -72 -40 60 82 -41 -27 68 -93 72 -41 9 38 29 -46 80 20 -22 -99 24 -4 -78 -99 -53 -35 54 -19 60 -78 73 -48 35 15 -54 -58 -78 69 -81 -98 1 -98 -95 -50 12 -51 96 53 -48 -19 26 32 -12 92 33 -7 -70 -11 52 -20 69 -5 -84 12 45 -28 41 -39 -4 -89 -27 -87 60 -60 10 52 -99 -44 25 63 -46 -33 -37 -51 36 -56 -11 39 4 80 -32 66 82 56 -9 -91 -11 -74 -43 88 -95 39 -12 41 -30 -51 34 -41 24 41 -35 95 54 -29 38 69 80 -18 -75 -9 15 65 -44 82 73 -47 60 68 -42 -31 -83 -44 50 84 -25 -46 98 -11 -97 61 45 -16 80 -45 -66 -84 -18 -26 79 99 -74 -37 -10 33 47 -33 -5 60 92 11 21 -78 86 25 77 -61 23 12 61 -20 -47 44 73 91 17 11 -81 56 -67 7 36 54 22 -37 -68 68 19 -47 -23 18 72 -45 -37 -63 48 -77 82 23 -96 6 -14 -28 -63 -43 62 -66 29 60 -83 -25 45 7 -68 -69 57 97 26 -80 -3 -96 -69 -6 -72 11 -54 -39 -71 -98 69 -45 65 88 48 11 15 10 78 76 -12 -66 77 -85 86 42 63 -54 19 33 
-32 63 -86 -22 79 20 -67 -79 -89 2 67 -23 22 -53 -30 -90 65 70 32 44 -97 15 38 -50 -66 50 -99 -55 -29 42 -90 -65 -98 -26 51 97 26 -13 -89 -76 -89 65 -52 -71 -28 -58 89 -52 -29 55 42 -71 24 -25 9 -3 61 17 13 -93 -93 27 73 -72 -52 -82 40 80 -49 51 92 19 -20 -47 67 31 -6 75 46 -90 -59 65 -23 95 51 41 73 -77 -50 -18 26 16 -28 36 4 -32 73 26 -81 -28 15 -34 60 -31 -4 -73 -63 -13 -54 83 70 65 0 63 -14 5 97 97 15 3 67 -28 90 61 42 -66 -58 -27 -41 -39 72 -86 26 -58 2 98 -48 -86 11 64 -73 -39 74 -20 19 73 26 15 60 -44 -99 12 -71 -56 34 -14 -21 -85 2 22 -3 -90 33 79 35 -75 -75 -37 -49 -32 26 24 -49 -99 49 -83 44 -83 -64 -22 -52 89 71 -48 27 51 98 -30 81 -32 -83 25 26 59 12 -66 73 -15 -91 -56 9 -58 -71 -9 -55 89 -2 -35 38 -58 -35 -25 16 -97 19 -13 -31 44 -63 83 -32 80 27 -10 -71 -77 33 -90 86 -74 53 -11 -78 -53 77 52 81 -87 67 -88 -58 96 43 -16 28 60 -21 -89 72 -68 -51 29 99 33 23 -52 36 78 -69 62 62 10 64 7 -69 -40 46 -9 -23 15 -45 -94 6 -13 -18 12 1 26 -69 14 -99 -11 13 71 50 3 -63 30 57 -35 22 83 -29 -36 -3 0 -76 20 86 18 
95 38 -99 -75 64 85 -1 -37 -75 -76 3 81 65 84 87 -96 41 -34 84 -70 -52 82 32 -45 27 42 -82 69 -34 26 62 -90 -51 22 22 -90 -73 -9 -4 99 -96 -61 -66 -72 22 85 -58 -86 3 -46 -76 35 -93 -1 -96 23 -43 -35 39 -54 -30 77 -83 2 24 65 55 99 52 33 -46 52 87 -78 76 63 71 50 25 -78 49 68 -73 -34 -19 72 54 64 69 -88 -80 51 28 -2 4 -72 -12 -2 9 -43 -58 69 -3 75 -60 51 61 28 -37 -27 68 -93 2 1 -88 32 64 -7 -18 -49 47 -8 62 43 76 76 28 17 -43 -21 -26 44 11 -46 -70 -10 -31 34 -67 -8 -44 -95 76 -53 -66 -89 41 46 -40 -21 -67 -85 24 -88 -82 2 -35 64 -98 26 21 95 -13 -47 55 3 36 -88 61 -25 14 -49 89 27 5 -53 -42 80 92 -87 -79 -22 -38 20 42 -27 -51 43 -77 -92 18 10 -12 98 -36 -31 -86 -4 14 -17 20 -94 -94 -67 -84 51 85 -24 -94 61 -14 -33 -26 67 6 93 -7 71 -36 -93 91 -50 -84 -82 -25 68 99 -58 -60 41 -29 -21 -44 -12 23 -5 -35 -47 30 -2 48 62 56 -97 64 53 79 -80 78 34 -17 -37 -9 -5 -52 -72 -54 78 1 82 -67 42 -40 -99 -39 -88 -73 89 81 -33 98 6 -26 91 51 49 -21 70 10 -79 79 -49 39 81 54 44 -57 47 43 -66 21 98 3 33 -16 -84 -27 99 -10 62 
86 60 91 89 -84 15 63 -39 85 49 -94 72 -42 -94 -19 88 27 28 13 -84 55 -97 -8 -73 -92 -25 55 16 -24 -34 64 -73 -17 -8 26 -99 83 35 -3 -44 -69 52 17 53 -16 -22 -70 -23 -31 5 13 63 18 46 -41 65 -84 26 66 93 -67 56 -53 54 86 53 -1 51 69 10 -30 -20 -93 66 77 98 13 -20 24 -98 -85 30 -57 -79 12 -41 46 44 77 75 -79 -67 -16 -22 -83 46 -45 -3 -17 -12 -90 -2 46 76 51 79 -36 -56 -57 -19 -52 46 -51 89 19 12 -38 -41 56 85 19 71 2 83 51 68 61 4 61 -27 32 -85 87 -17 -98 52 -83 -64 -33 20 -18 52 64 88 65 93 66 24 -92 32 4 45 -52 92 42 57 -31 -72 -49 -83 -75 -8 80 -67 -69 80 -42 -60 -35 82 -13 -82 -77 -11 13 -62 -92 21 -74 73 0 -42 -80 2 -16 15 -85 -74 82 -51 -35 -55 -90 -6 -62 -92 79 68 -83 -63 -95 23 -57 58 65 -82 -17 64 29 -92 -20 -28 -96 -23 41 3 25 -90 42 -73 51 56 -34 -62 91 -17 -37 -68 -44 53 24 69 92 -72 25 93 93 -40 41 36 94 56 93 27 -73 -71 -43 -77 84 -93 57 57 -22 -28 91 45 -6 23 -73 61 -43 4 72 -73 61 27 -24 36 -67 36 65 -18 84 -38 76 -89 25 -89 64 -4 16 -61 73 -53 80 12 95 -89 -80 43 10 -19 62 19 -65 58 -75 81 14 -6 
23 58 81 -73 -43 52 -47 -79 -65 -44 -23 -43 -75 -4 82 -17 -44 19 -58 -61 81 -99 77 5 28 -7 -39 -21 -26 -20 -96 -94 -16 -63 59 57 -18 -52 21 -80 -33 88 -17 99 -41 -1 23 -12 -89 -30 -61 34 6 -20 -65 -56 -7 14 -18 99 16 74 24 7 -53 43 -17 -8 75 -67 -69 -1 84 63 -79 81 -20 -69 45 9 -33 34 -54 -72 0 -1 -63 -97 5 36 -27 55 -33 46 97 25 22 14 -18 -91 66 -45 8 79 23 95 -95 -12 94 -96 45 -10 -7 -24 30 45 16 -65 -84 -50 -41 8 -9 51 -9 -28 -73 -12 34 11 -69 16 97 -44 58 43 -97 66 63 -63 -12 26 -1 -29 -35 92 73 -88 -17 27 -17 50 -70 6 34 -85 95 -8 -6 81 -83 -5 -17 86 -45 -59 -33 3 -47 -82 -62 -61 -7 -64 28 24 -22 74 -31 -56 80 -86 64 63 36 36 -15 -27 -63 41 -7 -76 -15 54 -94 -15 -62 -23 96 99 49 -79 79 -99 21 -69 -67 43 34 -58 -44 57 -5 91 -38 -55 -87 -31 2 -85 16 -84 96 -38 -66 -58 -54 75 -74 -71 -42 -29 -18 74 -11 -40 29 -25 -75 27 -81 43 -47 63 -4 -77 26 80 -97 69 -10 -9 79 11 25 5 -97 -64 26 81 -23 -79 -59 82 52 -22 -89 15 85 -39 -36 -69 -7 58 26 1 -69 99 -47 16 -3 63 1 81 51 -83 -89 -43 10 -85 19 25 -5 10 -21 -4 72 -47 35 -72 
41 40 -45 6 66 60 -82 -62 94 -95 -84 -3 33 9 97 -36 -29 82 28 85 87 -51 -60 -44 62 -88 21 -29 -96 -10 98 -78 -78 31 15 69 59 -14 51 40 24 22 -99 28 93 91 89 41 56 92 -62 -47 80 41 -47 -46 -90 7 91 25 -16 5 49 -16 2 -54 -59 98 -60 -97 -5 -31 40 -69 42 10 -93 -40 65 17 -96 -12 73 85 -24 -77 31 59 43 -61 -36 -56 64 -88 -16 -3 -65 -76 -60 -34 -80 -63 -2 12 38 -30 84 9 -20 -76 -7 20 87 -58 17 38 79 51 97 78 -48 77 24 -62 10 -49 74 -61 -48 -95 -32 -92 -76 -51 -81 -43 30 -57 -80 51 -68 89 51 10 97 -75 96 -71 -63 82 83 -89 -34 -7 -65 -84 -71 28 -92 83 -3 87 -73 -75 58 -10 -35 -49 71 -18 50 57 30 94 -99 -23 67 32 -81 36 -57 70 69 -49 0 -21 -27 -53 -90 43 82 0 61 -65 -8 42 5 -24 -45 -30 -70 81 -74 -85 -79 -31 -52 69 -89 25 -31 69 70 -7 13 92 11 -3 93 -67 21 26 -54 -44 -85 -29 26 50 -39 -45 -80 87 20 97 76 69 -42 8 7 -64 53 -73 13 -33 6 94 18 -78 70 1 0 67 44 1 -15 -89 -28 50 33 -30 33 -35 36 7 2 -48 -92 -2 14 -33 43 53 99 -45 94 95 80 13 -65 55 94 -57 -62 -91 4 57 -95 57 28 89 95 48 -22 42 27 -74 49 92 -25 7 
71 -67 -32 58 99 57 -63 52 4 -81 26 -59 44 -99 -99 44 -26 11 87 -52 -11 67 -89 97 61 89 95 70 46 96 -90 31 90 53 33 87 -49 -21 10 62 -66 -28 33 -81 -4 85 93 23 3 9 61 31 8 25 53 24 63 -67 -78 32 -76 72 24 -98 80 5 41 -96 -70 57 -71 -19 71 -65 -22 92 2 35 3 91 -9 60 -99 -81 84 -66 46 96 8 -71 66 94 -75 -78 -22 11 93 63 72 31 23 30 -13 24 -67 29 91 63 -37 -49 -8 56 -53 34 -44 -15 -71 27 -45 15 -33 -99 36 -93 73 77 39 -18 -37 29 86 94 0 92 91 40 -56 7 -46 -72 24 95 38 22 -76 -1 -71 -33 98 -1 60 39 58 62 -50 -54 37 -99 -42 1 33 -32 55 11 4 -28 95 37 -87 80 -41 -57 -89 -4 -4 54 92 -48 -69 95 -71 75 53 -7 -25 92 -63 -15 -69 81 -37 -54 -38 -59 94 -73 97 -7 -4 -80 -43 -71 -26 64 -8 38 -67 -84 -1 82 16 -99 69 -55 -27 -70 -70 0 -57 25 -19 -27 -38 -3 -15 3 4 85 51 5 -61 22 -91 -46 84 -59 19 8 65 -69 -97 48 -75 72 81 -45 -64 -3 -93 53 -76 32 59 -74 74 -43 53 8 57 91 81 58 -54 40 45 27 -14 -81 -13 -47 -49 53 -91 97 71 -70 37 -80 6 39 8 -13 -20 67 84 15 -31 -71 27 70 -55 -20 -81 62 -12 -33 -44 -56 -14 -92 
70 -19 30 -67 -96 9 -51 -44 -8 -20 -76 -3 45 -6 95 18 -44 -17 -79 43 82 -31 -35 80 5 54 45 23 -56 97 -61 43 23 -3 -46 -19 81 -39 -67 63 42 -61 -22 40 11 -1 62 72 -51 98 90 -72 -96 8 -99 86 97 6 47 60 23 10 -21 93 45 37 53 -27 -46 -11 -57 -76 0 64 -64 33 11 -75 86 -23 52 -39 -20 36 -42 24 -57 54 -6 -53 -67 91 -79 67 51 -12 -85 -71 -63 45 -57 -6 -22 43 -11 -48 44 -62 -7 17 -79 -92 36 -36 -28 55 -43 -16 97 -1 75 -96 53 91 -55 -84 46 -50 57 99 95 31 49 72 48 84 44 59 -38 10 -46 56 -4 7 -86 -34 -69 32 -76 45 49 -29 -98 33 -24 -67 -21 -2 4 -30 76 37 -37 -74 -79 49 -87 12 -83 40 91 3 3 -49 -44 42 11 19 -72 -90 -70 -32 94 43 9 20 -56 -19 23 -46 -94 -72 -45 -40 53 87 49 -54 74 15 65 -55 -13 31 94 -64 57 -55 35 39 -15 60 -42 -97 8 -77 -15 -54 -52 34 53 -48 81 -60 -78 80 93 -30 -93 -21 -19 47 65 85 -58 -27 94 -23 34 8 -61 3 -65 -47 -99 -4 -85 -57 -77 86 -10 -16 92 21 6 -55 52 73 23 55 -54 -37 93 89 68 37 -67 3 -83 -28 -31 -43 -82 -47 88 -48 -32 -71 12 -64 -34 -17 -49 -48 11 -12 33 -85 -1 13 -7 -76 -70 -95 -45 87 7 38 14 -78 
-14 76 -45 -59 -50 57 39 49 78 39 -17 -41 -30 37 60 -44 56 76 -70 -82 -3 -34 -34 48 1 75 -17 -49 -7 -14 52 -37 -94 -89 32 10 -9 -50 -78 68 66 63 -81 -97 34 45 24 -26 56 -31 74 -86 -77 62 -80 0 82 10 -55 -54 -84 -89 62 -80 -6 -42 -14 40 -91 -77 86 -5 75 65 -8 83 -26 1 -39 -50 82 14 -73 96 -97 27 -23 46 -59 -96 17 41 -21 -95 1 82 13 95 79 5 17 1 -38 -25 29 -92 52 -84 47 -37 69 54 -78 22 90 20 -27 -84 6 14 57 16 57 30 29 -13 -26 37 -94 -1 58 41 12 71 -11 53 -35 -88 -35 42 91 46 -39 89 -60 -68 -18 -65 -49 46 -46 95 -41 0 2 -63 -36 43 98 67 -74 5 11 -88 97 15 21 -32 99 64 71 1 59 -32 -8 -50 -55 75 -36 51 -35 -1 -21 -89 83 -25 1 -52 -11 82 -97 -51 -93 -21 -93 77 58 -88 -74 -46 -40 -53 60 -39 12 -30 64 -38 -5 -80 -57 13 56 -52 -77 41 -18 -81 81 13 88 49 64 -44 -73 -83 59 -38 60 32 46 -57 55 4 34 -82 59 26 95 81 -8 -76 -91 24 45 67 -98 36 -80 -59 83 -89 97 13 -63 -9 -87 9 62 -50 -87 49 75 -39 69 74 37 98 24 -28 10 -43 18 76 60 -81 0 -11 47 -66 71 -56 -5 -20 -41 -93 21 52 -31 42 -9 -77 -62 26 -84 -69 -62 -72 -2 91 
-94 -29 16 2 67 27 -56 -43 30 12 -30 71 -8 -36 14 -8 -3 59 29 -32 -88 0 -6 -74 -95 92 16 70 38 -3 53 -85 -49 -83 -66 60 44 26 -17 -33 28 -40 -43 16 84 -37 -48 79 -85 -72 -45 61 -63 -7 -28 30 27 37 -92 93 -7 -26 -45 15 -15 32 -74 -63 36 -18 84 0 -67 56 -21 96 -5 99 -33 3 -74 -97 67 19 20 -70 -34 -60 -34 -86 62 78 7 17 0 67 14 3 -94 63 41 -66 -37 75 -9 -15 14 3 83 61 93 -46 26 97 -80 89 -83 45 -31 -82 -40 38 -98 62 -3 77 -37 46 -45 -90 -71 -95 36 -84 -52 -95 33 25 56 -10 -44 67 -84 18 56 94 6 -50 91 -25 -86 58 28 -78 -9 -18 -11 38 34 17 -29 29 -3 85 -21 24 -85 -37 1 53 46 -58 -71 60 -39 45 -31 -2 -30 -92 59 79 -51 85 -33 -62 -24 1 -8 -24 13 78 71 -98 -6 61 -63 87 82 21 13 8 -67 -98 -32 51 35 -20 29 47 -69 31 -23 48 -32 -50 86 -77 48 45 -74 96 48 88 -23 61 78 49 24 -6 87 -54 -94 -44 -51 77 -53 -22 -38 -70 -53 75 91 86 -17 -30 77 -99 11 -25 -56 -63 23 -63 97 -63 -77 41 -40 95 69 27 -93 -33 21 94 4 -26 -10 -27 -97 98 -52 -21 -70 67 -72 -72 62 14 8 -77 79 -3 29 94 66 8 -12 98 87 75 13 2 -68 9 20 -50 -47 -76 
-69 33 -29 50 -98 -86 -60 -2 -26 -2 -12 -69 59 -75 -50 36 -66 31 73 48 32 -41 -4 -38 -94 62 35 26 -62 -90 -70 89 49 84 -43 -85 -79 36 -42 63 -4 -10 -3 53 56 64 64 -99 40 2 47 -98 26 -61 28 -47 46 -54 32 -64 57 91 84 -71 73 -19 63 49 36 94 -99 80 -83 -92 -20 78 -60 25 -59 61 32 60 -1 -28 -11 -46 74 15 -20 53 18 -50 43 76 -90 -72 -92 38 -26 -27 -79 -97 -33 26 34 -52 -94 -66 95 -48 47 20 -95 -12 16 94 -17 -20 -29 71 -40 -82 36 -23 1 39 -91 70 36 38 -85 35 -41 -66 -37 -93 96 -26 87 -91 86 52 61 -92 31 28 0 -1 49 -8 31 76 -40 -70 72 -45 -48 19 2 -98 -77 88 -6 -52 -82 58 -21 92 -39 -23 -79 56 56 61 74 18 31 -44 63 -21 11 89 51 16 -10 79 -72 -16 -37 -84 -14 63 -55 93 -68 50 -59 -55 47 -86 -1 -55 76 57 61 -87 57 73 -94 -61 -67 23 -64 -28 37 -32 -86 17 14 -7 79 27 70 92 -10 -46 -73 -19 -46 -79 14 66 93 -9 -92 -44 -64 -1 58 25 97 74 13 81 -63 -68 75 44 37 -75 89 7 58 -22 79 87 -6 98 -11 5 -76 -88 -61 73 41 96 45 91 29 45 7 -79 99 -7 56 69 -29 58 -70 -21 -21 -88 -73 -52 -28 58 -88 -22 -63 20 -54 -50 0 -29 -40 87 84 99 67 99 
-66 -95 44 -95 47 -18 -41 -72 -21 -29 -87 75 70 -49 39 31 -64 -49 83 -12 43 72 30 -60 44 -51 -40 -42 -23 -27 95 -89 88 -41 -10 80 -76 -6 -36 30 11 -49 13 63 88 8 25 -96 44 3 -13 -94 -13 7 92 -70 29 -42 -97 -39 52 14 66 -46 45 -14 11 51 -44 -21 -9 43 29 7 -33 -32 -76 -84 -41 -93 -25 90 -38 13 19 35 -6 -34 -25 38 -36 4 -44 -14 59 17 69 26 -48 -18 20 79 43 64 -22 80 -76 43 -21 -34 60 10 -22 18 -41 23 -30 -99 -58 62 81 29 -69 -43 -85 46 -96 54 -63 -83 -62 64 -31 -97 0 -47 -89 -95 -23 40 34 -17 -35 16 23 53 75 -58 -17 74 23 58 58 96 5 -15 -1 -52 37 45 70 -45 38 54 -99 -17 -45 -67 62 13 32 -61 -83 -18 -84 -47 -13 -7 22 -58 45 88 -64 24 -4 2 64 -50 58 -26 -20 -66 5 -97 69 71 94 -78 -54 -15 -22 64 77 82 35 44 -27 78 -4 96 54 88 -73 74 -8 -75 30 -95 -64 71 -77 2 -72 93 -12 -16 -6 -70 -59 -89 -43 -75 -81 48 44 40 -93 -18 -59 15 19 -47 -27 -56 -26 88 -84 23 -55 90 -9 74 67 40 93 -6 47 85 53 -61 77 73 52 -4 -11 82 -59 15 29 -68 35 -55 6 12 -73 31 -22 -78 -91 -57 32 -22 -54 -30 -54 92 98 65 54 89 -34 37 -81 63 -93 69 4 16 -6 -98 
81 28 -49 -52 -45 -79 7 41 -20 88 55 4 -99 43 -69 71 -7 91 -21 -31 61 72 66 -7 -73 -6 75 46 -37 -41 38 26 -14 3 -1 -67 37 -12 -12 85 -70 -31 48 21 69 31 -46 -16 21 31 -19 60 99 -90 98 5 10 -89 61 -9 -25 17 -12 -56 -89 48 97 36 8 -79 53 -86 92 72 -70 40 -97 -56 -96 -56 -44 -28 -32 59 -87 69 -45 99 -12 -81 -89 -71 -74 -41 -29 -28 5 87 48 -42 1 -50 67 -36 43 -96 85 2 14 47 81 84 33 30 -56 -87 88 19 5 -1 59 55 14 -85 -48 82 -71 -10 -5 -29 -70 -37 -5 42 -92 -26 71 -38 -19 75 -75 -61 -2 -35 5 -75 -72 -2 -69 17 -36 53 69 18 -21 34 32 81 79 -93 -10 11 -34 6 13 -45 -6 -22 -89 77 27 -72 72 -58 48 -22 -65 -34 84 56 -14 57 96 -86 -24 -32 -44 1 -7 44 54 -73 5 55 -5 12 -71 -24 97 -95 9 9 50 -80 5 -22 -98 7 -5 62 58 -78 47 -9 -59 -79 48 -6 -92 -43 38 -9 31 85 41 -61 2 62 -78 -75 -69 -23 -73 -23 17 -25 -82 96 42 -32 -58 -83 38 58 88 0 -15 -20 3 -16 10 74 -47 -65 1 -88 8 -36 -19 2 89 -53 20 -18 -65 -1 -88 -87 49 76 33 72 -90 29 -41 29 -73 -72 62 28 1 -49 -13 21 99 -47 32 96 -5 28 73 -26 -94 51 -95 -61 18 -45 -71 -16 
89 27 -83 27 75 -39 -30 -46 27 84 -49 -38 -82 -94 37 -39 -45 -15 73 -37 -61 -42 -34 83 26 -23 69 22 -60 53 7 66 32 -82 -52 -32 66 -63 96 54 -34 -29 42 41 6 -11 -25 87 -27 33 86 -6 -47 43 -38 -5 81 -75 78 -89 43 31 -97 -67 -74 -85 59 60 -47 -25 45 44 -33 21 5 21 -36 4 27 21 54 95 -24 -29 66 -34 -96 5 -47 -42 43 -94 -82 90 -88 -78 -9 -85 -67 98 -14 94 -63 -1 30 61 -9 87 71 14 30 -53 13 31 -70 -98 17 9 50 41 30 -65 83 6 -69 25 80 -69 32 75 -9 39 -6 38 -99 -39 5 48 94 55 -15 80 37 -55 -91 -37 12 90 58 -19 74 -79 17 45 -66 42 -37 96 66 -45 32 83 -59 -64 -15 15 13 -2 50 2 23 -99 76 60 -23 -74 44 77 -33 72 89 22 -9 30 -3 73 78 -61 7 -44 -61 84 84 -43 98 68 -52 29 -35 7 39 72 96 27 91 72 -7 93 -28 22 -49 -57 -15 65 95 -86 99 64 8 -85 35 -76 -87 -92 -71 41 61 16 49 77 -8 49 90 -62 -17 7 -38 32 -92 83 88 -28 -65 -38 -63 -24 31 13 32 62 -39 21 -68 44 -50 -94 85 -57 -31 52 35 23 -59 82 -99 3 25 -32 59 -84 20 26 35 -98 31 16 -87 -53 -16 66 81 -95 -10 68 27 92 -42 -10 53 67 45 -53 -35 57 72 24 -52 -60 49 5 
-60 30 45 13 -98 -20 -95 24 -4 33 -45 41 -85 -40 26 33 32 -92 56 -98 42 -52 -10 -36 -59 33 -6 88 21 -55 91 -27 0 79 -24 33 87 -30 91 66 -87 86 -45 -68 44 -77 -55 -15 35 56 -88 10 -23 -87 -84 65 48 -66 55 -80 87 81 67 -43 -48 -40 -50 -94 39 -35 78 -17 35 86 77 -35 27 88 -30 89 -31 -99 67 49 -39 20 15 -25 17 70 23 -9 -37 -60 41 72 88 33 -15 -57 -17 -11 99 -86 -17 11 26 -7 68 77 67 -58 -51 0 80 -22 8 -9 -41 -89 86 83 73 6 -26 -95 84 61 11 55 -23 87 -76 -72 -4 91 22 -35 51 34 83 39 86 -32 1 -91 -78 -10 -85 75 -34 54 13 78 62 27 25 26 19 95 -97 -20 -29 -21 46 -71 -39 47 -71 -17 80 66 -98 56 -46 -46 -3 -88 40 -96 -80 -81 -70 -48 -3 86 59 -51 3 16 -55 45 58 21 20 -49 46 -66 -6 5 -73 29 -77 33 -70 70 7 -83 -77 85 30 34 -91 95 94 43 17 2 78 94 38 47 38 7 -48 -11 61 -32 -66 -50 -21 21 83 -4 66 -28 -42 19 -1 34 -59 -25 32 -6 14 -89 -85 63 -34 51 79 83 -91 22 27 -91 38 25 -95 23 28 -20 8 45 -17 -92 11 -52 82 37 92 -85 -5 -84 65 -43 15 -3 -11 -21 46 53 -30 29 -33 -92 -88 -30 -52 64 -89 70 -34 21 57 58 -83 46 68 -8 
-81 -78 -2 -4 5 44 30 -74 1 49 0 -84 -89 91 -65 77 85 63 -23 44 27 38 -80 93 92 66 -23 1 92 94 -36 -39 -77 -3 38 -56 75 -46 -96 0 -92 -40 37 -34 -79 43 37 65 -24 49 -16 13 66 74 -19 -91 -66 -28 33 -87 29 -73 -31 -56 -1 -12 14 -80 85 -28 76 -91 51 16 -59 -86 83 -83 89 -70 0 -52 41 -14 36 29 -42 -42 -6 -9 37 -7 -42 17 99 -77 -37 -58 7 47 26 18 -48 8 59 34 26 42 -78 -84 -20 36 29 -89 67 -99 -49 22 60 -88 -41 36 -54 6 -44 32 -82 45 -55 40 -24 17 6 -55 78 -49 -62 27 23 -70 3 38 78 -90 48 14 64 -72 8 34 44 73 24 86 -7 -56 80 -29 -68 -48 -81 60 -40 75 40 -70 -48 -46 8 2 -57 48 5 -51 -35 42 23 67 41 -4 -21 -22 -58 38 -35 -20 96 94 34 -42 -68 -85 -95 -29 -55 -30 -71 82 79 -4 -32 -37 3 -32 -13 -97 -32 17 -37 4 -42 67 85 -43 2 33 4 85 -84 41 96 -83 46 -35 -96 76 -72 73 -21 -26 -88 15 -39 -88 40 86 -79 86 25 -15 -10 91 51 -70 60 -57 -50 -21 7 -34 -76 -69 -70 -35 -41 -99 27 3 51 56 80 -97 -16 51 -21 -25 33 -33 -45 18 23 -79 -59 -9 -31 0 -53 99 57 95 -43 -16 -59 6 39 16 26 -53 -34 -20 -62 -47 -32 -32 40 -98 -11 -55 -26 63 
20 -59 59 97 94 91 -91 -70 -95 -12 -57 -38 75 94 64 5 46 -20 84 89 58 -39 90 91 -46 61 -96 -6 77 -57 -66 -3 25 97 45 19 -21 -85 -57 -8 68 -35 -31 -13 -95 50 73 94 79 29 -81 80 -46 -37 87 95 0 -64 -56 -13 -32 -49 -69 83 -10 56 -97 -50 -99 41 92 27 -45 -83 45 -56 26 64 23 71 51 -2 57 32 13 -1 -10 86 43 75 11 -33 36 82 59 -67 -18 -15 -34 -18 75 -17 -9 -30 60 -11 -40 99 71 82 50 -39 -83 51 -91 85 -21 80 4 81 69 -40 -34 48 -32 -88 30 51 48 -88 -81 -93 -28 46 -51 -15 -76 -4 47 85 -86 -25 36 18 -53 80 94 -56 -27 77 13 -10 -25 -68 82 -89 94 10 -37 43 -54 59 -14 -58 -37 2 -40 66 65 -57 55 -39 77 77 -58 60 -12 -89 -21 -57 92 -9 -84 23 36 -71 46 -5 -71 9 60 5 -54 49 9 69 6 81 -42 -99 -15 98 9 -54 -4 -11 -58 1 1 23 -55 44 -48 84 -44 15 -90 83 -43 -31 -41 72 -67 67 99 -37 -28 34 36 -87 -40 74 27 -6 -52 -40 -52 -30 -47 -19 -6 34 -86 -94 -59 -48 -79 -33 28 61 -73 -65 -10 -41 -58 -81 -98 80 6 7 34 -14 -70 3 50 -42 54 17 60 74 42 40 17 -48 91 82 97 -21 12 -26 72 -82 78 19 2 -46 56 10 -38 -56 -76 -9 94 -78 -27 62 24 -20 -7 25 
-28 23 20 44 -30 -16 -40 90 -96 -48 45 -39 37 42 16 -22 24 9 -72 26 -65 86 77 -48 22 68 -56 56 97 -88 -26 -75 -36 -5 -23 25 62 -71 17 76 90 -84 -20 -53 -40 -48 87 66 62 -65 -47 11 -80 -24 39 -51 69 -96 -24 89 -68 2 84 81 36 -97 81 39 18 53 -30 82 -36 -84 -13 50 -75 26 55 -99 37 -58 -59 36 63 7 54 -61 -67 -98 -53 -43 -98 -38 93 94 97 -82 -85 -23 -61 -51 72 -88 -55 54 52 14 -4 -92 25 -10 -20 -34 44 -60 -43 38 -80 40 90 64 -52 -46 27 -34 -85 -78 -33 75 5 -46 40 5 -8 -2 -32 -99 -93 15 17 -34 -15 77 35 73 98 -81 -94 57 38 2 64 -74 -50 -65 40 -20 5 -48 47 72 93 50 -85 6 -59 70 76 16 92 -11 9 36 -67 -69 -6 60 83 2 -8 -89 98 -66 -44 -55 1 -82 -80 -28 -29 4 -16 -62 -68 -91 -62 66 10 87 96 29 34 -31 -93 80 14 18 25 -15 56 -87 13 46 62 -25 -86 -85 98 85 -43 99 31 -9 71 -40 83 -65 -7 -38 37 -95 98 -40 30 84 91 -9 -15 99 -56 -99 -42 3 11 -30 40 95 63 -47 48 -20 87 -10 15 55 45 -42 -71 27 -54 64 6 -63 65 93 -3 92 55 56 83 32 77 -75 -64 -78 72 52 -43 26 -87 -90 5 40 94 58 -35 36 91 11 56 -16 -26 76 -21 30 -41 -91 -6 -85 
5 -41 24 -31 -65 -97 21 -52 -69 -73 79 60 -55 27 68 2 73 56 70 67 -28 66 2 30 33 94 -35 61 -79 81 26 98 56 -88 -64 -40 0 9 -77 -14 34 20 91 -77 91 15 82 94 31 -73 64 46 -36 -74 48 86 -6 11 50 0 71 84 46 91 -92 -8 91 -49 7 14 -38 -93 -61 91 17 -37 -69 42 -27 -85 87 9 94 33 -12 60 88 -28 -31 -82 67 46 44 -81 -50 99 36 68 -89 -86 64 19 6 75 -83 94 97 -36 15 -58 9 80 8 39 -13 49 11 -66 -37 -2 -12 29 65 -37 -15 -85 47 95 -38 -57 93 -14 -68 52 -67 -47 84 -22 -83 -63 16 73 74 -87 6 -51 46 12 -19 74 -75 -25 -79 95 99 9 84 -70 -71 77 -13 11 17 0 -55 -62 -96 29 -61 86 8 53 48 60 64 25 71 65 -75 68 23 3 -94 6 23 -76 -25 -62 -87 86 62 7 60 -68 -60 84 17 31 21 91 87 28 -86 -84 3 -9 -47 62 -92 45 17 -72 42 39 49 -40 -9 -12 -26 67 86 -31 -72 75 38 93 64 63 -88 14 -62 86 -80 -60 -10 88 87 79 -74 27 -3 8 1 63 -11 30 45 65 -97 -45 61 75 69 -41 18 -94 -38 78 5 -11 -31 99 -18 -8 -66 -46 -60 34 19 -62 52 -42 -65 2 -35 -24 -73 20 -69 49 -52 90 10 -62 -99 95 -27 -56 49 -66 58 12 -27 29 29 -49 10 67 10 -93 
31 -28 74 -17 27 4 9 60 97 -18 86 -68 94 -80 75 58 2 -47 -89 -62 28 -98 -69 -91 24 -60 -98 -71 73 1 61 92 -2 -13 -48 64 30 -77 -20 -54 57 16 -92 30 -40 31 -76 -61 40 32 28 -72 11 86 -58 87 0 98 -35 60 95 11 34 6 -90 -21 54 55 7 57 6 -48 72 -44 -66 26 68 77 -99 39 -73 -37 3 -16 19 -12 23 -82 -42 -33 -67 -95 -40 13 79 25 -65 -55 -36 42 -62 -26 89 32 -77 93 -82 26 61 -95 -36 53 19 -31 -77 6 54 36 -78 66 0 4 64 -13 -5 -82 95 23 -45 -59 11 74 -87 -31 -83 97 -31 52 90 -97 24 89 -48 34 -11 9 23 57 95 -10 59 26 8 -3 98 -7 -23 -32 59 34 28 -47 68 92 68 -4 49 25 79 -17 30 -42 22 -62 -20 66 -48 -35 84 93 36 4 74 57 43 -5 50 36 -7 64 93 -76 62 30 24 69 -13 -58 -68 -78 41 -32 -7 -15 -35 -49 -21 61 71 50 -99 36 81 94 80 44 -52 44 17 -4 -89 -90 1 -81 76 -49 -23 74 -35 22 18 -12 84 17 49 13 10 -41 -43 -38 20 74 10 -30 18 9 72 -96 5 -14 41 46 42 -3 62 75 -67 88 -95 70 75 -86 -88 -81 16 -63 80 94 -41 55 -66 -61 53 -24 -36 -63 -59 21 59 -86 -50 -8 -89 -12 78 17 -29 79 10 79 1 53 -95 -44 -44 -25 -41 61 -86 46 
-7 63 75 -9 -62 -44 -7 80 -74 -64 -7 47 25 93 25 -78 26 -9 -99 -87 -4 22 0 42 -48 85 -89 -21 -54 -11 55 -16 8 -68 96 16 18 10 9 -95 -36 88 -93 -24 -79 -13 66 -93 0 1 -97 51 93 -55 -14 24 96 -33 17 48 -74 47 -41 48 75 11 54 4 18 -1 -68 73 88 6 43 -69 -27 98 -10 34 31 -74 41 -64 -51 -61 -12 -53 62 61 -10 63 88 -42 -44 -56 -19 -92 85 -89 -88 43 30 84 -87 -50 60 -26 -35 -86 -30 23 -6 39 60 -31 -76 22 46 52 19 91 29 66 7 -26 -10 5 22 -36 8 51 -88 -72 -80 -5 -36 38 96 62 -10 -83 -77 -44 76 -55 -15 -20 23 11 80 80 -17 -88 8 -4 33 -58 -48 -72 77 -89 50 40 81 33 25 91 14 57 99 -15 -77 52 -22 -58 44 -24 -85 31 99 50 -41 67 15 -33 82 87 94 -93 9 -28 70 82 -13 -15 63 0 -80 -42 80 -14 29 20 -52 -3 -57 56 -88 -7 30 -55 49 80 91 -58 23 36 20 70 34 -27 12 24 -30 3 -60 23 9 2 -78 -61 27 -67 61 15 -34 86 -26 69 4 -78 61 -26 83 -96 -30 -69 94 93 2 38 -58 -90 89 70 -78 62 41 -79 -12 -61 94 9 97 -66 -84 44 -78 -78 38 -89 25 -50 78 -68 -74 53 -35 -41 -39 -92 86 -87 16 16 45 56 56 -88 -29 8 43 41 -19 39 -87 -41 -9 -57 
-64 -37 -84 9 -9 -76 34 -3 75 -10 -75 41 -66 -90 12 -22 39 -16 98 89 78 -69 87 -23 -66 -66 5 -5 74 36 30 -88 47 -62 -3 87 98 24 94 42 -51 -96 46 -38 -28 -6 -69 14 34 37 -49 -23 -59 30 93 81 -70 -26 67 73 97 58 60 -89 70 98 87 -34 -10 24 35 35 -61 -85 3 -6 11 -83 -61 32 -58 60 43 84 -26 49 40 5 80 -23 -52 -36 73 -21 -18 64 -66 95 -61 93 85 -38 46 42 -49 72 15 47 -33 98 12 -65 -55 -65 -98 75 -42 21 -10 -73 -49 -42 -25 -79 -58 83 45 -74 75 42 -21 -53 -13 -64 -71 22 -62 20 49 -13 2 86 72 59 -59 -63 -7 -91 -87 44 -48 55 -55 57 19 26 -47 -84 -89 77 51 -88 -82 99 71 -27 -35 99 29 65 -50 45 56 23 -79 -99 -63 8 -66 -27 42 78 -55 93 -14 82 -99 60 -61 85 53 65 -9 74 9 21 32 34 49 -41 2 -22 -90 81 -83 -15 -29 -81 56 80 -49 18 61 13 3 -89 -27 -34 47 -36 -26 -68 -41 61 7 97 -13 -56 -59 4 -48 -84 14 -10 63 53 -51 39 -18 69 66 20 85 91 -70 -69 -94 -65 -81 -28 -95 40 49 -81 -6 -62 56 78 -1 -72 -20 -34 -72 45 -68 -4 29 76 98 -15 59 4 47 88 -12 -65 -78 -19 -88 -43 78 92 60 -43 -3 -88 68 -74 7 39 2 -2 46 64 40 -76 -62 20 -32 33 
23 15 -13 -65 56 6 59 -14 -44 -94 -42 -1 27 49 50 73 98 35 -26 86 43 -64 -31 -61 14 -25 32 -49 -9 81 -12 -33 26 -79 95 -93 0 27 -91 46 -4 -23 -72 -89 -88 -38 88 -17 -52 -55 -87 -23 57 -83 82 33 71 99 -72 -41 -36 -70 8 16 -77 -46 -6 -77 29 -70 27 -55 -12 -4 -16 -95 61 7 -66 -93 -84 22 -98 -81 -75 -5 5 59 -14 38 29 -58 41 -91 30 83 -92 96 38 -48 -61 27 -83 -59 -13 -38 33 -43 50 -38 92 -42 -47 48 -32 -6 97 -88 15 89 -97 -79 -83 -12 56 -41 -2 -34 22 58 -71 57 -93 90 -40 -10 28 66 -2 -63 -99 0 16 -48 -9 -68 -48 -21 -59 -61 -69 -39 -51 2 50 84 83 83 69 22 87 80 44 66 86 -45 16 8 60 31 -55 12 11 -47 36 60 7 43 -26 -50 65 8 -79 -63 91 4 38 -22 -87 15 81 -89 34 65 -19 -33 -54 -81 26 74 12 -91 86 -22 93 52 28 -43 -45 -50 99 75 62 -18 31 47 -48 -23 -36 -19 -20 79 16 -20 -25 43 -59 -90 -2 9 10 -33 55 12 -87 59 -27 57 14 5 -96 81 -60 88 -98 52 -78 14 -9 96 -7 -35 32 70 4 -52 67 -90 -57 -59 -63 -18 -2 -44 8 51 -70 -87 -80 54 30 1 99 -3 -14 83 -69 73 -6 -9 49 73 35 -34 62 39 -15 -46 48 86 -50 -60 31 55 36 -59 -63 -68 -80 19 
-15 -3 -11 -29 -31 -83 7 -81 79 94 -64 93 17 9 13 -86 43 -32 45 -26 99 61 5 -59 -66 44 -87 53 18 -45 12 91 -3 31 -48 98 -83 -9 52 80 -81 -38 -26 64 -40 -64 64 38 -6 99 -47 7 50 -19 97 82 -60 91 31 51 74 18 82 72 -38 98 -10 -63 -70 -33 -83 83 -63 -83 -48 -55 -76 17 0 -73 -21 -55 -49 -48 -26 57 93 -7 60 4 -59 57 -23 -51 -49 0 2 5 54 -5 -97 52 6 -59 -69 62 56 71 -66 10 50 -66 -25 4 -34 68 -76 -37 74 64 15 -82 0 -46 -95 34 50 6 -50 17 -88 84 -20 -13 76 -42 13 -99 23 -59 -72 68 -80 -94 4 -89 66 46 0 -33 -67 53 -27 -38 51 -78 -47 26 93 -80 -48 -67 -64 -28 15 -98 24 73 -60 -75 -3 83 -43 7 -7 52 67 -41 69 69 12 67 39 -55 -55 -3 13 -98 -72 -60 -61 -64 64 10 -83 58 -21 -71 28 51 -85 93 5 -12 -83 -28 70 81 80 -28 -63 19 -45 -74 47 17 -74 -52 83 67 81 -84 58 4 -74 -28 56 -26 17 -9 -54 -46 -14 -37 83 -27 -52 -30 -40 -4 3 36 43 5 -6 -68 -49 -85 86 63 7 18 -21 -38 0 -21 86 69 -33 41 54 78 -87 6 -85 14 -51 -12 39 -61 19 25 -92 -98 41 34 -51 -63 -39 -24 43 -6 7 -16 -35 79 -6 -63 7 80 78 -51 -2 -93 -53 -73 -92 -74 0 -55 
-42 77 17 -36 -87 -21 -1 -59 12 57 32 -98 -6 49 -13 90 28 63 -51 -80 63 49 26 78 -1 -78 -60 64 85 41 -88 -18 49 -19 67 -98 -17 73 -73 55 91 -62 66 21 -86 -66 -7 -40 -62 42 -82 0 74 80 -69 42 -78 -33 67 -1 12 -36 -29 2 -28 41 97 24 61 58 -84 70 -58 82 -24 -37 -41 84 21 41 -90 5 -98 -56 42 75 55 82 -58 -54 49 69 99 91 11 -60 98 -89 46 12 -63 -71 -63 -22 94 -5 87 -19 -5 65 -55 15 69 68 -87 79 77 -4 -57 -65 13 26 84 47 71 22 14 -46 -23 38 66 -23 -21 82 38 -7 61 -25 7 92 -64 36 -84 -76 -75 14 41 -33 71 70 17 -33 72 -30 -17 -69 95 80 -97 -99 72 4 -11 -74 68 -92 84 99 -66 -85 16 -54 -59 86 33 -94 -40 18 -72 -74 -39 -14 44 -26 99 -63 37 -53 57 -80 17 67 -43 -86 -75 91 64 -9 14 -29 47 -28 -51 16 14 35 7 61 41 52 85 -26 -69 25 6 -20 -79 13 82 -45 81 -10 40 35 54 72 63 7 7 -84 -18 49 52 -35 45 75 8 -36 94 -13 79 84 -87 22 -57 70 29 -28 75 -49 -98 -25 -57 4 1 82 -37 46 -61 -34 -85 -7 20 -65 -23 -25 27 -75 -49 81 -35 41 -36 13 16 81 -63 -69 -14 99 80 95 -44 -79 -72 3 10 -83 -69 -71 -99 -41 -16 -71 -92 57 -39 -52 -37 -71 
-14 61 -99 -54 -38 -68 83 -78 -98 76 -38 75 99 -10 -15 -62 34 -43 54 5 48 -55 -25 71 59 -40 -97 -54 -74 22 66 12 34 -27 62 -14 -9 -73 -50 75 -64 -90 -15 40 75 -30 -56 -64 -91 -34 1 -18 -79 -18 -65 -51 -36 -81 -58 21 -96 1 96 -69 -3 79 88 -60 11 -49 58 39 52 -40 -32 97 65 38 -70 -86 -94 59 -70 -27 -69 -77 99 5 98 99 -26 -64 -95 -51 91 70 87 -92 -99 -50 93 85 69 71 -91 19 98 -85 -31 -77 55 -25 29 -70 65 -64 41 -88 65 11 -88 -73 -38 37 -77 -7 -97 43 31 -84 29 54 92 72 -80 -73 -58 -55 -87 -14 0 16 -23 45 60 -71 -20 -75 62 89 -87 -30 28 20 -53 34 57 57 -6 92 -67 19 -48 53 -93 51 92 54 -96 -16 -43 -97 -47 -94 -35 -51 -38 -58 -9 -48 -21 -72 60 -88 -77 -6 47 67 61 -73 -92 -44 77 2 24 -21 -56 24 82 67 -79 -14 -10 -48 -2 -24 -99 -60 6 46 -38 -70 27 25 79 31 47 -7 -67 -28 -6 -16 65 69 -73 -27 18 87 -70 52 1 -58 -32 60 -14 -82 -46 -60 79 -99 -20 -16 -34 65 84 -24 16 85 98 26 -55 10 -36 -61 34 29 57 37 -20 -65 99 -2 98 14 -67 -89 -4 -55 17 -29 75 74 -84 -40 -40 62 77 38 -66 -7 86 27 43 10 -75 99 -4 -72 25 -34 -28 38 67 49 44 -16 -51 -28 17 73 
32 -90 -58 -62 89 40 -90 -16 -89 -67 -31 -33 66 -69 65 28 74 -34 8 22 29 54 66 -55 -39 58 -83 48 -72 -60 -73 42 21 -78 11 -75 -39 -47 62 -7 -67 42 76 52 8 63 58 80 -73 -28 77 61 -16 -69 83 28 -47 4 -60 32 94 -91 12 -50 -17 -97 -39 -97 30 -43 9 79 74 77 84 -11 -74 14 87 17 36 76 -45 27 -20 18 -78 28 -3 -69 -47 -11 52 32 44 -75 -33 -54 14 99 -19 -93 -43 -72 -88 14 -95 -54 79 39 -42 45 8 38 3 -6 -42 67 -43 -87 -44 -56 70 3 52 -6 -66 -7 -2 71 75 39 -60 -16 -80 53 -70 21 -72 54 -92 52 90 -59 -42 -59 -69 69 34 26 -20 -58 -57 77 -43 54 -78 -57 76 6 -51 31 -7 -59 -51 -97 62 -64 -69 -69 87 7 -37 97 -81 -97 -85 67 -71 -81 -94 39 61 -55 -88 96 -47 16 4 -46 -56 -84 4 -97 29 -12 -41 36 27 14 27 -93 66 62 42 16 20 -38 -48 -38 -4 -92 -20 -88 15 41 -67 93 -55 -73 84 31 19 99 -72 -38 -77 -74 -95 23 2 24 -89 -94 24 -96 57 44 54 -86 -77 30 -53 94 -19 -86 -64 -19 54 90 -31 -80 63 43 -63 33 -70 80 -38 -73 93 29 -79 -68 -15 -53 66 47 95 -52 89 -87 60 -58 73 -31 -59 40 62 12 -97 -28 -65 24 19 -14 3 19 63 -73 -22 -5 -48 -49 61 63 -32 -85 45 -96 
92 20 -57 -57 42 -39 82 48 74 -46 -17 10 -47 -47 -31 32 11 -79 75 56 32 27 82 29 16 78 -82 -22 22 -47 -39 -89 29 19 -24 87 -7 16 22 -54 39 -23 27 12 55 -91 -58 -35 -58 -34 88 42 -83 43 0 -41 66 34 -72 -74 22 -64 -46 71 0 -35 -36 -13 16 -35 91 38 -59 93 -59 -47 -25 -87 70 -61 95 40 -11 -33 41 -38 0 7 -68 33 8 -9 90 1 49 -47 10 73 26 -17 -72 -76 33 -70 63 86 79 -5 -9 31 -17 32 66 58 -62 -16 -21 98 30 -40 86 22 -44 83 -73 -52 81 78 -89 87 96 -23 55 75 2 -77 -63 -2 78 64 -42 -4 55 88 -37 -4 -93 77 15 -32 -80 34 -19 -58 45 76 75 -29 98 7 1 -51 52 97 -93 -2 32 -53 -63 67 -12 -85 -21 -66 -59 44 -59 23 14 -75 79 12 -23 7 -83 62 31 73 -70 -5 27 -77 89 59 52 39 36 -68 36 95 84 -68 69 -68 67 -34 40 66 -70 -24 -76 -32 15 68 -81 86 -30 -15 15 -61 -72 -60 -58 42 99 -47 -67 -73 41 -23 9 90 -18 20 -73 -71 20 -56 97 -49 -22 -51 45 10 -89 -30 14 42 64 -95 -90 -98 19 54 59 7 -66 88 76 -92 36 33 -46 -51 74 27 -86 -54 74 49 -59 -10 -90 37 -64 84 34 79 -61 73 -96 -53 -92 -50 66 -81 -55 24 5 -8 13 33 -25 -71 -44 51 -11 42 -3 -77 
-82 -76 71 36 -6 61 28 -79 32 25 -16 8 -97 97 -54 38 46 39 -24 63 40 -84 -51 -23 -69 19 -21 -59 -4 17 18 92 14 73 -58 42 15 -28 -95 8 -67 -42 -14 -96 54 74 40 81 -22 -81 7 55 -53 -25 -94 -86 -48 -9 -69 56 -53 98 37 53 6 -66 12 -81 68 49 24 -64 -61 -37 -6 -85 2 55 -43 23 -5 58 -23 -39 75 -53 48 -22 -2 58 -65 -68 70 -35 -13 94 -81 -66 25 -58 96 -32 -73 -81 -30 53 -63 87 30 -50 2 -95 -54 85 30 -97 23 73 -44 65 79 32 -8 64 -23 -45 -49 7 87 -31 1 -51 -49 2 -37 69 56 -96 20 36 -62 -71 32 -72 53 90 -4 99 -33 56 86 -28 -85 -81 -18 46 54 4 21 73 -40 -74 -92 -60 -67 -49 30 61 73 -80 -2 0 36 -43 46 -75 55 28 -87 -67 64 62 -90 -81 70 55 63 -98 70 44 41 -59 -37 89 -77 -57 -80 79 -28 67 78 -99 -31 49 81 -3 59 -44 -64 -19 99 80 -18 52 -24 90 -42 38 76 78 37 1 -6 -49 -29 -58 -28 19 -28 -22 -89 85 -29 -89 44 16 76 9 28 -21 58 93 20 -85 -97 -84 46 -97 -99 -3 5 59 81 64 13 -58 35 24 59 -79 58 36 -18 10 -35 6 82 29 -62 -55 58 -87 -36 -93 19 37 -16 -60 29 -69 -64 -14 45 86 42 19 -25 -18 -13 11 68 97 -70 -29 65 34 54 -89 19 -21 
92 89 0 40 41 24 -79 80 -99 -61 -89 -19 13 60 -60 97 67 47 -29 -34 -28 35 93 30 46 -36 -13 -89 77 -60 -64 53 14 -80 -84 5 55 -20 -43 -95 -95 -73 25 88 -6 -1 44 -71 23 -76 -32 87 45 27 45 26 -15 -11 53 23 -82 7 -71 -68 88 -87 16 -53 -45 33 45 65 24 -92 -18 50 53 -20 -74 -90 -48 24 -49 -33 42 -18 44 -43 -34 18 -84 -83 -92 88 -30 -5 82 -62 -13 -97 -71 -90 -88 -50 6 86 8 -40 -58 -89 -34 65 -61 49 44 -11 45 -47 -45 56 -13 87 -94 31 21 20 -19 49 7 -5 -70 3 17 -69 95 38 38 -6 6 -59 -5 -39 22 -81 -12 -37 -76 -99 48 59 57 52 95 -41 -34 -27 83 -96 -41 65 -83 -54 -42 -56 36 76 -51 -26 21 -40 -42 9 -76 93 34 -45 -56 -74 7 -57 23 15 -88 38 -83 -9 51 40 92 -98 -82 41 -16 -83 63 -86 47 -6 -96 30 -95 40 61 15 84 71 -47 20 -33 26 59 -78 -10 -70 -47 -67 -81 73 -2 27 97 -94 12 -60 22 -39 -17 -66 28 -77 69 43 81 86 -78 98 -52 -18 75 -76 61 84 -73 -63 14 41 99 22 -46 89 -14 93 -76 -62 -53 17 93 -5 69 -15 64 -98 -30 77 -77 17 -40 -97 97 47 -23 -29 -55 -19 -3 -15 -62 -81 -54 16 -18 -79 74 26 -88 14 37 -40 37 -1 17 -55 90 27 72 -40 -84 75 9 93 
-40 -52 -87 96 -87 -74 7 91 53 59 99 -8 -53 -26 4 -26 -24 14 11 17 8 12 2 -13 85 -69 -7 14 -10 -32 -20 -32 -56 25 17 64 43 58 -94 -88 -40 90 -15 -79 -32 -10 -9 -17 16 -51 -57 68 69 6 78 47 8 -31 91 -9 57 -2 66 -79 -98 -43 38 1 -11 -19 -13 -70 41 -35 -34 -66 -56 -32 -65 -6 -24 85 -82 86 67 81 -18 25 64 -39 7 -60 4 64 69 -26 -66 9 -66 -6 -15 91 23 -75 58 36 87 -71 87 38 -56 44 41 27 35 75 90 0 -10 -84 -32 -76 -74 69 -31 62 73 -21 -15 -85 10 -39 45 49 1 -28 81 -15 -56 30 58 -6 -59 -67 -84 -96 73 67 -57 -80 -70 5 17 -64 -88 -44 62 -52 -94 17 -22 67 50 49 27 45 52 -89 -34 86 70 -8 91 -44 -72 89 -53 -28 -43 -77 -60 62 -95 17 86 -63 42 -68 -85 9 75 -2 -49 57 -14 -97 -96 -4 -78 7 76 14 -49 -68 -61 -24 -16 -95 57 87 22 66 42 -91 98 98 -36 -68 -60 29 63 59 -32 -6 -80 3 26 -8 -41 84 99 -41 87 -31 16 61 -73 35 5 -1 -43 -32 -50 -48 -10 7 -24 26 82 -80 -93 -23 -40 -23 -16 41 -55 86 57 -47 -12 19 20 24 58 80 -94 23 31 -93 -39 22 -5 57 -30 -5 -96 97 11 76 -11 95 -9 62 36 37 68 -64 69 19 -83 48 -98 -92 66 -42 -42 -57 -59 -45 
-59 -36 37 -14 -99 -66 55 -27 14 51 91 81 -58 -16 52 -61 -97 -25 45 37 43 -27 -83 37 54 51 -35 -56 -68 -55 -78 -45 52 -26 32 65 52 33 59 28 66 1 52 -90 -22 37 31 -46 13 -76 85 70 68 -16 49 41 46 15 -76 -5 43 -62 -5 -46 -53 -99 21 63 -62 56 -20 -71 50 -57 -61 -14 -84 40 13 19 72 76 -95 -82 -76 19 53 79 -76 91 94 -46 -3 -31 -15 -22 -84 35 28 80 25 -33 30 8 -63 -65 11 37 17 35 -38 7 26 90 32 95 30 36 80 -1 -20 37 -23 26 -52 81 61 80 -39 1 19 -21 -38 -77 33 27 -60 97 5 80 56 -1 53 85 1 -46 74 -55 -6 -72 27 -59 20 4 13 -89 -43 -20 75 76 -66 15 -24 -84 40 -55 25 -89 -12 14 -61 97 55 33 -53 -79 -95 -19 53 -92 -69 44 -64 -54 27 73 -72 72 -61 34 89 -52 62 -42 92 12 -68 -82 -77 78 -12 -70 -90 -33 82 39 -24 71 19 82 -66 -83 -67 67 -4 80 -34 -78 -10 68 46 6 -22 35 89 37 -26 16 -43 -79 -13 -21 92 -46 -41 -4 -19 44 88 62 79 -34 27 69 77 -57 73 -25 -88 -45 15 -45 -49 58 29 -91 1 -74 38 42 76 28 24 91 99 -11 8 -80 -88 71 -88 -22 -8 68 -6 -40 83 76 -17 -43 -16 -24 -36 82 -33 -57 75 -97 -36 -42 -84 29 -32 -21 -12 55 55 70 -75 -30 
-56 10 18 66 -84 87 -31 78 -82 -63 18 -87 19 -18 -58 96 -13 79 31 47 -77 -4 -83 82 21 -92 -23 8 -18 -42 -79 -58 -70 8 59 5 -83 -15 -32 8 -76 -77 81 28 30 33 -62 6 -47 -50 -48 -1 3 -33 96 -65 -64 74 -29 -85 82 12 88 58 -36 10 -31 -99 -23 -82 21 31 92 -38 -40 -17 75 52 80 -15 -84 28 -90 -20 -91 -8 -9 80 -7 7 -42 -29 73 -82 0 39 55 -41 88 22 57 39 -97 -11 -6 43 -84 88 -73 24 -18 -37 -26 -11 54 -92 -10 56 14 -22 -80 25 9 1 -85 -40 -27 33 -75 -10 -92 -67 29 99 -69 -43 45 86 91 81 -65 -2 -2 -92 -61 32 16 -7 40 -61 -10 -85 86 -19 -59 57 14 -50 -64 16 -60 36 -4 28 78 40 -92 -32 -92 -60 -24 62 30 -51 -99 7 65 21 35 -55 -96 81 27 7 -88 52 46 -45 24 30 -36 -3 45 92 68 -70 35 4 -23 86 88 48 71 -36 -79 -82 68 20 -76 83 99 34 -67 58 -90 66 60 -51 33 74 -90 -62 -53 12 -31 16 50 24 -23 59 96 -61 6 50 -45 10 95 5 31 61 -72 -58 -57 95 -7 -32 -98 68 -92 40 -45 86 16 71 -17 -75 -55 -4 -50 58 93 6 -29 -18 -71 -84 89 -76 88 -23 61 77 6 46 -89 -76 -68 -25 -54 16 75 95 -56 31 66 28 -80 97 59 12 50 77 85 -95 -85 -99 -98 -57 -55 -77 
14 59 -88 -87 64 -22 -39 77 -93 38 -3 9 -35 76 -56 -94 96 66 15 53 -91 -88 -82 -45 -99 79 -74 -59 79 25 5 -12 95 7 80 -31 -11 46 64 10 -14 -21 26 -91 91 -58 -20 -62 -76 -94 9 10 65 -66 -71 57 0 -83 -58 48 -65 54 -33 -6 -60 -91 11 81 43 24 71 73 22 -51 11 7 13 47 22 -14 6 -70 50 86 -47 50 6 -82 -44 -2 -81 -6 -83 -86 -58 -19 63 -91 -38 -19 72 78 -22 -21 -23 -39 13 91 3 74 -81 4 -80 50 36 24 38 92 -47 95 -80 34 89 -20 51 86 49 -51 29 85 2 26 98 41 59 2 57 91 38 -22 -89 -96 -70 39 82 -23 74 -69 -34 -43 -85 -18 22 -66 97 -97 15 -16 -40 -4 -19 -88 77 70 -74 72 -64 -19 -15 -55 -30 -22 -31 77 -68 36 -39 78 -45 9 28 67 54 -72 -92 -1 69 -43 60 -55 -50 -85 -94 -78 -47 -2 67 -8 -27 -85 -74 -11 40 34 -81 1 -58 -94 -67 56 9 90 30 43 76 -85 -3 -4 73 -35 87 38 -86 -8 39 -84 65 -10 17 19 -48 33 90 20 25 49 17 72 62 -20 21 72 -82 36 -44 -98 34 86 -39 86 -6 -89 -26 62 -42 80 58 18 2 -78 -17 36 -4 -6 73 31 -20 -45 30 -43 -65 -38 28 17 -93 70 33 53 57 83 -20 91 -74 10 -90 -54 -68 -71 -42 -48 -39 30 82 -82 -23 -47 42 77 -26 -84 
-27 44 84 -89 -61 -88 -53 45 5 40 25 41 -53 99 43 -29 65 -56 33 42 43 -29 86 50 -52 68 -89 -42 16 77 19 -78 -94 -75 47 -83 44 -26 22 -24 58 -2 25 -76 0 -74 66 -65 -75 -90 -62 96 -4 -12 2 77 -76 25 -39 90 54 -58 78 59 65 -20 -93 -32 19 82 62 -26 27 60 27 58 -7 48 -71 68 -52 25 -66 57 81 -20 -57 -28 64 -83 34 57 67 -19 -78 -87 4 57 -44 13 -16 43 -58 45 -75 22 11 -65 -44 7 -92 -97 -89 66 54 56 -57 -13 -41 87 -59 4 52 -69 -58 35 -65 26 -15 -1 36 -36 37 62 -50 93 -58 8 39 71 -34 6 29 64 30 -57 82 -14 -68 -89 -23 75 34 76 82 -56 9 70 48 42 -14 42 -65 -39 -78 -60 53 -17 -16 70 49 83 77 -25 62 -57 -90 -47 9 33 51 -84 70 16 -62 50 -63 25 -17 -18 -62 29 94 87 -17 39 -37 4 32 -57 -66 -73 -6 15 -5 -88 -77 23 57 -68 -27 -48 14 93 -76 17 91 -92 -93 0 22 -2 27 89 46 31 58 67 -70 46 12 -39 -12 -46 -28 6 64 71 74 -47 -34 -95 58 54 47 70 -29 -50 -85 24 -38 -10 61 73 17 83 21 31 53 5 37 -13 -3 59 -78 61 93 24 12 -93 -76 -58 -30 29 29 16 -46 -70 55 50 -61 -28 -46 11 86 23 22 -97 44 -24 -64 -90 13 76 70 18 -44 83 14 -65 
-55 67 90 96 -77 -10 61 76 -15 -46 -99 45 74 -14 -55 -23 -9 -3 -98 -66 -78 -50 88 1 98 27 -71 -84 -43 -11 2 32 15 -2 9 -49 -19 4 9 -95 37 17 -91 -37 78 98 76 94 -82 -63 -5 -73 39 31 -92 62 -87 -53 15 -75 -94 -62 -59 -95 19 6 56 -65 89 81 -59 60 -79 -6 95 -76 85 -67 -97 -64 52 -20 -79 -73 -40 30 -69 -28 54 -60 -16 -17 92 88 -78 -27 -65 -73 25 44 33 94 70 74 -44 -47 -46 11 11 45 -77 33 29 -6 41 -58 26 82 -85 -31 99 -93 34 53 55 -7 50 17 -82 59 -82 33 -22 -22 24 32 -23 91 -8 5 -50 56 -17 84 -74 43 -65 -57 -39 -10 22 -74 8 74 48 -67 -21 -63 48 -86 35 98 84 21 -64 -67 -27 53 64 4 -5 49 -27 -90 76 13 -65 -13 56 -71 -2 16 -34 5 -84 -64 -84 -24 24 -4 -21 -29 69 1 86 21 -36 85 -99 -50 -56 -54 -38 -20 67 85 4 -26 -40 13 74 -70 85 84 -63 -62 68 -87 9 -97 68 -21 -15 56 -19 -78 32 -56 33 93 5 98 -80 -31 36 -67 -1 52 52 16 83 -94 3 -66 14 -16 69 80 96 19 -21 -71 -36 90 90 2 -91 -60 -92 -72 90 7 -37 -94 77 -79 42 69 -24 -52 -17 87 -31 44 1 31 25 -34 48 85 73 -64 87 32 12 -6 -69 -65 -96 -65 47 -57 0 8 -72 -61 78 -87 14 49 
-76 -32 -97 29 -77 6 -25 -63 -64 73 33 -96 -82 4 11 -47 92 86 -47 10 63 -19 -5 51 3 75 2 -7 32 -17 -63 -40 9 -95 -66 -22 -99 -38 43 -4 76 85 -1 -89 -5 26 37 -7 62 -42 17 15 -67 79 -91 -53 -16 -18 98 -37 -38 -99 67 53 49 -51 75 33 33 79 70 -82 89 -95 -68 -84 50 71 0 18 28 -70 -68 29 -33 -35 92 19 76 97 -57 -30 66 -37 -51 9 -96 84 8 60 -32 -78 -1 -28 -3 -35 -36 -45 8 -66 -54 -11 -61 49 -87 32 66 -36 61 20 58 -15 7 33 -74 -69 -1 68 11 92 21 81 -4 -84 -83 -76 67 -38 -93 -39 -31 5 -66 29 -10 31 -7 94 -19 -67 13 63 -45 7 42 -69 99 -39 -84 37 -74 15 21 -46 54 82 -6 -31 -51 -11 51 -39 16 -60 33 25 25 -87 -50 -79 -30 -7 -47 92 35 -81 13 -60 -6 -63 12 -52 -23 25 -77 90 -8 -94 -56 -67 -68 -1 99 13 -56 -80 64 91 64 -65 -96 -93 72 58 -31 -52 81 7 26 32 -9 -59 76 -68 77 -43 -77 74 -28 -1 92 69 24 77 -32 -61 59 58 -78 41 40 60 -73 80 -92 -25 -40 -38 -11 20 7 -56 -11 -16 -22 -53 -16 -24 96 -22 -64 -27 46 60 76 -30 51 -82 -84 -3 -86 -22 -65 -15 97 32 71 -18 38 -34 33 35 20 36 62 -63 -67 -84 -36 39 64 -93 3 -36 -44 19 -16 17 23 30 
45 -92 -38 40 37 1 -88 -19 -58 -84 -71 -45 67 -75 14 -31 66 2 -32 -13 -68 -30 -8 -5 74 -92 53 86 25 91 37 -18 90 -46 -65 -74 19 61 -59 -94 8 9 -98 -49 54 92 14 -34 34 -88 -77 9 -84 -78 59 69 -39 0 -20 31 -78 -6 -75 -23 11 32 -23 28 -2 -19 -96 86 5 23 -28 5 9 3 58 10 -85 -74 -16 57 56 -28 -8 -10 -11 -32 -7 -77 -26 -14 64 -19 -59 -96 -17 39 4 40 -68 28 -85 48 36 -68 -12 -17 0 -85 32 -34 83 -31 71 -67 60 -88 -6 64 27 -79 62 -6 -19 -11 63 51 54 77 44 -88 -31 67 29 -95 2 -27 -39 -43 33 -9 -42 85 98 -54 -74 -59 14 -49 -73 8 -38 83 -18 71 8 25 -60 -38 -89 -42 41 -67 -95 -99 -45 -59 -78 70 10 -24 -98 -91 -89 -69 -80 16 -36 -67 -50 52 -83 46 92 -35 -97 69 98 76 -25 45 13 -75 27 -97 -92 -78 10 -33 -69 -9 64 90 94 37 85 -53 -84 -27 42 -94 -92 58 4 -45 56 -51 -24 -98 11 23 90 -22 -28 -80 -51 84 26 23 -40 -8 -95 65 98 -58 -21 -93 58 -94 67 -94 -70 -82 9 -26 76 -29 -28 45 -67 -59 -13 -87 -15 30 8 42 -3 67 53 -80 79 83 69 53 65 -95 -65 -57 -14 42 -96 -4 -26 26 54 32 -67 63 37 -36 16 -39 13 84 70 68 -45 28 -55 -28 -5 -37 92 42 -4 11 
30 15 88 -65 -67 -79 97 57 -30 81 -10 -38 -46 61 -71 -92 49 -6 21 -91 67 21 59 35 74 -18 4 61 -31 -72 -2 24 -95 37 -21 99 15 -30 68 66 -43 -2 -28 55 95 -9 67 -23 97 4 88 -16 -52 78 -20 -10 48 74 -88 87 -13 65 74 -60 47 -67 23 17 -11 -56 48 -38 87 19 -92 99 30 -58 22 -33 76 -51 -25 7 -7 -35 -13 -90 -24 91 28 78 -59 -92 96 -32 -6 57 50 33 62 -71 -53 42 26 49 -89 -87 6 -70 41 34 -55 -83 -19 -34 -68 61 -34 -91 11 -65 76 32 4 -30 19 -52 -72 97 -94 -84 83 6 88 -27 -50 -76 -88 5 -80 34 -16 -32 -91 58 -43 -52 2 80 80 67 87 -27 57 -25 -5 -38 -58 80 76 -65 42 2 84 -15 -57 -89 -51 74 52 53 -21 0 -10 -84 19 52 96 3 -40 -4 -31 24 -81 33 53 -36 -23 60 -24 -4 -19 -21 61 -78 5 72 57 -21 -41 -8 -47 -38 -96 31 10 57 -93 -26 7 10 67 -87 90 -84 -6 -60 25 83 -5 99 -20 90 29 -95 44 -67 36 69 -7 -6 94 33 -86 63 61 -5 7 -66 -85 28 -89 -59 -95 64 -23 -26 -78 -87 78 49 70 -21 90 -82 51 -86 -50 -7 -55 -92 -10 -64 -17 83 47 -78 -4 89 26 -84 30 17 -30 67 28 -53 40 59 15 -33 65 5 5 -6 -76 62 61 -62 83 -48 8 48 -97 -54 31 88 -55 -7 
34 -28 -77 2 23 -66 97 21 -93 -16 40 -70 39 -83 49 57 46 99 42 7 -18 37 94 23 -44 12 59 -70 25 59 77 -33 12 -35 97 89 40 -94 17 63 56 -3 -51 37 2 -97 43 73 89 50 -47 -7 51 3 49 -82 -43 53 7 22 61 -66 -71 92 12 52 32 -31 72 53 66 18 -95 -65 16 -4 -42 59 1 -46 71 -72 -91 28 16 -47 87 38 -38 17 -33 -81 -47 -85 60 -17 -35 81 85 -7 -39 26 -75 72 -75 -55 38 -81 -61 -79 -41 23 -21 11 44 13 74 69 33 88 -31 82 -22 77 20 -2 -18 -54 -90 -39 96 12 -77 72 89 -91 -29 -33 23 77 -40 82 97 -94 -24 -28 -96 -55 64 -69 -81 -3 20 -45 -48 -12 -99 43 -54 -13 68 62 51 -95 -44 33 67 -28 -59 5 -72 -89 -54 -65 78 54 -61 15 44 -83 8 -25 60 -76 3 -65 18 -33 9 41 86 -61 -92 -45 -53 -21 -32 12 -88 2 45 61 50 14 -66 -68 40 17 -10 71 38 -81 -96 -28 48 58 -15 55 -16 93 72 41 -50 63 6 67 -74 -27 -84 -89 20 -97 8 62 38 83 73 55 3 -97 98 70 65 -97 -71 87 22 84 -53 76 67 78 -70 -41 92 -13 -13 24 11 -16 1 91 72 73 66 67 -50 42 28 85 -70 51 -54 68 -9 -85 43 -52 -67 -19 47 -46 34 -8 -66 -31 88 -37 56 -83 36 8 2 46 24 -58 -32 -4 57 -90 
-26 -6 -3 -33 57 -83 87 33 -85 44 10 27 -42 -94 -72 -66 17 44 -15 8 -4 -39 -83 -62 15 62 -20 98 -25 99 -90 68 -69 20 63 -21 7 -66 -91 96 -73 61 31 -8 -71 -53 71 -97 22 -46 -21 -30 34 36 45 92 -90 -42 -79 -35 -7 89 71 61 98 -4 -5 -18 79 95 -45 39 41 -53 49 79 -10 87 -63 -78 -26 -6 78 54 -85 86 28 -44 4 12 -24 -12 -24 74 50 63 -76 -52 9 99 -62 43 69 25 -1 -20 -66 50 18 68 2 -19 -61 -9 -30 99 21 -84 81 39 62 33 18 -86 -12 -42 -31 -57 99 -30 63 82 27 -54 -21 49 -14 -34 97 98 -65 22 97 97 33 -99 22 -26 57 -8 39 17 -39 93 67 49 -58 -26 26 65 -38 80 -67 47 -97 36 19 66 -98 41 33 -86 -94 14 62 -17 85 74 79 39 98 -88 75 -6 -44 58 90 -68 -7 16 -97 25 96 29 0 -63 33 75 7 -72 -42 4 -87 13 -53 39 -51 48 33 59 -66 20 5 67 -20 36 80 -7 -69 -8 78 -21 -43 -21 -3 -38 0 56 -66 86 37 -18 -54 48 53 75 -19 -48 22 63 -3 -67 -77 5 -53 -85 87 -95 82 -47 -20 -40 -86 80 27 46 6 18 -59 9 95 -42 84 4 -97 -36 52 79 49 72 -40 -38 74 31 -4 42 72 -96 -55 -75 -45 62 40 -74 59 72 30 -90 45 -64 45 93 60 -97 1 68 -90 -63 52 -38 
33 -20 -80 42 9 26 49 80 46 82 47 -17 -63 -31 -73 75 -77 32 30 13 81 -86 -50 36 11 66 -77 9 28 81 75 -42 -69 -80 2 29 -9 45 58 92 41 91 -35 63 -22 54 -64 -42 -43 -31 -33 -37 60 -52 35 -73 -86 -10 -75 -43 33 -23 -44 64 -16 63 58 -57 -77 -51 76 83 78 -95 83 43 77 93 41 20 60 20 -70 -70 41 -38 28 18 -22 8 -99 4 79 -72 6 -92 15 -87 79 -31 -47 -6 -95 86 -42 21 -66 -35 10 -76 27 66 43 52 20 43 -73 -58 -64 -8 -74 -11 86 -58 -36 -30 21 76 -43 -33 -58 53 74 31 87 -34 -75 72 -8 31 -67 45 95 3 31 -7 83 -67 2 -61 -25 23 58 -74 -69 -12 65 70 4 -12 57 -15 61 -29 -72 40 -17 -57 70 15 14 -57 -88 22 56 -39 -75 35 45 -12 -70 -70 45 -14 -74 73 97 55 75 -13 -27 23 -58 -76 7 60 65 -68 -36 -57 -67 74 34 -38 -5 -55 66 -33 9 -34 -23 29 -49 -43 57 50 -13 22 -7 -44 -3 79 -41 57 -53 67 21 23 -49 -55 78 46 27 -67 -32 45 9 -98 29 80 -58 35 94 -29 87 -78 65 -53 -53 -48 -95 61 -54 30 69 -70 59 -35 26 -79 95 -20 -10 -33 -17 70 7 47 26 -23 -6 54 -35 88 29 -43 6 -7 73 -31 -41 -92 -68 -94 84 -9 -38 41 40 92 92 -86 57 2 -27 -21 8 95 91 50 
-38 49 22 -63 -35 34 89 27 -48 -69 28 -93 19 -70 -81 53 -47 37 -31 89 -99 57 35 -77 37 36 -85 -79 89 15 39 -33 -83 -4 54 6 -60 42 -70 -13 85 26 24 44 -94 -79 -74 98 -62 -24 38 66 93 -74 14 -36 16 39 -17 60 -5 -38 80 -62 -34 85 42 -28 1 -54 83 -68 9 99 34 32 -26 47 87 -3 5 -57 -4 -5 -79 -36 -62 19 88 29 -44 90 1 -67 58 1 29 -80 86 -99 -27 42 31 58 -92 -33 43 -54 -41 69 87 66 33 69 79 -8 -5 98 -9 30 -71 -48 91 73 34 -13 -37 88 11 -38 31 -39 56 -46 64 -78 10 40 -18 -41 -92 78 21 -78 -53 16 75 -61 -90 -15 38 -99 -79 85 -71 92 -2 -86 -5 96 -9 -64 67 13 -97 -29 21 41 -9 -7 -5 -59 48 93 -70 -61 49 -93 44 -56 -98 10 25 -34 -37 -99 16 68 -25 30 -31 16 27 -35 -2 -53 4 -27 19 33 -94 96 39 54 52 64 66 -76 88 60 -2 12 56 19 -91 -12 -66 0 -17 78 -39 -84 43 67 93 31 -95 83 -31 -90 53 -57 54 16 81 95 -28 67 31 -21 -6 58 90 -20 -30 58 55 93 -44 47 -61 96 64 -53 -8 33 -59 48 83 -27 49 -15 -65 -92 49 13 -95 85 -94 -22 -97 34 72 12 89 -91 17 -35 50 -97 -3 34 -64 63 38 95 66 -8 31 -10 -93 -9 -55 73 16 98 82 79 -98 11 
62 64 -29 -84 12 28 -91 -40 -46 42 85 0 6 -48 -91 -56 16 -5 63 -80 10 29 28 -53 -68 -93 -68 -18 -74 69 -55 86 97 -73 -59 80 -56 -59 73 54 -19 -12 -31 0 -88 -83 2 0 44 -57 -7 19 31 66 -20 9 2 -53 62 -17 -5 30 -79 22 -18 -42 -73 80 -87 -17 -9 10 11 28 -81 76 -48 -23 -24 58 -54 -35 11 -77 -36 -70 -26 -22 -9 51 65 93 87 -58 -73 91 -72 17 -73 -38 11 -83 9 74 -63 53 -33 -32 80 -25 0 -28 59 15 85 26 -13 -87 -33 81 -20 9 12 -67 -24 -89 -60 63 62 -44 -54 -64 41 -37 -39 -11 96 14 92 41 28 16 58 92 -33 -87 -70 -45 -6 35 -4 43 97 2 -12 15 -49 41 83 68 92 90 72 -25 -15 -59 -45 -6 -58 -74 83 -39 38 2 12 -3 31 3 -61 28 57 48 -90 82 -81 76 87 85 -56 33 25 -66 35 -3 72 79 6 -66 -88 89 -98 65 76 84 67 31 -63 95 -7 -37 -83 -70 -38 32 -97 -17 -6 -59 86 -15 69 -87 46 50 -44 -81 -76 80 -89 18 33 39 -16 38 87 -65 -80 -5 54 26 41 63 81 38 4 60 49 89 -76 31 -92 -85 84 -26 -91 -31 -37 23 -47 -94 84 67 0 36 -21 -85 -56 -72 41 49 -69 -79 73 -94 -67 -39 60 5 -32 -25 84 -83 16 -25 -72 35 51 71 15 -56 -39 -23 94 -50 -95 -30 -13 89 17 -23 
-7 13 -56 76 -96 -47 44 2 -13 67 25 -89 -99 23 92 -42 -17 46 -74 -98 -87 42 32 -54 20 -2 -14 90 -45 25 94 25 -17 98 -47 83 -11 -2 73 28 17 -91 66 60 -91 -90 30 22 77 18 -3 99 -30 -60 61 -39 50 72 -40 78 73 44 42 -23 61 -15 95 97 33 -38 -45 67 98 -77 81 21 23 -1 65 -46 -43 -40 7 1 13 -75 23 -3 -43 30 -41 43 -84 -2 3 99 -72 74 -11 -98 52 97 35 -22 91 95 7 83 -61 -95 -17 33 5 7 -19 -30 -84 12 37 -71 21 -9 -76 56 98 -65 67 88 59 -29 -6 -25 43 -84 75 -86 -99 -54 58 -34 -3 -25 -88 -28 -75 26 20 -66 63 80 -95 -77 -95 67 9 20 18 98 -61 71 45 4 20 -41 -21 59 -20 -77 10 -15 -69 18 48 16 61 -89 -6 80 -27 -18 18 2 -97 -23 -85 38 -81 -3 -81 -73 63 67 -78 99 -11 -73 -52 -31 -65 20 -48 56 64 -48 -73 -33 -81 19 -61 24 31 33 -74 -84 55 -16 6 -57 -35 80 -47 56 37 62 -30 47 98 41 17 77 70 -22 34 -4 -87 -92 -24 -42 -81 -38 -3 -20 4 -97 42 83 -66 -65 -89 19 -60 59 56 -81 66 2 -83 32 28 34 30 13 -4 67 13 39 6 55 -13 -78 -26 -99 -81 64 -26 34 0 -96 53 -20 72 29 -18 -49 -58 6 37 61 70 34 -61 64 -54 71 67 -78 -44 -51 92 -6 
-71 -19 10 91 -34 -13 -92 -32 -50 -36 11 -33 50 69 -24 -64 -98 -57 -18 -20 47 -36 64 51 36 72 53 3 -23 82 60 84 16 -76 97 20 48 57 -19 71 -49 -16 13 -27 -20 -39 85 89 -59 -54 -57 -76 47 58 -76 13 15 33 -65 68 -97 -3 81 -14 -23 65 54 -64 52 -22 -17 10 -92 81 -53 37 44 -75 -47 51 43 96 44 -44 -19 88 -87 61 46 -31 -96 -29 72 -27 68 -16 -80 53 -88 -83 -21 -85 -82 78 -93 33 -88 93 6 -25 -99 22 -94 6 23 -97 5 -51 37 5 4 21 -33 63 2 24 17 -6 -4 -72 -91 68 -58 -37 64 64 78 12 -48 39 -62 -78 -71 99 70 13 27 85 -80 -67 -78 -53 76 -5 -57 55 -9 27 3 28 5 -6 -33 -5 31 -52 -15 -11 1 55 -72 -64 93 -93 -82 9 -74 54 84 55 42 -69 62 -44 94 -42 -6 -46 -86 -14 -23 -7 -10 -50 23 -6 -15 22 -82 -35 27 -5 -26 6 -95 64 -39 39 -93 58 33 57 -67 93 -24 60 73 -93 31 -68 93 -33 40 26 44 92 -46 -7 -13 -65 48 70 96 -74 41 -34 -81 59 95 -26 90 -46 62 -32 -70 -33 -17 -81 2 33 -23 53 30 34 -97 92 33 47 53 -50 1 -35 -24 -55 -14 4 90 32 -9 -46 41 -38 -61 -3 -99 -42 87 96 90 85 -15 -72 32 15 72 44 87 -79 9 -34 -41 -84 -32 -14 42 -75 -75 -15 97 46 
27 -63 -7 -22 23 38 27 96 -30 85 -86 -57 -95 39 -54 75 79 -12 0 -66 -3 1 -79 41 76 2 71 -27 -16 -52 -19 -51 40 60 -39 94 26 -6 -69 11 -80 4 -50 -94 91 -52 -58 -13 -43 -21 -78 54 72 30 2 -97 25 13 -34 18 16 -95 75 40 27 41 -99 -54 -55 40 -17 95 -5 48 -28 80 -80 97 -6 -67 -12 0 -54 94 -46 60 11 -26 94 13 -94 -51 -80 64 -75 52 27 54 -87 -4 22 15 30 38 97 78 -97 6 -58 -8 21 58 37 -42 -85 -32 -59 31 37 -42 9 -72 19 84 36 -39 -46 -56 -71 -59 -24 -62 -53 22 67 -45 -90 -52 -59 47 26 66 20 72 -51 -42 -53 82 44 74 46 52 -59 75 -23 -93 23 -71 0 -95 -3 70 19 91 -15 26 34 59 90 -89 99 -63 -50 16 -66 -22 76 99 -90 -60 -79 -13 85 85 -27 -93 0 -74 49 27 -22 -46 10 73 -88 10 -83 -14 18 60 -53 -53 4 29 5 -64 -15 74 89 13 12 7 73 -41 78 -19 34 0 -81 15 -6 -20 85 -62 -74 45 72 74 -97 -75 -17 30 98 98 23 -85 -4 -21 74 23 34 -10 80 45 50 44 99 25 -99 -5 44 9 -82 -91 -72 67 80 8 -69 -41 78 -5 -28 68 76 6 9 76 39 -38 50 -16 -63 52 16 -22 -19 27 30 66 -73 -69 98 -93 61 -6 -7 48 -76 -18 -2 36 97 77 -23 39 -75 -30 23 25 
95 -32 -94 76 2 16 -64 91 -97 86 -32 -85 -22 -28 16 68 41 80 -85 -52 17 -86 -73 -26 54 -18 66 -99 1 20 -59 38 40 -62 -21 49 -50 -39 -34 -97 -28 63 87 -55 36 80 13 16 -76 9 -64 -3 -98 -50 -13 3 -41 48 54 -25 -94 -16 -83 19 -5 -57 88 16 9 97 -84 -44 -15 61 44 25 -9 13 -83 -95 83 16 50 -76 30 28 -10 -17 0 79 37 12 20 16 -18 -33 -75 -16 66 49 56 -39 4 -41 53 -19 -28 -11 -19 58 98 -87 78 0 -73 -50 36 85 -37 68 -56 -62 54 -74 -27 3 52 -22 43 59 -46 55 -52 19 -3 -19 -65 -81 -51 95 56 97 12 -82 -91 -11 -85 -73 -71 -80 -55 -90 71 -49 90 56 37 -43 -83 -20 73 -39 -59 -34 -16 69 72 -78 31 97 68 36 47 -56 -13 27 89 73 -24 -64 -30 -75 53 -11 -92 -24 78 -21 -2 22 -86 -77 53 -58 29 9 -21 -98 -46 -24 -74 -60 -31 63 -39 -63 35 -23 -19 6 -47 19 58 -42 83 15 90 -3 95 -43 20 68 -8 60 -1 -12 98 -89 -75 -27 -23 99 -88 60 -33 59 -80 -53 -88 -4 -77 70 97 -16 13 -62 46 59 39 -70 32 -43 48 34 50 -63 -92 79 44 89 61 -1 -40 -52 -4 73 59 68 22 -91 -81 13 99 -58 11 -2 94 -21 96 -43 16 83 56 -98 70 47 60 59 -48 59 36 -71 72 91 61 69 99 -80 53 96 
83 80 -96 -14 -59 96 -96 -7 -57 60 -65 38 62 -37 -48 80 -74 -31 11 35 85 97 60 -24 89 28 -10 41 53 -65 38 47 26 -11 -4 -35 -8 69 -66 -7 -20 86 9 62 -65 -60 -23 77 91 -14 -30 -37 43 30 47 70 21 -87 -67 6 2 54 48 52 89 -46 -1 31 -90 -73 5 -10 70 -39 -89 -49 -34 43 -59 -95 31 19 -51 -29 3 -48 -59 -51 23 -89 -46 -68 68 73 -71 -61 90 91 0 29 -7 62 33 -65 -74 -84 -87 55 69 -99 -5 7 -83 47 -28 19 -11 90 -38 -21 -37 53 65 -48 90 -17 -60 31 24 -21 -37 32 -9 67 15 7 -95 -89 -35 23 71 -66 -29 -14 35 -86 76 27 73 1 79 -44 89 98 25 27 82 -96 18 -52 67 -7 -2 76 31 61 -43 19 -57 -96 98 -70 -23 29 -86 77 49 -75 -86 13 -95 99 -58 -96 -40 -65 68 -50 -27 85 47 72 39 -98 28 -43 19 -40 -54 8 23 -87 89 81 36 1 79 11 -62 -85 -54 22 44 -67 -59 8 -84 -88 -22 72 1 41 -9 14 -59 -62 -78 37 -94 72 81 -91 -26 -48 -8 77 -53 -74 4 -53 56 -20 47 -4 -98 -22 16 22 -61 -24 82 -24 -13 11 25 13 -48 64 -38 39 22 -24 75 -46 69 34 74 17 -83 76 -97 -63 8 81 39 -93 -3 -93 53 54 -72 69 54 74 -4 35 4 6 97 -95 -27 -17 -53 -95 -79 2 -38 98 83 -41 
-65 -78 69 66 -92 40 21 -48 96 -81 -52 49 -42 -4 -84 72 72 -56 -6 -41 -17 -54 -5 46 99 -42 84 10 -47 80 45 -9 -99 -7 78 48 -85 76 39 30 13 12 77 -25 19 -42 96 42 40 99 -57 -67 -77 4 15 -22 17 31 -15 28 -82 -88 65 30 29 16 -85 93 -96 1 19 -2 70 -88 97 -36 78 15 42 81 35 -70 -58 15 81 24 -36 -53 81 79 -82 71 50 -80 60 93 -88 48 -23 -96 -7 -40 96 -55 -94 72 -56 -20 17 -37 11 -14 -93 -81 -38 -71 67 14 -16 -43 -81 -10 -11 -17 -15 -39 -39 20 -80 7 76 81 -53 23 23 -15 -64 78 -37 14 94 -14 -62 -20 -51 -48 -12 -46 2 43 32 -26 66 -21 -80 -31 72 -45 -88 -48 -61 -58 -97 -11 -89 -73 28 66 -43 -88 -86 19 -51 4 -26 48 -32 -94 15 -66 50 -88 11 55 44 -9 -23 63 -93 82 63 53 97 27 91 20 7 1 18 97 75 78 -30 45 -2 62 77 -59 18 -75 -13 78 -40 -52 35 28 -49 -35 -95 -2 -71 55 54 57 -29 -95 26 60 -63 39 48 15 46 85 50 -96 -93 -65 25 -29 -3 11 56 -46 -10 10 -37 73 -5 -27 -72 -66 92 47 -69 -77 -84 -58 98 29 -16 -38 -15 -81 -64 -98 17 37 -16 61 -64 76 -84 32 -8 94 -90 -50 4 76 99 11 83 -9 -69 25 83 -30 -2 -30 -83 6 -60 23 -91 5 -10 21 15 49 
52 8 74 -37 -35 -18 -27 -8 -61 84 -92 12 -99 76 86 -77 -46 23 52 -48 -67 -50 -99 99 -86 68 -90 -33 32 70 -67 -95 45 5 52 -38 -85 54 58 -93 3 -7 39 -46 77 25 -65 42 -13 0 -12 49 10 -97 13 -20 55 -58 24 -10 1 -61 -62 -1 -55 76 95 -33 -86 -32 -15 -11 13 -17 -24 -62 -42 -91 33 -39 -33 47 -12 69 -30 -84 -99 17 31 14 -95 -41 78 -23 -56 25 -91 -88 38 -29 88 -26 -94 20 56 -44 40 28 47 45 -62 -17 75 48 93 -80 -71 -65 85 71 -49 -77 79 -14 27 64 -54 -30 -56 60 -70 -7 80 52 -85 -53 67 79 35 52 32 11 -53 -22 -58 21 95 0 49 -95 37 -95 -29 -39 89 -53 -12 77 15 -85 -32 -65 32 -52 -25 -25 -12 -59 90 49 41 66 -24 -20 38 -90 -93 -25 -74 -58 -57 97 37 36 95 -42 -43 10 82 20 -97 -94 77 -56 -48 47 38 -86 -86 72 85 87 -48 -44 -78 -77 71 -29 88 50 65 -63 -71 -84 47 83 -96 68 -87 -21 10 28 40 84 -50 -41 -23 -65 -19 -31 -41 -27 55 -50 -59 -97 92 3 -18 -15 -77 -85 74 7 43 91 39 27 91 -21 71 -52 -17 30 -63 21 -94 48 71 -57 -39 37 70 36 -14 -15 -73 -83 -44 -16 -13 3 -48 -32 -76 70 30 82 67 75 62 99 24 41 -75 86 -18 49 -86 -61 -53 -93 -87 74 6 -46 38 4 39 -29 
27 21 48 39 -99 4 -68 8 17 14 -70 0 -61 44 -91 15 -58 -15 -89 -70 -78 -41 -72 20 19 37 5 -88 87 -51 89 -66 -66 -64 6 70 -60 -54 94 -72 -90 68 -97 -64 -49 15 74 -82 47 43 69 -13 54 -39 -50 -93 -91 -61 -16 57 55 22 -98 38 80 8 -85 -31 18 -88 88 37 56 30 77 -89 -92 16 -49 30 39 42 86 -89 -48 -5 96 21 -79 -5 71 -32 -91 91 -23 -56 -80 -16 -92 -97 63 18 -64 35 55 73 -43 -15 68 -90 45 -7 -42 22 -1 80 97 -24 61 -22 -24 -56 -55 -81 -7 -50 -36 -60 -52 71 -5 -63 -82 41 -62 -79 82 -94 54 -87 66 89 79 -56 -43 91 -74 -89 23 78 85 -44 38 -7 -42 -55 -32 -11 55 12 -24 -62 -64 31 -66 23 72 51 24 95 98 -55 -15 -56 53 -16 -29 80 -68 -25 -95 72 -44 95 52 73 -56 45 3 -70 -10 -90 -72 -83 -99 -92 -89 -3 69 83 83 73 30 29 17 57 46 40 43 89 -41 -57 30 -74 4 99 76 -19 -50 47 49 87 -12 74 -97 3 70 -15 -39 -5 -3 34 -94 -66 1 -61 -64 -55 -51 6 0 8 -37 -18 68 -65 41 -98 79 -26 -31 -58 -29 41 13 46 -83 52 -90 43 -27 -87 8 85 -82 31 43 80 -40 -84 -66 69 -88 -73 -87 -45 -2 -75 91 -4 9 -27 69 13 -60 -36 -89 62 -37 52 24 27 -47 39 -2 45 -77 -80 66 20 
88 -57 -18 -20 -40 62 -10 -49 -85 -83 58 -27 60 28 71 -88 -20 -39 68 -79 14 -15 -31 -92 -52 -74 12 85 39 78 -5 88 32 59 24 -83 -90 28 51 -42 88 -72 -9 -15 74 -15 4 -85 -42 -70 -45 -20 88 28 -24 87 55 56 36 75 96 51 -34 -23 80 30 -65 21 99 99 39 -6 -28 -96 83 -50 3 18 -91 -71 51 -99 52 97 50 -45 90 64 80 -93 7 -90 -28 -21 59 74 -98 -52 2 65 -81 16 -29 -99 -72 -79 75 11 -87 -35 -28 -44 86 96 -78 92 9 2 -30 97 77 82 69 -83 51 -5 -96 -69 -56 36 -76 -85 65 -22 -58 -43 98 50 56 10 46 -7 -2 95 -65 5 1 -54 55 2 19 76 -54 -11 49 -16 -96 33 71 61 -98 -89 -52 -68 20 -85 -3 63 -58 24 -78 -50 29 -70 63 75 46 42 10 68 -10 49 53 -81 -36 22 -13 29 9 17 -50 5 49 -13 -1 -89 -94 -47 59 20 -43 41 -81 62 -3 0 -72 -81 50 85 79 32 -71 -99 -32 -93 -12 44 65 66 26 5 69 -64 -96 8 81 69 94 14 62 -76 -42 90 -96 76 63 93 -37 11 88 10 20 -93 -37 -90 4 81 -77 44 16 -62 -8 48 -25 53 30 -87 11 -73 1 83 20 -35 6 -37 -53 16 -74 -42 86 -31 81 -47 -12 -76 99 91 16 51 50 -57 -86 -83 -73 -5 22 -13 40 -32 -50 94 22 72 26 96 -62 -27 -5 -66 
-10 5 27 -30 64 -21 84 -56 56 -10 68 -84 99 -81 -20 36 24 21 -17 63 -77 -27 -58 -53 -1 90 -80 36 38 -32 -54 -20 40 45 60 19 -85 84 -41 -77 66 -52 -92 -59 -89 84 49 93 61 33 36 -29 48 52 -28 89 84 -88 20 -72 -27 -10 38 -2 44 -52 8 21 -41 -72 69 -20 4 98 -42 -47 36 13 -29 -84 -6 -66 44 25 -37 -70 -92 89 -53 34 -78 14 -84 76 -7 62 79 -88 -96 39 -98 -40 -42 -4 -73 -90 -76 -60 10 -58 67 -43 21 -46 -53 40 61 54 -38 74 30 23 37 -35 24 -71 75 76 -64 1 -73 -96 91 32 -24 -52 -64 -26 -15 54 -55 -34 78 36 -10 51 96 -75 -16 9 91 -62 -40 37 54 79 31 -25 30 40 -17 -60 -64 -64 59 55 -46 -23 45 83 74 -57 -5 -84 89 -1 -7 -14 59 18 17 -97 70 65 -61 30 -59 -46 51 41 80 -86 35 -18 70 22 -19 -62 68 -83 48 24 -70 83 33 -54 -69 55 36 40 -56 85 -43 -91 78 9 -49 88 -55 -54 44 15 -4 -45 88 -88 12 -54 9 -18 -89 -33 -15 45 39 -19 41 76 -23 -88 -98 -35 76 -74 48 -73 -20 13 26 -42 -73 -91 16 47 27 -82 -17 -27 -74 -83 11 -44 81 -47 7 55 -31 -95 -20 -77 16 -31 -45 33 -9 -38 -19 -79 -17 87 -96 -20 -42 58 -51 17 -98 -83 4 -57 -14 41 34 -47 63 -67 -88 32 -35 18 
-9 93 -82 -11 3 53 -98 -16 24 -16 -26 -64 38 28 56 41 9 1 -41 -35 -48 -77 -19 -76 35 -2 -51 -75 10 76 16 47 -6 64 27 98 -98 -40 -28 76 26 7 54 91 -70 -98 -78 64 6 68 19 -32 1 -53 -88 60 -47 -90 -89 -24 -10 -46 61 82 89 -96 -28 54 -49 18 41 83 80 6 -64 50 57 -2 60 32 -7 -47 -85 -3 45 -89 56 -18 -29 -93 1 -35 54 93 -83 -25 87 9 -11 -93 32 20 27 -52 60 61 10 4 77 43 -3 78 73 53 -42 83 -46 -92 -91 -90 -83 66 85 -3 49 -16 -56 -61 45 42 63 68 70 23 62 -23 18 -81 15 -26 -37 92 -1 29 -72 26 71 89 40 -44 -28 29 3 -4 -93 75 -63 -21 50 83 -66 -74 -8 -83 36 79 -41 34 -81 -19 -99 -57 -70 -3 80 -56 80 58 59 39 65 -60 -35 -42 79 -33 -45 -36 -11 -39 89 -51 36 45 50 -77 16 -96 72 86 -93 49 94 57 -94 -65 69 44 -28 -64 69 -80 39 72 -50 72 50 43 64 -10 -10 8 -6 -30 13 -16 -5 -11 -62 3 38 55 -29 -76 -92 -40 -68 83 -64 -89 -46 37 -68 78 11 92 1 -21 -8 -46 18 43 -28 60 -23 77 -27 -82 -74 -89 44 87 -27 33 80 -5 58 -14 29 81 65 24 87 70 -48 28 15 73 8 -19 97 -43 -59 -90 77 54 61 31 67 19 22 48 90 -9 69 1 -16 -14 -52 -96 
65 95 56 91 84 -58 -84 43 63 -52 71 10 5 40 -91 69 -37 54 85 87 -36 -73 79 58 10 -57 2 39 -59 14 55 -91 -49 -43 -82 -18 -33 83 23 -41 76 44 -97 -39 64 -15 -63 34 63 -76 97 -69 -26 2 33 -44 -15 -28 -77 57 -73 -6 71 -40 44 90 -62 -69 -64 59 -47 -24 26 -46 95 -44 5 37 -8 11 -73 -15 94 8 -79 -58 36 -77 -94 34 -70 -6 -42 -97 -98 44 -50 -83 -47 -67 -29 -40 -72 -78 -73 -68 -79 82 2 -30 -82 33 12 90 82 64 75 34 -82 -97 -89 14 68 15 34 -87 61 -87 50 -77 -55 77 32 8 51 -14 -26 26 61 -78 -56 88 35 -33 27 -42 -51 3 -46 -99 -13 -2 50 60 -72 51 -68 -77 -53 -56 -90 53 -97 -47 58 86 -27 -11 6 84 81 20 29 23 16 -94 -77 96 60 -38 -17 86 34 14 -43 -17 -89 -5 8 32 -33 79 65 -81 36 -23 -32 9 86 -19 -22 -53 22 80 -28 71 72 39 95 14 -5 -96 38 -62 -8 -22 35 -79 32 32 -1 66 74 89 41 -11 28 -74 -76 -17 67 40 -45 -82 -60 -25 64 -76 98 52 -77 13 10 -45 -94 -72 -59 82 11 75 52 -16 84 49 -95 -24 -64 -66 43 76 3 -53 -67 -61 -86 -35 -34 2 42 -67 -65 -72 -38 60 43 5 19 -8 -26 18 -16 45 -53 27 27 -69 -32 34 94 -52 57 64 -6 35 50 -51 77 -84 -17 22 
24 -18 33 -59 -53 -84 44 -95 55 -72 -71 -31 98 91 33 -28 98 57 57 55 -25 25 -72 -45 65 -24 64 -31 -83 -72 80 -74 -93 -51 -10 0 -74 3 -91 3 72 -3 -75 -53 16 -65 43 -11 18 41 -23 61 16 21 -79 -21 29 29 98 -74 80 -42 -36 32 30 -91 -49 -27 -76 77 10 9 40 -11 -43 -3 41 29 -12 78 -48 -46 10 35 33 -15 -15 -72 -53 -85 90 -89 -4 -47 18 -44 -83 -69 4 91 83 18 -64 -4 -91 23 35 -77 56 20 91 -60 -92 -72 -16 54 22 -36 79 86 56 84 -80 -22 -63 60 -29 -58 66 -52 -14 82 -80 37 17 -69 -61 80 -84 -40 60 -46 55 -38 11 29 10 30 23 -65 43 -27 -91 -16 84 -57 89 -45 33 -2 -42 -44 -57 -98 -1 -56 68 12 -94 73 98 -95 95 68 -70 -99 96 50 73 98 -76 1 63 -2 -31 -12 89 -84 19 -94 -42 -42 -17 13 70 -64 -69 71 -21 -66 -40 40 30 -83 47 65 39 -59 -86 47 41 -40 -8 65 66 70 -55 1 -78 -27 69 47 -86 22 -19 -29 40 64 37 87 -79 83 37 83 -96 -14 52 42 -73 -38 -78 -62 -74 -56 5 -44 65 -73 -74 -75 -87 -51 98 -24 12 -49 -32 80 71 67 -46 -14 -59 14 48 36 -74 -6 -43 27 10 5 27 34 86 -58 -12 34 82 1 -20 -79 76 43 9 81 -87 -64 5 52 -71 16 29 23 37 -28 -50 57 45 56 
-80 42 -13 75 -17 -83 26 7 11 -13 18 -45 88 15 -32 18 16 85 86 -6 70 -5 56 12 56 53 82 35 79 38 92 50 12 -27 -96 75 -13 87 63 -41 -74 97 53 78 76 29 24 -3 -18 -95 -48 41 -83 -56 -24 -13 6 -75 97 41 86 -2 -88 -55 -48 99 82 65 83 -18 -75 -26 92 -18 48 -40 17 -21 -39 1 12 50 3 89 -56 -66 89 -96 -34 -51 -84 -73 64 -50 89 11 -98 -32 -74 7 95 -35 -46 -5 -80 -19 -58 -52 -40 -55 -27 77 -7 98 83 -87 -1 58 13 81 65 99 -19 55 22 -27 28 10 -62 -19 -18 20 24 -5 -97 -72 -72 33 84 -44 5 -65 67 39 56 -46 48 -88 -94 -57 40 -57 16 -54 -48 -47 79 -60 8 68 -18 9 -54 -78 -13 -37 74 -96 83 -60 -24 -76 91 21 -3 59 -85 -20 -37 -80 -62 5 74 66 -94 53 -35 42 69 -80 -78 75 -65 -83 -76 92 -58 84 -88 -48 -2 -36 57 -44 78 69 61 74 -76 8 -91 -69 -57 64 -95 -70 69 50 -96 42 69 -22 73 16 -57 -36 -32 8 30 -24 -59 -67 -2 32 -81 -14 64 77 39 -82 20 -70 43 -98 84 -69 60 40 -44 27 -70 -33 -63 41 -19 36 -2 -60 78 -27 -30 -22 -33 -2 -14 65 -38 -92 -3 35 -15 -83 52 -35 -61 85 -28 78 18 -66 -75 -63 -49 -74 -25 -33 -90 -87 -61 30 -70 54 -7 -36 5 67 -21 47 -68 -20 
4 0 38 96 -84 -69 -21 30 -7 -21 68 39 48 -5 87 58 -65 73 0 -83 -16 81 15 -52 -24 68 -49 -48 -29 25 -74 90 -11 19 -53 -24 15 -95 92 -20 -21 96 -20 86 -22 79 -62 65 9 -57 -59 83 61 6 -97 -19 44 89 -19 91 6 -90 -21 86 39 74 -62 -96 73 30 -43 75 78 -40 -66 30 13 64 -18 79 -26 85 -33 75 81 -24 -27 40 32 85 82 93 -97 3 -55 -83 -52 -59 52 -73 -80 -89 -9 86 82 27 -11 -76 29 84 -22 60 -19 76 59 -79 -1 90 -45 -23 20 -86 -79 -76 -7 9 21 19 28 55 -55 49 -34 12 97 77 29 86 -45 47 82 -59 94 62 31 -51 9 73 14 51 -78 71 -63 90 -92 -89 -8 -45 -50 -66 33 -81 79 -89 2 -69 54 10 -65 -16 -19 45 8 92 -18 -28 -32 -64 22 18 -27 17 92 31 21 63 71 -53 -76 -64 86 25 -34 94 1 -24 -1 56 -78 7 61 35 32 -8 -46 65 -30 -98 16 -3 50 68 -31 10 32 -4 93 -57 46 19 -77 -28 0 21 6 73 -66 5 -29 -88 -97 88 -14 11 19 53 -21 44 -3 63 -22 -42 -77 -33 7 49 -15 -68 -49 -99 -48 78 42 81 -60 16 -21 -56 48 57 46 14 82 -96 -5 17 -2 29 -9 12 -47 28 -28 -32 -51 -47 -62 16 -59 36 37 -95 -19 -30 -91 76 27 60 -42 -10 -8 85 -68 -60 -42 61 22 86 38 14 
73 -54 -65 -68 -43 44 -16 -40 -9 -80 36 66 -91 -14 -57 -97 -68 -98 -60 -27 -6 90 26 5 -20 -68 -30 70 47 -88 86 -4 -42 87 -10 -61 -57 64 -37 -47 -90 -98 19 -54 35 37 -74 48 97 93 -40 -70 50 -77 -39 -40 -11 27 38 -67 95 -14 37 -71 21 -61 -26 -26 -18 33 31 56 80 28 -82 89 64 -52 96 5 -27 -13 -15 8 -63 -45 12 -73 72 -74 -33 13 -29 -71 63 59 86 -1 -41 -71 -94 88 -50 93 5 -36 37 -53 90 2 99 -63 -97 -20 58 -89 43 -11 -51 39 -82 57 -33 -93 -9 23 16 64 87 96 -40 53 -72 -41 -43 -17 31 -95 32 -75 53 -52 60 34 79 -70 -97 -97 -63 88 80 -1 62 -88 64 -96 -15 -53 -38 -15 7 -79 -60 -37 -96 -91 -31 69 82 -29 33 -71 -61 -73 -82 -80 72 91 53 80 96 44 63 -1 -44 -88 -36 55 94 -25 42 -44 3 -41 72 -34 -61 -73 -83 63 65 82 -82 92 -89 -54 19 -25 99 -16 -10 -97 51 -22 -30 63 -42 71 -86 -87 -27 -23 14 -58 17 25 12 3 47 -2 76 37 63 19 -24 45 47 -61 62 -52 21 -13 6 -78 -28 -59 81 46 9 -61 -19 -81 -77 85 47 -64 -33 66 23 41 91 37 4 25 7 -40 -22 -86 71 37 -45 79 -53 -58 73 -12 9 -24 91 30 96 -79 -29 13 21 97 -11 96 15 -46 52 79 -20 -44 -67 90 4 -57 37 -81 
18 -99 84 -93 -36 -45 46 -20 -39 62 -25 -74 -15 -46 -92 33 -4 1 -34 8 -26 92 -76 -56 64 -72 -24 -7 77 68 -50 -23 -30 -82 -15 -4 70 60 51 -61 -63 -30 -15 74 18 -27 89 42 81 -82 50 -49 -34 13 -58 -43 11 -13 -72 55 -40 37 -12 36 -80 -61 -65 -55 46 87 -98 1 24 -2 54 45 -12 -93 96 70 -36 97 -4 -30 24 45 -46 -63 65 99 -75 93 -33 -58 37 71 42 79 -41 -89 -16 -5 -48 1 -41 44 59 38 62 79 54 -28 39 -16 -34 70 98 -22 -42 -3 -15 -40 -14 -43 -12 -62 -69 21 -45 -85 -39 82 84 7 35 67 -78 0 -41 81 57 78 -97 35 -52 20 71 24 -18 -70 26 -51 39 57 -58 52 30 -22 -22 -15 56 84 58 7 67 72 -65 23 5 -47 -11 98 -33 20 55 41 -22 -26 -31 25 45 19 -20 -36 -55 12 -34 87 10 75 -29 27 -9 23 47 67 92 5 43 56 15 53 -68 -24 -34 -49 -55 67 -68 13 -74 36 -24 22 52 44 -5 -95 -17 -72 91 -92 43 -94 -19 -39 68 3 36 -53 32 -17 2 -18 -19 -37 -60 -88 -54 20 51 -34 -42 -85 -96 -20 87 21 0 12 60 6 82 15 -56 -57 30 58 76 -15 18 -29 -80 49 -4 12 -54 71 20 6 46 -29 98 -77 -42 76 -60 61 -56 20 -54 74 76 46 38 -2 -98 -44 -15 4 37 14 4 76 -62 -5 -59 16 -21 -58 
-80 3 -20 -51 -56 -30 -33 -94 -29 32 25 64 62 95 -8 72 61 -78 -44 -76 -58 -51 -68 -13 7 61 -5 -8 92 62 -22 -89 -73 61 25 17 -96 56 -31 -55 -64 -12 80 5 97 72 -89 67 96 -86 91 -78 -96 41 16 93 19 51 14 39 17 77 -11 -56 46 8 -57 -68 -59 -70 28 -33 79 84 -61 -76 -92 66 -47 -21 69 95 -91 -11 58 22 29 89 -57 34 64 32 -70 -77 2 -31 -76 -4 -96 11 63 -3 24 40 -37 -57 -25 -70 -3 67 -87 -83 85 53 17 -6 38 99 -80 -41 62 -5 90 -39 90 -16 -47 78 -10 -23 24 5 -7 59 -23 -68 58 43 42 -37 46 -6 1 84 -38 33 -92 30 -15 -61 -81 -89 -28 47 55 -18 4 -20 -8 -76 -15 93 -98 25 96 51 56 -35 84 64 -61 -76 -81 29 -94 52 94 15 15 92 23 7 65 -75 47 -34 -4 8 87 89 13 54 93 -43 10 10 -13 -32 -90 -99 6 81 -55 -55 -78 -51 -5 15 62 36 -11 68 -12 28 16 68 -90 -10 98 -12 -61 21 -10 -18 15 -30 39 62 56 -67 -68 53 -34 -38 -49 -81 75 -7 -85 -66 16 -2 -43 74 95 59 36 -89 -44 19 26 27 1 78 -90 47 93 -2 22 -83 7 -66 -5 -25 -47 -26 -72 -33 -22 65 58 -3 -41 0 -9 56 71 17 72 -87 34 -48 -77 -2 97 96 -29 -47 54 -95 -62 64 -8 -48 -81 39 4 -24 56 -91 
8 62 31 -45 3 68 45 58 88 83 16 34 36 79 9 -2 93 38 51 99 -68 -51 -87 96 6 -32 66 -12 65 92 68 -9 57 13 -82 55 -24 92 16 84 33 -33 -30 -72 96 -42 54 -43 -95 -71 43 -86 8 49 84 33 90 87 81 -11 63 -88 -97 91 61 6 14 -93 80 24 -49 35 -28 -93 52 11 1 4 -25 -33 89 -11 -20 -13 11 -76 -63 -12 67 -51 21 42 -94 80 -86 48 70 62 -36 15 -32 77 -96 -93 -54 5 58 -3 43 98 92 13 -13 -30 -86 72 -18 17 -34 -26 -63 50 87 -28 74 -23 -66 -3 -87 -4 -46 -85 -65 63 -55 -75 -86 91 -3 27 -34 49 17 46 -17 -50 -96 -47 -60 -27 -52 -36 -55 86 -38 -30 -95 -24 8 -97 -6 82 -80 -97 58 -12 89 11 -57 -74 22 6 -45 -4 98 -87 40 71 -43 -94 -49 -41 -63 -40 49 83 70 -79 -30 -87 61 89 37 -2 75 39 -75 53 30 -16 -51 -68 98 66 44 6 -33 19 35 6 95 -28 -76 -57 66 -6 55 60 -80 -60 94 86 -36 -18 72 77 -87 78 -96 -77 10 21 26 -8 75 -29 -21 9 -67 2 89 20 -50 22 -49 -45 17 61 13 33 28 -29 79 -75 65 97 46 -15 4 71 5 -9 79 -68 47 -11 8 -21 17 64 -81 -71 38 44 -35 -46 35 84 80 -82 -49 14 -5 -14 -28 -81 61 -16 81 48 -1 99 -42 46 -95 89 -3 -3 -31 44 
-70 93 -74 -39 95 3 -68 30 23 -46 27 84 13 76 -38 54 0 87 58 84 83 -9 -37 5 -1 74 -38 -41 -91 90 40 82 67 81 35 -43 -80 -48 -80 7 12 -87 -90 -26 -15 91 20 -59 -97 -19 45 5 -68 -2 38 -7 78 -9 75 -94 57 68 52 41 -44 7 6 69 17 72 78 7 75 -94 -11 98 -32 -8 -62 40 -2 75 19 47 91 52 -22 -35 -72 -28 15 53 35 64 -87 -39 39 -20 -55 -51 72 -54 -32 42 -70 74 8 65 41 -27 96 -26 -83 46 -73 75 1 -68 -47 -15 -12 55 -39 23 77 -64 -58 47 5 -93 36 -59 16 -52 30 26 -57 24 -12 -22 62 -43 -45 -71 -64 94 -8 -17 -52 7 -58 11 82 12 -25 67 63 -61 -59 -67 -83 85 76 19 -42 -18 51 -33 -7 21 29 32 -62 -67 55 -80 45 87 -80 25 64 -84 3 -34 10 72 64 -68 -77 58 55 -53 -44 16 11 -12 52 82 -36 33 2 -7 -87 -74 16 16 81 55 78 18 -43 -45 -71 23 76 -65 18 -70 47 -7 -39 8 -24 -19 80 55 -72 -53 -31 -55 44 -42 73 66 95 -86 -39 -15 64 9 -15 -54 -98 -49 -34 88 -20 -36 -67 -60 -44 53 64 -35 -59 -44 -41 91 -73 -41 85 -5 -14 -31 89 93 49 15 80 80 48 84 24 -78 93 91 45 70 9 62 -43 55 -98 16 -37 -33 -67 23 43 -56 -76 -20 31 -79 -44 57 45 58 59 11 
62 72 -44 13 35 -5 19 -51 16 53 7 3 78 -43 7 -58 -30 -17 -52 -39 93 -42 -88 65 -57 5 -62 -25 -87 7 20 48 -93 61 -10 20 -30 76 -21 57 40 -15 -37 53 -10 54 -58 -8 -28 -24 -71 -23 -79 -57 96 -36 6 -5 59 -27 -87 -86 -92 33 -7 8 -36 96 26 74 -48 -84 57 77 10 -23 36 87 -78 86 -26 -93 28 -90 42 -95 -38 -78 -82 -34 -6 -71 44 16 -23 -33 80 70 38 -72 -86 91 -73 49 -76 70 -37 33 -61 -73 39 42 89 -69 79 92 26 -23 -60 78 86 -77 -37 82 18 81 28 82 -94 2 -13 28 -12 26 42 -51 -64 98 -19 44 63 99 -64 40 12 -68 62 22 83 -44 6 73 36 -2 -3 38 -76 70 75 -93 -81 85 61 -57 52 -92 -85 63 39 -38 -99 60 91 68 63 23 82 58 36 88 -59 -98 83 38 0 55 8 28 30 -58 9 -2 84 -68 -74 -90 20 -43 -94 76 25 -80 -90 96 82 90 -45 -39 -47 -81 -64 -85 -99 -65 -26 68 -74 19 -79 47 55 -16 1 7 -57 -50 -76 64 -81 62 -10 -37 -2 29 2 -71 72 -52 -48 -12 -12 -14 46 -51 47 -91 89 21 73 79 71 51 25 -55 -97 -49 -51 75 13 -94 19 -28 -46 -70 -28 9 54 -39 15 -42 -52 -65 65 -5 -69 -62 40 66 -74 -15 80 84 -59 95 -53 -94 42 73 -63 -25 92 94 -92 98 -3 77 75 -91 23 -37 
38 -37 43 59 -26 76 -38 -76 -10 -14 -13 75 -34 80 -42 -71 73 7 30 -19 -16 -89 80 -14 -51 -20 -69 71 16 -28 75 -69 -82 2 86 -17 -50 -44 -71 -90 -82 -27 -8 -94 -73 -89 30 -5 -97 -82 -47 -23 83 7 36 -99 -47 22 -85 -61 -51 -96 56 23 -57 -22 6 91 8 23 31 63 -47 -73 71 47 -62 -54 77 -97 -18 40 45 -74 -59 -83 -36 -16 41 87 -82 66 -62 74 28 -38 -86 54 8 63 9 -70 -51 -85 11 -54 -31 40 90 19 -34 86 31 -30 20 -78 38 88 -49 82 -16 -93 -12 8 94 -83 -6 -34 76 -74 -21 73 -72 -12 -95 86 -83 -12 38 -83 -16 27 39 -52 22 30 3 22 38 -30 -39 68 -6 2 -75 9 45 55 -28 -50 57 14 83 61 46 -24 -61 35 71 -59 -17 71 66 62 54 -20 36 9 64 -20 -82 -1 -28 42 -2 26 -68 -51 -9 -17 -75 -13 -71 71 31 -7 -35 65 32 -90 -6 24 50 -3 96 78 -18 -92 2 -43 23 44 95 81 -93 -62 -30 29 31 -69 -18 -83 97 -81 73 -21 14 -1 -6 -43 48 -43 -22 -17 32 78 14 92 4 -49 -41 -81 40 24 -27 -84 98 -86 60 55 55 25 -86 73 76 -56 -11 13 -98 38 -43 -51 -4 -82 -99 94 68 -66 2 -15 -18 25 -73 2 92 28 -69 63 97 27 -64 -55 -16 -5 -74 -71 -69 94 82 47 -26 32 -11 66 29 96 13 29 44 74 
26 -36 -77 75 36 -20 33 58 -75 16 -3 30 36 0 72 -33 72 24 72 29 -54 18 -73 -69 5 1 -20 94 -50 -78 -11 42 29 -33 -19 8 1 -50 -68 -54 94 -7 -97 -29 53 -79 -7 97 52 -39 -72 -96 -57 -13 -2 48 33 -99 94 6 55 -31 80 73 -2 62 -80 28 43 74 -68 -46 89 -55 1 59 55 -66 28 37 11 70 -63 -98 89 15 -90 -73 -55 -18 99 23 -10 -37 41 33 -97 -89 -14 33 -34 -86 -71 37 6 16 22 69 -45 -69 6 1 6 -52 83 38 42 -39 -8 -63 -73 52 64 -98 -12 93 72 -47 89 39 -31 19 18 19 -42 -84 -80 80 43 3 -85 -68 35 32 -59 49 29 87 -92 -60 55 -53 -56 53 72 -43 1 -57 -12 23 17 -32 6 10 -40 9 69 5 -48 -58 86 -42 -61 83 -97 -63 97 27 -81 -9 -96 68 -10 -81 7 -15 86 -65 -42 25 -53 62 59 81 -88 58 -1 94 -71 83 68 -67 -11 -72 80 65 72 -51 4 62 -27 46 -41 -77 -99 -21 -28 -24 -52 -56 99 50 56 -77 -33 -40 -19 -21 -77 85 -57 -44 82 -17 -2 -64 35 -48 91 0 -98 -66 26 53 -17 8 -34 15 -59 -44 -23 -12 -20 -11 -99 80 2 42 56 -47 28 51 1 -6 -81 15 39 34 -52 -56 -16 51 11 15 60 -96 63 28 -83 -55 -4 -87 -25 36 64 76 9 -21 -57 -96 -79 -82 -73 -8 69 -6 16 16 55 37 
75 -91 54 23 -69 6 65 -15 -64 13 23 -18 64 96 20 81 0 8 -6 20 77 42 -90 46 -58 -97 -72 -14 -76 -96 -72 -77 -16 40 17 68 -94 -59 48 -17 -88 56 -94 -99 52 -44 -63 17 -56 78 10 38 -59 21 -33 -64 -89 42 34 24 -95 -79 24 31 -44 -5 3 33 93 45 -40 -54 19 -19 -3 -93 45 0 31 -36 34 -26 -42 29 46 -1 48 14 -19 -2 -4 -3 -65 43 -81 62 -82 27 84 63 31 -56 -37 80 -72 5 -60 -33 -91 -65 -49 -61 53 -87 -47 16 20 -69 -74 7 15 86 27 -47 -98 -92 71 83 -24 -15 82 -71 -99 54 -98 27 -45 -56 -7 11 86 -6 -40 53 29 41 -79 -13 67 99 -87 66 -14 86 92 34 70 78 15 -80 15 -87 -37 33 -2 -7 -38 53 -69 7 90 64 -65 -57 66 50 -94 -30 67 90 40 -14 6 -91 -87 -28 34 15 22 52 -36 29 -34 51 -28 6 -70 -96 13 55 -1 67 -85 -83 -78 -59 -43 -99 67 -30 -56 -27 35 -69 78 -56 -73 -84 -27 33 -84 -79 13 28 71 37 -34 -25 -51 59 3 94 -53 -72 -41 -82 -36 75 -67 -62 15 -92 49 41 -71 -61 -50 82 -59 -51 -90 -14 22 -97 -65 -32 -44 -98 83 27 22 61 89 -76 75 50 65 -21 -45 -34 38 57 94 -19 -42 0 -23 11 52 57 -22 35 -77 68 -10 -52 -19 -77 86 7 6 84 94 -23 -88 -72 -4 30 -49 -89 
99 27 -67 -83 30 -84 -73 -17 13 9 -36 -96 -92 65 -94 -98 50 -65 17 67 45 -90 -37 24 89 -68 52 -10 -29 -75 82 -48 -81 0 -46 -61 59 -99 90 83 -15 -6 76 15 45 -6 96 -58 77 -62 -81 -62 -75 29 61 25 -21 -16 -89 -51 -96 -17 70 -31 -23 25 51 39 -2 51 -71 93 -47 17 -75 82 84 -96 12 68 -73 -40 -24 30 -69 49 89 -41 -23 -82 94 -53 10 55 -62 -75 16 -96 -14 97 -24 16 -63 34 21 64 58 -41 -33 -59 -18 -7 96 67 25 -60 -18 45 45 -6 -55 48 93 -52 -44 -17 -80 12 95 97 3 -45 -99 38 -48 21 74 -18 -27 -5 78 -21 -52 57 68 55 -20 -44 43 93 74 61 57 -46 -58 -47 -84 -59 67 -14 -83 -64 19 83 59 87 -40 -66 -23 11 -26 33 -82 -44 -67 -39 -99 -17 -32 -3 57 61 -65 -79 2 73 85 52 -88 30 -28 -37 -40 -60 37 49 -16 0 24 79 -28 56 49 -51 94 72 -98 39 96 -99 60 11 13 -50 64 28 -89 -22 -83 -32 -56 81 -25 -44 -46 93 2 48 55 70 88 62 80 17 -70 -88 -65 -76 34 -17 -60 -73 -55 42 -52 18 -23 -64 94 96 -91 -13 58 -11 95 74 70 -88 71 -94 -36 -73 41 -19 -95 -8 95 -12 -61 -32 58 -14 -40 -93 -82 -35 -60 -8 4 23 -87 58 11 19 82 -25 -35 57 -3 37 18 75 47 -11 51 97 91 5 35 5 
-8 58 -23 65 66 78 24 12 -82 56 84 -32 33 19 -77 -57 -47 -9 28 70 62 -25 23 -91 21 -57 33 38 0 11 -80 87 -48 -87 73 3 -55 82 51 49 -81 -6 -94 75 -93 65 -49 63 -78 -81 74 -88 -19 27 -50 -83 47 -67 -88 -11 37 -40 -69 -79 -72 -91 -21 77 -68 17 -62 38 97 -85 -98 81 -39 78 85 48 84 -31 -26 -62 -94 -42 -60 -91 -64 -96 26 32 51 -69 -3 22 71 88 -65 -4 -63 -24 95 -33 -17 -72 -17 83 70 2 -73 -6 -82 13 74 72 40 60 13 54 71 59 -70 15 -56 -67 59 3 48 90 62 26 -12 -83 19 -11 20 -65 74 73 87 42 22 94 -58 54 3 66 99 21 5 88 89 -65 -81 77 -13 -28 2 -97 37 79 -39 2 87 61 81 -48 30 -97 -21 7 45 -63 -69 37 58 -43 68 97 -22 -72 26 -26 66 59 -31 -77 -95 -87 -7 -7 -72 -49 -20 49 87 25 2 -68 15 -8 -19 72 89 -51 89 74 15 -86 -12 -25 -52 -73 69 34 -4 93 -62 -49 -2 -46 76 -95 56 -1 -58 -7 -50 -47 -23 -30 22 25 -91 13 10 73 -47 18 -64 -85 93 72 62 -40 71 -41 47 -43 -41 -9 14 84 -24 33 -63 -26 19 85 -51 52 -48 68 -53 89 -64 9 45 -33 -19 45 59 77 63 54 18 -98 -17 -70 -30 -98 -86 -98 79 28 94 70 -1 95 62 -59 -60 60 15 57 -74 -66 -83 -69 
75 81 -81 29 -63 -81 54 86 -39 -48 31 -40 27 -25 -39 -32 31 -99 -19 1 -83 -92 -65 4 23 -89 68 -2 -54 37 -84 -54 30 66 -80 3 98 -54 -31 -41 13 -93 60 92 -7 -49 8 -92 23 82 64 -91 -59 -47 44 -50 11 62 27 46 -29 71 -53 -79 16 -36 86 96 -15 0 54 28 10 28 -10 62 -45 -64 -95 -1 -16 15 -16 -96 -95 -99 79 79 29 41 85 -11 -55 41 -33 81 -78 15 -69 -63 -46 -83 -94 -56 33 -95 -47 -29 -21 31 -18 83 24 69 -6 -72 85 85 -59 -74 -19 36 -85 -94 55 77 13 16 77 -10 -19 46 4 -73 -3 -15 -56 53 29 16 44 66 -82 -35 32 79 -41 17 8 34 74 49 18 92 68 41 6 42 -65 77 -71 51 -93 41 -84 56 -53 63 -85 55 -24 -47 -91 -67 -66 75 -57 8 -42 -95 -92 -59 -60 40 -63 58 -23 69 11 59 -72 -88 -32 -38 -73 -97 -19 61 -80 46 32 20 99 38 43 -13 63 78 69 14 -52 84 -67 -9 73 -83 -23 -26 84 -43 -71 -20 -1 -3 -3 76 3 -92 6 94 94 -29 -40 -79 47 -47 97 -20 22 64 38 -15 32 15 77 -31 28 -3 94 -57 -85 -30 67 55 35 38 65 -50 -85 92 40 -96 -73 33 75 -76 83 79 32 -9 70 -46 -78 71 -8 -84 -16 54 31 23 89 -70 67 68 -23 -4 4 37 2 -5 -86 -71 -18 98 20 -8 68 -6 -51 90 
58 29 79 95 -95 -47 89 -32 70 86 -7 -97 73 98 92 -90 -77 -91 -50 92 80 23 69 -23 38 19 -11 34 -57 -41 64 24 92 33 0 3 83 -94 -1 -15 2 37 34 -29 73 6 82 -87 80 29 -4 62 -46 -92 -5 96 64 0 -72 45 -55 -94 -3 15 -94 4 -1 16 -65 -68 72 72 23 72 -45 -6 -40 -61 76 -11 74 -9 14 36 -77 -81 50 44 28 -93 -57 70 35 -81 -74 24 -94 5 -17 39 47 -33 77 -98 25 23 36 -34 49 -21 62 -46 -28 87 87 1 -4 -80 7 -62 11 -2 86 53 22 -52 -25 -23 20 -38 76 5 56 -59 -10 -96 77 45 -31 43 -95 72 -30 -23 -45 76 43 34 -98 -28 48 -10 3 -2 26 31 -44 66 17 95 -48 -70 14 77 -92 -89 67 8 27 -39 -75 -54 -66 93 8 -5 47 -88 -76 -83 -60 65 -93 -22 -90 90 -30 71 -64 82 0 29 -16 -41 8 -22 -71 -1 48 -94 -96 -82 87 88 58 -87 -65 -28 -7 73 -18 50 -5 -81 55 -94 82 58 75 -63 -93 -70 -46 -10 -21 -35 21 -71 91 56 13 -18 -19 64 53 50 -87 61 -81 34 40 40 83 -61 60 -19 -82 75 51 -57 -21 20 -77 70 -78 20 -88 -79 90 -20 -54 -73 -76 -81 -90 73 -35 -97 42 2 73 -58 87 87 41 -87 45 -36 -6 17 57 -14 -5 75 87 -99 -45 57 1 67 67 -58 -42 -79 86 29 -76 83 43 16 
38 -73 -7 10 12 82 -54 -1 35 -95 -67 -43 56 22 -15 21 -50 74 -78 2 49 -30 17 -76 -98 76 23 -79 -33 27 -78 55 6 87 -48 -79 3 26 -32 52 -36 -26 -75 83 -84 81 89 70 -97 -24 33 -17 -33 -73 16 -70 67 -40 -69 28 30 -99 -85 49 28 66 99 52 95 -88 -44 26 8 4 -24 14 83 58 -7 -69 -14 -13 50 25 -87 29 18 -9 -12 -65 21 85 82 94 -54 -14 -97 -22 -64 76 36 -71 -26 -34 -73 87 -96 -4 49 -25 62 -59 -48 83 74 -17 -43 -32 -73 -30 -87 -41 -81 54 -61 -3 87 20 68 61 -96 30 87 -67 -39 83 -77 49 6 40 86 50 -60 69 -1 37 -42 7 15 -42 -11 92 0 53 61 -75 -72 -9 24 -66 82 19 -8 44 85 38 4 82 44 -92 -75 49 45 98 82 -89 -29 16 28 75 -16 14 64 12 -10 -97 -38 -18 22 -78 -16 -64 77 -47 -62 12 -81 -44 -62 -99 -78 9 -86 -39 22 -69 94 92 -41 -81 -40 64 -61 -55 -42 -56 -68 -79 -51 -55 42 31 76 -66 99 89 87 -76 -84 -74 72 -99 94 34 -24 2 -40 18 -76 1 95 -29 -24 78 64 22 89 -65 56 -20 97 88 53 89 22 -67 -93 -80 -64 -69 -78 52 -67 -58 82 -78 -9 -99 -86 -36 63 54 98 -6 -91 -17 63 -86 21 -75 -26 86 93 55 -33 64 90 -39 -96 -2 -12 81 90 -34 -11 47 52 7 -15 12 
-16 -33 -46 32 -5 73 69 -58 12 -51 -2 -49 7 -25 -96 -18 -61 50 25 -50 8 7 -36 54 -41 -37 -9 3 81 -45 -4 -79 -17 -49 -18 11 -11 23 -16 -54 -30 54 8 -53 -77 -94 37 34 -28 5 54 -80 -86 -41 -73 -46 -26 -67 34 -45 29 -40 8 -94 -95 -26 78 94 -65 52 56 -50 40 84 -80 8 -65 -59 19 6 -17 18 13 -75 99 59 21 49 29 94 -40 -52 62 78 19 -55 -79 -45 -12 83 -2 -32 37 3 -27 -42 -53 -8 37 -2 -14 -78 -68 -95 86 46 16 47 3 -93 -69 -67 87 -80 -66 30 -29 -24 46 74 67 74 -80 -30 21 -14 31 54 -84 -81 -66 -3 87 -32 26 9 5 -3 -33 -78 -25 -82 -4 56 16 -94 -97 -71 86 -99 13 -91 18 -73 25 -11 -16 6 -78 15 66 -94 -23 -84 16 94 -81 9 44 -85 -38 76 51 -92 -9 73 25 -30 10 -47 -1 47 -2 98 -43 -72 84 85 -86 2 64 -52 -17 96 29 -69 81 12 40 39 23 -97 -72 -30 -41 59 -8 -80 6 -59 -55 76 -45 45 86 -55 11 -5 42 -18 9 -59 -5 16 -5 67 69 -55 69 -5 5 33 -22 -38 -31 56 -30 -76 -13 -5 -71 71 37 -1 15 -52 -52 -54 53 -57 95 -71 -51 -50 23 -13 -85 -45 -82 -73 -22 79 66 55 87 50 -31 50 -29 -57 79 25 42 -18 65 22 -16 -27 -39 -6 -31 12 82 -93 -40 55 41 -48 -36 58 
-25 38 85 65 -70 -38 -57 92 56 -68 -8 -77 83 -63 -57 -81 -11 37 78 -33 86 -20 58 74 -43 92 -55 -22 53 64 -91 -26 23 -94 83 -87 -57 74 -49 -25 74 7 12 -33 57 48 37 -40 -57 70 63 -58 61 -77 96 -36 -19 -75 -46 -65 -91 -56 -1 -75 20 -51 -59 14 33 42 60 12 43 -86 85 -60 -90 74 79 -57 43 -62 47 66 -64 36 10 77 -64 -28 51 -94 -97 3 26 -34 -27 54 -93 -11 -91 44 -98 -50 -37 17 81 1 -10 -7 35 4 -80 -77 19 -55 7 63 -67 -27 -92 64 -25 -36 -89 51 -2 46 -68 97 -24 19 -12 -10 -83 26 80 -53 81 74 -36 -87 18 -92 -22 36 -87 5 -48 77 79 -27 -98 29 82 -52 52 27 63 12 -72 89 22 -17 3 48 -39 -22 20 -73 45 45 7 -64 -50 -88 -61 84 -58 -93 24 13 11 93 96 -46 -61 58 -38 -3 -78 3 -29 -97 -1 -79 -1 -14 -99 -28 -14 43 14 28 -56 -39 36 40 -97 2 -1 6 57 3 -97 -17 -12 -10 57 -75 51 -41 -51 -9 -85 67 5 -96 -1 -34 81 0 -37 -21 -28 -99 41 -50 -41 -54 12 -11 -77 88 0 -28 5 49 49 20 -38 71 -22 38 0 41 62 48 84 95 72 14 -70 21 46 79 -84 35 81 -74 14 40 59 -28 31 32 -90 -23 51 -70 65 -15 -9 -80 45 23 -55 -82 94 -94 29 26 69 -51 -49 21 -22 -48 -8 -99 
-44 -92 -90 -30 80 -59 -79 14 24 -62 51 26 1 -42 26 -15 4 32 -5 -58 68 91 -92 53 16 -78 61 80 13 -66 21 -5 5 45 98 4 26 14 -65 -27 -37 33 95 34 68 7 33 -51 -83 43 46 -64 91 -76 70 28 -80 11 -76 -89 -16 -43 -27 -87 82 17 46 -21 89 -91 -39 -56 -79 -24 86 14 -78 -5 -83 -81 23 34 -64 17 47 -18 -56 34 -99 90 -53 -14 37 83 28 -57 82 95 98 -40 -87 -67 -99 -11 73 70 6 -14 64 50 0 -35 -55 -89 49 -71 -65 -91 -31 51 -10 33 86 8 31 -27 -19 -61 -49 -48 80 39 -84 -4 66 2 -89 86 -18 -66 44 27 -51 -79 -51 37 50 47 -5 -59 -67 83 65 -95 -25 -90 71 75 -30 47 76 -17 95 -61 30 64 -15 39 -35 -14 86 -62 -11 -23 -90 50 13 47 -50 42 -83 46 34 37 51 33 -7 51 -27 -24 -50 45 93 -15 -8 12 -31 -95 -3 50 -50 65 -59 -27 5 14 -93 -23 -38 31 -98 79 -97 -13 83 -24 -16 -55 -2 91 0 -81 15 -60 83 15 34 37 87 77 49 16 91 13 41 -87 45 -85 -90 -43 0 -56 9 21 64 -77 -27 -71 -55 25 -69 -86 60 78 -56 -34 -25 -76 -39 93 -8 -60 -91 12 62 -19 -99 -12 -26 -82 37 5 -89 -62 -80 -41 -35 -60 -62 -47 62 -8 -61 -33 42 24 60 56 3 30 -73 -48 62 42 17 -55 -22 -17 40 -68 
-32 -76 84 -32 55 25 -42 80 72 -10 -39 -64 43 90 53 -3 12 57 -35 -97 -76 -23 31 -52 -4 -65 -38 80 3 31 -2 33 -17 31 -7 54 41 16 63 1 -26 19 -96 58 -27 -37 -17 -23 83 5 -59 96 65 4 52 46 65 94 11 51 13 62 -78 16 -43 -66 -83 -31 -9 -19 56 33 99 -31 -94 -1 -83 -88 -18 -91 -54 -41 -53 -77 73 -51 -85 39 57 61 46 -85 62 13 -29 -36 -63 -15 22 -23 70 -78 98 50 -75 -22 -78 67 -79 38 -16 -41 74 70 89 -38 -32 43 -44 82 -61 -30 -41 28 -82 81 -78 -11 82 70 -43 41 -42 35 -99 -42 39 -87 -18 -70 74 -94 4 53 -84 -42 -47 -41 -46 -85 58 29 -79 -46 -78 41 61 -6 24 -99 68 -61 43 23 44 46 -15 -44 77 -97 66 -45 46 -64 64 -50 34 99 -62 -46 75 54 50 25 -73 72 -83 35 17 6 77 -63 13 -3 86 -61 34 -55 20 4 -81 6 98 3 20 -48 72 35 -29 -31 -81 80 29 15 -92 -84 -73 -83 77 -81 -43 -28 -40 99 -52 -80 -31 43 10 -87 20 -38 91 12 13 31 -44 -97 -56 -76 -85 -96 -13 -95 19 78 82 -29 5 72 11 -36 98 69 28 17 -49 -26 -77 12 35 -68 -56 -18 32 -30 29 93 -6 -66 -58 -74 97 -98 43 -46 30 -11 -26 93 88 -14 -60 72 38 -55 50 -52 10 23 -14 21 83 -21 -34 49 93 -8 -95 72 
-78 54 -58 -17 68 92 -63 -16 95 88 61 15 19 -30 97 40 85 36 75 -84 95 -5 81 9 42 -44 1 -27 6 -77 81 78 36 66 -35 64 -51 66 -7 -20 -43 45 36 -38 -52 -70 -1 94 -71 -87 31 35 -43 77 75 -57 -22 -33 48 -69 -56 64 80 53 -51 39 46 -99 -21 12 -47 90 69 -8 68 -11 10 -30 36 -42 -99 -63 57 -79 -81 55 -19 17 69 -27 52 -10 -1 -16 99 33 51 99 97 -78 -92 -90 34 26 4 -10 -60 -18 -83 -14 -53 -21 -83 -61 -26 -52 22 -90 88 -9 74 1 -32 -80 37 -21 83 83 -89 -93 45 -18 65 73 -64 60 -27 95 48 -78 -43 8 83 74 -66 6 12 -11 85 -50 -31 -15 64 7 28 -19 -27 -59 55 -33 -54 47 26 -97 93 8 -33 27 -96 -37 -1 -48 -64 56 76 -16 91 24 15 76 -91 81 -60 16 21 72 -51 64 98 24 52 72 -52 38 -74 -68 -53 -47 50 -73 -97 40 13 -90 -97 20 32 82 -93 -59 41 74 -66 -61 62 63 -92 80 -10 90 -45 45 57 -46 25 58 38 79 25 6 -76 -83 53 -28 -76 66 -49 45 76 35 10 34 26 -59 -81 86 -53 69 64 -95 23 -57 56 18 -2 -72 -69 -51 7 -79 -92 -70 65 -77 89 -1 -90 51 22 75 -59 8 75 -92 51 -2 64 84 -54 5 80 18 66 0 -97 -48 -52 -61 -4 -51 20 -76 20 15 -29 95 51 -42 27 57 
-29 -14 -93 -75 -40 98 11 -69 -47 87 25 69 53 87 19 2 -30 48 -72 27 66 22 10 54 34 -51 12 17 -36 79 -52 -93 95 45 66 76 -36 -63 77 -17 79 -19 99 92 64 -89 -12 -12 -21 44 -98 -70 97 -67 -74 -93 65 80 42 96 94 59 -45 53 -59 51 -9 -86 98 84 -27 33 47 -88 93 -68 36 78 97 -44 98 -66 -84 -55 94 39 57 -95 10 21 -9 -24 24 -79 -57 42 96 -2 66 -18 -41 -4 92 -83 -21 89 -58 -57 -60 -85 82 68 76 43 -40 2 -97 -40 -90 33 77 45 69 56 -85 -49 19 -15 1 75 88 58 -17 57 -18 -31 -28 -14 64 41 58 -65 -45 -82 37 26 -29 -75 -47 -19 1 -25 54 23 35 -31 36 98 -28 20 70 69 66 81 52 -18 -69 -46 -99 70 -43 41 54 -80 -55 55 21 68 96 -34 -15 -87 -74 -91 42 21 55 41 -24 -26 -1 -18 32 95 89 86 99 -52 -90 -4 91 -61 -75 -18 -97 -20 -45 0 -20 14 33 75 49 31 28 -27 -80 35 43 28 95 -82 46 -64 -72 -70 -8 69 33 61 98 -17 45 52 24 71 89 -49 -29 94 -25 -94 -46 30 47 -60 -72 71 13 -13 -4 -82 -59 -65 -61 -91 -91 79 19 -77 -60 22 26 33 -89 65 55 72 82 3 -9 -17 -82 -85 45 38 -77 -95 59 68 90 -68 -83 55 -32 88 47 87 -90 48 33 36 22 64 98 -40 15 96 30 -83 
59 31 24 67 -37 8 -93 69 -1 -12 3 -74 -28 53 92 87 76 39 85 93 42 -67 -30 93 -74 -53 69 70 -3 -7 40 95 -88 -4 26 -86 46 82 16 -10 45 -84 17 -34 -80 -6 87 -48 82 47 -15 -95 -5 94 -18 -57 77 -41 36 -96 11 -2 -77 -4 -88 -15 99 51 80 95 -4 93 -56 74 -28 76 -27 -69 79 18 -88 30 84 0 -26 89 98 -8 -52 52 -24 28 -14 16 61 -31 40 16 23 -95 -42 -64 84 39 22 -85 86 -28 -44 97 -76 -49 71 -30 6 83 94 71 -38 80 -79 -91 -54 38 -32 -50 -81 60 -73 34 -75 61 -48 21 63 -20 -11 82 -11 63 2 -69 21 43 -87 -21 -85 -42 -83 -14 95 -58 92 4 82 29 -20 -36 -96 77 -87 51 -57 -63 46 95 -6 96 61 83 -11 56 -45 -77 -78 -48 99 96 -77 -12 -17 -19 -99 8 -59 13 1 -80 23 -51 -97 -75 -14 71 30 -89 -61 -31 17 68 40 90 -60 23 -25 -35 52 -36 -57 27 87 -34 12 60 -78 5 -81 2 -5 60 13 61 -52 -63 45 94 -51 -11 -28 46 -48 69 34 -64 -22 -8 -1 -56 50 -8 -3 1 79 -20 38 27 52 86 60 -97 37 -34 -90 -13 87 9 -29 -15 76 -55 68 -72 -36 -97 -64 -83 -20 94 12 77 -29 47 -67 -84 -84 18 5 80 -67 -29 -19 43 49 -22 -13 -61 -21 -67 86 3 -64 -24 -5 75 32 0 -52 55 41 18 
-91 42 10 36 -71 -9 -43 24 -29 13 79 72 4 -55 -40 67 -36 60 26 62 29 1 -5 -88 -34 82 80 -42 -83 -25 -3 82 -35 46 -22 28 -53 49 -21 45 -29 -51 21 -99 -97 -6 48 -30 4 89 -20 -18 81 31 1 -56 42 68 -88 0 72 -43 -35 -96 34 94 98 -79 58 -28 34 -48 89 7 -97 -7 -41 -29 71 -87 53 96 68 -30 -26 8 -87 -42 -72 -47 7 -88 -44 81 -57 59 84 50 -60 40 -84 -29 -78 44 -79 -31 12 -14 -28 -80 -69 -43 -33 10 -67 69 13 38 -95 70 -27 46 63 -25 83 -45 -61 22 -5 -89 83 77 17 -15 -79 -11 -93 -53 -18 -58 -84 13 75 -77 -20 22 28 82 86 95 93 95 -22 58 52 -30 23 -16 -93 28 24 65 55 84 -28 19 -77 12 -2 -88 -71 20 -54 -48 -99 -72 41 58 21 -88 -5 14 10 -61 -17 27 95 -30 52 -99 -52 78 75 36 -69 8 -97 -63 -35 -31 -4 33 -90 9 63 -98 11 53 79 -32 57 84 -17 90 63 5 77 51 -10 11 -39 99 41 -70 -99 -62 -74 -39 45 2 -38 -55 13 77 -70 -6 -86 89 -40 -61 65 64 -39 -41 8 -51 78 -73 62 -37 -50 93 -81 40 -87 -90 95 -50 73 81 -53 69 44 53 4 70 -58 88 57 71 47 -75 20 -8 -29 58 9 -54 -45 -33 -14 53 -70 -22 7 42 34 -98 -99 44 16 71 0 -8 84 -94 41 -96 41 -98 
30 -2 48 43 74 56 69 64 -32 99 6 -51 -59 -57 -33 -12 21 89 -45 21 71 -72 -56 -5 45 -46 -29 6 -26 -71 5 -61 19 19 22 -41 4 24 -14 22 -87 22 27 -73 65 48 44 10 67 -39 -28 13 -58 97 -73 82 34 -2 69 24 28 93 -46 67 -13 -57 -97 96 -99 61 -4 9 -14 -10 89 -15 -56 -83 -43 29 32 97 -72 -81 24 -85 -89 -14 32 -34 -41 -76 13 -57 22 -81 8 44 39 -88 -34 -8 -80 -71 -25 -59 -56 -33 74 -44 44 -80 -18 -62 10 -61 -57 6 -76 -5 -54 26 28 -35 -84 16 -42 19 5 -76 58 20 48 -93 -10 -20 -21 -56 89 80 65 -94 59 -75 -40 -19 -47 -26 -96 57 5 88 -65 -55 -49 35 -98 -17 -14 -11 11 -88 2 3 41 89 -13 -8 -55 -6 -32 30 -93 -36 -98 47 -10 55 -98 16 -44 83 -60 -56 -1 82 -59 56 48 41 13 13 40 70 54 3 18 87 -98 92 62 -49 -31 -51 -34 -71 16 -13 74 53 82 -43 -70 97 60 1 -80 64 94 -94 -52 -15 87 -93 -48 54 -52 -10 98 -22 -61 98 35 -63 27 -1 -11 57 -7 -63 63 -72 66 -83 -34 -26 -90 -4 -76 -90 52 96 -31 4 75 -22 49 49 27 33 -87 -35 -19 64 -53 2 22 -94 -29 72 36 -78 50 30 -95 41 -81 48 43 92 -49 -34 2 98 -5 -48 -14 98 -48 36 -84 93 72 -15 -76 66 -73 -5 -83 20 
15 -44 26 -5 -25 38 -73 -23 -43 -13 97 85 -14 -88 -58 80 21 75 38 -96 -78 -7 -19 31 -33 -32 10 -53 82 88 -52 61 -58 89 -7 40 25 -39 7 -3 91 -79 -79 -3 -74 22 84 -92 88 -47 69 -9 67 24 7 67 -35 39 26 -89 -32 -76 -33 -93 78 -86 42 -33 31 68 -31 4 48 -96 -27 13 48 -35 -12 -60 -51 91 59 -15 -54 98 -80 -14 82 -11 -27 -9 -17 -67 -28 -69 4 -67 -38 -82 6 26 -23 -70 -67 -76 58 81 -57 -59 88 98 69 -8 -67 -58 89 -84 60 -65 -87 -65 -5 -16 40 14 39 -62 6 -85 82 60 71 99 79 -64 -40 32 -68 46 43 -57 -31 70 -38 87 -37 -54 -55 34 -19 -46 -39 -76 -15 -85 96 -8 57 93 20 88 17 -71 -68 -56 66 78 59 71 89 -86 31 -39 26 -99 49 -62 99 44 5 -56 45 -17 -19 66 -86 -97 -43 -43 -4 60 -41 79 -78 -49 68 81 -54 -89 8 18 -90 -80 34 50 -1 68 3 33 -93 -87 8 -4 -99 55 37 0 -36 33 -64 -9 -33 62 -85 -24 -33 -16 -57 -39 65 -53 92 -93 47 61 -42 -9 42 10 6 -74 93 57 71 72 1 -33 -92 94 64 84 -67 42 32 87 -39 -72 -65 48 61 -38 -11 65 -21 -94 38 -34 -47 -37 55 63 -49 32 -17 -55 25 -83 17 11 81 -20 91 -67 84 -81 -71 18 -51 -52 -46 -8 -23 60 92 -26 48 -25 97 91 
-49 71 83 58 47 28 -25 -60 -56 -65 96 42 93 81 -2 -52 -85 -40 -56 -33 -91 46 97 -38 22 91 30 7 58 73 -81 -11 -71 -46 -16 54 -53 53 82 35 -49 63 -65 11 -73 -44 -48 -3 -78 33 39 -60 -84 91 -82 62 41 -44 -63 64 79 -46 7 -29 -90 -25 27 -60 18 45 66 52 80 -36 -97 30 8 88 -69 42 -81 1 -7 -23 27 -47 -18 -34 -9 83 89 6 -36 31 -50 -81 94 29 30 -97 70 -66 96 -92 -56 97 55 -91 9 90 60 9 28 -10 60 9 -57 -41 68 37 7 31 -84 -77 -62 -80 -57 3 -1 8 -46 19 94 -86 27 18 -65 -77 56 84 51 -25 -55 52 -42 -78 -90 65 -56 35 -35 -62 73 86 -80 0 79 -40 -68 91 -85 -69 -26 4 -4 41 51 90 90 22 51 -40 98 -55 -65 21 -13 47 -45 -62 89 36 -55 -41 82 -66 19 54 42 -46 -62 19 48 -53 -57 -72 54 36 -19 -68 96 -22 -70 29 26 70 57 -71 -20 14 22 -21 85 13 21 -47 42 -82 77 -4 -73 -99 -3 -24 -15 65 -73 90 66 -53 -30 -26 -52 -99 -6 19 27 -52 24 83 -89 -4 84 38 -50 76 90 2 72 -87 -99 -35 11 63 90 54 23 95 70 91 -59 -50 -79 17 22 28 91 18 68 -98 85 89 -1 -99 -74 -70 13 70 -8 20 -62 -9 46 -69 87 32 79 37 -28 -93 0 91 -38 86 77 -47 -61 64 84 9 
32 57 -89 -21 46 -41 11 26 -82 99 -87 -55 -18 84 13 91 -5 -4 35 75 86 97 18 11 63 -76 36 -98 34 39 -87 71 -87 -68 -22 83 -36 -62 15 -2 18 -4 -82 -51 63 -77 49 -57 82 67 45 11 -62 -72 -26 2 23 -38 66 16 -47 46 -4 -17 81 38 -88 -39 -90 -6 30 79 -82 57 85 -38 84 -37 12 73 13 -39 5 50 5 -76 -69 -86 -1 -39 -13 77 55 -91 98 -53 -40 86 -49 -3 -45 16 21 -1 62 -25 -93 -53 -72 -73 -26 -30 -37 -84 26 96 81 -63 -39 88 -72 11 -40 -40 13 -88 -69 -3 77 49 77 11 80 23 -96 -87 12 -96 85 -38 53 -69 17 15 -48 -96 32 81 -60 15 85 97 58 -3 96 36 9 3 -49 -69 12 -39 21 -19 52 -39 -62 9 -27 -73 68 -41 36 86 39 -48 47 -43 -43 30 66 5 5 77 -48 69 -83 41 73 -74 27 -94 -12 -13 -10 -18 8 -94 62 -94 -5 -75 -82 54 -39 -97 15 -45 -38 -98 17 -66 -9 79 31 -8 -49 -30 90 71 -50 86 41 44 -60 84 -62 50 -62 61 28 -88 -24 38 -90 58 93 -50 0 92 54 32 -29 10 25 -58 20 34 41 38 29 53 25 21 22 31 -18 -56 -34 -11 6 96 67 -29 57 72 -73 81 12 62 -73 -70 61 -33 -74 -24 56 90 43 26 -12 13 92 -58 68 -8 7 -22 75 -83 -81 25 92 74 21 -15 97 28 -61 56 
7 -66 -56 63 -99 55 -1 -93 87 -45 -83 21 -63 -43 -13 54 90 61 -14 27 -39 82 55 18 -79 53 -53 -45 -5 -33 -13 -47 80 -77 7 -85 69 43 58 42 -35 -44 -63 32 78 -2 -38 -60 19 -48 86 -48 -44 -81 46 -78 63 23 -21 -91 -35 82 -4 95 15 -15 23 69 -92 70 -23 -16 -82 -18 9 -30 50 59 82 38 92 -20 -78 -50 92 96 41 -14 2 -32 -3 -94 0 -39 37 -90 -28 1 -91 77 -62 -58 -20 -35 16 -86 56 -28 -67 -72 -43 90 59 63 -19 -79 -84 85 3 90 66 -67 96 97 72 -12 -74 -84 -42 52 59 -17 59 -78 36 -21 -86 98 -58 74 -76 -17 -59 -69 -15 -23 -32 53 14 15 40 77 30 28 47 68 66 75 88 -70 26 79 85 -8 -48 -59 59 -19 40 -60 13 8 -4 -63 0 87 44 92 -70 -27 -43 11 6 17 47 -40 -97 30 45 64 -33 -71 8 85 -59 75 73 -12 -24 24 73 -89 93 0 -97 95 -15 -78 -73 -85 -5 -72 91 -69 -98 76 -15 -40 -7 90 -13 60 80 -12 -19 -61 -74 -37 -70 -16 -72 57 -65 73 -46 -28 43 -37 19 88 -35 72 -97 -69 80 91 -62 -16 21 -6 -72 -79 -20 -36 28 75 -62 -33 20 -49 -64 -87 -68 55 -6 -41 -90 -58 -5 35 41 73 72 60 73 92 95 73 8 98 -85 20 -5 19 -43 70 87 59 -23 28 82 94 -44 83 85 25 -68 89 90 92 
51 74 3 -79 9 -99 -62 -51 89 -80 81 -57 2 -74 99 -19 33 -60 18 99 -14 -89 -82 81 -35 73 34 4 7 50 -30 98 13 -96 68 -91 44 12 -60 -64 -6 69 77 64 -66 63 18 32 -32 -74 53 -79 87 -3 77 26 -16 -16 32 55 -72 26 35 66 -69 -58 -54 -57 32 76 4 -84 -81 90 -78 -90 -61 -20 13 26 -33 -21 -89 75 -74 65 55 72 12 -18 83 -60 -23 -73 -14 -68 31 -62 89 23 66 -97 65 -19 -46 15 91 -45 -43 16 88 45 81 -22 -17 -53 -82 92 -37 -72 97 29 -65 47 86 59 -65 -76 -9 34 35 46 -42 -36 73 -14 -30 -66 72 -95 44 -21 -68 2 74 -67 80 13 -4 -18 -81 61 62 17 13 62 33 -73 4 -28 -70 -27 -70 -59 -40 -3 -78 81 79 -64 -33 -43 -35 1 37 -30 -43 47 -45 -19 -60 98 59 39 -18 31 -41 -99 40 28 -68 -38 -56 88 -1 -8 41 -69 -83 -85 -23 41 18 -58 -66 -53 50 54 -84 55 -30 -12 -29 72 -4 55 -97 22 -43 40 -91 -9 -64 14 -18 -87 81 54 15 -41 44 27 4 61 86 -14 -61 8 -41 -12 -79 85 -27 -68 93 -4 89 64 56 0 -62 -81 86 -93 41 10 32 -27 -39 5 -60 7 36 -10 -55 -58 -91 -92 86 -25 98 -2 -81 -68 20 75 88 21 42 56 -83 -92 -21 72 66 -72 92 -8 0 -7 -32 21 -13 56 -96 71 30 85 -32 27 
-73 -38 16 -57 -99 -85 -19 -24 -16 33 -28 -90 72 14 -28 66 56 -64 75 -35 32 -42 -88 -89 42 25 70 33 -61 -37 -41 20 53 18 -62 45 -92 -51 72 -47 54 -24 9 -63 -44 -80 81 28 -94 8 -78 32 -73 -16 -52 -95 -33 87 38 69 -7 37 -8 -3 41 -14 -29 84 89 17 -13 22 19 59 -38 -54 47 18 92 46 46 21 -22 -10 54 -86 44 67 70 83 -11 0 95 33 -12 94 45 -98 32 -57 -88 93 -33 94 -24 20 -81 -30 6 -97 -69 -92 22 -91 1 -67 -28 -79 -19 26 -91 49 -15 -57 61 -58 78 14 -68 69 52 -74 -51 16 65 -88 70 -9 -21 -56 69 -43 68 92 88 -62 95 48 -57 -25 -51 36 15 82 -36 -21 17 14 9 83 79 -17 -92 -29 23 84 -52 -90 25 34 -76 -41 -80 -34 -75 -88 14 -97 -23 88 79 -93 22 -19 -97 9 13 -52 69 96 7 -71 -88 -63 88 -22 -63 -71 90 21 77 -59 -55 75 20 41 64 -29 79 -8 40 -30 -60 78 17 41 63 -80 31 56 -96 -34 -92 3 33 -48 -38 -57 2 -92 54 -59 41 99 -88 -23 14 22 64 -93 13 -72 93 33 60 -22 98 27 -96 -35 -72 5 -80 -72 96 58 95 -88 -91 -44 48 -24 -61 -73 -22 94 -89 -21 53 15 48 50 -15 -42 24 51 -44 -40 40 42 -60 92 -38 -11 92 83 -99 71 59 97 -11 4 77 -50 -72 -2 -70 -32 -28 93 
