300
-75441 30862 10383 90604 43810 -17297 -45484 71327 -117138 32542 -4541 77913 -18074 -47798 157207 -28862 -34668 -33993 88764 -231176 32267 -12351 31693 56987 -1855 -31363 -2582 -13723 96897 51263 -12446 15934 -43925 -31038 105406 -29149 -24298 -32757 23110 -53916 -62470 58801 99960 73917 4120 -12004 -66286 7047 -30836 69563 -7165 -105417 48333 8889 51561 13848 -82848 23062 98081 26108 -1514 -29580 -22648 -118907 -60708 -26926 -28339 -35798 12597 -53161 11704 -19163 83379 -20310 43347 -10645 -11343 54475 63084 18058 -78787 -24464 -29256 12919 -61618 84712 -81398 131732 7874 -81344 44861 -52448 -52217 11667 84289 57883 34111 -18151 -2985 8612 15083 61003 2516 29137 71746 56305 -36828 -31704 -15559 102944 4946 139610 -4779 -33652 -65062 -64132 -12917 31536 101189 -79933 40737 -66505 -34668 -4190 8939 72233 -28866 -46572 -19580 15048 8558 223 -17729 -59674 38441 46052 80291 -44319 -39471 -42518 95979 -20877 -72854 -12427 -64239 16095 9216 26803 88620 23539 -32571 55935 61431 2909 -8388 -28322 38508 -20672 -14404 -62964 -17463 14995 234 70312 76510 -27977 123622 -90185 -45892 98357 -59148 27045 -58786 39139 -14313 88299 8474 -24096 -7630 9841 -25001 -49521 -58945 60933 82513 26083 105904 -71700 62107 -31506 49186 32889 -64129 -18066 -128168 382 67819 -12452 19266 16118 814 65657 52974 -77259 -27164 26926 32780 85247 20814 -113721 64116 30976 94450 78727 39377 8169 -52326 -24490 -1072 -27501 18143 7656 -44358 81188 -88542 -13053 84388 -106165 -75968 -76170 -90032 -126551 71738 4521 -11002 123508 134061 13403 -92073 49132 -61570 -46921 -46807 10566 -58447 98131 -30511 19231 80861 27767 67363 -5801 -11413 -75048 21165 -12174 80916 30516 77183 66145 42104 92630 18367 73372 14110 -18595 -76106 -26221 41042 27500 2403 -52718 -116992 42582 16793 -17591 -68744 -129233 17177 13017 68195 8238 6422 -106424 -23048 44118 -48144 -28426 16482 19656 49049 -18835 -99582 71470 -39932 -108926 11578 -79698 75824 -17474 
45928 33301 6350 52801 26323 -47465 52118 50832 -50743 84356 -38927 -37984 -32613 13866 7798 32474 31119 99084 45780 -70152 -10276 27122 3217 18059 -73243 -25860 -40350 -19197 -35389 73090 92682 -19330 -70895 46058 -86317 -25996 -63301 -1316 -57173 -94220 -20256 15924 53013 -22037 48643 -65388 -9592 58363 -118870 5992 -16301 86300 -6033 1782 7166 136351 -97233 56117 34259 85329 -11195 -87959 -27967 22762 113478 40088 -24954 -48610 19273 -16950 -64747 8359 -31951 21431 45044 25225 -62193 16464 -47444 -74662 45282 -31300 66317 59209 -164103 18984 1925 -14909 -55214 -45557 -4972 44965 82758 59601 45463 64315 -49882 -14029 42719 49335 1459 -7701 -66123 -39733 -2059 -57917 -62370 -20823 55088 15113 -76068 20612 29371 100067 -57134 39812 57912 1695 52426 -24189 -9000 -43040 61347 24300 49049 -17864 -27902 -14296 53142 -47334 -14217 -91609 48420 48003 -53330 -49348 17299 23832 -6122 108903 -44582 -29556 33003 -125471 108125 -22424 -38189 31462 -44732 36567 171015 -81248 -38054 -19420 -22253 -53008 -59694 75085 -47339 -8284 59178 41293 33369 46606 -30091 31599 -43342 12029 -18537 6936 30682 67248 38749 46218 -127846 -44309 110309 53545 55337 -56551 -101913 -24202 -15257 112446 56380 16898 48351 18839 6897 -18174 -27303 -64765 108797 -17910 -96643 42170 -50454 52432 96292 1158 -80947 59339 100843 -39455 19281 18011 -13242 -45543 57325 9297 4278 82726 -45992 -43761 60434 65087 8338 2374 10815 39815 52610 39683 56478 1793 -29553 -40538 59348 -80358 51867 -44669 -40428 5740 -32496 64812 -6467 21815 -60515 19574 54972 -125292 19920 -8721 40917 36164 50992 -23594 -9008 -19883 75878 22180 15294 80238 16309 26984 -20757 -10811 -52619 79219 -1842 -109247 -106985 -71684 -2764 -43996 -33804 -9598 66516 6501 -108576 71790 -3025 -29514 -2444 -80973 -13795 79007 -34655 32189 49828 -88074 9670 -48217 6352 -20772 -58268 3334 -4837 -64463 52119 10452 3904 -60223 21043 22194 -8441 -20921 -6932 -107316 56166 -52429 
-9473 -3304 2192 37746 -17944 57707 46079 -1584 63487 -36865 -91985 50594 -16390 90028 30354 50908 51159 39003 -22414 28376 -153808 1857 37303 -19688 63521 18288 -25677 -53058 -5396 -64681 52118 -95382 -26338 -21613 -41968 5015 -65187 16602 84060 11988 -31033 -21150 -71671 54305 -3947 -76033 -18808 24519 -24510 -45936 144146 99320 32097 28595 -47866 -5513 -18330 48388 -36812 61834 -33375 35013 -34523 -123126 92077 16075 -21953 -59406 13613 -33350 -35888 24800 -66767 100435 102347 89444 600 57111 -40637 -121292 12451 -19028 91189 -7797 -38333 -16292 -11579 19771 40136 -52929 -79416 61390 -97758 73986 -36967 65200 46842 97536 -28042 -28552 -66826 24663 69042 28558 -40194 77105 66239 55891 -119779 -77904 57890 48799 -3926 92536 -53242 -48887 -43427 74162 36 41063 6729 12599 -44321 -33792 50498 17507 -8381 -31889 -95524 -79440 -22681 -66105 7852 -18929 21063 13836 -62630 -58587 -103053 16616 -28366 39232 -18823 9382 -9781 -37137 31881 -40428 -69637 54360 312 -12915 -5107 90570 -27998 -3864 33985 -114872 51181 26794 104516 -52891 3563 7603 -21158 76785 48177 78115 -74635 103449 83024 92332 45191 15665 86476 -46792 19379 -41885 70033 -5469 -31083 -47341 -11026 -6212 -20121 67847 -46354 -4895 10529 23334 2209 70981 29923 -35952 28898 -19408 -12565 -84992 79424 -86041 -168265 -48159 -17735 -43050 -152826 29600 -87828 -29044 8074 586 88763 -242 -11223 -143210 -661 23181 28416 -62425 17704 -22852 -14452 34742 -13777 37082 68829 3612 -3854 -32004 11026 -21873 -1680 -75730 -45078 36977 76142 41733 -69169 115924 -57270 -40230 22072 -73071 49501 -48214 35105 5433 -94521 -62632 -35119 24867 10369 22483 55748 -80252 -69860 69435 44235 -17914 -27824 22768 19995 39256 1431 -26073 75650 35191 73466 100926 -10470 30898 -46719 -38222 26906 39988 -28324 -59607 56871 -88196 131039 -27715 39554 39727 48451 -96343 -881 -29696 -19504 -3924 6472 16936 38013 -10108 13101 80773 -14135 -63667 -109873 39490 3231 72299 
40498 -50877 -117962 -57774 -16431 17298 -66576 10562 -8547 -115718 -86924 57870 16054 -37584 68212 55123 -10701 -1166 -1663 -52477 -48804 8681 -35892 97063 7912 -87102 -104868 -25156 -71837 -65403 -29986 902 93255 57876 19644 -58467 -17191 15020 37870 -38465 38016 -112236 -43165 -36102 -57401 18221 -7463 139404 6532 -2031 11083 89857 101988 -24345 -91067 66465 -14631 -53918 64772 -28826 -66384 10903 56151 -28988 -84951 -109630 -14207 31483 -30501 -2375 -22777 34054 -16132 51837 49472 -61921 17496 12017 -15264 -12257 -33246 26242 15055 -19575 77191 51561 -173063 124510 80288 -24065 38035 -3096 67146 65485 40268 -50893 28192 -3467 -5334 -21130 -74445 -73606 -22673 43218 -2011 51461 -72236 117136 38759 -31997 46693 28822 -25648 -19308 -21232 -55795 11856 78814 -36307 -79682 -94449 -67060 46933 58474 72819 41352 -31491 -72008 84122 -40385 -29189 -2710 26244 -80552 -75451 -13373 -15920 7637 87133 -66912 -35604 -21953 -12453 49622 -84926 92693 -14975 3132 -135 5301 50548 -57444 11005 -86526 56198 17680 -48416 23287 -3117 33688 66769 -37530 -1884 -20345 67363 29738 -14670 -22 54560 -49898 21371 -9672 -12803 72490 11086 -60512 -42598 30673 -3703 -23294 -3604 63282 -33611 92835 113450 -23070 -101738 -15353 -1707 -46766 15560 -43381 20616 43928 22786 7993 -47890 -24855 -42113 79245 -46341 40879 -55880 -24310 38984 24848 -25084 -26393 -523 38199 -71307 -38352 9961 -36368 -50805 -40407 -31072 107918 4309 -79828 52846 18932 -60194 12623 160170 -44392 7055 -1015 25782 16483 49270 -24616 44204 -103426 -59962 -48099 -27719 52209 -35557 -24846 57118 -76324 17129 -26743 25361 116452 69064 26793 10228 -8650 92063 61219 -89619 -9391 22479 94054 -3902 -19286 -18321 -154844 -53231 68246 -14415 -25661 13161 -33708 -65913 -1054 -59306 -74419 89869 12335 -49323 51645 -21976 -57307 36943 25284 -20724 -17825 16484 -87370 37652 -6008 -96527 -47638 -54287 129676 65102 -63034 -41315 -14431 -74878 -20168 -87159 -22427 -87581 23922 46789 5622 
-21530 -12450 23911 54060 13192 64160 -39919 -10864 41077 127298 53836 -38193 -55427 -26495 18495 25865 -68898 135868 -31484 46263 112357 5547 -68897 54973 -42644 -18601 6332 -39852 31407 -63734 -38112 -9931 -21597 16797 16419 -31881 -53002 78494 -16028 -75271 15499 174278 -10823 -41563 41842 32713 92075 -92318 -48522 -88387 3382 23356 554 22846 -19055 -58132 -34081 -40500 91007 31007 -63789 -30049 -18914 58823 29855 18850 65825 -27439 75101 34619 -43128 50566 -23037 6137 -26009 94234 -131366 -31606 5696 -1356 -40610 17142 -70989 -55290 -59079 -28471 -95324 -63745 6051 61236 94658 -15467 108653 117213 -14817 46183 -75226 66303 94082 134384 39786 -1037 9747 -30953 -67332 -47583 -35472 -129572 18513 -15854 12336 -19622 -11807 48368 5494 34340 49793 -72776 5323 106239 -59973 -86817 -21741 67162 -49130 -41614 -42937 -15771 -40076 90904 5172 65850 57836 32404 1387 47206 -177776 -108901 -60618 9869 33163 -42531 65652 59921 -13911 -132752 -51692 46038 -15497 -35596 32130 27761 31837 30383 46183 -2817 37547 -24906 -40393 -37376 252 120427 17899 -85245 82481 -48566 77001 -44309 -107531 19321 155363 60645 4349 28365 59077 -26557 -74213 83435 -70483 -33585 -14974 -26802 -43577 28946 -17719 12379 -42636 -12394 -44113 -76124 -43674 -71519 643 10708 22477 19963 44271 16305 -151 -29197 14416 -77262 142 80363 7999 -102902 44224 -148 -47147 -79982 -111966 -100615 8267 -65368 1789 -81115 4986 -30559 24336 -63708 25121 -38941 18318 -34814 -62632 14125 -90767 -60064 -4294 -2958 -38252 -22964 -17050 28500 88471 -31294 -27821 -72227 111049 20489 84926 -11547 1676 115750 -47904 -85281 -49441 18260 6514 48472 33844 -126134 102816 -22323 48264 -70147 -70295 -106682 26660 90246 -89336 -65244 40643 -35769 122895 -34390 14726 -28049 7311 39411 -57933 85158 100155 3206 42378 -29294 60251 31587 41339 103786 -20628 -32683 42828 -20373 31453 -16013 -23877 -57531 -72080 22424 -1013 -50282 49902 -30919 -19855 -8615 -5777 52889 -21634 53587 
-21995 4637 -66042 -26509 -27500 -118988 35424 115656 68933 4959 -152238 48139 32560 -28978 -10130 37426 -28281 29535 81038 -47260 -40473 -75949 86028 46323 -95592 -56058 -5694 65919 -49050 5447 27440 -18876 -111091 54051 3045 14655 -29760 116059 97439 -21395 -222 66842 -13899 26831 53674 -7575 -89938 8641 28009 -2879 103943 35506 35330 -13369 88258 14574 42150 -40203 69795 -10577 -21310 -21479 -10596 -99795 97237 -45238 61321 10506 -23367 -30133 -16280 71229 -122540 101792 26008 49226 -70816 -41121 45999 10027 45697 -18576 -58146 12478 -23667 81308 17978 8735 -58091 14011 -25713 -65730 68328 -69234 -78262 50049 67677 67272 -58617 -70248 27747 87 5057 26583 107016 80944 39399 12030 -107067 -20346 -24889 -37531 24322 35943 86633 31970 -50394 -41084 20888 22287 -16762 -20281 38194 -24513 -21342 91245 144947 37502 -27212 148070 12824 49346 -45040 21942 76841 41834 -45814 -19646 -21017 -68359 54743 55577 1786 -66444 26275 1432 10515 151353 149954 -30969 -151359 -114744 23697 49431 33937 73001 -74894 12051 78860 9477 -2761 26104 30400 -44109 -87182 87094 58615 -24299 -53216 -24981 22995 44078 -71840 45469 64657 -68850 -810 31821 43391 61144 -55996 30658 -24285 -27329 8530 -8246 -111657 53966 -69181 30837 72994 -36666 -21752 -33593 -20235 -25755 122036 -54376 -8801 -12113 -87893 59036 86658 -109601 29648 -55156 -45283 -18419 -43808 -69382 -53551 17066 12151 9859 -54481 22965 -31043 -25073 -73334 22015 116762 72139 36434 81769 11371 60133 59712 -120243 86199 57673 -46924 12821 39050 -81213 4150 -58232 53067 -78987 -15228 68336 -96485 -147284 -33589 16768 -3392 35738 15446 69124 -7469 -3441 49843 -92796 152654 168100 -88712 46538 86198 -71232 -30906 -109629 -19308 -8278 -82433 67713 -26992 24006 42893 32052 -6485 26038 91365 -19075 12785 3513 -40714 64819 -20771 65388 -59151 -11266 73864 13010 -77689 -122305 -6895 -1846 -18818 -121018 2076 133173 44852 -39298 -80003 90055 73492 18441 -18327 11745 20094 -46297 
-42267 38567 27346 -8412 18817 -43260 106702 38678 -23582 56567 -52624 -8619 -24830 31657 120715 -130806 34971 -42936 -16707 -82476 -21453 -64935 39128 37006 -41428 -57574 -97091 -16147 -56628 -2760 -38180 46682 98572 50533 -10471 5169 -76447 70062 -17390 -8746 -61518 -112147 35933 -113903 45771 -65591 -31563 -87427 -8124 103169 8350 1727 54416 -7784 -36711 42373 28668 4323 -77530 44097 -66945 78221 -4876 -33069 38651 -11556 -30147 27070 29231 26707 -72024 82320 113987 7006 -91124 -291 -33491 -8670 -7965 35930 -44505 -34407 40450 60428 34173 -97426 63412 -52386 -5990 108548 -13815 84161 -2138 37533 20782 -115 -32635 -116126 -12184 6374 -60816 36728 -3515 -13149 24615 77833 -103805 -20613 37673 54072 -34353 -30503 -31100 -17359 17979 10996 -46833 -104513 34761 -23927 8910 -88112 100345 7644 -55415 59467 26321 2852 66295 55240 22498 172299 -78492 -25811 -24012 -53533 -26955 -3859 -39400 -5896 -77737 5394 35249 14819 -9755 -67586 -53860 6375 11526 65553 -44451 -85276 -28487 45138 -45304 -57446 -28883 -41300 15889 -39258 5937 -59417 -70285 -104938 -105451 10319 649 1459 2403 13830 -28474 -96414 -5934 16560 9200 -3690 35319 110006 -20717 -32301 64178 80651 -30500 -60895 53837 -47614 52233 14114 -34899 -83001 54603 -40570 106965 17927 29338 23672 87639 -42132 -39809 44079 70832 -7159 -134834 64883 70335 26177 -40964 61451 -53863 42717 -12098 -4493 43723 6736 24300 -7926 -15172 74636 4363 -35302 86678 -57478 34401 23628 15096 14809 -27214 9241 -92648 5357 -29693 158009 38994 -6147 84498 31178 8936 -95633 -43529 -12954 -101205 8707 -129907 -14781 6576 68269 39158 -248 -10898 37848 93839 -32499 24469 41964 74897 -22929 -7427 88772 -55656 -87031 60469 -2265 -132329 13350 13362 8714 -1480 -90031 -16595 13264 23052 -58081 -113318 -122441 -103218 83886 -1845 -11686 62865 -4906 140165 -29943 -91188 3235 -45587 55585 108438 24102 -1036 32119 68642 -72231 -59366 37198 20099 -25437 28074 -27893 64907 -11362 
-40601 17591 9619 -25728 -7897 36075 76134 66344 -68819 -69725 57808 60589 -21719 57748 -20600 10989 -24612 52708 -76693 -24910 1961 58954 20426 102409 -20127 4612 7649 -63319 -19457 18378 50733 9272 -3631 -44438 34974 -7163 -47996 17416 23344 -68838 35716 16580 39917 -12928 -9299 -68560 50078 51985 55913 -11782 -50654 -39623 -41637 -25857 -21504 -7377 -38609 108159 41373 -6285 -74848 49793 -6196 -58802 -23608 -20952 127200 36761 69756 22135 -53369 136843 12295 21832 20129 -43343 -10046 -29184 27474 -20915 85983 90900 -9612 18387 40489 42555 27971 30055 -68946 -24772 -94419 128200 121169 -13425 14960 199173 -5598 17239 38549 53258 107372 -73090 -23919 29731 -24320 -11763 -37755 45999 11525 -34180 -119277 11922 -85940 -14851 38399 -107346 -28713 -23598 -65540 45956 -22176 -34306 -21466 8151 -50942 -23069 -47254 21570 75971 -55001 15178 -63255 -35309 2384 92077 10460 -49786 79308 -35661 -108621 -51423 -93866 -41308 52927 67380 81975 9059 -112430 -14913 -120181 44224 -34524 -91646 25107 -21415 62731 78206 7932 -69236 -23101 35975 -43752 34146 48943 -39707 67652 67183 20077 -31187 -16649 -31643 -101049 56802 -122651 -50041 -18988 -39989 57854 -17672 28766 27304 31921 -49266 -17095 11508 -16734 -12661 27120 33984 -79085 35928 -125484 3027 -11411 -101213 47612 -22100 114571 -37479 -11207 -43965 42793 88525 -66357 29695 -22334 45307 -60939 -25372 -3570 -57336 155 49200 32953 25168 -36172 -72946 -9331 -5709 63490 2218 49891 -8190 124668 67828 -6712 35606 11950 71686 -10897 -31410 25514 -30906 -123742 20618 61164 69630 -25332 50179 1539 7448 -151925 -58996 -53472 -5098 43323 -46068 84775 47348 72925 -74647 -16626 -20729 -32927 -17128 82447 16696 -25215 -4129 -15118 -2213 -7250 64992 -50051 18883 58665 58319 -33663 -131890 56739 16798 43106 -93353 20412 85130 44788 -18145 -29626 51446 -28251 94413 18110 9279 -9687 9783 -63374 -92556 -101344 -48250 -53743 -19589 -80353 -124205 65456 -60215 -81871 -15187 33223 24823 -78273 
-7839 -31138 -97407 -30421 -25301 -41477 99853 17106 17466 -58111 13921 18495 12548 -38186 -37487 4559 -32820 14846 54764 15553 64227 53745 46212 91774 62094 -26637 109845 4822 -50015 -107887 -13091 -41254 -79302 20481 5678 -25929 -999 32778 -89476 71477 -22961 -100472 -39274 -72040 -1307 -63311 10799 108962 3868 -69444 -53841 -39268 -41025 78232 -66460 63633 -39747 26083 113400 26607 14646 7869 105527 52989 -76701 26179 -8143 -48004 37912 -27791 -65062 7669 -147007 4384 -24384 -77331 64434 -87038 11932 373 84705 106123 -1981 51922 86147 152198 104155 81175 935 -23351 -48391 -14490 859 6297 -43932 -63266 -73126 56551 39442 -33247 -77952 -37902 -27557 -28036 -38628 46631 -22943 86675 -29128 10725 -62408 941 110793 -67353 -124378 105924 57900 59854 2438 -32863 -20905 -17550 -51622 60999 -145596 76283 105255 -41312 -21669 -10213 29770 39786 -52459 26124 9028 -90975 -17211 175174 -23456 30636 25084 -5457 -71659 -8930 44260 -24170 -35219 48864 -63378 -21715 -91932 -84953 53438 -56201 -38777 4191 19780 42545 -35743 6266 17187 72204 -20704 29452 55684 107082 -24782 -8586 50023 118034 -93677 -10558 32430 -14731 -93821 69265 -3077 25814 24184 -85639 62395 163225 731 -87813 121913 -79259 -20731 23894 -56802 27852 62446 5395 -52432 -119779 36666 149947 25970 2703 27007 118225 53154 43792 26613 -124441 -31567 -27525 11172 -116899 23697 38703 -25724 77931 -21901 38094 111385 55487 108820 -4299 92988 -47659 87184 -14038 -137269 -44244 40225 130428 1861 -30696 82652 54108 -57279 63172 25372 -20118 -70424 -39323 31550 -48559 24766 -44601 42902 1389 -42520 25066 -58926 -109559 14065 67508 70057 55125 27071 55781 14900 -15674 -12218 83700 2142 40802 -34928 -26412 -54699 5160 25233 1742 2371 -9635 53664 -4538 -10134 -125025 96449 29632 61034 -108778 -22695 64394 36335 -25430 -14253 -25456 84554 38625 -106913 50098 50984 -7730 87990 -12586 -34473 -57197 94794 43278 27584 11688 45327 26192 -50552 -159245 -54504 -55718 
56381 -2641 46091 109526 -88424 9744 -97689 68855 4782 -7768 28840 -22439 50058 -32047 586 93890 -92182 17837 -67596 -2310 1063 128319 -62019 57797 12243 3055 43844 67699 -11135 -103445 -19128 32936 -76799 -31419 -28258 97371 -23754 89943 -15669 -86162 23163 8317 20766 -20991 29463 -22247 -34963 -77077 34097 11229 16703 -24830 38183 71118 -32670 2206 -34140 13938 101068 -32485 -2464 -34460 52029 -10659 -56034 58719 33548 -27080 -4858 -21342 -43123 -15606 -31258 68689 55558 -62442 45500 106311 -54380 61680 12933 30782 -7004 -19067 9465 -72808 -58066 -97715 -43254 79135 52186 84587 24425 -21203 -65807 30365 -4334 1853 37919 92770 -44962 -68570 38748 -94932 78956 -55710 -40650 -69230 -86886 -375 -65827 12672 45695 112458 11262 -71542 14408 10265 13935 17089 72892 16697 37839 -8675 2666 5297 10119 23241 -50554 -92836 -9733 -7789 -16719 -26343 31062 -11995 -105423 101598 20642 64838 -68534 443 45015 9342 101033 -32568 -16474 -13758 38823 -41086 83392 -96343 -29216 -44878 53648 -11074 25500 17487 -30981 -23722 29554 54784 42623 52922 -3338 -102004 17186 66360 51778 -15619 18399 16595 47661 55902 -87601 25733 17786 -64924 -35892 115072 -157019 -27548 29128 65148 7785 26807 13712 -30094 21843 39703 -3601 35801 75340 -35500 36072 -23178 -62415 -27496 -24132 42015 -280 74993 13916 -62008 7425 89185 -39370 64532 -30540 156274 96545 63056 -2695 -53378 107426 -4874 -21251 49876 107092 59726 -80752 -41434 16842 5533 36141 70137 -37134 54349 73070 26053 -93822 25199 60824 -94819 -32156 36703 -96008 85692 37675 97392 24001 59278 -872 -42962 44518 -55360 1839 96768 47629 -4886 -96681 -2531 -102307 65530 -99190 -9842 58190 -99623 92218 36701 -42582 -72000 132789 72485 40726 -24145 60257 -64408 -67896 20839 6868 15019 23525 43916 -22714 -18505 5704 122864 996 51570 63561 -15935 -37061 47109 18534 -75004 -16164 -56753 8494 -58417 -96489 59548 40719 56217 52509 5771 -25646 -68935 39095 -67746 
-32689 41888 -112888 -20175 -26031 -35664 73476 31692 3885 80277 38949 -61608 79935 -95674 -58164 31766 1664 35806 -40870 -33779 -44111 -81844 -89612 -80728 87640 -79365 49527 21276 -5938 130449 55062 9292 -496 54117 -57230 24512 -35607 6301 -56114 -61828 -80450 49911 -4155 -13168 -62780 -49904 -642 -3221 -18959 92356 161834 -44208 109436 -67727 60463 -5803 54509 8996 -10123 -77761 65177 -112408 64560 -38252 -44649 -50700 34003 -13223 -53947 -58182 11502 45753 97316 54031 -76230 37756 -3264 -153694 3636 -11793 -16268 75500 8251 79866 -56263 18605 -35367 -37648 -35413 102638 2891 -17709 -31487 -34703 73093 -84519 -51028 73238 -101148 -55127 -74036 42886 29277 -53408 -9549 6636 -63666 76324 79999 -13152 99668 -42912 13921 -67882 66706 27974 57719 -69189 78760 70646 -58370 26556 65091 -3629 2777 -102765 102386 -78940 7276 30231 -39016 37593 35775 82212 -11951 -2529 -37633 43811 1012 -52496 81688 -13060 -42966 -91537 28693 95836 5661 7331 31187 -19999 -58551 -23646 20861 126424 -105 14453 64546 -98310 -71195 -33005 -80176 30609 -66860 -101450 35902 44601 5539 -85068 -116012 -103628 -7954 -59642 -148973 -60072 -47365 -22428 -5485 20065 37345 29606 14198 59554 114744 -57913 -75671 34060 124116 52844 -69662 12847 45772 -178 71764 64603 -80884 -114804 -6189 -27054 6732 -41740 14005 49619 85936 56040 18191 -38992 569 -9998 2328 17948 41026 36207 -70546 1867 -41411 30923 5910 -6325 -29754 -51909 -37957 12415 31177 4381 36415 56664 -24388 -97519 -140212 35409 -14274 -52358 -21757 -2386 -209 -120710 -2489 1731 -24446 39906 -125721 -70398 10113 84842 -37483 6140 -6233 2129 30191 -34477 -22470 -48474 -12830 117837 -4944 3695 12730 92045 -47388 45169 62831 -133835 -27565 19213 -9396 19688 -36807 29356 -5452 -19630 7454 -39102 47125 -37456 -114641 56487 -98602 63199 77841 -70189 19204 105286 -84777 20579 83178 -8673 42226 27066 76669 -26137 -49887 -14511 -16734 -59694 -3051 120254 -104621 -20508 5496 -20948 
52430 42560 -23701 28257 112022 64879 37920 -6704 -32736 17737 144252 1734 81768 -28764 27168 -27454 -33102 68462 57858 9388 40060 -85986 1504 28876 17596 -23278 71901 16486 29435 127711 -4966 -76678 40600 28366 25751 106849 -51011 -31620 70182 -57767 27057 -66635 87609 29148 -4399 -22479 -73481 20812 -5796 45211 41399 -27875 20770 59008 7083 -48915 -54903 29103 -135291 29004 68921 703 -100299 -37549 51627 125870 42614 47689 -1968 15397 -73213 -4429 47558 14285 5909 -46516 27746 3956 -35674 37856 30888 94184 88144 -60889 33474 -37270 -16269 52703 -107172 59985 -49299 31715 26778 52883 -140601 -76934 91081 48635 -9603 94279 -3753 -56217 -4483 -51925 21015 90835 -39386 47858 11107 11237 -110782 79496 25367 -38085 -20408 30723 14680 -14146 11743 69399 49931 3286 55598 -67110 -52271 -75026 13433 17004 -20141 -55253 103984 -4053 40546 54819 -42793 13453 26481 126550 27937 53755 60957 72836 26622 33774 -15623 65408 18572 -8941 34034 91586 -31263 -32357 115480 34497 -156469 -42575 50608 -44344 -28990 -3151 4584 -75088 34936 -49369 90518 102093 -18599 -100939 -69470 -51374 -86285 -83163 52055 -120787 -42558 67936 29239 -51377 2747 66748 126372 -58246 -8793 -12950 -31883 7931 173976 52102 163233 39959 66529 98507 34519 -1375 10025 94165 22708 28691 -21554 2530 18261 62411 -25995 104252 90308 -6297 12403 -85298 138988 -69863 22939 17010 -33992 3069 8955 94289 45091 33721 -33985 -14827 -62062 -14417 9615 -27758 29263 -33868 -62609 11244 -78955 -42618 -81749 36370 -59021 80427 54302 10046 30189 12475 1336 -66892 -86914 83330 48431 -5369 38852 27899 8427 -53982 69033 -95099 -77945 127031 -73554 -8769 49863 -45298 47910 -10837 -77774 73722 60289 36450 1291 12975 -64649 2896 15760 -54052 -1496 -127935 -56571 -60636 -16487 -20671 2895 -5153 -114898 -76607 -83277 -100656 -47487 -7093 -90052 -37491 -23773 71322 105620 -1027 -3757 68420 2652 -17708 32350 8093 -33362 -65727 -42257 -75915 -43024 -81481 
-68145 -25233 26441 -35328 -1914 -58212 -31325 -76742 66477 27064 6628 18488 -82528 7777 7521 -11051 13410 66378 -12457 71295 12102 -55486 -3459 -47573 -30179 -46836 -3843 9147 -22880 -21756 76322 64276 69995 6124 40269 37453 -6103 -78971 -24039 83927 53546 -47152 70092 -11646 82103 58857 36712 -148416 -146740 3075 -66400 17021 34685 19698 -194 151198 -41136 44484 21872 27794 2809 37872 -11197 -13069 -42992 -32360 66003 -57667 77389 -86290 4436 44421 -10412 -61422 -16954 -30964 -71757 29768 60820 -18888 -6132 -43511 6248 28844 33492 -36993 49793 -29481 7872 -22857 50060 -93540 11370 10276 1854 -35418 23750 -72197 6850 -47115 -49253 8393 94550 -45084 -3754 77966 -35455 21237 -25348 715 24406 -75211 -19685 -5814 4236 82092 22160 20571 -18545 -14195 -17811 12111 73637 29492 -18350 -47971 66514 1822 -21869 53756 -53493 -14717 399 34160 -134826 22976 49665 -7894 59621 -10461 -47020 25951 3520 -17026 -24231 -13487 96962 -137009 -44272 64000 -111139 44145 49272 -70323 61875 57890 -94687 7337 -33788 20803 -88475 64958 32575 -74095 -8320 -99447 -98731 6805 11808 -28861 -46917 -55503 14965 -67553 -74763 -28350 51704 65615 40925 -35202 69614 49882 63560 -137604 -30161 41345 -13091 -26710 -98083 22763 63809 -13454 47718 -40254 -10417 -9874 -29917 -110048 103 -16929 22935 -9999 30075 2525 -25025 -27090 -72133 -34191 -27521 17235 94179 -17838 -100355 988 43309 -14870 11966 45663 90167 37804 6430 24111 -39026 36095 -71973 -20755 -31138 -8012 -806 -51031 -37757 59551 21715 90133 -12991 -15387 18565 -36530 65950 -24857 -22453 18818 9042 48334 -128059 -136366 -44916 16269 38666 36511 13881 21548 73040 -22740 -21272 -66974 -31423 20982 -45079 18638 37189 -7023 13811 -23136 -25773 -50545 22042 -10986 1886 -31686 14018 -136807 101221 -42740 -3091 16196 114693 -31224 5561 41253 -12240 80429 -11042 55893 68943 -48307 35779 33201 -66854 82989 -452 18042 -48251 -66309 -14287 57546 86047 -80794 -23177 -57645 
15948 -40077 -5160 -53279 -93199 74455 27910 -54549 14549 9851 51061 -14024 -20751 4697 -36762 69644 75189 41112 -43766 -8380 -55358 85141 105116 -44525 -107502 -1674 -91008 -39192 36043 -60625 65728 37643 38463 -71134 -70146 5377 20328 -21195 23302 36912 -12766 48923 77072 -29361 -143407 160277 -58638 73349 -43383 -29889 89491 -2413 -23821 45916 -40802 -58949 -16205 -95277 -71792 -58058 -85339 49892 -64336 85128 -44812 -22971 -3739 57591 -11868 -33196 3985 -28791 -2310 102228 -96081 22290 -67427 -37515 -3209 -63731 -66967 90150 -43196 -20116 -82760 -61181 40536 76617 -99928 60195 -5842 85062 -59596 147204 19779 61891 3413 -33707 10133 54548 41050 -110126 53334 6872 21688 21748 -23846 -55946 81436 -3125 -36761 -10910 23186 -10354 17097 13166 -80069 -7347 57333 26874 59562 22903 -35063 -39150 23846 -52390 -11332 43772 -38066 11960 84355 5137 -6805 30182 -12127 22618 21517 -20025 -29857 -21864 1371 36417 35996 -39354 -93475 54498 13815 24253 12450 -64682 -19385 -34444 19892 -33003 -34305 30144 34283 -4585 58054 30871 -75169 -34250 65433 -10181 -4701 20957 51929 58333 96226 -87661 -23884 -3100 62129 -2329 24826 20078 -23936 -9205 32096 -72157 18058 65184 -33557 -23019 14381 -44541 -12177 -97799 52 -48510 -8056 -43503 -76740 157659 -27715 198701 -50554 -7688 92302 90465 -69201 16808 153743 4019 -11148 75484 72287 32646 -25255 -76946 -6219 -59569 -89437 -21469 -111084 8624 -53248 -29151 -19490 -54935 -3002 20282 68146 -18658 66800 -26003 79073 -83825 51547 -119239 -109235 -88430 -37402 -7845 -58008 -6678 -102689 56011 -66551 67524 76340 9232 -75272 31607 21836 22158 19646 65825 5524 3152 -108152 9037 -24709 63713 -35560 -21720 -97620 -28380 -75212 59790 -35888 77453 -36022 -106179 -42053 16270 5345 -114827 -1043 8929 68578 51498 40114 -44869 67735 6676 85541 13940 41579 -45227 18020 -34364 -6903 1160 -67371 -69736 49447 73294 -94549 8843 48349 -47814 -26710 31777 -50289 50752 33910 -849 3847 -75581 
-70236 8298 -76242 31600 -119401 -126377 26645 -10123 123325 -66469 -104171 -40369 -70828 -90181 15242 -15003 -36509 59223 19429 73893 -93360 30144 57794 -21459 27401 -18742 -64700 26321 58656 -63715 -87792 12415 -16901 59619 -42022 833 -40256 26287 90326 -20480 131883 -18833 -38399 -38938 -32501 -42910 127266 38881 58031 26028 -39029 103488 -42620 -41758 44502 -22722 -27470 3620 166189 -12057 108757 -24179 78897 15908 74331 18369 119805 -35381 -9936 -28655 78241 1358 -46997 -51585 110667 -103556 -74563 10945 -67799 -30528 42406 -37649 -11263 -45841 84639 -59323 44075 99825 16537 71782 10636 -24790 -99695 41068 30069 114426 -18691 -43591 5089 104510 69353 -125398 -13885 -2421 -42480 -73046 6030 -4894 -113462 16618 -60177 66234 -111642 58463 -105251 65413 108718 77355 3102 -24399 691 23729 -69613 19676 -80559 49096 17181 -36141 1865 42245 40234 -53556 -55043 -49009 36287 -57256 65390 -19341 -35701 -114441 48262 44069 -35075 -50494 -24685 15140 -154 49619 71006 -7043 90718 -79364 -87752 14724 -34144 44867 22832 -117753 41215 -22631 -60756 -38358 150280 -53465 -58289 -62779 7962 37103 117467 22389 29468 32450 93953 137935 80721 -158241 15245 -13450 -124048 -30591 -3164 14015 -121201 26839 12550 -12677 -83908 13811 -111435 98894 54886 37 -123901 -61724 67648 -101016 -26378 15322 5186 -44957 68559 85453 107410 4881 -37498 -114203 -3975 2753 11732 -43611 -45128 -58280 -26084 -79211 -72998 -17526 -25407 55509 6075 53493 89180 -16465 -29703 72387 -9347 -38066 -127406 -63561 36294 5348 20986 -7366 152704 -29038 18497 14307 64340 -3100 17251 -54435 2123 -3621 -17031 -61191 13989 46602 12222 -49834 -11729 35745 -14061 54224 -40129 -26621 57459 26436 -71289 37871 99 48130 -10020 -4998 -10020 41698 14789 -90706 48457 81157 23278 77016 -19579 3430 82967 -6687 43756 1908 -65192 -42364 112088 111245 -981 44468 49843 -27968 -99444 -25993 23795 67186 5417 20371 -87235 128316 -29262 27353 39853 28970 22368 17490 -77941 145958 
7335 29949 47475 -6896 47300 62726 -36432 -47148 -67119 -80894 3401 -3740 -105716 -5975 -133680 -44826 26995 -55623 -59612 -90494 -42974 65744 -83347 23031 34307 44008 22986 -51658 79893 140912 -44315 -34150 -18261 -68831 79714 -27943 -65215 1530 -55698 -38013 7824 18873 -63895 -39666 -10331 33427 21120 61939 -49468 -61980 -4572 65805 -36920 16608 61821 -18202 36904 -46114 3354 -22540 -8142 -55343 -104566 -33416 -71214 -68617 -109018 108465 52661 -20188 83196 -47473 52712 132835 16077 74841 -41897 23368 71002 89819 14853 36438 26198 -82617 23868 -27132 -102651 85292 -24304 10092 40398 -57743 14224 -48751 -35138 -24897 4009 -58241 -10725 11570 7111 -41774 -50612 81893 -43216 93540 4166 -5992 71845 -23913 10193 -23275 55388 41576 157494 -180279 11723 -98237 114783 79675 -119497 -20040 -117171 -69333 -62848 67687 87665 20860 37516 -7413 -54763 1404 10639 16800 -17821 -114662 90378 2272 -7450 27571 54743 -9242 33264 91023 29743 -22217 144313 -69549 -24106 -32853 32152 53594 -23044 -21185 -88597 13543 -3302 -62927 58428 10954 16829 100725 -21207 -82944 68970 -27869 9395 -66081 63181 46765 587 4447 39716 -51073 -8000 -12869 -29975 23258 -111967 -29572 55899 -14218 48829 43586 8458 14784 14970 75412 -36172 -66922 19258 4800 46940 -40663 -463 -86322 -30397 -8691 30063 5464 -24687 -95947 -6743 -27570 71652 10339 -79243 -25458 50014 79055 -26645 -19633 45821 -54935 -64935 67271 37698 -24355 51118 -40988 -61136 -97972 -73107 19723 24773 62139 25014 159574 -18925 -12160 129131 -33926 35402 16595 121894 -22043 -40768 -12332 28914 -14968 -30305 -30050 69487 60963 43741 78675 4977 -16716 -51610 2308 40881 -69073 29117 -96915 -36595 -59392 -75809 50565 -51153 73798 73676 69040 39183 8815 12283 -18138 59862 -23780 -61453 -68786 -115250 88527 -24356 -22575 -10117 -26309 35404 -11489 52009 45499 59512 -28085 -56447 -12307 63323 -53015 46724 20052 -117979 -144676 -82649 18569 2183 78873 -105378 39914 -2353 -28288 42535 9080 
-34025 47567 8726 10843 -704 12354 3520 51305 123906 26050 -36123 55614 68445 -60426 -21399 93925 135796 -90810 30825 27905 38913 -7087 -26942 27430 56117 62340 16707 -2317 71813 121320 -17646 -38857 -32362 47418 65009 14197 -45037 -2282 -105715 69790 8666 -12555 3719 22097 -88288 83895 -65658 -2917 -35831 -61962 108239 7697 -19959 36585 -36442 -86022 -23905 -47785 -69708 30938 33325 90044 51139 -20030 -11692 -85944 76309 51803 59138 4621 -104006 67219 114236 -64136 -32437 25879 34606 41692 -30630 -34283 -39570 41758 -11899 54577 -8620 -22968 34581 11035 -18347 36115 -55695 1470 16143 -35775 3510 -73715 -44826 7512 -19734 -30820 -66761 -103100 260 -51786 -111271 -7191 -9974 12791 -11400 -24720 8765 -8162 81996 -80383 -7140 -75028 86782 6208 -123817 707 -18373 -17210 16961 45488 66254 -17900 -30038 43620 -23034 -29869 91048 -40205 80149 -36816 24745 45097 -110781 -62872 -42134 -50467 88150 -46004 69445 25754 -18948 44440 28286 -31426 78932 -22113 -91977 7933 14115 -18881 -51073 116030 45835 -27052 26619 42375 -157707 -62311 -151573 -11804 41415 -4641 -78614 -49347 7153 23427 -72561 61993 -92222 -10511 67329 -99393 -20531 69268 34362 35646 -78055 37599 44479 31920 -182903 -20092 25561 25886 102693 61363 14351 -62862 -77163 112864 42487 -53060 61389 -67563 -42788 -46310 -49515 21332 -82591 -9946 -54788 41428 90820 1719 61077 -22127 -15311 -21324 -83590 10077 -77518 26894 25268 -42958 105043 -37526 -24942 1141 -35287 2549 72619 -14881 -29152 39671 23306 -85498 -24750 56187 138280 5937 -12584 28849 35126 -59225 41784 -81523 -31262 37584 1738 8382 -43658 68508 47732 -16786 -51303 -85467 27653 -77993 1899 99689 19212 -15276 -79976 15985 -64149 15674 -45893 -15534 13331 -33093 96307 35540 43683 15407 11475 -26009 5048 -15697 -69149 -2071 -69173 32755 -13948 -28925 12838 10068 -70662 -117910 -50779 -33249 58363 -26826 -85011 36715 6259 68632 -112967 26954 11842 -109005 597 42861 -11057 17561 -40750 -80733 
-155562 25903 3956 13227 29101 -14136 -17339 11863 28089 -23352 145136 -47482 34495 106650 -5251 63454 -15073 25886 -41005 -4813 -4323 37241 11572 -28043 -3047 -27998 17026 -46069 12959 -12545 8987 36098 -12193 114897 -60895 17351 -66079 20479 -25093 12776 27585 48365 53262 -11597 -66424 -28982 22341 -41911 53961 74253 -39220 17682 66924 43211 55580 24968 -102131 83499 -40912 21328 51304 -100501 48461 65098 969 -196 -9656 40307 -49096 -24603 6376 58327 100077 -24938 -145279 -2376 -71171 26398 -76958 -66715 27200 20456 -21238 31255 -40803 24036 8389 85335 75359 -55666 131743 -127034 57859 -11084 27792 -2258 33720 3482 97019 48560 -53504 -52682 84662 -33717 -31766 39552 58864 48119 -72982 -150509 34646 75857 -7264 895 -717 11529 -33372 -12430 47867 32431 87862 -52620 -33111 -45610 -8809 33259 -13624 -45005 -32171 -23833 -34700 43648 -87057 6689 -9647 -12907 38600 47968 -15526 -54877 8315 13077 33024 -91059 42879 -23687 9094 39749 67018 14274 -28351 40661 13995 13237 -42939 -12066 36742 -71847 27379 -31811 -152522 -77487 52952 52111 20170 -26162 -55507 21484 94021 -105551 -82927 7705 68838 89135 45249 -59063 46666 -117377 105633 21379 7826 16923 -51332 11833 -56878 -40648 17557 -41599 34284 22512 67783 75010 -24949 32483 -11067 -10613 -22458 -5728 7283 -106507 22793 -9078 55418 -73 31539 26149 -70117 -53249 -44179 16827 -33825 8332 45729 26565 -84970 96238 -120296 8573 -60948 85544 1455 -26912 121828 51092 -29404 -105181 -17604 -4435 27859 -118054 -76614 -28498 -13741 110466 113985 -38917 -22613 -23743 36552 -102455 44273 -21823 56365 21644 64252 131977 -54835 -34383 3554 -20522 -34365 15460 32559 -28278 25203 -63191 -157280 60417 13002 -93962 49626 -36621 47503 11284 -35279 -9993 76672 -111800 -73669 78687 -25929 12424 -59568 6260 66905 -33485 45504 -25666 -92218 -55397 -85611 -20168 -16033 15557 -63675 65923 69352 42503 -8775 21484 46984 13504 -103390 -6460 44285 -90926 11853 -77687 -645 23845 
-15414 88294 -46184 -122236 -1461 -2972 7920 -18624 -8090 -7678 87062 19367 -48010 -25585 80529 44035 10810 24473 72108 -44693 51286 -26814 52 -34569 -152067 26855 -20165 56169 -59301 78554 38591 40233 2307 -75815 99843 1637 -18230 41371 -19341 12140 132337 27789 45718 23851 -141233 -40382 45031 -53744 14266 37857 -55449 -54441 -9148 4649 -44420 75996 6080 100304 48025 66971 19689 197892 -37734 -36312 65282 -53441 29091 29111 -32 784 40425 -36239 -12946 -22595 -36377 55991 -61708 -41143 58527 -86500 -35101 33232 -9217 -7420 76965 -33457 41763 49624 -101046 -15451 8929 6861 18207 7714 -41696 67840 13254 -32649 -47173 12332 51264 24212 52633 -30009 -37644 68240 40698 -40393 -61123 -126461 -190399 26835 21019 -30306 -13570 130089 58671 -9043 6923 72144 -3894 127707 29905 -2776 37315 -65405 66845 5075 32778 31148 64030 -18756 20518 -47066 -21585 -28114 79449 80640 44105 -53150 -1705 79930 -26990 -41623 39639 29629 23483 -15993 -75996 41544 -29188 7903 -15257 -35240 116345 27884 -20451 71295 -78870 24453 57606 57923 -15312 -3919 28183 211225 -2046 -6023 14617 20265 51847 -67482 6813 83025 72099 -41116 38000 -34582 -3527 -2237 23123 18878 -111113 -2810 118230 63030 -149467 2225 10313 6994 -35649 11291 37975 -11170 26107 37733 3642 -25965 46163 -44497 -62672 31600 -16129 -129995 56245 -118552 -115480 8856 86995 24685 171 47761 -33257 110381 21487 -89975 -126573 -42462 67518 51648 -3036 41958 7407 -7811 1827 18836 -14168 -74679 -62156 5914 44598 -162349 -15804 58040 -38341 97680 2231 -33016 33105 -1682 39585 83018 52244 132488 -21879 24079 -30538 -104423 53918 -38645 42491 29707 -33860 -46096 99594 62821 131565 -12187 -106312 -45638 -1825 53488 89256 38557 -23855 106929 -85644 48878 -1509 85430 26107 -61736 53721 -9359 90323 49923 28840 -8817 -96407 -133336 14907 -39138 -77479 -14434 2757 58842 9481 -250393 17590 -14704 -44667 -19534 111068 -45174 69018 -68468 -56167 101122 72016 -26263 
116741 -49819 -65685 59405 -39920 -57932 67061 -16503 128690 -49063 41040 -13631 44525 -46419 45578 79900 110350 16261 107529 -23678 -68251 2751 -11387 29241 32441 -21859 28977 4917 5893 -61410 116238 -3384 9807 -44568 20657 -47839 113682 25552 -70248 -28773 34001 7428 42326 -5906 38155 -15478 55467 4700 83318 -20365 47670 -41483 -6982 35889 143102 132011 -39173 -65632 111826 -40205 -65606 68390 25216 126274 61329 51677 37886 -45399 3882 17203 21639 -54258 -15012 54748 38698 259 -12484 44414 7086 -97839 -64679 -18164 81677 76941 60219 -125865 -64960 48637 89343 25832 -51498 -12501 -40486 -44680 79553 46123 -74631 -46942 41338 -36192 -82741 127259 36198 33780 48795 -47698 33727 -176647 8883 64330 -104885 -10651 14504 -11349 7858 39667 -29896 -39629 8417 37342 982 52813 34925 -2997 -59154 41335 42419 41509 -89015 41946 -1577 36964 -21824 105115 -11280 -22806 -38309 45782 -29338 -7276 -39459 -50072 1492 -84736 112741 -8463 1360 -19880 58778 -15189 -1330 -78768 -38544 28234 -41995 40141 -58206 27548 -62503 3177 -66263 -61686 -52860 -142299 -12699 55541 -118589 -32843 42057 66558 71669 -82246 1792 46343 -43226 46169 -37677 -103701 23517 4070 16374 23394 4934 -19448 -107028 28274 39140 -35343 7684 50028 -24195 131277 -3393 120815 15726 -60688 68433 47778 -19893 -21772 -58830 24271 48883 52718 18807 -56520 -46487 -43721 -72572 67033 49267 -12592 -14790 33428 6605 -25122 -8641 26838 15583 78195 47330 948 -152277 -13524 -31268 -8872 -26096 17022 38612 19892 -56296 48975 -31331 34941 24670 57907 -76036 -90467 19489 -528 18162 -29648 17702 -78392 -46121 18330 -12898 -51238 59008 8354 -101878 83518 -373 -65461 82835 -53529 -8272 2676 2473 -14407 121688 -61198 25582 -75210 -140154 -46060 -91212 -122987 44884 82642 -19381 -24971 -34971 29359 -48031 -76579 -21446 -87259 -24973 19990 6526 -103383 3169 11862 59615 27838 -92558 -3197 57223 -38170 -1425 -47063 -22636 -30152 -86991 -76906 -55343 99432 -48180 -22413 
28058 13216 48583 -68534 30434 -49601 105418 40456 4197 -29307 1678 -30754 74651 -4089 59300 -17670 19422 48068 46315 -26574 15138 40980 11036 4767 45494 -26046 77265 39458 -10871 -2591 34904 29303 40257 -344 10118 3773 13086 -1046 -27095 70592 144268 -34062 -8039 -34493 1389 35104 -77600 -26675 23954 141643 -34117 -61683 -30755 50938 -20161 16731 23700 22894 61327 51128 50869 85482 -33349 -7413 36141 45090 38931 -4446 -35176 -147101 8244 -16266 34053 59484 -123148 13056 52968 -30290 78648 67043 -31836 -136305 -36323 2088 -37592 -79531 24435 57539 -85607 -37748 -49720 114693 52408 -39131 39916 45328 -31283 -17884 14098 105159 12086 -4565 -34810 -58350 2117 -81146 13071 -2756 -16211 -12413 34762 5685 -33735 -102980 -21854 55440 119100 -21709 62714 -9527 -44870 -48457 31851 4892 -61388 11069 61660 -50540 -71651 -8574 -4293 -17908 4389 73857 34114 -18087 75895 -4912 -191 71055 26382 -7939 -2087 -78523 24388 -21953 108023 -73851 -33370 -10752 85621 -4152 -42379 14848 7449 20672 -90272 61079 -76025 72512 -20610 46376 -48759 21906 -78789 14233 75583 -59002 -44928 17326 -76733 -47686 34900 -21799 -127984 100896 105884 -14120 -2922 7079 57098 13038 -38954 13889 37732 -2794 61476 36775 36642 9864 -21221 -21478 32230 -617 -17813 4099 -61251 83326 15160 -4534 -1709 -52207 -66527 33974 25776 -119669 43981 -26182 18008 11248 104849 79723 -47109 -21768 68779 -72412 70109 -52255 55125 53539 -96327 231 -122285 -120108 -15567 43302 21098 -18029 37725 66457 -148029 -22695 -32186 65964 314 14096 20395 -31414 29356 -93865 23622 49174 52255 26570 -57280 -32937 -17646 -87605 -12923 -63414 -33586 39385 -12129 -111822 59176 -66999 -29877 -28477 -83104 62222 -8709 -46588 2182 19345 45102 71068 -73215 -140703 -8977 54186 46064 36480 9615 98509 56029 -46231 27531 -131472 -92591 -66437 17148 -36131 -20654 -30987 78998 102643 -7470 -21974 -42375 57227 30754 3944 9997 -86738 24859 -88481 -5707 54342 -47530 -59123 
29377 -59343 59737 89090 -50861 -58272 -79084 29979 12741 12606 27322 8226 101865 67597 92386 -66793 -56985 15883 13461 10723 -852 64039 -28787 77586 -77596 104740 44763 61615 68417 31527 82981 19462 41194 -4067 -14920 52814 33307 -3392 -28739 53376 44058 -15931 147336 -51964 27024 -56592 -74860 48489 -18812 -3625 10688 -78639 39722 -65159 6363 87009 -38180 -495 59700 96819 9549 -51653 74348 -65076 -109338 -32421 35184 -43210 41663 27845 121095 4937 2424 -35259 -23736 80475 -5680 -65040 -62588 -55234 -71346 23217 -24100 142010 78577 68443 30807 39663 -21359 -178868 98324 -7894 -7171 35326 -3342 34916 -51917 55275 186 133338 132837 -20474 165290 6920 -80418 -52623 9736 -28253 -48247 71458 -1664 -27966 19516 97729 17678 -78675 73009 121271 -76809 -27182 -33067 -25108 -7156 3575 -914 -63931 -59725 -88328 36225 120367 -14210 -58224 16804 -2404 -93000 17626 -13416 -25013 -8818 141427 -9670 -4555 -3243 56661 14575 55996 -74423 -135606 -54773 9837 -59315 37825 79100 37227 25643 -75082 -21720 68444 -4970 19889 -109096 12690 45502 74787 -31899 -102444 -60903 25087 -30746 64271 -12902 50484 73148 -188679 -98700 71532 -41196 -111492 69828 -13319 -15699 29376 6542 -85089 8100 -57486 -128658 -36083 29988 4374 -84181 -29516 31922 23466 -1672 34099 -33233 -40854 -74856 -10462 -36863 82493 -22026 -83379 -52522 -50896 -47829 -69515 48592 82860 -74504 55034 29420 83351 -31172 -48743 -4761 -106990 47246 68292 -7701 -19213 -29939 18625 -95575 -22528 75661 26342 12335 -61589 9845 -25619 41316 6140 50534 65363 140026 19794 170 -17845 -106857 17647 131925 146219 -8971 -8909 -25231 63390 -19922 67800 5914 79414 49099 12612 58009 29857 32996 -10087 -4918 50332 25174 -51023 18195 -26558 -128982 52421 78875 -59966 -56166 -82935 -42665 33927 -87154 8104 2557 -18622 52007 -40361 48886 -53683 -16651 54957 -56735 106976 19805 -72108 48096 -69636 -76197 9565 -42706 54890 -20382 58640 44301 4891 69709 86357 -21258 -144146 
-2185 -7294 8478 11337 -13850 -47965 -70376 4231 1727 2558 29448 -49695 -40809 38402 -4094 -21444 -53861 -37518 -16019 -35416 -16897 -75848 19277 -46674 54923 -50529 10135 -19676 13148 -131178 -6352 28344 2287 79289 -38647 -30508 -6090 -36659 68634 -37466 -24571 -54672 56561 -9537 -43325 -19023 97124 -1229 -39338 44410 -59589 70608 80583 -9292 -61760 24215 -48709 -59599 -164077 65420 -34641 100271 23454 -8502 28962 -29154 26164 65294 39124 -11521 -76202 -7241 -5055 129666 -36734 -47835 -4393 -97741 23276 92876 -22462 20301 -7092 -95967 -61805 46788 70099 -12211 59368 -32339 -49353 -62972 -709 57908 43823 9950 6274 -6054 -83436 -7157 54797 -11734 -17918 74163 -1718 12749 -83206 4260 -15910 70702 -65466 -26268 -10684 48140 56908 -10304 116588 -6822 -109040 -40147 -44163 -62885 2016 54570 -49627 -21722 -119556 -27538 69978 -23712 43805 18128 -25358 -8446 -37606 -5615 15213 -57233 31499 32606 -17789 -13979 -15403 81354 19995 35869 -26290 8815 -29233 13089 -90878 -64951 -12449 29923 -42014 -12514 34658 48877 58404 -76500 9299 -56250 -54316 10899 -46683 -46539 18439 -89656 -37438 133934 7342 -47427 11147 -51424 10441 -47864 -70466 27109 43525 -190396 -44134 -75222 66988 -96724 -91744 95846 -154751 33997 -26906 -101739 -25410 -10695 -95484 -44974 44130 -29350 10004 9264 171368 -38697 54284 35871 65362 49415 51591 -29150 16897 -5537 -82459 -43016 -43973 -42902 -33190 52808 7953 51141 65245 6661 27226 -23019 9109 -51462 -20480 61054 -51666 -13568 103803 52829 -80710 4857 88563 13702 93395 25096 -70546 -33310 -64721 -106371 60259 -59571 -38994 8359 49007 44219 -9751 2011 -6369 4726 -6188 -31288 -5687 22654 -17337 53611 20477 16491 -123580 -346 -40238 25181 19195 -166339 -80776 -5997 21044 -76697 -6356 14501 -24297 -54410 40091 70223 -27914 38109 28136 -53859 -574 42543 36368 -30547 -47341 11137 27720 2219 -55122 -80874 -19487 56359 -55356 31411 125610 5263 -76246 68792 16106 34506 -22638 -10621 -33194 133767 
35994 -30131 -68283 13238 -84299 -22736 24443 6886 -50609 11494 72211 -67613 -20301 46495 -673 -54659 107162 -4424 57933 29051 17317 -37917 -34205 11525 -101910 -60958 -38587 26728 -66308 -21556 1704 41493 77410 -56184 111270 -29902 -45320 66761 -78812 76831 15781 -87931 28109 -84500 77175 21171 41808 -69554 36486 109113 -71395 82532 36177 -31168 -22174 46907 24536 -40138 -5228 14812 18260 868 58364 36726 -5674 -3947 92346 78757 20958 88371 72736 -12225 -8927 -16439 -62170 40 80014 30896 -28492 19655 50033 16315 -49072 -898 -56032 -9705 15737 -19599 114275 82736 20239 82466 -1397 -76081 1421 -37766 27253 -45389 55341 7744 88637 -19641 -51552 18538 -17031 -20542 -38179 -146077 -1153 -29941 51111 83512 -109090 276 50704 37398 -2963 -25735 32806 46089 -22016 44351 14413 37350 -21167 97738 51172 -89234 5861 31288 -85778 35211 -601 -13707 -83047 44571 -36957 20979 33170 27151 -64402 -39692 -49118 -19088 28450 -65038 -30073 -7099 -5941 19686 66334 -39365 -13463 -10130 62506 -17784 6068 113520 42534 87753 -89877 -21872 57949 -37529 9032 -24957 -19140 54645 77286 10493 -39353 -22343 60822 23466 31642 33119 14404 -5551 -71925 -15769 26975 -105674 -58234 -25942 40552 47 -91128 -24197 8157 -14506 -147237 -47853 2376 74246 71736 -13331 113973 24123 -79773 73606 50131 -19896 81324 13143 20863 -2485 -68339 -85784 -59019 117523 107677 -20735 -3183 -36418 7403 -117713 69223 65204 -2978 31932 87825 -47965 3594 19849 -72098 51810 -100640 -1471 22806 47150 35072 81811 32975 62326 6489 3222 4755 36545 84416 35945 -29870 25632 -103767 -70082 -52696 -36268 20989 -32573 -69041 -52905 -69656 77248 24021 46250 7509 -19624 -17782 35306 17601 20665 54567 11647 47121 -82653 -49902 -3113 1394 -37168 58650 91857 70720 55177 49316 36380 -82145 -142622 82912 20662 34659 23164 29785 -106692 56222 -9774 -32612 -66650 76406 18311 8339 3476 -34551 -24207 -6335 -45255 28537 -37719 -43915 140950 70225 -35818 
-49507 -12632 63019 -8769 -82214 -1792 193225 -86937 76418 75526 -17654 -20137 29355 93380 69799 26512 12940 83132 -36169 -45705 9077 -2009 -46780 26448 21819 94604 -22524 -111265 22776 -1814 -48794 -87452 -23159 -84822 51863 -52018 55828 83743 41024 -125708 46262 43043 162157 8821 -95623 -65476 -26332 -36364 -97372 -43134 -36675 3624 -22762 76959 -54505 -49324 -71055 56917 18700 -27711 75644 -66470 9199 55682 -7868 16391 -134893 -82363 -17689 38672 -67643 -47857 -96182 -17417 115557 57011 30880 -70522 -2381 -32578 -35531 -16796 50685 -4123 -1793 -76962 22209 61146 11413 -15622 89040 78658 -16170 -33047 61967 -16824 -47463 52882 2462 1111 107635 22150 67566 8423 61914 -79385 6923 -20053 -22576 38353 -3542 -18340 87166 -62988 -5929 60335 -107384 -4635 57685 30005 104463 63274 -96423 88544 -39654 51001 -16096 78073 -33600 94647 138 -76468 49624 28143 85857 63351 -15119 15137 20244 84544 29279 -3896 -62255 -45879 8477 -61395 78759 36325 -48653 -29782 -29435 -16277 -86621 5246 27860 4536 13349 14509 -49245 -27256 30600 -16460 34205 -28819 34372 34778 23739 -21614 106752 -106912 25009 -19411 52043 47506 -30658 -78129 -4867 42107 -98107 13246 -49633 32823 -136709 -8414 -9798 1519 -34090 101833 19 2820 -129065 -81980 -19602 38551 49277 69040 34963 9087 -67764 69015 -4033 5653 26707 18822 -36978 -120532 -41259 -20045 -73004 -14007 5662 -90385 -103579 -16212 -16017 -2052 -62189 -105064 -6613 -33063 -50474 -30035 32870 9947 -55809 89992 23876 -11666 -9919 15846 -4196 54727 -50048 9616 24985 -6793 -63786 28660 -31424 51180 92722 77993 40533 -39132 -42842 -7963 -1091 52919 45257 11642 -47975 -146790 -67131 -45696 -7689 1035 -47680 89895 116851 49638 -89770 -43977 36199 35454 -4903 73727 57296 28124 54019 28521 -3740 -106845 33607 -57622 -23696 76202 -27803 101843 -11684 97926 102237 -49454 -21698 38769 -101913 -59878 115067 -84737 57081 -45438 -50680 69295 -10565 -10905 9280 22235 1634 -6070 -67 20224 
-35807 21293 39053 94292 58002 86057 27204 -43560 44019 -94747 -19037 3604 27665 -1330 -35337 20668 -107434 35033 44882 -40466 -8336 27509 37676 104682 54104 -21281 39214 33327 11458 -28019 97942 -4842 -7816 -66437 -22962 -5064 -88274 -46431 -4152 -55301 -52478 -36388 -18177 82379 109297 25143 -49070 62308 8882 -63428 32362 103184 -58543 -17677 2754 -86503 51803 15391 -13810 4491 81775 -39625 -75602 30702 -62388 74047 82244 -42765 30196 104076 -29190 81456 -77956 1731 26383 16431 -12533 -60187 -1572 39841 77377 13414 35223 -54921 110914 41286 89433 -70091 -121342 15167 45961 42603 41846 20730 -15182 54945 31981 -18014 17944 -33094 8447 -18670 -72695 -35479 -10985 29714 -63065 58754 -65899 18619 -51744 -6685 9187 4397 98950 -59527 -102083 -73063 -41799 -4003 -23177 -49997 85086 -32466 -19033 -69063 59793 11559 -1241 61776 34775 127780 -61358 32710 47467 26356 -24637 80231 -53318 -26068 132223 68480 127563 -12196 -67994 -102846 -75085 58400 52782 -11662 -13969 16556 -18779 59913 -40967 -62098 -69049 -114783 -99670 4096 -69778 121700 46333 -1462 -20921 25076 114036 -21153 -105721 -93276 -74775 -64426 -70833 -33373 -9621 25340 47037 76176 -39067 -1171 -25404 -29758 -80276 23830 10663 2137 -39700 42088 -73903 -47239 -20247 40210 42066 -41511 -77373 4312 93387 96389 99792 29974 32961 -81755 115298 6585 98173 66575 79969 60832 -133837 -32835 6153 -24600 13123 -43426 -83365 13810 -58050 97175 11515 -72648 11597 -45663 4873 -94865 -26528 75244 48503 -33098 -91547 120026 9533 -4633 51476 36355 58965 -36805 156 35227 19946 54520 -86221 -36631 -54058 40273 67496 7512 -53048 84931 -24933 20983 119784 -98299 65337 77673 -43760 9629 -15976 -47896 -37668 44696 -61828 -6545 -81696 53042 -55658 -88777 53518 76887 20001 -23737 -53778 -81192 -27822 -39118 118869 -56849 10951 69698 31890 -4789 121353 18251 -65780 -39437 -74889 62575 55260 50444 -91548 14334 157019 -34291 -60642 33636 11229 3281 -51669 -357 16356 19259 
-149400 29939 65225 -24045 -39928 -68070 2603 48629 42897 13172 116962 31680 -55763 82281 -3346 52894 -17614 50268 63228 66013 -4703 13479 -22846 -17889 -57988 74808 51626 -139853 -137204 -19444 -12022 -111095 46230 51344 -35294 -43053 38657 -178 -15448 -84157 48993 39520 -16614 10364 34542 -50618 23696 27992 -32984 -49383 16855 128431 117096 -17563 -36451 -8884 53930 195218 47947 79971 46542 -20345 -49205 114805 58761 16117 41755 27366 36736 -1024 -79002 44517 65688 -54014 -15400 32603 -82755 92621 27310 -106829 63934 75336 16342 94871 71818 50545 -43424 6019 -28547 43290 54918 4009 11194 -86196 12516 45570 -73789 6497 37032 43824 -49696 51380 -51999 5320 17772 70263 -41383 119563 -92508 -31675 96883 -7411 -48675 74674 73172 -78635 -107717 38928 34722 17960 53099 -25362 -3397 -28376 -53418 -20997 66827 31869 73780 21463 -3592 -13 -41562 7998 49562 9227 27935 7858 -5186 17605 42347 -43832 -5480 -2230 110669 28207 48188 279 -53965 21105 47065 47723 -88866 -150 53086 45046 27129 67354 30134 -65260 84007 -68581 8374 125415 -73450 -52511 43501 26350 32865 -18170 65997 10823 -47049 79451 22746 -81136 41576 41396 -31518 76018 -35479 859 36069 12911 -49423 51838 75866 33738 -53805 -40008 64273 -28092 -24659 20454 -76237 -19109 19883 -33623 15675 46008 -65720 -31333 8990 11437 -10862 -19052 111664 -13139 78195 -52911 -42307 -5487 -88589 -43353 12718 57302 85566 -18803 16632 -17729 46795 71645 -62242 3100 -56219 13570 -26331 20581 25758 -44690 -120153 61932 -22564 72033 52502 74868 40234 57440 12560 -29307 80687 -19902 42832 -23724 25929 82134 -18984 -39787 -50630 72379 56545 36171 4501 -5253 -67694 -43947 26205 -34996 55989 -86994 29712 88741 14568 -8639 49096 27670 26537 -29361 -52333 -82089 -6376 -49600 -7528 20968 44714 -4200 25431 -2333 -15047 84192 -12025 36599 -30783 -34448 -25121 32923 -26950 58741 57550 -12556 -12825 -9368 -42107 29376 -24679 21897 8129 -27017 -11921 89808 
-45356 77742 32524 -52237 93614 15697 60102 -54199 -19140 7718 29002 42985 -9693 23935 -18851 152063 15047 88313 -80987 111877 71633 37327 15769 -20145 -91659 106174 2370 23426 -30385 84320 -44044 31533 -59493 30467 1185 20161 62382 37107 -22628 -42673 2529 43075 -126598 -36821 -1333 -82742 -71647 11890 -84256 1239 -2806 71623 9691 23471 94041 84360 -4338 -14856 37807 44764 41338 23669 63319 28081 -87418 69535 5510 -59827 9316 -29589 99308 -94349 -38474 21908 -20345 -11635 50469 46837 100826 -39671 58055 -56996 -60197 -8031 -40755 -16315 -34683 -12867 -29057 53175 -15990 -102718 35842 -6564 -34338 -69649 97116 -50087 16302 -93386 -91495 -72526 -113615 -68619 -147852 -8101 52951 6963 -24280 29166 1559 -2603 101760 -13082 -74322 -16221 -23738 -56076 -42411 25243 -5536 -7641 -39933 -25055 44111 -43499 74233 47482 -19501 -59464 17707 -29099 68125 153958 53551 87760 42997 -35283 24626 -10325 -13082 -8832 71426 -13988 -47156 -53006 -36716 52339 14915 -56900 -2565 -12551 11227 70947 35315 101525 -6276 -42749 -44534 62001 -42825 31120 15057 45038 52889 58664 14457 72410 55013 27599 -11607 -21130 -54898 -96467 -110259 49061 62369 7857 -37326 -21605 47103 -91759 51867 -42774 8378 -93407 59603 26603 95406 34914 -78866 68656 -77446 -70127 -21211 62440 31340 28167 -94266 -63887 40442 -88668 72951 8688 27610 -5210 -15160 -25979 69833 -15645 69730 -14359 -36157 -41675 39321 44769 32714 -38297 -79838 80785 34500 27209 -95931 -152546 34476 -60265 -81144 -15908 -76253 -83513 55450 -38292 -21944 -139203 56886 -91120 76597 156817 49935 -84125 -58784 -76681 -17702 -46661 -71726 -47638 -30671 75426 -87251 -11340 -31866 -32273 66049 -55265 -49005 80752 84226 -84300 -26731 -26640 22388 -5610 53788 24811 89697 12310 39753 40794 86108 80804 -51246 16107 48410 3674 49949 10993 79467 -25180 37726 -2407 -56278 32943 -50479 40705 34028 17216 6003 98197 -86809 -28337 14103 -9410 90631 -86175 -438 14033 20676 9680 -9817 -36702 
-72442 -32607 1344 -43183 -78193 -79130 28210 63062 92057 -129663 -24250 36146 -52436 -34038 -145488 -114140 17468 16244 20188 54207 -3406 -49660 -49054 21623 6633 23730 50490 8466 -81337 -25853 -9198 -95527 33748 26277 -6348 36360 -51812 80302 -87880 -53096 -47982 -38182 34518 -17705 56663 -45495 53043 32497 43117 -1320 -5874 30032 3526 -15112 -17281 -28608 63197 40271 -23448 67686 -81329 10445 89849 54634 99082 -81676 -22152 36663 27994 102616 40407 53972 -76114 59521 57028 -24605 -7922 -77872 98336 58524 7403 1534 -52807 -70285 -99342 5680 -29136 24314 7972 56498 41883 -16831 -56507 -84022 93871 -43588 4376 -39510 95802 -18323 -20430 20803 -81459 -75178 -3884 80171 30310 33748 -110568 -77861 -20547 -30181 -3768 90183 -1745 -95747 -187113 62445 32055 106921 -54705 -36887 25033 -24133 -18229 126573 -27172 -65609 -36642 -90276 14068 20644 -37767 21947 70752 9808 51466 -27644 -49597 -36049 10719 -139431 51656 142993 38597 -62487 -9426 -29313 26150 102848 33203 -27033 -62527 7725 2595 -141359 118398 -75463 75207 58578 6178 -35457 34393 -32562 -95268 -50293 77393 -5822 -24082 -6875 -38687 47970 -83053 -13872 -10605 2045 55006 -18759 -109651 2910 64405 -47860 45696 85948 17046 26464 -40180 61442 -8525 106958 31015 -2848 25079 -107659 -21116 10046 -47679 -81066 -63043 95377 12492 -21170 -16745 -42035 4410 50945 31603 -2652 -53398 46196 26644 74746 103472 -79429 -37143 -15329 7859 -1793 7699 33598 101059 64961 -15774 472 15708 -23690 33705 3937 -51629 51002 -41025 88270 27819 -60382 12886 -7188 42634 59266 155353 -4734 -28279 -13638 -87456 -112146 40279 36233 6746 -19759 -88484 -75734 -122260 -107128 23970 -14868 83713 63541 118976 2483 74075 -114171 65764 -29977 7138 60850 74123 -112048 -100295 65523 -3527 6611 75468 104652 37113 -17321 -3645 76217 29245 -61260 -52543 -25489 -7522 -33695 -42558 -51754 -28741 30220 -61893 -112226 19912 28336 -88806 -42081 -6708 -57467 24271 75656 23613 -18117 11090 -3296 
55234 32798 10062 88643 3143 8675 -27955 -136308 -17547 -43850 35993 30619 16525 14147 -7928 -2066 57979 -40336 20217 47273 -37932 -81415 32 -182274 -47243 -27998 43516 -3828 8052 70194 71885 57067 -21220 -8121 -109612 7761 30555 31055 -82201 -17445 17150 -82246 -17408 24684 76568 -12621 78659 63786 101875 -50799 39772 69913 -39277 -55054 -22096 36366 -17046 42866 64550 91432 1378 -3204 -20494 19240 26540 35668 -82969 7459 -23413 5908 -69485 -56880 -16238 -5201 -17315 27829 -25315 63536 -61141 -58879 68532 -73097 -61085 40369 -220154 5656 71315 -11856 -18693 -9476 -40398 98939 -13839 -131005 70877 29330 -74417 -46544 -8686 54014 15705 11877 -23494 13781 67881 -94403 37542 -126608 92833 45003 123674 -40985 -3510 31775 -46871 -63847 44422 10569 -49200 32203 21846 120347 38021 25686 2690 -56679 -8007 -24064 116503 -55294 -7647 -16104 47547 -30736 -11990 121076 12504 -127419 -10407 13889 -11641 76403 8040 45229 124552 -39574 -48504 -66653 -36656 -1335 -16573 3545 -128757 53770 28895 -79868 89887 45113 76192 83116 38284 -57871 -90343 -97436 -37253 -44864 2688 -22506 82145 40140 -40889 -72000 -45884 151421 39879 -149631 40879 -36142 -23783 -14775 -84586 85712 15492 -22909 -76132 -55492 41122 -20824 -106279 -1262 65308 11995 -39182 11621 39096 -19650 -67459 62122 23996 -48505 83824 -1675 87304 -40649 -24591 84731 18817 87388 71477 46297 -30215 28634 -63440 32570 -17299 -41636 -12392 -3975 2838 -30429 1874 28111 -54530 -75132 27468 4663 -4443 7409 -97348 -95123 22715 27205 -8120 -59714 -15323 100841 25493 63674 -47451 81089 146290 55 -46867 41837 -13841 -29009 32396 -18617 -82863 -62567 20012 -63635 56698 122378 50142 -19386 -77579 5162 -8428 132038 21181 -28498 -58099 76228 -31273 -33802 41079 106025 87415 16593 -37491 -21561 -36325 11445 -102864 -24676 23723 19567 102280 -51951 21003 -64635 46419 40904 -18945 60501 -7092 -4470 57689 96216 4394 83440 -59802 26625 -45311 -25972 34701 11455 28137 -28738 
109556 -69242 68505 -207075 27483 -40375 -38702 17119 -10881 -109806 26240 -25261 -17351 -46959 37185 -22401 31837 -62279 114350 -38058 37215 -25305 -63275 26244 -22378 89884 88025 21508 21886 -23811 22107 -45400 -14096 26237 10547 -152064 104884 -62135 -17563 -67426 82903 -22907 50454 -40367 -14225 -26468 -87503 -10810 39378 -18029 -18484 -20032 -11680 -19892 -20814 -13171 -2722 26259 -30336 -26345 -5900 -35860 11741 96918 -18832 2854 -48548 -34374 25759 51935 27934 14157 9329 71390 -27058 97556 51691 -61047 86777 34415 37280 111784 65383 100404 32049 23488 42574 39330 38245 -94898 42821 25310 -57708 -19597 91947 -64330 110476 -74176 22211 7465 -65189 -164151 -144589 63239 -124522 45817 92354 -67668 112905 -37180 -46213 -11014 -27266 -70926 28637 5832 1995 65870 -82567 -11222 -105850 -8599 40564 -4145 -11227 -8418 -38438 -1134 -7900 83839 73738 -52743 -43085 51278 -68582 76674 54314 178181 -88586 -121771 74829 73178 -1569 -79413 1356 -45659 -21133 113641 4027 -59323 30484 -28892 -37219 22322 -11195 -24645 3317 -12486 35757 46371 -85185 4856 106391 2259 -76082 -33340 -33830 -27930 75040 37744 29304 -4802 130215 -32997 -53890 -64856 32975 39392 1333 99392 1438 -67817 5161 31156 14477 -39290 -17924 -50815 -31848 85677 16310 -107823 -9860 -75411 75730 60806 14743 87050 -41214 -13870 -6819 611 14665 -43025 32347 30789 -46779 -11929 4249 160477 -49389 -6055 32421 72634 -47698 57214 19154 59282 -41133 31245 -45237 -67308 -3212 -11387 -144668 56832 -8139 89298 25740 -88477 76902 172249 33267 75738 20268 -30212 48403 -103385 106658 -82940 16784 -56477 -70368 -105282 99560 59921 26916 10286 -28106 119570 58425 7310 43729 68380 -63970 -58794 -29031 20675 -31461 -18991 4021 -33736 -68299 7679 30290 764 -38129 -50352 564 36542 77209 47898 -40458 -81749 91764 -77892 84864 27220 54705 42105 -12305 -117397 14301 97152 -73500 75172 52264 101313 15862 -17928 -26779 10321 26111 89741 -79252 80186 -9793 103495 -11407 -12631 
99082 -3816 -29579 -50024 -14935 17926 -43841 -65082 -57908 59297 13600 38506 35446 21406 71681 9171 -81388 -18679 12004 -27759 -39407 85282 -39590 -19848 61799 54088 116235 53687 -54023 9861 10114 -3901 56431 -58470 -78344 20504 34567 147532 -19955 -21859 53580 -61443 74656 15561 42579 -100992 -2181 -61659 78914 34443 28790 -11014 15728 33913 -50962 76110 -2964 49964 59994 74322 -42135 -30894 -65427 -28608 -77724 52442 47833 13853 -59828 -70474 -84914 -58237 -63573 73451 64221 20854 -86672 -89279 -31603 5973 62830 12742 18362 -49744 -49671 -79270 -34924 62362 -46502 -136071 79156 101416 -28600 -53011 -57678 -4527 8497 -29537 5946 57001 -39687 -101839 -11406 -35567 40723 7782 62827 -36891 70414 42898 59512 -33651 59688 15988 -56132 -20651 84132 -4418 -49524 66014 -27309 52376 -3402 -3191 75083 115846 -52992 52629 -7402 -5855 59317 -16915 -26288 76498 41751 -71314 -37450 40035 -91774 -31181 5009 12377 5210 -7442 -25538 -56918 -22104 -121886 -11525 -57259 78112 -26962 75452 -69264 -20784 4250 -31621 26169 -38058 -472 111921 -70942 -66608 -98499 31147 27110 -33394 -138374 -27465 -28706 -98668 -36782 -87809 -44214 -32754 -42951 53074 -1644 -50461 65205 46754 6845 -24560 29568 -117685 24046 -19690 60757 -45860 -4567 72261 -52778 136793 -62776 3856 65442 -127944 -98144 -64068 31090 22286 -46279 -30357 56033 7628 -98826 -39651 80611 -25010 -53545 -57139 4519 -32135 -61662 7420 -39600 25271 146193 123671 -22136 -76795 -36398 3737 10252 41543 -128247 -3409 18254 -15854 -64606 66913 57034 -64442 86201 -72414 97671 -27433 -18666 21929 -24907 9143 50554 32682 31076 -47122 52561 34855 72035 64509 26279 -83625 -32295 -104962 -14799 59277 17119 110057 -60617 68417 -56417 -69263 54452 101323 -2552 -52686 102674 -114729 -98116 -29722 26434 32619 -23644 -23259 -54781 38140 824 -510 -42808 33766 -2135 65708 -28444 31087 -20081 49364 41040 66332 -49271 -33590 2569 165 -40583 7515 -29540 -173 -52176 -56016 63898 -61176 -112615 
-78247 29539 -45012 65596 -23887 70279 -56373 -14647 5336 -45257 76694 -139889 -55108 83779 1045 18229 34236 59820 59671 37774 -63129 -55424 -108443 24657 -112689 -78722 35479 12044 -11411 -39416 62615 -61609 61153 -5486 -27621 74094 -88051 -33146 -67594 -46781 88707 -106504 -138726 -42722 103801 -18354 14977 -24637 57500 52428 -38127 73075 69247 -23704 37967 -25406 -26522 187520 36861 29175 47108 9659 59015 95237 47053 64884 -115869 -123279 -31259 -10620 69734 39007 26933 -102950 -83718 22575 -12767 62607 47960 -7242 -20281 1329 -49479 -8485 -47378 16837 -86 23864 18919 -12616 5992 -19886 14219 -19650 101200 38602 -156332 -50413 95587 96055 -17010 -14349 -95268 -45553 60891 83899 19215 -57146 -90842 2798 -78551 -29501 11221 16812 -16999 46408 61450 58226 -25118 -12514 13137 -36728 -56864 15748 142759 71461 -2252 -52096 30053 -4242 -83887 -63061 7406 54066 54040 6703 82645 -73029 84170 -4457 -17376 -20845 -35273 42322 -4714 -7194 47344 1179 35933 -14329 58867 -29190 -36360 20370 15665 -39329 -5516 83130 115915 -57938 -31605 -9978 67116 -52175 47922 -23519 7761 -35895 -70915 -4240 -16305 -90388 -2720 185579 75355 7121 -11872 -117658 80601 42170 -28293 -24320 89199 52891 49464 60815 50177 -29258 35949 58710 68687 12495 -106122 14534 40723 -29844 -75385 -42562 13305 35400 -18070 66430 -15894 -58025 4438 -47664 35407 3700 -62581 62007 44532 116820 25154 4944 -18607 77983 64242 -49334 62533 20027 70584 100369 -26473 18773 -39060 -35745 99476 -8994 49154 -37971 46093 -28389 110870 140569 8978 13164 90368 -60921 58536 -52693 -44686 52167 8952 -34769 -92530 -12954 -2821 20821 -120095 -3339 -13271 169369 89177 -36181 -86098 -26131 -40711 -80742 40948 -80069 123954 37689 -58858 -15870 64140 -1903 9304 14434 -29482 26079 -28258 103307 -34325 -21830 -50309 -18848 76951 -29824 5873 21332 27011 8624 -86688 74240 -27186 44541 -71106 -53509 1826 79766 -30831 61678 -9637 59564 -24163 -95975 37899 25895 -42604 -45608 
-47083 -12453 -39500 98657 17492 48550 -53491 12301 -7538 12743 -8696 -44208 -15455 -85086 -51158 -28413 32500 -9190 -60350 -42877 -12815 -21790 -59183 2064 25130 -76076 -64690 102960 -69432 124897 -71186 43312 52034 80270 18441 -52699 69339 -26527 -67182 -17582 -105684 -54549 11174 -17527 12487 125390 -12679 95909 -25008 4307 -72994 -76589 -42652 1827 -9706 83287 -18034 -48038 50828 -19251 -69894 45104 31021 -32155 27947 -149052 50913 77103 10789 -32107 -14449 -21554 102874 -8392 -120798 38124 -2862 15843 8290 -34353 19294 124232 -41788 14103 -39207 61264 15871 -15362 -50022 68644 -74056 -40878 7224 76928 -15381 -56412 -4743 51542 -50982 -9408 17385 -89339 -10367 46532 18471 9138 60437 -7119 4974 63443 -54446 -64285 93169 -17688 -23387 8772 -908 -12891 78625 36126 8033 -106254 8924 -27352 -33482 42152 28889 14057 -51767 -23249 -91310 38812 77510 -5977 -8253 61856 -67363 35000 -23203 -57755 56616 -36873 -37879 33065 -21501 117150 53351 -31161 14082 34178 48753 -54492 -33667 -45973 33568 157161 27227 -37430 56051 -37887 -4693 38207 -32020 -14364 -29034 56752 25417 16910 -32444 -34235 20664 -8932 -104228 16012 28142 57445 -45278 -73850 -188149 -64865 23863 39717 -61614 12882 23017 22723 -831 -13129 -38067 6959 -49198 -58465 15882 -65090 -41213 -20745 -11318 77473 -14014 48034 57274 -32153 47206 -92691 31609 -63681 33563 54156 -96700 1248 -56369 39543 17179 -96448 3973 -55146 -90635 -34047 -46041 16400 99521 -77611 -21684 54812 44442 -34475 109670 31772 -56762 119519 -7333 -13903 65825 7865 1791 -131561 -74444 -54224 36665 -16778 77151 -47670 -51539 -75329 -68887 -46218 -4590 -62961 68801 -75365 -65631 -37627 88441 -92687 -48132 -23035 -40084 134256 -63710 10616 117809 -51790 37138 -11693 33809 -105867 32930 29140 28130 -34822 17974 57399 -9959 14251 645 8434 113684 -51384 -53190 59871 -62877 118094 2863 -30835 34310 -29193 -76914 -17927 -29997 -36909 20717 -78565 -63615 -44521 25858 -59337 47175 -1139 28330 -26239 
24569 -43293 -55292 -40088 -45346 -95246 32546 -41042 103393 -32636 80770 8518 32722 -88989 -16795 -48895 13587 -55784 -114959 67746 44527 52133 -41386 -14698 -22326 -21891 -54629 59797 -8812 -127040 121811 19182 30173 14683 68775 -79920 140596 -89959 -695 -56090 40112 -54691 21182 25484 18237 -49531 -87252 15707 8514 -94162 92336 -37256 -77500 -19824 81172 -90931 47264 20492 -11720 83633 -52955 -8982 -51241 -51276 -15729 -46646 41363 4858 54209 7270 4999 -177076 -49250 111289 -62656 -10822 59178 6480 -30872 60205 25894 -1232 -12303 -98085 39060 -100953 -106333 -101025 68810 65683 -5333 -139052 -37098 82201 6700 17336 -6163 9123 -53746 64262 57283 -24925 11850 -13618 -7249 -42086 89156 37598 14761 -29231 21017 -32505 -53001 69442 34369 34095 -13652 45767 35822 -231 -23884 41872 -50448 33417 45090 -1473 -41049 -55118 19041 -95499 12703 14882 -24636 9117 23173 11731 22725 57897 49701 -40041 33997 -33905 -152739 -509 68384 78052 13683 19960 -31594 -71137 -88251 -47808 53441 9224 27182 -10852 -15511 -11306 -31134 -47855 2714 29050 99114 75114 -87493 8229 19640 2886 -14179 -37625 -45150 44032 -49265 -135836 14514 137808 -28004 55436 39072 -30251 17689 16607 26451 423 -42575 19596 -71945 70273 -19029 -62825 15644 -21527 -48593 -56624 6975 3646 -88199 -24596 -2050 69594 36854 454 -29125 137415 66403 10656 -17939 227 47840 14129 14614 35802 -7142 1809 27940 -55554 63803 -34205 -101180 4969 -28507 44896 -15956 -59930 73692 15450 -21208 -63683 -7724 -21662 20190 -69340 129235 17015 7979 -54626 -75444 -75125 -7566 -12020 71729 38994 -30744 -46441 -18629 -48812 1886 -77072 -21264 -13012 -81215 34380 -42860 -28971 -26183 64960 9098 48938 30724 86140 33155 -167425 -16761 49329 69920 -53925 -22027 -13506 -70247 -58117 34646 2165 -53292 -78480 55317 -29340 26819 76625 -33225 27322 -20845 -79729 -25706 39682 83098 -70134 43899 9723 54255 34357 -1941 -19787 -38261 -58691 29420 174439 3659 18343 40460 98941 
44893 -14537 -25168 124621 -51021 106592 -127468 3502 31782 27837 14288 33451 -35547 57698 -22542 22129 120777 30566 -24315 -52648 -18439 19323 -7187 102837 -104231 130785 47264 34803 -28947 -15938 43380 42264 -83358 75616 26155 -27791 17761 -19430 -31748 47029 -16156 -9494 -9450 73649 -36815 -353 33031 -66235 -41057 -5452 -138 36927 9534 -135099 132093 -22075 2476 62133 98824 -3776 58531 48263 -14743 6732 44179 139444 -17894 54488 -8591 -7230 -14 75764 45608 -17075 42549 96735 -73096 31368 -71371 -47856 -114000 25363 41368 122099 -1778 -120064 92514 -29181 -11039 -25621 -98979 42061 34954 56706 16444 32003 -46878 -129291 -117755 41167 -19222 105040 86593 30246 40868 -45439 -8802 -93681 600 6964 26984 -56277 -19643 30882 -36740 -63205 -16147 -106797 187 41046 -40560 64143 -57937 -17768 79572 -76793 22736 47998 54342 38923 66648 58765 124263 -10100 88152 8808 -23459 -125477 -55649 94288 -73860 -2058 -41211 -110186 48945 -92683 -8454 -58452 -79871 38013 44099 7899 118311 -97689 -24876 -75007 44969 2085 -71701 100421 -3353 84324 -130501 -11011 10934 52825 -57430 -35291 13867 -44104 -16605 1399 -4206 61061 -52194 -82040 2845 2779 80878 -21259 -42575 -58638 3872 113926 -19455 -68274 47969 -35218 33674 -23488 -96445 46067 -49501 41116 -7340 -42250 -61559 -4312 37807 -62706 35534 -26587 -16026 -44953 41881 13692 67001 67198 46547 -70541 -80794 -55887 83358 75147 -19702 -5662 68301 40772 39303 -55838 95710 9350 -6289 -37634 -58241 70589 14459 -34470 -29733 -47047 -7623 9201 15529 58716 -32942 45249 -3131 -6103 45531 125348 48415 31634 65011 25950 43433 -51531 -17650 60078 39551 13654 458 105621 -113041 23131 -10865 -12472 -42466 -41838 -54320 6492 -65456 -10497 -26455 22724 -99819 67462 -24691 -14728 40897 -18016 47977 -40761 -4696 -93714 38545 47745 -65476 14927 -2940 60858 10576 -58768 24372 -44807 -75197 55675 -6849 -21253 -26031 41760 57829 -11527 75011 -32480 140034 -26449 32112 68476 41911 -13473 
-68749 74688 -64117 -46466 11335 39533 6643 31989 -58206 11038 26536 82835 -24494 -1161 -46869 -38597 -4836 -88585 16053 71383 -71861 72324 -80657 -109075 -95774 15482 -48728 -11760 -55228 -77979 102939 67040 119577 28318 39785 34175 22655 -76576 34895 -27868 -50572 -37054 36911 -70708 -21566 59163 12305 -35139 -70387 94711 -30743 43853 49993 -20745 -20453 -12413 23871 42412 57865 53282 52869 93824 -72590 -87525 -94992 14024 -35536 -303 -87316 38242 39747 117050 11037 -56864 -42398 -2585 -45962 9304 -16355 -23096 108869 68433 6801 -7817 11963 -41937 64306 10743 25441 -33278 -43983 35074 -83661 -15990 -26330 8437 -2457 31621 26050 24534 12735 -42484 -25109 -79802 -6439 -80615 -9710 -36673 19168 43090 39786 8460 -71929 11673 -48885 -6195 4373 90542 -4988 -7894 -26738 -30465 -7526 88434 -19080 34319 -21131 60531 11884 -81997 -95853 -46721 -7120 40222 -122587 119057 -65769 73125 94186 -84468 40577 -17311 11087 -35557 3555 59994 -45462 -48367 -20331 40878 -24472 -9005 37718 67467 63129 -110905 -10820 -14574 22456 41442 -22915 8268 -79139 61009 -66133 -28060 127537 -24251 74784 1128 -13017 20942 32437 47537 -58740 88484 95611 -49702 31655 24919 76525 94344 -42343 18704 48178 -31381 50452 -4305 -20386 -63931 16256 25033 7234 69142 22919 88450 -109989 16483 -20127 -46836 -23341 -74658 39107 32900 70092 -38202 -19315 51295 59686 10863 -26503 76441 49700 28878 32471 6859 -45835 117497 81768 17198 146999 10952 63735 -47963 72381 25694 39840 -24627 31437 -64929 -7975 22649 -59190 -92136 61447 10850 -41308 -23374 12064 35684 94881 27862 40457 94854 80749 -26386 85970 -78180 -66672 -39944 74435 -63164 -76253 -35879 -50108 100876 17575 68559 -59193 -34488 23805 -27245 -154224 -42463 41087 -13273 -135248 23090 50284 15891 -26689 -40553 -20470 3535 20187 12398 49636 -24207 74425 -10021 -101808 -151007 -8045 -14323 4244 67653 5139 -74638 -92256 87774 28147 80234 -92067 41204 58253 46549 -64331 92163 39040 -41717 
109013 42854 -57254 -96326 -17660 -19972 38647 -18830 -3428 31467 -62762 25749 -46320 105997 56406 42580 105140 -1579 -53733 9236 24716 -7188 6826 -7708 2717 -40885 17002 -16419 -18035 -41189 100469 41996 31881 37877 -36680 27546 -12157 -82940 -17263 -4169 11766 61510 109487 10819 -2167 -95705 -104530 122814 7641 -17366 -57691 -51516 -2295 -50447 -6944 20805 13986 8105 11740 -18245 -34158 19948 -2340 -13554 23632 -85394 96390 27183 63898 24443 -116735 35950 59018 -54102 31976 62891 -50449 -27500 29818 -19231 -75462 25020 18813 136662 -3516 82125 29512 -55759 46900 -53858 -1334 -107848 -32957 7763 -37879 22473 7359 -71697 -57179 -163815 -109676 -21978 65198 -59454 116523 10599 304 148298 8490 -23453 54402 65253 -19188 -13687 -9223 -61654 77166 -46623 56442 2088 25311 9096 -48249 46129 67572 -13393 163791 -63781 27187 -9649 24938 100666 -27102 -47953 -12471 -12292 -83746 -9357 66974 -7696 126941 -44227 -33671 25637 -7642 31097 46639 -54362 81267 71277 32838 -9244 -12836 -11650 -86948 50891 52540 44159 4758 19953 -21573 30633 -67333 -10313 -50044 -1094 9264 112449 130321 7868 -135557 1674 4793 61619 -27493 -49291 17844 154935 33495 55465 39823 44631 49714 -50943 69266 -15672 7037 -56595 -56795 -59032 51830 -58222 4561 101511 -70797 15405 -45751 24506 -70256 48337 -17207 50421 26619 -156078 -50741 53376 -46953 -54390 -70137 -76786 112442 -32471 -74958 -24573 -17125 61355 -122032 8032 11410 -90461 97544 -21017 -5720 -63657 -40476 125006 94230 70418 29565 -27426 648 2421 87614 -44331 21671 -1604 -12464 98159 -10212 85875 -67161 -108039 -30171 23948 41790 -53277 62451 10369 52825 -66627 47651 52744 -27027 16435 -15896 22771 -4891 29978 -47702 56244 -50444 94934 -25737 -31926 -51796 -22821 83097 97221 40256 -6161 126262 75134 38675 -26388 -40695 -73927 9358 59374 -12632 30176 78514 48820 10981 -65262 -108208 34729 51498 80964 -36442 28514 56184 48526 -85903 -25286 21162 18793 59354 15680 44790 -17296 
-58858 106274 -26510 80306 -82518 12011 -83697 3886 92434 -22863 -67039 -67214 55986 -50086 45088 2168 -42663 138998 102245 -83631 -114392 -56030 -56111 16251 73977 -16047 -90050 49358 -15441 -32019 57266 30255 -51884 96061 23089 4912 20499 50009 10504 56875 -61948 -89124 -39317 -15684 36408 -31012 -42992 -80409 -103527 21149 45415 22509 -1875 19364 -1573 33096 -75615 -16046 41699 -68279 53271 1373 63663 -54639 -12462 27546 -102411 52138 -46523 -21324 102746 60999 44420 -47404 18727 24557 5240 35220 -52888 34373 -38943 52370 -65833 -4259 -25451 -65955 -24991 50377 -135284 -36004 -81206 50526 -31709 -49876 17823 -24583 -55055 -51329 -123395 -31923 -89125 3711 -63299 24210 -32287 -57484 -91110 45065 43013 61421 -20669 4901 -150999 67571 -39025 41292 134148 47484 -27024 8264 -37255 -24462 15873 2042 -13139 -42440 79038 142546 39655 80055 -43065 57098 -62351 -36416 -20642 51584 -11348 68560 21075 -30699 -827 -7892 54561 -68422 -53819 16372 1569 150706 -24953 -80257 -25024 -85050 68915 21234 -80629 -90086 35590 -33171 47820 -7953 24074 -3954 41605 1081 21178 -24538 62328 17900 5062 -79283 -54264 46273 2548 93569 -86201 -39333 48850 111368 82880 14749 51154 8228 49764 50768 -46706 -63595 -41687 -8754 23805 -43914 46314 -41764 -40410 40802 76269 6052 26341 73233 80804 -45492 -69979 -40549 86963 74377 84036 94543 43925 91735 -45907 37973 -116488 105240 -375 54950 -47030 -5556 -3915 -10494 -46650 -75023 -766 -56223 28369 -5211 73115 -27482 57890 -124062 35722 -34651 28626 45471 81707 44421 -106941 -110310 -74923 57367 30881 23063 -62493 15617 -604 116827 47305 88002 67633 -76752 13238 12791 19953 12404 -107087 53336 -54613 -37535 -33994 -52100 -112385 4608 53612 -2050 -135177 9196 -3815 -67509 -49530 -69046 25209 -34259 -30791 36620 -30011 73916 45675 126053 29953 -25991 100912 5460 26374 -74028 -3578 26187 -39086 -27019 -19910 49167 -17780 -13305 80119 -30283 102952 22524 -49490 -74472 -65420 -64338 -34991 72496 
-3729 -75762 -7055 56767 -110401 104011 -124095 -76927 8794 25903 -73110 1790 18374 21878 28117 -9978 35429 -52662 7806 -39603 -44261 54311 -35120 -51783 29194 120119 44522 71387 51577 18465 -10589 674 35112 58875 8734 69121 47359 -35607 37076 -53295 -80871 -17397 -21287 -78479 -15835 -12605 40936 -43736 -12619 109889 22976 127365 4173 53082 13966 108150 -92626 -33493 12474 48200 17312 -30992 -58928 38887 23541 3106 -37072 60874 -124912 63766 11333 -32214 25914 -80299 -21976 -34419 -7255 31958 39736 25688 80338 98050 15765 -94514 -77367 1309 29425 -65905 66584 60057 6261 -44113 10608 -60983 -9733 -43831 71963 -3233 61633 11787 -16370 1140 -12016 -38841 57091 -106087 -48913 36560 51391 74377 -1907 -64324 -29967 -17027 10789 -61844 39067 -23957 -348 -27781 -68424 98635 -104766 7525 70836 25228 -102001 -3539 20307 96894 -80467 10639 -52399 82122 -63414 7715 -80553 -73873 1428 38358 65005 -8600 59038 -60116 102292 -128446 20609 8619 -12216 -5583 42377 -391 73358 1236 13192 -20500 86094 -1456 -38736 45402 -24969 -28456 -1318 8495 31741 -53554 -28373 -80061 75098 -34839 -41659 -43320 114303 -8347 -117617 48197 45982 -404 38730 -2913 71722 -37162 -116246 3574 10880 -13606 91375 -79423 27942 28133 24235 17382 4282 901 62630 -99272 3304 164405 -99991 39379 52729 -104423 21129 115405 69470 59952 67034 16112 -62415 -72361 39194 110381 53932 68968 50383 103037 -4426 123253 27058 39956 -37553 -33210 6106 -33917 -201493 -109787 13300 -34519 100501 -58336 39548 127237 -78016 -76313 312 -56299 -62485 -52579 9652 -39093 1689 60755 16473 -91562 83789 -97637 22318 -21177 -57353 35626 -27391 33273 -199291 1913 552 12249 -33472 -11174 -56618 27035 20561 -54379 -19249 -7254 -92844 -61387 -45235 19855 9645 32540 6344 4211 119178 -16670 -39588 48644 56890 -45280 37989 -10450 35538 -97527 27272 -32000 -42423 63366 55506 -19113 -39722 -19977 -72427 22398 43106 -7824 63489 20886 -99257 28835 -51131 6583 
7666 -14560 9784 -47756 -52454 9753 3718 -51048 17209 42633 69901 72091 108063 21804 -5426 -9340 -22253 20077 -12412 -95727 -64972 55322 27768 -15972 -58370 -14985 24527 30634 -18849 -25503 60019 -111585 38790 -51586 116074 -35343 60202 60839 45574 -57871 -159348 62335 -8570 -15579 -34314 -119835 -41915 23038 -50471 -35188 -101814 -16236 89346 -30110 13404 135914 -57381 54885 -89746 7771 2879 -80609 -43783 6861 -145681 -18308 -64991 -20196 38289 97439 -21831 -32131 -40270 28568 37883 -49029 25497 -32008 -41064 78703 -5176 172 -69403 -73014 -29853 39730 58430 -8007 16288 -1095 85285 -13921 -9471 55530 37338 -68808 -17504 -5204 -58931 81569 87277 29162 -33995 -30426 -17892 14151 29081 76214 19127 140622 -30389 -62426 55415 34714 439 -10009 -3899 104733 36310 -26538 18160 -10689 -43261 -70466 52576 72464 23510 -1551 -98111 28345 -4229 37427 -133834 46003 -59060 -49133 11742 917 22476 102787 44079 87227 -48178 -33034 17991 -90976 -10965 100738 115709 -72775 -51280 9076 32915 -32526 41265 24067 -24588 -11005 52319 -11577 6514 -53377 -41643 86190 57701 -4214 99459 -39152 8471 -83497 73654 32164 13119 -38146 3323 46523 -86428 -39126 -43861 -19814 10502 -9096 -5301 -3054 37338 -27091 41423 -31229 14418 -76593 70204 43457 -25829 -75930 32952 113815 -46800 8226 -61805 -30459 35272 38420 12422 20513 6818 23827 -30897 28828 -1466 12399 -11002 83635 57497 64068 31109 84384 -30867 -19994 -62427 -140090 6787 -4816 12187 37824 98922 -150902 136048 -59971 -58281 -56772 18538 67185 91127 -79111 -14575 -51471 -27730 116170 -63338 -289 33881 -31997 65455 -35509 -38914 -51484 73844 623 46245 -31325 -6269 -114618 -73623 47520 38394 112120 -51543 -29309 -96643 -18501 -39163 -46538 -64751 -76545 -29005 188 -124798 -98930 13380 1282 -24566 -53785 12507 -26417 -23706 49537 -2559 59114 53904 78400 17618 -33133 -31851 -90858 -71155 84739 65619 -77866 31223 17036 -41213 115400 53992 8749 38339 -6550 -86497 -94373 -50928 32507 
8464 44031 16970 17552 -12079 110016 35917 -11757 39369 -24982 5850 -41183 -63236 97792 7727 -19859 51896 -10869 59775 -14227 11095 -21663 16594 -33398 7404 97496 -29412 15888 -74361 -13361 19065 10381 38439 -41328 32835 63213 88008 62915 -103894 64180 -23654 117050 -16995 40337 -1437 -75479 -38015 30347 -21122 -38175 -59873 -65222 55299 94544 27143 61701 135183 -26174 21200 -83250 -45885 -37199 45319 -68420 -7548 -34008 32557 23601 -91585 -8467 2071 -28486 -23601 -34509 -32207 101007 -37042 -54930 20498 -17899 31816 1223 36173 33982 -205061 -22905 -29851 -45021 -5140 -101558 10509 59444 -54260 -37281 18950 10160 61541 14120 -144149 17300 61305 -58391 47675 -20494 64683 -50771 -68499 81513 145755 89882 -4889 127362 -15772 -35529 -101642 30248 72302 32095 24404 -8087 13779 29954 -89897 115660 -44406 -68436 -14008 -33653 -33613 -88166 -19195 -91413 60046 -117641 80656 6315 -28594 -51201 48451 17042 -56094 42504 -55874 87610 -62470 981 -20646 -91454 -53265 70842 7697 43656 -376 -40473 44716 25654 6678 -6052 -15819 11607 -2863 -73840 2491 20065 59825 25731 -30756 -53337 66515 69368 -90059 -28514 118332 15927 -108979 69776 88935 52548 -9308 -47285 -67641 46344 -17232 -71619 188469 24315 85292 -100047 -40760 41097 -14320 -35610 -53687 44517 -41245 -11836 -74972 -76140 -14045 41949 61667 22117 -11766 -45210 98126 45429 -34783 -33702 -10640 -21771 -72261 67799 48615 -64848 73320 44852 -40015 -77846 -38400 41501 -30135 -56416 30 -54559 -65504 20838 -33263 64178 7833 -3976 -21867 78706 -25918 1834 37174 26199 -55481 80728 -116119 28382 -417 -36799 118633 33236 -87151 -60061 5045 29265 38316 -176528 -42424 -19154 -29576 12062 38001 -40040 -45098 -65087 18217 -5475 1750 38164 66049 6529 -47770 106179 7865 -128107 7895 -77039 -14571 -64903 63952 44020 -39309 -26387 49360 67238 17758 -4689 8866 10075 -40071 -67252 -63373 -16 13465 52233 13204 -41129 -21589 42597 -44250 84371 -7058 -101018 -61791 -17604 -32300 -2601 
57210 -29941 116165 -97638 40376 12507 -106172 53218 17981 -53887 -37006 -9773 38157 -62245 10813 26657 22722 -41037 46232 -24970 21590 -5778 1207 39246 -59886 47836 52612 -19367 8342 -55605 79563 78930 17884 13473 -45973 -6825 84176 -10036 87565 -36409 63325 51509 134209 -21492 -1261 52030 -43283 -66398 10159 47352 -3033 -25995 -93525 -10699 54255 27436 -107800 57859 -105243 47867 -11186 70842 -167390 82524 128332 109827 2999 72872 35412 -60411 -38157 7844 29916 61504 27711 28231 9783 -2833 53093 36243 -13355 -36034 125082 -33786 58664 -3917 82215 22662 38511 -5682 -23545 70312 -73899 6997 -34543 8619 13189 -36755 -8574 -18313 55226 38596 -21891 -27357 -62623 62010 -119428 -60717 86388 -85970 -20809 21304 -892 18795 109124 -78319 34379 69282 -72789 -127590 14519 -1283 13322 46695 -49318 -50048 -31786 13152 58367 35987 -80652 73658 -27330 -54907 -48725 47711 32641 81216 66013 15006 70928 -1961 53339 -33075 -29357 -9768 37615 -43454 -52016 44134 53244 37464 -8852 96487 24100 -14680 -2517 38461 134625 -5385 -47086 42701 2733 -8974 -61529 -3861 2997 20850 26266 67377 -149334 -12537 14423 -39416 -63 1523 -64944 22270 -18582 39985 54600 -5714 -109320 3575 -164231 108781 -70013 -1002 84239 -38906 -12365 -109740 -35236 -76329 65779 -63983 -13255 -44772 16187 -45608 -37237 -65434 -53763 181464 14032 -51089 84338 60900 -6721 52250 -8918 -89037 -30136 52129 19984 25309 1363 49579 55990 -59303 -92200 2300 -156318 117411 -21551 22871 89698 -14287 -53831 -72636 63308 96215 -59700 -31731 3675 8239 33372 -105722 92857 1927 -25997 39012 72117 -16972 69257 -102584 -25202 -69253 82143 16040 -29416 20340 -65740 46337 69833 70751 61877 -32875 -18229 72443 24527 57989 -104882 -72377 93792 2772 -84613 -28264 -43447 -1797 12232 -34555 45547 -3819 19022 -83250 26425 -2697 64699 -33764 -21840 7907 40557 58730 -55109 -27778 17292 -1349 42500 104656 -8875 -19725 1251 -7891 -51854 68493 -1267 114947 37173 24956 
7046 -77033 119169 -28735 27637 -50612 53819 106525 15355 -18379 -36169 -47465 -8351 -28525 -69589 1805 -35613 -103680 49782 -34664 -12769 45844 41799 -34500 10694 24093 -59399 -28508 21218 44148 -25321 -9439 11001 -27764 29595 3835 20982 -39812 112891 -80330 23965 59535 73283 80055 20109 -113810 -11536 100296 -534 -108373 -28154 53328 63606 100364 -56102 17027 40465 -1076 33408 -1402 -60088 102434 36672 -119967 -30464 -80109 58533 -39149 97866 83210 -19649 -37078 63905 44895 -71557 -74161 68746 -123756 108373 42934 5745 24828 32188 76844 60832 17934 -76200 48974 39656 62961 -2970 -18396 -50099 4163 -4718 -40037 -14614 80644 21101 -50836 25186 -62868 -67675 79916 -90623 -23956 -21426 60170 55991 -10996 -146608 39205 -4132 62975 10953 -66019 -72032 30192 47441 -16129 -88508 -55979 45709 15694 -30428 -56541 -2776 15881 -33144 -10135 3784 41969 72206 -68695 9363 61612 -88520 -7670 23123 18493 -51872 -6894 -22919 87249 -4738 -2111 51498 58038 8735 -16024 6115 15177 -59413 63630 -16773 91013 -39421 -88112 -56277 23992 -70369 -105199 -17087 -44994 -39257 68407 -13305 -11514 -26659 -915 -42028 49726 -33902 -94393 -42301 8710 34193 25928 -26977 -62648 9896 58811 56996 43867 -17738 -87730 6731 68002 33585 72417 -61172 -28886 -12427 30549 42200 -43075 -7720 15268 104316 -40399 -59334 -11974 19924 -39373 15942 23477 146725 -176657 -10108 -14892 -18352 17014 -64494 -39403 -31487 990 81327 -67260 162243 15723 -28537 -56357 24554 -46451 66906 -16226 -80234 32424 -39391 20267 -21341 54084 21899 -35047 16498 25459 -95682 -32752 177715 -74802 8400 11991 -3775 -29145 -89854 22727 -14319 61696 -23482 -48968 -49398 -17978 29045 -39733 -8682 86770 -72705 158766 -47790 23913 33233 -41104 -23863 30949 51935 -98238 20519 -16850 -73825 -4857 29583 22746 -33027 21178 98307 -72575 33909 -35217 25017 -15051 -54080 -87724 -53594 -57512 75862 13654 -8749 -2077 -45286 -104266 8673 -117710 -27886 -38612 47882 -16824 -4595 -720 -38024 -21677 
48570 42099 -82667 -16422 33218 -79031 80111 32173 -8793 34642 97264 -38027 -66749 -80035 -36708 -9298 -20225 19491 -20939 -16127 33901 -4826 10657 -62283 -76019 -60390 76987 72191 -19536 -22912 64928 -13137 60554 -98547 69241 -780 54026 -532 -80773 -15436 -44976 -129026 155895 -19615 -9812 -75442 -1565 -31078 -38441 70301 -22746 -95007 12624 -52158 95780 18221 -89742 7315 -17416 -27706 -90730 -86380 -12781 -13664 -131193 52164 39123 8127 -118771 -95139 31929 -54822 -12358 3763 20340 31793 -31264 -31195 -70075 -28967 -102807 30474 -43292 41356 -135347 -27882 20966 133473 -37562 -5587 49258 57209 -25484 -92629 203256 28145 -40563 65824 65457 -24466 -41426 -51732 5804 -81548 4311 -30822 215106 65275 -26230 -15131 117350 88744 20328 -65148 11933 67848 9674 -34435 -8289 -24974 -89714 30897 -75018 54123 7499 -15665 10405 18810 55596 -92941 -13040 91881 -1863 -18809 37409 -101786 44280 33759 107442 46099 41067 39757 -20150 38302 -69357 -71588 33009 2695 -137122 -2892 28930 -8701 63597 -31451 -28675 66811 -9200 145531 -30931 -10686 112630 90056 14748 -6711 42492 35686 -63759 -2015 -21973 10787 -79845 -34496 60592 111477 -9786 83053 -31974 38397 -82263 32353 -46183 65222 39120 -8848 93387 609 -69339 -51549 10278 122461 12079 38831 32799 -94424 -38499 63540 -12955 -18196 -8679 26736 -25042 90770 66776 -36365 98838 -4962 90264 61015 21843 178206 -50378 35222 -63813 5231 -111400 11815 -102028 -110610 -870 13119 5519 -6946 13713 45144 65619 113577 18483 24848 31634 -27883 73365 -173635 -30541 85862 -169923 116739 -25833 43129 17977 -20769 87315 58847 137365 49623 106008 -63748 -74541 32149 74565 43980 6243 130685 52920 -36091 -1478 -120767 9105 -56180 18287 -45318 -21097 32104 -106194 16981 -92888 -61051 -116745 -6731 59360 -3561 51275 47028 45111 23307 -30787 -48436 117940 -15876 -63307 -69075 84067 10646 27313 -53669 79793 42089 49794 42282 -30284 60011 51511 -63247 44556 19723 23600 -45355 -40870 -81721 -48637 46909 
-125425 946 5831 -15173 19901 8481 -146374 50916 -57789 20817 51535 2232 -93800 -33735 -53326 -137662 35675 9617 -4364 108421 -58060 79836 4699 63540 -52366 -2825 -39229 -24149 20682 -60774 -51735 -28998 40281 -28997 18157 29692 98012 -7201 85897 -54627 -34866 9462 62312 10071 -19655 42515 39109 68521 6830 -71211 31834 9812 62762 19635 19444 79397 -29007 9658 58343 21836 -78 124676 32346 -58562 892 -57026 -14308 -82950 -78240 -30183 45419 -74100 -50295 -92243 35755 -107029 -8159 43894 -29465 36699 -14059 26794 -90282 117525 83093 2795 -32731 -11344 -63595 -53670 -18862 -76021 -17403 51886 42961 31448 -25961 -87298 -81844 132904 75528 -23239 -81917 -71489 -51434 87322 80777 39017 -100676 -39667 -132659 -79462 -58639 100740 -31200 957 -49459 82541 35389 -10344 -39645 -50415 -37036 -20652 15504 4258 -101465 1872 41045 29845 -144585 -48618 -5023 31246 -17752 -50897 108093 -34201 -26783 -16053 -42006 -108510 79369 19740 19112 -114913 97177 -2248 -3480 73492 19666 -41846 131230 5988 -26573 -25712 -32243 -41460 9084 -123562 71761 61496 -79689 65984 4851 -80997 25970 -27159 -14062 -57636 74195 78866 679 2240 -115236 50837 -121483 -18412 -37757 -43774 3324 70447 25297 138617 -62651 107731 31792 13663 -21545 17797 14757 78634 -4083 -26397 88350 28160 -52325 44470 -35155 119467 54722 45211 22637 -3587 93653 -31250 -76159 36319 62789 -43820 -47887 -12513 76033 -54136 5769 -13884 -6280 65078 -36797 140479 106722 86787 5839 29492 5828 -94667 -407 89600 6499 31554 11987 124359 59669 -52995 -105618 18055 107242 7820 -38675 10101 -64819 29723 -39210 -80420 -63855 -44854 7657 52213 -42467 125878 -29177 -101955 -5935 -12270 -51654 -20874 93413 -100975 114354 -99870 64286 26867 -34153 42325 67720 -18261 -65196 -47044 40850 26180 5080 -51860 -6391 25181 -68394 59390 -44275 87795 -29980 35887 -133331 29181 -45947 -32108 7088 69633 16815 -33074 -60776 9205 -35487 34765 -44592 -58774 36426 19352 2107 -41184 -58126 -77203 
88779 -47134 -34330 -100143 55867 78071 -67074 25270 24317 20328 16834 104114 68669 3789 173277 -9203 -61 41132 -60300 30861 55658 -55973 24526 -5622 -5211 3638 48542 75116 23124 42951 -28084 -63815 -124806 1948 -43994 11651 -30420 39133 74737 72774 49217 -49118 -56117 -66708 172741 72467 -57025 20982 -52023 -17681 -15541 -13262 109082 -30053 -16388 -42419 -76933 43918 -5763 11001 -55816 -11040 -84871 -36915 60668 58970 31256 50756 22612 20601 -112449 -139611 79159 -56782 -40381 -48762 -46196 -18682 45243 -93598 40682 -53645 35573 23377 61287 -30825 73752 -42803 -43030 -5519 -21706 31152 -55614 75719 7643 16309 80414 -8952 -39354 46386 -36996 -52987 -58678 52070 104062 123528 19632 79713 -52305 -35407 -16501 -21506 70085 -27891 23988 95615 -54687 15790 74780 -13518 55826 -19521 68640 -11485 62022 59311 -26991 -31615 -3211 17414 744 -56383 4819 58376 46999 -53863 -20090 -7278 -80424 -29809 -29198 111226 -149672 32875 93244 -29258 8093 -28620 -36113 -45760 -77644 -45230 81211 -31742 -116660 -58596 -17581 -4686 -9046 -135656 70673 -30925 -1880 66277 30232 20665 -5781 -3978 -117652 -44411 43926 23397 -104359 41541 -39730 -26614 -102929 28002 147562 -9112 -111171 -14535 33996 -67726 65918 -84526 -6192 -43200 30464 31014 -31821 19641 -51884 -89850 -66035 12071 -96077 -33554 36025 -97308 -39928 10452 -88462 -90091 -47011 -154576 26247 22986 166134 53290 -94984 -8433 -8267 -77263 25196 -41124 24983 73078 -12132 72427 -95644 -25573 70191 -15180 73666 -42536 77379 -24060 -97581 -59489 44896 1049 -20840 75483 -33606 76269 53226 2366 16877 -26176 -45440 -10717 -30301 -23019 -40291 -28152 -69770 94727 70391 13561 36757 -3370 12216 -57289 -83751 -92659 236291 -59957 77574 35512 -38590 90589 84579 37828 -14603 111522 -112821 -48649 19242 -24896 27788 46427 -14195 61200 34578 51535 -26639 6198 63885 -4029 -123360 -39078 -55394 63848 3028 3911 52353 69524 124870 -6923 118695 -2176 -72609 43976 -42765 974 110757 48983 42151 -19113 
82440 29420 -22681 -35011 -20737 30378 80493 -87279 -33027 59465 -14157 -7404 -17061 82452 100927 25474 77330 -14075 -62253 50831 -71367 53342 -6344 -12795 -80727 -44424 3096 82622 -42327 -98709 33360 39846 58765 -92767 -27010 -29828 -19806 -61485 -18903 42515 -4281 -90514 -49005 31336 33976 -94428 -8115 82874 -12565 98988 47631 17632 -39661 66620 60265 7679 -47109 65192 34331 8488 -26884 -12611 -115892 -25217 -35615 5527 -175177 19096 -86281 -120769 17945 3117 -43601 -19757 -83145 87452 -7826 -38430 -11250 7973 96695 -8144 76241 -114496 22181 -16416 -18015 40172 101587 3223 41362 36963 -14701 63874 -13748 -35236 120269 16855 65445 25485 16311 -31225 41517 -8591 59611 9497 24676 -11725 52959 -82125 -54176 -40452 -21445 -91508 -107606 -21586 -10345 -14117 48009 -28530 89934 55770 64181 -9296 25692 -41865 28998 -26311 -26439 12201 -41670 -35593 32013 40038 54603 -43225 -61283 113800 -33296 -153148 -59720 95604 -69408 72785 -71671 66105 4057 -44879 60076 21173 19475 55714 48050 40998 -53645 -34334 25283 11787 4472 44279 45621 -46655 61581 65379 26014 36018 21783 51409 57707 -92123 29288 -19593 -58335 58309 44504 23792 67145 -7600 -55223 85818 -84881 -45647 -94392 -6540 9775 77398 58916 17203 -25108 -14310 138535 77061 44658 48163 33784 61975 -185405 -33120 32908 2061 -51381 -8882 6667 -71043 -32440 55859 -118310 -12694 58834 -11597 -87820 8419 -5826 -22608 -9446 29565 -11346 19834 23619 -60070 47362 -18272 -22116 -92940 7246 -92823 451 29701 -10599 26843 -38060 -27895 -62939 48927 30819 16465 -6243 -13161 -71971 -29885 54104 78770 -63671 -50397 -23957 -9263 132411 -2138 50403 -26974 -69176 -62002 -38585 -91413 -56193 95084 -7836 -34724 -102528 1416 21085 31593 -50942 5632 -76131 -78090 -54337 -5886 68357 -14467 61716 3207 27036 -22926 58780 -88433 -21712 -91881 -74583 38934 -12735 28103 48273 -44671 19945 -6296 -106877 -88474 -120371 -46185 100501 -53544 14570 121384 -101398 53401 -129811 41990 41512 -89301 
-20868 20579 22533 -92744 62976 25512 -57075 64495 24285 -31648 17891 -18117 -18247 11693 -95292 64633 25282 -37790 99049 37341 -70600 32256 -80030 96455 -38470 36700 96513 27081 20271 37745 -103535 31683 -140681 36785 -9135 -40801 -13220 7870 50214 102622 32739 -120319 3191 95769 -27975 -37385 70249 -26865 -32996 -56423 18984 57 -24583 80519 -53495 -105560 111081 9446 17296 -109691 -40711 115170 10537 73160 159014 -59638 -33298 63493 -58531 8264 7575 12403 3211 -47841 -26758 131334 67905 208183 59515 95665 -20506 -31682 -100881 -26152 101190 73323 -9963 -56881 4726 50840 8220 53285 -68045 42502 -26521 -16678 52518 -61797 58648 4732 -1138 9564 9000 16860 11479 -25339 14521 -39083 56982 -48199 -19843 30348 60450 -53944 59550 -3727 -20713 1140 35729 -104274 -28999 73461 -21854 -13601 -74704 12231 -40726 1724 52084 -38144 -10932 -44898 72960 -4450 47772 36762 13565 8563 61319 67576 26226 85497 125992 -29900 -17858 -111012 31141 33711 75082 -49935 -915 -9640 -60830 -39130 -29525 54974 -10865 80591 88322 -11784 79064 38165 87882 -5261 -48624 -50702 4378 -3621 -17567 -32323 -32701 -66451 92030 13315 55427 -28564 25881 20310 48117 63145 -53628 -162873 11162 86332 17674 -601 49122 33903 -25428 -57597 74884 -34410 -85193 99379 25992 -3752 74962 12090 41586 -31463 -13391 56762 23548 -152627 -1699 985 23464 47459 72078 -64329 -58288 24888 -117286 -28295 129967 19289 8273 -91458 39856 -18897 -40230 11259 -43025 -100206 21911 -16253 30235 118474 -79604 -87181 -39929 32860 998 32148 -41398 -12291 11100 -25522 4404 49689 38918 -61792 -20259 -30921 57620 14597 44196 -21915 -100571 -10149 -51962 14692 118930 81486 -57141 -87066 -20949 -31526 -7472 54966 59325 -46858 -22288 -9135 67768 67234 64449 70277 22880 59219 64192 116365 34533 25208 -44467 46438 445 52291 12388 101028 166310 -25836 -77292 41631 -17954 129992 14273 -45486 15003 121266 -86656 97975 139020 14511 -26779 131 -31249 98298 -71042 75476 
-30268 -6579 13054 51706 -39177 -59915 -71470 34689 -18879 -19110 -70365 122504 -26606 4318 47267 -108968 40928 36522 -69353 -369 34021 53522 -55690 -102854 -37758 20008 -86776 9328 20342 -84020 -4807 -136851 -85213 -1707 85416 183 1838 -86035 106563 -11547 -139963 -24991 -14668 -60165 -1625 -9928 -41029 -10608 -10748 20066 -6723 20656 2897 12692 -6590 55918 -17220 41695 34470 -17970 -82973 -82238 25837 -95931 20837 -87688 -63085 73523 -61507 69513 -28898 78257 -46640 -69171 112276 -170324 -84685 133109 8044 -28866 133338 -30826 -26602 5824 -50957 95396 20717 7761 113373 -34499 -31607 -101031 -41776 37420 -30894 28606 -7662 3545 47597 87258 -47152 -93225 56879 -15728 54896 9409 -42570 42229 -34756 147842 -58433 -70973 -107671 68558 -106247 -10768 -42264 70525 -35485 -2448 -1557 -48640 -57998 9575 59514 11384 -85076 -54762 39345 -70378 -35140 -74837 1467 -134415 98119 58830 25150 -107170 31801 16010 10155 -55855 4867 117525 -94689 -51672 -6861 -30901 -17772 59822 -46304 79542 85734 42762 17994 -11015 -38690 33056 -3581 -99471 -70393 -141094 7176 131681 -50435 -546 -108805 13416 2412 -93240 -23720 80212 -30113 -62251 -168877 -21178 21941 -48161 22745 -47828 -124283 -63962 52457 64396 -50081 68312 -27969 -34023 29923 -68635 -29357 14259 -124893 -39492 11505 -71007 -100031 -63281 -28398 28934 14353 65636 -115180 -54778 -37538 -28959 -12762 -81327 93210 -131517 -55638 -9335 70866 78457 -1896 -23788 -1595 -13483 25073 30618 -47790 26878 61937 3286 6448 -69513 120027 -94532 16857 -93236 -58831 7307 40242 55284 56564 23007 66063 -32611 -5330 -70015 2235 -74291 10999 -54442 -45663 -60242 97740 -51718 23567 -90502 -25580 -25239 -80088 8409 -38059 -80951 -12601 -9448 10211 56621 112930 74241 79046 -16245 -817 -70362 26078 -33883 23577 -35158 64 -12264 -33412 -40209 -54163 45794 4381 -40816 5163 65206 4080 7242 55565 -62864 -67526 -114424 -18459 134269 29697 -27767 9224 20724 -7001 -11779 -73376 8638 -132611 -42598 -18408 -56611 
-504 594 -1559 -11220 57409 -52741 50669 88379 11879 27384 6725 514 -62727 -7855 28152 -69903 10990 -38376 93705 -113438 53039 29689 6976 28919 -42094 44940 43745 -49667 -26283 15867 -10540 12081 -7039 -69054 98569 -39729 17835 65596 -35908 -1145 63126 14510 -41736 16608 17949 -17985 -82526 -72781 18159 92426 26462 -62690 108379 47869 59783 -107518 138594 52114 -141482 -26430 27852 -39490 -22047 464 -16110 45139 4240 -86425 -35438 10175 29076 14046 -79304 -27343 -40707 -22663 16555 -40853 -63729 73292 -23555 106490 -21423 35742 1275 -91699 31381 -5610 -53979 99256 70129 98957 75078 -29983 -133518 -61308 5385 -42404 32992 15822 -50600 36539 3446 -4340 -24339 3177 23059 58395 60568 66904 -8824 -10287 -151918 19839 4215 23884 9541 -79700 -15159 60257 -116235 -477 14196 -51244 -23904 15998 -31286 -33597 -76525 10898 -27585 95666 26053 57313 46436 81361 29492 72286 -33005 57192 34506 -49622 -119331 -99674 -8056 46687 -64743 21042 126847 -4406 7156 88057 82055 -41461 120601 -9373 61050 88022 -748 -76521 101404 -83521 50229 107066 -140142 81195 -12581 -13171 -25203 3099 -28913 42377 -33198 -116448 1281 135306 64815 -1997 47075 17254 -19708 -16840 -46893 31512 91676 118068 -55790 -21017 14880 -5777 51781 2862 -21341 46580 75652 -23392 90862 -27819 -34019 9716 67952 -15638 24691 119893 2963 -82946 9285 -56224 -47164 66921 72919 12745 18777 3523 -63897 -11438 44253 -127583 3716 -102273 -2563 76048 14630 53765 57339 80633 98609 -51309 3364 21769 5337 6807 -94134 -3860 -45304 -40705 5130 -79602 -41711 -95804 7089 -21498 -42860 62955 -43749 19469 8599 -14180 -18116 7511 -39375 18623 -1767 62581 81857 21722 -6566 66481 -108147 -15069 -49196 20980 -44571 17722 -7072 71884 -29885 -58772 -28280 -86290 -5733 79147 -62379 46495 -37400 -33022 -59 10882 -55234 -55920 64726 -114645 115606 -31190 -54122 65584 36691 -41821 -13082 11629 15671 -39145 -47898 3908 -70717 10805 -85256 32089 18850 1792 
1985 17547 33355 136418 74007 83625 -31225 -67925 -20701 -41504 12864 -48910 -38794 97936 -3502 -21768 32100 41615 21563 25754 82063 84088 791 21779 -4273 4602 29894 58353 417 186542 579 55336 17652 -18087 -35133 43188 546 8737 -16164 -27971 58591 49754 -32798 -14133 34006 -50881 8856 52620 -41471 -46175 -64194 40957 -13387 16152 -78384 -36946 10979 -21483 58799 52510 69556 59507 -63861 1858 66526 116712 -111917 23192 51194 28954 33930 -105524 88074 52885 -21014 46211 -99932 7344 -33357 -7211 80888 -48979 18776 -8352 21332 -30375 25671 -6467 6696 -65659 41772 14389 -55544 -30705 -15068 -114625 8666 8304 4821 9655 -37653 -23095 -125875 37051 6426 -76450 -51852 20750 -92807 -27220 -17383 -22443 -10194 32874 -17885 -46659 44597 78292 -23307 -33598 24408 -45247 -30508 -71442 -27537 -90336 -44261 -17534 10767 -71193 14653 51486 29923 28854 -47550 133250 24021 -3965 53252 34311 39599 -45876 15900 6967 28268 -32010 -11431 -3682 -9349 9430 45294 33724 -13742 -35370 -65092 10350 43495 -8598 11928 -69082 48160 27281 -25790 34917 58985 61370 -21828 -27443 79396 -27400 -11443 -27462 32675 12536 64583 37259 54952 67734 -9851 33770 -19818 35221 -8147 12999 -51340 130669 44970 11676 62003 -25740 -33045 -71488 52702 -21249 -46084 -43639 -47441 10876 53277 -157466 -35814 -43055 11588 -11921 55539 -771 59714 -8174 -127400 -7328 -3426 99152 4506 -37053 28757 79594 -28395 84653 -43222 35266 84507 -603 38144 -68631 -101393 56431 45273 189602 -79146 38828 -72548 31533 -134627 -35052 -51707 33998 15921 93174 6121 -60690 -44207 13214 24233 -127094 99369 -69226 -24872 -53358 53080 -31131 12041 132485 -74547 -16131 -12851 -63231 102607 -56772 20729 -737 -121375 37890 -8801 37248 -37159 -1540 42421 45768 18923 -106910 -10731 34970 -114 24926 69717 -70479 66343 56476 13729 -17200 -28849 -43798 -18642 -60431 -83563 80712 -9500 -17752 21163 58458 72297 118784 28704 89188 114360 -83952 88095 -37860 -15945 33118 
73478 79223 59816 -31478 -38141 60278 -3513 63228 81552 -64495 -62545 78385 -4236 18239 -2221 -96171 2981 98106 11214 -3798 74452 26094 70656 12567 74049 28548 -23871 -51441 -51267 -96682 27613 -24428 -38760 5698 -101147 8251 -3901 14305 56116 -8521 -20152 49944 48625 -63552 1596 -13769 200517 -38060 53746 -24780 977 -9895 -51749 -27444 155007 17267 -35373 16656 -39361 84913 20526 16328 -49708 57955 110339 -52415 -70555 7185 38778 103416 -18330 40080 -91428 -25294 -6078 -46384 60 -32462 43904 -60854 27564 1965 3242 -110426 -31241 -47337 11348 -134971 51722 -14642 34207 -55321 115605 120101 20244 14069 -25487 88756 -15627 -71299 -54199 46918 20037 47994 -27297 -78589 -30684 45429 -41073 12950 7525 -99928 17585 -34699 47333 66308 -53026 -29788 -19453 35003 17848 -12027 -14601 132236 -73402 16285 6181 13651 65103 -16080 -33339 -143290 -135207 -33701 -80441 -23330 13363 21159 34984 -62337 -33924 3132 -2042 -106361 -48425 -66472 -5493 -24258 -24009 -675 25086 43958 -38317 -29646 96703 -60926 -16136 -77006 -65246 107617 2625 -43556 -28463 -13438 -18421 -32342 -81114 -7824 -27358 -96962 54050 28439 122400 -31943 23390 -62781 5826 -23840 -9574 -94999 -32949 80001 -35992 -12890 -54625 27306 40919 12229 -42654 -35724 33499 14675 -32568 -51329 -53607 -2837 -46503 110758 -56067 26572 26907 -31692 -30128 23627 -2471 -42671 -61313 -5864 -46007 -52412 8330 -50398 42272 103973 -47362 58256 -105333 56763 -59107 78506 80985 -2583 -50315 35755 -76311 -57133 57206 -76525 10861 9371 18705 2410 -27499 -38512 72157 18289 -7434 -85920 -60685 -1076 84294 -12343 -9825 -68569 19093 19530 -22076 -65766 31392 30104 46171 6682 -47532 -7930 49988 -39494 -63413 -15193 25143 8006 18610 -99250 -77420 -32807 62375 -20831 -38405 -25450 -22474 16300 -58315 -46745 115019 -5844 -32304 -18759 31894 28774 -39045 -22336 -32137 58989 -11687 41589 -65052 -21997 12404 -34096 61066 -83171 185366 -31801 -45181 -69699 -3379 30294 -24271 -7738 -56321 -14700 
55970 -14626 20502 -31327 38401 -34940 15371 -66624 7854 57266 -23005 -44470 159626 -24376 -55002 35896 71157 65381 12397 -24341 -21534 54964 58508 -36271 56939 -58432 51535 -48761 44190 18926 -11856 -22108 -58569 67704 -46657 43973 6746 -22993 31250 -112531 98219 -34231 -9137 20363 -47888 -32230 101768 34444 26332 88741 68857 71190 31606 27067 22221 30317 -64650 40832 69988 30046 -40247 70320 26762 14055 26477 51041 -12849 4826 -27755 -15128 29306 -29477 -88136 30232 53053 -13433 -39177 -111945 -3133 53498 -55661 -85235 98805 28009 28217 -31902 45012 15657 -36401 20365 -130310 35451 -102131 44537 69048 1132 65795 -99816 -78947 -69905 -122116 -27448 -20764 105283 25268 862 38237 18714 -182428 -42479 -38777 -98991 -16653 -20944 -56211 19358 -9753 -27828 85277 41048 -110023 42612 -52414 4969 10024 4155 65652 69962 1893 -66387 24126 -21778 -24746 -19369 339 -73052 21942 10686 -21070 6534 31407 -55965 14458 -56441 111279 -45001 -21035 -28747 33815 -84695 74008 44738 -27138 51341 5900 -16165 106094 334 -28573 40476 107191 5226 -18936 43917 -117736 -55706 5191 16574 -37056 82972 122986 74096 -35939 -67883 -46401 -131555 -38646 60255 -21200 84246 131466 -9691 -43326 50698 -47457 23655 -157638 36278 46060 -51304 110473 35398 -19656 2210 131499 60384 47286 -9481 16670 -26537 -72305 47481 9806 50708 -64210 -35036 -60073 73146 85415 16456 11366 -60309 -61414 -16271 32714 -62859 -35490 -71923 -64661 36452 -67385 -91544 -1682 -6182 110005 67938 -1088 65943 47220 -14707 11903 109812 37866 13343 -75571 -1261 -42451 -44684 -37524 -29786 118292 56400 -12165 -64103 889 86408 8260 -14600 3866 77111 -111240 41353 88222 -37953 38645 54468 -32996 95051 38588 34838 -27070 -68413 -50746 -41002 25942 -21269 -54630 144337 -874 29176 -152916 23639 51174 63214 73240 -41013 -56581 51298 -27468 36729 -70197 43834 1103 -33875 -14294 37117 -8699 -27618 33899 13744 49845 -41434 89886 -27848 -89477 48757 59092 78323 -72766 46848 
38599 10543 -103167 -68374 -48214 23847 4591 124959 53857 -2825 2638 -50517 -589 -52215 -83490 -27270 -14480 -39459 5769 21173 17001 17338 -14803 -25375 -21311 88753 35804 16058 -63023 -16449 -54331 67537 -8430 -16929 -129065 98319 -103583 40997 -11516 -4657 50652 170698 24642 -46047 6998 25339 17928 -7307 -1270 1047 -26107 16284 -14800 20184 -104160 60330 68808 34423 19336 131545 -18236 21623 108234 -1510 127100 51179 51801 58842 -78223 8840 -67543 74221 53380 80492 -86243 40397 -20056 -56508 13361 -48549 11503 21381 -35514 93580 -6524 -89767 -20739 -99585 -28600 -34880 -70407 96900 -28480 70511 -22255 88339 -901 63477 14224 -26456 -53729 -997 -53200 17838 40763 -7397 -31205 -116941 65737 -22088 105180 82683 2833 -2550 23617 126059 -54178 -72683 -40089 -46357 -4066 -14967 59578 60857 60878 -14692 -18251 1357 4384 64162 78901 -30415 38919 3141 52199 -81773 -63616 -137552 -26768 4870 2681 -33880 39714 7640 64482 -69832 8457 21443 -10919 -5088 -26961 13031 -80642 79846 -53937 9054 -65891 16532 4512 105463 -80272 -102855 -24431 1409 -31470 23938 -36636 -49876 -42063 -31465 1254 35414 6314 100551 -64973 -9241 -12203 -33252 -9327 -13525 -123483 21652 92701 24420 -52072 -8747 77963 -7755 -58831 39961 -52264 -13180 47836 17711 -6197 24945 -48273 -56644 -106158 56955 -140347 -37955 104752 -27918 20608 -40205 46531 33281 84495 -71 -47052 13145 22969 -111250 57478 19632 -26786 -3016 46575 19431 90328 41878 149081 26199 -74831 -32337 38261 11759 78514 64596 47300 48579 -61395 58656 32938 32731 -18989 -39131 6081 31800 -31537 -26814 -4552 17960 58989 -56979 -54248 52355 -34620 38105 -106322 -26134 70710 -43606 -43328 -4294 -54389 -26753 -4250 14097 18417 -26702 15717 19832 58846 58493 -11207 27739 784 -46565 -99338 -25160 77410 123811 -64814 -13583 -27841 -92585 60609 -84983 -30220 -16403 -3926 -61744 -40026 -51522 119918 30151 3493 74721 -11085 72204 -113818 -80732 -18774 -18487 8858 -33944 -100751 36088 
-3300 -79828 55503 -27702 -41843 75533 -51942 -55587 -2574 -51798 -16787 -50982 -10598 -58964 33508 12751 -74760 105889 84519 -102686 13207 19189 86671 27078 -28209 -13819 -94830 82753 -66835 48409 -26615 90900 107150 -10737 2714 22534 59477 120674 43739 -90424 -31647 -30077 75054 -35468 -12561 1764 -6025 24020 68065 -8379 -33557 40592 45185 -332 -58079 -33887 -145227 -36810 24576 -82017 40110 101394 -19018 -47875 -38921 96020 9683 -77982 -7973 -76783 -6587 -7062 -123966 32905 6049 43881 20512 -32859 1755 -6268 -85198 29246 30019 -59596 -13751 62900 1671 46445 -50944 -476 -54473 94538 -4212 -25613 -120360 40860 -16699 -70710 33704 -105223 7385 -85467 -46437 -48391 -38324 -21172 54832 118243 58255 9706 -35875 91819 66582 -50382 74429 -35476 86434 -76777 -18275 111689 57018 51406 -80443 -39794 15989 -25255 35954 -22755 59227 -16005 29176 48874 22017 -60376 101275 31751 98029 27735 63647 41635 -870 -44265 -58850 21130 5196 78260 19500 19791 -31163 5824 32990 -46404 -29270 22977 10152 -25384 -41451 17220 3446 62673 -54512 -56975 100925 -96029 47340 19549 -27190 41675 -90221 46455 82853 -59544 -2887 49220 37482 -36359 -26742 -25255 -187269 79047 32749 79404 -46040 -80835 1759 -31341 -63612 -34190 110249 69559 -23584 -86951 22849 -97441 -85998 -67462 55700 51169 15444 -39142 -17907 25798 3006 -89231 -21089 -50330 -87837 739 -192905 30030 37861 -38044 81365 69444 -26402 3421 -139736 -5624 21778 -33865 69862 -22404 23664 3665 33812 16045 435 29806 -14551 94141 65155 -57835 11495 -72773 74959 70099 -6277 19767 -39323 13914 18314 -67251 16135 -10426 107098 -23574 6487 59950 -565 -44099 -33320 8384 -58938 -42169 78099 12693 6803 -29758 -20149 -101997 21524 -9191 -35271 15626 -34898 30801 -98565 8936 26687 -14753 12286 51577 -109407 8064 -45203 -39047 99848 -15459 6183 -33719 -5912 85992 -2100 95842 -162135 41033 -16554 -5805 -24157 141111 8815 -10028 -93877 -21417 -10625 -110311 -3891 46359 55948 81790 
-67040 101278 -86371 -77960 -10474 -60294 -53318 54576 69730 28027 22084 -31812 9511 4509 29517 24901 55009 23855 -1470 2017 13275 53191 10224 -24615 -86578 54277 -5360 44616 2985 -101148 -4002 55885 -40610 93477 47077 49413 -25222 35219 -31667 92619 56456 7043 -43024 26847 -47087 -54409 -8005 10627 204 -30598 23968 35099 54843 -30831 -59104 21658 44768 1061 25384 7554 132 12978 122527 -68552 19807 -22240 -49020 26865 -7319 22781 -85540 42412 -83438 12735 38012 -8899 -50417 56258 -10464 -9306 55126 -62292 -94259 -18592 95526 -17803 25132 47446 76764 -33436 -103277 87482 20100 33004 -40976 21311 24530 44821 3404 79913 -100011 -51767 -39453 -77006 14783 -3295 -6308 69456 -87102 -22526 -306 48029 -23233 54780 -58990 9733 -32100 51681 600 -17096 108214 -16522 110437 -3625 13047 111756 -132768 3188 -39332 -49734 60802 -73160 -16107 36642 6423 37147 29006 -38780 -15845 -97521 -17746 2960 49810 10046 11327 -63766 55569 79145 6252 -36494 27747 -40464 -94449 -20281 22062 -7896 -29734 44413 134975 30027 -58088 -28329 -34892 -19551 76922 10253 107303 18031 -114484 -19899 72223 87557 -5579 44658 83205 -34077 47557 -83183 90749 21711 25994 50273 67093 -6016 -26809 -12459 -52939 2255 -10517 64501 9538 -37187 -103241 48286 48017 84041 -53022 -24760 108737 40611 -107607 -2566 108966 -40562 8846 -3119 9944 12082 -15378 -97187 -49954 20343 104691 -30634 49891 13373 -21246 -45724 -13398 31412 79916 23309 132114 38458 112551 -136158 -27213 89486 -13028 -46592 -42786 104145 -55213 23944 1304 -48822 122631 44201 -9952 61396 14293 15655 -19458 36581 -102474 -85496 -66185 48313 -38267 -22361 74129 -62781 -16836 14496 -61619 86931 -154714 -9866 -43612 -28070 -3968 150 -7718 11780 40020 35738 -39748 21029 -71240 -54549 32158 -146272 15722 43240 116488 16351 107825 -31813 63290 -39368 36265 177 -57468 -134783 24324 7566 -68948 48406 -10510 112523 51910 7453 -127982 -128424 12326 -48554 -91154 50401 -8362 -10539 
50196 -11689 5072 43601 75799 2979 -73383 -40134 -50217 -12588 121842 67787 56590 10239 -101623 20231 51929 63196 -31157 67818 -85747 38099 48786 63401 75656 42230 43947 48755 58170 -9968 38773 -16288 35038 -47635 -9500 2003 -141322 37533 14045 60079 102099 -57840 -116553 31610 16686 50774 -8690 42200 6200 -64116 55103 -28704 -25003 952 -6956 -85107 -24547 41081 -51350 51418 1937 33335 -11390 81959 -48573 100917 -37247 690 -3302 35418 -37390 -44308 4055 -78534 12655 -16956 60736 5828 -83355 -2422 -82493 60042 -14568 -33402 145579 -21595 58285 -74807 -13169 40569 26144 34945 16727 -70388 -68608 45793 41502 8969 10915 -78534 117984 -16226 -7939 -73489 22686 50682 89452 44162 -59786 33528 93709 -6714 24307 -35303 -56589 -28753 49371 44893 -99709 -3674 -13741 -68903 45157 -2699 15350 -72047 -81285 60895 -26585 14565 9912 -57122 21624 49535 -27125 -19257 109252 2311 34035 21789 28497 -75656 -12879 61151 8989 28159 7137 50690 35935 -84062 39193 -5330 -79405 -9485 -136669 -21222 9199 -80687 -38395 -45145 32796 30754 -32453 -21167 170355 -55469 60277 -32726 21680 -15711 29897 -5777 21762 50715 42038 -33698 -65977 19504 -37839 49551 2909 -72762 -74668 -53386 20996 -110945 58304 53861 -26939 -48267 -22939 151218 18759 36494 63835 6408 118619 74562 -73498 -37636 31593 -5165 6514 -32635 -3232 122953 47131 61377 12805 24203 -26175 -30130 41637 -17230 -49375 -52817 19974 4948 12019 -94037 -17197 2693 47754 -39245 97481 73667 37056 -23625 87021 -54541 29744 53297 -258 10315 -45764 -52425 -39997 24314 32728 -51693 -18079 -15046 -35428 67222 -24741 197479 -5174 -59414 -2756 11704 28353 76589 85486 -17343 -45661 -31835 -2681 -62804 45725 -80718 -63632 16772 -36865 17866 -63899 115281 65494 -99683 -6510 -398 5487 -39408 53424 -45481 -15349 83639 -87857 -15455 -42197 -35435 21336 5211 37254 -55585 -1729 2680 6407 39496 123829 13942 -22898 58159 -14503 28490 -39299 35845 38552 36842 43291 13247 
-18614 10145 46569 1732 -24063 -51560 -15814 60375 50873 110895 -29131 -25236 38432 46284 2233 98212 30239 10050 -4284 -54930 46529 28044 29684 21264 -29574 75110 -127175 43183 -26210 -6757 13951 25299 59018 26857 -100670 69834 5961 -25137 -36336 32868 15669 -57751 -63706 -148476 77333 47179 52280 -25493 47055 88366 -23499 -54805 5329 20905 43046 86053 47594 -47642 -11766 -11456 -44989 77994 14722 18194 -24749 257 15882 -71189 -45482 21338 46840 -65407 25484 38124 49019 -124462 -24885 -16720 -69792 51990 -17336 21825 52158 71853 -7569 -9406 20884 641 -120178 19029 122927 17756 -394 153373 -51615 56004 59788 -45517 -68077 -20987 -25735 586 3104 43074 -13340 -16092 -74757 108350 9596 17628 70891 -53861 -118080 -16839 -48174 37638 67990 -21353 -33706 -62164 -1667 -12591 21766 65476 81464 -40544 96365 -178 8036 -42483 83540 -46204 -7801 60934 -12104 -57481 -12212 -42892 7606 96540 -3699 110517 -44361 2124 -18225 -35292 -40489 -10032 20783 125960 -38926 31759 29026 -35551 23289 50785 84118 39794 10074 -40991 2284 -15073 -48252 -18136 21669 40859 -71530 -12741 -2828 -18606 80899 34003 -98538 12285 -81374 -2968 140356 10445 11360 -14837 9405 44561 -22873 -4090 164813 36119 30386 -60048 -12182 75895 -17551 30407 -63839 -53667 28 59771 53179 24764 64426 4664 72506 -27029 97810 49948 56530 84866 -63741 55079 71199 -46790 -31152 53456 -34074 56165 -2903 -53418 47610 -11540 47219 73024 8058 69861 27023 -74545 -26302 -16006 -2836 -6897 17610 -78987 -39999 20111 21825 -64566 -48885 -121778 -22160 -18943 -7765 -106751 -51928 125809 -116035 67060 41950 33116 -119088 -5859 -47597 -47868 103134 101925 48727 -85620 -48877 8803 -17243 67017 -8446 -79220 -40348 -27012 24348 -73595 -38958 53192 4151 -70922 -74038 35085 27465 -77139 9377 31315 68316 38186 35795 -26067 4138 -125287 -40505 -13530 -47250 -10734 -58216 -13119 -38701 -36002 -20034 -7015 50884 18952 -5622 -123796 6269 -79310 -62039 -83735 68987 -20505 
-7768 -16870 -21443 -37648 -17812 -3869 9761 -6702 41511 -77403 -4216 -46364 -53060 14146 43562 28209 -10518 -1541 47962 15820 -30800 73401 -75603 53002 18021 68849 -11832 -34429 5652 -40944 -70964 55646 -65968 -36431 -70189 62509 122341 20862 54523 45561 7618 -24337 -78992 -10682 -29647 18053 -28884 -14082 11290 53888 -27992 46047 1408 35886 -42561 -1265 -28549 -31614 57823 -82404 66934 16402 104104 -60096 24896 115986 -47161 -51229 -122589 41942 74186 36357 70696 108214 147424 -50227 69818 -15974 8317 38961 -9401 51061 -36012 64580 -68563 -119800 -14691 47014 -51379 4424 5998 83954 -22733 40004 12799 64263 -75330 26158 -179321 35617 -19638 -109526 -34957 50829 -63159 -55243 -66081 -16439 853 82318 40791 64956 -50701 1475 -3024 -17235 -23310 -45520 76739 -5451 27127 60106 96723 -25008 -26984 -40623 -27922 22555 -42570 -55899 58102 36255 6720 18392 48014 71467 5995 15009 -54216 26832 -23670 101036 21252 -8942 -122114 -62373 59011 5115 -40755 -27325 83149 -11119 21553 34962 -62034 19671 21966 16319 12347 -66868 11080 -20871 -69706 -71868 44166 -98935 -10046 29963 17603 -15939 -29330 90583 -59841 -6079 51016 -114371 51969 -3307 -59589 -33112 17731 56044 102905 -4345 -28160 49808 -31488 28288 25240 -3714 -45908 -95078 34938 31297 85952 123605 -74307 -1397 -14605 152998 -64091 -44224 -63836 37696 -23442 14906 33351 24290 84245 -36352 -61551 48925 -56586 -9693 -96544 8785 -4764 -39569 -4458 -9753 -12756 4640 58838 -32917 -1649 74343 1813 -27442 -29525 -73426 -113326 125505 -25817 -218858 38666 -43025 -12361 75981 32155 21368 32914 41692 57109 16598 -9528 20946 -17943 -79720 -8302 -30652 -28284 -1590 -1344 -15286 -94520 12401 28227 56823 -50268 -10174 63819 -26006 55876 99853 -11404 21012 57621 -112469 176735 -8616 -15893 -3874 12496 -14995 -57886 52097 -61991 -47784 -22636 43369 57934 -26919 -9436 -81945 -57319 39226 38875 110185 10351 -59141 -2810 130481 756 46367 55601 -134250 49714 -8055 49311 41554 
21753 38863 21259 68084 -62587 95423 -17589 -67774 -22816 -8405 4282 -33912 102335 -48065 -118642 131059 -24043 -6798 -60444 95449 -31338 -13932 -12308 -80747 -19316 47313 -32837 -43401 35512 21731 -4167 49737 52634 3980 -11692 -77429 86337 -177021 -3958 43010 -23543 -56017 42370 15345 81111 -26911 70429 -138925 14296 45014 -15769 -667 -53517 -24302 -42344 -15612 -1355 5985 5260 -94726 23620 -51337 -72916 115820 70314 -5869 97119 63030 -31342 -19580 40779 37445 34838 -5728 -47497 93104 21410 -2276 44400 -37744 -33025 -9282 58369 41800 25729 -45540 35532 42151 52086 13693 -12734 191678 11936 -64116 24146 52749 34872 29115 -2808 5476 70578 41804 -27579 -19858 -2255 -127471 58729 -108858 13459 -153621 4842 19168 43616 -50837 19477 29724 1558 13506 34420 4583 -40847 13226 53790 151650 18369 -38115 -67674 107704 -25181 -113902 -260 -19119 63666 -54683 119425 -12662 4366 6968 24034 87092 51151 -138902 -30665 -102252 32968 74053 -4377 -3401 -52182 24843 -28350 149093 -54084 -19248 20515 9338 7963 55172 47890 106079 -16127 8626 17205 7602 -113705 114818 -29854 94701 -56461 12346 -53255 -68932 -30040 41995 -42198 61137 -47957 -146670 -52497 82149 1025 17176 -19834 -14628 14781 -67923 32167 -4128 90351 3629 -96942 38634 6926 39532 -60187 -83779 -50135 38712 9108 -145871 -137 45096 -40068 47391 56702 8168 36057 14753 -54661 14404 -7326 -48992 -39447 112704 -65050 31682 -30792 -5892 4260 30210 -30143 -68863 56668 43101 54944 70729 6794 15329 2440 84003 57784 -123951 29556 -1641 30391 67258 -43074 -24819 -63815 -56634 130625 70306 130234 123109 3584 -107646 -3818 57108 -39830 12388 -16563 -44608 -9100 -30289 40060 19010 50352 57563 8624 73801 11894 -31490 -20834 456 33344 -3113 -44701 89789 2229 25839 -9697 -57352 -100764 98961 -43622 -113877 -12001 -64060 42181 -41036 -100868 54684 27 52257 40427 -100390 47496 -120497 151715 -7512 -69054 64115 95289 3218 -23329 5126 -75648 65257 -36813 65773 
33806 4379 -53798 24193 -76637 56457 -24769 27054 109066 -90257 -6294 81183 -59817 -12191 52171 -75591 -93402 -86311 -74725 -37569 22201 -55789 -98690 12698 54013 78920 54208 -33178 21533 -9718 -171760 125066 120364 143850 10653 4012 -53287 19268 68179 18612 20460 38562 -33192 41559 -36611 76372 37643 -87219 -50358 101639 55968 34632 -18518 26691 37587 -5606 61447 62287 53938 -61052 36079 -86186 -93589 -47288 71809 -16837 -40228 21575 14737 46578 15471 66577 1395 40986 37499 -52626 -51939 21746 -82807 42583 93244 24753 -26558 -37352 4893 -57889 98590 114406 103205 -21119 -67012 -58079 -70860 120890 -12384 -3520 -57250 28186 -102626 3370 148 -70509 -21547 -28004 11854 -53230 -50184 67461 50394 46631 4492 8716 -61693 -18073 -24739 98993 41302 -56832 -28641 -34095 47916 51881 -121468 -85118 -79385 58214 27367 -50831 97062 -31959 24527 6945 -79290 29103 41132 81442 3268 -87093 -46526 -51457 52773 47753 -78732 72378 34329 -3686 -5525 -40985 4666 -4920 68837 -9512 75687 92488 58429 -24250 3086 -15147 -21457 -68702 -16028 -75903 -35779 -27699 88672 -2816 -2026 36438 -60927 567 -96079 -4137 16576 -18913 133728 -53603 -12613 72238 9427 19586 -2157 15476 -13337 -55737 37041 7151 37330 25168 -24784 -11912 12857 -43687 24197 11964 15371 -11974 -64846 24605 -19685 13265 -40475 -36440 -55660 163412 65252 -114679 25740 19327 41506 -81121 -2868 -111631 14924 -78154 -9035 -67601 -76680 57680 38913 -15679 434 -137318 17817 -20057 69736 97024 -7617 4437 -84513 3292 24784 84328 -7326 -22917 -12474 138046 88217 -27497 -72342 72999 86396 18771 -101230 -23843 81276 -109367 -17531 -13495 -75948 -91209 90866 25154 -21773 -46128 -58935 38748 -80897 2039 87631 3001 5722 -23479 -1093 -12448 17535 19430 43679 3407 -45013 87064 -94922 42706 61609 30740 9046 -12258 22998 16381 97534 -57049 8885 -16805 51308 30098 -62502 -4377 86531 -3385 -20520 -77978 84237 75250 -16169 -8770 69221 38780 124127 30914 -20716 43438 
37622 -71913 -41947 40673 19189 33824 -1966 -43719 -25616 -25566 -43732 65258 71762 31997 -100183 7816 355 -41711 -20037 456 -54179 35904 -9514 -78623 55359 -21936 21039 65934 -21654 -40323 68674 -136412 20739 7172 47875 111613 19025 5835 -55513 -2177 -57635 96585 -29213 48627 29642 49066 30507 242 2501 -32842 -41671 -22978 -25194 -85195 -14641 62452 -32631 22491 -119083 -71045 -42394 -13309 40243 -49862 74601 -27475 21658 -51826 -69658 26402 11236 27657 107255 20409 20681 -57958 34047 -37661 63456 58202 25730 56956 -76741 -56222 24084 -2111 -110414 -87875 -28227 -11176 20881 3826 -31145 -88081 68069 -2160 85115 -11873 22652 35108 71021 116921 -91568 23729 44910 -2156 21057 30750 56421 72204 4008 -97976 -87318 -43972 7926 -9223 -12656 -64756 -10026 -11347 48339 61755 -19298 -69439 -8162 -22468 -8798 6807 59553 15310 42773 42416 -94997 -9056 5275 62928 21125 3549 -8425 50093 -47440 629 113067 27152 -14085 -13723 19488 64314 -29307 -43987 -526 -21086 -10089 59850 70221 -63573 -86605 -55953 -26516 101257 -12754 -11414 19041 11385 5991 9857 -4073 -34674 47902 27340 -2595 -75427 -131756 -4047 -123887 43395 22984 61597 -15877 -45763 -67239 -18868 -23433 -28187 -31260 60245 58432 -94327 -67999 -39706 -68869 -15319 61952 -23543 -7981 -49933 100988 9297 -62791 59758 130430 12782 46949 26707 -8645 90214 109435 -162278 -32232 -1032 -28167 -28096 18516 6608 72310 102840 -4955 -71278 -123909 26320 17286 31269 -101463 51535 -100499 -32368 -55240 -77310 102099 71115 -13132 -49264 4034 -48081 -65182 -134619 48304 -64798 -60065 1272 -41567 -88331 45366 -42379 38752 -42720 -111135 47164 79277 -62911 27672 -119077 -37380 45803 -29655 -27712 -23522 -74435 40800 71 78344 -3968 -30129 45428 -37976 11268 -73194 -81219 -9990 -26041 55057 19373 -74727 67253 -30077 42751 12587 -27405 -41473 -11541 -70253 -100402 24336 -15141 15927 -38704 -48479 94160 27957 7542 -6461 41317 34296 10043 -27062 -63602 -106513 -152731 -95931 -11515 
111833 -104540 3633 -57113 -10434 -32031 5005 -147122 86710 -13716 79970 17653 -119805 47068 -8054 -77952 -101756 26545 -29385 -15448 49735 -14511 -41511 73270 -5034 -55211 -11792 20609 -67153 10402 82514 -70830 59404 -47020 -36 8029 21038 -27303 -22063 3425 -10409 -65356 -31166 -40557 21689 88082 -50329 39943 57848 44915 -10312 120586 -98977 30920 -120563 -4590 -28580 73367 -2211 26857 -12861 22221 -69789 18591 -44530 22029 -96049 42765 35710 -13963 25879 81375 76974 1330 9058 -64860 -13585 -52154 -4854 6229 36795 -36468 33645 -38556 8575 -31039 130534 5383 60600 14248 20576 -85723 -1626 -98985 166 -53802 -32165 -67805 27083 -32969 -46176 -84216 -99787 -7126 -8300 59453 53692 117510 43951 -29441 -12850 -29041 45988 26812 -52389 -33202 67933 3102 -114045 5527 -93735 41563 11410 -43114 -41696 -20825 75326 -22152 42603 1293 19480 64405 87509 -17807 -73224 35977 37149 14075 694 62511 -48843 -72641 -125543 13076 4440 -19504 5778 27202 -24354 51803 90219 45922 -48792 58976 -50047 -28132 75631 13730 16348 -85705 7773 -53282 -46182 37977 -10082 -41792 -18788 64266 -15488 -20263 -56178 -37453 16917 -89266 -37499 42754 1970 1501 -51497 41805 101713 34497 33762 32861 470 38986 7489 37405 -33213 100480 70380 -61397 60531 -11993 -77411 25765 -16107 56129 60469 39272 91163 -72435 5261 3685 -1310 -46784 -102238 -18291 -41504 97127 -50054 -5302 26885 -94906 43781 -1944 -16892 99589 92704 -41427 -8835 10923 5669 58045 38150 -29926 55939 12274 37853 30230 -86367 127707 -4984 -58495 12416 -12752 25396 -72388 17785 18170 38746 -58610 -24322 -39437 32485 -72893 -35068 -58866 18928 -1896 -10893 57460 -47497 12854 -78195 -33439 41648 -42774 10258 -53947 -5625 -90703 36688 34912 -8290 -118209 -6178 -43946 -1022 57609 32776 -85051 -85788 -11804 22353 86074 69398 72022 -70721 85046 105262 -41026 27313 -38783 1640 30937 53629 53428 -23066 62126 1250 54564 -150262 20988 -12756 -7294 97570 30470 54973 -20473 
82770 49283 -73281 18181 -13856 -34744 105004 64175 -4014 -42456 1380 -31722 -8103 -117268 31956 -42630 48864 17445 8306 -95913 74816 15067 20463 169370 37411 10151 31769 -4418 35583 39397 -2247 84834 -21007 -32936 -44202 -25245 18811 22981 -25675 -84100 11048 -78316 -15105 -41410 68143 -21724 77729 -34410 36932 56531 -6162 22219 -168049 84478 88397 16893 46844 -6288 72266 101814 -32600 59150 -15950 -7380 4033 -10734 53492 69201 -44263 289 -35343 -60757 45244 67546 -101595 -26956 43711 -94362 -33101 19523 100011 22525 10854 64204 38204 70818 137664 -142703 -46291 95441 30776 111018 -30886 29585 1193 -67895 8795 -47769 -15659 32080 45910 -3428 -51210 64459 -88277 18310 -56393 -128073 -50360 -85113 -53525 69256 36094 10851 49889 40888 -16728 -59857 39340 45344 -52722 -83629 32184 87364 77568 10757 66379 5375 -3805 -13989 90651 9050 109666 49077 28686 -28754 -68072 122992 43381 -7166 83979 -8986 -55691 -90681 -49097 -70423 -38298 24830 109852 -17462 41022 67411 41778 5952 -3340 88934 65498 5833 -91960 34831 56680 9379 28138 36835 -30367 -7905 12820 -43107 -193214 37977 -2672 -52025 -70726 -114387 35096 -8283 47176 -23012 -58674 -59339 6072 -11517 -77679 89610 -67002 57722 9229 106829 38447 -51840 34605 -76776 21718 6506 -3342 81781 114023 76717 45383 47752 74349 -60915 92188 10416 41942 49026 -17058 54415 16208 -18775 -36737 43756 58519 71693 117449 28739 15310 15002 -32629 94553 -41908 134639 -24245 -35977 -20315 52073 96882 -84434 -75557 77111 44593 41402 -26561 44527 -10529 30729 27195 -118045 -12663 -59167 -120767 3768 -206575 -61196 38575 48914 -38823 -10931 27014 -83774 -50801 -10701 31032 39768 78964 -41915 -68945 -36849 14685 -61030 -59810 -161879 25609 54621 -50214 -23055 -47952 -60443 16111 -1813 -20194 -100629 -17830 -36409 -81138 65243 -32136 66498 62994 65895 -39891 77472 35468 47584 -97519 46485 26386 -92427 -20989 -79989 46353 -61632 -50955 107212 136150 -13775 -37081 43615 -21252 -65716 
-52823 7651 13081 -26749 19811 62842 -27149 4841 115684 -39003 40996 -908 48282 -60633 -15172 -18206 31276 78026 -37678 -58309 -108501 -107070 31091 3560 12271 -37789 -22667 -35191 34512 -6663 24500 -112343 -33577 29790 -27795 28070 13419 14161 -9170 8158 -21996 2521 64970 -36934 -77261 -56031 4803 -5200 95206 12273 95759 31796 -122202 -11235 -42540 -68810 42924 5205 -50509 -10091 -2884 14278 -40012 89351 56275 -184996 -27871 159316 894 61988 156471 -5235 24351 -18098 166003 15694 -22327 -83563 -7213 -13450 47576 38826 -42525 12164 -56697 -68080 -64102 -19667 16879 -186748 19622 -45769 -62511 -22101 98579 56254 -16203 -39796 24270 -15654 -76045 84862 -55306 -9590 52811 488 -98112 13009 55284 -41989 21733 61146 -49724 -5017 83023 63375 11594 90600 -42919 -84193 -42623 65686 -44180 6138 -19427 -25100 31242 27915 -83784 -92166 42007 -52535 -57343 85174 9376 -6927 -36468 25961 -56072 28921 -15321 20301 74172 -29858 -49989 -21469 25586 45282 -60482 91434 -41447 -64568 -6346 94772 -31090 -22257 -43322 61160 79527 -28340 51056 35479 -118232 46146 -62326 -20591 80653 -94334 -46718 -38479 18735 51768 2858 19068 61178 -125604 -31575 47848 72133 36878 65326 20936 29660 -60798 -97290 -55306 -56296 94782 -164616 38382 81958 111843 -18080 54497 18159 -1833 -24876 45610 64972 98546 -20274 -22441 53665 21506 -79966 -88470 -69232 49609 51581 -43442 32549 60596 16801 -100632 10238 -27744 20124 127489 -92201 -39645 -45789 -36157 -93716 -16782 81605 -3687 7715 -70939 -42525 14447 63114 34902 -28967 -42145 13511 -78348 -95917 -8620 -29786 873 65234 10938 21097 45815 35930 53741 -56701 -19098 25474 89235 75559 92778 -40288 78663 -97357 42554 -47240 -15040 -5738 73670 34367 -28167 -38255 -1001 -2655 -45397 -96604 105953 34843 57396 58526 53344 47877 13721 -9503 -5646 -13773 7085 -23580 9164 50026 -58218 -12341 112846 -31917 40603 -7418 -55177 53764 4064 56569 52010 -28071 34391 -16167 63669 -42359 20428 9443 -2521 
131463 83306 -143879 -91314 30557 17494 -69729 74767 -24456 55214 -650 -74867 46330 3874 41537 75986 24450 -1585 52083 35998 -88925 -35070 -387 29366 -22515 -38841 -38805 -4052 39537 -59678 42075 -67929 -39763 -40202 -35597 -152112 -40350 31393 52038 7859 -2303 -23472 32737 32308 -101990 27721 -74476 -142382 -51155 -63292 52395 -13692 -68573 77005 74101 -54155 -37584 -9329 -89605 27833 -43343 44116 -84558 9435 12738 -101104 -39901 79161 -19810 128729 -29637 69607 2758 -31730 50704 56754 91600 -23292 -57031 72227 -105054 3393 -102622 -18512 -19560 -9734 -41226 -32940 -59221 37011 -11666 41836 40581 -1717 -111740 -15698 1400 5131 -16014 -35001 -5525 -53818 -117485 -29569 47288 -4416 24423 32919 25696 -72974 -77954 -29197 -46137 6391 -26225 29587 -17183 -46270 -53979 -26965 -54281 -15233 -56152 24308 -16377 32481 -96871 55037 -13395 56092 73681 4565 3926 84503 7367 53942 97449 -28861 32618 69870 71190 19179 32799 -16819 76745 54024 29271 86032 -86433 -26324 20024 76552 -30369 60749 78487 -81432 -45787 20568 -35259 17042 27614 84339 -44541 24187 -24785 61069 -49557 62328 65801 -51102 62715 52512 73832 -58789 -27863 -89704 -53276 80395 -40510 41384 -36296 -69894 -11959 192140 -138702 -19605 -26496 83664 -958 -10393 -15196 -46597 -99612 31460 -77296 32710 151533 -49510 11673 -26194 80156 -203 93402 10840 42695 32926 13059 -79594 52245 -207690 42543 40344 157 -22583 -77737 76480 -24633 -149230 106 -27693 38493 52072 75141 12713 39447 54216 -30435 -173990 -38884 -9019 7967 43077 13823 -43196 -77388 23075 23636 -105115 75752 2079 -26428 25815 167044 21598 -11599 76590 -67595 67243 -28086 6464 81886 -96967 18458 105043 19646 45889 -83678 30362 -76094 53670 -75260 -145872 -34297 -18364 77007 -76161 85653 65561 -19787 -126572 -74797 -61651 -131279 -67094 -14360 15239 -39568 31204 80618 1240 -22254 -60956 11909 -33857 46352 -150049 73883 144987 -65049 -41580 3712 -31448 -72442 18723 -57050 138399 -15122 -13040 6356 -9215 
-47911 -36849 494 79435 -17590 -8121 -62728 8954 67097 46149 -42761 -60399 46388 -37178 -322 19542 61999 58967 57559 5861 24220 -68792 4580 86790 -19339 9077 66472 16079 9302 -4308 -17687 79331 -108475 45458 -80288 96293 -21814 80595 17333 33826 -74380 43720 -36969 -111630 128641 1417 -27440 9938 -50458 21331 115791 91905 -104331 35275 16415 -6509 -56402 63284 -49843 74599 -28804 -85558 -31654 37692 41999 102275 -76098 26295 5232 -24197 73436 3132 22396 19595 -13323 -31922 23042 -40231 -10687 43331 -12883 -56256 14459 -3138 -40722 -50186 -93443 -87603 7437 64719 -106120 -37275 33835 -57270 -53673 -10282 -82735 -3896 26739 24222 20467 -60549 -78764 3559 39666 82846 -148756 -41857 27321 -92149 -51005 32749 -34348 -11583 22916 13711 5727 -63811 -192 -8743 36553 -32189 -123211 71048 18544 -29431 -52829 -54060 -44546 -48620 -53393 46806 65152 43130 4817 -129761 -36460 -8074 12277 32632 -25887 -32878 58499 190653 49533 78319 13730 -42036 25946 25354 33309 -47661 25779 -1330 -74707 71467 -23627 -19902 103098 2540 -79317 -23752 36654 -52668 -58656 23217 -845 -16282 -26229 95983 -19658 11740 52794 5192 -15371 -82270 -17374 103790 -31885 44931 67801 -44412 56978 34436 -107243 -38573 -59684 -53046 119573 98325 32074 -10766 64286 -14782 49718 -89188 -53907 15689 51193 9652 26080 -18822 -148871 47588 -13117 -27276 61266 -15828 33413 -21722 -871 -31142 -9818 -37539 13765 13014 56441 -16172 -23767 16311 -19317 -5113 -20404 66357 -4002 -148168 -39494 38864 -32840 59126 4296 7220 27633 111806 -108572 -91091 -7398 -75288 55193 -23347 -3476 31049 41241 -96344 -100996 -52995 86679 78931 -29420 -61065 -73176 -23648 -29397 -21805 60318 -40348 -74639 -57915 -21574 -14736 66625 -30086 -63839 11555 -66459 19273 -10894 -66049 -70793 -69428 18152 104303 3119 -24684 -39219 -2614 -21405 -52046 -8484 63765 -75916 27174 70681 -43343 26631 -108384 -46448 45951 -43967 -5894 -1353 13084 125329 69910 -27158 -14476 19167 -87701 -98160 76086 
-52459 -183533 30216 12880 -75396 -63506 2912 -166787 52461 124978 62277 1967 -47389 54235 -18168 76031 -29111 47000 -10454 -37021 140095 27853 -353 -57975 -67425 26150 -5858 -13049 65035 -109253 1344 36140 -16275 79484 -62957 -63097 2959 -35863 53651 -80848 -98023 48936 -37935 23886 12418 7938 -18873 40586 68746 76082 -98075 55509 -129395 63704 -98928 -5609 -62713 83874 35323 39681 64201 74993 11475 113223 -13989 68514 2571 -70715 48994 -11291 8973 -5963 55855 48784 -118056 -22966 51367 -2914 80268 41183 -102137 -24230 30431 40429 74569 49598 -18439 -87007 41616 40214 -56905 -79745 33018 59144 68647 -29731 2578 -122702 -76250 -9547 96696 23850 -62060 -34024 -49433 59360 -988 -7221 2658 -52009 29969 -94831 49386 -15879 14460 -100842 -92105 -5655 -79292 -17144 20601 68958 -72427 -35766 17851 -25859 -79375 -47604 -7654 -41524 53950 -8022 56761 8397 102944 -134554 5471 -92140 -1670 -22979 90021 -221939 2427 13907 112744 36025 -18257 117886 70439 -21150 -47574 57414 43554 -73470 48729 44295 110084 35217 -25036 10549 -88279 -162665 23012 128405 48772 47040 7936 -140286 -42767 30317 5389 -40690 -3006 21197 -2987 -23666 17988 -90886 41355 101741 3806 -2066 -96732 44447 -12221 -9834 25509 23721 138530 27798 29963 -42604 -24062 19315 -101228 -12289 7908 56022 -11772 80021 -13181 -23414 20549 101167 -47928 55774 -14942 -51308 36019 9216 54471 -4126 31166 -56104 128240 -9035 118508 -22097 -19180 880 -55280 55594 -16207 -33766 -140158 -91142 -29019 77910 48833 -13685 7691 -28301 58710 29624 -100761 -6609 -39932 22234 -62059 -29912 53734 -50236 -23988 -63567 27440 -87137 -46694 -95697 -7916 13776 -57815 1494 37127 -22088 29143 137053 30146 -4918 74078 -13233 -16288 -79277 29015 37283 -22686 48391 42592 -28280 -61188 -10989 34497 128241 -80720 -58614 -87989 4831 -42528 -90359 -17967 55310 -3453 49651 -25634 64678 -31646 -44564 -157342 -40953 -104444 72527 -73985 87119 -44150 -57624 -7303 94093 -33948 71362 38254 47894 
13151 -49947 127577 28484 15030 4899 -29237 -154536 -110242 28845 -7153 20406 -38539 -16983 -83753 30082 2819 76969 -27845 11657 62159 37189 -46537 16259 -60213 57902 -131978 22610 19188 57410 18599 -13987 -70343 -19568 -10418 56512 -32446 -119276 -57513 19748 -10559 -21704 -4673 -77130 40867 -18288 69457 -41002 -46290 -32920 -4919 80541 51166 60612 -50534 91903 -11082 16370 -115689 47518 14001 7832 58658 -43934 8903 -3706 -75840 14488 -5866 41369 110333 -91372 26277 -76875 -31880 -15455 -46146 2852 35695 -76778 -70196 156 62780 -24725 54670 102923 -32404 -38845 8569 98471 -31925 -82978 74941 144823 -100649 7759 -95300 -28350 -89256 45293 -38398 -155905 -12070 -4792 14851 -69310 -14565 76075 44864 -68670 46543 -54057 -6833 -46479 -123590 -15273 22728 25407 45263 -18818 55763 -56073 -63368 -59307 -48498 -128954 -22755 69646 62188 -22980 3759 -16731 68571 25600 -112309 5860 50110 -111354 116684 54984 -50325 17512 80199 53262 7279 35417 1488 -40075 18934 194295 56900 33152 -117752 18363 20317 -120025 30091 97421 -2734 63450 -42367 21272 -30827 -10842 -115017 5706 -121198 6771 -35259 -91062 58749 -69509 -70669 -126781 -55423 -48460 -48957 40597 51205 -76256 75347 -45547 100070 3267 -26172 -21720 208 2313 28459 -12390 -2990 -2923 73880 45587 43807 -21178 -78677 68766 -16991 52597 -9222 48708 -15014 -12040 -5761 -22337 -38099 20947 64065 33331 1308 3679 -988 -44763 -90056 8783 -42059 74113 15238 -115427 -54681 12186 -32679 -86886 39391 -113831 900 30919 1627 -82077 79794 19824 -18578 10832 21836 -71593 8337 -17368 55233 -178834 13600 -25027 11474 61217 -63983 6121 83781 -142604 28337 -22000 -27158 32799 41974 -57216 35439 -45042 87136 22617 -51043 89865 64051 -49649 45573 81613 107613 -83256 132646 -19873 -93042 -60146 -78266 57808 -10133 -54631 53143 45445 -5220 -12475 5412 129281 -81885 -105125 1507 22834 60017 22026 -36142 -6150 -47063 21424 -99710 -65647 -23383 -87262 -117635 -26237 -31973 -72353 17769 -9915 
40976 62055 -108085 -74290 -53614 -37910 96770 -4625 57930 62300 48516 83332 -57431 -50980 -24973 39626 -4454 5426 -23395 -53695 87414 85398 -67575 29360 52375 25240 45944 110961 -17347 54047 20278 75961 14155 -23429 -65271 43302 -19444 -12706 87880 63361 93348 1757 -16064 -26556 -21174 -10223 -20149 85214 27960 42422 95212 -25954 28874 15336 -83187 9088 30282 50480 84441 50199 -11467 130338 840 19629 -70193 -5449 -43422 61568 -66637 -37842 34533 -55011 23222 63094 54663 -16016 -39916 -71906 -56899 49476 17130 -25880 -20342 128330 94026 -34793 -35966 -67682 -101774 -44701 -59319 -45098 -10050 -30234 18651 -2308 -30673 27771 -4096 -98585 -93759 -35688 -45251 -23634 -34118 -38550 -61577 121512 -41539 30883 57017 -61533 -43298 62720 -60018 9450 1642 41892 -61539 -8265 40413 -5656 18381 -2670 150494 -61847 21053 -117873 -46086 -76353 3265 12694 93306 40840 71966 -47765 -11709 62082 -49955 117435 -25189 -80892 20188 112056 -44907 -11696 68541 -99311 -59459 -3340 -55697 -27200 82983 -35624 -110660 33798 -9251 11240 -59287 1571 47325 -740 -71176 -43606 -97684 -115379 -36911 -33547 -71757 64700 39094 20178 19846 43704 -77428 -90631 66455 -49456 125596 15060 16228 63985 103244 -28239 -80661 30410 -12588 21317 -125801 -24279 12425 59512 -58438 -69546 33011 85616 23999 -68964 6409 -33987 -18626 187 -74203 84567 -49426 -1438 39165 16797 -907 -14926 -23626 -48013 -103809 -15653 112178 28213 46118 -69344 95369 39476 -10762 72290 -25218 -17424 156424 -9159 87152 -28244 -38882 33733 -53757 72737 -1286 36818 81119 -40197 -20010 -28257 85450 -30908 -89848 71906 -45398 -31170 -15859 -3656 -39702 -21815 -20982 -106391 88626 49874 21859 -39274 -157081 -35076 -51695 -12780 19917 -38537 50138 4612 -8899 -11404 -14849 10871 -82282 -8307 -76758 -41521 -15149 9788 57450 51510 13008 26125 33381 -44951 47626 8812 41200 -58134 -7821 -57701 24617 -77551 -4262 42231 -138109 -62681 72092 14515 -5248 -36055 -13985 52759 -43652 73453 -69044 -94031 
2999 86037 -14726 -72478 25256 -7318 59328 91823 92161 -26364 13935 8573 22472 34718 -29639 20298 -12719 29214 41481 59050 -10419 48244 -18599 -74159 -93188 -45523 -61455 -124967 -72660 -32716 513 -15964 -117191 -37391 -15066 34331 -44883 55119 4093 -79380 82120 -29102 -103512 -8946 -1857 -49631 46932 8689 17654 -47361 57316 23288 6134 -26659 32810 -40936 -25883 34026 -65654 -14754 -11954 6813 4920 -78278 97324 59540 18070 47262 -49282 48096 -38898 83299 -43007 -715 36991 -106642 30143 7901 35350 24719 42025 -75761 43226 -61286 58013 2735 -52208 -32289 -66530 -23446 -31917 32950 91162 110348 -106962 -30215 -28880 -74000 9258 187411 -29618 -70107 13725 -105110 -88958 37000 33825 48452 39546 4538 56942 1629 -41855 -44622 -17020 62044 -28765 -41134 -43124 -72685 8277 -38292 -80862 -6947 44265 47322 63546 72162 137638 -33275 16153 -8971 -36397 97475 874 -6450 1453 47307 25140 -63572 12279 91352 61982 78513 4842 -98321 10611 -77681 -86676 -55713 38111 -69693 100425 31700 14671 36487 -108624 -86074 157901 -69331 56618 -23307 -20497 69069 19574 51211 -27069 13764 -120670 40724 38593 6931 -51191 37512 -30439 -63245 70659 -10565 113594 11192 88318 73931 42705 33729 -67722 113805 -124199 66008 39589 -58286 656 8267 41928 -116 88565 56579 31842 -6369 17328 -36663 33528 -83642 4350 38288 53793 -29135 108076 -15316 101410 -53410 -75339 -90285 60973 -126666 -71820 103845 -28745 3383 9245 -10512 -41992 45937 -36952 107020 80416 -15722 -12556 -10264 -850 -1388 103792 -71194 -121510 50145 114489 62810 80190 -45426 23379 28935 -54861 10680 6526 140254 27409 -66073 -9753 77826 83789 49313 16675 -64483 58589 -19172 104189 69893 -77036 -35723 -77459 15471 30996 -30108 -99453 -11684 65858 12486 46244 100031 -34064 -58662 -78677 8062 15299 46342 152217 -49436 12530 -35654 -5680 -8677 -28973 37434 7147 54310 32627 4230 52999 38344 -18257 28369 76622 -85198 -87638 -37882 24735 12513 18464 -118540 -914 143391 
67229 19496 7826 -29481 -116094 -5294 94403 82971 -8573 17257 -74849 58978 -36799 -22532 42159 -3307 -23838 -127978 -97368 96712 -45676 29058 54521 -42883 57032 -75575 -99864 73323 -15771 14657 20600 -731 -35577 -17348 -88745 -108665 142251 21951 15962 59272 49787 -187116 73626 -36751 11 -90291 -19718 68670 -12466 107954 13119 25303 -46793 20598 -58282 -225 -37576 15283 107024 26726 -47146 33832 -16978 -74498 -14740 -82641 14895 85188 -28605 -71965 19783 -72704 106302 -2631 22168 105555 34975 -34501 21911 -46238 -42295 -57242 -83864 -9192 95587 -29002 30968 8577 38358 17256 -107994 85225 -4090 -47317 17193 141934 -85825 -87988 15132 87946 -14182 -7416 35402 -29546 33992 1388 3805 9013 55507 -10955 50450 90505 -36935 -36225 43632 -96263 113957 -57124 109715 -153751 11839 110819 67859 -116097 -123270 16288 93947 -8998 68746 110792 113186 4365 36255 51171 64565 31808 75546 -13304 -40605 38052 -35179 -27201 39066 35942 40784 -46403 56350 -22421 -173266 -40791 38802 5913 -36345 -30990 -2424 6466 26948 93806 38652 34525 6575 -53319 -41465 41651 -85527 34364 18708 -25500 -47673 40607 13389 86424 -58434 -1344 -5233 -22322 -109295 -20323 73071 29956 20367 -3765 34768 -114130 -87088 45500 -14399 -32968 8964 -22946 12761 -55620 -17782 86895 41009 -46184 35199 6827 36181 65829 72763 -65596 -71814 -115206 -4843 -64757 11398 4047 30910 49225 43088 2622 -10428 19934 83892 -12030 -6714 -9797 22379 -73826 -42984 -53066 -16438 -55210 49760 -130825 10741 7066 -66202 56569 92734 -4934 60015 -39926 -9398 84038 73073 -17110 24015 48459 22199 -58166 24649 -36477 -59334 -5299 -72142 77408 30052 -75377 46995 -58592 -118148 29134 -34724 -36746 -18767 -20410 -96576 101865 -25213 88400 63171 60622 -78855 73623 -67026 -73525 88151 -6223 83092 -89548 -131505 98613 -16683 -11421 -15556 -113678 124066 123095 81388 -23203 -59839 32186 48176 -4209 -44315 77631 8364 88574 -19450 -71293 -58031 -31011 -23910 -129251 -15411 67241 38542 56349 
75011 89725 -44601 -26442 44576 81288 -44673 48177 -25213 77719 -6932 -5559 46931 29803 21035 96862 10474 41338 25820 56916 80871 33828 15251 -30312 -124782 85340 -47099 21982 52464 36872 15361 74615 11241 -81597 14656 17657 -31770 -1664 68231 172408 -12928 36168 -126791 62875 29394 14899 -42044 -43026 427 39974 -37101 -31560 -96381 -59340 19271 -79805 116669 20528 -1471 -17453 81039 -65194 -58918 46816 13579 86024 -6323 -118133 -1667 -13383 45712 -14486 23816 -87287 58223 -5703 68347 8996 51895 -70995 61036 28138 -51694 -29011 -103492 9627 -39435 65727 27769 -70969 -53389 -39300 -53972 -10761 8488 -27697 15507 18223 51402 20284 23373 -48768 58938 -95488 2999 -104582 7591 -109482 -62414 -56587 -31736 -99270 13315 8039 -35894 -59923 -8343 18618 -9907 1177 41037 -76062 -48286 1824 63849 14094 -33652 9624 -64206 -4356 -59424 -107627 30192 38511 -5141 -81674 47546 -18635 -31258 82130 -20426 11221 -37727 -5356 -40769 -25952 -52869 -29016 112579 30539 34696 39493 -63716 6999 -16008 -40973 33392 -17694 22611 33609 -12939 88308 94620 31966 -45927 -64542 52299 -16018 -19143 -100698 42153 -14071 59695 69542 -38251 55672 19771 -139768 11735 139516 -122036 -34165 -89922 27717 2857 21195 -8716 6250 -6092 3715 -102263 87803 -116607 2625 -71526 24935 -126333 -16432 -86899 -125349 -37520 81930 -3650 -45240 -139140 -18551 -56289 39217 -29129 150733 37497 26267 6679 676 31379 -9471 33918 -15008 -65947 -28621 29348 91318 32467 -22022 -66709 -40303 38744 11446 7345 -62058 148811 -46094 28621 48625 -5204 -104438 17022 -2558 -78739 109222 28088 -118105 97020 -8214 52144 -49339 -79567 63011 79828 -42754 -50568 106094 -58228 35591 -52964 40659 4453 -30963 91153 -20743 -55028 -34876 -8464 16019 88432 -21815 1261 54779 -45042 94958 10445 113167 -14143 -20815 -7821 -69890 25904 20130 48542 -34172 8474 -41064 -29473 -13020 10807 10338 9073 -63259 14145 151529 -89660 -38412 99709 -39719 15287 18729 -45725 86296 11583 22166 
41601 -64275 -57797 -87441 -13293 -71705 -15306 -33521 87724 -23149 13526 23009 -9435 15356 42346 32900 55305 54370 -65544 117433 32700 54049 -47311 36535 -68488 -137 -11751 9523 24002 223 48937 -27424 113625 -22185 -60084 -97367 7621 42310 59175 7717 42916 -3612 62528 6804 -64092 -9112 -104350 -16697 54655 60474 -82686 -21458 -64545 -17769 78554 -138495 74939 242 -19735 30490 36752 -18544 -58393 1261 -93618 149838 -39349 49946 49998 53767 98299 -84171 39754 101235 -3012 -36685 -32708 -32936 -47332 60344 23124 -53167 135831 -46570 54296 41885 19701 -20459 1689 1993 45864 -31302 57702 -120288 -124679 -36646 56820 -32474 119047 15467 -16263 19058 69435 77300 2837 -4712 -53840 -56589 -57900 -48343 55618 21552 6785 19807 88001 -113205 -81017 -63080 -5031 -32724 47431 -46206 18748 -73333 -2701 -17109 23220 -34723 -79884 -7421 38391 -40383 97772 24986 -77670 -13617 -88480 8506 20224 17643 -48875 52614 -121943 -37591 -33921 3650 26512 -21193 20894 9820 -56173 8642 1453 56498 -23961 89553 82698 -4387 -3309 27987 5665 22047 -69725 49534 -27835 15883 8820 -9845 -12693 27361 -4278 37678 -14539 -8959 -45768 149144 -49285 -48230 26611 60929 12749 41755 -144145 21596 20163 -54005 -26324 104737 27594 33826 -24596 -34315 -39990 29890 24901 74726 -34775 -35113 86301 -7715 13525 -21776 27023 12957 -30364 88034 4726 -78493 -101521 4658 100506 -25091 34471 -105939 66588 -85007 136103 73030 18292 -18940 -58011 -37636 -4478 9291 20820 -25710 18773 -15132 17230 49592 98565 23135 -88901 -87347 81177 -64831 -61111 43895 65985 108444 -2801 52115 -38175 -70041 67544 7001 -97645 -23494 51481 -29568 -125312 -84403 -46090 -79137 -38047 -38172 -38967 5927 52217 -16552 -113918 -42623 -6339 -14566 -44185 14761 -88856 7744 89847 -39467 74424 53869 -30149 45774 -35441 -10953 -23964 -984 -53432 87398 11395 67042 42962 13299 -52259 -76409 64680 42936 43178 55286 -66420 -25932 -40429 -29293 22634 -59555 -7641 132835 38275 26909 
7199 20672 -25459 -114502 31519 -19056 96180 58492 -131345 111303 138430 -10078 -9200 -52591 -5783 -30467 54660 -43313 94676 4386 46457 69084 -12373 -24342 -58979 59108 -22563 -48303 64326 -62306 14006 69996 -1906 -37844 -17470 -6105 50979 38026 49322 5296 -1529 -8567 138525 35674 -5772 -76260 -126752 -3224 -5458 -29727 64938 -95778 -35074 18446 -34619 -59245 -81268 -59496 -132485 -21697 65756 -1153 28870 24 -41585 87646 -22901 52071 9078 -58891 48159 23078 67570 63246 33995 -2447 7497 -2843 46664 -8325 24455 30597 7069 -47853 -23957 22618 11672 -39974 -16724 -53607 48658 23895 26532 -37760 23143 -57188 77645 13571 86162 -50708 57620 -12521 -3899 -26032 -151265 70490 25729 38381 147073 -110621 47325 150154 47388 -65801 32998 11390 -72165 -32957 -43818 -42650 16411 29223 -8017 17757 85258 -14666 -84107 -49121 -26600 11259 65509 -25321 48334 85855 -19613 -6270 58230 63492 73198 -24159 56599 12904 95931 -30604 -41308 4455 23688 -35916 17492 9831 14809 135921 101916 -27266 -82155 -42399 72218 2107 74370 44394 -57236 -69828 52815 98907 23398 35592 -42660 46473 -89013 32996 -71548 -67017 50763 -75821 27453 67049 1590 -20293 63603 10702 -16555 32862 75540 -66255 -17059 18470 -22637 29217 65715 -75685 28530 33647 -9102 29508 697 96657 122031 -29552 77005 -5867 -26195 -82180 -17678 79819 -1634 68390 -30848 -46560 10857 62694 -58735 -5544 -54722 1421 -83091 54932 -42772 -3208 -53165 21327 -37108 -23376 39365 111222 69456 17428 -14306 10181 32703 -110610 53260 -27717 -43040 36506 141094 44807 -58471 77965 8458 51135 -33506 -6672 -19588 21335 89369 -359 -71378 63835 -60305 59537 -74773 -44253 93289 -35570 -27459 37121 -104935 -36164 -20920 -97855 -85174 -33021 23106 4094 8095 136232 303 12833 17625 -6192 30540 2353 104144 -90979 -26279 -16852 13614 29 -16023 -74917 36031 -93247 -56537 112233 -27028 -79443 39856 5079 60579 -81066 -40059 -23858 10792 32995 48753 16585 71125 -880 -9374 27473 
-34890 -29509 73413 -9520 -47518 59629 105458 -97808 52644 -9114 14846 95604 64927 -16908 32170 5018 14171 32853 -29041 -394 -44321 31353 -6933 -26550 9352 39675 19203 81812 23422 -53137 89484 -4065 -84313 -7897 -50096 -29144 -2307 29597 -22812 -50101 32431 -106272 34536 5044 2383 -22659 69950 41627 110534 104458 -16761 -100337 -14520 38765 -91651 -2572 -36817 5331 95636 15011 19208 103219 24595 -776 65997 -92179 5775 20753 -62119 -97268 21476 57275 30361 -14952 77910 110718 -30058 -32119 62160 36766 -8065 75598 62036 6339 76332 -96281 51572 -74157 12133 -10646 -1907 125119 -60447 9034 124375 -2884 119087 -63847 33229 72492 25682 -30059 42705 4399 -57379 -19964 38893 -38498 -26226 -43436 -16189 -172485 -34001 -81193 17116 -37674 -16975 40526 -61328 -13268 -24135 17230 22315 -48439 -21182 -69572 16753 77568 -23394 -21790 17696 -33644 -32075 24032 96599 6696 -33683 -19326 -80327 -91897 31902 -45184 28032 -33762 15956 -79432 -25162 -87541 -33389 77208 877 -31415 6825 -58540 -42078 8106 47057 -58208 26832 85595 13419 24828 -90688 14906 -100466 -10200 -1233 67835 -52604 71275 11220 48916 34333 120722 -33269 -73815 87212 -29879 19937 58119 57896 -46546 32566 16026 12723 28773 28119 -939 -78344 42136 14951 -11982 77436 33301 21001 10876 -95966 -8890 1064 -15210 -11039 -29300 -80402 -26777 25611 26997 -28901 32049 -55178 -67245 -17586 111063 27809 27000 74420 26527 -12254 82020 8458 127155 -32006 -4220 -15559 -10597 -42411 176 -50119 -34353 21332 -5621 -80753 -68240 -89057 5581 -4758 80885 15774 -45223 17811 -114410 -12362 24024 11291 17536 31528 -11794 -53940 35342 13298 24794 13502 -23182 -44831 20444 -14719 19410 -21243 98875 -14461 74436 17372 23959 -76598 35195 -71648 10627 -45515 44085 34036 45928 84400 -12600 -39516 97665 99613 -10129 12070 -4151 -36996 6615 3571 60733 21876 57753 -34089 54855 -74848 -49440 16947 43109 -90489 64678 -51264 67312 26148 25478 -45405 20719 28919 -35776 
-90502 -39653 10396 -16144 128665 52125 11054 56899 -61207 -120900 -59532 -64212 -28160 134994 -87252 19911 -27905 104891 69429 69050 -144848 47663 71774 37511 127792 85823 80618 9632 -15006 130587 29247 51080 -49208 -90637 -157632 34239 69768 128693 -42848 37433 47551 30559 82191 49752 61221 -68528 71114 -2204 39510 -34283 -56551 -92491 32744 46282 67165 -13545 82695 -9568 -75875 -48884 1012 -6031 -13157 -21515 105407 31439 -5410 -140416 37282 89238 -9398 4390 -12435 29246 103651 -4796 18378 42571 54583 -31296 -15048 -10665 -28436 49505 -20481 70544 -113383 -197952 -17350 38 33030 42159 9461 -30472 -50225 16853 97310 50172 -120926 -20507 59752 40346 -50510 32619 8862 5376 43793 -50377 -1160 -46366 -12192 52508 -19566 -29616 -12968 68380 33361 -110333 -53696 -29082 28518 39031 43887 71539 76598 -97461 -70549 -117110 -91134 -10657 -19562 -20077 67100 55305 57073 -5927 -38728 55461 6378 -92401 -118970 -78030 -20560 -24130 -33836 191 45931 -86921 52610 -19002 81688 -14469 -13877 -2229 -30189 -12306 -38777 -70119 -73359 68028 55845 -11152 -83872 -72476 -54075 26778 -40150 -26371 -49684 54750 -104321 -37863 -44679 64587 11611 -33003 -7431 70907 -26058 -40829 -22796 -98296 -6746 6461 -22760 -42292 42495 -6617 -28135 31918 41060 94422 154352 -10646 -58414 -40301 -11036 159056 115217 5154 24300 23894 8279 -9265 -29599 106208 -3779 -39232 -19816 40895 24940 -8148 25236 -17885 -14697 -791 -11790 -8383 -45277 28827 -16289 92525 -52153 -48175 53567 15258 24013 1716 22015 39262 112140 -108413 -70411 -57977 -93859 24920 -50328 -16705 -21545 50799 43654 -85270 -31817 21552 -60677 -67067 42194 84761 -4974 -98105 -46636 -14993 36564 -13401 44414 -27350 123150 -1178 79879 23830 23776 -11835 -26946 60647 -82892 113197 14164 -4830 17699 89201 34933 48945 -93450 3155 -94242 48611 -107099 -26014 -55473 -14034 -111927 14379 -25327 -66605 11419 80587 -85861 -86893 101426 -30 -34160 5892 14067 93571 -63511 -70778 -16484 -96955 -35425 24797 
21500 -122527 -66046 -4050 -56646 40153 26364 53440 -31003 -3188 -40854 -30234 -48407 -41640 30757 -8055 60099 25340 -76666 -30254 -40552 4526 -31500 -986 -99956 6559 -72828 -14780 63551 76297 331 -64425 -37802 -2139 -12801 20353 -33643 85877 49736 -116825 7511 38011 -3813 -100476 -121870 -48390 5439 57306 49626 102656 -19256 -30964 -84371 -27836 -6303 17585 -13280 19841 -16003 80044 17064 -99014 -30376 48085 20974 78532 52931 12116 21227 51544 8957 -126161 -13189 -30323 70951 -86701 4708 -83249 -27904 34968 12938 -9384 -23498 -150738 -42612 -86899 22113 38959 -49177 6578 -32353 -58755 -78914 62385 -20337 -25148 -11300 -19698 131486 28643 -45149 -3100 -20948 -11666 75134 70375 3534 453 26061 76048 -8503 -8385 -113353 12223 46951 -37123 -29593 12411 56509 -15432 12336 31760 -131804 -18094 22464 125741 -82313 -101471 110100 -15325 98499 -27910 -34837 -23535 -4606 9822 29743 64508 -23435 -87674 -91714 57558 59884 -59249 -24937 -33462 -61143 15735 -67262 -53537 19549 29895 -5089 21378 -12233 91512 -7897 60932 -31239 -45361 48760 -67878 70650 -120600 -40104 6917 -119671 -34044 -65897 98112 1309 59058 98226 -34421 -49073 52847 50470 15596 -22152 32025 -70565 -32615 -76738 23867 63579 101676 -43676 8268 -16774 -18408 20504 6825 -27477 -671 -8301 -11388 -31635 -50264 34664 118357 106014 -51201 19921 28407 -45540 -21248 32132 -55847 -19738 -49630 23833 36905 60410 39734 91596 4455 17976 21503 -13090 -29705 -73037 14977 59357 16813 -5967 -12236 -34357 -82517 23764 -102244 19778 64095 -20474 -59168 -92746 24360 22893 -54870 22075 -75491 -49994 867 -30097 -64131 85757 83867 -50942 24747 82982 -24628 -72758 72658 -19374 41911 -13850 14739 -68920 69784 97772 11561 -122098 10842 -6225 -23559 6619 50190 -2585 18460 -117970 -10547 -71011 -45285 -42142 -13950 5754 -62462 -23162 68201 78938 43767 4121 40454 -32276 -10375 -64386 -50873 37836 68579 -9319 82550 2374 -9840 14438 40228 -20985 -24739 -60706 -42828 -39035 92417 
4030 34745 -66401 -75893 47359 142801 35110 42076 88662 -76487 -41809 -4540 21055 -162362 -71023 13175 10942 -11115 105958 -11412 -23796 -10939 -150098 69755 54400 -13064 -42399 -14243 -24965 103925 -73874 44553 -30522 -15280 -14758 -60968 44089 37953 -4821 86335 18397 -82917 -7518 33049 -45457 -78526 40555 98990 -22609 -41206 45989 -26703 155512 11923 -13126 -30130 -62851 68476 -24631 -110325 -21365 30238 -22233 29476 -80227 -47932 1406 -27781 -22845 -23911 -5882 -95158 -7399 1125 -115 -24879 51864 -35970 -66926 -50043 23020 101818 -20231 -16953 589 47244 11477 26612 -99151 -40008 -45309 -2991 34572 1648 17958 -25613 10779 10639 72338 56076 -29157 -69096 -83552 44564 -99035 -8206 -36453 150921 -45439 36132 42686 48490 -9678 -40316 -93294 -4501 10262 9467 -41249 115604 -775 -79206 6017 -13645 48725 -17210 92115 -67887 -64572 88917 -45054 21471 -7500 5801 81345 3867 46630 95011 7201 100691 72849 100400 9189 22417 -25266 34014 -84430 22709 44628 -9188 28430 43331 28103 -15143 -72676 17805 -50286 -95333 -28572 -41294 24821 44134 67593 -83922 92092 -2036 -31349 -46323 36832 -56049 54099 98466 4175 40316 48169 -28288 -2139 -8139 10892 68872 -20276 80284 -9029 8076 36101 -118816 -56258 31913 30374 -78637 34349 -66441 -24444 -63028 74257 8660 60523 -68618 -37820 -5186 -13862 -2964 24290 29703 -31242 -55759 -86550 26848 -38551 -27262 -40132 20719 -3680 -5379 -5718 67670 -31793 81613 -92104 -34919 144557 -103052 -67453 -135101 74411 15508 -73971 26438 -29900 34368 -27898 83419 75414 -9529 182261 -12352 -37853 90679 -4035 -15576 60375 45426 76594 33555 -75530 33334 91146 19310 -66114 76269 101136 27800 66192 -41880 83758 63793 36995 -41574 -54699 -12483 -45398 -13448 -22841 2780 -23176 43946 -62160 -116370 6219 -130887 21885 -117412 -46908 -28379 -28336 -19411 55605 26016 30838 -83324 -19951 -60497 -90476 65693 -61573 77636 -38001 66242 -37885 108853 165908 -34178 11758 20039 -35262 -59881 -74592 34687 -62111 120428 
96141 -46119 -76216 6883 -54121 -15936 -18527 86049 -118624 -25240 -14867 -13757 22377 -20771 17359 58560 84222 -78348 126086 48846 -38959 31283 -28376 -44873 18253 -73815 -37705 25587 23470 1807 59644 4807 60772 52913 22165 -89330 -15912 -24853 -27166 -9720 67664 657 24602 10255 37033 38916 -76658 112717 50449 15876 94139 -77388 -96766 29921 -59752 -30621 16296 -72433 38555 -24331 105288 -33958 8158 84138 -60834 3056 111311 64082 90414 -101830 -73985 7745 -41155 124805 -18830 -73010 -15053 -179 70033 -162533 134940 -33055 45982 45625 -18937 24393 7917 71770 -50123 -40725 4680 -12326 -2108 21889 5052 -25701 7754 -34444 32919 20969 -37410 60403 66151 43349 -8917 -13686 31135 -16885 65153 5121 -15415 -58696 80935 -57397 41253 33747 59473 97154 23804 -50653 -19948 9853 150878 19582 -23292 76888 51249 -44823 13805 106482 -14301 58450 -32683 -5859 -53413 -62925 17354 24408 -26821 -30206 -32526 5655 71979 -147302 44677 47302 -21272 -8698 5906 -73325 -21485 -64713 -53746 11416 15443 84192 -22426 68276 -105364 51460 -42071 -4387 17116 -3515 20557 51063 -29966 35564 15822 44983 9290 -47115 8790 28383 74053 -30349 -25994 -36792 -3453 -21492 -89229 -36125 -4116 -78809 -166577 19465 21569 -141898 -89200 -16516 12799 21929 99526 676 -31515 -8252 -2654 63798 -8787 80627 -59686 -78050 38849 -17148 -49488 103865 98823 -30115 -48703 -17724 -14124 79183 -24346 -18915 595 25979 50463 46982 61806 -63450 -22723 24418 -12281 66516 -65599 60924 41407 -43696 -15082 142098 -5238 -4545 19186 -27785 622 61559 40918 39100 20437 -9716 -100471 -40080 -2919 44322 50559 41752 -44214 55345 30027 83749 13870 -8028 -26898 -28350 -6754 21471 -23731 -5414 -28802 13910 -99680 -367 -79544 -61068 -90031 74109 93597 90199 10013 18905 27857 -40275 8941 30924 -16402 -6635 -31014 20892 -39183 -47224 79097 90614 -12636 -2571 -17107 -21858 -38854 -106911 -2033 9498 12128 -43347 -34659 -5586 6312 -28447 64237 -3477 19476 -47314 
-19512 -2940 -21127 7480 134101 84735 -38178 -67616 -88167 105372 -43861 -27845 -55233 37300 14291 -14003 -96702 85133 -62133 -126111 -21861 41673 73869 -17514 7244 30481 -31357 57209 -3968 146656 -100266 -112816 -92772 -21491 49983 23040 24865 19491 32522 53391 -137699 -60217 -80265 -16480 30931 -107634 23673 52908 -55333 11412 -44005 -1975 68969 -27456 6606 78416 11688 32543 -108181 44552 85334 -59737 -3425 -30272 38716 96712 889 -9108 -133155 -51234 -10789 -18619 83078 -31963 546 71261 25132 30622 31553 1796 9804 27994 42915 -57714 55158 -5389 1917 27242 -95367 23558 -91015 88595 10703 -62062 6657 3367 -4722 -5977 14044 56800 24506 9299 -41322 -88238 12491 61388 -116618 56592 22144 82494 34412 -28059 60083 -16554 34995 365 -72911 -11054 -43459 340 -22386 10930 105535 -1440 12958 -31563 -102329 -5448 -42170 28107 46407 4084 171439 -16193 88707 -64984 -1249 28696 -16512 89177 -109633 16392 -85629 -39723 -76645 1271 5094 -34945 -2274 -644 -44450 -11696 37397 -51057 -54925 -80112 27516 9651 92795 98812 25042 -27823 -59007 50455 -23951 -66301 -48786 -23599 -26636 -32669 1432 2199 -37596 18597 -132829 20986 36952 37013 5908 -55486 -41381 -54099 19550 6970 29622 -11294 21994 9983 44631 12682 -57667 62653 49035 -64374 -93044 -81009 65808 -37250 33414 -11252 -63311 -8079 -6689 -59328 -29759 -7572 4193 -35383 74366 12054 53590 9351 75851 14621 9945 23373 60259 -12567 -2617 76279 73069 74139 4242 -28106 -45865 -127934 23530 -95037 -4539 -44907 -8535 -76532 -87299 46632 -24181 2776 32512 17232 72428 -133829 -38648 -8905 25185 4836 28184 -83532 -55763 -53488 -57029 -39448 12373 14500 -8496 68305 -57866 -21391 45866 31049 16608 -49375 43666 -7770 12577 16376 -53556 3057 18216 1358 -16808 16173 -16652 -31349 27208 45790 86380 9077 -25840 -65306 23742 68233 -72988 48542 -80367 44468 46677 99740 -299 -8213 34812 90518 -26274 -2905 -32326 -41303 -54971 61536 20800 -82118 37180 11607 
34178 7973 88658 -37474 -46933 67184 54857 -78752 -104030 -333 -127536 30585 97483 39490 -12828 -22890 109933 -82284 38498 -26753 31357 -34126 -34144 17263 -159753 -15729 -34679 -63143 -35501 -9370 -53450 -59855 104761 -67778 5764 -33203 -17126 19978 58280 -5292 36678 137981 25903 39787 49363 -678 53968 -5029 -107340 -21486 63351 48439 45662 5576 -65207 71067 120356 68182 -27741 -62420 84741 -18290 -29896 14006 5492 -54300 -26594 -53900 -20875 -39228 72555 6202 -98538 107542 44203 -7817 -13519 48716 51574 -71599 -65326 -72282 -71394 1254 -4761 66179 -1218 31152 -49048 -37785 -20374 -17997 -125327 -23483 -14881 1127 3934 -5701 -4240 -44346 104638 14989 -64655 -29036 38063 32864 -5550 -78793 -4565 -37108 50616 -144454 30523 -12486 -170456 -4130 8787 -41794 -22242 2419 -23190 -72937 39160 -22625 -136365 -65198 34381 -53842 -15018 46885 -16805 -18151 19244 -1846 23957 36972 65072 -90441 -21059 50269 -104813 -41529 56904 -62306 44979 112395 -77526 72678 10520 108023 -84732 6374 -150673 5617 91743 -78897 -159304 128130 -67 58285 40182 -12710 -10826 -63687 -59342 69580 -1343 68482 -7712 -70177 -50015 24690 24291 20384 -36927 -67566 -16081 -49633 -12284 -17388 -23068 32529 -17891 -98165 76469 14546 40460 -4760 24936 -77809 -122063 80554 -17519 13141 -67232 6676 15916 35280 71882 -52168 -1860 -19344 33515 -51576 62274 -98054 -93640 -147596 63046 95780 84206 3915 -104452 15799 15487 -75311 4584 -21404 12898 11320 77145 -21684 -19938 -74391 34130 48373 57541 -10652 69869 19914 -67415 -74675 -81090 3835 -11227 25829 -75355 55178 -112553 9316 -32041 49015 -47481 104062 -7086 -80309 -28067 -57855 -36368 2941 -47310 -24635 84632 24418 -60779 71767 156569 -40608 -70136 31563 -69022 88669 11546 -10610 -87820 22032 59115 -92458 -5746 -7008 -7191 -42402 7251 -28719 -37518 -78956 -13412 11984 -37796 -62454 -41850 -61589 -27106 25537 -52556 -10110 -36259 -5917 -38797 62117 79700 18939 63256 -86305 6119 -79360 -81942 16042 2229 -78498 
47348 -89565 -32699 83969 17855 71384 -45764 -89474 -6246 -127744 -67512 50388 -14208 -39521 -98538 20622 44912 123756 17499 -40111 13515 -81245 -111045 11100 -59533 79178 102797 33878 87515 61644 28724 -6531 60683 -20734 -12257 89176 -15404 13659 -88364 -3674 55081 30457 155682 6913 -41099 43609 -51472 52460 13704 -100570 18314 -31489 86843 24005 7754 -21519 -2205 -30410 137332 -29225 21609 -19988 39158 -33308 27566 -16967 113097 23017 19175 -22895 -78399 -3996 11844 41528 -47732 75394 15771 -10469 -10138 -81765 -16232 -12187 40596 -36396 -19158 6690 -7711 39336 -24316 -91644 -17923 -87711 -66758 -50440 -29332 206 258 48503 32049 -8729 74619 1538 129469 53465 -75852 -86786 35031 -31346 -20294 -28655 -24894 71759 108916 90650 -30233 19441 -44155 -58215 -6857 74255 -187326 35393 60975 -115 -32755 4550 -9968 -103334 42880 98769 -19994 26387 133549 27558 -40393 54182 -32841 3384 -63692 -57581 30624 -40936 63036 63265 24036 -4878 -41259 -94067 -25420 18078 -47371 5603 -34807 21062 -9547 -8352 -73986 -55572 153 -31967 -123063 119666 8446 -99281 60961 -6817 -95634 -144563 -9080 61998 -110376 -110930 37988 -26334 -28305 -37781 -7286 -23222 41423 114686 -13377 -40423 65223 -1541 26437 7736 4474 -11285 30008 10192 -39061 36972 -14036 -56876 -34388 -108002 16567 -51170 22557 59194 -135040 -53229 -16665 -36116 22813 -17871 47039 -791 -25793 13961 39924 -22563 6436 16589 -26208 10847 1820 83339 52526 12133 75549 -24511 41732 -105307 7009 16703 -35260 4144 -86282 -42242 1141 -56017 63771 69356 -25876 55743 39163 28085 57094 63519 -48865 -44777 14749 34714 12929 -29219 -3553 61583 -43773 32036 -64156 6819 -35603 21893 14316 -30245 31132 -29188 27312 85644 13934 -41260 95068 67979 83610 -97533 18349 -45429 53455 24422 -53094 -47765 153994 -83499 18032 -108200 106788 -8660 -67223 -23756 54077 -44896 -15842 51570 -33740 21804 -1605 13869 -65416 -3512 14930 28382 71115 30399 66976 -10471 134822 18533 -40249 -74409 
89642 34288 74832 -36144 -68719 116837 -47528 -19380 93440 -45128 -55038 96193 -95941 8586 -37292 -3540 -3523 53497 -32247 5845 61687 -8745 24488 -29975 -23640 3731 8980 16745 44603 -42142 82714 -53381 -30909 -57459 129566 67234 -7376 92556 -82230 -45397 61446 -12247 17560 -11323 4539 -2034 23616 -11176 21082 -103395 107375 -37739 69361 11608 -33418 33673 18220 -45642 25625 -4836 39250 89413 7397 19713 -57277 -17518 -69529 75644 44212 54304 67996 -33469 20552 3967 36591 -13736 57693 -49568 90003 -13891 -29098 -44284 46052 10695 -5242 19347 -117554 -97154 90995 -30980 -51395 -113800 56238 52720 -9203 -62189 -23677 -16532 -25586 -60534 -25211 -10405 -3064 -37184 88996 124610 19413 18420 28058 38256 -29936 58419 61562 -11659 48799 -42069 -35468 266 -73981 22836 8758 44763 -3684 -31607 -17282 -26821 41712 -50416 22104 17682 3548 -13101 18594 -26865 -48809 9444 4674 1748 -118410 32375 9025 -9131 15670 70099 -59886 59453 43389 -126246 -100887 -4466 55664 -9710 -55254 37353 89305 52951 -36120 -86856 -6146 -11854 26501 34342 -5612 70387 8692 -26349 35654 94952 30112 25236 37067 28756 -24890 -17635 66404 35569 82941 -56262 24436 -30181 -103010 80093 13612 -29974 -6322 -23544 -149195 3560 41092 65018 -33875 -26759 -14188 -19894 19566 100402 -24196 -98761 -18948 -6557 3454 -1401 -13560 18155 -84264 -90256 49993 5382 -69697 107186 64653 -6061 43908 31039 45196 -66714 -6328 -19247 -3776 42874 94383 18779 -74583 65099 16523 -19897 41724 -69320 -55083 -688 -33332 33807 56758 4365 40559 49175 -11642 121176 69386 66141 -5657 -61388 -15751 38335 -38856 -87492 -70692 -5104 35717 -86491 5640 -71188 -50333 -5411 -85038 72963 1755 1536 45604 -25910 -71600 -3061 84508 -104275 -66288 4739 -47856 42746 -12175 99414 -30097 24683 92765 9927 -2542 -60364 103576 5876 54189 -81860 -24347 -83231 9178 22845 95370 1960 -29791 -27799 -117582 -38418 -48237 -45357 -20513 -84760 55575 23559 31389 117870 27435 -70615 
1291 11054 145165 101356 -7610 23787 -44775 18794 54429 -25142 109587 3198 19509 -14318 2573 -50611 -30396 7405 -28126 21589 90995 -23019 84408 -5335 20909 32973 65507 -45101 -33984 18595 -19429 50246 29475 -29369 -12915 33794 -125898 -5698 4036 19308 37231 76873 -19620 -87255 12756 50545 23091 -38153 -5529 -117228 53115 69867 -10208 -53110 141355 27195 83097 54402 2851 30891 -28315 -6298 3035 37454 46974 111518 -16382 -40563 100709 40832 24203 -15572 -46773 41204 56610 72391 -23073 58843 -36584 -33641 -17953 -85833 33586 55009 -74573 -8153 -60745 -82017 61352 49971 -52798 112507 -36319 51273 -98308 81381 -102198 163426 41533 15943 42184 57328 36474 -45729 -24845 -710 -87161 6494 1445 -18828 -5151 17969 27969 -3331 -3020 64337 7163 -84452 16630 -15381 34020 23827 3908 70610 51464 -124361 51995 50684 -92360 -60050 -152958 -47462 74677 -29993 -25937 25366 -73387 -22702 106115 29148 -14028 -78459 -44591 164824 -35757 4745 -8355 -30217 -61223 16380 124040 15555 -33999 21253 103026 15102 -23718 74968 2920 44764 -126220 89745 -20306 -50007 -31175 58930 -49839 9215 -55568 36249 53914 23085 84632 68162 110155 -27012 52403 10380 -10831 -130654 39958 -6317 -43998 22810 -32244 -38162 -29961 76347 -50939 49798 -110749 26855 100201 30378 -87974 -42230 -34765 46107 29560 -3366 -15935 38705 5390 12703 -8021 14104 101903 19267 -4606 14584 -51803 -56706 59021 -16012 -20753 -75147 61410 -3823 60518 -141238 -11773 -22952 22486 -105272 -12251 23940 56072 72929 -79494 63453 58956 -84993 -28409 29315 52905 -15143 -63427 -11198 -1782 93638 112753 37391 46844 84689 16890 -56523 49955 16988 3931 -14835 96987 -15813 18595 -135052 -48343 -75960 -27293 46134 -43625 103085 -11476 -50136 -6818 -45954 28332 -60511 26494 38578 11538 11520 38340 168518 -15324 -12295 73990 -38247 -31652 -105121 -30459 -12633 73110 -45320 45628 -41964 49024 -45983 28796 15576 -78001 -3165 -6525 -95362 17495 24647 31823 -26385 2017 93915 -74006 -24018 
-134690 -100760 42355 -39538 -45527 -8247 942 40064 -27445 26574 33840 -75546 39158 93999 -38995 -91025 61074 -33254 1687 -33061 -51878 -88429 -44633 73932 -80785 -11831 -25233 -73705 -83773 -49148 76476 61070 93094 9014 -455 6917 -76292 -11093 53476 -5844 15394 -11076 -25249 -55597 -38224 -85300 56608 -107990 -81788 64990 -24251 77878 13693 28918 -127061 91233 -17005 84839 26185 98487 -35285 11211 71524 40561 47379 50149 -3257 -20145 60649 81598 -49253 49164 29213 47457 76980 60321 8519 144363 -46646 84723 70016 -73433 6999 98041 129548 26285 70077 -5130 38799 -4713 10729 109312 31715 45935 -69972 -3575 -110254 -5094 -4136 -28311 57823 67217 -49333 -68891 -13972 84925 42963 -36937 51822 -34942 10119 2596 -49236 -46178 30178 9780 -76980 27033 -51242 -44528 -97261 -39175 18867 81067 91731 -64289 -55999 112313 -30762 -1842 40739 -53744 -500 92593 -7708 36892 17815 50491 87145 76453 27519 27223 -20338 12353 45057 42851 -42409 -50897 -2938 89256 -24852 -9766 -64161 50730 38935 -27916 -39676 62602 6855 -11202 -52669 -86540 -92951 31644 -53003 -2931 -21759 62946 -40891 10361 -34655 -55168 -20003 -101107 -39943 86244 -6262 19994 -21450 16563 46329 -102232 50468 40537 67351 -44960 106561 41684 -19333 14995 5520 57395 59646 85778 -71919 44688 -16623 15372 22694 83696 1349 -65251 9639 -26467 -2696 38860 -32319 -80227 84212 -27108 59101 43160 69458 -12899 14750 -11518 26459 -50783 90339 -82662 18809 22554 38911 16774 -18433 91997 15039 112183 10217 -65877 -55916 139881 -89974 68711 71608 100878 6626 -19557 -62872 -16243 -24848 -30864 -7163 88771 -50294 -87400 6285 30506 -87733 51007 -26661 102329 26869 -48669 -11196 64443 -10825 -32428 40594 -30252 33802 -53088 20179 -12817 19513 -35297 26621 -4219 -104702 -46625 13474 44069 25466 -35034 -74717 -19117 -24588 32019 102657 -41701 39109 25869 -12150 -21052 9227 19219 84977 -41662 38807 16428 -115908 37789 -85692 -105619 5049 -27064 -131236 5740 -47157 -30928 
-9162 93632 -70296 5688 2508 10135 45579 -105275 6534 51387 -31885 28930 18864 -17965 92294 -68119 -67448 -19357 35377 -161662 70037 94404 36649 -36768 39131 -70007 48911 43776 -66195 -20425 15422 -95311 -32160 6892 97459 52756 -53248 54496 39735 -4772 -63121 98894 -65408 -11858 -25360 -139264 116492 66719 20437 38451 -98248 -86733 -27659 -8758 -158756 19231 20435 14377 -24137 9987 -26544 79621 92314 19289 -6071 -30529 -45047 103612 -51400 64524 15907 117258 65896 -6579 39474 32422 65496 -96870 40700 -18676 23915 -21376 47660 59859 127771 -38912 12254 -39769 -9306 -20569 -5292 24739 -21324 -138062 71077 19870 -28461 24310 37225 37892 -59202 23141 52047 13953 12962 104601 -47539 -5524 -55469 25131 96182 -52266 -80039 -142101 -46923 -68728 -33967 -15383 -82152 -43178 35549 49054 2004 -37406 35315 -57200 -24195 -52248 -11435 -21285 21322 26646 -21591 -105493 -2354 134405 76938 29732 -102235 -28071 70088 -49421 15990 -19619 -16336 -4769 1878 8056 -41340 32408 -13539 -56898 -38989 -84450 80481 12017 43336 34606 43506 38290 -80273 -16440 -43831 50506 36467 -55553 -32312 46953 55386 12012 -59076 40859 46629 95699 -9545 -55750 107176 10290 -61439 -13784 3778 2637 9911 -100738 42086 -11605 -84789 -64506 -14519 6629 -15914 16763 -14392 -26583 10499 -8450 16778 -62143 34650 -17943 -28493 8738 -48483 19053 -31212 47557 37028 -34620 7191 -47519 8859 58730 7759 -7545 8506 57127 -113015 -54819 95443 58239 116615 -53879 -6663 77408 11564 9861 104996 -12240 65540 61997 -56342 -81003 -86694 28897 56969 138159 29836 19282 74125 97998 15417 55094 -5123 76005 -30822 49717 10392 -118935 95807 -18276 151692 90005 -50114 -12717 -75456 47676 -56563 14506 -25608 -12025 -61735 32038 -10839 -88846 -60890 -72947 -41829 16477 10071 27254 7774 8361 92061 98807 15045 9978 55801 -42956 -46156 -42742 154062 43433 23212 10431 -87748 -6362 46812 30311 62306 49018 -29230 64028 -68284 22738 53002 -105409 -3068 6659 -6982 23520 
-787 -16163 8923 -51324 11872 46046 -14787 -36579 -87126 -8682 95910 -60519 67155 -21634 -11132 81774 -50213 -7781 -3806 -62429 -32427 4004 -18469 -46660 12022 56066 3969 40312 2734 -47078 -43719 55225 -22867 52532 8906 -50436 -62884 -51564 7206 -13628 -6178 -54817 22426 -13540 1548 -17405 -2825 24701 59960 63300 -54259 -21332 11572 -15180 -8845 -48717 -41546 63125 -51318 -138326 -23679 62590 47890 37608 -5646 -86790 -18964 -8924 21550 -61927 -55065 30467 23815 76742 32725 -6983 -4637 61146 72897 -16692 56209 43729 31995 -70198 95390 36610 22807 73797 -15211 -82664 28338 45050 -20619 -34324 33106 -69341 81262 53877 43786 -29625 9405 46581 55778 37656 -41211 65275 10391 -67279 -19535 -106621 29430 43002 78967 -51031 -71967 66402 46784 13597 -11151 21435 23168 17287 61394 74836 127331 -64791 -77974 -3307 -93334 -7747 6264 -78272 31951 41838 -11930 -4299 12707 -55442 -24162 -8629 1186 -34744 -13021 -76811 19538 55715 -45731 28257 91223 77576 -71751 -70773 47567 -56559 26990 102980 86391 163292 -40988 77785 9892 3347 -11946 -56270 12839 -47004 29312 17690 26209 23139 -36166 -82237 2525 1441 43490 -27477 67420 79837 -25486 52869 31282 -61904 48239 -89092 -29149 -109281 65954 32386 -8024 47995 19649 22731 75944 104977 -7963 -49692 48273 -24985 -24626 -44809 69717 59718 -72896 -31623 -56272 -23223 83757 -28847 19434 -6631 50062 -105991 43623 -82258 4769 -4026 -5015 17999 77589 7165 -40367 -50321 -60243 -13455 -53906 55007 -89085 37276 -45174 -23151 -9974 44625 -77350 64125 -30013 -7533 9270 -66733 -56965 -43136 -55344 115375 -15444 46786 -20506 26826 29049 25087 70071 -140116 -25056 -41705 -41638 81545 -66188 -13581 -20843 56268 80677 102483 -48387 26899 18125 -117338 -93345 21024 14343 34762 -6171 89456 74223 48996 35557 -58467 11087 42028 -24674 -72960 51288 81126 -14237 -19417 -16344 -1028 -8656 58333 -122977 86750 12689 -25225 96355 69847 29685 -63891 15251 11950 -60459 39396 86210 -23661 
21638 -48041 93456 13174 37131 63793 -61238 46870 -57134 -12766 -12442 33017 -83169 -50642 -39410 -53602 52414 6964 40411 31666 -87711 -77971 37728 59939 76596 72157 -20207 18990 133876 13848 -35530 56830 -86573 -140717 19949 -34818 -13634 54452 50824 16169 66446 35655 32999 -62221 108450 64435 50134 28986 46804 -62241 -8204 -50940 50792 -14796 12583 29116 -61491 -123752 32267 -66474 -106285 72230 -47791 -529 -29607 -105381 -61090 1797 -62148 17234 39241 28627 -5169 -106235 70909 -75400 -108649 112863 -7603 77187 33597 9177 97137 19338 31134 638 -40280 537 -94389 -10318 -38903 -14159 -24316 39630 -66107 -13677 -437 -14570 -5189 30128 51340 -36714 45243 -12648 49988 -46307 13445 41717 -64630 10479 -18417 -36864 -22941 -63118 13814 82949 110399 2129 -47848 -60218 -42614 65028 42635 -125413 45524 -16937 10984 -42476 6943 89130 -31660 12351 -21938 58165 -3288 32529 -22274 22407 -17561 7341 -128750 -96219 65827 32929 61885 -75512 -14473 -164081 -10847 -31865 -16998 -131720 -28122 -26143 -45681 69722 -800 2379 -39799 51802 -87064 -14647 -103949 -183139 -66067 55172 56053 -56700 -23670 28179 106297 51782 -214 79193 -63831 -35846 16438 106190 72620 -26557 -60202 -34799 -6631 -6008 13640 20589 59791 -69359 -67590 5328 34691 37850 29858 -53253 70106 -101540 -25666 10566 -43499 -19106 73098 -23783 39224 -83387 -27952 9037 4586 7149 11546 74742 57058 22315 72378 -3506 -11611 34636 19608 32773 39136 -39489 22168 -38746 -15812 -91698 -38186 13768 76932 7575 -42506 -70192 45763 9460 -104012 -28522 31877 -30531 -53573 -31368 38752 39804 -90961 40900 -159482 74443 -53637 -51397 -26942 -2796 -71209 5845 -83964 44134 8892 -543 19921 -58653 6364 110027 108142 22743 84131 14793 56301 55013 -105140 -37390 25005 -50159 8575 -20980 -33482 34247 9435 53661 11992 23216 -55968 -8591 36557 -15261 -143054 9172 5652 18539 70005 -4973 -78235 -14026 67674 -21719 38895 -3514 76839 -70530 -37628 -76969 -64619 -36557 69173 47650 
61949 -77761 -20258 15255 107767 -47094 -10337 -25964 -43419 -15083 86955 18604 56413 3248 -34411 -9927 -57291 -31419 14234 -42147 26989 3869 170259 -44668 -106388 -54519 -5129 9070 -35479 -34512 -20589 22592 117432 -58639 4621 36196 87406 -142945 -5994 2969 86521 -23108 16578 56184 40853 57402 28291 -35526 -26547 -84112 -7278 30367 -6318 -30089 -73268 -4325 52728 30364 -13643 125246 72930 133287 -50961 -63057 57458 -32937 -472 73728 53682 56854 -12493 -20566 -153508 -87336 33617 -58992 4521 3222 95433 -5912 76142 76782 53697 64133 -58962 34648 182 45765 34101 62529 24717 -4924 -63173 21771 40071 16074 -36199 -106225 -82782 -41796 68554 11399 -13241 3706 47529 9180 -22393 71570 -51323 -73512 2620 -2940 -4699 1571 -19173 31643 -32318 59092 -58920 32511 -31794 48652 88687 -19990 -10743 -130657 27485 -10461 68210 -66653 -8553 -69333 -47168 2506 -39597 55729 102288 -15666 94879 -27972 57473 3032 -25533 48120 -12028 116463 34250 -54926 76675 88377 62341 154156 -13615 -30613 -24458 -63937 23081 69650 -48323 108727 84976 -43299 -89932 111959 52231 63985 26082 30160 -68068 -17648 36790 13618 -17324 14942 21057 -85480 -51239 4604 -18192 -46496 37697 -95625 -41874 -61141 -87840 65533 -22118 20088 32421 -15963 53828 -37702 -70001 -69765 45374 -27385 -117104 -1714 -48688 3438 5459 30017 48306 80650 7407 21961 -20751 -103719 3952 -118994 -47334 18795 -30238 -8558 -15279 53142 -37006 41500 -36385 -18709 -58351 -42537 76361 -3083 64491 112623 107292 -7699 40702 31687 59443 28113 -16996 44268 35496 42492 53854 104728 11136 41067 125521 -70424 -105145 -17514 56487 -75791 -77116 1914 -6572 37976 39528 99491 72595 -72377 -57607 72200 53677 -45125 6127 -23391 -5830 34484 -20865 62191 9931 -58081 -20714 53559 -13956 -16836 18460 1793 14518 -43933 14544 9034 -34761 -106608 25998 -22544 -67049 -14086 54056 51078 -156361 -6889 49102 22796 64121 -51048 18402 82989 25628 -28729 100709 134963 20620 -20792 -39917 -14764 
5148 -13242 -70641 -69904 25182 45174 10376 -15891 -32250 29531 1015 -60682 24019 97558 -2775 45590 61218 57514 -92188 -14754 27935 -17858 -49653 13575 28877 -46103 66251 50381 106505 -39141 22093 42173 47255 36851 10291 30789 -23581 -80951 9426 54439 -3432 44801 -68195 16300 11509 -38668 -44895 -25102 -5106 -32959 3919 72223 16855 -31201 11734 -24114 10164 3428 31351 5178 61121 -25662 -8755 13627 -29010 -91072 -45847 29415 -88664 7808 -9946 -13477 80788 26443 -148800 20912 -99443 -81814 -785 55017 38815 -50859 19374 -45300 -3848 23311 123050 -5255 -29040 -54040 49794 -63936 22331 -5842 -28884 -144604 -44153 50706 23546 -14687 41534 -12830 66959 15346 61968 -6888 74197 89881 -36354 -121220 14160 -42036 109267 -32123 100394 -4456 -9793 21398 55983 -4214 46301 -68849 3374 -87825 41246 60014 12415 51944 -45396 12426 98447 65998 -43196 22289 9541 -69609 -99 -47451 -18711 -30453 31535 80370 -14550 -7084 95521 -45709 35644 -2562 46775 50351 -126211 8554 -1566 -87729 -54638 -82153 -94509 50618 127364 -34681 23441 -33747 -21579 114610 -8136 -47488 88061 5052 -9727 -124424 -91164 -78799 -32320 23203 -3343 69870 23151 16537 93168 76170 -50375 51778 -33714 -26141 27137 -59581 141074 2273 10937 46599 8231 116267 -13015 -24963 -88009 69694 -21365 -109968 -89758 -51691 -85144 -42945 69064 -57025 17940 -11365 12838 -6182 51704 -18279 -17898 -4892 10387 -128085 -50749 14983 -64007 -118917 64287 -3732 46900 -7182 61405 25073 41762 -32953 -8471 38136 -73828 -55756 -35802 -65119 -21880 67203 89008 -25524 -58651 63842 -25573 36266 -12995 -78532 10910 67848 45488 -52538 9611 30279 -484 16697 32591 -3357 -58590 -29469 -88499 53623 -2644 -39346 -53294 -71868 30102 54092 57606 76306 43356 10103 93578 -83461 -30017 -7823 -38521 28575 -19366 -23377 -35264 -8120 53335 -5077 -43183 -5088 20743 -43219 -30782 27987 53741 -46863 45428 -81606 -75969 -81845 -19958 7392 -26309 -62175 64482 55568 -18097 -91174 -22492 -100369 
59629 -37335 -19335 -7168 50850 26614 36037 -140237 47806 -2861 39330 84261 -1283 -24545 -30220 13126 95583 27533 24060 -47234 -7153 -61036 -11631 -15445 28921 -7329 41040 -17051 41330 -25608 74958 -33284 -20591 -117421 3970 64312 30535 -20808 38323 110698 15341 72970 30914 110498 -41120 -4376 -75012 9167 -7956 -50195 -55811 -18394 -105087 61379 -26863 29028 -37359 20471 119435 29346 -32366 57530 -29936 114200 32533 4738 -3351 -26837 -8432 -3364 -6850 -47464 -100500 -135575 29800 -2390 46012 27562 -38502 -21351 -114701 -20038 -10240 47458 131346 -59802 -26952 -14557 5697 2872 -13302 -135104 -66223 -70937 23541 27066 -22991 -149426 -42784 55271 11622 -3952 -6587 17 -31531 63132 14593 139770 -51141 66551 -103014 -103471 -17328 -34453 29323 25701 -53709 -74750 61797 -46247 5023 186030 -38436 -76051 -82788 4611 75519 66293 -13192 5904 14342 50081 -69567 -24398 42044 -39462 57627 62215 11532 38817 21179 -18553 55308 18888 87413 -113284 70076 44724 39536 -50886 -135594 -7677 147095 51537 -48081 52894 -50763 -9610 1242 -56584 -14266 54600 -104990 -7867 3596 12429 15123 -49527 -57802 9839 15744 -16772 79201 9972 11289 -32995 -1831 -39786 62542 59432 41540 -20916 31950 -10040 -36476 104950 56832 -24195 -50833 87990 70019 36212 2367 22185 18627 -41918 110728 -75936 -99840 7923 7201 -9718 7552 -69662 10439 -18077 -116825 -35424 -11027 -75936 -88194 -25007 -18986 29407 77257 150371 -66785 -24800 -24867 -15916 -9125 -64975 -40098 25024 -50699 36619 -83515 21801 2584 17558 17881 27595 35909 15399 37163 55572 42868 -129445 -82327 34403 -19439 -25825 173361 -28218 16648 -1591 -131520 -14053 66003 20155 -2995 46731 49002 35677 3431 -38704 29196 -1656 -50218 40150 155116 39300 7034 36586 -31422 -25827 66855 41992 -23617 625 -28560 -24926 113905 -38440 -66920 39558 -61744 38262 -85568 -51482 87636 -16310 -113344 -8351 14498 -56793 96016 -53150 -87195 -16321 -42316 93596 125258 3000 -39394 36648 35911 8809 -51169 -79547 
54022 111667 -62776 -40876 -58901 27456 -19732 16543 35612 -70891 -62958 -57796 18063 17269 80858 20126 23353 7006 16855 216967 -56632 106156 11303 -3099 88661 -17793 5605 -54635 53583 17175 11007 23544 7838 33916 -40077 -75025 -56295 127032 14597 103110 68498 13250 33449 -45759 -51884 -109460 79477 -37347 -13671 31979 21198 3563 -38570 -55630 -73716 -85515 89475 10172 19225 -78131 23554 90197 -37234 -34500 31049 55517 -25429 -26222 588 9791 41528 13554 -35149 59828 10822 -42051 -12842 -23826 -16473 21254 23721 -132577 125464 -15377 42331 -3486 -51060 17860 75070 -78773 -7657 -23295 77585 23654 -65436 -15218 -31214 -65440 58601 6462 -31321 6726 -5799 -41207 -81150 -103881 -70297 24729 124607 5576 33603 44075 -83820 -31939 -64348 53820 50989 8878 -23175 -47324 -44958 23465 -58454 -16096 49034 -13249 -48006 -34059 31558 86261 20573 -15374 -30711 -26457 -107285 -116103 -51392 71482 -46249 18108 -128552 39191 32145 9406 15361 10982 -10889 27119 -53636 -84841 80762 -51399 -71471 36967 47465 -9123 -1068 48534 21866 109061 -55734 37329 -41392 -27871 29910 -31479 -31737 32356 100600 94778 77493 -36100 176677 -36412 -60258 -32867 38119 121515 35769 28620 -5495 -51700 -39996 26831 13885 -10060 -59922 9270 -22048 -70664 -64043 -7993 -20808 56627 53706 60002 20522 -22518 86064 -7533 19559 8257 35690 65625 91713 360 -7243 -53926 -40897 -35648 23392 -68939 22036 -31769 62468 -120113 77079 61851 32184 29088 20996 -26768 6515 -46952 3278 -39860 -64791 91491 39728 -15881 6978 44970 -35466 -24987 30898 38087 18404 23837 -4049 44682 -1704 14052 -67987 -6378 20417 -42843 24458 51745 15272 76072 22804 -43038 -51165 -35676 58892 16701 -164267 -87039 7933 63664 -133009 7083 -20027 -77389 92116 25695 -2688 61512 -27467 -102716 34921 29576 -64836 -26600 -897 -77739 30076 21202 72131 12576 44221 -68038 -67771 -10793 15992 -986 -3218 69915 1316 59423 -81284 -100130 42203 -506 49158 -48058 -45941 62646 -32272 32412 
47448 45992 56777 24628 -16252 104580 -67566 -64305 222 48891 -51261 -40223 47641 71805 48722 -49219 10978 -89121 2745 -120497 -23423 -16635 261 118251 52127 -91088 -61715 -34323 15052 -42795 135484 66872 62834 -24478 13787 24721 24177 10464 -49647 10283 29473 25650 48722 -56497 -40802 70615 25039 6735 -47363 -53160 20603 30867 -99954 33979 2232 -73584 10512 -27866 -34578 -26053 -103814 60477 -107106 -147633 -86232 -11971 32866 29273 -33571 -18918 -25579 -54014 -29313 152314 7299 -80139 100463 20709 29861 58028 -3247 -76658 10139 3696 124030 62003 -31844 -7835 -10213 -68387 -108602 7730 62177 53857 -76380 142033 -5597 -11948 -12149 -79680 7255 104420 16446 -41450 6986 66936 -20900 15612 122438 -44271 36430 -936 63465 -34601 -17305 -58212 11013 -63510 8893 39610 -138824 15137 89814 53163 50329 -102071 38473 104139 2781 9666 213 36762 -85035 -9890 1507 18911 18512 -4809 -35837 73830 23614 9261 -58517 7810 40204 78143 54390 -173251 -11186 50649 -2458 -25241 81757 -10139 29960 -34836 -38517 85968 -59356 87537 64304 37102 -150832 49665 90086 7087 3264 -37400 -5822 32043 -63634 71541 -21036 -105037 -54838 93082 -150931 -38081 34519 -90161 -10101 -19172 -96352 -49386 66826 -19667 24030 24154 46539 -41880 48087 23945 5097 -91109 56332 -88407 55791 23715 -28324 20345 -89871 -38146 -83504 -10171 53774 39224 -17339 -28439 -26904 -23158 104531 -78272 -30036 -39747 -37370 -6389 -123176 86088 54194 -113606 113474 19493 -18462 -63682 176056 62478 34309 71934 111623 -10571 15750 -4140 -28185 -14434 30067 60116 16058 26875 -52292 66197 14636 -72125 56664 33976 -39574 -65259 -44896 -36848 -2298 45466 33600 -34912 -34915 -11923 -32322 -94306 23548 -63053 23520 -49346 -41753 -11398 34625 -41083 1643 -36078 35776 -43234 -83158 -22958 16651 53735 -62098 502 36695 864 -4734 -3610 52570 -61328 59249 12210 -45821 53101 -72894 22789 2867 40700 -28030 66838 45362 -58209 -56596 -54379 64552 -81227 -53413 12393 -22292 16315 
-25060 27616 -44943 -30296 69682 3313 -8540 110025 -77767 -3491 48871 -34624 19916 -135985 21686 -50239 118359 -87224 -12227 -106775 -41086 72594 4246 -64522 -18874 -96234 -76817 27515 3223 6790 -7850 5955 148714 -85795 98871 -674 38631 24402 -22312 -10921 -61353 43939 -67663 3024 -17666 -24639 -39775 -66586 -52658 -8619 -32287 8339 45896 54728 22371 47908 -1379 53491 105688 33545 -61431 41106 -19370 -6331 -68346 37010 -51328 -42844 70130 -5631 33990 -63666 -43429 -15279 -67021 -24648 76398 -85697 27365 59862 47928 34469 -5038 45512 114706 -33083 11728 74597 64147 40928 -27370 34252 -2536 105255 54224 -5544 -13601 -35935 57315 -21263 85146 -6737 -63120 20429 -59450 119694 -36249 24255 16447 64090 -74551 -69832 9138 -9154 50508 71683 23368 -83758 20220 -40309 -141881 -32153 -37931 48305 92847 12111 10899 63894 -50472 -66813 -109140 5533 27778 -17933 -30162 -5647 -13577 14681 30060 51994 21585 9709 -59596 41976 -15983 24373 67568 79217 60193 -42014 -30513 9205 11381 -4595 -31667 19209 -3896 55115 6029 -52340 -16592 795 -11469 90784 81970 14642 38154 8026 -109968 11807 95239 41801 2470 -49801 -99895 110352 -45313 -20800 14586 -27496 4189 -30522 -3342 16350 93830 35305 23771 43767 -95104 -81007 25303 46720 -9720 21728 -30329 78663 -11289 -60200 78053 102637 -51534 -17876 169614 73058 54526 -41087 -35401 49158 20901 -9431 -22053 96341 95531 -34029 -4614 -7387 67148 10732 74563 -89091 47229 -87641 104179 7645 33731 49462 148761 -36668 39805 26867 43481 34649 -11745 3942 91699 8777 -85863 -59256 21188 -11652 -33881 96384 -44424 13041 -9602 -71239 -63221 -3648 -575 123894 81193 -71137 77501 -141216 -107217 198726 -85997 71339 -15845 -32381 -13002 -73773 -15988 -43561 -2275 -11997 -4278 76850 -40700 -41831 23846 -54094 5423 51343 -35337 27035 50848 15380 -29532 -93210 91722 -34239 -104581 17158 -14257 -27644 86862 -43420 -55308 -20270 19005 -81987 32467 -90191 16261 13847 -86960 -36188 39730 -23556 
-68563 -28282 8515 -28295 -22442 -110965 -24825 33978 20329 -72955 -55928 -3668 104636 -39564 26733 15968 -31281 -114075 -103067 117038 -39856 -800 108193 -4101 -17070 49675 -47588 -43234 -100487 48530 5444 -65006 126465 -33617 44479 24645 -48736 23322 -139765 48675 -13848 43180 -50083 -55103 58754 25590 -28984 -92990 16973 69283 -13524 41947 -61571 -34167 17907 44027 -20805 73702 15519 23042 -53633 14698 -31366 28765 1113 19306 170939 79121 84178 82393 34124 -5741 -48381 13257 -121504 11408 -11854 -67510 -56931 -88292 14130 -15323 -38833 67736 -90238 94614 124311 -23119 -106392 28144 53304 -47072 -100745 -74668 -3230 -35335 28741 2153 7954 42546 -12620 -7578 48139 104842 -79835 -371 -1563 -169689 -46909 30670 60101 18879 -16195 50270 78313 116344 -785 -87907 21978 80376 52253 -34843 -19501 13020 -40587 40877 -59016 33554 73254 51647 -31373 51666 -19644 45336 -90465 115614 -27851 -8966 -7971 -15126 -119497 -22678 109333 -107716 41317 38063 -437 35033 -7567 47226 18931 -64544 3509 185884 119313 59108 -122817 -10625 -14490 63513 -85791 41316 42786 -57674 -78614 -15197 -33369 -49518 61502 60080 -28361 24968 58995 -13729 74090 -36306 -20070 -7711 63700 33137 85971 -42125 21956 -42625 -41678 -28437 16018 63510 -96852 97086 21043 -64822 63002 28984 51272 -177831 24523 2121 -65279 -28811 -30597 -69184 -60026 72330 -103139 32510 -12052 -16073 17936 54626 -10482 42969 87716 -82354 24274 112941 -97967 -37968 -21846 -24376 19225 -67127 67859 -31331 16302 -57344 -78518 -2153 -64606 31022 57479 63208 9477 18 36203 -41913 -36561 -95529 -3536 29647 9687 5154 -30343 -110675 83745 89035 -13685 81407 29995 -119070 17410 -5366 143032 66607 9818 69889 40127 6592 178 -94194 79903 -39210 -68363 -5962 98690 45349 12669 43457 10319 88918 11503 2971 102182 -29489 -31562 45136 42016 47390 -3901 24243 -71497 10921 -70247 -44436 -51487 1520 59563 -73870 -7495 -68498 -11033 70000 56197 -22867 90830 -17100 116526 79078 -13417 93326 
1715 43267 -148176 -26507 88626 11368 -100103 12371 19831 -14288 -27069 38463 34299 -17335 -52733 -110011 18235 -146411 93446 -59609 114354 4862 99397 -76267 -34473 86920 -23236 52650 -4021 -450 -43203 25773 4871 -52157 7942 -51618 -83355 95390 778 156957 -19783 24010 -131083 57404 1396 19562 -30909 -51678 -37475 46519 -79224 -60245 37537 -32174 34067 -41397 73207 -104800 -60106 -49192 -1442 54746 47168 -285 24317 28917 1596 -15376 -78182 -33049 -33491 45070 -8410 -87741 61231 -86612 6952 -5301 -129665 27020 -54833 12629 -13149 4512 -84224 24954 52839 117489 -5785 -23922 -14073 42181 -28529 -34789 -27045 -73596 19594 15556 -57072 50624 3820 -19783 18498 43043 33341 9761 70273 -88159 -30674 126070 10819 15123 -42739 -7062 -93082 8524 -30540 30506 43108 -68819 -3998 -96325 3296 -7791 30492 55182 -90465 -2374 -11649 9805 -157779 2880 -7030 52252 8460 -15252 65298 -60749 -79655 -14659 58054 9932 553 23528 93368 -186181 -36523 -38918 -39476 3788 -65962 -15736 38343 37956 -93407 14745 17704 -96015 103551 -47698 46253 50369 -35468 94701 -13962 -87937 105980 51657 32075 93398 27888 25729 -3020 190538 73964 -32055 -24929 -35082 -102411 6540 17039 76853 14459 76246 -3056 -6693 9592 33853 -26524 -72112 -62909 66872 -54904 -34968 -4282 77935 -16820 -20506 29745 -67738 -27674 -5921 25622 -12871 15028 48819 37998 152239 20206 -39055 -76719 109569 143455 -77727 -7763 13665 -18875 79788 -11659 72821 94643 -23594 27757 47229 -73950 47750 44721 -61978 45031 1128 -25970 2904 -21830 2662 66860 -26615 -11830 -106737 -400 62406 -49856 9532 -6029 95285 26653 23910 -135503 104975 60224 18173 -25019 8366 -6329 41404 476 52187 2526 60049 77975 -61500 -77015 13385 -72037 -110134 -57391 -21324 -21392 81829 8256 -22461 -39664 28776 -10125 18730 67267 48545 -42947 29919 34714 -52419 -25949 -26561 69563 -100765 -633 -41287 85793 28909 45669 27111 59840 37416 26617 76451 -21327 69774 24379 -42445 -54232 53961 
28030 -1074 -3035 19263 26639 2470 -17760 -21453 -13201 -6146 9775 37150 24140 11423 46656 -29049 -58097 -75522 18355 42386 -91565 -10312 18570 -86088 13608 23407 -81401 97484 5353 -87733 82585 -11758 94762 -100324 63242 37478 30495 69693 31770 32827 48396 -56739 19979 -37544 -52095 -56136 -58903 54458 75045 60433 3371 77198 84698 -45747 28136 55234 -18332 -4666 -65053 31673 70225 28884 -9583 -44714 -26169 -12000 -36731 82362 -66355 41061 49998 -71799 -23647 82410 40805 14773 -8520 -22537 -33600 43602 81981 -31169 57652 44312 37251 51495 -63131 282 -56614 33029 -62254 10966 -24451 9312 14336 -49957 27308 21006 67453 -68225 30774 34162 37244 -69337 48938 -36922 56716 53432 20664 46048 51171 -63670 -120197 -39691 -10035 -15115 -115435 4256 -54871 -10314 -110028 33268 108729 3123 -10473 98015 7454 28722 87995 42875 -46186 -7839 -57467 -86251 -80376 111551 10374 10872 22592 -2418 -67087 50003 -46958 -41561 79491 64625 -13564 -9672 -11290 -72220 29421 -77321 -11817 29967 -48579 -57440 -14661 16352 146505 34183 38686 -121723 43524 -22400 -18732 66271 7058 25343 43580 -48380 7792 21011 11712 23024 -53924 -60863 -17751 45063 -19525 33072 89128 -48627 -105949 -16552 41493 -24293 -95099 63671 -17764 65760 67312 76713 -26358 80625 -115966 -17015 89436 52448 9802 4349 -72206 -38068 79771 24567 -2864 51278 -3671 34268 -24933 78478 -8000 11764 -35821 -41548 1475 11300 11943 70684 87207 4151 88948 -6426 130065 -1769 106015 9711 -50281 -50877 25960 38635 36478 25193 10793 -55514 23214 68926 -64980 77314 49365 90962 9861 87873 37195 -179328 -46602 9645 -41596 23822 -158462 12067 8302 43119 -36050 -3823 -19879 136449 37792 26307 -487 42286 -6775 29870 -23845 46731 332 -18691 60696 31345 8161 -18865 -14191 -59519 108766 36888 49138 -8126 -2119 -34124 54390 31208 -18592 -36907 35825 30453 -82830 -9488 81601 -46320 38004 -50218 -80936 16418 -10295 20970 -21610 -22008 49989 143504 -17381 13091 
-140492 -34464 -57898 -67719 14528 42570 -22098 79260 112968 33715 19431 -70010 2396 8398 -10962 -34491 55652 -34809 80648 46814 -6249 -34695 -1866 3625 -28453 -18807 -8603 68365 15862 56287 -63658 29849 37183 43658 -32842 -21942 59472 26371 47322 -47052 27812 75701 32205 28910 -4180 -17058 42726 54220 57529 -86645 38771 -53352 -12106 -21035 -72031 -65907 27394 -59090 37322 -62928 9161 -55122 77134 -18636 22190 -31351 72132 21572 62989 -30068 -44680 100999 -74925 12297 -5336 -61991 6598 -5025 18199 -17800 146039 59313 -3995 44835 -40600 227 24306 4066 -10474 12969 -87057 59985 44887 -9662 22284 -40770 5385 67018 41807 -72236 -153055 58557 -2098 -20336 -108893 -16193 72778 -12331 3576 -109887 15720 72920 24228 115025 111830 14468 -55831 3627 40660 83058 3528 -32976 61409 39553 222326 25292 -10602 -1935 -104484 50955 -21309 10808 103268 173167 149513 84457 29502 60628 -36588 -51109 32433 -53056 -62402 -48511 90007 -90431 73900 48832 34219 -54851 -109449 -16503 25535 -69844 -66156 50004 128370 -33710 37913 27132 -72063 -26626 53344 -72004 24911 -79628 -33742 24341 -13542 -45437 42009 33038 -40629 -30517 20957 28245 -65673 -5730 73733 32728 5405 -12384 -31760 396 11894 -53252 -15503 -151431 22973 57092 -23667 24867 -56304 14134 50978 54316 77144 -64699 76843 22786 82352 8773 62845 -45171 997 72451 69811 -60755 42485 -43049 36664 5916 -21103 -31902 -118323 25399 -93656 -69827 641 22340 81134 -16414 56448 -5869 52274 -38786 45558 -31940 -35835 -25876 -63754 77485 -26652 33677 74800 26975 35190 19068 74279 -21071 -80313 35006 -50634 -21264 -45433 34933 7538 49531 -55195 88296 -67591 -33238 106713 -55179 -34096 24423 8553 -21330 11473 -73493 -24920 -43385 111836 -34931 -45788 -48075 -96864 95901 29770 -21346 43113 -82698 -93459 -34283 -21309 153680 -86033 46143 -72131 -18440 -31075 -31117 28461 82491 -27383 51351 -10489 -90045 97370 55121 38691 -126441 -43055 36257 73877 1419 520 84317 68419 -4685 
-34347 8126 37509 13822 31601 -21272 -20176 -5825 -47794 21266 40811 12415 45409 150260 26847 -29955 27579 35867 -35340 78027 100537 95399 88957 -108103 -94508 4503 10009 -63644 73234 -12464 9521 -79875 -33819 -7605 17800 -16304 -25125 -12217 39222 52660 -6886 -135681 -5223 -11022 789 -45699 993 23368 -39334 16613 14257 81592 46914 21649 -26247 -18359 -12546 -16135 -125671 85360 36555 -43383 8963 25998 -30908 110082 -40085 -88824 35191 -10566 43183 16719 -10144 30670 27071 -14066 91025 12653 -505 -52447 -14287 -15100 -25928 -28236 -122054 123885 -5711 -74169 -27149 7076 41039 42509 -19449 61253 6091 -49269 118496 42007 77007 -26794 34444 -55755 -80515 -137032 93653 91345 66333 12747 -91363 118531 127121 34883 -37179 -45356 -16300 -54203 -92116 -211781 37940 -13539 104585 69412 -38276 12631 -1253 -28207 -26853 -15328 23041 -895 24548 9275 55660 99824 20407 876 -81210 1405 46293 -47662 -44041 -19815 4924 21715 16927 -30229 42196 -47627 7153 61941 -13006 128393 56835 -8527 22947 -58464 1776 72963 20116 -1701 -43748 93732 53207 35619 41480 -21709 -18633 91235 3329 -77503 -78126 -27149 -26229 -30256 -18324 165341 16511 40507 162984 -15525 59246 -36711 -65190 4955 -7409 65947 -59508 870 6989 -69247 -15457 125367 -19607 -35772 -72650 122370 -13146 80148 26076 67022 5257 -59846 -18402 -147086 -105211 48151 -31477 -23754 -75932 -2737 34449 29808 -52452 69539 -53928 -19171 -6928 -25230 -47293 -24284 31596 -43993 -17170 -67193 -75666 18525 12873 72731 25368 -58007 -22262 -105287 -930 -11970 -14279 -37412 -88826 131124 -10330 26923 -34252 16212 8384 33135 27307 -40009 29748 -13622 26742 52150 38054 -75144 5725 -11247 -41427 75929 32628 -36233 -71769 102813 -45776 48765 4070 90018 -49546 8195 -14097 -3560 106035 -28929 53059 52334 -110229 14153 -54420 67519 -27812 -18909 11574 -46694 -59034 22419 -17158 -54342 -842 -50273 13372 5310 -48606 -92426 3143 35259 6086 -23205 -45003 -85358 -58975 -114184 38732 -111522 
61073 -51802 23229 15696 30388 38029 56546 57607 -5749 -23163 63145 78408 -4997 -51611 95070 7023 13621 -122731 71869 -14964 4535 24295 -27666 92550 30536 -58673 55298 -19139 -137426 22576 56860 -7668 65359 -51537 44900 -125531 -109776 -9717 -112005 38060 148902 -15695 44445 -37434 42948 26469 -4673 4188 -33808 24910 20920 20540 -17330 -3693 -54528 7931 -83600 83814 33066 47646 5497 -7971 -20220 -5398 -67599 -49308 -17352 39008 92097 44456 17454 -66519 -53712 -7687 -86773 -22803 -1820 -20494 -162803 -80865 169 54709 -48823 2068 58061 20116 -46518 -36450 89326 93799 34216 1870 111641 57444 -93141 13385 30785 40129 146639 -63976 13983 -44560 -97938 -4620 -94563 -13193 -94950 50037 -54053 19713 69547 -66259 -12319 41634 27582 61229 72000 -77093 8084 25178 38463 -81146 18150 57018 -78944 82851 -60818 -6789 -664 -62765 46711 -20912 -26245 -17870 -72249 34544 -70939 111451 80091 1262 -10936 46698 -27220 -52786 30129 -7369 17438 -13968 -24570 -9051 27832 34000 -83640 -13740 48825 69924 -101542 -38575 -49655 -57715 -39380 8242 17568 -23273 -11272 52267 -41069 17893 -96929 -56885 108332 -33491 29967 -43486 65910 62987 806 17291 51240 68775 -13119 -10309 -129490 -23742 -586 7988 18330 -58589 16602 -19310 -22823 83366 50697 11139 161260 21674 7821 -11956 -24882 57420 48929 47004 -39685 -18934 6040 87727 59006 45334 91482 56363 38308 56273 -118420 22607 -20934 -85314 -23884 -48109 -6958 -42013 -14275 -88577 68434 813 72344 -15604 53855 99347 -73217 95072 73952 4174 72419 -20461 -13915 43682 -59576 -53993 34369 -71550 9386 51827 62284 -118741 -129170 94176 30843 41542 -72970 42514 107411 73246 40099 -45375 52672 -33282 -43833 27512 -113872 79946 -12551 33453 23941 -35470 -39362 -11782 70072 52136 -94656 -58998 -48650 -50554 -14996 19397 50049 -69973 54672 40420 -45012 -69511 48893 -93946 36981 27959 -13935 33839 24389 -28259 -15765 -81184 -53220 -135707 10533 -6936 -40397 -56459 34543 -79532 86447 -19598 
-4009 -98991 38332 41035 86608 -23423 438 -28381 -46256 34766 24000 -8879 8182 -52378 125242 -76091 -35442 39350 75862 -39709 -26551 -26357 8625 24017 82434 -73131 -121538 -7974 -3560 -139451 53544 54435 -43625 82131 78506 4149 -56956 -58956 -14309 -114594 31821 31436 63590 63261 25115 8202 -25203 -63057 50795 40804 -5613 29428 32764 -32048 75342 39645 -61020 139249 6680 -36895 64710 21558 77793 -28895 56423 46057 -97614 53024 -140807 18773 -38403 -6217 -112425 -12263 63666 5457 21378 22252 -106074 79225 65804 -26242 -53081 23041 -15406 -27308 47512 21505 -10429 57070 795 93429 1845 20742 -74699 -105941 49195 -3866 55089 106728 81360 34940 -30763 -82207 101156 -31607 -21010 -16296 85362 -18141 100901 55241 -94086 2268 -34028 -25394 -97790 32002 -9518 -50216 -30964 15330 -26544 10930 17970 6285 -34170 -37743 33779 -90347 28299 -126138 27787 -49600 39177 53815 -9130 -18015 -28088 -55630 -4621 75903 -119149 -39929 49823 95194 49998 -55998 -3261 -63098 -11049 85174 -8875 62703 -29850 -14300 27276 16569 5589 48188 -26998 29647 36631 41331 1915 91066 66446 -58973 -95203 31447 -30122 24313 36651 -50704 -12515 80780 56240 -39975 82552 -62397 -10968 -79130 -45462 -7886 10833 10480 31325 -11213 -62796 21332 -7480 -8046 -46794 30211 39941 44801 32321 47907 72367 -129854 21092 -43797 -20379 -18938 5622 25267 -13169 -37326 -100406 20267 5883 42368 6892 76642 103190 -80649 23653 2338 -36822 12390 -69767 -32176 88206 46772 -16886 13151 -12423 -33762 88861 -804 66927 9643 -109565 57210 31324 27539 -22303 38698 -77510 -61040 -118507 -29024 -37660 -40503 -8839 -39055 -70919 -123608 -467 -11629 58472 -13599 -2047 36746 -7672 -32938 -69084 36386 -46234 167177 12958 -67123 -4645 25862 -58208 -17509 29521 -54295 -1668 -42478 -14403 -56162 -55651 3816 48824 -50427 -23340 60844 80451 -56709 29679 -7007 96168 7721 -43480 -54194 56726 76773 58457 -36418 -10011 33632 10649 40926 -6187 -63255 32002 75938 -102569 21345 
106493 21138 -108158 -58872 194481 69400 -100232 50658 5469 -6615 -55525 3991 64917 -99403 54179 -57172 41418 -85325 -7533 51127 -39026 40466 -8741 -12498 3920 -146202 73565 48089 -5231 157792 1697 52191 44605 -21840 3337 70480 -89108 26140 58010 20353 148795 -98579 -131713 53105 -33026 60995 -21147 87049 29800 74827 -3957 21713 20656 -622 -31141 48784 -30727 -30165 -91988 117669 30584 177479 -44262 100683 -104205 39889 -57463 47964 -13530 1377 -84652 -47385 -68269 -29690 12590 -42473 -1887 -90932 43522 -52816 20829 -4949 -59496 -122682 -27876 -68689 50790 -6448 -60184 3391 93642 53331 43031 -75727 -49825 -3921 31014 29543 64272 15285 21005 14473 -54216 -37124 -8473 23961 87286 64248 -50569 -43237 84387 15748 49265 56759 21643 -37289 -45554 -68609 49183 70745 68363 7687 89865 -81395 26429 96247 86455 -11353 3417 -18663 114703 -89284 -6227 1834 -656 -32780 38602 130770 -10146 -40017 -83112 61525 -8868 -20320 11903 48901 122006 -47421 -93389 -65737 -3248 -61350 -36253 -10549 6509 5963 -85321 -17013 30746 -49267 26445 80268 -4184 -53537 37303 3884 -21166 -27771 1810 -35481 -13686 -66148 -24100 36655 -75983 20265 70304 46451 -46457 7159 -133404 69616 54666 -54309 -14496 -33581 22530 32117 -40808 58450 -22964 -14351 -107017 -92606 57817 17567 -34546 21932 -30925 -32286 -68021 34204 91681 -36152 -46579 31433 88694 35334 -86711 101997 -41314 141664 -147292 -20288 27011 -2270 -76851 87162 -39517 19171 86967 66714 32800 1448 19329 -63447 -47061 75798 34029 -39 53492 -37387 76463 -50558 -6316 24892 -33139 -29237 116089 69281 -33795 7825 19665 57949 18149 64711 -28506 16431 -9649 40673 15719 -55599 20393 -27281 -24935 25844 -100994 49883 -88516 -122271 -71795 56151 -52032 -2359 131624 -37807 -104837 -1795 34604 4814 14388 56794 -11890 72616 55501 -66694 87927 146083 -5369 -117637 -70257 20035 -93048 -49279 26053 16664 16565 58526 7295 41299 -65087 -163048 -95775 63526 1227 -31869 160671 -36821 18496 -14410 
49916 -46569 -8537 -67525 -26146 31389 -18699 -52389 -107961 133156 -20453 18088 32877 -15537 -4112 57140 -61786 -11863 30139 16718 -40762 -26086 17044 -16608 35171 -1366 -30923 -85235 -24496 -22775 -68180 -25609 48262 -19140 -82546 -34090 -137841 -49545 66929 -13765 114693 -46182 -22309 35936 -1890 93 -60674 61829 45433 4124 22249 68568 -10111 30155 -118209 -70257 -8975 30320 -45034 62399 -2430 54747 -19764 -24598 19780 22406 92704 73448 -15764 69997 -69421 -20485 -72092 57822 10686 -35261 101905 -49743 15939 1541 -48345 -5333 -20674 -190123 -5625 13643 -137577 -14083 -24990 32743 -14146 23500 -13813 38075 -105338 109915 111393 -28565 -30782 -64494 39564 15641 -15229 140375 -18210 22098 -157072 34402 -90131 -80456 89463 -151682 87279 -35157 -10678 -42712 -62193 -20077 1959 2847 -59788 13957 39165 14481 -44134 53824 -36968 -19966 14380 17425 12822 -60705 -18808 10603 -45625 64184 23111 51206 28836 4833 7697 -391 17480 -100178 53933 -57952 9236 115296 140891 -8496 -6167 -7975 -92471 36399 41655 -82277 29005 29161 -28721 33097 22994 -34622 5357 6488 2241 44582 4304 39802 -30146 -120816 4882 -6680 34751 -47703 -107215 52228 -51242 -40333 121413 43697 -32789 -30383 -5257 10482 93676 16647 -55878 49639 -50296 -6718 -4892 -3277 6209 118567 -3557 50134 -27298 7103 51329 55231 -998 17619 78589 6111 26185 -36065 21050 -42361 38138 -106182 39424 -18676 -78832 29922 92045 62732 -61054 -20439 1841 -680 -10805 -28745 107708 45528 24364 71609 26623 -2004 -59399 -2202 70848 93610 10812 -95033 -95796 19936 23437 -83934 -36849 73331 -65203 60230 -3996 21833 -5979 65891 1577 37159 -59752 91550 -27081 2424 -23711 44779 -11692 -6866 -22353 -71097 3488 53048 -52324 -104194 5632 4901 63899 -53037 8787 58831 -82376 7543 -6179 -85669 -3204 65229 -17682 24832 -75267 60269 14222 -14037 38941 -4215 -56598 38510 -63011 -47225 72116 -37031 -15059 -35955 -11036 35473 -895 -69928 58748 46410 73300 81547 4943 -12563 
13253 18403 4388 -110676 -66784 21227 82620 39569 -60199 16401 -36725 15076 57484 56655 -74049 -80172 -8741 -103258 -20977 66472 93782 129033 41403 15371 -55345 -260 -145432 52211 -31520 -64605 -25914 81792 37812 -50324 -48428 -10577 -54480 -25401 -1738 92192 -16569 -18249 -9836 -27611 20417 49693 28507 35772 21629 -55910 -12889 86687 46642 -51672 56481 101693 10314 71394 -8789 38605 98604 9936 18295 -1599 57160 2009 45355 -42192 -62190 -36294 11007 -11718 19967 59270 -61362 61940 -139765 -60223 67393 20368 116430 -35039 -1526 20592 -107566 -26317 6581 3650 -81969 88951 4138 114568 87187 -12648 -36254 -40935 106942 43049 63702 -26457 36134 -44096 -34061 -92844 -43491 -39444 33822 -30111 132328 -62483 30649 -10617 -61073 -31313 -96536 32962 -31805 -22185 -87067 6908 44397 -23533 28819 -68799 -76194 -65696 -30417 108660 52694 11069 -1799 49128 -13817 -22879 -150293 -9493 -42755 -70922 -18476 -52479 -31403 59984 7214 -65581 57675 67668 -57618 87791 73267 132698 76148 40255 -55553 -30554 55701 -31313 -61012 93156 53844 -53633 2121 -25333 42856 -32476 50791 55122 -17461 9410 92967 -44832 47731 -80506 46314 -16098 -54072 -77849 8777 75542 96338 -68282 20976 38040 95528 -17138 11969 66039 33135 106030 -41136 61853 2777 -54291 -50027 85217 12942 85402 -98291 -54882 -36549 -114780 50985 -7387 32342 32555 57699 -102059 17225 -63822 -10636 10758 -101486 -49921 -37663 4315 11887 -59410 -55904 75571 -36046 36491 131895 -8005 128849 -10221 28428 -117367 -22763 212482 99301 58455 -37609 -88459 46736 31319 41035 -103432 18532 -52374 -143037 -14327 -78308 -11755 -74977 -59208 61855 -78119 18253 -29193 -13103 -53142 26630 -11680 66898 -48460 32615 26195 -66107 -41341 -95373 15 -38041 57072 -46742 22499 109907 -66326 -50471 6823 42022 14554 92455 -26392 -6855 -48773 35724 4730 8255 30622 93334 -47681 -16136 -55800 18236 -7603 -30377 -26238 -28609 5781 -45637 -34868 -16327 -7147 -13922 36841 -33205 -39784 40790 -86253 -23924 -67131 
12386 6545 70383 -56413 -17629 27575 -20844 13018 -44746 -30752 54364 35484 -2286 -70267 -73863 266 -35252 2475 -50656 72850 19178 -2273 47800 -20322 -69344 16355 -17292 -7383 -17369 -44554 28656 20574 28790 -10429 7592 -94105 68912 -26784 4528 -33445 -2711 -101314 -1872 -202 102 -41346 -120263 24242 -51261 15327 -18586 55967 -56709 -116358 59783 -51106 -41519 -82329 8689 -22278 -448 3190 -64533 92969 -59285 20059 -51109 -37203 25866 -66648 51196 22598 -51592 -34089 24710 -21867 15505 -19767 -1190 -3495 23075 61155 -30575 -38297 -66879 32609 3171 23731 -48103 28260 45316 -73096 -35079 43661 106133 46715 15504 -46095 -28339 -7676 81370 -60903 -91705 -28394 65486 -2632 -91823 75077 -7920 -27570 6813 -121532 5889 -58004 81539 -9108 15688 4316 -47712 32461 44482 -67276 -82794 32979 -72004 64586 -54586 -22352 56082 -68827 -27499 -100098 58623 -42219 -2250 50230 37884 -8530 53135 13836 -52150 7764 9225 -47274 -101669 66571 64007 20365 148175 -4923 77642 -726 -66837 -3689 34657 31188 29788 -31219 46372 2201 -4019 -27195 19081 63033 -84729 -52898 30685 -19739 -69888 -123098 -16408 -19808 -33895 -58904 -18893 25167 6119 35352 -134268 17832 -43738 70300 -5214 21910 -29398 -23352 61648 74112 38210 -13290 -110238 -62226 -61225 -17217 -60516 54178 -130647 98405 -73298 16878 36742 11133 11626 -20183 31259 -29219 -16581 18061 42513 45454 19551 3348 -42855 -61074 19641 -37028 -7316 35481 -72977 103312 -47401 69231 -1593 51834 -83756 -32347 112305 -35512 51622 26163 -34561 1976 4239 -46285 -10305 -89884 67484 34523 -11901 50025 127862 -35175 -50568 -26801 61220 -10531 -68339 116716 -42203 64568 -13113 -70459 15608 72308 -24917 -5685 -19620 -46437 44075 -46115 -54271 -18232 -50550 52949 20668 -8860 -1326 -25220 15266 90689 82579 79901 -12666 23681 23797 -26164 108046 1521 -50325 29687 67190 24589 71533 -3435 -27947 51858 5939 45824 -28566 -20278 20921 -9859 12072 -32442 35324 -1646 -49030 -82508 -7143 65291 
-95502 34881 -26065 -73793 -22061 -33223 21498 32334 12868 123487 38217 25954 -36898 -62408 -32861 -11374 -48502 36579 -8204 19205 -26607 29002 20210 137883 36006 -60309 -68950 28984 -30413 96056 -17999 -51261 -23209 4436 27860 2007 37665 -8272 45874 29972 -57569 -131239 -26969 -39839 -47144 -88924 59054 75124 21998 46903 41512 -110175 -41532 94518 -15691 8355 -32588 86917 -16868 -32179 55440 29088 -5976 10427 -61513 4390 70673 1240 -99322 31235 40146 -1052 26628 -34526 -51885 165207 -5452 -149033 17139 -13988 1459 103643 -26207 -13535 45698 11952 3665 -7629 -29012 140249 -24123 66491 -5156 -68744 53318 -72800 119189 89529 -58691 -108087 -17045 5635 -4872 -23979 -49559 -36806 52432 70124 -19916 2854 -11564 36359 53832 -89966 -76383 -5080 17978 -16286 -29683 29928 -100204 -19724 -38105 -6329 -120631 -3069 -2674 1473 -28873 -2674 5821 -44551 82579 -49442 8272 -22223 -23715 51142 -49289 121972 5563 -37128 -10315 -89042 -53294 40694 -81935 75801 -48964 -55184 -78779 -38902 40600 29095 -51116 49240 86691 -55656 -49287 51665 -25547 -10185 29224 -39142 10963 134122 -15364 -32905 -29139 -19572 26279 -103859 41738 -135200 -76833 20323 -14618 -61580 13776 21428 96049 -8111 -160015 47098 113289 29226 10000 3107 35095 144461 21266 -30636 30602 6386 -20232 -25622 112805 49499 57832 22750 -420 73800 -46695 40425 -12290 -56754 -93906 49703 -30047 39422 10589 52239 -50304 115817 103018 31426 155 -84295 15025 54024 -17104 108420 72834 54762 35970 -60340 -114678 52043 -2061 -46757 -16506 55037 97915 19629 -38320 -94745 -26351 -50012 64125 -49100 -30073 -93270 -23338 -33636 5427 124699 -96337 -24034 69884 -30952 -75389 -7944 55283 6028 31951 40740 30224 -35408 46065 -156673 -19813 -52155 -5700 103464 3370 7161 -25613 -61235 -53348 21380 9084 -29379 -45829 -99097 -41683 53726 89938 50779 26619 98472 61961 125385 -12865 -76257 18191 -8871 21795 -56305 51298 93859 -18356 -41385 -90288 10920 -17759 -71575 -100340 103579 -8413 40426 
-28144 1826 -64416 -93956 61357 -43298 -641 18523 47538 -11629 40570 -60491 78282 -124867 -112797 30986 11146 -23676 9816 25265 15414 -58522 -18135 -17828 -57230 101480 2934 58484 66018 2896 123092 55381 7772 -99444 -9073 99929 32105 84609 -76924 -65421 -11362 -4188 127405 24913 -22087 57821 -30344 -46658 53201 6959 -42041 -60159 -76840 34716 60788 1069 -44509 -12187 83058 38035 60331 45998 -66050 17025 -17520 28113 36649 -111928 114427 -26222 37846 -12756 -34470 6823 61174 -90607 9481 55395 21829 45271 66521 33709 11588 -12155 -47091 128810 88029 -95140 13637 104303 47320 92200 -9429 6528 5955 -103787 72615 17757 23181 -78586 9123 -14411 -12403 -11788 -48030 54367 41491 -46977 -25927 -66035 -10537 29393 48177 55052 -78388 -35605 28502 25518 21929 68152 66053 -22607 98909 73071 9651 54065 125101 37535 -77297 -13072 -23954 -42391 66253 18828 80476 -26754 -119210 80091 -61840 -75238 6699 -17721 -120014 -50235 -74627 20972 35724 -44073 84281 -50583 38197 80787 -38570 80360 -39437 29740 81545 -145904 -113423 14673 -8335 11285 23369 19983 53349 57835 32038 -11664 -6738 101463 -134827 36933 -52202 -10190 -35573 55202 126242 -26230 31654 123098 -63569 10317 -38400 21864 29120 -147000 21314 32883 63562 54086 7562 50782 -35793 23413 53664 52379 11937 1036 -59933 2535 2509 21395 -9034 71648 -91922 60276 -9326 -8228 -104534 107310 -16746 27548 11456 -30227 74205 -68916 96717 -7550 -57966 44692 -72235 89538 -73855 9571 30801 -40937 59874 -60597 13186 -88760 78828 99657 132869 18107 -40380 22743 -49272 -56034 21761 -4072 -42528 17403 -108332 -48809 -60340 -14899 -122387 -80171 -69810 41263 -97058 -28612 37758 -85135 15484 -17684 8050 154585 19826 4214 -81278 -57742 18523 -4339 -47875 -3749 -61660 -66884 35820 108040 38934 9963 -85726 -15110 -55798 91764 47921 -48002 -2102 -75993 16497 40488 -6717 -10799 -35133 573 7768 -44612 5317 39357 -41611 14287 531 13323 15795 20258 -447 67867 103236 -9090 
-42340 39777 16729 114724 -14903 9228 12243 -2390 58426 -27631 91219 38436 -23103 -3827 -36762 -47618 68027 -6515 -63404 -42798 -78098 -25294 -12670 -4421 33845 -41803 18724 2381 -70188 -3590 89227 -70938 69594 20991 26305 22074 53450 -18070 40272 37364 13574 -76818 -2117 78589 2454 25723 74506 14076 65466 74875 80680 -26226 -23848 13562 -14692 35906 -46771 -24027 5365 35851 -42521 66018 -68735 121776 -82490 1181 -73404 14502 -20920 -43735 21652 18135 20640 -68826 -2186 -22023 -41208 -20605 529 -3133 57972 28068 40406 -43538 -29713 -46368 77162 -9684 -6143 39827 -53068 23352 -3890 -57972 -31248 -96818 -49166 57229 -1067 -63443 -7097 6194 89881 -70403 -73164 43119 -49972 22913 13268 22932 23699 -4271 100347 -56736 90753 -75621 73347 -65362 23891 37098 -37949 29860 17502 16002 -2638 93327 150244 -54385 -26777 27114 87742 4605 61303 -64410 26376 -44509 20115 -3222 75959 50814 39412 146950 42655 57143 -40693 23478 -65719 47344 26384 32608 -4102 3242 -7836 -58858 -117755 -37607 -15582 6045 11667 12848 -25457 -103476 -15231 -56797 118709 168768 40004 -109809 49432 9383 -58314 -43509 -21439 -14919 -2910 51640 18819 7321 2397 -35320 53448 16392 -58467 -39889 43875 14081 88992 62198 -18478 -47309 -4023 39231 -60199 38530 101256 15029 22786 108979 -15836 35360 -10867 23048 45852 -33933 20162 40958 24727 109668 -23636 -33898 1551 -9595 16437 10792 4713 -73019 -10251 -19746 82944 -35469 -11803 49345 -10874 -53179 5635 44631 -44174 -9170 -14526 20996 116139 137951 6782 -79494 50088 -31626 -52459 -10888 29491 49697 -14025 2347 6237 -46244 27009 80862 -16147 -14276 -31460 -67777 38853 113276 -67809 5798 85050 -4451 -74981 -2903 -131345 78368 26120 15419 28660 -2678 -81354 30004 20558 -8477 -9711 26087 45136 -59699 -20101 -46464 -117271 9377 42561 862 -2260 -71077 47736 1832 -32075 120866 -78999 -98245 61589 -19403 -55885 -38445 88456 -94503 -111973 -4055 -8791 -9375 -63142 -12502 42850 -55175 
-25444 -40901 36794 53865 -9874 -50075 -89655 -30805 -13728 -14534 -43428 -18906 -74433 66845 -24602 -60580 -99557 16073 -13433 -63595 1885 68059 80803 -13128 -72280 -39274 14089 10327 -73367 153652 -50454 -38806 39932 26462 -23441 -26590 147709 -26289 33616 -105541 -72102 14651 35627 52579 -61370 -36586 69093 -30201 58246 4690 -58038 -56697 58225 2381 -11210 37346 17594 -101754 -12054 23313 -62752 -21673 -28487 -20592 -13249 89480 27110 -60021 9097 8568 53778 81436 -130818 -15860 -11134 66629 8978 -52998 47076 -67741 68901 -6818 -27588 -24067 -81990 61497 -62482 84007 -8064 28268 61730 -45708 -4857 -17460 -21214 3795 6073 62756 -40404 -123443 -10783 -91368 55513 116495 43666 -45985 59892 -57952 -31845 68357 25227 -1888 -22197 38175 56957 4424 -57397 17760 -84417 -17689 -7736 134914 -80732 70942 25558 13575 -62472 -67092 52600 -40100 -66079 -24248 21177 -93410 66253 5120 12697 -46180 -13004 -57203 -26025 -3459 -72105 -49526 -36613 43596 -68387 -63945 -17351 -39556 3090 2711 54234 -125419 70572 105145 -16895 -76202 -93109 7797 5684 -8161 32440 -14929 66303 68485 13941 69787 -24089 45204 37003 -82654 23637 14236 7997 75478 -24080 -1201 -122320 -90012 -89335 39047 2007 -37221 82505 11261 -214508 -14327 -81202 104000 -15683 118100 22253 -37969 -96639 -12924 -26145 45868 -32049 43739 68263 13416 136817 -72830 -50234 -6063 -71513 59131 -6961 48406 235 -16860 -38713 83887 -35753 -57895 -2860 10389 -8765 -30264 -38852 13693 81742 63864 -41194 -35391 66597 -27644 87209 1424 29813 -127660 22670 -48454 -74289 -29508 65513 8748 -64902 58768 153908 -48391 -16459 8238 75727 103034 8737 -74361 -35375 75537 -50096 45629 44119 -38374 -124164 69485 -97855 -46947 87486 -18490 -111337 -95398 -30158 15879 -22743 -24992 -101000 106097 -2471 49919 -50153 26228 18368 99726 -19093 737 18771 -31616 -97181 -5828 78769 -152 152703 31274 -49574 16696 126018 -5078 -44291 46752 -88894 -38616 14118 83735 47252 -38082 42989 67376 78180 -2724 
-105375 71124 -6849 90425 -55594 -76894 5188 14242 95016 23491 -2717 -4002 -18993 -61807 -39539 -29104 53114 14270 -4504 7758 24385 -64103 20078 6184 1734 67532 36126 -22147 25224 -21671 186 17233 -96849 31116 -93132 20762 -25564 -9 3672 81187 80469 54818 -76401 47327 3075 -88632 59914 -109580 30146 44675 52421 5361 -24468 29799 -39085 19505 -6189 2665 35055 19664 117258 36980 54593 35175 34823 12259 29186 92836 28009 -15127 -22086 157885 68628 110838 38892 -58173 2458 108118 -71654 71351 -39765 12477 24246 47404 28508 8024 131525 -16986 -130527 -3175 -25341 64787 -72487 6052 33583 21187 -20829 -31959 -112834 -40732 6677 -45893 13087 54674 51736 25645 18005 3407 -71808 -47069 -63574 -36054 -30805 -63831 1507 14571 -28161 -47723 24577 -10198 40668 -107468 8707 -53736 -4975 -36561 46314 -29425 13047 36465 -46287 -46780 -40444 67858 68198 -36024 66445 36703 37374 10733 54046 -97729 19392 -13803 41770 12438 -66607 65278 93843 -64187 95463 83807 443 -43114 -5623 -49819 22299 -21837 71277 40760 -38702 -60919 -8281 8226 4540 6088 -33256 21289 26022 100786 63835 70592 -26567 10814 93782 13205 48825 85379 -34568 -4518 19685 -12290 42173 91140 45346 -48926 47058 -4162 -4626 -130859 26501 -69668 -54425 28837 -63260 -112984 62230 95810 11765 136786 32827 121072 82242 -1110 -110217 34075 144864 -24314 -69992 28425 681 -37222 -112353 12350 15854 58903 35106 -52549 127907 117402 9157 -27155 454 -40790 -60627 116370 -15915 28012 50997 -6790 -30319 85570 22757 -107668 27499 -60036 61319 -54638 -13814 -6360 27252 1206 -101610 -11781 -54599 3971 11018 -56963 -57294 11143 -6029 84761 67728 16256 8361 128942 -27777 64513 -45968 24369 -30323 -22409 14780 35316 50724 -12685 36438 61326 -27048 -5434 -50413 -10533 -52327 13443 -20925 -30986 -106538 78847 19077 -60236 -28224 13627 87769 -2381 -15547 -46002 -108226 59683 152077 -48428 -32794 63336 79899 -54090 -171171 -4683 23843 -51756 39234 29394 
-12015 42882 -23163 -13807 65353 26335 47703 -110659 -25311 58794 51211 -4057 -21675 17588 34838 -3580 36408 -61499 60412 -25513 115980 -53750 8847 -30273 32509 52820 35928 2571 -105400 23640 28448 -44772 10731 -97413 -62322 22136 52550 -41953 -49212 -2576 -109283 41165 -15813 37169 -56073 -63252 16198 76377 -142175 69735 -96917 62345 -31750 45899 -101413 -5193 -34515 85541 -14119 70797 -34650 -2597 -158545 48960 -72321 35637 19939 54045 -52028 -19666 25074 -85789 69442 -104187 -94105 34908 97853 62427 61744 143467 -30869 -11731 -63757 31439 8004 32607 -51776 -784 59872 57092 14060 -42365 117444 -23655 38225 -114221 -31370 6649 17729 -7066 -47645 -45396 -77871 4795 -40349 104270 35941 46216 33294 -67353 -1453 -51988 -30047 -29198 17085 -45104 -81540 -34088 28877 50513 -71811 -26002 -86828 60683 -95558 -50440 35428 -13527 7053 3931 -13354 1616 -6996 -67245 37932 30585 132284 30007 -24653 93880 32738 39363 -8761 17651 -30858 -65465 34627 24986 88024 59957 8117 60387 578 40826 -109252 -118195 51407 44440 50901 20437 24739 18551 -14754 26082 27681 38510 26375 -67378 1865 -21122 -46834 -4738 82759 -42045 1987 67191 -47082 24479 16923 2475 -29528 -81648 -631 47785 50000 157043 -50250 -79623 -78799 -61972 113777 91538 27307 -54393 10430 -85817 -19740 15013 -41343 -28766 6175 43560 -9763 19212 77203 105522 -55440 -52918 110057 1583 49447 115386 -44642 8199 -29082 89471 42079 -9465 -45128 -48033 -101113 57554 -8123 31470 -83546 52342 -37538 46327 -40196 26209 25248 -29766 -14142 94253 -60015 43000 -16551 67701 -11232 -112767 -72534 32207 71793 -105678 -38198 -51468 -82960 -168209 55203 -18577 -82641 128135 67802 -1848 37756 -38943 63064 -23845 9261 26993 83050 -40241 -29874 45990 38139 -21196 87015 -56406 -24147 -99850 54783 52237 84943 -64221 -40072 52261 17041 -28623 12610 -16098 15609 -27812 -32449 -65574 683 23276 22249 616 -17598 100129 -55133 7140 -33792 -3950 -33325 -43579 -123018 -35545 79628 91735 
36466 -65878 -17399 -30257 -1998 -96892 28889 8434 -37075 -110761 26156 76451 -27113 -43407 168545 -67510 -158386 -9584 11468 9080 22878 -20575 -75626 89646 -87181 -27213 -40550 53406 -14247 -23962 135773 -12985 -45355 82755 -17403 -150676 69852 -20284 -19037 10845 71980 -6999 83076 -17599 -22924 -23582 -115546 -47973 23957 5003 -85513 -46816 -2429 -11657 30222 63241 -29416 70931 46103 -15558 37428 5211 65733 -15465 -113205 -36313 18679 -88003 2338 -75901 37566 -36173 43036 -33683 18784 -95747 5571 -2616 29219 63925 -77167 -17645 -95725 179209 1803 -4684 24337 149 30799 -20665 96404 -87096 -53840 -66206 3172 -59290 -113679 -44547 16944 51971 122374 -43595 14051 3547 -46793 -30572 57166 5924 2411 49238 -26560 40113 -25888 78273 14327 44815 55347 39536 -49211 -254759 -28680 -66942 -66604 -45243 -50294 -19628 -6008 103504 -1161 -51986 30602 -97887 -24382 -8759 -114018 -8272 3493 118183 -26072 -46753 2630 38193 56175 -46535 67011 -49939 9932 33337 -175886 -20417 -168131 -75255 -103499 30010 87829 -31898 -10708 126821 -33708 -3675 -98863 958 1601 134468 -55934 -90689 -67580 -42348 4021 32889 -66452 24605 140670 47512 36102 -60945 -16793 -37731 89167 27451 15402 21565 -23004 -13199 -12192 21560 -8411 -42531 -69083 64612 122328 -55173 -19567 21781 36522 146952 -56855 -14384 22173 17218 37771 43078 25457 -58352 23949 -50334 3087 5601 -6 113686 -67384 211124 63914 -4277 91404 -44173 30171 16436 -87416 127721 -25493 5262 -17007 69436 71067 29385 9329 -36965 -122804 -45030 -14477 27566 16029 -43022 -7757 3959 62447 -33248 -16874 -2874 -85076 -1639 64545 16610 19695 94211 -96310 79129 8205 44415 -4851 -29127 3629 -100834 -7995 38361 -101236 -31147 4519 6231 -87002 -9993 62780 -2332 23393 -88301 -1434 -71702 -17741 -98244 59152 -64211 -96933 -107062 3201 76579 66827 67366 28227 -10407 98768 -57546 -56277 110161 -72896 17329 77799 44532 -28267 -3362 -24478 15627 -71710 12693 56722 -69105 134036 154860 -11534 -47810 
-51580 5532 77554 7921 52575 80986 -142003 -40586 49192 -92226 13422 45024 50343 12558 25260 -103064 1531 155737 30944 57590 -71079 -36903 29187 118373 -7112 29042 -48487 -23978 -9161 -55351 -37510 4128 31391 -31053 -23272 33011 -18480 56541 -13452 4578 70795 4386 -54510 18683 57243 24727 -16513 65595 -87768 -65054 -16570 -14512 21661 -85423 -66291 25170 -13852 -20618 4075 -24439 22404 78155 -54417 24186 22865 -97931 -2618 41744 23919 93443 -18127 -33938 -103364 -82425 -82508 -33684 17160 95835 -110946 -95454 26860 -50655 55160 -44325 67131 36765 -83905 -78088 59939 -13002 61622 -33079 72884 111479 -110661 -36324 38736 28074 -54319 -44225 23084 15911 4845 42310 -65917 23806 -1625 1106 48235 -11631 -42936 77179 36831 -18776 27401 -30540 -75729 22443 -158821 96541 20054 7534 110451 -70474 -31243 98665 -4878 78620 11549 88488 85121 101810 -67389 -53450 -73775 29634 30551 -47346 21011 -37245 -30277 -792 -64756 -38576 51800 57671 34441 59305 53914 -75257 -16498 -22829 -37341 -26492 67499 -63373 53207 38230 27787 -12683 79860 -77204 39465 23346 51016 93709 10725 -28176 -1165 -34787 112487 67049 54725 -98354 102231 114550 11113 22292 -20755 -56549 -87930 2390 -30226 7218 29922 -23065 74612 -72830 66201 -44673 156 -54197 631 33504 -24189 -3454 62561 44 -88213 56037 -43203 40978 66835 -5430 -21634 -18933 69607 31712 -104230 -23082 35192 16748 117137 76036 -32216 38973 -96148 30733 5820 -26656 83403 -1906 -4117 54620 -123332 -68743 6967 7862 26879 84222 38516 81236 -7274 -2710 112273 82279 97573 15129 -35067 17337 -22363 -53831 -78633 -31409 -4217 -27554 445 -30930 35887 115042 -21759 93529 50902 15064 73361 -37189 89334 -35423 33509 25483 -11236 54222 51402 1631 46821 -21718 58199 46553 -133594 3853 -41498 -38326 39347 -63880 -101012 49003 -38501 35750 78861 29125 43841 -1501 2164 26645 -10507 11283 -15422 -115631 -63625 58900 60546 -67485 -49296 -3759 -71754 -62394 -9554 51229 -22407 -34838 
-11754 -12361 11151 4 55353 56136 95686 -31798 -57957 18526 -43922 -74976 43705 24102 30255 43543 -41845 4877 -56281 70836 -12161 -16710 -23897 41424 40085 -15380 5197 -21796 -117106 10456 -164673 28607 29523 2080 13266 4642 -8082 -48713 -98540 -7990 6696 -81200 -87971 14597 -66750 60337 -18823 70100 55190 -7912 86036 -84644 -75320 -34626 -18379 -30220 55243 -20346 25502 6665 -15928 -68865 -74476 79597 49505 -17906 -4787 54067 82906 -68646 -63398 -56812 -30897 12340 24288 73566 28320 -38541 33432 -45333 13194 63151 -165119 -79746 -24238 83861 63801 37430 -37764 4891 -2357 40113 -29523 24888 45644 -67571 45882 41152 -18293 -56604 -83993 -52913 77217 61314 1104 -73243 5138 -17928 -74895 -94384 -111600 4810 35995 -37131 71100 36342 74974 9876 -30711 -4409 53174 -4974 85192 93864 94751 -50730 91994 46014 19449 43205 98435 -40082 69083 -64672 31632 2779 -68514 56263 -18563 -74086 -3405 -80295 31130 13833 -71267 39593 -89346 47201 -24514 -25504 -23878 119150 -76260 50245 64137 -7900 68292 46496 -39222 24964 90333 100221 -47390 -3845 -36852 -3922 24343 65650 50655 -80287 -44333 -104797 -97204 97 11883 -11339 34346 27567 -20128 -31076 -83587 -24807 -2317 -21416 -16247 -22493 -34194 -15829 5325 18434 -39321 82833 -35842 48878 -111550 60772 -61333 -6481 -76850 -101577 72718 -73079 -102276 -52436 5979 -31912 54866 49380 -70944 -8598 32046 50331 -114392 -44485 -41700 26495 -82494 31000 88887 -18613 27796 77342 47239 -71250 -44092 -43740 -37808 -57436 -119432 64279 -37499 62115 36386 -30702 -84351 52353 33071 -79368 143776 -35338 -25269 49629 -24433 10664 60858 34639 5584 57548 8202 -17259 -128 -3371 -56458 74101 -100362 7300 2480 80867 6148 -49484 -145788 44039 -24688 27266 98081 -26946 -75984 207442 -16847 15287 24692 -63714 -41101 -8609 27738 -2930 51134 93454 -58244 -5229 -46421 41106 57576 91002 -38270 47969 43670 -133572 11305 -78925 897 -62946 -42010 -24196 -72400 16241 26494 -60638 36993 13656 
6792 -60889 -20870 41697 -54694 13205 38670 -99321 4439 -21213 100750 10301 35861 4634 -101241 25255 51117 -672 -111482 -104327 -75189 -89952 -72370 -15461 -35123 32729 34093 72295 2026 -56172 30565 117135 2986 57540 84332 35746 -51421 50283 -48204 36596 -65866 -63869 -59009 37313 -61969 77476 23923 20730 76601 -46176 59558 -59204 4753 77838 -16516 63823 -44716 -18800 7722 -24184 68493 -8975 -76758 -65695 -29710 5549 59750 -46830 16562 -104314 -53484 -40836 29768 97043 -85271 -34838 16381 -77224 27195 41021 -126804 -70996 9604 10623 -61835 -88616 -169502 34030 -98318 50580 -26188 29074 -66720 -38906 91061 -61265 36085 -1025 -46783 -39722 -17348 -26457 14123 -30934 65843 47593 -6187 -62141 19188 43869 -79660 -12056 -42052 -110866 -18203 29397 -8061 -51640 55541 -42756 46864 -2423 -35678 -110127 -68094 -94534 39101 102696 -57591 -12053 -30487 74075 -56685 2571 61867 -31228 99901 44958 3826 53557 -10623 37131 78412 -69042 -29041 77689 -65312 12685 92142 93056 -26611 74827 79836 46463 59243 -17931 -10048 19909 -17751 19439 62617 81672 -24598 -72023 58945 -9352 14082 20959 42962 39731 13810 -65687 -30470 -92409 102105 32611 107153 -35178 23411 31785 -11690 33485 -44672 -40062 16924 67126 -82011 43140 -70960 39909 118361 54972 -23128 -1724 22959 13919 -57513 -54006 53010 -64255 72387 -10071 -83315 5832 30655 78427 -32889 -40433 56005 10448 63671 34498 -65793 2495 -39135 28171 -9838 46046 -25686 15932 15017 23861 -75572 42057 2915 21033 -86984 30991 9159 4430 -95529 -51390 84581 -34220 7566 28700 21218 24965 -10339 48063 -127823 -18507 96244 -39695 46355 33698 -99777 -39759 44185 -138911 -7508 64089 -8109 -12121 41039 78933 29403 -10992 -68459 5398 74459 -110095 -33531 15238 -15934 -64361 38614 -16225 -10270 -83131 78693 107338 -39197 -122187 30722 -49141 -85498 -91052 26237 -114398 -24298 6704 -59559 37319 99163 -67163 7118 -80068 -87383 13051 22751 30034 -84603 -27973 -24689 -45173 -43274 -149074 22720 -47092 
47816 -87553 32766 48472 -14249 78837 -105289 51977 -11042 -92707 -36107 -9316 13599 17847 -80658 28125 -41667 66154 1061 49649 -28754 -67041 11283 69620 -50789 -73737 -13214 1397 26439 -62753 756 -59398 48657 -75569 66907 -49622 -66119 17440 -35292 -30961 -17899 58224 -60167 28595 -51605 49804 -81099 47275 9127 -56905 1252 -16894 -66802 92029 -15629 -47604 48244 7066 -907 -234 28703 -78536 -34609 55742 6606 31015 31916 75288 66727 11811 94278 63459 11831 -92546 -19685 -67945 63059 76088 57049 -49553 -36631 50675 -26645 -25638 6982 96428 -9605 25584 62112 9215 16709 -90876 115890 39031 -13701 -20700 14883 -70188 19807 -80206 -9721 -9990 47824 -27666 -385 -3070 -61414 93935 -11156 -23437 -143296 -14586 48449 35973 35193 25457 40683 120194 -28138 -9186 -14186 -50847 -96980 30923 -41772 27945 47502 48247 -24881 -1542 -116880 38443 51362 103603 11998 -862 14408 3160 81060 -7705 88391 -107808 51892 64513 16785 15942 56305 52227 164436 17524 -2972 85297 9009 -87920 -6686 4680 -26537 -88478 -83823 -28067 -52680 45980 50770 71309 71929 8621 429 -55162 79830 -47695 67597 -35308 68571 -43136 -16948 -38691 -93544 -56074 -20969 46611 30105 -26918 -8452 74158 -10147 60153 29237 -32588 56527 59303 -27167 53462 43118 17034 80944 -42158 3316 -71340 -32604 -32669 40570 -53587 -19437 26287 -13866 70752 99100 -87731 -51401 -74863 4657 -19253 10391 -1478 -97125 10960 17922 -67207 41271 -81994 28200 78216 52073 72752 -79679 46107 45436 -72015 25367 157733 70431 -46896 13249 31366 -80124 -23957 -8841 -93193 -56439 -745 14333 -118016 107287 -29458 -7636 21329 -43453 25860 117300 77003 -8900 111603 -11510 -25416 23425 -1805 1080 -47008 53338 -22192 -5852 81239 28683 -58109 -30842 -3451 53627 104934 -87644 11935 -47530 30046 -81879 -18921 -70866 50201 5003 -79781 3990 38877 101601 7957 88013 48803 5776 -127798 19987 -16619 -16278 -34955 -7809 66685 27830 29164 -42143 -31151 -48952 -125138 -64187 -67335 
36067 84071 38640 104800 28170 -57038 27498 29279 28179 8361 -43345 -73849 137775 -32632 -1751 -44399 -111106 56294 -1916 48712 -52540 -2257 14953 -11788 43266 -25360 -15042 -131743 -25710 -5709 -85120 -16376 9187 -30245 126121 -49432 8892 -33019 11167 -7921 -36417 -40400 -53737 12506 53388 -212021 -28075 15534 3416 25603 28859 14484 85309 -53926 45751 15861 -50570 -25512 -27030 76425 11859 -22501 -108701 43377 -39385 -57524 53410 89826 -4523 -1172 -42837 17352 -142821 46153 7180 68951 -113843 -2690 -7502 100644 -648 60330 -57195 5501 62583 6158 -111963 87907 -9932 9512 31593 26767 103052 -27202 29871 -123101 -115156 -98967 63173 65793 82317 -34110 50691 -68698 55797 67663 71706 -67529 -31918 29576 -8631 77411 -8279 38962 54009 -24069 -63937 -90458 34891 -45313 -3670 -27454 -119741 98903 -62238 -33455 -22412 -28918 20846 -21769 45112 3480 -45183 13979 23044 -45459 26673 -100548 4847 54786 76381 16392 -34847 45911 52658 38179 15860 -55649 101969 -85900 3452 19273 78093 52575 -44804 63572 -12663 -19108 130117 47340 429 -61396 -15329 41704 2338 -18433 98192 -47795 -13332 -47668 -51923 15830 -31976 -19534 -116972 39683 -35869 89409 26584 12834 79284 -48233 -77801 63865 -51018 62268 -15553 35301 63811 4193 53783 76708 44535 -39671 -20804 -69455 -14325 -37038 -38052 33049 23662 72009 -12316 37688 112643 23839 31005 60942 57744 -63941 58782 -108575 9267 -554 -64997 83238 8610 -123595 127795 -33551 36913 -57870 -41124 120953 50508 28921 16963 -3218 -21046 -26350 -43602 -67132 57940 -48767 -12078 69344 -56595 37229 -4301 19629 -31503 -5352 53950 35195 -10726 126612 27139 39258 16383 -35418 -70526 29940 -62246 -29811 -1235 75804 -76252 50432 58244 -41877 -77684 65473 -119142 7620 22137 67517 -25549 -4893 -1771 -23853 -59783 44868 82413 -27743 32616 -53434 -60919 -52802 -10087 54640 -35093 -4883 106997 -15382 53998 55743 20721 -14470 106599 32187 -15225 -16807 9623 6353 23733 479 -99835 -114937 -59185 -42445 
4198 44255 -80837 15258 8199 -12488 -21897 -111006 60360 -41446 -110816 11021 -1631 -68407 -86265 -24009 -23461 -81993 20161 -97912 -2576 23273 43989 31915 137053 -51259 68428 40839 23302 48087 63899 -47124 -93739 -93451 32613 56123 -175058 46500 -52144 31033 57196 22989 -40431 58831 63188 -53072 -23773 -76510 99279 12927 67835 -18951 73644 -57283 99300 -41522 1723 -58546 88161 -27204 57964 -6947 75402 -40820 70538 -35537 48149 -40602 -79617 -75260 16595 30816 78808 -75904 36942 -47146 -43864 -115163 -124247 -8987 -47258 -71761 -68078 102852 -33483 -1963 25938 -99629 -111642 -121332 -51771 -63870 -18174 14196 20001 -77729 -99521 -80952 -3074 56579 2395 46866 -50552 -62267 89787 21095 37369 38223 50375 35722 70755 -7098 -74728 12195 -17270 -33482 45457 -6353 34260 -92603 -8179 -113069 21182 -68473 -44023 92185 -192 -47211 55092 -41399 -17040 31340 47037 22876 -12001 -68266 -21068 1342 21289 103356 -73360 9884 48998 52350 236 -9989 -26118 -8388 70782 -47532 -15993 -52429 -29188 99528 38133 -26960 -107949 9989 140669 -4032 34636 66182 -33506 -8518 -109337 -50985 -15898 -23833 -100380 87481 -4395 -8577 13435 22699 62089 -106918 24006 -64358 60354 56378 -46691 85828 82454 21611 -63332 -105839 59573 82834 -52749 -42611 -25939 -15463 -2532 25484 -45837 -66932 131922 -76804 -71757 -28415 -21745 26096 39990 734 22518 -34660 -72006 26898 -34732 57015 82668 -100389 -24971 -145343 -44485 -30405 199899 -123580 -49513 52915 5696 -20661 -73825 28215 3157 -56337 19828 -33257 -14906 33258 -4116 34902 50908 -991 -47690 -38314 -43404 -51569 63043 -27989 -50565 583 -52981 72165 -81761 -68848 -89705 13427 -27276 71552 61610 123 37249 34506 -16474 -9474 10402 107673 37403 1001 34088 -7196 10823 39242 -43714 -5420 97036 -21489 -18126 -51261 -60494 40075 1661 101730 -25511 -96267 -39806 -71561 -35722 -31751 118797 -65044 -108986 -74430 -12514 65268 -94633 -75347 38292 -24660 29397 -42802 58256 -52890 -9134 23467 28697 -16487 45891 -11336 
49041 -42733 24260 54639 76633 118548 -17936 11846 -103170 -73839 9355 -29297 -21746 108472 -36402 -69049 -587 43182 -20576 -37801 -29264 -41955 44636 -21826 27381 -48337 3141 45166 -3370 55478 42509 68319 80732 -67652 -8971 6273 -59653 -14101 -111130 27114 -45055 -44528 47951 60663 57637 60170 80844 -30815 30856 83855 -9750 -126909 -6006 3298 2103 -14326 -16099 -103509 -11068 -57110 65664 -64430 -43872 85831 28395 -68288 27625 50496 58217 100798 40673 -32916 84634 25675 -60345 -5408 51931 -13771 5430 31925 -65922 -128898 71471 52927 -160175 18172 -22643 -77922 22022 -54285 -29285 74600 -29664 -13310 4497 497 2504 -58179 -91552 -78588 27972 76524 114037 -164334 81326 -23875 -6592 -118515 -17517 -40159 -80218 70778 90309 -66241 -1232 -11407 -952 -56807 63901 -61795 57987 -23773 -38890 52666 41203 -73303 74026 -35295 -73571 -22647 -164431 -88030 4316 -31804 52238 -146732 82546 19401 -28929 40337 21462 20864 -48975 153557 60833 54533 -94608 -58290 -60032 11386 36940 5947 53035 -20713 -25131 -47757 -46227 -44718 -103881 49937 -144459 48843 -57153 16234 75417 15329 -31093 -102788 73752 -7525 -82188 -57450 -4890 2554 -28757 74844 66905 18631 -35207 21299 -24564 -93272 -9928 50238 17683 -46737 33245 -27409 28045 16109 -20968 84765 60457 13836 -37150 -7040 -19229 37590 19710 -67198 35253 61958 -44596 -103414 -73018 7032 39445 -19072 -138513 113918 72009 14135 102043 -43192 -15008 -126895 -72001 87230 80309 -15271 1828 -81833 -3630 716 -57474 -28705 -65279 45270 -81505 48175 26376 -11816 43656 72211 37555 27896 -46451 43725 -84399 -17236 -92882 5933 60803 68943 890 353 49690 66068 49318 -22570 -25133 11621 -64174 -3010 57701 23249 -45099 -50151 -29011 46404 18122 1801 -27841 65158 32256 -120710 -48748 -30075 76018 48164 79170 39552 -82090 44704 -37410 -33558 35937 31808 25998 -5573 57837 70701 2243 48444 9238 -56871 25180 -114529 78714 -52862 104389 -36970 -30204 49857 24735 -28438 -20430 -76550 -19150 8399 
10894 29409 130024 9889 -87410 25903 -71599 87813 -41869 125336 -15740 -161880 -20971 91705 -57953 -38734 -4225 39523 74896 -39549 108027 -49268 48117 -42823 -1526 -39761 71560 -15339 79156 131247 -24983 117915 20249 -18038 -50054 41019 -71348 32602 3598 13558 2447 952 -6149 -536 34712 20288 60572 -112693 -9702 -24520 42994 52815 19730 -20193 89815 46268 34405 5473 -58112 17567 57136 75387 -43220 -84779 22967 16141 -7445 21811 24964 39049 3619 9982 -9556 -1411 67897 -53280 6579 -55619 -54094 -44226 -26060 -39720 -50938 824 -163356 36397 1394 34225 -33495 10949 25855 -64202 125268 99442 -8508 -58271 -25372 37940 -43429 13323 11258 26392 -112104 26447 26791 -12667 -43850 56389 28619 35536 -55978 -5391 5176 27518 -19359 -99238 27373 -18229 -27053 97703 99606 -32350 18806 90807 -72316 -63647 -21060 128792 -2098 -71406 -52972 35096 76820 -16807 -108964 -15156 49744 -65696 -54115 63927 12372 -35247 -73889 45900 -97229 -33080 119705 -49023 -31659 -9886 56957 27437 15492 -38002 29441 -45542 72416 76016 -4655 -14728 55565 -4662 -93656 -40488 121860 -6987 -992 -14713 -42524 -22573 -64413 -33694 -1585 -91609 129060 24674 -53567 -12819 -63448 -32372 19255 12882 1509 -55492 -120862 5169 63063 -500 71617 102271 30892 10693 2909 -3022 274 63499 -44398 -27202 26946 -37758 -30843 32934 86599 66696 -13391 -11693 -5981 -42995 -21465 -32413 13168 78638 -128807 -36872 -19981 -29355 -28730 -4344 3701 -62268 29446 -10823 13784 -30049 -76 -15160 60816 -20406 16903 -94183 68531 -24850 121091 46974 -45435 29991 -10788 8007 -60959 90958 78185 -38015 -39218 66258 61477 -88949 70038 -6468 91659 -37358 102895 -70616 -26464 51466 26042 -4423 10319 -121459 61821 -10681 22866 -82646 -18530 17965 5433 13559 88864 -82497 -17802 -5559 222 -5346 -50003 -49443 -51585 -61495 29408 -41648 9499 52359 -84661 73558 -15530 -71624 33138 -79904 9808 -3839 -51896 45077 66903 -94932 -26478 6336 -13009 -18245 -43110 -26161 29152 48656 
87816 -19317 86441 -16767 -68119 1695 102783 -6639 -30541 -54606 -13234 -27578 -80065 4755 -8459 -56758 -96336 29896 22441 -49667 -63090 -25393 71105 -4550 -45916 -48506 -15717 17654 124320 -818 -13372 -6102 -22682 21692 40463 -46366 -29252 -9059 -24136 -78647 -13440 -23194 -107709 5224 -135988 -87246 -19627 45148 94811 75382 4175 9700 107841 23408 -12586 51984 61498 28035 83373 -65066 46017 -1208 31076 -26755 -128738 99250 31700 29672 -1987 -46293 53715 -37940 25043 66277 23528 10945 22822 3044 118419 7234 -91167 -88485 27093 -44512 37845 16816 73300 57415 -41778 63459 21606 -19596 -86636 119306 -64806 -38866 -3961 -73412 -69127 -15759 16119 13700 41874 8249 18793 25214 131232 175527 33144 20934 24148 -18013 -58266 -32733 -42830 -57182 -26805 118655 2303 -80666 5655 97758 -27975 -24827 12960 277 91280 -102213 -8990 2474 -111611 -19054 58866 -45660 10039 -69729 27407 95376 4762 -64922 -30584 -1264 -42073 31799 56631 48535 11291 -61277 94229 -33422 26704 96840 49982 -45256 43072 -901 -29133 -58953 -44821 -5035 6770 -3504 24401 61867 -38604 -37984 -130738 -10344 69806 144821 25186 -47093 -8615 -33654 45658 -93081 -6237 11343 -11940 46820 22189 34318 90786 32979 -11657 -72768 83154 78949 7009 -72604 36444 -9705 -49675 31975 -96755 -8813 10717 5859 43529 22112 -31050 38009 128108 29008 -61593 26988 -30900 44893 8861 77838 -1602 -78517 81266 16442 15158 -107551 97827 73370 -32632 4417 4292 -21407 -56400 -71146 -23513 -2090 93735 33292 34646 -7568 43805 -69189 62214 7020 -12307 15368 8294 -4279 -69203 30829 -82291 -27363 -149463 -57293 63564 162222 67055 39168 -21614 91159 -16519 -74806 -43751 -100142 86335 73336 3120 74146 -16740 -1379 -78191 -18204 -86029 -77225 74580 -9413 -69569 17785 13748 22897 -63769 -50745 -178242 61800 45285 -112760 -36200 9977 -11679 15334 1044 76335 -26712 57244 13377 -26477 -26539 -14601 -86713 -4185 3289 7883 14719 71752 -64765 -37620 -33876 10533 -73574 -29809 
13048 88495 -68490 5898 -71329 61425 39245 18718 -44937 -41414 -7757 -65753 -3773 59697 -11668 113476 -644 -25665 73391 18867 -29682 51648 65982 -33813 60643 -52447 12245 -44915 33930 11006 68736 43168 -10999 -66098 -101312 -7764 32509 -32078 39301 43406 111473 -73598 -33548 46275 26164 -44545 -60 9303 -21537 -58810 69106 1164 -100887 -173467 -31427 -67808 17854 100776 -44055 14703 31063 15023 -40264 66029 -35654 -1460 8949 -54202 -58309 12747 -45834 -19245 10419 -48515 23176 15300 69928 119703 20010 -29918 -9297 -65477 -43128 -109676 -92414 44169 77120 -36793 -60865 36151 -7111 59189 115146 -62292 71872 26696 -86980 -18661 119563 -26559 -31905 -26553 -25101 -109551 -30728 -87288 50748 3425 -40359 -76686 -44770 -16163 -11657 53655 -9235 -36988 25866 -37847 -67622 53426 47191 41623 3687 -31315 23718 -41422 -13427 64919 123749 59672 -4924 80779 -1535 -25727 135602 -74061 129861 -12435 30620 -42127 -46448 19904 -3184 -32175 -22324 -31844 -4934 8612 -115451 -56297 24727 -72456 -19933 -49283 3030 35969 -8862 40250 -9000 130332 86279 -111015 -4277 25793 -83110 -17171 -12136 50328 -34441 -24309 -839 30356 31425 33066 -15188 26838 26798 -56916 33049 -2595 -182651 52065 23344 83460 17380 8846 -16924 -89893 66784 -12889 -43096 22416 -88112 -3267 -87830 -43071 -20229 -103432 96633 -94157 -59320 -67519 75244 -2386 -23664 -31782 61922 -84534 607 118189 -6321 -22787 -81005 32824 18206 -39116 -8787 -6983 -37366 69026 -74243 24351 53571 -1511 -852 -6924 69463 -14493 70454 -15196 -68465 -13719 8696 84519 -67942 -31449 -35414 89886 34519 -532 11635 92178 -13610 -53561 -13681 -2073 16466 -24605 -132445 44536 -41961 44969 38846 88478 -588 -69862 23434 -119665 33682 26636 -71113 60514 38717 -15580 37137 73719 -40785 -8000 -89233 30450 -33900 -63136 10824 37536 43512 23418 22413 65025 -63886 -16609 -58141 24457 -25226 23193 70460 35002 -51756 -40772 14391 126024 52293 -45208 19862 41026 -3666 -22186 10749 16347 -70257 48176 
29236 120257 19887 48827 47397 32515 40497 -25057 17774 93560 53828 -56614 94344 -60576 65097 -15147 148149 27517 -10274 -21991 37381 -12715 -50300 33082 108825 -36406 153536 5249 -15170 -15371 -69885 -18593 -73362 90033 84200 32648 -45603 45063 -82984 77720 26663 45803 54698 -4561 63807 17362 17344 10084 48411 -17771 2158 -78180 115210 50166 -22093 28000 -65375 30684 78253 8719 27937 -56444 49532 92767 82398 53369 -4621 -36999 -76536 -105175 -27998 -18752 80611 39712 -37517 -45741 -143171 63503 -13741 -178711 -10161 -1740 10753 64585 -18479 -21889 32607 -15772 27270 16354 -88803 16389 -27782 19960 -72107 -9353 13004 27801 142812 -14025 -34629 -5935 31583 37721 -94634 -23329 -32015 -93721 2177 -25163 -20371 17295 66866 28394 -77215 66853 116149 -83606 3144 -33019 46957 57257 47812 -20041 37509 -9771 13088 -65591 -168092 -12640 16629 -27662 -14706 30154 -13157 -89297 20417 -28364 13385 34868 43634 -35718 -30014 -46290 -1642 -32560 -77695 -12742 113733 14075 -62772 -29027 4282 -62806 -67582 11475 81861 62115 78017 -71748 -74225 2589 -57779 -99850 74848 129901 -10547 3574 -34481 34171 6980 -85503 -51325 -16913 -7491 43585 88010 -68887 27917 34376 -20866 -3462 34403 -26153 72184 22865 67072 -116862 86259 -783 -21705 15527 -39270 -71458 49728 -72013 16962 -85592 105380 64734 -3991 76262 -850 43897 -48808 -1896 33492 -15999 13641 -3385 128017 -10615 24731 83625 67807 33187 -17985 15127 -77229 60699 37043 -44537 54516 -30417 -106435 -45153 16689 118304 -45486 53982 -12345 69116 54427 49060 93961 -50764 -16067 -80273 -29384 -101197 -64879 -9286 -6942 -34776 21608 -31481 56018 108150 16053 33034 -89417 58622 -90874 -111540 -1622 -5717 -102714 17304 -97459 56049 -45782 -40482 113511 50120 -88616 -7345 -91020 -129697 -17793 -1444 891 -9039 -16325 -32209 -16101 -70285 85427 -91771 -23530 -105157 37681 15221 -23495 68619 18274 -21319 -35298 49757 33665 66845 76062 -18373 27196 16990 -56236 -105489 -103118 -44156 -91163 -50379 
-41014 62339 24695 90356 94428 -88329 24164 67218 21987 78390 18211 29098 16786 -80817 -7426 -123938 -15022 -97369 19762 -42916 -16655 -115448 44921 -17279 25331 -7201 66776 12870 -41005 12731 48586 51624 -41032 38752 46961 41691 62519 30379 32540 49451 20074 -7613 -65276 53226 10390 -1373 -26500 17890 142875 -44753 21367 31075 14711 -29727 38860 60895 59881 81133 -57283 68570 62449 76828 48224 -159990 -19083 61732 47286 -19952 7223 -107917 -34406 20084 13410 22620 61658 14557 18804 -69959 14773 -24117 16488 98260 -18351 39290 -13592 -46923 -40324 -22152 -116892 -17616 18783 -27482 -76017 -13271 112698 69211 -43142 -64892 -122126 71284 147639 -1678 -12195 76641 61776 -21724 -11028 77446 -48800 94608 -10316 21351 -22877 85063 90254 -10865 -50441 -22140 58131 -18558 -40455 -145508 -48844 -26625 -5623 -88525 74976 -40937 24918 -108178 20320 -107440 9076 10594 -46763 19241 80280 -23961 101883 46436 3870 -33296 -19654 16388 -16128 142980 -22978 -77605 40878 39201 -26082 101224 -21007 -49968 -31079 44185 -19254 -103278 47449 68963 44137 28306 -43856 64169 -3684 34354 -38237 -73230 9198 78324 -82972 88406 -77027 -49397 -21674 33387 42708 -7611 -8117 79 136793 -60856 -56423 -31000 13928 -64445 -7332 2993 -21554 26365 -52054 4724 60440 -70558 -26322 -52436 -48172 38729 24523 -29823 -6476 21370 -11362 -60929 154407 33504 -32972 29708 -12234 -27839 -39409 95595 -83132 8335 -6757 -12353 40312 -52654 21661 4704 15261 31466 -59387 38736 -92614 -51019 -36956 -118677 28902 -51050 49318 26287 118441 1126 -5639 -35472 23797 3740 74549 -31759 -86741 -87824 -8145 60265 -53486 21632 -68397 -56320 -10917 26499 62952 78638 54775 -21856 -26098 71672 63112 84029 -25501 -33916 78414 54490 46222 36364 -52818 80791 -6751 -52313 38123 -65507 -26063 -45347 4260 -30876 -13626 -26421 -66338 -52598 -2181 -41334 -126463 34521 20435 26508 -17086 -6155 -37838 -17575 89447 -44034 1020 46528 54423 3259 66054 -96875 81494 -154572 4003 4397 
-6379 59245 15769 26003 -40627 81648 55890 4000 26444 39575 33146 58767 -88649 13834 17628 13403 -54072 -34074 -40547 -149341 94493 -179 69936 -12514 -83435 -11909 -5536 6297 -63820 26605 -12449 89980 50354 6460 2221 -32765 22135 -18174 -61598 -42978 -49410 192624 38568 70745 -9042 -51942 -74617 76665 -70303 32445 -39893 -74418 -36800 32666 -75579 17932 83595 34200 76012 56762 -49717 47965 -23726 -2329 42656 19026 -33555 -5228 14431 -36019 2196 -16362 27283 -11110 46829 25870 -79965 -107557 21622 46375 10516 15460 12237 24460 39554 -56608 34841 75633 -10444 -93561 -396 -4860 61177 12436 -14654 -28378 36892 -130092 25600 11956 8636 10542 38343 55102 46742 49750 -102964 69010 19107 33233 -134726 -14547 -70920 13019 -12114 -16076 -1659 16812 28695 -86857 -5349 46908 -16601 66052 -61313 -34937 -26566 -2366 97440 42175 90300 -57926 -41672 -10854 -64156 43891 120795 -88067 -80402 -32299 4036 44644 -9452 54635 15397 -166282 -10133 32134 -4945 98425 -40960 -9419 -30083 32263 -113817 17065 66308 -126466 -107024 -71605 28728 40509 12333 -13710 -10345 -24212 51945 39034 17106 -55987 15100 438 40420 75930 35911 -20977 22050 135945 -26588 -20906 54513 111754 48591 11909 67377 81415 29157 -100867 -79954 -44235 116799 -99310 28119 -46304 -52815 -40931 3883 -34675 4780 -48105 33797 -108723 -83327 37395 53323 -62719 -31950 38024 33217 -42145 -41954 129051 -28906 -98801 67625 -76915 28537 87760 24223 24762 -3276 -34561 -21678 65 -29927 18585 11032 -16798 -86364 -19706 12604 15864 -81716 -27245 7573 -21635 101630 76710 -21292 35206 -46936 40373 -49511 -15192 -19852 96539 -40591 64626 38244 14434 -36673 -19359 -57900 102318 -8482 30246 -42151 -2835 -43261 -63813 -51703 12377 -11105 -9490 15287 84424 -22310 100938 -34723 -56270 25986 -73518 146437 61576 155837 -78577 64888 84503 -104366 -8012 91225 -44504 504 -139896 -7034 24366 43078 7895 -24400 -110984 47999 29707 -12249 -9415 26898 45775 109841 -1512 68165 12123 
3096 -15031 145050 45194 25919 9052 31509 48407 -6441 -37002 -67495 47225 25789 -39965 29675 39056 -41811 26193 131802 29391 -8853 64496 -28783 39826 -49530 -14799 -4973 -17881 -80712 -34737 77885 -35834 -47223 -23447 -34408 59092 -34232 81424 -34094 50670 23619 -49115 -27240 71472 84946 -98306 -22628 40126 -67041 -37029 99310 -50609 66099 63986 7692 52700 -82318 66668 -57421 85383 13898 -128409 31918 43224 41194 120476 -1206 -11865 -79078 -97753 15070 -7239 45402 53193 -31536 -10068 -23066 15970 51558 46885 10144 -2813 23768 -123209 -39077 52281 -26787 33641 -35393 43381 -9035 99746 21609 34476 -82968 36373 65164 2813 94279 -22507 41279 -38692 -35750 -5256 13373 176247 -66359 68187 89634 -36702 -114011 132271 42262 -45589 85247 6685 24128 -113944 31060 -23870 -922 -17271 -11302 70531 16591 54112 6151 7150 -16442 -146120 94120 -60205 -27603 47034 95196 -15539 22959 116042 -1079 -354 -14706 78854 16282 51415 14361 45370 82431 20327 48118 -30588 -17224 77430 21833 30926 -82801 35439 -64336 -24121 33066 -34936 322 22552 134628 -43606 -52325 13007 -21333 -39783 -75867 59725 -31746 -117621 -79237 -59563 35523 75905 13783 -35591 51267 10531 -23002 -106247 -9685 -88331 69868 62825 20688 -83961 -6670 59007 8253 24850 102566 -34901 4914 20388 -3291 -39360 21403 45409 -10639 61989 -55397 -119658 -7184 3884 17030 -20332 65405 -27898 5412 49796 -63709 -22047 -29455 64964 46953 -80572 11425 36454 -88830 -23995 -31621 104018 -5690 -112111 -156586 41179 -58616 33697 57538 3873 -20902 3287 91445 -20449 22259 1971 27948 -106672 -39082 -77798 66446 60049 -96377 50 -57576 30352 74386 58057 -8172 27598 59465 -92446 -44987 -51239 4523 -55272 -35590 -53296 -48484 14219 145249 -45207 -24760 63907 39765 24809 -41634 52525 12396 -32424 -111200 66452 -61739 9895 34813 -73646 8888 -55527 20496 18237 -114920 104131 -28258 -23911 92012 -103136 -57288 -40858 51963 31442 -86253 -32338 -40799 -63184 15736 -50038 9827 -98674 
117746 56472 4959 115353 17535 11150 56227 54262 -34357 18993 114125 46131 33344 16520 38833 -65830 -39472 -54174 134435 123767 3458 -10154 -13349 37970 -95118 -112209 36100 -17901 27587 49988 -3284 28149 8241 -70881 -10992 -60259 -37120 27930 39655 -83276 3767 35326 75614 -35620 -17362 -69829 55919 81239 -22743 -26289 75954 -98882 65490 -12651 67812 39344 98194 -9913 -73349 3449 -97328 -97572 -25345 45176 -24978 34827 70400 -58915 -814 -1537 14488 -68319 -37768 39322 -33950 -69634 48892 -58148 -40279 -62283 -11961 21946 58771 91412 12740 -99267 -130828 79493 -27784 -67696 66472 -10192 -51947 82734 -40745 80515 -94576 49945 50949 75683 63333 -6226 -33492 -60218 39307 -88776 40520 -105959 94914 42305 -65496 -41791 -54499 111721 -70830 -21209 -94965 -46473 15775 -10223 -76457 -15329 -11399 -39583 -66881 14841 -8021 -51939 53931 -19806 -8487 42976 -80403 -41841 1760 3817 10791 73848 -2587 24369 -76599 -90935 -20211 30863 41657 44529 -94950 5410 47489 -32299 26136 -101644 -73945 6465 -49237 93505 -70968 -66610 3014 14099 -9809 -100452 -62137 66308 -68444 10541 -45802 -73727 -52725 -89713 43844 -99669 -17151 -7628 -102491 13131 -27350 -62771 -60266 37850 -46908 49272 -44301 79598 11557 61965 19513 -25518 -16040 32921 -63383 263323 29805 4845 73634 27031 40027 -37189 60047 -75941 11772 20985 65220 1966 22272 1438 993 -109849 23868 100255 129306 28786 -78087 -14997 -29032 -45628 76900 29402 -840 -93394 -74689 47796 17021 39949 43273 44780 -30779 -4991 4238 -4129 63618 -58780 -28483 94324 -22012 -8385 -62497 65742 -11956 41821 -77478 -66438 -10414 -43409 -138555 17969 -90098 45056 20230 34614 -197002 -34520 69779 101932 -295 -47219 -14768 25035 -10304 107110 -42930 60958 -64554 -50791 924 -8161 10845 -170344 -28503 -41450 -2827 30896 -32826 -28768 -11742 -86516 -29550 -8832 103650 38934 -27415 -81396 3358 55332 18257 60063 105857 -18774 84630 70589 -8944 -68121 6639 -7378 -7045 -9760 -13894 5193 -59731 -49075 
-88718 -33814 -47722 71628 -35849 97581 -68219 -90186 -19466 50210 -8658 2303 -14235 55920 -36549 65345 14040 40307 -48553 46130 26126 28516 14502 40691 2987 48667 -73429 -69472 63978 -13351 8386 4024 64674 -17299 51301 136678 -52541 -56498 -41832 77622 -8455 -43463 24586 -684 25449 15120 -104672 31881 -17508 -28886 24919 32817 -24703 -93064 28552 -24797 -53177 5603 52423 -101841 40906 -16671 43494 59376 -115244 -21943 94530 -38490 9082 -34432 -1032 32712 45676 -33058 -6656 51264 -27840 70505 30085 -10335 124333 43334 -115936 51257 -8578 50124 -34329 -65612 85226 -2323 -80877 17563 -8141 -29451 52181 11073 61241 -17011 -4316 -24039 -42380 93961 -64436 16600 40285 -97061 74325 95031 34233 2911 -52208 -62423 35361 -76829 -34881 79615 10144 8876 -4585 7368 48619 -60616 56706 -16009 -5497 -7264 118626 8900 -52620 33247 -35427 24724 25829 119301 -30317 76763 -20645 -52762 -20489 -13674 -40780 -33154 -29082 -2744 -67998 28874 5909 97638 65194 -18529 63223 -108069 -21841 35017 7810 13087 -26737 -20939 -11514 27462 28094 43397 24711 59088 12411 8067 55597 45241 51454 7287 10716 12917 -102849 47020 -43357 1125 -32217 -6829 120395 40734 40893 1000 107833 -69210 -2691 -235398 128550 -10840 -44854 -6366 -36525 -87662 15448 -18673 -52279 61113 5902 40018 18069 -3765 -9699 76739 -7718 -15705 -67176 -7963 87784 48345 -6867 34572 39828 -44997 112618 45611 15915 21423 -28057 37639 -30814 -7144 29672 9266 -47375 -61907 120876 41193 62538 -12126 55995 -82577 23412 -33519 58765 -47493 -19423 -29295 -73060 82822 -15647 20542 -59753 -23578 -111078 46508 35086 77951 30786 43817 -99816 84518 -7910 101026 -110127 -47369 -74733 -13852 -53003 11186 -24414 30031 36803 85261 -33205 45409 44601 9987 -94319 31848 -23812 87490 -10982 77750 -82686 -36475 15520 48878 -20625 -24152 101345 37372 -29086 -6931 77367 -61487 2969 90512 -23346 30981 19202 -4877 46860 -44352 58335 24760 -18612 -20430 83737 -34130 -66571 -152216 
-27530 -42724 -29202 -58462 -21766 -2498 57902 -12687 100653 -6120 -50544 64387 -54683 1479 71889 -7358 -95612 -73374 -38009 -32156 100341 68121 57066 63375 81881 -19547 101250 -2880 -97275 -86796 28681 -135730 3255 101819 19634 14733 87422 26100 60613 -64559 30096 110870 -38358 -32224 -39846 -80185 57813 -33955 -44899 51071 22962 1599 -92005 -10148 72597 -72404 21305 70476 -23749 131753 18771 1805 -39417 82396 -72443 15074 -75442 -37977 76402 143260 42507 59910 -13235 62220 15328 -22405 96397 -50917 -20407 87813 51830 -22325 4776 20576 45620 42420 -13006 -95925 9519 111921 -32253 -69868 22833 95009 -1272 35092 -11551 26416 -97940 24143 -61145 -30322 11788 28320 -33413 96956 13719 22196 -41583 17253 -910 -18925 -69306 -45671 45212 -30278 19171 -79173 21241 -32721 90034 48345 -75522 -60146 -73146 -37484 41485 -63846 -16071 3599 -31472 63584 -35923 97149 -35792 76476 4037 97485 24269 -40481 42978 19736 84245 36797 39478 -31855 11564 105914 59893 57094 105462 -18630 56936 -43589 890 -59435 -32619 -41261 79554 14837 -1306 17713 39955 6720 44407 62939 -4132 -36708 -117924 -9256 35913 84144 60129 -65650 -24198 25171 3976 -28817 22008 -123483 45275 -16046 -74143 17061 66912 47590 57608 56341 -54019 -61987 40435 -74288 13972 -3068 87364 35093 111501 132695 88321 81196 44926 -17853 46743 -23 27065 9655 -98892 -46066 47955 -61052 51186 46887 8618 -1316 37520 60887 -78485 -41177 -21 45919 -17837 -37392 -62858 -39948 12459 -29006 100631 15511 44584 43434 19644 17286 -89594 -43805 86725 -63027 47877 18585 -19113 120418 55486 -83344 -117239 -50582 -26333 -44073 -69816 -51033 -44932 22928 107909 59229 23608 -59448 25436 65381 9077 -56761 -75066 59073 -31744 -36946 52911 -42823 -5709 -10459 19863 6244 -56664 56979 -69824 57341 -3181 -49544 81060 46006 -14066 40761 -68090 -25178 152061 44137 -11315 43599 -43211 -37474 -65411 40150 -5399 -33571 28413 26651 -16804 -47115 -47803 17987 -23994 -48858 55917 -4632 
43997 57017 19147 -4337 49794 -54132 -30949 111281 49292 -9164 7395 47699 -36938 11224 37921 -21221 -28495 -113200 -33945 -42291 13596 14832 33204 65361 45595 31545 128539 27724 -36301 61492 -10741 22147 61418 77487 -75714 21431 10948 23194 -11831 -7572 48006 -6181 76332 44326 24216 21266 -38058 -70823 36496 66431 41414 -115343 38100 48418 -11190 -36955 42859 -52506 -42134 61497 61923 -52506 31259 8209 56132 125858 -77655 75533 13477 -24997 -73589 9117 -33118 -9510 -86765 -38 12165 -52719 -119740 -97857 -12143 11209 29821 61441 10910 -39508 49119 61330 -91016 -20136 107954 7427 40551 21972 -25263 -43767 11807 -12487 117781 15752 -2380 -10110 67911 -1075 17659 -86408 4066 -59829 -3894 60902 -53107 38063 42639 32863 -12085 -20954 -39148 27000 -25187 40187 32875 26041 31332 18215 9820 5752 -97597 -14303 19508 34838 5989 -49578 -12870 -40267 1274 -53822 -27900 52716 27659 40288 27468 -6019 11690 1298 -59084 -4885 -107999 -12012 -41480 -58873 -17126 11309 69143 -67562 23396 -51883 -60096 -72423 -21388 -66616 37302 -30279 37394 -19269 30675 57341 34874 7581 40599 -26958 -12043 -33141 7473 -124492 20118 102283 35549 109329 -20274 -12038 16237 45993 44215 4337 -73132 -13716 -90231 -31621 22748 1239 -37653 -12537 -29561 -14368 74039 98170 47529 7814 59941 -38103 49708 -111384 22118 82107 -89490 64 55709 39511 43956 130774 37838 -2398 -23622 41607 -96559 -17529 90201 -59543 118484 8289 -82189 2569 55694 20086 -44962 -17310 3461 24653 40357 7056 -8257 46037 -16361 45081 6160 30679 -10383 1721 43619 -28970 39679 52787 -89252 -41141 -71299 27328 17824 -23517 31904 23951 4661 -4728 -27252 1955 -11272 152418 73227 34704 -31682 -77026 -56314 25011 -14839 34405 3026 -41951 51563 -43956 -4641 -41731 53467 -33233 49641 5034 -132104 -34476 61925 26254 -4843 -99430 -1172 -8862 55050 -55682 12820 -29598 98046 -35913 31021 61631 6753 -80372 -33754 11981 -52170 -60368 -5971 20634 50848 -30378 
29479 10935 -28792 10069 42057 105041 8624 -117395 16826 -2840 -38341 -5696 -162303 -72289 -40123 80041 -21231 -33846 6808 28834 39514 -32705 -92048 31694 -13642 -29962 13384 17527 45829 114574 7122 27371 -38711 -119885 51613 17523 37056 -139481 -48510 44574 18309 -70447 -16069 42573 4756 -4189 -50267 1019 38046 30064 -8800 87116 48482 71084 -16424 57126 -102140 19196 91114 4184 19598 33998 116067 58994 -84673 -152138 -42488 -105147 -70246 -39961 -23179 -83424 -37964 -74283 -11785 -40150 -85019 -34069 -13351 -74122 -38097 106552 -82603 71108 90160 40125 -24755 54006 11563 -39417 478 -29581 -113838 45488 40345 -57540 4392 3618 9989 -21530 10141 -50656 20638 -117001 -9931 41868 94461 71114 -29742 1593 16506 -106894 48930 -11703 -62986 35536 -63808 32405 -14335 -14071 -76642 -92235 4948 -37980 -31450 82191 -128802 -78305 57334 7396 -46049 -36248 -18969 -32982 -26618 54789 68211 21615 -40386 -5328 47591 -36637 49178 -54980 -55679 -54934 -14582 44736 -9830 36051 -14702 23351 32949 95774 -95654 2731 96598 -63829 -29780 17439 46669 -37790 79916 -55919 8492 -14673 -31918 -30992 37259 -96561 114163 -35182 -55473 37892 43942 -118597 7883 -32915 -64495 -43607 112584 47145 -60959 96489 47507 62792 104700 35236 -54342 33853 21705 -97490 -108251 -29769 -2359 -51378 46315 55488 -81795 13632 -29561 140219 45748 23843 20169 -55919 15731 57206 6759 29799 -76863 41244 16310 -29347 33725 20669 -6128 73168 14870 -70341 -23803 -22526 4284 -169580 -11327 -16108 -45398 4618 -137190 -69399 -3555 61304 134083 -26323 40814 13718 60654 -45029 16247 -13509 -199085 -11276 -34845 -59861 -17393 29384 28586 48852 26709 20334 -51110 52092 68385 -23583 -65406 -1725 25063 106376 32664 -22947 144206 -9586 25634 135684 -44872 -77374 60871 74962 -49534 -56182 14879 -74884 124163 -119192 104303 -14084 -55389 -122578 12320 48715 -39606 -4305 -119786 22051 61787 128941 -25492 55886 -99400 23591 72651 7922 44034 67974 44762 112073 6645 -35255 -49485 -78707 
3527 24167 30861 68503 15556 1860 49122 37766 27388 14745 53309 -117288 149589 -22657 31273 42485 -45518 96577 -2758 55882 78692 -22614 43554 23183 2728 -53332 -126028 -89474 54546 -66998 -63164 63236 -2124 79390 53199 34393 105827 466 -30504 -34234 36930 -64027 60823 50745 -11153 44202 134647 11752 -34991 16289 21647 54953 -32993 32086 67828 22321 66301 -25996 -19927 -13771 13503 -67060 -74179 57014 -15325 -48345 23538 4710 -64799 -53393 -43885 32516 72944 56616 -42476 -43551 -11651 -76610 42008 -31899 13596 2752 -16084 6166 15379 18973 -132090 42542 50940 -2851 23686 14657 65889 11925 72570 -39917 -23030 26280 25308 -31776 -10603 -124511 -66513 -64767 -37730 8821 -33902 -25868 31176 40801 -10831 -65935 -92411 -74196 -24131 -60 29982 -27343 -111971 -66218 -69754 88657 -24074 54556 -72243 53582 9317 127404 -87631 -16377 10370 -67056 12919 29163 -2690 51287 27756 -858 -28189 49171 -42922 -47814 -39425 19279 -9706 40608 -45875 61162 -25684 27672 55213 -2198 69691 30187 30655 -83129 41426 22447 15027 -44885 42245 -19294 -36965 -46501 97049 -73448 -37197 -32370 -47751 -15108 106477 11917 5968 -13976 -107958 -81030 -100872 38889 -1025 -66689 40678 -74018 33276 48763 -79753 116956 31740 76531 -48729 46752 49617 51694 14793 117283 -25208 -57103 -15419 4151 -57808 -34842 2679 -55358 -1269 72143 89756 -132374 53492 48550 -72446 -77824 -64778 -9737 -52614 -28681 -64281 26035 -76403 67642 -13437 32239 -31236 12718 -4773 59263 39305 12407 -121462 -94640 36297 79173 35665 -30686 71309 -35656 34495 21054 -55564 -7857 -3338 -139413 -4704 -65799 50238 -29489 -36643 43631 -43116 -27503 -10851 -74095 -4388 51095 -4716 -16416 -18577 47697 -168884 -97002 40075 39248 27586 -47218 -58779 -152433 62012 159 -16577 -54292 37563 74761 -63584 -95412 97038 26485 -55590 -74080 15130 16282 3459 -40104 58500 7961 -33140 -17077 -26170 -89065 37451 73125 27586 -75191 -139497 12001 -83876 -110372 -177376 45888 -17154 21831 -68330 42148 
-23033 99790 62905 56553 -42909 -40330 -27290 63680 -57478 3291 40485 35216 -23622 86285 122156 31438 -24827 -10646 49432 -85668 67534 15855 -10244 2423 -19345 -715 6760 13018 -94547 24220 -65097 148020 23792 10404 -77895 -1816 40058 15467 -16595 112570 -84405 -17155 -34792 -349 40937 -18616 -36891 -58012 62329 -364 -87370 25814 53623 -28716 17469 -14818 121767 65573 10666 57924 28400 69155 -92580 82650 13 64892 25365 66008 -11636 -109193 -62612 28589 84894 57283 -66455 -5998 20370 36296 -112283 56829 -95326 96979 -105184 -40115 21126 5104 47512 94680 1810 -1634 -36476 42363 9924 -50148 -48056 -57604 -97263 30552 11903 -75772 12831 -9919 -43744 -40361 -64138 -82759 -89361 115103 -70105 46493 -26122 58312 -23393 -18807 21610 62936 59829 -45268 45025 -62854 30516 64288 -119279 -36813 -9688 25298 3204 133383 -82475 18639 -71954 69784 -41989 50339 -18429 14869 -29553 28743 9850 105489 62452 -3183 -66189 28436 69543 -101918 24689 73130 25020 -23479 -41890 21848 103661 -44730 -32577 -51572 16922 34498 -56881 -34599 -130278 -9456 -49003 41752 -30907 47705 -48547 4169 9527 -25609 99975 -34470 -2538 -37272 -16167 37561 -63696 71501 -38156 -136281 44382 30509 14598 -48187 -17857 -15671 65250 15023 -16658 -133000 21166 -86363 11182 58383 -4433 43557 59369 37389 -22970 -81790 54212 -34241 114872 130756 114608 -12189 77346 94139 -847 -13977 66683 -11302 -81160 -27366 28815 90466 -88402 -16439 -52643 -10214 47056 165 12597 53023 -47045 121393 -5725 125766 -73425 18708 -73702 -11184 -86487 -100027 47553 27742 -15130 -63871 8334 -13606 115937 60464 19395 -8681 30025 33353 27687 -44813 -44495 87326 65152 57603 95808 -91335 50154 71958 -54205 927 -9282 -11736 -16700 8341 -69987 15719 49369 11050 -1622 21237 -79172 -73782 -48981 -63715 -55840 43370 -53424 38123 59934 -7020 -2329 -2656 7285 -14193 59614 -854 -63677 44024 137834 12094 -21905 52420 -20628 124603 -10449 43510 -21033 -37044 57449 23320 -39329 29897 
-8644 130727 -34041 106980 63710 57619 -89888 88144 -152961 -107940 48361 42746 -15992 -74220 23226 -32056 8962 -9024 43160 19807 -26721 -4093 94940 30845 -11575 -64327 2336 24086 24637 40198 -38088 73255 -4975 28451 -49550 40235 53584 83267 -18085 -64258 25229 -79989 45773 53041 -62218 -99429 -29764 -498 48816 -49360 -29052 -37170 2797 -89604 25168 3783 44996 -7883 -18614 -30655 57148 86605 59674 -44060 46752 -974 -18618 -16429 32914 4894 -22598 15914 7601 -69971 -50783 36497 127186 -35105 5960 12990 22067 -4129 94899 32650 25628 -21398 -136234 -56691 -27819 23987 -31624 70725 88255 29382 12206 111921 -68506 38786 -99529 -68422 -135988 29088 20253 -6989 -21312 -40020 -107419 -19026 -52640 25937 -4261 88199 -45892 -34050 101020 8435 -24704 -15227 85566 -39932 62596 43584 71339 54246 125744 -45461 24466 69220 70242 57514 -65928 -68229 49113 -33083 -36335 55856 -18357 77623 15398 -78187 9915 -82641 -75912 118212 8618 62148 17305 -1577 -62598 -72020 12951 -63820 -53779 -40373 -61960 74018 -27744 -88784 -81887 57833 -62969 32170 15067 45350 51968 -44554 5081 126488 -1026 -35973 111327 39408 -13093 80789 -4014 -13564 -74655 49862 -25224 26172 -18849 -55912 20700 52088 11596 100999 6584 -64592 66353 -92873 -39962 111738 77431 36671 -54189 -73172 121738 100321 -99821 8947 46932 28251 -53123 29671 89672 66696 39334 11954 -9235 9437 -17536 119503 27810 -57995 33039 5085 -94772 119235 -11937 -61988 -14514 37598 31085 -85283 24223 11044 -88327 -65413 -17560 101527 -1268 -18936 99795 -56580 -87263 10867 169930 56890 31140 49976 -25005 21820 98375 -11068 -54580 -19468 -21958 40910 55000 45183 24238 -6457 27413 62544 -83332 -14119 -12911 -32607 -32525 27196 -99692 32385 16835 -33527 21960 -51197 -648 -24483 108853 -31440 30164 -57278 -18149 70509 -130494 -105526 -100237 -43502 -122575 36468 -24217 -31714 -40985 -26511 -102920 86841 6179 51177 74918 16213 24167 -93506 -41319 -4299 51931 -39812 37023 56948 121187 -55686 
-1708 -21707 -55926 -88441 86925 35879 -99586 -17548 -110060 -7315 -73425 -69769 -10693 42121 -110450 -52332 58045 -16340 67629 -45384 50243 359 -72972 -65734 -57289 8513 33037 -96715 -16047 13517 71822 -8483 -11179 27175 -32538 96464 -79254 -2755 54850 84026 48637 -6740 -2547 932 61080 -29496 38981 -141275 -33130 -98284 -55970 65877 16310 -17853 -79983 -58005 67267 -45106 -114085 -3450 -44487 -9441 6127 -20318 65128 76426 69232 -53856 21341 14350 -20575 2048 97179 -60393 39750 -30193 -36752 -95190 -56171 -35679 -25457 -13833 23598 -27503 9539 30463 -3116 29404 -32490 -102689 -54495 27767 -28808 -56253 27885 -75941 4378 -43584 -43103 25049 -67033 -89692 -178062 78750 -120878 -29462 8219 134193 15801 35072 1729 -102661 -85699 -33364 -92830 6250 -7537 79418 38960 59725 59441 -111303 86303 2007 -32143 -2474 -29643 50835 73520 21827 18673 13562 -18414 -9795 -95078 -42627 -58231 -127032 -43242 -82744 -42133 -235 -72867 54713 41908 -29483 38154 35392 -30690 -55467 84116 40549 74997 -66430 -6779 -14973 7858 13949 -3096 85052 49104 -33273 21678 -21525 -57206 -571 51751 121422 -49863 23209 53714 -10596 61363 75017 61895 -1223 25218 9837 -50121 -30590 -21994 14772 -11298 -22527 45319 -86068 89484 -28183 26491 -39705 -174389 -55553 -68731 27412 70396 39279 34706 40867 16732 -35882 -65562 -76885 4327 -63480 60051 44018 111464 -36056 30125 -39835 -80553 -41144 -40290 -29950 -107935 1563 43935 -51143 -40487 33202 35181 53138 15203 -16537 58500 -69839 21106 -76866 -185 45507 14832 -27095 75218 -6684 -43741 84569 31297 -835 348 -39056 -44884 -16035 -17115 -7536 -63394 -45700 28653 -77973 -55306 72712 -25112 38250 39751 -81974 -7024 -29634 -49602 -59963 59947 -73232 -57253 43066 -73034 20119 30445 104175 84924 -30046 -102087 -84481 -29419 61165 100492 48257 62393 47660 56357 -47061 -41686 -102810 -105471 423 75644 -84740 56196 26182 48994 81050 -68973 63363 75677 -72594 16723 17609 17729 56028 112146 -45664 2493 115128 
13784 -900 -23269 87653 -53912 -37478 -178975 -82008 -21272 -3504 -5325 4646 -74361 -14214 120115 -2148 -12347 25466 -10503 1745 42180 -76623 -27806 -88439 -82709 -110716 -4042 36613 -47863 32379 112951 -54421 9718 -33965 -35227 35216 15128 1402 -108058 -34037 60250 1784 53889 60528 -4803 21269 1568 -91226 -31346 -8988 58557 -24557 52339 -41512 47508 -1790 6977 -10555 -10581 11257 -48045 -46335 73440 -45185 -26995 21059 -8909 42823 -65873 25409 21396 -54516 8567 26478 7533 56296 23644 -19216 23946 17978 -27718 -84920 -54344 -6049 -14683 96450 -110647 -12344 78262 -10959 -25185 -52639 -57688 17634 -21568 -69743 -116730 -4300 54620 79558 8897 759 -20636 -44270 2142 -5106 57341 34472 50098 4701 128947 -42997 -10331 -58826 -61521 15065 5823 -9915 -91434 -49862 15563 -77106 -3497 15348 104879 62321 -92907 -49938 103005 -124372 -79581 78742 -40854 -130218 -25576 52625 29501 -20271 -6469 -91789 -8742 110305 24227 118217 -89579 -70888 28616 9327 19528 -29718 61132 -31236 -51980 -45564 10373 -52240 -16270 -27784 101586 30318 -82077 -28024 56718 -48664 -55066 -30531 -15316 28868 -134723 9203 -56310 -143874 21469 53061 37467 48513 -2935 -29787 -10520 -58097 -28632 -90500 -554 64294 17454 77928 28989 -37061 -72234 12990 -15458 -15679 -13975 38016 -89451 -42832 9947 53191 55370 -86495 -6332 69748 29887 -9138 79590 -10191 99359 -34159 -71208 17573 -57179 -20760 -16071 18450 -87913 -49288 -36119 99017 -44011 -61819 -30251 30735 25051 122013 46802 -77974 89392 15610 -48169 38693 13226 -201835 -104065 114300 34658 51443 99983 68680 -77617 34199 -61304 48718 22016 12524 -34104 -51984 40895 -24451 -11853 9869 23311 -14041 91353 -72528 -16053 -67007 -101108 -80392 3959 -34534 137121 -12935 -109635 28676 61402 -99755 23425 40154 -103297 -103440 55501 41248 37834 57410 81581 -11980 45924 -47501 -30155 -67795 113976 33085 -35591 -77409 55296 -61442 66441 44292 41488 52839 -126960 -174718 -57196 19077 -34153 40077 -25471 31801 -25271 54960 
10061 92440 -30462 87091 1176 -16852 -90515 68322 -25842 -32715 -46790 82014 -41176 -67678 14357 -82147 98594 -20124 73141 -53082 6124 -39798 38566 62690 -76362 -10071 -128953 16526 119322 14205 -527 60272 56370 45108 18310 -13600 73537 -35232 -69004 92854 72129 -65281 -4506 130129 -36312 -106179 18306 -8998 -3290 -12252 45469 42446 6565 -50859 19267 151847 -20436 -26174 34667 22420 -17380 69888 56864 68929 17331 -6130 63359 -32464 -62093 -16737 -13600 60312 -59080 16948 10875 49947 52678 -17424 -51284 -9688 21759 -95341 46744 -25754 27251 -12590 41130 155887 56150 -15484 -57574 -14044 1657 40348 75879 -3890 2522 -68353 72156 -105206 -47539 -15810 -636 -9861 19004 -2328 35146 14500 -18810 102966 -2610 40874 -5542 47759 53666 41107 -97773 48383 -27883 42838 -73308 -62361 48600 121002 -57516 59512 -31516 14662 62965 81065 12130 91489 20164 -107906 68184 -1592 48671 30745 6874 12706 62930 8995 -6912 -33135 -75989 -54559 -110879 -10986 6660 -57722 -86013 -15401 -4984 -34129 -36951 27333 -17058 6415 20304 108236 -30427 -31433 35416 -31027 -31324 -97707 52028 42868 -3908 95292 -1969 -3853 28654 -7420 2712 72781 -153046 11577 -18649 -27837 -96657 -8643 12442 41624 -34347 100318 -58590 8320 -135020 -119764 -7717 -24251 -1229 -82318 -36350 -13102 80184 -94987 -67510 32399 -81884 -29456 86337 -71270 -18653 6141 -41590 -8906 -61393 83588 -123068 48813 -105630 172830 -72977 -43366 44079 19508 -13077 18400 19723 8031 -51541 71560 -121919 10126 -30092 -46515 105306 43786 38576 3926 98363 33550 16724 -97408 99081 -10185 33334 12109 -75430 -6844 2379 62975 71983 33200 -97489 32733 59493 82252 -27290 -34478 -27807 70619 5292 45680 -52479 -35346 -32211 13374 41615 50718 -75235 3574 -56680 -12074 29138 93628 37890 -53209 -90636 -114682 88164 20504 -103612 -62188 58506 66378 14218 56696 51023 16920 -4070 -49799 -25373 583 20821 126299 23120 10124 -139327 -103658 104032 -94454 -10817 -78223 23694 66611 63049 43835 
-64687 -82504 38521 -2229 128952 -72746 -37591 8401 -82367 -26216 18804 -24866 -3483 16492 60720 -43988 -2661 -99439 -77530 15401 57926 18971 57632 78381 -5761 -60049 91853 151146 24119 51251 76743 95705 111489 6452 5154 41678 40176 6124 -18545 -29703 41722 3336 101336 38063 -81998 26874 26900 19437 -47317 10807 -17872 12110 23439 -10559 57281 -18989 97704 -13697 4978 6360 -80429 38622 -27850 8363 -33532 3708 -24422 -53994 -9455 -120071 -75553 20400 -8562 -20788 -41562 32012 -63290 -17670 -31357 62793 6773 -49458 74159 -40585 -77798 -73901 -46836 -16212 -66140 4811 38262 8818 -47788 -30913 34211 15667 7943 -19867 44641 19701 51531 12343 27545 59515 19041 113622 -72516 -57705 33421 3878 21141 36654 -9250 84433 72535 51627 -30467 -49574 36503 -44798 -68760 -34311 -64948 56731 70820 -42121 -9595 7279 46548 -5922 -45532 9699 9485 26885 802 -36612 -40698 -13048 -12263 -49125 -29531 57420 45732 -20159 16062 72256 18988 -40870 12629 33823 -32744 -43183 10473 -45533 -46779 -7237 -26434 -83905 -96392 -93312 472 76981 99498 -38813 33231 37246 12571 31400 15784 -7390 -107024 -56054 47716 112068 -44524 98981 32071 -4997 -31630 43255 14730 62347 -126842 58809 44713 153826 38209 -86381 -120038 -26782 67323 35730 75033 -39712 4348 -25548 29624 83564 35804 -23984 -9063 -42294 -31750 -38283 94081 22159 -16369 8035 -47404 47800 -22891 174411 -112387 -35775 89308 -24324 -56134 33554 -45309 79647 -96017 -20160 11987 2795 -53330 10753 -7625 -26386 -53728 -52131 -32383 -46134 55857 883 39645 -12219 -23169 -104617 -57000 8866 -16995 68271 -41052 20129 35851 -68448 -47224 -10750 3107 32494 -45547 4686 67093 29228 -56312 -21033 20519 70424 -116700 3919 -10207 36512 55951 27386 22272 20492 80488 -37773 50903 35715 52816 -4922 567 -27818 -14174 -68764 -28245 -22239 -139803 -52741 76080 -44836 14485 -10373 -42620 36944 41181 -28403 -32399 13403 -76045 -64129 -51922 2047 47717 27404 -6440 114139 125331 -34328 
-41608 -18690 -102030 -11456 12686 3661 -34526 5825 -40842 -8237 258 -29278 -76289 -15004 -17446 41377 77303 -35731 -17368 118568 33867 -6351 57957 -84686 -47785 27951 9970 -17495 46098 43707 5821 82762 -2844 -120782 58214 -87222 19514 57331 -42953 51687 118456 -46164 -51458 69804 -48608 -1002 -69538 -69480 -38015 -72319 -108549 11421 27475 30097 8426 -63695 -667 55079 -34556 47710 -5028 39985 35742 -110251 -21182 58261 64236 11512 87371 65040 -124285 -82976 -123320 -4157 -36198 14043 64286 29921 -88770 48596 22836 13181 42526 8966 10902 91234 36955 4184 -37436 52451 -68730 65027 166483 -27294 -15549 73806 -26887 -38258 25548 63601 -2309 -102229 23841 -18572 -33033 -32197 -2664 -24486 2830 31207 22123 -29358 -47449 78615 -22572 43298 64425 -58010 22498 42996 -27946 -21153 10893 23856 718 -11930 -42925 -50647 38979 -105823 -38664 -46486 49115 8640 34989 -14990 35741 46450 -28910 -14490 -29255 -25967 -141797 -45837 5372 40760 54739 -115548 27749 -118517 -16793 -19683 -125853 22650 -49647 -12971 135461 17126 -21522 16709 86482 -30668 -11868 2757 -58819 -58406 94650 40614 152191 -62039 -70384 -7670 30219 -43166 -23680 43172 -72895 -43386 -53806 20793 -6867 -4291 29494 -14703 127049 -1015 104274 -65792 -11080 -62049 -5853 33314 -10591 85221 -76258 -7772 -126287 30009 -45173 35561 -20923 -50313 9462 -32420 107725 83363 31660 -15820 61064 50915 45773 -1882 -54878 -18355 -3206 -44878 64679 -16332 65875 47878 17447 -42593 99393 6307 90889 441 91959 3047 -12855 -27147 -7598 -51578 67257 5730 18370 -97445 8001 23964 -18233 4955 923 86424 42374 -135479 59682 35984 20382 56909 167 -24653 -67305 -61441 -91266 -34750 17186 -37866 -16376 2593 59753 46482 -44286 -27879 89334 9923 -44196 16308 -9399 -49974 11791 29869 26900 281 41426 -55510 123956 35622 -20421 -22307 -58213 -125485 14918 -64132 123421 -68972 3202 6568 37204 4350 -10266 -76947 -42789 -57848 -13866 8058 1985 25104 7622 -101414 25197 37995 
16243 -103085 20399 -8219 78305 119760 -13849 -63394 3415 -42022 -51065 -30163 -18423 38971 1595 -60340 -41195 33319 -94861 -46934 -72984 -66105 94694 -59758 -5989 7990 3269 44380 -60732 -105778 25899 -123773 16688 -69438 38803 -95815 -4837 40807 5938 -6624 -43089 -3078 11841 -50079 51315 -18583 -81451 -20032 -110086 -4940 -30592 43678 -45975 -26609 -918 -19940 -64019 17233 -8956 39544 -84396 -5700 -102203 -71622 -39680 -70563 -19856 58370 -39739 88815 14273 -46434 7434 20577 27404 -249 6980 97769 -65110 89332 -70458 -97213 -98719 -43716 75426 -88175 -15436 -17676 5132 -29524 25758 -78229 -34137 -16230 7849 -42299 1640 -4796 -7885 35940 50125 2037 -29747 -2943 -26744 -21778 5660 11844 -9177 -19373 40192 4408 -64644 30543 74918 -4006 -25990 33653 -196254 -25914 -76120 10341 23795 105646 -10902 -6956 -88037 -93504 38327 -30364 26809 54907 38289 -88465 5481 71633 40678 65583 25851 21557 -79057 51746 52382 -16201 -28541 -29597 15161 28606 -31788 -28776 -1310 -23852 102056 -48774 14891 -41927 -108736 35750 94654 17764 4602 -33892 -13368 -17044 -55809 2845 -80078 -67753 23098 -72905 -62968 8733 44478 -28105 11366 -24608 44477 14365 -71326 -129326 -44012 69106 92604 37007 44424 -972 -32184 35563 3733 -7218 3054 -113928 40563 -21154 -39826 -35347 54808 -7405 -24533 -29071 -48152 -81641 6882 19098 38302 -23979 29503 -44010 13213 -74504 17063 -204756 -10015 -30820 26383 40809 7992 -476 -9870 92621 90483 -41332 3306 11749 3083 32911 -6131 58551 -77142 16902 34073 6454 -132790 41177 -107455 61814 85577 1120 -1888 -65524 87119 80528 6159 -46113 62100 -89108 -6103 6657 79839 52092 -1178 62789 -37795 24361 57101 16448 -9027 -59507 -122737 111642 90018 35110 -50724 35425 -10355 -40960 -37920 -62619 -20547 4779 17190 -50746 285 -10566 153583 -107270 88069 -9830 46337 -68924 33475 29062 9115 43119 58742 34212 48258 26996 -41019 -26297 11893 46926 -60545 -35429 86032 81014 61280 -25739 -4761 87277 
-11563 -16272 28506 54936 111767 106998 -4571 -103857 14762 -2364 73661 54308 32070 66604 26041 -64953 61234 53788 -90575 24013 -34606 -66051 49806 -151782 51670 25571 8696 11085 90875 22208 72789 -74750 -53150 -68094 -18488 172671 -11639 -42180 75341 37681 96285 34912 -58020 7524 -83712 58955 107929 -103832 148268 -53317 -29435 -89 37769 66367 61549 33402 64895 131347 -53733 61590 -5337 7624 -43644 49201 64380 -36768 -70157 -53486 -80651 -13610 -20326 58111 80713 -34901 27385 -96017 11142 -37482 60543 -26442 -32238 -23252 98419 31878 -147777 -20602 59725 -70044 17249 -813 79989 5664 -16524 -26241 31524 -69987 -146821 -2464 49583 50357 13609 -38385 51426 -70670 91233 -22223 -6486 -10358 -11438 -50297 10899 -88155 103125 15072 7087 3672 -105266 -43534 19315 -31306 14362 -72134 -66807 -53343 125002 -13951 -37549 -7411 -34327 29027 -2691 -41643 68101 36083 30345 -26291 -20367 -48268 57304 -58668 -97632 -28246 -62178 -13682 59503 69905 -25777 -67268 -7870 -100680 78282 57215 -49115 -19117 26671 -65169 31309 31715 -50850 38499 30398 -36711 -96244 161681 71706 -46225 11736 -62071 115928 62693 24673 -26322 -12470 -20745 3699 15651 43491 32356 -10637 9108 -103889 -25636 -52364 65974 62284 -2206 8293 -39067 -121294 -6730 5399 -54105 -18750 85291 -83108 -68116 -7342 52255 -43534 69577 -27267 23558 42156 -71119 -103469 42934 190931 -45878 -4955 -35224 30698 28587 24224 -65204 20241 54923 3330 -9736 59810 52211 -56945 143879 27011 -11086 -116456 -14102 112995 -101655 94205 3 25546 -42353 -39405 -87631 113118 39231 -566 -83316 -98221 28043 1265 65873 -46257 -62048 46560 88240 -34617 -118015 91513 -46683 -12672 53531 -50655 -46770 59162 78437 -18562 -33282 -53129 -26010 -33194 -73369 48155 25343 49287 22274 84557 41866 -47308 83893 9331 68402 -16202 -7195 -109756 31813 -5357 3290 10890 -29472 85237 58383 48095 -49162 68115 -18888 14893 -64548 57485 45708 -100267 -6349 1615 14205 46283 -43880 -51612 11703 15233 33398 
-102877 -41373 -24925 8571 7437 31197 -21145 -75711 -5001 -62034 13369 -54653 102942 732 5771 24674 -78707 -44625 18699 -77917 -160677 414 -70003 -21996 -14246 31905 116871 -293 -73587 43663 35394 4050 54813 -28378 -60600 105173 39072 7458 -2245 85183 -55433 -36646 19851 -73922 -101213 -69902 47131 -41800 8507 74178 13310 -32521 40055 -9293 10328 -78387 -31063 -6735 -15821 49934 -178 -80060 -46376 -108695 -25009 76130 -90262 -45396 -98316 -72323 108730 -9032 61021 17643 -87981 48890 -37359 46953 42507 -57001 80314 -64516 59472 -129929 -31604 -54423 -153059 67873 34864 -2807 45051 27671 29808 -32000 25417 54630 46585 146043 -42741 -47804 126896 96117 36456 72987 -8366 57161 39635 41998 -24058 -121170 83241 69495 48867 -114013 -2650 -32141 -66102 25537 73462 13360 63227 116675 -44062 16515 -13167 56867 -108047 63554 331 32438 -61824 5630 -27034 58714 -72718 -45363 -24114 35862 -52788 -129711 -60977 72944 15255 -76589 -15628 74326 32320 19892 51614 -8924 19661 12413 13466 -27937 20766 -30250 19400 4496 26101 103623 32952 -16904 -31430 -17961 36422 77126 998 33243 -33147 29181 71456 2494 33826 -7470 115857 105745 40444 4807 25608 -58167 20240 -45311 -27086 109092 -45742 64342 -84254 -1782 4310 54232 65274 -56714 78916 101645 3103 -69182 22620 28190 -995 -3562 -35185 37154 -14836 21784 -4663 20450 36735 -39175 -28093 10727 -49283 49267 -16810 50112 -59571 43880 61287 -22891 19337 -37115 -115613 -25026 -12473 93372 -2215 -116687 -91321 -22932 12481 -44774 55881 -53207 -71673 21946 57044 18263 -102632 -4582 -87498 48485 72438 87254 27016 -3402 -118938 -37419 -68776 -109043 -36917 77181 -68147 -53656 37903 -54685 -72698 34151 37764 -9456 -23940 -5151 -26450 16327 -6551 51860 -21448 38549 2519 1088 19205 -32563 64279 32790 -27588 -18162 -89479 -45065 4197 -195958 -22035 12723 114526 27608 72284 11880 100046 -9262 -71892 -40573 -2235 125867 56374 45419 18136 -6133 51471 -76310 -97783 -15327 36139 122421 
-30068 4565 6425 59687 39275 41839 -25004 30735 73355 48369 35429 57075 99436 -111960 -90672 2203 8814 4555 -55703 11686 -7041 38642 89968 -19607 91184 -80065 4345 -76603 17036 34040 68592 -49087 -30692 -10723 46486 -84650 -73307 -16436 -21349 -13012 8730 -48605 22317 -128476 108353 -11437 -30887 66475 -28008 -29441 94378 -58800 96869 34238 -30801 -75758 35121 -75677 -42806 -9943 -37244 10340 -13509 -79957 25650 -26792 26127 -11939 47345 -88889 -13780 -31350 18428 -3696 71856 -25410 -108616 60533 -61686 -29073 -67179 -101265 -14696 -45629 55801 87769 -34991 -54047 -24999 -99545 -49233 -5622 -24084 37194 -52936 43370 101808 -82894 94074 162827 22593 -24122 -1515 77814 2716 17779 5854 5271 -2435 54392 29185 -5973 18975 8958 32235 -33984 133 -1995 -95343 -103497 17553 103534 87315 11345 14076 33089 -74673 -13941 -17912 43807 93054 100970 -8605 76315 -37645 -80379 -19886 -81500 -21502 -20137 -39877 98434 93221 6499 20244 -74539 -40202 -1747 142585 59158 -5751 15548 37469 230 -26871 -15613 -69413 44973 60261 -58681 -9838 26088 -26237 -66515 -27583 13609 -26559 23305 -79521 21572 57839 -39075 11430 -56714 83033 -33017 41611 70051 89466 -9243 -42981 130122 131607 20159 -68198 28639 103451 50 52914 30678 34174 29876 -2920 -137361 126105 -159408 42364 -32135 34876 26174 28574 -26304 -106960 79720 -758 11298 -19391 -30104 17654 -53491 36929 -73794 22310 7470 -3671 60640 144121 40338 18802 -35523 15711 69042 -82843 -38249 -25492 -39873 31159 -1910 -129606 -12366 -6688 145341 35704 2881 99146 -47450 15356 -53865 -31447 -59663 -28877 25319 -94988 44338 14588 -3937 29413 -53376 -88 -9518 12233 -32787 -24593 39616 -28537 -32788 -82950 94125 -123276 77013 84483 38264 -14843 -88555 -63182 33588 25662 84724 17853 -69004 -87987 -64428 -22038 -75082 -38288 -61555 -57937 -64576 77936 86186 15695 -21939 -125954 -2411 19868 1083 59561 33033 73519 -6564 -21326 -40837 -74898 -76862 -3875 -34582 -111562 -90482 -1033 -63163 
31215 24560 -18335 -35452 -91707 -100066 24321 -10179 -10831 21691 44174 -4258 92089 44746 2694 50285 -39651 39688 -36107 33836 58749 -25511 14226 -14403 -39028 58184 25924 11439 -10502 -47269 14243 18387 -24145 -82788 -14190 -81959 23951 -38056 -28434 54539 61336 -97074 14733 -28703 -13037 3883 24559 -17197 -51458 -24692 -84866 -71863 -88017 -131619 33753 -101274 45879 -51827 -68619 2449 60903 -53882 -23413 47942 -63954 14820 -3214 14846 -46431 -29169 40150 26145 27358 32999 67811 -20019 82463 71306 91863 -32328 28742 -74968 -17949 61976 -41545 7346 17753 -72679 -54542 -40271 -19691 -17365 -24720 56853 93646 41175 1931 -34133 -60017 33309 82733 -26861 50247 -35953 -5839 -52306 65606 -78587 38986 -34341 92837 8537 -83263 5146 41792 -104632 -113736 -31276 -109454 -36900 27979 34575 14370 -57254 -5602 -56854 -41195 -4238 -55232 63639 149992 -40975 66267 67053 -12537 -61597 34720 -17325 82475 71682 -53052 150645 98729 -130871 -64102 5235 19598 27587 5415 -77312 -95183 70210 20917 41522 67635 -44150 67957 75554 62269 -7089 33764 167558 5815 116598 -131658 24351 -103546 -74709 -70981 -27619 -83087 -29212 20165 -3073 -88899 3905 39407 -108126 108810 26959 3035 -60012 -19803 47610 -12645 28208 -65893 79396 22942 36744 -92468 -24278 -80594 -4075 -51361 32061 -24638 17073 14975 15027 95407 -26348 94391 28367 3243 -17763 -127728 21008 -67029 -63559 -37016 75149 -35470 66265 -16718 23213 79733 35758 -87487 83061 -80135 99705 87905 82656 -92813 -57728 -20650 -1528 -28316 33242 27119 -4772 -31626 78025 -117146 -20145 -5699 12087 5775 71758 -25829 21990 -68130 43355 115817 -47210 241 45789 -52868 43755 -82027 -84553 58439 91418 12557 40830 -62048 -63259 32676 43140 -88220 -123782 103326 32711 59683 159133 -93161 8875 28135 58439 -61735 -68308 37625 917 67110 52827 22283 50679 72793 77016 -48126 34897 7278 -40535 25787 -19379 59434 -6074 94662 -11476 -48222 108148 -20378 -105623 55954 7367 -40391 -16203 -20269 -20186 
-62051 -76793 -24656 162296 -40152 63588 -111715 17372 57873 -49815 -7067 33695 29059 -58795 -84925 -50063 -26120 62092 7118 238 -10194 91975 10335 20792 41859 47883 82261 -50896 104221 70790 2242 4537 -111168 -122155 49379 -16257 -54608 4741 -39108 55541 4147 39668 -52157 21805 -709 55835 26527 38351 -57971 -67977 -456 16089 14511 -4908 6070 -81867 150588 -13822 -95857 59105 -25362 18638 3628 -59285 81452 118173 -56874 -27296 10963 7095 35468 -120426 48063 -76333 11981 -68968 97160 48589 44437 -28548 34815 2821 48590 -43562 13016 -20583 -5803 -20329 42778 31359 49201 15771 20519 -63079 -14493 21518 11632 22145 129439 51160 29685 89737 -36219 108179 -7612 41447 -22424 30732 -127807 76243 7350 -6960 70463 -67823 105163 23115 -50256 -12163 55039 -27883 -26375 -3080 -53760 130076 93850 120266 -109441 -14869 23172 8224 -113107 7868 91633 29763 -27343 1111 79044 6285 39698 -14529 -38861 60523 -37172 -109785 -117870 -68194 53573 88542 87958 -10438 10082 28192 -17761 -103128 -43934 97973 19767 -59916 -48976 -69502 70837 -9230 42165 -23044 -9494 -78613 -29196 23987 -116404 7761 -47036 -59149 42812 -50756 17007 115384 85668 -74227 -17709 -22990 -40040 -14192 -4228 -3847 11002 6438 2039 39561 -86307 -47105 -76037 109133 70774 26591 118630 -16057 99906 27782 -54489 27010 24825 -39261 -52062 57056 -28241 9140 97564 26401 -1992 -125154 -5469 61939 17963 16573 -488 -5918 46184 -20874 -60092 65604 4720 -2267 15238 -43745 -43532 65369 37498 -70477 39461 6333 36714 12152 -117241 37907 22042 28882 68594 -86424 -63409 19928 86791 49247 17713 -9289 -94070 16778 -78167 19900 6956 -58154 -25333 25875 -53506 53656 -142851 -48114 77134 -42805 144414 10737 -32546 -82224 -61478 4068 -62462 90087 65503 9826 5631 -42404 -24845 16919 49282 59696 -53246 36438 9049 58454 7070 -15352 36331 -5101 85579 -46801 -15372 62933 19586 -311 -46846 -23659 7472 -26585 -37823 -47221 104888 727 28197 45761 -54790 -335 
15063 26397 78352 -81837 7245 31093 81254 12089 -75115 68569 -114 -20590 59204 -96560 -92137 35496 18637 469 79304 34437 14996 6607 133790 21963 -16531 -3962 -83129 -79193 56475 103701 -31059 -39057 33776 60995 -79504 -37070 75454 -21736 -3344 -90279 78461 72995 13736 39619 50357 -20498 -1581 -11251 -80033 30958 65007 -53355 -15504 38892 -51566 89604 -30882 -22345 -50915 6548 9983 64675 31630 74510 29176 65138 53115 -31071 39123 -59317 -49678 23529 -74293 21105 34544 25372 -9552 27421 -12598 40992 -33283 76300 -50885 9751 -24022 33072 47937 52617 -66168 28902 4259 100392 -78222 -1842 -36903 -81182 6754 -28663 -77760 136166 -6051 -9155 25787 -18231 -140876 -128753 108428 -19039 104489 -3081 15985 -4352 50777 -32396 -58037 19161 -32414 51197 -61796 60502 -12009 -40803 71033 -42465 -8230 -43248 81535 -43219 27789 91665 -17383 103262 -197157 40722 18383 -11139 95274 72050 -64934 -2417 -45601 -33553 60456 10535 23547 -7388 -61238 -5482 9195 -49141 6770 -2980 9256 13320 25096 -52487 -105742 -78937 56868 -29952 151170 -41011 34016 -26561 25072 -3993 58790 -64632 -84795 101968 17070 -60885 -20179 -43769 73960 35317 5681 -81718 -59512 32366 115974 72769 38158 -86161 -47663 40911 49824 14860 46955 -34554 49580 -60578 63492 -14279 -10463 18521 160764 57191 14520 -27813 -25489 -91544 90311 53604 14311 5572 13743 -7569 -65744 -30037 -6668 -50931 87115 23536 -14587 63536 37623 36273 -80013 5835 -111206 6871 -18013 24203 -1474 36356 -79297 -61688 24752 -65095 -78610 34370 -83201 46513 122133 -93697 10374 -67212 19101 -15043 -59151 -68939 -99347 64712 -538 48238 -81233 -15303 41951 90743 25753 -20726 25107 29597 120828 18470 -26003 9220 -115299 -108617 -59438 -32168 -21902 -43936 27369 -70131 81068 -103069 -86040 15741 -82862 7721 -22381 -57942 57304 -11352 22509 30181 20569 -47595 -143584 80355 -15627 -10296 59941 -40132 -44195 140000 -109242 -28608 55673 -71763 73587 -66847 -156917 52687 -68715 -66988 -105013 -26514 
-22331 36272 -23379 -73254 79655 157754 -40338 98747 135797 7487 -15942 -105763 -40299 -51418 -2621 53559 -52456 44463 94311 -131480 3028 38279 -28805 51528 -60410 25465 53791 -1488 -26248 51940 28031 36048 -58963 13243 -39268 -5932 34782 11263 126111 26995 -28021 -86027 -148681 49696 14709 76820 69882 1926 67694 49286 107672 48068 -26025 19930 -32896 -112042 40612 -81628 -19155 -29187 -76807 99064 815 7314 70100 -5109 -20634 64286 -64148 34081 44702 -87527 50390 -62731 -43983 63150 141732 86633 11759 67385 -32266 71697 -2346 -22475 163400 -111856 -1047 67610 3497 -600 -27616 -7236 3445 27481 -49905 29646 -24005 68222 -124149 -16955 -109295 -58463 -35845 19672 -5269 70132 -88773 -32578 52156 -167644 7916 -24276 93254 -56343 93819 2752 -140618 8663 22874 69625 919 5277 24192 20586 -8291 44984 -94988 -24209 -8720 -50911 -30804 -67722 46810 -76996 26762 -6944 109451 142083 -100444 -5630 55342 -15924 -64098 -52774 -53438 12715 -1131 -62264 29862 20166 49096 40484 35380 -176922 -51803 -44283 5192 -82944 3411 -134014 106671 -8352 25209 -30315 72087 57707 953 -52401 102945 -73811 135780 -26290 94022 80630 134560 -3890 -65344 -24914 31649 88537 -32191 411 55923 -7313 48050 11439 -33504 95953 24405 -24161 48352 60231 -28679 61047 72080 -37289 6545 35986 3066 34194 -63517 -81210 -7269 16918 -32066 15457 -33365 96567 60535 16329 -69500 -38730 40112 -14430 -62810 26496 -4138 -34805 -43328 55338 -9248 27120 91038 -21978 -11603 -8429 -1772 133661 -126067 -44849 29253 41427 -26520 110359 -138916 -17658 -52942 -35143 -10059 76685 78365 -5628 -38196 -10408 -12783 28543 51526 -88612 -24209 5942 96876 55914 60762 46732 -21262 45062 -22808 16082 140930 -119814 -7862 -69553 -84455 34606 -43318 1216 -22390 -37200 -170491 32052 16661 -9688 -11338 58774 -37193 30561 50073 28337 5207 -84285 94718 -105754 -107786 71827 -37529 110785 32794 35494 10412 38227 40508 43436 54607 21699 -1900 103161 39265 59571 -22953 95646 
-88873 56396 28901 62705 -22948 -25362 37496 -20471 -759 41671 31100 -64303 30023 -41626 35230 52262 23348 86069 -104537 -25897 -874 143149 59004 25702 57478 68797 -12072 30515 29471 23144 31216 60868 97937 -113274 25244 -30207 -39549 2278 59487 -181369 -25611 -23361 -49071 -9729 52692 27075 -151341 -51224 -43817 64553 12421 24972 -19456 -26660 -71591 -30950 4501 -43197 30563 118738 8429 23178 102943 50666 -69191 -15867 -31989 -84195 3816 -30837 -33312 34461 3619 38118 39041 -12725 -30601 -15202 1807 -41623 91412 74838 -11425 33260 -42642 129204 30840 -13306 64472 3585 -48157 41007 -56296 -59908 83580 -6336 -8825 -13715 158254 9989 -26994 -79843 -33942 -6982 84673 8775 -16901 -49252 -12079 -5134 -66005 46763 24261 14739 810 -83338 -32426 125503 -3514 -26566 64570 -91922 22345 814 18952 3112 -66960 -13506 -73681 81609 79978 -45274 51310 9432 -16145 87972 12331 -5995 38108 -68483 -22671 -105864 -165900 -80904 -45228 10402 22571 -37008 8122 -56527 -10965 36306 -115550 33985 3178 -9416 143560 5370 90653 -45498 -2342 -7450 52853 136503 69483 -76442 54831 -49244 18540 -72895 -27676 104062 24227 -1256 35709 -31792 6137 -15282 -61562 -32019 -60929 6373 9675 106027 36608 -9423 -6828 32415 63041 41064 -6456 -102509 -89176 16669 -54374 38297 31195 46633 -66349 19711 48276 -51274 40591 1126 -79730 129099 8222 -44287 -121932 -378 70712 -10611 82007 -105100 86892 38095 4929 -35977 24564 7840 39615 7134 55595 -67849 -9202 -63673 -25100 -35811 -17936 -47206 -133987 95677 -30353 -42705 -22651 14560 -7970 173715 54852 19166 53390 -36073 25565 -54229 -52440 -92381 16049 -104102 4015 -86935 -2281 -10763 13560 67309 -41653 -27571 -83211 67504 -87311 44727 -45019 -78510 73983 122296 -6035 -71146 22846 60470 28913 -31475 -24884 15978 14752 -5444 92569 -17385 -48182 -49152 2911 48964 2595 -25473 18793 6201 14206 -20058 -68999 70351 50527 -25843 -9189 -25181 -98712 28867 -7446 13027 13691 26683 -11824 -62260 
57220 -28615 36939 84906 6309 23047 -37992 -111915 -1050 -24 93736 -57665 -74470 120091 -35782 4652 -1125 24059 40085 -5899 -75227 -40763 28840 46486 -37827 -80702 64456 -51256 27652 25134 40010 -42404 -1479 -62504 -50747 -37800 53122 -6744 83334 -57708 -51307 -46299 40787 35382 -42207 -31451 41330 107167 37775 -12798 20270 -41689 90289 14270 6397 -28852 -26531 -49916 -8071 32645 -17108 56519 -54274 2586 49155 13101 -34749 3914 -90954 -82949 -30502 -12904 -33765 -85073 -14946 21045 26323 -27922 23125 10228 29384 -27185 13879 -58500 -99898 5456 -13902 139610 40068 -96992 7918 68933 -76173 25480 20474 33760 -53249 24379 -108434 26427 -32366 1674 -51214 11069 -28750 33128 10763 7235 49997 -84243 -35434 4817 6279 5487 -1940 -14704 44082 157383 32589 -61836 -25631 42314 -74449 -71560 -8289 -69008 -64260 -7162 120837 -52431 -98941 -63863 -61843 -28239 -92737 87544 124921 -25732 100056 -41248 7075 25898 -82782 -938 36197 -123105 -97296 39371 -50365 53602 44637 44051 8861 93551 23082 -30381 51461 -73586 -42526 43288 -28175 -29539 -28426 4083 40463 84242 34886 52449 8359 36637 53007 -61609 84767 10461 15739 -27012 -55303 26941 -14925 -34218 118017 -12445 -74122 -9281 30776 25634 -11200 -87628 35594 30801 56468 47158 -78237 250 -3186 -6120 -74334 -1219 8340 57838 99017 35612 11307 11234 36397 143946 -85716 18829 94225 -32780 57611 64040 102154 20685 -85630 1929 -24680 -134961 -21801 -75560 -56412 72656 83842 -68139 -47790 64370 -11825 48695 -115087 -42641 -17567 -3705 -70436 -39624 -36722 -12326 55946 64853 -10209 24325 82726 -110055 79001 15976 -115301 -37837 -21985 -16518 -39610 -10392 -27020 119272 -24158 -10247 -24490 -19918 3725 1297 28383 -4513 -2218 28232 -44371 56896 -13290 26930 -23039 -69323 -123795 -123270 -71270 89215 33723 -37936 72060 14679 25656 -53987 56787 100634 -23539 9958 100508 41646 -150045 73642 37947 23624 -9884 -4309 35258 94760 -76073 134744 -108477 21014 -19554 36797 -35652 -17112 
-36942 -62429 -18921 60611 -32871 84565 -38124 45162 44371 121384 -65516 -58782 53928 -7366 8626 -27085 -7981 -74006 43921 -55386 121732 42896 -99902 32965 82103 24231 57225 32818 116169 -22817 -42692 63847 -27627 80903 -42433 -35721 -11697 -10726 54921 32017 -21230 -43415 28253 -32367 70170 27032 18246 56636 -5703 -46414 -37944 1158 -43522 28087 -109393 -24289 28501 -7187 21457 -922 209201 24734 36457 -41159 -16402 76392 -4674 66486 21313 -21506 -841 9266 118805 5406 21059 -56777 52455 1441 -53598 30019 47174 -15538 30421 20317 15796 -1314 -8944 -36058 -27454 -80091 -85911 76217 -5164 -956 63459 43158 558 -56202 -30117 4704 -65417 92219 -143892 -43439 84710 -48226 -162524 -29435 53234 -22976 20386 34147 -98487 14655 -8373 -54665 -9849 -21289 -19542 -45520 47049 85319 77385 -63115 -7121 8489 -20483 24052 8 45470 -11046 -42729 56592 11080 -28796 37750 -68053 59882 44077 -11382 31106 -25860 35623 -9570 30913 -18913 -51027 43000 145028 68167 37587 -49176 -174062 1538 -25522 32842 52072 -8020 5534 38366 -149840 -14606 3618 29747 -54970 -20254 43687 -48248 8829 5371 -30954 -18382 -139975 18924 -39826 -65078 61021 105032 -41418 -8447 -96758 11680 68394 -10697 -53403 14897 147269 -17379 54139 66101 -48271 76244 -41817 -23681 28831 45172 -70383 31643 98664 -292 -35816 -60075 -3569 122834 24526 2849 9611 -63045 13917 -6196 31339 65138 -106888 -2336 59897 -73340 -52102 48935 38272 2995 -6246 -28780 -33721 -52614 -7339 -98292 661 112828 -57099 40822 -74528 53114 78393 -21051 -119094 -61353 71677 22789 -35538 -40168 -29826 -6258 -78159 55187 -74590 -2253 -42483 53307 -57118 -64182 -25909 -54146 -59527 -90578 -20060 72165 66014 32405 45548 21167 -72226 -54581 -20273 54580 -1871 37231 47358 -50229 -16818 -43030 -42517 -49515 15921 19526 51830 10546 -34058 -54801 82378 -13302 -18775 -13258 -19895 72634 -91744 -24186 -98063 -136829 103880 -92546 11812 22859 -84259 29881 22133 28884 -8664 -92976 -5359 13600 
-87244 -74551 -71638 -84239 126662 4712 -7603 -37964 -14344 69176 62575 -49731 5682 55076 -22596 -39974 108856 41134 53765 -29201 11476 43690 -66131 -11696 -91774 -95762 37186 118428 12521 -12934 78919 27132 95678 -41234 -103117 91655 -42374 10557 14 -23058 -49628 -36491 12556 -48501 -35388 22896 13160 51610 82644 18236 29713 -104854 -28535 81572 -3514 -16011 -16176 -6319 97993 37899 36527 135495 61608 -40904 -29194 -66311 -38635 -34019 -24573 23764 -45509 28597 43589 -8822 -58650 54477 -53250 -78016 -3111 73326 -3410 51794 -49376 -66495 -30514 100683 53417 -55990 39185 15658 63423 5303 -14134 62043 4474 -27141 42301 -41116 -59258 -85817 -7954 -53792 79488 56972 114279 128368 -3656 38137 42725 -50561 -24860 -81680 43114 -62725 -12557 77131 -17690 55451 19389 -89475 -12944 34671 -56824 -7144 10910 23450 -62936 -1639 -10243 41145 -9670 81156 -80703 -20359 32940 -37268 10283 22633 158044 -85704 46411 -28875 39624 -72093 81093 42689 -48689 -18663 10078 16252 -2632 2527 64210 -127478 74104 12168 -7787 -56366 -65783 -21040 -52717 41989 -118261 -9632 59647 -4791 -19052 -57267 48228 10911 -35393 -54580 -15870 27064 -51147 -67375 85963 67371 32794 -51336 -31624 106883 -129204 78679 65945 129843 -94533 -9135 -70459 14741 96806 -19091 -106246 -13385 60305 36403 -67865 19768 67901 72957 -10730 92961 -54339 -57119 -68400 -2336 96427 -70693 -35911 -39329 24706 30761 -122485 -37188 71240 86315 -96793 -73806 39436 -33910 104931 -39202 -87347 72459 21478 -76478 15649 25502 -27917 3369 -70742 95227 11472 -75949 -25070 -54875 -69717 -157684 -21685 26350 10989 95505 -525 -9348 -72399 -130283 30983 58519 43340 -51263 -107102 37900 44534 -75784 -33024 5271 -12488 75753 -8238 59798 58599 -17174 -54121 -40014 -2594 -104619 37146 158598 44119 6799 17089 75887 -19671 -93312 8793 83031 -32456 32018 -33524 5551 69162 -15141 -66714 91319 -30439 12746 15830 11301 57015 -16439 -31770 65531 -14241 -13684 51588 40437 2598 32145 14906 -53770 
-16699 -37466 41948 36508 10544 -102150 9824 -12453 -66849 -23617 -12951 34974 116690 -132331 54146 133386 93847 24833 -18819 -27226 -13478 40246 -45309 -28787 -27685 -118351 -31530 -26987 10752 -72963 91173 100043 51495 -63582 50405 15424 8916 13985 -42598 -11837 31524 -73041 -32329 60676 -20274 -17892 2433 -13558 37455 -3569 39311 6045 24829 -28901 68544 11805 -84351 15823 51649 -43803 -12245 -913 21591 38355 -81084 36633 80225 -2059 34238 -54707 -10937 -121508 14161 75229 -42795 14455 32032 -67506 59153 -31311 -61349 19722 23056 84532 58115 33128 -61430 -30277 -57115 -39019 64497 -92244 24482 145645 132443 -47412 91498 18885 30014 -77455 23505 -13704 59725 -38909 10544 62882 -12962 -608 30753 30892 -57207 17574 -35884 -71081 29884 21469 35681 63700 -13110 96829 -64984 -105008 4988 38912 -23518 -29353 -7737 89127 -1392 -110315 94404 73423 54652 4905 41114 60971 -97826 -50290 24770 32306 -14635 43848 16123 -103810 -65812 151449 -37319 93531 44469 55362 67161 -8453 35648 -7249 134848 9072 51321 29316 -19581 70700 -17969 -26494 -11666 8466 -69116 25316 -58853 -66334 6065 16769 -33023 -13364 -24754 -54951 -65538 -38010 42872 -89771 21083 -33605 -14635 -60519 53305 -28843 -27986 -9932 46158 -85813 37158 -100588 -62214 -20332 -50697 20414 -20941 34987 -72966 -10732 -81426 -34482 -30039 -13730 30862 3022 100975 -2240 -26101 30953 -82669 5020 6530 -39867 -142032 18670 -107432 -63166 58030 -40251 -65661 -40490 80611 46145 16107 51004 14407 -74951 20291 -64582 -12916 45518 -86683 -87268 25244 15362 -63911 28617 27849 -46799 -21461 -173984 70306 65386 11274 52557 -79908 13854 -28643 -36765 30599 -2074 71011 14669 55065 -45103 66725 104489 24047 8788 57130 -18575 71773 69061 20110 26517 22699 100447 19308 -25036 89776 -15325 33446 -2795 -30316 -81498 -16003 -31082 35743 19967 -72120 -28672 -52907 53664 -7478 -80227 23480 24014 4932 -28649 49484 -68458 -44300 4089 -31451 -53618 49816 -99435 -47374 -34492 92466 -59656 
63181 -10242 -24366 61190 118223 3777 10716 12935 88973 100677 30607 -18309 -17486 -51089 1665 90780 34211 24644 -32956 59389 10848 16665 50219 -23594 25168 57017 57447 41162 -63984 -88673 33624 69777 4838 45119 -103704 -10349 61390 59824 16768 140458 -65633 -91171 -49421 112185 61433 47603 23974 80389 37408 -18767 53721 -21064 68423 12914 6602 -90046 -5515 -784 60618 -15130 -67454 123064 7158 -26706 10399 2787 98107 -49094 -64573 -21529 15944 -22930 -49124 -105410 -82563 7967 -16879 -34826 64056 12059 -26786 -4144 88012 107558 13465 4006 -30003 10521 -4190 -28919 -61778 -72838 -7395 11056 33246 98760 118594 -6628 17041 -62418 28429 71686 -4926 13332 22051 4258 -135852 3604 22399 5814 -19336 11764 18748 39736 11778 -2246 -110629 -8678 -27698 -40095 -3810 119630 52422 54281 17112 -43366 35489 -22057 15098 28504 -14734 -12359 8177 -115277 98477 7425 -835 -54367 -7098 719 -77577 -6234 2968 -62398 -26069 42223 -77183 -3904 159450 107602 64799 65144 -44588 33371 -41473 43817 -15001 47628 13288 -206157 158966 -7453 -21976 -11711 87322 874 5237 -70911 -79696 -118340 326 65750 -123769 70474 62856 -56521 7095 -736 48538 45850 -136368 -22040 -53183 -52644 -10489 76245 -58549 18435 46484 -16942 90275 125421 -117657 51845 -31297 -115670 -55836 -165438 18267 -65758 -29541 -33715 -18770 13576 -65761 -58020 42909 128136 -27667 -51437 29402 -48984 -48400 -35501 39597 -56042 -18611 77832 -192 -46922 -21134 -4344 38865 -61154 60592 -24571 24775 -58291 -94409 -1542 43627 49787 68322 33254 -77874 -58519 -37623 82303 -10517 58319 28592 -18195 -6347 -45149 -82876 -3193 -31619 -32129 -36347 -44708 -6884 64303 61660 -11878 7080 -52962 153606 2075 -18829 -16026 -39094 31072 98991 92246 -60987 -21125 28671 -35969 23080 96629 23107 -47384 118424 -7517 -27760 -38704 -62998 -22847 74835 -85461 -84904 -34668 34348 65870 14336 -78373 -83958 47366 33081 -7706 57414 -39271 83180 -95508 -59041 62979 29421 74054 -14581 878 
-33048 -56599 84554 -30880 31983 -49214 -58409 -104581 -11368 -2580 -3188 115964 -36293 50435 15250 -30324 65822 -36217 34058 -123343 19455 65620 56959 65573 -39956 107573 -33267 -79603 30665 313 13375 -41088 -115865 60809 -175312 45045 25267 -7523 7424 60005 25756 -26778 27148 9948 -36339 -66989 10371 -23070 69459 -7480 -53089 -40223 -37711 -36749 -35033 44054 120963 31924 -28383 -409 2299 21192 40566 34655 74803 -98427 59679 -17554 -58760 39807 49175 27792 17697 81903 -18813 -11085 65876 7074 -141236 59203 -115883 -67417 12883 -10427 84086 6034 5301 62814 -100174 -12104 38842 38381 35518 6574 -48796 46159 6606 -968 -62220 -50255 -24620 -119211 5121 78536 -31625 11597 -67118 5808 1158 82267 37596 -73413 -60873 -18452 -11324 3800 -12266 24961 51115 -60751 21050 -1506 41378 -25747 -60061 -82170 -22061 14641 13361 3989 -43250 -116419 7243 -12274 -15030 37651 -22446 65513 -28680 -18606 34167 44381 -1240 -15201 -22335 -62424 -4308 -11277 26129 14851 37131 8513 65362 -72056 150345 -32712 -2091 -25298 13584 -1345 -1124 -2786 -13946 -60541 -62998 -35004 -25901 41516 -10105 -42638 39931 -21871 -61890 34023 29403 -40247 45254 14624 35643 -20519 27761 18453 5619 48953 61484 25986 17132 -16891 -51968 -2861 -62649 62334 134297 33253 -49770 45283 -45207 80803 -25333 67225 -43390 -43551 29237 -63694 42456 56136 41870 58726 61893 -57934 88135 14223 -27976 7290 -4072 19953 -9423 24361 41899 73687 -97315 50786 -110612 23342 66034 -104237 91142 -20968 7435 49769 -24246 -2204 -28913 -70610 -5657 -18836 68784 -14051 -1216 -49708 -82663 59791 79773 38686 -36409 78669 -55825 -4857 95904 -41047 108899 31802 90934 -33959 -16433 -37800 30573 77053 7179 52881 -71985 -58679 -38920 -19434 -2894 9764 95872 -166086 -9738 23817 -42822 -9990 129802 -136 33454 -12150 -2734 -3891 -75834 -28535 33589 -27626 90142 11593 -104899 56557 17873 79465 -66826 -60318 -12893 89551 13378 15651 -82838 37471 -32714 43776 42587 26669 
104234 3883 -54707 34779 -135059 -31244 5785 -79403 -15442 11089 -40701 7795 4296 1317 7703 9681 8493 -91532 99653 39028 -2478 10590 20567 26950 4163 -105140 35320 -88768 -78651 -40592 6950 24039 59153 -85720 31512 6699 22141 -106223 12591 -25688 55921 -59447 67777 4331 6756 18933 38237 -98274 -8368 5233 57331 -10804 31990 -57623 101135 -7537 26457 25949 36951 27850 -8474 -68657 -43520 -82991 -55393 40154 -59260 20385 -50747 84103 10820 -42444 -14526 -1659 -16405 66942 12267 52051 -37261 21568 -39704 -60665 -28458 -34453 70534 62601 -70271 25835 84865 -30782 19651 -32858 101057 -22978 -77420 -10384 -123011 19489 -34085 -39298 134422 74144 -55079 -69042 -52793 15258 -14355 -28014 -31603 6779 117960 26547 -27565 -16923 -106384 37051 75414 -58995 -14249 -42225 -118113 6998 -51633 6661 -68566 -47341 -40929 5609 42324 24305 -35524 71462 -25964 -37242 20443 -52975 -63891 -61659 -64807 122429 106751 28939 58554 -41312 -23902 -29477 -59006 37571 -22725 79847 87632 -22459 15796 68528 -22961 -11056 -110193 26059 37155 -23324 -80765 -11450 -64222 -64256 -83591 -38063 41392 60965 -121948 -79017 37953 -27889 13135 -76655 -141879 -31613 -40232 21288 79810 -60675 -59661 -5406 15622 49496 -13109 116499 63808 83098 -74619 -29058 40803 -23947 -234 113991 13696 1393 49888 -20296 17062 12690 47332 6947 -10300 101767 132289 -47626 47064 -22603 49686 -8039 34629 -162256 -49474 44951 13894 60443 -27585 40778 -25988 -165 25217 40552 27253 69212 -86635 56922 76776 63887 -19243 26391 -49472 -18342 16414 46403 -16681 12881 -27644 -40826 -19085 -4094 17289 101552 10036 -58960 -17160 -29007 -49021 -61832 -101127 -61405 61628 63401 40589 -13758 -34721 -61321 -91497 22329 -10224 54532 100382 30082 -87751 23756 -38854 -87235 76814 -36577 -63129 -105181 -14814 -26797 -13955 -56442 97383 -51886 -24532 -94850 -46221 -58192 102758 -108967 93821 -34316 6174 22288 64969 53939 20255 6741 -91209 4541 -43867 -36092 38604 -30455 -27695 -66627 -32569 59058 
-28236 27776 1974 -27528 23149 -34284 -48802 -100489 -22457 79716 -9397 54110 -54996 -123716 27031 -71886 -80884 -45526 47701 -96333 13443 -13043 -32341 -74511 -46784 -51973 -52197 -29559 34047 -1288 -79930 -68625 -33962 16973 78786 -128839 -72412 -57710 -5751 -66259 -14264 29544 14218 79736 -49833 89525 7931 -81282 8311 6856 30317 64191 23214 -29348 -44877 30635 -134787 -37193 -84924 -116242 29499 -25280 11521 -25602 -4204 -78037 -63317 77548 35866 -65876 32012 -6826 29538 32211 106944 -9599 -29249 16517 -451 33254 -40242 -8714 38274 -19876 20572 -1667 62321 79811 31350 -56356 68645 -26809 29911 54100 -6567 -98521 34560 -74770 45974 -9352 -37624 -2565 2620 -28920 -4523 -17389 62090 -58423 1768 5091 33781 70696 66690 21134 38955 -3402 -16128 -64652 72838 -26655 -129631 47649 41421 15204 36930 24178 -4636 -52597 13865 95275 17535 23067 -16277 -61782 -60832 23115 -38460 -145727 1794 -49541 27010 41257 -87372 -96660 -8060 -8704 -36513 16178 28335 -52652 11309 -11171 -51157 -89269 -22942 91124 -24451 -22586 24301 69495 -3027 -47607 -38011 38010 -18010 27273 60125 -20404 29269 -26073 49700 30563 -25880 9915 -15406 -30980 -65270 57202 12322 -35456 14372 -48226 125653 -13446 64480 -125666 -39137 10874 69256 -145465 -39300 67462 120263 27255 50080 3445 41824 -802 101703 46692 -78211 -18784 26860 -11884 37302 39121 -804 44149 -13747 -22272 -94838 -4048 80987 -37786 -137207 -109475 56190 90904 31720 -40504 -42861 -66150 36777 -8137 -51310 -67163 -22442 -74454 -9357 -21791 99835 -30967 -55173 3444 24059 -17582 -111847 -50332 -22325 -20543 3336 4601 -29993 144977 -77209 110425 114495 -119036 -76117 52627 -46779 -54134 -2837 21693 9294 8159 -107108 23922 16793 -5572 -39487 5503 8477 -45806 -35658 25413 67718 22891 -47766 63845 -69751 -18583 109521 -69024 77829 58375 -37857 25982 -2583 66039 -58739 19856 -60471 -14232 6738 33610 22619 63410 -46227 21389 -10750 -38143 -23245 45027 -18906 10703 594 6213 -32869 -34465 
-44702 -7091 80248 -33517 132850 24000 82228 59606 -13224 -10049 134555 -45406 4410 -101507 -18748 -63462 -12331 31280 18662 45973 2460 26909 -103207 -15300 21910 53539 2158 -47420 10120 89593 -48216 9400 9709 -98818 65943 38577 -37061 43088 53260 14477 114336 103226 -48723 75668 46724 52470 -20299 -68169 -12291 -13811 129581 2113 89899 42449 -15165 7443 -46391 -11350 -110910 71947 27734 25867 -34708 27167 39393 -10269 -83668 -17195 -44213 67078 40907 -19047 16315 7032 -17922 -15917 -39427 75182 -56360 -33211 51792 -597 31414 -7349 43229 -30961 -13759 18687 11331 15135 -50611 -10559 -52554 -575 -65983 -95791 5210 17678 41687 2573 54296 11216 -77594 -41377 -24245 -13437 -69646 -68678 67948 -4259 -91966 54791 -2368 -34236 46256 111301 -20811 -18624 20673 -49855 34480 52653 -26242 -27688 -34925 7194 1088 -8400 -140207 33663 -48268 -42759 135599 67489 24401 23715 21972 106488 13685 139416 -13005 5652 -24417 6641 2872 48924 1208 59084 -39763 -102662 10254 -80563 21782 71378 -50975 -55744 -46601 -20919 42432 17244 -109276 -86343 66274 13445 33082 63939 15102 -11503 -1516 -98425 142042 -88135 -21195 -51434 -21881 -3685 76166 19687 2748 14552 -9397 -119665 2194 7285 40557 -68431 79921 -27206 67660 -44930 -160113 57715 3007 63186 30980 47542 152390 64113 -39742 -54835 -16411 -45073 63377 7676 -3675 -49406 -11712 -5309 -37927 50723 64040 -46947 -57191 -15156 63612 63102 23007 -74325 34500 44394 9297 -11027 -52439 -94999 -133106 -78297 46159 57650 -30318 -6687 81504 113427 27870 17713 28194 -54344 43521 26554 -96724 11806 54015 -12387 -31099 -6987 -48193 -110040 16047 46716 -147515 6950 15542 7429 17280 -25570 -9251 17230 -33304 -11352 -11670 20416 79342 35249 -86186 4533 21003 81909 -9030 100 -32324 -33432 -25949 -14902 5513 43989 -19292 -20696 30820 6982 -36568 -106264 -61572 -36038 -10140 29034 92799 16615 49623 2528 51137 11454 -6784 -70024 -6094 41877 -50218 15040 57329 8783 30307 -63611 
-103447 37672 49376 -3492 30492 -11628 -47533 -6786 -28103 -25120 3921 -20332 -2156 -53186 1082 -8480 -11797 56631 35296 -64598 48843 -39901 31360 37453 15353 -17077 -19326 -170 -42681 -10752 -34506 -65183 -15993 49032 2436 80196 27936 34815 3675 -96803 -62086 -34021 67987 30666 32668 -88617 -26527 -54629 -65128 22965 129304 -35139 61693 36235 57223 -57583 -68769 -54473 18437 14666 22712 -21901 26101 -79781 67569 -80214 -11623 -123588 16337 22664 -15203 33054 -33472 -8782 4281 3876 75435 88183 26299 85726 -61693 25563 -123955 -125480 -106241 115790 -37159 -52077 36597 114290 -33080 -47320 -88822 -12907 38110 -73269 23496 -8048 13419 -46738 -53513 -55958 -866 -28103 33228 -31839 -40465 75954 -22364 11907 -126753 40150 12769 -34551 21395 -42278 25391 3243 41451 -49612 57282 39272 -7572 -37405 -58861 -3373 40598 2555 17738 -58713 -37710 -13940 -58435 -26611 115646 46939 619 3228 14395 -13574 -42954 12933 -33113 -18522 46359 6924 71282 24845 -71973 -65863 -74222 -26158 37133 89723 -25949 -40461 29935 -87167 -18186 -34225 41686 30445 19736 85119 -122664 26868 23241 50889 -139134 -14433 75827 -51721 -84383 571 -51470 58999 -58792 16904 18534 -26494 27342 47268 -131281 27061 -11556 41066 -49598 37697 59928 27359 -13672 -57404 -14271 -50809 -95721 -47911 -3273 -32915 138957 16539 17856 35406 53725 -25861 -46022 -73348 -31243 35423 47053 -70724 79945 26695 54055 8887 112930 114873 -112113 -102848 29618 117727 -157642 -17303 16511 106177 57095 -9798 -58113 -123401 -51562 -48518 6501 49002 81085 -124258 80940 -100416 -33494 -28248 37669 -117385 -7722 32165 -42393 14844 59301 -87990 -44649 11265 51351 55346 -10304 -37782 38239 -59464 -4816 92203 74738 91471 12354 69458 74152 -90204 9405 50997 34377 -79798 -6445 28117 10980 3291 -45341 56578 -105517 -74839 -89367 89634 -2784 46022 49840 27677 -62086 -68198 47172 163514 99005 -67141 13732 -33589 127599 -10596 68325 35440 -44424 -15278 -122561 56397 17116 -89293 4567 -47811 
-104189 79218 35647 38167 9743 -10322 8249 -8884 -25030 71865 4465 -95969 83956 9542 -27377 163961 -16108 15856 -20143 132964 -5479 69791 -56696 -52736 -12437 123956 -32637 33858 71001 2250 -116684 -23531 -15966 -37737 33789 -14545 -35600 -23809 -80299 58634 -51119 59732 13427 12008 -44168 -46957 37681 25542 -107551 -37397 39427 58105 -41448 40334 109001 -6149 51013 -104881 53448 60581 4112 -3140 32051 50287 -64873 2353 29877 -117325 -67292 -22820 -23672 10564 35693 -30053 -19147 63490 -30180 108320 -43205 60890 30831 97018 -65278 -22368 -5329 79455 -102964 -40839 52627 -26250 56007 16901 -54845 14063 8433 121860 124288 67507 -15409 10643 84997 -54468 118256 87608 -86101 -127335 -67437 -74059 8635 -29556 -8475 -21469 -63108 25550 11976 4260 -1225 -33864 -87932 -28666 6701 37299 -9765 -19979 -92652 -7441 -143166 18440 -39025 -55071 -42137 132088 81030 -102894 -18489 14714 -65648 40570 53861 117726 -65310 -29783 103100 5849 2452 -67907 -53614 100466 61869 29360 84204 85243 -11948 39773 4699 -3440 5308 -73862 139985 -32801 7182 -59160 72759 9283 -45775 -72458 -77832 -36807 -14647 5675 -3403 10428 17437 94999 11025 -108971 21340 -61033 19247 -23013 -21128 -55580 40582 44875 -76851 7644 -18896 21642 93758 27486 10691 -13747 -30837 13771 -25159 -46769 35514 -42072 67887 -46721 56571 68611 125581 69207 -94466 -13901 -123016 -11903 -4487 8072 -75741 42022 18871 124380 -67293 60435 -771 29053 -30253 -26970 68175 -20601 65682 -26898 -2251 -46654 -68351 57326 42955 -64166 46595 -37018 -13331 99525 54278 -25875 -12327 -25500 36211 86752 25332 -99485 33133 93954 99782 55323 112 40554 -61328 19564 -25974 13145 50884 98993 42914 61822 -59305 4178 -31159 -18030 44940 -46079 75560 20156 38899 -57602 13802 41730 -61367 133100 -95268 -43705 -54109 -48931 16754 -77381 -67280 18993 15190 80745 -38534 -67917 -22735 71594 -5750 14982 23361 27863 1769 38827 -81440 3041 44806 28341 -120280 49386 -91924 40757 -11832 -6301 
25690 115402 4727 86005 -14525 -1048 -67739 -52287 2724 -58971 -102694 -46171 -138598 45152 -80659 23443 -56672 71855 -29072 51428 -13248 -58939 29156 21136 172660 -76536 29241 -47902 5949 -1890 75372 -44589 -13422 -53238 -12562 -69193 49764 -45559 2592 37232 -2233 -123409 73969 23541 88496 5729 -67474 52919 -16629 60593 20694 -33066 -15514 -41287 46895 -37556 -69806 6201 11653 -70172 -21001 -70809 -81121 21725 -45385 -12298 -12630 47593 -74526 543 -993 -16228 -8911 100425 68470 45238 -14563 -38066 8897 -22214 45431 5722 -3977 -105319 74922 -3800 -58106 141654 52739 33430 -46956 -53677 3291 -55408 10756 -26803 48574 67991 5278 -33510 59737 61082 -9543 93641 88153 -53333 75201 42268 -55510 90687 -10545 -22395 48552 -58993 1192 -38066 50610 -57146 -38613 -19903 -9494 2088 47650 111139 -2545 21841 -8820 10614 82237 10610 -40433 -16455 -54700 -37457 39870 5892 133969 -25877 -19453 -23191 -33427 -3629 -163322 -70668 -24859 36152 25317 -50660 -167229 -90202 -89889 -156374 63042 55955 -70228 34184 -69646 -4722 -82287 -14419 1138 11276 65889 57233 -8463 63864 46155 63845 52515 5774 -37302 -17869 -55514 -14709 -10205 51294 -82824 73161 -35192 -82589 46931 19282 -36313 -56900 -9088 -70709 9691 -37451 53018 -27386 -55256 -10055 41164 47647 -13389 -15362 -13456 77813 34501 57033 8276 75028 60384 4931 128772 91016 33156 23266 15460 26445 -6117 -108561 38870 118999 -47631 -37391 -58649 26379 30780 -64447 60600 -5075 2429 -54256 23636 112843 46966 -98815 31367 36292 60852 -53472 25612 -50046 36518 39655 -30184 -112340 30230 -50501 39195 28311 71416 -18305 11549 26210 14704 -35743 -19912 9163 -16947 24943 -110201 -68804 -16636 -82259 -38387 -9819 14874 51609 62170 -33292 -6284 -27333 -167426 -61088 60819 -20203 -5811 2524 -12075 -15952 -29532 -22667 108911 51823 -6070 -8509 -58878 -16076 24040 23456 108032 15725 80720 -15868 9532 105840 76862 86723 56980 -102308 6886 67691 17022 -42444 82230 -102329 -33042 58894 
-23477 -23442 31924 15677 3310 -50694 9286 24180 60237 -108446 55418 15182 32710 -94553 -49306 16186 72235 -14798 78221 43793 7799 13244 -72187 -98494 -10527 18347 -36409 -47596 -3961 -6959 40533 80039 49654 -44559 -15624 -41896 10365 5917 8508 86020 52173 57070 -43412 -22058 -17551 -16155 -89237 56866 89297 43713 6204 4643 18646 -39288 22335 1024 55126 23054 12132 -30576 25540 -39459 124563 5804 72601 34165 -52801 -49279 -60275 -58247 -19016 -138316 -40179 -35641 76566 -61691 -40166 80183 9395 -70442 9190 63392 -10813 56370 11560 -72396 16100 88922 -13946 -27895 90080 -26132 80547 -75300 4516 48307 -62363 54335 2109 -27273 12487 138216 70828 67735 92890 -19314 68158 -19435 -5422 -100781 17103 -51155 -90285 -6513 -49445 35011 24069 -82667 9259 30397 -52692 14940 -6875 -22797 64390 -27450 46076 99027 -8167 14748 103081 6110 -71381 -16484 51045 -13817 34922 -66866 58949 -33994 8960 28641 13959 -846 40641 -1352 65663 38891 113205 -15537 -45054 52139 -19197 45486 -33216 -38183 35997 16176 -32901 10436 59391 -151568 8799 -41266 -6914 -11764 1907 -51838 -39404 36850 -55799 -9959 -9457 35233 -53811 101585 22409 -110621 33143 24748 -45304 108235 -44536 124320 19437 -35183 -5547 -16134 -86053 -21577 144410 118442 -57945 159090 -16096 39283 -9575 -155721 -67592 20376 25928 4244 14213 47770 -38024 -51117 4042 -73448 -82742 60177 18251 -89681 11478 78884 -25065 78666 90144 -20299 -71318 -6474 42791 90797 -54445 47040 -41275 89140 -2670 36835 48978 -15456 8911 -31378 -40969 47434 49675 47740 -82463 45112 -29297 -11245 23809 43140 21932 -20342 -34494 30234 -140186 -20217 -37891 -14013 -36751 59576 99120 -5222 25127 -75508 -33411 2497 21824 27747 41085 61392 43563 59454 25670 17960 -79482 -17989 -60264 -63998 -50499 -6583 47432 8701 -13591 -15637 -30027 15392 -118615 -75752 76707 -7795 47152 -37249 -13005 64764 34821 -48450 27704 103791 -38668 42459 -14722 -69494 32821 -35774 -101002 52172 -144947 35449 
-61385 -38932 36543 54740 -107816 -36818 -11696 22588 -10513 -9433 67902 -121777 -61593 -129186 -50806 13272 -4454 10529 -46418 -74364 52286 83533 -82237 23780 -38457 -63935 -3795 26249 35132 29824 -121608 26604 36948 106781 -3439 -11110 -36595 -2841 -36584 -15886 29418 2750 24942 -16285 -64338 11548 2875 -19233 22370 118072 34840 -47853 20160 42795 -17822 25736 -18536 -37277 -30312 -60660 15382 85816 164245 -54583 -78184 -100837 52612 -1322 -28855 11901 -24691 -7856 62025 99644 -110034 -26162 -69834 29269 1643 51015 -7869 57821 -13086 -38869 -13150 -40030 56143 101969 -145618 28974 75780 -4541 -27565 49748 -56204 -45642 -25155 -2669 38356 -25171 -56634 39939 79928 20554 1352 74081 -44698 -50156 -55884 -15688 -21682 -97561 -51336 21614 -17209 6805 -14295 38672 15952 50890 54681 -21671 4766 -75952 -38412 9432 -119792 -571 -37284 24810 -29740 59319 17997 -94951 -4142 26439 36568 -94269 5772 45201 -8816 -69355 -15488 -4236 95960 34258 -67141 1629 -24620 55929 59418 18226 51969 -12279 39636 104216 -49461 -20411 -73765 131 -87245 29737 -47150 -50180 -3840 53418 19616 47593 -63241 6172 63364 -22133 -42107 -47147 -37601 -27731 -12754 -26840 -43584 -21313 -6679 51631 -49970 -9902 43978 128275 -9025 29744 43585 -42991 -22082 -56355 22988 -42460 -35073 -68300 -18776 -93252 11507 58674 34664 13814 -7908 42429 -25813 -41754 43678 49718 -25782 54247 27374 -41794 -58659 -95476 150156 8835 25867 3377 -79497 60861 -3408 -30866 24183 -68675 14490 -12987 27728 -7093 -40845 29836 -111230 -48503 -45118 -83034 -2065 -106036 -68627 -34971 48402 -28 -25990 43247 -80046 32034 105637 24838 30897 -103711 89546 -102132 -132930 17330 -16683 -90889 7810 89776 -68016 6662 -5019 -16153 75704 -47536 65169 46528 -77191 -34172 7865 -43073 -35631 -54427 -9760 7416 -21712 -5295 18171 42660 32148 -45608 -148925 -56572 -21253 -52287 -73663 28612 117952 27265 13953 71484 4147 2841 -2597 -24079 -52955 -71706 36547 35484 -45779 -73425 9423 -68645 
-106321 6779 -74245 -33954 -7232 57190 62714 29626 16351 72673 -19650 220 -47089 5906 -6998 29615 101579 -117111 42250 97162 74544 -35307 -83189 47761 51972 -31107 45749 -19848 21711 -39907 23369 62977 -54283 -23008 -51147 73533 -116974 75863 -36417 -42429 2206 75425 78903 44494 -40869 -37351 7542 -46376 53676 3056 33760 234 15103 77325 38674 -99774 -52834 85174 -67230 42624 32161 -45878 115048 -19795 52909 -23123 52781 -239 -3940 41941 6084 -34737 63012 -26809 -40394 -12931 -40934 -62153 78481 -92029 43958 60206 64429 24625 -81517 -11074 123001 -100135 -20431 -39145 -115324 -58014 -52109 -85987 -48499 23676 66625 65285 127356 -70877 -18477 28002 -44669 -89071 47461 4873 -8861 -12826 -14464 -15728 -63412 72573 -38074 -8693 -29869 84188 -24082 62893 -6975 -10903 73940 26152 8770 43740 -64094 2067 -27407 -3964 -86494 83952 16435 30470 -33306 35048 -17663 -46504 -61125 -8567 -36387 -45779 -44743 -29114 45034 -67920 23044 -2332 10008 109092 34639 -30731 54025 24921 -51122 -48654 64113 -39592 29621 -12094 30418 56327 -1765 -12577 -940 13555 -8256 65572 32834 -76743 -4647 36498 -91627 2697 76102 55783 27072 -30782 -15880 -4540 30387 -19379 -122798 -8472 -76034 -94864 -55017 64308 133101 -27020 49092 -42901 -39197 -15881 -64276 122978 -20065 167 81243 -38713 -33468 41229 -49946 -142826 116366 -12317 -139419 -14483 -28723 -67615 -58532 65354 48198 25510 -24698 -3213 30681 25658 65683 23634 -5605 46272 -31023 62973 4514 -29683 -173527 -93430 63141 17995 49057 44951 40132 11077 -51327 106319 70245 -52999 -6479 -61086 -64483 41181 31279 -14511 -37515 -31408 24534 -27361 -88949 -4539 36413 -19039 2841 -67321 48196 9024 12503 -402 145 -136011 66762 11193 51281 -14517 -16088 62792 -30772 -15551 108781 18828 76148 -4455 16147 -46279 -58152 -48449 -49767 -30665 -19226 -99273 10450 43348 109349 -48800 -56957 -11074 -31811 -85109 28264 10174 -30242 64132 79754 -86992 -14452 11021 -3207 -58329 -104192 18850 38725 -26167 
3295 29258 69423 -102830 -10099 49392 -108267 22448 -35322 -51759 -41070 34755 35859 34073 2359 115743 -34732 67136 -49150 12509 -34381 -42086 -37444 34500 -68612 148844 99012 9427 31844 38203 414 -86273 -29915 -65401 59229 -44034 -37558 53941 40152 -65279 32745 -80614 9112 217750 -4450 29345 -65058 -42358 -20160 -70936 27787 -15388 -14894 -82774 -71572 -162014 46589 12064 11114 -30595 -39710 -59223 -106425 34094 -7819 11246 15794 -5285 -49496 31017 -80740 -42194 22311 -21289 10015 -29107 37611 -637 -80476 -53026 -47382 77301 -51292 -87306 -46454 20792 -21522 21673 -105298 -60256 -28702 55300 -55860 -77571 -5337 -5951 53905 45386 -3281 -106605 22018 -33620 -40163 -22598 4732 -33631 109497 -6009 -41904 -122936 11062 -44873 71806 -59569 68525 -9961 -19023 53892 63904 46254 20381 -35826 20840 21363 -5385 19021 -63747 53563 -130272 127543 -73186 -47463 26872 -12760 157257 -51934 -15141 82364 7034 6706 79559 100166 16516 -98109 -28171 -3597 8911 12544 24404 -53878 -35652 4890 -7624 -81133 4749 -75226 11715 -55218 37086 -119340 76469 -76686 96604 -48702 -71539 18265 27008 11871 54504 -138234 -52212 -19634 -22917 47764 29744 -69118 -97999 34969 -47714 98574 -58707 2705 59849 69013 33358 -39344 5708 70787 41226 -24177 -35275 -40490 -54897 -21337 -52845 71731 1459 55996 60040 34666 44230 -11343 -33425 -119343 29075 -102537 13431 -20019 -60505 15049 -70913 -34291 77686 57832 -88175 -46374 -105017 6909 13007 11252 -59787 -7247 39220 27842 -33121 -90738 -8034 -25135 -50070 34157 -6297 77248 -55521 66964 -76176 16708 54021 -35401 -38630 92365 35636 -47806 57701 40580 -35560 25915 128922 129531 35259 14053 76254 35491 -67535 -7688 97480 -21291 56127 5009 61341 12586 -7972 -16105 4832 77654 18554 115346 -44962 -49829 9513 -5679 36664 -22175 -100882 -56464 103615 6331 -80630 60928 -97722 -55490 24331 -28938 -71837 -50430 -50162 69512 68019 8867 5507 74999 69462 -12439 -29741 35873 -31761 -19896 -22385 46901 4525 4125 
14079 39705 4016 100659 -68271 -19428 75876 74887 90998 72660 -59593 -15570 -36778 -65273 -15898 64228 -55229 19942 -60108 -9857 47052 -40891 2897 -78170 -87054 199 67857 -72119 45286 -114947 69811 71694 94540 -22087 44449 -77353 3539 56702 -11750 -14100 43295 33988 -58931 16136 20207 14344 18318 -13530 -15140 -52459 -4596 12166 -117890 79465 -51907 -12190 -5009 -18811 -30788 -27715 3245 10586 32149 -12361 -23680 -29469 9226 122557 32612 -58506 1766 66431 -97197 63687 -53613 49407 -35284 -77865 -6726 -9116 36664 4634 7348 20079 16132 -13199 -89970 -35386 -68454 20793 17918 -99052 -17789 84950 -15915 -33657 5578 -12800 -54159 73881 29146 -39329 70687 -77944 59686 -52633 10746 -65543 72140 -124518 -30747 16024 -43458 46486 -12053 -17144 25682 -32768 -4863 38372 21299 -88247 39855 57489 -35438 -14152 -64281 -88686 -52390 -93258 17994 51388 53187 7006 -67057 86715 82629 -27836 1065 4579 -33346 -18225 55961 -46589 -38232 130062 -10239 3381 26437 104924 164790 -10651 7133 -65535 31324 40366 -117343 29849 48056 -79712 60288 19773 49020 -11276 40524 45842 -89587 -64629 87974 24743 -93038 44928 -51426 -5574 -33822 -8739 45970 -41720 -44035 1135 22896 126477 -42078 320 84443 7279 54888 -48847 79806 -79996 19836 -132497 9070 -17852 -72795 18465 -60152 8935 61595 -19435 26644 -4665 50686 40154 65364 -61224 128894 -22520 -43763 -29171 -34360 9737 3111 -39998 23868 47897 69325 -63110 51894 89515 62696 61126 45321 3333 -85999 6965 75936 -48757 -87582 60594 -114366 -36248 -76 -15995 -63216 89991 13286 20075 -78040 -6071 81663 70555 15746 6109 -53387 22458 -18433 15058 2558 -150243 187612 88746 -19623 -12793 69787 79206 5254 -34991 -5808 -109963 -38038 48897 16890 -81040 9746 110771 20845 83956 -23001 -5132 14190 -46644 50958 -72803 -63553 58665 -46489 -45109 -36983 -91101 -47424 38241 -19087 -107263 35998 36727 68611 -9198 -9840 -12057 -56185 -28903 -34753 60353 58752 65947 -22484 -80720 12826 -10195 
-25650 -32390 15158 -9301 -65433 13836 -2530 -85588 25511 30877 -50390 102622 5196 -12712 50883 -40538 -35961 -63700 29138 -4930 -9556 -49252 1945 5862 -44136 2698 -47624 -39879 -111954 -34572 67945 -70355 -40561 89249 12627 59336 68282 -36910 72735 2918 -37319 101137 47366 32387 -9195 -32084 39350 74442 48574 -19048 -4342 -25913 70659 -93306 -54334 -3749 52491 64296 32586 80987 63064 118529 55607 42097 -8229 -27998 26670 -57946 -66086 91167 -10957 108164 -23277 -64267 77391 -13793 15717 93494 -67189 71455 6081 39165 95849 26394 -14774 -129662 -59476 -15947 51630 10383 124090 -42421 40148 -11250 -67081 14137 -26987 -51454 74674 -6714 36474 140369 37743 6099 -52540 -61209 -32168 38607 71550 49816 49148 -89024 -67948 -10669 -44736 -64585 -79384 42057 -12621 -8534 65596 81745 59606 17305 -3922 8627 62560 -80479 13983 -34249 -64084 16731 -74094 -61434 -4875 93110 10274 -17616 37418 -1199 -48057 26596 -6913 4984 2129 -16035 -30788 -19382 -15929 -15294 -48402 -134448 60337 -67074 48906 -40549 -93758 -4912 -112515 75344 -28741 -95376 -89911 -66015 2081 95583 25001 -5889 -28848 9754 -7282 91904 -28222 -55196 -118783 3279 67080 32199 30327 -58704 -26995 -15510 9231 -30744 12809 64614 -1602 -28237 -28846 -9379 49582 5156 -10073 101352 36183 39372 -17620 -60359 -11704 15265 67162 43876 -60405 66763 -25763 -64991 -72993 28966 47992 -36228 -20384 -27984 -43707 158877 77329 -5197 -42529 28347 -46117 -32690 -2004 1849 -26239 12090 31654 7266 73467 -61058 65010 24826 -64573 -101997 -53159 -41457 76194 24846 22897 47053 -4423 23437 37260 31662 7990 -24483 -24742 -37096 44079 -25160 -45794 14152 -4145 -28209 -21559 -39 76058 -9431 11968 11929 -42158 31022 13117 -38421 182 5255 -51911 -54817 -42361 -61857 90181 -86022 7349 -79854 59857 7534 -28131 -17757 -37940 5751 -15927 24182 31073 16906 30113 -8523 -60594 -18605 -5657 29677 -30275 19782 -23068 118967 49895 19758 19667 43643 -28270 21424 -19143 19576 
74740 5068 8113 -37706 -114084 -21616 -769 -80511 30114 -19646 -79585 22197 84785 38484 63530 72248 -6163 -7466 -84991 -12378 18422 -92353 28599 -27417 47403 -4543 46224 -13088 75152 64132 26974 -13861 -91017 -17405 -47545 38333 -23451 -38314 -26755 -17924 23324 82595 32799 19486 -99102 88053 -30195 -34623 -43924 -114926 -17991 30507 -87217 -1823 -109281 -40966 -27218 -125675 -37378 98944 -50728 -11538 -64195 -12309 4769 38067 -32613 58423 53005 52578 7989 137 48411 -11183 -107205 -39072 138302 -136985 24332 71410 -173283 -127535 -19215 -4993 4304 -39480 15916 -98470 47076 24133 -41727 -50089 -10709 27803 -67738 7737 73178 -130309 65869 -217286 -23520 -16801 37074 84527 -15148 94370 5753 62311 -61046 44139 43354 -6714 52609 -50390 -41254 53670 14523 -1519 -7720 -44902 -35113 15451 -89233 38594 23321 -31985 -113295 5865 85507 25069 -36 31215 -3931 12923 -18346 75425 27895 98462 54563 581 109324 -70420 15143 10378 -26915 -30987 -35435 72038 -63611 -135652 16291 -80911 106224 -28853 -13516 -43206 36902 -74496 -95710 30779 -110320 -41549 8931 -39506 -28058 25580 150951 68168 -58017 -63145 48248 -48582 1537 -32766 -56410 -27446 -8068 -936 -5619 -51432 31752 -54623 64775 287 -62059 -37245 -19335 75581 68287 41935 97197 -27748 -37993 -60236 27268 25702 75412 -84978 16964 66663 -44104 -51829 28007 85709 -32658 34208 28359 44121 123082 -29706 -14188 13939 -75232 21387 -84412 30868 -10823 -22524 -123789 -55007 -43488 -16343 92578 -36411 60819 32038 -2218 27361 39284 22085 13607 -140704 -42481 39120 -33631 -24266 21205 362 38373 6088 -30579 14074 55666 -1973 -25196 102479 78668 76017 25907 51706 -40469 13719 -22365 27596 -46495 71337 -67858 -31264 59737 -146148 75043 -113193 -99816 45108 92607 -72741 25250 33072 -22345 -49751 -113534 39372 53631 -21841 36448 42525 12929 9726 49516 -10179 32302 61830 53530 29062 43026 -91980 126239 78660 -91787 -32060 32541 -9596 -66086 37124 -47471 119536 75831 -15407 45152 59959 
-36470 -20989 11270 -48320 -8645 1753 -40919 -46490 -80393 -18267 -68915 -8422 69084 122635 -6278 -45170 110633 -33508 63239 -8225 -68370 -36568 127648 35082 673 -141877 21418 -7974 -16361 -15558 -18465 -58002 -3093 23871 -29894 91254 11646 -30146 80890 -40656 -92069 21511 -95755 -9924 696 -116151 55029 47205 -56238 10297 -120084 -10634 -1072 81504 -62370 -48076 10120 86739 43766 -41278 5467 -117823 5289 49444 33263 -498 -64054 1764 -30462 -15387 45879 114132 -111053 -6356 59482 23667 23480 -3885 59357 74785 -68251 -4290 -60242 52407 18493 -34376 -79563 4581 11919 38137 -19631 98430 1093 20397 34631 -99832 -9533 58631 -9322 -88701 -43761 -27511 17371 1747 -42130 29091 -20320 -110333 50831 -12826 52364 -85686 -70710 -136607 -28240 -138310 4986 -21613 91836 50195 59012 -47719 -42392 30224 47739 -149762 -42045 4049 -48131 -101873 23430 68394 -161665 6150 -480 20958 -42519 51754 -123724 -101396 -44348 -14774 5397 88425 -22288 -27283 -15501 44357 -28099 -48875 -85441 108717 -48754 30695 -62788 -59420 66224 6519 34162 67285 11750 26434 -8311 -44749 6604 -84136 17918 72514 66002 -46209 57749 -45648 1455 -6085 -16295 109176 36930 37426 -119067 -1234 49904 -147212 26799 62351 -17860 110113 -13025 -77573 -57323 1569 47174 90263 59200 -9295 -63512 -28861 63705 94753 34965 57571 1595 -19233 88154 -72447 -13269 108959 23480 -17947 87032 -60457 26513 21424 -11417 126586 2915 -15660 85635 -87656 150195 -103273 -109313 13986 -14267 13743 25839 118970 -66362 52391 -24819 -74463 -85560 -111113 8592 21305 -87015 -46980 -2097 115086 71894 41852 -10040 -19636 -14222 -30277 -32981 36668 58738 -104433 45150 97726 33378 10995 108283 -15576 -127324 68831 32798 42649 -155009 30118 -21392 -23888 -16546 13077 53307 -120494 -80340 2313 100021 -58587 12711 32742 -30543 -48253 87382 -25763 -23773 -26387 -24304 43669 -28719 18713 127480 -42617 43968 -10345 -49539 -80649 43013 62121 47081 31065 52592 -34377 -173110 113554 -7200 -61858 62714 82753 
6496 -60353 -10183 4550 142208 122987 -2964 -14792 32895 -59082 -122779 -84182 91458 -18381 44278 52821 39477 63161 131095 17089 76559 -46883 2714 59690 -87182 -11874 -9486 -1969 -15546 74927 16923 32105 -31356 2087 -41646 -443 28564 84493 -57471 -32228 73658 28295 -16492 67067 -16630 28336 -63272 -51666 94331 125911 -34062 -6941 24511 -6167 473 -26744 19423 -141293 113777 -29806 -79690 -51101 25183 101612 -10606 25239 -24189 31349 -29684 76756 -5163 -30621 -57175 -77473 23993 -8203 50573 -31489 3488 -34961 -52403 21897 -90883 23228 82340 120537 20618 -90729 66049 50502 -94400 -53106 59413 -35635 -38748 -45711 -33135 64624 -8069 -19827 -64639 6994 -15958 -52823 40418 21295 29318 -45988 -58049 26700 51425 -19032 38702 -74487 19584 65395 -23670 -55099 33477 32968 -29829 87040 20910 42535 -60344 83441 13160 2311 -81206 67795 12694 34153 -89 45397 -104630 64349 -47159 74918 -9748 30120 92168 -36067 35260 -79937 45493 -11702 6171 77366 54144 -92310 12251 -20455 -100728 -14301 40706 -12929 78906 70216 -72333 -35210 -6038 -32787 8529 2440 75922 -13041 18714 -33434 13561 -7737 63525 60538 58438 12739 -25943 -71190 -46141 24412 -12727 78444 -63315 40480 -38107 41856 61257 -132116 -38051 20654 -80464 17198 49359 -41019 14906 124365 46565 41161 77070 2797 -29439 202 -29125 3883 85733 -3365 -19035 67236 84894 23121 -129447 -93701 -25756 4167 78385 30010 -14700 8547 -143863 14342 -34205 -114264 15784 -41535 92461 -44859 9545 2173 -1058 -21530 46314 101734 34032 106075 36037 -62983 -45331 -1196 14931 -136754 -97893 28490 33055 5266 46765 -8897 64490 -16041 -23881 103092 14412 27845 63653 -3896 -40874 56076 -21718 -35898 -100991 47604 37858 59650 -117250 -61432 -19663 -69930 -7245 12559 -61380 42448 -106999 69407 -12584 -4506 55762 60241 -53266 34327 -41054 98345 -14830 -138433 60757 75567 -18542 -11481 -73832 16895 26779 67098 -84853 100059 -22045 -20909 24178 62637 63622 18491 38952 161594 -6915 19139 
-19234 -19504 -46254 -10189 30267 -99904 14385 -47320 -4612 -7107 -46630 -34671 -57410 9726 120957 -20503 41740 -39480 44586 49875 19141 57072 38262 10425 99449 48362 63821 9002 -2409 49176 -53828 53798 -104305 66106 -13558 -84649 84145 -38361 -66600 74904 34873 -71998 138881 -4273 -33970 -56008 69167 29671 40798 -47437 -9690 14445 95293 42702 18782 48798 62166 29370 -48044 -36448 51806 -81076 -13432 -21301 50624 -93950 17221 -20841 -54342 98924 30874 96899 33885 -17369 -20690 -24676 25484 121658 75631 72370 46813 -63355 -30470 87494 47536 -7449 26954 60613 -64792 -54184 26406 -17872 39450 -80499 -30351 -99008 -100303 24142 22802 19858 20094 73771 -17235 -85365 -114435 70561 68335 6163 69313 31256 14760 80460 25257 52883 -77749 70282 38289 19058 25843 -37130 25428 -37519 74893 61361 -16786 -91625 -44406 -34679 9723 35181 22445 102317 -80944 126767 50742 -15937 -57596 -71938 -56373 73578 63926 58772 -53258 21556 -1017 30811 7869 79649 -60640 -50242 6817 41178 -57835 -6334 104723 -2138 -60254 43493 43124 42599 -84279 82870 -66323 -97991 21913 47809 2380 101093 49786 -61642 -87682 57009 128270 48192 85757 84622 3730 44505 -118093 10853 -21746 -38505 -12176 -37961 70309 -127009 -14372 -57908 -56091 4531 18247 26801 60134 23086 -39947 -40694 4049 -17056 49606 52095 63156 -39176 -36807 -78839 30038 11246 -8229 -82102 -39990 12676 70098 83177 -17445 33948 -3440 69808 -13345 -86293 -9302 81867 117149 -73090 -53479 -44047 -30853 41545 -7943 99521 -49083 108642 -79625 -44001 10793 -14398 58315 -12617 -73133 13610 -37007 1370 43455 47459 31747 -34185 -41019 -93584 69832 20705 -76293 31193 15560 -28747 -7023 -15949 -49140 -4992 51338 33574 58954 58814 -43559 7981 -4592 37726 -22565 6395 41508 64221 46270 -126243 18044 10188 -36961 43688 -13084 -46927 2355 -41261 12543 14848 35495 -41706 22310 9594 6602 3899 44467 -11518 -30028 -5979 3038 52373 22863 70527 66618 47046 7841 -20277 62029 29092 
76027 30521 -15584 -30405 -103687 -47928 3938 -67175 -5144 72968 -10659 46460 154814 -20713 -50017 8532 421 16400 74612 51230 78223 -35176 15499 -11531 27169 76601 18045 -167570 -44608 52045 -31663 58308 50973 -65222 -34781 -43669 55685 20258 87828 -53540 16307 -63859 59394 7080 19633 15942 4940 57216 -31659 -55848 105698 -116393 -67786 70878 6308 -33918 50743 45735 327 15339 27610 21867 9554 -36201 -49651 -4717 118567 33435 27452 -75941 -52483 32857 31762 67909 -16335 51692 8456 -24238 41091 -152377 69917 -51391 53435 -77989 11812 82751 -2491 -9705 -73958 -76554 -27281 18445 -62802 29330 -144785 2980 -13904 32261 -107797 7857 -5281 -98993 30463 -17056 -148910 10731 -43462 -22787 878 -71112 82274 -12050 120526 72248 -79212 56836 49802 -2833 -62829 -6964 57665 104228 -54384 17193 18042 -47309 -443 -816 22819 -62310 -39871 -21279 14863 48511 -48409 13027 25147 52081 15093 41044 -11185 -40125 35006 63355 -9352 86318 1168 -2369 80703 26734 112344 -30981 33163 110822 86066 123959 -43687 -29037 15881 32236 -12254 113421 -62390 -12328 -72067 54740 111284 13335 -54249 133327 2212 -74787 5932 -114690 -60542 -4520 -8379 -917 49871 3737 59824 1430 92479 -88848 36042 86886 24047 -357 -49471 -19727 -49681 -23577 137193 -8181 -4824 4101 -134885 76861 -13954 3875 -44642 -37466 -3942 -17253 122307 9275 61651 69522 -11955 -2767 39482 -45307 -29289 3936 36438 11018 -23453 -8976 -55508 -16802 29892 -8736 -30834 -14373 72707 15131 78303 5141 -50166 36597 48660 -68002 51690 -1191 -34624 61548 38179 37855 -98677 20527 -41992 36966 -18469 18734 -21348 37774 114038 6419 90481 -31060 1845 -15214 23308 24004 34686 -163 -81888 -61162 -15136 26121 -39144 -137237 -71142 9881 -56714 8544 -28526 -66695 20291 22913 98008 -101046 7972 -4116 106338 -31712 17978 -82210 -35570 1353 -56094 62295 -41880 23481 85630 12288 -26281 -33587 28891 -17433 11761 -30033 -66406 42681 70736 88455 -60930 -21686 -58022 33928 
31457 92249 31777 75849 -25650 42301 25389 55544 2128 17342 -54726 124139 19735 5082 6871 -8483 -55892 16644 -29251 16914 4854 47258 57542 24225 -45418 59000 -39980 -7233 -31592 -7684 63089 76516 61430 106259 79037 -17542 17632 -37794 -51012 31794 -15200 44506 5593 51346 -42614 -16014 -136348 100286 -22959 28173 28294 53158 20222 -28043 82093 97996 93399 -20732 -10783 -5600 65771 -60614 -6968 54695 -57237 -18332 36167 70044 23112 -89506 -26256 58870 64125 54831 -72839 -11342 47138 58393 84975 51839 -63777 -6109 -15375 35950 69640 18166 -134156 -6444 37249 20140 4055 -48499 86555 48400 -13303 -36256 52434 21460 40179 -29803 67267 153096 38389 -133042 57411 45239 -56686 105265 86403 -3080 70855 -46988 -101498 15986 23959 -120548 6911 -4984 44827 21139 8713 -97914 38107 14479 54329 -21713 123109 -65384 118977 -6819 -26740 69635 -38288 -16363 9899 31879 -25432 -43762 74460 6193 8990 -55065 35050 49124 7747 415 45102 113356 81084 -37603 1514 -115799 65184 -62672 -131044 72797 -79685 35044 23438 28501 11460 -42972 29678 94764 24997 -46611 34293 22334 73500 -64425 -42349 29041 112901 -26333 -83334 70155 -66842 52289 59373 13298 89560 -58392 -18024 -25383 91136 -37262 19585 22768 -87153 -62822 110987 19042 11449 82068 -76731 -29496 109360 2303 -33742 4540 44837 5207 26959 20408 24422 -64662 51691 -94221 -44095 -3895 -8536 -73149 23420 83875 -60441 54401 55496 27981 -25755 -22218 54092 -12509 -43729 -18370 96385 50389 -36798 6633 63663 -11405 -102644 -97463 -37891 -101421 60995 -35236 -69007 60092 -2971 51404 -130676 -66213 12600 -48536 -6920 129418 103277 -25492 48165 -97465 79438 6876 -63248 35389 10058 -22354 -80187 81452 -48355 -1602 -7507 48233 53744 12361 -81201 37462 2788 -17476 41879 -44449 30927 48011 28191 138484 32695 -12324 -64854 34250 -68408 -22958 -38100 -12125 48178 4593 -52182 -11742 31620 31699 -1051 14442 55 72390 -90140 -104227 7955 -43431 1564 -49662 -57558 43332 
32999 -67346 -10589 -10369 28423 -26954 15955 20153 25086 -57896 59153 -102610 -21232 -13257 25943 40113 -9253 44663 5120 123474 52849 74955 4867 117954 -69505 -27937 12435 62649 14752 -5186 29794 -16521 34067 -37010 61414 -92244 42664 -42839 52603 -76225 104702 -29534 62066 47679 87484 71899 26030 19686 -56780 -21985 -26119 109278 38754 -16524 47926 78547 -68798 7767 16081 109061 -6152 66255 59549 4020 -1566 -28847 9423 -128849 13406 -5271 -39613 -107775 -38489 -30526 71400 -64702 -65692 -13846 -88958 29568 24832 -19622 4634 28270 -67564 54443 -12146 -14668 -55358 -57623 -17087 13528 13641 -20612 -35691 -71275 41266 -78758 40456 12736 20118 -120491 68108 -114213 26688 -69386 140694 -5988 -25743 7361 -47321 81664 44419 5746 -85908 45728 28599 9881 -64239 61874 -54198 57339 4800 40333 16146 12635 43304 60002 -69656 -46406 137341 -17542 -26377 114302 -1259 -95062 -61453 -20353 45147 77507 47897 6906 -23889 67458 29082 -53915 -32620 -61084 -26607 -14089 40678 -56369 -38037 -24315 -94631 23684 -20658 3209 -53815 -121681 84817 -29375 61419 -122966 47576 -3945 2547 -134421 -41163 44029 10311 14136 -35899 10051 -64193 -35664 80651 45225 -59912 37889 -22831 59818 42016 34711 -75803 -72379 -52574 16411 41096 116370 -25333 8818 40755 62851 87091 86435 -9549 285 74773 38666 1265 -70013 83876 -9600 -45312 -79261 -107437 -13101 -46698 23397 11624 5451 -196 -77049 -64066 -82019 96346 -28966 38070 104800 -20328 56945 34145 -13883 -61773 -24081 -29556 74139 -77205 1543 32885 68443 -14442 38891 -44982 -60402 -51252 98883 -44847 26303 34475 -98541 -394 50528 11000 -50519 -123741 80724 -142158 67847 -1237 61292 53491 -83311 128407 -144054 -43407 -48876 30869 10536 -8904 11140 35454 11710 -28169 -87944 26383 -42459 5978 30339 -37259 50658 -40896 -19659 32115 -14119 9200 -87598 17220 21526 150 -34784 16245 53316 -17598 58064 65436 -29192 -9089 28682 -65445 -18673 45937 -2160 -32309 -97148 -38702 -14763 -68021 -149058 
24839 -90505 91931 47053 49389 121209 -94912 44125 -47218 -43176 12516 34181 -66312 -115298 -35390 39097 57053 43507 -1701 5240 -67623 41076 -40653 -20959 -17194 22510 -24740 -6421 -16813 -16921 -31749 99146 -37959 -149101 -38514 -6528 12820 32152 -61043 -58248 -29520 -137098 26541 -40378 -66352 -28877 7578 18763 87092 -1001 72244 31652 71335 977 -25740 -53698 86629 14562 -3343 -107160 -41476 8706 -104353 -1494 41281 -88428 36476 50471 -17914 -37863 -19346 -118991 77726 -49898 33167 31137 -62335 49359 -13973 36291 -109858 -23778 11371 -10178 17568 -3146 23793 -15813 33282 23802 -8158 -16742 -90583 67214 91098 -28085 74942 25305 8217 57773 -60196 -52713 -47739 -63926 24787 55185 43140 73294 -48416 62570 -22960 -14365 26684 -95854 105339 -112799 2068 23431 -14524 -33889 834 -75330 -66464 38353 72772 43209 -61318 15834 -7943 -64695 41917 -22540 18238 -16654 -16898 -53453 35156 -48741 -82897 85522 -148247 53304 66112 20899 -96062 -95496 5584 1719 104794 -15895 103202 -2784 -48273 32907 -50280 -10204 11236 33996 -13950 12202 32192 2974 71058 -5425 -83004 45254 -27494 -1840 397 -32468 20085 -69976 75702 15663 -10530 20427 37546 -63028 5536 14794 -215730 68777 -14444 25199 -5998 17888 70729 -30053 -75159 -123434 -73076 4290 -53482 -30441 30143 -100190 -79766 -33291 -87010 58961 -12975 74626 -13036 -16036 -35886 76056 -64633 117064 -31558 115566 -54779 35450 46032 -125418 38050 -8861 128163 92151 -29516 777 -58569 35141 -31520 -79051 13858 -87988 13687 70981 -26708 30793 73348 34940 55000 5105 84125 37643 23932 14709 -45777 -49465 24993 51024 -48364 -102498 -16365 -6102 7790 10352 29547 -750 10674 51408 -9510 57075 -76556 -87645 -27788 105820 81586 1795 3564 -30949 77611 1692 70082 34882 94634 75013 -15989 -22548 23881 11737 -87581 34978 -34509 -129206 56562 -4256 -6154 67830 74784 20708 -69792 10835 -108741 79237 15635 -75082 -37334 27322 -63453 -53000 -92995 1327 51212 -156877 -107051 32445 81124 14312 
-34374 114680 19603 10102 3350 47262 27495 49495 -18452 -42763 -23045 -5432 -29633 -14623 -20236 -3821 88075 -81374 -38763 478 -46486 11718 4388 -56563 78030 96854 -76497 -62289 -67238 3638 86576 59172 14870 -19690 -45884 20514 48020 -5450 26503 -11219 54362 54944 -42855 -9553 -41780 -26292 16297 -69882 -4903 67629 -126482 31929 52862 -42399 -124887 -61120 51884 -32498 -133340 -13436 -75274 -10803 33038 2975 37152 34533 27439 -70944 -37747 55046 -26205 -1375 -549 52554 -26828 -30146 56573 -15575 76598 -80325 -18484 -34881 16400 -113294 24284 -2922 104195 8119 62527 -23527 -64445 -18109 -9789 45398 31132 11425 68962 2700 30701 -71465 -73945 73727 -19454 -19098 -73373 49617 -43607 -21108 -4019 -47072 22561 -26753 -41580 -36494 121190 23238 -12928 -9133 -30664 81972 -24085 -26431 76673 456 54 -58337 -72825 70020 -66161 56865 852 47011 -93901 18110 -31216 83149 56524 21405 -63431 -76516 -81857 76088 19164 -72512 -68755 -28339 29325 33427 -80653 24585 38615 -75282 37252 -8488 21599 -49103 -42162 20520 -19657 91637 40367 -34475 21524 -22466 38852 26034 -46418 -44572 33507 2669 72211 -3421 65940 -47530 84962 -42851 -34133 10790 -25688 -30814 -46874 -38996 97430 -138620 -72171 -24810 74362 31209 29510 -48444 -148435 9703 81870 51434 2220 28313 -22434 -46321 -13277 57678 -37590 -51622 31692 77783 -59978 871 -5219 -79338 -37100 -25289 10287 -16197 51210 -37040 -28667 2915 69632 62477 -4266 -24825 22978 -15604 166537 -76679 6053 -80349 87471 14155 35473 -23745 24890 49094 -17672 13432 62903 -30035 -11448 -16992 28469 17797 15813 -48647 63324 -52781 20355 19959 32836 16056 67978 9319 36172 94100 -59825 56316 10267 31491 33438 -5044 13666 -16724 -19799 26998 -28034 -94392 -23029 77422 59877 21302 16977 -122823 12421 10827 53094 17268 29068 -77867 -33201 27617 -40859 -102334 22965 -4863 -20582 -54726 39040 164630 -76698 73291 28568 147178 18869 -61665 -49541 -52670 42408 -53175 -49254 47250 -15866 123486 
1073 -51322 49873 -54991 -93738 -50460 22613 5574 58714 -715 66120 -53395 33126 -108789 23739 154008 -14054 9959 14906 -23440 10083 46645 -12550 77563 -52656 -13477 13197 18353 67036 -44721 33221 74708 -89318 27671 23382 26909 34722 -44448 -122577 -56393 30533 -64415 35726 -73067 -14196 -110256 -12253 -37032 -12018 31173 -527 -26841 -65827 83775 -3461 93014 -32627 35627 -13535 50281 -32695 -23009 54886 60431 2625 -34770 24525 -33734 62304 -17378 -2425 -18094 -55636 27153 -29114 -16869 8274 -4558 86748 51465 -92727 52326 -84457 13785 -8780 57258 -27802 75611 75273 98845 -46712 -42261 -66729 -11545 30079 35976 306 -13655 -2939 10179 -70101 -51484 15754 6746 -88246 -6958 -13368 -51990 -89421 -29245 10935 -80762 -62188 -1938 73699 14031 -13213 -48858 27504 -75573 -29738 -53740 -14567 21838 -43418 -22563 -20230 40048 -6839 22881 16746 115953 -23935 41792 -27954 -7054 -32592 -12865 -20213 -77311 18277 -20206 56390 56012 -19132 -89705 12442 22164 55293 -64585 -174264 -37570 16945 -49495 -12474 2647 36968 84303 49304 47189 6491 68216 25010 -137379 -84980 19165 4288 5919 -136095 52669 -33969 -71102 45321 -40349 -15898 17853 -79245 -81553 -34217 -22688 -71693 65825 22034 15917 -9168 68873 -162471 -28882 52975 -21589 19288 -59531 9242 -21974 -75955 -12668 10856 -107879 -13373 46423 -4933 -1382 18028 19629 28294 -63411 32924 48089 -12446 38894 -133393 41542 9316 -60123 67219 89516 -50124 -32849 18558 46693 -18182 -5968 -30210 100340 49908 -7218 34424 -51895 -52989 -25612 125021 -79006 49799 -66351 -9612 -62904 148776 -61863 5049 -60160 -53796 16538 2885 79686 23481 28664 -27477 55131 7226 20781 -8572 -69449 97534 -61165 21636 57920 32201 15718 2435 -4688 -103952 -44024 -44886 -10389 67125 -22863 -32628 -13360 -36813 70499 -93085 37094 -49450 3316 -1718 -86685 -153 -38396 -91059 14343 14797 -93911 -40682 14254 33212 23265 -16614 -47761 19514 32576 -61820 -35648 17645 -131579 -25584 -49337 -56311 20998 -25575 43169 
97917 3397 38911 -10937 -46843 -31230 72286 109398 -56581 86606 -38788 -97041 -117118 -107530 -32951 110373 -25604 -47044 -21352 -152167 36253 49296 -153827 91752 59848 -65070 1049 -28430 -89474 -16879 -29076 -13401 59964 -5108 -92680 89652 11418 16530 73983 60215 -34025 124235 -3932 15365 -8366 -16244 80320 -42251 -31252 23750 117350 -47398 12070 12066 14395 -59404 -39374 8451 -3752 -18925 -48625 2769 -25000 -76943 -52375 20303 -9065 -36353 37457 28708 -32471 24031 20084 -53236 128214 -88367 -63983 -49605 42965 25302 -5236 20158 -93214 -11950 -27950 -16512 57812 -19635 -82104 53292 -45767 9728 -42653 83006 -82126 12727 -42600 110747 15214 -689 -58681 -39915 46810 -263 -49225 -100332 -57787 16545 1680 40643 -131577 -18278 40965 -50466 -27646 -1087 43990 18615 -111652 32414 39957 -130298 24234 47388 -6756 -43845 -10972 56622 100910 12243 34049 -3980 -1347 -2402 80037 14845 -66742 54139 -88050 -34983 -62494 45321 101996 -45638 -70709 27454 -63738 -44009 -15390 83421 109082 64499 69165 147201 38545 -16453 2720 58535 -109751 -8233 42537 7495 11472 -89153 -13429 134223 -96450 -35563 -31926 -49126 55777 41811 -56684 -35437 -12829 -11963 71092 -36207 4640 -70907 -45004 17465 15466 15279 -83729 156894 75207 31755 94042 -1719 -110495 -104645 1095 -15639 37506 47465 -21338 -30573 -83066 -59727 -137038 70705 27336 53954 48827 -27492 -84136 65625 -44383 -84977 -66939 30372 -58510 -50664 8830 -137191 39587 -60216 58684 -24209 -17921 12906 -2645 -44084 -45877 -57024 -1856 -33145 -33150 -16453 5270 33888 -21707 -53575 -42611 -77167 -5696 -104504 -7478 -9035 -1447 16672 -57345 124409 37781 -17690 -19456 33399 10687 152564 62797 73563 -50351 -43608 -42192 8314 -9451 -52432 -54456 -77443 -70470 31044 5651 49035 4808 -54669 80283 -90221 -54166 -13529 -10085 -25074 -41935 -75864 46094 -48577 -48152 -7968 -43381 -3186 -13366 15552 -117971 51755 76087 -41167 -16584 333 -170681 -56273 49777 -30694 36237 8385 -9150 -6731 34392 -105623 7160 -24275 
-69224 8948 37885 50196 -55621 61555 -112933 -122042 24605 8283 -90237 72048 7230 -81571 -59941 -56271 25473 76285 1141 20896 -110591 -28707 30901 41660 -8920 54673 -43716 -55326 55166 -8378 19564 -89607 -48817 -53473 140318 30065 25534 39794 -35786 -34483 22934 49775 -9866 5176 -25215 -53111 31154 -51990 -78017 5883 36467 -23474 36699 11971 -56115 23186 -5844 -94812 45716 9317 -25073 11942 -42752 89129 -151177 68429 -54365 128149 -36332 25043 59949 -29989 30097 59219 58333 -7869 17109 -1187 41680 4138 -19287 -46585 -19438 -78805 -28060 1480 36417 -34210 64841 28818 -51024 -5372 -46590 39448 -88308 -29630 -21813 -7491 -111336 136448 63953 6834 -19093 -13006 -65638 5190 5725 79607 32942 48920 112866 -26264 43523 -89483 75968 -2205 16025 109375 -22161 -11608 17757 -80477 28613 -17989 25291 74259 38619 -12405 3835 -18950 -12158 60043 27150 29546 -69281 -3344 -16446 50063 23135 9149 -26968 6507 56650 30490 50079 23231 114297 22707 -41907 -179005 21001 33420 41374 62943 131590 -36075 8927 -49881 92078 47058 -60889 48622 -17026 8521 56882 25617 20917 98904 -56072 -56193 -65644 -59270 42059 6780 9744 47786 519 -27884 -58652 33152 -29097 51589 -101608 19817 -13659 -11354 -22716 -49145 -622 -20213 -97326 4195 31648 8313 -31186 9769 32469 163125 -141298 -93127 -60171 81940 32738 -79227 -2738 -5530 16979 72776 -118264 -17704 15221 22306 24086 18258 -44461 18692 -38297 6724 -20726 -11885 45672 7920 -18547 -53934 -33895 -135845 64238 43019 66186 66923 -33452 -10321 -83124 -49769 61521 -57942 -27847 44443 -26310 17464 21245 74064 -77315 -65709 49029 -54582 -45052 49165 119637 -27167 2583 -30160 -58626 -19500 -8563 -14905 -70494 9646 -52004 19005 8237 -92301 54996 -10248 29464 18577 -18373 -36345 60649 -56846 -28009 23310 -32172 72021 141216 23988 22796 55217 -13851 -16434 23502 -114460 120293 53866 -16942 47381 -61060 -88766 -84295 -44746 -36163 41973 2083 -65546 -9686 -65581 -39021 -21246 -35977 95282 
-28610 -37251 53338 14406 -13540 -49107 46618 -34215 66381 47879 13792 4980 797 -20030 57656 52143 1176 23441 -142669 104196 29545 97060 -6558 41353 86913 6514 8925 50530 16312 60925 18192 -31776 18248 21010 -47686 -21865 33931 -4609 -46734 41624 50882 -47363 34172 11219 -21201 73119 101637 161451 78496 14099 73459 -63437 -97612 -17866 -18771 -14738 -58332 52742 20298 36951 79343 -14155 -59371 92206 -14413 42410 -5495 -6396 -78333 -32852 38423 -95884 8784 -28731 -2914 -9755 -34442 -63885 12973 61644 589 19008 17970 -23339 -16293 5266 3065 53086 -12164 -150745 -4779 -40691 21203 65141 116823 -49509 146 49250 133005 22315 69215 3682 20684 13930 -10516 44683 14641 101958 -25675 30112 49505 -23671 24928 -10208 -55254 41326 -45573 23546 5533 -33289 32147 64725 -91584 78777 73572 -8721 4818 -51170 3315 16224 36414 -48432 28504 -4354 61275 -71164 3366 19409 -22768 4239 -5986 111949 -11605 19162 -40288 -50334 60496 -94685 30325 13415 26501 -20296 14267 33384 -90188 1747 26516 -18921 -4801 -349 -29982 -20570 74633 -9541 -7314 3289 -39010 -25770 -11850 -138980 -104704 10208 -29637 55662 -66846 72696 17260 -20735 48539 -21662 1361 40982 -21009 51034 -27981 25963 130898 -25110 44880 41840 10820 64827 -16485 -112156 3391 -7653 -31019 17622 52256 -17337 55328 -50445 8613 -42530 -49414 -29777 -40012 -7014 -72951 12948 11846 20574 -62360 -24614 13536 -47617 4624 -14485 -46881 20329 -5840 107673 -26882 72713 -73162 4645 40372 5058 16763 -55183 -24897 37913 -63344 39945 2835 -72060 -29750 69373 -24817 -46358 -31420 -1155 52902 -46293 -73927 -45595 -87148 -58716 -32865 40384 -26185 46533 15878 -41579 -30 -49683 -1120 -11344 48902 -16021 32898 4567 20035 28400 -35042 -32836 105777 -31075 -63813 20818 1857 -25936 62536 -72300 -40458 91857 14388 -25001 -49493 232 9819 120616 -133783 -75572 -16802 -69831 73740 -48380 50274 2809 -13048 10433 -107295 -14853 -94682 91138 -57625 -94415 -91282 -45971 
-32134 31201 -38567 -16264 -7150 40962 34553 -81407 45978 -50179 58417 7263 53132 -43842 -1150 -52604 -4002 -52947 -55335 154202 83812 -3927 82057 -111697 -39097 -54548 7505 42581 36312 -46436 26169 -31282 24280 -68143 41557 -59353 -56481 -12041 20283 -8076 87081 65905 13409 -18122 48686 33917 -11448 26206 -47122 -81979 -35027 -22788 -22161 11569 -7566 -115075 -134708 49846 -66158 -5140 19388 93501 5980 6200 -100690 -17608 -95116 -43145 63702 -92373 29541 35636 -22922 -10206 -102991 26216 4531 69664 55602 76119 42771 -6557 7240 22292 50182 -55035 24309 -106365 -94843 16102 63642 17949 71895 -50582 -31791 -117339 4852 -46623 23074 67601 -3041 -49904 19371 3807 39114 -80572 -20754 -117905 5578 -80316 -1276 -59126 -42523 81868 52061 32798 -44760 -16512 54768 48445 19479 42911 -11746 -79777 1673 -16498 30534 -10700 5331 -24582 -91562 -21796 38923 -30412 -25627 -17207 71075 35359 -9090 5677 -124843 -15878 97547 21940 46640 44548 14230 -8516 34350 -79037 -23198 -10803 -64414 -99754 -16096 -8298 -63446 45815 154756 84844 -12881 36077 8843 -30122 -9807 -45391 10684 18791 -26276 -50211 -21920 -6751 9818 39425 -37322 -12848 11792 -23169 59642 1608 -15628 16695 57431 -35261 -33114 -13209 -15905 6561 -42319 -43166 -17833 152029 20257 58719 30497 29496 15445 -25363 24591 -109528 45355 -43385 103950 -28720 -47114 -43736 63793 3400 85662 77738 -13462 -22448 936 -33941 -864 26959 161034 51469 57267 58620 -14663 -2856 -80761 13535 33919 -26003 -45995 52364 -5590 -44240 714 -60302 -88634 59847 -100839 44922 -26851 123848 -35624 -4791 -64820 112426 -151609 -29154 -14261 -32821 4836 -74060 -35120 -31179 -36534 -20152 -8076 -7354 -82642 66919 17911 -96721 63384 69403 38464 8707 -13500 -11273 89262 -7980 12873 -1956 69191 60317 14700 67587 40108 -10034 71996 62543 59327 61529 -69093 53702 -50986 -121085 -73100 22682 51859 63207 -28453 -68421 37847 83074 50915 -80527 47837 -48089 31906 42800 74868 67067 75955 -26878 
58785 -23356 69528 33467 -4393 91195 -23809 12735 -13261 -16175 -20571 3878 62276 -1594 -17778 33201 17303 -69406 -75845 -54027 -12342 15968 28607 -27408 -35308 62132 23706 22627 60926 16892 66092 -28913 48733 -82699 -5215 -37032 -28257 -13217 -70475 -76883 -57141 42814 58343 38951 -62161 49954 -50102 -42319 -7651 3812 -93835 -26857 -110619 -35285 -17170 -7981 -53021 7738 -120328 -24087 -30233 78329 -55363 34018 10966 60015 11811 -40318 3268 76711 -147792 -35628 10450 4879 -13380 113000 71639 -65008 -20841 -32985 -30786 3871 7434 -8158 43571 -53557 78940 -9273 -37837 -62266 64577 109110 -93848 27247 79514 55464 117218 4451 67002 67047 34019 86700 -50160 76664 -68643 32680 61830 24751 40955 1625 -15604 -14098 32339 -95756 46850 56961 -19086 -90443 12075 58714 -9445 34805 -71180 76654 79282 19849 -42947 34535 83570 -68567 -50063 -11938 -31367 54673 88023 4853 -34617 59175 -61782 -43172 19118 33676 -58357 54951 65470 -25150 43730 13749 38828 22979 3485 121543 176869 -32473 15405 60305 -26145 -121973 10899 -110522 31321 -77282 44896 4204 4310 11464 25618 -29681 -5037 40829 29433 -22354 -10624 -57845 111377 15843 2190 -96587 -54075 82123 -33313 -60682 -9108 11663 -6710 -50629 58046 -91106 -11036 29467 -42266 -70887 4295 -36531 -19446 -78837 -15513 -48281 -43089 128667 72744 -12798 -14886 4512 52397 48138 -11978 -53284 50334 -25263 -9705 8411 -20490 24231 -28419 3068 12381 -129235 -84759 57584 -61805 -66737 20098 -30364 64370 64861 -42827 28297 -60686 60588 36348 -29688 -36048 -3012 62006 -4972 -45333 10839 -72897 22564 -56653 -68640 58017 -51859 -4976 19751 -16190 46038 37515 60409 47204 -85086 -116472 33003 71537 14513 63650 29073 -63506 48806 14164 53720 70155 -51066 49174 138089 11443 -9447 14813 10867 -12338 69427 -118182 -16073 52761 -122659 -18551 -621 -46997 -73033 -65640 -39585 43306 110830 68184 35366 8687 -36288 -68526 -44548 14613 -16173 -33729 -40462 -37134 15119 -59911 30357 22110 -118551 
-61117 -39536 18887 37194 27441 41269 15469 16336 42000 -111487 -12750 -9023 31538 78289 55821 -82337 -19598 60318 -42829 -13850 -72935 56081 -33316 -45052 27727 -115121 66459 -24493 85639 85748 -20569 -3411 -104562 19917 -46152 -39551 52223 54886 92236 -67428 38262 -68441 5867 -52396 -22335 -93544 -24916 9286 -230 67007 23651 -116478 -40863 -51924 6941 -124907 62637 -104874 -54541 115647 82379 -108968 -83949 95193 31571 70411 -138077 83906 -8904 144210 9172 -85862 39240 -34071 -29811 -8048 147134 -89168 36469 866 -22798 -111176 -45966 -75075 -1254 -13040 -183599 -103173 125497 98979 51274 -47407 -44521 27941 89389 -29619 -67743 5053 -35111 31950 -51446 16879 -6348 5571 -25578 2883 -57933 8418 -71461 2985 46271 7186 11619 -122486 66659 77993 -100362 2340 60570 -122630 63868 -61485 35310 -19335 77340 42328 10511 -75160 -20861 132898 3823 51830 29234 13719 46223 -48381 -74413 25635 12157 -113401 -28100 -9932 23818 109728 -82513 -139608 80085 113503 -115224 -80509 40464 -14856 74925 12724 8552 -36442 -119161 -114857 69919 -33751 -35410 -12261 41117 68897 70368 -44030 -23685 151213 -72998 -54245 131955 16833 73521 -11343 -97980 -17090 -25396 106940 38899 13943 16290 -170155 -64714 66729 -25902 -17903 -55206 -46596 5444 11275 -101325 23960 -16652 44060 27695 -23780 114134 11831 31608 36067 49668 -121412 -89797 101606 2576 -16345 147510 -38697 15812 -30863 57938 -65406 107910 -34713 -22321 75064 -66962 -32717 -76998 47280 1699 45729 56395 2979 -18722 -67991 102206 -48564 -104858 95399 -22779 -49061 29213 23475 9291 17925 61003 40801 50563 30476 61734 -85793 34457 -110272 -85335 -73820 15784 33861 8972 -75187 60558 -13216 24097 -31689 -3487 -24419 -78204 16032 16263 -22165 -86019 16824 -88848 -56950 -9031 -36532 -39715 143142 -56903 -24736 -51998 92293 -33300 99870 32100 -90487 70104 -69655 -58385 5614 -44763 13118 -8703 -78761 -38123 73900 97291 47172 56150 -3478 2708 -49393 -98674 98741 -34685 -49655 50091 27035 11460 54720 
20103 49607 -93020 -125412 15712 88971 -52799 35993 11600 8885 -76035 -27422 -83712 -15097 21168 64264 18599 59610 -52246 29335 10175 72135 17075 -44910 -19757 93837 32797 -34274 21586 -60537 -30497 -27980 37877 4517 -36238 -54054 48278 -38520 -55594 -22625 15335 65553 -26683 -38535 -13540 48948 -23251 81413 35776 101365 -31538 -12488 71708 65 -116256 108852 -18951 2577 4295 -29868 -160935 102765 -40754 61464 -30297 -99238 -9925 -38766 -30363 -89000 -4331 -6723 39941 14526 -57144 21347 -44080 14802 119508 -10418 -28757 124164 -103549 13895 67537 63512 54927 -6512 4430 -62396 55526 70048 3727 -30041 -12112 -37561 29682 21351 -77039 -25226 -41331 37737 17167 42891 59010 -28740 7064 25050 16041 25089 74959 -42287 -82737 14135 99718 50741 116214 50307 -16064 -12649 -25282 42050 21541 131492 -62929 55075 -17479 48243 -22426 58890 32826 -31209 20959 -25320 -49870 29418 -47819 -54705 -729 -92681 34183 -70647 -28702 -41578 34721 -12279 1366 -105447 -109022 -29814 -95625 6559 -58113 -55978 5863 32312 11245 -3497 -13631 -66515 -18113 -37796 36226 31930 68663 -33982 -22441 29472 37240 -24990 24981 -105406 40658 52823 -44147 55954 -58830 284 23971 -64454 -18573 95964 28303 -30767 119310 -21471 -8769 -61270 -33891 -76590 88212 -11489 56956 -5953 30102 30653 -94218 -105465 -99004 13252 -7795 8004 98409 -24364 113714 31050 87129 124811 4856 -84623 -111391 22254 25984 -47199 30973 50991 -126281 -56162 107563 -28563 89416 -33402 -36912 7343 -1167 49550 -21316 6173 17683 -67267 11646 -49885 23044 8277 3456 119591 64910 -49785 -73304 -92279 9788 714 64018 57126 -40144 5552 19876 -11056 -5738 2043 100350 -56892 -39891 -9755 -43840 -75416 -43123 -13439 -47637 -7591 26198 77452 -13167 -109243 47690 71127 -57933 -46674 -13253 -61836 -107435 -34284 10018 67172 -54518 -2648 94100 -29929 30957 -77902 -4914 34409 81207 92858 1702 -86909 -76288 47670 -124580 -98757 106613 69951 -35461 -10138 -74035 54612 57181 67143 -9240 -71069 
-40234 -40024 -69113 -9301 -58035 -29861 14093 -11913 -16616 81646 75998 -86743 4030 36046 -100651 40005 -1998 8299 23706 103334 -8848 -38107 24818 46370 -9661 -5460 -32868 -86977 -1987 74967 -85471 -12558 -33734 29525 -34259 83013 16998 -3893 37311 -13105 46349 96864 66642 -73221 -30665 3639 14154 113694 -195137 -104714 1752 129135 35414 89501 -103636 -43330 -13728 149139 -70834 -53834 -1571 -66778 62643 -107940 12361 -20515 150924 -127268 64020 -44680 85880 12128 -64319 32316 -59218 27742 2301 -12030 36270 11190 -43977 84711 -55552 24423 -22705 -39544 -169385 -61032 -95571 -8929 10503 -29685 98989 -37088 -26208 -55713 4117 -26812 105336 -31750 -5693 -46139 -73238 9380 -102233 52933 -65626 84089 60123 -33218 -38114 5712 -35719 119526 -145345 -98240 -51293 29231 -83119 43693 40751 -68829 -34011 -24378 16435 -71531 -3293 -42679 -3817 -19186 -30000 146561 -38149 403 -19765 118589 -112753 -40374 -94825 7731 5291 34192 214 -8276 80785 29217 83719 19071 25066 11867 -27262 -52404 110762 -18168 16813 -46641 51246 -24063 322 124877 29815 30154 41730 43506 35121 82735 -20036 -108905 44543 30680 -115610 53056 36585 -31254 -93856 89633 33244 -51496 91224 11580 109919 24045 -13462 -12452 -18765 9733 85317 -16893 26625 95251 -76734 225 88234 -111956 10878 21992 -87980 -2595 34714 -990 -32613 -34576 27547 -45966 -5692 10855 -30353 -16969 8322 -47089 20620 25367 -48436 -72318 80711 32012 105253 8411 -159545 -6923 57819 -25944 24586 -31451 -10360 -16740 30964 93964 42911 6680 -63211 -51113 -31135 29748 32242 -113550 -68757 106968 50905 34235 -52072 11481 28804 -35244 -40995 -29251 16641 24527 44936 4301 -90236 -30180 66308 -2647 -117952 -19058 38565 -3755 51004 -62449 109418 16988 -103677 120768 22936 -21544 155246 -38823 -3759 -101503 25582 57694 -62261 -23139 -69106 72716 38649 -127227 47203 60284 -84674 -12829 -13598 18938 58065 17047 6282 -14160 -160301 42700 -1763 -50923 -14712 15579 68400 -78536 -60548 -54679 63227 -13143 
-17168 21733 -106424 -80119 27690 50028 -11202 -87716 22890 12213 -39555 -61820 -57956 102444 -17880 33674 39718 83846 -106127 119159 -52276 38608 44519 49212 -15213 14476 -35009 -134324 38875 -32275 69554 -95659 68694 21046 -12213 -49959 7239 47897 20656 -16203 63812 -27151 -14511 -130225 86091 -14765 -20889 71357 41115 26803 -42003 49819 -28833 -59308 43361 -38708 -81151 118445 14444 -43076 13217 56088 -55000 41585 -21092 60290 72030 -31241 -8731 -18069 35374 71910 -56034 19492 -35223 -80384 -37389 40850 2595 -15023 -2976 -76918 15020 109875 -5813 63954 58218 -82940 4046 -80517 -56335 46613 5052 -9229 -52598 18129 89383 -112549 34852 71320 53165 -27210 -10658 -59591 891 -47105 84137 -101822 -31826 35886 78853 32400 12158 -47158 -114953 137280 55879 -51555 -37056 56884 -35284 16760 51801 204 -34229 -38816 7323 -32375 18392 31954 87451 -42060 66380 21374 82400 6604 -61905 -125763 51082 -30256 -134974 7535 -76426 -51856 58480 4108 -31871 17789 8092 -25778 -38768 -50172 -13948 -26366 25973 60080 -44380 3234 -34137 101478 -84765 -92702 1450 -25991 11552 53325 -78619 68480 43287 -50549 -23397 43445 57026 62646 18060 -30572 -22952 20756 14364 -52050 -29049 21189 -76404 -17093 -1719 -74935 -22632 -25339 -88012 9520 53618 -64646 -10636 63367 -88334 -63688 7615 112329 31646 -29330 -2932 -108414 8938 -26817 -80469 13602 27633 -14326 -20368 27947 -7268 -113978 -8248 -34735 -2237 57070 -23088 80799 53607 36614 51323 21637 -59742 42365 -11288 40853 -31125 -32512 67172 -1749 4291 -51769 -113149 -34863 -30940 60075 -8447 16065 22583 -88291 83748 79970 42403 -5845 -33400 -17344 -11583 -74180 20014 57983 -38770 -31901 18167 -20004 307 -42361 65454 -80475 15992 61292 -35807 -39336 20741 -30823 27189 -12332 5892 42547 -53924 28651 -1372 143228 -37537 23029 -74092 68648 -30715 20717 -35282 178740 -37515 21400 24403 73078 -60348 -80906 -33180 -49161 -66056 -24519 69952 20740 -46161 1957 -16677 -27858 -50076 90283 -8441 36801 
9625 -26176 -28304 24046 9015 87420 -86085 -8153 -20202 54482 -4134 -120192 1877 26783 45555 29494 -9223 62321 57329 111376 31563 -38603 -39262 75923 -45747 -82026 -7063 42752 -10503 66077 -83353 -37709 110128 -41732 2524 -11787 51441 30474 -7662 -9966 -51354 53533 3823 67734 13909 63550 39750 35906 -7600 -49983 37640 78132 59125 -81568 66353 20704 -82122 -7005 -19894 -21148 -16178 33067 -16901 -15924 42813 -24846 -5041 -161699 2971 45377 -39859 -72658 -53146 -33465 2907 -67621 -9999 -22671 99964 115701 59589 -31847 24923 -51282 11249 -9798 -80121 71670 -4844 49182 -64072 -98242 39828 -55294 -74046 -22475 -29024 12957 -19560 -1022 12451 108477 -33109 -13156 44273 -79694 -4835 -25466 -34174 35730 -102787 61129 -67685 76000 -82581 26790 -97788 -20277 81895 -25967 -16733 161181 13602 16485 43993 -62391 -13276 -159438 62730 65972 -52311 98481 -32925 -6760 -51514 59515 63891 10796 -14194 34296 -76384 -67905 65307 32978 78802 50344 -8199 -882 -39613 1992 75871 -133764 -45712 99257 -74430 -56 82398 42454 -82549 12043 13068 49175 -35732 -130486 101378 69483 13159 -22763 36948 -53613 -12438 -24620 -117054 -27089 -104598 -48284 -76822 40892 -10121 -13746 63252 -9668 -24344 5875 75162 114750 -24404 -86929 -22737 -41338 48701 51295 -15734 53589 112151 -34641 2488 -65454 148622 -45263 36483 -38112 46851 72146 65887 -61499 11327 39002 -68631 -30505 39432 29783 -8883 45616 -68436 -10951 28785 92472 -52837 -19318 36089 30071 -54934 -53143 -17258 29098 -33443 34391 -54566 -35594 37629 37495 45728 41967 -121477 -77494 -10599 22113 -20031 12783 -99503 58962 -55773 33938 30161 -56625 -14580 -63782 -20140 -68613 -80203 -64040 -65505 -2363 18994 14392 36980 -24722 -18590 53026 98964 28535 358 53953 -57509 -53526 -1688 -31459 -9058 64036 -41205 -37977 6444 -23157 2499 31463 -42343 32775 87075 -12670 -140675 17240 56315 -83896 156238 -136764 -9258 -5480 49752 -12088 32625 -201499 27923 -4096 7991 -18503 -19128 3122 -13381 -81171 
-19371 -31488 103976 -54043 -29685 41854 -17894 -10542 -53318 -455 20731 60832 14084 -15524 17048 14312 29471 51489 22698 6382 -66355 -25157 70683 14317 -58030 -63559 50382 8526 -8883 -18389 -4703 53749 -2774 -77518 -28216 79221 14686 -28382 -5208 -68635 -25963 -74050 7620 -25941 19065 -755 11166 121707 -30202 17877 -52780 24735 25100 5328 48834 -23797 9166 68473 42930 1932 22244 -105663 14937 -1316 -129118 21080 89456 -67782 42690 -43520 -344 -22727 32004 14383 -115303 -23050 92613 16627 136651 -49687 -28158 -86902 28479 -13519 -976 156961 21538 51988 12956 127961 -16525 73257 -12217 -59278 16545 19533 39015 58650 104697 -33739 42335 -42338 -15074 -39253 -52724 61453 -30677 4472 -3669 72118 65288 29196 48794 -35830 7011 -57887 18472 49334 -3464 -18134 29246 5597 -53407 5179 -104894 20626 43971 79156 13019 16332 -115250 -1353 -132069 33678 -12373 2901 215 -9796 17445 88823 -52861 104192 34959 -1091 82535 16948 23071 -58997 53005 4676 -49735 -78918 -53171 125332 -29729 -35868 -123845 -115104 -42234 64606 -107639 41297 -42878 51425 -49215 14325 26009 31520 17185 -49242 -27751 -51434 91440 -70838 -86722 -9816 -58071 -38135 66235 16590 15414 185901 -5444 -41568 112201 9451 50935 -12037 -6014 2018 7330 26029 74129 134898 -44782 4291 -53790 -12331 -77498 27901 -24208 71914 1072 -128013 49136 30549 -28832 -64767 28477 9528 70533 67350 6328 55482 23966 76513 -2828 5284 -102361 185500 -36789 29815 -17645 20578 -50981 91576 33762 23322 30265 -38516 41067 25352 87338 -40296 80611 965 47889 -47212 -86435 -32470 -100282 1943 -51697 -18873 61614 75733 -38236 45454 -43883 1311 -11445 -14625 49470 -29856 152016 -72854 -47558 -118025 43254 -18691 41935 -68053 52812 30931 48203 -30546 -4787 14641 -95535 75093 55476 -36651 -64891 -87246 91328 39965 -34497 13579 -18000 -55505 -35308 49496 78227 94480 -15848 22986 84481 -43338 -24360 56770 34836 86938 -38972 1628 78206 -29534 36968 -91988 47654 -21214 
111338 -31858 -71273 2753 20106 44395 -57840 -74168 -29782 -65186 -94260 -14377 93337 -72164 57287 109700 97072 20325 -33786 54705 -72218 -21083 19757 111156 -74677 -48674 -11713 -52870 18749 8822 45936 3716 57527 37286 44486 -64467 40736 -59546 -124504 -20004 35464 -38493 -30696 31384 -55000 140461 15907 -1999 -105488 32443 -2009 44644 -51395 -91317 52409 16178 -53031 -958 87625 -8058 -53753 -114154 -123963 69252 40902 -54178 -45544 -31318 41422 -15752 45692 -15797 -115627 -30240 -22731 -63783 -85234 5572 -84296 -18565 -76033 -21777 32386 31987 -12658 -61430 15052 -41895 34447 77321 55617 24330 49008 28603 49662 90724 37729 -99007 -16610 46367 44247 50276 -60272 -12486 -9679 -19315 -13016 28694 -12769 -19112 -67548 27082 -9109 -36332 64709 77150 72460 -21345 72601 72220 19470 -42785 -59834 128022 17194 39 -47764 16661 -22860 48599 33461 -23439 -26058 4696 53108 -46884 -46997 -88735 15004 -21484 68864 -3238 -63975 7498 30093 12904 24581 -32498 -6558 77953 20347 -23516 -49796 17554 22277 -43259 -5380 40121 39645 -33858 53720 41688 -28107 57479 -35978 -52136 76045 68336 -878 -34381 60692 -3909 -79092 48671 61932 3850 -78723 -23490 -111242 28845 20332 -30087 15950 -11458 -50949 14855 -402 -132275 -29671 -17847 -12297 78681 -12620 -8472 15209 -37476 -28080 -30077 1465 -40588 -11326 -88781 54876 19318 116098 -16207 44918 1081 57082 -71794 -22012 22893 85724 1198 -122323 -116810 26594 111712 -14038 -28923 -27493 90468 -17938 39468 -4262 -35576 17975 -108359 13216 59673 46374 -72199 -29511 -2468 57181 47414 5829 -18529 54106 -24155 41719 296 68251 86322 -14849 -5012 -19528 19199 42462 159535 38347 53824 -14655 -81440 35971 -50669 56418 13218 -159583 3803 46568 65739 19912 17016 49674 28639 -70184 -24503 70148 -118 22691 49769 -6594 -107642 -3430 -57941 62243 -11687 -24593 -10071 -24740 -18569 106358 -55420 38886 -25305 90335 -113710 -41887 76753 449 -88246 -28624 4348 -70046 11153 -85928 -73001 -4165 20072 
48112 118639 39655 -369 32806 -36766 114887 26164 17098 114766 52154 -35348 -64626 41256 18495 42686 -12096 52224 19051 -105860 5063 -36693 75136 100166 51265 -27263 -35709 -12443 80533 162338 -4157 -89348 -36841 45642 -9570 -48972 84109 -67263 32209 -18085 2951 -6758 -8392 -28336 14739 -103468 -56731 43062 -2667 46206 60798 64150 27743 -5043 138996 8099 -55837 67343 -36226 93774 15972 -29064 -75755 45025 -26385 -9731 9966 -96086 29225 14811 64290 -40141 -92213 47175 35375 -22887 -46283 36028 -2199 -26893 86848 -71879 151 18789 17382 -37881 107984 -4031 -22223 15604 10739 -44663 -21670 -63392 -78128 105065 -86652 772 -17175 -31764 47971 46663 33729 -64872 16132 6935 54760 25369 -18330 16539 48927 56379 93297 52917 2347 -19780 14276 46004 -34030 -49822 1365 43811 21715 56818 30384 -8276 64386 20734 -11564 12808 123088 -63504 -29044 7006 27444 -49456 -720 -60828 55410 -64560 -12665 30059 -76106 -25398 -2449 -13023 -104907 -5153 -596 27075 -101011 -32558 -71185 49404 59892 61076 24374 127178 865 81967 5176 51909 -108570 -8000 -53117 -71620 85907 38638 -15852 17998 -25689 17576 23598 -34096 46032 -13958 -34416 115905 45265 -6914 109624 -47959 -15667 21877 18780 18294 -61434 14864 62928 12985 117088 35091 -10167 -20438 -175377 528 96247 27667 -36095 -40598 -50872 337 -85897 -19158 -51392 -37562 -23945 19217 32670 60443 38675 -45768 43263 38688 -58141 9283 6957 -30143 17274 32925 -23297 4835 -112719 -165 48346 53617 -43568 -35601 -68956 -74893 17202 -82357 -138755 -55774 47151 11900 -29763 26419 -57738 -63946 -6713 830 4092 10953 14054 10986 55517 -63576 -6889 40743 -31261 -7572 -100806 -23007 -37289 24010 20418 -65538 -66200 64266 -44419 40832 -5600 27352 -104559 7845 -14532 -24408 -45139 116940 -73832 -89915 -30122 -34018 -44726 -10808 48046 53324 -12253 53132 72142 -27624 -69178 28930 -2239 -55116 -82770 11486 27124 -15779 -20052 33541 -3473 3143 -39829 66167 -60788 31156 -57312 2734 
-28022 -15733 37090 -4552 -8081 67444 42291 44940 78955 115691 -47954 -45883 31647 -13249 -43451 24947 48703 55962 -33747 -11442 -76651 121553 47593 13319 54914 3728 15751 -33916 29743 47224 -112158 7022 43963 67331 -105329 45421 -36221 -67894 103272 11204 36988 -144005 49543 1870 53724 75243 74886 87828 102825 17276 86841 96609 -24841 -157 -20375 -11245 -9682 -35453 123020 3245 -56207 129241 -174673 31336 15756 -141352 138357 89312 1853 46090 -55918 -28701 -20731 -47977 -125309 24267 34473 -3015 183804 44647 41591 -29684 -13476 -72265 96077 -62006 -10056 34979 43668 8419 -51435 23952 -45255 39318 16981 67913 -26099 -32255 73871 -57515 -23162 36893 -139156 -9147 -52713 75899 -58633 -21391 -78162 -75028 40116 -49097 13370 6187 29047 -78932 14862 -111304 61321 4439 -178899 23354 50317 43294 -94163 -28848 -22868 -30927 -15053 48855 -42753 52568 -11267 -46255 78089 -38137 34995 3600 -44502 117051 96073 -17586 6332 -59857 24977 34323 29741 -84354 56851 -67690 130444 -2385 -15479 32925 -35873 70225 49760 23570 -78594 -40199 7212 -34013 -26790 4272 -55483 -5251 -48809 32771 94234 19873 13609 151529 16918 -46460 -36655 -12162 -19421 142321 22945 -75639 -51016 -24665 529 38761 -40435 20838 5775 46945 44079 -63515 38393 -78032 -82638 -12763 90924 -2222 61616 -50288 68003 71213 75507 56059 127210 40157 58604 -86935 60903 43537 36061 -69638 -41509 -82052 -119960 83618 77735 46413 50466 -20483 -7486 59694 66151 -168053 -123137 -52751 -65758 78135 20392 116660 8151 -48716 -21589 50493 132437 -2398 7383 57980 -48570 -92812 -21190 -32973 34906 81579 5298 -114996 38730 15849 64547 48055 -93437 -20578 67061 56942 -17547 -29530 -2100 -44210 -32288 26780 90787 81664 53691 -22042 -44853 -20883 -50177 -55634 -16705 27097 -66705 -48161 -68283 51967 15117 83101 7335 -71747 -140793 26583 63175 -89675 2961 23763 -76986 54521 16338 56584 11515 49432 -16384 -41475 115692 -62732 14448 30368 -82291 98889 91187 32708 -28423 -44142 
4463 31951 124801 27363 -53409 103786 -29490 -19198 -10893 38492 93589 42684 -106826 8530 -165821 -52298 45636 9758 -62497 107548 -4825 -19778 -82117 -91286 -12037 -3297 -77986 -73247 73630 -3249 70737 97904 33087 -34685 -102665 107243 -5074 12092 48801 -34536 83260 16725 3748 -65176 40923 -68611 39828 20266 30883 72664 81115 -34188 -103277 43353 -48527 -134681 59174 20560 -74580 33587 3603 -41069 -24968 -3780 16563 38799 55984 68222 25462 -2194 -24584 -24791 -24311 48020 25668 37914 2968 -19892 58401 -54411 112397 17399 29604 -72190 -46308 40680 -11519 -140103 8950 -43943 -81493 -39514 -22805 -70453 3110 2589 24270 -44407 44289 -2296 -56441 19144 2589 -85186 75546 65417 22328 39650 59325 24361 43547 -93525 -44777 -55554 53974 -102062 -22440 27002 -46763 30509 -11657 -66854 -88630 11534 -30934 -51773 -36105 43953 8767 20543 -33713 66028 -22280 -37807 27892 9793 -14320 -181047 73330 43472 -100338 42447 -36345 112739 17646 51879 -4547 6088 359 -56978 90859 23688 8794 -57712 40796 34087 -158224 -21633 35437 76258 91877 -77381 18988 97303 30183 11189 110300 -28667 -11689 -49348 2670 -21026 64201 -20874 -103650 -48068 19105 28740 61201 22287 29530 -21391 32543 -38659 -67633 -472 104136 -14417 54798 -41050 -130419 -24670 46332 -7760 -126303 30438 -129759 -6419 19774 -32989 -42873 -41549 11930 45280 -48977 70 88097 -20803 -126787 -18399 42687 -87328 2934 -101496 123829 144976 132773 90384 3913 -63152 12540 116931 51926 -61049 -6179 -45636 120883 -111831 117367 -44794 115876 72851 68568 -7812 81441 -14702 -87238 29501 -95175 50681 25805 19029 29810 -57894 -25927 7592 17187 -36610 39657 -99915 18167 120553 -17793 29216 -50579 28205 5382 -109655 89128 49227 38104 13373 -27616 10837 31647 47412 47396 112996 -136889 72226 11142 -59510 88040 5205 27418 26627 -28293 -110095 -20811 33205 -46223 -35471 -49969 -50134 60023 23641 41108 59276 -68563 111043 19001 -12386 -73565 42801 6579 10229 -64573 72363 -407 19485 
-34976 -110329 -26140 33164 -28258 -31123 25127 23556 329 31428 -24623 -19105 84545 1722 39475 13703 -34040 39440 46048 -26978 67819 -45475 -30039 39580 -26728 -28688 -30379 -37620 -61773 25955 -44985 87361 17081 39776 54579 -73080 -30780 12755 -70664 -49192 45113 -8891 43344 51494 -21179 2203 -43009 -49778 -5204 37858 -59273 -4270 30211 -87799 24705 42652 -49132 -39740 -2559 -2960 88537 -50997 -44279 14536 324 69319 107331 92161 95909 59422 -117862 -56339 -31717 13087 13205 -41514 53744 -39162 -36850 -71023 -21401 26496 -65443 -21520 -143962 26631 30040 20132 76625 -6879 5247 -48145 131607 56832 32899 9398 11647 8229 -57249 -53274 -95205 54508 -16409 -24282 31232 -13652 59864 31003 -93113 -41699 11556 -13945 -4530 -131029 7210 13734 53994 -130980 3960 -55420 20327 -22948 -14920 75783 -135111 18342 49411 -2127 -96551 -490 55215 -59742 40326 59994 -28326 87088 3459 -38738 -9370 14102 -30877 -55931 29688 -28345 43446 -58593 30556 33274 -84892 -17015 -33924 -9821 -58013 98107 72793 -70890 -27656 69511 31386 26687 27270 73345 8549 -34586 50317 77623 -115021 33397 -38832 115514 -102962 43042 -17824 -55048 -6931 69836 -74874 85038 171598 59528 -27368 -82872 -40398 -5177 20961 -30187 -137424 -19080 -43040 23697 25997 -65458 70046 -1685 29879 43667 -34333 37933 13939 52766 35257 47533 -52830 31946 -27863 -7882 38587 -18004 -145512 28097 16217 439 -74199 90900 -63519 436 35545 -19889 -64001 -82208 122518 3952 -35027 11656 -73339 114577 -58182 -78170 32766 103240 26117 -70029 -3433 -50520 -48471 47515 -137435 3445 35947 38896 73969 -92956 159976 119609 3078 -182393 -47829 -5730 105808 -97521 16266 69976 -87502 55173 -48349 22740 1828 -1129 3506 -17827 -99053 -29812 -29276 -32087 -40899 -70436 42513 76067 -786 -93000 76920 130677 -41425 -17077 -31010 -47816 -16982 75197 -636 11142 27578 18490 5337 877 19539 -39053 -66947 -156096 40785 -7729 82494 -14041 -19083 -8112 -62782 -118066 16039 -122152 -39814 -31711 
-32087 8901 17614 -96991 -37872 -2090 55554 -33453 25445 -4367 -4443 -5999 5228 153655 57432 46969 26812 -33143 75442 -43701 3184 578 27943 -29319 -60400 61882 44318 -56073 56033 -21337 -50689 -137064 21455 25364 91557 -14987 -17773 24778 84916 24373 83552 -105746 41578 48583 100348 6078 -80093 72650 -118789 -13948 16353 88171 134430 -86348 -31854 -67361 -73363 -21498 -50277 -69046 -13394 6219 86537 3882 -50040 -76929 4872 -63385 -6639 -140914 -42392 -32550 -36294 8947 1391 -69059 -56680 100843 -81796 -11551 19755 -9457 15172 47698 -8163 49490 71335 134298 -39903 -57274 -26938 149202 25265 121466 -28593 -39489 43560 -5558 5337 52063 94 -117367 -42544 110209 -19682 -8364 69229 21117 -67404 15379 -7610 -8956 85453 -39603 -70095 8329 -17047 81636 20954 29236 -77576 -14494 104412 -29186 30094 15588 -16721 4300 37592 -88092 -52592 -91750 3705 228 -61681 -40855 -661 25404 -33123 -48909 -12688 42331 -133665 27933 72805 -140575 10710 -19974 64458 -24474 -18399 40879 63788 -71592 -25008 31443 -16878 83927 96283 27816 -5924 333 -11002 -29146 -28470 -10418 -22889 -41841 -55528 -20665 12405 47877 -20902 5473 95054 -71866 -83604 24150 54404 -57750 22042 8374 27034 -25292 3512 -103265 -20416 22948 111061 2455 66514 -62678 10333 -23872 -18643 34223 -68833 -65526 124552 7023 -59394 69912 17809 -106378 -2499 -131124 -42874 -22529 74838 49203 -112815 -72456 30356 -136106 -15037 3219 30185 -16115 -38951 88348 22108 -84179 -66085 16221 115734 104695 52093 20831 -140969 -74181 11682 -34197 -60828 139988 -92516 31470 51731 92400 -52218 -58401 -102991 4409 47536 116628 -59821 -68196 -122 3611 -17747 910 23688 -35669 44466 7598 -23914 -65882 3810 -31320 16289 -35960 41150 38023 42185 9101 3075 83308 -50654 -42369 -69592 -58644 24649 -41158 46159 5525 -48061 -24846 53004 2301 19178 -84920 -60071 -5399 -12258 -34794 -64069 62214 -78903 -81350 23290 -25720 108097 24140 50382 76340 -8156 -2128 17584 -46055 7576 -64023 
-13475 -12430 26380 75407 62543 4182 67452 -96294 -77806 -10449 25721 12628 25802 64721 26559 -72947 22613 23147 107989 20753 -18027 -37368 -7790 -60708 -81156 25713 -85849 -5230 -64871 13892 19496 52680 111715 -60869 -45408 -76239 33008 -3567 -38376 -83708 -143052 -40624 -64190 -74464 -76162 -1774 88413 38435 33104 66305 -23688 -93377 -29993 -41505 73520 -120916 -53763 -34823 -85872 -114949 27411 -5943 -39730 23696 6530 124965 -38933 -66197 -88410 69377 69704 -8354 24661 7606 -63816 61889 35815 -102122 -3925 49824 -97457 40269 23119 34864 -86759 84159 1894 5938 -5004 -28835 -3434 11114 43087 1503 109424 21343 -122199 -58921 -126563 -45756 40057 31828 -53980 31967 -69890 -66419 -7851 116107 63264 -23247 69687 -47869 -69842 -39418 31264 -56400 54449 37854 134490 -70579 93631 19439 -95797 -32813 -46569 -79964 -51752 67328 25310 -52715 -41120 85956 -102222 -117766 -9360 -38299 -17891 7565 36166 -15435 -82607 39844 79264 -36095 6357 -7687 2460 90600 -84789 -19246 75967 89960 1269 32005 49852 -36443 -49615 91639 49106 84419 -51459 -33710 -137074 129567 -23310 -51539 6602 112197 26310 -40387 53603 -12049 -51252 -51864 -25891 52588 -43921 65228 -28041 -52270 -31482 78760 -54830 44365 14862 39627 -22910 -42929 -51435 -38484 -81965 -15105 -20878 72048 7454 127923 -58462 11113 -20114 3356 142604 5822 -18624 50559 -87678 49736 52046 499 -17950 111132 14730 -101334 -22212 67339 -60705 25187 -41709 -120764 -55934 -107055 -22467 13163 -42245 77860 74020 24846 31275 -1791 7512 -71510 30431 -19056 -58668 -35154 -3989 -7215 -66514 132388 -85211 52353 89567 20470 87708 -66912 38888 -80284 -43826 -40079 56923 -38552 -69076 -32788 -31673 14879 -60406 -44619 -54858 -5229 32364 14279 -4324 49380 -125949 8940 -22802 -34894 -114821 16029 42962 -84943 -16990 150267 -99691 21984 -39943 -3255 97985 1500 -53810 41426 -120088 45400 -26314 76268 -107236 12534 -32953 -15578 101185 105099 99470 34249 -55763 -48439 15958 -39481 -4316 12624 131156 63620 
-50096 -70804 -8257 -52669 -10905 22231 3165 -184438 -72591 40152 -71036 41220 24065 -101979 -33045 -74802 10831 28107 -3343 -30443 43286 -97949 3515 -67909 61756 37051 -8845 -8309 17832 -6833 21502 20991 4219 -78351 64521 -84 -98153 -23716 11606 -39215 47878 31709 -5245 -19635 19713 -54133 77803 2185 5869 68394 -28554 -49951 -900 8786 15356 -18612 -63267 -55593 -95062 -869 19906 33691 21200 36505 30120 103199 -56608 -54869 -11905 -6690 47514 13975 -16060 -6303 3300 -61132 -12436 -46428 28689 22891 -5004 -39362 95698 -120405 -10676 -47947 -12545 -83016 61353 102816 54628 52618 32303 -27287 -790 -45253 -31032 27712 -84402 -14265 49375 46259 15798 118808 75038 -88321 -120859 -80916 16988 -66081 49884 35019 -19979 -46133 23224 -29069 1158 -736 57289 42665 -129493 26567 24454 -45724 -58608 -129314 -7941 -40976 -3592 82535 -31974 -77612 -68796 67949 -65264 24744 8897 -55709 -59563 -17343 -21550 58731 -38480 -95723 124522 21604 49990 -57747 8116 45913 -81344 29415 21033 45310 8942 -48065 65095 8538 -92955 54158 82395 -54474 -75538 -37745 -8136 -77594 -15366 -27474 45395 -45680 -62600 -2186 36959 -9421 -81457 33030 53600 -9970 120568 63794 4174 -39539 -43215 -52466 75712 -40100 139529 -63279 -39206 -27059 83134 58537 38127 -56709 72901 16029 -93714 -31863 -17166 -50863 107602 -44218 -73802 62208 -26198 65652 -14892 -59688 -18589 -47381 32464 152522 -25973 -18655 55088 79388 -34384 14561 -16421 -4165 -44117 -81721 -5162 86102 -57636 -71176 39363 65061 3617 -29373 45962 143698 5971 -43547 -12747 -31138 -1771 -47168 -73893 -15280 -92363 80541 346 70551 -9654 -12152 -29913 -124098 -36718 -70619 -101105 75073 -7951 59860 79753 -75448 16221 54887 66023 44192 -38918 -78121 116419 -184966 -57593 -11177 -38039 27353 12883 -109150 -40297 50973 95115 -40198 -98786 -6144 -87335 27753 14693 -24349 -82652 48520 -16579 -80504 -65723 81217 40596 6753 54023 -84261 75958 -48939 12941 45522 -1059 -44596 6118 88405 102825 23629 
-56656 -2481 4965 1527 91220 55777 -32412 -75384 -62384 5755 6649 -5490 62790 59673 21725 56035 -33111 -24332 -36833 -16900 -33613 67858 14183 -8636 49944 10405 -20535 -93593 -11772 66559 43137 28110 41171 -18191 47236 -101953 -67437 6866 32778 58499 94135 -77245 54300 73022 17596 -68822 -1540 -39449 -92036 -92750 -31249 -26258 58728 -3771 -12357 -23903 40522 40530 -14882 46362 17718 13160 -3861 -70780 -65216 37814 -64227 -7594 53701 24723 -8831 10631 35266 -54135 -8554 -42456 72085 31427 24375 -79729 31333 -32686 -6682 -62901 50535 102473 -156024 -42776 27500 -82156 -5155 46612 31172 60781 56159 98071 32643 -32658 -44456 22028 85743 -21092 -45180 79278 -175573 11795 1468 59733 -133596 -27968 -13749 80833 -1051 77722 -36065 3530 31224 -79400 -27805 -52295 27431 -2932 78034 46545 96737 -67620 -57421 81403 3551 5023 3275 6503 149316 -47271 93218 -127423 -85282 -7895 80156 -4739 -49293 -63321 -110325 73252 -69461 21313 103061 1760 59796 -79122 -26566 4071 52270 70060 -26940 8367 61195 -6971 18875 68087 13973 -68651 15784 58425 49371 12012 124584 124337 -66943 -103691 -103910 33545 27640 20158 3533 -41665 101488 -30545 124647 -15149 19397 2275 -18392 41529 -48200 -69030 -20849 26024 -1295 -81050 -16307 13393 24294 123851 7439 61994 1314 30266 -60120 6815 -29729 38093 119488 -83987 74329 99277 9959 102220 6304 -58759 -43393 -46746 -5232 143409 -48946 -30176 58260 42010 -8247 47684 50275 -55506 -8915 -50921 40621 -97152 22050 49543 -145436 64597 41576 -38663 67690 63667 -29314 45493 -56770 2849 41232 -40807 79853 39851 -31676 -71302 -21334 55872 -16388 -9038 -25034 58697 606 -105984 -69415 -8775 -129939 23130 -37512 -24547 -61947 1448 19009 13837 11970 -92910 -44221 -96397 3304 16120 -30599 73634 -75560 45713 -8809 15373 87858 24703 -15929 -1720 -48592 -42720 39419 -64024 36857 25038 -115940 31526 -6140 3907 -125443 -33699 17096 -120654 13749 -91066 75058 -81815 -42177 82283 18788 -48962 
-25496 -28198 -18101 -11668 -41134 14021 -32913 9819 -41269 132557 124230 90619 50166 -80989 3324 -1022 -58008 58054 -29145 34309 47596 130177 19930 -13189 85084 59930 -25847 -31634 -28406 19283 70364 33721 41515 -26592 -68255 54280 -19538 -91225 -42376 -2966 -21400 -3779 130311 -8555 89806 16099 -10953 42624 -6516 32361 42233 13261 -25154 -66928 30765 -18140 -81112 89964 -89155 140342 78013 52061 -94251 75426 -82995 120327 -67483 -102569 86859 -56008 19136 -25505 108124 -37116 27916 -40520 -24377 43703 7693 62145 87217 153003 -41718 -39139 106186 -148899 -11643 -84144 64954 27139 21882 8340 56168 -160582 -786 -32934 -34319 -232 73906 -16784 10187 94775 -13510 19453 17276 14896 1173 51578 339 12195 -19544 35293 53559 19752 50238 -21937 -60169 5419 -49128 33677 -3109 1016 55117 10112 10425 -26382 -79320 29406 -21689 -29914 66571 54051 -67682 64463 -84882 -60666 33420 49421 85321 -40518 -58312 -19390 53319 25875 45785 35205 3544 -57890 106514 32920 10508 -11149 17823 -83448 -16105 -59159 17527 35222 -96064 31305 59055 -104578 85407 25018 50909 -33339 -34870 -158148 -96254 -20614 -61020 -39533 6266 -27305 -134555 80378 -75472 -7638 32806 32488 22630 10714 -16103 -61909 -48357 -21504 127666 35765 25982 -13867 114080 772 63997 -55345 28839 38804 -55997 58961 -78029 62030 94988 35124 -35458 -38460 -40150 -14315 5983 89341 -22792 56472 -58252 7797 5570 51125 -34361 56459 -60726 32294 -28033 -3481 -76134 11939 -8306 41809 -31896 -2940 -86722 159874 73402 -56552 32111 -29941 -32279 81836 20757 -1966 -63578 47666 -30529 -49941 21569 26209 -11238 -17443 46485 66056 70421 -109064 -53086 -71435 -15923 129025 -78242 -151071 35786 12513 92451 1117 39243 -10952 144315 82119 -36493 -29543 -75895 42986 -33118 -14682 -58066 -6242 -66377 21854 -70614 -59347 -34965 108967 -107792 53809 34330 102964 -110407 -79283 -76179 27170 -16259 50889 -14228 139206 27064 403 -78580 -69524 -9654 30035 -77539 -10293 -41243 -4975 -44771 -22206 
-6904 -92213 13844 -29005 34326 13112 -54282 36522 -137134 33642 -24366 27826 -18900 69780 1783 -80127 31243 -15417 28484 -100587 149787 62834 119539 -26693 -100665 20523 -66155 23769 9099 -41920 1859 -40865 -68949 107459 16739 -52408 -12182 29811 19485 -53828 -56176 57517 11719 31326 7691 -44357 22678 45005 -67385 -89864 -109539 5171 -18576 -90705 -8924 -46184 -47920 -43961 -63282 39611 18380 -89038 56624 54056 68815 73718 44598 26959 42761 -25061 -51167 32516 114414 -89391 -31422 60292 23712 51205 34573 -46288 -23737 -123319 -68083 41808 1635 88265 39398 -49909 78062 -10798 15868 40934 -8198 36706 -11827 -11594 62138 -53945 -13719 -7511 32858 -18435 -39299 -79146 -40533 53839 29908 -41108 101911 -68685 47663 50765 -18448 19099 -13867 -69333 -13438 -70232 -9837 29795 -43543 -43399 -23917 -42388 9441 -58888 -64962 -343 -24980 1363 -132926 -28894 29307 -60412 39919 -4942 -19365 -29680 19292 95418 -62799 -45186 14795 43255 66775 -23459 -44511 12996 22760 -7654 57517 22279 -39543 -33431 -41686 -42017 2570 -43893 -49163 39739 -38256 12280 62550 52192 26163 2900 -52281 58473 25082 13492 -3773 33405 -32642 -12293 -96818 -2620 1882 99501 -48677 -75749 -107298 -20808 -71159 76259 -18408 -64462 -72707 -84978 23396 -77068 -48579 -38054 10838 -48126 -80982 -11768 16914 49795 78338 19258 81686 72034 -18813 23645 -45745 -39339 19471 -51304 46179 17373 -56311 10525 83198 2899 -12442 -41323 -35082 5318 -80934 -16414 -102986 -18445 -34048 38044 -55290 -114973 -27975 96114 -26734 41009 -14880 -8244 -5107 65533 4787 -13385 83741 -2658 3530 28347 -53423 -109709 -70613 60974 -74221 -38055 64876 -39904 65599 23598 -62663 -30347 46912 -46288 120455 -9068 -3501 -93760 35667 7923 -46786 -25274 65607 -31818 51523 43689 -1078 21079 -10246 -44573 59832 122263 2724 33187 76897 -25703 -63290 30452 47516 -4041 1174 -8140 -10407 20535 -24290 52410 95040 24581 47253 31897 -24953 -38770 5468 26992 -149944 -20454 -31395 69353 2898 32142 
-16115 58073 95626 -6599 8418 26730 -97695 83306 186 -19066 -11053 18500 18895 -25375 40032 -74070 29295 6186 13213 -64620 -68362 28219 -50920 -21576 -73981 23891 1937 -101853 98900 -9598 -75649 -45283 -32412 51001 -626 -453 -73639 -15375 77918 -28930 22150 -73574 -68412 -148104 34094 54065 47011 -54323 63527 49855 26027 12082 -41657 64054 18072 37602 42626 -79830 30673 39199 -13060 20124 -36636 15678 45658 16113 -73160 84221 -6587 -53151 44908 25527 -58709 75506 -26437 -28692 45677 -90435 3413 -427 -96583 -4899 -45657 86633 -71741 40839 1278 33910 -5049 -5333 -38731 -405 -54669 99375 64866 56644 94270 -65099 -30964 -27729 -21438 -9913 -81095 -87268 78309 -21804 -2574 -1294 -62838 59183 68972 6659 -43249 -54181 69046 23739 -25379 -22344 101187 -33273 52063 -24773 -90142 -102961 -107674 87203 -979 -17190 61866 58062 -17061 -49205 21350 -8295 -18156 -24423 -63708 480 80833 6858 109597 -119136 65086 5670 27066 -18421 74142 -49646 -94426 28444 68965 41574 58231 27503 56778 -48184 43923 35413 74475 -9399 -48383 -71473 -65448 26605 65122 -40770 -17477 12518 27278 -13280 116460 21950 62492 -92675 -86527 -68607 -50518 -61629 33675 -82584 15404 -2205 118068 25738 14377 -3292 103797 24434 9540 -6292 10083 -30614 -86401 57657 60520 1280 -29384 31420 -42061 74882 24063 5295 -24325 86125 87008 63488 52835 87020 118260 -12858 13310 12437 -68607 16264 -57417 -87766 11254 6241 48160 32143 -62586 -8900 -22772 -41573 -2498 -15905 47373 -42926 73223 -65200 -73556 54191 11075 -46084 -22775 85286 39873 15955 58358 -14514 7491 -73478 -10913 9090 23049 44425 45748 25787 -34891 14445 -37196 -57772 -46063 -48986 9242 -35109 -34266 -8135 43622 -63201 -43102 -23377 -44801 -18740 -3182 119519 -16982 -16782 19352 -21280 3652 60661 90510 -23510 -93975 -13873 -43606 -23428 81229 19587 -34114 52142 -47951 -15922 33393 17543 -33751 -5688 -36391 -48364 -64028 9920 -24900 28405 58186 39983 84151 -35328 83741 -13506 
-19692 18255 5279 4518 -52996 -29711 69639 2593 74364 -24668 -86628 108152 51823 65480 -8174 -37195 13914 -30486 17486 -15484 -89511 189550 106921 -54900 15296 -21054 1482 20562 -1261 52532 -11804 4690 -13679 55057 -38896 131981 -15769 51564 -25723 36519 13551 5377 -12394 130730 46992 -36721 -29486 27772 104111 10187 32873 96503 -42352 972 56441 95488 39566 -108460 12355 -31292 -10474 -81743 -34645 97903 84867 66260 44476 6919 -2069 18583 -5987 4679 55118 -28408 31146 19896 41656 -151469 -25837 33242 -120018 -9364 45342 23163 77516 -66011 50054 -30171 20783 12713 4840 -21759 47279 -27899 106917 -62849 -45908 -8061 84685 87666 34085 88110 44311 -69568 41740 34625 47018 101848 -6127 124154 -19150 38896 17044 -67614 51592 60213 -87646 -20705 166080 -26389 -27818 39457 -31131 -62574 28750 69887 52059 -15787 33397 67878 20968 44656 -6641 8814 -123952 32149 -65631 90645 49894 75602 15125 -25299 28272 46240 -30160 -31177 4984 -7445 26440 16600 -50752 -112256 19203 5176 85984 40602 -111720 16702 40857 33971 -152188 -110130 41537 -72934 -63991 -97022 -82358 -109681 48756 30224 -91046 -101070 48349 -12276 30755 22825 -114612 -46398 -44813 -93551 30152 51540 16783 23679 -11834 -10824 -109682 28208 7453 13046 58194 61122 35973 -5785 -44547 -89446 37344 -27296 -30333 -31087 -20774 55831 -4387 -29288 78830 -24638 71644 -33557 8300 49108 -35365 58246 -45801 -130669 -100889 -23181 -106602 -70579 21695 -70737 -13635 -39278 -31639 7060 9812 -4661 -92498 29157 61068 -43804 -61568 -59640 -49662 -49278 39800 7518 93050 8685 27183 34120 -87041 -63274 -24269 34391 36553 38425 -509 -54 5652 -128260 -83839 1172 34148 -19205 50021 -7260 37445 35800 98189 -1298 94026 51231 -14700 -80767 13148 61712 -94606 78070 -15723 61640 -3665 56483 123566 108239 -126761 -12965 -76325 -78683 9988 -21769 1422 9035 -35653 -100157 -19646 57692 64337 -113793 5148 -93383 -68006 -6730 3015 -52079 2422 -58002 95177 50979 -38709 37870 
12590 -83989 80980 54917 27497 54389 30300 -25142 66420 95800 -43607 -75191 -26592 77736 74794 -72408 -7801 2007 -40370 -4333 -27035 -3633 8731 53039 36619 92706 -66186 -59285 -3809 -120558 -36905 -76906 47334 13641 41950 23425 42115 94850 -21240 49169 8404 105677 82015 57841 -515 93293 15709 17941 9088 100745 -10881 102380 44071 34414 8539 91900 4281 -87032 -13771 37393 -9254 -42436 -70628 13553 -87855 -25734 -30940 22659 -109105 -33596 35227 -42426 -109328 131127 -21839 -44664 -76072 -81783 -15379 62353 -28262 -55870 -57757 -44232 -73051 608 -25322 135747 -5629 19532 48179 68579 110453 32975 10736 -43093 -41982 -8391 -88010 -9646 92444 22382 100322 41954 126261 47054 -7410 -190985 7131 53932 -37440 -36571 20834 -54685 -7272 67862 -46645 14527 63342 -16486 56265 -45784 -1609 41350 -83644 42840 -50637 39052 -91617 14448 71878 83478 19915 14807 3750 4026 -52128 -33429 -48569 20168 47585 13713 -3039 49015 -25959 38328 -42452 55099 21957 -1504 29398 -55700 -145979 -20759 -28972 -89708 69440 29001 45877 -67354 -16212 -84244 -45113 -79139 96295 -810 127071 14463 87885 -91158 128682 -7664 -4361 78912 88870 -35687 -99449 -30090 -105828 -82182 -11794 -76994 -32684 602 71198 25954 -122202 -6363 22426 31719 25741 52310 -45370 -33463 28628 78708 -4047 12846 26804 -42556 -54853 -16744 -10682 -74703 110187 9561 32616 113327 -60138 -63296 23610 61587 -43245 -154331 13941 -10456 -187362 55987 13120 -16312 33793 -44471 44080 -1460 30335 -6015 -1094 8336 65237 4710 -59381 -34527 27623 -87291 -19780 55603 -141196 37003 -28182 1998 57620 7876 59714 -29395 126347 31607 -58043 -10677 -8276 -36012 -59181 -3549 33217 65514 74224 59776 -151882 20663 -22625 -98441 -83119 28627 -15164 57755 -62048 -33507 -94772 -36662 -100734 61566 -65252 19227 -27175 25934 75090 32615 -58235 111169 24146 26647 2798 -63046 65307 21930 18965 -3687 -74424 -62780 -2296 -61160 1845 -109929 -38566 -108836 -54146 -35483 116321 -26808 -21608 -47230 
117273 35395 32823 6415 -9309 2198 -79740 -62231 47115 -3991 -50258 10289 2259 166948 44569 124302 -86967 61722 -67661 -90302 24653 -36042 -60346 -32050 89195 -39568 -7783 -74961 24042 51596 -23479 -93187 62536 -101855 -4409 169877 54684 19262 9563 -7378 76468 31117 22124 7956 120487 18050 -36983 56120 25311 -78969 -31104 -117900 -4772 -73171 104837 -50299 56831 -27629 -55887 66306 -3314 -6639 -112157 27105 -18349 -22927 38664 -66294 22285 12691 -47242 -5694 98318 -84332 77960 -129534 85704 33340 62034 -32254 -80984 -59283 -75423 13086 66216 -58746 -71764 -87312 -96520 52114 11652 -98353 134650 -29196 12452 -5620 -19866 -95827 -28596 -108844 55581 117208 38951 -605 4099 2563 41425 7266 48167 104574 -11332 -2318 1478 46844 23062 -66075 -31289 22764 -23113 6890 36382 34135 94012 27468 30066 -45046 -32868 -18767 -94452 53748 -70764 81714 -38439 26050 36728 -7031 -17567 -35966 92247 79771 -41416 95780 8417 -9190 -108356 26418 88207 -34916 -22780 -84338 38328 -31206 -81824 -70310 4418 52917 -88402 49380 8228 -16979 13462 37575 -90252 33077 -1282 -29374 -76095 -21471 45386 25170 -24205 59315 -98731 22901 -41984 51781 -30180 -6748 -76727 -132537 70716 36007 108145 -12421 46790 33115 -21178 4177 85147 -15614 -67327 -63826 -20958 -65765 -23947 38675 122936 -75082 43527 31132 97415 -26315 -31004 35352 -40095 1547 49181 -16694 -90660 64754 33269 54801 -58184 63050 -14927 68250 6763 -38008 130806 -15635 -29690 -14478 -115716 28213 -45597 -28465 94592 -76996 17935 -146953 -97509 -32501 -4728 -83451 50365 32062 43306 -17491 -7692 85800 -29424 70094 -42848 51848 8444 -49830 -15181 112478 -5039 -64471 76354 17915 72297 9334 -114185 -52575 30067 81352 79048 78987 -26969 22713 -8076 -14313 78151 46177 -3958 34093 -17707 -7271 -6926 8833 60287 3692 -28403 -76601 -15946 -42130 -96133 80009 1368 400 -64104 10329 9714 11591 -8394 28033 38002 -10188 33806 33193 -44931 427 -60104 -54172 56927 -76179 -47347 -52609 
95162 24165 -46142 -107216 30372 -103611 59173 51998 46208 -85416 -17697 -22042 -54247 80568 28655 16453 -60514 -74080 54416 -82765 -26661 110350 43269 -21057 79390 22069 76159 -55790 58802 -56617 47794 -18506 -29486 37847 -51776 91055 55806 -121464 35382 -5224 53099 18275 -26936 -34974 17625 -53846 -36827 -37341 61615 -100979 30346 139196 25946 -105564 77403 16520 38484 -78508 -92638 -73568 -173330 -50975 -46104 -12264 2673 -18313 -39468 -159306 -102496 68887 118656 43876 -70598 -6261 31266 -77920 16528 -16605 -53859 -4805 61916 -30208 19835 86123 -43811 112064 -28422 8225 41744 -108080 -17069 -8644 34011 2707 -93467 76817 -3874 27767 45681 41344 5868 -94471 56637 -2362 17920 -60406 7999 -34261 -25668 104357 -17135 76727 54737 89641 -63725 48044 -6346 -35707 -13061 -82267 -94385 -8044 61000 -90355 -57092 -42530 -52477 -12763 30800 16422 32308 102481 -31539 13864 -11042 -52081 34942 40014 -65703 106494 5616 65906 -7114 59364 -125671 -47952 -77410 -150418 -28517 77147 15435 -34030 -45662 6462 52789 -20712 -133426 -18487 34308 -36703 -57828 -50968 26035 -14811 -55761 86038 -32425 -28735 2127 38761 26215 62968 -865 -40361 6008 -25031 -1587 -20318 -12054 -167880 -79982 -11591 24481 -53298 -83814 -30208 -81493 35558 3425 19497 51162 876 50571 -7564 66386 -59110 88455 -34399 10988 38607 -76475 -32217 61799 -68035 -27119 -57404 -22533 -71346 81120 -1394 -39569 -42079 -5814 -39112 -11538 16686 40576 -105021 12599 8755 -30674 7953 -26025 25453 -20953 91443 34096 -37495 -16530 -36131 9585 -80474 -25524 18573 4381 -2973 -15343 -113502 98331 -10788 55419 -18350 115186 62744 -23329 -24534 72088 29492 -133124 54630 83191 -11313 -77775 8468 71635 -49381 -31220 -54427 -24360 9500 107106 71055 -28900 5726 26844 -72323 58865 -110579 -40620 30659 -7547 45661 -11376 81347 -18499 21469 11247 14673 12220 -39059 -21424 17465 58890 -36852 -33057 6544 104044 180934 -58750 345 32072 -75156 48337 67519 -15766 51090 7526 46312 28668 66323 
29683 13045 -61899 -16446 48893 -57446 -63852 100495 -164278 -81460 99705 -26338 -23773 -108049 -128191 -35702 55170 42959 -9780 -29817 -141440 13379 -60123 -16016 -23936 -28508 2457 -13425 73335 -44257 -6004 43582 -88097 -35649 -5555 -17857 41946 21873 42997 4314 33586 35037 96370 -104912 133187 4624 8835 -90847 -10890 -108299 39268 -70742 12255 -54196 57161 55068 -57333 31318 5664 -25698 -52658 75437 -90555 -15364 125114 -7341 -55347 -102759 55703 9510 11945 -8361 -39927 -32396 52651 -37965 -90118 15966 26231 39282 34540 75988 18497 11004 -47026 48748 -77387 -35424 -34882 -22209 26975 11104 -48752 -85966 68786 58505 -108540 -42706 -36838 44929 15469 73373 28835 21733 14857 -83592 2098 -78186 -12224 -19570 -10754 109769 51334 -105350 -20653 48981 92857 36711 -31114 8523 -65831 -42613 96843 14962 -7605 2620 62616 -42320 49571 118418 15770 73689 -40052 -16284 30918 38619 -40227 -56302 59201 2551 75635 -33470 -74470 66663 27550 30549 -16234 10719 449 -49793 33577 -12010 -58329 17911 -51712 88690 -8361 -29804 29287 84402 25890 -52499 9653 -60158 -31590 16182 119149 55949 -40238 27176 7492 -63498 -27515 154177 -109903 -25639 11570 19045 -64968 50182 -16858 28617 45287 85395 64803 84468 81449 -30250 -10459 51979 -1009 63671 18046 8340 -48854 -14708 -41645 75558 -50113 25693 105287 -28972 3883 -45069 50721 57419 15473 90326 -78281 7456 -70108 25109 16677 4609 10943 96636 -8702 27190 -22111 58705 87087 -42365 -63316 -26988 -1033 69176 -5043 -134280 117323 78773 2095 10795 22871 -28529 1180 -35917 105940 -80373 35962 -23227 28326 -99689 -38366 25855 788 -159806 -56605 6698 1628 88566 -85367 -1851 -36791 -29721 -52164 46318 51138 -7436 70266 59766 -17804 61017 -17778 49061 -41120 45271 -42912 -24926 -73834 49174 -16362 4657 57821 -79150 -137694 -82063 11946 -85657 42502 19011 -93907 21809 -38458 4327 -3029 108755 28042 -4970 61899 -6594 33009 36073 -38723 1353 -23756 28084 -1172 -30680 21650 26673 
20759 26195 -53553 -26496 15886 29349 128343 -5578 11306 -3394 -37190 3826 108404 46246 -95600 18934 4395 -2963 93030 23550 5946 63632 49439 -11681 2338 -74707 -101754 -18251 -75174 39320 80773 -69666 30407 77862 -91626 79406 7958 -37020 -18624 51768 -54747 2680 52995 29063 7442 -4343 42366 38893 -53720 -26942 -90853 23547 -35548 -51496 36119 10300 -66469 103095 54061 780 33476 9609 127497 -4631 64433 12583 -62341 -21646 -20379 -18336 80074 77625 -14905 -10364 10083 125271 39778 -22145 38507 -9683 71983 -30526 -45494 31529 86243 -67342 66962 -121689 -59765 15338 -267 62148 34544 82423 44047 -26831 13190 -44076 41140 14462 41823 15272 -79758 304 21453 64134 -26011 12633 59499 -91015 -21922 81342 -31781 18218 -155732 -1775 -19397 178065 -76642 49824 -356 -13719 -55879 103273 46752 -58529 -95188 75209 41203 -19399 -6424 -83929 25083 12793 -77106 -13800 -93509 -9239 94330 -53910 14386 97667 73769 3846 51862 129792 -23479 6799 -50288 -13368 95208 -6399 5107 -109201 47902 6297 -10399 -15775 -61793 29627 -77865 -27940 64892 106805 41412 60042 -7918 -17031 104668 62547 -53903 -32415 20847 45538 -40361 15694 37833 53710 13735 -100474 2473 52245 48600 39006 16699 -9640 -61475 -6080 -77062 -44891 -81864 -144789 93191 58706 31275 4001 -30414 106525 -71558 -11917 -52425 54684 142153 -11014 63592 74310 12244 -125178 -53003 -30441 -34373 12987 -24047 -46150 -22659 -65261 9302 106581 -32598 4839 35098 -105560 -68878 90146 -10668 -24373 -51264 108859 115111 12860 23410 -24877 -56480 -70747 34434 77777 -40756 17095 -43408 -3798 17649 95196 -94137 -47725 -19072 -36621 14161 -30714 -18681 74824 -92125 3693 31133 102845 12561 59232 -35607 -18563 -31160 -16226 26312 -90997 -72564 -61954 -3948 76077 13901 79685 -8750 23555 14332 22138 42830 71714 -38512 12072 56791 15125 24513 -30307 82865 -63448 73687 10695 -45463 -50738 13864 86312 86086 69734 -4807 149962 -16785 36031 118720 -56581 1360 13308 -65440 -16421 
31384 -58139 50142 -65424 87140 26583 13385 -39514 89537 93947 37171 21054 51621 -37466 -106 -10160 98015 64644 -24775 4017 -18014 63247 -10537 43706 79422 70914 -42932 -30147 -8068 -57319 66679 -53097 -59574 -56228 62543 35630 53775 -45972 -7570 -13982 -20693 -49412 -79107 -15539 9884 28925 189 38127 6496 3370 55520 -70986 71364 7851 -664 -94470 -48187 -86550 51029 -1178 23346 22150 -56693 196569 -22790 -82648 88931 40681 -19250 33841 44750 -31342 -45801 -72050 15932 46557 -10273 12784 110404 2255 -11252 -43779 -57520 -58480 45487 1746 -9373 -3962 17950 35545 36329 -73921 -19508 4234 22849 -54267 39529 -42077 -33304 -22887 -52658 -11143 -11609 50067 63939 -8904 27373 -15493 -15511 -25287 33404 -23332 74777 -49596 109899 -1106 -70624 -10090 -28055 13415 14325 89227 -40789 -64410 -17978 53159 75131 -69669 -56977 -16844 -34089 -2192 -73198 45619 88095 -7909 -13562 -680 -98165 15870 -13846 93955 92941 -49617 81249 -91449 -237 -42715 86282 -23426 17712 -7389 36781 -71217 24706 42455 24678 -6814 5436 61244 24107 58290 8674 66524 -12174 -28088 -10341 -34153 -24425 98721 -24093 38677 -23457 -23852 54307 -53044 8872 210504 85533 37431 -65283 -14732 28467 -61942 36115 -76757 2983 -82007 21947 -30306 32571 23869 -98943 -47518 19167 59315 63666 81519 -26631 -56681 20634 16386 -38353 33484 -133296 -82427 -23975 55336 -67398 84072 46227 57339 14571 71210 35151 6100 -146402 60702 -54109 -74520 25099 -14550 -79764 46556 27573 -30776 101431 23692 42929 -24804 -150612 53065 -842 28050 -13665 36155 -14240 -2998 2711 20231 -72861 49905 -23108 43760 23742 -6218 -26113 49722 20765 29298 57278 71616 -12982 -5609 -4184 -26547 -74766 53560 -58525 25563 -107295 -5213 -9098 66215 -96325 15143 -14966 -32878 34921 -42349 49352 4084 83010 48239 69334 8514 -2780 152406 15398 121153 54526 -66605 -31828 36109 -40371 32966 18940 -32111 13968 -90550 -3104 43144 71906 76778 -19129 21329 -39625 -2559 -64206 34642 
66962 43478 10280 57823 -40096 -4336 -17841 35498 44674 7846 -91357 -98212 6607 -64690 87666 31993 -60073 -27518 67876 54224 -30679 -78445 44538 54231 -11280 -1920 -108050 26319 -56571 61341 -46085 -83901 39018 -36059 -67674 -68019 -3459 -6421 -13540 61735 28666 -25050 -29738 33627 -3760 16952 -69564 -16082 -277 -14501 -17493 17102 -84752 12183 2673 1659 -12651 -5377 -6128 -6662 -55962 -59793 9933 90270 -2320 -16130 19374 10280 -56965 116613 59561 21157 -109156 -53110 77009 184391 -18930 -5782 77772 3394 17992 7731 -51558 40215 95882 82629 -48730 85793 6700 -25244 106994 -36081 -11642 -90544 -15221 34034 2855 22513 -71184 -117655 -35020 47837 -43565 15960 -17944 11975 27023 36813 -70879 -12032 83425 -1239 1151 27703 -16423 -333 -87766 3949 1988 -33966 2140 -57116 31673 -33894 -80055 30389 -62762 22632 3983 87959 -35591 -52196 -9202 -85945 -57622 95158 -3135 43260 -32208 66412 -12010 30080 55409 -30069 -89838 43220 -53060 40641 -6556 28265 -92002 2954 -41904 -14713 -30049 30299 -37262 7004 -56828 49216 -24261 -4283 40320 -77261 34217 76496 -58581 16649 20693 -66801 69341 65863 65031 6295 898 -94739 19124 32282 -27797 32320 -43922 53443 -67967 15426 -17062 -22125 -139883 70522 -58275 4110 -19207 22098 27814 58811 9886 -7759 109260 -11359 -14131 108441 45101 -5100 -1451 -22179 663 136770 3198 35254 10081 -60550 -61462 -8647 9626 68775 -119646 -32072 -83740 14304 -1239 -89828 -55793 -61529 38006 17480 4782 49538 -82512 20374 -36009 14409 55682 31824 -2868 11675 -85057 21408 86049 -53402 -13724 47103 -135173 105252 58816 26268 -73446 124407 4433 8358 7886 53256 64027 -50548 100783 -16136 -12285 -31253 87471 41771 109871 -33036 -52555 62931 -75871 -7618 -101704 -53367 14392 55941 -839 -2618 -67898 -516 74561 26567 6663 6167 -31349 122332 -41621 -58416 15091 38729 58452 17296 5624 -17100 -67460 36535 65219 44718 77786 -26940 32971 -2712 35787 -42399 -1825 71679 55995 4783 
-27729 -17810 73498 29590 -119320 68765 -47535 -13405 81738 -76587 49034 48349 34357 51486 10238 -53869 31571 -47338 57160 -130204 37708 28178 37835 73062 -74026 75874 -3467 5160 55975 -67701 10252 -47963 28135 1609 20566 -32476 15523 96987 75127 -126044 -22444 -105271 -12061 -65090 9686 -32539 8441 53470 51372 31205 10199 -26875 43822 10962 -314 -157346 80141 -48223 -55780 -5905 47099 -43639 68930 -119308 17201 21148 21032 69939 -59772 21639 67370 -72476 48039 -32297 31303 45212 95684 -31001 -37721 12892 22025 20685 89424 -51090 -79858 -888 1419 23717 19909 -23978 -2182 36990 -91718 1011 27079 335 29565 93594 -97050 -86377 -15555 -62255 -39693 -3983 30691 -92917 47865 29369 25511 9600 42559 15472 -90099 -19209 1038 -43437 -49845 104687 72359 15332 -17048 -44212 -37255 -79470 43904 8149 -75472 38716 -26841 -10928 -54931 -5277 3458 -20007 325 57021 2459 148130 -6142 12099 27802 47418 55902 15934 -23147 -33993 -77223 -4198 -46462 81770 -19861 103314 20077 -50169 38770 -45419 26649 -34347 8285 -52089 -47878 -46950 -33730 -29858 -28517 27345 -14460 62131 -9286 102481 111957 18730 3191 -18173 7895 -17769 -23439 -4716 -61161 -329 -79365 75716 -43951 88570 54030 -24860 -184962 54100 70049 10581 -107141 -65154 -134932 -117563 33222 -67527 -76016 77039 -30222 -93430 38551 24900 -101053 43821 21686 -44925 27662 12183 14039 10289 -56834 21219 30079 -14695 -53770 90552 -38423 -10061 -15271 69109 -60261 -18997 71925 56738 18762 34156 74768 -29161 -48576 -30838 -35462 137716 -24020 -49629 -46907 71330 7940 83812 128425 220 19637 117975 1807 -58865 47375 -19724 -94669 -51434 66155 -118105 42082 -60545 43178 24798 -16585 -39697 -36051 43130 6403 -22242 -12520 -78746 -23263 26301 71822 -59171 -66345 -25609 46227 -46891 20446 102302 29545 18463 41025 34018 -24334 -41223 -30485 131574 -19742 -98928 61478 13910 -149073 116924 -6487 69328 107331 -75275 38416 -7621 16173 47640 115915 -47539 5325 -20214 87415 116243 
26000 22294 39537 76563 9247 35743 -28437 9249 -17545 37258 37553 1183 -11391 30052 16020 35319 8189 -31942 -17111 -66505 -64754 -65556 52962 12569 -50873 -45377 87654 -39909 -85857 50612 67709 23714 33067 -33389 6034 649 16000 -4665 -78411 -75484 -42781 16734 91047 -106157 9989 81106 -3756 -148778 77110 -46495 65316 16548 -44359 -19848 -14492 -15299 37621 -25351 -49660 49793 19022 5140 42801 -6959 12778 -57969 -54757 38247 -3384 -3932 89137 120337 34675 52646 -35972 70301 -24504 -60632 12499 -30768 -138188 -22591 -51577 -11724 -49758 -57594 8117 -44812 100350 -278 40209 58817 -68836 -52390 -53637 -84562 -42706 -24130 35685 -105379 -60275 21323 -35418 -49744 -25130 -45888 -3241 -42194 8932 37145 -34084 114621 78078 7515 120443 54011 55489 3204 49422 -84836 106650 78041 -54473 106046 78766 8145 18863 -6276 -28047 30160 43676 23903 -23810 41588 -49904 1646 -13411 56946 15612 -21391 26764 -86988 33212 -18739 -12969 31057 -112650 81838 -59274 -64950 13029 14075 5367 -64712 -27259 30685 33481 29850 -64017 102484 -85499 21746 78645 -58623 -33104 -30611 11508 69793 138830 2638 5711 -35180 36298 7899 -20607 5297 -21753 38217 -57859 56242 24033 -35317 -78932 2162 5340 -30368 56839 -104319 -73207 21156 -122557 -66690 33129 80329 20792 -11627 91818 82666 -67366 9521 41780 -158968 53718 50841 35754 154247 75402 -13483 3888 21352 51100 -10251 -30335 70165 -110366 39671 11510 -36248 71923 -20680 -84717 -4183 15704 -58830 -93876 -18544 -106003 -55834 -21220 113929 11494 51757 7934 -92982 2508 -76319 -20378 31206 20727 27332 46852 19711 31144 48758 74642 98162 107330 24303 18573 3852 17111 25450 -28509 30898 43283 109072 11901 -12495 -105581 1464 -52990 -42488 -133723 -20388 -67822 -15327 55444 64014 42618 -3931 90073 19820 -48049 11866 -20313 -115560 34297 17359 -38865 86551 -23111 -117143 39292 60006 37600 -55144 -14365 93769 30264 101390 -17273 -77583 -43972 -15014 5600 -104548 -30869 65323 92471 48083 
-4240 -20209 37429 48551 4780 -11809 119395 -74939 34179 4574 69645 -7158 55633 37585 13831 -40420 3485 -108565 -7170 4535 -44070 -65935 111556 43899 2746 62171 26587 66291 4215 10973 80168 -938 52991 -72811 -9272 18921 11896 -2273 -18603 -20855 34166 159158 47822 -31595 -18058 -12255 -63138 74704 133202 -32767 55069 -7907 -22300 -37438 1341 25337 35197 50298 111657 67580 -11946 -1905 -15446 77238 38358 -59026 -65818 -41734 31144 -142210 -607 -45279 -37895 29714 -7246 -19997 -88079 -11809 17578 -18213 51775 4868 6849 95525 -49780 -78869 5451 -98508 51148 -30221 38946 -60099 12060 32267 141525 -58333 3997 23314 -17902 -42929 79503 94858 15034 11073 -90929 23586 46502 38224 -23569 1573 -37603 -51011 111057 55617 116715 52591 8057 -17816 -20249 -17556 65520 6102 -57068 88716 50322 -94563 5298 -31051 -68818 -44292 23098 -99210 -44783 -9371 -3925 -46076 53705 -5130 -1004 39665 -21997 -79559 55715 -11442 -5968 32981 -19574 145054 36246 22524 -81708 -1069 -21141 33018 -53519 19084 -4211 -37148 1956 71743 -51172 -89699 -29683 -69223 19406 -9957 -16437 -133178 -46329 -11773 -45168 25867 -5363 55965 141057 -25262 -45472 -116074 21377 31674 -49293 -8046 -27634 -21135 74620 -34179 5859 25517 -122788 48655 141619 54916 52476 26169 -58284 -10739 -38052 -22381 27716 6030 -52695 92738 15803 45945 -36475 97210 -40191 -84260 -18500 43723 -13605 -23024 -2917 36927 -52850 60328 80728 42761 -75248 -25498 -22908 7799 -43766 -19872 -95748 66452 33133 51991 -34160 66222 39194 -18045 -46032 18455 90296 -7158 30511 -62210 -77721 -22913 -1191 17074 -8725 -118387 5873 19160 32513 17610 12465 101808 76851 149651 11282 75315 -73606 43369 57331 -58565 -122172 12156 -44877 -22340 -10975 87707 48916 -47030 -2251 -29781 -1391 -29029 145695 -60586 492 -28751 -57484 -75119 82591 -12439 -52798 -19434 14530 66331 735 64500 -63248 -102887 -34651 -47618 -50499 -2298 84290 16159 14863 49757 90337 43458 -61435 55406 61214 30399 
81528 -41504 -20013 -33658 -20923 36360 -10350 -33649 30312 30020 96026 -36797 13705 20997 -70700 -91300 -26920 -101194 -5442 17373 55709 118129 -11003 -5249 20075 40994 -42309 68872 -10682 9856 -14416 119109 26379 43249 -7204 -10997 44098 -29891 20838 -9332 -5705 -89720 100910 -58540 -65269 111015 109304 149307 60883 -28670 -56368 3367 -33901 63647 -44020 26605 -42698 -63455 -40692 35626 103146 49977 -2213 -47494 632 37189 47076 -16800 26999 15286 -2441 65094 8994 135824 -79402 -32138 95408 -44229 50272 -6118 59949 12372 -73602 -131240 -39125 -13594 12377 -9585 119931 -79105 34975 55844 -20648 52484 -16757 19342 12922 15395 64487 84698 5959 66586 -40907 24795 -74272 -54453 -24351 30135 20333 21042 -66964 76786 27725 41332 -40652 -54239 -41844 -57967 -51593 -93593 79483 27220 73649 -24409 -14363 74165 34249 -18406 14518 104713 32350 109348 -29547 30334 154745 -18800 -86499 24127 -62161 -87520 -117970 -43343 26764 61950 -8630 5366 -23685 -3866 19283 -55284 13964 76002 -3760 49340 -23977 11610 76828 -88351 -32182 30021 -41827 42185 -113155 -2095 -4684 29253 -55902 37153 -67272 14432 -40669 -28352 -101603 28294 78308 60808 15230 -75772 10417 22419 73077 4955 -15604 -76424 -102900 -36791 -14204 17875 -15247 42701 -75617 -54119 -38107 -140432 49424 -13928 -16467 95828 172286 11718 39656 4176 49476 2968 73413 -50894 30607 -14955 -84062 -67635 -86674 -67301 68198 80115 12377 23387 -24280 152714 -83885 6233 38883 -1602 73257 -56440 -35960 -5882 3146 125397 -17730 143252 -31619 80069 -80125 -38372 149 -69543 -96019 4648 62863 -4475 57576 53672 -46773 -30743 83736 -141233 4012 -2446 -11774 -26531 -2334 -69203 -91076 -102957 -13949 19886 -34567 -12845 -33582 -20617 7588 -3831 25071 18966 -65416 -96589 22748 -44700 -32576 28558 43717 63752 -117138 -32348 128608 49713 68280 -21230 -5096 118567 -60249 -116356 -59632 96712 1768 7630 35529 -70440 58942 -52929 80152 -638 -93289 -67466 29609 22346 29681 1086 24726 -17793 
-82761 -39525 44562 4987 85219 -8358 -30380 -110381 68341 -53399 16243 -72592 72161 69594 11142 -49436 43083 -9386 -796 -34057 16800 -49525 22509 -11023 39546 79729 19536 2684 28831 -12712 121595 36090 -42898 -101708 -75741 74590 45298 -60800 80791 27888 -18342 46085 -8126 -19335 49715 8427 -63975 1767 14092 -4168 -29383 8751 -70302 25406 58159 32858 -132784 -35163 -61988 20988 739 -45519 60532 -30152 11162 24487 -69186 -43807 23496 -32821 -10312 -43130 -16839 -54654 -12157 -70893 60529 2343 11692 1639 -106981 -114029 81897 105354 -164865 -16717 -6460 -81541 120043 -66733 -75894 -30938 78568 13754 -21382 9149 19587 28989 -115273 -32652 120163 73903 -19756 87749 -27833 106074 -13367 16635 27092 17463 -36932 -82651 -17847 1739 16645 -41759 -84794 7686 -20263 -84836 34420 -22813 75600 -82782 16675 -134241 -31001 -84260 -113510 -1674 -40509 64469 -48203 25233 18136 23883 82422 -9622 57864 -26308 -22022 50371 -4528 11898 15621 59802 108938 9343 -32647 87978 -44193 -49562 -55148 10906 -14834 -38623 35032 121572 34465 34403 -11558 -45099 -175374 23170 -17744 94156 -16122 4011 19182 52621 -46329 31792 -17004 26003 41162 64192 30105 -103737 -2648 53068 10558 65756 121995 -42664 -30556 -124795 48131 4301 33858 60960 1119 -24493 -20061 17517 -10931 24835 -19472 -33525 96103 46563 -134667 -25433 21447 48101 -52644 98958 26581 95667 596 68048 85752 -24851 76864 48544 -15890 20328 76344 -52005 -30975 54084 -81888 4089 -157830 58364 12945 12372 168368 -10327 -37894 -75411 99874 29259 -110279 -39612 29508 -74006 -53198 38605 -69716 -2281 98202 -12633 26980 -1316 -48378 -17942 -31797 38275 -86709 -10097 -15694 -21590 51628 -21825 59858 33040 38662 -48005 30079 93464 -63665 -12792 -11442 15208 18772 -56039 17168 -36759 -8904 -76552 -5885 39033 -61068 -64300 -4873 6364 -404 -61201 1141 -71704 7491 98571 -24465 -62287 39086 -87508 -121227 76581 94322 35153 59211 -5450 113429 13777 -18603 59785 24138 -52578 -8982 31402 
8743 9583 97778 -24272 2871 -57824 25644 51996 -51840 -88987 -51870 -38438 -11286 -29761 -41280 -71181 35280 118315 -8922 -60679 -93138 11113 -29066 -39690 72923 -17533 18105 1771 -1859 61567 22424 -14907 -50377 -18251 -18189 -27045 -20095 -42504 -66838 -111250 6167 93964 38498 28963 153760 66140 33512 12389 6331 -30392 -60807 -65690 68285 -130910 -36126 11227 -54414 -146746 14236 -37886 28043 -11501 -76571 14330 -76156 -37567 -7564 13892 10936 -11474 -37317 11451 -22232 14751 -29146 -96998 -44191 -102860 -13726 36803 -70639 -82454 28754 26061 -55205 -96718 36674 -33699 -21693 29260 84479 74442 41635 -24533 9804 -36210 60108 37030 -2132 -38032 8633 30811 -4697 35377 31366 32361 52594 7118 -75277 34274 10003 1747 31075 -118407 64341 -10971 -1603 -14845 57882 65800 54478 5225 -4400 68688 -20393 16529 -1796 92369 -47322 -35234 100467 -41660 -60805 -62501 -12055 -29101 38373 -104156 71169 11230 58346 9948 -115813 16808 114723 -35180 32300 28175 -35526 -53120 -119309 -8797 35307 -10274 -7572 5793 2555 8585 -59309 52478 -109058 -122948 -23037 29438 48170 44710 38001 36823 -74131 18514 -34039 105126 -1781 -8572 5373 7745 31368 -889 11223 20506 -71958 103886 21323 -31400 47326 -92114 -27036 -66229 19424 98898 52916 -52411 56572 8798 12229 48774 16165 -67893 -66351 54320 21265 71658 50858 -49499 102396 19110 137457 -12214 -29697 -34474 -16143 -46872 -3218 30524 -79132 -61444 1309 -43963 6374 23475 47288 -97118 68254 77347 1004 91125 -37020 -64927 101447 110156 -104711 -29005 -7778 -111166 59850 -13181 87837 66443 -18463 -90366 -11782 -66293 40667 58579 90370 -34864 39287 -66967 -62306 -1672 -38847 -34418 46586 11975 12525 -70326 -58526 14294 -29120 -13309 -10336 113048 51255 -16332 37396 7728 -41732 44382 -65019 -38112 -77623 -40736 25005 98267 -39215 -16175 -123497 23552 -33386 -41025 -150560 -9904 96653 37453 45755 -16247 -2847 -854 -69650 -8213 -6572 15018 -68875 76773 58194 -82185 -23699 -54719 -33753 -48452 
35635 -20934 -82039 54507 -59797 78840 -44203 -131982 1414 87116 -111689 -28956 72700 38911 26711 52880 211 89676 -190 -12482 -81050 -15300 32239 -52326 -32054 41392 -36448 -48203 64641 99484 28494 4791 37775 -30416 -27578 66002 -7351 -49445 46076 -28237 -78638 -122189 30383 -62987 39486 19397 13165 -23885 -6657 -73004 106712 94647 -61996 -91608 54878 100353 -85963 -36783 -31703 79475 24976 1173 -68516 92763 -24800 17583 41679 22319 -36263 51051 -33987 -62305 -34137 -59728 -9942 95266 -35123 -51548 95227 -20102 -59787 -34588 -27370 -58613 -38491 -26249 -14058 -8705 13316 43406 -11968 40136 -1174 31653 -5147 -71677 -96845 73487 -106148 -13052 37398 14106 -119231 46454 127845 29549 -23513 -9544 -43963 110884 60407 -65741 30687 4737 -78633 91311 -20568 73738 12424 -57648 1988 -32861 29503 -37873 78558 -9310 -36304 2132 22806 125818 9498 -41631 -16958 -47090 -60586 -29552 -2404 -4823 5443 39127 -11183 47426 -97286 -15835 18190 49269 4011 -20739 30845 -108095 -31464 -39914 -12944 -64766 -85526 13471 -78084 50776 -12269 -27711 4921 8147 -43270 -44551 -54651 9929 17170 12223 30714 -63310 -55675 47075 -55657 97796 128908 3294 -85813 26176 -24848 -91704 -63780 71240 -176 -27488 53204 17129 32719 -20251 39546 9290 27549 -15641 -5528 63118 -39724 35655 7744 -9187 -1607 63432 -113320 -62734 -33333 119221 -6065 63058 59452 -49129 35918 18694 43211 -25340 -37168 48358 -97513 -40222 44459 19464 5344 17506 -18009 2534 -34737 38436 10017 97139 5933 -91514 -1664 -53087 -34227 -8817 6885 -8801 29931 15210 -98464 55650 32483 -14617 -36594 73335 -44267 -35553 -73983 85249 74851 -112617 71283 -42885 -82183 -39416 -13883 -70582 49672 27276 85657 68576 -40787 -70711 -35488 71629 -86374 60411 2613 61158 19817 -11419 -19152 22333 -43656 26532 51263 -11405 -82019 -6059 9576 -68866 79044 -88764 -50356 -63600 43505 13970 -23457 -25406 68951 -115453 97642 13962 44111 -52110 20480 -25933 14274 13823 -27738 47373 23870 -23951 
-72093 73672 -10242 117096 14756 -64358 3973 3468 78274 -71467 26033 35004 2922 -8963 -8022 -51434 -49913 45413 37382 81281 55474 -8631 -38318 123645 151705 67 -4364 -44657 -32078 -1982 54541 -55310 -57274 -31294 -37839 -18056 57740 -2674 -80393 59814 -59214 -67567 -42225 -3041 77803 -28953 17051 -66943 -25347 14698 60997 -47217 2614 -38660 -21337 -36216 70888 27612 -68881 24559 -9451 -44473 57739 24448 -80035 3519 25338 23754 -13579 63789 -8444 -30057 -24238 23854 62662 79780 41921 -82076 11638 -18299 -5688 69936 -42873 88639 -5697 48884 69727 -38397 -48776 16854 -74967 113315 -11432 -54525 2897 -62993 -21265 14771 -36950 -50316 -100346 -15454 -16915 -74418 -68468 11452 36161 -19787 -42434 -10068 38793 72657 -22008 55354 68645 35349 20307 -33356 -58470 40594 32194 -31100 70764 -14434 -52644 -128662 31292 31338 15533 -44916 -33249 27820 8167 25445 -4441 9786 -18303 70273 -6128 42464 12863 45308 36995 -25140 1469 43148 24608 -2722 5254 -10961 -36972 81991 99240 104785 26355 -103050 -34543 -67380 29287 -54621 -80258 -33804 -21543 9288 56109 91716 -8249 -16316 -86275 37924 -18967 35447 -14195 19258 -93633 107053 21053 -29047 69283 -22493 -45842 -13770 46488 100579 -36301 32777 5814 52220 -25838 52689 -3353 102529 66364 -45902 39080 -104387 -32540 -11909 -3989 73045 47912 -88798 61650 46718 -19930 24857 -75606 57985 -47344 52873 44792 69089 70043 17268 79975 -21098 44433 -57846 -15916 2869 25440 64742 88373 -57536 33649 -58990 86176 112744 -11722 117310 26299 41332 66799 44834 42275 -167406 -64062 26757 45038 1884 -9072 -5760 -6670 -35328 -43525 21350 70415 -25621 -20396 4422 117512 -24038 -37065 32248 -12948 35954 -51306 -69634 30645 11248 -24445 -48441 -21430 57411 40742 -8597 -89693 -87606 -75120 -102733 -72994 -49559 -77620 30861 -60864 77288 -22005 -3562 16580 17093 -24439 51233 73623 -31166 -29317 -87824 23145 80905 -1028 63867 -153 -686 1037 27742 -72010 59618 -152407 -50915 -23692 -23702 
-54166 22557 -4896 -2352 -41446 -89724 98926 59699 -40477 -26048 -21201 -26369 -59211 -30109 34407 -89561 -73995 28647 -50845 28151 71143 5228 -43675 -33745 20354 -16843 33934 -11175 -62597 3625 -91451 4783 -6069 21121 54224 8303 31573 14395 76200 27336 -65951 62428 -55384 71878 -117108 34902 23363 -7654 -62722 104769 -40011 -58855 -6684 -46080 33024 -26198 -6386 138216 -15062 66158 95075 -7564 14961 20145 -35912 1343 -38320 -17310 12967 29329 -28163 44627 -15769 45203 -20768 73692 -46264 5040 36058 28071 34204 -105293 1213 -2849 -23114 20226 27080 21615 -53682 55750 -13361 -59966 -38721 87522 25846 37357 -66146 4363 -28971 18397 70217 -34161 43449 -34183 -5154 28023 -80123 -17928 -82154 -57696 47917 567 21268 -29317 -85402 75957 40574 -88027 5230 -19237 45617 123496 -104162 -80826 -69137 -94361 32232 -163192 85038 17440 52020 -25583 -64767 -3337 -19623 104374 7871 -59897 12009 -63251 22872 15862 2158 77125 13178 76240 -101236 -8328 -38140 36794 43838 -12230 -10809 -12140 75766 -45283 4221 1005 -117903 70443 -15753 41143 -50964 22045 33083 22711 51957 2364 68679 17725 28825 53036 32466 -62538 8654 -25804 45943 124522 77717 -35293 -11164 -154898 59217 71795 54486 78798 -76129 -2070 -31425 13443 -12790 61898 -17023 23958 -31641 56789 -10123 -57725 32163 60928 9170 31172 -56099 -21244 -21845 -67177 -15342 13191 128098 6966 16084 37250 46666 56977 93482 3359 10813 -61010 -22705 71705 19139 10641 -18308 -100027 -41282 20609 5810 -35019 -59462 49854 -11072 -57324 19578 31418 -43801 -27682 38676 69294 -92134 54615 -30600 -60090 -38330 -4903 7394 -30587 -967 -142792 -24045 -119054 2788 -50856 -59735 -4937 -2409 31531 -75911 -32937 30916 43503 -119570 -71499 5112 69365 -3532 10404 25816 14712 98098 -15335 -3290 20936 121505 -47210 40450 97747 763 -73306 61034 -50817 9787 55761 64622 -67783 -9810 -10151 -149071 14791 -78746 94360 83564 69397 44786 -34341 59727 -50214 21721 -72216 -64006 -41238 
-11746 -47126 -27696 -45044 -42152 -27527 -1907 14557 -37987 -58192 -57395 -84852 43757 38620 -76405 52516 19903 47166 -70394 35198 -8019 -73713 -43642 -61128 -59560 -127871 21335 -54860 35990 -69903 70092 -152418 36288 -108765 62709 -72672 -16783 -41670 -62976 -83247 -114742 -32870 -167495 -65691 29913 69556 -11752 -7878 -43309 51906 11415 58389 -4537 -55978 54426 -9908 -35709 6381 102612 15397 -14862 17632 28174 25461 -19720 12737 21817 82686 -73958 5071 -25268 -12220 70514 49674 -75833 73851 -56505 -6371 -41282 -79138 9474 -54826 85996 -74571 -120724 -50851 2303 39964 149252 -61105 46085 -1436 -229674 -71397 61440 -20012 -8115 365 -10230 -24222 104432 155153 18643 58287 1479 -28342 602 -148726 -40512 -58040 -2097 7731 17476 -50890 98308 14916 15134 -81096 -89393 12119 -104718 54539 -120405 45725 -767 108488 -64329 -93162 -7216 66665 -82277 -295 14961 -39428 -6415 -39387 -23720 -73993 -20482 -112393 38685 56292 14379 -43719 134880 61655 -75 12691 -216 19368 -29249 -3180 39516 108285 10317 10751 -157291 -83092 -23452 -115599 -65711 46838 64555 -13445 53941 -10125 2862 84769 37638 -2096 -38556 59747 -76095 127140 19827 -57874 62461 -39850 57389 116891 -5377 61117 19941 41401 -42091 -8425 52589 3154 -31829 -5138 79082 -31011 35079 18231 -140696 -16892 -54618 -67433 -2749 3677 -54722 -41654 -32678 73048 -55151 -55103 42799 24878 38864 -27145 -23445 -81899 37563 -18514 73888 45769 -41068 -69874 -99125 -10785 -2676 -26310 -2500 -19661 -69359 13847 22545 -52079 13594 70523 -34337 -73410 -22510 78769 -65164 6555 10763 -33563 -82327 16193 66109 41080 -33225 -28419 76932 -44130 63966 54480 16427 -24540 18282 -772 3126 12019 24775 38961 -53523 -20633 -65845 51220 58618 19252 15580 8575 22911 16442 -86197 -69185 39094 37857 12694 -24428 37902 -31983 31766 16303 -7915 82520 -27943 13731 -11771 -28180 13606 73829 -5221 37749 -127720 1624 34923 -30527 -40547 88804 76379 42995 13679 99667 12883 -53878 -36845 -18196 
-31294 32752 -1796 56243 23861 17985 -28462 38232 5642 -15441 -26109 -1523 98747 -125634 54822 -131040 -25839 -8428 28443 -101610 101612 25323 35924 -22134 -8346 -19713 20122 -3803 15285 -10318 63268 35752 -27423 65189 -66296 41937 -74913 56668 -33486 33165 77474 55866 112493 11192 3432 3250 -37664 -39553 62054 74384 11955 4953 -54754 20753 39760 62299 86929 -27974 -19237 29330 79748 41534 -6463 -66507 64962 -73430 -24302 46426 19178 -78726 -70986 -29661 -9259 18864 58568 -8237 -81532 27376 -70789 -56471 25457 -71319 -56368 -14730 -96661 -65418 624 101555 12903 -29108 79152 -21987 -42222 -48468 23346 -2439 17531 12763 66189 -46803 -103536 12424 22645 51276 37990 11954 28836 -58051 -84856 28018 39533 -18004 -4935 -2557 -65819 6134 22883 -24385 96379 -57412 94937 -62742 -40524 42935 78565 -6836 34671 80709 -85691 -68865 -89278 -34328 44999 50044 89189 -86042 -56859 -52979 -24989 -85821 -11460 59350 -15950 -185 25966 42738 2929 -5342 -59422 -27976 -34764 37030 12732 -55255 88407 10416 -13258 -39110 -95761 -31091 -25687 -46063 -54998 28972 -37394 -48004 33214 33887 -61542 37594 -60500 -46292 20430 93639 -33172 27029 89850 31527 -30124 19733 -97383 57105 42643 32561 -21351 -36624 33550 29075 -8481 16159 61804 -41039 -3685 -45376 -9317 -42310 -37928 -27096 22100 43514 -48120 50080 -2589 82062 13803 -9832 -3339 11103 -81142 26486 -69181 50415 -105746 -136608 -33212 14942 -6921 -69280 -91875 81579 31827 24172 47087 67098 -16357 10718 65934 -69031 14856 -7582 -138557 57647 26990 3060 -15424 26849 29692 -59527 -147201 -28565 62520 62289 61874 -48231 -45618 24434 -72573 76831 1938 -16798 55999 34332 -35415 61803 -24238 -20134 -13160 19501 93617 -11701 -102854 8833 48701 -45427 -1181 23977 -74643 34484 -40862 58714 -95824 -78529 -42176 53681 5011 7876 92092 84527 -78960 -35183 89525 -53195 -46309 -26886 -57870 -50210 48004 42153 -17454 -133701 -47291 44643 -92083 -15435 -58619 125728 -5440 -16658 -4136 -116508 
4827 79906 20872 18332 60153 -6734 -10978 -3099 -14091 -40866 37893 39725 37335 -31370 34428 20066 88755 87437 117756 80719 45401 -18144 -68666 -61916 12062 -76664 -20187 -137042 -13397 25718 -25059 46985 67547 75766 -75720 19540 -11947 43659 51999 -56617 90370 -101304 28585 -39601 26508 57301 20219 45460 14909 -23700 111163 31529 14292 -10900 -46471 3500 22898 -1215 -4063 44718 18694 88062 -14084 -54919 -5494 25220 35864 -12652 -80303 22419 -40167 29436 17206 -33595 58383 -105410 36406 -27164 -32050 -96803 10072 50257 13464 -75475 -17037 57529 -66713 28426 -27622 -140038 67829 25214 143150 19631 -79436 -43373 -4807 -115185 -13231 50581 -24514 -59535 10183 52909 -48049 -3622 -27792 -34494 49388 107291 -101379 -64907 9313 -98883 -80235 -34059 55111 82398 -49263 -78441 14273 -32269 -69428 52000 2105 20578 -21841 36806 80337 -39558 30421 8049 -19096 21542 -19685 82749 22932 8504 -13529 -26117 -15253 -43369 -14117 -418 -18164 35004 -56007 -62764 -66816 68513 20571 -42096 -45835 -746 5195 48475 -9434 -58106 -52796 -42570 14281 -17308 -94967 -22547 108027 49106 10012 33936 -95162 22916 100825 -47809 63330 97412 -114414 32054 -40177 38807 -32648 -38476 31195 22362 13464 -3079 -11198 82154 -767 -34456 27715 24564 39193 23537 -23736 -2214 -42591 3206 -53600 17776 62578 -29212 96387 -5926 -6247 -68322 89366 -57879 -17087 -32829 -20493 -61238 -64887 -12979 -30866 12189 29971 57404 -56311 66079 -20271 -73726 46883 5501 -56402 -96801 -2903 2157 54660 -56305 9488 73310 -109351 98567 -63222 -63422 9057 -66625 128513 -4503 -45720 -65291 -47440 -9283 26078 4425 5899 -39184 39610 -18825 38632 -33813 54992 7460 71420 -4560 -30423 -100518 -107820 -7339 68500 -67059 37079 -4015 -36250 -144162 54993 25480 -100234 41813 35101 -132078 -42327 -54831 90820 -54569 37045 66220 -42854 37709 -123953 18911 -48643 -88589 -125398 64601 9286 -12866 17525 22970 -88 8434 -44715 102587 43450 -45228 16575 -72935 61437 -16984 -75691 -70387 
51505 -22920 -20614 102547 -41302 41011 44634 3969 -10398 -10896 52837 11305 -76425 -43431 -26243 19177 3372 76175 -43419 38023 85734 -5051 3825 -161067 -103046 58653 -17393 -14492 -33179 -58956 -25979 38687 111778 -89786 7889 28156 37312 -46109 -7434 10431 -19555 23335 32543 -6369 -16867 33806 81053 -95250 -110371 34546 16301 66488 -57179 -4416 48855 -60547 32596 14804 8128 46248 37302 10807 19689 16683 -73609 25037 29391 21805 50294 -50586 -37746 33977 33756 103093 27765 17287 44746 23365 -7036 -73718 -7160 42044 49834 36276 -15543 -45792 58974 -64609 75586 -108857 -142550 36025 -179425 18034 -30448 62143 41156 -75211 32139 49964 110157 6660 45442 -120339 44592 -37310 -95929 -14926 -75114 -8946 -14588 60767 27393 1499 -23785 18757 -17076 -54561 44983 -114614 122743 27176 -7316 132799 -136306 -21445 61269 -54 65183 -50342 9765 -20843 95528 -73327 43184 72046 -46285 -18980 -3449 28976 -67236 -87094 41041 -26523 4686 151323 -49693 -43071 -15274 109066 13691 -84027 -108709 1005 7934 -25305 -45115 41746 43434 -10895 -12341 6642 105052 77092 -104641 -7149 -42738 -144613 -48018 -82781 -15558 -10785 -10295 -22061 -21060 17620 49180 -19306 -5555 -107444 -32197 55809 -105903 15708 -7439 26336 28792 -30738 -22628 -38274 -70570 -32628 -52427 2152 -52990 -12162 1269 62702 -10143 -3651 -115848 38398 85418 -26716 33374 20988 73476 53718 -20782 -40626 -42738 33337 -51132 13086 53388 -59491 -68353 76164 5768 70792 60650 1156 10678 -60559 3431 -1114 34402 16176 9985 86833 55672 -8657 -114006 55142 -41009 120364 8249 -16234 -37739 49700 21651 124525 3246 48658 -14487 -45968 9904 15027 -39654 -74403 -41208 73258 -55081 -43915 63968 77395 -128853 -3541 85604 47255 22399 76998 -3999 -9848 61365 -20175 4202 8276 5589 -90838 55492 -48441 3570 8728 106481 -5156 78767 -56441 -8468 -55554 -16158 86812 4816 66274 27435 -54924 -61850 -32681 30817 103410 4659 55428 22685 38030 106596 -1992 -387 -28358 77526 46524 
-76865 -20564 77797 57922 -35091 -17418 -58684 -31504 -3625 -22954 3339 20860 -22326 -72010 -21069 -2261 -10022 50717 -7606 47811 -65066 -19261 -78866 -83125 -73797 58595 2884 -81051 51238 -48123 -118970 -4086 -158581 3638 31151 -124287 -29804 -44434 49408 -873 13578 113007 33379 9457 -141938 -1807 -93355 119949 -50217 -95417 -65818 -34773 142103 67894 -76795 57585 -78679 -19059 -31925 24873 -58879 24570 36525 -11037 51308 109620 -87758 -87296 -49615 -15519 -85273 61507 -51895 -73572 -23848 17848 84909 6029 11963 -50640 -64768 -56654 -4190 -49438 32460 -78069 -63982 55525 67175 -4862 62379 68332 -35155 55115 -93895 82568 30422 31586 -27616 91068 112105 -25409 -52321 129594 -4799 -64789 -120671 -89215 39145 49818 32134 -114 -17326 44584 47279 35351 -5081 -36759 11824 -55379 -43022 -11579 -6126 12823 -34153 36579 -27365 -10623 111651 -915 -63789 -20902 87413 -101443 40972 47951 32555 28094 137141 -137000 -92926 -16296 -73504 1907 14596 44132 -37136 48939 72317 -20618 9750 18484 -28386 60721 -57128 10179 -30978 72038 42240 32948 -138308 -39958 -53217 29651 -20867 49128 -473 95672 -54843 -23713 80856 -7174 41097 -57894 -34670 6872 11639 -69666 91145 -5561 50752 -97957 -1980 55740 10162 -8364 17971 -41997 68398 -47886 -32679 56134 15833 58889 75542 -40452 -68746 -34183 -35110 57957 19611 90819 -23727 -30593 1168 -63916 18185 20952 106832 -67306 -14665 -95670 67414 136578 10054 -21531 34408 -33216 24773 45208 -8224 -25535 93352 -37859 7113 38430 -22289 -18866 -10278 -50792 36134 -37177 -27116 -73441 -7395 -20822 72453 -14866 -29172 -12272 112309 -71715 61838 -6572 -38280 40340 88358 7789 -61116 -2901 -58498 -24583 -103714 -105530 -2024 -24608 -35788 -63064 -32858 53262 171007 35395 -969 64817 -18121 30065 -95464 -60654 27217 -122315 -54994 21168 -10045 30604 106253 1680 -16549 -35699 6465 24865 -60097 -70469 46117 -19476 -21874 104220 71977 17559 240 -20669 -89694 18429 53104 67400 48749 89415 -17554 -15548 -72219 35152 
68621 75296 -13692 -43385 13938 -254 15039 3831 25505 -53950 49292 -66013 8388 -15073 42978 41241 57237 67909 -8141 55270 30647 -16192 114787 -57823 -33624 -7743 -6499 33642 -4092 -92709 -87856 3026 15565 -33277 -30102 44569 69246 -8846 -3826 -40736 64099 -50350 64535 62602 -25945 -46269 55495 26009 -122438 19763 18188 61493 22758 -26749 74645 -117223 96309 -49740 53323 66768 11189 -7811 5050 74729 -21686 9842 -84195 71698 57127 6575 -74958 -49889 -38850 18119 -11892 -21860 -11747 10059 35194 33864 -29271 -85358 71723 47752 17701 -28596 -75338 -81433 17965 37497 -13111 -47893 6054 41160 76496 35724 -1624 13665 -53680 -62930 -21347 -46659 67274 12030 32793 -1155 29428 44441 -106821 12395 3130 -821 93824 53550 -98063 17932 32628 8639 12562 19792 23227 30114 -55417 83997 79778 -48053 -6114 -8308 2839 63941 -69922 -48560 -19387 2594 -7252 -66543 -61233 11094 -43192 33875 -70939 -103006 118900 95558 19750 23710 29477 -67854 1014 48398 113661 -71738 39283 -29643 -23550 -39680 -78308 -63362 46515 13630 19460 -34829 9916 -39090 -118912 -99851 -3978 -21801 9948 -71103 -75997 52551 -28986 21714 -5384 52995 -43722 18839 -56118 -78633 1249 -49611 1155 129705 -67762 -34233 -160540 70751 -50192 -22876 -5782 -6680 -124177 2989 -20371 2359 24272 -28260 66906 194389 47202 43240 48123 -47861 23900 29765 18626 -10354 53911 3030 -132808 -18749 -5911 18507 -127628 -39938 48268 -62769 -50535 -18693 28621 79434 -11203 -34067 44955 100007 80787 -52692 -6521 -58593 1243 -1779 -44739 102561 59533 -54160 -23993 85348 68267 -5912 -84120 23654 13407 46818 -50757 -2522 71923 95643 71546 -69535 3608 49824 -2813 35096 -4851 23217 -43567 -32220 -62319 -8201 65382 36365 43071 -811 80165 -106688 62178 -50536 53297 7074 24634 120095 8488 -102452 -12161 -16420 -7176 -13137 -108602 -42409 7777 -21079 10926 -41367 -15984 -86407 39284 23485 -74241 2548 90668 -48495 37076 9082 -73093 81762 -109667 31566 -56304 -48059 
-169239 -72886 14634 -38443 -11303 -78597 54052 -10944 63149 -18378 -55893 -38844 -129252 38824 -60373 94595 51639 -52421 3788 -18037 61873 -32256 -70877 17321 -32959 93951 9357 2054 -29635 128105 -75315 28115 34384 -22734 -48676 16923 -44171 2862 -28556 22400 16900 66745 -53268 -5169 -40348 5428 -27639 -33517 -19143 -37556 67855 21708 -18198 13185 15414 -22942 96151 -17833 -3364 10167 75156 92481 112209 22017 32670 -29111 44922 2475 -4308 -23421 -38231 29464 -28389 55377 12681 -16940 39635 101822 -53708 34139 -47664 85461 -64434 58916 53027 102698 20514 -19401 -38151 3883 -68227 -51147 -582 36753 38511 -11768 -49059 20596 -113165 -18059 8649 -68298 -38126 34086 -78509 -68255 -81059 90836 -1985 -83798 -35892 -76133 -63649 42791 -40025 94344 3272 -4402 10653 13214 -18479 41859 34387 23610 -78421 -79864 26596 18005 -46951 -33451 -7442 13281 8021 67999 3701 110135 -135866 7292 -25441 -47957 -48254 -73092 -10767 26121 8366 -87444 83836 40088 -31677 -20195 -68184 1537 -130118 21162 47972 -38407 32043 -30412 54345 39022 -50691 11541 -65128 24962 -161837 -77466 -65784 -23827 -5342 18314 2100 -13460 -22330 -86900 54281 -27788 -25078 43153 63889 -107810 18962 -94350 134994 84858 -18725 -69139 12989 2617 -39730 -4347 -11990 -11067 -12325 79814 -43358 46964 72410 -76535 33468 -58822 43051 -108348 39664 45530 -8584 -32708 -24352 -28836 7803 31362 35307 64459 -738 -12313 -22978 64003 48656 -50094 -8560 4194 20919 30244 -4002 16572 117991 16732 52347 -2272 -63914 -44885 6059 2870 -56314 -10776 5256 -72063 26366 -9265 -889 5341 -32533 -111694 -126080 109527 -4949 13916 -26465 -62539 -218025 55781 -2841 -15687 109394 5285 -50865 -45128 18116 110886 -15839 -75327 -25103 16088 -114683 113110 152390 -19343 69772 104252 -94329 -65370 -65244 -26620 -22326 -26961 -22999 28698 94975 -73747 51592 4710 -58115 76837 -51060 -81947 41812 -2026 32126 -91047 34085 54715 -53579 19538 81500 -93766 14589 83 -9922 -13314 68785 -98182 
63505 -50635 13535 21424 -16352 31240 -49312 -22641 23739 -32734 -11652 -14289 18967 51984 93273 45810 783 68484 -103132 -38457 -92239 85416 -11071 -14745 76913 -55026 66727 -12092 45878 -28952 -44696 -17560 20349 -51874 19746 -14944 -49679 56264 12159 39097 22061 -67891 115430 -7004 103789 -13945 38110 1295 -62223 -60681 29832 -49951 -12341 4557 2812 -21437 105727 -6611 41773 9761 27932 -79309 -152782 -54449 -18134 15878 -38340 -30101 -110201 6930 -69333 -104648 129405 1353 -67456 -103226 -33784 56051 -26951 -44243 103806 -25302 -53158 -45036 67851 69601 -66647 48924 72332 12463 28080 -5278 -20293 -24923 -6268 -40101 -54741 -71057 12732 35331 107353 72205 44205 23836 114679 -68724 95040 19012 -34774 58612 -68531 -20654 9646 33122 -94603 -48794 18729 -57748 40809 -55795 28591 -36434 66341 -95549 -23603 53183 3488 -16269 16111 68922 -40558 52624 97157 74525 -7492 -57861 -47029 -37770 -37957 36703 16193 853 -52166 74784 -29043 -24623 10015 64907 27686 -112514 8783 -17569 35967 33579 -46751 -20236 -46913 31792 27641 -84857 125922 5329 12708 -41667 -30617 93227 54485 14197 17818 -84524 39264 -11772 -14826 76730 14045 -9987 45657 46393 -56138 -69321 -79169 29487 24147 -8157 28085 15028 29835 68519 62511 -23937 -48865 11198 -44520 66546 35032 -58515 27867 -49247 85673 -26655 52045 -1368 32092 25175 -62227 -93288 45306 -89046 -81190 6278 109877 14563 18622 -6974 30251 -32850 -8777 11099 60068 -9631 -28405 9252 -117227 -6954 -35205 -54563 39549 -16369 28238 -12148 -32622 23617 -46468 -11264 -10404 17359 -20270 16723 -53118 -23615 -28949 -34659 -81890 -67792 -21669 21182 -2809 80267 39349 -78655 -26649 -16839 -18518 -48922 -81901 14770 44157 -87677 79666 118250 -61030 29365 24867 -19654 30299 -50910 9389 6370 -3101 -62355 3498 42898 68245 23362 -18464 -38656 41760 59127 11195 74263 78527 9325 95125 12613 32142 62797 28700 -78077 -43291 -102729 85993 28995 -34343 20717 -15739 20688 8698 -15631 -41299 41536 
54180 54182 -10968 54251 -85553 41737 -26528 46955 36062 25781 -9020 40738 -4784 -38869 8496 -15226 -10634 -143157 133913 -29759 17416 -37947 24 11816 -46619 -18704 45002 -16609 -75130 50498 13568 -3947 35442 18519 7101 -29106 48713 -93239 -58139 -39205 -4315 -50992 -54322 -56904 95442 65691 32100 -28602 -41665 74612 51746 -52034 70105 -67149 3014 -54331 -13562 -36572 75481 -53103 -19057 53986 22579 -62763 -86555 5027 90113 -33592 -13990 -47011 34888 78405 2945 32899 -37 27208 103088 6625 107395 -71874 27111 51782 54405 51389 -23266 28923 -10974 46492 -35332 -28584 13259 102275 99197 119102 -93308 50801 -75866 -70319 97864 -347 45574 -79219 11880 21672 7095 -18351 15667 -105496 -25334 62204 20551 -29938 16165 -42831 49387 4863 38679 127003 -15410 31555 -91814 6077 250063 13202 -38914 -64853 -8056 20486 63946 -48391 4260 3530 1123 -42865 -134145 106726 88186 84281 13916 47892 -96315 6589 -26259 -37631 -110266 25337 -62149 6809 -39672 68119 74607 -53461 -58284 -160154 159991 73555 -31196 -744 -40648 -13883 58005 46829 68977 -36982 15969 -74980 -75809 7955 -62450 23510 88885 27121 24927 -20135 -47904 -10623 -35185 -63 -103750 -46721 -24826 -35279 2291 -98074 80707 -64994 60005 21196 19850 -20241 21719 50050 -10791 85524 -13141 40767 82238 -13464 -84708 -114355 20566 -30318 -30093 -47678 -35626 -91598 52061 -29818 -100976 -25064 54060 35827 -29228 1263 36 -80963 5470 89785 -54496 -36070 -5461 -105585 81438 -43871 -15356 -15646 -20501 -67378 -26113 55140 -162070 -27939 29869 81073 15512 37032 43617 8056 63094 -39539 38132 34561 12341 79950 -73349 34528 -16969 63387 34569 53283 106557 13727 22113 26493 -60247 -93323 -127677 56425 33165 -29608 53378 -12357 -30783 -114874 -83572 -22426 27944 -52895 12528 -33329 -14421 -54325 27676 110909 89434 -80057 86799 -50205 11166 45926 12480 375 -119849 33372 24747 52652 -57121 101736 -18927 -93464 -33203 -12287 -31724 38918 -26927 -12290 117095 -21808 18061 29184 
-61358 6786 -40511 -34565 -13059 73820 -151650 41128 47961 -60324 -34996 28621 -36145 -96944 9655 53438 -15236 30180 -7239 14992 -52332 -30146 -90836 16505 -8681 -62094 55378 -23647 61556 -12180 -7342 -40757 -47790 48327 -42822 -16978 3792 125275 76437 13399 45300 61096 40125 -24409 109332 29244 -46210 -69153 50936 -23388 48751 -20847 -33766 -113816 -19050 30275 59443 58684 105072 -68476 112774 91810 36090 -29868 25487 -9764 -69957 -47165 5063 -66364 40652 -36385 9783 50484 135577 -123469 -41557 61706 -10778 -105459 11350 84010 43114 72780 179211 -21115 -71315 36071 -100377 -82133 57334 -43567 73338 60422 -105358 43940 -112693 -23801 46897 57105 38754 75164 91284 57772 -18482 49069 -72648 -24345 29289 -31152 10823 93377 -19017 26951 -36569 16338 -97753 39394 -68953 -53295 -66312 51637 97387 -25227 32673 82990 -48452 -71903 -62434 32904 86100 -64920 -10702 -57164 -13173 -73272 32320 20536 -45974 -89497 -5163 -863 -85845 -103989 -40303 100404 -35842 -73688 -92595 -81320 -83496 -101200 -48441 -163973 55999 33828 32662 -44814 74706 21318 -19229 -117225 -1992 -22425 22759 -34041 -35499 -90416 -42601 59760 174919 70180 44735 114007 65476 -163797 -67844 -19928 -30734 -56178 -45304 -7371 124668 37485 -26431 88580 -25380 -104019 14424 24331 22216 82215 -50154 59635 14658 -142140 10163 -31489 18612 -39958 -68057 5896 -50785 -91565 -73139 -37437 -23563 -44929 -49373 35867 11536 -36122 -83031 -76014 27866 -53063 28832 60670 82937 -41465 -6090 32940 52996 76093 63799 -32550 56803 -8777 -5557 17660 34334 -40086 37172 26131 -80294 -17059 75913 -54428 -50394 -68272 -31195 -21065 -6660 46548 -42444 8450 -102766 -80595 -69158 59394 -69523 39873 38588 -59147 -35473 -45625 -38405 -9915 -32704 68165 77499 49275 77155 -62602 73057 63352 -10217 -35889 -113176 -115913 34414 -21025 68225 16875 -19944 -80726 -45117 -31106 111112 -36954 56303 59225 17951 -22210 41329 10862 3534 23068 70831 57227 -71552 -6656 85846 -56455 -15254 -9596 -36120 63078 -34033 6663 
-67163 -96373 85923 -2729 43149 1810 -82241 -57703 35527 8718 -14177 -35734 16494 -55573 -33896 15944 31940 -107223 38119 61584 31805 36136 -108271 -87510 16365 45821 -11972 -15654 91616 -25455 14858 126264 -42037 21793 -12609 -35540 -49694 38515 -31957 -33101 84144 -55828 40559 58327 30827 150043 53617 114085 -133 -61804 44685 -13885 61204 59486 -52052 -13879 -1890 -1970 -41533 -32506 -1343 76683 51429 3127 8011 54656 -43329 -47456 -96794 88676 -31138 -66393 -75662 73821 -3113 -43150 -8023 -111220 -7860 104515 55251 39746 25538 -105031 -5607 30610 -15532 30653 -59290 -841 79245 39645 50556 -63346 -12304 -19236 77489 -7044 -72112 -9039 -26889 61861 -18865 44183 76970 -33714 85975 113298 13462 17174 62186 -45023 47792 -31909 -53996 -2691 -128888 102855 19970 84610 15617 26874 152823 -20489 -25617 -15808 -19010 -31162 -28212 -48166 -27736 3183 59660 4024 -24220 128444 53967 -36201 -79398 -82573 -27999 59661 -106991 -605 12197 74341 62826 55165 17339 -15311 93020 -19932 40096 -43996 152375 -66137 27084 98966 -36527 30520 94823 -6119 -26953 -90048 25325 -51162 50661 56564 56469 53427 -44205 59301 -64888 -84613 55888 7230 142431 44174 35107 -6785 -17440 48159 88749 -57386 64000 -59333 -12578 6221 56255 78112 10215 -26625 -78683 5259 10769 99598 -69295 37386 5196 41332 13649 47569 -36966 -27181 -42185 17184 91460 22033 -30504 -22458 41138 -6343 60588 -12820 -59625 -48264 -40705 13719 79627 42853 -26616 -18515 27810 -62348 69316 -8465 -19241 4644 119910 -48557 -167196 51268 -13944 -63677 -81860 44439 -77122 25949 -30850 -50963 106136 40602 -68563 6183 37978 6540 -39559 -100898 -29498 -78292 60762 -112635 46677 -21749 -126360 19550 14869 -114979 35966 14603 32294 51434 -130495 12336 -28136 -53687 4633 -23687 23059 -4722 9911 79182 -6943 16052 47236 63751 -41291 -50932 6907 86668 -56936 12706 3979 -96003 -10270 115119 -1708 62874 -58934 -37942 25750 -2258 -67922 30698 34358 71455 62445 -31454 -38831 6690 
-7471 72305 33161 -79241 33321 -53878 75907 68294 -78302 47334 -52288 97074 -46858 -69154 -61837 13246 14586 -21610 83470 -29611 41993 32511 106773 -28531 17732 13213 4745 -34860 3414 -17321 -6365 61478 82070 11982 -63870 68129 7394 -76362 8029 -25556 47081 -90187 84721 4151 17921 62746 -40260 47863 7736 5977 -4069 -36068 54540 25747 -35583 4609 82862 6320 47949 73951 22862 60175 125912 -58368 55255 49759 74546 -30213 -42375 -101914 5844 40484 49401 18291 -78072 -99905 19731 -73573 16001 -125030 -50456 27834 -42398 -8934 -42538 -266 -28459 30020 9939 60094 10589 1496 -84794 73041 7821 52724 42175 -9095 -23480 -48562 -37858 -94323 24864 -12487 -50311 -69947 -1537 32524 -78078 -3345 -36936 1172 -34089 34910 35893 -47839 45267 43619 -27233 55790 20873 4670 87970 53353 26560 17206 -90255 3841 101286 -90342 -55342 -6757 9764 -13073 -1361 -20809 -9283 47501 107505 -62497 -78952 -37707 27347 51330 -31596 43876 -6932 11464 11298 39912 -14439 45672 19591 58580 -28314 70691 -50086 -75293 -80835 58603 -92196 87242 34208 51848 -99223 -63060 -90688 -24130 -128689 35947 -30278 -45375 -19831 -43553 80982 -51560 13795 -134962 -72327 -24659 -26522 -27991 25737 -91411 -28400 90635 2248 -96593 23429 47245 -8966 -87382 30026 -53599 -24031 -62903 15343 21869 -17822 66474 -78241 -47493 52779 38233 58814 -9617 -33120 -8004 -17254 21519 -49865 37690 -103652 69043 -54615 3703 -18192 -53341 -19734 73244 34134 -44430 112875 42457 -34540 -8398 -86662 6015 -28433 116478 -75037 -139233 34034 37885 86097 -20346 59160 -31242 9162 6604 26772 -31080 1107 -51245 -57624 -55300 -52137 23343 -66914 162289 -22073 83002 18886 49220 -25184 -32829 87029 -56042 -49381 -98697 53611 -11273 54535 42471 7576 -62595 -28925 8872 25168 -71975 62751 -48155 13012 79276 -30212 -39522 22709 54177 -93930 53394 -35042 60232 -67441 94148 -77301 -50596 10012 -61162 -9713 -121444 -6923 47079 -9240 11641 80817 -4119 23215 2706 -76515 38963 
59424 60320 -9983 -5756 -79997 -52485 -46257 30827 28412 49395 46473 -30879 26116 -3460 51839 40957 -32272 52066 1199 -24613 15635 20249 24518 40211 76447 -44970 63938 36849 33439 32132 52955 -36592 55546 1274 71653 -9861 12933 -43360 -56725 -71971 113924 -9903 4060 53321 52113 90575 11298 313 -34933 -7918 7754 -19077 -67664 -46916 23055 15593 4289 921 128871 34892 -55651 -41180 1743 33369 14654 34568 19398 -17021 -126403 -150350 -59159 14015 155136 91247 -72965 45739 -51398 -51298 -7113 2835 -39108 -59399 -85838 55642 38839 -24862 53706 3713 12806 143960 -36280 -7125 -117758 42786 106373 13262 -40452 -29083 6162 -11502 116691 35102 6227 -18779 31284 37166 66225 -63617 -36207 -142695 -9629 -31526 4064 28113 19938 28903 20748 17102 120240 20145 -6182 -8147 -33865 -30959 63214 -48000 10331 7430 -5574 4593 -38565 57166 6005 53219 42244 -219214 -82605 18281 67050 69471 39706 -93534 73687 101448 -44612 74206 -67457 -66486 -116012 -44853 24747 -114916 41251 -42894 33924 12317 30525 34929 18714 6892 -14043 -17936 50862 -20420 -94433 16918 -30185 -2572 34956 34599 12613 -121996 -111672 -41042 -52438 -42055 -27373 -68327 -51275 -26358 109132 30211 -10906 66665 30789 -87016 -41333 -71937 31661 -69808 -32564 -5508 -27647 -51479 -12068 20890 -54426 -66912 26594 -18897 3103 -3989 10378 40012 22520 -38833 120381 67636 -6823 44713 -31517 -28722 -39737 -10945 -55587 -21235 28453 9060 -29808 78129 -86961 69403 -2422 73844 -44236 -71489 18131 60438 10687 34983 -49543 -17026 -11420 59110 -65301 -12567 31730 -55979 8456 -9895 19525 31675 -23597 26519 -83053 -15739 46619 92159 -90067 -22270 -73111 -132533 -33705 -37988 63509 -19575 -153327 20465 54778 -10240 -467 -68779 90627 21836 3316 34087 -59746 -32403 -32021 -3558 -52674 40940 -112836 44790 58630 10265 93249 -20549 2179 -35848 46977 17869 113663 -116965 80731 12516 -21080 -20634 75828 -87811 -59969 -70518 -25447 37303 22000 -55699 -4441 -51055 -133052 -8727 
71941 59259 -152591 69154 -76418 -45460 33926 -99875 64600 -8554 17174 28381 35599 -72069 -1314 111214 56790 -79604 40478 -41489 41750 -47304 -40289 -25510 65422 -15902 26787 -13663 54263 14275 119383 1372 96405 38395 113186 -22181 4565 -12446 29134 -49767 99538 -14151 30253 -10147 60541 81376 4453 -26143 27246 4167 108275 -66512 -57132 -1304 53512 -5745 -12241 63056 75233 93393 -16151 40026 -3379 -25058 11249 -96845 89609 -82359 43325 -7534 -46811 8346 -11572 4781 -60035 -28034 51840 50780 -34452 50099 175837 -6781 54644 84093 102137 -69042 25905 -18787 -93578 38437 -93972 -19995 -46666 29118 38783 -76328 -19131 -89288 25264 -15835 24761 -116901 -33242 1935 -30903 7477 11513 -78012 25029 -20995 8913 5016 -20873 -40780 -22388 65272 70193 86823 -60574 -57956 -44906 -12158 23699 -3039 65042 16007 -64925 -4084 -86311 39880 -15228 -36733 11563 23347 88481 -51093 -39968 39818 -6017 928 174881 26713 -34615 31966 27978 98288 -75239 -22947 26510 -2070 28716 -54002 33385 -115086 -1047 76309 -40838 -17152 30658 79122 -28220 -17208 -72148 -38662 -54540 -23597 50427 -86573 -37335 92864 7231 65790 -27714 -5859 7233 -28990 -12992 364 20242 -7405 -27726 -78937 -66674 -32172 -35595 9407 -37393 107354 -70720 -69278 50047 -81651 -6049 -53213 2937 -41362 67352 -35519 45593 -36072 -18493 -907 58922 56988 76701 -38800 34097 -2112 70655 -3014 59438 -72126 -79851 -21626 60062 72635 51272 45536 -36511 59043 21775 -18512 -111280 40783 134785 19070 -19077 4172 -88612 -72855 -46184 37910 25606 107559 -132854 31295 -30549 45910 49823 -72712 -17198 97674 -67169 15579 19934 -63813 38914 -8869 -9373 -55372 94140 73494 12927 25876 -50009 750 23328 57124 137624 46471 72616 -112530 -61458 -50301 39181 -22936 -29197 -15469 -2485 78585 44669 5330 -12039 76217 28112 -172402 105632 24029 68642 -33371 -51663 -36928 8151 55074 33801 -28167 -58119 -371 13007 89373 -4254 40358 12713 -8128 -9394 50380 16969 76265 -23143 63296 
38808 -34691 29390 64570 11225 66823 -66806 69793 21152 -30440 -3899 28435 -86111 77849 -12400 -37914 -29174 -49753 -69156 17599 -99163 16203 26626 -34807 34196 -10506 -71712 -63341 41918 38959 -61278 14919 -54583 49200 87319 -66935 -56211 -70648 -38563 -119314 33584 -41481 8704 87365 2426 28048 49650 51585 -29641 -5503 26985 -20231 34862 -34302 9781 69871 -66989 -48882 22079 -52158 -5363 -56224 -4806 -31719 29228 -64954 40723 29409 39066 -28142 -31785 -7756 -9279 -46751 5479 2225 44621 -36255 -18312 14838 20248 18859 -33433 40958 -4034 -85731 -30067 23058 -16402 93288 6164 94905 117712 69252 -58581 7048 39060 -67938 -41116 86193 19095 4113 4744 -91725 52686 11232 16169 42888 39013 150922 29932 -15885 -13919 -29852 23231 -97621 32974 -114490 63519 -32323 -67759 45061 35197 1196 -31482 75479 68248 46401 107044 35183 3432 54884 -97754 41018 47502 -32271 78999 -9112 23105 -6820 23392 37877 -48577 18188 75825 27239 -13844 18142 -61172 -75449 3593 -102409 51596 -29986 48027 42023 -42037 34344 -99205 -8102 8655 4589 -36616 7991 87855 1157 70469 18499 17776 -62370 957 13421 8996 -10204 15150 105601 35045 -19006 -24388 18747 12846 92222 24752 28865 -64170 11086 61907 19347 14069 26117 16085 88132 31417 65172 -29188 16271 17467 23377 -39942 -19737 65294 -34116 92418 -102392 33902 -27515 -43084 1267 4490 -19070 -92389 2279 45863 -18855 -6901 -30976 -4814 -27508 32164 -11914 27447 -83432 -21094 -42615 -20681 3787 -115501 52311 112700 15001 18246 11464 -23420 -94990 -851 -51183 12688 30274 -126642 -23707 35841 2780 57573 -24707 26018 17719 -113142 70325 -53136 1695 92686 40749 -11988 14165 38484 -42664 -147800 -61058 -54206 90595 130146 12756 -74551 -78098 -41506 -22152 90750 32477 6303 -48812 -47366 -25475 -10516 100095 6971 -29617 -20174 59438 78568 -42906 22784 -16618 -30930 -50802 72179 33403 -31078 55216 -46764 -54230 -13447 -96837 -47439 -101963 -8519 -59349 28400 -50348 8932 -47738 
-34155 33031 106679 1894 -165835 -5372 25326 123885 56302 27768 -17402 -58668 23473 61744 9974 30680 -2774 -22714 3734 -39344 -57297 47310 8162 67342 62972 107222 -63978 -30415 41530 -29960 -5039 78144 18983 -42099 18597 19023 -25682 39630 -6268 51558 61558 -16079 85626 4266 86212 -42314 43671 -3784 1192 -41766 6713 57113 15198 -35664 -25628 44749 -6873 19060 31155 -67248 -34248 -76374 -90165 -25716 66584 -49907 27646 2126 -11477 -40616 -1473 -104268 141107 22302 -26727 -112286 -409 59741 50471 98171 35488 -31863 -18317 71064 36753 19627 32474 -3878 -76579 42503 -37251 37238 -22180 83308 -6884 26376 -52534 -55321 -50151 91464 105082 -4096 -104253 32581 -13258 -10625 15310 -1116 76615 7730 -76271 99519 -106933 33041 -4913 20748 -37299 24829 72327 -53008 -30834 13622 68236 68983 34223 -41541 47223 131788 -43965 96505 -40634 -3456 -61540 25537 16969 -83827 3384 -28471 -15817 -397 -59233 144212 -46219 -10345 -30666 -38719 129 -22181 -9877 -125535 -10592 12804 1093 7302 -12680 -49023 14919 24092 -200 -7207 13629 -72760 -21489 56296 69809 30009 52770 -9588 -141036 -27378 64516 29697 30123 115652 42536 24233 -131112 -17314 45814 -113939 -101077 83512 20665 37447 -36885 50385 77304 3582 87511 -47115 -50051 -1325 -15428 47447 18799 66670 -75215 -29402 70123 -44120 -26180 -23817 45445 -13580 26850 24520 -1321 53516 25652 28208 -197984 94929 43952 -74217 -7670 -13924 41164 -12210 52671 28528 59950 60929 105585 59514 12561 15342 31623 -23985 12645 -32052 61482 65185 -4986 15291 -10672 81543 -74608 3452 -56526 8169 -37244 53683 -12515 -24239 -41889 -73942 -63716 -28956 -126490 -7862 -55441 -62938 48577 -8621 -89815 36553 -50514 -19115 35438 56255 -200 -6117 77353 3792 -7490 153939 20171 -17127 -113093 -60760 -105619 -158067 -11619 11142 -55978 29575 -101500 -16667 67376 40697 -27188 -52328 -40512 24916 -104103 -11841 11082 -61116 -64790 -70924 4006 -19268 -64153 -95455 38400 21621 -5030 39538 3465 28784 
11455 71049 -9688 -65550 -95367 -78183 12529 -25198 -3821 50925 53251 5517 3012 5219 4406 63923 54525 -116214 41322 -50078 66991 81006 20322 5241 -57596 -30399 -48393 -35544 22471 -19481 -68829 139200 102719 -21312 -34837 -80362 54331 -3310 -63855 -88550 92235 14134 88022 -45277 -73607 42435 -17575 11322 -87056 -75072 75818 -73583 -36189 -8222 47368 -14841 -38963 -3645 -35309 27691 -55081 -131 -32360 -26347 32580 -4369 9926 1256 -2759 -62374 -83185 5545 -114525 109661 -65068 -2321 13315 -35798 -1132 18611 -2374 -29284 52902 -12111 -55577 -6717 44666 -2936 -17133 28920 56123 -36041 -9610 34842 -16269 29409 79887 3884 24466 -41504 -75146 -60065 37612 -27680 -61893 -17612 -17367 -29637 40208 -8211 -90066 16916 87849 -51773 13786 -9716 92687 5105 -32411 43877 -18363 -44655 -24104 -1977 -23384 3803 -53249 95447 23022 45195 -645 133746 -26775 -58181 82597 52389 -29700 -43221 79904 -31945 80378 -53224 -72948 6099 30965 -65278 41387 -61848 3555 98344 -16477 -5759 -4162 -50397 124652 130153 -69235 14953 39270 13560 -37793 55831 -11822 -18993 -53169 -14299 -74397 -9015 -22975 -8385 -109084 11642 49655 -52694 -11323 53984 17519 22237 25340 -26748 118543 48885 -51658 -28726 -27312 37189 -77498 16276 47534 -37042 27652 -90229 -4686 -3443 -43539 -9948 -5810 -151724 -12703 -20393 23541 -10887 -53453 46206 77815 73028 -31536 35204 -19688 -23035 -28267 -18329 -83432 6535 -71366 31143 -51880 -12827 79838 93633 -6181 -67973 -7350 5592 37531 13360 4625 -4877 74623 -44400 33041 -99963 -74667 82371 77249 14494 -51733 -21695 12151 12509 90028 22191 -13472 59763 -44956 -1909 -1703 2287 -20904 -17993 -22334 -72581 12134 -14462 -12415 -32017 10076 -31917 -77776 -149252 54474 43559 18502 -11179 183999 45033 91012 -30306 -51511 35447 -42381 3077 32140 -192318 94052 54705 112846 32884 -79763 63225 29678 -1681 -90886 18836 -65580 14876 100581 32608 -37740 -45042 1463 -30069 43901 93807 7134 12817 31398 -48002 -32722 8827 
-6844 430 -43506 65152 -93766 -115437 12039 -79622 -13518 -39964 -23355 -67690 -56119 70038 75897 54774 41837 -37814 -67432 13806 1859 -16727 29072 2249 29648 -14725 -75041 -6274 -27183 -66184 -10112 -110502 71246 36510 5586 -88300 58140 2530 48234 -32249 66345 56973 45588 32725 20510 -23275 92441 -22514 -82965 -76152 -33892 6243 -39670 10473 -9309 -2118 -72543 71196 -18931 -66820 -67522 -51139 -13102 9525 71583 -58810 106402 -21528 -48223 -45971 -47064 28034 -10695 48088 -50715 26205 -88481 -38728 24914 -47570 -12195 -45606 11105 38087 64815 65405 112880 82580 -47589 96909 8069 -71726 -28020 46689 -52422 -32345 21011 25508 4604 -22418 99983 -67430 -14868 -41255 49622 -21701 81524 45536 35752 -8285 -22461 -30258 -35706 69434 -138983 22309 22363 4441 81279 -4095 60788 3196 -80835 19943 -9248 14688 -44377 69794 9644 -24840 22739 22862 24034 -28319 118802 29408 62222 20343 -65850 20856 -59069 -45364 -35191 -11600 12851 83072 37236 89643 -99345 52250 -58237 -32763 126198 -10318 41365 -46076 5447 43682 -14085 117677 -43066 35505 41295 -18583 -55188 129738 39416 -4903 118471 116321 9826 15318 5983 -34945 11039 -484 -29056 36378 -17480 -119626 68647 22859 -88614 888 69111 38768 -45867 -37498 -57026 -75614 -105786 -53185 13761 -56650 -62950 -47396 26010 -47345 20257 -53461 -8944 15822 30462 -111505 24325 -11871 -15737 -55336 78293 12548 -48497 -13696 -19951 101647 -34585 21210 73185 -17074 45200 16966 13183 38170 -74460 -861 9207 -28421 14156 -18948 66188 34958 -36653 -12220 -142172 22532 5831 -12260 60935 10141 -49122 -7463 16230 39236 -85664 -21323 -1572 -51401 3057 29741 62933 17222 12152 -13898 33300 31117 -17190 52724 63013 -129643 -5097 63282 -4511 46702 47980 -2545 -23209 -25430 56118 14277 43110 -107382 72611 -57614 -77065 -69848 -13279 -33222 78730 -577 -111321 23903 51805 12525 44808 -90706 89543 -83326 33975 17347 55462 -26232 4214 -14910 13519 -17608 92915 -11760 -111712 5685 31741 102406 
44319 40067 -47204 -30356 54542 102927 25672 65110 8754 -37508 -78406 46344 15962 -10230 98159 -45912 -40660 18741 7975 73466 10403 18633 50899 51617 21969 -85109 -42250 437 -48319 84465 26462 -8381 -94374 41319 -15086 -86720 50685 -25099 19387 71586 18641 67584 10550 -14196 17100 19898 28522 -51152 -47069 -713 -51304 -54313 -49810 106841 73873 108826 21281 18727 22439 -49892 1957 -88091 5905 -49501 -50277 38663 114439 64160 -39668 61266 4935 125860 -102280 -90486 -63008 18906 -70216 -58326 66019 91857 -47999 42324 -132154 4684 49586 44532 -29379 8154 27056 49264 76504 -5110 72556 103270 14396 -50906 -89755 76649 6228 50635 -29519 7031 19321 24151 79150 100973 103331 32801 25249 115356 -88295 69564 6334 21467 10032 95531 -43966 -107580 53577 -2170 27223 -92823 -76419 84119 -857 -17125 81866 -8217 3238 48904 71187 -40487 16249 58841 34730 44096 16558 93316 -56652 38465 -64119 -5842 22239 -19789 -73442 -96173 67668 4497 -2463 -71334 -77677 -26594 -30104 36077 -55412 12827 -101641 33930 -12921 52353 -40345 -11658 174845 19936 63987 -41186 -6343 -20595 8859 -102420 -73169 15266 -1261 -38844 -41036 -31242 -14435 7436 80290 -36169 1581 61507 19618 -7953 26728 99531 18804 -58572 -200028 -29516 57073 58044 -12779 4160 32605 4074 85149 -23889 10284 74057 43253 -64346 94177 1248 60664 127493 -3636 -99681 41825 -62942 -49849 -57110 -6451 64419 -77527 -8235 -19624 -1614 -36558 -69869 -63524 2311 -14365 99052 -43557 89254 -54295 -48635 11129 3144 -40607 -96679 -12380 42390 51033 -121438 -21622 -53417 27171 -46611 -54971 -74644 12144 -11749 -17954 83613 -100962 -61201 90590 29812 3048 -34142 85720 11316 -76606 12435 -51046 -86752 -48773 15583 74618 -73378 83964 -129345 25677 -38118 81740 43160 -108788 63936 4619 17235 -60094 9823 41022 49967 -59258 98675 -50186 2444 80485 53602 -52033 14786 83039 -114915 93442 -56441 7885 -77944 -18621 -67507 -82122 21122 10140 -36310 -4670 -37417 26830 940 
20585 60916 11050 -1411 -21338 -77388 -93142 -76260 72012 -119164 -11684 -4369 78408 -10400 -45665 28176 23061 4517 68334 -43139 92308 -4218 158275 -19897 -86569 66358 -60612 -21498 28477 -12107 60051 -20030 -45449 -533 -66661 -45215 41815 -20547 -87467 -5578 74883 -57861 -28111 137980 -21406 -45986 46346 96355 -25813 -62848 -35799 35589 27874 -65626 52279 93958 67962 24595 -46831 94355 119344 -63442 17717 81763 42138 17139 -43939 -8895 -26764 -114069 -61172 -4497 53053 5252 -68316 80845 72113 -64391 -2001 -78370 -72835 54235 -63012 106730 -13113 141691 56385 63903 103474 -45263 -80148 9877 -30914 -15732 45292 -31068 47982 -43391 13972 -37835 -28783 -26049 -68697 58701 -17772 10399 -9876 -79951 -38524 -19186 88103 -42857 2227 51446 -88165 31741 109642 6196 -96849 121724 -63120 -42879 43582 -72298 -67994 4682 -9685 -31824 112749 4779 -42672 -31792 -29796 40544 35882 6705 28922 4504 22853 -104448 -3393 -77510 62456 -76804 -19422 -71467 7299 -16528 -80953 -39407 -81170 104858 -100826 113828 39452 -100175 -25313 -46077 -8550 34951 59958 38316 -48949 -19570 -84720 -107829 91087 60527 -22247 54660 -74632 -39587 28355 66413 140682 112086 -28204 -47464 46588 69569 48862 -6298 79607 15749 -19329 -23212 -64961 -22658 -21989 85597 136208 2848 12633 -38599 -52943 -6189 -45884 -34268 -29100 -57831 1210 -15002 10622 124235 -31632 -22941 29375 -54159 49350 76496 -52542 102194 -10615 -45398 -33553 44859 -40160 -1986 -80948 -35539 144948 120980 -8835 63820 50588 -86916 -45558 -28148 57607 -46288 8442 15204 -46179 65871 -27708 48490 176016 -43208 54811 -74116 -67405 -53554 30979 80952 -25999 606 -24577 16756 -14750 44677 -64012 -162519 67805 96181 23303 52022 10194 -16063 -9665 -13834 -205918 -59897 -45543 -112108 -45351 -51090 -53515 -36747 4216 -8250 -93630 9035 34649 17431 -41651 -28105 20427 -26489 50272 -50083 -15696 53133 4401 -96056 -66539 -32318 28042 -97337 78077 65493 15524 31446 -79575 -103118 -98867 153280 -65887 -28748 -115247 99757 
31064 -56314 -51726 50076 93372 46898 111864 -19479 -89662 -41217 -107475 41325 35730 -34339 -14025 41950 -68121 45658 11078 -43878 -65616 -86768 -7900 1074 -25138 53324 15009 -40531 21765 40514 28395 13981 18621 -24948 20507 62805 -25409 69017 -39686 -37324 -86740 -36518 -30079 7383 -3118 -84229 -23566 -11552 -104668 -70289 44152 3634 -26284 -45014 13010 -56907 -6821 -8322 -130597 74638 -19976 431 57856 55814 -20061 22472 111092 -6444 77273 -57288 54043 22589 -62966 -6248 62138 1847 134914 57272 -18155 1817 -37180 63036 -84886 -22709 7702 -20206 19749 -30023 -34937 87668 -154428 61690 30036 -20367 42207 -46186 16738 50405 66408 29612 15218 75887 18038 -22208 4149 51096 -31568 -9649 63383 72877 5014 15038 -6403 1354 72598 -100568 -63068 11002 -48138 40982 138792 48030 -93030 99849 42158 10618 66422 -6275 -1043 21908 39744 -67916 -2321 6074 -5321 23130 18152 24955 -17779 8833 -84880 -57179 4355 13476 29280 44132 -26345 36645 -8343 -118907 -10477 -83897 -51850 9957 -73373 57354 -40209 53380 8882 36160 74987 11652 90688 27326 -34734 -24147 52213 -73902 1197 29603 95988 -98488 38353 23903 77758 5981 -105826 -24085 -22396 -18951 -12703 -82187 39200 -117665 77525 49935 6757 -29387 32835 -58600 -17031 -84329 16477 -89538 15644 4721 114995 59023 -66623 -6485 -70679 32040 -6265 48103 -18570 24826 10503 -51495 -51269 71200 80824 -31721 -73876 24797 31666 -41194 60855 -127654 -61592 -18739 -58874 49196 -43537 11558 164743 90874 5098 -78736 45583 -3304 10453 -47151 -67328 -46614 -52170 -1357 14796 54602 6762 41162 -21873 7816 -77948 -21227 -20182 -10407 20249 -15848 55786 122342 -53464 74255 -2842 -43407 134655 10079 -47314 -1217 -67032 -107034 -126958 -67151 42711 2066 41817 81856 12923 16782 12661 28382 60174 13314 -45267 -43044 -55479 -40855 49970 -48489 27314 -48291 -41114 -7805 -37960 64448 110774 8973 32982 -10833 100233 133605 7925 -7006 37781 -32888 -743 21006 67843 -9624 80281 -9151 
10928 7304 -102353 -61381 101358 -2337 78946 34553 37848 1917 8423 -63482 -4985 -48209 19160 2305 44814 -38493 47755 38963 -15342 35766 -34427 -38908 -117371 -11467 36226 22694 -83815 -94700 75591 -49419 12063 84339 24306 -49032 94598 109262 -47633 43181 -17181 4657 24692 -21944 36468 -16834 -12135 40506 -17768 106006 -16180 -167468 -38498 68719 32430 -64062 -64824 -137910 -79841 -54917 -91339 -18752 100748 13432 -68185 32687 -9510 -24204 -57678 53846 4013 20216 -4896 70045 -85663 72073 52732 -87478 88565 5692 -17783 107880 15802 53739 89709 131959 -17548 8886 -119814 -17315 -20101 -16601 -34616 42310 43332 37662 104761 55093 -44313 51044 -561 -37422 68191 26161 16082 343 -60121 -16029 -47504 -32716 67821 -2244 -48996 4757 7876 -16339 -63816 22713 46792 -56318 1022 27653 74980 650 -65497 132287 -66267 -1322 -22296 -36362 66825 -8401 -47815 68557 48895 46756 -45357 -5597 -87802 -56631 40587 -72283 64118 13018 39182 -4956 20650 -30904 82988 139964 72917 -64505 132855 -65590 -97239 -5613 15180 2564 72286 -64791 -9969 -49929 -5127 -11788 68060 -13938 45808 -50796 -9251 -18315 78233 30017 -44517 -74528 -99500 1572 3401 65329 11128 40836 -75336 22090 -42372 -13852 68518 50598 58010 -31264 -33789 26556 -4046 -1514 -55555 40541 53393 9449 7275 32899 -5832 175139 31100 -5767 91616 -65085 -6147 78142 81043 -26498 -43025 -63376 37241 -9099 20610 -88050 -39063 74111 -88183 31867 -87550 51417 14607 5010 -35761 43444 -17093 -48916 50180 -563 -54010 -5268 -34017 38981 108 -70363 -77995 -38896 8261 -33671 117846 22496 -68743 -23899 -41868 -92297 30402 58251 -151441 134739 -13272 -31671 -121660 -61809 -28335 -39343 -32722 -18576 -52185 14031 51429 26195 47883 27992 -3299 -88417 -43384 -67060 -10420 1183 -38362 -37359 98465 47054 -40731 74962 69052 -61894 14857 -36317 -67592 -72626 -77536 9520 -21670 107726 7520 58610 48624 132451 24922 25664 1930 -50619 -87453 28630 51289 27852 -55233 -29107 41041 54631 
-11589 -121658 10587 53722 -37139 -16981 -82 -81981 89385 -11101 -38368 14395 135866 8243 -14849 -29401 7655 -14701 -34077 -32861 -116498 -26387 315 42945 60468 -75451 104661 -22651 59887 41807 59577 21355 -3680 -15340 63489 44977 30790 59622 137399 -12381 -19106 -81118 -36559 67070 -58792 -50203 -58256 -2223 85475 24140 41164 -106055 61906 73199 -1163 78926 5298 15946 50726 31008 -5039 -104229 -19120 85545 -102201 -4179 40451 -112460 30219 14873 32459 -61055 24800 14515 -13306 -15627 13949 -120807 -5823 -32047 -75785 6469 -27060 95991 10774 115451 -14059 120147 14437 -786 46531 1282 -52065 9608 69294 -107459 -49877 -43001 71553 -24424 55001 -86531 -2820 31440 -23196 68125 63333 27262 -23537 19787 3849 -29874 -38146 -118034 7356 16423 108220 -3722 157094 -64522 -7113 -117022 23908 -48318 -116285 -28409 52109 -83673 -14099 33957 -53508 18612 12981 86896 16715 -109084 -42465 96445 -16555 -24786 -23452 50715 66546 43950 -90207 77379 -59054 26831 -69676 -35127 16462 -79861 -34127 106554 -46481 24296 10058 23836 69045 -71550 -32637 10888 -23797 -72031 -34583 25759 -15980 129658 131509 28231 -43546 -46673 34501 -87441 78123 -32338 -20682 125830 -59589 36818 -80761 70255 81079 -19267 96226 -71330 5156 -105793 -1338 -11966 -20254 78424 -59408 21360 15833 22326 49889 84256 -21362 81411 -48349 27449 -21168 6888 92381 27591 12320 -32193 81985 50120 46649 41232 -41153 9681 -15429 -89424 21680 -47307 -54922 -71774 7622 43582 -33015 59641 50038 -18608 47679 99608 -9662 22741 -90939 8726 13351 -129304 -56043 35574 -9511 -5118 -19211 100120 35374 -47468 49872 -66526 -41614 78610 61931 34374 -21154 -28210 7548 62030 8182 33918 67143 38718 -49016 -2954 -4561 24582 -177587 -17745 -21261 16126 -39237 33427 -64784 -26691 11349 -135377 99105 113959 -102743 -39006 -868 -65289 98889 -8033 -11382 -40560 87791 -58324 33589 31028 67128 -8263 63632 -114142 50530 -33257 32833 -46192 -22996 8894 -11925 -57860 -2029 -72050 -6525 137061 
78763 -34957 12018 45587 140397 73037 -52104 58030 -8122 25183 47876 -66924 33309 -200 7306 328 86728 39333 75426 109099 21340 -2235 32747 22693 -20525 67442 -101342 -28259 47572 42936 10144 87477 -75098 2294 -112734 -30723 -37040 -55659 43880 58696 -61000 22415 32446 51035 57105 -3108 -34748 117199 15966 4023 30417 59811 -69824 6033 66835 -16715 106765 -43995 -15777 -23781 65355 31959 -40296 -91113 -30851 -131107 49863 22522 -21828 55277 12086 -31987 -80990 -201642 1587 25359 63903 73494 -32381 -69097 -85919 24431 7601 -26899 -98 -120680 -87359 -94299 -31886 -35513 26243 -41349 100958 46861 -8483 8140 -14061 -5818 4390 61446 59339 25069 -26984 -508 53051 -51238 -16730 -18805 49838 160087 -52239 11787 -77457 -1330 -11863 -113424 7272 99047 103459 -1253 138525 -108265 3167 84216 -32020 -91346 10030 12664 59811 -31133 -22748 -71606 14264 44814 1475 34292 -93324 -32172 -5338 59103 7323 156166 87745 -76787 31594 -33204 37901 25033 58182 23747 -83510 -37475 -96988 -7784 82443 72300 -18783 -10599 -43745 -97146 59028 -21679 54417 -103212 -65389 51162 32395 -67608 -57344 -111832 -15945 -30223 40808 36714 126247 -12537 -4701 -42445 23019 87342 -9458 11320 20872 -25262 -20779 -34658 137292 -9987 121141 125039 22092 65155 -44809 10039 39796 -2293 -36649 111421 -59792 -65679 -43337 27885 60903 -42155 -3347 59229 -62744 50895 -4365 -120652 25898 81430 22206 -53964 -55516 1993 -83860 4995 -87264 -22610 -24798 -25616 -44934 -40558 -7280 -23451 8596 -53877 -71656 23537 -61217 -29342 56229 17169 58661 44394 12733 -59752 -25251 -47108 5407 68 43647 -53304 -3307 111109 -46014 -26776 -450 -58516 46519 37909 43120 -2036 12276 -89103 69014 52848 -93829 29136 56731 50733 -22818 15901 20182 -53953 68626 -62656 58427 -26781 -31541 43646 52997 24755 64446 17512 -50267 67750 73001 3450 -88845 -1869 46704 7392 -39983 -10206 30060 -3483 -60359 -81281 20536 27459 77464 -27235 11220 -56932 -35959 20105 83294 -16627 
-6410 -136942 -20185 31819 25070 102617 66302 -14491 4951 68624 -7775 -41799 -12890 16846 20755 59423 16547 27945 39538 -102359 -9523 187528 -40629 14414 -2452 -83395 -105500 -33892 17508 -9424 -87870 -14589 48318 80200 3798 -25314 -999 -95647 50112 37897 -139022 57175 -30996 102036 -21172 -35172 49305 18297 79434 -28361 10846 38394 -19253 14657 -36357 4982 51488 -40016 11469 28051 82981 102519 -16814 13539 33454 -63812 25614 -135833 17022 84266 -78818 12348 33397 41263 13907 -37810 88100 -21211 12789 -38474 -28907 -66828 -72632 -161591 103282 -29279 -5857 -37904 -11719 63186 -53448 -50785 49065 33794 50392 30379 77418 -10651 -5091 3962 -22192 46792 13432 10988 -26494 34228 -713 -23899 -112121 73410 -6133 -61075 42686 -28307 -71982 -19961 -60735 -36840 40593 -63681 28171 32404 -31870 48379 -24398 54430 -30511 52932 -49884 -69989 68796 71822 19815 -60077 1523 -45250 -133075 -129574 -50099 86344 42424 -20377 63918 -43235 -23113 -138733 -74111 21281 60870 57802 -17986 -57342 -9896 -53792 34328 87001 -93189 -69847 -19838 30342 -22000 -59166 -76279 -83089 -19531 -52474 24218 -27339 -47832 -67724 -48408 657 -83850 -52111 -39502 89117 -34000 58607 6302 -22398 15659 84792 -101123 27432 -5298 -81 -60440 122692 34465 -35123 35443 84890 -26482 22116 15186 74325 15808 32721 -41489 76812 95384 16749 3410 -54 169 -32751 -37576 18640 -43031 -106565 75002 30330 -39142 -87984 -31778 41181 3519 20237 -3175 121 77188 -106860 -24583 -102203 42713 -53503 -53883 -65764 93061 -9516 -42204 28971 49957 -6113 9610 48451 -35264 -3326 47426 -63345 6544 33721 -86122 -69075 38614 3049 -4741 92253 -75636 34711 3043 -26461 -78891 16946 14096 51299 4451 -27756 110163 -88487 -57288 48537 -27692 57556 102184 -52685 1511 40487 -25522 73627 -21017 -76481 33488 -24794 -38639 -63930 -44225 41911 -89155 72581 54626 51332 19057 -37996 -48421 27997 119835 74752 -41100 -3402 30512 39107 64005 -84769 66846 89184 -55598 -65921 -2462 -57904 
-28676 19129 -17025 -6045 -138653 -3936 30092 39356 9428 47141 -31691 -22169 -24293 38985 2033 -9827 -31090 64425 -12895 -76796 -35328 -29069 6297 -784 5363 23599 -82049 -134865 -52634 -927 56580 -145984 -72231 86160 81019 -27228 35955 12385 29022 58155 63578 -54954 9585 -13412 15156 -24013 -77782 -76080 -40799 2941 -44892 7168 64229 -20349 -5664 -9232 -73329 138037 8535 27889 104351 -95088 46114 105947 96326 64574 68272 -54145 6495 -47412 -69962 -37707 -3975 -3182 -24441 -507 15238 42995 21342 -36207 88179 59915 -27485 -28126 -39030 58143 -61917 -68507 -99580 54835 -536 2101 62300 -38467 -40820 -131600 -48625 -25406 5141 117652 25537 109538 -111492 -118491 92738 9738 20101 -9067 -46482 -54022 -53457 39552 65720 -21622 15940 -6659 -21611 76100 37261 20002 14044 -63834 90473 24823 -25536 39632 -37321 -53707 -26313 124364 -43133 7478 -14427 115653 36143 82371 -37124 74484 -3642 4131 17377 -79597 -45177 -64670 162715 84653 5893 -28467 -48583 83528 -41674 21727 -61187 90546 -4700 -57671 13928 37205 6877 -75209 -64437 -17365 54554 49547 19328 -104151 5969 41521 56337 8959 31691 136567 17932 39844 -16168 34613 16008 47677 34420 -52160 -86147 -37273 -60617 24031 -15536 -72285 76438 -13094 -55049 -54629 7977 -106328 -54437 56418 -39964 -75076 63749 98772 -92144 59287 59265 -5398 1291 -39497 35534 -37966 84744 -114814 -42979 -1561 120485 16034 28023 77161 51216 87847 -91693 -98169 -76396 117300 66854 37615 -29453 22437 -93489 -6036 -12202 -40465 -31977 71188 -37813 46202 2694 -52228 14230 -54474 34847 30615 59057 -16223 -20523 20118 7246 24124 8279 -53261 -47637 2608 26477 -62331 89504 -4873 -65722 72376 63199 -52559 -7414 34855 38245 48500 5668 -24918 39229 -59510 -31759 -70218 4973 -16392 -47426 -57643 60084 -39495 -26164 72193 -66620 60796 -41630 9860 28406 -48053 -53569 54596 -20357 59002 21022 -45100 -38967 23016 -9328 -79755 -98016 4216 -9154 17888 34688 46451 128980 -132203 -69372 88424 
38903 -33017 902 -14049 23454 -24870 -74208 28790 1570 10374 27104 57227 40223 7565 5558 24559 4116 84606 -34394 -7155 28470 55462 70842 -14449 -21895 73149 -43474 -5059 88794 -156226 -34666 -37621 -5182 -38399 -2953 -69049 -73758 -37954 9861 67808 100403 -3914 -64522 46896 -88259 113766 55714 94076 10567 -36114 -9021 23890 35472 19461 -5994 -1286 -39443 -27444 -1221 -6601 -67436 53319 -89929 191290 21326 -3039 2713 -22639 -73323 78968 18553 -84265 -36189 17230 -44114 5374 27641 -26582 -46580 92042 35493 55110 49128 -10580 17391 -26145 -1913 38954 -83955 -40604 -86878 19763 87984 81827 -70923 -25281 -106821 -20145 155642 27054 65908 -55998 -34396 44553 -25852 38693 -17339 -189 -25873 -137110 29620 -98973 56110 49238 -20745 16523 -6140 -39276 -18915 12519 -114010 -47947 -8408 -3559 28483 46037 -5965 -4182 -60125 -27990 -25426 36429 -32028 25706 23597 -76752 -34681 -50579 -40486 35874 17458 993 -40969 -31251 111639 52615 6570 19102 -41410 -42429 -58489 75874 60256 -59389 16563 -105144 -7351 18194 112376 -103507 8037 -696 -62732 71867 53085 55708 38821 -99631 -17115 -7279 -21670 32440 26365 70665 -41235 31519 -37836 -99828 100162 113308 19416 7608 -112869 -159 17127 10691 -42940 -18106 79817 -21919 5356 39210 19512 -47444 22641 76644 32396 -51488 -102540 24369 2702 26351 -5858 -53831 -16575 -106683 12762 17408 11853 -97227 17100 -69005 25260 -41430 38195 -36442 11599 -33089 -11515 27882 34601 29089 34417 14229 47644 -46811 -54239 -40460 25043 -43235 -3010 40632 -388 6114 27165 -76118 -36297 -64630 8566 12108 68036 123050 41613 131601 94127 -22479 -70458 -50785 -15930 64818 16763 16103 -14730 -25912 14698 57715 -46128 -122561 23247 62411 -56621 -11272 59746 24263 -102937 -6878 -41715 -78929 -54365 40362 -94158 -2392 -14956 20356 18939 26454 20201 -37560 88020 -103662 -33927 -46241 -19348 22770 72638 -25638 -2937 -21402 -69999 -106694 -5936 -35916 30576 -129935 17829 91616 -15090 34806 -5775 -79707 
-41028 3048 -10133 15385 -114085 39267 78526 -72683 26302 30496 68850 -6686 2789 48626 18708 17098 412 115318 -34788 -65372 31519 -26281 -9216 23332 -66840 -10100 8256 59821 81504 20855 -118981 85794 -47485 -48384 22036 -36667 -9987 33840 153762 464 50298 49360 1190 -37693 -87100 33449 26539 49647 -22873 -26654 -39882 -34664 121885 41795 -23316 -73309 -21697 12764 -40560 32782 -45435 59567 29131 11171 24514 -44312 -13435 4438 61225 70689 10027 -58084 38945 42986 131925 -67898 66564 67193 55524 11102 19405 -170566 5239 -62362 23977 -107449 -50124 -48344 -117466 -19929 4172 44802 -112161 -20253 -51096 -7584 -34294 -106164 83742 -4160 -58621 -31434 -59314 -119600 -104237 -101943 -84461 -4 -27055 -62018 -62716 82751 51830 -9420 5302 -73195 -56852 -19752 -94084 -82133 -43086 101514 187701 7766 51830 -12406 8236 -30566 -89213 103722 24097 -13292 11343 104533 -31136 62246 53635 -17666 73389 -6288 52485 -31416 -20659 2718 -37302 11491 -111154 -41468 146914 -20410 52805 126826 18067 -11102 51074 -79226 64204 12098 30141 -34396 -10950 77411 15217 -14085 25512 -82429 -66999 -6060 2724 -76877 -37053 41443 36 -120782 42296 -27751 24201 47966 -38122 50355 -16521 -93042 -29863 58620 -15384 -62767 -1399 25848 47262 30718 -34485 21920 -35958 60706 -63436 30182 58731 -46545 -52429 -37732 47382 -64243 3515 -7263 7677 14154 18778 -4196 -20233 -80593 17181 -21349 27860 27195 -96668 -113363 -21678 -45941 26353 78770 123498 -12220 20421 -87123 -29141 -62328 49157 -9811 -148315 5368 -218 -54181 34818 -43132 -59859 36891 64650 120129 -33968 56659 -29064 -41225 11434 -27873 -42425 -54986 84007 104390 -157557 19555 -64644 -26085 -119270 49219 33390 -33738 14284 -120474 42731 -27424 -68098 -6644 9709 15896 64847 18456 -67088 -7845 -47027 -46031 -71360 -14528 34601 14804 1830 -70684 32659 -110228 53548 89078 30870 -17123 -70265 48462 -94438 -38213 -66931 -13302 -5075 23184 -38810 40566 20430 60071 -52343 49584 -4099 114961 62749 -71277 
43510 77538 -26170 -38645 32152 -99954 142426 89408 1821 -4153 52774 15945 102042 19538 -56786 14314 16619 -74232 1638 57618 19175 53290 14301 -31809 -14121 -4217 -49102 -97068 -156229 47340 -68061 26147 76623 -75142 -61122 62732 79298 -125474 44484 -22477 97698 -32900 640 24514 -19718 45054 63593 52112 35489 -16354 1618 -32471 37780 10269 -48277 14068 -16696 95394 41396 -94990 -115184 -14942 32438 -35243 22581 49636 59796 -42179 -38777 1374 74223 1064 -68537 144998 -11793 8404 -10746 -66109 8271 28731 16195 5615 24782 13236 10815 -47586 16046 68125 35251 73555 -71114 69615 -41889 110961 -21804 -19047 46289 -99954 13855 -34401 29295 -53471 -141968 -6209 -17040 -51164 -105532 77017 66225 63288 72069 111021 -19135 -71413 -124585 138434 -18665 -598 64800 -54787 -19261 13252 14781 44071 -65179 -76594 7276 -15422 -101946 -84839 -36713 25901 95297 -35905 148007 -13686 56445 27301 19385 48880 -27289 1488 48784 -9883 -81281 -11345 -37491 32711 -29413 44389 21101 -70773 49245 -84619 -40386 8213 -35936 66646 -3076 -25312 -33825 -49678 -23245 23860 23981 132157 -44015 -47571 -21362 16314 -29128 -65510 -83868 -72226 -51310 -35926 42249 -55100 -21173 -54351 60150 -10734 39015 -49836 32094 -525 44747 -42159 3406 21384 -52555 7624 -7681 49471 113253 22865 -9816 5255 -21121 45168 -19256 -113186 215120 21235 99197 -19546 85156 31544 101571 -27321 -76860 -122851 -31250 37299 -1856 -137951 80132 85925 -24421 -67618 65782 21465 -93642 16139 67565 -48648 -119474 64979 -18900 73785 -32822 41428 -104833 44288 93791 -23065 -111404 97662 73597 -39810 105026 89367 -944 -12648 -3776 800 114964 -23188 -77697 9596 -27098 -59173 83069 -72263 40867 130047 39357 -138513 -36204 -70181 32831 40211 2397 -3631 -69108 30845 14829 -50737 9963 12054 -26514 -34110 -57078 39926 26127 32136 55266 -27362 -34288 34084 35438 -33015 37981 -50385 73723 -48907 -39016 63466 20604 15760 57090 -65723 56496 -125776 -11554 -59914 17794 -37639 -8088 133557 
-65269 118707 -3979 38521 -65884 38167 88485 27513 32611 -105607 -19284 115532 -65178 9757 -73428 50856 144300 577 -22242 37127 -45850 70307 -31479 104476 -4247 -2768 20328 2273 82441 -14979 92885 16298 -56821 15174 -24257 12808 39352 67415 -26999 -27839 75682 -89025 64637 -25172 -14931 -85168 -16314 -42916 51453 16861 -10760 -7832 84713 71801 11314 25993 55887 -27017 10573 -48136 41879 -72244 18995 38908 -5635 -84229 97456 7683 97592 -350 98669 33680 51622 -62502 -55176 -109321 17968 55469 137493 9848 -16728 -38176 -21562 19718 15076 127828 15730 -6289 47404 -35720 40515 34200 -17510 17839 -10630 39083 40052 -12231 27717 -98182 25115 3306 57393 -102541 -10833 113851 126417 -63825 -54018 -57644 2037 67849 10169 20325 -6363 -115369 91918 4937 75159 -18532 23075 -73547 35351 97023 51784 -3798 87128 31891 -99932 7198 -47158 -42311 25479 12173 109407 -165165 -92110 8914 -34140 33158 6939 41195 6610 -58925 -190327 23393 -35932 30383 38250 41828 67673 -20406 -70485 -43604 -100214 -29788 79583 -953 -68051 23067 2071 120186 49012 -30694 -69267 60151 91486 143245 -11268 -71860 21150 -51967 21282 -3477 34885 -36711 88128 60733 -57996 -94474 -76700 1915 25998 -4259 19387 49305 -81078 15219 20342 -145967 -15931 151096 30965 21604 3333 -3724 3064 112159 18244 40086 84351 74651 -27550 -54765 -46762 28000 -4209 -24544 -22948 87685 50621 9981 29473 -20053 30434 -29304 94102 109249 48254 27113 -25177 62798 -49914 -9678 -19369 41584 78403 -21940 30184 3651 -8095 -108198 -6887 -42482 145478 -39919 12408 -70558 43220 30384 -3213 -12109 41176 -49694 -53747 70523 -22406 378 -309 13869 -82556 73092 46921 -108163 -18308 79605 35510 -52131 -35584 14439 -63316 -58937 64681 5565 37408 -39642 -37600 33288 56866 12633 51588 165902 -102316 26218 -50713 -45123 7619 -17853 -115383 2760 86955 -30182 13510 115421 -66643 19207 3210 -90501 -21565 -34485 50519 -11850 -44330 40452 32002 -64173 -144844 42907 133537 -24373 
7815 87044 29712 -59161 -12666 -30588 5150 64750 124699 22462 -50290 -88039 57238 -18810 52061 10614 105764 15470 -97574 185729 44978 -61245 -44996 -19653 -65179 62250 -37679 -10399 42573 -41774 49869 -26211 -37834 21767 94566 43165 -27114 -30101 92158 44616 35103 -36305 63675 -13364 -54975 15874 30927 41885 -91000 -18720 124690 62190 -136805 -6577 17327 51473 -44648 -18760 -6524 -32940 -52482 -21491 -1265 -42439 -63788 -21955 26223 -29999 35450 -42836 68793 -41427 -44003 82609 72163 31828 13915 95895 42965 93442 86787 -23924 -19406 96058 -59517 -65436 62440 -30799 -66155 -9317 -101972 36847 -89709 10956 -40715 -14468 152327 -4854 -2386 -34492 -80664 13946 920 -10238 -49600 -58157 -67452 -40455 -49909 14140 30915 -18176 -62046 112774 13018 14524 13306 -48901 16602 7442 -1699 97294 73282 13501 -33620 -94105 106737 72561 76447 92928 35015 -51441 22104 19144 -64754 48760 -35052 36005 -52962 -19851 -174389 36408 69654 -72911 -37634 -15075 -100037 -15225 -24805 -24812 -10423 -72848 -42220 97256 -10431 91001 -108222 -72267 -10629 -68195 23573 8885 36924 -14190 -6217 -17269 93523 -26676 3909 -25232 -40100 37205 44750 25821 43022 -114274 25451 24827 138960 -30593 -75711 -23632 20343 -48913 -44048 61430 28446 -5961 8446 72552 71081 -20629 -89782 -33282 103992 -56672 -21272 -72798 80430 38940 -60828 -54157 115687 -44907 -54374 76544 -2200 -35537 125489 30003 -89741 -71839 -23034 82921 47372 -39443 43542 13615 -3892 54957 14297 87729 -472 -29968 56489 42084 -36440 35413 -43226 -96619 68247 -27439 32677 18094 -13078 -47418 3240 157753 -28110 69096 -110995 -983 4730 -11197 59325 -26250 -6707 -33672 -52122 -3002 53724 26326 59513 72858 -11354 60299 -25424 -102624 -36578 -15056 5993 22757 45207 -2123 10574 -19335 67943 -46003 -21362 95237 24790 -94836 59455 -107402 11536 19679 -32408 61027 -27817 -31055 -44573 25502 -82335 64006 21335 -83972 -141425 2058 56157 74984 -72707 -55785 13745 9900 -47918 19637 -112531 36193 22668 44750 
-100745 18288 -47894 -126393 -15736 -43212 96408 -6588 48252 12698 45175 -26243 -4526 -34587 32923 -51964 -21812 -79360 12217 51308 56051 31159 -6324 2518 31423 72629 -62391 49399 -60761 -41371 -6450 35537 48678 18526 -107515 9756 -5423 -47237 49997 -5632 -81604 8971 -59178 10022 -106311 48986 127888 -21931 -33397 118564 50627 57846 -83117 129208 -71435 -59739 52032 -62050 -22441 -55967 92731 89357 114373 61150 -14574 -27538 26834 -35726 -5951 46538 -63931 76309 -12708 41621 -6835 129982 33949 57244 -90213 24143 -25458 11019 106937 -9179 28299 2900 77278 -65585 92481 43966 -38864 -10580 -10035 5112 23335 -15704 -9730 75419 -27594 -47602 -108072 90779 69896 14102 -89891 -24783 -64690 52569 27863 -16736 38989 -81986 -42807 -36378 -40635 -83757 -51170 92496 -67403 44445 38909 53801 23074 -81820 36571 -118202 7294 -49721 -19855 44493 -17053 64196 5051 -76328 29311 32860 -92028 -8180 -39173 -6879 31386 4870 29180 6561 51400 -32576 22601 50574 71678 30901 -30025 2669 45696 2755 63080 -29720 -17627 -49001 -29469 -36878 -63176 -8373 91585 -3353 -54251 14511 -66378 13703 20803 -61589 -64566 -27535 61462 -92 39736 29215 22542 -19917 88583 86566 53103 -54494 27325 -4981 -32226 21379 79084 68837 710 83913 9907 7890 -24747 91571 -15264 -49926 -17490 -7458 -30317 38671 -39733 1357 -30980 46963 -101440 -36649 -89191 7777 -51370 -39716 -69612 -42441 40068 95481 89291 48476 14127 -50086 40085 -10349 -86194 57389 -29732 -124289 -6893 -82371 11312 111434 90073 60005 -53789 46638 -40978 31866 76734 -5606 -28781 26186 -18528 -51439 -74542 -17938 3850 -51414 80723 -20895 64459 -11041 -51811 -139216 34546 75304 14320 21308 52832 -6687 35004 3028 -58919 12713 126750 33863 -50249 4822 58602 -67197 76361 -27123 35713 -21100 3152 -29338 81040 -80272 -59675 156509 -70950 85641 -41530 -1237 39612 42969 14045 -46369 -42446 -41275 -63789 51661 7259 -5126 -45038 77043 15848 -25383 -19582 48724 -94538 20433 -40245 -20759 
-70858 31738 79081 63863 -526 -1158 26698 -66512 -13089 -10147 38371 12501 22684 -11704 16676 -34031 10183 -47655 38814 -32412 9176 -74910 15620 -76108 92220 -4327 33014 23307 22578 70785 -3105 40734 -15877 -56984 -11304 -48673 12728 14001 -87980 -29025 -17597 56951 -4432 4872 4580 -111628 34840 1317 104012 -10769 16073 3329 102091 -50959 15593 83740 6858 19292 -10888 28974 -18293 17306 1857 39953 -66404 -35816 -61264 -68712 21433 -24712 -16934 36464 -18444 -31098 39906 -42950 37168 -34166 37947 -24838 16383 -52920 -22768 3458 -20518 125021 -34974 30398 186844 94246 3278 -38287 -21310 -34258 25809 -136164 -15241 -107593 -10110 33960 50159 37813 -55267 45603 -14463 71898 -3769 31289 -21754 72352 9604 -56791 43626 -51501 -35705 -3760 -25714 -78518 -10000 11031 1502 27118 8387 65754 37563 76635 -8295 -56384 -10819 -5143 -14892 50624 55697 -128163 8648 -79869 50966 23518 -55450 -55141 -2366 -97483 -27260 37978 76727 -32036 65752 -60597 -49169 -101207 3620 82081 -65749 9492 42392 -92068 124678 -7018 -48311 102546 -80478 -96009 -46182 -11442 40853 33317 47783 65309 -49473 45220 46896 -57534 -54555 25994 161793 -72540 27690 -8678 -4662 -98019 -221 -125379 -52755 37723 -92112 3145 29294 21999 -17348 -22283 55935 47294 2532 52650 -10350 -70273 95324 31828 -19072 -67151 22523 19639 437 43984 -44572 -51070 -119499 -43891 17374 33969 813 100632 30451 117454 73737 35748 63088 3873 -41315 -65247 35573 9816 -95750 -25857 66876 -42341 2945 -20391 -48279 -28050 -19455 -19231 129535 52248 74477 103286 45555 39205 -60014 12295 -6296 -10844 15113 -60029 -96286 -85121 290 -27508 -58479 -84083 38410 -71068 -14864 2761 51279 49861 -103647 -15064 16600 15573 15403 -136956 15783 -10701 -42691 -65412 21719 29676 -10404 -90629 -5073 72680 -77016 80118 -71447 -41426 -53422 -77843 -18460 -85562 -1576 85510 6492 -31170 37905 61444 21239 -21697 -79501 31365 41297 -3337 -49791 28411 -44255 51190 52851 90386 9561 104586 
5707 -42747 -3751 32894 5600 -41965 85243 -2852 15644 -16251 26528 71564 26067 39527 -14928 8530 -18549 -45491 37240 -7751 -2984 34634 38702 68610 19641 67390 52128 -64822 -8837 -43565 76069 -47987 9435 -64672 -40021 74126 108880 29030 42139 23814 27805 53897 52296 -28867 65885 -34138 -30610 31487 -21098 60984 78985 23579 18384 -77198 -6384 -60770 -73352 17855 478 -11463 16051 -77600 -27659 -55083 -26144 42321 55454 -60623 71824 -69441 8877 -64070 -116863 1654 78191 11171 -51375 83882 34749 -114093 114001 5271 46192 119907 -71517 33551 27553 32288 -10287 -108539 -18412 -29241 -65158 -25138 53569 7857 10187 31612 119718 11133 41724 127574 28053 -113241 73161 -42763 140328 -49093 -72756 10805 56245 94436 5749 -131964 -105430 -131971 -46969 14795 6136 -66981 -96404 24777 7348 48280 65733 -40224 105422 -57706 -124007 -12060 20980 -66981 -157140 112173 15214 86237 10805 76154 -37232 -44417 -13428 58806 33900 -53555 21950 -32245 731 -71733 -62945 42335 62854 10732 1688 104736 59670 -74963 91819 37650 -51181 75384 31274 45264 -6677 90808 -11467 33232 26017 -13402 41223 155259 76945 16335 -56973 -21701 19638 -55451 62059 103433 -40318 -39034 2247 -91522 -34103 -48083 -70549 37961 -5360 -15242 54205 -61628 -72279 -23144 19883 -34294 -62721 43051 22172 -30531 18870 -32698 -54699 -76060 -47816 -8309 -75371 -33393 56493 26637 -68368 32143 28518 -26938 8977 -56504 69332 -41011 55707 32251 730 -7221 -31105 -41722 -157818 -32468 -80121 161456 111157 -98270 15851 -43824 -89522 -124650 879 -30963 15882 48512 -6295 51537 39515 14059 94550 44200 -47825 -50092 -18708 -44108 -100626 38393 -130385 62441 -73647 28153 -15186 -24925 -141387 -44081 80107 -65876 78452 -7534 -62666 51814 27068 -17811 26358 -9467 45979 27770 82888 -22228 38768 38607 7781 -15691 -60409 -13413 -92343 12253 66489 -19363 -6099 113126 67599 35057 67081 -23387 -130682 -71629 34637 -48926 69237 16677 18133 197218 75278 15468 -15497 -28723 -13651 -56818 
-66444 -43592 24320 -42393 -124509 49613 27315 -57180 102326 -67363 -43889 -66161 23081 -55596 32937 -51025 -56896 -26406 -23330 23193 88408 -146659 -19916 7765 85932 -124335 -9974 -20694 -2128 53706 12698 -76871 29157 75738 -17201 -27419 47785 9899 -21158 3553 -23640 -53079 -49515 -46260 56491 88645 3950 5720 37695 38302 16239 -84493 -16431 -81364 88294 -43239 -6369 -4384 29853 -5965 34447 -48235 46304 26279 -7062 -26491 -6380 -25520 -14021 -2473 -92660 32526 118736 -7014 28505 24112 -27913 -42084 104665 29247 -41408 28526 -29106 2379 -29505 94217 -40289 -47580 3903 -70884 -42813 -73276 -42491 -118621 144103 72390 -104013 -6315 -45033 36402 40802 63673 50923 21182 -36078 38369 22674 -32358 -23312 34830 109332 8932 -3815 -12562 -51168 7034 89531 -36033 312 10303 -25845 33427 -72432 -60002 -96578 68890 -33483 24414 62840 15607 -56009 20693 -30576 -124444 25537 17466 -17945 27362 -88568 -1464 63912 -68882 -21668 16636 4365 81414 -37267 -20864 -68709 82141 -1783 -69488 24635 15057 -56539 3793 -113353 -2918 104520 54478 -61092 51982 3738 -3440 -40764 -109951 53439 52730 -39008 52095 47207 -58269 44397 17084 -116030 -66556 -88064 -18655 4605 12567 -14821 -6773 16374 29089 62676 34805 6126 86330 -5942 107601 -4335 39311 -49211 -81597 -4993 -79498 -38934 6071 -45418 -9925 47855 110984 -116638 33182 62278 -121566 -106530 -28677 13449 22857 -38532 44075 54479 20925 20542 50029 -82464 11452 -81068 -31976 70734 -8430 -83666 71902 13238 -27529 27187 56832 29800 -10551 -22616 -35695 173763 83293 -3253 -6888 12510 -102764 -67021 1690 -81854 -63930 -89583 -52259 -53005 5752 -15803 47602 58054 57786 -63258 35114 5315 -50032 38732 -41223 -23847 -36203 48284 16135 37497 47712 -35456 -11941 11631 -104920 -101000 -17541 38100 -31088 71759 27962 18562 -121459 -11452 -53425 48266 -23197 49526 -37239 -23396 80370 -44492 24222 67712 -68608 -25547 32159 68219 77729 42549 61107 -98009 -35258 17173 104224 70465 -37215 -45176 -13142 
-632 19397 52622 45362 -26599 18042 26024 42964 27138 84678 74781 16648 36417 -126303 -49562 -41791 -27567 -49425 -32045 46806 80551 -76153 17843 -86163 42791 -8107 62029 -41223 -46369 4185 -216186 -6719 90027 -35606 -47050 -56402 -62266 -25075 32535 -73311 -26943 -23178 -139420 -52164 -22417 24391 2043 -64195 66020 19272 61771 -36418 8721 72550 -12833 1846 -81338 -86546 80193 117571 -20194 82016 14793 -53035 22076 52875 -105518 -1848 11256 25789 -87734 53352 4332 -126805 -86078 44737 56035 -11211 -79697 64382 -26258 92687 -53042 -109289 105817 -34336 34940 77284 81984 -17361 4095 26092 26300 33186 39298 78497 -88211 76340 -73812 -12750 -8399 -9045 75960 18112 -4213 -80820 -23044 -18609 67813 -19117 9663 5095 15317 -95887 -54806 52581 119966 -97008 51241 -26957 128083 30116 -97174 54289 -61369 -66431 6589 31142 -30569 14877 -6308 -75153 75017 -73626 -14677 106432 -95624 7712 71458 72305 78448 -3803 -59634 96275 94051 -17294 -14634 -27931 -31703 -27973 -618 74920 -19102 111630 1019 -28245 2541 -68474 22853 20491 -70427 124036 -89958 1565 -10650 5192 35925 19358 -56055 -22053 111384 -59646 70439 -18134 -59171 80802 -157644 -25133 25044 43230 -86076 -39152 10868 129333 -5368 36614 -35723 69924 66837 49114 50208 6765 -10438 -100423 -12778 -110350 -101207 47616 27859 -27149 61986 6407 -50320 30213 24003 -9402 -20938 53283 154366 16347 -143027 -182 4813 10940 69275 129108 45470 -31902 24950 -70848 33856 -77045 32011 -52771 -97021 -62828 -38957 7876 7632 92196 10732 23352 -19976 -14574 -52297 -6702 -42027 -55971 99221 43472 87303 -11262 9606 -66241 -56039 -143236 14116 -39860 -27445 -44680 -69626 41896 8238 -73845 -33525 5755 845 65676 -37663 -42257 48806 -32686 11512 11137 60122 -39574 12668 114459 42866 -23766 -98643 -23119 171050 19487 -18657 44743 -44006 -53545 14761 44025 -119458 8192 -32557 26466 60349 -50687 -82755 20260 14321 54258 45373 -57392 -14237 -26051 -138741 31233 -40415 9668 100326 -32868 
-36048 13080 38054 -149034 -88029 -57868 47124 -11794 -128860 22458 -61058 16964 -13808 42452 -47914 -53007 41165 -85151 60903 58147 -6919 11364 -3550 38705 5358 86827 -145583 -22680 -64978 34932 -18693 3525 -39928 42165 124420 -73030 11358 -71876 -6474 22687 11352 -65932 96000 63465 27393 -74865 77693 49253 -53762 37170 16055 -5876 -104115 50447 9280 -11008 -24047 66265 -34263 -19153 -70192 52597 -109861 103881 11336 20367 -67903 -47442 -57614 -92502 27446 -47123 -54869 65198 27586 73636 -33290 -32671 90545 11806 72553 95197 -4197 14531 -80583 17555 -66060 56875 -87415 78067 -51574 49821 79192 -136053 26329 -26140 11903 11013 -147445 -42402 -3010 -72116 -17866 50820 -57790 -20225 69429 -72228 113904 -107392 57961 67703 21642 -107405 42746 -24883 22532 21883 58270 79953 -60410 96442 -92139 18815 -103203 -71918 -16758 28974 8036 -69061 22462 34500 121442 13998 23546 -2858 23767 -666 -66436 70549 -35787 -35239 -114082 -143874 56559 92970 29647 -20853 -82246 64294 -51846 -21049 86919 9750 205 60234 67245 88317 -11917 77130 74102 7403 56664 36800 -15335 -64326 -73183 22171 67779 82287 -32242 54222 69762 -30851 -138583 81796 -44968 15941 85198 -18698 157642 -17879 -37555 13548 -45023 -38041 -61321 14260 -18938 54709 58786 -64834 -3499 47069 79129 37791 11074 107539 3581 21880 54130 17336 37980 -92745 -5148 -22994 -144282 -16755 -1010 5363 8841 -19529 -56084 93739 38025 10293 -85970 -116007 -15071 -1894 -30438 47042 -6 80088 -58876 -43294 -60458 19925 63089 -60504 26352 13927 -52665 3247 -40256 20182 -2994 14174 -6918 -58350 27219 -20672 -40863 69793 42987 66584 -58093 -38289 23566 45933 -48722 13908 58571 -13273 24652 -48177 -9047 43344 -78778 48115 39140 5657 -35847 -52648 -53010 82230 3010 -13073 98892 69194 42868 20777 -32178 -66828 -57873 103016 -7474 4463 15246 72847 26802 -15050 -77324 -2605 65143 22701 -5895 -10555 5640 -57309 21365 -46025 -23832 -42478 -135243 -128634 62795 18287 52406 -77952 
-122831 -84550 102351 61390 -10014 -12884 -45689 13332 -85911 -17551 49905 -41089 39954 -28165 36970 1897 51386 100958 15488 -11111 16441 58715 83808 104200 -40351 -39758 -23416 -29554 13139 -71539 -48382 -49456 -77496 88897 62166 47854 -55803 86178 40168 -160606 17450 81062 46291 -20276 -53590 -8483 37634 -22672 7556 -38116 4645 42999 31771 -23063 86946 -45290 9243 16352 -4200 126280 18023 -60025 36965 19520 -22651 86161 28691 -33373 -54512 66499 -23726 15912 18878 -50667 21469 -24414 -32875 -19391 -6220 97329 -16513 -72325 -83884 -104678 -789 -7113 45975 -17394 40210 96704 -62209 44021 -102253 -54474 -124611 -53200 12388 30400 -55094 -49764 41624 -130260 70461 -62680 -16298 4740 38669 11096 -50733 57477 -12831 80722 -5311 -16156 39789 -6838 20861 1142 -34909 14065 1023 40878 -40395 9366 -18983 -272 -39047 92317 -28521 -75200 33042 -44208 4632 37589 -7008 27705 71571 7512 -19293 -76051 -86928 18879 -47304 -44870 42264 77703 -78251 53229 -8288 51838 -35360 -36163 -37810 101616 69103 -138997 -3624 18059 -74267 -11712 -59572 15416 77636 16696 -143982 17916 -74727 65741 -37873 466 21086 38163 -35697 -146503 36593 -31582 -59607 45699 -127389 -51551 -48202 29073 17052 -80966 -28182 30315 -13517 20675 -74756 30796 16175 13296 -32129 92164 -73492 23046 43862 109189 -39516 28484 82582 -55341 -23801 -82526 -26092 -53161 -20438 -24685 133058 35305 102872 -6605 59178 -1539 -119659 -78115 -76426 -66994 -16905 80752 -95044 72894 106974 12924 24473 3698 -75318 -53174 -7184 -39797 -62338 86286 -46947 -63332 49573 -71318 15005 -24967 -19985 -17443 27875 -11195 12103 45083 60546 -8828 -21876 -60124 -96391 13232 -36224 -16722 5406 -38135 52036 84604 -13976 24912 -56443 85899 -10781 18964 25059 -10297 -32430 -14713 23058 -17304 39440 -25164 -56949 96711 -44224 -66876 21970 52934 15186 110376 -69302 104447 -59250 16234 -40325 87730 -106002 -14355 66050 33545 38094 -56920 -158900 35592 -67283 -7904 -66421 53774 32677 -29136 -18332 62164 
28058 -82167 -58373 -22989 16123 1129 31657 16975 -102447 11829 -32640 7900 -12027 -52124 -136557 67451 -6446 -84432 30568 32700 4075 48353 -19052 6403 -78472 -33241 -68973 -16639 42108 105610 -56064 -5284 7798 -41580 -34812 34577 -44420 -24716 -12101 -141397 153612 -3058 -40204 32731 30638 74913 -20231 -48193 -47093 110263 41762 5615 -2465 9961 -42594 -1999 -74908 29243 63595 -14822 -1705 35961 -58932 -33930 41675 80848 -18254 -48235 10836 -44115 -30078 -61421 -98453 -90731 147115 -63223 -24047 -871 -51918 -69520 112562 33343 -21249 -8967 -48044 -45307 22377 63202 46207 6348 -18760 48289 -109450 76659 -66589 -12534 -66419 -126264 68468 6025 -67037 -57147 -42880 -73143 67284 -63993 53822 4562 -161580 -20306 101363 -46177 -54401 34406 -93124 17079 46805 113819 -54673 37318 -79522 49213 91339 -70778 39540 91048 -12547 40825 73165 -19571 -39154 50220 67931 32322 72926 -59759 -64253 -22030 -37038 -58925 -14894 4696 -25933 -97215 65676 -27423 73271 -41994 -32277 -72302 79487 -10900 -32586 -116619 27362 43667 -74186 -26486 -70807 -43828 -43848 -101103 37174 2584 -63769 29216 74859 10813 -55879 5559 59827 -72593 4176 27981 -60738 7521 32775 -92171 26763 9786 -130807 77433 -37895 -27790 -33711 9558 -21299 -1528 -31545 33171 -3468 -3701 -15818 -119334 17323 -28525 63230 56870 -45369 71759 -4226 -60762 19359 -81601 -67222 -136070 -40783 -168892 -33044 -40728 -95107 43257 -74181 -134041 105481 -69353 -8277 -482 -17191 -87451 4611 84061 106871 4202 -636 -45208 -44144 24810 146513 -101293 5358 -34138 29801 65447 19401 -35775 -46275 -101301 38053 -13681 35151 126667 76314 43542 -54076 -121135 -89389 107074 44042 50051 -17403 77355 13244 17222 -53678 33127 -76837 -27072 75571 46020 84194 94258 36177 850 57699 21240 17065 38268 -124882 -99357 -23036 23401 -100832 2718 97472 -103975 29575 40535 10944 -30751 47686 38891 -36958 -72622 58162 -15092 61168 -30391 -60111 -36310 -83245 -18107 -91507 14754 -39060 12284 63868 -69511 42109 -8957 
115687 3525 -53957 18710 106131 65681 -4110 43097 4902 16786 10889 -18120 -11229 -18458 -69375 82662 -37679 90115 11108 127171 34517 -54872 -48470 51079 90561 -27657 54004 -70452 -40063 7805 -43487 -12092 -54567 52658 41932 -47812 55316 41505 30288 14999 -20386 -43082 52100 -89653 153569 -6916 -20336 77037 -36524 -123004 90102 29846 43863 -88266 15101 -101790 29809 -25760 -108147 -127751 -15641 11334 -5262 -27039 -27670 2573 -11588 12380 -67224 49577 -8644 23275 -79556 -28997 25819 3620 -34411 2986 -69897 27104 -10702 9103 50907 -42362 7786 -58168 -64896 -62434 -89174 81104 -18083 -56982 46050 -136315 30067 -77775 -54025 107198 12144 25476 -26993 61372 7200 -45345 93536 -87932 63813 49406 -58504 40110 63155 65409 60594 -121253 5204 -22832 82316 10744 16345 79887 -7601 21723 -35543 -6128 -75140 43514 -6930 6185 17267 -90215 -4031 -24370 18980 16833 -11732 -9045 75911 15132 -51404 13690 -48340 -17848 120365 -22393 -39642 -2656 -31441 107054 -72729 -790 -66972 -137589 -16909 -46191 -89271 65953 -23260 37666 50368 29150 3626 15394 66702 -140569 -37509 69931 88 36411 11330 10105 44822 -42576 45116 -70642 13883 15444 139427 66844 19135 -69694 71450 58092 -75364 -80778 -63219 -36152 -17512 15732 22614 6312 -59182 8520 -38059 10303 14377 -9437 51333 77727 -27226 -69295 48969 -31095 -84886 -79011 96603 -85766 61199 -25085 -30536 13766 26607 -78849 53867 -71456 46344 6401 -33444 75518 -59730 60737 21230 -5568 6579 -38596 87540 -45935 -27059 44436 15180 -20746 -63638 -2827 -9335 -22066 -90885 36755 17879 72532 35687 5605 -30146 74799 -18922 65059 -251 41883 -44956 103002 19494 -72499 50920 4594 -25322 30733 -47428 -34067 29631 -32857 79292 54765 9722 77742 21059 57186 -77342 15092 -18098 32970 2536 -46200 -22618 22585 17014 -45501 -30292 16649 89328 15563 -8671 -1336 58315 18372 20338 -45451 98499 4098 14939 26853 -48108 26142 9532 -41088 19161 48400 93405 22919 56892 49251 -26776 55084 
101726 67363 -18816 -22318 38593 11507 62062 116788 29962 79548 42609 38167 -43755 767 35824 17186 65188 20664 -44070 56580 109910 88890 -33298 32514 25667 -82262 5518 24789 -52110 43681 -13475 99968 -25129 31861 -56512 -63981 61869 -95068 -40489 -7461 -21461 4389 67602 -48037 2391 95878 98109 59401 -31618 9249 -27243 -108761 8641 89976 46510 70690 -76246 -90084 66067 -61593 42854 83206 -41757 -36092 -9808 -57960 -125305 -16435 -6686 45157 -7528 -47660 43706 -39854 -174521 65066 45691 -76033 -112700 85620 -51416 18431 -7544 102550 62179 -149815 -27837 -88783 1154 -28924 86814 21794 20748 78845 -60685 -4009 -37261 56737 -76501 -6740 -35505 82622 -39140 -42212 2387 -41378 -32191 -20383 61001 -44600 4092 -19292 -48733 35851 5345 86473 105289 -85754 119678 21256 -38473 -5555 -50539 -54548 -40210 -18508 137464 35433 77124 6460 -41912 50233 19196 -45887 14300 -8970 -79159 26408 30861 104935 97897 46627 93653 23578 -81653 -10104 -10672 -3923 -50471 108078 -195 -39144 4050 8387 48968 -52463 19468 48872 -16312 -36256 -39787 101017 -59220 -39251 -3278 18547 20581 -1969 -26345 -58103 -74907 -41020 52905 -26956 -81570 89638 -7308 -41372 -7872 -25681 -19179 113025 -73592 -2068 -64429 66038 150049 9559 -38680 -13609 32338 69481 24050 -93807 111818 59853 -54949 -124240 -60591 -34478 -5288 -30798 -3568 -11033 68686 -60162 -56858 43319 22886 51182 -51978 26996 -27997 -35683 28100 -30766 -35956 -11615 19184 -74037 65874 32313 -95173 26283 -69744 36793 -29491 86761 -35505 55333 -6691 -16601 -12347 -15223 23287 -80384 -27596 43698 -54749 41052 15986 508 4783 77654 -48846 -70141 -29643 25489 -23644 -51402 -26650 -42888 5767 -58637 -69760 -35588 22092 -39407 59139 78177 36742 27130 -38717 71902 -9645 34980 2405 7686 35991 -84847 -92022 -7451 34104 13521 -65184 -31039 86173 2839 -11584 6050 67831 -86372 -39285 -9019 -28713 -28845 -10121 -58410 -50563 -109272 -4586 -59098 -4415 -38888 53791 -92199 -4297 47348 64895 -8097 
-83496 -74157 -30724 -24489 -22899 -40225 -81978 -72137 -33488 -38100 38109 -15478 -24712 -48044 3725 -72793 -15498 -50986 104134 -155841 64081 15145 -69112 -7467 -13857 54653 -44898 11328 26909 -24099 -39957 57963 -11519 50087 -11006 -70261 -10890 21756 117564 -31905 -45544 -77653 4082 7226 -28390 14433 2533 -57651 -22683 54771 -69712 -21854 906 67162 -20977 -11469 14240 46506 14244 -10785 18909 39417 126539 11299 -127366 -21695 108122 272 93175 40276 27588 -14607 40938 103035 -32185 -20695 -3146 38171 -96535 26932 30076 66506 46241 29555 25314 65150 128864 -241 -145315 -3907 13944 68393 -24752 3436 -11368 19005 44551 28623 3568 70468 -100165 -55771 -17109 -10272 -5330 74090 76805 2752 41067 31712 120609 -21465 -92238 -15909 20001 -125503 -46430 16588 -49944 6842 147502 1376 19424 -33247 -25893 22658 39646 133717 -61647 73659 50088 -72619 55866 -100103 55435 -53924 -7873 41446 43984 -24393 -25368 12666 -158166 599 82949 4225 10938 94863 15579 -33594 -13220 174467 89663 -59951 162118 134394 68022 24048 27934 74821 -133585 -3387 -1241 46961 3940 -53284 -80032 18097 -36813 25446 -89741 -2654 8794 -74203 20874 35580 -57047 -2090 -85504 79280 -39830 -13638 10380 32856 59700 -62155 26219 -3320 -3553 261 21022 -72529 -70662 -70099 -153226 19984 -62702 45809 -37603 79170 110502 77544 10924 -104002 21229 45827 -35707 11729 -58407 -27098 -57433 -15307 -31057 149251 -18117 -55503 45758 -47191 -35903 -57338 -67414 -118835 75805 -33792 30679 46843 2904 14518 55328 -16029 -100103 -6923 10355 57572 33026 -28540 59792 -710 -5267 -49761 -30642 -975 12946 17542 147356 -12970 76541 -36452 92479 -27741 30038 -53487 -41809 4180 60073 -55097 -11179 -10167 -28138 -9857 23392 -52927 10863 -15380 22393 2066 -71822 -176319 75468 -61216 104725 58083 -77770 37068 -67650 -55830 41315 -15769 -41677 92537 -46189 3510 -30143 43288 -60519 -10820 22252 32876 -3789 -114456 -23742 -3196 -30517 30473 -13810 -70156 -92443 -8490 -28967 -5201 
-26979 88046 15960 3240 -39379 -25238 60738 78366 23645 26498 31061 15654 71146 12165 261 50330 -25103 46123 20531 93795 55987 -141 -72525 -77024 -74489 -243 -52645 -43871 27347 79101 -54823 -1064 -81053 -45413 -97575 -45566 -14013 -91097 6478 102896 -51175 -41058 -37526 -17493 -58000 67005 -44651 115346 -186 -4161 28339 -111082 39127 13681 -51896 -46402 18979 -152446 -12405 -30540 81138 30789 -21585 35233 17091 -40082 62077 -28055 2427 -22319 -78331 3928 5414 -65817 -34894 -28270 90831 26512 -20865 20680 42343 -2028 25928 -111286 -18682 10714 1715 53215 -93992 31913 92054 7525 -46120 29039 65899 -36974 17327 -2064 27426 -17140 28471 20809 11044 5265 17298 -89185 -58450 73951 21576 -118784 -49760 -46524 -14389 -40439 32349 -2529 37413 -27806 -47505 -43612 66494 30503 93629 -113370 -136611 38561 35970 -17145 30907 65038 -22980 65753 421 72193 9296 20923 13965 45304 -47717 -65126 -75010 21062 103180 -14624 -33645 23954 -24736 12020 23579 3437 16400 -81510 -24255 -22331 -71355 -156734 30163 51438 -32972 57057 11055 -98234 -39899 -39475 25361 58572 -62016 41854 44780 -22978 57964 1986 26140 -80689 -16938 -3156 -67660 3192 224317 -83789 -66459 1337 82478 41933 -5327 1786 84487 -45542 53059 -41683 -31447 1200 -98811 61225 89754 48066 -71213 -26706 -29885 -42791 33050 -13417 62281 104937 9828 -48508 -30625 -85654 -44447 59944 21828 5380 -81856 35479 -61821 -33148 56694 -9481 -147623 40473 38228 98121 -49749 55017 1345 -26527 19265 -19073 -64527 -82221 -44963 -46502 14059 8538 -25620 -27058 49033 71443 81837 -32421 9814 -21445 -77721 6502 86630 1602 -62319 -20796 -56638 14029 -59811 -35519 21540 -39815 32237 -91934 -3724 -64777 -24098 -62660 76306 22255 -1942 16449 -9733 -27462 -23672 26057 -3044 5209 -36734 73830 -46172 99956 -18585 -32412 -2719 27672 12587 -47811 -92155 44864 -28987 -12646 73694 -40122 -10729 -62714 -97 18626 17111 -39961 -120053 -47685 -34720 37987 27093 -14095 47475 -39814 
-69545 -40710 39977 -84811 91460 81906 -90605 774 24765 -37389 -35138 -27576 85669 14705 -19535 4379 3603 -36969 -6823 -20782 -196717 -16193 -43027 30348 -28576 68155 -14631 -17322 -55871 4233 -67310 -24183 -5119 48394 -13021 42945 -96467 121142 -350 67344 103135 -135172 -116148 31292 42494 -21309 -662 -25767 39762 -20120 54949 25988 128821 14831 -79508 -5007 -21982 -33817 15352 -24367 130243 66162 -42897 77382 41377 -3226 -117742 144525 -104246 25504 -19673 -34446 -11039 -44923 38791 80079 36197 32478 -54575 55281 -83243 -29756 94060 -101409 -40447 -25067 -65128 -29633 -92131 -1015 32452 35334 91026 12508 18509 39337 54581 21078 -91528 40950 55413 48459 7953 46362 -37535 -17903 1572 109465 -35932 -32878 9737 -37869 -18173 40565 23723 61040 12867 20358 -18753 93881 -49874 46903 88187 -73063 77287 -24226 -28140 147561 19902 42527 107473 30359 -35682 41944 -68343 -95033 -41070 55500 -60827 42345 57356 73885 79916 54433 47423 33123 172670 -44765 97194 -23924 -23144 -30367 -74828 36964 21581 -63040 -28436 -73800 117800 -69405 375 -29051 -3755 -4500 41255 -65030 -8906 70664 426 -8093 -92353 45665 -26098 1599 17171 -114323 70814 6088 -69971 113655 -79059 114976 10820 79706 -15029 -91909 -51429 38820 25413 109727 134855 27792 -196 -26194 39826 33822 -17601 7407 -15448 21057 -1390 55434 -70242 23501 59007 -18840 -17710 48251 79822 -74343 -69736 17829 -17869 -60886 -25085 89555 -66223 -42208 63394 87681 -2395 -29760 8632 114149 54433 -83192 40370 85387 51760 -2335 -122853 106404 65233 -27235 59744 43876 -17190 -28674 55685 40743 41574 23408 -42992 -7971 54151 -71255 -73590 107652 -22582 24590 53593 -77879 26403 38314 -41290 247 -59130 82071 -82256 -129614 -105413 31580 27146 11469 44053 -62538 19694 25669 -21381 42384 -51757 -20828 88817 -58110 -39186 -6948 -15799 -76995 -21763 -101664 -39297 59473 1486 -118399 -121842 129833 -8734 -23500 -20190 -26525 -14296 78365 42202 -97367 32003 -29905 62275 -58870 -54116 -16914 
42534 -55055 -67269 20235 53710 -93712 16991 -62552 -33577 -6520 -11142 -75122 -24833 82891 -803 39798 -19111 -12236 3535 12623 25625 -39466 -19200 -48393 -211776 27424 69752 19745 -72519 -30464 21357 13619 59433 84824 -31484 -43281 127569 37032 -36682 -5554 -65348 -32206 -19525 39136 2353 -13966 33773 488 -35374 98422 37538 32012 -22608 -17845 -27503 22040 -14358 -20312 72633 4095 -137697 -3401 -4013 -16972 21866 -24649 75792 8000 56018 24312 -65968 69969 -113252 -49121 -1240 39701 19054 77338 -92535 -27888 172432 19777 28255 75837 65584 158646 30693 46020 137778 -14842 -87865 47905 -31569 95729 -13400 -20219 27747 71137 -92560 102046 -27804 -17556 20910 -61500 -31923 -6786 -56990 54690 -115797 -138569 -20206 -79323 -41822 95643 -72651 -33301 -67064 63555 -55983 24257 93867 -69006 67033 88168 11865 52786 55791 9354 16986 -32067 32894 -5239 23645 -43965 71638 121606 4157 -24633 -66483 2889 57090 -43796 8662 -19422 51131 -70227 -22529 68465 46937 78858 23603 40985 -48918 32321 27610 -39889 82076 93186 -46448 -122571 44952 10685 -50164 21011 -53813 -406 -25822 65472 40761 -60167 -24157 106909 -33589 -25968 25919 44488 46923 -38524 41707 122107 -23842 -28355 -28188 67554 59200 33026 -68305 -16017 -23351 -34934 -6120 5117 -36960 225530 -4558 90961 -59012 13621 110575 -46500 -31461 11261 -10384 47686 -35915 -3746 -55419 -32034 100852 -44017 -12942 32171 -68268 -102398 29604 -6892 -48011 -16763 -61545 69168 50549 52201 30417 -16519 6462 53846 108090 11607 59549 -4641 1371 92384 -24469 76926 -81354 67958 10596 -40528 3229 -22115 63922 116996 -72726 -53646 -6306 -18898 -21903 -100958 -20991 164632 -23943 18866 20205 7043 14789 -9179 -1950 -37448 45962 22611 -68081 9911 -25024 -37699 40888 -63753 20681 30496 -83279 -13335 79201 -57381 -33518 55492 -8055 132223 64887 -46604 24749 -47124 -14847 32063 82398 24861 26156 -35199 66011 12488 -5910 42651 -10215 -20585 -3071 94194 46305 67372 -41975 -23215 86137 -29262 
-43875 18622 -13988 81211 66561 -63567 48443 30330 -5056 75771 21179 118504 -8406 -8960 81558 9228 -23260 -76147 75284 -28345 29721 -28014 97126 -31198 47650 -60923 1297 60499 -24933 23777 -77651 -10082 55592 44625 -16108 -11915 -13022 -59501 -10701 32870 21732 -75292 38658 21706 21554 -702 -90191 27355 7558 78322 -52486 -102175 -67789 22242 -68486 -55839 22981 -78167 94649 62202 -2065 50455 28436 -27008 -29722 84176 70044 126383 28096 -22405 -142875 63016 -11004 -19448 85135 -9241 40872 67216 28343 32487 -12199 -16288 7983 62383 6578 -453 115636 3224 103598 -51615 -67921 29887 -76766 -81031 -56303 9877 -26761 46534 -128127 -42016 -33281 55707 70546 -100323 -48 11037 14558 -34544 18142 2824 62745 25851 75517 -49715 15423 -63788 5116 -670 -65120 -95396 -23117 -42448 -38699 15697 -9595 4634 14794 2134 -31511 -58711 -41324 -30138 -6098 12916 -22191 -29981 -14914 39615 -10125 -11639 47970 -41946 85364 35550 -54969 -61331 -4192 14692 49813 66143 -78739 -1677 16202 99301 -7496 76566 -54554 14802 46876 -15239 3195 52205 -79905 53416 -23925 -92004 80162 41571 30071 4654 -122768 39411 6651 48873 -36502 80299 -9758 -9540 -13743 52395 10679 26987 -19014 -3873 8615 -47268 -58647 52235 -21127 -7424 54215 47963 -20609 -10565 -73515 54684 -45694 -8108 40522 -56041 2745 23890 -7085 57933 -32307 -81432 100786 51424 -36017 53329 52384 4725 37651 46784 -28253 -87219 -12725 8138 80099 -52716 -60162 -53539 -44838 100587 21099 127121 56007 -10848 -30493 -31436 -20099 46666 -44007 57632 799 -8410 35515 44647 36737 125266 -29911 -49915 -18533 61293 -81326 32234 -6484 68196 12835 -77445 -15839 61425 -17128 62369 -51491 16602 84884 -21571 63811 -85472 -63580 91266 3439 -60906 -20060 -64931 -40210 93449 -3924 58618 140647 46234 -2575 14807 11866 10674 -162802 -46722 -16167 1322 79730 -18206 -35404 8230 30716 6237 -34371 -6645 28566 -11460 -26658 -68306 7980 52518 8365 49662 32742 43935 -21170 -15262 
-74081 -81376 -44549 -76979 102838 39449 -7618 -16807 -29211 52852 -31649 -23121 -27808 76379 -18622 114593 86226 -55621 38636 -1092 9921 31700 -50630 37931 67374 -103768 -6206 1359 -25783 824 -15863 69253 -11356 6814 41731 -7163 16323 11873 -47028 13480 49339 -474 -14370 52282 2997 -39494 6000 -43817 -47822 -36894 10059 -40154 14786 36521 56690 -37420 32937 22186 11154 -62807 38143 -17596 -22817 -77688 65924 -22821 -52147 -99458 -82372 2634 -19864 3956 15790 -25705 -55609 101673 1677 14074 98642 54916 3500 36393 -37542 36186 124100 -53912 -80100 -102266 15379 -36548 36270 -62953 4657 -75682 -43137 -19049 57633 21421 -110213 -7608 39610 96680 18445 -22278 -61525 13566 137247 46671 51004 -98528 9271 -87884 -79371 -4581 -24596 -5058 19772 -67793 -60071 115958 -105537 90462 22278 -23708 -56846 -69787 -82974 37594 -17688 -64450 7094 11322 37364 4632 12141 53120 -1024 -36 -1060 -37666 13579 -39989 21934 -16964 -52970 -21847 6336 -10257 -6102 126204 -11868 -852 10848 104131 802 75631 -39036 23776 100137 -15687 30485 24316 -30107 -52783 -30864 -18050 -22049 32521 24839 -9083 -48787 -32937 -104095 -33208 -67048 -42492 147794 16751 -33112 20455 32973 -27168 16586 -42625 36000 24408 64011 9574 49754 37321 -25236 14393 -33769 -4391 15538 -40372 -33998 -60056 15806 -110074 1583 -37719 -31480 94413 43116 -91305 -69507 -53514 74673 17235 172550 -30201 26380 18493 -35120 61346 10976 30311 29199 -20712 -797 214 -1223 9781 38627 18990 -128859 81559 29003 -40818 -4022 -47812 -78367 107832 -4331 -40191 43208 -84101 21784 -17619 -18110 -91835 -47136 38415 -153764 52217 -39388 -3108 -120314 -35978 -1035 13708 36243 -15849 -33987 18328 173915 46584 58290 20931 86077 -2759 -9311 -32211 -21300 5356 -47045 -25505 71144 85244 50217 -24054 -8199 -33740 -13487 -54873 15579 -37926 -46962 -50220 -16178 71656 -29224 -21258 -3449 18533 34844 -30178 69211 -40020 -22793 59072 361 12002 -32976 67256 2382 -31750 -3487 36109 
82879 -12124 -31752 79168 -30454 -13017 9134 19414 -76677 -68106 -25551 32425 -17197 -43426 20239 -31836 22074 -48587 -146150 -73651 -2031 56372 -44076 -88309 99322 15547 9156 -41027 -63982 -73689 137651 -59355 22798 31974 -9959 -18090 40430 -33425 27214 -80790 69750 -54183 42284 36584 92661 49233 91224 -8711 27996 5534 17598 -19677 13577 9496 -10829 -29863 8875 -49175 1971 -35313 3668 -59546 -19269 -26599 -10696 2508 -21756 -25994 14830 15679 -26105 -53717 121336 89503 29897 31970 1148 22200 -31993 43146 17791 17296 34774 127178 65491 -65658 102568 -102994 -42481 144890 -40032 -31633 -8253 -7971 5505 -27768 -19524 -60486 -62464 25431 12965 16224 -9447 -46215 -6629 27140 9741 79748 24457 -44390 3687 -39511 10211 124226 139802 -146095 6340 17270 -1963 -29003 69766 88962 -122194 -68960 -43781 -45762 77242 62422 88435 106130 -1683 -20779 50656 17939 19928 24908 -2951 -13547 10029 5854 120753 10855 -15724 -27288 128155 -2157 -8925 77841 4578 47736 26630 22408 6964 -16192 61984 18594 -26177 3819 28150 -20824 -95460 31189 -59952 -3632 -33037 -11913 -109163 -105597 14500 49603 1054 -33250 46012 16040 -4743 -46186 -20754 -13471 38172 -11573 42815 -48659 17063 -14508 -36448 7909 93846 116392 18869 60863 -9878 -2759 -20127 6044 7314 3326 -10060 -27387 -57565 21136 30188 -13622 75010 21779 -2888 52164 -30645 -80193 -112508 -70069 26872 23031 14498 95623 -75537 16373 50714 -2577 87051 10724 102980 40092 47982 -66612 -21071 -149867 -55648 32017 43907 60795 78138 128040 30385 34058 -28511 -84784 15358 -76248 -46520 31335 -84617 -26569 -93179 14290 42428 42075 17207 14175 -71195 11563 103130 -41984 21034 -91261 -24641 117470 -59118 -13304 119112 34285 -36470 50513 77830 -26142 56938 9047 51418 49538 -38864 -88696 41257 -90894 -26902 -38721 27321 -35743 89459 125661 45561 -51413 19966 9469 -20030 36130 -40425 -9338 25196 63336 -77002 -35368 -1768 63372 2370 17561 94250 25362 10395 -23196 -67279 56633 
148322 21838 -46265 28887 -10547 -13005 92519 -44008 11870 103169 21229 43469 24650 -40829 -40162 26453 1958 4280 42295 13644 -82537 -72263 -84949 -2023 24443 -10087 -36798 40943 91397 46223 46421 -38028 50300 -35286 97273 41592 -9293 5031 -10251 -28779 3478 -28762 93904 59750 -92968 27798 -20618 17589 58575 -87403 7212 -25133 32122 -6297 78781 19343 19236 242 58122 12763 -10064 39742 -16804 21408 7868 -45753 64993 39421 -23754 68214 -53040 47996 -57624 87602 -21879 90005 -16860 -40287 73491 2786 -7073 20002 -10143 -43815 4786 119009 -82257 -3651 41417 -63638 -85797 -38271 11306 52655 -9612 24144 21545 -1703 8303 7161 -113259 -15 -39994 29098 -17978 -31260 -15066 29443 50684 -29986 -1760 18162 129586 32817 3852 24002 -41862 94374 -14624 65120 -31463 -51399 57150 -40382 -34725 93664 22680 1623 -48896 -11524 302 14795 27402 -44975 32065 91697 -21622 8776 1478 -40129 44112 -22172 32696 -17123 11337 -36518 270 -9466 30041 -90212 71383 -34706 152 41637 26397 13271 -37221 69048 18951 58283 3098 24482 -43447 14712 19888 -116358 98878 -49647 -59052 27297 38656 24459 9987 -102936 -28180 50107 25424 19893 77969 55568 -17274 38996 -12968 34715 -72947 -3534 -90338 57401 -16402 73645 800 27538 -26986 71616 -30448 120340 69694 -40310 -8291 -40473 -49085 39737 22296 -33531 -67206 -31732 -92904 -131224 84096 45526 46561 -84469 33459 -92802 -29426 -30335 -80904 -82239 -7987 78478 26353 -15221 31772 31437 46896 -32551 60497 91523 16456 -5968 -17799 -477 -62081 91298 28770 35038 -39440 -29749 29457 17284 25561 -16545 57330 7447 42218 80982 -31283 -39473 40286 -6953 10515 44336 12485 -134440 -53512 -16169 -84499 17997 -21239 8148 86558 -65639 1108 -27483 -61957 -95452 -22139 -68095 50102 -41117 -32223 94560 -113995 24960 54078 -30305 87176 -97772 -19194 39 83750 -83450 19616 36309 87331 31490 -38044 -8018 14420 104272 102127 -44601 -138449 46968 -4561 -72524 -13752 63533 -40757 -71999 
-44580 -74412 -37578 9342 40277 50680 -109401 -5348 -30104 -24602 45927 -1791 99304 12006 47791 -46189 -32559 69477 29352 26778 103503 18121 26233 -6058 -104407 14794 38567 104317 7723 26880 -17032 109362 -48185 -41899 82673 -53693 -53082 227 5643 -43388 107383 -33127 -5219 -12397 -51403 112784 -76719 -21300 -46208 -99140 -4900 7243 -22096 35485 29996 51278 -11165 38312 89302 53506 32305 52255 72082 -52353 -64978 -34514 8110 31433 80735 38076 -38534 -16861 -83674 63794 -53303 -2502 -73073 84980 -33078 -90311 23271 -12375 -59744 39648 3965 64582 22392 -68093 57489 -12977 -16509 43372 64928 39003 -131104 1072 35097 30163 -55766 -25215 8157 -66212 -69433 -22146 16797 -91397 97188 9047 -157014 9169 -35674 47883 96834 109999 13189 44388 28074 32513 -19854 -11759 -68857 55447 70658 -66734 -96793 -51847 -73285 -11539 -38820 -37502 -41613 -29137 40897 26267 -55490 126166 29208 -25726 97349 -10139 5690 -74203 8009 -84107 92285 -24143 -16799 31342 33679 -9647 -71357 -90986 -40414 -51810 66338 80203 -123327 55600 -9066 60397 -21556 61982 75671 -129 22655 -9989 -2032 -58076 -31015 21946 -37413 130257 45823 -134943 36915 -13369 16435 -8032 -13788 4091 16082 49785 15150 -34282 -10685 -123209 -21573 -70427 -49043 -21723 45826 -150337 2636 -12726 -35912 70807 64353 41029 -22447 43563 -11561 -71486 95086 -48629 -43711 -78524 22679 -25159 -26072 74790 7106 -1108 12442 53676 -57147 6279 -20520 -27844 11818 46031 41223 -60947 50462 7598 -27604 -2657 26274 85045 -6802 16531 -19871 56539 -128030 -32699 27573 -84180 50177 21842 -46976 4469 58553 -48958 3236 49017 -14667 56562 -35203 -8834 -109818 43858 -12779 33647 -26035 17907 10132 -16359 64743 -41790 -14840 44002 31509 -2619 21048 15707 -13897 -4000 9552 -22051 -7060 -9045 50733 24079 21484 -51605 31020 75547 112231 85166 -28732 50981 119512 699 -18348 -126614 2607 -67139 -35997 62568 82078 22770 43092 53797 -10678 18966 93813 -96222 -11274 -1166 -26011 -4576 
38789 58427 7349 53943 -7819 -50241 31695 -65946 -17520 -92252 -6351 12677 70367 -9708 -17620 -68251 -26977 1454 59138 49957 -73278 -97683 3768 -38678 -47741 30236 -39586 13165 14087 -15588 -1782 36422 -25360 -16951 10324 21952 -8980 -42801 15286 -65885 51132 56058 45228 73116 -75471 55634 42532 8888 -47133 -31569 84379 42389 59231 -76071 70382 38856 -7368 -25319 -54247 44800 5452 -86996 -64042 14616 42465 -4389 11384 -27417 86376 16499 83829 4582 -78307 29855 112232 -81623 -24182 17206 77848 15969 -63642 -36294 95861 22029 -64398 -49450 -9907 -44652 -100952 66483 23919 23070 41144 93487 -84390 72148 -53602 -78927 -47639 30200 60014 8157 -124024 -74465 -19222 74699 -9304 -44088 193 -8428 44535 50697 24298 33647 -6256 99395 -114112 -84908 -11847 11588 -42331 121046 75671 28413 81787 11095 -2764 -75946 24370 -88712 4796 -101699 18636 -98829 -6223 16636 88399 3909 90330 -111703 -62533 1940 19519 -8740 4349 155975 15260 -61772 78446 4497 1682 90959 -31153 58882 -43861 40519 -94901 -5113 1510 147072 -100516 -63593 -38652 -82674 -7818 56254 -57735 15038 -106990 138003 -66138 -12541 -31854 31496 54002 -117659 -70311 -31664 -17185 6150 10469 -75738 1084 42009 60932 74746 -111645 11000 46455 63810 26848 154996 87347 -42896 18288 -16902 7489 108216 -14751 76881 -48686 102613 -18774 -8662 15662 12747 15997 -60666 67408 -44036 52644 -92902 -10299 30014 -15780 -10178 61405 2077 -19613 4390 -6290 -19729 -8744 -37345 66253 11099 -26434 -129373 144736 68461 78087 -82067 -63950 -34886 55548 51309 114326 6802 -37295 11785 -38598 -101577 -60298 -49249 29920 -51189 16454 -101570 -19878 -44889 -59654 -16536 65263 -58555 -1620 37856 21371 -42642 -58300 50593 50867 -6831 -3580 47269 -64274 31713 -39372 16660 79579 11559 97982 -10257 20661 46698 -76642 -80025 -42426 59837 -16367 -33761 -101285 65901 -96637 -1558 -117165 -34802 48703 32953 -14023 82663 -38411 55609 -7033 16925 25656 111814 -113036 3076 -23519 46308 
-31046 -20292 -34060 55574 44858 -51354 22982 -5372 94785 62597 20370 111425 85384 -124301 22868 1912 3567 9069 -62496 -88128 -210 -70240 -6833 10526 106157 39110 14471 -113130 50921 6166 -16716 829 17637 90669 -59315 112623 93085 -76256 47685 37987 -54290 56270 -15019 35699 41837 60690 -9915 -39854 86908 -63415 49267 1291 -154993 -84077 8104 146750 22997 -47925 19556 -57904 27838 11091 19650 44273 28971 -131742 97477 67261 40049 20184 67837 37870 43750 -69251 51991 -73040 70485 -2266 -15218 -18556 -12504 129391 28781 34919 72252 -44974 118488 -44538 -3896 -126263 -21514 -86557 -14744 91209 42607 17192 -45394 69165 -86069 -7295 -45439 76668 -18706 -8691 -159111 41043 -63988 12655 40649 44700 -14755 -21025 -13268 66672 10492 36411 69479 -181 104270 38806 -6186 -71948 24027 29150 94318 -78012 101441 31870 9835 -38471 28025 -14264 22122 10515 -48905 10720 -38645 5556 56667 78629 124734 -40960 93125 75553 -117858 -31513 -52556 23441 -29225 -62608 -99296 15491 -9359 -28623 30323 133610 15038 1130 75204 50242 -13524 6684 -10659 64312 -31605 3073 47885 -107866 -62334 -49759 -98206 65884 -78394 -111364 86216 10034 6879 -92946 -14580 -99350 103041 -91803 -42452 -66316 -11307 -78525 -39942 -8664 49944 -77746 39655 75536 -29425 -13062 63533 13519 57493 -3875 -88795 -5869 -19167 -10072 70732 35750 -32966 -8766 16169 134552 -34712 -56334 -107921 -73944 -25711 30995 -52823 -79727 -18795 22789 -22503 -63051 -119 -35943 -93775 -87909 14382 35894 -5821 -74168 -36057 1027 -33132 -16172 -21152 -51059 13053 -69258 -76784 -58554 12735 -105374 33522 -88342 81848 21209 -33421 84829 41568 -8328 -26542 57441 119733 99082 17152 18147 16243 18795 -74298 19923 -53449 -37404 17859 26600 20090 20601 -25214 80821 26952 -98059 -45879 600 -36619 9449 55525 129456 -34001 1633 -17848 11324 -2167 -40476 -83368 19327 14112 69179 17711 -80933 -85944 66638 5673 -79335 91432 21266 92075 22629 -69658 48953 -29988 35287 -44588 -27675 
3469 18859 38257 -20791 74027 119475 -60954 -18527 -28624 46679 -48052 -58288 -35289 -4036 33158 25127 -29305 31639 -27921 39425 19956 -157634 45842 24515 27108 103866 94565 30133 71204 6077 -7650 -43018 15912 17905 8335 23366 36280 -94455 -54783 -27434 26421 22867 39150 -48147 -10997 -27872 -37802 -376 -84297 13197 -13873 35969 -15866 14270 29946 -48746 36468 -43641 51087 -67207 -23285 43815 -4672 23320 -104224 -23576 -63505 -29108 -25589 23112 71288 44712 29189 -20591 29129 -62535 -74538 58943 -15727 37951 215 -104356 44348 -36365 81002 26316 -34 28788 9975 -9402 68736 -87083 31630 45920 -64987 2528 27063 55223 -68390 -104525 -22266 -9108 28571 78487 -69556 -3744 -53636 120537 97201 33064 -9411 -153625 -79605 32629 28402 42260 40211 248221 -91420 20232 37757 37442 69693 631 -69379 -28159 -52711 -75885 15238 42850 68776 61029 -18475 38666 -147180 117818 45042 67522 -48057 -30081 -68258 7550 55191 -104388 -25278 -56038 -36720 21798 -37147 -19248 -4457 -61616 -25274 27729 88879 -4481 48051 -17938 22890 65903 -36677 60093 -30021 26451 -84593 -37689 -37252 32812 15385 -59943 -30041 -40341 -25327 -40868 94415 58308 60625 -12492 -23787 -63965 71377 17693 -30043 -36870 82209 13614 83051 -49679 -40400 129902 -1197 -58091 -93825 -135593 6418 10615 48653 40320 6788 -6797 38614 -10220 74226 50668 2197 -530 57964 78045 -89500 12432 39007 -21423 33270 85267 28045 25660 -24410 9251 53906 99999 56189 84437 -109963 -61020 23501 -30603 22231 -21388 -135641 36925 40135 -11257 58238 70517 -42847 -8181 69056 8954 -110088 45606 -24104 81 -157822 -7463 -68995 -76379 -13629 155912 59890 60377 121918 -31648 -42096 480 -26945 9219 -29015 -7351 -3700 49926 -25179 859 -33284 9910 -39816 25577 112561 -482 37245 58147 -78010 -67184 -30289 -120615 149434 -51593 12091 -26739 5662 -59767 -7444 65439 27684 34441 4709 -66793 -84444 40947 11677 -26982 127545 11350 -25166 13764 -55525 141659 116180 -44207 11186 18371 
-30740 8964 -76003 19056 95218 110732 -5567 28569 -4067 21858 15142 15046 -59708 5006 -63359 -49969 83653 58626 -71798 25981 20709 44665 -2261 -115200 60119 54865 94521 -11950 44176 -48714 16473 69721 -33012 -63581 -48987 13381 -75118 23605 -33312 -154 -53983 2526 17570 -13142 -64607 -11683 62659 -50279 40956 -25067 56810 111292 -11306 26243 66796 49657 21038 -3802 1381 -22494 23162 51265 3665 -30649 60887 -6976 8684 1312 12725 63373 -70196 45571 -60631 -2651 64239 -37649 -103995 -19595 -82295 -43003 82612 13781 17428 17416 -17473 12848 62089 -47968 -45004 -74353 -13215 79307 30957 35155 -72919 -82519 15832 64168 2016 -19527 -88107 58668 -468 -75914 103030 33826 23038 -120586 36779 -3210 -44122 26523 38828 73997 -66739 68403 -26718 -87242 -46161 39145 39186 -37405 59537 -45007 67658 35869 -48213 5535 -1454 -91813 98185 93224 114315 62496 29321 32667 -14469 40659 -67034 19251 -49378 -54397 -10261 -45520 -86239 -65951 -57770 99979 170426 -15656 16148 12125 -72681 -109305 10892 -29871 -19880 -112539 -33781 -94464 47022 28877 144193 -87593 54153 84821 38890 -50583 -25701 -43172 40695 -131041 -11575 20539 30748 -7848 83999 77191 -37953 91 -39793 -70694 -38424 51508 -23669 42574 102180 2744 8303 -44080 -13118 32420 -61449 -52695 -9700 -75215 27287 -9429 31592 19699 -6314 -64241 68831 -19081 -48881 44852 20336 41414 -140049 -34112 106946 -85776 -48474 27072 63567 -3515 -45648 -14256 19436 78382 99977 103054 -6583 -68320 -30093 -4213 28057 -26127 -81774 17838 76037 -95560 71613 -12697 2061 -42063 -71271 -48286 -56767 -20415 26842 -21233 -73922 -14950 -12711 18889 15186 -44314 -32370 -151607 111996 57416 -43943 -13648 67069 127262 -18751 -41812 1938 -72033 80453 50452 57331 71859 123930 -12883 13886 37973 -112877 103961 26610 28950 -13048 -52048 45344 -6028 -49932 118466 -14560 -44935 -34903 66402 34489 -76642 15405 -11586 24749 -33280 26794 -77098 16476 -88054 38940 -34968 -56526 65849 -101509 -99470 43989 9475 
52613 4328 29674 -20223 61711 22966 44106 63894 -14675 9904 -17022 12878 -39530 80380 -19779 61370 134095 114505 -44157 77183 -14955 -25385 -17683 -37686 -45440 23164 -4212 -134887 23622 -104658 12298 19201 3532 -64858 56638 51230 -6575 -3225 2956 -127553 -51810 130069 -59287 60266 -67568 -21530 8698 32235 26088 -82326 3788 35653 117887 -38773 28114 55193 23598 -18481 -17217 30043 -70408 85393 -44637 24089 78712 35979 96579 61835 -94709 92832 -30469 59359 -4709 -23717 50333 5722 -73771 17093 -52322 -48539 -53980 -51266 111301 -31455 36261 -88696 87461 -3848 -69045 51232 -123181 -36146 39492 46717 -38711 -57672 -1839 64451 26691 10623 -15145 -7465 62526 -22449 37072 2404 -46092 -108931 110576 -18952 -54939 47726 -40145 22430 4499 48895 83 9188 -60501 84656 -6195 35300 -29013 36814 -2078 -57953 -29177 11178 -4319 -38068 11536 41908 13976 57003 -19252 -48254 7497 -44255 -49705 17840 -23587 63111 -27809 4345 -23460 -22601 40113 -13513 7883 27916 -94657 42141 -31936 200 -17107 47022 -21465 -8896 -36292 -87142 47426 25492 -24257 -15778 -25855 80640 -55083 -28632 134827 -84066 6028 -64635 -3659 -3943 91992 -55529 39573 5711 -114378 30517 -27734 52553 12376 47784 4562 55542 -20019 -55938 35533 -405 -28018 -18395 -61714 28262 -72065 -64465 -25528 -28712 15942 -63607 -8436 -98291 -74896 -78619 1493 -9359 22496 2534 -4748 -31398 23781 -60618 28825 144618 66150 -53061 -28924 -28231 84921 96532 35528 472 19119 -15697 -77517 62510 12434 21554 22460 59567 -41597 34924 18072 94202 -34293 -3314 63216 19301 -122629 23549 -11665 102888 -57234 -33569 76129 -12106 114645 53336 8667 -93516 76246 32222 -76684 95697 86689 -55096 31550 -13336 -96177 -47102 -75503 39105 -6489 -81353 42149 44547 -143657 -16750 -31063 -12702 -5104 -92559 95917 -27350 -12812 -57131 -2476 41397 4821 31471 -147903 64199 121131 -46064 -56879 58463 -3407 -7739 -42006 -2665 2237 -58576 140850 38632 -16290 -51936 -59125 91760 -11058 -9617 
-2358 74163 8951 96469 -97921 -19038 13494 65 -46211 -24861 15351 99032 -11700 -13500 80002 -47371 58114 10981 57192 -30648 -22593 -46150 -735 3534 118246 -64838 11342 -145140 47544 -21877 34181 91478 -8024 -57115 -114315 -19413 -34063 58127 77386 -62420 62608 148503 92718 -93151 -15521 33447 58678 -14499 9982 -65351 -27870 -150991 -4267 104649 -4168 43786 -49360 -9033 -32821 -17722 -86876 -43976 -4342 -4296 44016 36998 331 16517 -65202 114375 -12913 8139 -55514 39953 60951 36756 -42331 -37723 55322 -90491 34125 -53818 77710 -1703 -78962 -35153 -78315 -14818 -51391 -39178 84292 -52377 40509 -58181 -67905 10739 -124752 23302 -16089 -32164 68856 43288 16908 -3127 -71462 -70178 -116963 18290 77626 -72016 -51355 -2621 -25927 99725 -8510 14090 31035 -68636 -47774 38928 -85442 57967 -33999 -95477 1656 -74895 -19211 -2265 87880 84926 22687 82476 -106978 4372 -15304 112070 57539 -33147 118446 -94665 31408 -68631 131544 75433 -3822 58845 -73868 -268 -40004 38611 34606 -154 113368 11696 139323 -62490 -162507 -24563 45218 30856 -32980 -52005 -113983 -84958 36563 87991 -23267 -77227 -11010 82571 -24902 -1180 25905 -52188 -27312 -121568 52079 -66196 44132 -31454 77480 52946 28992 -11016 20737 28639 50597 -47268 -611 41047 -22420 57353 -10339 50660 11309 6564 763 -103906 -101715 49127 -46445 -43101 33445 85138 31895 48966 57246 -658 75805 -10452 45299 -121964 5462 34846 -191447 30975 -7235 -11135 -31529 34364 -33489 15515 32115 -40876 30199 -26276 -63969 -44404 7056 -99762 86975 -44880 -93858 10702 73106 27175 -86037 98815 -28178 7238 32560 -101142 66860 -31394 -29621 113317 13896 -16561 -25664 -34582 83844 -49957 -11504 894 92997 67475 12879 -186600 59239 -865 -12157 120467 90189 33011 -108621 -19500 40898 -110200 -49418 25745 -66649 -19069 14672 -81206 5297 43888 31225 -60742 32157 41222 -36290 -55370 -29160 12594 -54578 1007 -31411 74911 14886 -65669 -36219 -4177 37856 36070 -12923 20051 -35537 52856 -46539 6340 
-97394 -83934 -74758 73384 11152 32124 22994 25763 -14842 54961 42204 26583 -17331 -37789 -122645 -15998 37142 -8721 62283 81234 -92122 -85615 -48972 -66737 -27288 -15576 -68543 -85943 -18527 135053 -41382 79771 50783 -11878 -17089 48680 -80794 -62571 41013 -74731 -31927 24821 -51456 -22781 -17729 51711 72897 10066 -74720 5208 -21060 -20124 -17857 -37244 11100 -2155 -18318 99491 61658 83521 38023 55482 -2008 44652 -24225 -6781 61536 -44264 155741 65693 41802 138580 -35414 -47728 24236 -67907 -1292 83606 29765 24198 184816 21379 52629 -64552 51008 -84756 -60060 -164090 -13152 74823 -36691 8249 88339 -20893 -101916 -12197 -142512 -26679 -31435 -21298 -14013 114402 -85198 -13829 -78743 127485 -127583 125565 30022 -154388 -52490 -93018 -20543 -36107 7037 25039 67489 18194 8019 83305 -13919 4372 30845 96885 -31298 23209 118541 -80062 -28267 87914 -106147 79253 32824 24199 -80685 52010 -83783 35725 90924 -26010 -89276 28497 355 -69157 19381 17889 56844 55659 55386 -52023 36754 -23523 -77560 4758 2385 113562 -88523 -51948 -63856 32338 -27807 -24505 4121 20233 -10138 -417 2476 46416 35804 -44693 -49377 26826 43902 35503 25494 -46791 29437 -24207 97775 -18236 59328 242 -23264 9892 -101139 24945 57142 -69889 -109745 -32621 73592 19044 49160 -11596 53437 -15870 55341 50215 -4656 -249 88027 25995 77038 108353 -24204 -17245 -23788 -9350 4777 -67282 -21081 -71631 5199 24552 83402 18866 -2321 22235 -68290 -138565 17899 -29628 -22872 37972 55065 -10449 14804 38976 -54440 37864 24207 35261 -301 -25148 100294 -127156 -72119 32725 9569 26116 1621 -49488 -4034 14139 -46046 -64264 33478 -18847 50465 31857 61595 16663 43512 9344 77064 -17402 -122408 51476 12295 -49616 107432 3443 -12263 1035 -72537 -11641 65993 58658 -13696 -115600 -80470 -93708 -35387 32741 23054 71381 -12452 -73423 86394 61598 -28806 -11526 -92127 -40448 29575 -19118 -20207 -90285 25041 -80033 14307 25827 32041 -26414 8603 -80249 72869 -25449 -7413 -92308 
-61053 15495 6318 -15526 42833 -77645 -65036 -34582 29785 -7520 53199 -3378 21138 -1055 -34445 -48213 7688 -45454 13567 19913 -65920 13368 56739 -88726 21715 -12953 79241 121404 24399 56536 56037 -71340 -69351 -60704 -48526 123710 -11972 35733 -92255 34935 -42741 -51746 36040 -75844 -539 -43296 9963 -8041 7390 -41656 -75324 -32900 -31619 10846 4734 -39972 -12441 -3909 31052 104209 47704 58108 -6489 -105759 339 -32674 26237 -58435 -32124 23521 26811 -17430 -44297 -78739 -92257 -43856 -84 22960 67315 28810 -98213 -39017 18201 -41898 -49042 -63340 -19811 -133708 27372 143590 29061 -8379 28298 20275 -400 96491 -35064 -12784 -21251 -51857 -63623 -92169 27600 -90310 -37939 32330 -37726 53121 -44450 23209 -52394 -136301 -41871 6017 -6677 32604 100013 -73998 18978 227 -15310 -49103 -31781 -40387 -31531 -62828 93020 -47524 4494 19671 -14572 40748 -1933 -31460 -84963 34294 18007 3410 115461 23417 -10748 98882 -15080 -33504 28316 -187570 -74413 94494 70648 -110281 -13880 101209 20384 -795 -32211 -89447 86172 -92061 -73644 96211 -31038 28576 -69449 12200 -2996 -53737 -34171 72832 80565 89654 -18992 -10996 39741 66000 -166184 81026 56380 38231 115600 92418 41345 -19559 -55910 50932 98774 -56460 -84304 -17433 -94994 6344 -9226 70742 60369 61903 27682 1805 20678 18355 -20720 -22157 106394 19759 -75803 81009 -36530 53821 32799 18597 19751 19456 -19189 -1468 -18127 115512 110588 85708 99578 2320 42331 -13984 57922 -41658 104960 -46184 2274 46275 54412 16617 51490 67010 43842 51475 14356 -43863 -833 -30629 -42760 -101190 30419 2771 -19110 35994 107669 1962 -11207 -95730 67892 -96739 108663 -56509 -48778 28213 -77332 32592 -42111 -70520 -2380 95666 3204 39204 2263 -95590 -86421 -24946 -14042 -38697 -15264 -83374 72611 -10298 29618 36860 36285 -40211 -31954 104599 -3813 -31601 -31140 -10857 99065 -120224 31660 -52598 -32146 94787 -10846 27140 -34508 106309 36322 46560 -40169 5618 80567 -74399 13221 -6191 54501 -54291 
-56338 -5843 7742 94643 3874 46791 24958 -4746 29542 -53853 -1041 -66876 46797 69775 71478 -46481 -36786 -22178 -16057 -80095 115330 8831 -21119 18136 22647 -7591 -56748 -18422 -42605 20999 -31795 57286 24300 26279 -88889 -27412 1516 16525 -9362 -27002 -4085 -4803 -82056 17869 -91330 725 127169 60110 10624 -26502 -9236 -48056 -23262 -35042 -66940 -174732 12748 -70838 140836 104253 -140246 27379 22283 -68966 -85435 -3296 114660 99020 34245 96956 -80216 -11757 -10989 -25840 8830 -48314 79514 94716 -40707 4295 40325 -33574 -73092 -22268 -56096 19187 63570 -87520 -15291 29250 -145269 78551 -8832 -70565 33925 85666 51914 -55368 -26210 -56070 64820 12885 5897 55306 62244 -51283 12557 -104640 -70736 -77971 96418 125892 -61937 -10951 44045 -12144 86746 21838 8234 83022 -25605 16223 -40170 138837 -32944 -22782 -45093 -80008 -67943 47690 -164 -67871 72919 -27401 150193 47359 -65867 51741 12458 3290 -64164 -4487 50981 -82783 23400 -15983 -37877 -61990 -26224 90198 80055 -76107 -34956 -79144 45228 -21942 -65366 13734 -72984 -47824 28110 -18025 -63615 -1900 94700 -42907 76219 12357 9305 61218 55788 67975 18361 7753 72141 -51004 52116 29617 33356 -10715 -58214 65828 4218 35015 4081 -21235 -20801 -196 75092 -47937 -51803 24852 -81338 -8167 -11435 -62825 60707 1453 16156 22670 55126 -72593 -73364 26532 -72863 2047 40245 -59680 21079 -6575 54125 -29668 -63926 14826 12236 5016 15697 63031 27695 68357 5165 34620 -12120 -62683 -90055 -47740 7282 -92913 -18617 -118408 -44981 -22914 7228 557 98330 108561 -48209 -76016 68003 42737 133064 48735 -100143 -65185 20899 -28104 -54253 27673 -57479 31442 -8727 9388 8183 12761 -18681 -53885 4843 -10137 1084 -44619 -53410 -76602 36014 -47794 -7259 -8669 5071 -5927 7512 80391 49841 33837 1795 -147991 -35665 73453 -34928 29633 -2377 63574 -9858 -12831 49561 96162 -75802 16867 -76290 35218 93504 13063 20611 80210 -17293 12478 98863 -37118 -51299 -52572 90053 100872 
2351 -9171 -33989 -9886 -116253 -23699 34469 86373 15074 -32257 32464 -81375 101962 -17853 -78457 26485 37732 -61849 72668 138808 72617 -6766 -1812 46727 -115776 42829 -13515 -112527 -36328 62260 -54366 4652 34828 -58053 -54663 -91050 20485 64480 5690 -37286 37077 9303 7858 34323 -93484 62094 118554 63084 -91131 1255 58495 -62436 48667 97272 -46883 -16823 -88739 30232 -41767 -85687 -112387 -3480 -22303 17605 75101 -26708 73851 -22729 51338 102531 -61748 29407 -29794 8749 -98144 34019 -8350 -86117 38104 -22192 56516 -18831 94417 79923 -59331 32669 76908 114706 -59783 10200 -50045 -3781 -6372 25834 -36711 -79983 -38248 29674 25037 -31545 -117790 -43890 -56600 115178 -61921 1414 21908 -4565 22908 -55065 -92072 20771 -24622 50911 -97235 110072 75061 76353 136544 50120 -29647 5752 -34177 18318 -29211 19825 57852 -17230 9626 92787 15546 -18224 -3493 36641 17756 40627 -50139 40102 -93040 38396 -25369 -4553 57301 67249 119917 -9603 -1131 30785 -84115 15330 92880 -102489 58709 23946 -58211 112605 -126472 39520 -43493 58857 -27013 14544 64217 -86603 -23278 83653 -121327 27206 10350 37800 53430 47763 49430 -75795 70115 -165360 -50692 8540 -35824 40621 -13947 -42254 16271 -20551 17717 -20327 -12624 -22120 7623 -35776 39933 -66940 9683 -94212 121453 -7287 95536 -16849 -69812 19619 -56409 -66698 -33763 -30364 -15942 -41670 50557 4662 86288 10763 -77436 3477 -65250 73739 -132007 -3989 39149 -87014 41965 -15209 -24703 -53698 -106232 1536 79687 -5611 -52711 37362 -15982 -27429 57440 -9913 -2555 27920 1786 42006 65404 -117 76266 -38713 48085 -6424 -8900 -24770 -25680 -19905 65068 120545 -17434 7875 -19782 22611 51301 11407 -80366 -18396 -66958 -20933 -67720 -53978 -28412 9284 -45996 24262 -28763 -1835 53972 16814 74125 -25976 -24588 51385 54161 -51281 -13105 3094 140179 -78288 -37589 -27359 -12787 -22182 -34400 -111074 78489 -22042 -69304 37015 -37855 -66909 99561 -9565 26 67011 -14609 -30902 104136 -2373 -10282 62937 
-34495 -85247 74350 -64064 -62437 54450 -20284 78052 -65598 -90236 -51152 -36234 42972 1544 36507 39445 85477 -1368 -45701 -71075 -33405 102744 -58728 -41131 84447 -29868 31576 62672 46393 -64999 29848 11951 6827 174778 -56565 69272 -20831 -15061 -88389 -2654 -51735 26102 125540 -77640 1133 34728 -30800 -3124 39395 -22251 -31174 73679 -61223 -57092 46126 10795 30930 94977 -46185 -265 15580 -93434 18741 -41424 8484 22970 -44675 36371 -51183 7164 -22257 15068 74834 -39815 7589 -62003 26726 -48370 67772 -105919 26446 5578 -11478 59756 -71048 -776 85009 -53739 56410 32849 109746 19251 74099 -1761 -15647 -67326 17664 21778 92819 -31724 54704 -39502 -66417 -85974 -70841 62204 -15100 7778 -14238 -43056 45937 54124 21297 -28872 -24793 -26310 18377 -138290 12206 -2662 -94938 -87129 7190 28769 144546 4633 -58246 23536 44150 60783 55333 13523 132600 118114 -31670 2287 -177468 -34220 -90376 -83221 98320 9059 77700 -56887 -97549 107348 -9817 21450 41157 60184 -76307 96959 4428 18976 -13809 1691 19787 -12991 -52483 49704 -33143 -114768 28530 50130 49372 61823 47598 61937 -36035 10759 19227 41172 40992 -52936 40518 -44365 95900 -46985 13739 -23895 -86566 -21236 10050 -25949 -108119 67425 -27421 44454 -93412 55226 1977 -69177 21669 89299 42342 -93747 54438 64097 4325 84144 20984 15124 7593 -21358 24619 49318 30374 -76852 27496 -51171 -10713 25736 11013 17429 -25485 14089 -111259 -44317 48794 145917 -92094 2125 74830 -4568 -67976 52755 15636 4823 38752 35603 45035 -30867 17233 -74235 -2972 84 -54299 6316 -145117 1699 -11113 -85094 -52991 -10177 -7366 -60043 41025 -16679 -92217 870 -16892 -34694 13684 73306 -125 66889 -13078 -83190 -77593 -5000 7309 3169 -26337 -62157 -32042 132597 57949 24153 -38443 -41944 130422 -36494 10052 -17738 -84895 -27316 -62079 25336 56812 5305 -31293 85913 69467 25873 39755 25639 -46733 121340 -90656 -13937 -97813 37332 -79516 60644 143520 -4833 -896 34274 61459 -4978 
-45364 -21565 74965 59004 24028 -9248 -19562 21066 -25582 -32161 -29896 -62232 -3906 64088 5281 -53726 -26098 -46683 55735 -27626 -61314 15428 13860 -10632 45152 95567 17129 -28076 -41617 -8963 -30652 -11171 -28977 -21029 -139632 107944 -20498 -2190 41365 -34167 51255 56758 32661 17818 -1040 37244 82607 -12077 67258 6835 -38222 115115 105811 30340 -68208 -38955 98521 -16384 -27394 95261 -64581 114593 65300 1462 8790 56536 -88831 -10852 -37988 -45304 35482 49484 31739 -88593 21161 -15585 44807 20586 -96523 -62043 37251 -57666 35852 69426 23937 -97479 60454 -8783 35688 -1992 -31937 15880 13187 -14365 -26193 92546 -72067 -20276 -15219 -17729 -49193 31828 -35547 115465 39947 -15121 -118844 42621 -28304 96936 37463 13991 -41082 81877 37881 -92452 -52829 59555 -46729 36125 -15155 111422 13907 57752 51793 92631 114731 55355 27144 50471 -101317 -62967 58307 -4785 6656 -23375 13218 -16448 -61633 18316 -75806 -45838 -82092 -93805 51613 -72947 119722 22237 50305 -133827 55700 49332 -142659 665 31755 -24981 68279 -98168 -32756 6639 44229 -5087 22750 50852 -101109 -83224 3087 48612 -49911 24565 -2947 46447 3627 -16149 45177 41151 -31092 -43986 -52727 -13709 49004 -3797 37654 101966 -1650 -35766 70109 -30053 -18882 29886 26814 -73238 -45046 6494 -16974 23319 134350 26881 -12364 -46501 -57519 19359 60836 74885 -135198 -34348 -124551 123755 -70463 6914 87172 70783 5777 -16662 20892 -66623 -2960 8264 7072 28983 -94942 12530 -84319 4349 -12002 -9693 95603 -130555 76526 -85799 -15286 -39071 -27966 -18714 -41354 28329 17065 40516 -19896 10880 -4282 14112 -47824 -31652 163487 71263 -114438 155872 -155578 49753 11219 100089 21176 53864 11070 26057 83048 -54365 53721 13461 -74132 -2534 -62534 -9018 18003 57108 107710 -52565 -50765 61125 -21647 -79504 -1255 106705 -22804 -63073 -20253 14066 -52227 17409 22731 -26658 -84503 -38017 -93434 82516 63557 44478 5563 35119 -50025 43182 59841 -38013 -49148 -13278 65119 39065 -38859 44409 
-52225 77764 -84668 -71802 17269 -61806 -2954 99921 6356 12089 81525 12083 -66928 -64845 7965 -43439 -33664 81470 -31048 64014 13762 103450 -115087 62101 9136 88316 38761 -82564 25831 -58405 37984 47339 -17653 -19444 70765 -39203 -24365 -68059 -107097 17899 38356 44388 49386 -56277 10835 16453 -22380 -16952 6405 39845 96664 -62518 58188 15791 28993 -31031 58791 -68441 -35645 18797 5888 40334 35533 72896 22419 -36022 66063 14560 -67005 -82874 44236 -63147 -4347 2273 -14656 -33692 -101718 11934 30362 54890 78353 -63329 -61626 126078 -78832 -30602 -39316 -65532 -11145 -107899 66308 -54092 -119961 -38576 46811 -43659 -27882 6300 -58517 4876 29657 28749 6649 -79896 37492 -57243 111512 32281 -81954 -63747 72298 132956 54939 -14392 756 25684 43606 27056 -21925 -124720 -34527 20809 32007 49002 46882 67297 -38752 -1423 -56391 34226 131255 15190 -40087 108494 -120728 -58009 -14589 9018 57589 -60299 15958 -49398 91830 -4280 -36608 -64926 -95997 25472 98587 109631 -1194 -13758 -26602 -76934 22717 -46812 -136782 -4277 -16343 3674 -17504 76662 64013 58758 -65839 -85342 47545 -47036 -81355 70765 -8876 -36354 27611 11021 61536 45849 76248 162339 111106 25679 -12318 21001 14394 13482 -71619 1000 -70821 5407 -69350 -46479 30302 -65442 10971 -49475 16379 12836 59593 -16698 -94967 8780 27394 48522 -28000 75713 -76297 7228 120474 72737 -79984 105673 -138642 -20825 26348 -97054 32754 44096 -72146 17855 -19900 61459 62220 80551 94147 43964 -19640 53693 16245 4669 -90098 -8205 92552 4547 -116047 -12462 63590 -15722 -1630 59971 -59318 76048 -15912 -26236 31527 108580 -45292 9485 -96408 52831 -76255 -44172 -34500 15723 -25058 -74068 84495 46072 -9644 -62684 -54137 8187 13034 14485 8982 -26769 83785 -62815 17141 9205 -80956 -19903 56293 25935 -28600 24477 -13147 -35553 -16265 8230 100544 67140 2005 -57954 11610 -104946 -68380 37425 -34531 42049 8899 -53059 -43238 -20011 -89820 -10104 -8265 -3134 -18371 74671 -54867 -35106 
-54571 33519 11237 34479 -60795 4344 -35990 69927 46739 -19519 -73442 -55118 -90528 59380 6476 45976 128275 -3127 -5601 22912 -34715 -67728 -73732 24007 53324 -7250 14575 -5895 74463 -7962 -10813 54944 -4280 -55547 42040 27456 51485 -41991 -31421 -34038 -33762 32077 -1807 -84224 63242 -1487 58214 -866 -52339 30655 -22197 14428 -74274 12445 -3857 48259 -32174 -935 61595 22916 30479 -67109 -51838 -34830 -39432 -15576 -49519 -34729 -32125 44367 -16184 -68418 -2221 -30802 -109118 -69805 -18699 72600 -72607 8335 79689 -27130 4761 -61654 36291 39768 35057 19831 99392 9991 5454 58718 49922 44239 31463 5635 -37675 35058 38128 11924 55856 -25020 -53675 43904 30112 -11012 103116 -18861 10634 -23373 -70715 -33911 -2148 -59722 39117 124644 -17932 13147 151914 29342 22583 -110246 -298 68083 -19049 145878 67924 11683 -69522 -82761 -66719 3192 -85844 -3785 18280 19723 11015 70993 -25301 -87044 58488 -55127 -63762 -36664 -119808 -33074 77928 -19507 -27389 -36656 1125 -10120 6910 -80864 11689 -85952 86225 5884 59772 14196 56207 -73799 57020 -126731 -4567 26138 -585 48870 43784 49349 62074 -14632 58379 -10759 13835 94360 -49035 -74814 -94523 -27957 -25216 -12687 -55573 -9955 124448 43169 20362 -60211 -27 -5489 -77966 -43804 -2166 5914 9344 -12296 17540 5943 18326 -16220 -18068 -9893 -45871 -75870 52854 -31420 30586 3467 -73631 65924 4066 -73852 72371 -8283 101319 53574 -46327 -26836 -13132 78340 55820 41022 -4720 25963 -49335 57171 -14751 44 -4355 35977 -29586 43941 -18708 59317 12735 -42424 20727 23247 -40305 -138757 60493 -45714 21143 -157535 -25413 -137357 17284 -16406 -37238 -79788 26458 -41752 47679 -117987 -6553 -102329 -35517 45009 140152 -30715 97680 -2745 -24980 -20453 -2444 57107 19598 12158 22909 -52584 -8081 29239 -53009 -10792 -889 -35290 43257 50554 14873 27259 -2042 -4702 -26335 -70746 92653 17866 -112548 -101907 -2490 -58541 -6167 -52737 -81514 -25670 -33611 -58578 -12878 -23228 -27676 47239 
-14650 2744 -121214 -30575 55900 -9205 -94139 45243 1963 22497 59875 19149 84784 5563 53394 -3777 -4282 36296 50827 13425 79543 54612 -39011 -18715 -3453 33990 -37443 -8781 92376 -36296 -16999 69672 -52000 87094 -24639 14832 -103025 5610 9122 37662 63734 -60945 -14788 -33410 -52571 -11172 -66310 29242 -75387 6706 -48099 111725 -23382 -39333 -50857 57900 51112 83225 -79954 37806 31186 23195 -22538 -18348 -2141 143286 -54830 -25866 19708 -62684 -6871 -17347 46248 -73474 -7926 -52157 73365 56697 -106325 -6420 61573 -76802 50034 82110 -19363 -77191 43777 -2884 76614 -27245 -13019 55169 119829 -50519 -63575 -149655 -25519 -36524 49224 -45942 -50900 20349 -64677 -88415 25055 5934 -51224 118800 -97264 84529 13322 -32532 58808 94227 20536 -53508 45275 -13998 103737 39886 -73354 -44067 52391 60811 77149 23407 59228 8883 -35077 -28638 -2153 -80930 153590 193621 -76358 -100805 -38247 89881 -41446 82472 7115 40085 -16459 86839 69373 7451 -85837 -14163 47760 -37747 -26623 20004 14171 -53852 19842 -73143 64631 20469 17937 -4035 95505 -79358 131283 51515 16570 -22643 90322 -13369 6172 -62427 26684 -28738 -40992 -15096 -19717 50701 65548 -48702 63111 -6125 53126 -15542 -27466 -49449 -82025 -157567 86173 48955 78230 -59049 621 -27013 39552 -113924 62 9590 -19559 3673 49921 -53393 -8978 96091 37424 -41078 -54146 -50078 126476 13749 -44416 95810 42435 77544 -76559 19556 24588 -78708 12788 -15134 71782 -36218 -27370 116147 80003 -4643 46851 46013 86486 -113244 -55868 -82195 -5381 -23507 52157 -34185 -25985 9222 -92690 17327 87236 10028 4938 48070 75604 22126 -94493 134159 13584 7811 -18782 -101844 42047 144922 -67588 59659 -29298 -18365 29407 -10758 -87620 -85334 18751 -34385 55311 -91025 20606 -20899 74870 -33509 -26466 1178 12733 23992 42052 -38358 4256 24342 23746 -44030 26512 20075 81480 -48041 -10578 -29168 -985 61277 -15896 2741 -46281 -68773 12947 -67604 32960 -10464 -152154 -67344 9841 80970 -18049 -22840 
-6473 -17536 110206 -11108 -44009 36879 7761 9482 -5286 -94393 -11453 -70587 27128 114768 4601 48078 -73904 90117 -91042 21235 42157 20377 -56206 -56140 57585 -50101 33714 -14742 -555 7645 -32591 57274 9528 19559 140 -3776 38494 -46844 20003 -79718 -5400 -50394 -46151 77793 40472 -39339 96629 -14487 99510 69945 -47947 10557 73476 -76093 85743 22305 13123 -73189 -45605 36191 152507 10781 -35305 -18262 68290 -12740 35858 -19829 36523 -56858 -83106 -36055 106257 -74367 -52949 -72352 118305 -112005 2134 -33874 -97794 -33310 60852 52181 -28073 -54210 -26755 -75405 19406 -52245 -106648 -32334 36328 101697 73302 89820 28051 -21926 11821 -48195 -3550 -40271 -5656 -65268 -75139 34408 24404 -29876 35900 -70398 46506 -157977 -98790 5100 -3145 -88877 30462 -17486 43689 34147 -59501 93331 36712 -11312 -94553 -24579 -52005 77601 106470 -106222 -106693 98099 1973 -86288 -22566 -68654 -21943 -64789 30899 8105 42985 -35828 -98845 -11566 -21217 6928 50148 39649 -57333 62557 -12098 -55447 20518 -76500 -124526 23468 27713 28820 -72057 20734 -43885 -109693 -27129 -10122 -45666 -47373 39989 -57567 -49241 -67777 -13583 63532 67706 24804 -68828 -42885 -29214 -74840 15501 8823 34787 17283 -132601 -89985 -28334 -34053 30633 112416 1489 -36613 10107 16416 -55062 -72835 -7698 -73173 -35087 43708 -109652 3403 -10557 40822 -46916 29090 -36020 -179688 -80414 899 -104268 39316 -11849 -91493 -76378 -29467 108824 52635 12470 -46592 -26149 -40706 88695 -6441 120497 -88628 30990 -53276 7747 73501 74314 28294 112502 58293 55296 -54407 26706 43053 5061 29245 502 -18071 73240 -26656 18880 -51527 -56573 -7890 -60980 64381 7785 -9250 -14522 57491 -43919 -8897 9781 -15951 -35690 119125 90830 79805 46582 80412 -32909 43970 93445 -4354 -94570 17588 31534 -117693 49422 9133 16556 86137 -59410 -21165 -107612 -18217 -73440 31358 -34180 47093 -45582 61884 -40853 62838 83479 16979 -20870 2142 74888 -74297 -120305 -25398 86167 8375 -70129 68707 -36613 -67437 
-257 4756 -73761 -21602 113507 -57654 19856 -92592 67137 -6043 -5023 48834 -69909 -39069 -57885 -45509 60671 48180 103143 40642 70200 34840 -43998 -63829 -127219 86012 2970 -32156 -58137 -91394 -18425 -36401 -9148 768 78910 20034 11372 16362 -38531 -7557 -21486 114900 -2732 82751 -741 -29966 -39882 -11195 -39955 -57897 44092 31148 66396 -19970 97072 78973 9364 36667 -36458 -106366 50775 44603 85896 -34221 -58726 17327 38796 -14204 -6792 -25371 48083 13774 -31925 42027 897 51704 -86142 -77469 -19816 -47632 -133801 67731 70246 169358 6537 66730 43052 9285 -16978 102843 -118397 -18445 -16633 33039 38494 5154 136612 61620 -16532 18487 63134 -61146 -7574 8589 32989 1830 1243 -30220 -19278 73417 23417 79480 -98097 83017 -11182 123116 -31459 -38387 -15097 64769 29765 65962 -69098 -79138 -29566 -63488 62442 13663 48510 -98150 -24913 67594 -31556 -48879 -74766 -43143 -82931 -22420 -17885 12323 9595 35133 34404 52912 108971 39966 -8490 33788 -25482 46251 -59651 -59023 81675 18584 76103 -933 -75433 -1461 -9801 -47543 36874 95386 77603 -30191 -1190 18903 -37776 -52127 78677 83712 37680 15864 87264 30750 100678 -79026 -1093 86713 4102 -21736 3907 72843 43664 -100679 54981 -11684 -60212 -16709 -31271 912 48708 2812 67438 -5121 -37587 6113 45361 18268 -1173 52569 -63105 28839 -59301 4303 8541 48571 -39587 19422 52886 55546 -54646 56623 -14883 35230 -70403 -6724 -108826 -91645 -94502 79614 9914 2747 13223 48817 46302 121665 -50676 74454 81548 23306 -45629 -46231 -34550 14740 -49308 84869 59437 5794 -46356 111996 -1267 58479 -1513 68718 22786 52883 59848 34942 -35618 -11622 50672 45205 7142 51244 30363 -55015 -26995 10915 32325 -30820 -68284 -25426 -79553 923 -88039 -17168 -75346 32651 -33356 40499 -12370 15721 80027 -16914 -36689 8632 -10315 56623 -42856 -53154 -47404 83418 61557 -46852 -47451 9583 -34990 17882 -43901 -54598 -59976 47142 39688 36724 6194 35020 -9158 33365 21328 70356 
75344 11409 -88051 31781 -48930 30282 -17068 1245 -42211 61064 -20243 -23210 17863 -26121 -63955 -3867 39256 -36167 43498 -44213 -37315 4112 18093 -5682 29950 -210594 -79039 63763 -26259 -63939 38464 -35708 -45033 -118124 -10747 61697 11881 20845 -21649 -37055 -14237 -100236 40754 19283 -35558 12455 -8309 14148 115980 -44949 40746 4935 19796 33972 23089 -17908 17630 -54898 -4335 59657 33497 -18940 73156 -108389 87202 -5845 42366 -13874 -1433 -80394 -3724 11754 26351 43477 -15306 70377 43767 -73114 86249 -27677 -1095 -42639 -21791 -103330 -10084 43809 -5403 -47021 83451 60006 2121 11408 32926 -71849 103375 19194 -11758 -9640 21247 37542 -13289 -38409 122752 -100085 -11220 53505 102737 -66585 -10830 33849 -10597 -22258 -10664 -12274 -65015 -95692 20152 -4978 -20700 31328 -86331 144124 5082 37384 19688 97506 -22202 26554 115565 41614 -82642 143582 -29823 -4928 -44455 -9759 -65939 -81345 9718 -54423 -33128 -10419 -93709 -34224 -9643 41824 -27648 -14056 -23615 10457 58808 15961 53233 -17352 15275 42018 101209 23941 -118646 2543 -70016 -35301 -137434 -20358 -29349 18693 45143 -17586 -11418 39326 107161 -102373 -6665 -63319 -77198 -17105 863 -73016 -46768 -34929 -43614 -19068 9866 -8336 -69753 115715 -153305 15132 2328 54424 -159946 23646 -89204 -33639 112087 -66858 11811 -104876 -31752 -9443 -29077 -7595 -52872 -30027 8958 -84079 -31302 -40418 -46702 -42896 -35708 -23796 15213 -5367 -37239 28482 61284 -66842 94559 -74481 -52301 -1880 -5524 38778 -12953 21505 -34955 -40990 63834 100889 47402 30102 41200 -11756 88870 -71243 15329 -106586 3246 27013 -67842 60851 38363 -21373 16297 -39053 -88571 -14565 41079 -63950 -47131 -10920 90397 2876 -30535 3185 -28937 66955 106162 67910 -19695 8801 50297 -62156 38335 -40688 18044 89408 118701 60445 -27678 16982 37387 -58911 -68705 -26117 -34563 -726 12728 13817 7070 38060 20660 77957 47445 8716 70400 1341 88851 66253 15231 -65027 -97558 -86741 7443 -61239 -71370 16015 78107 -68871 
-1517 4228 -19715 8648 74902 -55360 56647 60298 -18262 977 83627 -15638 -26634 -38630 -66794 -90307 62102 -57764 -2469 37764 153761 62053 16017 -56034 50092 40405 -4065 116109 -54963 22697 8548 82550 -15501 -82675 -25002 -17775 65750 78205 -94953 121387 81041 60971 6913 32848 -5277 -97009 85730 -28598 35083 14851 -21641 -10781 48138 145455 141953 54872 78222 18312 -26250 93699 116267 30561 -53651 -34176 -10160 89963 72329 28322 50189 -75953 -68145 -115897 33891 556 -43666 46394 -14748 -72576 44068 -77367 19464 -25073 142012 33053 -120771 -48933 12860 -6995 70578 -49061 -34074 -49767 16994 -99200 -155 -10938 19982 -58830 -17675 99648 57955 -40021 41766 60991 14017 -4218 -16476 -36517 22488 77494 -85247 -4935 -56883 33353 -39218 38109 18319 -40350 7876 -15820 -17323 75109 -25004 620 -110756 75832 106677 31050 -2974 24006 1811 26868 18912 -23658 5033 -53536 -60510 148140 4084 22132 -118658 30791 -41599 18466 16231 78908 62660 -19130 73252 -51905 -3335 66124 -37308 -33547 58614 38052 -53115 19792 -65987 9117 49526 20486 26633 20661 -18138 6622 7457 -132073 16976 153748 -15325 -62781 86322 55302 1506 26423 43964 -66421 -24004 -12227 -40186 -45535 -49190 13074 -31668 123235 -35018 30085 -10748 13652 -26921 8295 -90259 -69414 -11312 90680 -9367 32759 -16057 -84628 -37010 -132822 23351 13818 36826 -4804 -137916 85243 -53199 128852 -59568 59669 -7604 41984 32407 -48142 81270 -14188 -20360 51038 103850 -84912 -35618 -39966 24699 64954 6480 57150 8840 22212 23908 -27886 55204 -8226 26329 39558 40977 -40547 -21068 7213 51022 -104252 -103743 -2376 -58239 -64696 3939 9875 39931 -38847 2502 50134 -72096 -121481 24717 76861 8993 53653 -50906 20724 -28443 110966 -9950 13554 -34078 98069 -1930 -61256 59302 24666 -44147 -65645 -22056 74979 60403 -132352 42545 -87793 -68970 -120058 4479 -9702 -59698 -8284 -6144 -1995 13437 -73866 -38613 58 -16100 -14728 12836 -59514 -11579 -222 -44501 49253 -21989 -70438 
-13782 18761 75809 -14212 -113379 -33095 36339 22610 5590 -39466 -45418 5220 -140733 10907 57437 40464 -6832 100565 -130023 48742 -61996 69319 -35948 -33625 -97282 -9905 -3785 -22728 -46357 -8878 7114 -2293 -55612 42860 -11800 -142101 52321 -8829 23453 12758 -33596 20454 32471 -9057 -45161 -36378 3236 80098 -10002 88796 -65729 32742 51457 -131036 35590 12326 -45016 29321 85902 -85887 -5576 132956 -33671 -43538 -51595 -55201 54070 83152 3190 20448 77667 -26010 9851 -99925 -21228 19893 -50226 111371 79420 38139 -57753 -23112 35545 -35139 180192 -21289 -5007 50941 -41723 -9345 55662 32013 22780 110887 -140503 85726 -179367 -7333 -20620 26433 -23804 14154 69449 65430 -10546 -9724 4804 34258 41727 -7738 -34641 23280 11444 -59481 35997 13238 -11953 -4246 46310 38963 12358 18971 -48875 42039 56928 68605 212271 9827 48836 27852 -56205 -28896 -2211 -26081 -32164 27580 49997 3878 -15862 -68555 -15 120601 -96764 -12576 -5514 -42755 125189 -57181 -2918 -1131 28555 -12243 -37955 -99630 -41996 -36922 -19362 81180 -80327 -42417 36854 65624 81252 -81607 -32665 23157 -111656 84697 869 -53771 -19503 111984 -44942 135622 2187 40758 -93190 12186 85402 -43392 14633 -21247 26826 -14611 112711 -14992 1491 3026 -26068 -81405 33541 37341 82913 90033 3194 78861 -26212 108657 -8097 62147 -15169 -41 657 -7909 121874 41367 -76609 -65 -63949 -44290 -26784 -107457 1363 -12853 -29323 -119517 27840 11411 27575 -28987 53947 -66564 -25745 -63524 63832 79532 72881 -28836 7934 120782 -37591 -114693 -94367 -31849 52150 23120 -32031 65249 1573 -46183 83735 -31091 -28058 123861 -13177 3739 106317 -127039 42878 90837 55041 833 -20542 -82536 -49154 -71184 3897 -28839 -37871 68161 13684 110763 -15734 36377 -615 28755 12145 -49097 -12868 -67855 5360 29646 18435 33887 45454 12654 -35129 -60719 28621 61571 75639 55797 -55772 52595 -34695 27946 8911 59723 -88811 20617 -27870 -39627 -52949 -9168 -16085 -85648 11357 56176 -9630 -93439 
-132784 -15152 -12499 -68635 -46165 -48559 -22202 20632 3984 -63335 36434 77959 -49899 63232 -50055 51146 77566 41786 -58402 -75688 -6511 66367 256 -40400 -39216 71043 51808 35607 31922 -115774 6339 -69226 -9060 -87562 -36251 97701 -37287 68459 -85172 33362 -100750 77377 72943 -121353 73928 -98054 115108 -87824 67985 34251 -71305 52756 125280 -82857 115902 22910 76073 35777 18276 -15531 -5106 3787 -28506 4612 -37216 -39653 24894 1878 1724 61890 113110 -91501 90824 -108210 -106958 -125729 -45507 -10715 -18119 -114627 14131 -24282 2192 -46885 34358 10428 4551 -10316 2303 3359 64830 -137906 -39178 -7941 451 -30845 -62473 52110 66526 17288 77025 -51291 72959 -84724 -15258 -670 64979 12431 -36069 2622 15032 -44719 -54743 -57987 6864 -31989 -118628 72146 -30584 54951 32962 11930 -43007 -2275 2166 110900 25840 -89026 71353 111406 -53729 -26466 -88712 23704 -74582 -81546 -15431 -61611 10703 -16382 -25591 3596 27212 85117 48337 -43971 -11184 -64572 81798 20469 -11810 57468 10286 -42435 85249 -43617 22704 -131324 37900 -21995 -2339 -86632 28499 58693 22881 6331 -28747 -86368 -28949 29002 77777 -31272 -55635 87701 -77657 -64841 1459 -59031 -39272 19672 -61465 -7059 -63267 -69392 30195 -16751 -4272 132177 20154 -40625 -89843 -2255 29401 -7285 -12612 -115141 -8458 29989 -109714 -496 16554 -66525 -9442 -54667 -28897 17378 -23496 19958 -21283 31063 103653 -87633 76220 -82356 -16555 -51305 13013 12623 -41395 69689 80232 38693 37283 -1511 -34129 6997 23379 -27492 -5046 65924 6760 -95181 14502 44375 31603 53047 -25546 -40171 7174 -65994 26419 42253 -79408 46995 -67951 -89444 13841 21909 -122070 35263 -60631 -39625 41278 58873 119107 55338 25358 11148 111202 170 42595 -49077 -23600 72482 31426 52604 -46565 -19128 -102377 72750 10236 42446 -62073 75724 -67807 -139243 -6786 -41452 -5842 -5248 -49568 72244 9243 -4952 45429 -13915 34305 -24947 -79229 1695 5066 111000 -26179 -43978 10400 70486 -69856 29486 -44272 29456 
-63913 3860 71726 63122 16706 83432 -75490 -25847 65145 -18074 168285 76863 55972 11943 -100190 49121 -19611 -2505 -32123 -42502 -16729 -40386 41912 52252 111010 4324 81319 -13445 36292 38751 -56442 -14416 -20238 -17714 33207 94064 -12676 -3026 -20606 -17122 -13471 2962 12137 -33248 3301 68766 -39169 33132 75214 -149019 46163 133406 128170 -98249 -79335 18225 33742 60018 -51846 -52555 105807 79600 -50885 -26 -20781 -73176 -18950 37092 -7294 -19815 92187 -115699 35943 34553 -103886 -52630 -44268 -39007 -12014 -18364 -9567 55703 -9154 11544 -24152 -7148 -101604 50756 -40578 -51353 109171 -29981 108301 15798 82992 -68218 -110887 19090 137858 -79506 24707 204443 -16662 -65284 20469 67769 1317 92403 -58331 17921 33767 13301 93562 4931 37138 -29233 -2848 13163 80892 47861 55209 24796 1192 -82596 18414 5096 71501 52252 -44960 -56542 43616 -73675 -17714 33023 -24478 47289 29794 19364 -9633 88998 52675 43026 42705 546 -9364 -13807 9247 22588 55825 -639 -38162 -14138 -5176 78164 53234 -32018 72852 -74437 66808 58118 -48967 -16593 14901 68967 -33 -31236 45936 27075 -69238 31909 74301 -8879 -84855 1159 83791 54167 36353 29383 20033 38261 2198 3220 -9895 -133320 -25259 -16525 64537 -10554 60373 -21099 -43531 65154 46629 -57339 -32478 -37012 21753 38797 -32233 91428 12989 29187 -80204 -46157 44218 -25124 94502 2652 -45755 25721 58324 -14663 -35426 35938 28337 68798 -24971 -104914 -109219 -73052 -13214 -69821 -66211 21946 41261 28788 191055 54472 2814 66450 -135843 -74662 39362 -51615 80529 38749 -39412 20896 58654 -42944 -19741 35891 53873 -38357 52077 43080 -24913 36154 -101358 -54118 -57238 -4244 -5494 -46090 -128890 -31475 20663 -37460 5796 -25110 6543 -53267 -12918 91111 -63341 -32835 8222 -61103 -45294 -93644 73582 100796 18482 64867 -46783 -5124 59419 -44389 -79723 -76769 2051 -19419 110655 10340 52620 37409 -71104 -79222 -79294 -17435 61509 -30051 -61154 -43063 67280 -32716 -16022 -15850 -43770 -15229 
-39182 -71358 37288 50797 -3989 299 87950 -63298 -11605 -61363 11406 -12547 -39340 119521 -5904 113931 -57554 66417 -67119 -6841 -86059 94458 -122743 6945 25018 19896 -22754 -5205 83603 -21917 -235 -11591 -33694 -1179 -33235 29546 43363 -8002 -6494 -16811 -4914 -22225 11360 13737 81549 29543 -15906 17510 30472 -55012 -60650 41734 -44514 25795 12284 -16198 57967 -33079 10845 -29444 54413 -125742 -13129 52727 -29565 -46220 22458 3649 28354 -3534 -50069 53785 2562 -75098 38327 -38193 -43097 15544 40393 15292 62354 47737 -60003 43895 48071 29023 -17053 -71396 5663 8908 -5730 -2336 -23406 -142123 112465 108330 -34411 22956 31038 50180 76198 -61008 57163 -40833 -11046 -127124 -19219 34496 10921 -311 12073 69373 -62056 56771 -4964 -171511 15753 -52304 -79824 28181 102294 7262 -22252 22129 -107682 8322 7807 40034 32452 -70591 -3140 951 2010 -74444 -8865 -92694 8269 -65645 78177 16037 26439 -35227 -47290 76739 -124593 3312 -2628 21362 3639 37845 62427 15441 -50541 -100592 -62373 -31915 79757 112959 28293 -45746 9494 -39796 117236 -34466 -118632 -48681 -47231 -14546 132591 8314 86062 -36865 67105 9962 14622 -47754 -5809 34350 -54280 -2664 48924 49474 -15289 -23489 -25514 -7881 -74152 -32971 -26601 -53644 -40239 -52506 -128600 76203 -35363 66478 -38076 19100 -53963 3009 104418 38335 8293 -338 -63969 63377 -31072 51827 -45683 43028 -54107 -35305 -549 23481 -51816 -5017 -43737 6001 -46443 33513 -75130 -17386 75224 -34810 48264 14440 49078 49836 89949 -14733 -12152 -28889 63854 -39469 -74425 46231 20022 28026 -31943 46943 118511 -60394 48322 -55400 -27491 87341 50414 16391 -127198 -37538 4855 -40493 -23959 -47121 68124 25292 -160397 76932 109565 -5566 50912 110441 78781 95831 67124 60235 -41133 -73985 -60789 -50809 -33013 71228 -39222 41158 -1127 -18695 -8887 27294 -6701 52696 19593 6243 -18191 -66760 -67871 64999 23438 39395 87502 86687 -106617 41316 -81585 116127 -69972 -16662 -10566 -54397 21765 32215 
31519 -19876 -57840 110742 79711 81331 -52112 5847 36132 -47944 -23948 10854 -26843 -45451 131984 -37738 -30192 -68723 -14114 -31887 18421 -21989 105226 36707 1850 26631 109862 8608 52041 60514 7054 3662 -22636 56912 -67695 37856 17778 -26522 -72875 -26300 -83432 120787 -19913 -15192 105523 103147 -79017 -58082 55742 -16203 -18208 10929 -81494 6370 90683 -43606 56593 -50434 88748 46240 76208 -58049 60537 -23416 74772 -10875 -97172 62186 20317 -1378 74791 -56454 -47707 -75116 -130170 -69243 -34152 -1701 27346 23077 -26730 -7869 14186 1188 -9879 30543 -13189 -90123 19558 -44355 65819 -42965 -12611 62987 -4034 21236 -9286 7620 -28705 16207 41079 64823 23577 -23334 43125 69978 -32406 -79228 43906 65698 -45956 8307 107167 67138 81877 36322 37361 29339 52531 -52807 36856 12244 -84487 -18082 27257 79179 5898 -36130 34395 3752 -1539 -118641 -13115 2393 -69082 -4675 88379 -60692 -9491 26470 61925 -9507 45300 67135 24875 -97470 18080 50304 -33731 -68279 -76576 5458 -44628 -54406 -72783 26726 24398 -119002 -29066 -37126 -11988 -50856 59187 -3489 83949 -21819 130611 -67860 25262 -1517 -34214 -57805 62132 2364 -32111 41423 71255 -15123 -20162 6274 -56755 2654 -23154 64261 82709 2949 108066 -55760 -13584 -39623 22387 -5569 194 6825 46177 -77024 -17377 17028 -15560 -18212 41986 -9913 61050 44265 -15800 116815 40752 -13831 21130 -17552 35416 113868 59200 41278 26346 65401 33924 78949 -979 -24092 -14837 -37085 -56546 -75414 -115210 -7329 31092 -37162 -125280 -12234 27077 -19187 -1614 17510 99770 87337 -9401 -70963 -86514 -10338 -102448 40200 28711 -104930 -12378 64838 27914 11739 61567 -6140 -28934 25357 -15611 20514 90184 -55648 -11664 69495 -15606 61088 123851 17722 -20330 -46213 -43177 -37951 58944 -27622 72099 -17232 -33740 87907 5922 34763 -63108 -33400 -16392 51001 -6185 -58464 92026 56721 -24339 67878 44029 -92095 37928 18352 -22200 -24013 128558 -33047 -31097 57964 98450 -3687 23864 -4437 5667 -33583 
-44576 16716 -4980 -56410 84449 118179 -76859 27868 -22951 -2093 31135 -56438 82264 -63549 -84455 20891 9025 4430 -60153 121901 8741 -52679 28200 -28739 50869 -25852 63227 -17376 65056 -35853 120740 -34253 30015 17742 14695 94616 -101491 102587 -14528 -53405 4932 -49571 53511 22145 -55882 22109 26820 -21535 -90317 -12115 126102 9506 61131 -114242 64726 -25405 36769 65030 -170938 43246 22259 78105 15922 -24022 -80039 -12828 35530 -11896 -3746 -28227 6888 2981 85085 64845 -40412 -14016 20632 42088 107827 30391 -48238 -21838 -69381 45266 12664 13912 25968 -41045 -47432 -78220 -62440 -2573 -5714 -15458 -34184 -14811 40497 15670 -49365 -63632 1292 143173 52074 10147 2138 97299 57845 33013 -32851 -44473 20957 -39658 -32801 70201 68957 -50710 -47265 82893 -147148 -15076 -39060 -48214 30375 -78526 48584 -51463 -57599 -10360 -22290 93725 -14029 9744 -8192 15548 -57709 -77187 103426 78956 -85205 -13743 -54121 18871 81961 33870 -6058 106644 8693 6723 -24552 -115746 -30055 -83773 28571 909 -79280 -53588 -77105 -78813 -11116 -26380 71600 55457 10991 92529 41468 -37819 -13915 -17624 27089 -138 -122799 -60578 73251 -28648 73907 45203 30702 -12850 60124 11143 -8046 -48958 73601 -59066 -27086 -29009 -7977 72580 -8104 35160 100195 151157 -47271 -120920 56083 -28811 81103 -62941 91004 -49090 -8138 -48040 7887 -15818 -92967 -11819 -30999 -59762 -22690 80908 -76963 -10525 -15660 85352 -49693 -12410 78814 -91527 -27267 -56601 -51771 76706 10825 -4788 66004 -31603 40719 106878 53073 -70178 47375 29292 -17486 179683 -91447 75538 76672 824 -77937 49904 -182950 36121 14629 98467 -14844 20118 45907 62549 87621 -11601 28193 27184 54931 6700 51178 -32872 -76411 -76051 -94187 34530 72096 -19676 -100893 -83633 11538 -33856 -37469 -51736 62164 -73365 -11134 69485 75152 -50358 -46227 19394 43318 84860 17091 -24798 1545 63391 -108324 13447 149904 -73834 30575 -56685 32088 3436 80688 37264 78466 -102672 -60064 3261 60977 25624 -91776 -74717 
62028 79854 81119 -88791 16502 -5224 14250 -51207 -80332 -91301 32824 -102701 66230 -5466 14703 -48716 -161068 152031 -53184 -105166 -29484 -29785 -21187 -14111 -39487 11878 -55813 29914 44429 -10026 26363 60379 -6442 17267 72550 31880 37416 10885 -37572 -40895 -97409 42253 -46019 37552 -130311 7196 -59644 -24239 39643 -30380 -23772 81888 26389 36419 -8627 37465 32035 -55834 -34859 -49702 62494 39528 -105864 -63017 -78979 -117004 43579 -19275 -3208 50292 -72768 -20446 -48455 90803 -29914 -41525 -28231 -22349 57462 56067 -74796 32902 76635 -118525 -79517 55930 -144946 -34757 -111106 84924 83109 4878 -42954 45034 -47492 -51182 -15523 -67097 -88642 -126157 50304 -18330 -37812 5332 61200 35422 38903 100913 -7240 8212 -26638 39033 -23502 71099 37940 -1451 6540 -107308 9467 -111652 74316 -145997 -47147 -13353 29740 -31449 -42829 12024 -80261 -63536 1428 -5001 45649 -5687 13266 25819 55545 -74571 -14938 67814 89511 57798 -29246 2613 -56966 89117 127440 -36093 65843 19522 -29771 4246 -53512 -34454 -7537 -164901 57981 7384 68227 -59635 71506 53677 -31051 -46475 76192 -14883 -7099 -56785 -3869 72627 -14779 23725 -10662 25444 -31229 49665 44571 86036 -10992 97427 -11666 19525 23855 52226 49140 49418 28086 52419 46046 -63472 25926 -27377 -9591 13260 -128594 3890 42218 -60618 -25974 32084 4332 65088 -13156 45448 -18362 -819 41359 37841 -50686 4898 -31711 11932 61457 -126406 68017 65831 35862 41466 -72248 10178 107770 -10144 15773 -32817 -108000 18779 51889 -52037 42074 -1077 18121 -16942 35628 -107281 68564 27548 -11101 18907 -77348 18595 -20020 33659 42072 -77004 185251 32541 35332 -34032 -26796 -64345 17058 -13123 -20658 -25168 -3404 33631 -31337 62540 -42421 30625 -49144 -23045 -57113 87790 116200 -22299 -118711 -59653 -34159 -25619 -39147 -16177 556 -27858 -11294 -10975 -819 51652 -29070 -18247 32900 -44038 937 8516 -124921 10989 -51869 118808 -50877 20405 -29931 10752 -47734 -119072 -28981 -2193 -35432 -12248 126236 -3717 
-26796 -82159 126702 79714 -44945 37687 -44842 46458 18582 40452 -29814 -39382 -76480 197678 126028 -3076 -22986 4593 -67577 71217 -10476 38665 -31765 52388 -152611 68813 -71287 40340 -71374 -46052 -67974 56370 -34959 68300 75869 -103974 -71 20043 19803 -4149 -51326 -105502 -101107 -2637 -60796 -15431 43243 -13554 23248 43161 -21344 49623 65826 22077 1766 -74094 14829 37417 59696 40114 18644 -75636 4465 27754 -24691 47457 98390 29165 33501 9126 26750 -57992 -31429 36362 -62199 -69100 -14162 89006 -13232 64963 9606 25507 -43162 -87208 28174 -15359 -59964 -15691 11145 64158 19290 24616 81103 112085 -114088 60990 1182 -18481 73746 67436 24521 -125603 -6681 -91825 -27117 -64669 4505 30922 -81671 -11357 -40217 -12306 9420 94835 35110 -25898 -49511 -128947 -6427 -43609 49128 -72629 -41963 15739 7449 1737 -2368 62878 14718 5239 33205 -88216 -110910 73508 -86798 7443 -9908 9476 -97403 -5016 -18478 -45906 -38689 67408 32269 -122955 -41144 52504 51 44766 70948 -17498 -11779 -30547 -45648 -48057 -19063 80897 2433 -116310 10266 88521 54461 94600 41094 -97858 -104817 24009 136810 3415 81506 119198 85011 16069 -81419 -50569 27016 25473 28724 78715 -116466 -70273 -1786 40985 78206 66359 -24477 25547 -28795 25493 -98859 14247 -1949 40161 -279 103083 40553 -22106 99846 21328 72698 -4242 4308 -9593 52786 102720 46181 31408 49996 -54461 19411 -18297 92865 19224 62163 -30028 -3903 31974 -28006 57758 52073 6289 96068 -55493 -35738 -5606 -130446 79800 -85642 -1999 8422 27434 35705 -5414 -577 -73815 -18220 43516 -11340 40257 -60230 -93934 -29258 -8687 77449 18340 7974 -52798 81959 78708 10378 46598 -5938 -41657 -56227 -9419 -74643 54393 7292 -118944 -112578 -62004 15731 54761 22076 -67600 83082 82457 -49795 -28684 68610 -52948 -108705 -71722 63416 -59298 71145 31844 70706 -12352 24860 15377 -22460 123448 -28173 39377 61707 -45806 -51108 102630 -46846 -80995 -28416 64566 80340 6867 41420 8179 73041 44823 
100398 59686 114242 38612 -16654 53794 -54787 3675 -113910 -13462 987 -65964 124428 25134 -82091 40838 -97905 19644 41155 9013 106822 -26416 47039 -11692 -53327 -85307 12921 -21042 35618 -48472 69221 21424 28355 -66637 46151 -101189 19611 -64497 -55115 107929 107837 -84336 -43029 37738 110038 -20828 -1134 44636 -44229 -52202 -5223 -30801 -29447 -5643 22392 7012 103112 -25729 -49515 51438 -65689 -71813 -47496 11982 7425 -37350 -80976 -36206 -48176 -28531 -29903 -11797 66069 19006 -28067 156693 -6544 81440 14962 -35719 -7372 -35985 -18084 -6075 31419 6496 -43778 20536 -25522 -18223 58981 -29904 -47732 -99704 54610 -16478 103324 -4017 -36512 -26546 8228 61243 22954 35596 -10071 -77711 125804 -44105 -81952 -11377 39134 -64001 -52587 -29035 69581 11350 -54973 -42467 58411 90047 17027 8615 80336 -15931 -37177 1158 -19496 91190 28554 -15859 -42742 93898 -21874 -20233 -91948 27407 1458 -75476 -30098 54824 5931 86369 75645 31633 39817 -23400 -16813 25496 -61284 29040 -9657 56743 -4053 78494 -2298 -44425 43391 90915 50945 75398 45047 41826 49069 -53596 -111806 -8137 21770 130539 10933 -17723 33795 -79710 -87191 -35413 19087 -64721 53707 -23774 -9435 -4117 67007 9885 29359 -43852 -30552 -86808 45200 -63362 -24002 -72715 -51929 -14522 -61056 -30103 -29173 56154 21562 66679 41657 32837 16417 -10841 8778 45375 64874 75848 19788 61055 -60873 4970 -9932 20335 -1319 3277 -54888 -49612 -61919 -25952 -51147 90311 27322 56735 39214 21746 -3865 -36446 28464 -7593 -98927 -65705 -91009 -71954 88425 57818 -17941 65470 34774 -14823 -27247 21219 10099 3580 -95080 21342 -17801 75725 -8374 99324 -37773 -23046 63940 -63951 13085 -35593 -62493 17590 42264 456 8591 113880 105755 56434 12105 1993 44484 63061 -2427 80192 -27703 -64090 -30902 -39482 24587 23855 102322 -52099 181875 8063 -32655 9822 -52282 84910 98276 -71364 28425 41803 186123 -108697 45480 -41842 -6966 -74295 -100150 115065 6550 53353 -45048 -57757 -72021 -42144 
-34169 123174 -70942 -50034 19177 26516 -26437 64159 8898 40651 -9425 64778 20835 -48999 -5384 20383 10250 22933 -14805 36809 -71863 -47325 68768 -97674 28594 93237 107400 31270 -113615 -11204 -46466 41009 -12610 66723 -45471 8296 -7488 24293 19586 7016 -21329 -86825 18454 -24898 10077 -4112 -109135 -55214 13251 7315 -4573 -21237 21955 7666 -53713 147263 -33705 -15753 7225 4601 -26915 116395 -21167 31600 68616 -16670 -96149 -46398 -42257 5909 40237 67289 -59579 3437 29543 91729 -14822 33941 -69056 64517 -18047 68236 76331 -34849 31317 12657 -8873 -494 -32277 -79837 42751 -53415 -14863 15498 -52967 13476 -12859 8170 -26713 -20177 2670 -65832 88914 14153 7843 -13975 -64235 40586 5111 119559 987 57452 85769 75805 -51951 85678 -9024 119023 -72281 -35283 16157 141038 45196 32981 17354 -47851 -14325 -67683 70084 -123197 -54685 8680 -76550 -97013 -58823 -22701 -6997 30843 56420 -17193 22966 -62644 -43443 86158 -22786 17949 787 -53904 71301 60737 83743 -79421 69465 -28919 -14760 105656 5182 -34639 34745 -19187 -16952 42338 8989 -18061 -6389 40868 30478 20482 -26227 -81432 449 -48742 95103 137964 -9025 -21637 -34840 34656 -53968 -6182 76848 21551 33511 -76958 79713 4359 68772 -33232 -8922 25301 100611 -32402 39955 -29236 9040 -49107 -45758 58975 -35228 13778 -51063 -18825 -2880 -75929 98119 31476 1504 124180 -61297 48763 12598 15933 36728 116635 -10228 16938 -63674 71010 90751 -18630 26116 -4227 5054 9274 32135 -17182 8494 97621 -33955 3595 73247 71012 67084 4477 -45069 -87584 -2714 2708 78037 69269 65266 -17582 27903 -138013 63109 26307 69031 22976 -10973 -71916 -78534 45363 -62382 52120 -40159 -7909 26790 59685 -75807 -88076 67279 68445 -44368 -96256 -47474 -22290 -7529 57162 27271 105127 4516 3468 109904 -28642 -68356 -22531 -12911 -9436 16368 50319 -35306 13924 19455 6522 -44647 -22583 42201 86322 -42553 -59640 -8129 36956 80614 60413 34417 111119 56388 142066 -14303 -22335 
-22642 -56589 45374 -43915 -117067 50262 -20728 -108354 -75792 -3811 -39089 31776 32483 144458 -6186 -98259 -79175 15628 -30914 14449 -15742 41550 70878 -57665 12788 47833 42261 -5691 -74558 -37241 10831 -29799 40961 -61964 -55811 37210 -1037 34322 -72996 -14628 -15683 64358 -742 45041 -21537 -53969 -49348 -49111 66642 -61579 28987 -33729 145628 -53929 12308 65020 28950 -41488 -54205 25514 44376 -36876 88332 14044 34745 663 -15359 15699 12751 -57353 36970 9826 -20578 33488 91868 34182 -55742 -32497 -34222 -63648 -73268 41814 72919 -56643 -99739 35160 -49594 -10064 62844 48206 38639 100574 48281 27309 -100448 -46570 -69567 22436 -48545 -20400 -43282 -79776 28537 37708 115632 94015 -44340 -12429 42441 42208 -6697 17889 17554 5676 7731 86347 2120 3461 -49938 -37531 39364 -64936 -67683 54949 27934 -74746 -79383 30394 -22218 -89066 -74067 49357 46589 -20675 -23766 -54362 92470 -27057 -34460 -120749 60647 4980 -171141 52995 11729 -6030 107165 -82574 -32741 69306 -39270 -12133 70051 -78008 51617 -77603 48809 -55380 17317 -77682 19871 -17657 -59355 -51757 32010 23250 -20011 68891 -48193 95720 -20689 -92518 11998 108999 -8011 89662 -58022 -48912 -10507 -93570 -12310 98459 106100 -30193 66136 -47949 44148 -56944 -12851 -22688 50605 93945 25373 -46924 -28982 22718 -68020 33873 -29108 19657 24155 8665 -15695 -93508 60454 26885 -68527 -33167 33083 -32604 -26334 124891 9830 -32416 -56560 2553 -48175 77461 -19548 -49010 -8985 -65371 -32752 50152 -39030 -48898 -4457 103000 33385 123544 30896 -21395 -30027 -20248 -23303 91999 27292 -5942 -102238 84006 -2759 121918 -6089 52956 -35066 -4427 62635 -51050 67113 23337 40547 26025 -24888 -31828 8287 -22959 1831 -36218 21890 31152 8944 25437 53472 -74699 -3074 5369 -152596 55043 -75798 -24444 -47983 -34314 18471 -23033 14332 67914 -68054 -36035 -12838 28526 78686 37768 13488 -18066 -55822 62018 140727 46283 -22485 -38239 -85200 -52010 -966 30963 -6848 -8841 12661 -51153 41525 -80493 
-38882 40739 -4182 -53537 4570 -37925 89697 -27400 -3319 28229 20703 17332 -12277 -3355 -48398 16506 31948 -3041 -125639 62589 477 -106118 -54511 -130687 56319 -7162 12653 -29935 -43157 71812 30814 120120 -28641 3454 -50301 24877 -35076 -26670 11417 32968 -29080 -52337 87752 -24861 109307 -23213 -140802 -88136 49531 82732 9110 -49351 -78637 -61021 -34129 -108750 29906 20779 -65768 -538 24009 26649 -44195 -35762 41428 6508 -21844 157344 49925 -7491 -10024 -83176 7338 -1055 -17635 1008 -33084 -57348 -59223 -50286 -99557 -23090 -43065 21969 -50663 -22388 -18421 -71284 16661 -7824 -32738 -58229 107264 -4916 -23166 -51260 -50675 47761 24856 69019 -4935 11610 46563 -100870 66385 -19083 -48398 54811 -4601 -48322 -11530 -32555 72302 -70453 40487 -7494 13115 -63777 -5405 -15302 72058 39965 18791 -45643 55271 42539 -86498 67802 -73662 18800 60202 -34858 -6646 67344 -104529 -18198 109180 -4494 10472 -13428 31000 55181 62523 110477 -335 -9427 97454 83932 60870 -12901 -19201 104750 -31518 24117 16822 -94633 13854 117809 14443 86253 -77493 -13613 -105914 41614 -25031 86571 -17103 -70541 -31764 10793 -65527 61087 41714 -76850 9130 -61945 4514 24596 86729 -12979 36367 86130 102646 -25320 -137838 -31437 62755 -13714 -28665 -4839 11062 -61058 -7702 27224 80725 34398 -17565 -48788 -39417 -56486 -36740 -54358 -123432 75622 -64360 -115536 47126 -989 -49362 49575 61197 3850 -53769 54236 39076 48946 17914 8264 -48152 -166177 -93082 -2615 26014 -6082 73766 -62884 98410 -48830 -59843 47396 71538 74712 -63486 -31863 69501 -134545 -53978 54233 39475 -26609 90731 11208 -35658 -26411 -3746 -76948 57509 4655 95898 -98140 -6634 21582 -26817 60368 -34868 -27191 -17222 57647 -58454 51817 -22533 -5262 31309 82064 66284 29757 -62861 163625 42129 -137212 128173 -37943 57674 17317 -129582 51613 -58641 -57612 4953 -20151 39900 7429 -92967 -23294 133185 57865 30093 -44647 -60891 89479 -71862 2305 21584 -68435 -12630 -52098 9274 39872 -27776 21532 
52578 44971 -44397 169088 66478 -23054 30683 9236 18350 -31773 49033 -76239 40649 16319 -82521 -51892 13541 36178 -7773 12863 13873 6989 33323 -73054 44813 -20323 -11932 -38646 17586 37029 1215 18860 -24279 -44860 56767 -54872 -10937 -70275 -10017 -3089 -52958 -85026 -62029 13317 -39590 -21442 100933 92650 2617 -36856 -25436 -1590 -1436 45700 40839 62103 44868 23631 -15471 49418 26104 22894 -34046 10235 -25321 -16232 45873 -106635 -30217 1530 -63760 18421 -15882 -115603 -75380 -47327 28143 -92374 -62390 49589 71694 65519 -50377 -28165 72850 -5601 27186 -33575 7387 12709 -6934 -52888 7714 -34554 16495 -104143 -65721 -99635 -54664 -20422 10574 29398 -15150 -129613 7317 -24187 61923 91230 50896 9169 -65283 -112001 13886 -36052 -17545 -62972 4697 -66821 -13186 48504 -97747 -14691 -47155 -87177 -105684 56108 74550 -13606 38150 -9550 17349 27121 6467 -3324 134535 -10382 64846 -16464 9066 7439 137769 -120003 -8489 3554 73663 9694 -85488 -45807 24667 18218 -5017 -29376 48845 43953 -75246 -47091 65504 -35679 -20085 -30672 66689 -44793 61089 50883 38285 25373 15422 13005 7683 -64155 -17450 -8985 -76516 -36068 -27523 58576 8693 46577 -9167 23709 94155 18772 -70215 -17447 -71207 31123 9708 68490 -28655 62052 67238 -9946 -65840 -174384 7667 -93770 -43058 37885 -126625 -55594 80115 67193 17691 12182 67378 -481 27573 71786 -55541 25693 7014 28567 -24585 -40383 23944 -11859 -21938 4665 -65676 -84414 106300 32435 -63785 -57147 -25170 -49825 -90681 19959 65454 52514 23412 14247 88215 16325 -106797 -93214 29071 29237 33683 -102486 -34496 -93729 17134 -94999 18568 -1665 8643 28201 14466 -40063 -2064 66122 -12501 30268 -23016 41789 -16721 -1770 66186 -20575 2076 21448 -1367 2498 8033 -91223 51838 46081 -33069 -11708 -42978 101315 -66703 -61253 -12696 -43498 -171 63316 23122 7137 -40620 -12809 72065 13484 -3852 98152 -19902 -17930 -50546 35458 -26034 -44632 32728 -12744 -10996 -7792 -15234 -57079 -62588 55827 
