200
-14 18 99 -8 -91 -20 86 -99 -84 -71 -3 14 22 30 47 -59 -22 5 -24 -93 34 67 64 14 -15 84 -6 48 -16 78 -25 17 94 -26 -44 -43 18 56 -24 80 -60 89 -15 80 82 -28 -77 15 94 18 -57 -37 77 -10 69 15 41 -8 2 -61 53 3 -63 -69 3 19 -69 67 61 16 16 72 12 -9 97 -71 -77 53 73 52 -33 -28 58 54 36 36 -44 88 -51 82 58 -45 -10 -10 -12 78 35 -43 55 -73 -2 -44 -48 3 -19 -17 -79 -96 11 -97 48 -31 74 -1 -39 31 -8 1 -27 -24 -87 -96 89 24 50 -35 -82 -73 24 -86 -91 34 -38 34 10 31 77 76 -14 45 -71 76 -57 -86 73 26 -96 41 -65 -61 55 -18 -81 63 98 -36 -60 -17 -5 -96 -82 83 13 50 69 -63 27 7 43 13 35 89 -30 -72 63 -71 68 -89 80 -72 37 -97 78 40 -66 -30 -97 -39 9 30 33 -65 -91 -79 40 -67 14 15 -13 15 
-66 63 -41 -67 -60 5 0 21 -59 -96 -97 94 51 6 67 -83 -35 89 -3 91 -81 -50 -75 -28 -31 -59 -62 -65 3 79 21 -35 -87 26 -7 37 -43 54 82 92 19 54 57 44 -28 27 -76 -66 71 19 -43 -67 -23 -13 -90 -67 -17 58 67 -60 23 -59 3 -70 -4 96 -81 -42 -14 -52 -9 6 -56 73 -19 40 -25 -62 95 -86 22 -47 -29 87 70 -20 -27 30 82 48 69 57 -27 -65 -44 80 -25 66 -72 -52 -30 89 16 54 69 68 -16 41 -50 -27 -88 -25 -37 79 -95 58 -66 -39 -22 -29 -24 -52 -2 30 64 -5 -88 -53 19 -79 96 -45 -35 -56 -71 95 60 -60 -4 -31 95 -36 -89 -4 -43 -17 -97 -95 12 95 68 91 -48 -75 -15 26 -47 -17 51 -42 -53 -24 40 -44 -59 -93 -22 13 -37 -13 85 42 -6 -62 46 86 -24 -22 -74 -79 62 9 65 92 -55 8 41 46 75 24 32 -96 -45 79 -74 -42 -24 -99 -42 -78 
1 -29 72 41 -64 -15 82 50 -27 -92 -57 -41 88 -11 73 -96 -63 23 -9 51 -86 39 -72 -63 15 70 -4 -4 -68 45 77 31 -22 47 -15 41 -6 -77 -1 56 78 76 -61 37 75 53 69 -53 19 -9 70 98 -4 78 -47 39 -48 51 40 -66 48 58 90 48 9 -30 68 -51 -48 32 -17 -34 5 -13 41 1 -82 16 -17 77 -68 -4 -71 8 28 -80 -61 -45 98 -76 -5 -66 76 -18 96 -93 -10 20 -91 97 -93 58 39 -60 40 -64 -75 59 22 -47 83 -21 57 -16 27 28 98 72 -73 -9 98 -85 -60 -15 13 -9 -59 36 -72 74 -90 -82 -67 72 -84 98 -12 83 12 49 -89 68 -74 -37 94 -36 -27 -94 -63 39 -27 18 -20 -85 36 -27 -97 -12 13 -34 9 -61 -51 -63 19 76 -27 58 95 -16 3 -29 16 30 71 -31 -79 7 -79 12 -77 54 -57 -68 12 -54 -10 10 -32 5 52 51 0 -49 52 41 -65 68 -83 -66 
-10 -10 -58 -79 84 35 99 -30 -11 -87 33 -47 78 -52 -17 -4 -20 -44 -80 -22 77 4 6 -57 -21 41 60 82 89 -90 67 -66 -54 -17 -46 89 38 75 -4 30 2 12 90 25 7 -58 -14 33 45 24 24 -87 12 -58 -29 55 70 5 -44 77 79 -79 91 29 14 -30 -22 99 -83 -60 96 -86 39 -38 16 25 25 59 56 28 -50 24 -87 84 -3 38 -13 -35 -22 -36 -62 -69 74 23 -70 21 26 92 -38 -67 -63 80 17 -56 94 85 80 -23 92 -18 -88 -68 14 -40 -58 -9 -25 -92 -24 -55 49 -94 -54 51 24 -72 -58 -61 -72 -49 70 69 25 74 48 -59 5 -35 30 -67 82 -77 15 -13 -59 -35 14 92 60 29 -64 30 14 76 4 71 -7 15 96 41 -26 -59 76 18 91 -33 -35 -45 -8 -87 95 42 -83 90 40 1 -60 -34 -23 80 20 10 78 18 -21 54 -55 -76 25 -11 -26 83 0 -75 36 48 -44 61 83 -3 
49 -27 -16 84 25 20 10 75 -61 21 91 70 -69 -81 30 67 -35 -53 84 32 71 17 36 -17 87 90 80 61 84 -7 2 43 -45 48 13 64 86 48 26 78 -93 -15 95 80 47 22 93 35 -30 56 -54 52 3 67 90 19 -35 -44 -42 -80 56 57 -70 -36 -70 40 -16 22 -43 -98 64 -33 -72 -28 -57 -47 -61 46 -16 -59 -93 -54 3 -63 64 30 -45 -32 -62 34 25 -84 29 -51 -43 -76 43 44 -92 20 73 -28 54 68 -67 -38 63 26 85 -82 -36 -37 -67 45 -60 64 -51 63 62 -32 92 -30 -81 35 -59 21 50 -81 74 19 -60 21 51 -19 -67 66 94 -6 -31 71 16 20 41 -87 -82 -90 53 -21 -72 -15 -11 51 27 1 90 30 40 -42 58 41 -16 -80 -15 83 -47 -89 -85 76 36 -92 48 -47 -32 -62 36 -37 -89 -41 -81 -81 -81 -57 -7 -50 -82 29 2 -54 25 40 -26 11 42 29 -41 26 16 -60 32 43 
-42 66 36 -37 93 -20 -18 -19 -59 8 -9 83 17 79 -57 -46 -12 84 -71 57 99 11 -64 -23 36 27 56 -36 -72 44 -7 8 -96 -33 14 92 57 55 -10 -2 81 -1 72 39 -33 70 -13 53 -92 -71 25 1 -12 74 -37 -15 -5 57 17 -24 -46 -71 -80 -28 -99 33 -56 -40 36 65 51 74 -81 -58 -91 45 22 -19 20 64 -75 47 -77 45 -79 98 84 -23 -72 -78 -6 38 72 24 10 -32 -48 19 -3 -53 52 -89 -96 32 19 37 -73 -78 -49 -56 81 -32 65 -6 69 19 -21 79 -55 55 25 21 86 84 -93 94 80 55 -24 -60 92 -69 -26 84 28 -10 62 83 31 54 99 19 91 -28 -62 -83 -78 47 84 77 -67 21 -14 87 7 14 58 31 -46 -7 1 73 94 17 -18 77 55 29 38 74 -60 -11 60 -4 47 48 59 -44 18 -49 10 -53 50 -97 92 -23 78 -43 45 -13 -63 -33 -97 -38 -52 -58 -29 -90 24 -75 
48 0 -18 -31 5 -72 27 64 62 -80 -92 -86 39 5 -22 90 70 -56 37 -65 93 -86 11 57 -65 8 74 4 13 -3 57 -49 -88 -86 35 1 -50 -7 53 -84 24 74 21 -53 99 31 8 71 91 -26 98 3 10 21 -91 -24 -68 -54 -90 -72 92 -50 19 9 -46 63 54 -15 -40 37 -36 -5 1 17 65 -39 32 -62 46 95 -92 -21 25 43 -84 53 -31 63 39 35 -32 73 -91 -91 -77 95 17 92 73 -16 -57 -33 -61 -9 -38 76 -38 25 -9 92 12 43 -84 66 -10 99 41 -54 81 89 48 -64 44 23 69 -56 -74 37 -78 -26 6 91 55 14 -92 87 -77 39 -89 -26 43 -1 -31 86 91 10 46 -85 64 -33 80 51 -1 32 76 -6 -34 -79 64 -42 66 -54 -23 -37 -37 80 74 97 -58 24 -9 -64 33 -48 60 96 -9 -25 -8 -11 43 42 -54 -22 39 -90 85 -38 -34 99 55 8 95 -30 -73 83 -21 -75 -74 63 
-6 -54 27 3 55 46 -92 -26 81 -75 -92 -9 78 34 68 -74 -34 10 -99 66 17 -61 92 -97 -32 9 5 -35 -2 -31 95 -77 -36 -87 56 95 -24 35 80 -86 77 84 81 -52 55 -72 -14 47 21 -22 -35 77 -21 90 52 51 86 20 -24 18 -45 32 25 -24 -82 -36 -70 98 -19 4 -42 72 5 75 84 49 -34 -27 -15 -10 26 -20 -62 -74 26 69 21 93 99 21 81 81 -97 -4 -92 21 31 -65 42 -10 31 97 67 38 -63 -85 98 -84 -82 83 -41 -33 -20 -15 84 -95 -25 -77 31 29 -30 26 -88 -43 72 -63 -57 15 -4 -78 3 -21 69 60 81 -38 56 16 52 -3 -3 -35 17 18 63 87 88 71 89 22 62 91 -95 -84 -1 71 70 61 -53 14 12 20 98 -30 81 -36 17 20 -72 52 19 37 2 -10 -51 11 -98 44 -24 -89 81 -62 -30 6 23 93 24 -44 -47 -96 -53 -31 -70 -18 95 28 34 8 -93 -45 
93 -36 18 77 -21 -76 -47 -20 30 -58 53 -62 -93 -98 27 62 -40 30 -52 95 -46 -5 51 -75 -24 94 41 -16 72 57 -7 -63 11 83 82 -12 82 -69 44 50 36 -69 -95 96 98 75 -85 -22 -10 -10 -60 -57 86 64 43 90 22 -95 -74 -36 56 -95 64 -35 -87 73 -76 -66 50 33 47 47 78 22 -69 26 -92 17 -71 35 -25 -99 -80 44 76 -35 -76 39 -77 21 86 -81 87 69 -11 68 79 -73 -67 43 64 54 -67 22 36 24 6 -71 -43 -56 42 8 81 18 82 42 95 -49 -31 -29 -91 51 73 -31 -16 4 48 -94 38 30 45 8 -48 8 85 58 27 7 87 36 -77 -60 -21 -28 60 62 -94 -55 -38 -65 3 47 55 -5 -16 -8 -61 -45 -64 96 27 36 -57 13 -14 42 -99 -66 20 -31 -55 9 -12 82 67 93 -94 81 77 -17 -63 28 -72 -70 88 48 -9 -38 63 98 -44 -43 -68 55 -78 9 21 -37 -78 53 
27 39 25 3 50 -22 56 38 -74 53 98 21 64 4 -74 -28 42 -59 -50 84 43 6 93 99 14 64 21 39 22 -90 36 54 -27 8 54 5 54 31 -32 31 7 83 15 86 -34 -37 -76 -43 -1 -7 -73 -73 -56 -87 80 98 -81 -34 95 45 65 81 11 -65 96 64 -92 95 -10 -94 -26 -71 82 74 87 -98 -25 70 -5 31 -47 -77 2 83 -55 -21 58 -41 -66 -4 9 -69 10 73 92 -77 14 -12 68 50 -44 -69 -10 -50 62 59 -12 15 71 86 -40 38 8 -22 -1 -19 6 34 52 -22 61 49 41 93 24 77 7 -58 -78 93 35 77 -31 30 11 8 -93 -3 0 75 -52 34 -84 -17 53 1 88 72 61 32 94 -48 80 19 -51 -37 56 -52 24 11 -5 85 -80 78 89 -12 -22 -20 -50 -21 19 27 10 64 41 97 -49 97 -12 -25 -37 -10 33 -27 -48 -73 35 62 35 -66 29 -86 54 70 -25 52 21 -77 45 -94 
41 -43 91 -28 -92 59 -75 -86 13 36 93 67 5 54 -71 28 -54 -79 80 -54 1 81 51 -8 -33 12 73 -41 -16 -55 -88 51 77 11 69 -86 71 94 37 -11 -70 47 13 92 64 -99 -80 -1 -83 14 82 -5 39 32 66 -46 -87 7 -39 -13 42 93 23 -16 -68 88 87 15 -25 44 -7 46 -97 -42 -33 21 -74 2 -42 -1 -41 17 -20 88 -50 89 -6 -65 -84 79 -69 -43 40 72 36 95 -10 -73 -39 68 -57 44 85 35 46 -12 -12 52 89 -41 -60 35 17 67 -7 66 -25 -45 37 -33 -85 -84 24 -84 -67 -85 90 74 -47 -70 47 -37 75 -43 -43 2 54 25 -76 83 34 35 42 -55 -55 30 22 -67 73 -78 -59 -87 25 -2 25 7 -79 46 65 -93 96 28 53 -49 -82 -89 -9 22 67 81 98 -95 86 -45 -78 -71 45 -29 -24 -81 49 16 64 60 12 72 -2 72 -80 92 58 6 81 83 -38 -89 62 -40 -79 -64 
5 34 -85 71 81 -26 -20 13 -68 79 -21 -46 -52 59 -88 -4 82 -54 21 44 -43 7 -91 82 75 18 -29 19 -52 24 23 -59 30 87 -75 99 -96 77 -37 57 -4 78 -30 -4 -67 67 66 -63 91 88 -82 -43 37 3 -61 -57 95 18 -44 15 -74 -47 -11 69 22 -22 -43 -64 -53 -88 97 83 11 17 96 96 11 51 -7 -8 -61 -33 53 69 79 26 80 -47 2 65 5 -1 57 -79 -13 -89 -30 35 -81 22 -13 51 -43 4 -5 -57 -81 71 33 -45 32 35 -96 -23 79 71 48 84 12 -87 37 70 19 35 54 34 65 89 -25 -15 -68 -38 45 70 -74 -32 12 -37 12 -33 -99 -86 7 -30 44 40 55 -51 86 -87 91 -18 21 -59 46 17 69 -4 18 -78 52 84 -4 55 -14 -66 67 81 -29 -83 29 -10 89 60 82 -72 -66 79 -80 49 50 -88 -43 15 85 44 -55 -1 38 -30 -14 -47 64 51 -76 98 -10 7 -7 14 
-40 -30 36 44 58 -74 39 -64 -80 76 -42 17 42 73 -10 98 75 -53 53 -67 73 50 55 -39 -84 -2 72 -82 -51 47 56 -66 -18 86 43 -7 -91 34 2 51 66 -57 -64 59 -57 -76 -15 12 81 8 -76 63 -65 -8 -77 81 93 -97 15 -34 -3 12 94 -97 81 24 74 1 -77 39 -88 27 16 53 96 9 11 -18 -49 33 -25 -14 52 -63 25 81 -32 16 -5 69 -67 -74 -79 -16 86 77 88 4 35 57 -39 -9 -19 -87 55 44 -37 0 -45 96 -91 -67 3 97 -52 55 -69 65 -87 -38 -3 1 -44 -21 13 43 92 -88 -61 -89 -94 -85 -68 2 43 -16 -82 15 -64 58 56 45 23 48 63 27 -1 89 13 -45 27 11 -10 -72 -41 -68 17 0 52 23 -48 -43 79 24 54 -86 5 81 -83 -5 -35 -26 -82 68 7 75 28 -82 74 1 -50 88 59 18 -90 -58 -37 -44 -14 -75 -84 -77 23 18 -33 -6 -72 -37 -77 -58 
76 8 76 98 -22 3 50 8 84 -91 -14 -17 61 3 37 -1 70 65 0 51 86 -48 -85 -47 30 97 -81 2 60 -84 -4 -69 70 -61 43 -52 -71 14 -41 -64 -1 2 -38 -9 -84 94 66 68 99 -81 51 48 -4 78 27 -51 95 -3 36 -18 79 -64 37 -90 79 -60 -15 -3 -29 -4 80 -24 -84 64 -94 -56 -75 -43 67 35 71 45 -93 3 -25 96 -93 -22 -14 -87 94 35 53 -19 -61 98 1 -45 98 -45 87 -27 -23 -56 25 -45 68 53 82 -19 39 70 37 -74 -28 72 -8 -5 21 2 -84 -32 -47 87 96 70 -60 -45 43 -8 -6 23 -98 -36 88 -52 97 -67 -86 30 93 17 -76 -25 28 28 -4 -28 65 25 -13 -53 78 86 -54 97 -96 -43 23 -43 -5 -78 28 -35 22 53 -61 61 17 -86 -82 12 -92 47 12 -22 -77 90 -58 46 -12 -33 -37 97 45 -15 25 -15 16 50 52 17 -46 74 -96 -91 -33 -17 -76 53 
-89 14 36 -32 -11 -85 -58 6 -24 -24 -17 -60 69 61 -14 -28 34 -26 83 99 -48 92 -32 76 -65 47 67 10 -34 27 57 -79 19 78 -30 93 46 -75 -41 79 90 9 -25 -12 64 16 -89 -86 -24 -35 28 19 11 88 -6 -97 -70 30 -87 -11 -36 57 96 -43 96 79 -35 16 -32 -19 58 50 16 -19 51 -41 -29 62 -1 -34 46 -72 47 83 5 37 -38 -37 -24 12 47 -8 16 -62 78 84 8 -13 15 -9 22 46 -85 -69 -55 75 90 47 -31 99 -72 -1 68 29 71 63 -12 68 -15 -51 -44 -27 22 -3 90 -5 53 -78 -67 98 -75 -98 -13 -51 -54 96 50 73 -83 79 83 -49 -78 -89 42 99 -88 91 -67 39 -10 53 0 -40 -64 -55 69 -44 81 -18 -40 42 45 62 23 -23 -82 18 18 17 36 -91 -17 -92 78 -36 -50 30 -6 -5 -80 4 48 94 17 12 97 2 12 71 38 76 94 40 -60 82 1 16 73 -67 
-19 79 -36 19 -80 -14 48 -16 16 -24 20 99 11 -53 42 53 94 -31 97 -31 -42 -77 11 -90 -14 -20 -16 67 -93 81 4 98 48 -38 29 -77 -79 65 -43 90 47 87 -28 -43 -88 -21 2 76 -35 -72 6 70 -74 23 98 18 -72 9 34 84 -33 -84 -87 79 43 95 -92 -38 62 22 10 -33 -40 -22 -21 83 42 9 37 -64 9 49 -98 -36 -21 -54 -53 -34 61 70 -43 97 -73 -74 13 60 -98 -28 85 -92 -3 -5 -40 -75 -14 -12 -87 90 -63 -59 68 34 -81 -39 79 3 -38 -6 12 78 -26 -29 33 99 40 47 0 -74 5 14 -68 26 25 -82 -32 -94 2 -77 -4 85 -96 8 95 -62 31 80 -21 -33 -37 -1 34 -21 31 -18 -44 -20 -59 75 -20 56 -85 -26 23 80 25 -79 13 -53 61 -17 -74 5 34 39 0 -27 -69 25 -15 0 -81 56 92 -81 -22 -34 28 -11 -23 -60 73 -72 35 -2 19 -5 -11 62 84 -85 
67 97 80 -52 -69 58 72 -36 45 6 30 -57 -58 -10 84 46 -61 51 -29 -60 -61 95 10 -23 87 96 -10 -9 86 -67 49 -30 33 -7 -82 43 43 88 -48 -36 -15 97 -10 -69 -7 -49 -83 69 15 28 45 76 -1 61 -64 -61 36 -59 20 -81 2 48 55 -95 -49 -77 -94 47 -2 10 -45 53 69 37 87 60 12 89 44 -70 92 15 -72 3 42 18 73 -24 90 0 3 -75 62 -78 -5 -59 60 -62 -70 80 69 -95 11 -56 0 -43 26 -6 -17 84 64 60 -36 -5 -92 -45 -2 10 58 14 -25 4 -83 -84 -89 -4 41 58 -86 17 -51 91 -22 45 -5 43 55 52 52 86 72 -59 -75 -73 5 76 -48 -71 -92 -58 6 -58 -75 -54 79 -36 -99 -88 -21 -61 -28 -64 4 60 20 -97 63 -13 -38 47 -39 -9 21 -3 48 -44 33 -33 -27 83 -72 50 45 75 88 15 92 37 -36 -34 6 88 79 -67 15 -9 75 77 48 -93 
22 -72 23 55 -47 -17 73 2 -82 37 -35 -57 -9 32 47 -37 59 -70 -32 62 14 -75 -1 44 -74 -92 -84 -10 66 -35 64 96 54 79 -8 56 -97 29 -85 84 35 49 1 -11 11 -18 98 -21 77 69 63 -1 10 80 -21 -93 -88 -43 48 -12 -36 90 -97 15 55 10 -34 1 85 -9 -99 50 -58 -33 95 -62 -53 -78 -34 61 95 -55 -48 -98 19 -14 -84 70 17 -94 -94 79 -18 -92 -99 -55 64 31 55 -75 93 -12 -27 -23 43 11 -52 -70 -62 3 25 -22 -90 -72 14 53 27 -71 55 27 -65 42 55 -76 49 -1 77 5 38 -90 -84 90 -34 3 -47 -97 -12 -64 0 -61 -33 -92 67 -75 33 -14 -86 -32 62 53 -9 30 70 -82 -52 6 -60 77 -6 4 43 14 15 62 -10 -52 5 -37 70 22 -93 -36 64 -21 94 -72 89 84 59 -15 -67 -97 -70 97 10 75 44 -25 71 -82 -40 -17 57 -95 36 -41 95 -5 42 55 
98 -54 -64 -95 -28 -44 -12 41 12 48 4 9 91 81 21 -62 -18 -7 84 -24 44 25 96 11 41 -60 5 3 -75 -85 -78 39 58 -17 34 18 -53 42 42 -50 49 -33 -17 -25 -94 -75 30 -37 63 8 23 -16 -97 30 70 53 64 72 29 -92 -98 6 -85 71 -16 68 95 -5 -47 -33 98 -34 -37 -7 -93 45 -13 29 2 73 -23 -12 -42 1 3 30 96 -95 -21 -81 26 -51 94 29 36 69 86 66 90 19 6 -76 7 33 92 -62 -99 -56 61 -80 -77 -63 -43 60 -66 -7 81 -82 64 -12 12 90 -73 -32 83 -57 48 -19 -45 -95 3 -30 -35 -96 -31 -12 -43 -53 36 92 97 52 -72 -85 82 20 74 88 54 44 -53 89 -27 -4 76 34 96 99 58 -18 -39 39 -35 25 66 -43 -7 -34 -13 90 -70 -59 -19 -55 -34 0 15 53 -83 -22 -51 28 -6 25 -83 37 96 43 72 -86 55 13 54 57 -82 -12 63 -67 -29 -71 
-6 -28 10 -98 37 -24 63 11 -7 9 10 48 -29 80 68 -94 76 -51 23 57 -70 -3 -30 -91 29 72 15 94 17 6 -63 -64 35 -13 -80 -49 43 56 57 65 99 70 -85 -18 42 11 -86 3 -68 57 -30 33 98 91 81 -67 60 64 -38 -59 -95 85 8 -57 11 62 45 -42 -46 89 67 -26 67 76 5 89 60 89 -50 89 8 -45 65 89 -76 -2 81 -21 -34 69 2 -46 13 71 -90 65 70 -13 -80 89 32 -22 -42 -87 4 -67 -65 -20 -31 -84 11 93 -58 95 -19 39 60 -83 7 35 -53 59 -71 -78 11 -5 -83 50 -58 79 23 11 -7 -50 -62 -49 -1 6 -31 -45 -41 18 -56 -87 84 -73 -64 -72 76 -92 -93 -11 -84 65 14 62 -55 -50 -85 8 63 53 -20 77 60 99 97 -12 -79 59 52 81 67 -11 -60 1 99 95 29 27 54 -37 42 -48 -40 -19 76 23 40 -41 68 9 -11 18 -38 78 -94 48 -63 -45 
82 51 75 -79 -24 16 70 47 -40 41 36 42 53 1 22 -65 86 30 78 -54 -31 -92 89 20 49 -53 -49 29 -89 12 -29 -60 -23 -63 8 -71 78 81 21 32 21 68 -52 34 -87 4 -66 -23 10 -35 -71 3 -86 76 -99 38 87 6 76 -22 -96 7 -7 65 77 -1 -34 -73 -51 32 -48 -34 17 -56 98 31 51 -49 -57 -52 24 65 18 -70 -28 -57 -29 -44 -72 -38 14 64 28 -26 -58 13 33 -82 -56 96 -60 -25 -92 -45 -5 26 -96 -42 -67 80 -39 -56 5 -54 78 -45 20 46 49 -39 39 38 50 -73 -63 51 -31 96 76 -32 15 -82 -17 14 73 5 44 10 -77 -34 0 -36 -88 90 5 76 -9 6 -87 -78 29 -62 3 58 86 99 -5 40 -29 55 83 -45 1 -37 -9 -17 -13 11 -96 -19 -72 34 -55 99 -65 -54 -10 61 -84 -28 83 34 -47 65 45 41 34 76 16 -63 -75 -6 -91 78 65 36 -80 45 -9 -29 
24 -46 -93 43 99 -19 -23 93 39 31 23 -98 78 -24 -63 19 -91 66 18 50 -8 1 -46 -21 53 2 54 -30 38 -43 47 -94 33 -58 56 97 -19 33 68 -52 75 47 32 11 25 -62 -19 38 -24 -56 43 43 92 89 -74 -94 65 -17 -42 23 -3 -60 -75 1 -58 -48 -14 65 -53 9 48 85 2 99 -61 -58 94 -96 -37 56 -53 12 59 -95 -66 -17 -79 -36 70 -56 45 24 22 76 7 7 -64 54 53 -86 -62 -75 39 -21 -30 -93 19 99 35 56 -94 37 98 73 94 46 45 -70 98 -89 -93 -65 -1 23 -79 -86 26 -32 50 48 -40 -99 5 -77 -27 63 39 50 -37 52 -20 -95 45 -29 20 -75 59 43 -65 -27 32 -9 -6 67 -19 37 13 -9 -76 89 96 -70 86 -15 -86 78 -72 -63 -81 42 69 -69 37 88 -37 -52 80 91 5 -99 -43 17 -93 88 -72 52 98 43 -2 -18 52 74 0 22 -40 -51 6 -72 -4 -41 
92 54 -81 26 93 -23 -80 -49 -37 -36 0 -81 -24 96 52 -93 -48 -7 4 -16 85 17 -85 57 66 -21 -78 -56 -61 69 -53 51 -37 -77 -27 -72 -48 67 56 -7 -74 59 -77 -41 -94 -92 -54 -80 21 -77 31 27 -66 27 -44 62 45 -83 54 78 14 -35 96 33 -26 -53 -99 54 -10 -80 -8 -16 -56 92 -1 -19 -29 -56 75 -42 4 5 -76 -93 -88 -64 -32 -52 -68 -53 -75 92 45 -61 -93 84 81 -48 54 -81 -97 23 90 -5 34 -28 65 -95 42 92 -56 83 -52 65 -29 -17 34 -2 -43 -66 35 -23 -91 88 26 42 -14 -50 91 97 -70 -69 -40 -3 -68 -8 -69 -63 -93 -52 35 -29 64 56 77 -75 11 -19 96 62 -62 -66 -23 -88 62 -68 -4 -75 -46 67 52 66 -28 -5 -54 -77 -30 40 9 89 -17 88 -21 -73 30 61 -1 -67 26 -12 72 -91 9 -39 23 -85 -77 -19 -92 31 44 -27 -76 75 -33 -20 24 9 -57 -36 
93 60 -96 3 -51 36 -19 50 31 -30 77 -82 -86 -88 12 -79 87 16 -31 28 -43 -64 35 -36 48 2 51 -17 70 -70 -2 -48 51 7 24 -71 -2 -30 -66 -1 4 -21 -94 -83 20 -24 1 82 -72 -26 95 23 -11 -59 -83 99 79 -81 -30 -70 -60 -47 96 22 65 -46 -23 -2 26 62 53 -15 -7 95 -70 24 -31 67 -22 -54 81 73 -57 16 92 78 27 69 -83 28 -51 41 -1 -55 11 85 97 -14 6 -25 45 -22 50 43 55 -78 -84 -22 51 -52 -47 -96 65 65 95 83 -65 -89 -18 58 -96 -5 28 36 -4 29 -4 19 17 -18 -28 50 48 -25 -87 -26 90 53 42 -57 69 -89 20 -19 -89 27 17 64 -35 -72 10 14 98 -53 -75 -71 -78 65 -85 -6 13 87 78 -88 4 -92 41 73 -87 82 -34 -85 4 40 84 -37 90 34 -80 93 9 81 -48 -87 71 74 -98 -39 15 -31 -21 77 -16 38 -58 -57 -70 28 -15 65 
-84 62 24 -82 18 89 -4 -2 -6 -44 -41 -62 73 -78 -4 27 -28 95 -31 5 27 -76 77 -33 70 -95 -76 -43 -46 -84 37 -30 70 45 -36 4 -80 -65 -49 -3 54 57 -30 -10 -57 60 73 59 -6 -74 -52 95 -46 -95 -18 53 -2 17 0 -6 -15 81 35 -95 62 76 16 -11 -42 -14 24 -32 17 2 67 -61 48 36 63 73 -20 9 72 96 -95 85 71 25 68 -99 26 -7 -24 27 98 13 -45 -3 85 52 -99 47 38 78 7 48 -87 38 -66 -13 57 -37 -52 -13 -75 33 -32 34 75 0 -36 78 66 -12 -72 -10 24 71 -75 47 26 67 25 -17 26 62 -69 -20 43 36 54 43 25 -84 -33 -41 -38 -39 77 49 -66 -75 -56 69 -66 -93 -48 -2 21 -51 -73 -74 -97 -61 56 -75 -32 79 69 -18 -54 41 -86 -65 17 84 77 25 -76 -35 -54 24 -68 -92 -18 52 -79 42 6 78 47 12 94 62 -71 -71 -38 -4 54 54 
86 -34 -82 -6 -76 -16 93 50 -92 80 -39 91 0 46 -32 19 -36 71 64 -86 -38 52 2 -75 11 -51 59 -64 -42 -16 92 71 -42 38 70 -69 -55 -22 -3 22 -8 13 -96 17 44 71 -47 29 -45 32 -51 -60 68 4 -66 -25 34 -60 -68 15 -29 -60 -36 46 -29 -96 -7 -17 18 32 80 -93 47 -25 61 47 -70 44 77 -2 -68 -30 -32 33 21 80 35 -47 37 -14 -4 -79 -89 -92 33 -9 -74 61 -47 43 -39 58 -23 -94 34 -16 -45 49 20 -24 10 20 -15 -20 -3 0 94 89 -87 72 70 -32 45 -97 -72 -3 75 79 2 5 -34 35 -96 95 65 -17 28 -18 -14 -13 -10 6 -33 -50 -18 89 -74 13 9 -95 -82 -20 31 -41 21 -30 89 -23 78 -87 91 -38 59 44 -43 47 2 -68 -50 42 35 54 94 69 -25 69 39 -12 -81 71 -1 -7 -53 -50 61 -36 9 99 -29 81 43 56 -69 82 5 52 77 79 59 -25 
29 33 62 71 34 98 73 27 -84 27 89 6 -58 -48 -23 86 -48 51 -91 91 -69 74 -19 -28 -95 51 56 69 65 -47 -81 96 -53 89 -95 -44 90 18 50 98 86 86 -38 7 -37 -28 -3 56 -64 15 97 48 -27 44 52 16 43 79 10 68 37 25 75 45 -41 69 79 -10 -12 18 -32 -12 69 43 74 -37 99 -90 9 20 93 -83 -99 29 -57 79 28 -91 86 -26 -56 -82 17 -17 -96 63 -30 -37 -81 82 97 -47 39 95 29 -31 -24 -11 -99 -52 93 -97 85 74 -13 -8 71 65 92 65 24 -60 -53 -17 14 -93 58 -42 60 24 98 37 38 67 87 -81 -89 -67 97 -33 -37 69 10 -74 83 -58 -95 -10 98 78 -25 -72 -45 -90 54 -9 -56 9 71 -38 -39 33 -29 24 72 -61 80 -84 -31 64 78 -63 -73 -20 -3 -63 -28 95 -49 -93 -58 -6 -50 -28 26 76 -18 98 39 -36 21 75 -88 34 40 -93 -91 -58 1 -92 
41 23 -92 -96 13 -13 41 17 14 -21 -36 51 -32 83 -93 -99 -39 32 54 24 -91 -27 0 -76 -67 -66 19 -24 35 43 -89 -54 74 -2 -82 -34 -45 -9 -61 -62 -79 96 -3 -33 -11 -53 -55 -89 -67 31 -53 49 75 37 -23 95 89 -97 32 -46 54 8 15 -22 -70 -25 55 55 -68 22 -34 40 46 80 -17 88 -7 45 -88 31 24 -10 -55 83 -90 -51 -64 10 26 -30 -47 -6 79 62 66 -23 -86 67 12 -5 33 -29 78 87 -6 96 67 -50 -48 37 65 -15 30 18 77 -66 -44 -99 3 -85 36 -35 -2 -58 0 30 98 82 -21 -16 -42 -26 -1 -5 -21 9 -58 34 73 44 12 -89 -56 59 -72 25 -77 -97 -56 10 55 -48 -79 -24 -68 72 -43 -70 -47 -5 -77 98 9 -59 10 -88 -86 97 -83 50 -30 96 -30 48 98 -98 -62 -19 -62 55 -23 -72 -21 -38 62 24 -4 -40 0 43 22 -22 56 45 -37 10 -37 66 10 -62 
57 -40 -59 -6 -69 -37 90 -77 -8 -83 -10 -49 9 96 73 -54 23 -76 -19 70 -40 45 -26 -77 68 -79 93 55 -67 2 6 81 -50 42 47 -82 -18 -38 -36 -36 -62 62 -37 -86 -96 -41 51 1 -55 18 -48 -31 -89 75 24 -49 96 -49 22 -86 37 -76 53 -28 89 -26 95 14 -11 -50 -94 -40 67 -24 80 -39 38 82 -32 -78 14 46 -76 -19 -91 4 65 -53 -12 26 -86 -12 -19 -34 50 19 20 93 -28 55 -4 27 49 10 -14 10 -16 75 -33 -33 -36 -70 -5 80 55 -5 55 94 73 -42 -97 -35 17 -96 38 58 39 -74 63 -67 -90 -21 26 88 -57 -92 8 -86 -75 0 26 -26 52 -57 34 49 -81 -72 28 8 -34 58 -85 45 -12 -10 3 60 9 24 -13 -44 20 17 82 91 -57 -55 31 -34 -31 -91 63 -7 -70 -24 -78 82 98 -4 21 65 -58 86 -57 -54 98 63 -88 93 95 -56 -60 -46 27 98 14 -74 22 -94 
63 -92 -9 70 39 -22 36 5 95 -98 -75 -28 73 -12 12 43 18 4 -36 -88 46 9 -88 10 45 -84 -66 -85 48 5 -36 -59 93 75 82 -84 25 78 93 -96 35 26 -60 64 0 -46 -66 25 -48 23 -51 -55 5 54 -48 41 -55 -43 21 -17 -74 77 97 26 19 2 78 -94 73 -96 -33 -94 72 -94 99 38 0 -58 -59 24 -66 -1 26 4 27 70 -13 89 -12 -74 -14 -79 33 17 -33 36 -77 16 93 -71 82 -72 -64 -57 -86 -18 37 93 -19 -75 18 -5 -68 -75 -16 95 0 30 69 31 -27 -4 67 -26 67 26 -75 6 -71 -24 53 -28 -71 89 -43 -91 -22 96 -66 -13 97 -63 90 55 95 55 23 -14 57 99 -69 42 -58 6 52 13 42 -93 72 68 7 0 33 -18 0 -82 -65 -9 -68 19 -84 41 -48 75 33 19 83 -89 22 3 -22 -22 -22 -8 -83 -77 73 -54 78 -13 56 51 42 -61 49 4 67 9 -15 10 
20 -87 -80 -58 55 36 64 -7 72 3 73 40 -80 21 -29 -18 -33 -24 7 -31 81 -8 1 76 -37 38 -65 44 10 20 35 77 1 -60 32 -65 36 -26 -51 -82 77 -90 78 83 86 -79 7 6 70 -10 -54 -24 -68 -91 45 32 -55 70 -1 4 21 -62 28 -61 -56 55 -52 96 -36 -26 -67 -42 99 -64 -43 17 -72 -40 -63 89 56 54 -73 -40 24 -79 7 99 -58 7 -35 -51 74 75 -16 98 97 -53 45 -67 23 -16 4 45 -19 -16 -30 20 -61 -49 18 85 -6 -15 -4 7 66 -60 -19 88 22 -52 35 -29 54 -53 68 26 91 -38 44 -89 -90 15 99 -62 -54 82 -74 -32 -71 37 -75 10 4 61 16 32 10 74 10 -27 96 -13 90 -71 -41 57 -7 18 -2 -23 80 -6 -98 5 -99 -42 -4 -74 -21 98 16 90 -59 -90 -19 -40 -4 -20 -13 29 81 24 -8 81 91 -27 -36 -22 -51 2 -59 0 -33 -90 51 -43 -31 -77 
-87 -64 95 11 37 -88 -37 -9 -64 17 -47 26 -23 -97 -69 71 -21 -80 77 -47 -39 7 -59 66 81 -33 61 12 -6 -65 -56 -56 -75 -68 56 -64 -65 -36 35 91 -75 -33 -78 39 68 58 -97 -22 41 50 34 77 82 -94 50 62 -99 8 5 -47 -56 66 77 31 -97 58 50 -70 -98 -27 14 12 -19 73 11 -81 65 -79 24 31 74 -48 -41 54 -22 -35 -27 71 -78 52 -20 -55 25 6 36 -43 -33 -72 82 -51 40 -6 99 -86 -15 -73 13 -8 16 -90 -68 87 -46 98 -4 19 6 3 82 70 49 -45 -14 -36 76 74 30 -78 17 -56 -95 41 -98 -54 -26 -14 -3 -83 64 -49 14 -23 9 26 -66 93 -32 -64 40 36 -98 -68 -36 -98 29 84 49 50 17 86 -72 43 -55 21 80 -61 -72 52 56 -41 47 48 1 65 -12 92 48 71 44 -68 -66 10 27 23 -70 -58 -67 -61 6 46 31 46 23 88 43 -70 19 18 -64 -39 
-87 99 -11 -99 30 -14 -57 92 -24 90 70 29 -19 -70 5 -57 -81 -13 -3 57 55 34 55 88 6 6 -78 -95 4 22 -84 57 97 -18 -69 84 65 -58 26 -4 43 77 43 -51 -72 -66 -72 -82 -48 74 70 66 -46 -18 16 62 25 50 -85 -86 35 -17 -2 48 -14 -90 -8 75 51 -68 8 -64 -47 -47 -99 36 30 -48 31 2 28 -25 11 88 34 -79 -78 48 6 9 -33 -49 -42 66 -73 73 -63 -17 -28 -91 45 19 -66 4 -10 97 -5 -62 -12 -85 -35 -50 -8 -79 -42 9 10 12 -76 23 56 -6 -30 -24 63 30 55 30 -53 98 -52 -82 -49 -6 -72 60 17 24 90 58 17 76 -10 6 69 -63 -5 72 -27 77 54 -76 -72 48 -39 -91 -43 29 88 -86 -1 14 12 64 -18 -21 63 -11 8 -91 -35 -99 -88 92 -84 -17 -71 -17 86 89 -3 3 90 -82 19 78 -76 34 86 -51 70 18 52 85 -67 71 2 24 23 -28 
-15 -81 8 -5 -91 77 28 51 -47 -57 -59 33 63 -64 22 1 -26 -14 -12 64 81 68 -4 -73 -86 62 92 -41 -84 -27 36 87 16 87 86 -96 -38 9 -40 -53 37 97 -53 -96 71 20 53 0 16 -67 -39 73 16 -69 -62 -75 31 91 19 -90 10 68 13 -24 77 -22 17 14 67 -72 -42 34 56 60 38 -69 94 -72 64 36 14 -53 -69 -34 -54 -59 -87 -9 38 47 55 69 83 80 8 39 -3 13 -40 -52 70 70 10 -27 -5 -97 96 -92 -78 -72 -49 60 81 -83 -3 76 -98 98 -46 -67 10 1 84 77 -85 -24 -46 -90 -88 -52 19 84 59 2 57 -15 -46 27 -52 -77 -80 -49 -49 -82 -20 -5 -61 33 31 68 -98 53 1 87 8 -61 -7 -82 -3 -85 -61 -69 -17 -99 -31 17 -87 -77 78 98 -37 -38 -96 -74 -81 84 -16 -7 -52 -38 58 -90 79 -47 -19 -98 -64 17 54 -70 -37 12 40 39 -85 -95 46 72 72 66 
91 -88 -74 -30 64 -27 -15 0 10 56 95 82 -47 -56 23 -7 96 36 -8 -92 82 -99 90 -13 -42 16 24 -36 -80 -10 -23 -73 98 -77 -33 -8 -26 12 -38 -4 91 55 -2 -21 64 88 78 99 -61 78 46 -97 -30 -88 30 -12 -53 63 1 43 -72 -18 15 42 -20 51 30 31 50 23 70 38 -28 -7 18 -68 -76 -77 7 25 -51 13 -84 -79 -75 43 -22 -74 40 48 15 4 55 -72 -82 47 -2 11 -63 56 22 52 -50 -17 -27 -67 -70 -85 -30 91 -87 -47 -55 85 92 -22 66 37 74 74 -82 -35 -86 -65 1 -31 31 8 -73 -19 54 -2 66 3 -21 -14 0 0 -79 -68 -42 96 -85 -39 -13 5 19 52 27 95 11 70 -29 -61 89 -45 -26 39 -20 83 -13 67 -38 -51 4 -22 87 32 64 50 -8 82 21 -25 77 25 -77 7 -51 18 83 20 -48 -88 -28 88 -49 78 96 73 -66 -4 44 -95 -79 -36 35 75 80 0 
-37 70 22 99 71 87 75 15 -29 62 79 -88 27 72 11 -41 69 65 48 -49 72 64 -57 -36 9 -73 -65 -6 8 -77 45 -66 -66 -94 35 3 66 -4 1 30 1 65 22 65 -39 44 -87 4 59 45 -54 -89 -86 -63 67 -99 41 25 88 -47 -53 -59 13 35 63 0 -62 52 77 54 86 -66 -73 -92 3 41 98 -77 -2 64 52 -61 22 -73 -52 -56 50 84 75 -41 79 52 -9 -50 27 7 82 -7 -23 -6 -46 -54 -20 -51 -26 11 56 -37 -31 24 14 55 1 46 65 -4 81 0 44 -47 28 11 -51 -73 57 30 78 -87 -31 -16 17 8 -76 19 -58 -69 -52 60 98 -16 -53 -72 -7 -78 -94 3 -54 -51 -2 17 -50 -25 61 -67 87 -85 -90 59 -97 43 12 4 -1 -30 62 15 -89 93 -99 65 57 86 -17 -58 42 -28 80 -30 76 -95 98 -31 11 49 -84 0 27 -23 88 -89 -84 54 -51 14 77 -82 91 -60 -29 -49 
61 37 73 -51 11 -29 17 72 82 36 18 85 -44 91 19 34 44 86 -83 40 -16 -83 77 28 92 -30 -49 50 -91 -73 86 -23 -26 -86 -99 11 -58 -86 51 -9 -17 25 77 70 -5 83 46 -47 -53 -6 -19 -6 31 77 95 80 4 87 66 64 -5 -93 -98 9 94 -40 -30 -55 -2 -1 90 -13 33 18 -28 -63 83 40 39 -76 -32 -79 -9 23 -92 -79 -45 -48 24 -18 82 -47 -59 -62 -62 -86 56 40 60 -86 -82 53 -39 84 60 26 -31 -75 3 -15 -39 93 98 -5 67 6 6 -34 -79 14 70 64 69 0 -18 -56 -3 -81 -60 -52 29 -20 80 29 33 3 -57 -9 9 -95 45 -62 52 -93 -24 -60 71 54 32 68 -62 2 42 72 44 -7 69 -27 27 -51 72 2 -55 -31 -84 11 -41 -42 -68 -17 -17 38 85 -85 -98 -32 -51 73 79 -95 69 -60 29 76 -50 72 35 -57 -67 6 53 25 -41 -14 92 -1 97 9 67 60 
-70 -65 -73 54 -92 58 -27 -87 11 45 46 -73 -18 -40 30 32 -83 64 85 89 79 21 48 -69 16 81 96 19 76 34 -34 49 15 -26 21 43 8 -23 79 6 5 -34 8 -84 -54 -34 -76 -44 -23 -26 -19 40 -71 -79 64 -57 -89 -4 67 75 -46 22 11 -37 46 -42 -6 -10 65 -59 46 73 -49 75 75 32 47 59 38 98 14 -11 -77 -39 -50 73 32 -29 16 -33 -77 -25 -61 -93 -97 -69 -71 9 49 41 -64 14 42 38 -20 -58 -90 65 22 7 -22 -59 20 94 -77 -20 -81 -91 -39 -48 88 -38 -4 -46 -43 -52 20 -18 12 -26 7 -24 51 -7 51 -15 71 -3 -83 -35 -17 -32 -38 57 -29 72 71 -10 61 -80 6 51 62 77 97 77 -90 -59 89 -28 91 -99 -34 65 30 67 67 93 49 -63 -21 -22 89 -36 91 -15 82 97 9 -22 -84 -71 -62 64 -80 71 -13 -91 12 70 -18 -77 -56 -40 -31 -52 63 23 32 -24 
-83 -17 -7 -84 79 -51 75 94 -45 77 -83 94 -70 -49 67 -50 -48 -35 97 36 59 54 -86 14 55 -8 -61 18 -9 -25 -33 3 56 -46 4 80 -63 2 -28 45 31 -22 57 -82 0 68 -10 -39 98 -90 -53 -52 92 -62 -84 57 27 -40 11 -94 98 -97 -96 -89 -36 66 65 10 -42 67 -84 -67 -65 -36 -27 -9 1 90 -89 47 -57 -83 -71 27 -4 -36 29 92 -94 28 66 -1 -84 45 87 -4 -21 63 -22 66 -47 19 -12 -57 68 -72 83 -48 -79 -45 46 -78 -17 62 50 -50 -29 33 -24 57 48 -47 -67 -82 87 -27 -24 -14 -44 -49 23 -25 42 -9 83 93 79 93 24 65 -75 -4 97 58 96 -47 -66 26 58 -19 89 47 -7 21 -17 42 -98 -82 -92 -31 -74 66 92 -41 -6 47 -89 -35 -4 76 -94 -37 -41 -56 37 93 -63 -15 74 -77 18 -30 50 -73 -76 49 69 51 28 41 -37 -2 -31 73 -41 69 87 -83 -80 -34 
-43 92 -14 -99 14 -9 -76 27 -61 -42 -80 8 53 24 -50 50 -63 -85 -12 -83 46 34 -94 -48 8 34 -61 -14 49 52 -90 0 -51 -48 71 -32 -5 -8 -42 88 49 -72 -74 75 -57 -35 -41 -62 40 -40 -48 -27 -15 48 41 10 81 70 96 19 -16 -24 -41 3 3 -74 43 14 -83 -68 85 68 -71 85 95 -51 -16 73 62 5 -44 -13 -85 -79 48 -34 93 -24 -63 -30 41 39 41 -67 24 4 62 81 -2 52 -90 -11 -64 54 -50 -54 -22 -50 50 -35 55 -37 -83 -4 -20 84 21 -66 -74 -48 36 -88 -72 15 -47 -98 -60 -5 -15 18 -22 -10 80 75 -55 -38 63 21 68 26 -74 45 -51 -49 1 -84 61 -43 -63 -44 17 2 86 -59 -10 77 -40 -13 23 -69 5 60 -97 -33 -83 27 -33 -63 -68 -44 -59 -44 -22 -13 28 6 -64 4 87 53 -63 -95 -73 87 -24 97 77 51 85 92 66 -71 72 -68 39 -53 19 -53 64 87 
-67 -80 -19 13 17 -11 -5 -8 25 -87 62 -75 11 43 -43 -4 -97 -48 -87 -6 -71 48 77 3 -86 -51 -66 -72 99 -5 -86 16 87 -53 -78 -98 -32 -86 30 -61 85 92 -59 13 61 34 -42 13 -88 66 -97 54 69 -52 9 -72 -99 -40 10 67 -19 1 72 24 65 -67 -25 -46 -2 85 -9 -99 -87 54 85 -8 -98 67 -10 52 -39 71 -2 -53 68 14 91 41 -14 75 -25 86 -63 51 -27 40 -87 36 29 64 -76 -41 81 -34 82 41 -61 97 -8 -3 -4 -8 -13 54 96 -52 61 65 -29 -22 -30 0 75 69 81 97 -69 87 -12 79 -11 -43 7 50 -78 -84 82 86 93 61 38 4 -71 2 -28 -30 -28 -37 -31 49 35 -65 94 35 -91 -71 43 18 -61 21 31 11 37 52 -47 -61 71 27 45 -40 16 -91 -73 67 88 86 -55 31 82 -8 -49 -89 -44 2 50 77 -50 5 -35 24 3 55 -40 45 34 65 49 65 -26 -60 
-47 87 56 97 55 26 -13 9 -21 -18 -40 66 19 -13 -53 37 -93 87 85 2 -99 53 8 38 5 58 53 -58 28 1 -49 58 93 94 39 46 -2 -16 80 28 -5 -35 85 -88 93 16 -97 -78 43 21 17 55 15 -93 50 42 -91 52 50 54 -67 -20 3 80 -58 66 5 69 -20 -93 -91 -32 25 46 19 84 9 -7 62 -28 -44 -38 -11 -73 -77 -19 41 -28 -6 96 -78 74 54 -37 -57 1 12 87 -61 -88 68 -45 18 13 81 26 -2 -32 -87 -87 13 -74 50 -75 -7 -59 80 -65 35 -39 94 -15 -21 33 -5 41 -70 41 68 -97 -27 78 44 19 39 43 -45 -36 7 -90 -71 32 19 -42 -21 -14 34 -81 -75 -43 -31 -30 -42 -21 14 -7 -62 38 67 -10 52 -14 50 38 69 -79 78 -95 82 -16 43 -48 -37 1 92 2 -93 -49 -5 43 -61 97 -12 -76 -23 -70 29 44 43 -33 -60 61 -48 -58 -73 89 14 72 58 66 
-54 -62 -18 -99 99 2 56 86 -90 20 38 -71 52 72 -15 -89 -9 90 -93 40 51 -24 11 32 65 -33 -94 -39 65 20 -24 -35 6 75 -20 56 68 12 79 71 -86 59 72 -50 40 54 67 -21 17 40 -59 -70 -50 71 -44 -88 -57 -8 -99 -60 52 -28 44 -69 38 -94 4 -51 -22 -64 75 -88 -47 -73 18 42 -78 83 -47 8 -80 19 -92 25 34 -8 61 -1 -28 -59 -29 79 53 62 21 -74 -70 -64 99 6 -82 10 -92 56 -92 12 -58 -25 31 -72 39 -94 74 -66 56 65 -80 -64 -37 30 -73 -66 -74 -71 -75 25 77 69 12 2 -71 82 20 -1 -85 53 -93 99 -78 9 -53 82 -64 -57 37 -49 56 -43 60 -99 -27 95 22 19 47 -3 -34 -80 -5 -84 -3 68 94 -5 66 62 50 77 -11 -97 51 36 -40 40 -69 18 75 32 -15 95 93 76 -50 -11 55 -89 -97 89 -7 -61 35 -23 -24 96 15 -8 -52 -43 12 -65 
42 0 -33 46 8 24 -6 -73 -96 70 -3 -89 -99 -81 98 60 1 46 67 -89 -1 67 -60 -2 -48 42 54 -51 4 -33 -23 58 -71 -39 53 54 73 51 -95 94 -52 -46 -2 59 10 75 -97 -41 -52 66 -69 58 24 21 -70 17 40 59 54 37 18 -26 69 44 -40 88 38 -28 53 67 57 -92 13 32 -30 96 -4 -73 -7 30 94 2 96 24 19 -89 -95 -30 -63 93 -62 58 -45 -78 -41 -81 -41 79 -70 -57 -46 82 -10 -84 18 -80 -93 -64 9 48 -57 -20 21 13 44 67 -19 -89 -25 -46 -84 92 -28 -23 -46 16 -7 3 -71 93 15 -63 -36 -98 -13 98 59 -44 83 55 -83 75 9 -55 20 60 1 70 21 -76 65 28 96 60 -30 -82 -60 -73 -67 -19 49 87 62 21 -85 -8 81 63 79 -53 -15 -35 -37 -91 58 89 29 -37 -58 -49 28 49 -18 -51 -21 0 25 36 -56 49 18 99 -50 -56 -83 24 -46 83 -19 45 
1 -40 44 -1 37 44 35 -58 97 69 -83 -15 -62 47 -62 36 -27 43 -25 -81 -85 45 36 33 -97 12 36 -60 -63 -97 -58 47 -74 -10 -27 -76 10 -92 -33 -8 55 -8 56 -55 -69 9 29 34 72 -82 -61 -23 -89 38 50 88 26 99 25 -14 -29 -29 32 95 -67 97 -38 67 63 50 25 -40 -22 -61 -94 32 -99 21 96 -77 -88 12 -88 54 36 11 -60 -3 19 80 -33 -51 -64 5 -67 -83 16 -65 14 53 91 25 -74 -73 -81 -21 -44 14 52 -34 -71 39 -26 -19 -29 88 -90 -52 -74 -75 92 88 23 -27 -37 54 -62 -71 81 21 -56 3 -99 -90 66 3 -20 -87 -95 16 38 -80 -76 -48 -79 70 -62 -84 -6 24 -87 -6 -31 55 -97 99 91 -42 18 -83 12 2 -85 -68 12 -89 53 63 -28 2 4 61 -43 24 93 -8 -7 60 47 64 64 11 81 96 83 -27 -5 -65 76 23 -41 91 72 -15 -34 17 56 35 -22 11 
22 37 -87 2 17 83 -3 -79 -55 -78 11 29 75 79 27 -53 -14 30 30 -89 51 16 91 -38 -93 -57 17 -66 -88 -52 -61 -90 99 -62 -30 -79 9 93 -63 58 41 91 -43 -2 30 -73 22 -41 -65 79 88 89 -72 -98 25 -3 68 -93 0 50 34 -89 -84 54 88 88 -72 -8 34 51 -37 25 60 1 23 -78 -27 -21 -46 41 -28 34 62 -35 63 37 50 -36 -40 -24 -71 34 61 -17 99 -98 -13 65 18 -42 -26 80 -64 0 27 -56 -39 -85 64 59 -14 -66 -85 -63 -78 55 -70 -20 -1 -74 94 -26 -42 46 75 84 -35 5 33 -21 18 53 -46 -34 -2 61 78 78 -67 51 41 53 29 68 29 -40 -15 -87 -25 -54 -78 38 98 -76 -75 10 -63 -1 -7 -54 -82 62 -83 9 -53 23 -30 -86 -71 -45 -84 39 21 41 7 -90 92 5 -88 48 30 -51 76 -43 44 -93 -55 12 85 38 14 68 40 18 -84 52 -93 98 84 93 
74 55 97 -56 -98 -99 -9 -51 59 -97 44 5 -32 -2 69 30 -83 70 80 -31 8 -22 70 13 45 7 96 -26 28 -35 -14 97 -11 -8 -54 -69 91 -29 59 40 68 -54 72 -46 43 32 52 37 -55 -44 71 92 36 54 17 48 27 -80 -46 -75 -42 58 65 -81 -74 37 8 58 -22 -12 42 -63 98 -42 94 -39 -44 -82 -78 -80 -59 -97 3 -44 82 -32 -12 74 -78 -91 -73 86 -84 77 -72 -21 -15 60 -23 17 -3 81 -21 -51 -21 -45 -44 -11 -15 52 54 47 23 -24 42 95 35 82 61 -49 -20 -74 66 -64 37 50 54 65 -24 -8 -43 -78 -40 -21 54 87 47 -47 48 -37 -80 -38 -93 -47 -37 -93 34 78 31 86 63 -31 -35 -19 -95 47 -29 -64 8 -10 -41 -39 -67 -79 -73 -62 1 -10 91 92 -23 -96 1 34 80 0 40 19 -98 96 -79 69 99 -86 84 -51 -14 89 -56 17 95 64 -31 89 35 -75 3 7 -36 -77 
9 -18 24 61 -25 -12 -11 -22 45 -31 -84 -22 -70 46 86 67 -74 -32 65 -41 93 45 -28 27 -44 96 72 70 -62 37 -34 -16 9 86 85 -17 -93 68 -75 41 20 -62 -43 -27 -2 31 21 -58 57 -32 45 50 73 31 -31 45 47 98 66 60 -4 70 42 31 16 -61 70 -24 -98 -81 60 40 -19 -92 55 98 -19 -35 43 -57 -42 12 -26 53 -19 -85 99 -81 18 71 -14 -42 85 -54 -90 86 65 -68 -34 -89 48 -88 -84 52 -8 53 -83 -1 42 50 -23 -26 19 91 -89 -46 26 99 -13 72 88 -10 11 -11 95 -99 93 -66 -27 53 -29 87 -53 12 -46 -80 96 -55 -6 82 59 -44 -78 99 78 -73 -70 32 -69 -17 69 -37 57 -45 66 8 26 -36 68 53 64 22 33 37 42 53 -16 46 -84 -50 20 -16 90 9 -10 14 86 -34 -84 0 64 28 -71 -58 -30 -1 -42 -33 -9 30 -80 -47 47 85 43 -83 -41 -74 -37 -69 
52 -35 73 -95 36 -64 -25 -25 40 -77 33 -3 -92 24 26 -11 49 82 37 47 82 -11 -53 -29 -61 86 -29 47 -99 51 57 -32 -49 -52 44 70 -18 -11 -52 -65 46 35 59 -9 -80 -41 -29 -18 99 -37 -66 -10 -95 -75 -7 76 -60 -70 67 -87 -15 48 49 51 -27 -13 -97 -59 -80 19 57 75 -73 76 -16 -19 8 -53 -83 93 37 -10 -43 34 -23 -81 -83 -4 -41 -82 62 -41 -26 -4 -2 -33 -75 99 29 68 -43 71 2 -59 -51 -55 -57 -7 -76 -34 28 -75 23 -84 29 48 -7 -18 -15 92 87 14 -37 60 7 -95 43 -70 -77 98 21 -98 47 -12 -44 -29 -41 67 16 84 -69 56 -47 40 -1 82 83 -5 31 -14 -53 17 -74 -88 57 54 -59 -88 -65 -13 -69 59 18 -80 54 7 -25 -96 -85 70 31 7 6 55 -54 99 -50 -37 2 2 -55 -66 96 55 -75 -33 -22 75 -61 84 -94 12 -41 52 -28 -38 91 26 -9 -98 
86 -27 -39 9 -27 60 13 -9 44 27 9 23 35 24 75 -13 -91 -70 39 19 16 87 -69 43 62 77 -16 -34 -19 8 86 94 -73 58 -76 -99 32 33 35 -97 24 -61 76 -90 -17 -19 1 88 -47 15 96 -56 28 45 66 -54 75 0 96 96 -6 -20 18 -28 -70 71 -14 55 99 -2 -24 -22 82 -39 -9 75 46 63 72 -4 -91 32 89 4 -53 -53 -19 -51 12 76 -32 -50 42 26 24 -81 37 -47 22 8 -67 42 75 -3 54 81 -54 30 -3 -13 -32 45 74 -79 33 49 56 44 20 -90 66 95 68 17 90 99 22 18 -95 39 -76 -9 7 45 -12 97 24 86 20 46 -14 -64 -90 -2 -7 14 92 92 83 49 80 -84 9 41 -53 -51 -55 9 74 48 32 -69 58 -69 39 -46 -21 -20 -81 24 -99 90 76 84 -66 48 56 44 40 42 70 4 -2 17 -9 91 96 29 56 32 -75 81 32 -43 8 -17 -6 -25 60 -89 
46 73 22 94 43 74 23 81 -33 70 64 -97 -30 82 25 25 -55 90 92 36 -74 -94 -7 86 29 -94 99 -65 15 -90 -9 -84 93 73 31 16 -90 6 37 84 -63 81 98 -26 -82 -16 26 48 -23 8 55 -22 30 -38 46 -68 -70 98 -62 65 -42 92 -59 -17 -7 58 -78 -22 -58 -22 -83 69 28 -5 88 -81 90 -62 11 -44 -87 11 -17 24 27 -70 65 -25 15 -14 76 87 58 49 25 65 -76 61 97 -2 -80 16 81 77 81 -8 59 27 46 38 -65 49 84 -3 19 -28 -48 68 -25 -59 81 78 13 7 62 -93 39 76 40 44 43 -10 -64 11 -38 -85 -84 -18 -85 23 -77 -93 99 -10 7 -10 -11 52 -47 98 46 -84 -93 84 -75 58 -34 48 -9 -40 -50 94 55 30 -4 -86 -63 80 -6 -62 -95 55 -96 91 -47 68 -27 -55 64 -79 -41 69 30 -53 -91 -93 66 -94 6 -9 35 -45 98 99 -22 -43 -50 6 -71 39 
-38 93 25 -98 84 76 87 5 55 -55 -43 63 10 28 23 -86 22 45 43 46 3 -88 70 -4 -82 74 -2 37 95 -36 7 -51 41 79 84 39 71 2 42 83 36 5 -4 65 -8 -53 66 -77 27 -71 66 65 86 -81 75 -18 78 29 -81 -30 40 -6 -12 -68 36 56 37 -28 54 7 -96 82 15 64 -76 68 -28 -3 82 -25 15 47 -36 52 -32 -19 -26 -29 36 36 -49 14 39 98 31 4 -7 -20 -18 -34 -69 92 -34 9 68 62 91 49 57 -53 -63 38 -10 87 -23 -14 2 -3 -29 52 -43 99 -13 -10 60 -57 -24 14 -60 66 -33 -17 -85 -78 8 -32 49 -67 67 8 -58 -42 44 -95 2 66 22 11 57 -5 -52 80 50 -49 -64 82 50 51 76 -97 17 -1 48 -49 -72 -47 -48 24 61 71 92 47 94 53 96 -67 -51 -5 31 -99 -85 65 67 65 -91 -83 45 -92 68 82 64 41 -57 51 97 21 77 -23 -1 8 
-15 70 -40 26 95 -10 64 41 -30 15 16 -10 68 28 36 -79 35 -13 -87 38 85 85 -50 97 -51 31 63 -21 -87 -25 30 -23 10 50 5 -97 41 48 -67 45 55 62 -68 -89 -9 99 -90 50 -21 16 81 -50 -14 -22 90 -98 -87 4 44 -30 -39 62 70 84 -21 -70 44 -3 71 -90 95 -78 37 70 -54 -10 66 22 86 88 2 49 -93 6 -33 1 -12 -88 90 37 79 34 -69 15 27 -20 -91 20 38 58 38 -86 97 78 -5 34 -92 50 -6 4 -22 35 -54 -2 21 -59 -63 62 90 -50 51 -78 -42 -88 -24 3 85 8 -5 97 28 -69 41 -1 25 18 -13 77 77 77 49 -17 76 -84 27 -96 -59 -21 -83 63 -73 -67 -57 -20 12 -32 96 62 41 -54 15 65 -66 89 24 31 46 72 -14 55 -72 19 88 88 18 -81 -84 2 56 -92 -91 -98 -97 73 -40 63 -11 -1 5 -45 -27 -5 -9 -41 -46 -97 45 73 73 -64 
7 81 -56 -13 -53 -16 -80 63 55 -10 41 80 -41 4 -95 81 -57 86 -87 30 -74 -91 -32 -78 58 73 98 38 6 -83 99 -1 -87 69 91 -79 39 -8 -25 -70 2 29 45 10 -41 -7 -35 95 -91 -42 -47 -84 -5 76 -72 55 62 34 -72 55 -78 -51 -5 80 -53 -8 79 -79 -42 33 -74 -5 94 75 99 39 -85 -45 58 14 -10 -83 93 -61 -69 -57 -33 20 30 -70 9 80 55 85 -89 94 -71 -45 32 52 10 87 -7 -35 48 82 -87 -60 76 36 -88 -30 97 65 -68 -55 -39 -77 79 71 33 -89 -74 -1 -22 39 10 54 59 -11 83 -56 79 2 76 -25 23 -68 6 -87 73 -19 -8 52 54 33 -58 10 28 -42 3 89 57 -12 6 59 44 -15 -66 0 -15 56 49 51 -35 83 -46 55 -38 98 -84 55 50 62 49 -15 -4 -85 -55 39 51 -14 89 -78 -67 -28 55 -59 -80 -40 -61 -1 63 48 88 -7 -91 -33 82 -67 
50 -8 53 -39 -7 81 -23 51 37 64 -94 30 64 -58 37 41 -65 1 -37 -50 -19 -1 24 18 99 -81 -26 16 68 19 1 -37 -77 -53 -87 50 4 -95 80 96 73 -33 5 81 -55 -45 21 86 53 -60 -41 24 -81 -5 2 50 -57 -51 27 0 -89 67 57 -68 -12 -38 -1 -25 -39 -77 -51 -3 -26 37 -31 -18 20 -47 -35 -10 55 -14 -44 61 -64 -91 99 -79 24 85 -23 -17 85 69 80 -82 -28 30 29 -50 -75 -72 -89 -9 -5 -50 -2 88 -75 55 -63 -86 22 66 77 -75 81 91 -46 -52 84 2 33 -99 16 -23 -89 -32 44 -57 66 81 67 -97 45 80 99 -21 -21 -17 -56 47 15 -18 13 -33 -74 -29 -17 29 -50 81 45 35 20 -82 -21 -60 4 18 87 84 -78 -21 71 96 -91 92 33 -9 73 -54 70 -25 96 15 66 -63 -15 52 -86 65 16 96 -60 -82 -27 27 24 -97 24 -29 30 -28 16 7 1 -48 70 88 
-83 -15 55 18 -51 82 84 63 0 -41 -52 51 -72 -57 93 68 -86 46 6 -12 -84 71 -82 25 47 -20 50 31 98 -23 -21 22 -13 -47 -87 4 -68 6 31 -62 12 -60 -11 81 54 65 73 -99 -41 9 -87 -83 62 51 -24 -60 89 17 -61 10 51 5 -38 -56 59 83 -21 3 17 -84 1 -53 -55 -82 29 -52 42 -35 -13 56 -85 -72 -99 -39 57 38 -98 -30 25 -14 72 -68 61 2 -41 -67 60 -38 0 79 52 -28 -63 94 -47 59 -66 88 -55 -94 81 98 62 52 53 33 65 96 -55 68 32 -83 -76 -51 -25 58 -10 32 96 -98 0 -76 -70 69 60 13 -28 -72 -21 35 0 78 -52 16 -67 26 69 71 -31 -53 -34 -51 0 -96 -22 -92 -49 1 -46 -85 53 79 18 -76 50 96 7 33 -84 -51 58 16 -44 3 60 95 34 92 -7 -88 -37 45 -25 87 1 -28 65 -50 -72 -87 -41 12 -4 1 36 96 66 3 24 43 
-56 -57 -61 22 74 -69 -34 52 -78 20 12 20 83 38 57 -9 -50 -61 -40 -17 88 76 -1 -78 -98 -99 -16 22 5 2 -28 -35 -5 -72 4 7 61 -94 96 96 60 41 -68 -45 -49 -28 -86 -6 7 19 -80 73 -69 33 73 -64 -72 75 69 -93 -57 37 56 82 -81 -84 -18 85 3 -95 -40 3 97 -15 30 41 29 -47 55 -5 -18 25 76 -16 63 -76 -69 -90 -59 -48 -20 -77 -1 -86 94 -93 81 -18 13 2 98 96 78 40 -9 -57 -64 95 -37 -50 -61 52 -73 29 -88 -90 8 82 67 60 -75 20 -51 -63 -60 -35 -82 -89 92 -1 51 -67 -7 -19 -14 -26 80 -66 -45 -98 39 -4 -29 -12 -58 -99 -15 4 65 -90 -10 -33 -27 96 88 -22 43 -77 35 1 73 99 60 13 42 -12 93 -69 80 -25 6 2 61 52 31 -76 -95 37 0 53 49 62 -51 -95 -41 -70 -75 38 -96 43 -96 41 -76 79 86 8 -17 -56 94 -65 
-45 10 86 -30 -57 76 -50 69 5 -99 10 68 84 65 -56 -19 66 -5 -72 -61 -44 -17 -75 -4 -74 -2 -13 -20 -69 -1 27 -94 45 48 7 6 -22 87 33 -61 81 13 76 27 76 -96 52 59 -72 98 -85 63 17 -73 -88 55 -61 -24 30 85 46 40 -57 -74 7 92 -75 12 -28 -99 71 68 82 -39 -57 69 -90 91 97 -93 21 -92 47 88 81 -12 -43 -27 -65 -2 34 -87 -63 11 36 39 71 -58 -59 44 43 -6 -73 27 3 58 98 27 46 71 -18 -87 -64 87 -99 -73 59 74 -32 65 -67 -91 -42 -57 55 52 49 -15 -80 -9 36 63 24 -24 -53 80 -48 -48 43 98 62 18 22 99 -25 -36 -71 -87 37 -41 -5 10 -6 -49 -90 87 -99 -30 4 1 77 99 6 -83 -10 -19 89 -79 13 78 -43 -23 47 98 76 51 -48 -8 -68 -52 -53 9 -96 -16 30 -37 9 -45 82 96 2 17 48 -15 54 23 -70 75 -9 -63 
54 -58 34 -84 -66 -55 -46 48 -72 23 -11 93 34 55 35 56 -4 45 -77 -20 -74 -39 88 62 -84 98 1 24 80 53 -99 80 54 41 78 69 35 -84 -62 -2 76 -28 58 -23 -7 55 -53 -74 27 92 -6 96 -66 21 -11 59 74 18 -55 -73 -12 -27 -53 66 -98 2 -92 -52 -89 -97 -70 39 16 14 45 -17 23 32 5 54 36 -68 47 66 -79 -69 -25 95 -31 51 61 33 46 86 4 37 2 49 84 96 99 56 -93 -59 -55 -11 -2 64 -89 3 -8 68 -84 -83 -81 12 82 7 -70 -47 -48 -31 8 -58 95 -90 -39 -34 71 67 54 86 -15 58 -11 29 -25 -68 -20 64 83 -19 34 21 71 -3 -75 -46 58 95 -50 40 -42 69 -81 -54 18 20 -85 -79 69 6 3 52 64 53 -18 67 -73 71 65 -6 -50 -24 -63 -72 22 -79 59 -58 1 -29 11 65 98 -20 -57 35 16 -74 45 66 71 75 66 24 -54 -22 -99 -26 
71 -96 9 90 30 58 51 -32 -69 95 62 -13 -24 70 35 -34 0 61 -93 -38 -71 61 10 -5 -69 15 -8 -72 -49 -31 -95 99 -11 47 44 -48 -43 97 9 82 7 -8 23 -4 94 -38 21 -95 66 65 -17 -26 47 -73 13 -70 14 -39 -64 -81 -86 -43 35 -41 41 -77 83 75 9 88 52 42 41 -54 37 -26 -19 5 -16 11 15 8 24 -50 40 16 69 56 65 -88 73 -84 -18 70 77 93 -32 11 -82 -79 -87 -42 37 -20 65 -50 84 -48 36 92 -52 -26 8 -98 -39 -6 88 -46 75 53 8 60 53 -2 -53 30 30 74 87 -80 85 -93 -96 27 32 57 28 66 -44 57 -88 46 -49 48 -13 19 -61 -91 84 26 -63 -99 -53 -2 74 -58 -20 23 37 -30 31 -77 3 -49 65 80 50 66 -11 13 -80 -84 99 -52 43 47 -60 32 -88 -7 35 -84 44 1 31 -23 11 19 -33 -38 -10 -58 77 -45 -35 -1 -7 99 53 -40 
53 -23 -8 -20 8 77 -45 82 34 7 -84 -92 -7 98 -73 57 -12 -22 85 -1 -31 92 55 -83 -51 77 15 26 -71 -9 12 -13 -28 3 68 -1 -43 -90 29 -39 82 70 -67 8 53 49 65 1 -73 -87 -68 -57 -37 -81 18 -18 13 87 -61 -29 -40 -5 -88 29 -57 -2 55 83 43 -86 19 -16 10 -52 88 -53 95 39 17 -74 -2 22 64 12 -30 -56 -64 -77 86 -29 70 -67 84 77 16 -75 8 69 73 -90 -54 91 -41 20 53 25 -10 6 -92 -68 19 19 4 6 75 -5 57 -69 -49 -49 30 47 23 -26 -50 -62 3 11 -10 -17 -79 44 -11 37 -38 26 -36 87 -9 94 57 56 54 -33 54 31 -30 -25 73 -25 -51 -90 82 30 86 53 -19 -68 92 -10 22 -98 9 89 7 10 87 -70 5 43 -80 -47 27 69 -17 82 -92 -76 -34 -67 -92 31 -40 3 -70 -38 -33 91 46 -49 54 55 87 -16 -38 -62 -48 -3 5 -53 
-50 -64 87 -50 10 90 15 44 32 42 93 -54 -33 52 97 65 37 82 -21 -94 63 11 3 97 -56 50 16 -18 14 47 67 -72 21 68 85 17 44 -99 36 89 13 70 62 50 35 51 -50 26 -19 -41 -13 7 61 59 -3 -29 64 -13 87 41 37 7 36 -50 86 71 -20 -85 82 13 -53 -45 10 91 -7 50 9 41 53 -22 -15 -44 -68 6 -18 -95 -23 27 99 4 -96 30 -28 -82 20 -13 55 43 -12 33 -11 1 58 -63 -35 49 87 -26 96 25 -43 -24 -81 -99 99 73 77 85 -40 42 79 -89 -61 94 84 -49 74 -25 89 73 -65 56 8 33 94 95 -2 82 26 80 20 6 87 -31 95 -54 -73 8 -84 3 -90 91 80 -87 -54 -58 -47 5 -1 12 -8 -84 60 -99 93 10 -72 -14 7 -6 34 -73 -52 48 84 72 -56 45 -77 -27 -92 53 3 79 -41 76 89 -91 67 42 8 92 -53 -15 -50 43 49 -42 -28 61 
-62 -83 18 30 -42 -53 -65 -38 4 79 -53 -40 -20 96 96 4 82 -69 -50 26 -36 23 -8 40 -83 27 -64 55 -12 35 -77 69 48 43 -39 4 -89 88 37 7 -73 -76 4 -10 -32 53 57 -37 -3 69 -83 91 24 98 -10 -91 42 -16 93 -60 -62 60 21 -14 -91 32 59 -42 44 61 2 -57 11 51 -23 46 -44 -90 -99 13 97 11 59 -72 -57 87 -81 -22 -87 -76 46 62 -29 49 -77 16 66 0 -9 30 -25 -23 -80 -68 -65 63 -39 8 -62 43 -16 -26 21 9 -7 53 61 0 41 -40 94 -85 30 -50 71 -52 91 -71 -82 -70 43 -11 -32 -52 -41 34 -46 89 -1 52 -43 -35 15 29 -80 -92 79 -48 97 47 -99 -5 -66 -50 93 91 -61 -39 73 54 -95 -68 -82 31 -68 13 -99 69 -30 -76 10 -20 99 -20 -21 -9 56 82 94 2 -49 97 -17 -14 -44 -44 28 73 -19 27 26 -45 -87 -87 59 -17 -47 73 -59 90 
-1 22 62 26 -35 -79 -61 34 9 38 -44 11 32 84 -9 64 -68 50 -24 -91 -11 76 -79 -50 7 43 -69 33 34 27 85 -24 34 -98 -32 55 -1 85 38 -37 -2 7 -72 82 0 4 -97 -8 11 17 86 43 -2 -95 -61 59 99 85 67 -1 -46 -98 21 -99 -84 76 -50 88 -39 -33 99 8 26 -45 25 79 88 -86 -89 25 -75 -31 59 -50 21 35 9 -68 -51 -64 -45 60 6 52 45 71 -5 -77 -17 -16 52 -15 -43 99 6 39 69 -33 -20 68 -47 49 -21 79 5 -4 52 -78 73 -91 -42 82 24 -37 -71 98 -65 -80 71 -53 46 88 -75 -40 -75 -71 97 -53 31 -66 69 -81 -87 46 63 -16 -22 -86 -68 -54 18 -38 -25 -53 -84 74 -29 54 81 -89 55 49 5 51 6 36 -70 83 39 28 92 0 -69 -25 88 -38 -89 -16 49 63 9 85 10 29 -38 75 -46 -67 -36 63 20 68 -96 61 -66 11 -28 24 -88 -88 
-50 -36 -18 -50 -17 13 -13 -98 -98 -26 31 35 84 -19 94 6 -72 79 71 -33 50 -67 33 49 83 76 -15 -60 -57 61 -47 60 59 95 40 -9 25 3 -70 2 59 -23 -47 -86 -1 2 -6 86 59 97 16 35 -49 61 81 -63 45 -84 61 -27 83 -50 21 -64 44 94 19 -98 -32 -21 51 95 -11 -52 -80 81 44 -19 -18 -41 -14 -65 79 95 99 -17 -62 -24 -51 -3 6 3 73 84 -43 43 -41 27 84 15 -98 -96 30 -25 75 36 -83 81 -46 12 -61 75 -11 -13 -99 -3 -88 24 -11 43 -67 69 12 24 -94 59 83 -84 -94 90 82 33 -36 66 93 65 79 -80 74 20 42 -80 93 -82 58 -83 -68 -46 -89 40 -34 44 -16 74 -49 -10 16 -4 2 47 98 75 -63 -51 1 90 11 85 11 -61 -62 -33 3 -76 86 -5 97 -20 -99 9 68 83 -54 -21 1 -48 -29 -49 88 79 -74 29 -71 38 -17 -14 -24 -10 -32 -16 
57 -35 -69 19 -90 38 41 46 -12 -38 -48 -32 70 68 19 -56 -73 -31 -98 -15 -17 -46 -49 -50 37 -40 -97 -1 29 -87 27 -61 -15 64 86 38 13 75 86 -93 59 -21 -93 64 45 -28 23 -2 84 -11 52 68 76 63 46 57 -26 23 59 70 -55 -67 62 89 -59 -36 -80 -87 76 -90 -96 40 -47 73 0 29 35 -33 71 30 -88 7 -57 5 56 47 -1 32 -63 -65 25 -89 23 52 97 6 -18 -78 -41 -38 -21 9 49 -59 87 19 76 22 63 -46 91 -44 -47 -56 40 29 53 4 -61 -85 -32 -67 54 61 -58 -59 -36 19 15 59 75 0 -24 -26 -39 63 -70 53 -2 98 -4 33 90 -11 5 51 22 68 -85 33 -57 -92 -43 51 -56 -41 25 -8 -24 -41 -78 -43 -44 72 -99 64 21 -40 -10 -61 -97 -58 13 30 88 -94 -26 43 50 16 -67 26 98 45 -29 53 -25 68 41 -2 -75 79 -35 -72 97 -82 35 5 90 79 
-39 38 -60 66 -59 -99 49 -22 78 96 25 -74 -91 69 -24 56 -10 -37 35 84 6 13 -50 -65 -12 14 -55 37 -26 -18 -21 -37 44 39 8 81 49 -3 -49 -29 -84 49 0 14 94 -83 -45 -36 -92 69 96 -67 -85 86 67 -92 -56 -82 86 31 -44 44 39 50 -43 96 83 -40 -9 67 -82 83 -1 3 -98 60 -82 46 -37 89 -69 -11 7 99 -61 64 40 -59 99 -62 57 -75 65 36 37 -56 60 -42 19 34 -4 -78 83 6 -52 -12 -62 -60 54 -65 71 50 42 68 94 99 -33 -12 -22 8 -97 -96 73 41 33 64 19 73 94 32 84 70 6 33 -3 61 34 -34 -2 -42 24 -79 32 23 72 -83 -99 11 63 -39 68 -19 -90 39 95 -66 -29 32 41 -32 48 -5 -40 59 -58 2 -45 66 -28 -43 -84 -21 -7 70 -58 84 -35 3 -24 -58 73 84 45 -46 -8 98 -40 -83 32 -94 -91 46 18 -18 70 90 38 -39 -71 0 
-13 45 1 -99 -93 -18 44 70 -91 63 22 95 19 -80 -13 -8 67 96 -77 66 87 45 -97 -37 -48 56 55 16 42 -30 -29 5 -45 -19 -86 47 -43 -19 -4 -87 4 -40 -50 36 37 91 -13 -83 98 46 46 23 -82 -58 53 -2 -29 14 97 47 -54 18 -53 54 -7 -95 58 -92 -19 -11 -3 -91 -68 17 -51 -39 -89 87 83 -19 -40 87 7 -10 82 -52 0 -5 -85 -89 -3 -37 -13 91 1 -54 -66 89 -82 -70 -72 56 -70 -84 19 -42 90 -40 0 57 -7 0 -26 90 -37 63 53 -53 -2 -42 -4 -68 92 32 -82 -31 24 -21 -13 -63 -80 -72 61 -36 84 20 -96 97 -12 -48 -22 13 -87 85 -27 -11 15 -94 83 -51 46 58 -53 59 -58 92 0 97 -83 75 76 43 41 -57 -45 87 36 6 -63 82 -61 -47 98 31 -83 43 36 -89 -55 4 70 27 23 24 71 72 -22 71 -57 47 -70 -72 -96 -64 -63 -20 -37 64 -96 -49 
-17 23 48 75 -72 47 -40 -90 89 47 78 79 -43 -13 86 -49 -9 8 -18 -3 35 -13 -78 -16 83 70 4 72 17 -69 14 -36 17 88 37 -74 -57 -6 -55 83 -29 -16 -42 12 -1 -42 7 92 -28 -30 79 -9 77 -51 34 57 11 31 -77 -51 31 -86 -85 -85 -69 -86 37 75 -68 2 -19 59 -37 -94 -67 46 99 3 34 67 58 57 9 3 -17 26 19 58 58 65 -14 -98 95 -24 -41 36 55 -72 -74 -12 1 -4 -3 -40 62 -78 35 56 -61 45 -38 -74 -58 95 55 -51 43 -91 -25 -77 -87 16 30 50 82 70 48 56 -93 -44 -6 -40 30 29 63 72 44 -58 -24 8 -24 5 -1 -58 92 -23 -85 36 65 80 -53 19 -96 -77 -27 80 -27 14 30 1 43 86 80 -19 82 -48 -4 -89 -3 -65 76 -98 -82 62 99 87 91 -80 96 -95 -35 23 56 -55 75 -47 -58 -96 63 22 98 -9 4 2 97 -61 -71 9 -41 21 
52 67 -59 31 -83 64 95 -34 36 70 56 -45 39 80 41 -75 -81 3 78 61 -38 -96 -74 41 -92 -16 41 81 -75 44 -72 41 -74 -98 48 -82 36 50 -33 -59 -69 42 61 84 -37 -73 49 -55 -31 -98 6 -9 -11 -71 -71 -68 -16 39 -80 20 0 25 -43 -24 40 60 -39 49 54 -10 -31 -60 99 41 59 18 59 -39 40 26 73 2 21 -40 44 99 -59 68 -23 39 -49 64 67 -13 -87 56 -66 98 -16 -61 -8 -17 -92 -17 -29 -64 -58 46 95 -85 -10 13 -73 -10 40 -69 72 -54 2 -43 6 -14 36 -51 83 25 -57 -56 -10 98 -31 -3 51 -11 -2 -9 26 57 80 20 17 -16 -51 -19 3 -53 51 94 66 60 36 -3 -91 7 18 -28 -83 96 -61 -7 -27 72 -18 -69 -53 -99 2 -89 -79 1 -5 -48 -49 22 -84 35 86 14 -73 73 -70 97 -88 -51 31 95 87 -3 -49 23 -61 -6 23 93 32 9 39 -65 27 -81 
27 -44 13 -48 66 83 -31 -23 75 -1 16 -83 77 -25 -91 -62 32 38 -18 47 -54 -45 -7 25 62 -34 76 -5 67 -91 -5 -47 -41 41 12 -42 -16 13 -2 -99 -19 -98 82 37 40 6 -78 -80 -49 87 50 -90 -25 -96 96 -68 -10 23 17 -48 16 34 -96 -16 -22 -27 -52 -61 -36 57 -28 67 -7 -15 33 76 -75 -32 54 73 7 21 -14 -66 -40 -56 -5 -11 87 -8 -98 33 -16 -17 -34 -59 -74 61 53 90 -81 53 -59 97 -53 -88 -76 -94 86 -36 26 81 -6 81 -36 95 -69 13 -93 97 76 -69 -76 26 -20 -40 5 -15 23 -55 -25 40 -67 -95 96 -24 57 2 -47 24 -11 96 -98 -83 91 -94 37 -61 98 -87 -67 57 -68 93 88 -55 -73 -37 59 37 1 60 41 43 10 41 -20 -18 -81 -26 1 -37 14 -73 -44 49 53 62 71 97 -13 -97 -13 27 67 -5 82 -33 60 -13 -22 49 -28 -26 54 -17 62 24 11 -43 
37 75 -41 11 51 83 78 -21 81 -86 10 -28 -99 42 61 67 14 82 70 98 -5 -45 88 -62 93 44 -99 41 -84 76 20 -27 31 16 -70 26 39 53 -95 36 88 18 79 57 -80 -81 92 61 -52 -72 29 41 56 55 -66 -89 35 30 10 92 41 81 53 65 33 34 31 88 -40 -79 82 -90 36 -69 -19 10 -93 -84 33 57 88 -97 82 -73 18 -65 0 73 46 15 -43 -23 -43 -11 -34 94 20 98 59 46 -91 31 2 53 -6 -64 96 -83 34 77 -89 2 -31 -94 -37 49 32 -28 -15 95 23 82 -2 27 25 -58 94 22 82 39 22 -93 94 -4 -60 86 15 43 -45 93 -78 47 35 67 -30 -34 21 -1 94 8 70 -60 -28 -24 -64 -58 -10 12 -79 35 -46 83 74 40 -96 -47 -88 -16 -4 64 97 85 -32 61 -5 56 50 -92 -50 60 50 -55 44 69 78 -31 -86 47 38 70 -61 16 18 -14 -85 -83 37 -97 81 89 
-54 4 76 0 18 -46 55 -65 14 17 55 14 -78 -52 46 -31 -23 -4 -41 -36 -61 -21 -12 80 -31 31 -76 27 -94 -90 26 -93 -79 -72 -8 -93 95 85 32 -38 -23 44 56 73 -89 -87 90 -40 12 -10 45 76 35 65 -12 36 -56 34 25 -33 -98 30 2 99 88 -35 -47 -28 69 82 81 96 -97 0 17 75 -68 -5 7 55 -92 -55 88 -67 -10 -80 6 -12 -69 70 23 23 -5 -12 -56 33 62 -24 -48 55 55 98 -90 -75 0 26 82 -43 77 83 35 33 -99 -17 85 -24 -93 -7 -18 70 27 -54 1 -87 2 -99 -1 97 -30 -52 57 50 81 16 -99 -73 -11 -7 7 81 -46 -9 97 30 7 -42 -20 -57 68 -66 76 -88 -90 -71 -10 47 52 -51 -74 -21 -84 -4 87 74 20 -18 48 -53 38 32 -39 -24 79 63 -9 83 21 -16 59 70 6 -14 57 -28 -97 -51 -38 -65 53 -27 31 61 -83 -97 -66 12 -73 4 -35 60 
-41 6 56 -67 19 -91 64 -10 50 -28 24 87 29 -80 -94 72 42 0 -27 47 -41 13 -98 89 -28 -25 -28 -27 97 86 69 -30 -55 -26 90 1 -17 -6 70 -24 -83 96 -10 20 92 -26 -50 64 7 4 -44 18 36 -30 -3 -94 -10 -82 54 99 77 27 -3 72 -36 -14 -66 -2 -40 -12 -82 97 17 -9 -52 -10 -4 -89 63 -39 60 79 -10 -24 -69 -59 -68 -22 59 -36 -85 -40 -75 24 -7 -3 -98 94 7 99 52 82 -80 38 63 -45 -96 -51 53 24 65 69 -26 73 -33 80 -68 -51 -8 -58 -85 -55 95 87 -60 -65 50 -1 22 9 72 -22 72 -64 5 -84 81 83 -58 11 -43 -63 -79 -70 35 -38 56 -16 46 19 -53 59 70 -49 89 43 -59 79 -28 33 97 -93 40 3 17 -65 -84 -63 -60 -68 -41 -82 -22 -65 6 -92 -27 -16 -90 -28 55 -33 43 -47 85 70 -68 19 -13 -91 -89 -53 84 -46 -97 -27 55 -72 -61 8 
88 -15 -69 42 -98 -35 46 -66 33 -92 -11 22 -12 7 8 11 99 53 5 -32 53 67 95 -49 49 -80 -8 -19 75 25 38 65 88 -7 -21 51 23 -29 43 -33 -28 96 -31 -56 -80 -52 -19 -83 95 47 -29 -62 91 -69 -32 19 37 31 59 17 73 2 -70 5 81 33 -95 -90 86 -41 79 -4 -8 -21 -62 41 -97 61 -88 -85 39 59 -98 8 -33 -63 -18 21 -58 -20 -4 33 -40 -39 67 22 -80 -22 -11 10 -55 65 48 -96 -60 -26 60 47 39 -52 33 13 6 95 -46 18 -74 50 -60 -78 32 -15 -24 -55 90 66 57 -63 36 29 -76 -93 99 86 -77 -63 44 -97 -81 58 -61 71 -79 -17 51 -45 23 -94 -77 -98 -13 -84 93 -3 -17 95 0 -52 -85 2 -90 53 81 -82 98 -51 24 -28 -22 -24 -32 65 -5 91 -37 -43 -57 34 22 -97 29 -17 -51 26 -45 27 18 57 -64 94 1 99 -3 44 -88 57 65 -89 -51 -87 
-73 7 -52 90 -23 -5 95 96 27 -8 -58 70 91 -21 -69 -28 90 83 88 32 -7 60 24 71 69 -9 12 35 -93 -45 41 27 -78 64 6 -17 -98 -32 -68 -74 -35 -50 -16 -32 7 42 -85 36 88 -96 18 -12 43 -72 -94 -77 -58 81 60 -11 -94 -2 -8 77 -26 -47 -25 -44 -35 -10 -34 67 61 91 33 -87 -86 -83 99 -70 -16 -49 -23 47 4 -27 43 24 9 27 74 87 -7 -51 -29 -10 73 0 -40 -16 -59 -97 36 35 2 -72 -18 54 -67 -55 25 -8 54 22 -55 37 -91 70 -15 37 45 -59 92 60 76 -20 91 -79 -12 1 83 71 -83 -54 -72 -90 -85 37 5 -94 29 -69 -84 60 92 -25 -18 6 31 91 17 -10 71 62 93 67 -21 -72 -50 -82 66 78 -55 -80 -41 18 -95 -2 -88 -77 -44 7 79 7 2 -2 2 63 29 39 29 32 -85 6 -47 -38 -64 96 34 89 17 -72 -30 15 -43 -11 -86 19 -90 36 
-53 -49 -33 61 75 -31 -68 -99 67 2 37 44 -61 -43 -8 34 0 2 -41 33 -45 91 -85 61 4 59 -55 40 71 -28 -35 -74 22 -48 -85 0 -80 75 95 91 -48 -29 -95 -38 -28 -13 -23 -8 -27 78 -86 -76 33 24 7 56 -77 -79 -55 -8 -96 -99 -27 -6 51 84 25 -13 26 -86 -32 -10 28 76 75 -39 -11 -23 -55 19 73 80 30 -88 75 -94 70 79 56 -95 74 -4 59 88 -18 0 -7 36 0 77 -9 0 30 -21 -80 -44 -62 40 98 -27 -83 -41 83 28 17 -32 -2 83 31 60 -19 -87 -70 -35 -33 -52 -18 -70 -13 -42 88 -42 -13 -86 45 1 92 -24 96 25 -17 23 -77 -57 99 2 -69 94 -35 -32 88 91 -12 43 -81 -93 -97 89 -85 1 18 61 -47 13 34 -37 57 -37 -73 -37 -37 -93 40 -34 -55 2 -72 13 -28 -12 -83 98 58 28 -53 53 -71 57 -82 -82 -2 56 -84 90 -68 -15 65 -16 52 70 
-86 -56 32 -30 -19 -95 -29 -68 -44 -65 -47 -25 -88 78 -30 -45 -29 33 -74 -47 -84 33 61 -26 23 -85 -86 50 55 -55 -34 -49 -10 4 11 -70 29 -62 8 -46 81 -30 35 10 47 -30 -70 -84 -46 69 -43 -45 -28 -33 -51 55 -3 68 -70 76 97 74 -58 -63 74 26 18 63 -82 -39 -64 52 -81 -83 -12 11 -61 -99 -12 -79 38 39 13 -12 -53 -90 49 99 70 80 91 98 61 -4 -59 -85 62 -44 -17 -56 -37 -69 51 -91 -76 -98 -68 -73 -89 -72 12 9 7 22 32 73 -57 51 97 -63 -76 -55 -76 -91 59 -1 -66 -62 -38 0 51 -28 -78 -67 -6 99 -66 -18 -72 -70 1 35 12 47 25 87 -36 61 43 -89 -91 91 84 -20 95 -1 55 31 -28 -44 27 96 -21 -19 -63 -17 -46 97 30 -56 -80 -37 29 71 78 66 -28 39 -95 98 -89 -69 40 -17 -75 -95 -45 -44 56 -26 -82 80 -40 -23 66 97 59 27 60 71 
9 35 62 -77 -10 79 46 -78 -31 7 94 92 -80 -43 0 62 -6 32 -69 62 -87 -99 -22 -17 38 -28 30 -56 -80 70 -72 17 43 99 -75 77 59 99 -35 -94 -15 49 55 -86 -43 27 39 7 24 -64 -2 95 58 14 -23 -99 -79 -64 -3 40 -73 -16 45 29 -45 44 84 50 58 33 94 66 -31 23 -13 62 -43 41 20 59 58 -78 -58 63 -95 -17 15 -34 -87 -76 -94 1 71 -35 -15 97 8 -94 4 30 -76 -22 42 -50 48 -86 -31 3 97 97 22 -45 -82 -43 28 -64 -25 2 2 72 96 52 41 -64 -79 76 62 -95 -18 47 19 -31 -34 -39 27 67 61 33 91 91 -64 -46 -1 61 -63 70 -64 -88 38 -70 -66 76 69 -34 -97 -83 24 -92 -61 34 -32 31 15 -19 12 71 80 88 -38 92 -72 51 11 -35 52 -26 30 87 -46 -48 -90 19 80 -2 6 39 0 48 -91 46 88 27 34 78 22 7 0 61 -18 48 
81 63 58 -37 -28 83 96 -83 24 96 -14 -84 -16 -12 -9 85 -72 41 56 61 11 -60 1 -9 31 -55 83 21 -86 12 -81 -57 -4 -19 81 74 -87 -78 -9 -56 -9 48 81 88 -97 81 96 84 -99 73 -60 -85 18 33 38 60 -78 -90 -13 89 49 0 28 63 64 -57 4 -7 -90 22 -57 70 47 21 -31 -14 17 7 -94 -99 38 -37 -2 0 -72 -33 -84 -2 -89 50 -65 -23 84 98 -74 66 19 -26 47 -42 -49 57 -98 -56 91 90 -79 -47 -6 -62 -60 -64 98 -66 -8 -65 -17 -22 90 -67 -80 41 -61 9 5 -91 -29 35 -89 31 -89 34 0 -40 33 -30 -68 -6 91 30 10 -96 65 24 86 72 -38 -98 -60 -36 31 -47 48 17 25 74 -86 96 72 82 33 -67 40 -82 72 61 -87 54 92 1 -21 21 88 2 30 24 52 -3 92 -24 -67 86 21 -24 -93 44 -33 -43 -45 -79 -52 -49 -9 24 28 69 24 86 63 62 
6 -95 95 -42 99 58 -9 28 24 -16 47 66 9 -30 90 17 21 -84 14 -61 -77 38 -4 78 38 -16 78 -27 25 24 86 -44 86 32 -35 -31 -40 24 -12 21 -54 -90 -28 40 64 34 -54 52 -41 87 31 -73 56 -33 28 -2 6 15 74 16 -40 59 -5 -74 62 -95 -10 78 94 52 -63 -48 -62 41 87 62 -97 26 40 -45 5 -53 -40 62 -96 88 68 9 -95 -77 -88 -58 -43 -29 -49 -72 -30 -29 52 6 -21 19 -33 -69 -34 -20 97 -73 43 92 -92 92 -46 74 22 -89 -4 45 83 -32 57 -32 31 58 57 68 -75 75 27 79 47 -33 -68 2 22 32 -89 -13 49 56 50 40 27 -70 -88 -84 -15 71 -89 -54 58 95 33 -57 21 -28 81 -9 -31 -83 98 4 17 74 -80 70 55 92 96 54 -64 -96 67 70 21 25 -33 41 97 -98 0 23 -82 -88 47 -27 -52 -85 30 -95 -52 23 28 -17 -55 -66 -46 24 35 42 
28 -98 -36 82 -50 -82 -6 -95 -82 -44 17 -9 66 43 -63 28 93 -92 91 16 -52 41 4 -64 -30 -18 98 -17 -44 57 73 -23 56 -89 20 -29 -66 -92 63 -18 9 90 16 91 88 -35 1 -46 -56 -5 -58 35 -8 92 92 -49 -7 33 89 -46 96 -36 96 -46 -90 61 0 42 -34 99 -44 42 -1 -61 -87 48 27 78 8 26 86 77 -62 25 -31 12 -84 -68 76 -39 -59 74 -9 -3 41 57 31 -7 15 -2 -93 -55 -52 25 24 -8 -63 71 19 2 4 15 49 60 -71 -62 -74 86 -78 -30 -86 52 22 -64 -98 73 -7 3 -26 -55 56 36 62 -40 57 39 66 -65 -69 -65 -18 -49 -23 46 79 45 44 -50 92 61 35 51 -90 -75 -83 -41 -67 -94 -86 3 5 14 -9 -16 -83 -11 -82 85 22 -85 82 37 -54 0 63 16 -1 -69 92 71 10 13 63 61 -16 57 19 -76 -26 67 -21 96 -28 -38 -34 97 70 -61 -90 -7 
97 -56 -6 9 -13 91 79 -23 77 8 -40 -59 0 -54 91 -25 98 -74 69 42 21 -4 -23 -46 31 15 76 -70 96 -87 89 24 -54 -38 78 -22 -40 25 -15 -54 94 33 15 89 94 -72 81 70 -2 69 -47 25 53 59 40 6 -78 59 -38 -72 20 76 -73 -66 67 38 -37 -35 -35 -66 19 -29 -54 25 35 15 -27 -45 77 49 -64 19 -29 -61 93 19 -82 47 26 -23 -60 -97 -91 -9 38 40 -61 -96 84 88 16 9 36 60 37 -4 -53 -25 -40 20 3 -22 15 40 -33 82 78 -34 99 -98 42 -86 77 27 11 79 -14 90 87 19 93 94 -94 42 -98 51 21 25 20 -10 91 47 -74 19 49 -77 -2 -14 -76 -11 -42 88 44 76 -84 -95 -48 96 -55 -71 79 -25 -11 -41 71 -50 -43 13 62 -85 -62 -22 51 -50 -74 97 -37 56 68 -61 -77 36 76 23 20 -64 -55 31 -61 -76 -33 27 -66 -43 -21 -44 -2 -18 28 -93 
-94 68 -70 83 -96 -89 95 99 -4 23 58 61 -50 -78 -16 -50 69 90 1 2 90 -29 -80 -45 43 79 85 -82 -52 -20 -49 59 -60 16 -95 82 86 -94 75 9 34 -62 65 37 -74 -15 -42 -58 -61 71 65 39 -31 -21 -51 -92 -17 53 10 42 -36 -81 -94 -42 66 83 48 -86 -44 -95 51 -96 -60 -92 -72 -91 -53 -35 17 -97 19 -67 65 -4 -13 20 77 45 40 53 -1 88 68 32 -46 -79 35 -72 -38 74 -88 -56 -49 25 23 37 -34 85 25 61 64 29 83 -70 5 85 -66 89 9 -40 -53 -20 -88 -87 -6 18 -31 -39 -93 -1 -8 29 -68 -15 53 -23 -94 27 -22 -64 -49 -64 -55 -49 -53 -21 -95 86 41 -82 -5 66 14 66 19 -68 -78 -96 37 53 -80 -55 94 -63 40 -11 -20 59 -10 -26 -88 60 94 -86 -16 -10 6 -10 62 -61 -72 94 95 -51 -66 -62 -59 -74 10 45 -76 3 94 8 -90 -83 -23 43 -35 -65 
-79 -97 -79 86 -62 48 -80 99 36 7 -78 10 -82 -61 53 80 -91 -46 -94 -95 64 -72 5 -89 28 28 85 -80 55 97 -10 92 59 34 -24 4 74 -10 -97 -4 -74 -3 4 32 50 99 20 36 -78 -3 23 41 -65 32 -61 39 -35 -27 18 59 39 34 -85 -78 12 -14 -6 -99 -54 51 -36 -44 73 -71 -19 98 12 22 28 -49 1 -48 16 3 -14 35 61 -52 60 7 -83 -57 -64 -72 78 37 95 -29 36 91 -30 7 -57 -47 -72 29 -68 -2 66 13 59 -13 -46 28 17 -47 -41 77 53 -42 52 21 1 -60 -67 50 98 -48 6 -68 -24 -77 79 27 95 -11 43 -77 83 -47 -76 42 36 6 -33 98 41 16 42 92 10 86 -79 -93 39 -80 63 69 73 6 21 4 32 33 -14 79 -43 -36 95 96 76 8 -61 -58 94 -36 -60 -34 -20 16 -64 -53 -30 -19 92 14 -58 -22 73 -85 45 -29 -4 -77 38 -39 46 -9 -62 -62 
65 99 95 -92 49 6 52 -22 -49 94 72 71 -78 98 54 -17 -90 -43 34 38 -46 -87 70 -86 32 85 38 -61 -4 -78 66 68 -17 76 -61 92 99 60 70 63 -76 -53 -96 -6 -76 4 -73 63 88 -54 55 -77 74 -81 17 61 9 -51 90 25 19 -41 -22 7 56 -97 -50 97 -14 -78 57 -4 28 44 -64 27 -19 -16 -68 90 -5 51 21 -52 52 -85 98 5 -12 -31 -69 47 -59 -15 -10 37 74 -85 -48 87 -20 -60 -1 -18 81 -93 -21 43 44 -48 92 93 40 -56 -41 59 16 -50 76 99 -60 62 -92 -9 -31 12 -99 -63 2 -22 46 56 66 -6 -38 -76 -55 49 -78 76 -23 -51 46 64 14 19 -20 -34 74 -1 -13 61 82 -60 50 5 -42 -84 -83 -89 54 21 14 -40 76 23 -40 -49 57 49 -68 -10 -46 -49 -93 25 17 -63 -63 71 47 -99 84 -97 -53 -20 -69 67 -62 99 62 63 -44 -31 -16 50 -46 -35 -52 89 
-25 80 -12 -56 -70 58 2 93 -66 -47 29 75 68 89 31 -71 41 -47 70 52 -80 -37 -98 58 76 75 27 76 -46 82 30 -2 95 44 18 -72 40 -30 72 -51 88 -14 2 43 49 61 -28 80 -9 -42 -66 -4 95 -97 -51 58 -99 -12 -37 81 -20 40 -75 25 -2 -28 27 90 -67 43 -64 99 55 82 17 -70 80 43 -73 -78 -73 25 0 98 99 -90 -5 52 -43 -46 -44 6 44 -41 -42 -46 -28 -40 98 80 95 -29 92 84 -13 19 -25 -8 -32 -11 -2 48 -35 -86 -41 -13 16 -29 47 -6 -44 12 50 84 74 27 73 -74 -45 -36 62 -92 -62 37 -15 3 -51 34 61 -88 93 50 -31 19 -69 -89 47 -80 -29 70 54 -1 -17 -65 35 -19 -23 93 -45 49 -70 -66 -37 75 41 -76 72 -13 50 96 70 68 85 -27 -38 85 29 -33 -19 -17 72 -80 -21 -57 -27 -46 45 -74 -97 -65 -30 -76 -9 87 -13 -79 -31 -94 88 -73 
-18 37 11 70 19 -99 -14 -1 -20 -37 -45 -41 -61 28 -2 -66 37 -37 30 -29 -82 -8 -35 -87 -53 -31 69 -61 -1 56 -84 -55 12 -52 -30 90 16 38 -75 72 -55 -28 -91 -74 -31 97 -35 -91 -63 -78 15 -61 62 -98 -69 78 -84 -84 90 -11 -16 -22 47 58 -77 -16 -84 -7 41 52 -58 -21 -64 66 -5 -76 75 29 -52 -36 74 -17 39 -57 29 -38 2 43 -67 -1 10 28 92 3 58 -86 -58 99 25 74 41 -59 14 -44 71 47 -18 24 14 -14 25 -37 34 96 -42 -74 -49 1 -69 -76 73 83 -67 -93 3 56 0 -14 7 -28 25 -72 73 -37 -69 -65 -77 -91 45 58 55 -8 23 -7 -88 6 -34 -5 -57 -90 11 68 -3 -37 -24 37 43 -72 5 47 -93 13 -81 39 41 39 93 80 -30 -21 42 21 -21 67 -87 -89 49 -79 74 86 32 -91 -49 -13 72 27 70 -3 51 -63 18 98 -62 -40 -10 -73 -39 -46 -17 -17 
70 42 44 -62 81 -36 12 -5 -33 -24 39 31 91 -56 -63 19 50 63 -41 57 -24 -2 -72 -32 -23 -51 0 -64 96 22 24 -71 -68 19 66 -73 36 25 -83 24 33 -27 -36 88 -94 28 -31 66 -9 -16 62 53 15 86 -96 50 14 -23 -9 -93 21 84 -74 34 38 21 68 -63 96 59 35 -61 59 -94 -38 -49 -29 37 60 59 3 -32 -51 -85 12 -90 62 98 19 -97 19 -21 -44 46 70 -21 -81 89 26 14 26 72 55 -26 39 -35 -40 1 -34 -96 99 90 -94 -78 -1 -65 -14 -96 62 -36 73 50 15 -14 -99 10 54 70 -48 -5 -8 -34 37 62 -53 -3 -59 4 32 -12 -53 -37 57 84 31 81 -61 -97 7 30 45 -75 37 -64 58 56 33 71 -42 -88 90 40 32 95 -79 92 84 33 -16 7 -71 -44 13 -60 52 -76 93 11 39 35 -14 -81 30 92 83 8 42 15 -87 -12 67 3 5 53 89 -66 45 -46 -68 74 
-36 83 16 43 -19 94 10 -8 46 72 52 45 84 57 48 4 -35 -24 68 49 76 -82 84 7 7 -73 -10 -22 -41 -33 91 -60 54 10 70 21 43 12 -59 95 -37 21 -58 78 38 65 -55 92 12 11 56 44 40 10 -76 80 59 82 37 -50 -76 -18 47 76 -55 89 80 -48 -92 -59 -4 -56 -41 -56 16 -30 -34 -43 -24 -44 -63 16 66 43 -34 78 -21 -55 -37 1 11 4 -86 44 28 30 -31 -47 -82 64 -10 -7 75 -63 -73 -78 -70 57 -36 -56 10 85 29 -44 40 57 -5 65 -12 82 39 98 40 -10 80 -71 -55 41 37 97 -73 80 22 74 93 -95 76 -35 85 -97 -25 95 -3 3 90 -79 66 56 -17 -24 35 71 -16 -18 0 50 -42 -60 -16 -88 -89 14 69 87 -85 22 -94 -91 -73 15 95 31 -13 -51 96 59 -31 0 -88 -27 -39 77 21 -13 -60 57 -24 95 -78 -22 79 73 -74 -12 -81 63 89 68 -18 -95 
-88 -60 -79 66 34 -98 -50 34 91 14 20 38 9 -33 -81 0 -36 56 67 59 -70 70 -88 54 67 -97 -6 22 -51 -92 6 -57 -92 -62 -68 -73 -70 15 -58 2 -67 41 -15 41 50 -96 -81 -89 88 -90 -81 43 -80 42 -28 -55 -37 37 24 -65 74 -36 -59 -94 -27 -63 45 -43 66 77 71 -63 -56 -40 10 6 57 9 22 78 -5 76 -13 40 70 -17 98 -68 -44 -2 88 70 92 56 92 -31 77 -7 59 2 81 8 82 -97 23 -27 -88 -20 -88 67 42 29 77 77 -58 74 79 -93 9 94 32 56 -57 62 8 -65 47 -61 38 26 -82 65 60 -80 66 -67 -18 -49 -81 -89 10 -7 75 -82 -93 29 0 67 -47 93 99 -54 94 77 -45 -32 73 75 73 50 -18 -49 -26 -84 -68 58 -9 83 75 89 72 -93 59 27 23 -7 -99 45 54 -33 -58 18 -22 25 20 -10 -26 79 -13 20 -17 -99 18 -56 63 83 5 62 -29 -24 
73 49 30 -95 14 75 -60 66 57 34 14 18 -53 17 -67 -96 -64 -80 -73 -20 -42 -94 65 -84 30 -21 97 61 36 33 1 -70 -10 18 53 4 -59 38 22 -86 19 -33 -2 28 -22 25 -68 44 78 50 18 20 -24 -5 90 -46 -46 -41 72 -95 -41 1 88 23 21 -84 25 2 -49 13 13 -62 -59 10 -61 -99 27 -96 21 -57 -68 -33 -65 42 10 -47 43 96 -33 48 57 31 18 -71 53 33 -62 -78 -30 -9 69 -42 67 38 90 -6 -20 -32 62 44 -7 56 92 48 -26 -15 -60 -99 -82 -71 91 8 -63 21 -26 -96 -9 -38 93 -54 -76 -43 -32 29 -45 -56 -83 10 -52 57 99 -33 51 69 1 66 -20 86 -40 25 -77 -77 -67 -72 75 -49 32 -54 82 -21 86 93 4 51 27 -22 56 12 44 80 76 94 -67 -77 81 97 -54 60 9 -56 -91 -92 76 54 7 27 -85 -74 42 68 -84 80 92 67 -60 -80 13 16 30 -35 
79 -46 82 98 69 23 -22 -47 -72 62 -71 49 72 -71 12 57 -59 53 -22 -54 -97 -50 94 25 -64 95 6 -30 -4 20 82 -49 -61 -88 -39 51 62 -23 -83 -58 59 99 -45 61 -19 59 -89 28 -57 85 -68 -90 20 60 -34 1 -47 72 -42 -94 -34 -4 32 81 -78 28 -82 -34 44 88 20 0 -35 63 47 -69 -54 -62 28 -38 -67 -4 -77 8 -82 -62 -41 -42 -10 87 26 -5 22 -57 42 99 -30 -25 41 -52 58 -11 86 26 -17 42 -87 39 -78 -5 -98 -52 -56 54 -22 65 95 44 45 76 75 92 59 67 -23 -74 -43 -92 5 18 95 68 61 42 -68 81 30 50 69 -68 -23 -8 13 -97 53 -9 -66 -1 -99 -90 12 99 -50 32 -19 -20 86 -64 32 -95 -71 22 59 91 57 74 -21 -77 68 -99 -85 -21 -40 -45 59 -25 -14 -65 -22 87 -75 53 -8 64 -2 -14 62 88 -75 95 68 -79 21 -23 -10 14 94 36 67 2 
-24 0 -72 51 30 -33 -52 74 -22 -59 -95 42 6 -69 -72 38 -82 23 -15 41 -95 56 80 80 -58 -60 23 -6 1 14 -19 69 69 19 -71 -20 -72 -21 -69 73 -20 62 57 0 -36 -14 -25 51 53 15 -85 52 24 -69 93 3 -3 -41 42 15 49 -49 -19 -98 -14 90 87 26 -96 -65 75 -59 -15 81 -9 63 -74 -68 39 29 -71 -43 90 -36 56 27 -51 72 71 80 8 -39 26 -10 12 -28 -63 9 -81 77 -10 41 -5 7 36 -90 74 -38 2 74 33 -74 -22 -25 34 -88 89 53 29 33 -39 -52 94 11 -35 2 93 -16 -20 -35 -50 -78 -5 -97 45 -35 83 -16 85 56 -52 46 85 59 17 -9 78 64 56 -26 65 -72 -90 64 21 37 -57 -14 -7 -65 88 -53 -14 -27 -90 -84 62 70 -4 -57 85 -66 -38 -51 69 -89 -94 58 37 16 69 87 -64 91 72 -2 54 -54 15 5 -42 53 10 -63 -19 -59 -98 -56 32 -56 
18 83 13 13 93 73 71 -80 19 23 67 -74 85 86 -71 92 -82 -89 71 -67 86 -18 46 62 9 -88 31 -35 -81 -24 -52 -37 -94 33 17 -59 33 -23 -11 25 -93 -71 73 -84 -23 -76 11 -74 25 -38 30 27 38 -93 -71 49 -72 48 -20 15 87 -67 -48 -60 -3 82 -3 -8 54 -56 -1 -4 35 -53 -95 1 -9 86 -35 -52 87 -94 33 -46 -1 28 -43 61 -80 49 -48 89 48 -4 -4 -86 75 -16 -72 -59 5 -77 93 26 48 46 25 28 -40 -80 49 -52 -89 -41 -4 -67 7 -7 26 -90 51 -54 14 -53 -48 -56 -20 18 -34 84 63 -14 -15 -10 7 11 -98 56 -25 6 22 33 4 6 80 3 -85 12 18 -93 46 34 36 -32 -17 46 -5 -51 -49 -49 -54 -70 -60 -40 -66 -47 22 69 -67 -62 -90 39 -33 -35 46 37 25 43 -6 3 94 -58 -62 -94 99 73 -50 70 89 -84 98 -27 -66 -74 -96 54 -25 77 99 19 
54 -21 61 -7 25 49 -58 47 22 -47 56 15 83 -2 35 -46 -88 -52 -44 69 -9 -58 26 40 29 75 -86 25 75 30 -55 40 -38 -67 10 30 -55 16 65 -58 -6 66 -1 -17 7 38 17 -24 56 -58 52 -80 -99 56 84 3 -22 -24 -57 56 48 5 12 76 -73 -55 13 -55 48 -8 73 -14 -25 44 67 72 1 19 44 -73 97 -67 38 -72 -66 -51 34 76 -31 22 -27 -38 85 -77 32 96 3 -41 75 87 -92 31 -33 -58 44 14 52 79 49 96 19 58 -91 -71 -77 -39 49 -93 -16 -96 -93 70 -62 -82 -41 -95 -50 36 89 -87 79 -21 72 -81 93 -67 -69 95 88 -40 44 84 59 54 -54 66 62 -14 -80 -56 -80 90 8 -27 -23 -71 85 61 -12 -75 -73 9 55 -38 71 -99 -52 48 70 73 -72 -32 -6 -2 -37 92 -25 78 -40 63 64 5 -25 72 -67 45 -21 96 -4 -26 -83 21 -92 -88 -89 79 12 19 33 70 
16 60 -5 53 85 -24 69 -22 -58 -39 62 14 -85 99 96 -21 57 64 -19 85 67 -54 49 13 66 13 33 -64 -85 -86 69 10 31 30 0 -73 -51 25 3 15 38 37 -37 -40 79 -39 39 -29 65 71 94 -80 -15 12 49 -47 -47 -31 -43 -35 47 17 53 43 25 23 -71 62 -70 10 62 -65 36 -39 -63 -86 81 -76 -92 -29 25 33 45 -10 18 6 -78 -15 26 -36 -40 -38 54 94 -5 -92 20 5 -21 29 84 -72 27 32 19 47 67 -81 24 46 19 -69 -18 -16 -27 46 -54 -47 84 -47 -74 -87 -65 85 26 -95 49 -99 84 -61 30 -38 50 -32 -44 29 -84 77 53 48 -81 -77 -99 -36 91 82 28 3 -71 -57 -27 -72 4 57 50 56 -32 -66 -81 18 -68 -17 38 86 -25 -80 55 14 -31 89 4 6 -37 -63 95 81 90 -47 -26 2 36 -73 94 9 -6 -29 91 91 63 -64 -16 85 54 92 -92 61 -79 -35 -60 -33 
-68 54 -90 -11 -75 -62 -45 -11 96 13 -14 16 -79 -80 -24 -71 72 88 54 -30 -59 -11 38 -43 -74 84 19 -94 60 -50 -26 -99 -61 72 40 24 26 37 -88 86 69 -53 -12 45 77 -1 16 -23 -5 -94 -53 34 73 -30 85 -19 -4 -29 -97 3 -54 -17 0 53 -97 -95 -58 -32 -70 9 -53 -60 85 97 -21 -12 50 -29 99 76 31 49 56 -12 -16 -50 -53 -63 95 -39 29 -36 -89 -32 -61 -38 -85 40 -25 -27 -53 22 -83 74 62 4 40 36 93 -97 -15 -89 95 9 -51 97 37 -70 50 99 -99 -74 89 -37 65 71 58 58 46 -30 -86 86 32 -90 -42 -85 35 3 64 12 41 59 -18 -6 -51 -63 4 60 -20 40 -92 -29 67 66 45 -63 -99 -11 -30 4 80 40 9 -80 54 32 -47 44 -53 24 -45 -34 -28 -31 7 66 64 -88 81 66 68 72 40 -47 96 44 -57 -82 18 -54 99 88 -85 -3 -74 45 -6 80 65 77 
-11 -1 32 -87 80 85 -7 -99 27 11 -84 4 8 17 50 -60 68 53 -93 32 68 94 20 32 23 -85 74 66 -54 7 68 -76 -68 -85 -42 28 -62 -70 -48 -35 69 39 59 56 82 -77 18 -10 43 13 -61 41 -55 -80 -86 -84 -6 63 -54 79 -18 95 81 -10 -77 23 8 -16 -40 80 -28 20 -64 -67 -59 37 19 -30 36 -77 -7 -26 -78 -5 -13 33 44 -17 -7 43 39 79 -46 21 39 -22 92 -26 72 15 -55 50 -44 -6 -53 21 67 54 59 69 -54 -11 -65 50 -50 -89 -17 -23 86 -89 35 47 70 88 26 -73 20 83 -51 10 -15 -15 67 11 87 -26 74 31 -39 -22 -43 -76 62 66 66 -50 65 32 -36 21 63 63 43 67 34 -40 -58 15 -85 1 -90 -26 -9 -80 17 -70 25 -56 -2 17 21 41 -86 36 -83 -3 31 -23 53 -32 -60 31 -60 44 -76 -41 -64 -93 24 83 91 -80 -25 31 85 73 -73 40 43 -18 
46 99 60 -92 -94 -98 -78 -16 -83 32 -20 20 36 72 95 -56 91 35 60 -25 41 -5 -63 -8 -76 -51 -61 65 -90 34 28 -67 58 -10 -96 3 -41 -52 -36 60 -7 -55 56 -77 -46 67 58 88 -56 -58 -93 -97 -59 72 -24 -69 -87 -45 -31 -57 -74 68 -56 67 54 66 -11 47 77 -5 -55 -44 38 7 39 -98 -22 -63 31 30 -10 -11 -15 59 49 -31 86 13 79 70 -61 -86 -21 94 -30 19 -36 33 -35 -76 44 -7 46 27 79 40 32 16 -34 -2 -35 16 49 77 -49 -90 7 -68 -47 -54 5 -83 -41 -48 -78 -6 -39 51 31 -6 -38 -54 88 91 -72 -71 55 61 84 19 27 96 88 -8 -77 40 72 -53 97 75 74 62 -81 -25 -50 56 -85 43 -13 -77 -53 -24 -78 -12 -50 -35 61 -57 84 16 57 -41 -86 -59 -87 -2 -77 40 32 -39 -80 -95 98 -7 -38 -78 48 59 -31 48 63 22 -86 7 -2 20 84 18 64 -18 
-70 -19 91 -85 90 33 -43 36 9 -32 -76 -29 -84 56 82 66 54 -37 -68 86 72 -54 -50 33 -21 43 23 44 -9 -81 -30 -13 2 -40 6 -7 -63 -58 -45 6 52 43 -80 25 43 -37 94 38 94 36 93 -41 -75 -68 22 68 -30 -30 -89 23 14 -4 85 -71 88 19 -33 64 -58 29 -78 -99 -98 15 72 66 36 -81 -47 -41 94 72 -93 -72 8 0 -69 -63 93 -67 -15 13 -53 44 -65 6 24 -44 85 93 41 -15 14 77 -13 -37 46 68 10 -51 85 43 -88 -1 -45 74 -21 74 74 77 68 -57 -82 36 25 51 -14 -83 -42 28 -47 76 19 31 -62 -76 -16 27 -16 -32 -77 70 66 67 -16 -60 -33 41 -56 72 -68 89 -7 70 -8 77 67 -66 -15 -84 13 -42 39 37 -32 -15 -57 -14 14 -55 -90 60 48 33 16 -95 -9 13 87 33 53 -24 -8 -61 11 -14 -29 12 -1 -61 -39 24 -36 -72 91 28 28 58 92 42 
42 48 58 -58 -93 -83 -66 -10 -3 67 -62 19 -96 95 25 13 -87 85 93 86 -2 -24 -50 26 27 51 72 -68 54 -76 -72 34 83 66 -55 -99 -73 -8 -99 53 43 -54 84 -71 4 -65 11 -61 -67 29 82 -98 16 16 -61 -67 68 -95 -43 60 76 55 71 63 62 57 -38 -11 -81 64 4 55 81 23 -23 -13 43 -1 12 30 -46 -61 71 92 -12 -38 -75 52 -5 -9 -4 87 -27 -82 -43 -5 15 -60 50 -44 5 64 81 51 -89 2 5 -83 87 -16 35 34 -98 -69 -61 54 -43 41 50 -77 -36 -55 -77 -82 68 40 97 57 93 97 28 44 21 -78 -15 60 43 -87 -91 3 -16 50 33 -73 85 55 -24 13 83 81 -62 41 42 61 16 80 -2 -52 18 -93 -39 -91 -73 -5 -17 91 -26 -4 37 50 38 92 -42 -46 -31 -87 -79 21 -45 22 -30 -29 22 71 10 -33 98 -60 -89 94 -10 29 57 14 -10 -25 16 95 -8 69 
-38 37 -41 61 82 47 23 26 8 -65 -75 98 66 59 19 -29 -39 -51 74 -47 67 -70 31 -59 71 -83 6 -17 -41 47 -10 -81 66 93 -22 -52 7 11 -83 -70 -75 28 -52 21 2 -40 -80 -6 -98 -42 -8 4 -24 99 -96 51 -62 -16 -87 -18 31 -7 68 78 -20 34 -49 86 95 55 -14 -83 25 67 32 -67 -81 -49 62 -43 15 6 46 13 54 -22 -17 -64 33 44 -77 -43 -37 -28 73 -87 -25 68 79 41 -44 -80 47 39 -19 11 -1 -63 -64 35 68 -29 -68 37 -88 -13 -30 70 -75 -5 -15 52 -3 -68 -2 87 -71 16 40 4 -23 -61 -21 7 -72 -15 38 17 -50 -33 86 81 98 -88 -72 -79 73 37 -35 76 -6 62 63 -34 42 -49 26 38 -29 -56 -60 44 3 -1 -5 -20 66 64 26 -33 -6 52 49 85 -68 80 59 57 -36 96 -2 24 7 64 -80 -68 -24 -41 48 52 -50 14 -46 52 -70 -58 21 33 -16 21 
82 75 -74 -81 -49 41 22 -53 94 44 95 67 6 5 -13 92 -18 95 -2 -4 -87 20 94 41 71 -43 72 -86 -20 -43 77 25 -72 21 -52 53 26 2 39 -62 -21 -61 -74 76 34 -25 38 -68 -7 64 -83 -2 -21 95 -87 2 64 80 30 89 44 67 25 -55 -73 74 -55 38 27 19 63 -88 -92 63 56 -53 -19 14 79 -68 72 -24 89 -71 -13 -41 56 -98 -54 9 -54 77 -34 15 -83 11 21 -31 77 -45 80 -59 -80 -45 -15 1 -30 66 -81 71 39 69 -11 30 18 -17 -12 -44 -7 43 -85 -74 -26 41 7 -25 55 14 70 -95 -11 -90 -38 74 49 51 28 64 29 51 -35 -47 -72 18 21 87 83 -17 -53 27 -64 -44 8 -61 -51 -18 76 -14 -44 -91 42 -60 65 42 92 58 35 78 36 28 -60 78 -46 -71 -36 81 28 5 80 -85 6 -25 -92 66 -85 -44 -16 -10 62 -47 12 80 18 -70 -92 -81 -63 -5 8 78 
49 -1 22 -44 29 67 50 56 -20 -94 13 58 89 -67 77 31 33 13 71 54 99 37 -35 75 -74 -8 -5 0 75 47 -86 -78 26 9 74 53 49 96 32 -28 27 35 -98 -7 -35 -40 31 3 8 -58 17 59 -32 1 33 1 70 -24 18 -19 0 -27 -27 -26 31 -45 -23 -30 48 -58 -30 18 -33 -25 44 -76 47 -18 94 27 65 35 -94 -80 -40 66 -18 63 -61 56 82 -21 -87 62 85 32 -85 -71 -49 -66 -91 56 -1 80 -94 97 17 20 61 51 -55 -84 73 52 -99 -89 80 -15 -12 -36 62 73 -96 -53 64 65 -32 -81 -32 84 34 70 25 -42 -61 75 0 -26 77 78 49 83 66 40 -52 11 -90 4 -21 -29 -24 96 -48 -7 77 62 83 62 12 22 -70 39 -58 -3 -28 -43 84 12 49 36 -41 62 94 -11 26 -65 -81 -9 57 68 86 -97 -52 89 -36 47 -54 2 45 -71 25 -42 -81 74 -63 97 35 -37 11 65 
98 47 11 25 61 74 -63 31 57 72 -58 66 -54 51 -81 -4 -33 -71 -4 -64 70 -64 89 -94 97 62 -42 50 -53 14 -26 38 41 97 -7 -12 59 -20 -77 -11 21 -6 45 -74 -55 86 -83 -33 -58 -6 -4 63 -76 86 38 71 -55 9 91 -38 -50 8 -25 -39 14 -60 79 -69 46 -67 -80 98 -94 -41 -73 0 51 -61 47 49 50 -74 -11 -51 -48 -25 46 28 45 49 -96 -30 70 -25 -42 -37 -65 57 -79 -70 -44 30 11 10 -75 -36 23 -59 10 -65 32 -15 32 -60 -97 -84 13 -71 37 -27 -29 43 40 -28 -91 7 -49 -66 32 62 -18 93 -96 -38 -40 -61 1 71 -78 -37 82 65 0 12 -61 -21 6 -81 11 2 12 -63 -66 -14 90 31 49 56 -11 58 48 28 7 24 47 81 72 60 -27 3 -50 40 -27 -19 30 64 -64 -85 50 74 29 46 -83 43 59 62 -75 -28 -82 75 57 87 -96 -41 -48 84 -71 70 69 -19 
-12 13 -15 47 96 63 12 38 -33 81 62 63 -5 -91 47 -87 54 59 91 -88 -11 73 86 -3 -34 -13 -15 2 -67 -59 -50 70 -24 15 -84 16 -80 -44 -85 60 21 11 -46 59 18 30 -92 -72 -63 87 -47 68 -18 -72 -48 61 -85 -26 87 -64 -45 98 -72 -76 -24 54 42 79 16 -36 54 -49 -63 -37 -90 -66 -81 -16 82 34 -31 -11 15 -47 -4 -25 72 -18 7 -87 -12 2 7 -51 25 -98 76 36 78 -71 9 -9 91 27 -8 -74 -3 -14 -38 3 36 73 61 1 -67 -29 -90 15 84 -40 -50 -13 -42 81 79 20 79 -6 75 63 18 -48 -35 67 -34 -29 -83 16 29 -54 -72 52 46 -17 -30 -40 36 29 44 43 34 87 24 -84 -51 -46 70 44 8 -47 18 -31 -2 35 63 86 95 88 -51 17 -37 -27 -91 89 0 -72 29 -40 71 -75 -29 -16 -22 22 -39 74 60 89 64 -57 -62 24 -70 -88 -30 24 -69 71 -19 53 
42 38 37 -13 -94 4 0 -96 84 -40 -71 18 -95 -42 57 -17 68 -26 2 60 54 -97 12 19 79 -17 -37 -71 37 40 -1 97 -72 -17 -98 4 -96 79 94 68 32 -84 45 35 40 17 -46 84 -33 -85 30 -5 76 -28 49 -89 49 -66 88 -12 -96 8 7 -47 48 -46 18 5 -68 -70 74 -56 74 -91 2 -5 17 -62 30 73 -76 64 12 -78 -47 -70 15 98 -64 47 -66 3 22 -82 6 -90 28 -19 62 -3 64 96 13 11 -3 19 -6 -53 -10 96 63 -78 -14 -81 32 30 13 -51 23 81 -55 0 34 69 5 -91 78 90 69 25 -79 18 21 -14 -70 -16 31 -10 -37 36 -45 62 41 -35 -22 -99 -19 -61 34 -67 64 -80 -3 65 68 -18 39 50 -15 -21 87 42 94 2 -97 64 -13 -65 51 26 60 -98 -42 70 30 -31 -96 30 -34 96 37 47 8 35 -75 -20 -71 94 25 -59 -99 88 -91 48 95 -22 54 -70 29 -97 
48 -7 -13 -51 89 82 -24 -5 14 -75 -28 -86 93 -14 4 -53 7 7 -11 -74 44 -95 -58 29 73 58 -84 70 1 40 -22 86 55 21 -14 9 -48 -78 -95 0 -63 -71 -68 -37 48 -25 14 68 -99 75 -34 88 21 67 -24 -96 -33 16 25 -99 -87 51 35 -85 20 35 -85 77 -72 -55 -78 -30 17 49 53 45 -70 30 80 42 -90 -92 57 -41 -73 78 13 46 -46 -73 41 -80 73 80 81 -87 -64 90 -23 -89 -89 32 -56 52 -93 25 -38 -72 -57 -30 -12 -57 -17 -43 4 11 47 -12 -56 87 46 -76 -8 72 10 -91 76 32 -93 36 -77 29 -92 65 33 91 40 53 -41 68 6 5 4 4 -18 70 -38 10 -89 -95 3 20 -34 -60 -12 66 -34 -89 -73 -8 -48 54 44 -83 -93 -15 66 -37 96 62 -42 26 84 8 9 -43 -53 26 98 -46 -40 68 40 -68 -51 33 -52 -26 -38 58 82 69 1 -82 -17 82 4 -73 64 -98 
1 -22 -47 -82 -12 50 24 93 99 -1 62 -64 17 48 -84 -62 76 59 72 95 -5 -81 8 39 -35 65 -7 2 12 -41 -6 39 -75 53 85 92 -94 -4 20 5 -95 -45 -23 77 -50 74 36 -78 75 4 -27 92 -86 -10 46 -28 -3 -69 73 -89 -79 -56 -98 3 -48 4 -29 -6 -60 -26 -84 -90 73 61 -84 -4 69 -26 21 -77 54 47 10 -75 -58 97 88 33 -33 -57 -33 9 -99 72 -21 -81 77 9 -24 27 -96 -27 -96 -80 -35 11 95 71 -63 -96 34 80 29 32 -47 44 -51 61 33 20 -78 -6 -34 -8 98 65 32 69 11 41 11 29 58 48 -6 -20 47 94 -52 49 89 -52 -77 28 67 63 -14 -63 -81 34 -70 89 -47 -27 -27 -18 -22 -27 -56 -95 39 6 -2 65 -90 -85 4 -70 -29 -69 -19 -35 -87 -12 -59 29 -55 -89 -30 -20 -53 -37 -95 28 -65 -38 -96 -1 -89 40 77 -97 -37 2 73 27 74 82 -32 -30 
31 -65 49 -44 -98 -32 91 -90 84 3 -86 -17 -91 -77 95 -81 -84 -91 18 93 -83 42 74 -96 95 56 -16 39 20 -73 65 -69 -32 51 88 49 66 26 57 -76 -43 -32 -27 -82 -10 51 -78 -59 -71 21 -73 -56 -6 84 -9 -90 -5 62 24 53 -79 82 -46 -59 -32 85 -22 -27 -6 -34 -2 22 9 -38 -20 49 90 -49 14 35 -83 -30 -20 -11 -11 -3 -40 20 64 -28 -33 -82 0 49 -31 21 -3 -93 78 82 -14 -81 89 -15 2 0 46 74 -43 83 -52 -27 0 22 -55 -33 -76 77 -7 95 22 68 -3 43 -73 -78 -6 -43 1 -19 93 29 -77 -57 47 86 74 32 97 -16 -20 43 46 85 14 -91 -2 43 1 18 -82 26 -35 96 -87 2 80 56 -75 -37 -30 35 74 25 -5 95 -60 99 13 0 5 67 -69 17 -22 69 -27 20 -68 12 70 -29 38 -69 -34 -3 -76 -4 -43 8 2 15 -58 -6 -48 -19 -90 -38 -24 -41 
-83 43 52 39 92 57 -44 50 -65 78 80 97 26 21 -62 92 -51 41 -79 57 -40 56 79 -80 64 40 -65 -98 -50 56 -20 -41 60 95 66 47 58 75 74 46 74 67 -71 -46 74 -87 -53 -45 -55 27 -61 -86 -57 13 -44 -21 -67 90 -21 -44 -21 88 54 93 -97 -44 -42 -68 72 48 -28 -25 8 32 -31 -4 -63 -12 6 -75 34 84 92 53 68 87 -87 -77 -12 -11 52 5 39 99 46 -16 -55 16 47 31 -45 15 -34 -85 65 82 43 2 -24 -16 71 39 74 3 -24 63 14 13 37 -23 51 -91 66 11 18 -77 18 13 69 -2 -66 -20 -29 9 55 -26 91 -77 5 -86 -62 -32 43 94 39 -30 -73 24 37 -75 34 -68 53 19 -50 29 -81 -76 -23 60 3 21 -37 38 33 60 -17 -44 -27 -80 52 99 -53 -66 -32 -79 -57 35 -34 46 -96 -52 21 73 -93 18 39 8 -14 -4 -59 -96 -15 64 27 -33 34 62 36 -40 
46 -31 -4 92 -97 8 -95 -93 -17 -90 56 -64 30 74 -8 -86 -31 -66 19 63 45 28 75 13 -32 -28 -36 84 42 -98 -81 -85 90 -36 -5 54 -41 -88 -76 6 1 -98 -90 61 -58 90 23 -2 -23 -79 54 5 36 -27 24 88 17 49 -43 10 42 -3 10 45 -1 -75 18 -91 -28 26 42 0 17 -86 -18 89 12 -22 65 -35 45 1 -81 69 8 -89 45 61 -90 -69 0 -11 -71 29 -30 6 -23 2 47 76 -15 -1 90 -34 -34 -86 -59 45 -7 48 -48 81 -62 -12 3 60 -9 -14 -60 89 -64 -86 -31 -38 -89 -60 -62 78 76 9 -55 72 16 -63 -89 78 94 62 -65 -80 80 7 -69 -21 60 -41 -93 6 -71 4 -76 28 29 24 20 99 -25 0 65 -91 -6 -46 -83 -25 -68 -56 90 6 91 -17 -9 -69 -79 -39 -9 52 -66 -14 -89 33 75 -33 91 94 -92 -47 -83 70 20 11 -17 -29 -61 -26 51 91 -90 -79 30 47 
31 -36 16 -7 0 5 2 -11 -77 8 -92 31 65 -60 15 -65 -4 48 41 -96 59 -29 67 -30 -33 5 45 91 -94 96 -56 63 95 86 -71 -81 -78 -31 48 -25 -93 87 68 -82 -23 -18 -50 24 -31 -73 -17 -11 -48 70 -92 -28 46 -26 -55 8 56 94 -11 78 -19 -36 58 -54 68 -57 24 -43 76 20 46 38 -62 17 -42 -64 11 63 13 82 -67 -34 38 70 57 -58 7 36 12 4 -62 10 29 70 -48 -57 -69 -53 -28 -88 2 -6 -97 37 -14 29 -82 -65 87 64 15 -33 85 40 7 -74 -7 27 -99 66 -68 -27 -26 -57 -37 -58 29 75 49 -71 76 -21 99 -70 -86 -14 70 1 -14 53 9 -3 85 -78 7 74 -93 22 25 83 43 84 89 82 -41 -14 78 -89 60 5 8 -98 72 -72 -37 -57 -31 -80 -76 -26 -66 81 32 -73 -2 -11 -62 -88 -22 -55 38 -45 61 -93 6 5 -95 13 59 39 93 19 -93 3 38 -46 
99 -58 -97 -99 -13 -10 6 41 60 -88 7 39 32 -78 69 39 96 16 -4 45 -87 -53 -37 60 29 -14 -12 38 87 39 64 17 64 34 -40 22 14 16 -66 -16 39 74 47 38 87 -59 47 12 -24 -26 -33 39 86 40 -31 -73 -41 -63 17 -56 72 -60 -13 41 -11 -9 -65 -59 -59 17 -12 -78 97 -66 63 -15 19 -69 -80 67 32 -72 40 -72 -14 -53 35 39 -68 74 68 -23 98 -99 -75 -88 -15 -26 -99 6 79 -47 -10 32 -58 -63 14 -99 50 -15 -22 38 65 -93 26 -27 -87 59 -45 55 10 -22 36 -52 -88 -21 3 -59 -56 79 72 -2 -10 -21 -30 -16 -75 -8 2 -24 -81 58 -12 54 -75 -64 17 7 -51 -36 -69 -72 -29 20 98 23 -94 -40 99 73 1 -4 14 62 -57 -17 -28 14 -89 6 -54 25 7 -32 -1 5 -98 -96 -86 84 22 -22 -18 38 -99 -93 47 -65 52 93 98 -51 7 -55 -96 -32 -11 -89 53 -18 
76 -53 40 30 77 61 3 78 -64 28 -99 92 -26 79 -63 -69 -67 68 -52 -24 39 24 -33 -99 -10 72 -6 -83 25 -28 83 50 -22 -22 27 64 5 80 7 25 11 53 37 82 -44 -22 -95 45 47 67 18 4 62 -8 84 26 -43 -11 21 6 61 -92 77 5 20 59 -72 -35 43 97 93 22 24 -11 65 -5 -98 -24 -61 -81 69 62 82 36 32 99 -91 54 94 36 64 95 18 -81 -4 -3 48 -52 41 -65 91 -20 -37 11 52 -27 5 8 -80 -91 -24 -83 -64 72 -18 -77 -95 -86 -92 6 -97 16 -50 73 -70 71 12 73 91 -7 -52 -1 29 -10 -77 -37 -49 -60 21 55 -97 3 -40 -34 -34 -19 33 -61 14 -6 -33 66 -9 -7 -17 -9 76 89 -20 -24 22 -57 37 -48 -85 -78 29 76 -46 -50 91 38 53 84 51 -44 -80 -67 -95 -74 -57 33 -20 -17 -46 94 80 -5 -83 31 95 -57 26 6 49 14 51 30 18 48 
75 -2 74 17 18 -25 20 74 73 68 -64 85 -83 -19 -77 -1 -42 -23 41 -4 22 15 -29 -25 -65 57 64 -96 -78 -35 -32 69 -25 -62 -27 81 27 -43 -83 2 -52 -8 85 -19 -58 -11 46 -79 -46 27 72 64 11 22 30 34 26 28 -18 -36 56 -27 42 92 25 85 1 20 -46 40 71 -82 -89 -31 -78 8 4 67 19 49 70 -41 63 -31 79 28 -25 -85 -44 -15 -92 -29 94 98 -57 -32 -90 -45 54 48 49 37 27 93 -26 -4 -41 55 -1 -43 -79 50 14 84 48 -94 -63 7 -13 -96 -41 -13 29 -4 59 -89 -76 -26 92 -13 41 76 14 82 70 98 -69 61 57 42 -61 59 -27 14 6 -25 -58 -31 4 -6 -71 51 52 -44 -52 73 -53 46 -85 19 -49 87 80 -86 58 -90 35 1 82 -46 90 -84 12 -24 -54 -1 44 67 1 -53 15 -47 -62 -28 27 76 -58 63 6 66 -7 41 -94 -44 37 -6 -26 48 35 -42 
-84 56 76 -79 -12 -34 91 89 41 -72 33 -77 17 43 34 -93 -7 -70 -96 -73 59 65 -21 -62 26 22 -9 52 61 89 -70 96 26 79 -86 -69 13 20 -63 66 -45 -85 -78 78 -97 23 51 60 32 -42 2 49 -87 64 -89 -95 -41 -22 97 49 4 87 -12 -99 54 -68 -21 -20 -52 -74 90 6 54 -13 -36 88 -57 -23 31 68 -54 1 -45 -17 -52 80 -34 34 62 -22 -73 -91 -71 -41 -38 18 88 48 -72 -66 98 -69 38 81 -78 -38 68 -7 -78 53 -34 -8 43 26 25 -28 -7 59 6 -86 9 -27 -71 49 -55 82 15 -71 63 64 30 -48 -50 -53 13 -41 -79 54 91 -8 70 60 -76 57 14 -69 21 -41 -75 79 -31 24 -81 -25 31 -77 -64 33 55 -61 23 -59 99 25 32 80 61 72 -10 76 99 -83 -4 71 52 -13 -72 8 30 -85 61 78 8 79 -47 -73 -27 -61 -31 -85 -62 -83 -72 -99 96 -28 -76 35 -26 -53 
-17 -32 -93 92 88 -44 -87 -70 32 81 -49 -94 -28 -77 19 86 56 33 -23 72 86 93 63 95 47 32 -5 -93 46 -90 -47 5 -65 -69 72 9 -86 -22 -53 -66 22 -33 98 -38 -1 -57 -21 -50 82 -40 -60 -7 47 65 43 -65 33 -49 46 -27 2 -68 82 98 -80 -37 -31 -83 -47 65 -61 7 35 13 -5 -59 3 65 -56 -64 67 -95 -27 -1 -12 56 -29 -7 -86 2 -85 11 -94 -8 -75 41 0 -74 -21 -37 -2 72 -46 -78 59 95 -21 -69 86 -56 48 5 -41 57 68 -47 89 -48 84 -11 -36 -74 77 -43 49 -89 -13 10 74 -58 -33 -10 20 -80 -63 77 58 87 -66 -85 -67 -36 40 -50 14 75 28 79 46 36 -32 -62 -94 -73 24 -26 39 36 -11 -55 -38 64 10 69 -29 -81 -22 -95 -23 -78 23 -28 -61 -28 -55 -75 73 7 67 30 -2 55 -49 16 -27 -63 57 57 61 -88 -69 -54 -10 -59 -71 -96 -20 -83 -22 -71 
71 -2 86 -56 10 -57 -64 -23 -45 98 15 22 -68 82 40 32 44 18 89 29 13 80 25 12 -68 17 91 -45 -44 -49 55 -29 -24 -25 -87 -30 35 49 -69 -12 55 -7 -87 32 80 56 -6 -44 -21 -38 -82 75 37 75 95 35 9 -2 -56 -16 -12 -76 1 82 -26 -25 34 -51 81 59 -73 -3 -49 -6 -56 -65 54 -23 -90 -16 79 -44 -55 76 -10 32 -89 72 -46 52 80 -87 8 64 -43 76 58 -18 -2 9 59 -64 66 75 -70 69 -89 -32 -24 -27 35 78 98 46 -74 11 41 75 56 9 -57 14 -95 -42 -67 -63 -58 -72 2 -89 95 -89 60 -96 41 -11 -5 -19 -44 62 -50 35 28 30 31 -51 89 84 -64 65 -7 90 69 41 -98 -99 -82 94 -80 -24 24 4 29 -27 -43 -14 17 67 -9 88 -96 -20 57 84 -38 57 -81 34 81 66 3 -80 -4 -71 2 -41 35 83 -29 -43 70 -80 -9 -33 -82 14 -70 0 -91 0 
79 -54 57 -87 -40 38 51 -58 -17 75 24 -47 14 21 17 -38 56 51 13 78 -59 5 -84 89 78 -98 88 80 75 91 -90 42 66 -30 66 -54 -37 -58 60 -38 -43 -96 51 -92 55 -52 23 -74 62 -64 -41 19 -8 49 -9 -88 43 -95 18 -88 69 -62 25 77 68 -26 -8 -5 89 -97 -35 25 21 13 -87 -83 -77 71 -6 -82 92 -45 -59 -62 -1 28 -86 40 20 3 60 79 -36 8 -60 81 -18 -32 -92 72 67 -42 86 -1 66 97 -97 -64 -71 31 -13 -3 -66 48 -96 -41 18 11 42 93 -8 86 47 -81 -6 40 19 -1 84 20 99 84 -56 9 25 50 30 -91 -76 77 27 59 -62 53 20 -48 -58 38 16 -71 84 -83 53 37 92 57 -31 28 -29 65 31 -67 -66 36 8 84 -7 39 97 62 98 85 20 48 -70 4 28 64 25 94 72 -90 26 -81 9 5 -79 86 -50 32 -14 80 56 -31 -78 -42 63 8 -50 56 
-38 -96 90 -66 22 -44 -74 -68 16 -86 73 7 -86 -60 -67 5 -88 64 3 95 -94 -26 -2 6 -26 53 54 -20 -41 68 0 87 35 -25 42 24 -6 -64 99 12 86 21 -51 -48 -88 8 -52 -89 59 22 -44 66 -14 -30 87 -99 -22 -93 67 -76 54 -53 61 81 -97 11 -22 54 74 2 37 -16 -76 41 61 1 -51 -40 95 -70 -70 12 -58 79 54 69 16 -16 -28 -86 -90 45 -42 58 -70 83 -67 79 65 85 48 -31 -59 16 54 -45 99 -76 89 -93 78 -11 -87 33 -65 43 84 -21 -45 -93 41 -13 77 25 -11 -57 -54 31 3 42 86 73 14 -27 19 -94 -80 6 31 -18 -89 21 76 44 -22 10 -10 27 29 71 21 12 -16 -32 -57 -24 45 69 0 -36 40 22 -33 70 -19 -46 32 80 -59 -31 35 67 97 -62 19 11 5 -68 -26 65 24 47 14 -56 -26 -38 92 -95 72 -92 58 10 -51 73 49 -42 -61 -92 81 -71 
-84 77 -28 -94 -13 -46 46 36 -76 -82 32 88 46 4 76 -28 36 2 -74 -20 -73 -81 -33 0 -55 46 82 46 56 31 19 68 90 30 -20 -88 90 -35 -89 -37 -95 -53 56 -14 53 99 95 -6 -96 51 -78 -63 -22 27 52 -77 24 -16 32 9 80 -19 -95 80 87 -76 10 0 -31 -74 43 -71 -31 -4 18 -52 -16 90 42 73 23 68 -97 68 -91 20 -15 64 30 -70 75 -52 4 8 -51 -24 -88 46 -40 -20 26 -78 87 -99 -21 -29 32 55 87 60 29 35 22 -59 -94 98 46 14 -85 8 -84 52 -65 -73 68 31 35 59 11 15 71 24 45 -99 -98 75 -84 -27 -37 88 -75 88 -84 66 38 86 46 -86 -36 55 -61 96 -52 -16 80 -92 -42 26 -2 -67 82 -84 65 65 -76 72 21 -54 -2 -33 18 -77 39 -81 -26 -84 -9 -81 -13 97 15 -15 99 36 -26 -46 -74 13 68 -33 82 94 -1 22 11 69 5 45 -5 32 
31 44 85 -5 82 -45 -42 29 42 -89 0 -72 -3 -25 -15 -34 18 53 -36 62 45 24 80 70 79 10 -78 28 9 84 50 86 -4 95 63 40 90 65 95 14 -63 -65 -94 44 -43 -11 -72 47 -48 -31 -31 -98 -89 -38 -72 83 -41 -54 89 29 -29 -77 26 87 -81 4 -1 19 6 46 31 42 -72 -8 3 51 -17 58 9 11 -42 -17 -9 -56 66 75 41 -82 47 -36 -46 -75 37 -45 43 43 74 51 83 -74 22 90 -46 45 -81 11 -62 48 -55 74 -80 -54 66 -26 -35 93 27 -76 -84 -78 2 -10 97 -5 -67 -99 -34 -71 -86 -87 -11 44 -91 -14 65 -81 -77 51 32 95 92 -77 98 -95 19 16 -36 87 84 -77 -7 -62 -73 -51 -15 83 -37 15 5 -60 68 -71 -69 -38 81 -82 46 -13 64 -34 90 -49 52 22 62 -97 71 47 13 22 46 23 58 -94 -28 25 -40 -6 79 10 50 -89 -49 33 5 -45 70 66 -11 72 
-81 73 -72 67 98 -17 7 51 55 -68 -53 -41 98 -29 47 60 -69 -66 41 -38 77 -2 72 30 15 88 52 0 50 72 -65 -45 35 -47 39 61 84 -51 -57 -43 -82 -1 -52 55 -63 -96 -97 -67 -88 -81 66 -15 0 -49 -81 -11 97 90 -71 -99 40 42 -68 -84 10 -87 -2 -23 41 -77 23 -77 49 41 -58 -38 -95 26 -17 -50 -66 -46 -52 87 69 -97 -17 -97 13 93 99 91 42 -57 46 61 22 56 -75 22 -86 -96 -51 -54 23 -24 67 -40 -74 71 58 33 64 75 77 -74 18 -47 73 51 89 -51 44 34 99 5 -46 -71 24 86 -50 99 -41 86 99 -77 54 54 -55 -39 -33 32 -87 2 15 -20 61 -16 27 -72 74 78 34 -96 -79 -46 38 54 11 18 86 98 21 -57 13 -1 1 -91 -60 54 5 -96 -22 -34 6 36 -58 96 -83 -23 56 49 85 -13 -70 1 34 -95 -71 -22 -14 -8 -79 50 -40 -22 -41 -39 -76 -76 
-78 83 -41 -42 85 -7 -51 13 -84 -19 74 45 -92 4 83 78 -89 13 -99 -30 86 -71 58 74 22 31 4 64 -11 87 86 16 -46 -87 -71 -78 -73 95 92 38 -13 -80 42 -37 -98 6 58 17 -47 -92 -84 62 8 -81 22 51 -6 56 -64 22 -54 92 -82 -2 -30 40 -17 21 55 -16 70 47 -19 -73 77 63 67 -68 -52 -39 12 -17 21 58 -99 -42 17 8 88 -60 -51 32 -86 16 -8 41 16 -38 69 -19 67 33 -73 -62 -25 79 -87 44 13 55 -36 95 26 -67 -30 -72 19 -16 -7 -79 3 -44 -81 -93 25 96 32 -51 -82 -32 -51 -49 75 78 -11 -98 20 52 95 31 -72 -24 3 -90 -25 -24 -68 3 62 64 -84 66 13 -22 -70 19 59 -34 -94 21 12 -54 61 -19 33 19 57 95 18 47 52 -87 -22 -40 -94 -20 85 0 -50 -84 43 63 -40 80 41 70 82 -92 -94 -78 90 -83 16 45 -8 -52 -57 82 -50 -95 
-22 -71 -47 -60 -21 68 55 49 99 19 -50 -78 -47 -27 49 -37 -11 -35 -45 69 99 -79 80 60 93 -56 4 -42 -81 -40 -38 76 25 91 -81 -73 54 -45 -14 -44 -66 -92 -64 43 -39 -85 52 75 3 -82 69 -99 90 -16 -87 39 -15 49 43 78 -11 70 0 -13 62 -75 -57 -17 -24 -59 -26 -99 21 -60 58 -3 -48 -59 -85 11 10 -80 -35 25 40 -72 37 -67 79 -34 -2 77 -42 31 52 -90 -93 15 -30 46 29 4 43 -87 38 -17 -55 -4 -13 95 -2 -12 48 -48 55 95 87 -35 -15 -14 -58 92 -30 12 77 -16 51 78 -48 77 88 -47 -57 58 -37 -81 42 -34 -93 -52 -92 23 73 -76 -64 62 -98 -6 86 36 31 74 -79 90 7 -25 46 71 8 -42 -27 88 -1 -35 26 74 47 -61 1 18 61 -8 68 95 -7 29 70 92 -54 34 2 -53 62 31 72 18 38 81 -59 -38 15 -24 55 -45 15 42 35 -47 93 -42 
64 -7 11 25 68 -54 21 80 94 13 -26 -46 -22 95 47 -9 -97 61 67 -50 -51 55 -26 53 0 -86 63 -94 -32 61 -95 55 91 10 34 -87 -46 -61 -99 -53 -37 58 -16 58 6 -55 -35 45 94 5 -18 -45 -91 77 -63 -57 -15 -72 80 -25 74 25 -32 7 -11 48 87 12 -52 -34 -14 -5 76 -9 -78 -54 -78 86 -58 -13 44 -42 -55 -30 -35 22 30 90 99 -40 -47 -36 44 0 49 83 42 -48 12 44 56 -19 48 21 18 -97 10 45 73 -25 -20 -33 -72 30 -67 98 45 73 63 -25 -51 -35 42 79 84 -61 58 54 51 26 -12 26 61 -62 65 48 -54 15 21 79 -12 -8 98 -99 97 -9 4 -62 56 80 -11 33 -18 30 60 29 44 -78 -13 -20 -9 -94 12 -62 -9 -85 98 -68 65 -55 1 69 -25 51 -5 0 88 5 25 47 -50 87 -93 2 -42 36 59 13 -45 -41 -31 -45 -46 87 -40 -80 -79 -12 -47 -47 
26 38 12 -2 52 -73 -91 -28 79 36 -54 85 -78 -65 -6 -87 87 -6 -23 62 89 58 -46 -34 -61 66 50 -57 -28 -38 47 -42 -5 -95 -4 74 -47 56 -37 84 96 41 -74 -64 17 60 -22 23 -44 44 24 -96 -27 85 35 -37 -3 -5 -80 -59 -90 -28 12 -46 -86 -52 -95 75 -81 74 -42 -96 78 -26 70 47 -74 -37 59 24 63 55 93 -43 38 40 -12 -6 -45 92 -55 77 80 -53 -42 -87 -29 34 -29 68 43 7 -28 90 71 -83 -35 -35 -85 68 -10 32 20 92 91 7 97 50 -4 -65 17 41 -15 75 -58 -53 -61 -99 -66 28 -94 88 61 81 -34 2 -91 -52 76 59 -34 1 -3 -69 -49 82 2 3 11 35 59 22 -28 -18 -89 25 64 -39 89 78 -50 -13 -33 62 87 50 -24 91 -3 -58 -54 -66 38 48 55 27 -41 -50 -44 -15 82 50 -12 -9 -16 55 -61 -92 -3 37 -40 -96 78 -99 -44 13 -49 -2 -79 -28 
-8 -31 -69 19 5 25 -48 -71 -72 -54 28 -39 -2 74 -60 -63 -72 -5 97 4 -63 91 -26 65 93 17 -42 -71 58 -65 -70 89 -8 28 -67 44 -80 10 -47 70 -82 52 -92 -38 84 -47 15 -80 62 -2 30 22 -9 99 40 11 -55 -17 -68 25 -5 71 -57 50 78 -18 0 -36 -56 75 3 -84 -95 48 94 -11 -12 56 -2 26 24 58 -77 -35 46 98 7 22 95 -91 -14 79 60 -56 -15 -41 42 -45 -8 -36 88 92 61 26 -94 -29 37 65 -73 22 81 42 24 97 -91 0 37 -75 73 -62 -10 30 40 -33 65 84 -46 77 -79 -68 -82 60 -55 58 95 -11 55 -76 -6 -20 -96 -53 72 -19 60 34 -65 -8 74 5 -85 94 -84 -84 93 -77 1 91 30 -97 65 96 -8 -39 -55 -31 -41 90 0 73 -29 -48 31 57 57 82 -30 48 24 29 -83 -32 22 -7 75 -73 -44 80 36 87 -61 -43 -62 29 -18 7 -95 81 -23 -89 
-39 45 -82 -39 69 -89 -67 86 40 -17 16 35 34 -32 -38 -37 -85 23 -13 2 -81 60 85 60 -87 -31 -2 34 18 -19 92 -73 76 -3 -67 82 21 -9 13 26 67 77 94 25 77 -45 48 93 60 26 -45 -57 -89 60 20 -5 -54 18 27 -92 -10 -82 -75 -23 -70 14 -75 -44 72 -20 18 32 98 99 -80 45 -59 76 -57 -94 51 85 -25 -10 -14 65 -28 37 -29 -54 75 -14 39 68 -26 64 13 -89 -52 -18 -15 21 85 -4 -46 13 34 -28 33 -58 -17 84 6 15 43 -6 -36 -14 -16 95 -34 -88 20 -6 96 8 17 86 4 32 70 58 -31 53 97 -93 37 46 58 -25 8 23 53 -61 87 22 32 -34 -89 -10 -89 37 -43 6 -42 16 -60 -28 -85 35 86 -82 -93 -22 79 80 80 46 -4 18 27 54 98 53 52 -54 38 -22 -36 12 -65 45 -48 96 15 -81 -73 35 -11 59 1 67 29 -30 15 94 17 -36 74 -3 
57 81 51 -94 -15 29 89 -59 48 84 1 70 -71 -18 -13 -1 -9 -70 46 60 -83 -35 27 -99 41 -79 -31 59 -73 32 -67 33 95 -15 56 -77 56 -55 -46 -76 -48 69 -76 38 95 22 -24 -97 46 -81 -87 -2 99 46 21 -50 -86 97 -50 22 69 9 53 -7 29 3 46 56 17 -12 46 -9 28 60 55 -21 -50 55 23 60 -10 -41 5 50 34 -12 91 -9 -49 89 23 22 17 -55 -85 77 -45 75 -28 27 84 8 -85 -66 6 42 -2 -83 51 31 -21 86 10 -78 -54 49 -8 -60 -43 30 -97 16 65 1 -82 21 6 -84 -47 4 60 -87 -13 -80 53 37 -78 67 36 36 -56 94 -93 93 -60 73 -31 -77 90 -19 19 36 95 -7 30 -75 -95 -51 30 34 -56 -82 22 86 -34 99 -34 86 60 -84 62 21 10 -80 14 -46 -74 -59 57 91 -37 50 87 6 -28 -3 20 -10 84 -34 -98 54 30 11 -22 -45 41 51 -95 25 
87 93 -81 49 -49 46 -77 37 26 -18 4 -57 -49 17 -78 33 17 2 15 -43 80 -91 15 -41 -39 -60 59 84 14 -57 1 96 -89 41 -9 -6 -23 6 67 74 77 -81 81 90 -23 82 90 40 97 42 6 14 -41 -58 -89 94 -3 21 12 70 -71 4 -2 35 -48 -75 -55 94 77 -6 27 28 -34 -2 -24 45 -55 -94 -88 -87 -7 84 0 -19 99 91 8 -95 -23 -31 -69 71 10 -5 50 -57 -53 -93 -9 80 23 69 61 87 -47 66 -15 -52 -66 77 -21 29 58 -45 80 35 -4 -19 71 -73 -78 -40 -17 8 -70 -63 61 -52 76 13 88 -20 29 19 -92 6 -54 98 85 32 -63 -82 -31 -64 -34 77 -55 -13 51 28 78 -5 -38 -33 87 -35 69 -86 9 -59 98 -68 -61 -14 90 -40 -84 -35 -99 -69 -66 31 -5 9 -33 -63 97 70 -98 10 -14 48 -47 -28 73 89 -94 53 -75 71 22 42 21 79 58 50 -21 3 -84 -91 
17 -72 -68 37 -75 -4 5 34 -53 17 7 -96 -40 51 97 17 80 27 -22 -51 -96 21 -94 68 -40 68 -92 22 -84 -75 17 -56 74 53 93 -26 59 -15 -4 59 -10 -73 -72 97 -82 -90 -6 -81 52 72 61 -43 -5 33 11 65 12 -25 94 -20 99 95 -59 74 97 64 -86 59 -93 12 -1 -62 12 -60 -55 -13 46 26 -63 -39 37 -87 54 -58 96 -24 -31 -27 54 -64 -27 -36 -26 15 86 -3 91 -85 98 10 91 -89 15 -40 -19 58 -49 -74 -86 -69 -35 55 61 -33 2 68 22 45 24 -37 -57 -46 -26 -22 30 -88 68 -25 -92 19 -33 -32 -53 -26 -71 -90 -93 -52 49 -35 -66 83 -1 12 -67 -17 -36 -73 29 -32 96 -98 -22 88 9 -79 3 -56 -88 96 39 -76 49 40 -12 -40 -98 68 -86 2 -39 -15 -36 9 -31 -64 36 36 10 72 -46 -68 -79 -50 40 1 3 -13 -57 0 53 -52 96 -97 22 30 42 88 -91 78 
-29 11 79 94 44 24 87 94 69 67 -42 21 -53 53 -86 32 57 -54 24 -66 -57 28 12 78 -66 26 -24 -33 -85 -91 -65 14 -36 93 16 -32 -75 44 -90 -83 44 75 35 -80 70 -85 99 38 -1 -96 90 -51 10 42 49 65 -15 93 79 -87 -8 30 -84 -24 18 98 -74 -95 -65 46 73 -5 -50 -8 84 10 32 24 52 80 84 -9 -39 -19 65 50 -90 49 61 99 -86 89 -31 -5 61 94 -90 -63 -90 -32 50 -65 -41 19 87 -56 94 95 -14 19 22 -92 -23 48 -56 7 -61 -79 -55 65 -44 36 5 83 -9 5 -4 -68 -9 48 13 51 -39 14 27 -96 -59 -80 -5 76 -1 3 73 25 54 47 -41 -30 -89 56 -10 -19 -26 -44 95 42 -85 -73 24 7 -72 -66 30 -56 -1 -86 19 63 -97 -29 -64 -51 -83 -63 16 -94 -63 -46 5 37 35 -15 25 -45 -69 -91 67 10 -93 -46 62 -58 31 -40 34 -5 78 60 -46 73 
78 -55 -60 71 95 -20 -60 -86 27 -1 -39 10 17 97 -24 -89 -44 -61 20 -73 -84 77 -29 -19 60 87 -27 -80 -42 11 63 72 -45 17 -23 31 8 88 -55 -88 -29 73 -84 -84 -62 49 45 68 -41 88 64 -40 -65 17 -40 69 18 73 77 -71 -90 50 -10 93 -69 27 -34 46 -97 79 -54 -8 62 65 40 11 -74 88 -80 -56 93 59 -78 -24 -63 21 -19 -22 85 1 -74 57 51 -73 -74 67 -18 -57 34 28 8 33 -63 -60 -94 -8 -83 49 20 62 92 80 26 -47 -71 -66 7 -65 67 44 -41 -45 -29 43 -54 49 6 85 67 62 58 -81 66 24 55 -93 86 66 6 80 41 11 8 -14 -62 63 99 90 -57 -3 -69 31 -87 -55 81 48 67 -41 45 69 52 -55 -75 -45 65 59 53 -64 -32 30 -84 -17 -13 40 -79 -5 -81 -53 61 65 54 -20 -36 -2 1 42 4 65 -59 57 5 -95 54 78 0 4 36 73 96 37 
-39 89 0 -4 36 -85 29 74 -26 -40 -13 39 -36 48 -98 34 53 52 -35 50 -3 73 -7 -31 -99 81 64 96 -6 -6 92 -86 52 -91 22 -75 78 -3 15 17 -46 -17 -72 -45 73 -38 94 -8 -49 -94 69 -78 -82 3 -7 5 -70 -97 -92 -44 60 81 -35 97 77 19 -38 0 -83 47 38 -19 -46 95 -50 -79 -35 -54 38 -48 16 62 -33 91 28 -97 4 51 61 16 2 4 74 -75 -85 85 -15 -55 10 -49 0 -50 -66 -47 -16 -29 -5 -61 64 -48 -93 -43 87 -86 -76 70 -34 22 -95 -25 -6 96 95 23 51 -27 22 68 31 -58 -97 66 23 -10 20 12 96 13 87 -28 -23 63 85 80 -88 -22 14 -71 83 11 51 73 70 -56 87 -39 54 -57 -18 -1 -75 -73 53 68 -75 -21 -40 4 -7 23 62 16 -45 25 -23 89 -47 36 -7 -30 42 45 -54 -62 -51 21 16 58 57 6 -35 -5 15 77 -40 39 93 -73 96 70 
-47 -7 -98 25 96 -24 57 -84 -82 66 94 -77 19 97 -29 -11 -3 56 4 52 15 5 90 0 -99 -94 61 89 92 35 -17 -87 -99 48 64 -79 78 -12 -48 -13 92 41 -99 -53 -98 4 53 79 96 -95 -82 -89 -73 -96 88 57 23 46 11 93 67 -28 -79 -71 75 -89 90 -85 -44 57 96 89 76 65 -64 32 -42 -5 66 21 -25 -49 -30 28 -29 1 36 36 -62 68 -58 -45 74 -1 23 14 26 27 -68 -13 32 -19 -56 -22 -85 34 72 -72 -33 -36 29 -10 5 41 51 -37 -27 55 21 36 -19 67 -69 -61 -49 40 -52 26 -51 -22 20 9 -80 -52 85 -36 -35 -89 61 81 89 1 42 56 73 20 -67 -94 -63 -44 14 -79 -69 -65 -64 -60 44 -48 33 49 86 69 -67 -50 -54 -56 -2 -7 -36 -83 -67 -29 62 57 14 -10 -90 -74 64 3 43 53 60 45 15 92 59 83 17 -17 -36 -1 -8 6 58 73 83 -47 34 35 
93 5 63 -35 3 -52 -64 -16 -40 59 42 -97 -74 -40 86 65 -93 -43 84 -11 42 -22 -97 20 0 19 -1 -57 84 18 -39 94 49 58 -93 -65 74 82 76 67 -87 -81 -58 12 54 86 -35 -70 55 -58 -61 38 -61 -21 24 -46 90 72 36 77 80 -19 88 -65 -28 85 -68 -91 20 1 -82 -40 -29 63 -17 37 -48 -30 -18 -48 24 56 -36 -90 -94 -43 49 1 20 -77 64 99 -19 77 76 81 -83 94 -48 -54 94 38 -47 78 -84 -84 -1 42 -15 78 33 4 24 -97 -89 -89 -12 -55 -19 -72 -5 56 -77 55 8 -61 -72 -42 -21 -46 -73 -64 -1 -73 24 -63 40 92 -29 58 98 75 -36 58 -88 -50 13 -22 -58 39 29 -5 63 23 -70 -45 30 -72 -75 15 -93 -4 -39 63 -55 -9 -84 77 20 -56 87 11 16 86 -39 -19 52 59 49 10 -96 63 -45 -40 57 -98 15 -94 28 1 -36 -65 -44 80 -95 -58 -73 89 -40 5 
38 -57 87 -15 -88 -33 -41 0 -6 25 9 69 -11 39 -71 74 -83 98 -74 43 -36 -23 85 26 31 -68 22 13 -84 71 34 -80 61 97 54 34 -69 34 -25 -27 64 33 96 -86 26 -18 -65 21 31 -48 -51 64 42 -61 9 -38 13 1 -76 83 60 54 29 51 32 74 84 -97 71 69 98 -12 -99 -65 59 -6 87 -27 -97 -88 98 60 -13 31 48 32 -64 -23 33 -61 -36 -79 93 12 -20 -74 -58 -62 84 97 41 -87 -94 28 54 -24 59 61 -39 18 -26 84 0 19 87 98 78 -5 -57 69 -71 -14 -23 54 56 -80 -64 31 24 81 43 91 -73 5 -88 -28 -10 64 5 -39 10 -12 37 -89 59 20 -20 -80 11 32 -78 -1 55 -82 75 -22 -30 78 89 -48 94 27 93 -15 62 -21 -19 -74 15 -93 80 31 47 -49 59 -13 -18 48 0 -25 -97 9 42 87 12 37 54 80 -97 -14 -17 -99 15 26 -18 39 26 65 -9 29 
88 2 20 44 -4 -98 86 -57 -15 88 -97 -24 52 53 -44 21 -24 -26 49 -21 -33 69 -99 52 90 -7 -67 14 42 -43 31 -20 -58 -20 -98 64 25 31 -89 -99 63 50 -81 62 -56 87 55 -87 -27 24 80 54 -10 -49 8 79 75 36 -84 -38 -84 73 -65 -27 90 65 14 54 17 -72 -62 13 -6 43 24 2 -97 -33 -49 -26 71 9 -90 -85 -25 49 83 15 -35 -5 -18 -32 -39 -32 83 -97 93 -53 -71 -62 32 -93 50 -3 -4 -31 76 -7 -98 -61 -6 41 -78 -50 46 -66 40 -21 -84 57 5 -28 61 -57 -57 -80 4 -48 89 41 94 0 -21 -52 -55 61 -62 -71 76 63 26 -19 18 52 -48 59 -52 -22 -52 -49 -25 -37 84 -4 -39 97 67 71 -98 73 -3 95 -94 -40 76 26 -3 -85 -2 -50 -27 69 6 68 -65 -95 35 83 79 12 42 -96 9 -12 73 95 -31 -65 56 28 -72 44 -21 -83 -30 25 55 -21 -71 24 
1 -76 59 96 -47 36 4 -77 27 28 -78 -39 -23 -94 46 82 -48 -43 -82 -78 8 57 -19 -59 46 43 -28 39 29 39 -60 24 87 69 -93 -75 22 -16 26 -69 -42 29 -32 -85 -14 23 59 93 81 1 -79 87 70 88 -31 -68 -81 10 79 3 -47 -31 -90 40 -29 -62 -29 -99 15 6 19 -21 -93 18 -77 57 17 -20 34 30 69 39 -96 23 31 -84 82 -50 33 77 -63 85 97 -6 -69 -35 83 7 -19 -72 47 59 78 -50 -2 55 38 68 61 -97 36 63 99 82 67 -49 64 58 -77 91 -63 -92 67 12 -90 -66 -25 -85 31 -49 79 76 -55 30 45 19 3 -68 -90 58 -42 39 76 -73 70 -64 98 -80 52 -96 -30 15 20 18 -58 7 19 -61 25 -92 -62 -26 -42 44 -87 68 38 -74 1 32 81 -35 57 -93 44 -16 -72 2 -41 -57 -11 95 51 6 -75 -71 -26 -8 99 87 12 -80 -99 7 51 91 3 50 -8 38 
57 5 40 -43 -44 14 -23 94 -73 10 22 -4 -83 -56 5 -18 -66 84 60 -18 -65 -77 76 -42 67 -20 7 42 -85 51 -82 88 10 95 -44 30 95 68 54 78 35 86 76 -51 -77 22 16 21 -23 -72 -92 87 -40 -86 -26 59 97 -50 18 -53 -76 72 -27 35 -53 9 72 -55 32 -95 -61 -79 70 -45 55 35 73 -38 16 97 32 29 -32 50 50 -73 5 -45 -39 -29 -40 -44 85 -19 -6 1 67 -19 -82 23 -33 -46 -30 -32 24 -68 -95 -82 -52 62 -52 82 -79 -45 -92 -93 -2 -41 16 5 74 90 -84 44 36 -30 -34 -61 82 -88 31 -51 -55 42 -99 61 70 65 -83 88 36 -52 33 75 44 -63 6 -78 38 68 -1 1 -33 90 -83 85 -10 98 15 27 17 -40 28 -96 58 60 -38 7 -38 -2 -7 1 -56 39 41 5 -84 65 85 -74 -80 -92 -41 29 -51 8 74 -84 72 18 -49 -55 -59 -50 7 94 -19 26 64 -95 
96 -97 53 7 -80 90 84 -38 29 96 -84 40 -96 -72 -22 -62 -94 -50 -90 66 -76 -22 -7 63 -97 -99 -56 29 -38 20 66 -49 51 80 91 84 -6 45 24 1 -11 -21 -53 -48 97 -92 -46 -63 -28 13 94 97 95 89 -93 -82 -1 92 26 40 32 -13 -31 -29 -83 95 -17 -91 -94 -85 -2 -63 -86 -74 39 -88 -13 22 -4 0 -6 93 -92 65 52 58 4 6 -31 5 -78 26 66 -68 -12 87 93 -93 -50 -17 -23 -30 -40 -50 -33 79 -65 -3 -95 -92 -42 -2 63 16 -90 55 38 -10 -55 54 -67 43 45 45 -80 -9 18 -82 31 -63 -44 -91 40 77 -62 47 -42 -87 -16 48 27 -69 -93 95 -14 -66 74 49 75 -17 -3 85 -77 11 22 54 -40 95 31 -27 -42 -62 -17 -18 42 35 44 -1 10 -44 88 69 -21 -77 56 20 -57 -4 53 -75 97 -4 -22 83 -47 -28 24 -96 66 -95 82 -4 11 -11 87 60 -28 -31 -1 6 
89 74 91 24 -36 -28 -35 -72 97 14 -89 -13 -47 55 49 -3 77 -13 34 6 98 -59 -33 26 -88 35 9 32 2 66 4 29 11 58 -82 -23 -38 -32 4 -60 59 -70 -10 -28 3 -21 -14 -64 3 -86 52 6 94 58 97 64 24 -54 95 13 -51 46 9 -7 -32 -35 -96 83 2 -74 90 -64 82 -54 -84 -88 53 -83 -27 -28 76 3 -48 40 6 -97 -36 -61 -42 -8 -22 17 7 -46 38 51 -68 -91 -3 -3 91 -8 20 95 -66 -71 -11 -68 87 14 -54 73 93 -95 88 78 28 -82 2 -90 37 -96 -38 -48 -49 33 65 -78 -13 -63 28 67 15 -26 -62 -42 -41 74 -76 -77 5 76 -85 -27 27 61 30 -84 4 -56 -6 -68 97 71 -29 22 68 54 -59 14 -2 -41 35 71 7 77 -72 25 17 -28 -18 4 81 -92 -29 95 -33 48 -42 -20 -45 82 66 54 87 20 3 60 -40 53 -4 -94 -59 77 6 83 77 -32 -40 -35 
11 9 -99 57 -27 -28 84 30 -90 33 62 -7 15 31 27 90 67 67 72 -70 3 -75 39 -2 36 -72 71 -58 81 -26 79 -65 93 -30 -33 -8 49 -67 -93 63 -33 -85 84 -95 -34 16 95 84 -57 -7 2 -77 89 96 29 -75 86 -61 -88 44 -9 -46 12 61 59 96 12 80 56 -87 30 -92 -35 -80 -93 -37 -36 -71 -31 -27 -66 40 32 -41 -44 56 -68 80 73 -64 15 18 87 28 28 29 82 -34 -53 -40 -79 -36 65 40 -28 -61 27 -24 15 -80 91 -76 -96 48 76 -11 -13 -46 61 24 88 -60 21 -77 32 47 -53 20 -80 -53 26 -39 17 -63 -36 -33 -29 -76 -46 -82 37 4 -78 0 98 52 -67 58 -55 4 -55 76 4 35 42 43 -69 56 -4 45 37 6 -81 -23 29 75 26 23 57 24 76 54 59 -9 59 26 74 82 8 -89 -31 -51 -78 -80 70 -99 74 -37 70 97 85 79 -54 38 -93 65 21 -47 96 -93 
38 -17 62 -49 -41 87 54 -74 32 31 -9 48 -19 60 9 -1 53 13 -74 26 51 -59 -63 -10 6 -65 83 -89 -97 6 -99 76 33 7 -75 -68 -11 94 2 -85 -45 -12 -86 -61 14 -61 -94 -76 28 41 14 -60 -84 -46 81 -56 22 48 89 28 31 67 -92 22 8 99 -43 87 -15 11 75 -27 -65 -29 89 10 14 -19 -14 62 50 -13 -26 41 21 -36 69 -66 44 61 42 -38 8 -36 1 -71 43 56 -71 -65 -41 -37 58 42 -86 60 -24 -76 -96 46 41 -52 20 -19 -18 95 -96 63 -10 -82 -98 -79 72 -49 14 -12 76 76 -6 74 94 87 37 73 17 29 -57 0 -88 -37 56 -75 5 -56 19 12 94 98 79 7 16 15 68 34 -74 -3 -58 -43 -92 -24 31 10 -18 -78 59 -71 30 65 53 60 -87 -84 20 -69 -42 41 -94 71 -83 73 -91 9 -69 -92 0 69 23 65 -2 20 80 -99 -95 -86 1 -90 -27 -25 54 -83 
-76 -21 73 -8 58 -21 -6 -74 54 8 64 8 -1 -48 -4 38 -3 27 1 -49 35 -10 64 -50 74 -98 -92 85 44 -77 56 38 9 17 38 33 -56 -86 -48 -18 -51 0 96 49 3 -92 23 -51 71 -31 -26 -58 17 72 1 -77 -18 18 2 46 48 -54 21 -11 12 -31 59 -22 31 -96 16 -46 -16 -41 55 43 19 81 -35 -57 83 19 -65 -42 86 4 50 -20 48 -30 63 -48 5 -55 -59 83 81 23 4 60 54 -81 51 17 5 -13 -6 65 -73 5 -77 83 67 99 23 -53 -34 51 -19 -25 71 58 87 -77 -16 85 23 68 11 98 18 8 -9 -13 0 -26 33 -14 -22 82 46 -57 75 -1 -23 -10 60 -48 -42 8 -22 -5 -36 -18 9 -88 -36 -74 86 -12 -26 41 58 47 67 70 84 -7 -62 -16 -49 96 -49 85 -50 81 73 -62 74 46 76 63 35 86 16 -97 -18 32 -29 -42 -37 44 56 95 98 31 85 55 8 68 
97 7 -61 1 53 20 15 80 -68 -18 -90 -1 -83 6 94 -7 -35 42 -99 26 76 -1 31 -60 -78 32 53 -88 30 26 16 -42 -61 10 43 -13 16 63 23 46 -27 -38 -43 76 -85 17 41 86 -8 21 -56 -66 -2 64 79 70 -52 20 -15 65 -71 -71 35 -18 1 -56 46 73 79 -6 71 56 -2 -25 17 36 90 -59 -90 36 -6 54 31 87 98 30 -88 -70 91 90 36 37 57 41 5 89 2 -46 76 -23 -5 53 0 84 -80 49 -27 -63 -24 18 77 6 44 84 -34 -81 54 -31 9 -96 -45 2 26 -4 -64 -33 77 -6 -27 -19 75 -90 29 -52 -3 66 29 -55 49 -71 80 18 4 -11 -71 -81 -41 21 -80 16 -2 9 53 43 -9 75 -70 41 82 -97 -12 -35 -72 44 -40 -93 65 -32 -2 79 -46 61 26 -93 90 7 14 93 37 15 62 36 -12 -38 13 -99 40 -94 -15 -7 -2 52 38 39 1 -15 10 -39 -52 48 
-57 70 4 -56 -51 -88 88 47 45 73 40 18 29 -43 -37 -30 -25 -14 -99 -56 28 83 11 -23 -43 -2 71 31 49 69 72 -66 92 -71 0 -49 -38 -76 25 54 13 52 18 45 79 99 55 3 -76 -88 42 78 27 31 56 37 91 -30 -3 43 -72 -15 10 74 -9 -4 -50 -49 -40 95 10 7 -45 87 -32 -60 -83 50 75 -69 91 -53 15 92 1 22 -49 -42 35 6 -19 -88 71 -75 77 20 89 75 11 -92 15 43 -39 44 19 98 98 38 -40 -10 -19 48 -44 28 -85 65 -58 -96 51 27 -40 -40 39 24 87 34 71 82 -42 -34 85 16 -88 44 13 -67 0 -2 32 -89 71 29 72 81 -27 -47 51 -93 27 -16 -1 -39 -50 75 65 -3 96 54 -1 67 7 -2 21 31 16 -94 -23 5 -60 -35 69 -47 27 7 68 51 -23 -21 9 -48 11 -32 44 -96 69 -4 -32 -60 -3 56 18 11 95 26 77 73 69 96 -56 21 
58 -94 -74 -9 49 -41 -40 76 -81 31 -9 -98 90 91 -16 30 94 90 66 -5 -1 -92 26 45 -4 -94 -71 -44 62 -49 83 35 20 56 57 79 5 48 21 -97 -9 -40 74 19 46 -17 28 79 -86 -4 92 -69 -40 2 71 -68 -9 -47 59 -10 -37 60 47 1 71 48 5 -95 6 37 6 -95 32 -55 84 63 37 -65 1 15 -71 73 -9 -52 -17 65 11 -74 -57 -55 34 -17 -14 18 95 31 -96 -24 -14 -21 13 14 11 -46 -4 96 -73 -45 65 -30 -64 -33 -80 15 -13 -60 17 18 51 -18 -39 -9 96 -32 -76 76 -29 3 52 -5 -36 45 31 -69 -51 -46 81 -13 -18 -91 -85 38 79 26 -87 -25 -84 98 -76 -89 -58 -52 -1 -7 -97 78 83 83 -42 -45 33 59 -85 -57 43 1 8 96 64 51 48 -26 80 20 93 -86 -85 -94 92 -23 -58 -12 -21 34 -76 -15 56 -59 16 84 24 89 9 -17 25 72 14 -95 -8 -55 
-31 -13 0 89 -29 57 -84 -88 -25 83 -86 90 91 -42 -61 81 -84 -71 -97 -55 -14 -81 81 -95 -13 -91 98 -3 -48 -89 -17 -48 62 -48 -10 27 -93 -43 31 -67 -75 -81 -16 -16 38 -8 75 27 -67 -19 -62 -25 -30 90 -12 -8 19 -87 14 -88 -22 -44 74 -66 -72 -30 -79 54 -13 -82 70 -81 -93 -50 -7 31 93 -10 56 -33 -87 -38 -67 81 58 99 -54 -25 7 -5 -2 35 59 38 -28 72 -73 -73 -97 -66 24 72 -56 37 43 -24 -96 -97 14 -85 93 -35 -95 -45 74 72 -15 -29 -27 -93 26 22 -44 -46 -56 -48 63 -90 -71 33 -6 -11 -56 76 -93 91 -31 -7 95 30 68 55 -53 -91 -60 37 -41 56 -2 -3 97 -2 70 54 4 14 -43 -48 -52 -51 -10 -97 -66 -90 -18 -13 94 -25 97 -5 25 -57 40 -97 -12 -15 -41 84 -2 -99 -10 -3 93 29 -93 -52 73 -7 -64 90 -34 -74 7 70 -62 78 89 55 -13 79 
-44 -97 -38 -68 -43 3 0 10 18 -34 16 37 35 -80 -53 70 20 -45 -91 28 -34 15 -55 -65 -77 7 -99 -27 -73 61 77 90 -85 30 -10 -85 24 -28 -21 -38 -51 81 -88 60 -81 -23 -73 89 -62 -8 -72 88 43 37 -81 37 62 -24 66 37 70 46 72 60 59 -39 2 41 96 -51 67 45 -36 -40 1 58 -64 -25 42 -47 -99 -98 -98 -96 -57 62 2 -81 60 -31 87 74 -59 50 -44 65 -13 1 -27 25 -61 -62 86 97 -77 -9 78 18 98 51 -81 86 -70 -10 9 -34 -45 -76 57 -34 -68 -23 -36 -15 68 -28 59 81 74 56 -44 71 27 6 5 -83 -70 96 82 86 -3 69 -7 11 -44 -39 -91 63 10 -11 -43 -76 70 -83 -92 31 -97 -89 -7 45 -57 93 83 18 88 82 -1 -2 68 -76 32 41 -3 -41 -85 14 91 -87 7 -51 26 16 -79 -32 -17 36 13 -28 -1 -43 -23 56 -6 8 -35 -4 22 -41 -2 -69 
67 -13 92 23 48 43 79 74 94 71 -12 3 25 -37 -20 -30 88 -89 -19 -72 28 67 49 -89 -58 26 -39 -31 -20 -45 4 68 37 58 40 -1 11 41 94 3 -98 -4 81 33 14 -20 45 96 -16 -20 64 -84 -92 58 -12 98 12 35 -94 -8 87 54 -98 58 63 42 -68 -32 56 -63 -86 -28 94 -96 63 79 42 15 40 12 -18 78 -10 47 -68 -56 -13 8 -57 -14 -19 20 -14 36 53 -86 13 -94 -98 -42 -63 -27 -30 50 -97 -58 57 9 8 -54 35 7 -28 37 -33 -67 -23 -67 -81 -12 -79 90 -83 -32 28 9 -31 72 1 7 98 -44 -83 -76 -26 2 66 57 -5 -14 -82 45 -23 -61 88 15 -51 -57 28 96 69 17 -25 91 -81 -20 -54 10 36 71 -83 41 83 51 40 92 -80 -47 -95 -12 -42 -63 95 -86 94 88 46 35 -30 9 53 -96 -65 -30 -84 61 8 99 -16 5 -12 -57 -34 93 27 -44 -6 -22 -59 -8 
52 70 -94 16 42 83 -40 -94 73 -18 9 28 63 -50 92 18 63 -2 -51 59 -34 23 -94 80 64 46 -16 -53 51 8 -11 -93 51 -30 9 74 -98 15 93 62 43 2 -9 60 -15 -39 -3 92 54 99 -80 -38 -38 23 79 -24 -90 45 -49 -68 -12 74 91 -26 96 -54 54 60 -63 30 -40 66 8 -27 53 58 -79 59 -84 91 36 23 45 -66 -48 25 -51 80 -24 97 71 46 34 60 -42 -25 -46 -77 -97 81 -84 49 -97 -83 -2 98 -54 71 20 95 -67 2 -1 91 -5 -2 32 -86 30 76 51 73 -98 54 -72 -83 -94 -88 -25 19 97 -54 -10 -16 -54 43 92 -17 -36 -19 12 -82 -62 48 -82 87 -83 10 10 98 -80 73 -30 -28 77 83 -13 -12 -62 87 87 17 -71 84 24 -53 -7 39 -54 21 17 26 5 -34 -93 78 -57 -10 39 51 3 56 27 15 76 56 -20 -44 44 15 -70 33 -68 28 -37 -36 -6 -23 -43 59 
-71 -61 92 -53 87 14 87 -95 71 42 70 33 -22 -75 39 -66 96 48 68 -8 -25 0 -92 -91 62 89 -87 9 -14 -26 -98 20 54 -72 -77 43 -11 27 79 -98 12 15 -70 96 -54 -30 -9 97 -64 70 -48 -62 35 9 -92 -97 11 39 -27 74 -64 39 -37 0 -15 -96 -13 42 25 38 -42 6 -12 9 16 11 97 52 -72 64 76 -95 -87 -28 -5 -30 -87 34 89 -90 -53 -21 -44 -3 97 -89 -40 48 44 38 -47 -62 -53 51 67 -14 -59 -24 2 32 -90 28 48 -5 50 34 -67 -62 52 83 -11 58 -80 -30 6 71 69 23 -68 -62 -2 83 -91 80 -53 -35 29 -94 -72 20 7 -36 72 -61 93 51 8 -40 -23 -97 -67 60 -87 45 -13 -77 -43 14 -79 36 97 -56 -34 -4 9 86 5 40 -99 -78 -54 -66 -92 95 -97 45 33 -24 -25 12 -99 -23 -91 -62 -24 20 -73 76 -73 -28 44 -52 -98 -98 75 22 17 33 48 63 
-45 -81 -21 2 -55 8 28 26 66 0 -45 87 53 -59 79 51 74 0 -73 97 77 -44 -92 -83 34 -24 68 -32 -59 -2 16 49 -91 42 21 -57 -62 74 91 -11 41 -46 -40 39 -97 99 89 31 82 62 -78 85 86 -27 58 -3 31 -75 -32 73 33 -81 -73 45 -74 35 12 -33 85 -67 14 -66 -20 62 19 23 -45 23 -68 4 52 12 -76 31 -58 -43 -6 74 7 -95 -62 -62 61 62 -57 -74 81 -99 -26 -19 -36 -50 62 -38 -42 -56 -29 84 -31 11 8 -9 -49 52 -41 90 -57 -28 85 -73 -78 -66 -40 -10 -30 26 -25 -74 33 -26 69 -77 -67 21 -16 -1 -46 81 -66 -33 -54 -42 2 47 55 -18 -65 48 37 -53 -81 -37 -83 25 -43 -44 84 -63 -54 -19 15 -17 78 -43 60 -29 70 3 67 -45 -26 -21 65 20 9 49 92 -6 99 -83 -49 69 25 89 -24 -10 -66 -77 -91 -19 -76 -15 39 -12 -75 12 60 87 92 93 
39 -30 33 -12 23 -48 3 44 -38 79 52 72 -11 -8 -49 38 65 98 -27 -60 -7 78 -77 -70 34 -91 -56 -20 30 -80 35 84 -9 -2 -64 -41 23 -32 37 -97 16 90 -65 56 -33 29 -15 -25 -71 21 -28 87 -69 73 -98 -32 -29 -3 -48 -87 -24 -52 93 21 87 -28 49 -48 -14 -55 46 -8 -85 8 -98 -33 83 -42 -38 22 88 -46 -29 74 98 10 99 84 67 31 -23 26 -51 45 11 -89 -56 85 23 -9 -60 92 -93 -88 -34 -56 -13 68 -20 18 66 4 47 89 25 37 -16 60 -30 -44 53 -80 61 31 49 17 8 -78 84 -68 -83 -72 96 -55 -89 -45 -76 71 -94 -79 12 -24 23 -30 87 16 -66 75 -82 -10 -25 25 40 -32 -79 -64 87 -70 -81 -80 14 -38 2 -90 -21 -31 28 -90 53 -42 49 45 -86 -1 -92 -68 67 -79 -23 54 81 31 -8 94 -17 -56 -42 44 55 -22 56 0 15 93 -34 -18 87 -42 41 61 
-66 37 90 -71 -3 -87 -62 67 -36 -84 45 -4 98 75 -24 65 80 8 -83 21 53 21 -54 17 -49 38 -94 82 -95 -96 80 -9 -13 68 -20 81 -44 7 78 -85 -8 -22 42 90 -28 -56 30 -68 49 -13 -47 27 -35 -21 -9 -73 64 -97 65 -84 22 -8 85 42 85 -57 -52 -19 -7 -34 -24 -27 -47 -54 85 85 19 55 0 -81 -85 -97 -29 55 -15 35 11 42 -92 58 34 10 81 5 -57 -80 10 11 -96 -66 96 -61 18 39 88 -11 38 29 69 88 79 -53 -51 -96 19 57 18 -98 -31 41 83 70 14 61 -33 -14 20 -40 -75 24 35 73 -41 1 -58 7 23 3 41 61 -3 54 73 -35 69 5 92 82 20 86 -95 31 -97 -32 19 -73 74 -89 28 -73 35 -76 10 28 -75 -39 28 61 -41 80 -18 87 -11 89 68 19 -92 80 -67 76 55 -39 73 -52 -75 40 11 90 50 81 -41 78 -72 -82 43 -72 48 -49 38 89 
-56 45 26 42 11 62 -40 -83 -61 67 23 -55 -98 -41 11 89 87 43 29 -1 -19 -2 15 39 -30 7 -40 58 -37 -96 14 69 72 -18 22 84 9 36 60 29 18 -98 -67 -41 48 -26 -72 -82 -92 58 -75 -67 69 86 79 61 -28 -75 -68 6 17 -53 5 77 82 -30 -41 9 -90 69 89 -45 -18 44 37 17 32 32 52 56 -52 96 -38 -4 98 38 48 -43 58 65 9 49 68 67 78 -49 29 86 42 -96 -52 -48 -18 56 43 -45 -4 -18 -31 -45 86 23 83 34 20 57 -41 -61 29 -95 65 18 -76 98 22 -79 44 23 -57 3 -46 17 -59 -65 -45 -74 59 86 -56 75 19 -42 14 35 34 72 -80 -49 -9 -62 74 -91 -56 -98 83 93 -37 -49 60 60 32 -11 -75 -38 -50 -71 32 -18 72 25 30 21 57 52 34 69 36 80 30 0 46 -19 52 -62 -46 31 -22 -66 20 70 27 52 -43 -26 61 -20 -49 -87 -79 9 
98 82 83 97 2 -18 -47 -1 -99 -83 -68 -36 -43 6 -27 -10 70 50 41 -50 -97 -82 -71 -46 17 84 -47 76 97 56 -62 84 69 -33 76 84 85 82 60 -72 86 -27 21 -41 -2 -48 -72 25 -86 0 -13 35 32 -70 -42 16 -38 42 -68 84 -11 61 15 -82 26 -17 -3 56 53 -46 -78 52 96 -96 -98 69 26 15 87 32 15 -83 7 -88 76 -64 -78 -80 -81 33 77 65 4 24 -39 45 -8 97 -24 -84 27 59 -82 69 16 25 -6 4 -56 -8 -99 -37 -45 96 40 -4 -51 30 39 39 -7 -29 -51 46 35 -29 66 33 -97 74 26 -4 -88 56 -94 -33 42 47 -72 35 31 -60 31 64 21 -31 -29 -64 73 35 -58 -88 4 -36 -19 79 85 -76 -35 9 -65 5 -96 -75 -12 -67 26 32 14 -53 13 -67 -52 -24 85 14 -47 -45 30 9 -75 -30 9 40 -49 -14 92 50 5 -35 -29 66 53 -88 -21 -41 -15 4 94 -85 
21 -41 -25 29 67 18 83 50 -67 -57 -74 51 -49 48 95 19 76 -61 13 69 88 -23 11 -9 -8 9 -98 -81 74 50 74 23 64 49 13 16 75 -89 -8 -91 53 79 -18 -67 -16 14 4 76 72 -16 -50 13 78 -98 -42 -67 72 -88 -2 -80 -56 47 -58 65 -13 48 78 18 -32 93 55 -46 57 -24 -70 82 -36 -59 84 -2 72 82 -76 -14 -39 76 29 -63 -77 -39 -56 -92 -76 -37 83 -21 -50 -88 -5 52 57 69 66 -89 -2 -29 -81 26 14 30 -37 -65 -75 57 34 -79 -97 -96 55 11 -47 -37 90 -78 -72 -35 34 59 -43 -6 -63 -31 97 -62 27 69 -25 2 40 -13 -31 78 79 -66 56 59 -71 46 -17 45 79 59 20 -18 71 -33 -22 -50 -61 -29 58 44 22 44 90 -74 21 16 -1 67 66 16 -26 -53 87 4 76 -31 -3 88 -7 -39 -41 -51 -43 -50 -69 -58 10 75 91 68 -49 7 50 -82 18 -74 -56 29 
-6 27 -18 -7 88 26 53 -83 34 62 -88 2 36 40 27 -93 44 -10 -73 40 -59 28 62 71 41 -42 -37 -76 -93 -45 36 88 -3 -62 -83 -39 17 32 50 -60 95 12 20 -98 -70 65 98 -8 76 26 -5 86 -3 -41 -31 -71 -82 98 -16 29 29 95 84 -3 25 -81 13 -75 -22 -51 -27 -32 -61 86 -45 2 2 83 -68 -42 24 39 17 -65 -80 -53 74 85 15 96 16 27 37 -39 -44 -10 5 -48 27 -14 34 84 55 -5 18 16 21 -56 94 6 -32 -13 38 77 89 67 28 -68 -80 14 -54 13 -93 6 -39 90 61 66 -21 14 59 8 93 12 -55 -91 39 -73 -58 65 28 -65 -76 25 -16 -18 51 -5 20 -14 -72 83 -33 -26 -84 20 -55 -47 -41 52 -35 -55 -44 -49 45 -32 -29 93 13 73 -17 -66 1 -93 -69 -19 -96 -9 89 -8 41 -24 65 94 -15 -37 -83 -50 -88 82 -47 70 -36 -84 -90 -63 -42 -18 -61 -38 
-63 -24 23 76 -72 82 -1 56 -48 71 -64 94 -52 96 -89 -60 -51 97 -72 38 -38 -61 -42 71 21 -45 -72 49 10 15 -64 89 48 -53 -45 -13 97 24 16 -47 -3 -14 -63 -30 -90 -60 58 9 -77 24 47 -41 -22 45 -28 -96 -41 25 -41 -65 28 23 -7 -52 -98 30 81 -81 49 85 85 -1 87 26 47 -89 9 92 -22 56 12 -17 -15 80 -48 56 -67 43 -18 16 33 5 16 91 21 -29 -40 -3 -14 -44 32 83 52 18 -19 14 -28 -90 -26 71 86 -71 40 -57 -69 2 -8 20 -4 -70 7 80 62 29 -41 -32 76 88 -66 84 -68 -56 74 98 45 -2 18 33 26 53 44 -77 81 -94 -59 71 87 16 -19 -19 -72 -35 -7 33 98 11 -48 62 29 -74 -20 53 -6 90 -15 -60 -65 87 48 95 5 -11 39 87 -62 26 93 -70 68 -86 -83 -20 -94 -20 83 83 78 -21 6 -85 -39 5 35 -2 -7 -33 83 -53 7 0 
36 12 48 -70 90 69 43 93 55 74 34 -22 -23 -14 -78 -99 63 -93 -52 -73 -91 -72 -34 -57 80 -59 94 -26 3 -81 92 75 -74 -15 -91 48 -89 -97 -2 6 -35 -6 -41 -7 51 -35 -21 -51 -99 -29 -66 9 -39 96 16 -80 -58 -99 -54 -59 89 53 -31 85 -30 -52 -47 -51 55 15 83 -42 73 -95 93 -31 7 -55 94 -88 -62 74 73 78 -26 16 -33 11 94 22 -61 -8 -65 77 -44 95 72 99 92 -3 61 31 -77 -27 -59 17 35 76 26 16 95 1 -33 78 17 13 10 11 80 54 56 -15 8 -51 -91 -90 55 1 46 95 49 -12 44 -26 22 37 -87 -61 62 -14 68 -68 24 -4 24 -27 -35 57 -94 63 -97 51 -75 -74 -93 61 94 3 84 -6 83 -74 -37 12 -35 -9 31 98 -27 74 65 -4 72 -92 0 -99 -7 76 -77 82 11 23 -77 30 -21 -86 -70 9 -45 -62 -67 -39 -43 40 -86 -77 30 29 14 68 
91 89 -57 33 -43 86 24 83 1 -29 -19 -76 57 0 44 51 73 -54 -82 -33 -3 89 -24 18 85 83 -4 1 93 96 -22 20 -53 -88 13 -13 86 12 39 75 -43 -99 -27 43 86 -34 -18 -64 -88 81 -8 72 -25 -37 62 43 -69 33 51 94 -14 -71 12 -9 -70 65 1 -89 71 17 71 -29 -55 -28 -53 69 53 90 63 0 -25 42 -47 24 -44 59 -9 13 4 60 66 74 52 61 83 45 13 6 -20 -49 -99 -30 24 -43 99 86 93 -11 92 5 -38 59 -77 81 -53 88 -82 -59 -95 -3 -7 63 -27 -20 83 22 -95 10 12 47 35 -49 -56 62 13 -13 -67 11 86 -46 -17 2 -38 86 -69 -22 -70 86 19 35 -40 93 -99 -59 -19 -59 -85 69 68 -56 -76 34 65 53 -53 -45 -32 41 0 38 -57 77 84 38 97 88 82 42 9 -58 -69 30 -10 32 -28 -84 -83 54 29 -76 -22 64 -10 77 -86 90 36 -35 94 -70 
-27 -74 -41 -97 1 65 -55 31 43 -86 98 -64 -32 9 -23 -95 34 11 83 -90 86 35 -80 86 32 77 -97 -4 -14 8 15 -42 -98 91 44 68 52 97 29 45 -9 26 -71 50 -40 -80 -20 98 -41 -90 61 60 -71 -83 54 23 49 67 -32 -71 81 -71 94 61 78 17 -78 41 -68 -54 83 22 14 -56 41 91 49 36 6 94 -1 25 -88 22 -92 8 91 -20 22 77 -10 13 -14 -31 -88 5 46 48 -9 53 -82 -51 57 18 50 92 57 -36 21 -34 -61 7 -17 -35 -88 73 88 82 -47 93 41 63 64 66 10 30 -75 -86 -9 -76 0 29 -69 -24 -86 49 79 29 74 3 45 42 8 42 -12 67 77 -11 -17 -30 37 -71 -21 -87 96 71 -23 -54 70 10 12 46 40 -75 70 -42 90 95 -70 -96 8 -98 -4 -71 -75 -94 -63 67 -89 -30 -52 -32 27 13 17 41 71 -29 86 -57 -35 -52 55 80 -48 -74 19 -46 -93 98 
-60 -3 48 53 2 17 78 62 -4 92 -79 -82 -13 36 12 37 -13 61 -80 -61 -12 44 36 5 -90 -46 -83 -23 -32 22 28 31 29 -13 66 79 -35 95 70 74 -20 70 99 92 79 -8 -35 -80 96 -86 -13 44 -92 71 60 94 79 -10 0 56 21 -54 66 93 31 -55 -54 30 34 82 -85 -66 15 -14 -18 51 -77 -12 68 -56 67 -65 27 50 -81 38 88 -46 47 41 78 34 -3 41 -89 -85 86 70 -18 -83 -59 92 -30 -7 7 26 52 -84 -10 -99 -80 -47 65 -10 11 85 -61 91 -77 83 -58 88 -94 -53 -41 16 62 21 -79 30 16 47 -9 -35 -57 -98 39 -98 70 -99 65 74 -72 -46 36 -57 -81 -94 -1 -97 -93 -50 -62 44 -16 -77 -51 46 -93 -98 35 16 36 -39 72 74 -48 -59 -23 -78 11 -83 49 44 -20 -83 39 -16 -57 -37 -89 76 65 -21 -14 -53 25 -11 55 32 -32 71 45 -50 -24 24 -81 -80 -6 -51 
62 56 60 -94 86 -55 43 39 -21 32 26 -61 -6 76 -98 26 -45 98 90 68 79 -62 -13 -55 77 -50 -19 99 41 -67 79 -69 -82 -58 -49 -96 -33 -29 98 82 -61 71 -82 -56 20 99 -1 -23 22 -67 -16 44 66 -76 -16 97 -94 -3 75 11 65 4 -37 53 -56 72 26 43 -7 46 70 -30 -85 79 -17 51 68 -65 86 -55 77 8 -10 -36 -24 -54 -11 67 -52 67 31 14 -5 90 80 -22 -78 74 -87 20 -86 94 95 55 82 97 65 -37 -1 -32 -29 73 -74 83 6 -31 14 -43 -84 88 -63 -65 97 -74 12 -57 12 62 -56 35 44 23 -77 96 61 -13 62 95 -44 -56 -14 -84 6 2 16 42 -59 -33 30 37 84 90 49 31 4 -10 79 -27 84 93 83 39 70 73 -5 -33 60 -25 54 -93 -11 -46 -21 -44 92 65 -25 -32 50 90 55 -3 99 98 -91 55 91 84 73 -75 -96 -44 -10 -36 -79 -47 16 10 70 -73 
-94 26 -88 -83 43 62 73 29 -54 -63 -66 -29 31 -24 -90 -97 -16 33 -19 45 -89 69 20 -40 29 20 -66 -59 -81 0 11 -22 -92 -56 19 50 22 4 75 17 46 89 -60 -66 -54 -91 73 -15 55 55 41 6 29 -59 65 -86 9 78 -69 -57 12 -32 18 27 64 80 83 -63 72 79 34 53 44 28 -39 1 -33 -5 -32 -8 -49 70 -85 -3 -30 69 -49 54 52 -61 10 97 55 -55 36 -64 -41 -80 89 -80 61 51 32 -75 17 18 -99 25 41 -40 42 -1 78 93 -5 8 -72 -19 -4 -18 -6 -69 16 -98 -82 86 92 -72 -44 72 -30 39 38 76 33 41 22 -14 79 -48 -39 -73 96 -86 88 -64 -47 -72 70 -69 -64 -75 -20 -20 73 19 -21 82 90 -79 62 -54 67 31 27 -27 10 -83 95 -11 91 90 -36 79 75 -1 -54 67 -62 6 16 36 -13 -58 -62 75 -82 6 3 -52 79 -68 -66 78 -62 -8 36 -43 -50 22 
55 -54 -52 -20 69 68 -65 22 -70 -43 -22 -10 27 78 -25 -15 39 -2 99 -84 -70 -38 58 5 1 67 84 -83 -16 40 -14 -75 94 38 3 55 5 -65 -89 -94 -39 69 51 -14 -56 97 -62 -94 -98 -70 45 97 -56 0 -32 -53 81 -91 88 94 -99 31 63 -43 -78 -23 91 -21 -53 53 -16 -61 11 63 9 66 -13 -65 -73 -19 55 -22 -4 -71 -55 -2 -36 -7 95 60 -57 -88 -70 -70 6 78 88 -63 -74 -88 50 58 83 -94 25 61 52 -68 -43 87 74 -79 11 -18 71 -49 -56 91 11 75 84 -24 -14 48 -7 71 -15 11 -69 -49 -33 -25 -82 -20 -50 85 66 -19 60 43 98 56 -78 -6 -76 40 -62 -65 -68 -59 25 -44 -4 -29 -94 -51 -73 -85 -84 -26 -43 -81 85 -14 60 -20 67 -11 -93 4 -76 93 -96 63 -40 99 -71 -83 5 11 10 -61 -71 -43 94 91 -2 87 78 -16 -72 -53 59 68 33 -7 37 80 -65 -48 
-34 -94 15 -63 42 -66 22 34 71 -96 33 74 -71 71 -70 98 -45 -24 -91 -35 42 67 94 74 -26 89 -26 4 54 33 -3 75 41 60 -84 -11 -35 -50 23 22 -21 87 55 51 -51 56 -24 30 -2 -68 24 -88 55 -55 -96 -5 -49 0 83 -74 -38 -80 -89 24 -90 99 23 31 -34 -8 -43 -16 -77 20 -11 -40 -24 71 98 -39 23 54 16 91 71 -71 54 -23 -50 -50 -51 91 -11 16 11 23 -71 55 -55 3 55 3 -39 69 -44 47 95 -84 97 -41 6 -2 77 41 31 23 -46 59 -9 -15 -85 -51 -94 -68 13 -4 -19 59 34 87 -99 76 83 -79 -12 56 -26 -22 -85 -2 46 23 -47 78 53 50 29 -70 -52 39 -93 78 97 4 -99 -27 -45 60 -86 -49 73 -47 -7 51 -45 79 1 -47 -79 83 1 46 -68 97 73 -32 88 -33 -15 -76 -60 -32 70 13 -70 -17 -40 -28 -18 -57 -18 10 73 66 -67 -42 -56 76 -89 -3 
-17 95 -15 -2 -88 76 -87 -7 -35 74 -51 81 66 72 31 -26 -42 86 -11 -23 -93 -33 -93 -19 -91 44 -22 52 -88 36 -28 -78 -2 13 -21 18 -78 -14 30 -24 -20 -82 51 44 -25 44 19 -90 -95 -93 37 3 -77 57 86 -33 97 -36 0 91 27 82 -12 21 -87 92 -26 -97 11 45 -2 -93 -58 -95 -94 -53 26 35 -59 -70 75 -98 -29 -40 -65 -68 -70 -31 4 -38 82 57 40 65 -29 86 50 57 -95 74 74 72 66 63 -29 -28 -2 21 -41 -70 -83 -94 -50 -10 -3 52 92 39 -4 83 -93 -27 -80 -37 -53 -36 81 73 -80 89 -77 -78 -15 78 31 25 35 52 99 -6 -42 2 -53 72 -8 -47 4 -18 60 -45 -80 -97 -5 63 -44 -16 55 -45 91 95 70 -98 -79 58 62 6 33 -68 14 74 -76 21 -11 -70 42 29 -24 -99 94 13 -52 -13 82 -19 -30 90 -24 -10 51 77 -80 -32 33 70 73 63 -62 -8 -37 86 
-34 29 -68 22 -73 46 28 -65 -12 -59 -85 36 40 -31 12 36 -84 -22 47 -52 70 30 30 -4 -15 33 -33 77 25 35 54 21 -73 -30 -5 78 28 19 74 44 -40 -24 -10 -91 9 -1 -84 82 -44 -24 50 55 89 -87 33 50 13 -43 1 -63 -89 0 83 29 -17 13 67 33 -70 41 30 -23 -63 -96 -7 -86 31 38 -54 93 -65 -68 74 -65 -66 -51 16 32 53 4 -15 -91 34 10 -20 36 -4 69 -21 27 43 -95 91 -85 -56 -48 74 99 67 -25 1 74 0 -42 25 -24 7 -40 -50 -64 19 -66 79 86 9 -80 13 -7 73 -85 -26 -38 -36 -5 -67 -67 50 10 64 8 -78 94 -75 -72 20 -43 20 62 26 32 12 -14 3 -99 51 -6 97 45 0 15 -29 -83 -91 34 -69 27 40 -63 38 31 71 -55 -88 12 40 47 37 -36 53 -95 19 44 64 35 -54 -79 17 -15 71 98 -96 47 -44 -22 -82 74 28 -21 47 -71 
70 30 86 44 67 70 18 -73 8 76 -66 -87 61 72 -87 -30 95 8 -28 -91 -47 56 -99 63 72 -75 83 2 -13 -41 -68 7 87 83 41 70 -2 9 72 21 69 -79 15 57 7 -12 40 97 -48 39 -78 -23 5 -47 -88 -68 80 -18 31 -28 -82 69 -47 30 10 -1 17 82 25 97 -35 79 67 54 -68 5 21 59 -54 96 -11 -51 -45 -37 7 -43 69 18 -82 -97 -65 97 44 -57 -21 87 68 45 -93 -97 -18 66 67 17 31 -41 -5 -15 -15 82 6 -64 -69 6 -97 70 -18 97 55 -83 -32 -96 47 -78 -33 72 94 -35 -57 20 -52 -86 -50 42 -32 42 -34 -82 -3 -10 21 -17 -57 14 77 72 9 -1 -68 -2 27 -81 59 62 -34 19 67 -50 -6 10 24 52 -73 -2 -79 80 -4 -8 -75 71 75 -28 33 83 23 94 -90 9 66 9 -26 79 89 -57 -65 -12 99 -74 37 60 -80 66 15 -3 -95 -68 -2 -97 97 68 
72 -39 -20 -82 -28 -32 -3 -98 -45 0 -56 58 -65 -40 -39 -63 -19 17 6 -62 -48 21 -11 -62 -69 -92 25 -81 68 86 94 99 18 -81 -61 -96 -33 16 -43 -11 50 33 -78 0 21 -82 36 12 -33 -53 54 -18 62 -24 5 61 35 32 -89 61 -6 76 -42 -54 -46 -55 -70 39 58 -62 6 6 80 85 -36 -82 -46 -41 57 42 36 -92 25 18 -2 64 -89 -33 -99 14 -5 23 16 -20 -65 28 47 97 -63 -5 0 -30 65 -35 43 -68 43 -12 96 24 46 64 -17 23 -22 29 37 25 64 15 80 -39 -9 -37 24 31 20 -69 -85 32 95 -61 -8 81 -69 40 -18 -54 -53 19 61 44 37 75 -90 81 -13 29 36 53 -97 60 41 -91 93 2 85 -5 20 -66 81 0 17 -1 -53 -98 12 36 52 92 6 -86 38 82 -57 -95 34 63 -63 -70 94 14 75 55 94 -46 38 -40 46 -37 -46 -55 -12 -84 -5 1 88 -9 -66 51 
-80 -64 -33 5 -2 -3 -44 8 86 15 59 4 95 95 45 48 64 -74 -22 83 65 -39 -79 36 -14 22 -69 -68 22 -30 61 15 -33 33 51 -80 87 -91 12 71 40 -23 -2 88 -34 17 18 48 21 -87 75 -86 82 -60 -36 -91 9 24 11 9 -4 55 -23 -48 -47 -59 97 -16 -97 -67 65 76 -82 -13 74 -22 75 29 16 27 -54 -64 -26 91 80 47 -58 -42 -34 24 -38 -56 -93 62 -60 49 16 -58 20 83 82 49 9 -98 51 -56 -40 -31 -87 -91 4 -12 3 9 61 16 89 92 -78 10 15 -81 -75 -53 93 -67 -43 -77 75 -85 15 -66 47 33 20 54 89 74 66 -82 73 -37 -39 -40 -70 75 -60 52 -15 82 52 54 22 67 -10 -12 -53 -61 -88 84 -39 -65 88 79 62 54 -47 2 -12 5 -44 -91 -64 -38 79 72 50 76 88 -7 -44 85 28 -94 -94 27 -77 0 97 80 -98 -57 -51 74 -73 94 -28 -52 -59 -88 
19 89 1 57 -80 70 27 11 60 14 -1 59 -98 -99 90 -53 89 -52 -98 79 26 87 -30 1 26 68 95 -83 0 73 64 -24 -32 -58 -13 -25 97 50 22 96 -93 -47 -21 -97 37 -81 89 -83 -83 44 -15 84 -11 -46 39 -73 30 -90 -26 43 15 -76 15 20 -6 -24 44 98 46 -8 25 10 46 87 12 -63 -46 -2 26 -11 -96 58 -88 37 90 -65 45 -53 -92 -7 18 -62 1 -79 31 95 41 -69 -82 32 62 -85 12 -6 50 74 27 71 23 57 -90 31 16 64 30 52 13 12 -65 52 49 -29 98 89 -82 78 30 85 30 -55 -37 -58 17 -99 -98 -14 65 98 34 -88 -69 9 -36 -62 64 -6 -97 10 87 -99 66 66 29 95 96 85 -94 -55 -60 -99 61 16 82 84 28 -39 -39 24 89 -57 -11 -41 -62 99 -42 -30 -27 -19 -28 85 20 -23 -53 35 64 79 40 -59 84 -6 -94 13 14 -58 -9 -47 -4 37 68 37 
28 -15 58 10 21 99 74 81 -23 17 26 18 31 -55 -38 -26 -47 30 39 -31 86 28 -54 60 13 -23 15 -3 -72 -69 -85 52 -31 -4 -43 -42 2 45 -27 -77 23 24 -4 -95 56 -93 -26 55 4 53 76 -92 -12 -83 29 40 97 -24 -40 -99 80 -91 4 -8 -23 13 9 -77 80 32 61 -27 -93 -13 -37 -57 5 90 -72 82 -94 47 87 -70 48 53 2 -19 16 56 46 -94 23 -35 51 73 97 2 -45 -75 39 90 -42 75 67 86 18 -42 -97 -76 -89 -43 -6 -88 81 32 34 30 -11 -61 -35 -6 37 85 -97 -44 54 80 88 -78 77 10 -99 -25 94 -97 -75 32 -2 70 87 94 -41 -60 -20 3 16 -89 -35 -98 -71 0 -13 99 44 76 -21 68 18 -46 86 -69 -58 -12 71 -96 -17 19 -58 -70 20 97 74 20 52 -78 27 9 61 23 -36 -83 -28 -52 -97 73 56 -57 26 85 31 66 -59 -19 -10 31 68 91 -54 24 
-36 -52 13 84 93 -86 -15 89 70 14 -67 -11 74 54 80 57 -88 83 8 44 60 -16 59 87 13 85 75 -60 55 -50 -80 -59 13 -18 -80 -26 18 51 28 62 97 30 92 -10 -18 90 97 -30 61 25 48 -95 15 -62 13 -87 -23 -9 -65 -55 40 -51 -81 -41 93 60 -40 -65 37 38 67 15 70 0 80 -29 -49 62 -57 -43 -24 -78 4 9 -2 -17 86 5 85 -97 -86 -94 13 91 -96 -37 -81 -61 99 -30 -84 75 -1 -41 65 -4 -18 -25 93 68 86 -20 -73 -73 -85 -60 -33 -47 -52 -16 -94 89 39 -23 7 -90 -83 -3 49 -34 -80 -26 67 26 69 62 -61 16 31 -65 33 5 -61 -30 97 -78 -34 -93 56 -59 -53 -31 -18 17 -51 76 -32 -69 74 71 -41 92 76 4 15 -50 -69 -75 58 58 -61 20 -27 98 61 -52 50 -78 -45 82 -20 37 -87 -25 -94 79 -40 20 -44 -58 -90 -41 99 -8 -91 -49 -3 34 -82 -24 
-30 -20 -38 23 -40 -33 -44 34 -72 -1 93 -64 32 -70 85 45 -86 66 -63 -86 9 -69 34 57 36 72 32 -72 29 63 -85 -59 68 -96 37 -98 -42 -38 6 44 51 -43 2 32 85 -33 52 -83 87 -36 22 99 -56 76 -63 -1 46 -1 11 83 41 84 12 -29 -9 11 -20 -24 38 28 11 -43 -79 -5 -15 98 -75 91 81 -39 -44 19 38 -58 25 24 -12 40 -81 -28 84 58 73 -59 -84 -15 -43 17 -47 62 -11 -25 45 43 -52 -91 -45 24 -86 -20 48 -27 -41 77 -48 41 94 -54 34 -61 -43 49 -91 -10 -53 69 -56 60 95 -36 -6 5 -26 72 -71 74 58 88 41 -5 63 99 -21 -86 51 46 -56 21 -27 -56 71 77 42 -46 16 -87 -71 39 94 -28 50 21 -41 -55 -62 -80 29 47 90 55 -85 -40 -37 51 44 -28 32 -41 -61 70 -71 -85 -94 67 -33 -63 86 87 -70 -55 43 -10 -90 89 -89 -16 -61 47 -6 58 
61 57 -4 -39 -86 27 25 -34 78 -84 10 8 -58 20 23 20 -26 45 -56 73 41 81 81 -52 -59 65 -3 -76 78 -88 13 -37 -34 8 -85 -62 -70 20 -14 78 16 9 -25 81 37 -51 55 7 79 -77 92 -7 -64 69 -92 -92 -7 41 39 -9 39 -32 94 -19 -19 13 -19 -72 -61 15 65 -16 -19 64 -3 31 87 -80 47 -6 83 73 49 61 61 59 -29 93 90 -29 75 -24 -51 -68 -81 93 -7 -22 52 -6 46 -5 85 -78 88 31 51 98 -58 -53 -79 -88 -38 67 -56 -75 47 64 -69 -40 -92 -61 87 -34 -19 -17 -16 47 -64 -66 63 97 -62 69 11 27 34 -6 -72 15 31 -25 -54 52 5 -66 50 -75 -99 -39 59 54 92 90 -63 76 22 29 -68 79 -77 42 -37 95 10 -52 21 64 92 -37 93 80 98 8 5 69 16 99 57 -34 -56 21 42 91 11 -31 31 -14 71 -25 -49 -5 44 62 -23 5 -26 -68 -91 28 
-17 10 -38 20 -68 -17 -8 49 -25 54 -70 48 75 -88 -25 77 73 44 55 68 -95 -80 -26 25 -27 80 -55 9 51 -78 8 -61 4 -61 -41 55 30 -37 79 36 44 80 -18 67 -91 -35 -97 -82 66 -83 42 -73 14 93 -52 -37 -42 45 52 51 44 -57 -64 -18 36 13 -11 -29 76 -56 -79 40 28 -5 4 -50 -33 36 80 10 92 -16 -29 -7 -64 -14 97 -99 -37 -31 98 -96 2 87 -11 39 -65 28 -28 46 -6 -21 -85 99 -86 5 1 -19 87 -17 -23 51 -34 -97 -35 -69 50 -47 62 90 -71 -8 25 -32 16 -92 7 20 5 40 -97 58 -45 55 5 -52 65 -15 -12 79 20 -11 -61 97 77 -4 27 -38 -79 75 -42 79 44 -14 56 -56 -41 19 43 62 -5 -98 -9 13 -23 -47 -53 14 94 -66 -3 57 28 -31 -8 -28 68 46 39 73 -47 34 -18 -87 -57 -51 27 -41 -50 -98 32 4 99 60 -7 11 -76 50 -21 25 
-76 -82 -66 88 85 29 43 -79 89 33 97 -51 -67 -29 75 65 -30 10 52 -33 20 -41 -82 -26 -40 28 9 -18 -30 -81 -52 68 -12 -71 53 -21 12 76 -56 -41 -64 66 41 31 26 87 -72 -29 50 92 -75 22 -21 -69 -75 -1 -70 -88 18 20 -61 -7 48 -71 -30 88 89 28 9 79 -42 -73 -80 -84 -10 -70 -89 53 37 -36 23 -82 -80 -61 16 -54 90 -65 7 77 -51 45 29 39 87 18 -4 -83 -79 31 -12 0 95 -40 -72 -50 -57 -54 -89 62 -82 -64 37 68 -14 27 -99 -64 -70 -67 -95 26 70 78 88 17 -49 -20 -27 -8 39 81 39 -70 -88 -40 96 -70 46 -53 61 39 -37 79 -44 -12 -43 -39 -21 -45 40 -25 47 -80 -65 -37 10 82 4 17 -14 -41 81 -35 -98 92 42 55 5 -51 55 -40 -21 -94 -90 -54 22 -80 -58 41 -88 56 27 4 -30 -21 -94 43 -70 53 23 99 -99 55 -35 33 -44 -28 0 69 
79 27 8 43 -10 -89 -25 50 -11 31 -69 -66 71 24 -21 -74 56 -44 -40 -41 -33 12 -1 87 -39 -17 85 -69 -32 -85 -21 56 59 -17 -47 83 69 33 54 -62 56 25 59 -69 77 -98 61 74 1 68 84 -89 19 34 -65 10 -10 -93 -16 0 75 62 -82 -99 62 29 82 -5 -97 -85 -8 -18 -61 60 75 90 59 -70 52 15 12 58 15 -5 26 -72 -21 52 -11 -15 82 79 1 -46 34 -88 52 -93 -59 -9 89 61 41 -81 -8 29 5 -36 -71 10 11 9 8 65 97 -63 -22 25 -41 98 74 41 79 -32 44 57 -40 -99 38 -47 12 -23 73 -97 2 46 -42 18 89 -67 40 43 73 75 -44 93 24 -40 40 -73 46 -3 -60 91 87 95 17 -98 -61 -98 -56 -96 -3 91 11 -63 -44 91 -51 -23 -20 -59 -70 -77 56 68 -65 7 -98 -18 -38 25 -36 -44 -9 19 -99 -80 -24 -53 25 48 2 20 -61 -34 -28 -12 -7 80 
63 -83 6 -39 -89 7 54 68 1 -67 46 16 67 42 -93 12 -53 97 -14 -71 94 48 19 36 93 -38 27 -5 73 76 85 -3 43 -88 -86 63 77 47 42 -15 -8 -5 56 -28 -5 98 20 -99 -28 2 96 -94 53 56 5 -75 78 49 1 3 7 86 84 -76 76 32 -7 10 -97 59 -60 -42 56 46 -60 -79 29 -27 -5 51 77 -2 -72 -3 -84 -48 -59 -67 -71 -66 75 44 -18 95 -80 -95 61 -55 -56 -2 38 55 -52 88 55 -66 -80 -35 99 -22 -1 -77 54 -49 52 -22 56 -25 -68 -90 -71 -6 10 -68 -17 -20 -2 13 79 44 14 47 46 -24 76 -92 -36 -98 94 -33 -18 18 15 3 4 53 59 51 94 34 96 -65 10 -61 -86 -20 43 10 -58 86 -11 -78 66 -54 -60 -44 84 40 2 -76 -85 87 98 -5 -28 76 7 28 -51 -15 32 27 -34 -17 14 -61 -94 61 -92 -15 52 -11 93 97 38 39 -92 -71 -57 13 
-31 -96 -96 48 -19 -59 -59 23 -8 -8 0 -25 -87 -13 15 57 96 -38 52 13 -36 99 42 15 -56 20 82 -26 49 22 32 39 -24 70 67 -1 13 16 -59 18 -69 -73 -95 -20 -38 3 -64 -9 -8 38 96 -33 51 14 37 87 -65 -64 30 -45 48 -41 17 -95 -85 53 -42 54 -49 -24 -61 66 -22 8 32 -13 50 -34 -39 46 15 58 -2 19 49 -84 -92 -39 -89 17 59 17 30 -6 36 -52 -79 -59 -63 25 0 39 -22 1 -5 8 -33 79 -40 -40 5 -85 -8 -22 57 25 88 -80 5 82 89 -30 25 -40 35 -25 -88 78 -23 21 -18 -53 -54 20 49 20 29 29 38 -29 55 63 -72 -84 -72 80 -8 72 72 -60 25 -4 8 92 -71 76 -53 79 75 29 46 -26 13 24 83 62 20 80 -32 -99 -79 68 75 -46 -64 -1 72 44 -5 -56 24 -51 10 10 43 -55 -80 89 -36 -52 -28 -35 1 76 -34 84 -45 40 41 -27 
-52 -83 35 76 -58 -98 -87 77 -74 79 76 50 -61 -15 81 59 21 87 25 18 -4 17 61 12 95 3 54 55 83 -47 70 45 -49 99 81 62 87 -91 -44 91 -38 -10 -80 33 -69 15 -94 43 13 -60 82 -89 66 -80 78 61 28 -44 -30 25 36 66 18 79 69 -1 -94 -11 -74 -95 -24 12 -30 -90 26 28 -45 69 30 -45 -63 -17 79 -90 43 82 -26 95 12 66 -47 -87 -41 -25 67 17 45 97 99 47 -88 -51 28 -93 -81 -33 -94 -64 81 -30 79 19 86 -36 -53 -76 -25 -70 -24 -3 -30 -5 -15 -70 -89 -1 -48 29 -70 -63 0 -8 85 -37 48 67 87 23 82 82 -40 7 26 87 71 -44 27 20 20 -52 -74 74 7 -67 64 -13 -4 -7 -52 -16 -46 -76 25 -60 61 -68 -17 87 70 64 -41 92 -50 -72 -14 43 79 95 77 -36 -81 86 9 68 4 -3 67 22 -99 69 79 43 63 -75 -64 36 -96 -33 -9 -77 
-94 -60 19 20 -8 -53 88 -3 11 -17 0 16 55 22 -39 -53 23 -28 -50 4 -48 7 48 -66 -21 -61 -27 57 -81 45 46 84 -56 97 23 80 -59 3 -55 21 -54 80 42 65 -71 -37 -75 -93 38 32 -55 -71 -70 -23 37 -56 -62 25 59 -60 -6 73 -67 -10 -18 46 78 -81 26 -96 40 20 -58 -89 -3 31 -52 -23 -74 -93 70 19 98 90 -16 81 40 -11 -46 38 -6 51 63 -50 49 9 -68 89 -94 9 -73 -87 76 57 35 60 -60 -72 -97 -68 1 -60 -82 -97 -60 10 -14 19 63 83 -44 97 -10 -80 38 39 4 -50 -53 61 -97 53 98 27 -33 28 -87 -18 -46 -67 29 20 65 20 92 45 -62 -94 47 -50 -73 3 -17 49 71 37 76 -32 86 -24 29 -75 80 -14 -86 -95 36 56 -97 -83 70 -80 -60 34 -83 65 85 77 44 23 61 29 -72 -47 53 70 10 -7 -84 22 65 -51 92 38 65 -33 -15 -1 -44 -39 
-22 -25 1 -77 -38 -40 -40 82 33 19 -43 -92 -35 -57 -87 99 -34 -1 -12 -64 72 21 -79 96 95 89 24 54 42 27 -56 57 29 -74 -66 73 68 -88 83 -20 -15 92 49 -5 -57 38 2 -27 97 4 2 -89 -23 45 46 68 -22 96 -59 2 -9 -99 -38 -44 56 1 6 67 78 67 -79 24 -97 -23 -20 22 -42 -74 67 65 -62 -17 -7 -72 -99 36 -19 84 57 4 10 -75 50 62 -14 30 -96 97 96 91 -11 -64 -85 46 -73 -48 -52 -48 -46 -55 -77 -35 90 95 -17 -42 33 -67 75 -13 97 -45 -29 -32 86 81 70 -48 -69 39 -32 -32 -23 -48 59 -26 -89 22 -33 -24 50 98 61 23 2 -38 70 -67 -60 68 -38 -13 -24 21 -21 -95 -55 59 83 15 75 45 -8 75 -68 81 23 29 87 -75 -70 -16 83 49 -7 84 -99 -64 -32 16 34 -26 16 -14 78 1 -2 -61 -86 -43 -30 85 -11 -67 86 91 54 -46 -44 63 
-66 57 7 28 64 -75 34 -41 -73 97 68 1 38 -25 26 50 -91 92 7 36 -3 -67 24 -16 32 -87 -81 -76 -74 -10 86 -42 -23 14 -80 -13 -79 -18 -82 85 -69 55 42 -28 -8 -73 -71 -57 14 20 -4 -75 -89 75 82 96 80 59 96 40 -92 78 -77 -45 50 -15 61 37 90 5 -79 -69 12 17 39 -17 -88 80 3 -12 52 39 -32 96 15 -66 -6 -27 55 43 -89 5 -62 99 -16 61 38 88 -24 50 -77 42 1 57 -84 49 87 43 -75 -51 77 72 63 -67 6 3 50 -81 25 -10 58 63 -70 80 -65 -66 71 -21 -64 -26 -47 -71 82 -62 60 58 95 81 97 62 -60 41 -78 -20 -2 79 4 -7 -63 41 -17 88 -99 -18 -65 -46 -69 -81 -5 -29 -84 -47 91 -65 -55 -71 79 88 -77 -90 -79 45 43 62 -11 55 -12 -10 3 -86 -27 -30 -45 36 40 -9 -14 -54 1 60 -86 -3 0 -70 -28 -38 -68 -80 -13 64 
11 53 92 -42 -30 -19 10 6 74 -99 -77 -96 -98 -95 -91 35 50 75 89 69 2 21 -2 49 -14 -59 -12 66 43 7 -76 -1 88 -34 25 63 30 91 60 -30 80 -21 29 67 -17 -24 24 -90 13 84 -69 -96 -96 64 29 8 -13 85 -54 -69 -7 18 41 2 60 -40 -58 -80 -17 89 -36 -87 73 -78 65 3 -84 -26 26 -82 -8 65 8 -12 51 -20 71 -8 -40 -76 -73 3 -59 42 -95 -55 13 78 82 48 -35 -5 21 -36 -32 86 58 5 -80 -46 -79 12 93 -76 32 90 39 20 -69 74 -92 -54 30 -41 -44 31 25 -72 78 28 95 65 93 -42 79 80 -77 -38 41 -67 52 -36 -77 -26 -58 97 -74 74 -92 35 -38 97 -54 -95 31 -95 92 -1 -74 81 -33 42 -23 83 -2 -7 65 -16 77 -35 -68 71 23 51 -69 -51 67 -47 22 -30 7 2 -70 -73 -95 79 51 -93 -23 -43 -57 -37 35 19 68 -88 -49 -23 -81 22 
83 -26 -9 -63 -83 57 -14 -23 -14 -82 -61 -34 2 28 13 -6 56 -49 91 62 87 -89 91 95 -49 -80 57 54 -59 -87 57 42 -97 -66 91 -60 65 84 -57 60 -79 15 34 80 69 16 5 26 -12 -10 33 98 -55 62 65 -37 96 -37 -88 -23 -66 69 44 -82 79 -87 -12 -10 48 33 3 31 76 67 -51 93 99 65 40 46 66 67 -32 -96 -17 75 -95 77 34 -31 -58 -89 -57 -90 -10 86 -63 -21 45 21 87 0 44 -50 -29 89 2 19 26 3 2 -28 34 -20 1 -4 82 -56 63 -18 -99 19 -59 -88 -42 92 17 81 -26 -5 -91 2 -13 77 26 -26 -35 93 -77 -39 -35 53 53 -49 -47 -10 -83 -79 -98 58 5 47 -50 -79 45 -63 83 -59 -6 -70 72 -46 -98 58 60 -50 -79 23 3 87 -76 -11 -59 -96 -32 -41 -78 19 -86 -77 12 2 7 -59 -52 15 6 33 -63 -29 67 24 -41 -25 94 14 70 -97 45 -88 
70 73 93 -66 -39 -99 -68 69 26 -13 64 72 32 91 92 27 35 -97 -82 16 46 -37 -69 -82 71 -89 -98 -9 -43 -52 61 17 -64 -80 -66 55 77 56 79 -15 -7 9 60 -61 90 -97 33 30 5 -21 24 59 52 -39 23 61 -39 6 18 4 -93 92 -21 14 -56 85 25 -87 54 -20 -45 -32 63 62 -66 50 96 -59 8 38 92 -93 43 34 -90 -66 -4 -67 91 -97 -47 31 17 -58 -47 71 -46 96 -36 89 34 -62 -17 -88 -9 -12 -66 -31 73 42 79 36 -23 73 -23 -27 84 -81 -86 -28 40 -94 24 79 -33 -38 -51 54 -62 -61 -46 -1 7 64 1 7 41 -47 -82 82 -47 -95 -13 -96 -12 -3 -29 7 -44 -56 -14 -15 96 -17 97 -80 80 -52 81 -9 -23 -3 82 21 73 -46 -9 70 60 -9 -42 74 49 21 -49 81 -36 58 -18 -40 81 -31 -32 70 -8 -37 52 -50 -74 -41 74 71 69 47 -87 93 -83 -5 16 84 
70 -6 -60 -8 -12 15 -65 42 -74 -33 49 86 64 -50 -37 89 43 4 -23 0 51 -18 -65 47 56 65 -46 52 -70 -90 16 -76 76 -79 26 -21 -25 37 49 -46 1 28 22 -63 23 35 -51 -64 8 61 -24 -8 -14 66 11 34 92 -45 -68 -36 83 13 12 96 -73 -78 58 73 -73 -30 -47 11 -94 -56 -37 90 -15 -26 54 -7 26 86 -35 79 37 -9 66 -23 -89 -54 -87 -14 -69 15 -30 69 -82 80 94 75 7 23 -86 -91 -9 -56 -53 21 26 41 18 13 82 89 -61 -21 23 -68 -55 -83 90 -63 46 -23 -64 24 -65 73 55 6 66 83 -43 2 80 -34 -70 -10 60 34 -1 -24 -76 41 6 14 -96 -97 -56 -8 32 54 -9 17 25 87 -57 9 98 -31 -7 -93 55 23 -33 44 80 0 35 35 72 63 69 44 70 -47 -58 64 -52 23 -91 5 -3 -44 16 -59 22 -33 -93 -64 -70 -87 31 -83 -46 -83 2 -55 87 -8 
1 98 -40 70 -82 44 99 -84 -57 -24 35 77 9 0 -82 82 16 -10 89 92 95 -35 -87 -46 47 -99 -66 -51 77 31 87 84 -32 -72 -18 -85 68 35 68 -69 -87 8 -55 31 49 -65 20 -9 21 43 92 -97 -42 54 9 -24 98 54 45 65 -82 28 -55 47 -12 65 76 -50 91 70 44 -39 -3 22 -66 79 74 -36 10 66 38 -25 -26 -67 -12 -43 -73 86 88 -32 85 -89 28 -82 -62 82 91 -82 -7 -40 4 -64 41 63 55 72 71 47 -84 -97 -63 -74 57 55 -43 -50 56 88 -15 -40 -99 25 -68 21 93 84 89 18 -42 18 -40 88 0 76 20 -8 -72 74 -27 -14 -87 -35 64 -54 43 83 77 -55 16 59 -15 -35 -5 9 -61 -33 -24 36 35 -18 -91 31 20 -19 -77 -62 85 -4 30 -57 67 -20 -17 91 0 0 -57 -78 49 76 -35 11 4 30 14 30 73 10 51 79 -42 60 -20 83 27 39 -74 -45 88 87 
29 -15 -4 -61 93 85 -34 -75 81 94 -1 -6 -87 11 -66 -17 -89 -71 -84 44 -59 -83 -81 -95 -80 31 -85 97 73 31 -38 41 98 -27 75 70 55 15 -4 -16 30 54 68 49 48 -5 77 -52 83 72 -7 -74 -19 -21 -11 62 -77 -9 93 84 14 61 46 -72 -6 -60 42 12 59 8 70 7 -61 -82 7 -49 74 87 83 -60 45 93 -24 -63 15 26 -77 -26 -39 -55 -75 92 -95 6 -34 -20 -81 -19 -28 -37 7 -10 47 -83 69 -3 47 -96 71 81 83 -57 84 -45 82 -74 72 -52 -48 -21 54 1 -23 -91 14 20 88 60 -83 -75 21 16 48 14 65 -67 66 66 99 12 98 -38 16 30 7 10 -56 -99 21 95 -80 -24 67 66 35 -49 61 54 -6 -74 18 56 28 31 -24 -2 73 37 -51 -39 -47 7 -69 44 -31 -88 -71 13 0 -97 47 -49 -48 97 44 41 -40 -70 7 -78 -56 97 24 -73 -92 28 -34 -80 -97 -93 
50 -18 -56 -85 51 -27 41 -80 9 -87 42 63 -20 57 -19 33 73 -43 -39 -78 -73 -36 -57 -9 56 81 -12 -79 -97 -46 61 -18 84 24 -48 59 -75 -77 -55 -48 -9 -15 71 15 -38 21 -42 -93 92 -93 58 98 73 -12 9 -14 -57 -3 10 -12 52 6 71 -67 9 -89 -61 58 -72 62 72 69 60 -96 32 -50 48 43 -25 67 -51 -88 -47 58 14 60 -94 23 -39 12 58 71 59 41 -68 -76 94 -69 10 94 83 91 -41 93 -83 71 18 24 -60 57 8 95 69 57 22 -36 93 -21 77 6 -34 -9 -32 -93 -53 -45 57 82 59 -35 18 -88 60 -94 87 76 -29 86 69 -46 -84 -13 40 0 -6 25 59 76 -95 1 -87 -65 59 -67 48 -74 -82 -26 72 -33 65 92 93 81 -93 -8 21 33 14 76 -30 -46 35 24 72 -48 -24 89 68 80 16 49 79 -29 -79 93 90 -8 21 -17 15 28 55 54 -19 73 -20 -27 -66 5 
83 -35 -19 66 5 -48 -19 19 -88 -75 65 93 46 -92 59 -94 -56 -3 32 -6 84 67 70 -50 16 -13 -30 52 22 62 11 -67 61 70 -20 -36 -94 86 -77 31 14 -69 12 -71 55 90 -56 26 -33 24 -47 54 48 -29 -34 42 47 24 94 -54 18 7 55 -81 9 -26 -77 -52 70 70 66 -20 4 -29 -48 -39 -47 39 -93 -83 8 23 -49 52 98 -29 45 -22 97 92 -62 -90 63 11 75 -42 -31 -79 -91 -52 74 77 -5 20 -81 40 5 -6 -41 58 -1 54 65 -97 -69 34 -65 69 -4 61 88 -82 25 -4 37 -53 31 11 91 16 -13 56 70 75 35 -63 -94 -73 -29 62 -61 51 85 -53 -87 33 79 75 -32 66 52 23 -72 -46 -36 87 -5 -55 92 -63 45 -35 -52 -4 -5 -37 60 76 -41 15 -5 28 -60 -87 -91 -67 42 -18 -71 10 -80 90 60 91 96 -19 38 92 -30 67 -26 16 8 62 -2 -82 -40 -34 90 13 
-82 19 -30 -17 -13 1 23 -89 -15 -88 92 -94 95 68 12 -77 -74 -86 -52 84 -21 -29 73 99 2 -61 21 2 58 40 -44 -47 -65 48 -67 47 14 -59 0 -58 57 -19 58 -10 -24 -14 -88 3 56 -9 2 -33 15 -26 63 -6 99 81 -18 58 -38 -61 -30 -5 -57 75 67 38 8 80 17 -14 17 77 -69 -80 23 27 44 -84 -89 -15 57 4 -18 -5 97 75 -50 45 -12 -8 53 -58 53 4 -16 -65 35 2 -71 -98 -64 -37 5 19 92 48 9 -95 -95 3 86 59 -19 88 -33 -57 -56 77 -21 43 -38 3 97 -73 -57 5 16 -76 44 14 52 78 -38 21 70 18 71 25 -44 57 -64 39 32 -22 56 78 -33 -74 -22 29 63 86 38 57 36 -34 54 53 40 -63 -83 -22 98 84 -88 74 -22 -49 7 62 59 -8 -8 27 39 97 -24 -75 26 -87 -6 -7 55 -17 30 79 -9 61 15 98 -94 -73 -47 27 -99 -81 -48 -69 
