500
19 -15 -53 -86 86 -36 -42 60 31 -29 -64 -12 33 56 62 13 13 -7 34 -63 44 -71 86 6 -81 -42 71 11 -27 19 -1 28 -91 -58 94 51 16 -87 41 31 -28 -88 59 27 -33 -72 -28 -9 -63 -31 28 92 -88 -52 33 92 -6 46 31 94 47 -19 -41 -41 5 46 99 -75 -52 -51 39 -6 -73 -30 82 -70 12 82 29 -11 16 -40 -8 95 32 87 -86 -37 96 -71 -85 -44 73 25 54 -6 52 -35 -10 14 11 -81 -89 -95 -66 -70 -43 17 -90 -64 -38 52 86 98 -39 7 -76 24 62 50 -46 54 10 31 -86 63 -80 60 40 96 74 28 -85 -68 29 76 -56 39 -92 37 46 93 48 -14 92 -20 -16 -84 19 -34 23 19 7 -67 85 -18 13 68 72 46 4 -99 8 -96 78 27 46 57 -46 72 -90 -32 -13 28 -26 27 27 61 52 -59 60 48 21 -37 -55 70 -80 -97 56 73 -28 -65 92 98 -77 -59 36 38 26 86 75 0 83 -49 -57 -61 40 -26 -73 -70 -91 96 37 4 26 5 97 -95 41 48 -20 -21 -41 5 99 75 -34 2 -33 62 -88 -97 62 56 27 -45 37 87 -39 -78 75 35 -31 -39 -81 93 87 94 -89 65 52 -30 -37 10 -14 -99 -68 -55 -40 45 93 58 57 71 -16 4 -48 -20 40 -1 -72 -8 4 21 66 7 51 -91 -64 16 9 48 39 46 98 57 -49 93 7 83 -54 -6 21 -20 -33 54 -48 -65 83 53 -33 -72 10 -61 18 63 -89 -63 95 35 -24 42 62 8 -35 -43 -9 -61 32 16 -75 -70 -29 62 -66 -86 85 77 -73 -62 56 -99 79 57 28 -55 8 65 -43 -53 -43 -12 96 16 52 32 5 70 -42 2 85 65 -71 -80 -35 30 59 72 74 59 -19 -38 -80 -59 16 32 76 -47 -93 -8 75 0 -11 -55 -69 69 75 -65 -51 -9 94 57 47 -66 -26 -51 3 40 71 -69 72 18 32 -46 -64 -44 -2 -39 -69 -63 92 -60 -53 83 54 14 -78 -32 -62 60 -3 79 12 44 -1 9 -68 -21 -27 -4 92 94 97 63 44 -11 43 91 89 81 45 -99 58 65 64 19 64 31 63 -95 27 -51 29 -70 97 -34 -31 43 -84 30 40 -36 -45 -35 47 -61 94 72 65 -12 -64 -39 -44 -59 -58 -77 2 -14 -26 -38 -43 36 42 2 72 -36 -80 17 -3 -52 19 -78 -15 -27 -62 5 -35 80 -31 4 31 -18 27 92 72 53 -73 -6 77 -71 
-81 35 86 79 -6 -47 30 34 22 60 -65 65 50 1 -67 -49 97 73 -94 87 38 -20 -80 -95 -34 -97 -43 61 -91 25 23 -47 12 72 14 -17 75 60 23 -48 0 85 -18 -99 -73 -56 86 -85 -60 -40 71 -77 48 -75 -77 20 -65 79 45 83 95 -44 47 -4 -51 -38 47 56 -13 -18 -22 28 -41 9 -51 -11 13 23 63 51 -52 48 9 -22 58 28 41 17 27 -28 -13 2 9 -9 -25 20 1 -16 -94 -28 80 -96 -27 67 -87 81 -74 91 -78 -27 -41 -95 49 -16 -53 5 41 6 26 83 -82 58 48 -4 83 62 -92 87 20 19 -77 -34 16 7 -37 -28 61 77 81 68 -26 -77 -51 -83 -47 11 -78 55 -52 37 -29 -34 59 15 -96 -63 64 32 26 87 -29 72 43 -33 -98 -63 -18 4 45 36 64 74 -61 68 19 25 -55 99 52 6 -90 32 -16 46 -49 45 -94 -6 -57 92 -9 -61 63 -52 26 69 24 64 -57 57 -46 -5 -64 26 99 -3 -29 -69 -40 85 4 99 35 27 50 61 -65 14 89 35 91 -39 8 -11 86 -90 40 -69 -17 26 39 -79 54 50 -31 -63 -18 -40 83 -38 -91 -69 -82 6 -54 57 -96 -15 4 -80 35 19 -74 21 -37 82 -57 21 68 -34 -45 -11 77 11 -74 -38 50 -17 26 -61 47 78 -50 63 -48 91 -89 17 -46 80 59 19 0 69 43 53 -46 26 -87 -62 -92 26 33 -22 71 -90 -5 -46 77 -31 -16 -25 35 65 87 36 72 -47 -23 66 93 -25 -81 -34 -75 73 83 95 91 -79 -77 -21 -36 -82 19 18 55 91 -68 -89 94 -72 54 42 28 75 -95 66 -6 12 -29 26 23 -5 -93 77 24 -55 3 -79 98 31 -54 -72 -75 -50 -37 -72 -63 63 57 46 -41 -10 -52 41 89 86 97 -96 -89 -9 97 -86 60 93 65 -1 62 29 -65 27 -91 -14 67 -37 89 55 -40 -79 -30 91 63 -28 72 -85 88 -64 28 40 -61 87 27 39 8 7 66 51 14 39 80 -33 -75 -24 71 41 84 -10 -30 -68 17 -57 90 73 -37 26 -15 23 9 86 -3 -24 17 25 29 2 66 51 -86 14 18 -32 -65 92 -2 -75 -52 15 -26 -21 -41 40 -13 0 -87 -64 -58 -54 -77 -66 -40 -85 98 91 -34 49 79 20 15 47 24 -43 56 18 25 -27 92 28 -24 -45 -41 29 -76 -63 -29 28 60 -33 -98 -73 -74 24 -97 38 -91 -49 63 -43 88 64 
-23 65 28 80 -49 19 96 1 -74 -98 75 72 -92 -32 -50 71 44 -41 41 18 -10 -37 -19 -95 -26 6 87 -55 99 74 46 2 53 -34 38 -46 -94 -69 -91 -65 -9 89 -23 -59 68 19 -69 59 1 52 -30 36 -69 45 19 13 95 25 39 95 -19 57 86 60 -76 9 45 -30 34 37 -99 26 -32 67 91 28 -1 70 42 -56 75 99 -20 -3 30 -43 -15 82 98 37 47 -15 -77 -45 90 30 -18 47 -15 18 99 91 -12 24 -26 -95 -92 32 41 68 3 -69 18 85 78 -27 -28 14 34 -55 58 42 6 -39 -79 81 17 66 66 67 -61 -45 41 -29 -98 39 -22 2 61 13 -20 92 -52 55 90 58 87 65 19 -7 71 -76 33 -96 25 -3 15 -53 -27 -47 -72 47 69 60 -21 82 -18 78 -75 19 -66 -70 -88 -50 20 47 -1 -70 41 3 -53 -68 10 -25 -74 -51 91 97 -39 54 76 -33 30 28 83 -20 12 33 53 -87 6 14 -14 -34 -86 -91 45 0 32 6 54 -52 45 1 -22 81 82 33 72 29 91 -26 57 -51 -49 -17 -98 -12 -50 87 79 -62 -71 -92 89 -65 41 36 60 -28 -12 -11 -81 20 -86 31 49 -8 98 74 46 -11 51 -1 60 -28 -21 77 -11 -79 -81 -25 42 -16 -93 17 -68 16 -70 -73 -20 -88 45 -22 39 38 -68 -84 -90 -54 79 53 37 -65 -2 26 -94 -67 46 -58 90 -89 19 20 65 -93 70 51 8 -52 -5 -31 2 2 -39 -68 -98 49 59 10 57 82 46 -53 -48 -13 -63 74 -36 94 69 67 -38 53 0 77 -44 -8 63 -79 -37 33 -37 -48 -1 50 5 76 1 -5 -32 67 -64 37 -6 -74 -95 30 -16 27 80 83 6 9 -25 -62 -10 -4 62 88 -29 -6 54 -63 71 -11 -8 99 -39 28 -86 -84 41 -99 -64 70 36 -41 92 -90 -98 -99 49 83 -4 -81 -89 -15 29 22 15 -59 60 -96 -51 85 -59 59 -53 81 -10 -62 30 -56 43 -78 60 -56 -6 -56 56 -99 -36 -97 76 46 24 6 31 -23 70 -3 56 -10 46 78 -4 -64 -32 2 41 94 33 81 82 -22 -18 68 -76 -23 5 40 17 39 25 -95 45 84 -80 15 -57 60 46 -41 -26 -30 85 10 88 -94 -3 -12 2 66 9 -67 84 -56 -86 11 -45 -13 48 3 9 -6 51 -92 -77 71 27 -50 1 6 66 6 -31 48 49 -15 -1 44 -84 -84 30 19 -47 -39 63 63 
-62 79 -9 22 19 51 -56 61 -12 -25 15 44 0 78 35 20 22 -97 -80 17 -79 18 -20 29 -6 13 10 -63 7 95 56 54 -65 -66 -45 90 58 -2 -54 31 27 -99 47 2 -58 -5 91 66 -82 71 -80 -32 -3 -77 96 98 11 -96 -96 -32 -36 67 48 -3 -36 31 -24 29 83 53 20 -8 -61 70 -46 -92 -2 -39 -40 74 -2 -65 72 -47 20 -94 91 55 -4 7 18 -45 -8 -68 36 68 -4 -44 65 40 59 23 -16 -5 7 3 14 20 28 95 -88 -65 94 -92 96 -78 -89 -30 -12 -68 86 -60 73 -95 -90 7 95 5 -17 23 -19 19 -69 -91 -69 -83 91 78 56 24 72 -85 -40 33 -53 71 54 51 35 49 22 -81 1 -88 70 51 -90 -58 -84 -23 54 -57 90 -41 86 -28 38 -65 -97 7 -15 -29 -53 67 1 -80 5 32 20 -52 73 -61 -92 -23 39 64 19 -7 99 -86 -69 46 51 -46 -90 13 -37 9 25 -14 -6 -41 -14 5 -82 -6 76 -29 38 60 16 -18 83 -37 -29 -46 -58 -67 -54 -45 -98 30 53 -93 -70 -41 -33 -99 -92 74 -40 37 30 -97 55 -31 -41 66 -30 62 55 24 76 -49 -29 -93 -46 68 32 50 19 -4 -20 -75 11 -53 91 -78 68 34 -84 19 -81 -50 59 67 3 -69 93 -82 83 96 47 -81 -19 83 18 -46 6 29 80 -56 89 -3 -20 -36 7 -16 -85 -63 31 -78 26 23 -3 -49 38 -53 -79 -74 -77 43 -40 -60 -82 -65 55 -97 87 84 -40 41 99 -61 86 76 -75 -24 -6 -1 26 26 24 -97 -8 64 29 -40 -96 28 39 -51 -40 71 23 -47 -53 60 36 -39 23 -62 -74 9 -51 20 -51 40 -47 -18 68 0 31 -58 -44 -57 10 -20 67 -72 -28 -3 75 -43 -34 87 -23 60 -70 11 74 -25 -23 83 92 63 -64 -96 98 -2 -87 3 72 28 -21 -35 84 -27 -8 -60 -93 32 6 -68 88 71 11 -25 3 -50 -25 34 -66 -46 17 -44 -3 30 78 33 -32 15 98 53 -72 15 33 39 77 -48 26 -27 87 84 81 -91 -49 -92 -52 81 30 2 -33 -97 -77 -61 -10 49 -81 34 -93 -16 68 56 -81 -56 -30 -7 4 -96 18 1 -82 -92 -35 -13 -83 0 80 45 73 81 -1 29 -28 56 -37 -68 -14 -13 -48 -40 -68 -8 -74 -17 26 13 78 -46 12 93 -68 -62 -21 30 -93 72 -54 7 -92 25 -4 -19 61 -62 34 -74 -79 32 
77 -9 -63 55 -90 22 9 -49 -12 -1 -55 54 92 75 61 -58 -95 93 -44 -29 -86 60 -57 -49 40 44 50 -67 -90 73 76 -99 -86 76 -74 -68 41 -30 -65 -57 -52 -35 9 -57 -77 -94 -75 89 -98 -21 40 76 13 -50 41 22 38 70 -55 -88 -64 -73 -78 94 -74 -12 -85 -39 -90 -75 65 -91 29 -27 -77 -31 31 -89 53 17 88 -39 29 73 80 65 -61 1 71 -84 1 70 94 37 -38 -2 -13 1 48 12 -62 39 -25 -43 -63 12 14 -92 -77 6 58 -72 29 -86 73 12 -1 58 -18 78 -66 36 22 -35 80 -44 -20 29 86 -15 18 50 2 -3 49 -39 20 -64 93 31 12 -24 -36 48 -63 37 0 40 96 -24 -3 -58 -71 -52 -43 -15 32 -39 -94 31 56 73 -11 70 20 75 23 88 73 -10 -83 -26 98 60 71 40 -1 62 -80 -2 82 -8 23 -25 -58 98 -98 75 -62 -72 82 76 -22 -7 -54 93 87 -52 -92 4 71 87 -17 67 91 35 -36 56 51 49 20 24 44 -54 46 55 -29 -5 28 17 29 -72 63 69 -92 2 14 39 16 84 -7 -66 99 1 74 2 9 1 -99 16 -89 53 33 85 -87 6 -4 90 -10 10 -76 83 -82 -41 82 73 85 22 -1 -10 -4 83 51 68 91 -99 -84 -99 55 -11 89 64 -31 59 -30 -23 2 2 82 19 24 43 -13 -22 -75 84 -79 51 -7 -99 54 54 -7 7 -70 -43 -40 16 -21 48 9 -40 16 -23 0 -19 59 57 70 25 -72 -60 6 57 30 -34 -44 96 -97 -75 93 84 10 -94 -43 -88 26 -83 -8 43 -50 -41 29 2 45 -40 22 -5 2 -85 53 32 -32 -86 -17 -56 10 10 91 48 32 -18 30 13 -22 47 15 -17 -54 87 -5 -63 -76 41 54 1 -44 -22 35 -60 -83 98 -64 -93 -84 -99 -18 -8 29 32 -6 -76 62 -63 88 -9 -53 -56 -63 -62 44 45 -49 -81 10 -66 2 -28 3 30 81 -83 64 55 -55 -5 97 20 -58 -49 -62 53 -32 35 -47 -66 70 -83 -16 -45 -56 -46 20 -11 18 -65 64 38 -99 -75 56 7 -14 23 -79 -7 24 -93 -13 21 -21 34 63 -10 -30 89 14 12 87 86 -94 4 -34 70 51 17 8 -71 -46 51 28 -68 -68 -36 15 -46 40 -50 -41 -20 0 17 58 51 13 -80 -71 58 -99 -23 33 -10 6 -90 -20 58 64 57 38 -24 26 -33 -28 62 -11 -80 85 61 56 -8 
-18 -51 -29 16 -76 71 72 -50 90 -25 80 58 -88 -84 -10 53 74 16 60 64 76 -55 -93 -62 -35 47 -65 51 -42 32 79 82 -93 -56 6 53 28 95 75 17 11 68 98 -81 -96 11 -89 -21 -14 -28 -76 89 -67 33 -98 83 -44 13 23 -98 37 14 -96 78 -75 90 -37 -5 8 55 65 21 27 29 -18 -21 42 22 97 -72 94 -51 16 81 -68 35 -73 17 2 83 51 44 44 -52 -1 3 -61 44 43 71 78 6 -33 -45 -78 79 -33 28 67 23 30 -35 93 -99 -87 82 -23 -59 46 49 9 -25 -36 11 -56 -91 -85 37 33 55 59 74 -38 -62 -16 -89 -12 -33 -30 -54 34 84 -71 -75 -77 42 -2 32 84 3 -61 -16 61 -62 -16 99 77 -37 14 62 2 -28 -93 88 33 -32 -70 74 33 40 57 -89 41 5 97 1 -99 -82 -59 99 49 69 21 -76 88 80 15 35 37 40 71 53 -46 34 89 32 -23 73 -98 -70 -22 -95 36 64 -30 -20 50 81 -75 69 18 -52 -87 51 65 64 -1 43 -29 -27 -8 2 75 13 44 83 59 -17 -78 32 5 53 -14 -34 -73 -93 -54 68 46 -46 -62 -35 -11 69 -41 -12 -16 -35 82 -5 -87 29 22 37 91 42 3 17 14 -17 46 -52 93 53 2 -43 -36 38 4 -79 26 -36 -4 -62 22 56 -10 -84 34 14 -61 33 48 17 -11 -70 66 -63 78 68 29 -32 -96 -79 32 99 83 73 60 -48 97 56 10 -42 69 -84 -99 -76 -82 66 -43 31 -53 -82 62 46 -1 -73 24 -77 94 -6 -4 -94 -36 47 -98 -9 -66 -93 -58 -93 21 -82 -40 -59 -96 -46 88 55 -37 -67 -31 -4 0 -62 54 55 5 -61 2 -79 53 -48 80 -9 -60 85 -77 88 34 -23 -54 -13 16 81 53 15 92 -25 57 -75 -1 7 34 -16 38 -87 -66 77 3 70 51 78 -59 -43 64 -19 -76 -9 66 -16 -86 -65 23 -92 -95 -18 15 45 76 26 29 41 -58 40 60 -33 -90 56 25 -91 40 -43 99 45 50 -43 7 64 54 46 -18 97 -56 25 -63 14 87 53 46 -75 72 85 36 70 83 46 39 13 -21 45 -69 42 4 -38 90 27 -75 94 48 -11 -82 -67 -69 10 12 23 -70 -53 8 -75 -40 -22 13 60 -10 -23 -33 -29 -98 20 -78 20 65 65 31 46 43 -4 17 -92 6 -65 -56 -77 53 1 -83 33 -11 40 94 84 -82 -45 7 -79 83 -45 
45 87 -70 -86 -8 -18 57 63 -31 -36 57 19 27 -69 43 42 -59 89 -98 -23 36 -44 -18 61 16 89 92 -94 11 -36 51 -40 18 64 82 -18 24 -70 12 81 -21 0 -85 -8 99 93 70 82 33 -32 -91 75 60 -49 -79 3 -42 20 -64 -27 26 19 -23 -23 96 -34 -3 9 -34 -78 51 61 -66 -96 70 -27 94 55 77 55 53 -49 54 -6 -8 -21 32 23 81 88 -86 63 -33 43 23 86 4 54 -72 76 75 82 -96 -23 19 81 -70 49 -19 5 -2 -12 -50 33 59 -71 80 59 -46 -91 61 -30 -99 -86 61 -77 31 -68 45 -81 -65 93 -10 -5 48 25 66 8 42 -61 -90 60 -19 -61 -18 67 62 -29 -47 -57 3 -61 -47 67 55 86 -86 7 52 -14 -97 11 95 -68 -70 43 41 -26 86 -49 -27 -80 -59 67 -82 62 -12 -94 12 38 82 -92 -24 -41 -76 46 78 -89 44 -94 23 84 -30 47 98 91 -44 -65 -13 -56 69 -94 -40 -34 51 1 47 75 -81 60 2 -52 56 29 80 -89 -81 -98 19 7 81 -39 85 -43 -43 72 -88 38 43 -22 -68 93 -17 -65 -74 18 61 -97 23 -78 -93 39 74 13 -93 44 6 95 -2 25 -64 30 37 -26 -68 29 -53 57 -86 63 -51 -59 70 5 -24 -41 -63 41 -31 3 -25 44 59 -53 -52 37 -90 19 -14 -88 -4 4 36 -73 -98 12 -1 26 75 -28 33 22 6 -13 77 -42 -23 -37 6 97 21 -65 45 -21 66 84 -45 60 -75 -49 -67 54 66 20 -61 74 40 1 69 -35 53 -18 -60 0 62 10 -29 63 24 60 -41 13 43 -11 -76 25 -71 81 -93 -53 -81 -37 -95 -19 -62 -14 74 -53 3 67 73 -41 37 -86 -15 43 8 32 -83 56 71 28 -36 -91 -29 54 -21 -88 27 96 -39 -75 -24 -23 -91 -25 50 -59 87 -22 -83 62 83 86 -35 -74 65 28 -17 -58 90 -93 -85 -28 -61 -66 54 15 -9 -69 54 18 -45 -15 89 -25 26 -45 27 -76 -34 -99 20 35 53 -14 85 34 25 -72 -96 16 -49 -57 66 -7 14 67 -77 -48 86 2 83 -5 69 14 33 70 -45 -70 68 98 47 7 -69 29 83 -8 -40 57 51 7 0 1 34 58 81 -78 63 -80 -82 73 4 -58 96 40 -35 61 27 38 -63 -60 18 29 -55 88 -19 20 -48 68 62 -63 79 99 16 -98 86 39 31 52 41 -73 26 51 29 -4 61 -36 -15 4 
3 -85 -40 -12 -96 72 -48 -37 80 43 50 10 47 80 -12 -70 -61 -80 -62 -95 -38 -62 46 22 -53 86 -73 -27 -83 36 14 85 -61 66 -42 40 -72 -85 -90 12 -82 64 -85 -28 13 23 -63 -80 2 -12 94 33 34 -68 -6 36 -40 42 -62 -92 -13 57 -47 38 -75 -10 76 23 9 -94 2 -87 95 -87 94 -62 -28 97 32 -13 19 31 7 35 -11 -85 6 26 -77 -88 52 -66 -27 25 -23 32 -37 -24 -58 -39 -91 -76 93 -28 -5 9 86 -76 -86 30 -9 13 -17 -93 -57 80 11 95 88 13 -60 15 -60 81 -45 -5 -55 59 -96 45 -75 -94 36 -24 -4 58 -24 -25 -69 -28 -58 11 11 -94 -1 -66 -88 -29 65 12 -10 47 -39 6 -55 -59 -74 -41 -8 77 40 -51 -56 -60 -88 0 64 -64 -23 25 -53 22 -60 93 33 72 -51 25 4 2 96 -64 9 8 -20 -5 97 65 -75 96 -63 74 -87 -35 -6 -25 36 62 1 -1 -83 -27 -64 43 -97 -75 80 -55 32 -42 -12 -33 93 -7 50 4 -27 92 -99 39 36 -10 70 -68 -91 -33 -50 -50 -44 23 -14 70 27 88 -25 31 4 82 53 -11 90 39 46 19 25 -20 37 -94 28 4 -60 -60 56 81 36 -39 -8 -39 -32 35 -71 9 16 3 -16 45 -44 13 -4 74 0 30 10 -29 -25 77 -92 18 35 -52 -57 30 13 9 -37 -59 19 -97 40 79 15 95 60 70 94 10 -89 -27 -18 45 81 1 44 -10 -6 50 -22 22 -66 -41 -9 57 97 66 -71 50 -89 68 85 -6 46 51 -63 25 -34 -73 41 70 -25 0 36 13 -98 -37 59 20 87 36 74 26 76 -18 -4 61 51 -59 45 -36 -32 28 -87 -33 -23 67 -7 14 42 -47 87 -76 -8 51 -19 29 -51 -15 -70 -32 -82 87 98 -37 22 -2 -47 79 71 73 -71 12 -18 -22 -74 -17 -18 -17 -12 15 -1 -7 -56 70 -46 44 -43 -94 92 92 19 -91 -45 -45 26 66 35 -21 -20 -70 76 81 93 84 -89 -61 -40 -33 -78 -86 -62 -55 55 81 -67 -24 34 96 -16 -53 -83 -97 36 81 50 53 48 65 93 92 72 -9 -38 -20 66 -97 94 -5 -2 -63 -95 -28 6 79 12 -80 55 2 51 -15 -38 21 -85 99 -97 21 33 -75 99 53 86 -96 -28 70 -64 -89 -80 -51 -82 92 -98 10 82 -67 -31 -8 -17 -65 62 69 3 17 69 26 -38 26 19 22 -19 -24 -4 -49 
-51 37 99 -60 51 11 71 3 10 41 10 -2 -78 -99 -52 20 -74 18 -22 66 -67 95 -35 88 45 22 0 -52 -53 -57 97 -91 63 -17 -45 66 75 83 -48 -61 -18 -90 78 7 -2 -91 74 -6 -22 -11 -25 -27 -4 52 50 98 -71 -45 -61 18 -35 -44 -87 -93 -75 93 -83 13 -47 57 -61 -73 -44 -33 4 42 -63 -16 98 -89 -10 65 -92 -2 -5 49 76 -93 -41 -40 -61 -49 50 76 -41 21 -63 -20 -22 36 76 -8 20 -34 98 9 99 -66 8 86 42 57 57 -9 -93 50 -90 43 -61 60 -74 -38 -81 -40 -6 25 35 -44 -46 -12 74 92 15 -57 -68 -46 25 -40 88 12 58 -29 -54 21 57 -26 -85 -68 35 -78 11 3 67 85 74 20 -99 56 -47 -88 74 -12 -42 -36 -14 26 20 78 -73 -57 -94 -33 50 -81 -8 18 42 84 21 5 43 31 79 -59 -69 48 -50 -60 55 82 -64 -15 -26 -17 -77 -69 52 89 -88 95 -23 7 -30 50 -8 10 -89 -41 46 -12 -4 -66 -80 -83 -54 -24 -20 99 33 84 -13 82 -49 35 -89 -31 77 34 -79 -90 45 -11 -7 -2 39 13 0 -80 -22 -84 -51 79 86 4 -40 54 86 38 -78 16 92 -16 5 27 -17 -50 -81 5 10 11 12 -77 7 35 -27 92 23 -34 -25 49 -53 -7 -58 83 -47 -62 -24 -22 -6 -46 -25 -94 40 -67 65 -47 24 -86 -52 82 -13 95 59 98 -6 10 91 -72 -92 -17 61 -64 53 -78 -70 -78 68 14 -42 87 -29 -20 73 70 69 -15 -33 89 15 73 57 -82 -46 18 -25 -2 -51 51 38 70 25 -99 49 -27 9 -70 -4 -26 51 -54 -61 44 66 68 -72 -59 -15 27 24 65 -91 -64 21 91 2 1 -17 50 26 56 14 -49 52 -81 41 85 6 73 -63 -45 0 3 -66 37 11 -2 -37 12 72 -97 62 -97 2 41 58 -86 -96 -98 22 74 -3 -44 -65 60 15 -3 -81 -72 -17 -93 60 36 24 25 -63 55 77 -85 -84 -93 94 90 20 -46 74 89 98 -43 40 67 7 88 -93 -27 90 -46 15 -71 10 -51 90 76 -78 57 -86 6 -13 12 86 56 -32 -88 -40 95 81 32 48 10 -78 -12 -58 79 -32 -26 -51 96 -45 -85 -31 -67 90 -5 90 63 -79 -17 71 -91 -31 86 71 -42 -52 -92 -8 -81 10 16 60 95 -50 -27 83 12 -21 71 62 8 -87 23 4 -76 -89 -25 26 -96 -30 -26 -89 55 
80 -82 75 -84 -69 -28 -10 56 -52 43 -75 1 52 -64 -47 36 27 54 -2 -46 59 20 -73 -85 -62 -7 17 -64 28 -77 59 -67 97 76 -40 -75 37 44 35 -32 15 -83 3 -57 9 99 -84 86 -54 -11 55 -58 6 -89 92 78 -53 80 -66 -8 99 -18 -43 -80 -88 61 -74 74 30 61 20 -57 -85 -99 -65 -31 -84 -49 84 -11 13 -61 -57 73 -58 -37 -2 19 -35 -66 -14 -68 34 -98 -78 29 -77 33 -77 -51 57 87 -17 -34 -74 -77 39 87 45 -33 52 -61 88 97 -84 18 99 -29 89 -32 -74 -21 1 46 62 -40 -49 33 -20 82 -20 -38 -25 -16 42 -17 40 37 48 3 -84 27 22 -44 74 -81 -24 3 94 61 24 -78 -54 -98 -50 -78 58 31 -77 1 -91 96 72 90 87 -59 -6 -29 96 97 -93 -17 26 68 11 -43 54 -79 -62 86 52 -45 3 -97 -81 53 82 -94 -55 51 -73 29 -85 -43 52 -58 75 9 47 -66 -86 17 -95 -10 -13 -40 -19 -46 25 16 94 -45 12 -97 -88 99 -81 44 -72 42 86 21 -68 -21 -16 -59 -79 82 2 -93 -41 41 19 41 -56 84 54 98 -26 -78 -40 -17 18 -8 58 -49 -24 58 -2 18 30 -59 30 69 51 75 14 -10 -45 -89 42 7 28 -44 56 -58 5 -46 64 10 -23 -67 13 56 27 75 -13 -60 -30 26 -10 45 9 -99 34 -82 80 -99 15 -93 46 -81 81 -47 35 -96 47 86 -48 -85 97 84 57 -47 -16 7 52 -85 43 -24 80 10 39 57 99 57 71 88 90 6 -24 89 -34 30 -15 -20 -93 8 58 39 55 -87 16 -93 94 -22 -81 62 -30 45 -84 -41 -26 -87 -66 -82 -53 34 89 98 34 33 -1 -67 94 -69 -68 -82 -84 84 71 29 -63 59 -75 -11 -88 33 -92 50 68 -32 69 -15 -7 67 -22 83 11 92 -47 -10 10 -78 97 -38 -36 -67 80 -70 -55 -85 -90 -55 26 91 -22 -90 81 -27 23 -74 -83 -55 87 12 97 -98 -79 77 28 49 36 -60 61 41 -67 -38 -87 -19 99 -30 90 42 -86 70 -32 42 -94 -94 -80 -52 -86 -95 -37 -67 61 -4 55 -60 23 82 83 -48 -39 -83 -22 -10 76 48 95 -85 -28 -73 -69 -30 -1 22 19 -90 -48 -53 89 68 -59 -66 -68 53 64 87 -18 0 -9 -58 -59 80 -74 87 93 61 81 65 -55 -65 60 -53 -81 35 -69 -58 -83 -15 -60 63 -2 -54 -85 90 97 -78 
80 97 -59 67 -87 98 -27 75 46 -53 25 -87 11 -12 -28 4 -96 40 -77 0 -84 -29 -59 -10 72 80 -67 -50 -47 46 11 50 7 -31 69 -47 -15 -10 37 -63 77 53 64 93 -24 -15 -97 51 24 -51 24 -10 77 -24 -13 75 -3 87 -4 13 -42 1 -32 47 -79 39 57 95 -14 -17 0 98 27 25 -14 -78 -1 88 73 99 -15 7 -85 95 -17 88 -39 -46 8 37 -36 -33 73 20 80 16 75 -89 -65 -99 7 40 73 21 76 79 -25 73 -52 61 33 64 67 14 99 33 44 37 49 34 -87 75 96 0 -41 93 -63 23 -26 43 14 -66 49 51 17 -72 -10 28 27 53 -63 58 77 -37 -6 30 95 -50 -11 75 -17 -45 94 -54 -69 69 -82 11 5 30 30 -35 19 54 96 -28 -64 72 41 -53 -44 -2 -73 -33 -85 36 -64 -88 -98 -44 -79 57 -26 -82 -13 -14 17 -43 -35 89 99 30 -32 -71 -47 -46 -91 -49 79 2 19 -30 -18 -59 56 -64 -69 -42 39 -22 -75 -11 -10 95 -89 18 -66 66 -17 -57 31 43 -21 41 -37 51 96 -46 93 -64 -88 94 23 31 74 -61 -89 -23 -7 -37 37 77 -11 -49 -72 -31 97 -20 57 -17 -60 67 90 -19 17 -19 30 -86 -54 2 -96 -1 -27 24 66 -8 81 83 55 -38 45 48 -34 -12 59 -95 43 -84 48 94 60 -72 5 -63 30 -60 -2 60 35 -43 -58 -56 -29 12 87 27 8 -23 64 -39 32 30 -20 40 -18 15 52 10 89 -96 -42 -56 -42 91 -19 -82 -83 90 53 -12 20 19 -62 -14 39 42 86 34 18 40 27 -81 31 -89 99 -4 83 61 25 -10 3 98 33 74 76 58 -54 -62 -71 60 -74 -31 7 0 -68 32 99 -49 84 -59 -86 96 -8 -67 -46 67 -79 67 -19 27 50 -72 28 -72 -40 62 -77 74 -76 23 24 75 -29 33 -2 -3 68 -52 -78 -3 72 3 90 -7 -80 -56 81 89 39 33 34 69 -54 -63 -7 79 -96 -87 49 51 21 27 74 25 89 -88 38 34 -94 94 -79 -99 -10 -92 -8 34 -78 -79 7 -37 62 -28 45 -51 -58 -38 34 39 40 -8 -78 -40 85 -98 61 60 -70 94 -43 -66 78 -69 91 45 -81 -30 38 -73 56 62 -95 4 76 -11 -4 15 -52 -28 69 -45 -39 97 49 -98 -19 91 80 60 84 -96 23 -21 -95 75 74 -57 23 0 -38 35 -77 -6 -76 -76 49 -48 50 83 84 -29 
61 -96 69 -13 -10 -25 -84 5 8 -98 27 20 90 -18 44 -89 -46 -31 -54 -94 76 53 5 -93 -3 95 -43 91 -53 -34 86 54 -46 91 44 50 77 71 -91 -54 95 55 41 90 -12 -47 -28 -18 63 -40 74 22 -59 8 61 18 33 23 60 -64 6 2 -98 14 -66 53 -17 -30 -39 -53 -4 -18 -21 -77 -41 -78 -8 29 -27 62 -19 17 75 48 92 -15 -68 -22 56 -62 93 -93 60 -73 89 74 -31 -80 -75 59 -64 87 87 -57 1 -33 21 85 26 -56 -53 23 -70 34 94 -22 -84 66 1 -4 1 -65 -59 -12 56 72 87 85 -59 -47 54 -5 72 38 -23 85 -45 -19 85 48 56 27 6 95 46 38 25 -97 -94 -2 69 -22 -18 37 31 -4 -17 -34 -54 60 39 7 37 -53 91 -56 67 98 10 85 86 -96 97 -63 6 -58 -21 47 -94 7 70 54 -55 59 -42 66 -62 38 12 64 -4 43 38 68 85 -84 25 75 -24 -35 50 -67 -96 44 75 62 18 -13 88 80 52 -26 -68 -29 -82 -61 70 35 -85 56 -42 86 48 -96 19 50 -45 0 15 -30 -69 31 -62 36 99 89 96 -81 -10 15 49 -52 -5 -85 -76 -51 24 10 35 -43 -37 17 16 14 -77 78 47 -69 80 -10 53 22 -25 -60 47 36 -23 23 43 20 83 -90 -85 -7 8 -32 -8 49 -22 -37 85 -28 25 -81 27 26 -12 30 -35 16 46 -92 40 25 94 -41 -2 -26 -78 57 49 9 74 50 48 -48 48 -95 -71 -71 38 -17 96 -52 60 53 78 92 -43 52 -73 73 -22 4 -73 36 90 -76 -8 81 -68 32 20 55 12 -91 62 25 -52 -78 36 -25 14 -48 -75 20 -93 77 -98 51 -43 66 -67 -65 82 25 -96 -27 -25 31 -60 -10 -49 -47 -18 -73 98 -9 -52 73 21 -84 67 -28 55 -21 -61 47 77 -56 75 67 -9 89 -36 -39 -87 13 -54 15 -94 -95 -67 -9 65 -82 66 52 -56 93 5 -43 59 74 84 -38 -6 -63 86 86 37 32 91 -99 -55 37 45 -26 -32 39 6 6 55 -67 -24 -25 -21 -76 56 -75 -28 45 -80 62 1 85 -6 -78 73 -70 29 -7 59 -47 -47 -24 -18 -17 48 -74 25 -60 80 -82 -62 65 -82 24 72 60 -91 97 86 -96 83 -94 62 -69 20 20 -50 21 69 14 -36 -55 40 43 77 -32 25 97 7 -26 -52 52 -49 14 -13 19 5 49 -35 -77 69 23 4 66 -60 -46 
94 -43 -40 -28 28 60 -82 76 51 -80 88 58 -63 33 -83 37 98 -92 -31 55 -73 -30 49 -27 73 11 49 -82 -32 -79 -56 -5 -70 -39 -17 -95 36 -26 -35 -22 -74 82 80 -48 -6 72 -31 -17 1 -91 12 25 -78 -53 90 76 67 40 99 -67 40 36 -6 -75 -48 56 -86 38 4 -10 31 43 -17 -63 1 40 -82 -51 -9 -38 -31 10 48 -73 -58 84 91 -32 22 13 39 43 -67 -19 -43 -27 97 -4 -8 21 -47 73 -14 95 -11 -47 -56 14 9 -6 91 -46 -36 99 -77 52 -71 -20 -37 18 -75 -70 -98 -82 -65 -15 -18 69 19 -4 -64 63 84 -79 -20 -15 89 62 -54 -10 14 4 -79 35 -7 55 93 -3 9 92 -40 -41 12 55 -2 -10 49 5 91 -96 -56 68 -57 -61 -19 -46 -93 -6 -58 -74 59 -85 -7 -35 12 -90 -92 88 -35 -88 86 76 85 -46 31 -88 -80 -79 -7 62 58 -7 80 21 -42 -18 -64 -73 9 31 -83 -1 -53 98 -84 -69 42 45 -61 69 87 49 -89 51 19 -6 -27 -43 -65 66 58 -27 -67 -44 17 -76 70 25 87 -11 71 -30 29 2 85 79 67 14 35 4 32 -64 -44 87 -55 61 -13 -35 78 -27 59 81 53 17 -23 35 -11 -24 -20 -72 21 -50 30 -87 -60 -17 29 -41 -88 61 25 -20 -24 -51 -53 2 95 16 95 51 31 6 -10 -17 -35 -66 -65 -29 6 -93 71 -20 35 -48 27 54 24 -14 80 -67 23 42 -3 -74 -60 35 45 -70 -17 89 -4 64 -39 30 31 79 -42 -3 26 -68 -5 -94 70 34 6 -4 89 23 36 -15 83 95 -42 -72 75 93 -62 -81 53 39 75 -20 -47 45 45 -47 -95 47 -91 4 18 -81 60 94 -18 -95 -11 82 52 74 -93 14 -99 -97 -18 -52 68 30 -34 50 48 -9 17 -80 -24 -68 -94 72 74 -12 76 -48 91 24 85 -12 92 -31 20 71 -35 -38 15 39 69 -30 -57 -4 61 -23 -5 76 57 11 -34 -67 21 -44 -56 -48 20 -31 29 -35 38 -29 0 -34 -33 -99 -86 -45 -42 -70 52 -45 72 -53 65 95 86 72 46 -93 -84 20 60 40 -78 46 6 17 31 18 -17 30 -72 47 44 67 -85 -66 62 -81 -96 -9 -45 51 -57 -27 23 64 -12 16 -17 -19 9 -97 82 -4 -7 28 -14 23 -55 -75 64 64 -20 33 41 64 -73 1 -27 77 90 -83 -95 78 -78 90 65 50 -44 -60 -84 66 -68 -97 
60 11 28 -44 21 -81 76 -90 -84 -86 89 -59 -10 -11 3 62 -70 -58 17 -91 -2 54 -70 97 -44 -69 59 -66 -66 -71 24 -37 -63 -38 -34 -89 98 -81 21 22 22 -48 32 -56 5 -65 -40 -26 -69 -45 61 -4 41 -12 36 -40 -97 -22 -20 -79 41 -75 43 -11 98 -13 24 6 -20 96 -14 7 49 17 63 -89 -24 -71 -43 21 19 17 17 -91 -45 20 -78 68 28 62 12 -83 -48 12 87 45 45 20 35 -18 -58 57 56 -95 -26 76 48 74 41 56 -99 -14 19 -38 18 -66 -96 -48 11 47 -99 -88 62 -30 26 75 2 96 56 -8 40 10 40 69 -1 -81 87 -42 -65 94 52 0 -23 -55 63 18 16 -10 -98 -17 76 -53 -1 55 50 88 5 -6 46 65 -11 28 29 -43 43 -73 -75 -52 -73 85 -51 62 36 38 49 -62 68 7 -94 91 -62 -26 35 -20 -18 16 40 -23 73 -87 90 -25 -53 -83 4 -17 96 90 -42 -13 71 82 -6 -36 4 -87 61 -32 58 -50 -6 15 -83 47 -47 56 87 -89 -88 -30 61 35 19 -59 13 43 -23 14 62 12 35 61 18 29 -12 14 -58 26 -96 -68 -91 61 1 33 -80 57 -97 -18 2 -78 -47 -37 -84 31 -74 -90 -15 -81 -89 -63 43 12 -95 22 -26 7 59 -77 17 -22 77 24 70 -45 -5 -85 75 -83 -93 57 -15 93 0 -51 -42 30 -80 -77 35 -79 42 66 -74 -65 -4 86 -11 -43 -47 32 -24 31 98 67 -27 -32 -14 55 91 -63 1 79 -50 -4 -98 -51 89 25 -10 -81 -15 -45 23 -49 -93 88 80 98 -35 15 20 -22 76 -25 91 -85 94 -28 65 -50 55 91 98 -58 -85 -66 51 14 -73 6 -65 -5 34 54 -81 29 94 44 80 -66 -22 47 96 24 -43 -3 -67 46 91 31 4 54 98 17 58 -34 82 70 57 90 -4 90 33 83 28 -85 -62 38 -87 37 -8 92 86 -81 -38 -67 34 14 37 -93 -69 -58 50 -80 -67 10 -48 36 31 -34 -61 87 -61 -74 44 -57 58 -36 -31 13 -39 -37 30 43 -8 19 74 27 -96 -64 39 35 -39 93 1 60 -83 99 -69 66 -77 -90 -74 -57 -29 87 -61 -42 62 89 48 81 21 46 16 79 -23 69 -28 60 -58 6 47 67 -24 -61 62 86 -81 -26 -41 -1 92 -79 -3 -43 27 15 -34 81 -44 -91 22 0 -80 -90 -78 -7 -31 -80 5 79 35 -7 -82 1 13 60 56 37 
-11 -13 -56 6 -8 -54 75 -7 16 -55 56 25 -32 -98 -48 -43 61 35 -6 -63 9 15 72 30 -82 -5 54 -2 93 -97 -52 -19 -44 20 10 88 -15 63 97 -57 29 -29 16 -69 -94 12 -25 -97 96 -97 94 91 49 -69 -54 -47 -97 -23 69 -21 -54 -27 -19 80 93 83 23 11 14 -55 11 -70 66 -78 2 -32 -41 43 -23 81 -75 -12 98 71 -44 -95 14 -18 -52 94 57 99 15 41 83 -3 -78 -16 -69 99 0 -6 -88 -30 -22 18 -22 -61 91 -3 -12 -99 -47 30 24 48 -95 -31 -53 -48 -76 -32 -74 -62 56 5 -10 21 -61 -9 -41 -25 -22 72 37 -91 -9 -52 -74 -61 -16 70 -81 65 -28 93 -94 -40 56 -48 87 -12 81 80 -9 -95 72 93 -83 68 25 36 -55 88 -40 -24 42 89 44 54 35 -41 -40 55 24 40 81 -23 -80 -29 76 -52 63 48 -15 -90 -13 41 -90 63 26 21 -96 -20 75 -78 72 93 57 83 -10 83 44 21 -76 7 -27 56 95 -63 -77 -55 82 41 -21 51 -92 -69 -12 82 -5 2 -40 55 -55 78 -54 -83 87 -57 27 25 -71 38 35 -92 -42 -90 46 -30 75 96 -13 -30 -98 -82 17 80 38 13 85 -7 2 -11 36 -88 -36 -81 98 11 87 -27 -92 -56 1 56 -27 98 -74 -57 -64 68 -75 37 -73 -31 7 54 -91 -21 -57 89 -85 -33 48 -96 -75 90 23 82 89 41 -63 -40 3 98 65 66 30 -97 -66 -49 -52 -65 -71 7 -97 21 -80 -74 -6 -46 34 -44 -77 -40 32 -45 -33 -11 29 -55 86 4 78 9 -40 -22 23 -4 62 56 -63 -97 1 47 17 -85 22 40 -63 4 30 -25 -95 70 -29 24 30 9 -77 -99 3 14 1 57 -66 24 40 32 24 31 68 59 68 35 -40 -85 -33 -69 73 99 71 -44 -17 -27 -74 17 64 41 97 1 -38 82 10 -7 29 56 36 -97 -16 6 -72 -39 -71 44 -27 42 -33 7 1 22 -13 -97 45 -91 -35 43 46 -19 22 -11 -62 57 66 -48 95 -21 40 -46 98 70 11 -55 40 -37 68 98 75 -47 45 24 -80 -48 41 -85 -38 -78 -98 42 -70 -59 9 -59 -37 -98 -33 89 17 67 -14 63 81 -49 85 51 47 14 -11 -53 47 -79 -39 -40 -96 78 -72 98 36 -18 65 56 19 -64 2 63 -32 -12 -64 39 44 -54 95 59 -12 -38 -82 -40 81 87 -57 3 -62 -38 96 -26 -88 89 15 43 
-69 6 72 1 67 70 -75 -44 -8 97 61 -26 26 36 -52 49 71 -81 99 -65 52 18 -74 47 -25 92 -22 53 16 3 -47 35 17 -27 20 86 -58 -88 44 -86 -14 9 42 93 59 -49 -72 98 -41 -36 32 66 50 34 11 22 -33 -14 78 -53 69 31 -65 58 50 -9 16 87 22 19 -90 56 16 -38 -76 96 82 36 -27 -27 -72 -28 -70 77 77 97 88 98 -97 -84 14 -99 -32 50 -97 57 93 -36 -17 -62 -67 84 -52 73 -10 -73 -35 43 83 97 -38 -68 32 -56 -44 -15 48 -37 -11 8 79 15 19 54 -79 -70 -57 5 -7 -75 -13 5 12 -4 -2 76 65 2 -33 23 28 4 52 62 40 76 -50 35 56 49 -39 -18 -21 -52 -67 47 51 -62 21 -94 -28 -30 -26 -51 -24 35 46 77 -90 -51 81 20 60 21 85 82 98 97 29 36 -90 -31 60 78 -76 -92 -53 78 -7 4 -19 -74 32 -10 37 60 -11 80 89 -18 -29 57 70 -17 40 -57 -21 7 -1 64 -73 95 -7 66 -41 -83 17 13 61 -91 27 -14 80 58 24 7 80 57 58 6 72 -7 -56 -52 -93 -46 1 91 -72 -55 -20 26 -13 11 4 13 5 16 77 50 -42 63 78 73 55 -6 -26 -98 22 -43 -93 82 17 -58 -34 36 44 72 -38 -79 75 34 -74 33 -99 -52 -45 11 -35 -12 99 66 -70 29 54 49 56 -79 -44 89 57 3 97 -23 26 87 -43 -67 84 39 48 -55 -23 -89 33 -5 -32 -37 -34 57 10 -60 -9 37 81 -11 -29 -42 -90 54 90 -90 -72 -65 48 15 79 55 78 -21 37 -12 -30 -57 0 -95 76 -51 -27 78 76 78 -70 -56 -94 0 -68 23 27 -23 56 -28 -58 99 -77 -77 -53 56 -93 -37 11 42 -6 75 12 -48 -7 40 79 -66 -91 -54 31 61 56 33 -89 -76 -54 -29 -68 77 83 81 54 60 9 -36 99 20 -22 24 9 -9 58 26 -91 75 79 -26 -25 -88 -18 -23 93 -6 69 -63 51 -30 -67 -96 -94 25 -10 -47 18 -13 -33 -45 -11 -42 -86 18 -93 17 13 -9 36 13 -67 57 76 -90 79 -50 35 -12 -72 -53 84 -33 -86 -13 18 -16 -14 -15 4 -62 -13 83 12 -88 77 16 52 -19 55 17 21 57 -30 70 75 84 -35 65 9 21 1 50 -50 -65 -75 -49 -83 -21 31 -61 93 33 75 -95 -56 58 -85 -78 39 -67 56 49 -68 33 22 -44 -88 -12 18 27 
79 -2 6 65 28 24 79 -48 -40 -36 -41 73 -52 56 48 -67 5 33 13 -68 -92 55 -94 -8 -49 91 -2 -47 35 -33 93 -35 23 87 -60 -97 -51 -18 -28 -89 87 90 -46 74 -59 -80 2 44 62 2 -91 73 75 -74 -32 -87 -26 -86 -48 -72 76 99 61 -96 -69 -14 9 38 53 18 74 45 83 38 -57 57 90 -69 -87 -53 95 -72 -50 -62 -60 53 -45 -88 8 45 19 45 -89 -75 -63 97 5 -80 -30 44 -70 71 -62 64 -88 14 0 -33 -70 62 -98 -23 -3 -32 95 10 11 7 -73 -20 40 92 79 -34 -8 -89 79 30 93 -88 -80 -81 76 74 -8 -87 47 -43 -54 44 37 12 -32 -99 -28 75 -14 -64 44 84 83 -58 -30 -76 26 43 22 -76 65 83 -44 -20 39 25 -26 92 -52 25 -52 1 -55 92 -97 -57 -73 44 67 66 8 -71 43 -84 -89 -20 7 -62 -35 61 81 87 -55 -68 1 -62 54 22 78 -17 -5 -65 -20 -58 -90 -56 61 -53 2 30 -84 85 25 -40 55 -12 36 -23 -54 62 -55 -30 28 61 -83 -54 -54 -4 33 -3 94 68 67 -62 90 -28 96 -73 30 -89 32 -19 -10 8 -20 98 39 -76 -98 -91 -47 86 96 75 -33 28 59 -6 -44 25 -5 -1 -28 -67 -86 25 73 78 -25 -67 36 -82 -65 -90 -53 -96 96 -89 -65 -63 25 48 -21 -70 32 52 50 37 62 -94 42 95 -98 43 -93 23 -42 17 -33 -21 -38 79 -47 46 -95 -73 -49 -28 10 -12 -73 -93 9 -37 85 40 -97 65 72 63 94 -60 60 3 59 36 -60 48 -26 -36 -11 53 17 51 -33 -93 20 -25 -50 7 35 -44 -86 -28 -70 -81 -86 62 78 -18 77 15 -61 -16 -20 73 -9 -18 24 -20 80 9 69 75 -17 -40 43 -32 99 20 -64 2 32 -70 -28 -62 79 74 -50 37 6 -41 85 60 -78 23 -51 29 -37 47 28 -13 7 -4 52 18 -22 10 -7 -37 -88 -68 77 75 74 -5 -43 67 28 85 -73 -68 -56 -81 32 30 -83 -63 27 -10 -12 29 -4 31 98 -5 27 -85 2 42 72 87 -97 66 62 -57 -87 59 -28 90 -42 37 22 -87 -36 12 97 -49 76 -99 -10 1 -43 -47 -47 71 -24 -29 -74 60 -68 -14 53 -66 64 84 16 -82 -87 -4 96 63 -1 -89 -71 -61 -48 -45 39 45 98 -82 54 -26 40 71 35 64 7 52 -3 81 -7 -63 -50 89 1 -63 -85 -27 51 -91 
-9 -95 91 49 -86 -98 3 -46 -70 -68 96 92 19 79 88 2 27 93 40 -1 -66 -67 20 -47 88 -63 -2 -61 47 12 -83 61 28 65 -11 25 28 19 93 49 85 92 -9 83 61 20 -35 -8 89 -94 68 63 -59 31 -3 53 -22 55 -50 35 14 -64 -86 -53 -40 -11 -75 40 -33 -25 -53 -91 4 70 -14 -13 -62 91 10 47 -35 -90 97 -71 -62 -78 51 20 -96 19 -33 0 59 -95 -79 23 -81 -83 9 -74 70 45 -38 28 94 -62 -37 55 50 -12 -21 6 40 -23 78 -26 86 13 -11 65 -3 -67 -97 -98 10 75 33 41 11 -50 -31 74 -8 36 20 2 78 -36 16 -27 -85 -68 -30 -63 15 -24 -24 6 64 44 -34 97 -29 29 24 -94 69 4 90 -17 62 -78 -60 42 -35 17 14 -82 -10 14 -15 53 -42 74 30 1 -31 -97 -34 -70 -8 83 78 51 -19 5 -54 6 -44 -28 11 -7 7 -7 4 13 66 53 -85 -40 -92 -54 -11 39 -15 28 -49 -76 -42 -50 -29 78 -27 -10 -94 27 96 83 -42 27 30 57 -75 42 -41 -78 58 70 21 71 -92 -57 -41 -48 28 -99 -83 72 -63 -74 88 -27 -7 -54 20 -40 -95 19 -32 -46 -33 22 35 -65 44 -66 79 -6 10 54 65 -4 -78 41 -18 81 44 -93 -15 9 -62 57 -91 22 -88 -76 58 -22 11 -82 21 -36 22 71 25 74 57 33 -93 -42 -88 -93 -50 78 -32 -4 -74 50 -71 18 64 -90 -84 -2 81 -54 -45 34 -72 -38 43 -89 -69 60 -80 19 34 76 -65 67 27 91 31 -72 -65 -32 66 -94 55 -98 51 -37 -53 36 -22 -10 47 -16 27 -10 46 -41 92 -53 -50 -82 -63 73 8 1 -77 -74 -64 3 -88 -84 -72 40 53 36 -53 8 -74 27 67 -84 -19 36 27 -89 -85 74 11 -56 2 3 -90 74 92 -63 -61 -27 -51 -73 -22 27 -21 30 16 5 -93 13 19 6 13 -3 42 3 -77 -29 21 -42 13 -8 -2 -46 -43 -45 -45 -4 -45 -59 -4 -20 -48 19 77 97 -63 60 -68 28 21 23 -57 58 54 -49 -70 -51 17 -77 -58 24 -66 14 -37 -43 23 37 76 11 38 -20 -2 70 84 -87 66 -58 33 -42 54 9 0 -47 95 59 68 -2 37 69 -45 50 78 -66 -35 -93 -93 -18 79 51 43 45 66 -22 -58 90 45 -53 -39 15 -67 -30 72 43 -4 49 -95 98 87 76 -16 -60 41 76 38 -23 -59 66 
75 -78 -52 24 3 19 -23 19 -66 -54 10 91 21 40 -26 -26 -75 85 -95 -79 -92 -72 -46 86 -98 -67 57 -51 -66 -96 -22 -17 -35 -70 -1 13 85 48 55 88 -4 9 -96 -55 20 -3 -88 8 -74 88 -96 73 88 -39 59 91 -99 -51 1 -86 64 -6 -67 -23 -89 23 -50 -96 -3 -20 -2 61 -70 -89 -75 -67 -91 -2 45 8 38 -65 -21 42 76 -58 6 50 -62 85 -53 -20 -98 -76 80 66 99 82 -6 80 89 54 -21 -21 45 80 90 -87 -49 16 20 -61 69 -98 -65 -78 -51 -56 76 -48 81 -30 -84 -80 34 97 38 27 94 -18 4 87 96 -91 52 43 36 76 94 36 -76 21 26 -8 -61 60 -84 40 -41 35 -36 78 -20 24 72 -2 95 50 36 -63 38 -72 -63 98 -6 -22 -45 -46 -93 51 42 84 50 45 68 -75 13 16 80 -47 75 80 41 -54 60 -2 -2 -89 -36 -88 -15 30 53 51 20 -83 74 89 30 -96 41 -46 -14 -64 -1 50 -38 -13 -96 32 -63 -23 -88 72 30 -40 -70 40 84 51 96 8 -60 40 41 17 -31 41 6 1 38 50 67 -69 -76 -38 18 -7 -63 -71 -66 -96 -67 59 -74 -65 59 27 -93 -39 1 38 66 -73 36 -69 81 16 -28 -66 37 2 83 -20 61 -12 66 32 -66 92 99 -9 -59 86 2 42 89 -14 8 82 22 98 -34 -75 20 -13 21 92 -32 -95 99 85 63 -92 83 41 76 -70 35 44 -49 33 -28 47 7 34 84 -66 21 7 32 -47 22 53 73 -79 22 -99 53 11 6 64 33 -51 -42 62 -33 12 15 -44 -66 -7 -11 89 -49 -1 -71 -7 69 32 -83 -26 36 99 26 24 33 2 46 -23 -93 71 12 75 -64 -60 39 -56 76 32 -45 60 9 -33 79 71 -17 -22 -54 75 -76 -65 -49 -72 -1 -56 74 3 -35 -27 -20 -77 -99 -50 -14 -20 46 36 -59 -46 -98 4 87 36 -78 -47 31 -20 -40 10 -56 -13 29 68 14 36 50 -64 -22 46 -64 -65 89 36 -38 -43 34 -50 -47 -20 -60 -41 73 -7 52 -65 11 31 34 15 -81 83 -76 -35 -89 -45 -94 63 -70 20 -1 70 91 15 -46 -50 -96 27 -18 84 53 72 93 23 -93 94 65 7 31 44 57 37 -93 85 -69 -28 -92 13 5 -31 -77 42 -89 58 56 40 63 -45 -52 62 94 -53 -40 48 -95 3 -8 -37 -77 29 77 -64 -85 38 -11 -72 -80 -29 36 21 
72 -22 -5 72 -1 51 69 63 23 72 60 -9 -46 -37 -39 0 -78 20 69 -46 -67 -88 -73 4 -68 -63 -29 88 30 -83 -71 56 -21 40 -10 77 -5 90 -87 -31 -50 -78 91 36 52 -47 95 53 -61 -76 -45 -19 50 22 37 -83 -51 -18 -59 -60 44 -36 -40 -42 -91 39 32 -13 9 -59 -84 68 -61 -84 99 -14 63 -65 -55 -38 63 -40 11 -78 -59 61 -57 31 -15 17 -3 83 -12 -7 -82 -73 92 -84 -10 -39 -69 -32 86 -95 63 -4 -42 56 -98 -79 -96 -27 -84 -96 15 -50 -14 -75 -7 73 37 18 -14 -49 5 13 -63 59 5 10 10 -80 96 -69 -21 48 -21 -98 82 26 1 54 46 99 93 58 20 69 10 -97 13 -73 -50 20 -36 67 80 -33 -35 80 34 57 -9 82 87 -13 -38 -34 -82 33 40 -97 -96 70 -9 47 -26 -76 27 -23 -50 -52 -89 40 77 -11 69 56 -85 55 94 81 -52 57 -30 26 -3 18 -55 20 26 -13 -60 57 -70 -28 -28 22 -84 62 -18 68 -76 77 68 90 88 86 -16 -98 -15 11 30 -87 -40 67 -1 28 33 -93 -13 -64 -39 90 36 -43 -17 21 99 53 -12 33 43 99 -41 36 88 -15 31 1 4 19 16 93 89 -80 -5 -55 11 -6 46 -4 93 1 -40 -3 -68 -38 76 76 98 5 -28 -11 -16 56 -66 98 44 -8 -67 -46 37 51 -23 -40 69 -53 -41 9 -49 -78 3 91 14 -1 -26 92 -27 -3 -65 -8 38 -33 28 81 53 88 99 -64 93 -57 65 27 -63 70 18 -71 -20 -2 -64 40 -26 -89 46 -73 -90 9 -69 -45 -12 84 65 19 66 -7 32 54 48 40 -41 -55 5 97 80 32 -32 -88 67 50 -91 43 -12 -52 -17 -50 99 -33 -42 6 4 94 14 4 -47 -63 13 96 35 -17 -24 50 -10 -78 27 -54 -57 -91 -56 -94 33 33 91 10 91 -26 94 -68 64 -62 10 -5 82 17 37 -95 58 52 51 -8 -63 -61 -74 89 51 -75 -48 -59 -70 60 -45 -53 -67 -82 39 -73 -64 -49 34 -30 24 -38 67 7 -34 22 -12 25 28 -60 -33 19 -51 -13 -67 22 48 7 -79 -37 95 -48 39 89 35 74 81 -85 -80 44 76 -55 36 22 76 -92 32 8 -57 -30 82 31 92 13 59 -9 -26 -57 63 84 -49 56 10 -21 -89 20 -15 -67 86 -9 25 81 40 33 78 35 60 -12 40 -67 -77 -28 24 23 -26 42 -27 9 43 -91 
26 3 7 28 21 -68 -32 51 70 -11 74 3 -57 18 -43 -26 -35 43 59 -99 59 -49 31 -39 98 73 -33 66 38 94 78 72 -21 68 67 -21 -79 -5 15 -72 97 64 74 -38 78 6 6 -2 30 19 -13 -69 74 -52 -84 26 65 -62 42 -57 49 30 95 15 -57 -14 53 -25 16 86 -58 20 -85 -20 -71 -97 82 59 -25 38 -82 -71 -26 57 47 3 -33 88 -69 98 -18 91 -21 -4 58 83 -16 -79 -31 42 -74 -17 -20 -1 16 81 27 30 -80 57 1 52 -84 4 29 -45 50 -8 60 33 -54 -95 47 95 -85 99 -57 -85 16 35 93 -29 -21 -75 -92 94 77 49 -30 39 62 2 99 93 29 5 38 -72 7 54 13 -31 -59 -39 -21 33 -11 45 70 46 -3 20 -78 -87 87 -51 49 -34 84 22 37 -10 -31 -35 -37 48 -29 -46 -96 -24 -51 -10 -79 -27 -74 8 63 -56 -88 -66 -27 -23 64 95 26 -17 7 20 -57 -30 -63 -64 -12 -96 -61 9 34 28 -31 -65 68 -70 88 -71 28 -52 -44 -21 -1 32 -27 -8 0 -33 2 77 59 -8 6 33 70 -43 45 54 61 33 -16 63 96 43 29 94 -7 -87 83 -3 58 -41 -67 -64 97 64 43 45 -26 -26 -93 -89 17 46 -67 12 -72 9 68 -27 42 -76 -34 -19 83 64 71 -22 -53 -53 38 -82 -55 -30 -64 -61 17 99 37 -17 67 -82 -14 -64 -20 15 -55 44 88 35 41 -52 -74 85 -78 83 71 24 -6 56 -52 82 -97 5 -31 -28 26 40 93 96 -83 19 -2 -55 -38 24 -98 61 -15 9 74 -91 -84 31 -11 56 1 -51 -48 22 72 -70 90 -3 72 -91 89 -82 -25 92 8 42 -45 -98 -39 -32 67 41 18 -19 35 53 82 -69 18 -61 -12 72 -64 90 -41 -85 -35 -3 84 -65 -79 -62 80 -75 -67 8 57 19 -61 -30 99 -72 -19 -84 43 62 62 -16 -73 -34 -76 -19 -44 62 -32 79 -57 57 -27 -15 49 98 2 -71 -73 -63 -35 -38 80 -62 98 95 34 -75 -38 -94 -27 25 8 69 31 -92 -82 -69 -61 53 -82 84 95 -32 -21 -52 52 -11 -82 -16 89 -70 -86 -9 64 -60 -20 78 66 92 49 -70 -56 16 -5 -23 -34 11 -66 23 64 -99 -13 68 92 -74 -90 -62 38 1 -88 -1 -18 -27 -66 -3 -59 61 -93 -85 -25 58 -75 -28 -23 80 -74 33 -87 -38 17 -41 -62 -45 -45 61 19 39 4 67 34 -39 
-58 68 26 -99 93 76 -11 -32 -19 61 19 -53 51 -57 -97 91 81 94 2 73 57 29 42 62 -18 -49 -27 -86 15 49 75 -11 -54 -54 -12 41 -26 53 98 21 85 40 -64 42 72 18 97 16 -10 82 -26 -43 59 -7 -59 -32 5 89 0 -16 75 -14 -52 35 -92 47 -17 85 -65 -49 -93 12 15 33 77 -7 -59 33 -47 53 20 45 -18 -83 72 2 -55 -92 9 -42 21 -89 27 -20 -89 -54 55 56 4 -46 -85 -17 61 -38 -57 -46 -61 78 -76 -44 1 98 -6 27 -73 22 -77 -63 41 -47 89 -33 -92 -77 28 -71 -92 -4 -70 46 -75 62 -37 -35 25 50 87 43 -37 5 68 14 -74 -61 41 2 52 -95 86 9 -35 -3 -10 54 -59 72 79 -74 25 -43 -81 23 93 57 -20 37 5 90 -84 6 70 -26 -69 -36 -45 61 -61 6 82 22 16 -41 -4 34 -35 90 15 44 31 59 -35 94 -78 -79 12 78 39 7 19 55 -62 73 61 -47 -15 92 57 47 -24 5 -44 -67 -55 55 94 86 -85 72 -97 19 -91 80 -96 38 17 69 -80 -35 -2 -62 -98 83 44 9 17 -66 -54 84 22 39 -46 -40 -46 -47 17 96 -35 6 53 -72 -10 5 -14 -62 -32 48 64 -4 8 48 -43 -38 31 71 -95 39 95 8 -23 17 46 -55 -79 -39 40 31 90 9 -10 4 -27 -89 10 -93 48 39 28 9 33 86 10 -43 -71 69 -5 16 34 -85 1 29 -47 97 -61 -33 -96 28 -12 10 1 -82 37 59 -88 9 -95 58 60 58 -98 40 73 59 74 82 -91 50 -67 8 61 -78 -82 77 -4 64 57 -65 -25 -22 -82 29 99 73 45 -91 -46 2 -33 -44 -34 -5 16 -47 46 -38 27 -20 65 19 -73 -34 -74 70 -26 64 -62 -85 -96 -89 -81 20 -38 -76 -86 -74 -28 -13 -38 67 97 -8 -44 49 -53 -78 -71 37 -92 96 21 90 2 38 80 37 -18 63 59 44 -74 -83 -98 29 -1 91 84 -15 -84 91 -21 -88 77 -12 66 -55 17 19 -61 55 -33 -86 36 39 2 7 24 25 26 -88 86 44 -17 -61 -68 7 54 92 96 91 -73 48 27 34 -97 62 43 -61 23 11 -56 52 -64 -63 -45 37 -21 74 34 -32 -58 6 55 -30 17 57 65 -45 31 48 -47 13 61 -86 -93 -63 46 93 82 15 -21 93 -76 -10 -42 38 -1 50 -1 -51 -32 -6 -24 -24 -83 67 -89 -16 5 64 45 -22 
-38 -17 -74 -30 -4 43 60 -9 23 21 -89 91 -97 -38 -78 -17 -95 -25 5 -41 -71 -39 -80 76 -67 -82 30 -74 31 61 26 -71 -51 -39 -61 -67 56 -89 -23 92 -49 0 -13 59 82 -77 -71 33 -83 -96 -44 66 -2 -9 -89 -5 13 26 19 -17 70 65 -20 -89 50 37 -70 -57 25 -42 -94 98 -3 -76 -72 80 49 23 -39 81 62 -10 22 -69 -95 -65 -33 -86 44 -34 -1 -46 30 -75 -71 -38 -17 96 73 41 -47 -68 38 72 6 27 58 67 96 -57 -58 -87 13 -81 51 -95 87 35 52 -91 27 -99 41 67 -73 -51 -95 -47 -92 23 27 -40 4 -89 -23 40 66 74 -12 -38 -33 91 14 -54 22 -97 37 -31 99 68 73 21 74 -8 -42 44 -41 -18 -47 46 32 92 -9 -2 -80 -33 69 56 -84 25 -60 -64 -86 75 -72 89 -82 17 -77 69 73 71 19 53 78 -1 43 -27 -31 -9 63 -31 -56 44 -22 80 88 34 11 -62 -66 36 78 54 36 -40 -87 88 -90 65 -74 48 53 -56 24 -95 43 8 -62 98 -85 75 41 77 73 -51 81 -37 10 -88 -92 64 82 -77 -17 81 -53 77 12 -89 55 49 -52 39 63 50 -33 35 19 35 25 32 -3 -2 -31 22 -99 2 -60 -36 -33 60 -54 -20 34 -98 -21 8 -29 18 83 -44 54 -35 -36 11 -28 -54 8 68 35 25 39 -52 64 -86 -58 18 82 1 69 95 82 -66 -76 -79 -25 -20 -62 -78 -55 -95 60 -12 53 3 -35 89 -37 53 50 -75 33 -14 54 -85 74 42 1 -91 -10 69 -64 68 -4 53 51 -45 -64 32 7 6 19 -12 24 -69 -19 20 23 -34 -71 54 -56 18 1 54 -38 95 -31 0 -66 32 37 -77 80 87 58 64 19 44 -5 57 19 74 -78 -84 66 -63 73 65 -47 27 77 29 -46 61 -93 95 -70 18 -67 -1 71 -42 -46 -55 59 54 65 13 64 -17 8 -11 -53 -32 94 61 -39 56 16 -16 -85 23 -71 52 87 59 94 -93 72 41 61 -89 -39 -50 48 -87 -27 97 -73 70 33 -8 77 -48 -22 90 92 -68 -40 35 7 -47 16 64 -85 60 -33 -83 25 10 51 14 34 74 -41 -98 5 67 -65 -21 -69 4 56 53 85 -65 46 -58 46 95 -75 -85 88 76 -22 -42 -88 -79 25 29 -67 -7 4 -48 -26 19 -30 1 -42 43 71 86 77 47 4 -83 90 55 97 -81 3 47 1 -36 15 54 65 74 
-21 -38 -90 94 -29 -94 84 99 46 -58 -91 1 84 -61 -13 -29 15 -40 96 22 2 -38 -43 -86 -12 13 11 84 55 -83 -45 79 84 -24 -56 99 -64 58 -77 -70 1 -34 -27 15 -57 -84 -34 12 33 30 -33 -24 37 -36 60 -86 69 82 55 70 57 -45 -60 68 -23 82 -65 0 -67 27 30 -55 98 -57 -99 54 -63 -71 -27 86 73 11 57 10 -72 99 -74 67 32 -61 -85 -53 -86 -76 54 30 50 -67 31 -90 52 47 -71 8 -90 56 -85 -44 -19 -67 49 -33 50 -17 -40 -11 -82 -62 16 23 38 -4 49 -33 95 -26 82 -14 -53 -29 -69 -27 94 19 87 -52 54 17 46 56 -96 8 -82 -14 -70 23 75 -62 -36 -91 72 -79 96 -4 -2 14 -12 -81 16 -15 -48 -27 8 29 -96 -29 -79 21 62 -1 9 -13 47 32 -20 -90 -82 5 85 -88 68 38 -18 -2 -8 77 -21 67 88 98 66 39 62 42 -81 17 -26 60 -77 -88 -87 -94 -75 6 65 10 47 -71 71 -4 86 -5 79 17 -22 -11 92 41 -43 66 -61 -81 51 -78 -74 13 -71 98 -26 -26 -67 -64 91 -99 -1 71 -12 -52 -52 -67 91 -6 -82 99 91 61 -26 57 9 -49 -92 50 62 47 68 36 97 -21 -16 4 -43 60 -63 -29 70 14 -19 32 95 -92 -15 -26 57 -6 -36 35 42 -80 93 -74 -64 -68 86 18 -40 -54 -36 14 -86 34 -22 -45 16 -67 64 -12 94 -65 99 -95 -88 -49 12 -69 94 -17 90 -93 -80 0 -59 17 40 39 -37 -2 -88 73 62 -15 -44 -70 -51 71 94 -67 -5 -10 -8 -49 62 -69 73 -65 23 -20 -26 -51 42 -85 -44 43 66 48 7 -9 16 47 -22 -49 97 39 -14 -48 -54 36 46 -71 -51 -56 -32 -57 -77 -82 61 -89 96 60 -18 70 42 -45 -42 49 -33 95 30 -32 74 55 63 96 22 -37 78 43 33 26 -27 53 30 -94 8 -78 -54 98 6 -71 -80 -60 45 -7 -7 87 -15 83 -51 71 20 10 -25 -65 -80 22 -72 -27 -49 -52 85 -85 18 -31 -48 36 77 30 -55 73 15 97 -6 -52 10 88 -56 0 72 4 1 -89 -4 -41 -96 -31 10 36 -77 -21 -30 68 57 4 43 66 -24 -82 51 68 77 67 41 -75 -35 45 94 58 -45 76 -31 1 56 -85 -43 46 -9 61 -22 -90 -6 56 12 70 -16 -38 83 -66 40 34 -14 -95 47 69 82 46 93 -46 -98 -65 98 -5 
0 -74 -6 12 16 -96 -19 -48 -86 -55 -59 -92 70 -48 42 -53 -43 -48 -34 94 -16 -68 -30 98 -15 26 -15 23 76 11 -4 67 73 -42 -94 28 65 -45 27 -60 15 -97 -94 -1 -88 -30 93 82 60 -33 -85 38 -74 72 -25 67 40 93 -11 -31 46 -90 -56 97 -59 -59 -39 17 -93 -42 -34 85 65 75 -84 91 85 45 75 -11 -99 19 64 35 5 49 -64 55 -16 69 4 -1 -51 -18 -78 51 1 -86 78 -70 -9 62 46 16 -44 -48 4 -23 52 -39 4 -85 -33 -53 -60 16 -72 42 -60 98 -68 -25 -61 -47 33 -23 51 -73 -35 44 -14 11 14 14 57 -18 92 82 -44 8 -12 29 43 70 -75 -19 73 -58 -22 -36 86 -65 46 91 -20 31 -2 -29 -64 15 -78 96 92 3 -16 23 -58 -64 61 78 97 33 -90 -41 -98 31 22 83 83 2 88 -13 21 -73 66 27 -2 -68 -81 -97 -10 -94 6 97 19 77 21 94 49 -11 90 82 -31 -68 18 -80 -99 -3 82 13 -73 81 -32 81 -66 1 -18 -74 -62 -20 -84 -24 41 81 1 -63 -69 99 90 95 77 -51 58 -99 59 10 -45 -55 -93 2 -89 56 44 95 -27 79 96 47 23 54 27 64 91 -80 -69 -77 1 29 9 32 6 23 -63 -14 84 -3 -68 -61 79 -68 67 39 91 -38 87 55 -28 -57 -75 -17 69 -55 -30 -31 -9 -4 43 -96 11 59 -23 69 -41 69 82 -34 -61 37 98 82 -72 35 7 66 51 9 55 -67 12 -39 -86 23 -89 57 -50 42 -59 -74 -22 -2 -49 -33 39 30 52 -44 -17 -15 35 -54 83 37 80 12 31 3 69 71 24 62 54 87 37 -56 -82 -17 -35 -73 -20 -38 78 -62 -16 26 78 30 -30 2 52 34 -35 -89 -44 26 33 12 -77 63 63 85 -49 11 37 72 17 18 -28 -93 92 -40 56 -47 -31 21 55 -29 -8 84 39 52 -83 -66 -31 -86 0 -28 -73 -20 79 -42 2 -81 3 39 14 -75 -82 80 4 -56 83 -89 36 -58 -48 39 22 65 87 -34 37 83 -52 1 -70 70 41 19 12 -10 -92 95 97 -34 30 35 -54 -80 18 62 52 72 43 -24 -39 99 74 13 -13 -96 18 80 -83 67 0 -87 -87 -45 -78 81 -77 47 97 -22 -58 82 90 -81 46 -74 77 57 -61 -69 -49 -19 -14 64 -68 -72 -38 -60 52 -5 -57 -95 0 -88 -40 5 94 34 4 85 82 3 39 -75 59 -95 
36 10 -2 -14 -6 88 -3 -19 -22 -1 -69 -71 -56 91 1 37 -37 92 -39 67 93 -12 25 -21 43 32 -91 66 73 -59 -47 -31 -49 98 -38 -64 -69 -21 -78 61 49 -3 -43 60 -29 74 -43 -99 -65 -77 37 -53 -84 -66 57 -84 -54 79 35 -42 40 -91 71 -15 -62 50 -33 85 -26 -39 10 3 28 -51 -25 57 -3 -69 23 -29 -6 83 -70 -54 71 66 -50 72 59 81 -68 29 -84 4 -10 -11 -76 51 18 -86 -74 58 90 13 50 5 31 -42 84 98 -17 0 58 -73 86 20 -77 8 71 -94 -21 87 18 -4 -80 62 -34 -87 82 -51 4 57 35 -42 73 66 -31 -19 46 20 -53 14 -33 33 -43 65 -32 -40 73 42 71 -31 -56 -56 -11 70 -80 -16 -65 48 31 -12 90 53 -1 5 -52 28 11 86 24 -59 5 -27 -84 11 -36 -91 -87 -88 42 48 -55 -21 -92 91 20 -41 95 -3 -23 -13 -32 77 -11 65 22 14 -20 -3 -78 61 -86 -28 62 3 -16 39 66 -72 4 56 -7 -31 97 13 -63 -98 99 62 71 -8 -14 79 -63 52 90 19 -39 -77 51 32 87 41 -58 65 -33 60 3 -16 97 -9 9 -66 67 -58 18 -21 74 8 27 -51 -14 -10 3 42 91 11 66 5 44 67 -13 88 76 88 -52 0 12 -39 87 9 -64 94 -31 48 56 99 70 13 77 -28 17 10 -45 -61 79 85 -30 50 65 7 87 -86 25 83 -97 65 -81 53 -61 53 96 37 -92 31 6 -66 -7 40 33 82 15 84 27 5 -57 -81 -55 47 85 -9 49 -26 79 -79 -48 -35 90 -38 -13 -72 64 13 97 -41 -19 56 -77 -49 -42 -46 31 -87 70 34 96 51 -43 2 77 -69 -69 -13 60 80 57 13 -37 -91 78 27 27 92 88 -86 43 87 -25 -46 -2 24 11 -37 66 -4 4 36 74 98 52 -6 35 34 -21 -12 84 1 37 -90 0 53 18 -88 -67 -91 88 -45 -38 -28 -51 36 -72 -92 57 -82 -46 -81 23 -28 -43 58 -71 93 -83 -48 81 72 -13 36 13 -75 20 -33 -28 -75 71 -96 -14 69 28 -13 -54 14 -51 -81 48 -70 -77 -36 -19 47 88 69 65 28 -27 -94 70 45 -19 -16 -40 37 57 -20 -84 -29 91 31 84 -84 96 68 54 -74 47 -64 48 -90 13 -91 -92 -67 21 35 -12 -75 63 81 21 -22 91 4 -35 -48 -43 -16 71 -45 -13 10 -68 -51 34 -16 4 70 86 -2 
-35 -39 12 28 -49 96 -10 87 67 33 59 27 57 -65 87 85 92 -28 -86 35 -93 -27 -34 -81 55 87 53 63 -24 -53 10 -22 -43 -83 -81 -42 97 -66 -25 -79 53 5 -19 54 14 -21 -48 47 -78 -3 -69 18 0 -15 -20 -1 95 46 -23 64 -71 47 -93 -25 -44 8 -56 -36 52 35 34 -75 -57 85 59 35 -95 98 14 69 11 52 93 -20 -22 -52 -6 -9 -63 66 -87 -91 64 -75 77 49 10 -74 -23 74 -36 -78 -94 -80 -22 47 5 5 -10 80 -52 29 96 -37 -35 -4 -20 13 52 -7 -88 -78 41 -55 34 -1 -28 95 13 -42 -11 81 -39 -89 -59 87 -22 -4 8 95 42 -25 -92 -35 26 -54 55 -27 -78 -5 12 3 -4 -20 -41 87 -1 82 47 -36 -30 -78 96 3 15 -20 -32 -95 78 30 -65 0 -53 -41 58 12 30 85 -47 -23 35 37 75 45 -52 -62 -58 10 -31 -15 -24 72 -69 -37 26 89 79 -28 96 12 -9 -23 2 -24 -97 72 -20 3 48 57 -8 -27 -7 -54 -75 43 -97 -45 76 84 62 44 45 67 -73 -41 -15 18 -46 57 -20 79 8 62 36 -92 84 85 -5 -5 67 68 52 86 -13 57 53 12 -92 55 -5 44 46 -72 -50 88 -97 -22 -72 -37 82 68 22 70 0 -27 77 43 -18 30 -91 12 -14 54 92 6 48 -99 -98 66 58 -78 78 -16 -67 99 -65 -93 43 -44 -48 -71 22 -99 32 48 83 57 -89 60 -2 68 70 39 84 14 -47 -17 58 4 -76 15 -41 -31 51 30 -85 84 55 54 53 20 -97 -54 -91 -19 -94 -97 -43 -72 0 -67 45 -43 -91 -43 18 -59 84 -35 75 -43 48 29 63 -61 -82 -63 93 -60 -87 -39 79 98 -29 10 58 61 -55 -49 -41 -75 88 -5 -48 -84 64 8 25 -42 81 -7 -61 -56 22 42 69 -94 -39 21 -46 -20 -12 17 -87 43 92 13 31 92 -67 11 80 52 67 -55 -76 91 57 66 -12 -15 -44 74 -68 -53 -66 18 -12 -63 76 94 91 -13 40 -89 -6 -93 16 -60 -32 85 2 59 -47 43 -95 43 79 31 -46 98 -33 70 -71 -91 -82 9 20 -51 -58 -39 -94 65 80 70 -23 24 7 -66 37 72 55 -82 92 -97 -11 92 -18 46 -85 -58 33 -96 70 -9 -33 -39 -61 -31 62 -78 33 40 -96 5 -58 66 47 -31 81 -34 -69 -8 -9 -9 -39 -89 -19 57 25 73 -91 91 -80 -25 52 -12 52 -77 
-50 -3 56 -78 -55 -37 69 15 73 12 -84 -12 -5 43 -53 -31 -79 -27 -94 81 -99 -75 42 -61 -83 -52 -17 -99 -89 95 42 -83 86 56 -60 95 -64 -86 16 -44 -10 1 -6 16 -98 -68 21 -24 33 58 -26 43 -36 -55 -83 -47 39 37 72 -34 -42 13 76 93 -7 -92 -2 84 -87 -61 -32 53 -19 62 -30 -45 -62 -73 -37 77 -34 39 24 52 34 28 14 56 91 16 51 -48 -48 -33 -27 -98 97 -93 66 94 -39 82 -36 95 52 -50 11 -67 82 -13 -70 34 -66 -97 -71 -5 20 83 -89 83 67 6 -8 2 -38 -84 94 -52 4 -61 52 -42 80 -17 -81 32 -81 12 -34 -27 -38 -65 24 -28 -1 32 36 54 9 14 64 99 73 55 50 21 -30 75 18 7 28 -48 82 6 -86 -58 29 -25 75 -67 27 -69 -19 53 -36 -23 0 -60 -88 -27 -66 -82 10 64 59 -59 57 78 -60 -3 -70 -55 2 -44 -44 -3 18 56 -96 1 -1 52 -66 -45 -73 23 -58 31 90 -66 -70 57 -92 -42 27 -31 -42 -29 -73 72 77 -43 33 -8 67 90 -43 -14 60 -46 95 -53 -58 -90 -96 24 -39 50 32 -55 2 -82 78 45 -43 -41 11 -36 77 47 47 61 -31 95 7 -57 -54 -41 44 -10 91 -78 -93 -54 -63 -94 -98 -54 -40 74 -12 95 47 -8 91 -31 -47 7 1 98 -90 70 90 67 -19 -53 78 84 -61 -44 60 55 5 -88 -86 93 -70 -96 -96 -41 47 96 -91 -51 -18 53 -85 21 76 -15 -18 -18 54 66 -60 -55 -74 45 19 67 57 -56 56 57 -61 -61 43 -18 -20 29 32 -5 -11 -89 39 74 8 -75 41 25 -41 38 19 -11 93 60 -43 -29 -73 49 12 -25 29 -87 97 35 13 11 -34 99 -10 71 22 82 0 -22 -97 64 43 28 -25 35 -58 -93 -77 -12 -13 -62 -18 59 88 84 -78 45 92 -21 -71 -77 60 69 31 -38 -24 80 87 13 73 17 -30 -56 -19 -88 -33 -67 80 -5 48 75 -59 -18 3 -53 25 -65 90 88 63 -74 -94 82 22 47 -65 -84 -65 -30 -11 -59 -19 81 -78 -34 93 56 -53 27 6 -97 32 -19 -61 3 85 2 -67 48 -59 68 -60 61 -2 40 -42 7 52 -65 -93 -17 -36 48 -60 -52 -79 -53 36 3 -11 -5 0 -43 55 -75 -52 75 -92 23 -16 3 -26 -14 96 93 55 -49 -98 -55 37 -41 46 -43 -2 80 -51 -73 7 63 -94 87 -16 -64 
-12 17 -22 -38 -24 1 -38 -30 1 -94 -31 -3 23 -76 3 -2 66 -18 90 86 18 60 89 -53 49 -12 -33 58 -86 45 29 -82 6 1 6 -29 79 -19 84 31 -84 59 -15 -42 -80 -83 -17 -5 -17 35 -43 -19 70 55 47 -83 -70 98 -67 99 51 4 -28 98 5 -40 -42 -2 -39 7 -76 -41 -28 93 28 88 -35 -35 -53 -16 88 19 -6 67 26 -97 92 -44 59 89 -17 -79 19 89 72 72 47 -61 66 48 -32 5 -56 0 -71 -28 -17 -34 53 25 -74 -96 -62 44 42 65 23 89 -4 59 85 -15 -59 83 -97 -45 1 -78 -90 -89 40 24 92 27 -49 -35 -11 -84 -54 68 -13 49 32 -13 -8 15 15 60 44 34 -62 53 -33 74 -23 -22 93 -17 41 -37 10 -19 3 -76 41 -11 32 26 1 11 -41 34 87 -81 55 -35 -34 -33 43 -36 -81 -51 -90 58 -24 -94 73 89 -33 -46 89 74 20 -19 24 41 34 67 87 52 -72 7 12 65 -86 -90 -2 61 79 63 68 -82 54 -89 -16 -45 -37 92 24 3 74 -25 -78 96 47 6 -17 32 0 -28 29 -59 -24 47 38 -11 11 28 75 0 4 65 -89 -41 -96 -9 -19 -75 27 44 -95 62 -51 84 59 -36 54 -53 -91 -17 51 4 -20 18 65 3 -15 68 33 10 47 -3 52 59 70 -45 36 57 62 -92 43 99 -1 41 -31 -85 -98 43 43 -42 39 -59 -58 -71 -55 -94 29 -53 78 56 -53 54 22 32 -14 -2 60 -64 -6 -93 73 -60 0 -77 8 -57 89 -39 63 -72 -1 54 94 -83 -59 -24 73 -9 -54 9 -44 5 34 -48 -15 -20 12 30 71 -42 -29 -68 -65 21 -1 -20 43 66 49 -17 -98 -25 83 -19 -62 -50 95 -99 -6 85 72 -17 -63 61 -48 94 0 81 -18 -37 -25 -22 -64 -80 49 48 -13 60 -39 -59 27 -67 -11 37 38 80 -85 -23 34 -77 -52 -98 -20 -8 83 0 6 65 80 -66 -6 70 54 -89 -27 55 31 79 25 20 31 -77 53 95 -24 63 51 87 -21 -39 -39 58 -78 -23 16 23 6 96 15 -86 -19 -97 59 20 4 36 11 53 -95 -67 16 -25 -64 -1 68 15 58 -36 90 70 34 30 -72 -80 47 79 -24 -9 -74 -18 40 -51 -61 45 -99 8 -64 -69 24 20 -88 -7 -19 -27 -29 -81 56 34 -23 -54 -99 88 -6 -59 -99 45 71 -59 -32 -62 77 -79 58 -55 -66 51 -47 29 99 -4 
99 -70 -98 71 -86 55 -91 -8 -82 -43 22 -20 -58 67 54 12 88 -27 18 -78 -54 -28 -27 -60 90 2 95 37 -35 71 97 -66 38 16 -61 76 59 -74 70 95 -70 -17 -40 62 -84 61 -48 -76 -53 33 -75 10 40 -4 8 94 5 86 96 82 -2 -80 75 7 84 -24 -99 77 -93 85 53 63 -50 39 -96 23 -91 -82 40 -12 -88 -44 -27 -41 31 40 -15 68 47 -43 89 -36 -42 -45 57 -94 -4 33 76 -91 -10 30 4 -37 13 -13 -87 -15 -83 82 17 11 -70 -3 -41 -53 9 67 -10 -25 -90 -96 -28 -49 -69 19 15 86 -88 12 99 98 -44 -14 -55 21 -64 12 56 98 45 -69 -73 94 -71 -57 -43 52 -22 -35 -15 -41 65 -55 57 -54 -85 85 -2 -37 -54 -4 85 -62 30 -27 -19 96 44 31 87 15 -15 -34 -42 -97 -52 42 53 -20 -15 87 14 -11 -36 28 -1 12 85 -12 -64 -15 -71 -68 -40 14 85 9 26 -57 48 24 -99 78 3 -47 45 -70 -61 -59 -51 66 -6 -84 -68 -63 36 31 -64 41 -65 91 36 -42 -65 28 -71 76 41 -93 8 7 98 97 -61 61 9 -79 -61 33 -35 77 87 75 78 -74 72 30 -43 26 14 -47 64 -44 -14 -13 -50 -43 -57 -29 -8 -58 -64 -97 -72 -44 -10 -33 -35 -39 -69 -35 -63 23 60 65 24 60 -83 -71 -86 -52 63 -98 55 68 21 7 10 -81 -98 37 -51 51 -39 2 -20 99 -13 93 73 -40 -7 -96 11 9 -61 -7 -68 -79 -43 -78 -58 -4 -12 -69 68 48 -16 44 58 -23 -21 -85 -32 -31 51 -23 12 -42 78 35 -81 -67 -86 -70 -77 63 71 -22 77 -95 -35 -6 -12 28 -25 -83 44 43 68 -41 20 -8 32 1 82 -41 48 -9 95 -46 87 83 63 92 22 -52 -14 -56 87 -35 -11 6 -9 91 44 -97 91 31 -32 61 12 -27 -67 17 -4 60 -94 11 11 -26 75 44 53 -44 48 46 62 94 -40 -63 94 67 99 82 -99 58 81 3 78 -58 -63 43 30 68 -55 -95 17 14 99 -17 76 83 -17 42 92 69 -5 64 57 -66 53 -77 -54 22 93 52 34 31 -81 45 93 -56 -37 -10 85 -75 -12 35 56 -48 34 -77 -73 38 90 -36 1 1 5 13 -24 -8 47 -85 -26 63 98 97 15 -20 18 -62 -92 97 -32 -36 21 -83 -99 -18 85 56 61 9 -78 -13 50 -53 56 24 -43 20 -1 94 42 -14 -75 -9 
-45 -70 76 99 88 55 33 -43 55 26 -44 49 38 53 -44 72 45 -47 -30 -24 -38 -68 77 -25 -91 77 53 91 -19 -61 -44 -35 84 53 66 18 18 32 66 -27 -93 33 -42 -44 -66 -53 65 -92 -38 -75 -9 79 -31 -83 99 -82 98 37 80 64 52 -93 38 -28 -48 -28 43 -10 -58 -34 80 -41 -18 34 -29 32 32 28 90 -99 99 -42 -16 -67 -70 97 35 81 -56 16 30 -75 -41 17 -47 -34 68 -15 -54 99 40 -49 94 -43 54 78 -44 36 -42 -11 -80 82 -7 81 -41 2 -54 0 10 -11 40 -6 67 -56 -20 -74 -36 59 -7 -82 -74 -73 3 -58 73 -96 75 7 -51 89 -17 -15 54 48 -43 55 -58 49 99 10 -38 60 29 10 37 26 45 87 10 -70 61 62 79 -50 38 25 -6 -97 -21 -6 67 75 -44 -34 -56 24 -50 -34 -31 64 -80 -22 -25 10 65 34 -73 35 58 17 -19 -50 -11 -30 -17 4 -6 -52 -86 80 73 72 39 39 -94 -53 -87 -69 -21 -35 87 67 44 83 -55 49 -51 -99 74 -68 38 25 -26 -12 -61 -78 90 27 -98 -12 -31 -67 50 -59 -61 -10 40 68 -34 -17 26 -1 -41 42 28 -33 -86 18 -7 -96 92 -94 -17 -46 -31 -58 50 -4 70 -19 -96 -50 -92 45 -90 -40 56 99 -53 70 -76 -39 57 -59 -7 -68 4 0 69 -13 23 66 75 -26 -64 -29 88 3 -89 66 4 -9 -12 -96 90 -31 -98 -51 24 -34 -7 -47 82 71 80 63 73 43 81 16 14 -14 42 11 -4 54 -80 -24 5 62 86 1 -17 -52 -77 -86 90 -49 53 60 86 20 -77 -87 85 17 85 -98 -31 -84 -49 -90 -41 -55 -97 -47 -93 88 -65 -69 -66 38 -79 -68 -87 35 52 -27 29 -67 36 -89 -31 -14 -72 9 55 1 -26 -84 -13 -20 -52 -27 64 18 97 -96 -62 50 30 -75 -30 -56 74 -14 -90 65 -29 3 35 20 -95 -28 10 85 -21 31 60 -18 -42 33 54 30 56 93 33 60 -28 4 -33 74 -33 -88 -45 -43 47 87 -28 83 -82 59 -12 79 -43 -79 -41 -99 26 95 47 86 -34 -93 -94 -42 36 21 -17 85 -22 -9 17 -73 -51 -26 -57 82 57 88 -91 -40 -92 53 44 7 1 22 44 -21 -2 -83 -90 0 -31 -12 25 -50 -39 -99 -88 6 17 65 -76 66 28 55 -2 88 98 -30 75 -4 5 28 38 -70 95 7 42 28 -64 68 20 -92 50 -10 -27 21 
84 74 27 94 -98 19 68 -81 -29 -36 67 -26 12 43 -27 55 54 92 86 67 10 3 73 52 59 58 -37 85 9 87 56 17 -96 79 16 -80 23 45 -22 -1 -81 -99 -25 97 -48 -50 -20 -35 73 -53 -16 72 24 65 -63 -47 37 -15 -65 -23 87 -82 -71 12 32 -85 47 15 -46 -2 -10 58 61 67 90 -18 50 -11 92 -87 -68 22 3 -43 -67 -88 45 57 46 80 -52 -16 42 49 -77 42 -9 44 -33 8 -90 -8 -74 6 35 55 63 -20 -49 -5 -87 -83 -57 78 94 29 -24 -77 24 -75 -88 36 -43 8 5 -23 -85 -27 18 -8 98 86 19 72 82 48 52 58 24 70 80 59 -8 -44 65 6 -39 95 -94 8 -89 -57 -95 6 -5 -89 25 -6 -2 -34 -71 12 -83 6 -7 80 -30 21 -92 60 45 -68 -93 8 95 -90 -29 89 -90 55 -14 73 -45 61 74 -56 45 -18 -5 53 -60 79 50 21 -97 -53 -16 53 -21 56 40 -22 80 68 13 -8 -3 79 -90 77 -67 -94 -4 20 -46 -72 -18 -72 -34 10 -80 41 -9 -67 23 -2 -46 -78 59 89 -90 -21 -65 54 30 -50 -38 -40 87 69 -88 -87 31 71 24 78 -87 15 37 -33 97 -56 -81 -32 -55 -25 66 -15 -87 -98 -1 85 -89 -85 56 65 -61 -60 -41 -77 98 -25 -79 -66 -45 75 73 -57 -78 27 -40 0 -11 96 86 42 9 17 -88 -49 99 90 94 -2 76 14 -86 46 64 98 -8 86 46 55 -76 77 -70 66 57 33 -54 -33 -83 28 74 -59 -97 71 -62 -33 -61 -70 -84 -12 -50 -86 -86 -8 -69 95 -56 -86 94 -12 88 67 21 -58 -2 92 71 36 -34 61 -13 -85 -72 -17 18 -14 -38 28 36 17 -93 53 82 49 6 60 42 -90 -7 -93 -56 90 63 61 94 -81 -56 29 -78 32 -94 -30 -39 -15 6 86 71 -17 -7 32 73 -93 98 45 -12 16 18 -10 -37 -90 -91 87 -70 -77 24 50 1 -2 99 -86 60 29 36 -86 9 27 -23 -50 -57 -77 -44 -91 -32 -51 62 15 75 21 29 -16 51 49 63 37 23 74 -35 11 46 -33 -57 80 -15 -97 -93 -59 15 94 -13 94 22 -8 -14 80 78 -37 49 -22 -67 69 -73 73 48 11 45 92 -25 64 96 15 49 -63 -36 25 -92 -16 -52 0 -91 30 -68 -57 84 -93 -33 1 79 27 -78 -22 -73 25 80 -13 -60 8 -80 87 -89 74 41 97 -62 87 -69 75 
17 5 66 -68 62 12 -19 10 13 -19 -75 19 24 -52 88 24 2 18 4 12 20 -89 32 -45 72 15 -34 -12 -45 56 94 51 82 -40 51 73 -35 13 -79 -24 72 57 35 -85 11 -2 38 16 -48 40 24 -63 -97 -75 -59 -78 -52 61 -17 -20 -77 13 46 69 -16 -97 35 -9 16 -69 -51 -52 38 -94 -49 -41 -82 -89 3 21 14 9 -51 40 -24 -20 -51 -25 68 -21 -46 62 -26 54 -72 -57 -81 -48 30 16 -6 -2 -58 -70 66 -39 70 -9 -66 14 31 67 -61 42 -4 34 7 7 -28 1 79 2 17 52 -43 -58 25 -84 -76 22 62 -95 57 40 53 87 -42 -82 4 9 97 99 -87 -56 -79 -16 -3 -76 -55 61 7 47 4 91 54 63 95 -36 35 -8 86 22 -33 -20 76 77 -13 16 -41 -64 -21 40 -44 -45 55 3 4 -56 60 78 -17 -5 60 -76 -86 69 32 38 -3 72 -62 5 -63 -9 -70 -10 34 62 57 74 -35 36 95 76 37 95 -60 27 8 -44 45 -36 -41 -74 86 -64 -10 21 58 16 -23 16 54 18 53 96 78 48 92 74 -11 -17 -88 -31 -63 -62 -84 -31 -3 27 -66 -78 -48 6 93 -37 50 19 -4 -36 -78 -69 -67 5 55 57 57 37 -45 96 -7 56 54 -43 -81 14 -36 72 9 15 70 -22 27 -64 -4 -5 -17 -51 -68 4 71 -27 -44 79 -60 -22 -44 -23 -46 39 47 -93 -76 13 -59 -24 83 -86 -16 91 -82 6 79 -53 -87 22 69 82 -62 51 -79 17 -64 -77 42 -11 -80 69 48 -5 -77 56 -79 76 50 -55 -57 -86 14 -61 -48 -28 85 -93 -42 33 63 -67 80 51 -20 -30 -45 14 23 80 -60 80 39 12 -91 24 -9 41 -43 -96 -81 -84 -29 8 -32 -44 97 -20 -63 81 -79 -35 -7 20 -54 -90 -20 -1 -16 48 10 47 -46 72 -86 -67 54 -61 -34 75 11 -20 52 -82 82 59 -88 29 66 17 72 -47 -75 -35 1 -39 -1 -33 49 -37 36 -69 22 15 1 -88 66 19 84 -21 33 33 23 58 23 -59 11 94 -8 15 -83 -56 -56 -56 75 87 93 -37 -85 22 -50 -51 -47 41 94 42 80 -26 4 -74 10 -55 -43 -11 -59 57 46 -33 -29 -27 70 37 50 -16 -89 68 90 79 -73 31 -16 -91 87 36 -79 -82 -88 47 -68 64 10 97 -12 66 15 -57 -71 -78 52 -89 -12 -20 50 -55 17 -75 -21 -58 98 -81 65 -38 42 86 
-87 -95 -61 60 -65 -56 -21 84 80 -19 -79 67 -69 -42 27 -40 -52 81 -97 -99 17 -17 44 -84 70 36 -25 79 -9 -48 4 -88 58 95 86 68 4 -23 54 -35 -75 -53 55 -28 -61 29 24 -24 20 50 31 78 -31 -4 -93 67 82 23 8 -69 27 -74 -5 36 -66 -57 -12 -97 5 -80 74 -69 98 31 54 -38 -78 -55 53 -61 70 52 38 89 12 -46 -10 54 26 -30 -34 -62 -53 -62 23 9 -6 -19 13 83 6 76 29 39 -65 -3 -10 51 6 22 60 41 -57 -84 -64 3 -26 90 27 -87 26 5 27 -71 31 -32 39 73 75 4 78 96 52 75 -74 39 81 -60 -50 -51 98 42 3 -23 -5 2 11 -14 50 -98 95 -25 49 53 51 92 11 -69 9 -97 -8 -66 -20 -10 31 79 47 -20 95 81 -35 -73 84 -18 -15 66 98 65 -35 34 25 -54 -47 -63 -18 -98 -25 50 62 -2 -25 -2 -63 -41 -10 40 82 -22 24 68 -16 -92 11 84 96 79 -76 -73 -30 -11 45 -29 -76 45 -98 54 -52 -66 18 -17 -62 76 -73 92 83 60 64 -48 55 -9 32 12 63 98 -53 19 44 -96 15 2 -30 54 -87 51 -48 16 -75 81 -77 61 73 35 -28 -5 -65 78 -19 17 -98 -71 -24 -1 -72 -56 97 -67 -25 -44 18 17 67 37 41 -63 -27 -43 -41 5 17 0 -8 60 -14 -20 76 -15 -55 79 -35 68 -52 67 53 78 -23 94 27 -52 -23 17 19 -85 -32 1 -29 -25 -90 1 44 21 -15 -43 -45 -32 9 -47 -55 70 -15 -19 -59 -15 -75 93 7 -28 61 57 42 79 -87 20 -36 83 82 27 58 -97 -45 -76 84 1 -83 -10 -11 82 75 54 48 70 -38 97 1 -69 -94 96 -62 -52 -61 -13 -89 59 23 76 -54 -56 -9 -54 50 -17 17 96 65 79 -91 38 -15 -99 1 76 -32 67 -73 -27 -54 68 -28 -69 55 69 -18 3 -24 15 94 -70 -30 -27 20 14 69 -58 86 -82 -42 -15 74 65 -54 48 9 -22 2 74 -56 47 23 88 -47 6 17 65 42 -83 -99 -66 -9 17 -43 -82 37 -79 -46 -97 97 17 -25 44 -63 1 51 -56 71 -56 25 31 -43 56 60 9 23 36 -6 -74 -84 -28 -12 3 -76 -60 -61 -20 -72 -19 -80 -86 -3 -13 41 43 32 -64 65 6 39 -11 91 75 -9 31 62 48 -31 -42 69 -31 -54 40 -78 2 -18 -71 -10 -36 -78 9 96 23 13 -88 
64 -32 43 -77 -5 45 -26 -40 35 6 -54 -35 16 81 -77 7 36 45 20 -43 99 -24 71 -26 -30 65 -75 -21 -8 74 -17 -90 -71 -3 64 -23 23 5 -47 -72 -65 86 69 81 83 -83 30 -85 -62 -71 -92 52 97 -36 -30 -35 46 11 -74 96 92 -30 92 58 -37 -29 3 10 -81 21 62 -4 -83 -29 89 32 -57 24 49 -92 -9 61 53 17 -65 -67 -59 18 -32 57 -75 -73 -67 80 72 0 78 -4 46 97 -42 27 -62 96 83 -18 -54 32 50 69 83 40 -2 -53 -15 43 81 49 -10 -51 -72 -12 1 -1 -42 -34 -1 71 95 39 -7 7 -68 18 24 -9 -79 36 56 -74 -27 -22 -84 66 3 -53 40 79 -84 -60 -63 -70 -34 -82 46 7 57 -78 -39 -94 -48 -70 -13 -60 9 54 -85 2 90 43 -80 52 -73 10 8 31 -38 25 -30 -93 -68 26 80 99 35 -45 30 -64 -29 35 -72 -37 -42 25 -15 -11 5 -79 79 82 -33 -87 -21 47 -30 18 34 -53 13 -64 5 67 65 60 63 -38 -1 6 4 70 14 57 11 -63 8 -51 25 79 47 2 70 -51 -28 -54 91 42 77 -18 -51 -16 72 -33 -79 68 -97 -9 10 -91 -96 39 -37 57 14 0 6 80 -26 -83 22 98 44 77 -17 10 -93 -88 -9 63 -67 -51 -16 -54 -33 -68 38 -91 72 94 -10 -97 -95 19 -84 36 -85 75 -16 9 41 7 -95 27 -52 -80 59 -26 -51 -30 92 -33 0 -42 52 62 -28 -91 28 20 -82 -22 18 -3 70 -96 16 -21 -98 -47 97 -30 -27 30 -54 -55 24 34 20 -89 -75 -55 25 -92 57 -21 76 60 -59 38 -32 -71 26 -25 55 8 -18 49 96 -47 75 34 -24 -31 -88 -76 32 90 49 -79 -65 50 -29 -10 91 -2 -8 -88 -71 28 -94 54 83 55 32 -50 74 50 1 74 -62 -79 -18 49 -3 -88 -20 -45 62 69 48 9 -53 -77 -60 -11 -53 -18 -58 -83 91 86 -55 90 15 -81 83 98 62 -67 -65 -8 -3 6 -55 58 83 63 79 -81 82 -21 24 56 -48 -50 -74 20 54 -34 85 83 -7 -86 49 72 -53 65 -96 74 -50 26 -33 80 13 98 1 -19 -31 -14 89 8 -51 15 90 83 -82 51 -62 24 24 86 -82 99 74 -45 -11 -9 7 72 0 -68 -51 -68 -4 75 -65 -87 -32 2 -65 71 71 77 -68 69 10 -93 -38 -24 29 71 -54 -26 -23 46 -77 -52 46 98 73 10 
-79 -84 81 78 -32 -18 -75 -4 -26 36 -60 72 -71 44 45 59 -9 -61 -50 -31 35 27 -11 89 48 3 -63 -72 17 43 34 -85 -3 72 -16 -7 70 61 24 57 -72 -75 91 -94 -53 -46 -14 -65 82 -79 22 35 -32 86 -66 -78 30 -91 -4 26 -58 -62 -11 -17 5 40 38 95 6 40 21 33 -18 -93 -93 -82 -76 -84 60 75 -80 57 0 78 20 41 -92 57 -1 -99 -75 69 -94 18 54 -27 -34 -13 -93 38 56 42 -18 24 -62 16 50 81 -98 -99 -12 87 -87 -52 50 -35 93 78 -16 43 77 -90 -40 -20 -90 -11 -47 7 80 78 -6 33 -50 -16 -80 25 39 -50 -3 67 35 7 -32 7 -81 -78 21 53 74 -87 -19 57 34 65 83 -24 -68 83 91 -29 -71 7 -14 56 -8 -19 58 61 -21 66 -28 -90 -74 -65 12 -98 -92 -96 -98 -63 91 -76 -70 40 16 24 -41 38 -71 -74 88 -89 69 63 -17 -21 69 8 37 56 93 -12 74 -63 88 -25 10 64 26 13 33 -34 52 18 74 -41 83 -95 -74 -89 38 -58 -93 35 40 -2 27 -32 45 -29 -96 24 99 -67 -47 39 -51 80 -1 86 71 -98 97 -11 -87 -99 70 -55 9 90 72 -35 -90 83 -12 -15 26 93 -22 87 -35 -94 -78 -55 92 -20 0 4 -87 -64 -38 54 -52 -52 -75 85 71 3 -12 93 12 -40 97 3 36 -36 -12 92 -75 25 -98 95 50 -91 -33 93 -54 -61 22 -84 96 20 -41 18 -56 -74 -43 94 -24 -46 40 59 90 -48 -20 56 27 62 -91 -11 10 1 -52 47 38 -61 -8 41 -17 -53 -30 84 66 9 -68 54 -9 73 49 -48 -82 -22 -12 -3 85 -30 -24 -82 2 -81 95 1 -62 21 10 26 42 19 30 54 34 8 75 -81 30 -25 31 71 -67 -42 68 23 -99 28 -62 -47 -45 -87 91 9 -6 -65 -91 83 -59 -49 -69 13 -42 -31 -71 -38 -86 -17 -20 55 -89 -84 -41 72 60 -60 27 -97 -91 54 74 69 33 75 8 50 13 -24 -13 19 -32 50 26 16 -9 -67 78 24 78 -2 -59 94 8 -36 -42 24 -91 -21 84 14 -95 -65 63 -11 34 81 -45 53 51 36 -86 -42 76 -91 96 7 -73 -77 -50 -7 32 41 92 -68 -62 -25 20 -80 -5 28 78 -56 96 76 -20 -87 -80 84 -93 -3 -55 38 -47 -59 -95 -21 19 53 -70 -57 27 -79 -9 97 -85 91 25 6 -52 49 -54 -28 -7 39 
-61 17 49 71 27 32 49 -47 -23 35 48 -26 71 -27 17 -82 12 62 71 -49 -48 15 -97 60 41 39 -44 68 35 20 25 -55 -67 -44 38 -7 -56 -64 -84 22 75 -58 -48 -42 -28 -62 -74 -74 95 11 -7 60 22 99 26 -45 73 -78 74 58 49 51 -18 68 -43 88 -70 99 -36 -62 51 3 -51 68 35 90 -18 -89 -71 98 16 -85 -89 52 21 59 71 -13 -83 95 9 -69 85 66 86 -87 69 4 -83 44 -99 -29 81 55 14 -10 76 63 -9 -74 84 -45 -77 97 92 -38 -49 59 -96 64 -52 -69 13 26 91 -67 38 -58 -91 90 70 -25 -57 38 42 -32 -59 -60 -65 -2 -1 17 -65 40 8 -57 16 -17 -78 65 -3 -74 -11 62 -48 -85 54 46 83 -15 91 -68 78 68 -10 -2 -18 -40 -27 18 16 -19 -15 76 98 -70 -87 -35 -26 75 25 -98 -25 2 -91 52 38 -5 78 -1 14 31 80 37 -95 -69 -74 40 32 -56 -1 -82 -62 -75 42 60 -60 -37 -12 7 71 26 66 -76 7 88 19 -7 -39 95 -87 44 -96 -99 -15 -83 59 -67 75 87 -68 -68 25 63 63 -28 -24 -79 38 38 -99 -26 89 -81 -40 -51 5 11 -52 -94 -42 -59 -49 -35 99 40 91 71 -67 2 -53 -13 35 94 -33 5 35 -38 -96 -61 48 -46 26 -99 -41 -2 70 -75 96 23 33 7 -56 -49 34 -59 33 -4 -66 3 58 -97 -44 49 -25 -32 -16 27 -24 28 -12 -9 -92 1 56 19 -46 8 69 59 20 7 -73 43 47 -93 -86 13 13 8 92 -61 -81 23 -98 49 -4 -83 86 72 -47 68 -29 83 -36 36 -76 20 -38 -14 80 25 61 -57 -74 24 9 87 -11 -48 -39 11 58 -30 74 49 93 22 23 65 -74 -52 -21 -57 -91 -47 45 75 -54 60 83 -70 -65 22 -16 -96 38 -47 48 67 39 57 -56 -28 -98 -83 98 93 -45 -65 -73 -95 68 -11 -52 -62 35 -72 -10 98 -50 92 -36 -62 -87 -85 -36 60 -11 29 63 49 86 -40 -93 -49 -58 -73 -24 -30 -46 14 -11 87 -7 60 29 39 96 69 -81 -20 -60 -72 -71 66 -63 -38 -9 13 10 -81 -98 -67 -66 81 9 -29 5 81 37 49 -61 17 -27 25 90 89 -55 -5 84 -31 96 -40 37 -88 -18 5 -20 18 -66 56 50 77 83 -88 30 -88 23 85 35 54 -39 -66 -64 97 52 30 -3 0 87 -21 -29 9 -65 -94 -59 47 -60 68 
56 -65 -61 -18 -31 -38 -52 -55 70 0 66 43 87 47 35 56 -50 5 81 40 61 -88 -65 65 41 -93 -77 -88 -9 72 -36 71 30 26 32 10 4 21 42 84 60 -41 0 22 60 -6 96 74 -99 81 -8 90 -54 -62 42 86 23 37 30 -28 -86 -84 98 55 8 -1 -78 -10 -93 -99 63 -54 -78 -5 -33 94 34 23 -9 15 19 -64 -4 45 -41 -10 -22 -25 -38 39 -95 -25 77 36 -71 89 77 -39 -11 68 9 44 -17 42 17 -19 -77 97 66 -75 -85 -73 -18 -95 -15 65 -80 -90 53 22 9 16 -59 36 97 -42 -78 8 -28 77 34 85 19 89 55 -21 92 -84 33 -38 -4 87 -61 27 44 -80 63 71 -40 63 -3 16 -98 65 -54 -97 33 -68 90 -59 70 -19 -68 44 26 -64 -54 61 71 61 12 50 -93 -41 83 91 -90 -25 78 -50 -8 17 78 -90 -49 -52 5 17 58 4 59 -20 63 28 -93 -21 31 13 -2 86 56 -57 -81 84 59 -81 -21 -7 57 -5 28 15 -26 -67 -83 16 -15 84 84 -82 59 -48 0 -21 89 -25 -9 85 15 13 37 17 -3 81 23 18 -35 6 67 -32 -52 -34 52 10 -25 -34 8 77 6 28 27 38 98 -52 94 87 62 -27 33 -80 70 -42 -32 -23 -46 59 -57 -33 -24 60 -58 80 -46 68 37 -27 44 68 -70 66 -1 -6 89 -91 -44 -41 -60 -47 15 35 -39 3 70 -69 36 -80 -33 -10 -25 -59 27 -21 68 -42 94 83 16 -27 10 56 68 -84 61 -75 9 21 -79 -49 -56 -84 18 -29 45 -47 -2 -55 -30 27 -77 47 27 47 31 -10 -3 -76 -33 49 35 -91 15 6 -40 58 -65 -40 0 96 -5 -52 -7 -53 -71 51 37 -54 -49 -59 -20 -90 85 2 22 -45 12 53 85 -4 -52 69 -49 -29 -22 -75 17 19 8 35 24 -46 26 -27 56 -20 44 77 36 -74 5 -9 -51 -55 35 -44 92 -37 -91 54 -91 89 -73 42 34 -83 63 81 -2 -47 48 -52 -14 -95 42 -87 -89 -21 -88 -20 83 -6 17 96 -21 65 60 -65 52 66 -96 -57 -16 16 -28 64 34 64 -48 8 11 -23 1 -42 -59 -43 -83 44 15 -66 54 17 -31 17 87 51 -21 -93 -35 -35 -8 21 94 -70 44 -53 -3 -43 47 29 32 -34 -29 -25 -6 -77 18 85 34 -20 -92 -67 -89 44 94 -42 96 -83 6 -72 -3 -65 18 13 88 -43 97 84 96 73 46 -13 
76 -57 10 -15 -2 26 -36 -46 -40 -76 5 -41 -36 47 72 8 37 11 -1 -46 -82 59 47 -75 8 27 -31 60 -57 96 86 10 -35 -72 69 -50 29 -83 -67 61 -94 12 1 -41 -58 -63 -2 -13 -51 -12 -94 -94 1 18 -59 67 85 7 -40 3 -13 39 -34 -67 -39 -34 -95 34 85 38 -37 -68 -7 -25 73 -92 -47 -44 -24 78 48 24 -47 -68 33 86 -89 47 0 92 51 0 -71 -28 -37 20 39 -31 -51 -96 9 28 -98 -12 -9 70 -59 75 83 12 -75 27 66 30 49 9 -87 0 -91 -99 77 5 -30 39 -91 -99 -30 32 85 -89 52 -83 22 58 -57 13 -85 -44 4 -36 -64 70 -92 8 -19 -25 -85 13 -83 94 -30 91 -44 67 -10 0 -82 87 90 -42 -35 27 4 61 57 90 27 -47 26 16 -58 -33 -47 -38 -64 25 -54 28 -52 46 -96 30 74 -83 -15 -71 61 -6 -9 -69 -27 -52 -11 82 -55 25 95 86 41 -15 30 31 47 43 93 -21 30 -23 95 18 -41 42 -26 0 80 -36 -40 -34 -49 26 9 -47 14 52 -16 38 91 -82 29 1 82 45 -53 -23 22 -84 94 9 -39 -7 11 -30 40 28 13 -10 58 -79 -8 -44 34 66 98 71 -47 -54 85 -17 8 84 62 -79 -72 35 40 -40 -14 66 -59 5 -93 97 51 -95 27 -6 13 50 94 36 33 65 33 -20 99 71 78 0 -58 -62 70 -36 -85 -8 -98 19 87 80 -1 7 -73 -21 -72 78 22 -25 -97 27 81 -39 -50 -80 17 -4 86 -74 30 -70 -44 85 -85 -83 -67 23 79 26 6 -45 -88 -29 -63 14 -8 73 -37 -49 42 -10 -73 -89 37 -38 66 78 -75 -90 6 95 20 -46 97 31 80 62 63 91 -32 29 -76 -36 -17 -78 19 -8 -7 93 99 94 -58 27 42 -77 13 -41 32 -18 -87 30 19 39 -19 -21 26 99 91 -16 9 97 -32 3 15 62 -51 -43 -51 73 28 -26 -35 -17 -70 25 68 -97 -79 -83 -83 63 54 -89 33 -60 -64 -95 14 -89 -88 -51 63 61 46 11 -13 32 -31 -38 -98 86 -89 -23 4 54 -72 48 -31 -12 49 65 63 -83 -69 34 -34 8 -49 92 -55 -17 -45 -44 64 35 -49 -85 -42 15 -15 15 5 -40 30 96 -60 41 38 -38 56 -56 3 30 33 96 -93 78 15 -51 76 32 -89 65 11 -67 61 31 -60 -30 59 -18 -19 -5 -71 -23 -41 -79 -94 -94 75 -42 -11 -34 
28 -37 -4 58 -77 -81 58 -36 70 11 21 -65 51 68 -13 26 -82 27 37 -66 55 -95 -44 -9 -21 -34 50 -29 -37 89 34 -54 22 16 -65 82 -99 91 52 20 -59 43 64 -6 22 -50 -84 -39 -30 70 -86 99 86 81 -84 -53 86 79 -2 60 9 73 -56 -66 -77 -66 -18 79 -60 -70 -36 -89 4 -59 37 -51 -11 -41 70 -66 25 -59 -75 -61 -3 -78 -83 18 -11 -94 58 -47 96 25 10 15 51 58 78 -8 -79 94 43 -76 92 -22 86 60 -10 -62 84 -58 -7 11 -15 73 -45 17 14 78 -26 -54 -54 -2 -42 -16 75 33 -27 -73 -22 -14 35 -88 16 -86 82 23 36 23 -87 60 72 79 -38 -15 24 86 -90 -41 -60 -40 -92 -95 -74 -98 -99 -77 58 62 -36 -61 -18 -69 -79 32 22 -39 29 -56 -76 92 89 31 92 -65 -67 92 47 59 -12 -69 -28 -75 -31 -57 7 66 14 -59 -41 -61 83 -43 -63 -17 -73 -26 13 -91 36 -1 -1 20 98 -54 17 58 -49 27 72 -34 29 -21 -62 -68 -84 87 15 -6 -99 1 53 -70 99 37 -33 3 -83 48 21 -37 -18 -20 55 -12 97 -33 -3 96 -24 -55 67 -56 -14 -52 7 -98 18 27 -85 -54 5 -70 35 -72 -39 -29 11 -58 -1 29 23 27 -70 73 35 71 90 49 -70 61 -53 -2 7 30 -9 -57 -36 -81 60 -22 21 79 89 -53 71 58 61 -60 86 47 60 88 8 33 49 -5 -41 43 -8 -52 -76 -78 47 67 18 -49 86 -2 69 27 5 88 62 -85 -42 70 78 75 -89 -12 90 -1 -29 -76 -89 6 -39 -11 59 -94 98 74 35 -51 41 -37 -33 -65 30 12 -68 37 58 -33 42 3 -71 -87 -81 93 -8 25 62 36 -93 95 -53 71 -6 -38 48 21 82 -24 -69 36 2 91 -64 -98 -44 9 40 -80 8 19 -88 -13 98 -51 -69 -9 40 87 -7 94 27 31 76 45 -72 17 49 -14 -67 -75 24 -22 -12 -12 85 68 47 12 93 73 21 44 -95 -55 -56 -81 70 75 -37 75 82 7 -62 16 6 44 49 -79 -66 86 13 -77 8 -69 -36 -82 -9 -51 -2 -92 4 -71 -23 -92 -72 -89 -12 20 34 83 53 85 -58 33 87 0 54 -55 94 33 -81 42 69 35 -12 77 -55 72 -96 -47 -54 40 -36 10 64 67 -29 18 -3 -16 68 -86 -86 8 64 -68 -93 -73 18 -13 -23 45 -37 1 -40 56 15 98 -12 43 21 -17 
-54 22 43 -61 -76 -87 36 30 -81 -65 -37 28 -9 -2 -44 21 3 72 -23 -93 -9 -90 -23 6 -13 -24 -47 -29 -1 -53 23 -24 28 -10 -74 97 -96 26 70 4 13 -72 53 -82 -18 70 65 -18 31 -94 83 67 9 -23 -52 61 -33 -87 -57 -34 -70 33 -2 25 69 -52 -25 -99 -2 -11 -98 93 52 13 90 35 93 39 -10 -7 25 -40 -90 -3 -50 55 6 -61 -39 -84 -58 51 42 -56 48 -74 -6 90 30 55 -16 44 99 15 53 -30 -32 62 43 45 -63 -5 -69 31 34 -15 -89 20 -35 -34 76 96 -83 24 -87 -79 90 96 -30 12 -52 -35 14 29 -82 46 -52 -26 -73 45 -69 24 63 -42 7 -91 -81 17 34 9 -83 38 68 92 47 -22 -38 63 -82 -76 13 99 -7 64 -45 -87 19 -36 43 63 19 58 34 -21 -65 11 -43 -87 36 41 44 -47 -37 10 -66 74 -7 34 -8 4 69 20 -83 8 -87 82 -82 -11 -52 36 -34 71 -21 -63 -55 37 -68 51 -2 94 -60 -98 43 -88 -45 99 -81 74 94 10 49 -97 -33 26 -79 -18 -2 -22 -70 -46 -8 -36 45 94 -51 -53 96 -10 44 -65 -72 -36 -9 -62 -23 78 19 89 -85 -15 99 85 25 48 39 -51 -90 -1 19 -62 -75 27 54 76 -1 -42 88 -82 39 25 80 78 52 -37 35 -82 39 -29 -35 -78 57 31 39 6 58 -7 66 -46 17 -36 -40 -87 -44 -40 -19 63 51 15 -34 -28 -99 -74 -79 2 61 -71 -3 40 70 -29 78 35 62 -36 24 7 66 85 37 -28 19 -87 -50 81 -83 31 32 46 9 18 96 62 54 -63 -69 46 88 -42 -57 -1 88 58 -6 -34 -40 -68 -25 -41 -54 -65 -45 94 7 74 63 53 82 -81 -53 40 -12 -87 76 40 -13 -99 84 -13 44 82 87 -16 23 72 22 10 22 13 -40 90 39 14 -33 -89 -85 75 -78 -69 -93 93 77 25 -46 41 45 48 97 55 -96 91 89 -74 58 -53 -14 -17 20 -37 36 14 -74 -72 -65 -8 -31 37 -10 -61 -43 48 -44 23 53 -58 -83 -60 90 -71 95 -34 -77 -73 93 -27 95 -64 0 89 -74 44 -99 70 98 93 67 67 -1 -12 -72 -50 -49 36 42 37 -15 -39 -4 11 42 -49 6 -72 86 85 -91 -25 50 28 -1 -47 -43 -25 -37 46 -16 -28 -85 98 -22 -96 -65 54 -41 18 24 63 -5 82 29 -84 80 -52 97 -32 -45 -7 29 76 54 63 
98 62 71 -98 78 -63 31 -90 -62 -57 -96 23 62 -4 -14 16 72 -46 84 -66 95 48 -4 46 86 -29 99 -99 64 85 51 -22 -76 38 -86 68 18 -2 -93 -50 41 -15 54 81 76 47 49 13 3 -39 -65 -27 53 -73 57 70 0 22 -96 24 -65 71 63 -65 -51 29 4 11 64 82 17 97 -25 -60 52 -27 -79 76 -88 -46 76 -2 -95 -44 -56 -62 80 -58 -88 65 30 -58 8 -33 60 -70 91 -18 72 -97 -55 -94 -15 54 -64 -83 -65 -41 -16 -53 80 82 -63 -25 -98 -71 -82 59 26 75 74 -22 87 -74 96 -32 -43 -83 49 -99 0 4 -99 44 -88 83 -32 89 -51 -7 37 51 76 67 4 -5 42 -26 -97 0 70 -18 -79 -38 31 13 -75 65 79 17 99 57 -56 10 85 72 44 -55 -43 26 22 -74 26 45 -99 11 76 28 57 -70 78 65 64 3 -71 84 -38 2 -1 45 33 43 -35 48 8 -24 32 91 -92 93 -95 25 29 -31 13 48 98 -26 -66 36 23 1 -68 88 8 -25 20 7 58 -79 1 90 -28 -92 -54 70 41 -14 51 1 -91 80 -75 -87 55 -99 -29 -27 28 -83 68 -22 30 -45 -1 -35 46 30 33 -11 47 -42 -5 47 -74 16 -75 -20 -94 89 35 27 -69 -48 43 44 -1 58 -14 -4 -74 -42 -51 -57 45 52 -8 -12 -65 -4 -84 -49 -1 -65 -46 -45 6 70 29 95 -58 29 -14 -6 4 -80 64 40 -29 74 54 23 43 -18 92 81 -83 51 71 -22 -89 -2 -70 -58 63 99 -32 -15 1 67 95 68 -95 -24 20 -80 38 -46 38 46 27 -52 88 89 42 35 -71 73 37 71 -25 86 24 -77 -20 8 -62 -5 -31 -97 -19 -95 11 74 92 66 32 87 -46 -12 62 74 38 -98 43 -42 -2 -7 -68 61 -54 -68 89 -9 -64 84 -44 -8 -3 62 4 -63 -41 -33 -27 -45 -48 -69 97 -26 20 -12 -54 -70 85 -74 -77 -12 -2 -41 -44 -16 60 7 -90 35 51 96 -14 -5 -36 -27 -35 44 30 11 25 -54 71 30 67 -15 50 12 10 14 63 37 -92 -63 -59 66 99 -23 13 43 46 88 -6 -3 -16 -81 -96 21 55 46 99 -51 -78 -54 57 -81 -91 57 -63 -50 88 60 -56 15 91 88 -58 77 -91 34 -22 7 21 21 -7 -8 -27 59 97 72 -73 -41 20 57 1 -17 59 48 -32 -12 -81 51 -70 -74 -18 -65 15 55 -10 -80 -90 82 79 -35 
69 25 27 45 87 40 -96 80 73 -74 -78 44 -26 -52 -31 -98 -33 -27 -88 64 -76 3 -92 36 63 -83 -43 11 -62 44 52 14 4 96 21 86 -87 83 26 98 39 23 83 45 3 61 98 54 77 2 -85 31 43 7 -68 50 1 -58 58 3 77 -30 -91 12 85 86 -88 -61 -60 4 -83 9 10 -80 -7 -43 26 -63 -34 43 48 59 3 23 -94 -77 11 -56 -27 -65 -7 -25 -77 40 11 45 85 -19 -21 55 -22 -51 36 -9 21 82 20 -26 29 -80 -96 40 73 60 -1 10 -92 -76 -83 -94 -32 -42 -67 -32 49 -37 -70 30 21 26 52 -15 13 -75 -70 48 -49 -28 77 -14 -90 -49 -75 -92 60 -17 -63 -80 -42 -15 -39 93 -45 -62 66 -13 11 -88 -82 -88 91 -4 40 -92 9 -62 16 85 57 -20 29 -21 -55 99 -80 6 31 -65 -71 47 78 -59 -60 23 -50 -71 -6 65 7 51 -29 -68 70 62 -73 -38 45 53 -69 35 -86 94 11 33 -11 -35 59 57 50 -51 -97 -20 -63 23 59 40 -55 51 -5 -68 83 15 -99 93 48 57 46 52 44 0 -14 -9 67 29 -89 -7 12 74 -74 79 -38 -8 -71 69 -88 57 73 -78 -84 -48 93 -54 66 92 -72 97 25 -53 76 44 -23 36 -92 -58 -17 96 -41 -67 -38 18 -85 -77 -8 92 92 29 96 66 12 6 78 6 -6 -40 -44 41 22 -61 50 -44 39 32 57 -50 -34 -25 -97 72 -1 85 30 -83 33 -74 76 71 90 -65 96 4 -13 -8 -99 53 -54 59 5 11 -37 -26 -52 36 40 73 81 56 -20 71 -87 59 21 -83 -8 19 -97 65 -69 -50 97 92 94 84 -79 -55 90 -70 -54 22 -92 15 77 59 -75 73 -6 -77 21 -64 -89 -22 -53 88 26 55 -70 -31 22 74 50 74 38 36 -77 -18 18 89 6 -70 68 57 73 -4 37 8 -36 13 -38 -39 96 95 2 -68 -14 57 30 -45 -89 73 37 50 42 -9 -89 63 -78 38 91 12 -17 14 2 69 21 -41 62 -65 97 64 -48 -1 -27 40 -27 70 -12 -11 59 -29 -91 -97 -62 -13 -39 -96 -70 -34 -54 54 -30 66 68 -61 44 58 -82 -29 -18 -87 67 -34 48 14 29 70 -40 92 -44 -29 -48 -51 15 -44 61 -92 37 17 -78 99 96 96 93 96 -42 56 -24 -14 42 29 40 -20 62 -83 19 5 87 -54 41 58 -59 -48 29 32 31 -7 -41 62 84 62 -76 -17 
-78 88 -19 -20 55 -22 -10 -22 53 -7 -42 2 -16 -86 41 75 -49 93 43 -74 -93 76 -45 62 -62 -94 -77 -66 92 -33 55 95 12 21 -36 -47 15 -83 87 -11 -13 -16 70 -59 46 -52 -94 83 3 1 -64 14 -6 20 71 41 94 -87 -3 -37 32 -13 -21 80 -60 -52 -79 -50 -64 8 87 1 -6 53 -73 -13 -91 8 82 -79 -63 82 37 70 -75 52 3 66 41 31 -99 90 -81 -25 -30 -57 -77 -18 -59 -64 92 -77 19 -38 -65 -19 -48 96 75 77 -14 41 25 20 -57 -60 -68 -27 -15 -69 30 3 32 -48 -53 -20 -81 -16 -43 32 -7 -33 76 56 -78 -87 53 75 -14 -17 -99 -63 -20 60 -10 -46 63 97 -39 -24 -68 -7 24 37 71 -56 -42 -88 58 0 84 7 -72 -1 -76 -63 -82 -10 35 -90 -54 61 -22 -40 -31 -44 -71 -46 84 -90 4 -78 -31 -30 -32 -62 42 25 -94 -56 35 18 61 7 -63 17 -18 -50 -59 -39 13 49 29 36 -47 52 74 2 -15 19 -25 -23 33 -73 39 76 51 -98 49 -78 -12 46 -90 93 -47 -69 28 -99 -22 84 69 90 34 -73 -87 48 46 -86 93 35 -49 14 -86 -6 64 -91 91 -42 40 -77 8 47 -82 49 -47 -23 9 3 86 90 85 -81 -5 66 -11 33 19 -6 60 -26 40 55 60 -3 -40 -49 -39 -19 91 -48 -48 60 46 -13 52 -19 -17 -84 52 49 79 -8 -77 29 89 13 13 -77 -17 69 -91 -75 -63 90 -2 20 50 -1 31 49 83 -37 -22 33 39 -52 61 -69 97 -81 -43 -46 -17 -92 22 -78 -65 11 -41 81 -15 -32 -50 -79 20 -3 89 67 4 54 -37 -50 -77 -80 25 22 7 -29 -6 -14 71 -41 -95 64 -14 30 -39 98 60 43 -79 55 85 -59 -11 -87 6 61 -24 -15 -16 61 -44 -82 12 -82 45 -59 -17 -10 79 27 92 36 -73 -75 -40 56 29 55 -58 -85 40 -79 23 6 13 -87 22 67 77 -53 96 -6 57 -21 99 14 -31 -38 78 -31 -9 63 -37 -18 31 7 -81 38 94 19 -66 63 37 81 -51 73 -16 64 -57 92 -9 -8 65 53 24 92 11 25 -27 54 84 -97 -18 -95 -37 54 -59 -20 -44 -74 6 79 67 -41 -55 6 -38 86 -22 -30 53 44 -36 84 -42 7 -5 -55 -79 -65 -54 51 -62 -54 -47 84 -15 10 90 -92 46 -33 57 -79 -77 27 -24 90 36 81 -81 97 -79 -8 17 -12 -15 -20 
20 19 -53 -47 91 -85 -10 17 -87 68 1 -33 -43 52 -91 -95 -11 22 92 61 55 -5 29 57 -28 -88 -77 -31 88 -71 -27 65 62 -73 19 -82 55 -67 65 -69 -78 50 61 -62 2 -66 8 41 -14 -4 47 16 -47 40 75 44 -47 -65 49 -97 25 57 94 47 -4 -58 83 32 -67 -73 76 63 15 87 -36 32 -3 7 -45 -86 -54 -87 69 8 85 12 54 32 -78 -43 -95 18 56 60 -68 8 11 -65 29 -4 -6 44 -59 20 -57 31 -16 -11 90 -83 -26 15 -52 40 -77 49 -85 21 61 42 -84 93 36 -33 -12 81 -51 -75 71 -27 90 0 -40 -34 58 -95 32 -69 9 43 15 42 -34 -59 45 -23 -20 -85 -51 45 1 -76 19 58 7 33 -59 -71 20 5 59 -85 -17 70 60 -38 40 45 -9 97 -57 -9 -53 88 47 -23 -55 48 30 9 76 57 -75 88 31 -40 -10 -6 -54 -59 -31 -48 97 -46 -33 -11 38 38 46 2 41 -31 30 -74 -30 -42 78 -25 -76 -23 73 33 94 -45 -37 -88 60 36 38 57 -52 -17 -40 29 25 -56 -19 -92 17 57 45 34 -87 -17 -69 34 89 -53 -1 15 45 13 -78 -19 -16 -29 -73 -4 -72 -12 -50 -74 -62 -81 -26 66 -8 65 -22 -65 32 17 21 22 51 -95 -17 3 16 84 -37 5 81 73 -67 -53 -96 63 -30 -90 35 -23 72 65 17 -61 -64 -81 60 32 -78 -57 -36 -27 -99 17 16 -41 71 79 44 -8 66 84 52 65 79 -84 -12 -13 -3 -20 -35 -37 -40 -95 -64 -36 51 -59 7 17 57 -98 -61 -23 92 -40 75 -94 -40 71 44 88 -43 -48 -45 29 -57 -27 88 -40 -15 31 -59 99 -81 -99 -46 -23 70 -87 -81 58 40 -56 63 -53 83 25 -55 -37 90 85 -67 -12 21 72 33 -2 53 96 33 -71 63 -82 37 4 60 -59 -87 90 22 -87 61 -79 71 93 -44 59 -92 -54 54 10 -14 -12 -59 -97 -70 70 -89 -63 18 95 -35 36 -98 -11 -96 90 -83 6 31 -53 17 -85 82 34 33 10 15 87 -57 86 76 -72 46 -56 11 -31 -35 -65 57 -62 -8 -58 -63 20 -78 90 -96 -34 -40 -24 -91 -84 -25 -79 7 -45 86 43 -51 -64 -88 41 65 54 -48 -54 64 56 87 15 -14 25 -57 -99 -86 15 -49 -37 47 -98 9 89 -12 96 30 30 -27 37 -63 43 48 -31 -46 33 -79 -74 -4 15 -65 30 3 26 58 81 -19 -64 
-90 18 -32 44 -75 99 -34 -48 94 -13 -5 36 29 30 36 19 47 14 18 -87 52 6 -51 3 -30 84 -35 42 81 -79 32 -96 -84 -46 -39 67 35 20 72 -72 31 76 29 -36 6 78 -84 77 60 -37 64 27 -13 -42 64 56 28 -60 -94 -31 -93 -45 -32 -39 35 -53 63 -73 -7 58 52 78 -88 -79 -30 -3 -21 -10 53 20 -84 -97 -63 87 26 -30 3 86 14 50 -98 -60 32 -12 4 89 19 44 26 13 59 -1 -89 -37 98 -66 2 86 69 -31 -62 79 84 -87 -46 32 -14 94 -90 29 -54 -71 -23 -16 69 87 -30 -97 60 -39 72 17 -62 -38 -4 -34 -67 -69 -78 10 42 80 70 -84 -47 72 -18 -36 62 47 5 -79 19 -46 34 28 8 -15 -92 -25 3 8 -23 50 46 -75 2 -30 -2 -81 69 -94 45 53 -33 84 16 56 -34 12 -38 6 57 25 76 -36 -12 92 -51 -60 -63 -22 67 87 56 -5 49 -3 36 87 -5 -33 68 -55 -62 -54 21 38 -46 -67 64 3 38 76 -87 -99 -59 60 98 29 -24 -59 -8 78 51 36 41 -44 -76 81 19 59 -66 10 -48 -9 21 76 -95 59 88 -98 47 62 24 93 -35 2 11 -59 -92 -15 13 -28 -48 -61 -65 -52 75 73 91 81 16 54 6 44 -34 -60 -18 96 -28 -76 -14 -43 -35 4 97 -42 -49 15 2 -99 -99 66 -95 -51 40 50 9 -81 -18 -21 19 91 -29 72 -20 -73 37 47 16 -83 -81 -95 63 -45 10 13 16 28 89 -79 4 94 -91 14 65 47 -36 1 -54 -32 -72 -66 21 70 -91 -58 71 -21 -31 0 29 -22 -78 -29 45 17 -7 29 -16 -4 10 -7 -42 8 42 -7 29 -93 37 8 59 -21 -39 31 57 -93 66 -14 74 -84 -22 -19 -21 50 -28 -78 -27 -75 66 28 48 -55 24 72 -87 -11 92 2 -27 93 -10 -16 -20 35 74 55 0 16 -42 91 -36 -82 -38 65 -2 -33 70 -18 -69 -11 63 9 40 92 -16 -41 99 47 62 64 -81 -28 97 69 -18 -57 74 -42 -33 -55 -22 -24 -42 26 95 94 -69 23 34 10 -18 -16 -37 3 98 48 92 16 60 -76 98 -30 70 -97 46 -97 -80 -25 44 51 -78 -97 -64 -86 56 78 -33 72 4 -90 86 24 37 -54 -46 -62 76 85 -37 -94 -84 18 97 -64 -58 41 -62 17 91 -67 -49 9 74 94 -84 15 -30 40 43 95 88 -21 69 -61 -79 -27 42 -97 
-58 6 -47 -20 33 -71 96 -59 94 71 16 -90 43 -55 -32 -64 78 -14 85 83 -12 -59 71 -40 35 48 33 98 32 93 -89 81 -95 -57 36 24 94 -82 18 -72 -66 -59 8 37 -98 71 85 95 -95 -93 88 -49 47 6 9 88 72 -70 45 -58 21 -2 52 -44 22 22 -69 -14 -43 -28 -75 1 45 60 -83 21 -98 -98 38 -14 -34 -83 48 77 -69 -78 95 -67 75 -37 46 4 -87 39 -22 35 65 34 98 -91 -74 12 94 29 -4 -32 91 -21 -73 -49 40 -68 -13 3 -99 88 -1 39 47 -90 -34 86 -6 -16 -20 -99 -60 -73 50 -35 16 -4 -47 84 84 -92 -7 -3 95 -77 -26 0 52 -48 8 -51 -69 -30 -75 -31 -7 -4 -89 97 -10 10 74 -8 3 -3 37 -71 -27 -49 33 -33 -2 -38 95 -52 -95 94 16 27 -21 30 47 1 97 5 94 -78 77 -67 -12 59 -50 -30 -39 -13 -86 44 68 -29 -65 36 10 98 15 81 71 11 -95 97 75 67 -61 -88 -98 2 42 -29 -58 -34 52 87 -8 95 65 -83 -83 23 96 28 -36 -68 17 11 38 -86 -68 48 -63 -90 96 99 16 -43 62 -29 79 -11 84 10 -56 -97 -47 -5 90 61 78 -1 63 -34 55 6 55 44 11 -70 51 44 86 -57 17 94 -40 30 -48 -75 93 78 4 -5 90 23 -44 59 26 13 -96 3 -61 58 -96 -59 -93 60 55 76 -10 -54 31 51 -99 -58 -47 79 -82 -87 -92 64 53 67 76 -16 -62 11 82 29 63 1 93 -31 13 37 -82 8 -90 -25 -80 -79 -96 -28 -66 -43 4 -18 30 43 10 -62 -46 -69 -88 0 -57 -19 51 -65 72 -1 -65 -22 99 -3 10 -97 32 -47 8 -44 -13 67 -17 16 -33 45 -26 31 -86 22 -49 -15 -61 74 -85 33 98 7 -68 -81 -80 19 -73 -76 78 -7 -14 53 86 22 88 -20 39 68 4 -80 46 -67 3 -47 -86 -15 5 -96 26 40 55 88 79 79 -36 -17 -70 68 67 51 31 -78 -55 -17 33 -69 50 -87 -95 73 -46 81 69 -39 24 38 -13 95 -87 34 24 -92 -60 48 5 -56 -58 -24 -74 -13 -68 1 1 -54 98 81 3 -17 71 51 57 92 -32 -1 43 71 -80 -56 68 -86 28 79 -14 13 -79 -42 -27 10 -62 42 -97 13 -24 -92 -51 -44 9 33 -93 16 76 -75 -50 -2 60 0 -41 -69 -80 85 -58 -71 52 -90 -56 24 -40 -42 -9 81 41 23 
40 46 -68 70 11 -28 49 88 -35 62 3 21 83 59 -10 -29 50 -62 -5 43 98 -42 -37 17 44 -62 36 -46 49 25 -52 -11 28 -16 80 17 -94 10 71 55 47 84 -65 -9 -65 -57 -5 30 -71 86 -1 -41 79 82 -47 -71 -54 -53 70 11 49 -28 -28 -95 -63 -84 -85 -29 61 15 -61 -25 1 -97 96 -83 94 -25 59 -7 -79 97 63 6 3 45 26 65 84 -94 -69 91 70 -22 35 98 80 62 4 -81 -47 -5 -71 -83 54 -61 0 -26 -67 13 -19 33 -2 92 -1 49 -32 52 -68 77 77 -68 98 -81 -93 34 -58 62 21 -92 0 74 35 -46 -67 43 78 -58 31 36 -66 -25 -31 -42 -89 49 -37 -13 -16 -96 -34 43 -79 -61 66 -85 -4 -77 41 -19 -35 -3 -35 16 9 89 -16 83 58 56 -78 71 24 42 44 66 -76 81 -76 77 -24 -2 38 71 -79 -96 -58 -4 89 88 93 4 98 71 42 -49 19 66 -3 -7 92 88 -49 9 46 -73 42 24 12 -40 64 74 46 -5 -66 33 99 -70 -26 40 52 43 73 -22 54 3 52 -18 -8 5 -32 24 57 -24 10 10 18 1 10 -10 -4 52 -23 30 7 16 54 -37 56 52 -39 -45 58 22 34 -92 -24 -9 -38 40 32 -38 33 -9 75 49 69 65 73 35 -61 -48 -55 -75 4 23 -12 46 77 -79 -30 -32 -21 78 -67 -6 41 98 -13 30 -48 21 -44 52 79 -61 -84 -29 -21 -76 -75 59 -32 -5 -30 4 95 97 94 -1 97 -65 -69 -32 -81 -90 -59 -13 38 15 -8 -20 14 -85 91 -13 -61 73 -75 -68 -68 35 -73 36 48 33 99 -21 19 55 13 -81 82 56 -55 76 79 -90 64 -40 51 18 4 -40 18 72 -50 -58 -12 96 30 -84 -62 -60 19 53 77 8 3 -65 85 66 -58 -24 -49 -95 -6 42 -23 39 -4 -65 -85 33 20 -46 -17 10 -49 -48 16 6 71 41 -50 80 -16 65 29 27 -2 19 -51 59 56 -60 -36 -76 -93 79 4 82 74 -5 12 14 78 73 -61 72 27 52 -42 29 0 84 1 -76 47 -47 -38 -44 -18 -90 -52 60 -19 40 -70 56 91 63 99 -76 -49 20 71 8 65 94 -7 33 93 69 -38 -43 79 86 70 -34 85 -7 74 92 -36 79 29 -10 52 -29 -62 -59 -65 0 14 8 55 19 98 -40 -20 53 66 28 -93 28 -77 72 20 83 14 2 18 58 -19 96 -2 -71 -46 65 
-16 87 86 -24 5 -43 -20 11 -1 -71 -18 -87 67 51 94 88 5 14 12 25 46 -26 -96 -78 11 20 -26 -10 -14 -77 96 67 69 -59 21 -8 45 -69 -27 -32 35 -49 -47 66 83 49 89 -57 -27 46 -51 -41 -42 -14 -44 41 9 75 91 88 73 56 -91 -61 -16 12 1 -21 48 -20 48 79 67 79 -77 -76 32 -60 10 -52 37 67 65 -86 4 10 -70 -23 69 85 52 10 53 -83 -77 -18 -22 -23 96 -40 51 26 75 -26 41 -24 -51 76 -38 75 94 88 -56 19 36 25 9 67 70 -96 95 -27 52 -7 31 24 -51 -66 16 -91 -8 50 3 -13 66 43 16 26 99 -50 33 -59 -73 -85 76 -94 86 -10 49 -96 95 28 -29 -76 35 -87 -44 -42 -55 87 -22 -60 -19 -70 -99 -22 -83 -93 -35 81 60 64 -14 80 -96 -62 -62 58 -82 3 -27 -1 5 52 23 -79 88 1 92 97 11 38 -82 70 -27 -93 -16 -28 -69 15 39 -12 -10 -98 8 -96 -35 96 6 -61 -89 86 13 27 77 -93 93 72 -86 56 -51 -53 -1 72 71 -41 24 -81 74 75 -40 46 -32 53 -3 40 -69 80 68 94 7 -60 59 -39 45 -77 -62 16 -66 86 90 -95 81 75 34 -91 -12 60 -2 66 -28 55 2 42 62 -83 -66 -46 31 -56 46 63 -21 47 -96 -28 -7 -46 89 -92 11 66 79 -66 23 -85 -76 92 -73 93 41 78 54 10 -66 -61 10 -55 -66 12 -99 -43 77 97 71 -90 -5 -34 91 46 -18 -6 -28 -91 -49 -36 87 24 -46 66 63 -94 -20 -20 13 96 43 -96 -53 -33 73 -51 -26 -23 88 -13 -53 40 98 -52 20 57 76 -6 37 -25 -77 -28 -33 -39 88 34 -53 -60 50 25 53 -62 -99 -1 -15 75 -23 -9 2 -8 -49 84 -85 -55 57 -47 -91 -25 -85 -19 -54 88 25 -31 65 -58 -92 32 -88 -99 36 97 90 18 17 -85 -48 24 15 -4 -23 -82 81 39 61 -4 60 -21 60 -86 50 -3 -52 68 -31 -5 -97 -17 -67 55 66 90 1 -89 86 -49 55 -28 51 31 -97 -83 73 1 -90 -5 -12 -42 -21 -12 94 -16 -17 -25 68 63 74 50 39 93 99 61 34 6 -49 -61 -16 11 84 -14 4 -25 35 70 -22 83 11 58 8 59 25 -32 9 93 -42 12 -82 16 -56 29 19 79 -42 -26 -47 74 -25 84 -32 4 -73 4 38 -69 18 1 88 0 -92 -34 12 -75 93 -60 
-85 12 -35 -30 14 68 56 62 97 -55 1 75 2 -82 -28 17 8 -68 76 32 31 -96 -59 15 -16 -14 -1 81 -62 -25 -43 83 99 -28 76 4 59 -45 -96 35 -93 -49 2 80 10 20 -76 32 46 -11 45 -24 38 28 33 -82 -46 3 -35 -64 -31 91 -66 75 98 67 41 32 62 7 -7 0 -71 93 14 -69 -19 -70 18 -79 76 -30 -46 -32 93 32 -59 6 -65 -56 97 83 69 -46 -44 -43 26 -77 19 2 81 -47 -92 -96 22 -38 35 -70 -96 -12 -5 37 -65 -4 -62 35 -56 -24 54 76 -92 -40 -31 -90 -20 -97 99 62 -89 -43 54 89 86 -84 -21 -12 -43 6 -56 80 -58 2 -63 31 -29 -16 78 36 50 -20 -90 -47 -32 4 29 32 89 7 -78 -43 23 -80 -67 35 94 80 81 -6 -47 -57 96 10 38 -94 73 -17 -19 48 1 -74 -16 26 -77 87 -77 86 74 27 -36 67 -75 -98 -51 87 -81 74 99 -37 37 20 71 15 -71 -87 -16 30 45 1 6 97 80 20 95 97 54 -36 24 -51 -20 -98 81 13 -44 -15 53 -65 26 2 -56 8 80 -2 89 -6 -45 75 80 35 -92 -45 66 37 98 -69 50 -99 13 92 -28 -4 -33 -42 -31 -33 -58 -73 78 -67 79 46 -89 -13 -7 87 28 -82 -30 83 77 -90 -6 78 95 33 -79 98 90 73 -15 -52 -90 94 70 -71 -2 -84 22 -59 14 78 48 -3 -64 69 32 -56 21 81 -19 16 34 -29 -84 -30 5 -15 -44 -71 -96 -17 35 33 -38 39 2 -25 -82 -90 16 5 29 33 -17 -61 -3 88 70 50 48 -86 73 -85 -10 0 32 -16 20 -83 29 -81 25 59 -91 14 96 22 88 85 -76 59 88 -74 -62 -78 -56 -82 -16 3 -7 -79 69 -97 13 52 -35 -93 -87 -22 12 49 38 -68 -96 -6 95 52 -3 30 0 81 -8 -59 16 71 -67 -70 6 79 34 -28 95 99 -44 -66 -24 -6 24 63 -58 -99 95 2 33 -74 -36 74 -34 -61 -10 47 21 11 77 -11 -12 -93 -79 38 -10 62 64 12 22 23 91 89 -47 71 77 37 48 -3 -99 -12 7 -45 12 -81 -97 27 -82 -15 47 84 -87 -28 6 59 53 -39 -4 -66 -99 71 -41 95 40 -22 14 -90 15 -7 -92 77 -31 -51 31 -32 97 6 33 -35 -69 -48 -12 75 -55 50 19 51 -6 3 68 57 19 96 42 77 -57 -59 -26 96 38 24 7 -88 -48 90 -75 -56 
-80 -55 -35 -35 96 51 98 -13 -70 -85 -13 37 -79 68 -69 95 72 92 85 -37 57 -21 59 -83 -3 19 45 34 -48 79 -83 -42 87 7 50 0 57 52 44 -81 76 -14 16 -71 -77 -77 -78 -64 93 -71 -86 41 14 89 44 16 -16 -71 70 6 -85 -86 -81 -20 -10 58 -11 -58 -28 -86 -93 63 30 78 92 70 67 -72 -9 96 27 3 33 -37 95 -67 -18 -64 6 -98 -61 21 -37 51 52 -58 -6 96 26 21 -23 61 43 44 24 7 -54 -30 4 -95 97 59 63 -23 27 -59 26 33 -63 49 48 78 -78 -36 2 15 52 73 -20 44 -48 -99 -15 51 26 -84 65 44 -12 -37 24 -58 19 -66 -27 -27 -40 19 -88 40 52 90 -57 67 35 21 -86 -11 -66 -33 -57 26 -97 -62 92 -36 39 91 -58 -7 -26 78 68 54 75 -8 -28 44 -93 2 -31 71 85 87 33 1 -89 -63 -38 85 -78 -26 51 -43 93 -16 41 80 11 16 19 -79 6 -22 55 -12 -3 3 -12 38 -43 -8 -5 34 74 -99 43 -55 -13 85 -80 80 -11 -54 60 -49 20 -10 -53 -58 19 98 -88 87 -1 -46 81 80 64 30 -3 -67 -55 -16 98 35 64 -48 9 91 53 7 8 14 -12 27 97 -84 -77 0 -22 83 82 38 -55 -48 -52 54 -42 -62 -97 33 16 -97 -17 6 -99 44 51 23 76 96 -90 0 94 -81 -18 -74 74 -44 -13 -44 11 41 -96 36 22 -98 -77 -37 -59 89 80 3 47 -86 -1 -20 70 -42 -91 -5 -91 11 -32 60 -43 92 -85 -88 -54 39 -54 93 37 10 60 -15 27 -82 12 56 -70 -1 -85 23 -65 1 63 55 -14 70 55 -23 10 82 -13 80 86 93 7 -47 -20 -72 -55 -56 25 -86 13 -56 22 -86 -23 73 8 -11 66 8 34 -77 -6 79 74 4 -76 -92 -64 -46 69 -20 21 76 29 -23 89 -86 -60 4 -10 7 -35 -70 -16 -5 -2 -81 -30 -88 -55 35 84 -96 -45 -2 73 -22 -44 -47 79 -3 -66 -23 76 -73 27 -59 34 85 34 -69 -73 6 2 -75 -1 67 -70 -12 -15 84 -31 76 68 28 -79 -88 -33 -61 12 43 90 47 -92 -83 81 -9 61 -99 20 -74 -55 9 9 90 18 74 1 29 40 42 7 17 -27 -67 78 46 -51 92 51 -35 -42 -62 54 68 67 8 -89 -55 70 -63 -34 -85 65 90 56 -32 -10 19 35 -92 -54 -61 99 17 -65 -98 -75 -99 -28 35 
-63 -72 10 90 42 20 -33 -44 19 -74 -60 29 34 62 69 50 -65 76 39 93 -4 -4 5 -38 40 -78 44 44 -74 -67 70 -67 76 31 -3 -13 34 -8 -29 92 -94 -64 33 -14 -32 37 -89 65 20 -19 97 64 85 -86 -8 27 -82 28 40 -83 48 76 -62 -59 40 4 91 72 -8 -66 61 47 -17 37 -72 -89 89 -26 87 -62 6 -88 -18 -75 -44 9 -42 78 -66 98 5 -31 -96 -2 11 -89 38 40 -55 88 -77 -72 28 -54 -25 24 11 2 -99 70 -21 -99 25 -39 47 -35 34 94 -98 87 -64 89 33 16 15 -42 -57 -11 -68 -2 90 -58 10 48 8 8 -14 83 -48 -42 -52 -84 -91 80 -72 80 -66 39 -3 -22 32 -9 84 -44 32 34 20 79 62 -48 -40 -7 5 -36 20 37 86 85 98 67 98 -34 -42 -99 79 -31 75 -44 91 94 -35 -71 -93 87 -81 44 -76 -36 -64 -52 -87 4 3 9 -20 -12 -36 -41 25 56 -24 -45 76 49 -31 74 -27 -47 7 -69 48 41 -94 14 27 -98 90 99 -27 -27 88 78 49 -18 -72 -45 -18 2 96 14 -2 95 -8 56 -74 57 -68 16 -47 -85 -24 -52 -50 21 31 29 -91 -7 31 63 -8 -76 -79 -84 -94 -53 42 -64 -71 32 -12 -72 60 -57 34 8 30 -66 -21 -33 -76 -35 -51 11 81 70 -65 96 76 77 17 4 72 44 51 33 62 -7 -32 55 12 58 52 88 78 -38 -31 -87 -79 -78 -49 99 -60 -87 -63 53 -55 -80 -82 -62 6 -27 -96 -78 51 -75 79 -2 45 -24 -94 -56 -92 29 -49 14 65 -49 -25 -67 73 24 71 -85 65 59 -6 4 -81 64 66 -64 -19 -13 -6 10 44 -18 50 -89 -6 -21 35 -38 -99 -14 -75 -47 -88 67 77 28 46 -59 7 40 -85 72 26 52 62 94 -23 -66 32 60 -32 -74 -21 64 -11 -2 -75 -83 -84 65 21 68 -77 14 -12 -35 13 87 71 65 73 -30 -90 -88 -19 -11 47 -39 22 42 71 -38 85 -10 -2 -19 97 83 67 -2 84 -60 -17 41 -54 36 -55 -5 98 59 -3 25 28 -76 20 -97 53 63 23 -18 25 -38 -46 90 -79 -16 54 39 25 51 66 -71 -5 65 -93 -96 -96 -79 -22 70 -38 27 83 -60 12 -15 29 64 82 52 22 99 -14 60 82 -61 89 -48 -19 39 -65 -15 -24 -91 7 -80 63 -53 -47 -35 30 -68 78 64 -63 -42 75 -31 64 46 23 65 -50 -44 
16 33 70 30 -7 2 -43 -55 99 28 63 -96 -67 -25 -65 23 -37 62 54 -50 -30 -23 41 58 -19 81 0 -73 71 6 61 84 75 -96 13 50 71 36 38 -49 -92 -14 9 37 91 -99 -53 87 -85 36 16 58 -66 -34 93 -16 -60 -72 -78 -54 -59 -92 -40 -14 -98 25 82 -19 -50 20 97 79 56 -70 40 -66 51 -38 -58 50 -97 35 -37 21 51 27 -62 -31 73 43 -71 -92 -13 -66 55 -13 11 -52 -3 32 28 -18 16 -85 91 -76 -6 -89 26 16 -96 -12 -68 75 -47 28 45 21 -37 -50 -50 22 66 43 79 40 41 -21 99 82 21 -90 88 79 -43 -62 -63 94 -12 -86 -59 56 -35 5 -10 -35 56 35 86 69 -96 19 -18 -9 -75 82 68 -83 24 79 -90 -29 33 -51 -43 -69 -41 -74 -36 32 20 -80 -99 64 70 -31 -93 44 -42 -42 58 87 -92 -97 -35 3 -92 -84 -87 -22 -17 38 28 16 -12 -84 39 -46 12 18 -14 -9 98 0 57 90 43 42 -39 -86 -48 75 90 -76 0 -46 68 -23 95 61 21 -29 52 -33 89 84 -78 4 -11 -43 46 49 -66 83 46 57 6 -24 51 18 -58 38 -54 -35 -44 88 21 22 -88 24 -14 -64 -87 36 -29 4 -93 -29 82 -31 -32 15 9 -50 47 21 29 86 -77 -37 -54 50 -49 76 -71 94 -57 17 23 -80 -42 -12 -50 -14 85 -23 96 53 70 0 63 -69 -78 66 -76 79 -53 -89 -37 -84 96 18 -15 57 71 18 -99 32 -81 80 2 88 50 -95 42 16 84 -71 -73 46 86 91 70 36 -28 -26 28 -38 97 -77 38 66 60 -93 43 52 -38 47 6 -25 -6 -94 -31 -3 78 9 -5 65 99 19 -90 77 37 94 56 -70 -47 65 -95 15 -56 86 -71 88 -72 55 -60 -57 -3 11 -62 -54 60 -79 77 80 -24 64 85 -68 34 -93 -97 -63 53 -11 -15 -49 80 -66 14 19 -21 -36 51 30 -75 86 -94 67 61 20 -66 1 -77 13 32 -66 57 28 5 42 37 -88 -21 44 41 80 34 -65 80 96 98 51 4 -22 -97 -33 -76 19 -79 -5 -46 -21 42 23 29 1 -55 -86 -52 -10 57 56 -30 17 -46 -85 90 7 -73 14 60 -64 -88 18 69 15 -75 -62 -92 -65 39 52 -15 -10 -73 -76 76 29 75 74 -14 -35 -43 -73 71 -64 -9 -41 1 2 -69 80 36 31 -47 -14 2 89 -25 -56 -26 42 64 -65 -21 -50 -71 -21 
-61 42 -37 -34 -42 99 97 34 -38 42 66 17 19 -42 -6 -7 7 22 -65 -13 78 78 -81 15 -69 15 78 95 68 19 69 -39 4 -88 27 -99 26 3 89 -8 39 41 -98 -40 -97 -97 77 -98 83 78 -20 -52 -49 56 -29 11 99 56 -90 18 -29 84 -19 67 -29 37 30 84 2 14 16 -92 -50 -34 96 -50 -11 53 21 -78 -47 -35 94 24 -82 -42 90 87 -18 -37 -71 17 -86 -34 -90 61 -80 83 -49 90 5 64 46 50 -17 43 -4 51 63 -39 -57 64 -47 -89 -41 -66 -9 -18 -84 95 -9 60 -9 34 -31 77 -85 -63 -26 43 42 -17 -62 85 -45 -81 7 -98 94 -48 19 -30 40 -31 62 -61 69 -41 95 -78 30 -18 52 -59 -39 40 -79 -39 0 -88 -29 36 -27 59 -51 -66 0 41 73 -42 29 38 -64 88 -8 -97 -24 -64 66 8 -65 35 32 -77 70 -80 -19 36 70 23 -85 39 -7 -18 -41 -25 94 0 52 -24 7 97 -82 59 -4 -14 19 99 32 49 -61 87 -10 40 63 -10 63 -19 -56 -81 -40 -1 87 -70 38 -8 -42 18 83 -2 -72 42 16 -68 -44 -7 -29 62 -42 85 16 26 84 -33 -75 -79 -53 18 94 99 -49 -53 -20 -50 95 91 78 -22 -55 -27 -2 -89 -80 -10 87 70 84 -21 70 -20 -77 83 93 5 48 41 44 -16 -17 70 71 -83 -83 -59 33 5 -9 63 -64 -24 -31 -17 -96 44 -64 62 -14 -17 -6 53 -46 61 -93 -54 6 -76 56 71 -29 71 -49 -93 -49 -67 36 20 -1 85 41 -55 76 -44 28 -43 42 -95 29 68 55 1 -16 15 60 28 -83 -46 -56 45 11 -85 35 20 -88 -83 66 46 -18 -70 7 43 -8 65 79 12 -68 32 -31 -9 -67 -23 20 -76 99 91 71 63 -93 18 -57 34 95 -12 -50 60 69 49 -2 83 41 45 95 57 67 -83 -32 -29 37 41 -47 66 -10 -12 -18 7 1 72 -82 10 37 12 82 12 -95 72 72 20 -91 -46 -96 -65 45 -94 85 39 -26 19 15 -11 44 45 39 -43 27 -70 25 38 -40 -88 -92 -88 87 -30 -44 -35 -86 -21 72 -78 59 -95 -10 -49 37 77 -28 27 -41 57 -64 82 1 -63 57 -50 11 58 75 68 58 56 61 -63 48 91 70 76 75 -54 66 -15 97 74 -93 -53 8 90 -64 55 19 -57 -42 -2 -99 -30 76 -4 -7 60 -26 -58 -6 -80 -86 -82 -81 2 -22 -10 23 40 
-51 91 78 63 16 0 -39 -30 63 88 30 18 24 11 16 26 82 -92 32 -80 73 -32 9 5 -23 18 50 92 76 14 -64 -39 -73 -14 71 37 -70 -84 -90 -94 -40 -46 78 54 -78 -5 32 19 -28 28 -62 -86 -94 -17 24 51 -57 -72 -66 -19 7 50 69 35 -11 -59 87 -80 34 -37 83 -21 71 71 -2 -17 -50 -50 -89 21 21 -40 -71 -50 -84 -46 -93 90 82 -67 9 -83 -72 64 96 18 32 92 20 -64 31 7 -80 -94 -41 -7 -32 36 55 -60 97 -61 86 -29 38 -35 -73 -23 70 -18 -21 -82 -71 -91 -27 84 98 -39 69 -95 -92 -67 -1 -27 8 93 30 1 -87 69 28 -44 47 -96 68 58 -23 -10 8 75 6 -50 62 -41 25 64 56 68 38 12 24 -27 -64 -6 -2 50 76 -20 70 -96 37 -27 -28 -80 -38 76 47 79 68 22 -57 70 85 -85 74 -67 -93 52 -60 35 22 -53 1 -47 33 28 -66 93 5 34 -90 -26 24 -5 37 83 -78 -82 83 -43 48 84 24 47 -40 89 3 -92 -69 -96 28 -67 -94 39 13 97 9 39 87 15 -51 -50 27 -54 36 82 19 -39 19 -21 81 73 -65 30 -73 -50 -42 53 15 17 66 13 -93 -26 -47 -9 -73 -78 20 -3 -8 -75 78 -78 12 16 -18 10 -40 59 94 44 -74 -59 -46 74 36 -81 89 80 -77 -11 27 68 -61 -35 -23 -2 44 -63 32 -35 23 -70 41 -95 98 46 -85 -84 78 85 65 58 15 -63 -53 -4 -16 -40 41 -62 51 -50 -60 57 -64 42 -64 87 56 47 28 34 0 -68 -33 80 36 -42 35 -35 -90 -61 -70 -4 -10 97 -99 68 49 -61 48 92 39 -50 13 -74 21 5 0 -17 -40 24 64 -6 58 28 59 62 -47 -65 -44 -44 31 -82 -36 -72 -58 -76 79 -71 88 51 23 -27 36 -27 62 52 27 -20 84 35 -66 32 -53 -4 -22 45 5 -38 87 -41 -33 45 -65 -21 -11 -46 69 -88 95 43 70 88 91 -32 -95 -1 54 -23 37 92 -15 -41 69 98 94 87 -81 74 -29 48 -7 71 -91 87 -42 80 42 69 88 -46 -26 38 77 -94 -76 30 -46 -66 32 67 -23 62 -24 96 -97 -86 -63 -56 83 66 -67 89 -66 46 -38 -99 82 -95 35 31 90 4 82 40 37 -49 71 74 5 82 -82 -77 86 3 11 22 83 95 -83 4 -9 36 -51 16 19 -16 -10 63 6 -1 -37 -39 82 79 4 -65 
58 4 30 46 -10 76 -18 -31 -83 94 57 2 40 -74 21 2 -62 -74 -46 52 74 -84 -65 -17 67 -28 -38 -59 -20 -6 67 -30 25 40 -90 -14 24 11 37 63 -1 42 25 1 -87 17 -14 -97 66 9 28 -13 -99 2 -51 -36 -10 95 54 83 -51 -45 12 25 4 29 -36 95 -69 -23 45 90 43 -49 39 13 22 -26 90 98 97 87 69 -29 -53 62 2 -59 -62 -95 67 62 -1 33 -7 7 38 73 -8 7 -85 -71 -88 -34 72 -82 38 -6 0 -66 95 76 65 27 -84 -83 -94 -83 70 76 -9 61 47 -84 -17 31 -27 53 85 -2 -56 -19 25 81 -44 99 22 -95 -30 -71 -8 26 -28 22 -15 86 -47 33 -81 46 -53 27 -60 92 -20 42 5 76 -1 -6 83 -37 -91 -25 -39 -85 41 -2 6 68 63 97 -77 -86 -96 -50 47 -78 -87 -41 37 -74 -97 -50 -43 -80 1 -61 12 -38 -72 27 11 57 -75 -91 -72 34 46 -2 -82 -37 91 -56 28 52 21 -31 89 -14 73 28 25 -38 -46 -41 -11 -73 -73 -4 -5 74 28 -25 31 -39 -23 -4 49 -88 59 62 29 70 -22 73 58 94 2 -50 -68 -74 -75 3 28 89 62 -65 -32 28 47 99 -72 66 -82 24 19 -44 60 15 -44 13 49 -80 -74 0 -14 56 73 88 64 -71 35 51 -32 77 -31 37 -62 53 -67 -2 -62 34 28 -17 -44 -77 24 -18 -14 40 -69 -67 -3 -9 -27 28 -5 87 -85 11 46 -97 -90 -63 -12 5 82 67 99 -16 38 76 -85 -56 91 -2 50 -82 14 -23 39 -92 95 -71 31 -69 -87 -43 96 -72 3 38 -73 96 43 82 42 36 51 -32 15 94 18 29 -91 4 -37 84 -11 82 -1 72 -78 80 90 -12 23 85 -65 -15 -72 -33 4 2 -36 98 -30 53 6 50 -65 56 29 -20 -16 88 63 -47 -4 -57 -97 -13 -29 0 -53 -11 64 92 -8 -34 75 -28 71 89 95 -63 97 61 69 10 32 -42 -93 -19 36 65 93 -55 -65 87 -72 68 2 28 97 83 -93 -45 80 21 -97 -20 14 -88 -79 76 -97 1 78 98 34 -25 -49 96 -15 -83 -63 7 18 -45 24 4 69 20 -86 -95 -72 -23 -62 -1 -85 16 -1 94 11 -12 -47 71 94 -46 -63 -48 70 -99 8 -34 37 -96 -16 86 -61 -65 45 -72 -18 85 4 4 -77 -70 -75 -97 -80 46 70 -26 -28 49 53 47 53 78 -19 61 27 67 59 30 
-29 -24 -95 -51 21 -34 58 -87 3 83 -75 80 57 -12 99 75 30 76 -16 48 50 9 55 4 -57 -74 -65 -40 -64 86 41 47 -54 -36 -25 71 3 -77 69 -92 52 24 3 51 -50 -7 -32 -40 25 -62 24 -30 -24 40 -62 -27 -98 -95 64 -54 -62 95 -32 7 93 29 14 -42 74 78 -37 91 -41 -16 45 58 0 49 -15 -43 -69 -80 81 28 -7 -88 24 81 50 -44 -83 11 21 97 67 -8 65 -75 58 74 0 32 35 -61 66 34 -60 -55 -17 55 86 99 18 -24 -70 69 56 56 -80 19 21 81 -81 -22 86 -43 -85 -84 -45 -63 17 -17 -73 49 -69 -46 96 43 50 46 60 -25 82 47 -64 -11 89 36 -98 -32 38 -30 93 79 -26 -36 15 68 26 -13 99 -54 17 -56 -89 -79 38 -64 17 -62 -44 -70 -36 99 2 26 -85 37 23 36 42 72 10 15 -9 78 -64 49 -68 -48 69 43 -45 27 -4 -24 57 -98 -40 -20 -24 46 -86 -12 -55 -85 -53 19 -38 62 -58 -60 40 -14 9 -3 -49 -66 65 -55 74 62 -13 -47 18 -78 36 -68 -17 45 -24 -55 98 21 -7 -21 29 39 -32 -89 67 67 68 -91 -99 -73 -44 -10 -78 98 -93 -13 -5 -21 -63 79 31 95 -34 -45 82 -5 -88 49 24 -87 76 23 -41 -49 -70 -55 -5 51 -28 5 74 -94 49 95 -35 20 14 -54 -44 79 87 80 -14 13 -38 -45 64 61 7 -56 37 -32 58 -63 -81 58 -94 60 26 9 33 51 -6 -5 35 42 -12 11 -43 17 65 3 20 -89 51 68 -54 2 15 17 -85 -91 -65 29 -86 96 9 -35 -14 -39 -46 67 -88 33 -65 66 71 -75 -54 -23 -87 -40 80 -15 63 -44 -92 -17 48 64 2 94 97 -17 -40 -66 94 45 40 71 3 -22 13 76 16 -34 -47 -16 -71 66 35 -47 -56 30 -67 -78 90 94 83 8 -51 3 3 59 32 -29 1 -18 67 83 2 39 3 6 89 20 96 -41 85 76 -78 18 -97 38 -14 45 -61 42 -79 -98 -49 -9 -59 -22 -23 69 7 -27 -74 3 43 79 64 -73 -22 -97 45 11 -82 -46 -56 -66 46 27 39 -73 -8 -13 -13 -97 -82 -17 -70 -25 60 -91 60 -55 -8 -16 -84 89 -88 59 -24 -78 1 -47 54 90 57 -83 -76 8 -23 -29 -19 41 57 -4 85 -80 61 -27 83 -68 92 -54 -96 -27 33 28 -70 62 -89 15 65 7 87 6 6 26 37 47 
63 17 -65 21 -89 -64 -40 -21 -50 42 73 -67 -8 -36 97 -65 3 98 -76 -41 -92 -61 -45 34 -29 28 1 -61 34 -80 61 -28 -19 70 84 46 -76 -43 -47 69 -55 15 24 90 75 -99 17 -48 -36 -68 2 61 -35 -68 -27 30 48 27 50 58 -83 65 -58 -51 8 -57 6 -56 -40 -84 -27 32 77 42 -6 99 5 -30 74 -98 -90 10 88 45 67 -84 -95 82 -40 -26 -43 -97 79 -46 -92 -4 54 69 89 -92 6 18 -35 -7 4 -74 -54 43 -39 58 34 -18 71 68 12 52 25 -36 -95 -35 -47 35 -12 -33 -73 72 -3 -41 10 -50 73 26 95 -65 87 -27 26 -69 50 36 37 -14 75 24 -70 36 17 -79 -41 -59 3 80 -18 -91 -44 -84 43 -29 -4 -81 76 78 38 -48 -93 63 48 90 88 51 95 20 41 99 -76 -48 7 -27 91 -85 -96 -22 -20 -71 50 -51 -47 36 -76 -73 -96 -21 34 12 80 -35 29 -68 -37 93 -82 -57 80 -34 91 8 50 -13 75 0 36 -2 6 -1 91 -29 -58 -21 18 -84 -90 15 61 10 -24 38 40 41 -31 -71 97 -44 -47 57 13 -58 19 -81 3 -21 19 -30 67 29 -7 -72 8 31 16 -52 67 -97 56 -94 26 -25 -23 -29 -26 -11 -61 42 -8 19 9 42 -14 -90 35 98 14 -59 -35 -6 10 26 -31 78 -56 96 -53 -64 31 -25 -3 -68 -32 68 86 22 77 41 68 -16 -64 -19 85 9 35 -4 -70 76 56 48 87 -17 -95 41 87 31 61 47 -79 82 -82 72 78 87 -66 -18 -63 -1 -35 -70 -68 -66 95 -91 24 -4 73 88 -62 -18 -14 38 -58 40 67 -49 -57 95 3 -1 -97 59 15 31 26 -36 50 31 -63 37 -72 -54 82 -3 -12 26 -89 -29 30 -28 73 -64 -1 -57 -6 68 96 -69 -20 -24 84 87 -96 66 25 -82 -58 82 57 -33 76 4 68 81 53 11 -64 -78 -51 -33 45 -74 -67 55 -21 93 -44 -37 68 -81 20 39 41 87 -85 99 58 90 -88 90 -93 31 -8 -42 -30 -46 -45 -61 78 -52 50 76 4 58 21 -11 82 -19 52 83 73 12 65 -19 17 61 38 83 42 75 -68 35 30 30 -38 25 27 76 79 -57 34 18 -91 -77 72 -91 -42 -21 78 -7 -46 -81 11 74 29 27 -97 -95 89 5 -19 90 42 -44 5 67 49 -75 -84 60 96 45 -99 74 -72 -76 93 -24 73 -2 86 -53 -23 -48 -70 -69 
3 -67 0 75 -69 -19 24 51 -1 24 20 74 24 38 -12 11 -79 -1 -15 -43 -42 94 58 -75 13 -52 -99 -45 -48 64 89 -99 -73 -86 -40 60 67 -10 69 -97 2 4 77 76 -26 77 -55 63 -17 86 10 -69 96 -22 -97 -20 -68 58 63 25 -50 -68 29 67 52 -83 -90 -26 -14 -59 91 -49 -37 59 58 -68 -39 -51 97 -86 -45 49 -89 -38 20 -85 -92 -70 33 -43 -5 61 28 -42 -99 -57 76 -49 -76 28 85 5 78 -68 -91 14 -10 -9 96 88 -97 -43 24 -37 99 -90 -84 -28 35 -75 98 63 -71 64 84 78 0 68 -59 20 -47 -1 -56 -53 30 11 -25 87 -21 -96 -64 -70 99 82 23 -37 -63 -71 -49 80 57 78 21 -68 -22 -69 -67 22 -95 14 36 -9 98 87 51 -70 28 -17 -52 29 11 -53 14 33 35 7 31 47 -6 3 -60 -30 94 66 -58 -25 66 50 -38 49 70 -19 -4 -5 4 -7 77 -87 -37 71 -12 -82 -51 91 -87 89 -60 -53 -94 -57 -78 80 7 -40 78 -7 45 -64 65 46 77 -51 32 62 -99 23 61 -89 -62 48 6 62 -29 94 71 8 58 51 -80 76 -52 -93 -83 2 -8 -29 85 -7 96 87 -9 35 30 36 70 -16 77 -72 -60 64 -74 21 -58 -96 18 95 -66 -4 -76 2 30 3 42 -75 -11 -23 -89 49 -60 94 40 -36 7 93 80 -40 -55 32 -36 29 -13 -92 -84 -91 99 39 -36 -13 38 -21 -40 84 3 28 -83 -87 -39 -97 93 40 77 25 -67 94 87 66 69 28 -39 -10 44 39 33 -76 28 -13 21 10 19 31 99 50 66 39 -16 15 78 46 -1 44 50 -84 80 71 8 75 86 -44 85 13 -29 5 -82 -2 -16 89 27 -73 61 53 44 20 45 -8 -16 71 -2 -9 -52 -34 84 -39 -64 -90 76 -48 17 26 71 63 61 16 -94 -18 92 79 92 13 -10 -73 -78 -34 -57 71 13 88 -96 44 14 12 -9 42 -58 -92 17 -11 4 79 18 -67 -13 -82 41 -1 -26 59 -10 -84 24 -70 42 -18 47 -90 -68 -30 91 -84 -72 -47 16 96 52 -95 -23 37 73 45 -50 -38 -81 -25 59 -56 -80 -77 -1 70 12 70 59 40 84 20 31 8 73 25 42 78 2 -12 -2 24 23 48 74 -6 -1 -30 80 -61 70 63 58 -71 97 -58 16 77 73 34 19 39 -65 93 76 -53 77 14 43 81 -79 -63 -98 7 -93 30 -2 -11 
-4 -87 -95 -24 72 -97 -99 90 -41 -60 4 37 -67 30 74 -83 -15 -15 69 40 30 38 84 55 -9 -21 -52 -50 18 3 -77 -72 -82 89 -52 71 35 -5 -84 74 66 -4 25 3 -70 -59 74 25 77 8 -29 34 -67 64 -99 26 96 94 36 52 53 46 -94 12 60 -90 77 49 48 37 45 22 28 55 -50 60 -19 -20 -52 15 96 3 90 -31 31 -78 -92 -81 -98 57 77 82 86 40 12 69 32 47 42 98 46 -10 -89 38 30 -11 -70 -14 -82 -45 -99 97 42 -59 -50 46 -49 99 64 -50 50 -97 63 -36 37 56 -10 95 -45 36 -63 37 12 -60 76 -77 39 -70 -3 54 15 -63 -48 -86 -41 -12 15 98 -38 -48 77 -97 98 -70 -2 -79 5 97 -67 -89 -5 -59 -65 -89 40 -93 -8 -96 -65 -58 -72 -96 -69 -5 69 66 -64 -25 34 -14 49 -38 -2 -79 -85 33 96 70 67 95 77 -33 35 89 88 60 -65 -28 45 42 -25 18 -23 65 -36 -77 -37 -79 -89 -76 -36 -66 -93 8 -40 -24 -53 -29 -12 -39 -49 -89 76 11 -68 3 -70 59 -50 -57 -91 89 63 13 78 36 -4 -85 -42 72 -2 57 -23 -74 13 31 -95 70 -47 94 -87 35 22 66 -8 -49 -9 -64 69 -92 51 -39 -68 98 16 -23 -84 74 86 -44 -77 -54 25 57 -9 -87 19 -31 -11 36 -58 19 -73 99 99 15 34 -71 -36 65 64 -31 -20 26 -55 -53 28 -42 47 65 -59 -34 6 60 0 71 -66 5 93 19 48 68 31 -41 93 -12 -23 72 -41 -24 -21 -94 16 -32 61 67 -79 75 9 -2 -22 -73 -23 -10 -95 -35 42 38 16 8 -84 -23 64 -12 -83 -82 92 33 28 -51 -1 89 13 94 -25 60 -3 81 49 90 -21 68 27 69 57 70 -10 37 49 -35 -9 93 10 34 30 -18 77 -99 15 -7 -58 17 68 -36 -45 -67 67 29 2 -78 62 91 3 4 -8 69 -39 -23 -16 19 99 -17 -40 57 -51 45 19 -2 36 -29 -34 -9 -84 -87 -40 54 -62 53 -33 21 70 -27 -27 -59 61 -32 14 -70 41 11 16 79 -82 -45 36 -70 15 -10 49 12 -41 -74 -7 46 -72 -64 13 -23 74 16 -41 12 -91 -51 6 -3 -21 52 -81 -50 -99 -63 -32 18 -61 5 -55 32 -62 50 19 97 -5 21 24 5 3 -22 44 -87 57 -90 75 7 68 93 65 -86 91 13 5 -9 -15 -89 61 62 44 55 89 -14 
92 -69 -94 -42 72 -24 2 11 11 -69 83 6 92 86 95 -94 14 45 -66 -25 49 67 -78 -54 -79 23 0 -62 -37 87 -44 -28 -33 70 -36 57 94 -93 -53 37 68 80 -92 26 -36 94 -60 39 58 38 -58 -40 -51 -38 61 1 47 21 31 63 2 15 -94 67 28 33 -68 88 14 58 91 -50 69 -27 38 44 -32 76 -53 98 90 37 30 -56 64 -95 -37 -27 82 -80 -47 21 47 -55 -85 -20 -11 -17 -45 -90 -37 70 80 -17 22 -45 -57 21 45 39 63 6 -22 2 -46 -35 -84 -31 45 40 -10 -6 36 -43 31 49 -30 -22 -59 76 -6 71 -82 -21 -95 61 45 31 -98 16 -14 -81 50 -21 -30 87 11 -45 3 22 5 10 -20 49 -31 -89 63 -39 74 -39 87 67 23 -44 33 17 36 8 -93 -61 74 53 25 -23 82 -4 -40 46 -18 11 5 61 -48 -13 -27 83 -83 -48 35 -92 38 -76 -53 -29 93 39 -22 -54 22 7 15 75 33 -17 -92 77 11 0 88 23 -7 -9 -86 77 9 -95 5 29 -10 -86 -49 48 23 -45 -51 0 69 30 0 -12 92 74 -34 35 93 18 -41 -60 -98 31 -59 97 -21 50 98 59 44 56 -43 -58 -21 58 -77 71 -2 -25 -99 94 94 61 -6 32 -46 -82 -75 -59 -77 -64 84 -49 98 -47 14 -61 -42 37 44 -8 72 34 -47 -54 89 9 -85 -74 -53 -1 -8 -8 -6 32 -35 24 -71 11 43 -87 59 7 36 25 25 -68 -12 -49 -40 -34 77 56 51 -72 33 88 -65 -48 66 22 1 71 -79 -41 -1 4 96 44 14 -77 -18 -2 61 67 -59 -60 -82 24 -16 -4 90 11 41 92 21 -18 -51 19 76 -97 95 -28 -98 65 -99 56 -39 64 -44 -34 23 -17 48 -92 94 -21 -88 66 89 53 -29 67 6 -24 -43 74 34 13 -36 -22 -44 -27 36 -89 -63 17 -10 8 6 1 -49 -76 -19 19 -3 16 74 -97 -33 -92 -63 69 -36 -45 -93 28 -46 34 -46 60 54 69 92 -28 32 -96 73 58 27 2 6 27 5 -81 -76 -47 -40 24 59 27 -90 -38 -67 -49 90 -24 -63 -36 15 70 -76 60 -91 -6 85 68 74 -51 -42 -49 29 87 -86 -13 -46 10 -99 70 -18 -35 -79 -97 -82 -78 29 10 57 -22 -78 -58 30 7 97 -19 62 48 -55 -74 -68 -96 -18 17 -76 41 27 87 77 -76 40 17 86 -69 10 -91 85 76 57 -86 17 -63 -33 82 
68 -65 -20 -50 94 57 29 -24 -48 88 -48 10 -45 40 57 96 -97 -88 17 72 -55 -53 24 -9 83 45 -3 32 -33 -41 -79 1 -84 3 -50 58 33 42 42 -59 -3 86 82 46 9 -81 -73 13 69 22 52 72 -61 -37 6 -15 95 42 -97 95 -49 -55 -21 -53 -2 92 0 -40 81 20 98 40 -91 10 5 -65 20 -22 -31 63 -5 -99 -22 -45 -36 -69 10 28 18 11 -88 -71 -8 59 18 58 -74 78 70 72 26 4 -75 -74 -29 35 95 -84 -98 -87 -66 -95 79 -13 39 -50 27 -74 37 15 61 -42 -95 -14 93 -5 -75 -92 -48 -34 45 -28 -37 -63 -2 -62 50 -3 -59 60 -57 79 -85 88 96 51 93 49 48 -45 -31 6 13 19 -23 -49 -97 -93 -2 -38 -91 89 22 -64 -98 21 69 -78 57 63 8 -67 -48 32 84 -4 -62 58 -53 77 -6 -47 -36 -43 -26 -76 -33 70 -86 14 -48 -16 8 -21 -21 -1 32 -75 -94 76 82 -4 -23 -71 42 54 28 -95 -63 -30 12 -48 -57 -14 60 51 23 65 62 88 -66 -4 43 -35 -89 -39 -31 -38 54 45 83 38 63 87 -60 68 46 24 -55 -12 76 10 -14 -47 -49 48 -25 36 87 -97 -5 -26 81 -69 11 59 -82 22 -72 53 49 -28 -72 0 47 24 1 -58 -30 82 -90 48 47 -69 -24 -9 55 64 -27 22 -61 18 -26 62 -79 21 4 -15 -85 81 4 -68 -56 95 40 -81 -6 89 78 94 -63 -33 79 -84 -9 83 36 72 73 -50 63 79 59 61 23 -84 -3 5 52 84 27 53 24 -50 -91 -2 -94 48 -20 -37 35 -28 -23 8 -43 51 -40 75 32 -36 -68 88 -65 44 -19 75 -20 -72 98 78 -70 -63 32 44 25 -42 29 -8 16 -61 -77 51 12 -18 40 68 -76 78 -18 -17 43 -1 -61 57 87 45 -55 98 -42 -81 -5 -34 24 77 84 -38 -6 34 36 54 14 33 55 27 -34 25 -83 -60 38 49 -63 -57 93 69 -19 29 35 -23 -26 34 19 6 -31 -7 -63 7 47 -95 60 20 38 -45 18 -59 -11 22 -72 -31 -22 76 -24 -22 79 86 20 30 -9 -91 -95 27 -65 -87 -31 4 -53 -58 78 -12 35 -95 33 53 -74 -5 95 95 -87 -34 78 -28 -93 58 -47 42 -89 73 6 -98 -52 58 -33 -53 -60 94 -38 -46 -99 -72 -59 -21 73 52 -62 -34 31 3 55 99 -3 50 -55 27 98 0 2 48 -87 30 -88 62 
73 -93 -93 -17 82 -64 94 -74 50 -7 -37 -99 -37 -28 6 19 4 5 -76 45 57 -5 -69 85 64 -59 -99 -35 12 75 79 -76 -27 -57 -46 -55 -99 -78 -55 -43 61 43 59 -30 23 -53 86 -27 2 -44 2 58 88 -16 -81 -5 -43 -15 36 -10 48 -10 -70 -75 -37 -13 -50 72 -87 0 36 -92 43 47 94 98 14 -11 -93 14 98 71 -60 -42 62 -71 6 35 -24 -35 14 -49 -94 20 28 0 69 -13 20 31 13 -19 -28 5 -46 -31 9 96 79 42 70 -43 -57 -33 -1 -7 67 5 35 45 35 41 45 -30 49 6 -46 48 -31 20 -38 -13 -53 -63 33 -96 -73 -33 89 -65 4 -22 64 49 -33 48 -14 -90 35 -83 -6 -39 93 -26 92 1 -11 -16 97 -5 46 -41 -9 -2 -99 -62 -85 -47 78 -3 -95 12 -44 64 50 -36 -18 -79 -78 13 9 97 82 -52 -46 -84 -5 90 13 -15 -70 -4 2 74 -67 86 -92 46 55 -66 -30 78 98 91 78 30 -60 5 39 -80 37 -25 -54 41 -85 0 2 81 3 -84 -74 -28 66 -97 -86 96 -42 -95 -83 -10 43 -11 6 23 63 -35 -34 68 -78 -26 -23 -28 44 26 49 -26 48 -58 -1 17 51 -16 -28 -31 -64 -69 -94 86 -80 -2 52 26 8 88 40 43 4 53 -79 34 -69 96 75 -61 67 -36 35 -83 -12 -41 -47 -3 13 -36 47 59 -88 -12 81 34 -53 76 -47 4 -39 34 37 75 3 -60 -40 -86 47 -35 -75 6 -25 -56 -3 84 -15 -1 52 24 -86 19 89 61 -83 -51 -10 -7 48 -54 -30 41 59 -78 73 -11 -44 -29 10 -50 31 68 32 92 -15 19 -58 -41 -31 -26 -68 -35 -78 -55 84 -14 15 46 93 -56 -86 -93 98 -87 71 11 6 48 38 -12 -85 -79 55 -80 17 -23 56 -61 -10 -54 14 -43 69 82 -49 -37 -70 38 -47 80 33 -3 44 88 -85 57 47 -78 -62 44 -96 -71 -38 -1 -95 67 73 -33 97 -50 -27 -17 10 -82 57 31 61 -73 35 24 87 76 26 -74 18 -80 -25 45 -19 -93 -50 -98 -47 93 -51 -50 42 -49 -20 -98 28 -11 -32 4 56 -12 -67 -66 -73 49 57 73 -10 23 9 -99 29 -13 12 40 -56 -88 -97 -62 -69 11 -11 71 79 -93 24 15 -85 30 32 71 -67 -5 -86 -93 -35 -90 31 49 42 -60 91 -49 18 42 5 69 89 44 -31 65 62 -26 41 -76 37 -30 9 2 99 4 
69 43 32 -3 62 -8 74 -20 -30 74 -94 6 96 -27 -68 66 -85 22 -82 44 -31 62 53 -98 -92 -8 18 1 -87 22 -57 -62 28 -27 -42 11 20 34 33 95 -65 -66 -11 99 -37 55 -63 67 -54 50 4 77 98 33 -48 12 39 31 68 -41 29 -36 12 90 -97 -89 -71 -45 9 67 29 -13 97 12 46 -74 73 84 8 -48 81 -32 74 -58 -63 13 -46 -48 -3 -81 -84 -38 30 43 90 15 66 -31 -27 -29 -37 -7 -2 -49 78 86 -90 -47 -79 -58 67 -14 19 -81 -71 61 41 99 -64 -72 -9 64 -35 -37 34 6 -93 -40 5 -77 0 -99 -8 -94 -45 -27 74 -3 91 -54 47 37 -84 2 33 -24 50 92 -54 -15 -17 44 7 73 -99 70 71 -5 -67 -64 -16 -57 64 -54 57 -38 60 76 60 46 -85 -36 39 -87 -33 -75 48 -58 -68 -15 98 91 -69 -31 -55 13 87 29 84 -52 -76 -80 49 61 32 -61 -37 49 20 39 60 -66 52 96 63 -97 47 -23 28 12 -51 -81 -73 -28 -43 64 16 13 -96 7 63 -1 44 46 23 -26 -81 7 -41 -83 86 -60 10 -46 -82 61 63 71 -5 10 -78 -84 19 -97 -95 -28 -13 -78 -53 67 -65 4 -25 76 72 -53 41 -92 -52 41 7 43 -77 84 22 63 74 73 97 14 -73 36 -80 -91 74 -25 -49 35 25 -37 40 -37 -16 -83 -34 -92 66 84 -45 14 -42 -40 -83 -30 -58 75 -8 -50 95 -91 -64 54 41 33 -71 41 -7 -63 29 -33 -45 -30 -20 -48 0 68 30 78 -39 82 -11 -88 66 -21 8 33 -35 77 58 27 -30 40 60 -23 13 -61 32 30 -68 -50 85 -30 -62 23 26 -54 74 -53 73 -27 40 -5 -48 76 68 76 -83 98 93 83 72 40 95 -97 0 30 63 -13 26 50 -8 -59 -92 -27 83 31 23 -77 46 -65 -88 -28 -3 -95 -37 53 -25 -8 -13 -38 -24 -15 64 -69 84 27 -70 -73 29 -24 20 75 24 -2 65 -97 44 -69 56 -81 -32 -89 77 49 73 54 54 -88 71 28 12 80 -59 33 46 -33 95 -92 0 -30 22 -69 -31 8 20 -95 40 82 22 21 58 -96 36 -17 13 -89 -77 53 -30 -16 -73 50 -39 -24 59 -91 73 -51 98 64 -53 64 35 41 -59 -55 -12 7 26 96 28 -32 76 38 -7 88 73 55 -57 70 33 -1 -13 19 -15 95 83 -11 46 69 9 -15 80 -91 6 -76 47 46 80 81 
63 58 -46 -7 0 84 -69 -73 59 46 -54 -94 81 83 44 58 15 19 -87 81 47 -79 89 48 23 -71 87 -40 -83 68 -5 0 -29 77 38 86 35 -4 14 93 86 -90 -45 -13 -69 23 -97 -78 -43 -14 -11 21 3 88 80 -67 -85 -51 42 91 18 96 -89 -72 79 -6 -4 -4 -36 56 -41 79 -87 0 -60 -29 -27 2 47 -10 -99 35 -96 -61 -47 -45 69 75 -63 55 -88 91 -63 78 15 -69 99 -25 91 37 14 14 25 72 78 66 83 11 -83 -67 -27 8 45 64 56 -5 48 31 22 -54 -17 -6 -46 -40 -32 91 -20 -35 -12 -81 -2 82 -5 77 -48 -46 -34 -10 -19 -43 -85 -78 55 -52 -29 -31 64 47 -47 24 -15 42 62 -21 33 -72 -10 -59 86 20 81 49 -63 -30 93 -82 23 37 74 -88 38 20 31 73 16 15 -31 -26 85 47 -23 37 -53 90 27 -52 98 -79 55 95 -39 -19 93 57 76 -31 75 3 -64 -70 13 -96 76 -26 46 -44 -76 -28 43 32 93 41 -55 -31 47 46 -89 37 -90 -38 67 21 45 26 -82 -38 59 -29 86 -70 1 -64 -96 31 -6 22 48 -69 55 81 45 93 -58 42 -76 47 -99 -39 -75 45 -97 -99 35 -90 -76 -36 29 -25 79 -29 -14 90 -59 -78 -20 -40 35 -68 -93 88 -94 -33 69 36 94 -45 28 95 69 -84 59 -34 -2 85 88 84 -71 33 78 -26 7 -11 76 74 -43 -84 -10 12 57 27 -61 51 -89 79 -6 67 93 -18 -49 1 60 20 18 -11 -10 25 -2 -3 -62 35 97 30 59 9 41 64 -3 -92 -6 -22 -68 -63 -29 34 54 36 3 -75 29 -44 32 -20 -4 81 17 -99 -43 58 -87 -37 41 66 31 13 -3 -24 -57 -26 -48 54 28 40 4 -22 -57 51 1 14 -1 -60 5 -65 -11 -92 73 -67 -81 82 -14 20 30 23 75 -16 1 52 -69 -68 -44 -19 63 -64 -85 -89 -94 -32 42 -25 -40 86 60 43 -65 -55 -12 59 -27 -93 96 46 -88 -26 61 87 -46 78 43 73 46 81 -32 -79 -18 33 46 -33 9 16 -99 78 16 88 -87 -43 77 -32 37 -94 -15 95 -97 29 -19 78 -42 55 5 65 -26 1 10 58 -89 -36 38 52 69 45 34 65 -5 27 72 -45 -6 1 -25 88 60 -24 13 88 4 69 -13 55 -77 -41 -30 -42 -14 18 35 -9 97 -62 -24 65 -63 -86 -20 -49 -83 -50 41 44 54 27 -23 15 
25 68 -26 -95 47 64 67 -9 1 90 -67 65 -15 -28 -52 -28 19 3 83 -95 -81 -66 -8 6 -98 -28 47 80 88 -55 -17 87 -53 38 -71 56 53 41 40 -69 87 74 -8 -6 57 -27 -83 -12 80 -18 -4 97 60 65 25 -75 97 -53 -36 83 8 -69 -96 -57 84 71 -48 -44 28 -42 68 84 -82 -72 -72 42 2 -74 -6 -10 -3 89 94 4 -78 62 -15 31 99 -75 6 34 97 -47 -7 44 -55 -50 64 -26 87 31 -70 91 77 -1 -73 -59 62 -67 -27 -44 -69 -57 -95 76 -91 9 -14 80 -51 -49 -62 11 92 -23 55 -47 -54 53 -34 46 -76 -54 77 85 -71 32 -6 48 62 91 -70 29 24 81 -34 -1 72 -16 89 -81 -3 0 2 -78 -28 33 -95 -74 85 21 34 -62 -53 -23 -19 -36 -51 -34 10 86 2 27 -47 47 63 -22 -37 -52 -89 64 -96 -40 -90 -23 -81 -32 93 12 -99 -87 74 -44 59 40 10 64 52 52 58 -64 3 73 64 -38 74 75 15 34 60 -65 31 -14 -20 43 -67 -18 89 -85 62 -66 83 31 1 89 -85 -22 78 78 50 -93 24 73 78 54 11 48 73 -55 24 45 -98 60 91 16 19 39 21 -25 -8 89 -5 -53 -94 90 67 51 80 -66 97 83 82 -89 61 -95 -42 -28 46 99 75 -88 -49 -61 74 -75 58 -47 -2 -20 46 -16 -79 50 55 63 30 -3 -79 -68 53 -10 -9 7 65 11 93 -46 37 64 24 -8 17 -67 96 -98 47 91 -54 53 -92 -6 54 93 -87 -83 -16 91 -65 85 -78 15 -61 -77 -71 -94 -5 -80 27 4 -71 64 -24 -2 -83 55 78 51 36 17 80 -29 18 -94 75 -11 18 35 -97 -32 -90 -12 9 51 60 -62 -72 98 81 39 -54 -28 55 71 44 -14 1 94 -40 -31 65 -11 -99 25 11 34 -17 -53 -99 51 44 -42 -10 32 35 -80 -51 -63 -18 -33 13 -61 -87 -35 -13 -58 87 86 -86 -42 47 -36 41 57 24 61 -84 -72 28 -88 -32 40 22 57 90 -26 31 -41 16 51 66 -45 -43 15 -30 -41 -95 -36 -60 24 42 49 95 -60 -51 33 -18 53 -29 33 -88 85 -23 -32 -39 -75 5 65 73 39 21 -25 -1 -96 -38 -39 73 54 -64 -77 83 57 -81 3 -29 -1 -15 25 83 41 -36 24 -24 -65 -41 35 99 11 71 -11 84 91 -66 28 -83 47 18 96 -43 82 -45 -35 45 -97 21 14 -15 -97 93 -30 
83 -9 93 -62 80 -11 28 69 -80 34 43 53 33 -20 -63 31 59 84 65 -90 65 -63 47 64 -68 73 -88 41 -37 -53 30 34 50 65 -28 36 -7 -93 -91 -5 19 -27 18 64 66 25 90 30 -12 44 -78 -21 26 39 -88 26 95 14 90 5 -91 83 29 -53 32 90 88 85 62 -58 74 29 39 66 40 60 -88 16 -62 -96 37 15 17 46 -89 -56 -76 20 -65 -37 11 -10 -61 -68 -61 -2 -13 86 80 -59 82 76 7 -45 67 86 98 -29 8 66 -34 21 -9 -51 -6 19 -97 -70 9 -93 93 -45 -67 -91 14 -29 84 -24 55 4 63 88 95 24 4 -83 -96 -67 -72 23 -92 -45 73 54 -57 -71 40 -37 33 -59 36 -87 -5 -47 -2 -98 78 76 -60 29 20 -76 32 -21 -80 -40 40 88 -5 31 76 -59 -59 55 39 32 35 31 -42 43 -90 -16 -46 92 41 -16 29 -60 -84 -78 -11 71 -21 -14 -6 88 87 -80 -29 -61 -34 -58 39 9 83 -63 -13 -52 -11 -70 -40 52 54 -6 56 -4 79 70 -9 24 96 39 -71 -25 -59 -71 34 -73 -24 -62 -3 -99 87 84 -12 75 94 32 -78 91 99 92 -61 -55 -32 -31 -84 71 5 31 -68 -16 29 28 3 -21 96 87 -80 28 9 43 62 -34 -57 74 -91 -48 39 35 -8 47 -18 -80 1 38 64 35 -80 -73 24 78 40 -56 -26 77 1 82 12 56 28 93 -9 59 -72 28 96 -10 -69 9 -98 -96 26 96 92 4 -5 -52 1 48 65 66 -11 -43 55 -8 33 -22 57 46 35 29 17 -83 -98 74 31 70 88 40 1 -82 38 -9 65 81 -64 3 -80 49 -49 62 31 -42 -3 70 -74 -23 -42 -20 -80 62 -41 -8 23 -12 -30 -93 -43 -89 41 93 -60 -91 58 -22 -35 76 -75 -31 -81 79 65 -10 40 31 60 88 -50 -20 10 -3 13 -47 22 63 -73 28 70 99 99 57 53 84 -83 -24 -55 10 -78 -85 -10 -51 -56 75 72 8 60 12 99 8 -33 -24 97 71 -22 97 42 22 25 -79 -79 61 -64 52 -60 6 -20 -58 63 28 16 -71 -93 54 99 33 82 24 -58 54 21 88 98 -32 -26 -26 66 45 82 -23 24 -92 87 -69 -47 -2 23 50 -78 59 -43 -33 -61 -56 92 -8 -36 -88 49 5 13 -56 -97 51 -55 -11 -93 74 74 -33 -12 32 -23 -1 48 -27 52 -41 10 -63 -50 10 -53 94 60 83 80 65 63 -35 
42 -17 78 -41 -60 -50 -15 -29 6 68 13 -63 -21 -45 -51 -37 -74 51 -53 96 -17 -83 17 -96 -62 -64 -37 -35 -83 -29 69 -53 40 -83 -43 9 -28 30 -22 2 98 -19 36 -82 -9 -91 -47 -67 24 -43 -38 1 4 99 -47 79 7 83 -25 -30 -42 -62 1 37 -65 97 -50 32 19 68 -41 -59 54 -32 48 -93 4 -82 77 2 25 10 -99 25 50 -5 0 40 -48 -77 38 41 7 -13 87 -23 -68 -56 98 61 11 -29 46 -1 -11 -86 93 -71 -22 -61 93 30 -10 -6 -83 18 8 -94 18 -81 75 -96 39 84 47 -60 -29 -60 81 3 -4 94 -73 39 -97 -39 -68 98 34 36 -83 52 50 -30 -43 21 36 56 11 62 -60 6 64 2 -55 -97 40 10 41 59 81 -48 42 23 -13 35 69 -35 -42 63 8 -86 -59 -60 9 69 15 -66 -96 48 39 30 48 27 -18 60 0 -74 60 76 98 33 -61 -5 -14 -31 -3 54 -99 -84 -80 15 32 71 -54 -57 -89 -59 95 34 40 61 50 -35 35 -66 73 -86 -5 -54 94 -57 -44 54 -23 3 -78 -51 -63 50 28 -51 -80 -46 7 52 75 67 39 -42 -90 25 -22 -5 -16 86 -58 -26 92 61 1 54 -26 14 -26 76 30 -93 -42 10 33 43 34 -43 -33 9 40 26 49 -89 -37 -76 13 -1 -1 -23 87 78 -48 90 -91 -2 -99 -98 45 88 -77 85 43 -33 77 94 93 -21 41 -65 55 -92 -12 58 -28 -61 -7 -62 9 48 -7 -35 -7 85 -68 -8 -31 80 55 35 31 -41 -11 -38 10 37 14 -27 -96 1 54 -99 -46 -96 -81 45 -10 8 -81 61 81 62 0 -57 -93 48 23 -54 -98 -5 -27 98 -30 16 -32 -53 -97 39 -21 -19 27 47 88 -92 12 -84 45 45 27 -92 -55 -14 55 -12 3 61 -48 -29 50 49 -22 91 -25 97 8 45 2 -18 -64 18 61 -54 -57 -79 -24 33 -39 -9 -3 -56 -75 20 18 96 6 40 64 31 26 -81 -84 31 -17 46 59 66 10 -37 47 97 -91 -47 -37 -4 -27 84 89 51 -93 36 -57 -74 99 -6 -97 -57 -79 -41 -72 -75 -55 87 66 -20 82 -66 38 4 -50 11 71 28 63 81 1 17 -47 -68 -50 35 69 26 -63 -65 -50 -64 -30 38 28 -52 13 -21 32 -64 95 82 18 -42 70 4 46 96 53 -69 20 40 -32 61 -35 50 25 84 50 -8 -91 79 -82 83 7 53 -57 -58 -45 -75 
-7 -85 11 18 -20 49 -7 -13 98 -76 -78 60 -19 -8 71 75 2 27 -73 -73 -39 -34 0 96 -42 71 14 28 -80 -65 66 -75 -90 74 -36 32 4 70 54 -27 -48 55 78 -30 -75 32 -3 33 39 -92 -53 -77 -41 -27 -96 20 72 -70 67 -40 62 -14 72 -99 45 61 -15 -2 -30 -55 -18 8 31 54 10 -94 12 -17 42 8 26 -64 -78 -9 -17 35 51 -88 41 15 -8 9 -14 82 44 73 -24 -18 -81 -50 -62 -8 -14 36 -61 -59 78 9 -20 -70 53 32 96 -50 -31 -49 -52 -96 91 -71 -41 17 25 -31 85 -59 0 24 -79 73 20 20 81 -74 19 96 -9 4 -5 -12 -54 -47 85 37 -40 -80 84 -21 -51 -75 84 -8 -38 19 80 58 1 -60 -98 97 -50 -97 -40 -98 18 -73 -85 -9 17 57 79 -92 -60 63 75 -86 -94 6 76 -47 62 -92 -98 50 -96 -99 20 -8 84 -79 -75 65 39 29 -49 -15 -54 -32 -16 -49 22 -23 2 66 -29 66 -95 -16 -62 -96 99 -24 -60 -76 -38 17 -54 70 -81 -18 2 55 -76 1 83 12 21 21 -92 18 83 -98 -70 38 -26 -9 28 97 67 -67 -30 -98 -15 -20 84 41 -38 32 32 65 -5 4 -1 42 34 -68 85 5 10 -73 -72 43 20 66 -98 -90 -45 -31 77 88 -64 71 96 19 48 -3 -28 56 78 67 86 86 -50 59 -36 43 -66 55 96 -43 36 43 6 71 73 29 -47 -11 51 -81 67 99 -36 -57 -10 -66 78 -50 -5 -38 -32 -78 7 -2 -41 47 -99 19 -83 59 -55 13 96 -54 -8 -6 -59 6 72 70 45 -14 55 52 83 -81 36 -75 13 -6 -9 -54 97 23 76 -77 79 -37 -75 -12 -48 -67 -94 -19 3 -97 -23 -38 61 -28 32 11 -63 14 -53 67 -28 0 -65 -71 4 -87 -91 -6 82 96 87 50 50 30 -70 -98 23 22 -99 -69 -22 -55 -98 -9 -42 -66 -22 -70 66 10 26 56 -80 -50 -40 82 -53 -15 -55 17 -52 -37 -55 31 19 -30 -10 -30 -70 -94 96 -70 56 -67 84 94 27 -8 -24 8 -77 73 23 -68 28 26 -29 -84 81 -15 7 -74 -66 5 -67 -90 80 -2 -41 -63 78 56 -93 -96 85 -44 22 77 -50 79 -4 90 6 67 46 -67 13 -14 -64 -45 -70 52 -85 92 -42 36 -17 63 -59 24 67 5 89 -90 55 -21 -72 67 -74 11 83 21 61 16 32 85 -15 27 68 -56 3 54 91 20 
-63 -50 18 -39 3 -71 -78 -76 60 -91 65 0 -20 9 -79 80 51 92 64 73 36 21 -8 -17 -28 -21 -65 -20 -34 67 46 -50 49 63 -76 -14 -48 73 87 -1 -72 -91 -81 -47 -34 -25 17 -26 -34 -82 9 -12 32 5 91 -87 -79 -50 31 71 64 40 85 -66 78 -76 30 -56 -39 -6 -17 -16 40 -70 -26 92 8 56 -84 87 85 -57 -21 -55 -59 -7 -52 51 -75 28 -77 89 -82 16 -21 -41 -38 85 40 94 78 -19 33 -94 -55 94 37 -94 80 94 59 -78 -63 88 48 88 32 10 -8 77 54 33 -14 67 57 -33 -22 -24 -52 -98 67 -67 63 -10 6 88 -95 -14 -9 -28 -60 -73 38 74 -43 69 38 57 -45 -58 65 29 94 -21 -54 68 -6 -4 77 98 -67 -16 37 -91 -77 38 19 18 -41 -85 -1 -95 52 -83 -14 42 -33 -2 48 -13 71 67 24 -24 -57 10 4 -16 -48 -2 -46 66 -9 -57 -43 40 39 72 -2 -55 -7 56 -30 -56 -71 -38 52 78 -37 -20 56 -25 -78 -65 2 78 72 -69 43 -62 64 66 26 51 -89 -84 -24 -93 44 99 -47 -53 -60 -19 25 24 -3 85 -68 4 -77 -15 -13 80 92 15 -54 -3 -60 10 -43 -54 47 24 61 53 57 -30 -72 49 -52 -9 -98 63 -22 -10 32 45 59 -92 -73 66 -65 -20 -88 60 82 44 16 -45 -88 -86 -82 53 -72 -43 -94 -30 -23 -30 -80 37 4 -51 11 99 -70 -88 3 67 35 -88 -40 -58 1 -75 -89 -35 39 21 -16 -64 -64 -32 47 4 -87 10 -49 -10 60 40 75 70 -84 -99 58 21 -2 -30 30 48 -48 42 27 4 -98 43 15 9 -49 -61 -34 86 3 -39 74 -30 -12 -5 1 3 -55 37 -4 -22 96 -26 -99 86 99 -79 85 -92 18 40 6 -77 -1 23 -69 36 -77 -12 -40 50 -47 -53 78 -50 -82 -18 -60 -74 47 78 29 18 70 -46 7 57 -6 -89 19 -8 -45 42 -14 60 30 78 46 52 -97 -46 42 -35 -64 -29 15 42 -87 -26 62 36 29 -57 2 11 -54 -40 62 -82 22 89 94 -53 -3 48 69 13 -85 -46 -40 -41 -47 -48 -98 66 -52 79 -78 38 29 -98 -57 45 -1 -59 85 72 73 37 -41 83 -29 62 52 46 -43 -80 -96 69 -49 -9 -49 -47 -87 26 38 16 98 -89 -21 91 -29 90 -96 87 44 -91 -68 -52 -19 -39 71 0 -62 -99 49 59 91 -18 -51 81 80 58 -89 62 
5 -49 98 -24 76 -35 -85 -78 -49 -71 11 64 31 83 5 -54 -19 35 53 -58 1 71 51 -16 40 86 -54 -2 26 88 -58 8 93 -40 -56 66 14 75 68 -60 -36 70 -56 -93 71 26 -85 -64 94 94 -30 10 18 -96 -29 -84 86 84 45 -5 -41 9 -38 10 90 -47 43 -94 94 2 -72 57 -17 93 -7 36 -77 31 -49 -48 -76 -97 32 -60 91 -78 1 44 -41 19 13 -52 23 -55 31 47 21 -44 83 7 -60 33 56 9 -38 42 -69 -89 -9 52 80 -77 -85 16 -1 -42 -30 -20 -53 -78 33 -66 91 -44 14 81 -42 -2 20 -72 -40 48 24 -11 97 -35 29 23 6 11 -76 40 -48 71 93 57 -95 -12 47 -72 24 63 -3 -4 70 -49 38 -66 96 -33 71 84 -84 -2 -3 82 -23 -12 97 -64 -51 50 -49 76 -42 53 65 -22 -67 -81 31 11 63 14 50 -26 20 95 -88 80 13 90 -63 44 -60 -72 89 -9 95 -97 -11 11 99 -29 13 -31 37 17 -50 -12 11 -70 74 71 -26 -52 40 95 86 -23 35 95 -48 -2 89 16 98 -67 -25 55 69 -36 -92 75 80 11 -35 56 -58 -58 -24 -36 13 34 -24 80 76 -67 -76 50 97 -50 49 -52 -29 17 50 -59 -59 5 -89 8 -74 -78 99 19 -10 -30 -27 -60 35 -98 20 45 -40 72 46 69 -28 -65 39 -6 -40 60 -88 3 75 36 -16 -47 24 34 64 -85 -95 24 -7 58 8 -58 49 82 94 1 -61 -37 15 -19 43 -65 71 -52 -29 8 -76 -81 -43 89 12 -26 -30 -15 54 72 -19 37 -9 -53 61 -59 60 -11 51 10 -91 -93 99 48 -42 58 -97 35 -64 -4 80 -29 56 99 -33 30 78 -88 -1 -36 -50 -69 53 -37 -15 59 89 -55 -50 -71 82 -21 12 -21 -19 -40 -87 34 -61 -9 3 -68 44 -43 -34 4 33 -87 -19 91 -91 79 39 -12 52 -55 29 -36 -90 73 -39 -52 93 -95 -47 -57 -87 19 -52 -1 -19 19 -77 37 -84 -96 -57 -69 29 -47 -92 53 -87 -15 66 -86 63 29 -51 -44 -1 -5 54 -77 14 -32 23 19 -3 74 14 4 36 -3 -41 -43 -5 76 -44 -61 75 26 -10 32 7 -72 53 -55 16 -71 44 95 14 42 -59 95 17 12 -4 58 53 -25 -62 0 22 68 -81 96 95 70 -14 53 -1 -59 41 -41 99 -47 -33 9 86 -52 98 69 56 6 -61 71 -76 74 56 -62 -54 93 27 31 
-27 -31 24 -40 75 -57 -39 -8 13 -98 -48 -72 10 -99 -13 -65 28 -12 40 63 9 76 49 -49 -66 -76 -65 -33 -17 69 69 -93 -35 99 -23 78 -27 81 19 -31 -93 38 92 -74 5 71 -92 43 -90 81 -59 -44 -70 36 -48 62 -40 -78 -25 15 -79 3 -71 -72 56 -79 22 -53 -62 -65 46 95 46 -53 -87 39 -6 -35 0 84 -89 -11 86 -11 -4 2 -63 31 26 96 -69 48 93 56 82 -40 -51 -40 85 87 32 -51 -59 -89 48 17 6 -84 -62 9 -51 -27 -9 -2 -23 34 22 -51 -23 44 70 1 -93 61 -51 54 -42 33 -8 69 -94 55 33 96 13 52 38 -97 -18 -35 37 93 -84 -80 21 62 -12 -72 10 -83 -79 -80 8 -80 14 80 -87 20 -79 -63 -21 -33 98 97 -40 16 -14 -19 56 50 -6 92 8 -31 -54 27 -15 -71 -87 -71 1 71 -36 35 68 67 -19 26 -75 -31 -44 90 85 -37 28 -42 13 72 60 60 53 -92 -58 34 -52 -80 92 -34 -21 -59 83 0 -47 45 -84 67 -7 -14 12 46 -99 -19 57 -54 -4 35 -64 76 -93 95 -81 -53 -39 -86 70 20 61 21 91 97 -52 -94 -83 -72 68 -69 -71 53 -97 13 59 -12 6 -2 32 -89 44 84 77 58 -2 41 54 -10 89 -29 -97 -23 3 -53 22 -52 10 -43 -93 -5 -5 84 -94 -7 30 -49 21 58 51 26 -99 95 -61 78 -15 -1 -42 64 40 -92 -73 -21 -88 60 71 -33 -22 74 -64 26 94 -83 93 -11 22 -84 54 61 72 -39 89 -70 94 -33 -28 47 73 -37 -30 -86 -4 -91 77 32 -22 -76 79 79 -3 -6 69 -25 -69 -98 -97 -7 6 12 33 5 69 28 90 -92 -8 28 -53 80 -33 -30 -2 1 50 32 -81 21 -2 -22 84 77 -71 -14 -62 -9 -51 53 76 -26 -73 -28 4 -31 80 89 66 -51 -16 -62 -90 1 -96 74 50 67 83 -52 14 -35 12 3 -77 -48 -93 -39 -87 -6 92 40 -21 -64 -65 -23 49 5 -14 70 77 44 73 -13 -42 23 1 92 -19 49 49 21 -99 -54 74 -63 76 -44 70 56 -56 -36 -81 91 20 -54 -8 -92 32 92 80 56 96 -24 -58 -37 97 94 -78 67 23 79 -16 44 97 43 -82 79 -59 -64 -90 41 95 79 -71 66 -9 70 8 4 -73 8 67 -35 -58 56 84 15 -20 21 9 6 -10 -46 1 -25 36 -71 -46 30 89 69 -9 -21 9 -89 -27 -80 
-7 34 35 6 -47 -77 -66 7 75 62 -57 -13 -94 75 83 78 6 63 96 63 -7 7 7 -50 -56 64 -36 -38 -92 -37 -89 -98 -24 93 -59 -55 -21 -61 9 91 8 -36 -97 20 -48 -9 -88 15 -89 -73 74 60 90 -58 -18 91 -31 23 85 -20 -75 64 82 26 -68 -35 5 18 -18 17 -97 87 28 62 29 -49 -91 28 7 -21 52 -5 22 8 97 -70 -73 -57 -57 43 -39 49 -94 -89 41 67 -33 31 -82 -83 54 52 -28 29 -62 -14 -65 -88 -54 46 -38 91 94 -88 35 -87 28 -41 -96 -50 -42 -47 -57 17 11 -10 84 -34 34 1 -82 28 0 -67 -83 -87 50 28 -25 -3 12 99 47 -26 13 52 25 10 75 18 53 -11 -51 -93 -73 27 44 -79 58 19 66 -19 54 -30 1 8 52 93 57 9 54 65 35 37 14 7 28 -80 -84 32 -55 88 -69 -33 -35 -73 88 -82 58 -15 -49 26 -27 70 57 54 20 91 -95 27 98 12 21 70 54 38 -41 -64 -60 14 -92 -61 57 14 -98 18 -30 26 -48 88 80 58 98 -55 44 -99 67 89 65 -6 79 -70 26 51 -62 -8 90 78 -77 -1 62 96 83 53 -58 36 77 41 -97 -51 48 -94 55 15 50 30 15 32 -94 -21 -9 53 -4 -87 69 -64 10 -89 -57 -73 -40 -65 84 -75 -64 -6 41 -76 -18 94 -49 -97 -73 -40 37 -76 -99 98 67 -46 73 -9 29 -64 16 50 -95 67 59 -68 54 19 73 -92 15 51 -95 -57 -86 -90 87 -65 12 88 79 8 59 -86 21 -1 94 16 80 -45 -73 40 -16 47 55 -17 49 -6 49 -85 73 45 -33 -39 40 44 -41 87 8 14 -99 -93 11 -99 -64 -20 66 -63 -95 99 -12 60 -59 90 -44 -30 87 76 93 61 -3 -93 -78 -31 38 -69 77 69 25 15 -26 -55 72 16 39 -82 -74 45 -99 86 15 82 -68 -69 -25 75 -66 46 16 74 47 63 13 16 -13 2 -96 35 -43 21 -60 46 24 -27 -35 7 -39 -31 -67 93 1 47 -76 -97 -71 81 -87 -87 63 1 34 30 -18 90 -74 58 53 -43 85 78 36 65 -25 -6 81 35 -73 -67 -14 -74 43 -25 -74 -18 -24 26 7 -8 83 50 -28 -12 46 62 45 -71 7 -20 52 -55 -52 -8 84 -71 50 71 -57 -99 19 41 -63 90 52 64 -24 -49 -39 53 -55 -28 -72 -71 -35 57 4 -50 -68 -73 45 -11 58 -25 -27 -28 15 33 
60 86 -44 34 82 -24 -87 -74 68 1 0 -91 -18 42 -74 -43 -1 -79 -38 86 -28 0 84 -68 70 22 91 -53 -49 -58 -45 -35 18 -93 -56 -4 6 44 28 -75 48 22 59 37 52 -84 85 48 32 61 -41 -15 58 -80 -47 80 95 12 -13 61 -79 89 45 -60 -87 65 77 40 -13 15 76 -56 -75 24 94 84 33 -75 -32 -92 -62 46 99 89 19 -59 -61 14 -90 -43 -75 -56 -35 -4 -96 0 -89 -43 -61 53 -63 -80 -72 65 -56 -33 57 -40 -36 -84 -66 -39 74 33 5 98 -11 27 -80 61 82 46 -37 -79 -54 42 94 18 28 -28 -76 82 14 52 -65 -62 -1 74 47 67 -1 67 -48 -4 -20 47 -20 7 82 4 -15 -81 30 1 -28 76 40 66 61 98 -9 30 39 70 -45 36 -73 36 95 -36 -93 -92 -66 83 74 -37 -98 -96 1 -91 58 25 38 43 -53 4 37 -74 2 41 -72 -95 39 -20 -93 -10 -58 -42 -54 67 16 -16 -40 11 -53 65 94 -27 -61 -50 -2 56 56 -25 -4 -77 -61 35 55 -53 30 -2 -37 -70 -9 66 92 -90 70 30 -18 97 -7 78 76 69 -6 44 22 35 95 61 -91 -2 -7 0 52 70 -41 3 66 -85 -28 -36 46 31 43 62 -92 61 -52 -66 35 24 98 -81 71 4 -54 -20 10 -11 95 43 -50 -19 32 -25 -52 32 -60 10 -7 29 -80 32 -60 93 -27 5 9 -97 93 -60 -14 -26 -75 -24 -27 33 -18 -38 93 -35 -30 30 -45 79 -16 -96 -98 -82 -7 89 -96 -75 11 89 -51 99 70 -73 -64 -76 74 -16 60 35 35 -88 -48 2 -3 -60 50 60 -1 84 98 -71 -29 -12 14 -6 -59 -62 8 -6 -39 17 -7 -74 -63 -78 -97 -22 -99 65 95 59 46 -13 64 52 -2 -71 -61 -65 -27 0 37 64 27 23 -5 27 53 47 1 -5 -66 94 -64 11 20 79 71 76 98 44 -54 -7 -51 -7 -93 25 -96 -62 30 6 -3 31 -28 47 99 2 -30 13 47 -30 -80 47 -62 62 54 90 79 21 -50 -1 -97 -23 71 79 -85 -87 23 -82 -55 -26 8 -5 18 -38 50 -65 -85 -23 -58 -25 15 -9 81 97 -39 -75 40 -69 -78 29 -73 16 63 50 -50 -11 -38 62 -30 95 0 36 -33 -88 35 -26 99 81 45 -65 57 99 -35 55 82 -9 -96 79 58 -8 64 -87 -67 -37 42 -22 69 25 19 18 51 -51 -75 -9 -50 -3 87 -26 90 3 
-92 53 -52 4 16 -30 -69 2 -89 -76 93 -37 6 80 -20 -96 -54 -60 -2 49 63 18 -19 -98 21 30 77 57 62 2 -57 45 33 -25 -82 -68 -66 7 50 -33 -90 -20 71 -37 23 2 94 -1 -70 -28 -85 23 -85 33 21 3 39 75 -51 -8 -39 91 -14 49 -68 70 88 -43 -71 -34 -62 -51 -65 35 64 -60 38 75 -88 37 57 46 79 -65 -24 26 -23 -2 -97 46 -90 63 27 -60 -36 84 -41 -94 -75 -84 -75 -91 42 -22 72 74 -41 3 87 30 -51 38 -91 -6 98 0 -41 25 3 -68 55 -78 -80 97 86 -28 99 52 49 -87 -94 8 26 27 87 -91 -14 6 -15 -38 50 55 66 -86 -26 -91 55 68 -43 -81 -4 74 -20 -54 81 13 -57 77 -40 81 -18 49 53 -70 46 -91 80 29 -86 73 54 -18 -13 70 -60 9 -10 14 -20 14 -26 -8 66 -7 -57 -43 -86 29 -88 -60 -7 -72 -15 -63 -60 2 -85 69 -97 -79 13 -21 -44 -69 70 -9 -11 -38 -61 62 -18 77 -72 -7 72 84 -79 -76 10 57 -43 -27 -8 -86 -71 -9 -54 46 4 88 51 60 84 -44 -43 -34 -80 -71 47 -91 -83 -66 49 -9 -19 -1 -49 -25 3 9 -21 -27 18 -81 -37 -79 -67 92 -66 -21 66 74 -31 -44 -28 99 -59 13 -68 58 26 13 62 42 -16 53 77 82 -87 -83 -73 -26 -90 14 -49 48 -10 -5 26 49 -89 -55 -32 -69 43 75 -32 33 67 -44 18 81 -83 68 31 58 -1 -10 71 -21 -10 -3 72 -26 -99 -20 -80 97 -30 11 -46 1 -38 -83 -46 90 8 -15 -55 -23 -24 43 -1 96 -76 29 -78 -14 -13 -43 -3 85 87 -73 -65 92 64 33 -61 -5 14 6 -98 -54 -13 98 47 -82 9 78 -48 15 -15 -48 -55 66 61 -50 -55 -44 -80 70 0 62 57 -18 51 78 -7 -34 -3 1 44 45 -27 81 31 -10 50 -32 72 -20 -48 25 -41 -78 -98 -52 92 -92 93 29 -85 12 73 34 32 -65 77 72 24 -1 68 36 -5 -40 48 -2 -48 -82 -54 -69 36 -58 -47 81 -90 -44 31 26 -9 16 1 -4 -30 -42 -10 -17 89 51 43 -50 -92 -84 -34 86 14 71 52 -47 18 -92 94 21 17 46 9 -12 -75 -49 71 50 -55 79 86 -25 26 46 98 26 52 30 25 -24 71 -70 87 -70 61 2 25 -7 45 -55 -96 -81 12 5 89 76 -26 -98 8 -34 -47 -68 10 -52 -27 -22 
-70 73 -44 61 80 16 25 81 6 76 -25 -65 -82 -32 63 46 93 -34 -37 89 -62 75 38 30 -61 45 -39 38 79 25 -88 18 -7 94 -16 -33 -88 -69 90 -91 -57 32 74 14 61 -82 43 -78 -39 -36 -43 -62 15 -24 44 -77 -59 -40 59 26 -85 -18 89 -9 43 -71 62 -2 67 40 64 44 -35 29 23 15 30 14 40 -19 -15 -84 95 -53 22 -34 66 -73 68 -93 19 17 -18 51 -36 85 80 72 -2 35 8 -69 29 19 50 33 97 9 -85 90 52 -75 89 -51 -41 -54 -21 26 -78 86 26 81 89 -37 -73 -66 8 -79 85 18 76 -81 -28 -18 75 -75 90 69 54 27 -17 43 25 -46 42 -78 -62 57 -52 -62 -25 9 92 -59 -68 -89 37 -78 -93 9 83 -77 -68 -13 -87 37 -94 80 22 90 -7 -1 -53 97 -85 -38 61 -45 38 34 35 71 70 -5 61 5 20 -62 -80 -27 -44 -39 -54 5 72 76 -38 68 38 -95 30 -16 95 -51 -99 -58 -40 8 -61 31 9 -74 -2 -65 -2 -89 40 56 43 -50 88 39 -2 -52 -75 12 -43 46 -37 -22 -64 43 9 -38 -44 -68 -82 -74 5 -22 -83 63 14 8 -98 24 26 -18 -87 -62 33 -52 -26 -64 23 -96 -19 -45 52 59 -60 62 72 -96 -34 99 -88 95 47 62 -83 -80 -53 26 29 -78 -73 34 -32 -1 -57 91 35 31 -19 7 -36 -7 -74 39 42 -31 -40 14 69 -77 22 -63 47 -47 -79 94 99 -20 94 -42 -24 -61 -36 -74 52 -86 -25 20 -28 57 -36 -74 -32 -58 -53 66 86 -76 7 -75 26 -97 11 6 -4 -21 13 25 -94 -69 71 23 53 20 18 -17 -15 41 -35 21 -16 -83 89 94 -6 38 -56 -97 26 -27 -27 -58 -77 -61 78 -95 65 10 -18 -11 -96 -23 -98 52 9 30 -60 89 17 -75 -19 -9 17 -5 -98 -23 14 -66 -68 6 -21 -9 65 82 83 22 -53 26 -21 -86 -6 -83 -64 83 -13 70 -65 58 -42 57 15 -62 71 19 -97 -29 58 -29 -52 -25 -98 -98 78 16 3 -46 -21 -25 -77 90 70 -83 -71 -3 -74 -21 -24 96 68 22 14 -40 -79 -50 61 -74 -54 24 -5 -70 -77 -61 25 -28 1 49 -50 30 91 -88 88 84 -45 78 -85 21 -54 -45 -36 -51 -72 72 96 68 -42 58 26 -8 -64 -42 63 39 -51 30 -12 -66 -29 -80 -82 -22 53 47 -27 52 -8 -48 -77 38 10 -4 -41 38 -92 -80 
-94 -19 -38 -10 15 -37 -62 74 -10 15 -18 83 -81 -38 22 86 29 63 -30 23 16 -96 20 -13 36 26 79 -15 10 -92 19 36 -79 94 47 -32 60 47 -36 -94 -51 -31 -10 -37 -8 -35 -60 37 54 -56 -36 -91 -27 -55 -41 -5 -12 96 61 34 20 -39 -52 -74 66 -68 8 -88 38 -88 38 77 28 7 84 93 98 43 -19 -43 -60 -57 -33 6 -23 -57 -62 19 19 -48 76 84 64 -69 62 54 -85 79 49 -32 4 -42 65 45 26 96 61 -69 -95 -39 88 -8 13 -22 -73 -91 -60 59 -33 -6 20 93 -10 -27 -65 11 9 -18 -51 55 57 -18 61 44 -39 -38 -78 -62 -77 92 -77 -54 80 -16 -85 -37 -66 43 19 56 1 21 56 17 -54 29 66 63 -87 31 97 35 -70 27 88 97 -80 73 4 25 -45 27 45 -46 -78 -61 63 74 24 -68 -47 87 10 -38 44 81 -98 -48 -59 6 -88 23 4 -70 -89 70 16 36 82 -9 11 -86 52 9 -54 -64 -9 88 57 18 50 55 -10 36 -26 -26 -58 -26 29 -4 86 23 -43 5 21 39 55 -89 79 -25 4 19 -74 23 61 78 6 41 -56 97 7 95 73 -6 28 -16 -47 45 89 -87 -25 -19 11 94 10 -11 83 66 34 43 33 92 50 94 -90 36 -33 -32 -75 -54 -83 -9 -65 69 -31 90 -61 6 -47 57 2 -89 66 91 67 -73 -85 81 -96 37 -7 -12 7 95 -67 -19 -31 95 -93 -24 43 -11 58 91 -88 -32 24 -84 44 -26 -9 -76 46 41 -20 -63 53 -43 58 18 40 44 27 -33 45 20 -25 4 91 -59 91 -38 82 -27 -71 -52 -83 79 5 68 44 -44 31 -16 31 -23 67 93 -54 85 -26 32 30 39 -24 26 -97 99 -83 -14 -89 -91 14 80 10 30 -98 8 45 87 92 -22 18 80 -82 10 77 -14 -38 94 -96 76 -58 -84 -76 39 90 43 -85 27 -95 -19 36 -2 48 -18 -92 18 96 80 -29 -59 -57 -95 22 75 39 0 21 62 -93 42 63 85 55 94 85 -77 -97 58 -5 -39 -98 66 -7 68 44 82 32 62 45 69 -54 -85 94 0 94 62 -69 51 -57 -67 -40 -69 -62 -65 -49 20 55 -36 -43 -60 -27 53 81 -44 84 -23 64 22 22 12 25 -23 0 82 96 -83 53 -43 72 -46 -33 -82 57 -84 23 -93 13 -92 -44 33 -59 -14 -81 -12 99 -81 -73 -89 -15 -58 96 -82 -73 -36 -54 -23 -20 -67 
91 7 24 61 1 68 -50 52 -6 80 -96 1 19 62 91 57 -49 40 20 58 -85 -85 -37 7 -82 20 -81 -42 -28 -2 51 23 -15 -11 91 -42 62 96 -4 22 -99 -69 -33 -91 -8 -86 -11 43 -98 18 56 38 -43 35 96 84 -6 94 -18 -86 47 4 32 -74 20 7 -6 53 -53 45 -28 -63 -23 -4 -45 65 -67 45 28 -70 -86 -73 98 -47 70 -21 36 64 14 -25 -87 80 54 50 -77 8 -68 -37 -72 -75 -34 -49 -70 4 -33 -58 37 70 79 -89 14 -3 -24 28 -15 56 57 -18 -29 -64 -87 26 49 71 53 55 2 64 -37 18 -96 41 -60 -84 -64 -73 61 96 -8 -49 49 25 -33 -43 58 -79 30 -32 -38 -59 41 50 70 8 -54 63 84 -1 94 54 7 68 76 -31 -61 35 0 -29 -38 -14 79 -35 37 -32 -17 16 -26 -8 -37 -65 7 -48 -68 -77 -23 77 99 -72 -35 -8 37 -35 66 66 80 -97 8 67 82 30 18 -69 35 63 -47 -21 -92 75 49 95 -8 34 64 36 71 93 -27 -81 -45 97 -38 6 81 -53 -74 -38 30 68 -92 -99 16 -36 91 -86 -55 28 -50 96 -4 65 -75 13 -63 -95 -83 -52 -29 69 41 13 -98 -96 51 9 22 45 13 -28 -13 -80 -24 20 -81 -75 87 47 39 5 -38 -48 49 16 18 57 31 81 56 -32 17 51 78 -95 76 -30 56 -35 1 -63 -63 36 88 71 -1 35 51 -39 93 39 -43 34 -97 -93 18 -18 -73 -65 -14 -70 -39 -93 78 69 -38 -68 94 -47 -20 -99 -93 -9 -50 27 -48 -29 72 90 86 84 -90 61 89 50 -70 -13 -73 -17 27 15 -74 -26 14 38 -31 -16 -55 97 49 3 69 -94 -96 -59 86 79 77 24 6 57 -86 69 -89 -53 -31 20 -19 -55 15 -68 10 63 -78 -95 -15 97 -85 -51 62 -66 -19 -34 20 62 -94 17 24 -77 -27 -63 -10 -65 95 -81 -11 -77 -58 69 -27 -69 70 -92 76 41 -11 40 82 83 -46 15 59 31 -56 -17 -96 -79 38 -56 88 17 27 41 -76 -81 -55 -68 -54 82 33 90 69 -45 -44 -51 74 -93 -43 -6 97 -76 -64 -67 -3 49 66 94 39 -45 37 -57 50 82 -24 -35 88 70 52 37 -35 45 15 -65 11 92 -51 -74 29 -56 -2 11 -65 7 -7 73 -20 -96 95 -99 -8 -28 54 -4 -7 -96 99 34 11 -91 -47 -8 73 29 5 -48 -13 80 71 68 -52 -97 -31 -38 
-56 -79 67 46 23 -22 52 30 -92 -94 51 -16 -90 61 25 67 -70 17 -2 -84 77 -22 -1 51 30 51 93 -30 -50 62 0 -51 51 46 47 16 -7 -87 -24 10 -93 87 2 82 44 65 -76 49 -5 -23 80 23 31 -31 -62 -26 19 67 -70 56 -68 94 -29 36 99 -41 -32 -17 64 -49 45 -6 91 -23 -38 93 84 -48 -18 -9 72 29 -25 -37 98 4 45 23 -54 -81 38 -23 35 -63 -27 -15 -26 34 -58 -29 57 -74 55 99 79 95 64 51 26 90 62 1 -63 -55 67 -62 26 -50 -47 -70 -83 -8 -38 -53 -79 -13 43 -84 8 -92 -38 -32 -26 68 80 6 -5 28 -12 -47 -81 -23 42 -51 10 25 -42 -79 2 70 -25 -11 13 -62 -16 11 18 -25 30 48 47 9 -34 -73 -72 71 6 89 79 23 24 23 -80 -29 76 68 -39 98 55 43 64 22 -97 -10 98 -66 -64 -25 12 88 -4 -38 -86 -32 39 -39 10 -40 63 22 18 55 -55 48 30 -39 67 88 -30 -76 -79 -1 93 -6 75 86 -51 21 -71 74 -37 49 -51 2 79 7 12 79 27 18 30 -96 9 -35 -68 47 -30 -36 62 99 -70 -77 -79 -19 -48 -99 42 -6 -16 -96 -49 41 -93 -94 -24 -61 -73 -54 -7 -79 94 -5 -36 -69 -36 -81 -18 -2 98 -74 54 88 -21 -21 -28 8 79 -77 -99 55 71 78 72 35 -2 -31 43 -24 -51 64 -94 87 -23 31 -67 61 38 81 -96 41 -40 57 -83 -60 -98 -95 69 -5 28 -32 25 -87 -9 44 -26 -20 99 -54 62 77 22 -25 81 73 83 -65 18 -47 33 -53 -83 82 6 -36 -1 -36 -70 42 19 -46 -3 72 71 -33 -34 23 -51 93 -10 -60 24 -98 -1 17 69 8 68 40 49 20 65 3 -78 55 3 -88 -67 -31 72 64 -90 60 31 70 -94 -16 70 -31 -96 25 -43 -18 66 5 45 -7 -38 -22 32 80 65 44 95 -66 -36 56 -36 -35 -38 59 51 -31 -28 -17 -46 57 -59 -42 -48 31 24 -82 68 35 -62 -92 40 -32 -70 -31 56 -87 -81 -34 62 22 36 8 -52 -18 8 -99 -99 21 -82 86 -98 -8 3 -20 -91 21 -92 11 40 -12 1 -46 39 -64 -41 -73 65 -71 74 92 -48 -58 -58 1 -77 -48 6 -77 -32 -56 -63 -99 -77 27 -69 -32 80 -52 97 -93 32 -4 95 57 80 19 -22 27 30 -86 77 -45 -71 33 97 84 -25 -75 -29 -84 45 -73 99 -18 
45 -85 -27 71 57 79 -49 -29 49 72 -56 87 47 -61 63 -55 -30 -85 83 -80 -63 -36 0 2 29 16 60 -99 -93 20 89 -16 9 65 -6 2 3 -50 36 62 77 95 77 80 -67 74 -95 -88 -53 -26 62 -90 -33 -68 22 -1 -69 -1 -18 -73 36 68 65 -10 -65 -47 68 98 -66 -46 -65 -60 -51 73 -25 -33 -20 72 -64 58 -63 -66 63 -53 -12 62 -47 10 98 46 -79 -61 -37 -18 3 -23 -14 50 -49 -68 -27 -49 -93 52 4 8 61 41 6 37 2 -54 94 -39 12 82 13 78 -8 4 64 -7 -60 46 -69 -1 22 -47 -25 23 -57 31 -41 -9 -42 17 34 -34 -92 90 -54 5 98 27 -45 20 50 -70 -29 31 19 42 9 2 -84 -81 -38 85 -78 20 91 67 -43 -39 -92 -74 -26 77 -58 73 28 -64 -89 -57 95 -77 96 70 -71 63 -32 -32 57 84 24 98 5 -11 -75 -62 -87 -87 -93 -26 51 -91 -51 0 53 38 -60 -11 -48 -45 -76 8 -56 -56 78 70 81 -45 89 -68 -53 -17 -88 38 -92 -15 -68 48 84 57 -33 63 32 -38 -8 54 39 4 -45 99 20 -40 -11 93 73 34 -92 -96 85 40 66 94 68 -44 -77 -94 72 -67 10 -29 75 -21 -64 -14 -19 -97 -77 -73 -78 38 27 -81 54 -11 -43 16 62 99 -33 -81 -4 46 78 91 -47 -84 18 -86 91 -47 -36 -10 67 -37 -15 54 -71 7 77 48 -31 34 -93 -41 19 -22 -80 -7 -36 74 19 -7 83 68 78 86 -58 4 8 -62 -28 -7 -86 51 54 59 67 -24 51 -17 33 -19 61 49 -72 60 94 24 20 -33 46 -78 74 -69 -37 25 5 -27 -79 -74 78 50 -69 -99 87 97 -89 14 -84 -12 -64 -99 16 83 94 -32 -3 -74 3 -80 -88 -55 -75 -33 -80 1 -6 -65 38 -28 59 -54 -71 -81 66 -51 95 -1 -76 -1 41 -74 -17 -77 97 42 -26 -94 6 54 -49 -45 26 -5 87 -99 -11 69 -47 44 5 -98 -66 94 -29 72 -46 -24 -72 -43 -76 -48 1 -51 73 -86 -5 6 84 73 -44 -59 -49 48 -90 -83 -22 -93 97 62 22 -37 47 -22 4 98 -2 38 49 -85 83 -34 90 -94 63 82 31 27 3 54 -43 43 94 74 34 -54 -49 37 -23 64 -31 35 -64 61 81 8 74 -23 -21 70 88 -8 -88 -46 80 -14 12 16 -38 -81 -69 60 4 17 -20 76 -26 27 54 13 -49 17 42 -25 -95 -59 
-59 -1 -39 -20 -68 87 84 2 4 -94 -36 20 7 -36 -84 1 98 -39 -87 27 21 -38 -41 28 37 96 -93 -30 -64 -73 -49 -37 -31 85 92 -79 -18 69 -68 95 -66 -59 22 -73 -78 73 -45 -79 74 24 -14 -66 -64 74 52 -81 26 -64 -66 91 -22 -63 -89 -78 88 63 -88 -93 41 -10 1 56 -16 -95 18 54 77 -48 23 82 -62 42 6 -40 86 -44 68 -37 -4 -25 -1 -22 78 -24 34 37 -65 -72 5 -56 -70 24 12 -34 20 -29 -9 48 37 -64 -59 -10 14 -59 -36 90 18 75 31 54 99 55 84 -11 -74 80 46 -38 56 66 -94 64 -89 3 94 -5 17 47 61 -17 -53 -40 -58 -90 72 -27 68 75 -79 -36 -89 48 4 -56 -85 47 -80 80 89 -92 -85 -3 -39 -2 33 26 58 16 -3 32 94 -40 63 85 72 -67 -68 56 -61 23 27 18 -43 30 19 74 -38 36 -24 4 -85 -17 15 -32 60 36 -79 -83 -74 61 28 88 -97 -86 88 -95 -8 -13 -12 -33 70 -60 20 27 30 46 -29 71 -23 69 -83 73 86 -6 -88 21 43 99 -24 98 -68 -6 -41 42 41 71 -93 4 37 21 14 80 40 -71 -40 -22 6 -25 60 28 57 91 83 -26 -81 -27 67 -70 91 72 -83 55 -9 37 -53 -86 -52 24 -24 -32 -39 -47 -99 -32 -26 -11 84 51 -28 -79 -60 -39 45 71 58 53 -68 51 -7 -72 2 66 -95 66 96 -22 65 -78 5 58 5 40 -10 -8 47 59 -62 78 79 93 93 -47 -98 20 -71 80 72 -77 -70 -13 45 -87 -84 24 -51 8 -13 -32 32 76 -59 23 -53 64 35 -20 98 -14 -51 55 76 77 82 -97 22 15 42 79 66 -80 -6 35 93 -88 53 -16 -98 -48 81 50 77 54 -38 -70 -67 77 17 -82 14 37 -35 -62 -15 -93 -70 28 20 -46 -66 -5 30 -20 19 79 -14 12 49 10 -4 -34 -58 33 10 -6 21 -47 8 -89 -64 -94 -68 -33 26 -92 93 79 40 86 60 -30 28 -16 64 -97 -23 33 16 -34 -52 67 45 46 79 21 -46 96 18 94 -71 -72 72 3 35 -75 -15 42 73 -43 95 -71 90 63 97 96 -85 80 -78 -93 -75 55 8 13 -26 -81 83 -53 9 88 -69 -12 99 -45 50 -98 -47 -78 -93 -20 35 97 -76 37 32 -38 59 78 -26 35 -82 2 29 -46 -32 -64 -48 -94 -44 -94 -11 98 83 95 -34 10 -24 -13 27 99 -66 -76 
9 52 33 -79 -75 -78 -22 41 15 87 -23 -78 -38 69 -23 83 63 58 -90 89 21 45 78 40 91 45 -34 7 -87 61 89 -95 -2 -95 12 51 -86 61 61 -11 52 16 55 28 67 3 63 5 35 -45 37 -82 10 47 -2 75 -49 -62 16 6 43 6 -57 51 55 -67 -8 -2 -3 -38 66 -43 85 -66 -11 47 -65 -50 70 -59 -22 -27 46 -26 40 -49 4 82 -73 -36 69 -8 97 -4 -58 51 13 -58 51 24 82 -64 -40 74 -44 -55 -41 0 -67 -27 51 28 -89 -49 54 3 -25 -3 5 -25 53 -6 -53 0 1 90 78 25 79 -62 15 91 55 -45 54 35 17 -48 26 -62 10 -8 72 33 32 -79 -75 -20 59 90 -81 92 -58 94 81 29 -8 -60 29 53 -89 -17 -13 54 48 -77 -55 -39 5 -81 -1 -59 27 -7 80 87 -76 -84 68 -91 -86 -2 -56 6 -84 -6 -12 -26 20 -72 9 -20 9 8 16 -69 -27 3 34 -64 -35 72 -38 49 -43 -44 -34 79 9 93 -92 -45 73 83 93 -21 11 82 57 90 -51 34 -82 -55 -77 -65 31 -96 -79 25 8 72 -9 -96 -53 70 18 -76 34 67 90 -58 9 46 -81 39 -76 -91 -24 17 -40 -1 84 -34 -67 -17 -89 -49 39 47 94 10 -37 -16 86 29 -69 -97 10 -64 -66 -69 86 -54 87 76 -58 84 -62 51 5 -19 -19 79 -16 25 41 93 13 38 -71 68 10 -21 73 -29 35 -2 38 11 -24 -40 -5 -81 -42 -15 4 98 -51 -95 -15 92 7 -50 84 12 -20 -86 -18 35 47 40 -68 -97 29 78 -68 38 68 86 71 -47 72 -40 -40 37 47 69 96 60 -9 -22 -6 -49 -1 34 -23 -97 -14 -9 -33 -67 13 -1 93 47 93 54 68 -52 61 -31 45 -16 34 96 -86 58 -59 -63 49 76 98 -19 38 -98 -18 4 -20 20 92 15 -42 70 84 -50 4 94 -77 43 98 25 2 44 -12 -12 -23 56 -41 50 5 54 28 -47 82 -15 69 -79 64 26 -37 64 37 8 60 96 -47 -8 69 0 15 -15 48 93 -75 -88 5 -55 62 59 73 -27 52 19 8 60 -5 -78 -12 76 -61 -69 -63 -39 72 -82 -73 88 19 -47 37 -49 -17 -57 -45 71 -90 99 -49 -4 94 -13 -84 85 8 90 45 66 73 -10 38 3 -59 -60 -73 2 24 88 20 -47 -69 -76 69 93 -49 -23 5 -96 82 61 21 47 -5 -21 89 -56 -91 -10 8 65 
-68 46 78 -39 51 -56 39 -28 -95 -4 -47 -41 -84 57 -59 5 -45 11 -6 -32 80 -81 -37 33 60 44 -54 63 37 -97 -23 -19 -39 -53 -23 -26 33 89 57 21 -34 -23 -51 -63 45 -32 -94 -43 -56 -35 64 2 -11 49 -3 48 -99 -17 -21 -10 -11 7 -21 -31 67 7 -50 29 -40 -8 -23 -7 42 97 -93 -52 -94 -65 -38 -16 47 20 -28 -92 4 99 95 86 -26 -9 -34 32 -61 13 52 10 -64 8 -41 76 15 58 6 94 -54 -48 75 80 59 32 56 18 39 19 17 -52 -32 -92 37 -31 -84 -69 -41 61 -24 -40 49 52 -36 -9 -89 -41 34 90 -31 28 -64 -2 51 -11 -81 61 13 -47 -61 3 -86 82 36 -26 -48 78 72 -77 25 44 29 13 99 68 -6 -6 -8 18 -40 25 96 -8 -16 23 -96 -47 -61 89 2 -24 79 -58 -13 34 75 66 -21 -38 -93 84 -23 -24 -52 5 -52 -71 -86 -16 -65 90 49 -76 36 -51 39 9 53 17 20 42 73 -93 -95 65 -88 86 -67 -57 4 -70 -76 -68 -26 82 89 27 81 0 -73 -76 18 -24 72 -24 -21 -47 97 -65 -69 -12 45 46 87 59 -26 2 -99 -46 -33 26 -7 -15 10 39 -81 17 55 -99 3 78 -56 -95 64 -98 -89 -96 -1 92 2 42 47 -33 -59 20 -13 -23 89 41 -78 -22 -84 69 -78 29 95 -20 62 64 -35 44 -40 -13 60 -51 -22 58 26 90 43 16 40 -99 -8 19 -54 78 -75 -35 33 70 16 64 -36 -47 49 -8 -39 -12 66 -64 -22 -63 12 -87 -51 -60 74 67 -76 -19 11 66 77 -58 32 -95 12 -67 -66 92 -31 -97 -95 15 9 86 -90 98 25 28 -61 41 38 -78 31 74 -8 24 81 -24 91 -49 -57 84 95 62 -16 14 70 24 -7 -77 -98 81 56 59 -74 11 -16 4 26 -72 -98 84 -69 70 -96 47 87 -56 73 -70 -71 -96 -39 7 -16 86 75 98 -35 -11 26 -16 87 -50 17 57 -98 59 36 -7 12 39 -12 64 23 -83 -76 -90 44 35 68 36 78 -59 -68 -2 -51 -99 -57 -60 49 58 -29 -37 -44 -26 14 31 -95 31 38 44 9 49 43 78 -73 -9 -62 95 53 99 -99 -35 97 88 1 53 -94 -80 -92 81 61 -72 -24 -86 54 -46 84 98 16 -13 -92 -34 92 -27 -8 -16 -99 86 -67 -61 80 1 80 81 -77 -26 62 61 -48 24 -33 31 -18 20 4 49 -28 -51 13 72 
26 -19 44 -67 -87 -49 -28 69 -18 -75 45 -65 73 -70 -67 48 69 15 86 -57 -38 86 64 -10 36 23 -38 13 80 83 -2 -70 -92 1 -7 8 34 -9 67 -82 52 88 88 -57 92 8 -73 -44 98 98 57 45 -9 44 -44 -11 97 85 -95 -56 60 76 -20 -58 -55 91 -23 91 69 -40 39 8 -91 91 -45 -85 42 86 10 -10 17 34 37 15 71 -36 10 23 84 -50 96 11 -24 42 -18 -56 0 99 -36 -28 7 -13 -70 -18 -74 -88 17 34 7 9 80 99 77 98 35 56 -50 40 -57 47 94 91 -49 77 -1 -40 -30 -2 -83 62 70 -58 16 68 -72 44 -76 -81 -71 46 -81 21 -91 -68 -20 27 73 7 84 -2 -54 -18 -62 -19 25 38 -49 66 -6 65 49 -51 -43 -18 -88 -9 31 95 -98 14 17 -74 84 91 -50 90 -65 87 52 -68 -19 -43 28 -27 70 -52 90 13 30 -67 -89 2 65 -76 30 -94 -46 6 52 -3 -94 27 -38 11 63 -12 -64 82 64 75 16 -75 -78 99 5 66 -72 -77 61 22 81 58 -74 23 -56 -52 -90 90 -83 28 -48 -91 93 -14 -16 66 -80 -60 -56 -29 -59 -84 93 -24 36 70 -89 -65 -10 28 -66 -19 63 68 58 44 -22 -24 26 5 -47 -99 98 17 70 43 50 -46 -31 39 -2 -82 43 -71 87 -94 -33 -88 53 -54 -16 -82 -18 -36 -21 -12 70 73 -27 94 92 85 -8 -5 10 -61 84 83 10 32 37 -92 4 -85 35 97 14 27 -65 59 -43 97 16 38 -40 10 -56 35 4 84 -21 50 30 -71 -54 79 -51 54 -35 54 -77 89 63 94 7 -85 -45 -65 -95 22 -61 80 90 86 -28 -30 -33 -77 -14 -43 -16 -56 -39 54 42 25 37 -15 54 -29 -13 32 -72 73 -34 81 3 -34 -42 -51 67 -74 -40 2 -66 98 -85 19 -84 -2 46 -99 8 81 -9 46 11 -37 2 5 84 -74 71 20 -25 -36 40 8 67 -53 -93 -90 24 77 23 -18 -84 22 89 88 -71 31 -20 70 91 91 -72 -40 96 28 22 93 -64 -79 -17 87 97 -98 -35 13 18 -33 -19 -82 -26 -91 -68 42 74 37 -82 77 12 -25 -50 69 60 -5 70 -6 7 65 57 -64 57 -16 1 96 3 57 59 31 89 26 3 -64 -1 13 -63 63 -71 87 -66 13 46 -50 -30 96 -48 -89 99 -57 60 17 -18 80 -95 -93 -81 -92 15 31 93 -10 -76 92 43 53 -11 13 
-65 -8 -55 -53 52 -79 -5 -30 30 -55 85 -82 72 -6 -12 -78 47 69 82 -22 -28 -92 -65 50 81 -50 -21 -40 -49 92 -83 -36 66 34 64 17 -31 -48 -36 12 34 -62 56 -73 95 -65 -64 47 84 -25 -59 -87 43 81 -90 -27 -53 30 -7 -81 -47 -62 -35 -54 -12 61 -88 -4 20 -78 9 -53 -68 -72 74 8 -80 77 -7 88 -28 -1 -23 58 -4 75 99 -45 -2 -49 47 23 -77 66 63 -63 -3 7 54 77 -74 -23 -71 -55 -84 30 95 -2 -60 68 -6 39 32 -62 -36 -76 4 1 10 -90 -81 22 35 -44 47 85 -44 -55 42 63 74 84 -83 -11 -64 69 -38 23 87 25 1 10 -76 -80 -32 -81 89 45 -44 -40 26 -15 38 21 -1 27 91 2 -5 3 47 23 -34 -63 69 95 -81 80 24 -55 -38 -16 55 8 -93 -18 -6 -3 -45 55 -18 -78 79 -46 67 -17 -8 -88 -1 80 82 -86 50 8 66 -19 -93 94 -82 33 -99 32 47 -70 39 -42 18 38 37 90 -94 86 -3 -18 -22 -46 27 11 12 -87 28 50 64 -99 -65 -69 -3 -5 -3 -84 47 79 36 -16 13 78 -68 87 76 64 -63 -20 32 93 -42 35 11 84 -13 67 3 -37 81 -96 -67 24 96 -27 -79 52 -45 -53 -97 68 -76 -41 78 -55 91 85 -86 -69 -87 -25 -27 1 -64 -32 81 -58 59 43 -74 90 -26 -40 91 35 -21 39 -51 54 -27 -90 91 8 30 -84 73 5 -75 37 41 7 30 48 43 -45 -20 -68 37 -51 -61 93 79 -48 -32 -64 26 49 67 -31 -62 -2 25 52 35 71 7 72 -93 -35 -53 -42 -85 86 -1 -33 41 5 -81 5 1 -40 -38 -30 -19 -99 -31 -55 31 -56 -36 -7 87 -87 -71 19 31 60 -51 -22 -99 24 55 -10 70 -2 -90 95 40 91 28 66 49 -73 -85 82 -41 53 -4 93 17 -40 -87 8 81 -12 81 51 -6 72 -71 -24 57 14 -73 73 -75 61 -37 -71 -5 50 27 53 -67 91 93 -25 87 87 -17 87 37 -34 74 -29 79 -91 -6 -82 -21 -31 67 -60 -12 -71 15 78 -30 26 75 -48 4 85 84 32 13 -2 42 -80 -81 -89 -27 26 -41 -5 -79 35 -79 -12 -44 -16 -74 -31 -3 -61 52 -79 22 -67 -20 8 -59 -81 -84 88 -57 2 69 15 82 47 20 -73 -76 -62 63 39 -35 83 58 -28 34 11 -19 -73 64 -29 91 42 -41 -34 74 -52 31 -90 53 -13 
62 19 -44 9 -18 89 -99 -99 -95 -19 -26 -75 -27 61 -45 99 78 24 -25 -10 58 30 -46 -26 20 33 53 -50 -67 0 -46 -64 -54 7 9 -57 21 -28 85 26 -36 -23 -70 -30 -48 -91 89 40 -19 42 -53 -65 83 -93 -96 -41 -23 -14 -76 -51 -55 -69 -32 -16 9 16 -25 -59 60 81 -89 -70 -3 -59 47 55 -44 -37 -50 23 -52 -54 -46 32 21 -14 17 68 45 -60 -21 -92 9 35 59 -56 -83 27 -54 89 4 1 59 63 9 86 -10 -40 -46 90 -27 -23 30 -52 58 -80 67 -17 49 -62 90 71 54 -48 50 -24 67 -10 41 -52 29 -27 4 45 -42 -90 55 -45 -99 24 89 19 71 59 60 56 9 59 -5 -57 33 97 -47 85 63 -30 -28 -51 -19 -5 -63 83 76 1 57 -11 -18 -87 99 -50 -67 -49 -43 8 -25 -13 -19 71 26 79 26 38 -48 -28 56 -48 2 78 -15 8 -67 -75 -62 4 -50 -49 7 -63 -16 -52 86 -63 54 -63 -9 42 -46 42 -19 61 -49 -98 25 -95 -4 17 -66 -31 76 25 20 -62 69 -25 -45 70 -71 -42 -58 -78 30 50 7 -86 -22 78 77 -28 29 -64 30 85 -36 76 -96 39 37 52 -36 -38 -94 -82 49 -80 82 38 -53 42 -33 55 -71 -27 63 -46 29 -62 96 31 -54 41 97 -60 73 2 -73 54 20 72 94 -77 41 -45 -11 95 25 -70 74 34 51 8 -34 -27 82 -82 -89 -48 -96 62 -54 82 -30 -40 -65 -43 -25 -69 48 -90 43 -41 64 -94 35 -35 -31 57 11 72 -36 -86 -83 -80 -27 67 96 -25 5 36 -43 70 78 -53 -28 -38 -67 -80 -29 -13 16 81 23 -83 55 -94 0 8 -30 1 53 -82 -54 56 39 -77 49 -7 -24 96 64 27 96 9 -9 -32 85 -51 -41 -80 80 14 -73 -94 -77 30 56 -76 94 -39 61 -49 -92 -38 -38 -63 94 -40 -67 32 -96 -39 82 -94 74 -81 57 -13 88 15 -38 81 -98 -13 28 -54 -53 -25 1 57 64 -38 58 30 42 98 33 59 67 36 -92 97 45 44 66 18 90 -95 -1 6 74 -15 -32 89 12 75 -23 -3 -50 -42 38 99 -37 15 -78 -78 -94 81 -75 24 -72 19 7 -70 11 85 -29 4 -11 -68 18 57 -20 -55 83 -73 -34 44 -88 12 -35 -86 -8 -61 91 -18 -43 72 -75 -68 85 -72 84 -94 71 99 54 16 26 -66 59 95 -7 1 -10 -22 -40 69 32 55 -20 44 
70 -24 -97 91 63 -9 -47 91 -26 -7 -29 -39 -3 22 91 74 77 -99 -55 39 -27 -44 -51 62 66 30 -69 -43 58 -2 -56 42 56 4 -48 -93 4 -34 -29 82 -95 78 53 11 36 -44 68 14 27 62 50 -83 -91 -1 -74 25 -49 -92 70 -9 72 93 -22 48 -39 56 5 93 18 89 25 -19 -52 -9 -52 62 17 -42 82 44 96 25 -55 55 -36 -91 -96 40 -36 15 3 5 -54 24 -63 0 -68 -16 72 -77 -9 -54 69 81 -18 -66 19 -72 70 10 -39 53 58 38 -20 -90 11 95 16 18 -59 -49 -36 56 63 -1 85 68 -36 -32 39 30 -81 43 -57 45 62 -31 40 -85 -30 -48 -58 -45 -69 79 48 -40 37 37 3 -36 26 -23 -65 -28 -9 -40 -95 49 98 53 -56 -54 -91 20 24 -41 -41 91 66 94 -64 25 77 96 -91 -7 57 53 -60 -64 -46 49 13 -49 -26 0 -62 -89 -52 -31 89 -54 30 94 51 -85 -23 -60 85 -43 -36 34 -31 -6 32 -81 37 83 -72 63 -3 58 34 70 -62 -6 24 -41 -41 -85 -10 85 2 -50 -41 -1 13 22 5 67 -29 15 78 -4 -86 -42 -51 24 70 -17 57 27 66 67 91 57 84 21 -98 -44 -42 -98 11 -52 81 28 67 -55 -26 38 -3 -15 -79 47 35 6 -72 7 -85 47 -55 -11 -75 74 50 20 -83 -68 -16 -55 -28 -1 81 -5 -59 6 -47 76 41 -22 -41 -83 50 97 21 30 -62 50 -50 98 -33 -84 -28 -7 21 -96 97 38 -83 -85 9 71 -55 -10 -77 -85 52 0 18 49 -89 -92 41 -55 8 37 3 2 -96 13 29 -84 86 -10 -87 82 48 -97 2 -29 -27 -13 -84 -94 10 -72 55 -26 -31 40 -73 -98 -83 -93 -62 68 -70 -64 -90 64 61 74 -73 5 -69 -80 -95 75 -10 92 -61 -3 -17 26 37 -53 -29 -28 96 86 -14 -9 -92 -19 50 -25 -55 99 81 -49 -35 -17 19 -92 -14 43 41 -75 67 -16 -93 56 -74 92 -11 -61 86 88 40 -21 44 92 85 -49 -98 29 43 -56 70 43 12 -62 -94 -85 -1 -49 58 34 -31 47 30 84 71 70 30 93 -88 63 -45 90 -21 34 -58 -39 -77 -85 94 -11 44 -60 38 -97 18 48 -22 -50 32 5 -87 46 -57 98 69 46 -27 -88 27 -99 19 94 46 -94 93 -80 -54 57 37 37 -81 -4 78 50 80 7 -61 -73 -57 40 -34 99 26 -57 -58 47 41 -61 -25 -87 
-57 10 -77 97 79 16 -30 -87 58 -57 -24 -97 -12 -86 -16 60 12 84 91 -84 75 -2 -9 24 57 -18 -47 25 -86 88 -11 43 46 -22 -17 26 82 33 -62 51 -73 43 -31 -73 24 3 -53 51 90 -75 76 54 26 35 -87 69 43 -46 -87 -70 32 24 7 -37 -15 -39 -96 66 63 -34 8 -61 -90 -25 -77 84 66 -78 95 63 21 -88 -29 76 -40 -44 80 16 67 42 34 18 -75 -3 31 -38 -79 39 -64 35 -56 17 -61 6 -52 21 -40 -17 61 -12 -93 -28 -44 -39 -2 -54 21 -38 -76 78 -75 92 77 44 -37 60 76 -39 -5 -38 9 -23 25 -81 95 -18 27 -5 77 -76 5 -82 69 -59 -43 48 -7 -15 66 -82 82 31 57 -52 -52 57 -36 58 -28 -24 58 67 -69 30 -81 68 -5 -46 -89 34 89 37 -62 -46 83 -29 0 81 -60 19 64 81 -54 -55 -48 -19 31 2 -73 33 25 51 77 -39 -10 97 82 53 31 42 74 77 -49 16 81 69 -4 85 39 -38 96 -36 -36 43 -86 52 8 91 -10 -12 92 24 21 -5 63 -24 89 -86 89 -4 75 -71 42 -78 -32 -15 33 -97 -65 8 11 -80 5 -35 -42 -12 -2 85 -61 -89 -31 -49 -50 -69 -39 -90 7 -25 4 37 22 13 80 55 -84 30 56 26 -28 15 -97 -44 93 -18 84 -1 86 -37 -43 -67 -99 63 -76 -9 -99 49 -79 -6 77 -51 -70 -8 10 14 -55 -38 42 57 10 56 -11 -96 -15 43 -86 -94 -34 -62 -98 76 95 -82 -34 -95 21 -29 59 -62 -75 -56 89 18 4 -2 95 -24 -88 85 83 -74 38 16 -45 56 77 78 74 42 94 81 69 -97 62 55 -17 -80 -24 -85 -15 84 9 16 -96 33 -91 -31 -35 -67 -96 24 9 15 28 -52 50 -40 25 -32 -38 -61 -8 26 33 74 -12 -75 48 -79 -18 -58 17 -25 -42 31 95 -93 -58 -82 86 -14 -11 -63 40 -94 76 -16 38 -37 81 -22 -62 73 -4 -69 -50 91 -53 69 -98 -82 -88 69 5 18 97 37 17 -54 12 84 39 30 50 -52 -27 35 31 22 -7 8 48 -59 12 -15 54 -16 86 -23 92 -73 -67 -84 47 -57 -85 -41 35 46 67 -11 -26 4 48 89 -86 74 -15 -24 17 -76 -33 37 5 -18 40 -58 -6 -63 26 22 -8 94 -94 -85 -43 -30 86 67 -74 32 23 1 93 -24 51 -84 19 -33 -35 -42 35 44 -6 -15 43 -77 55 -57 56 -98 
63 -22 24 70 -32 -21 80 54 45 -54 -1 -67 42 12 -14 60 -34 61 19 33 -85 77 36 -98 17 -17 5 14 -63 46 26 -46 -63 57 48 -19 -24 -99 -58 63 90 54 -32 -22 60 -85 8 -52 -47 3 -90 -18 81 -43 -17 43 30 -41 4 71 78 -23 35 -68 98 -61 1 -23 34 1 9 24 -96 53 23 31 -73 -72 -67 25 -44 -50 -96 15 93 -49 -83 45 0 -31 -26 68 -15 -82 -38 35 -18 25 -34 -21 25 -67 95 -72 -56 -69 -99 -83 68 2 75 39 -37 -96 22 -37 22 6 88 48 -55 -67 -78 79 -61 -80 -37 96 -5 -13 -27 -70 79 7 -37 -3 -83 1 -51 86 26 -51 33 35 -60 63 -98 86 52 2 99 20 58 98 -63 -63 -61 -44 72 39 63 20 61 72 -96 1 47 78 -94 47 63 -44 -14 -22 -50 87 99 25 -11 74 -50 -54 -36 -42 -85 44 -14 -27 -40 69 8 84 21 -83 -46 11 -82 -46 -64 -13 42 43 19 -94 47 -41 -89 -35 -33 -86 -55 -19 -76 -27 -31 87 -65 8 51 12 22 93 -38 84 83 -65 -83 -20 -77 96 25 27 -96 27 -1 73 21 -41 84 65 -19 -84 -91 18 29 16 19 0 -16 27 -10 -23 -5 59 -58 51 -88 -9 -37 -93 97 63 -74 7 -89 97 6 32 96 -28 50 17 90 13 34 -34 -30 -64 99 -88 40 0 -58 86 -75 -72 -99 -39 77 66 -18 84 65 -56 -8 -44 65 86 -83 -88 44 -8 -65 -55 -41 -81 17 -37 92 -76 69 72 -4 20 57 -81 -30 54 68 83 -65 3 -52 -33 32 93 59 -63 14 -47 86 74 12 -62 -60 65 -38 71 -98 -89 -10 -34 72 22 -14 44 -33 -49 2 -75 91 56 13 -26 -25 -29 -87 64 43 -24 -17 -18 87 -88 -70 60 -47 94 -80 -89 78 74 -31 -23 59 4 -73 91 47 89 71 19 25 5 -42 80 -74 75 69 2 1 -75 44 -74 -32 -90 34 72 1 -88 99 68 15 14 -20 -64 -69 17 47 -90 84 1 75 15 73 91 -7 21 10 -44 43 -17 7 68 -17 -4 -77 50 82 80 60 23 81 -29 -7 53 -43 -51 0 25 21 -89 82 48 90 52 -17 -30 -14 -47 -20 -82 90 -54 12 49 30 3 -41 11 -64 -11 -14 30 89 45 -27 77 7 -80 -9 90 -98 -33 -80 26 36 -67 -17 -77 -81 -34 71 25 41 -43 -20 78 61 84 -38 -97 -25 31 -89 33 -5 44 61 1 
-46 79 -94 -99 -78 80 -44 88 15 54 -22 -2 84 79 -6 43 -23 14 87 -75 -3 -94 98 58 88 38 -84 91 48 50 -91 -32 66 56 28 -26 -42 -16 30 21 -93 9 89 71 91 38 -58 94 20 -24 -76 -13 8 64 14 -22 13 31 91 96 12 74 -85 18 -8 75 53 -8 5 71 -74 -97 -97 55 -84 -20 57 -78 50 69 9 -34 90 95 -92 85 31 56 -1 34 77 -99 95 58 22 87 89 -45 23 -3 -38 -2 -93 -24 41 -90 65 58 -53 -1 71 -51 92 -35 1 -92 -47 -43 21 -15 5 -72 57 -81 -46 72 54 -60 99 45 -77 -4 -85 84 -17 48 -58 87 97 69 -28 74 98 -53 67 88 82 -23 51 -5 -3 -50 -94 -74 25 -70 84 -84 -20 -30 8 -45 86 90 56 45 42 19 -68 32 -85 6 54 10 -90 -95 41 -20 -27 20 21 47 -76 34 21 35 60 5 -31 -16 47 -67 -23 93 60 -56 27 -76 -14 -48 54 -16 30 -45 -37 -1 -44 28 -99 -58 -7 -18 -8 88 -95 15 -84 -5 47 -17 -2 -66 49 81 -48 -3 0 -84 -83 -38 -72 74 -1 -23 -94 -98 -20 31 -94 -52 -87 77 70 37 7 23 62 -99 1 -62 88 60 10 85 -75 96 -78 -70 9 -69 -78 -7 59 -26 98 -24 -51 59 33 -43 38 -5 -77 81 -50 56 -45 84 60 -7 0 -8 96 -1 22 -44 93 -43 -14 87 6 71 -46 -82 -80 2 66 8 -88 68 94 -42 -23 -6 22 -18 54 72 -96 36 46 26 -49 16 -3 -78 96 -11 54 67 95 -72 -16 -13 -28 93 60 71 -6 -37 -41 -64 51 75 94 66 81 -1 -49 15 99 36 41 94 0 -69 -7 -84 75 27 -84 -69 -90 -98 -47 -47 -21 -52 -22 59 88 -75 -65 27 33 83 39 28 83 -50 86 -26 37 -94 16 -12 11 -81 37 -37 -20 -28 1 78 65 58 -3 76 23 95 -85 71 -67 42 29 6 84 -50 -58 60 57 -83 55 3 -12 -71 20 -73 88 -40 26 -60 76 -75 47 -63 -16 -89 16 -42 67 88 -7 -25 24 -8 -21 98 95 -28 76 35 77 -93 -3 52 3 51 -18 26 -80 94 66 20 78 -20 -66 29 61 -35 -75 94 -14 69 80 0 -96 -20 -68 26 69 -92 -4 -8 -68 -8 61 34 -21 83 -92 99 -97 94 79 -59 -57 -38 -45 -24 75 -76 -87 80 -36 -22 -10 72 27 -58 -17 -61 -14 -19 70 -69 -81 -92 14 22 
-74 -39 16 -14 16 60 2 -1 77 23 -49 -43 -19 86 -84 6 35 -50 15 15 94 9 -96 16 -60 10 75 14 -14 -84 30 -78 -34 -49 8 -44 -50 -48 -89 57 61 47 39 48 48 80 17 -13 78 -16 60 12 53 40 82 2 5 73 4 33 -77 -57 -34 -2 -66 -81 -72 42 -93 -71 33 71 61 46 -49 -41 -11 -69 -20 -27 -50 73 -89 10 29 26 -84 0 -34 -16 -72 10 33 -21 -43 -54 -24 53 -34 -29 -64 -54 72 94 16 93 98 -44 32 -78 -89 72 19 9 95 52 59 85 15 11 -79 -55 62 -73 -65 71 16 23 86 11 58 -31 64 18 78 8 -83 -7 36 71 49 3 -70 26 -29 -24 -42 -56 96 -1 -63 64 15 91 -30 -69 -44 69 -29 -15 -96 -24 21 87 33 -42 -16 -75 -74 -55 0 32 25 -13 -29 -65 -1 -43 53 -14 2 -57 -15 86 -30 22 27 63 -62 15 -73 -52 -22 58 16 77 -38 -92 -6 49 -7 -57 -96 61 -74 12 46 62 77 61 82 -25 -47 -42 6 97 22 -6 19 -6 33 79 1 56 -92 -30 -50 -85 15 71 67 19 -24 -88 -57 11 -40 83 45 -32 -40 -69 91 -62 -31 12 -4 82 -80 -2 -52 24 -22 -35 -74 16 -66 13 -58 75 4 -19 -99 -35 -21 -27 -78 95 50 64 5 -23 -21 -1 -59 -3 53 69 27 55 56 85 90 17 -51 99 -89 35 81 -43 -9 61 53 -99 75 -18 84 -93 -73 -40 -34 -48 -89 38 46 -35 -97 -31 -81 89 -15 -77 -61 37 7 62 -96 -22 -24 10 -51 -38 -23 -60 -3 -46 -17 -73 23 27 -77 10 -79 -66 88 -65 -81 -75 60 34 55 30 -97 25 -15 28 -65 -50 48 -46 -41 -63 52 -78 -78 3 54 -5 -37 85 36 -26 86 80 -92 -68 -52 73 -66 32 -90 70 70 -24 89 -72 62 31 -10 95 30 -88 -92 -91 -50 -76 62 -88 -51 -59 -36 -26 -54 51 7 -97 -99 -6 -26 30 -60 -26 29 -86 80 75 -62 -38 78 15 -98 77 12 -3 -55 42 -86 51 -18 17 -76 -97 16 2 17 91 86 39 -84 -35 -67 -61 33 -34 6 -32 -84 -63 -19 85 -74 -56 78 -94 69 21 79 89 -4 52 8 -98 -3 -75 29 76 -36 55 74 10 21 85 72 95 20 -48 -92 61 -15 -99 -31 21 70 -24 -60 -49 56 -78 62 -37 26 -67 15 -22 -99 -26 -9 68 -55 35 61 -30 -77 -75 -18 28 21 69 81 -79 
10 -31 -5 -81 96 0 -78 12 5 32 57 70 -51 -35 21 84 14 -48 -32 7 97 51 88 99 -87 -19 -2 26 69 -75 20 -32 92 7 34 24 97 -30 -66 -81 -5 83 -93 47 -50 17 -73 27 26 21 -27 90 6 -14 9 74 58 17 70 -59 42 47 95 55 43 -60 70 80 11 30 -30 -2 83 2 1 27 -67 83 -90 -30 7 -59 -35 71 98 50 20 69 73 -78 28 -14 64 31 -42 61 57 24 36 -8 92 -7 -34 -65 -91 41 8 40 45 -42 25 -25 4 -4 49 6 -82 -14 -2 20 -80 50 46 -61 -95 -66 5 30 38 -20 76 27 39 -72 6 -19 -48 52 8 76 77 26 -53 67 -86 71 -57 -26 50 63 -34 23 2 -51 -90 71 -19 74 -87 33 69 54 14 14 -74 38 -81 15 77 83 -39 89 -63 74 -45 31 -58 -87 -25 87 -2 14 92 -60 -27 -37 -47 -47 -46 33 -31 -29 -51 22 17 13 -54 -78 13 12 -74 42 40 -4 42 14 76 17 -58 60 87 85 -93 -31 93 60 -71 -32 -78 -21 64 -78 74 -25 -80 -74 -63 -21 65 -98 -56 -23 50 -33 -38 -59 -79 21 20 -63 12 -14 35 5 -32 49 93 -30 80 31 -28 44 -68 -86 77 4 -66 -68 31 28 35 -30 -24 -57 51 27 -9 -34 85 64 38 64 -37 22 -79 -88 -48 -24 -31 15 84 86 74 -61 -44 -22 36 47 -6 71 -25 -93 -86 44 54 38 41 51 71 74 89 -19 64 36 -80 32 53 -35 76 67 -65 42 -92 -7 13 12 -17 -54 89 -78 80 -93 54 -9 8 37 74 -44 44 64 -41 99 3 -1 41 -17 51 -60 94 -43 71 98 -42 55 -34 11 48 -86 -98 -88 -11 7 85 58 33 -47 -61 -73 3 82 -2 24 20 -29 3 76 -72 69 38 -67 -18 39 43 -86 81 92 -15 58 -10 51 -17 98 -36 49 79 -54 24 92 -33 17 27 36 18 13 37 45 -13 -30 27 17 -57 -6 -68 59 -51 -52 94 81 72 50 -10 0 77 -74 57 16 -19 -82 16 6 73 76 -60 -72 1 44 69 -23 -44 27 -13 46 6 -31 -92 97 -78 32 -66 -14 -88 -35 80 27 10 -58 -9 -87 -48 -83 -55 -80 14 4 82 33 -46 -72 56 -19 -36 62 -64 8 47 -33 18 59 5 -68 -54 -5 34 -90 -91 95 58 89 98 33 -63 81 92 87 57 23 78 -75 64 1 15 -95 -26 17 81 -89 -2 -42 -15 -53 
27 69 -42 -73 83 -13 -1 66 -59 -22 -71 -29 -11 81 19 -5 -16 -42 92 67 -34 -1 44 -46 61 97 -90 -68 -98 42 74 59 57 -2 -57 28 81 96 -47 -37 -43 7 -94 -51 75 47 -99 -47 88 93 -29 -42 4 51 53 34 83 -32 54 70 50 47 -98 57 80 1 87 46 97 65 -12 35 -15 43 69 -49 78 -92 -13 -95 45 -91 -95 -13 -31 84 -36 11 7 -41 -42 30 -20 -67 -44 31 -9 23 -79 84 -86 -82 0 98 -51 -53 2 56 -78 -84 77 -43 38 81 32 -90 33 -47 -88 -86 -21 -3 12 69 4 -14 10 35 65 72 -13 12 21 -60 95 -71 85 41 36 43 -23 -74 -17 -93 98 82 -30 -90 11 -92 -23 -2 -7 3 19 79 -47 -44 -85 -51 24 18 -23 -70 27 81 62 -1 77 -21 46 49 62 -82 60 -13 39 -18 79 65 99 -4 -13 -46 20 -41 63 47 99 -77 -67 17 -32 -72 -74 27 49 -48 32 -55 53 -58 55 -91 -26 -64 79 -78 48 -91 69 20 72 59 -87 -37 -54 -20 37 -77 95 -39 5 47 -24 -5 80 64 -14 92 19 95 -79 39 -36 -48 21 -47 20 -68 28 -10 62 -89 -50 -62 73 36 -32 40 -17 -51 -26 72 -45 -57 -27 -54 -97 -43 -19 -92 -87 77 -35 45 18 71 92 3 -55 69 -7 -53 -11 -31 0 -3 66 17 61 -89 19 -65 12 -73 -52 -33 -69 31 -70 -77 22 60 15 16 -13 64 12 57 54 -16 60 -54 -61 -34 63 59 67 -65 -98 -24 48 92 -54 49 -65 -15 -35 -50 -67 -31 -84 -63 13 -52 46 -7 -35 -75 82 -7 -46 -9 52 -60 -29 92 44 7 -90 -24 -66 10 -70 14 -93 25 -23 -28 -2 -53 -91 5 90 72 33 -41 -69 -74 -12 -11 48 58 83 46 18 -14 -91 38 33 65 -2 77 65 -84 -46 -31 60 24 87 74 -83 -23 98 44 -34 -34 -57 13 -53 86 61 -53 -60 -3 -85 -32 -63 -13 -50 -26 -50 51 -19 55 -55 -15 13 -90 41 -30 60 76 8 -44 -74 -7 -2 81 -18 -41 45 -14 -33 -49 -2 47 98 -96 -2 -61 -62 2 -12 12 89 56 -37 5 -19 -78 -99 16 -62 -43 -35 28 -11 16 -13 46 -97 42 -8 -44 -67 15 14 9 -1 64 -63 67 29 85 90 21 -4 24 -74 57 -28 17 31 -55 70 -43 -35 -32 68 75 -51 -16 -98 36 -32 27 33 -48 -80 48 90 55 36 93 28 -16 -55 49 
23 95 -13 -77 -47 72 -26 34 -74 -19 -4 43 -77 60 -89 45 -44 44 96 -5 -12 -99 63 23 -39 -55 -76 34 -86 -13 -18 97 -64 6 -92 74 -67 89 17 -8 79 -5 -76 20 -44 -6 -88 79 22 97 47 81 97 63 -62 -44 45 -68 -29 70 -19 46 -15 -5 80 84 -66 -50 33 4 -10 87 23 28 96 92 -48 90 -62 -36 34 91 -30 3 39 38 -86 31 90 76 32 77 -29 41 75 -66 -86 -9 52 80 88 13 73 -46 -41 39 -62 84 5 28 -14 -63 40 50 93 -24 70 86 -23 62 88 -99 -27 92 -66 49 59 67 -58 -19 -67 -36 -21 39 -10 -81 -63 -19 -46 -19 -6 -51 1 1 -65 -8 -7 42 27 -69 -11 -41 10 -10 -64 50 -98 -58 18 -21 45 38 -77 57 98 -60 75 -60 -17 5 61 -68 -30 -77 5 55 55 0 53 9 -72 24 -39 -8 74 58 11 -86 86 -12 50 82 -45 75 -20 -20 -48 97 -52 70 -95 -78 -11 48 -32 82 33 93 -12 -47 9 -89 -35 14 -85 -68 76 -49 -97 75 -57 -82 62 -47 -89 68 13 50 25 -43 -34 -75 88 7 14 2 -66 88 0 -62 97 55 73 10 47 -53 -50 -94 59 39 -75 89 -26 57 -91 -7 -66 57 -62 78 -20 95 38 17 -99 -1 23 31 -74 -67 -99 -26 -73 -86 67 2 -73 59 -86 -58 45 25 4 7 -71 61 -11 37 24 74 -48 -93 60 17 84 19 85 29 -16 -67 -18 69 72 -49 -3 -77 29 8 -62 -77 -67 -38 -34 73 16 -91 -1 -17 50 81 27 -49 66 -62 21 22 -96 -97 31 -39 76 68 -80 80 4 -89 13 80 10 48 -75 -98 13 -17 5 -55 45 -98 -39 3 -83 -50 -33 46 -30 72 -2 -60 -27 65 -90 51 -41 28 -66 10 -10 60 -79 -91 3 35 -89 -44 -96 -14 51 -6 -76 57 30 -37 -42 32 48 46 -36 -27 -29 -5 -82 2 67 -44 -31 -35 -66 35 -59 -97 46 62 18 -21 34 43 -31 46 45 -92 95 12 7 -31 25 76 -14 -94 28 -71 32 -56 40 -95 35 -76 58 -72 -59 -76 -84 -97 30 -78 -60 53 -56 49 -14 70 -30 99 83 -40 2 -10 48 -71 12 -98 -43 -4 53 68 -11 -74 -83 1 55 60 -46 41 -20 19 90 -1 -65 -8 66 -12 74 -75 -10 46 91 61 -96 -12 34 65 -69 -88 89 55 -45 50 -40 -86 -65 28 -63 68 21 85 -48 -23 24 67 -17 25 
77 -62 -30 41 45 22 67 37 49 -9 -61 -9 65 73 -24 86 -35 -38 25 -53 84 43 88 24 -34 12 -12 -7 8 -36 -58 14 97 -28 19 77 59 93 39 -29 86 20 -8 -96 47 -13 -18 97 93 76 7 67 13 78 -20 -44 -7 41 -3 -82 -67 53 14 -18 91 26 -84 -76 -66 59 45 -90 -24 95 -89 33 -43 -16 -50 -8 -69 61 -64 -55 10 98 89 -5 19 56 95 27 -1 30 16 -88 5 97 30 -36 -53 -86 7 62 -11 28 -50 -93 -16 -11 68 37 43 -23 56 -57 11 -74 -22 96 75 2 84 93 -77 -14 -89 -47 -38 -84 -53 -55 90 -88 -12 0 47 -36 -85 74 33 58 73 -7 -22 85 27 -75 -67 -17 80 45 35 19 -29 -14 -5 73 71 -53 64 -65 -3 -90 4 -94 0 -76 -18 -94 87 -75 -78 42 -22 -15 -71 -95 -17 -19 -65 17 -85 -8 87 -88 -86 -63 -44 -93 84 34 -3 9 55 -4 37 -57 -1 62 1 -76 33 67 -89 -13 76 -99 -66 -46 -59 31 -42 -89 -54 47 65 12 13 6 57 -35 -49 50 -46 -80 77 -27 55 -65 -45 -57 30 14 57 76 -25 -65 72 56 11 78 -5 92 56 -65 -86 83 47 -18 -81 82 -69 55 -50 57 -23 43 98 37 33 -80 -84 52 38 37 -50 25 67 59 -47 63 91 -80 -81 -59 -7 96 -25 -62 25 -53 -44 20 52 46 -96 16 -50 88 -35 80 -76 -67 10 -91 -94 -86 42 13 -76 59 -85 97 84 -82 -33 52 -19 -5 28 -59 -94 25 65 99 -55 5 49 -83 8 -45 -65 26 -69 72 43 58 -39 97 -52 -97 -79 -33 -99 -38 77 -29 3 61 9 25 -79 55 -30 0 -2 96 -23 -75 -28 -89 -70 -56 15 91 98 -34 -99 10 -91 34 91 -15 16 6 65 88 73 42 -26 -97 -85 -21 -89 3 81 -82 -80 -48 -38 -3 -69 44 5 -53 89 -76 -12 -98 -50 35 -31 33 -23 -19 -52 65 -21 73 -14 -42 -32 -63 -87 43 70 5 16 18 7 -98 -37 -59 69 -71 -31 55 -12 64 3 32 -34 -99 74 -65 54 42 -33 96 89 -58 40 5 22 20 65 2 16 -91 61 70 48 10 15 5 73 -63 73 20 19 -46 -73 38 -59 70 67 -26 -80 -54 34 -20 -79 80 -23 -64 -13 -93 78 -33 -22 59 -50 -90 48 37 6 34 41 68 78 -8 -26 -8 -76 -3 -57 -97 -94 -21 48 -31 90 57 -54 -29 -21 -40 -77 -87 
-29 46 -2 95 -71 96 85 -26 0 2 -46 -45 -74 47 -16 10 70 49 -13 -80 -76 44 60 15 -9 0 51 61 76 21 -97 -17 -58 -56 -68 88 89 -79 -12 -29 -26 12 -65 -9 -65 -8 -2 -65 86 60 -33 70 36 -8 -78 83 -99 76 -67 -42 13 -76 -52 90 -96 -39 45 -64 -31 -62 -70 10 82 95 53 -68 6 95 -26 -14 8 30 57 71 4 -26 79 71 -99 82 -33 29 45 3 -43 -93 12 -9 17 31 -48 96 94 35 61 -52 -73 28 82 -45 84 -51 -21 19 -23 -72 35 -63 -7 36 45 78 77 12 6 -81 -93 -4 -63 -6 8 -66 1 8 -53 86 91 59 49 -38 23 34 -19 -29 -6 -51 -9 12 -20 -42 -70 66 42 -14 -68 66 43 -1 56 20 60 -77 56 94 -9 14 -35 99 0 -84 63 -25 -69 -79 59 95 91 -60 -23 60 70 -26 42 -55 -27 -79 77 50 17 -36 8 70 76 61 11 61 44 50 -28 38 59 0 21 -58 20 1 -71 -73 20 -96 -42 -34 51 -11 93 -49 99 -2 -60 50 -35 -4 -23 -66 59 20 69 13 -75 51 -65 97 -12 -77 -77 -36 22 -77 -54 99 45 -47 36 -76 -22 65 -11 -73 63 -73 -40 50 -94 77 -75 -42 62 77 -94 -43 49 10 -98 -35 -49 24 48 -30 -90 -69 77 12 74 -73 -71 21 87 -3 -15 75 18 11 -79 -5 35 -19 -41 -78 49 -98 10 -6 -61 -81 2 95 23 42 86 -78 -97 65 36 88 64 -75 93 -92 59 -29 81 97 31 20 -47 59 -68 13 66 33 32 -42 80 58 34 -35 39 -32 -71 -26 8 -59 66 94 17 -82 -52 48 -60 63 89 -92 23 56 80 48 2 46 82 -60 -21 -72 2 -88 -36 42 -49 62 33 -39 -97 15 64 -20 -20 50 -44 -81 -96 -11 19 -2 -50 53 35 -89 57 -76 22 -76 90 57 -92 -61 -73 20 -79 -62 18 -76 15 81 92 88 -19 19 -65 -39 5 71 93 36 95 50 -72 -16 90 -20 98 1 47 86 1 -9 76 -40 24 69 88 29 -54 -8 95 30 -42 -85 -97 -64 -1 -85 60 51 -80 -58 -51 -81 85 -61 -97 82 -11 95 59 91 -26 -38 -11 -17 -48 -23 16 -34 20 35 64 6 -61 -59 46 -31 23 65 -33 -35 36 54 -32 68 -65 -46 2 -3 90 24 -15 60 -52 54 27 28 -46 -12 -65 -41 42 19 55 35 -14 14 -21 52 -31 94 -89 78 69 -17 21 -76 
-34 -9 -69 -69 75 -73 96 8 -24 -53 -80 -56 -20 -54 85 -84 57 -26 18 -25 31 -93 -52 -49 -89 13 28 -43 97 1 -74 73 47 -56 -90 55 0 -57 -56 -85 86 -17 -60 -58 30 18 -75 -29 25 -10 -21 -23 51 -12 75 -9 35 92 64 -7 -26 45 -93 68 -39 -32 -29 38 -37 -60 27 53 90 99 -93 -71 83 -94 -83 91 -49 -47 -89 -43 2 -42 32 63 -93 70 45 -59 0 -23 -60 -46 -66 16 -39 42 -24 47 -13 62 -25 30 53 42 -38 -27 11 3 81 13 -67 -10 -48 43 34 -49 -61 -55 11 -81 56 -8 75 6 -27 99 71 -9 32 -75 14 -59 -90 -28 91 -20 68 -25 -35 -69 -18 -84 42 -15 -51 69 44 -64 54 -24 78 -59 1 79 47 64 62 31 -26 -26 -32 -38 42 51 41 -84 -55 5 -80 1 -51 -6 -72 68 49 9 18 -79 -96 -6 91 87 43 -83 6 -43 -68 60 35 -53 17 -93 66 73 19 -16 28 50 83 -58 8 1 15 7 -27 73 -22 94 34 79 -69 -68 -3 -67 -17 -16 22 -59 20 92 35 -16 31 -66 -12 41 39 -40 44 24 -78 -25 -58 -13 92 80 82 65 -71 -32 49 92 59 51 35 -42 -14 -88 -87 72 80 18 52 71 -10 -33 -22 42 6 -37 39 -47 -45 -13 -25 -34 -11 -44 -61 38 18 -15 92 31 -96 15 -87 8 19 -36 -80 -8 27 -6 -13 69 -51 74 -14 45 39 69 78 77 92 -42 70 77 -7 69 66 50 37 -67 41 -99 -49 -16 -17 -76 -3 31 -1 -64 -77 69 -76 -33 -93 24 14 87 -64 -10 4 -98 -16 -39 -26 -14 -60 84 34 87 -71 -42 18 96 -27 80 -89 7 44 36 -50 -66 -93 -76 53 80 -56 78 -27 -70 -27 60 -29 -73 96 33 -57 88 -59 -36 61 66 -24 -94 -9 83 87 -76 8 -44 -99 -68 86 79 -68 0 18 60 -50 -4 23 66 -29 -20 48 48 -90 -95 79 42 -77 -36 -56 -35 10 -18 -24 -83 21 -40 -99 -2 -83 96 34 63 95 -96 -97 80 31 30 99 -81 99 10 14 25 -22 73 65 -98 22 -96 54 -41 -57 21 33 -17 -17 0 57 23 -77 7 -68 36 -23 -66 38 -18 -30 65 -80 -96 7 -89 -36 -55 6 -72 -38 50 57 -34 -49 16 94 -45 -1 -2 -74 -50 -7 -16 28 36 30 13 98 -45 69 -3 95 80 45 34 -48 1 -97 25 -90 88 -56 -67 57 93 98 -28 -62 78 
-39 73 -52 -56 -61 95 -46 -83 -41 -63 62 -74 85 24 83 83 85 54 72 30 -52 78 83 6 29 -75 -2 -71 9 -80 83 46 -17 48 30 78 -35 34 -98 -53 -74 14 84 -34 23 89 -47 47 92 -31 -77 -88 -70 -19 -65 22 18 -70 67 5 -90 16 27 -54 42 93 -36 -51 62 75 -48 53 -11 48 59 28 -71 16 72 36 -33 44 -69 -14 57 69 -51 48 20 49 -2 23 3 17 8 90 93 -92 83 44 60 -47 -3 56 -21 34 -41 25 98 87 86 -53 -80 78 -59 22 54 10 92 -50 -73 -90 71 42 8 71 11 -42 72 51 73 81 39 66 9 -59 -22 -33 -29 -34 3 -16 -13 -28 -55 -69 9 89 21 2 76 29 74 -63 45 21 85 -77 -31 53 -40 15 95 9 55 75 38 55 -89 -96 25 87 30 51 -21 -1 77 54 70 80 -29 -32 92 80 43 86 91 77 -22 -20 -43 -85 -17 87 -75 -63 13 37 -51 40 15 93 67 -76 77 92 -55 -57 -65 -32 72 55 31 30 -57 59 -70 -28 -73 -39 72 46 65 -29 14 -53 -54 4 60 70 16 36 43 54 52 40 -46 -91 -20 84 -22 52 -27 98 -93 39 42 88 -59 -58 14 -84 -62 -11 63 17 -28 73 93 -87 -6 25 -3 9 57 -39 -47 27 51 32 60 65 -17 15 80 -4 -51 -92 -46 -18 -6 -63 96 15 -15 -66 -68 -57 21 8 -19 -74 -14 -57 -9 92 -99 -15 -53 39 5 -78 -93 23 -96 29 -89 23 -45 -57 50 51 56 92 60 28 -59 -60 -69 66 -95 85 96 3 57 -69 -21 42 59 31 97 -5 96 -33 -15 58 71 62 61 24 99 51 52 -95 -61 77 8 -46 40 -72 66 -64 -56 -93 -56 -64 74 -40 -47 -18 70 -71 11 40 -81 83 -25 32 0 77 11 67 -58 0 90 -23 -35 86 -82 -46 36 -54 24 62 43 63 -91 74 81 59 51 -4 -21 -28 -26 -50 -21 55 -33 -95 48 99 -19 -79 -54 83 -22 69 -29 -22 49 83 -9 40 -97 -14 -51 -51 -83 -1 37 -75 -41 -68 -55 50 83 62 -38 -10 -66 62 -49 -48 -62 46 27 -71 5 75 -95 72 6 30 78 -16 12 74 -80 -52 -22 -78 10 -20 39 -68 38 48 -16 -53 1 62 -76 -11 26 51 -2 66 12 22 -59 -79 28 -47 7 -91 -79 15 8 58 -2 -24 -23 79 -17 -24 67 -99 -89 -85 -67 -70 5 36 67 -3 35 11 86 37 
39 -84 -98 89 48 -68 13 -70 -81 98 -41 34 -67 11 80 75 -81 -6 -32 -93 -9 -74 -1 -26 -67 78 -28 28 -79 -26 10 -93 -40 88 -51 98 51 51 1 66 -17 64 -53 -77 -77 -40 -64 5 23 47 -61 47 24 87 -69 -69 50 81 -75 54 -64 -56 -81 54 4 -52 -44 93 36 15 91 56 7 -64 -2 77 -55 -72 -67 -3 -48 7 -72 -84 63 69 23 85 -59 -65 93 -59 -87 -9 45 21 -84 99 -58 -19 46 55 86 -70 -5 0 20 -54 -45 -56 7 7 -65 9 28 65 76 -65 -85 18 -36 -12 56 51 -69 -90 97 45 -51 -56 7 31 40 2 -3 -51 -68 -61 -69 4 21 -29 -90 85 -81 -80 77 -52 75 10 -73 -62 -6 -10 -61 -23 -84 92 66 -76 -61 -57 -4 9 85 80 -16 70 44 98 -72 93 59 -34 -64 -85 93 64 -5 -87 54 -46 -77 15 -50 -49 -55 72 -96 -71 18 -45 -33 -43 32 -89 99 -90 17 12 -58 85 22 16 -40 15 59 70 30 -98 -24 -68 -15 -51 -20 -81 -5 74 25 -13 45 69 -32 -5 24 38 -14 -40 -25 -25 79 -75 12 -29 -30 2 64 0 -66 91 11 16 30 81 82 44 -10 -57 8 -37 -60 1 1 -38 -57 -68 84 39 71 -58 -80 -47 36 -81 23 20 72 -88 25 67 25 -52 96 -11 -86 -8 78 83 -13 -51 -89 80 67 23 80 -87 -86 -52 98 5 52 74 52 53 95 66 -80 29 -89 -29 -62 21 -52 -98 -5 0 -73 -2 -51 -95 20 89 8 -46 -74 -10 38 96 -67 54 -4 45 -99 -66 7 80 11 71 -39 -11 80 29 -53 1 -11 -86 -72 20 48 -11 -18 11 -48 -50 -88 -95 49 -66 -62 12 64 94 20 62 70 -72 60 -33 17 -67 -81 18 -14 34 42 -64 -79 -93 25 -48 74 87 44 -99 -13 -56 18 49 -83 53 -39 24 -81 4 -6 25 27 28 68 -92 94 -55 -58 -32 -86 98 -10 89 60 32 0 95 -60 47 -17 66 11 45 98 38 86 -28 -2 90 -17 -50 -15 30 -85 32 2 -38 99 95 26 81 -39 -40 74 51 -65 4 10 -57 -69 44 -43 -3 -75 -72 -26 -86 -69 78 52 35 27 -74 -94 -98 -42 -32 9 48 39 -59 82 2 -95 -10 -46 -59 20 33 -75 -15 76 -42 -96 -87 -30 -44 -92 -86 -36 54 -26 7 99 91 -15 -5 -6 93 -48 -46 -70 -7 -4 97 -64 -17 -66 6 -65 25 -7 40 88 92 
76 26 -61 61 10 -61 -17 -52 -8 20 -76 -33 25 59 -63 -37 -65 -78 1 -68 -98 -64 -13 -98 -33 26 44 47 44 -8 19 -83 35 82 32 2 38 21 63 98 -19 83 40 35 -53 -25 -19 23 -85 59 28 -69 -21 77 -57 -64 -17 -24 -3 -69 -48 -83 -61 58 -75 86 65 33 -71 -80 24 -55 -5 -64 1 8 -21 17 -64 -45 -47 5 -66 -9 52 -52 -39 -96 -39 89 49 -64 -31 20 -74 -20 -1 -92 66 -94 -72 -75 34 87 0 -22 36 -40 -2 -9 85 -4 -37 59 -83 13 -7 32 81 -13 54 0 70 19 -5 -28 72 -32 -41 11 -57 -67 -69 52 -62 -44 74 -61 55 -72 -7 29 65 85 -32 51 -10 -11 52 -52 -43 -4 67 68 77 97 42 -95 85 8 -49 -78 78 -10 -56 50 -73 7 -55 -54 -18 -87 -68 62 -83 54 -30 -63 -20 -55 -10 -93 52 -96 45 53 32 -80 -98 77 81 -86 -98 97 73 -85 19 -70 -61 -70 46 -13 83 -59 -38 -52 31 97 19 -60 -75 -68 19 48 -89 45 83 -94 42 -72 -57 -52 58 -74 47 55 5 -91 -78 28 -9 -92 -69 45 -92 72 9 8 13 -93 9 73 -59 -35 -76 -21 -45 53 -13 41 27 61 47 34 24 53 74 -22 96 67 -4 -53 -88 85 57 -96 79 -73 45 25 77 67 -53 86 25 21 -61 28 -46 -14 7 6 -78 -43 11 -14 2 61 -22 -93 -17 -83 -36 83 76 38 -63 -65 -92 20 22 -19 -81 63 85 -15 -15 43 10 -8 23 -63 -24 72 -63 10 -58 -86 -42 80 -66 -49 48 -54 61 98 -61 38 -77 -87 -92 97 -63 -84 -89 71 -76 -93 -22 -1 -4 -71 20 -47 36 44 -37 -19 59 57 7 71 31 10 -49 -64 -95 -20 99 -81 79 69 11 68 32 1 -27 -33 71 52 -98 20 2 26 88 53 -23 -14 -96 -7 -37 -15 8 88 70 49 32 -30 18 -21 -97 8 55 -96 93 1 -70 -62 -28 -15 53 17 -63 68 -89 -69 43 -53 -32 93 10 64 96 -70 32 16 30 28 -88 -45 -87 10 -24 -1 7 40 46 63 31 -45 -15 -8 -27 -8 75 67 51 90 51 -94 22 -44 75 -25 86 -83 98 -33 4 -29 -47 -37 69 49 21 11 -63 34 -97 -82 -16 77 37 -50 -88 -35 56 35 -66 11 -44 -33 66 28 -90 69 1 -94 36 -46 64 94 68 94 -44 -64 23 62 30 -96 -90 53 14 -6 96 -84 -69 -81 -38 21 
-23 -69 78 61 8 90 64 -80 -44 -21 -44 -55 -6 -52 47 13 15 37 -23 -69 48 -5 -71 59 -6 -78 13 -25 4 98 23 36 49 -52 23 82 -70 -12 39 -73 -19 88 -23 77 23 74 92 10 70 -15 89 -40 -66 51 97 -49 -26 -61 47 45 -50 -53 81 -12 -3 -43 69 20 98 28 81 -12 16 42 35 -86 94 -54 86 74 57 71 51 -80 5 10 -99 40 -15 -10 74 70 -99 -31 58 11 -22 -16 -21 26 -44 -19 -86 -35 48 -18 77 46 62 32 -78 24 -42 -14 94 10 29 -61 -29 68 -95 76 -20 91 35 -72 88 72 -70 -84 57 16 -74 -56 6 13 -24 -92 -3 31 -39 -69 -93 37 -67 -54 63 60 85 -98 -51 6 53 0 -2 -88 -89 -12 49 -35 -31 33 -43 1 -58 -54 42 -17 -55 20 -35 -80 -62 -98 -41 -77 53 -34 -49 -4 32 90 25 -80 -1 91 -29 -36 -72 -25 -32 -21 59 16 8 18 -14 -56 -82 89 79 -21 -35 -9 -16 67 12 53 -26 -12 -39 -95 -27 27 1 -29 -44 7 23 -25 -62 -92 16 -32 76 5 -44 4 19 25 6 -91 16 -91 -5 23 71 13 -57 29 -74 86 -23 35 58 -36 89 85 -83 -62 91 -31 33 4 -23 13 7 -63 88 58 -87 69 -39 -86 37 -73 -3 19 85 -79 -92 -53 51 -7 -39 68 14 -55 -80 -51 54 -2 -74 67 22 8 -86 -40 -48 -56 -24 -93 52 23 48 -60 -62 15 -6 15 -45 99 76 65 9 41 21 -21 -48 14 -72 78 -13 33 85 85 24 -3 -33 13 -11 -44 -67 -28 1 93 15 -16 24 18 86 7 -78 56 29 6 33 23 80 -96 91 11 33 18 -90 22 -54 -66 -63 -27 -40 -55 45 95 18 -26 -96 -51 18 5 52 -91 53 -45 -59 26 95 19 6 60 -64 11 96 34 33 11 0 0 -40 -46 -94 3 -7 -49 -42 17 -28 60 17 -76 92 -72 -47 -9 -44 48 -52 40 15 -16 54 -62 67 -38 16 -84 5 60 -53 68 -7 -85 -79 81 45 61 10 -29 13 74 40 9 90 36 38 -39 -69 -96 55 -8 73 -56 -48 -31 -32 49 -59 14 -31 -2 -48 -77 -11 83 -49 69 -24 -69 65 -67 -93 22 -10 -1 -61 44 -1 -19 -3 -33 88 37 -31 -96 49 -2 -60 59 -61 16 -37 20 61 -11 41 87 13 85 -77 -20 -35 13 29 7 58 -55 -86 95 -28 73 -82 -82 52 -71 12 30 14 63 -31 -56 
62 8 -35 84 -98 87 -83 -82 33 46 35 -75 63 -20 37 -39 19 95 -99 -37 6 -9 68 57 -69 79 -73 53 21 -1 -18 15 -61 3 36 -87 -55 36 -68 -72 -80 -1 11 -25 -39 1 65 -91 89 28 -2 -86 63 16 -94 57 21 34 -84 65 95 -30 -13 -53 44 -57 -85 -81 -24 48 81 32 -42 -17 92 38 37 -95 -5 -91 67 50 54 -88 84 91 28 78 65 65 -72 54 -29 2 73 -23 98 33 86 16 91 64 39 -23 -53 -30 0 -84 -84 -86 -79 -88 64 -66 -74 -48 55 24 -15 -85 -15 -92 -77 -95 -35 -81 6 39 67 -59 -85 79 -32 89 93 2 64 -7 -66 -92 -62 49 -51 -33 -33 41 14 56 -57 83 68 -12 -51 -39 74 62 35 -64 33 97 96 63 43 78 -71 -75 73 -88 1 -51 -25 -59 83 -7 63 84 -87 -65 71 -58 -41 68 -85 83 -99 82 36 68 56 2 11 9 45 59 61 14 -60 98 25 -63 91 -7 14 -93 51 25 -4 -30 15 -28 -8 91 27 38 -88 79 -32 -69 5 97 80 -7 -56 -5 83 -15 36 -20 -51 -62 73 7 -79 82 90 55 -19 -47 -41 26 -98 38 -49 80 -15 -82 -79 87 56 22 59 80 5 49 -85 -29 -40 88 -17 -31 16 28 86 -54 47 97 -79 71 -70 -21 -28 84 43 83 -67 48 -86 -42 -49 -88 -85 7 88 49 41 36 -45 18 71 -47 -73 0 -86 88 15 6 78 -80 -99 -1 -6 36 72 6 -41 -14 -60 -36 -58 -58 -41 54 -59 -73 -69 61 -20 -46 36 -88 -74 19 -91 -11 58 -35 -47 -63 2 -44 40 -90 -77 -80 -91 -54 -52 -49 -17 23 44 -87 -88 -89 -22 88 31 71 -10 60 15 -13 10 59 -88 -49 -18 97 73 -15 -18 10 26 41 41 20 5 -43 85 -83 20 -79 -26 -24 -78 41 -22 61 -14 -2 17 78 24 -55 -11 -25 0 -75 -7 60 96 87 95 -50 26 -9 -14 -7 37 -12 93 13 20 45 -3 37 -17 35 78 8 1 53 57 -8 -57 -83 -89 60 -83 -20 47 18 -44 18 68 -96 87 -12 40 -48 90 13 76 -29 -31 82 -42 58 34 -90 57 90 30 -52 17 -17 -70 58 65 78 -47 -48 79 2 -6 39 2 -5 1 87 1 -57 61 -90 -20 45 -75 79 15 -64 92 -23 74 -70 38 -50 -85 92 20 -41 -76 -85 7 -32 4 -97 -29 48 -88 79 -95 -23 43 73 -7 -23 63 -44 32 -21 
-95 90 -80 50 67 80 67 -36 -51 -38 -67 -33 -64 -79 -71 -80 -87 75 -13 -98 -8 -60 -50 38 55 47 77 14 -32 -47 -24 -45 9 -56 95 31 87 -46 -23 49 96 -43 -3 64 -4 -23 44 -7 -55 4 -40 -48 17 21 32 -52 -31 97 -85 -85 44 13 -12 -59 -43 42 71 -11 96 -38 34 -98 -86 43 20 57 47 92 -41 -59 -48 34 16 50 6 -34 61 13 31 51 -79 1 -42 -23 50 -33 22 63 -82 -46 -93 -89 56 -93 70 -21 23 50 75 72 89 5 97 41 30 72 25 -56 23 -96 2 67 54 92 84 81 18 -38 -75 -51 -86 -15 36 68 69 82 14 -77 -94 -88 47 -16 -63 -72 -10 -37 89 -6 -17 -77 54 -15 -49 99 89 -95 -20 91 -38 81 31 33 18 38 54 -33 46 9 -28 -45 -85 68 -25 24 -59 -53 -46 1 24 83 39 -3 -34 -81 62 29 10 -20 -86 -98 -35 -91 84 48 4 32 41 -68 41 95 18 -40 40 -20 -16 52 25 -6 88 16 14 -25 -70 -75 -81 -8 31 68 17 25 -2 -63 -77 -74 -54 54 -79 -88 55 19 -82 -87 4 -55 -45 -65 -89 -76 -9 33 75 -64 -17 -4 -32 -5 15 -72 66 92 -82 -23 -71 81 9 -24 -18 42 34 54 1 -50 -45 -71 -39 -83 6 -17 37 -45 -81 -12 -26 80 -66 36 -16 -44 -94 6 -44 -29 3 -2 44 85 77 -2 76 -70 84 -2 96 -30 -25 -94 34 9 26 -64 -38 -7 37 11 22 32 -52 17 -16 86 -12 -61 67 -31 -91 84 63 -39 61 93 -42 99 28 -88 5 55 -53 -30 12 21 -79 -98 -9 -52 -84 87 38 39 -79 -46 86 -70 5 65 -54 -49 -51 -10 81 -21 40 -5 0 -3 32 -9 -31 47 -80 9 -3 77 12 -48 78 -10 -59 -39 86 10 26 24 -75 -45 -91 -45 -16 -95 49 -31 45 78 -96 -7 24 -74 78 -4 76 -19 -44 -59 -61 34 99 -12 89 -45 42 -60 76 48 -15 -30 -24 -39 -65 -59 18 -48 85 35 -58 -9 21 78 -39 -77 -43 49 61 -47 -74 -88 28 76 63 70 -61 5 -35 -38 96 -12 -5 -40 -35 79 62 -85 0 75 -59 32 74 -22 -89 3 -77 21 -58 34 -96 -77 -83 30 -90 -82 -6 92 -84 -99 -71 59 -51 59 1 -73 59 34 -49 4 -74 -14 -86 -32 -77 28 33 13 -65 -87 49 65 28 -84 94 34 -69 67 -5 -92 26 62 -95 93 79 86 93 -34 
75 -55 -63 25 -32 -73 48 9 14 63 -2 -80 -1 -44 44 84 -91 16 -31 26 92 31 -16 0 -82 -25 -62 -43 -85 91 42 -66 7 62 -28 93 84 -2 -67 88 55 64 90 -37 32 -97 -32 64 61 38 64 67 -28 -22 24 14 20 -83 22 36 -6 90 30 -16 29 -34 85 21 8 35 -95 -34 63 10 9 74 -71 -34 -56 72 -17 -75 49 -83 -9 70 -11 -40 8 33 95 -52 -32 97 -15 -34 27 30 -13 -85 -84 66 -23 -35 36 7 2 88 96 -40 -29 -60 -50 16 6 96 86 69 -99 8 -65 -5 -21 70 67 -79 -87 24 -66 24 -3 -90 -31 -85 43 36 17 91 -74 -70 -11 22 -69 57 15 -20 -39 23 39 -69 57 -42 -31 68 -99 11 -30 -35 -31 66 58 49 -83 39 -96 -66 77 96 30 29 -18 88 -28 89 -84 49 -53 15 -44 77 11 -62 40 -93 -14 -81 -28 -58 -6 -37 -82 29 92 1 24 95 -29 -59 -2 -45 -57 -19 -77 -51 -11 -40 -35 -34 26 49 -25 2 -60 -28 -27 44 -86 -62 -85 61 -89 -87 70 -56 40 38 13 -95 -66 79 2 -81 69 -95 42 59 -99 27 -6 87 -22 2 18 99 78 -91 -73 59 54 46 63 -2 67 -63 -48 7 15 46 54 -82 -67 91 -98 -76 -30 85 -84 -5 7 81 2 56 40 -4 28 -93 -7 -44 50 2 24 95 -34 76 -13 92 -36 42 -88 44 -68 17 89 47 -16 66 50 74 -5 30 -7 -91 -3 78 -35 8 30 -16 93 -88 42 -48 -47 -66 -85 -81 -21 95 -11 35 4 -24 42 -87 38 -54 19 -58 29 79 -52 -2 -14 90 68 54 14 85 -8 -8 -31 -24 74 -50 -52 1 83 -95 -75 -75 56 -64 77 49 -7 79 -75 -85 54 -28 4 44 -13 32 26 71 50 48 96 -67 -37 84 55 7 3 -66 -37 70 -77 -17 90 90 -60 -12 99 70 74 -47 -59 -53 -48 77 -15 36 1 89 -64 23 55 19 -98 -15 3 -20 -31 -5 28 71 -67 -23 29 -7 -82 96 90 66 80 37 -16 -68 -76 28 -18 4 28 -11 -39 -40 -88 49 11 90 95 6 -80 91 -32 -76 94 24 -99 16 80 71 -38 43 -24 -58 75 -54 37 -89 24 7 -35 -69 -31 29 -82 63 -67 -18 -12 77 60 -42 -1 -73 27 40 -39 84 25 13 -34 -81 -41 -40 -59 12 56 54 24 -54 -28 -3 -68 -3 -46 15 64 -87 -42 -86 71 -37 19 -71 -62 25 
31 -12 64 39 -88 -74 -14 64 20 -61 74 -28 -30 83 85 -10 -59 -29 -7 -96 45 -1 78 -15 55 69 90 87 45 70 -17 85 46 6 -78 -93 8 -31 55 -2 -92 -66 -52 -54 79 83 -31 25 20 99 71 -84 79 -36 44 51 8 -66 -45 -42 -11 -68 -11 40 48 -5 62 -2 -56 90 -99 40 92 29 -57 88 -44 99 -27 62 -57 16 -32 -70 10 -47 -6 49 -21 -11 -14 -25 80 -77 -41 -21 -71 -14 -39 -12 61 -34 -6 9 26 38 -79 46 22 -26 -61 9 22 80 -35 64 -32 -60 -90 -58 -25 -87 54 -31 -6 -85 42 25 87 6 -94 48 -54 66 -47 -52 5 -96 22 -34 -59 9 -79 67 -51 -14 24 75 -69 96 -86 -12 -19 44 -30 -68 -14 -23 65 62 -92 77 -71 -21 32 -5 -57 -1 -28 93 66 -46 24 -93 53 69 -5 -48 -19 -57 52 -79 -58 -55 -34 -80 -40 -46 -42 -92 68 -64 83 -50 76 10 64 13 6 -67 -16 77 86 -52 -38 -38 -51 75 -56 -73 25 -57 2 39 -55 -70 -61 3 -4 19 54 -32 -95 -78 -45 -94 -59 65 -31 46 -68 14 8 -81 -6 45 -43 64 -33 43 23 -10 20 -83 94 10 18 -42 25 -43 -69 -60 2 78 -95 58 39 19 58 99 -85 -49 -12 7 -9 74 -87 42 -74 -95 -55 24 45 15 41 -1 23 52 3 5 -72 -30 -41 -39 40 26 81 -52 35 32 47 29 -81 43 55 -97 59 65 45 -38 28 96 0 -31 -72 73 45 -45 -73 -18 85 -55 -4 94 90 85 -16 -9 -10 17 20 76 -64 -65 -23 -94 28 53 -81 11 6 58 5 -79 -4 -12 39 -37 2 45 57 78 -67 -56 -41 -21 81 -50 -35 17 0 -72 -81 85 -35 57 63 -88 77 -90 -80 22 93 14 -24 51 73 86 -8 80 26 91 -86 -54 -44 -66 -77 -65 32 83 -40 -55 26 33 -34 -16 -77 -66 65 34 -12 82 -72 7 -55 7 -27 -42 -12 -31 -89 81 -24 -52 37 56 -87 -57 -91 -64 -78 -22 -13 8 63 -16 -91 93 75 63 -83 39 -41 -52 49 6 14 44 -60 -90 -92 33 34 87 -6 93 18 6 -93 24 -18 -51 -55 91 -17 -30 51 59 -58 -66 -96 -21 -71 26 65 -24 -23 -82 33 29 67 33 -56 40 -88 -51 96 41 92 -73 -12 -2 -11 7 38 -93 -73 -72 -57 -30 -29 -49 96 35 -73 -49 62 -1 -24 -95 81 27 -74 -12 90 46 6 41 -18 -70 
-60 72 18 -89 17 5 -45 70 -21 -98 36 -14 17 -78 -39 22 47 -28 53 -54 -39 -7 48 68 -70 -39 -49 72 -39 8 -38 60 87 29 6 40 73 98 57 59 9 -23 -25 -58 75 -48 78 -44 7 -29 -49 41 91 70 -29 7 74 1 74 99 61 85 -43 -35 42 48 37 -43 71 39 -12 -21 2 -31 17 34 -6 75 -88 14 -98 29 81 -60 -27 87 97 64 65 22 26 5 42 38 -28 -62 21 -27 11 -68 -92 -89 -65 29 -79 87 -36 21 -75 -10 -64 7 -60 -44 -82 -77 57 -75 90 -43 56 -2 48 95 83 -37 -47 -31 22 -23 -27 -6 -77 -11 99 -91 41 6 98 25 7 -11 -94 -28 -27 -45 78 -96 -26 -12 -43 96 -21 -32 -6 42 76 -49 60 77 88 -36 -18 -63 35 -52 -37 9 -47 -8 48 63 -47 28 -80 -24 -95 -38 -6 22 0 -50 -85 -78 78 28 -69 74 -42 -46 1 -25 44 -35 -26 50 13 -12 -50 -47 -46 43 -15 -85 -75 -9 -42 47 10 -94 -26 50 56 -54 -2 38 -22 10 -60 55 -87 -11 -40 76 -43 8 31 51 66 44 -33 -10 60 -45 96 -78 -71 93 78 45 82 46 74 54 -88 35 -15 -56 -53 -60 -88 -59 36 -65 2 84 -59 52 50 -44 -80 42 62 3 -70 -19 -20 -10 -50 76 19 56 -41 -28 30 -5 -19 -53 65 33 -32 -32 18 -83 -62 65 -62 -62 22 -19 71 6 9 -28 -97 33 0 -25 -86 52 -47 80 -3 -67 55 -67 -11 -3 -78 66 43 -3 67 -86 -24 -2 5 -16 -77 -2 74 -55 81 74 -47 20 -36 19 23 -17 -80 73 -50 39 -26 18 -98 44 -24 -50 -93 45 -1 -44 -13 54 48 31 -62 -43 -74 -73 16 22 14 -4 76 99 -2 63 61 -82 36 -90 62 -50 -75 22 -62 -53 32 -34 22 62 30 58 -20 66 45 20 -52 -21 62 -51 -55 18 14 -31 23 -11 42 -38 90 16 43 -14 -73 6 36 15 -15 -53 73 -6 62 -39 -25 16 10 -47 53 3 28 42 -74 47 69 70 -94 20 10 62 76 73 0 47 2 83 -42 -3 43 -35 43 76 -34 73 6 42 21 37 89 -20 -27 -23 17 -68 -13 -29 -86 -88 58 4 39 88 25 -80 -77 -89 -14 82 16 -26 90 -67 -42 -98 -82 8 73 -56 32 -43 8 -57 51 -29 -3 31 1 31 -88 2 -76 -60 22 31 94 -13 -28 32 -51 -39 9 -83 -64 11 -47 47 -47 98 
67 93 -44 -91 2 -31 14 -92 30 53 -3 32 13 -1 94 74 -20 -80 36 55 40 -33 -79 -80 86 68 19 54 33 -66 -95 -60 -33 -16 -52 -14 88 43 64 -60 -39 -96 20 -54 77 -44 48 -47 -14 -25 79 -67 -1 68 -54 -5 -84 68 54 78 -18 -19 -45 88 0 -97 44 48 58 16 21 -84 8 20 -74 35 -58 54 69 78 88 18 -66 -7 99 16 -51 -16 -60 -48 -28 63 26 1 30 -67 -30 -1 -38 48 88 1 -20 -18 -94 36 49 -73 27 -60 58 54 -85 63 -78 35 -94 88 -67 -88 47 -52 -86 18 42 69 -64 23 63 20 94 -33 63 -29 -84 -91 34 -87 71 -55 -70 -15 59 45 7 -79 -24 91 25 -42 42 -36 43 -48 32 -87 -49 -74 -44 3 -24 -25 -17 83 -84 -36 16 -99 84 -60 87 -26 27 -40 65 -24 84 -68 -88 87 -87 25 43 94 40 50 -37 14 -82 -97 56 -50 -82 -65 -86 -28 89 -53 -49 56 -73 72 -64 62 75 96 78 -62 -86 31 87 -88 -63 22 39 15 -67 -4 83 -48 88 64 -55 31 11 98 -15 -97 9 82 -4 -31 79 -7 68 88 -58 -43 -18 -86 -94 -49 -59 80 -89 10 83 -64 -5 3 52 -83 -78 70 12 -20 90 -69 44 -27 -57 60 -85 63 -28 46 83 24 8 97 4 -14 -16 18 -74 -57 92 -90 -25 92 11 -54 8 -69 -13 -25 -8 27 -30 22 -55 46 74 -29 74 59 -55 40 -8 -63 -32 -62 -79 63 53 89 -97 8 54 -25 57 21 -53 -34 99 43 34 97 -35 29 -91 -38 92 79 -36 93 -74 -96 54 44 82 61 -40 94 -17 86 -71 84 -51 14 81 -81 -45 -49 13 -69 -44 -65 59 82 -40 73 12 65 -31 -8 84 -22 68 -26 65 59 -76 -12 -96 -23 60 22 6 -15 20 62 35 52 -98 73 65 -98 86 45 -29 39 -54 10 31 -19 -65 66 90 28 -91 13 59 12 -36 76 95 -72 94 69 -74 -99 17 -50 25 81 14 -56 -61 75 11 -85 54 -58 -90 -17 31 82 -35 -51 79 -81 67 -13 92 -39 64 -25 -53 80 -87 -78 40 5 51 36 7 -93 20 -53 -82 38 -70 -93 -22 21 -84 -32 -80 -59 45 -23 62 -86 -86 30 5 -41 29 -31 45 37 -51 32 83 68 -14 42 -86 28 59 -38 59 -90 55 19 53 -23 39 -98 53 57 -91 -9 -36 -57 -41 -98 78 -76 13 33 94 -11 -77 -44 33 -79 -44 53 
60 71 -50 97 72 3 -55 -55 -29 -99 -97 83 -34 -5 31 -80 19 -2 62 -6 43 31 -88 -26 41 -70 93 4 46 57 47 -82 -63 59 59 91 -92 28 -28 2 69 -54 9 -23 -94 -22 -27 -71 44 -1 95 58 8 -75 -31 27 78 -89 5 55 60 -99 89 42 17 77 95 -21 97 23 -83 10 -2 -68 4 -62 -35 28 36 -61 33 62 75 75 60 40 -24 -8 -20 -19 -59 81 -8 70 -73 67 83 73 52 -45 86 24 -89 14 -82 -61 81 88 -50 29 69 -96 93 -98 99 -8 -67 75 66 -39 -37 -15 69 84 0 -85 78 60 34 57 -71 -86 97 -6 27 87 -29 41 46 43 42 60 -67 -59 -89 23 7 -85 -61 -71 -10 -75 92 28 -98 28 28 -23 15 -15 -57 -97 74 -25 64 27 87 -64 12 45 52 -84 76 65 -97 59 84 -67 -11 44 -95 -45 -28 -33 77 83 29 -27 61 65 15 -32 -1 76 50 23 -29 11 -7 -40 73 84 60 45 -73 -21 63 36 57 -70 -22 14 34 42 -80 4 9 49 55 7 67 -19 -96 -36 38 44 -36 -95 -89 30 -79 -78 34 89 -82 71 49 4 -84 71 -12 42 -13 18 43 73 83 -86 -45 17 -70 -83 56 56 54 -44 -62 -66 66 29 21 -33 -70 -54 19 -81 9 -7 -56 3 -30 67 13 30 -92 80 95 59 -69 -66 96 13 81 48 85 18 -16 94 -42 -1 90 -33 -42 -38 -42 -79 -68 -37 71 -29 25 33 17 16 -87 -88 -87 -80 65 74 69 0 -74 -10 -49 -88 58 56 90 18 -63 93 46 -80 18 23 22 -38 -12 -64 52 -3 85 84 -74 -57 -17 -94 51 18 -57 56 -10 78 -17 -37 -75 -19 58 -43 -18 69 91 -69 -41 -17 -56 84 83 83 -82 -47 -89 26 98 72 46 -99 -36 22 -79 85 24 -63 61 95 54 -55 -63 89 80 -98 14 -53 18 88 -71 82 -6 75 -15 60 95 57 87 -27 -51 43 -60 -27 40 5 62 64 58 -22 -68 73 -98 6 64 -97 98 2 20 -18 95 5 72 -93 70 -10 -20 -37 -59 19 98 -16 97 -27 -20 69 46 57 -35 -77 -29 39 -7 -67 3 -47 -66 -20 -68 -37 -17 67 74 50 50 -93 -14 84 2 -43 -12 -58 -57 33 -76 99 86 65 -9 -88 -5 -8 64 -29 54 87 82 -18 -87 43 47 87 -41 -75 -42 -12 2 95 -63 75 -69 -26 82 -15 28 57 -85 -11 -74 63 0 -36 -1 -98 
-42 24 -2 47 39 22 -80 -21 -43 8 21 38 -74 45 81 -19 94 77 56 -30 -19 44 -86 89 6 72 -92 -70 42 73 -98 39 -22 44 -9 19 89 -2 15 99 -51 84 54 -77 70 -88 -15 -97 -53 -66 -49 68 -44 74 97 -73 -89 40 -75 93 -2 26 -24 -40 -98 5 9 38 -40 -40 -58 82 96 74 -45 53 62 71 25 26 89 16 65 17 -77 90 -38 -9 -12 -19 -55 10 -3 5 -95 -22 -50 76 41 37 -45 -40 -81 -99 48 -4 -34 69 20 73 58 82 -97 -40 -7 -70 -24 42 33 -62 44 -88 18 99 -54 57 -16 -95 -76 25 91 -92 -39 -92 -88 -45 -36 -69 -58 37 -27 -6 20 30 6 61 -56 15 -75 4 51 -17 -69 -21 -61 12 -69 24 57 46 -66 -54 39 -91 -91 43 99 77 -14 -43 83 -11 -69 -93 -74 -9 4 -51 70 43 -43 -19 -34 -95 10 57 -86 26 83 8 44 72 73 -71 46 -77 41 -63 8 -7 -99 80 72 -82 14 13 70 -85 78 -24 75 81 -29 -92 -57 45 92 18 97 -19 -85 -90 -53 15 -53 -71 -49 0 -19 20 -28 -74 74 -95 67 -90 58 -90 25 -84 -78 -39 2 25 47 -86 24 -25 35 -4 -12 81 -18 -41 -23 -65 4 -39 -60 84 65 55 9 -7 -81 26 -93 83 8 57 -89 3 8 52 -24 1 -25 58 -1 91 3 -14 -37 25 -44 -87 -40 -11 -58 -95 9 -52 -61 0 80 -57 89 -92 -93 -78 -75 47 59 13 56 -75 -64 27 -7 -68 3 -41 -55 -19 80 8 83 58 -65 -36 -33 33 -96 -8 30 71 -38 -49 91 -62 -67 -69 45 62 -52 81 97 52 30 -43 -83 48 -18 35 54 -99 -57 54 -8 80 -48 -59 -65 -49 47 -83 11 86 -95 -42 -58 36 -6 -15 -13 19 0 -30 10 35 88 67 76 -77 -35 6 35 64 -33 16 -42 -76 -60 -35 80 -76 72 -18 66 57 -22 63 99 -16 -21 -82 -53 26 -81 72 49 -63 -48 0 -88 -1 -12 56 -94 50 45 -23 -36 62 41 -91 14 -54 -36 76 29 -77 -9 1 -58 92 -12 58 33 56 -49 -57 -15 -48 77 -39 -23 -86 38 62 -69 99 87 47 -22 -98 -55 9 63 8 -20 -80 -26 19 -31 62 -48 -64 68 34 69 -54 -41 31 -36 68 -72 49 73 -98 -87 0 -47 52 12 -99 11 -92 83 64 -70 99 -7 -7 23 -52 15 -30 -69 80 -54 -33 54 -75 82 17 -85 4 50 60 
45 -74 -46 73 59 7 19 43 -15 75 -29 35 99 67 -43 7 -52 -99 47 9 58 -39 25 -57 35 21 7 11 10 7 -62 87 -17 13 -83 -85 -14 -6 -82 -62 -62 -3 66 -22 -98 23 -98 35 -40 68 59 26 22 -64 -8 72 -94 -76 98 -49 -63 -80 92 -83 92 -15 -28 -13 -86 -95 1 -53 17 -73 40 -86 43 -56 71 -88 -13 -94 60 -33 94 96 9 33 1 50 -67 3 25 47 33 32 -44 -9 97 -86 -65 -39 -29 61 18 46 42 23 13 63 -77 -31 68 -7 68 1 -75 -6 -82 64 42 83 35 97 -81 91 -46 -54 1 -88 -45 82 55 47 9 -32 -20 -63 -30 -16 78 -51 -77 -33 -45 -90 -15 -67 -61 -88 43 34 56 -34 7 59 -26 17 62 0 -96 -42 -51 42 -74 41 -22 -84 -76 -95 65 -30 83 29 87 29 -20 94 53 58 80 -7 -17 -96 -79 37 64 78 -72 -83 48 33 -15 0 -34 39 43 -48 -49 -84 -19 -12 -83 -82 -77 61 -23 -26 -16 -81 0 -29 -65 44 85 2 89 -99 -98 -95 -39 12 77 44 77 -28 34 -52 17 -82 -51 8 62 21 56 -76 -68 66 97 50 -8 13 -39 93 -65 67 -89 16 63 18 90 49 -33 -79 -72 -4 -7 4 -66 5 -29 7 -64 64 -8 30 33 -81 -38 -8 35 0 4 73 85 10 92 -5 -38 64 -76 -82 -48 -10 -46 -8 58 80 56 90 -83 77 -62 79 23 -84 -95 -24 70 -9 -24 51 53 -2 68 55 3 69 -69 -46 92 -40 -72 56 -50 31 -28 99 74 51 38 17 52 -74 65 -69 3 24 -82 -55 -60 59 -18 -81 95 -20 -53 -86 -46 -86 20 1 -36 11 -19 -49 -37 -93 -79 -81 -9 -41 87 35 23 9 14 -54 -56 -53 -75 19 -40 -59 -33 -70 -15 -90 42 -3 -75 -50 -88 55 -13 27 35 -16 -54 -21 10 48 -29 -50 68 59 -14 15 21 42 -71 4 -67 13 -75 12 -33 85 -42 47 76 -19 -83 78 -69 31 49 -94 85 65 4 -91 -36 -47 56 -1 86 65 -83 58 38 -65 -81 -55 -72 67 -21 79 58 -21 -5 -50 76 9 72 -35 -12 -26 52 44 -92 -33 50 -17 -49 26 -31 -23 97 23 -69 -47 -4 63 87 80 74 -82 -58 -87 -98 4 -44 -64 -77 -51 85 -98 34 56 -91 -63 58 -74 13 51 52 -10 -94 49 34 36 -40 4 -62 0 22 -48 53 99 -19 -21 -65 78 -18 -47 69 -66 -76 -55 
69 -86 -55 -95 70 38 -34 61 -71 95 81 14 74 0 79 -48 85 -22 54 61 51 8 -56 -30 -27 52 23 -20 18 23 -27 46 -62 -22 34 -35 -77 -68 -5 55 20 57 -78 95 -23 -60 -19 93 -92 -39 -70 -57 40 -33 88 9 13 37 -21 22 50 10 26 -14 65 10 59 -35 -24 95 -2 -95 11 51 -71 -52 79 11 30 -41 -83 -93 70 90 34 31 85 51 -35 8 25 47 26 79 26 41 -12 34 -83 -17 -32 14 19 -90 -97 49 86 -78 97 98 9 -27 -60 -96 47 -38 -38 -16 21 10 -85 -66 18 -11 -81 -53 -75 -82 21 66 -16 -13 -51 -96 -84 1 -64 86 -75 -4 -7 15 -23 -12 48 -98 -90 42 -70 70 -78 -36 -4 -84 -38 -61 -54 -10 22 -49 59 58 -85 -18 83 -27 -42 -64 69 -73 -82 -22 -25 -97 -59 88 -39 -86 -81 -18 -42 -67 31 20 55 -86 68 88 -95 -84 -37 38 -88 -47 44 62 -21 28 90 37 36 -2 -46 -93 -36 -32 -17 -15 -92 -51 -53 -73 -23 -58 71 46 -15 85 99 -12 40 28 7 39 -35 88 -80 88 92 6 -55 56 86 -80 -69 -85 58 78 -63 20 32 -54 83 -84 -34 62 41 76 55 53 -39 87 -94 92 89 43 -84 3 -33 -51 55 -97 93 -29 -85 -23 -35 99 6 -38 -23 -36 -78 36 -41 19 -51 57 -45 36 -16 97 -29 62 -28 3 26 -32 -22 94 -43 29 16 -88 -79 58 -8 53 -23 -82 -4 -54 27 81 -54 -48 18 70 -73 -46 -28 -49 -68 -35 -71 -46 -46 -84 47 28 -58 -44 -59 74 33 24 -40 -45 -94 21 -26 -9 0 84 21 -63 51 -51 -15 -4 -49 36 -5 -60 -89 61 43 -36 10 -81 -73 67 45 -22 50 -5 11 23 -45 -5 -46 89 -29 36 -99 96 39 53 96 -49 -70 87 46 -10 75 -50 38 -74 -61 -77 -54 26 50 24 -32 14 92 -4 -97 25 62 11 -55 58 -2 -1 93 29 -89 51 -12 7 -66 -68 88 91 -57 -41 83 89 -17 -41 -52 -15 -47 67 -26 -89 24 46 -98 6 -16 59 71 56 -37 55 20 -11 4 -19 10 -37 92 78 -3 85 -59 -91 58 14 -42 93 -87 -1 -89 -6 37 45 12 74 -15 71 37 28 -31 13 -79 74 -32 -49 -26 -79 -39 -5 -20 -96 -63 -26 -45 -32 -45 -42 -10 -19 51 73 16 32 -23 58 -29 -92 40 57 -53 35 49 -83 3 -41 3 -54 -50 -88 15 -59 49 83 
51 -43 86 -65 77 -25 -48 -99 19 6 38 -97 59 -13 25 1 70 61 -12 94 -90 17 -42 -98 37 73 -58 90 -5 34 -34 -13 -68 -36 -83 -95 -90 -87 62 -35 -15 59 29 -42 62 -6 47 -27 -80 -23 45 -20 -12 95 75 62 -37 -43 -95 91 -30 -29 74 79 15 51 -97 0 -85 18 -46 -87 -37 22 -84 44 78 -25 -77 2 -51 -40 -48 -36 38 -4 -8 30 -83 87 -58 -24 -15 -90 -2 -10 -18 75 -84 40 -66 -69 68 -87 -54 -52 39 40 42 -48 -53 33 -38 -37 85 81 -77 89 -40 -46 -53 14 98 -98 1 72 41 42 -38 20 40 -59 -78 22 -3 -38 -93 20 20 50 70 12 96 -30 9 66 -32 -74 22 -55 -92 78 19 -49 -31 -11 -42 8 52 -10 60 -72 -93 -21 11 -76 7 23 -68 15 90 76 -9 -96 92 81 -79 -52 -64 60 23 -75 -24 -53 4 -93 25 -13 -29 -69 26 -52 -36 -25 22 63 -83 -68 47 83 83 41 95 17 79 35 -63 -69 40 12 -62 3 -4 58 -13 -3 -41 -47 86 9 72 -83 -30 61 -63 -67 -25 -72 -5 3 77 97 -59 0 -38 -2 -78 15 -90 -23 -45 -4 67 38 56 31 -28 28 48 -42 48 -5 4 -99 36 38 26 -33 -32 5 -82 91 71 -21 58 -8 90 -25 82 46 -96 -90 -34 97 99 14 -37 -70 46 69 19 -82 23 -83 89 86 -75 -52 53 41 -56 89 2 79 -52 70 37 43 98 -1 42 -73 23 46 -48 41 85 -61 -9 -31 -1 -19 60 25 -2 40 -38 1 13 88 22 -88 63 -62 -56 -87 36 -53 -74 -20 -52 19 -10 -84 53 -67 40 -47 90 -83 -9 89 -98 47 78 -64 40 -73 -31 -29 26 -10 -19 67 -35 69 -48 -2 16 76 18 85 80 77 30 5 -76 80 2 14 59 15 -5 32 37 55 21 32 -33 33 -29 -83 -34 -57 25 56 32 -33 81 -61 -25 23 -80 -89 81 -19 -89 -21 44 -41 -79 10 15 -3 15 -69 -30 -51 19 97 2 -84 72 -43 47 -67 -40 -40 -72 74 97 68 82 -18 82 66 86 -37 95 87 37 5 -6 47 60 -77 -27 -18 6 -30 -87 37 -80 89 -42 -64 -33 -91 -27 -81 -7 -2 -53 -18 -14 -25 -64 92 -29 -44 -43 -93 69 14 -69 35 -23 78 -30 47 67 56 -12 92 -30 -99 -41 -37 -34 50 -37 68 -16 41 -45 71 80 55 25 59 -39 -80 48 76 -79 -53 17 73 25 -84 
-44 -19 -46 -91 47 -37 17 -12 -84 -57 93 29 -60 77 67 68 92 54 -96 36 7 99 -41 -91 -96 -99 -81 -8 -76 -6 79 -18 58 -98 -55 -12 -66 12 71 -41 54 -90 19 -48 -38 -59 22 41 -23 -84 75 29 -86 73 83 9 32 75 66 32 28 -43 91 -82 49 -11 64 -78 73 0 22 43 39 25 20 80 -2 -16 40 82 -62 32 27 41 95 -96 60 68 -72 30 -83 -17 -42 51 92 62 81 -46 17 -38 -63 79 -30 -96 53 -18 -81 -87 -4 -7 -5 79 -50 46 2 -27 -56 -87 -33 29 58 -14 98 52 -17 96 -70 -18 -46 -99 -80 59 -94 70 96 -33 -12 68 85 -95 18 85 -98 -53 -33 -73 -10 89 33 -52 87 64 7 98 -78 -53 -45 39 -77 7 -91 -68 -98 -6 -55 52 61 83 -18 34 37 76 -94 -93 -76 95 -10 -92 59 -48 -85 -13 -10 -90 2 -21 -91 0 -97 90 9 96 36 11 37 40 -74 33 -63 -61 21 26 -32 -55 -57 31 37 32 -67 -49 -41 83 -15 70 -16 -5 -16 -25 59 -90 -96 56 71 39 7 -35 -52 -30 -95 20 7 -23 68 -81 -49 -15 62 96 96 26 84 -54 47 -30 21 -32 -3 47 -59 -42 54 67 78 5 3 -82 1 81 65 -84 -20 78 -29 74 67 -17 72 -25 -24 70 -31 -90 -14 46 97 -76 -19 -88 -36 -44 -30 63 -80 96 61 68 -90 -21 45 -20 -29 -93 32 -60 70 65 5 21 -34 -19 -27 -87 -1 10 -49 -64 -36 24 -69 63 -32 38 -49 23 27 48 65 -28 -21 99 81 6 -10 68 -16 -4 -38 84 51 -39 75 39 -75 51 81 -49 78 -40 -23 -23 53 -20 -95 -90 -59 32 -38 -65 83 40 -58 -17 93 -29 56 21 -60 -31 46 26 20 -5 59 8 10 -96 -14 -15 -25 -8 -55 -15 40 80 15 -54 -89 79 -14 -66 -47 -76 76 97 -20 12 -76 -51 51 43 4 83 35 43 -14 -21 59 -45 97 61 96 -30 26 78 98 -85 -47 -47 7 -48 -23 -84 26 71 72 5 19 0 86 64 45 -2 -70 -58 -62 25 4 -61 13 83 12 -42 -59 24 -78 -82 -54 26 -82 99 28 -37 88 -83 97 -9 32 99 -1 -4 -81 76 96 10 -6 -81 -54 -14 10 37 55 -35 -62 -53 -10 84 80 -6 -52 90 -79 -17 79 -42 23 -2 11 -74 -62 -66 89 -73 75 -78 25 51 -83 -42 54 -99 -24 -15 -46 -64 95 65 -98 75 -39 90 
46 41 -13 -36 48 42 92 -78 -12 41 49 -40 -27 -17 90 99 99 87 27 35 41 -60 23 -76 51 -5 -12 44 -20 51 38 25 98 13 85 97 67 -14 24 -57 29 -96 41 57 -24 81 -90 74 -36 -49 70 20 -72 4 -51 -45 72 7 59 -21 -25 -73 -4 -27 6 -68 68 2 47 -45 23 77 47 -61 -1 2 70 3 90 71 -24 -67 -1 -53 50 -76 99 13 -80 95 -96 58 82 14 0 72 -17 56 -5 -9 80 40 39 40 -65 -97 88 -2 76 57 -63 76 73 54 -81 -56 -80 -76 97 -8 74 -18 -9 -96 -54 -47 27 -38 22 -94 9 -57 36 -64 -29 40 97 -52 85 79 -73 17 98 -26 -27 -65 72 -98 -35 -40 -85 15 -2 48 4 -37 -15 49 65 38 96 -71 61 94 96 -9 -6 50 -15 22 48 -24 -4 49 -93 -56 37 -80 56 -59 -10 -86 64 36 65 -59 -25 -21 0 1 52 -6 92 -30 53 -17 90 -46 -38 70 95 68 45 -20 -23 52 34 -73 72 18 8 77 46 -2 76 -95 -38 -98 -56 -7 -30 -31 1 -45 -60 2 28 -28 -41 38 -56 -1 36 93 25 -53 -64 -15 36 26 -66 36 14 -42 -35 23 -42 99 -47 -33 -99 -59 -12 -20 -60 -63 82 63 -20 -13 -45 -85 -47 -40 -70 -35 -50 -39 -78 3 -54 -22 -79 40 -30 -78 87 -6 -73 59 15 -96 43 -11 -74 52 40 56 75 52 -90 -81 43 -80 -51 44 76 -50 -76 -66 30 58 8 76 -87 28 53 8 -62 -91 -50 55 -92 8 -79 -2 -36 -64 88 -76 -78 62 -98 -49 38 -81 -96 -97 23 -29 2 -59 -68 97 -51 -86 -34 -9 -14 -51 16 32 72 -14 32 -96 90 -11 1 -91 81 -88 67 -82 50 -35 -71 -94 0 80 29 87 -85 88 14 -2 -27 -22 -14 51 -97 39 3 87 84 -19 -96 79 -10 18 -88 45 97 88 74 -29 -69 70 19 3 -96 89 65 84 -60 43 -25 -36 95 -82 56 -5 18 69 91 -1 -10 63 -49 83 -62 -35 82 16 -41 -46 80 -28 62 74 -9 64 22 -1 83 9 99 -32 90 -68 80 -53 -95 65 91 62 -79 -53 69 -48 -19 -70 -5 -58 82 87 34 -34 -61 -1 46 -57 -27 -63 -21 46 -54 -96 99 -77 85 -36 -99 -92 -28 41 96 66 -92 -20 -47 -2 44 -42 -93 -45 55 -12 -28 82 79 57 92 -57 5 65 72 26 28 -57 -15 -5 60 53 -55 3 79 25 16 26 
-83 73 -54 44 -90 41 91 39 62 -93 32 23 -87 18 -40 99 -90 90 -47 32 19 -39 -48 -98 -34 -10 80 67 94 -79 -18 51 -9 -3 -31 -35 -80 -22 -82 62 71 98 -46 2 94 -54 18 -65 -49 -87 -56 -79 -14 -77 73 55 60 -41 52 -38 -72 -45 -63 11 -48 -81 20 -67 64 96 97 -83 35 80 89 -71 60 36 -16 -65 40 99 51 41 -23 54 36 -34 -16 72 18 -86 -62 23 37 71 1 67 -20 -56 -19 -77 91 -6 83 -38 -62 -57 -42 79 52 79 -63 -58 -40 -25 81 -20 70 39 -43 41 83 -25 -6 -54 -16 94 -14 -64 69 -40 83 -23 35 -21 55 -80 74 14 -21 -7 98 46 -91 66 -34 -3 -27 50 87 -93 42 37 -36 -36 -51 -60 91 -28 -67 -55 -5 -27 35 -90 15 53 40 -12 -43 -59 -34 29 74 73 6 -44 -88 14 -31 -52 78 33 -48 95 -77 -7 96 -47 19 91 -86 44 2 -64 7 98 -8 -37 -93 68 -81 -51 67 97 -52 96 57 27 54 -40 31 81 -89 -89 -24 -19 34 -63 -23 -6 -26 68 -88 -85 86 -36 -46 -81 75 80 30 -77 42 -37 -50 38 28 80 -63 -42 -8 -68 37 -76 66 60 -17 -16 -80 -33 46 68 38 15 92 98 -76 69 -59 -58 54 8 39 40 88 0 -12 21 -89 84 -36 20 7 -78 -92 10 -91 33 86 -71 78 16 -64 43 -87 73 66 -68 64 -41 12 1 60 -87 3 -91 30 43 7 78 -5 -69 37 -50 58 85 10 7 75 -58 -84 -99 89 -20 -7 -84 37 79 86 -51 10 -97 -9 -9 -24 -80 -26 -57 52 36 73 -28 99 4 37 -55 50 9 24 38 -47 -5 -57 -89 12 -15 6 77 3 -34 55 80 -62 -67 80 -63 90 54 46 -43 18 83 -30 -8 52 -80 86 -65 35 37 9 -38 -60 99 86 -28 50 -16 -51 51 78 -38 52 -17 36 -22 -70 -7 -23 -31 -38 91 -59 -78 54 90 94 -14 -44 41 8 80 71 96 47 52 -87 20 87 95 36 -46 -58 -7 -62 47 -22 61 -34 -91 -47 -55 -91 81 -26 -17 -66 -50 12 -56 60 -83 -86 76 -41 23 -35 -46 97 -7 -49 -3 -3 32 89 -55 84 55 44 38 -70 -36 -54 -40 -13 60 21 60 -5 -83 -60 27 62 -57 -94 61 3 50 -71 -73 98 86 -48 -3 73 -4 -42 -65 -89 -15 -4 -12 -59 33 34 21 -56 -43 -3 -90 0 -5 21 -32 68 -36 86 -35 
-19 19 54 -72 83 92 75 34 -49 -51 66 -26 11 15 -59 91 -37 -13 -96 -35 37 95 -40 -15 26 56 14 -8 99 -46 -99 12 -22 -35 1 6 1 2 56 8 97 -72 12 -29 -36 48 -1 -45 77 -43 55 56 36 63 51 99 -71 99 89 87 21 79 76 -74 63 -81 44 41 -87 -68 -94 48 -43 -41 72 62 57 51 -31 81 -62 74 -64 -11 27 42 -42 96 77 -14 97 -58 78 41 18 56 16 -94 2 -55 -76 62 49 46 24 71 -65 -52 93 54 -6 4 -18 63 4 -45 6 -55 -92 -83 86 -95 -35 66 29 -66 10 -80 -3 -49 39 -81 -12 -29 -8 -77 32 86 35 90 51 -51 -32 18 -42 -89 -3 38 -54 10 12 -71 16 -23 35 7 10 44 81 -77 -57 71 2 -2 -98 -37 -84 -38 33 -46 21 -86 91 -43 -75 -87 -72 0 66 87 69 -55 62 64 -95 -16 -73 1 -64 -5 -56 38 -29 82 11 -21 -90 5 -50 8 -11 19 84 5 -48 94 -19 -26 -3 -89 42 -18 -24 46 -75 16 -95 -95 6 -82 -97 -1 -16 1 -88 -5 -62 22 -98 -69 37 71 -26 28 -35 -86 -48 -90 63 53 -80 83 32 -39 -87 8 83 42 13 -22 51 55 51 1 -62 -25 -26 -53 -4 46 -53 96 -70 -77 42 -16 -51 85 -79 8 48 28 27 90 89 -40 -29 -75 29 26 74 -92 -78 5 -32 6 83 19 -53 73 79 3 93 -74 63 28 -40 87 64 60 67 -70 -47 71 -35 95 -48 -55 87 81 69 84 -89 59 -47 -76 84 -47 -86 88 -4 -93 97 -61 35 -95 82 83 72 2 24 -55 -17 75 12 -78 88 -70 29 -90 -19 93 -11 26 -77 -6 -38 -2 -52 -29 69 -99 3 -26 99 -69 45 45 -88 80 -28 -11 15 3 -99 39 2 76 -65 84 -52 78 -54 -93 -12 -41 26 69 43 38 14 54 -66 70 -40 62 -47 81 43 -42 -44 -92 28 99 -95 -69 33 82 -19 -69 86 -87 -54 36 -74 -5 7 -49 -19 -29 -28 92 -79 60 -31 -93 37 27 67 -7 59 -19 -35 80 58 54 -90 -15 -91 56 -50 -25 -30 -34 74 -67 -93 29 4 33 59 -18 67 -37 83 -24 -81 -52 -13 -87 -66 -39 -94 -16 34 -54 56 31 54 54 98 81 61 -70 59 55 -4 12 56 8 -52 -66 -87 45 -69 85 96 -86 72 -38 -61 98 -80 -22 -96 -36 -60 78 -2 75 -20 -78 20 2 7 11 75 -78 -15 -52 
-79 -72 19 74 40 -30 -28 58 67 -15 -71 -53 68 89 76 65 -43 44 67 16 -28 22 69 -68 5 -6 28 -4 49 -96 -68 -91 -42 44 -55 -91 -82 90 -50 41 -49 -36 70 -73 -69 -79 -5 7 -53 84 18 -75 -25 42 -13 59 -38 93 46 -40 -9 -66 -66 26 73 11 -1 -83 -66 -59 -33 23 78 86 88 90 -74 23 84 83 -66 67 4 -65 -12 96 75 -24 46 3 58 -62 25 8 -93 -70 -50 -53 -68 10 -9 -20 -58 -44 94 49 -11 57 34 91 96 -63 90 -92 -17 -62 35 -55 26 45 -74 85 9 -69 -77 -15 40 74 -83 93 42 61 37 1 67 86 25 -51 -11 74 -52 81 62 36 36 -19 -72 -78 53 -57 -62 -3 -18 98 58 -35 30 -82 75 -52 83 -39 41 -94 -68 -11 86 25 6 -61 -80 -50 -61 77 94 20 -30 59 86 34 26 -92 59 57 -26 63 39 32 76 56 -40 64 -63 -82 -17 -58 -18 59 18 77 85 -92 22 -77 -75 28 -85 13 -65 -22 55 -75 -18 52 -82 12 -26 -2 2 -47 35 46 -75 35 10 -2 6 -4 71 -10 95 46 26 69 -47 -6 -64 11 -7 -87 87 -98 -24 -1 -4 -14 -82 -56 33 -19 75 -25 -75 -70 78 -34 17 29 55 -74 -68 20 30 -38 -97 -33 45 61 -20 30 -55 -30 -37 55 68 29 -11 48 77 32 -19 87 -68 -89 -55 76 -57 -71 -84 -97 92 15 72 -78 -52 83 99 -58 46 -82 46 -45 -69 -64 76 61 35 15 -74 -94 94 -48 94 56 60 -66 7 -79 -15 19 -89 38 90 -20 -16 -6 50 -33 -14 -4 -83 -16 34 50 56 -75 -10 72 -80 -80 20 23 -55 -62 96 -46 -43 47 -66 25 -50 34 51 52 34 -37 0 -5 21 65 -30 61 27 44 26 -89 -25 -54 -25 -33 47 1 -4 -76 85 -74 -46 -24 1 -49 -5 79 64 -71 -98 -43 -78 72 -29 84 23 57 -87 -2 94 47 78 56 20 35 -49 90 89 -53 24 64 -82 76 -52 49 -83 -94 -92 39 -34 22 69 25 30 -24 -80 14 30 -77 -19 62 -83 35 97 9 -67 -4 16 -86 62 74 55 -38 -12 -85 -62 94 -27 -64 -36 -14 -28 -2 76 61 -16 -29 -12 -67 28 64 -7 41 -29 -54 -98 79 72 -77 -19 -28 -5 -6 82 -69 -77 -7 -38 93 -13 28 -95 67 -54 99 88 65 -51 -14 28 -13 -48 -82 75 -83 -57 -52 -48 48 -59 -58 -98 -71 -70 84 
-50 12 28 96 38 -38 51 63 -16 -42 28 -66 -14 31 -26 -90 68 -19 -55 14 -63 63 68 38 25 19 -15 -59 81 43 53 -53 10 -21 23 -31 -36 -59 75 -43 32 59 -25 3 26 83 -79 61 -12 -13 32 -85 -69 -10 -71 -90 10 27 -65 -28 68 -28 -34 83 61 64 37 -81 -17 -66 -89 44 -5 41 87 -27 -84 -56 60 55 -23 1 51 7 55 -67 -85 -50 39 38 -5 -20 -11 33 79 -45 85 -34 15 -50 -83 42 24 -99 -70 30 76 71 -64 59 79 69 -66 87 -16 -23 23 -77 98 44 95 79 53 8 82 -59 86 -78 -94 -91 -23 94 -33 -38 25 -13 3 -47 2 -45 -50 77 75 -23 8 -32 93 -62 -75 -14 -34 -93 1 -28 73 60 37 -63 24 -97 -75 -18 26 16 -87 51 7 2 34 -71 3 -90 1 -30 -40 12 -72 95 52 -99 96 81 12 -54 30 68 33 -29 -19 -6 76 49 -72 69 -57 5 -85 -2 4 1 -51 -58 94 -17 42 -91 -13 39 -4 -13 -51 -30 -12 93 13 67 -35 -83 -11 4 93 -53 -95 73 -58 -82 53 -85 -89 20 65 71 -79 36 -26 -77 -59 -7 26 21 33 20 16 15 28 -30 -40 6 -29 -6 11 -17 -1 -39 -82 -82 -89 3 95 28 20 -70 -79 -72 -97 55 -49 -35 -56 49 -41 12 -96 34 -35 67 23 -10 -83 58 54 -93 -19 -35 30 60 2 -47 -48 -70 90 -75 -60 2 41 -18 93 36 -54 -19 8 -28 13 32 -16 -67 54 52 93 -41 32 18 72 -78 -74 98 -96 1 59 -22 -99 33 66 78 12 -23 50 10 -61 77 91 3 5 -21 92 62 28 14 20 -8 -60 13 -1 -27 -74 37 -48 33 -87 69 1 89 -99 42 68 -73 -42 -82 -23 12 -6 8 -63 25 52 -47 -14 -87 -25 -26 12 -59 -96 83 55 40 25 -84 -20 -26 -69 77 -48 80 -54 -50 -49 -65 -52 24 67 90 -3 -78 -28 4 -87 -93 88 23 2 36 59 -91 47 31 -80 -31 -33 -56 7 -39 10 -30 -16 -96 71 11 -19 1 -72 19 -88 37 60 -96 -98 -74 60 -20 11 -70 5 19 69 76 69 46 -79 -68 -14 42 44 62 -84 83 -87 -57 94 11 -91 -87 89 25 -19 77 80 -29 44 5 18 43 44 63 -78 71 -38 -19 -11 47 2 71 -33 -10 48 39 -75 22 33 77 76 -4 -42 -41 73 -40 88 -68 -1 -64 -6 86 85 30 89 84 5 72 5 -76 
66 16 -81 19 41 99 -10 19 93 48 55 81 -7 73 37 -10 -37 0 -69 -51 -68 7 -37 -21 7 69 -72 82 85 -37 74 -97 76 -68 -28 -26 -15 75 -85 -43 58 87 -99 94 -2 84 -70 16 -43 -76 -52 -94 47 55 -97 -85 -91 -50 -47 -89 -27 10 -4 12 -28 98 74 -39 -50 19 -46 34 32 64 -33 -50 90 -6 32 -53 29 34 59 -55 22 79 48 -38 -37 59 -28 -18 -76 82 -59 -93 19 -47 -46 -31 73 30 43 -68 -55 -38 66 41 -83 -32 -45 -14 70 99 -68 -98 47 -58 -20 13 52 -18 2 75 -27 -27 -43 72 62 -6 80 82 66 -65 5 26 -32 94 -40 -4 -32 31 -78 -35 81 81 -24 42 24 35 -44 60 39 27 75 63 1 4 -26 22 -72 -85 72 -51 90 22 -62 -11 -78 -94 16 -66 46 -63 -34 -54 41 5 81 -71 -30 79 46 55 33 -95 -97 -86 2 98 65 33 16 72 92 -89 81 44 83 -14 -64 99 20 5 -62 -28 -65 87 -88 26 19 -49 10 57 -62 45 -79 -83 5 91 -51 36 -14 11 -22 19 -81 -60 -42 15 -32 15 -11 -21 32 56 -64 -51 89 -22 31 94 38 61 -12 -50 -76 43 -97 29 54 26 58 62 -32 91 41 37 4 -30 -51 -54 -74 -99 -97 41 61 -39 -17 -57 35 -35 -83 -44 0 -89 -79 62 -19 89 92 5 62 -96 -69 84 55 -28 -52 -63 18 -34 -68 -24 37 98 81 44 63 -41 65 93 -77 28 -68 87 -23 -23 -58 -99 31 -81 -20 67 -76 79 7 5 -91 -88 82 -75 -27 -12 -40 39 0 92 -94 12 69 -85 -50 -66 -83 42 86 -42 -9 -33 27 -36 -59 30 -94 -96 78 -1 -88 -11 62 66 -53 -63 94 -77 67 67 -80 62 69 -37 -6 -73 48 60 -7 -90 -96 -97 72 -49 69 15 -10 84 50 -70 -89 -59 -22 65 67 89 16 37 -44 22 69 -11 -20 15 -87 42 -40 -16 -46 67 74 98 -50 49 -66 93 4 11 70 39 -21 90 86 78 -12 -9 -48 -8 84 21 -60 33 89 57 -85 59 -46 -71 39 43 -32 74 -36 -97 39 -74 -34 -9 77 -92 87 -53 99 -6 15 79 -97 -15 -43 21 -14 -55 -87 -69 -32 -6 -65 -8 24 25 -85 19 -91 68 73 48 33 -16 -28 -65 54 -14 24 -44 -1 -23 53 -24 -74 64 68 -87 -61 -7 -53 -10 52 -23 62 -21 69 2 16 59 -96 93 96 -46 -32 -56 -34 42 
73 -6 10 42 44 -28 -96 -39 45 38 88 36 69 -51 66 -90 9 52 1 10 77 -77 51 5 -72 59 72 4 -4 -17 43 -68 -14 70 -11 82 -84 40 13 -7 22 -18 26 -76 19 -11 -29 86 12 58 66 -90 18 -20 8 -7 70 72 -80 -57 47 75 -86 -21 -40 22 46 -89 5 -25 -24 -78 -64 -36 41 -66 -58 -45 42 15 84 -37 -82 -8 -93 94 -47 57 -72 98 -97 -54 -34 -4 92 -8 5 -19 18 59 -50 -40 -3 29 -91 -16 36 -11 -30 13 72 15 92 -1 95 -61 -64 53 31 61 14 -30 31 82 -93 -24 -84 -57 46 76 16 -43 32 45 30 93 -26 -97 60 -25 15 -69 -1 40 16 -8 20 -9 80 -96 -64 -38 -45 -89 -74 -13 3 45 -73 95 51 98 -33 -75 50 -55 -94 52 14 -88 44 -62 -33 66 -92 68 -51 99 -78 -44 90 20 35 -51 18 -58 24 -79 37 95 -51 -56 36 36 -60 -16 45 97 -65 -55 -44 -70 -7 23 30 -21 28 -23 26 5 -86 -69 99 43 -85 35 56 82 -28 41 34 -51 19 80 -4 -61 -46 50 36 8 -93 -35 38 -61 -5 1 -79 -48 70 5 36 -76 -83 -85 17 8 -30 71 29 -54 95 -63 66 88 53 -8 -30 -15 39 66 28 -91 88 75 80 49 83 8 0 -64 87 86 -61 -67 67 -1 0 -57 -58 -70 80 -59 0 88 -14 -72 46 -74 -88 16 36 7 -5 93 96 -1 78 -95 -98 75 -58 7 -51 -16 11 -94 -18 -29 -82 -58 52 -19 62 6 39 10 22 7 5 94 87 70 -67 -59 -34 54 -42 -45 -56 5 -89 61 66 -28 67 92 -25 -25 86 -17 -49 94 -67 94 8 75 -91 -91 52 -1 82 -61 73 -85 64 33 -56 -55 -88 -11 97 -82 44 -77 7 -34 3 98 63 -59 23 13 61 -47 31 29 63 12 53 21 -70 -28 -89 -5 93 -90 -24 78 -87 -19 76 -18 10 -64 -80 -21 -26 -11 -72 55 90 63 -91 5 -13 61 -63 -87 20 -58 -7 80 25 -15 -65 29 17 14 94 -99 -32 41 -83 -29 62 83 -34 -92 -41 -33 91 -26 -84 64 -57 -71 48 -33 -77 32 48 -13 -3 49 84 -33 79 -31 94 -83 56 -48 -15 -67 -23 24 -53 -19 -42 89 -2 -42 91 32 42 -3 3 52 10 4 70 -95 -35 66 80 52 99 -96 -53 38 -48 -34 -22 47 18 -7 12 43 2 -24 80 -6 -25 13 70 -97 -43 40 -20 -60 
-51 -88 -56 -58 -36 90 2 -24 -22 -86 -48 26 -4 40 -74 -34 -98 22 -8 84 14 -51 69 -10 17 -86 -82 -48 -13 -93 -26 -84 54 -48 -83 -81 88 -96 68 -63 -64 -91 -75 11 -52 -51 38 46 -86 -54 96 -26 -52 -30 67 -57 -35 -95 67 43 43 99 -96 67 96 -83 -89 -92 92 10 -70 79 -95 64 -96 40 -95 96 73 -8 48 90 -12 -39 -54 -87 33 12 -27 25 98 70 13 -9 -40 -19 -43 62 -74 74 40 -21 -82 -86 60 85 -56 -12 79 -53 -4 67 73 -24 71 -3 -3 -28 -62 -80 40 46 -62 89 31 10 84 -65 28 -25 -26 -52 -87 37 -25 -91 91 71 41 89 -73 32 -80 34 -58 -81 33 -76 -61 -54 -38 84 -55 64 -76 -17 76 51 96 -29 -49 33 14 87 0 -52 -9 -37 66 -14 11 78 18 75 -31 82 -17 95 -97 80 49 89 -30 86 -90 41 -59 -2 -25 69 27 -39 -56 15 16 -54 40 63 -66 73 31 55 -58 -83 -99 -68 17 32 36 83 57 37 -77 55 -32 3 6 65 -47 13 -1 83 -78 73 6 25 -36 75 83 1 -82 -3 14 99 69 59 -95 49 79 -2 -74 50 22 -8 -67 -39 -89 -60 84 -42 67 -69 -1 42 -31 -97 -86 32 -80 -80 -43 -24 2 56 18 68 -89 -6 67 75 -13 -76 50 -38 -70 38 30 -17 30 32 -30 -67 9 21 5 87 -28 -56 90 65 25 89 70 -3 59 64 30 -24 -6 -29 76 -81 48 -83 -12 -84 -69 98 13 -38 -29 -22 -60 -66 43 46 -41 27 13 -84 72 85 -31 -45 -57 -65 -25 3 -54 96 -74 1 -3 14 -82 47 99 67 -83 -8 59 67 -7 -31 45 -33 -82 -1 49 -4 -14 36 40 48 48 -19 8 -9 -21 -56 -92 36 -75 -9 8 62 62 78 -78 37 -6 34 -77 -1 31 28 -79 -30 -74 -97 -89 57 63 85 -46 -28 -87 66 78 -37 -85 -73 -27 -73 91 78 64 -40 -38 7 -28 -91 -51 -98 -60 -83 36 -58 -90 6 37 73 -44 72 -34 7 22 2 17 0 12 -25 -95 -50 -91 99 3 29 -96 -1 -91 -12 12 93 -87 -99 90 -87 -96 55 3 70 39 -74 -23 97 92 -30 -38 84 -33 -61 45 17 -50 -25 61 11 -15 -30 -25 64 7 8 -16 -2 94 -34 -64 71 -60 81 38 19 -73 -97 -54 50 -16 -23 71 -45 -88 64 -5 -61 -1 -6 25 -15 -94 -75 -29 -91 -92 16 -57 -39 -81 -70 
81 75 65 90 97 -95 42 -58 80 -20 67 55 96 -49 -51 57 -75 -80 -56 -40 -29 69 -86 15 -33 9 -59 -10 -11 -20 20 -80 -86 70 15 -82 -90 43 -58 12 -90 62 -23 -66 24 68 51 -42 -59 -61 90 -10 -83 -87 -94 56 15 40 47 69 67 51 -86 91 60 -4 -2 94 -18 -57 60 -90 -57 -64 94 97 27 -99 74 -95 64 30 90 95 -72 88 53 26 -52 74 -84 -44 -95 33 -75 97 1 55 -93 -85 -67 -88 42 61 -65 -29 -52 -1 49 35 84 -68 -39 98 75 -15 -21 35 11 -1 -91 -89 -85 -82 -62 -23 -71 -47 58 -19 -22 -34 30 -13 82 -77 -46 65 -56 -15 -45 -8 94 -33 77 -95 -12 -72 92 -13 43 -56 88 11 87 -20 -17 0 -58 33 -2 -33 -6 1 -80 64 53 44 -21 -22 35 96 -85 18 62 36 -29 75 -84 -42 69 39 96 -72 57 -99 29 -67 -95 81 -3 12 -95 69 85 -66 88 -93 -96 5 -29 -1 53 72 -50 -44 24 60 -87 -33 29 71 -42 18 -7 -89 30 33 -56 -3 -57 61 71 -7 35 77 57 -92 -56 68 -69 84 -1 14 -91 12 56 -22 -35 -11 -48 61 -26 24 50 -56 37 85 2 -74 46 20 53 -91 -47 40 98 37 -2 94 67 37 -21 -16 48 -96 -75 47 12 -80 80 69 -16 -28 11 71 -47 34 77 4 -54 89 -31 14 35 -74 -21 46 44 -5 -59 96 85 28 -32 -25 -51 77 -28 68 -26 76 -88 -25 18 -23 11 94 47 -98 -91 48 80 -99 19 -47 3 -61 95 69 70 -10 -4 12 7 -17 -33 18 -90 -57 64 -2 11 -57 13 -56 -93 -53 -5 74 -99 89 -62 31 5 -5 52 -30 -86 -95 -2 -7 87 -74 23 99 19 44 -11 -92 -15 35 -36 -80 37 73 -49 -90 -50 15 -9 -49 -11 0 -82 -74 32 -58 1 33 38 46 58 66 -15 -32 25 -84 87 13 -73 -67 11 17 -25 -53 -52 87 -95 -31 93 -87 -88 -39 31 34 80 -64 50 -33 14 2 28 -22 -5 34 97 77 84 -87 -43 22 19 -56 64 83 20 22 -51 64 66 -21 62 -34 76 -95 65 -76 -60 92 63 96 -85 -99 -89 -22 -60 -65 7 -55 30 -97 84 -69 49 21 -60 24 94 -17 25 -51 38 28 26 28 20 77 -95 -9 -50 58 -80 19 -58 49 -36 -12 36 36 -61 -10 -30 64 -93 -4 -50 74 -57 23 11 -36 9 10 -27 32 68 18 -40 71 
73 26 -84 58 47 15 12 61 -93 11 -25 -95 33 29 23 69 -26 4 -73 -25 -45 -4 -8 -7 -22 -80 98 72 -81 -84 -80 38 12 12 52 11 -81 33 -77 -19 -26 -85 -78 1 74 -62 -9 19 -53 -63 -62 25 41 -80 8 -2 -12 -60 -77 -11 84 -36 73 29 72 60 54 65 -11 -53 80 -49 -23 91 -72 80 94 59 -49 -21 1 38 -51 20 -23 31 39 -67 -59 -3 99 -80 52 0 4 -78 -17 81 95 1 -45 -41 42 -61 -91 -66 -15 -4 36 -6 -6 41 21 80 75 -12 51 -97 82 -19 -80 -54 96 97 -43 -7 -89 25 -12 46 -37 89 28 -62 -92 76 -60 -38 99 -38 88 10 24 -72 7 99 41 50 -3 -37 74 90 49 39 -7 -13 -24 37 68 76 42 -79 -12 37 -67 78 56 58 87 24 24 21 88 99 24 -8 72 62 -80 -43 60 -93 -31 -98 -94 -9 12 -56 -66 28 34 -26 14 -64 -17 -93 -96 -28 81 -57 14 33 -10 -18 -85 -12 56 -53 38 -6 62 23 -64 -44 -67 21 39 -23 -6 91 35 -14 -91 -87 18 49 37 62 -41 6 -81 80 29 30 -92 11 28 -72 -6 2 43 -80 31 -10 92 62 74 -52 48 -31 -80 44 -4 -71 73 -14 12 82 56 26 23 -36 54 53 86 52 99 42 1 34 -8 -2 3 57 -64 31 50 -92 52 12 -22 3 52 51 45 2 -12 -20 2 52 87 86 -61 -42 -83 7 -15 63 34 34 53 84 82 68 12 -46 -34 13 -30 35 68 -27 49 -91 1 51 58 15 57 -23 -93 -94 57 24 57 -37 15 -85 -27 -39 59 -23 -19 -79 -23 -87 78 89 54 -99 62 51 3 19 67 -21 52 16 20 -92 34 89 -44 -83 -24 50 -88 -50 -63 45 -59 35 -64 89 29 -88 68 -12 -12 3 -51 85 -84 92 86 34 -55 -96 -94 -53 -99 13 81 -74 92 24 61 74 13 -49 82 -36 93 39 -96 20 -48 90 24 -15 -25 30 75 -76 29 20 24 -2 -23 99 -58 -62 -91 -70 -90 -11 -93 95 80 97 51 -71 0 65 80 56 -52 -88 85 -50 -70 -43 -84 -97 -60 66 -49 95 -65 -15 35 -19 18 -84 -29 -85 -26 -53 97 -74 10 21 30 -24 -21 40 65 31 -1 5 10 -85 -54 -85 68 -52 -76 60 6 -23 17 -32 -26 92 -61 -33 -76 -44 10 26 79 -92 -92 38 63 -88 59 -60 56 -95 -64 -97 -46 71 -86 38 3 -45 -40 81 
99 47 -50 14 -43 38 -13 76 -83 39 32 19 -86 28 -90 -27 46 -46 24 47 42 13 -88 34 -12 -98 86 -69 -63 -89 57 2 49 88 -45 85 -6 18 -7 -12 13 12 -68 78 -96 -60 -34 12 -13 46 -64 -59 -78 -43 -35 61 97 84 -68 94 -4 -4 37 56 51 10 1 43 -56 -34 63 -55 -13 -19 15 -12 -65 20 36 -27 69 66 5 92 -25 64 8 7 -84 91 -7 61 90 56 -65 -92 -52 53 6 -26 -27 73 -14 83 58 53 68 27 -62 -88 -37 31 -73 16 -15 72 59 -73 -31 -76 -83 -5 95 -75 -96 -3 -71 -17 94 -81 94 -72 31 -5 -38 -27 28 -5 88 36 -45 -16 -68 -4 -96 -37 -90 78 81 -70 -79 -42 90 58 -56 72 -29 53 13 -62 25 37 -58 51 -87 49 69 6 8 -29 18 85 8 -59 8 -31 -75 -31 25 6 -77 57 81 22 73 11 -15 -10 70 -74 59 55 52 -30 33 -79 -11 84 -67 -56 88 -61 12 -58 -34 76 3 84 90 -42 -9 44 -86 -47 -50 55 -55 -90 -50 58 24 -94 84 -82 -64 5 -1 8 13 -56 -9 39 8 55 41 -66 9 82 8 -96 84 -81 11 -53 30 59 -98 -41 32 72 45 21 37 19 53 -68 -53 95 -47 13 50 -1 93 42 -51 -63 83 -48 -37 48 59 82 -99 -33 -29 -38 -42 -55 -72 65 42 83 25 -17 26 82 7 5 -63 -11 -50 -67 77 -50 35 -1 73 -3 67 50 -32 -76 -61 -92 46 -50 97 -33 98 44 30 67 59 53 55 -52 17 46 2 70 2 28 59 -75 52 -38 26 52 56 -22 -3 46 6 53 41 -37 74 -93 -98 69 32 -81 -44 -44 -53 -44 -86 -55 19 -13 -28 93 84 20 -37 -88 42 61 18 -94 18 85 -42 -82 -89 -86 -27 -7 50 9 -30 -62 -84 57 65 81 82 27 -73 -33 -48 -89 -69 -2 39 99 88 45 29 71 47 25 -7 -79 -19 5 22 -23 89 -96 83 90 38 -62 87 -51 -67 93 -44 -34 -37 -96 48 21 -29 8 -33 -1 76 -97 -93 -59 23 41 -76 12 43 13 -69 -91 -45 -99 0 47 -16 63 -69 9 -59 -64 -31 0 39 -58 -14 -18 63 41 81 43 45 93 82 19 -60 11 5 20 66 74 -63 38 80 80 69 35 -98 -61 -57 -83 24 -86 -31 88 -82 -41 89 54 61 -24 -25 23 -72 58 74 -84 0 90 5 -67 -82 84 -12 26 -76 -27 71 11 -40 16 
-69 78 -9 97 -85 -85 -94 68 -5 95 26 -9 18 -77 -66 -72 47 -97 21 -72 7 -65 79 35 -55 -8 87 -64 35 55 10 -22 17 -34 64 -16 -53 -38 -77 7 -14 -43 -98 -44 -37 -75 -46 1 -54 46 -36 -63 8 -60 -88 -54 44 -14 -12 87 35 49 -83 68 33 -24 80 -32 -81 -25 -30 -56 57 87 -90 -27 -61 70 24 -64 25 -53 6 91 48 55 -15 67 38 -77 -14 -22 -11 1 20 93 61 -28 -47 71 58 -38 -75 76 -17 -69 17 -28 54 2 -74 19 57 62 66 64 81 55 85 -57 57 -90 -77 -81 -69 -88 -56 -43 24 -55 76 80 44 57 78 32 -18 -71 4 -86 -2 86 52 -30 -80 48 -54 88 -25 -28 -56 16 -55 -16 -15 -18 69 51 52 -10 28 15 -77 75 -69 -5 2 65 55 47 64 -80 -28 88 79 0 -57 22 56 25 -93 36 35 -43 -77 -19 37 8 -69 80 -73 87 88 31 -88 35 21 35 76 -5 -86 53 -64 72 -45 -32 91 87 31 33 -44 -98 -32 7 51 63 59 62 -43 60 16 -75 91 39 2 -93 7 99 63 -99 33 -64 47 -92 -30 22 38 81 -80 -99 72 -76 -50 -97 -36 40 -42 -2 67 53 -29 -34 8 37 20 -2 -56 79 -80 -31 -16 46 -56 30 -6 -33 -4 -25 95 -86 76 75 -4 -1 86 -19 10 -47 -63 -80 -93 42 -87 51 35 68 -72 80 2 -77 -29 41 20 -13 97 51 2 -18 -75 39 -90 13 -49 74 -86 -40 96 48 1 -42 47 16 -84 46 32 2 -64 63 -89 28 -24 66 99 13 60 -99 -8 67 -99 -30 -57 -53 -23 -11 -54 57 -19 -96 54 46 -53 -2 29 -32 80 78 -9 -66 -3 -3 79 -51 45 75 50 -62 -34 94 73 -24 96 73 -81 -70 -25 -18 76 11 1 57 -87 -55 32 -54 -32 22 96 13 -4 58 19 -26 -46 -86 -30 -94 -82 36 49 4 0 36 -88 -33 66 -87 89 -7 -96 19 88 43 41 78 27 1 91 -80 42 56 -65 15 -88 -38 68 86 20 -23 9 88 -68 -71 41 71 42 50 12 -13 90 88 -67 -4 70 -54 16 10 6 93 45 31 -30 7 -95 9 -35 53 35 -71 -22 -94 -25 38 15 30 13 66 35 -8 -73 1 55 -8 -48 -49 21 -88 97 -2 97 17 84 89 -83 -70 18 5 -18 9 14 62 8 -96 80 -73 14 -2 78 -97 80 -16 61 -97 -22 -37 92 -13 -75 85 22 62 
3 26 77 -11 29 80 -1 -68 -55 48 -90 10 51 -21 4 88 22 -81 11 89 16 -50 80 68 30 -83 -37 -27 -53 71 -59 -13 72 -94 38 55 -34 -17 49 12 15 -78 -28 50 95 -66 99 88 45 9 64 33 -11 10 -74 36 94 37 -10 -62 31 4 80 -15 36 34 -7 -90 33 86 53 -31 -68 -92 64 96 -24 -97 70 53 1 78 -94 -33 63 -56 85 -25 -97 32 8 -59 -32 82 85 97 1 54 -86 65 -84 36 -96 -53 83 81 -72 -46 -97 12 30 6 -12 69 78 24 -54 -4 -5 81 96 77 -68 69 -75 31 75 -4 54 -60 53 -62 -56 76 42 -6 32 47 -15 58 3 -77 -92 66 -50 -84 75 96 -77 74 35 -86 96 -61 -44 -24 -81 -93 -17 -87 -70 -11 -58 -33 27 44 55 -16 59 -63 70 11 -21 -49 -93 -19 -58 84 -1 -26 -74 81 -70 61 -95 49 87 72 -59 26 21 45 6 34 -11 88 -79 39 8 -47 85 81 27 36 -83 15 48 -5 -67 36 -34 73 -65 -20 18 75 -33 -99 12 0 -32 -30 81 83 -93 -33 82 4 25 24 -88 -34 -51 -62 -82 -73 12 26 95 -85 -63 -37 -28 -88 40 0 -81 -63 -23 50 28 98 15 50 -65 84 37 8 60 -25 56 25 -8 -14 -3 27 78 -32 -29 92 -40 41 -53 -84 -43 96 -88 29 61 -13 71 -83 -21 -64 83 37 -34 62 -20 -90 -99 -41 39 -3 16 69 25 -1 59 73 83 -83 97 39 4 11 9 1 65 -45 -45 66 35 47 55 -27 82 98 -98 -3 -37 -48 -3 75 -20 88 -32 -97 -60 32 -42 -77 17 -68 -91 71 58 92 -40 27 62 -8 55 -25 -36 -15 -72 -31 -98 66 18 -36 61 9 -44 -56 -71 -19 42 -65 28 36 -51 22 -51 -99 77 -75 -92 -64 -78 6 -22 -50 29 76 1 4 -57 -86 -55 32 2 1 -3 -45 -72 -61 -17 16 -22 45 86 -87 87 -25 -94 -21 94 86 -5 -91 -46 63 65 -96 -42 97 68 -28 -70 23 -9 -46 -45 -92 2 55 11 71 -48 63 -69 7 95 -37 39 12 90 -13 -66 -62 -55 45 -75 21 22 54 -66 -74 -68 -46 -7 11 -63 -20 53 -87 88 41 -17 -22 -41 59 -3 -43 -56 16 20 -72 89 76 -84 -46 24 -28 51 -67 -71 67 60 -54 7 9 -79 20 -80 59 91 -56 48 -94 30 -10 37 -69 23 -6 -99 -37 -14 13 -4 -10 -30 -23 -52 45 95 78 
41 4 58 -94 17 -72 -23 20 60 -65 72 18 -82 -98 -45 70 -65 71 66 46 16 24 -24 -78 -47 -63 -27 75 -58 -47 -35 -98 64 -13 -11 48 2 -38 -94 80 56 12 13 55 -20 -50 -93 78 -88 67 -4 4 -83 18 41 -1 81 -79 82 13 79 42 -21 73 78 2 -4 -89 -21 26 63 29 51 91 -58 -66 -35 -39 43 33 72 -28 27 55 76 88 44 91 -51 -61 0 -83 -53 -6 -61 -36 15 -35 34 62 77 95 21 59 35 -94 -98 -39 -87 -21 70 -16 34 -38 -78 81 16 43 59 72 33 54 -93 78 -94 -54 -78 -30 -88 51 -62 99 73 12 -41 -8 -89 -87 11 76 44 -26 -26 10 -5 -53 -13 -6 99 21 43 -88 -71 -9 61 14 -98 -31 86 52 -76 36 86 48 -78 -57 6 78 -41 35 6 -21 27 -18 17 19 -67 98 -57 -66 4 87 28 73 3 4 -59 -60 -76 60 69 -2 -17 88 8 -37 -43 -80 -33 -68 -92 -75 30 64 -28 -35 -57 82 1 -83 55 -62 54 -94 61 -80 76 7 -40 99 6 -49 -14 -40 1 -28 -94 -70 90 34 -72 -73 62 95 -23 25 -30 -49 -25 98 67 97 68 -62 -46 66 68 -26 -56 -86 -49 99 30 28 33 53 69 48 64 -71 83 45 -77 -64 -90 56 82 48 93 92 -53 62 -20 -66 -61 94 -83 90 52 54 -21 -36 -41 -24 57 79 84 87 -9 73 47 -32 73 -96 -7 -75 -19 46 -68 17 -9 74 40 -67 97 -88 -95 -65 -61 28 -33 10 71 61 38 -9 57 -45 -40 -33 81 68 32 21 -22 24 -68 91 -80 -32 -15 -88 91 -88 47 97 -41 51 13 76 59 -75 38 52 21 39 -74 41 51 -36 -41 94 36 -87 5 -45 94 -51 6 -72 -50 50 -16 73 2 78 -25 -95 17 -38 60 35 -36 87 43 88 7 -75 35 -84 35 81 -7 34 -71 83 -30 66 96 -48 97 22 -61 -79 -48 -60 45 -20 41 -66 -99 -79 -80 23 52 -44 -96 53 54 -56 -6 98 54 10 -77 -86 14 -77 4 16 -92 -98 -32 57 -62 68 -79 -89 -80 18 -58 -74 20 -2 77 14 -31 95 85 -86 -99 -84 -25 -27 -71 -85 -52 -47 -77 -35 1 -42 -40 -70 -9 -51 -96 43 2 82 38 55 54 51 -37 -4 32 11 3 -66 4 -5 -69 -76 30 15 -4 24 -46 72 1 -58 -66 10 -64 94 84 -30 -21 -5 -78 46 -75 -49 -98 -89 98 42 -37 -86 
92 97 -51 -10 39 45 90 -68 35 29 -98 19 39 -19 -14 -80 26 -80 -18 92 -52 63 83 24 16 94 -48 -2 -26 -3 -7 -17 -48 7 92 82 -32 88 -34 57 8 81 32 37 8 -61 86 63 -64 -74 -40 51 -91 57 38 -2 62 68 -48 -95 47 -20 -7 -89 8 11 85 23 -28 -10 14 25 -14 63 -1 -70 54 -65 -20 -21 -50 90 -25 75 -61 -91 80 48 -73 -13 -72 -81 92 -24 -90 -51 69 57 -10 55 -48 -50 3 27 21 -79 -63 -65 -89 17 87 35 -3 60 63 91 95 83 -81 -50 -84 -40 -14 88 59 97 40 -87 55 -47 -50 51 -80 -37 47 21 12 -7 54 48 -52 -36 -91 -38 -80 73 -59 53 81 -26 75 -92 -16 90 45 27 80 -80 25 -17 63 -33 -82 -17 67 86 -59 57 -99 16 -88 97 53 13 -40 51 8 98 -66 78 -24 -31 14 -47 65 -51 35 42 -4 -52 -85 97 39 -98 -5 46 99 40 88 86 76 57 -54 -62 -40 -65 98 -41 -7 -34 -84 46 -91 53 -49 83 71 95 33 -63 -37 13 44 -38 -27 18 95 71 -33 -58 -23 -49 -24 43 4 53 45 -38 -70 -30 -8 -96 -26 -67 50 8 -25 57 92 25 -73 -55 -17 15 -42 40 -34 41 -56 -87 -69 34 -29 -11 -54 30 84 -39 2 -14 -61 -69 -40 1 4 10 89 8 57 -5 67 26 86 -5 34 -22 78 -39 -97 25 -56 58 34 -39 -20 -28 -21 -60 59 68 -35 33 -44 -82 -29 9 54 -89 22 -39 -84 -19 -22 48 90 -22 13 -11 43 -85 -91 86 48 89 -35 89 -5 -36 49 -47 -50 81 -82 -12 -44 36 74 10 -22 -34 -41 -34 78 60 -13 37 67 13 -78 65 -99 -10 92 71 84 16 -77 -12 16 57 40 -19 -11 69 -45 -69 61 86 -31 -52 -21 66 -76 55 -46 -91 35 71 88 -80 80 19 -87 99 -60 86 95 79 87 17 -8 -89 85 -69 87 -5 17 73 -60 -33 60 -40 -61 2 -14 -12 96 -38 44 88 -95 -60 51 -72 86 -77 -18 38 -64 83 -49 2 17 7 25 -27 -28 -78 -42 90 71 4 6 49 18 -77 59 54 72 88 46 -45 81 17 -22 61 -92 35 -68 -42 73 -10 -83 -38 -69 63 17 -61 -89 -66 76 -18 16 -49 -26 80 -8 74 -95 70 -5 -15 -12 68 -71 -12 -83 -47 -57 -95 -55 7 53 -3 36 45 51 22 63 56 53 -47 -82 -52 78 59 -92 -19 44 -67 
-70 -82 -12 41 59 -44 -32 -16 -32 -67 -97 98 91 -53 -30 -7 -63 -67 -24 -76 10 16 96 59 -60 -85 -91 11 69 5 40 70 52 -61 -77 13 31 3 66 -97 -55 -74 -21 -56 -48 -5 -8 29 -37 98 -83 -31 86 38 -52 96 -87 -60 38 -19 -37 -59 59 -47 -30 7 15 -51 -80 61 -93 1 -25 -13 -93 -69 89 36 -96 -10 -98 11 95 -9 -37 71 -8 68 -15 74 -57 -25 71 32 -77 -55 -38 55 96 -70 -78 -87 -84 98 -37 33 35 -85 -89 82 36 -80 52 70 80 49 26 -7 -35 -53 18 35 -88 26 -74 -73 68 -30 -50 16 73 -69 -55 65 -70 46 60 44 60 -90 1 75 64 -43 94 71 53 -99 38 -55 76 59 -13 -2 44 1 -31 61 75 -14 -30 15 0 -45 8 -43 69 -11 64 -5 -45 94 59 -47 75 5 -46 72 9 -69 77 -6 18 34 44 -62 -11 -10 20 -61 7 41 -96 -92 76 -31 46 -44 -69 34 -49 -10 -28 -57 30 46 37 -71 1 61 18 -46 -65 -58 -39 -7 -76 22 3 -85 -50 -77 2 -51 10 -55 49 36 37 91 -76 -80 8 -3 -90 91 -95 86 62 -43 -79 84 -31 14 -25 47 -47 21 -65 17 27 61 -64 -92 14 85 65 41 -57 -19 -60 -75 72 11 38 -89 48 -60 51 64 -57 -55 40 -10 23 -83 81 36 -9 -33 -29 15 11 10 5 49 -60 -77 -47 40 -6 -7 24 75 10 38 88 -42 -56 49 85 33 84 -20 -63 16 91 98 -20 28 81 -93 -32 41 -81 -31 95 -33 26 93 5 -21 -13 20 73 -38 -16 -42 -15 92 32 10 -65 -89 -30 -89 -36 -64 -34 90 45 4 -21 -55 -93 -20 59 -88 -76 7 -72 -71 65 94 -16 -91 -18 -3 -12 24 0 -68 30 -25 -92 -58 -37 81 55 -20 46 53 26 8 -17 84 84 -19 88 37 -14 -85 47 53 -43 -51 -73 67 26 -77 94 -13 -83 21 -1 61 88 34 -28 64 -10 -24 81 -90 -78 -50 70 22 41 54 73 -22 27 28 67 -79 -50 -31 -31 1 59 -54 -78 24 -99 38 12 13 11 -40 51 -70 -72 84 -35 78 -90 63 -98 -47 96 -60 27 -73 33 82 -51 84 24 -88 77 42 -85 0 32 11 -38 -16 -44 4 51 -49 -64 43 4 -10 -64 -59 10 49 78 -36 16 -27 -89 37 -94 75 -3 -78 8 -73 32 -46 -62 -51 4 51 -47 -72 -71 -95 34 37 37 65 70 43 -87 -25 
-40 0 84 -26 13 85 93 94 -75 -64 65 -23 40 29 90 -5 52 -16 92 -55 -89 0 -23 -53 -37 -24 -19 -46 90 -78 94 -47 -59 -59 -52 -68 77 5 95 -87 -51 -16 87 19 -92 93 -10 51 30 93 33 -14 49 -10 -43 59 -49 -77 73 93 5 33 90 76 -88 -42 -23 -53 -87 55 -21 66 -50 7 5 51 -25 61 13 -24 19 -4 -27 -34 92 21 71 66 -39 91 30 -99 3 -85 57 -22 -55 -67 -42 -43 1 21 -46 -36 -54 -82 -25 35 -81 64 -75 -21 84 -61 70 -92 -51 10 69 20 -66 30 -18 -49 -17 98 97 -15 92 77 -42 65 -62 18 41 -29 -67 94 34 30 -4 36 30 -31 -2 95 32 -10 -98 -65 47 71 53 13 69 54 25 -85 -74 -81 -14 -2 -79 68 29 90 76 17 85 -24 -36 -76 42 -31 -80 84 -18 -94 44 -37 13 39 -90 -4 20 -90 49 -23 -13 85 67 33 -31 99 -61 -72 -36 -55 38 -3 94 -70 -41 -32 -60 -16 -75 -40 35 5 -31 -3 -71 93 -22 3 -88 -78 20 53 -25 -2 -2 8 29 -22 -18 -36 7 82 -12 -35 -41 -11 -41 -25 80 66 -74 55 4 88 -49 97 2 -68 -16 61 -15 43 28 42 -62 37 -66 88 70 30 32 -71 69 69 62 -60 58 -86 -83 53 -27 -70 13 64 -21 -85 77 98 -97 -83 -60 38 -57 -66 67 -63 -61 -88 40 -52 39 -20 20 -61 -89 67 13 99 86 -75 -69 8 -99 18 -42 -27 31 -92 -80 -6 9 7 -65 26 66 -87 -58 20 86 64 94 20 -71 11 18 2 65 -35 69 56 -21 42 -23 74 -69 -97 77 0 9 16 -12 9 82 90 7 18 84 -36 1 8 68 -2 19 38 -88 -25 47 -43 -17 46 -57 47 -10 -53 -19 -87 -27 -48 -99 -10 11 -78 11 -4 60 50 70 -99 37 66 75 -20 84 -54 84 94 7 -18 -59 -60 -40 -70 20 8 15 -84 11 19 50 63 35 18 42 -34 -72 41 -5 -98 -80 -12 77 61 7 -25 -18 3 -31 -87 79 6 76 -19 2 91 -30 -99 -4 22 16 -88 31 -4 36 -10 25 20 88 -80 50 50 -36 26 -62 -79 -16 61 -83 -7 35 -22 -94 83 46 -58 30 69 5 51 -79 66 23 9 -35 40 2 37 -75 20 -8 -25 -32 -98 87 -12 61 75 -61 -60 97 -63 55 -60 -92 -87 -14 -91 76 69 -49 17 -43 -86 -61 90 12 12 -20 -10 87 94 15 43 
71 -76 58 -55 -60 22 20 69 -30 -83 -52 -60 -46 -11 -87 -64 20 -46 -19 48 -81 -41 83 33 -88 -72 -38 -27 -30 36 12 -76 61 -22 52 -72 -92 -80 -81 -58 -33 11 -23 85 -42 69 55 36 -15 51 -55 90 -2 -11 -13 7 49 -72 -50 74 -54 -99 -82 46 18 -9 -6 -1 15 -12 -61 -57 28 27 -46 -20 -51 39 54 -80 8 -48 -92 55 98 -75 -5 79 -10 20 96 10 -39 -62 14 68 2 16 20 -84 -44 44 -68 -47 76 -30 -31 52 -3 -85 29 -7 -29 -92 77 -53 -93 12 -2 80 10 70 30 -73 80 -4 61 76 -82 -28 80 -1 4 33 94 -49 10 -96 56 32 22 -27 48 -42 -65 33 -57 -67 17 96 29 -64 35 78 -76 66 77 -17 -37 54 49 37 -65 62 -55 -36 -33 10 43 -42 62 7 -12 -43 54 77 -58 -94 4 77 6 17 73 -66 -33 -97 -99 32 -94 5 -95 -53 -71 53 24 -47 -54 -93 -94 -99 34 56 -16 97 -29 66 -59 44 12 -34 -90 -60 95 73 57 -9 18 -2 -41 -75 99 94 -48 -71 64 -9 -64 10 -50 -5 10 86 21 -13 91 -83 29 -97 9 50 77 50 -15 -24 -48 32 -13 -12 -15 83 -87 7 37 -50 45 3 12 -47 1 -63 -53 89 -72 -70 -47 -69 5 43 -72 -74 -90 -89 49 -12 -98 -64 24 -13 81 -33 39 6 53 -29 10 62 -56 -62 39 -33 -35 66 -26 50 -83 -47 -41 1 -44 -50 -50 -74 -28 76 86 -57 -56 66 68 -40 -92 65 1 9 83 3 88 55 13 60 -72 58 52 -39 -87 64 -85 43 16 -29 -13 71 88 23 69 86 57 68 -57 46 25 -97 -26 -16 66 -3 54 -78 -78 78 -32 62 36 -84 31 -57 24 -85 73 -84 10 11 88 -60 -83 0 22 -82 12 53 -60 43 10 96 6 53 82 72 28 -94 7 12 2 -69 37 89 -48 -35 -51 -85 -46 -86 77 -45 -71 48 52 34 -3 -97 46 44 -76 62 -12 85 71 -35 69 -1 -53 -38 -49 -1 -79 -52 -86 58 7 12 40 -30 0 11 -72 29 55 -13 92 33 -29 -61 99 -16 -37 65 33 76 53 -92 98 69 -36 -5 7 -23 9 93 32 -35 74 -39 95 -14 -1 77 54 -7 30 -92 81 32 71 20 -41 -51 -63 45 -65 -64 -23 -36 82 40 46 -60 76 80 -37 41 -67 80 37 52 27 -70 17 12 61 -67 23 -74 42 -69 33 -30 -10 73 -61 90 
-6 -5 85 48 50 61 -27 -41 37 39 27 29 73 4 -70 89 -8 96 69 -59 66 64 89 -16 -24 23 72 -29 6 -45 7 -80 -43 50 29 -30 74 15 -64 -24 -53 -87 57 57 -46 66 61 -94 58 -89 -20 -44 98 0 -40 56 -69 -66 -48 -27 62 55 58 79 82 87 74 99 -59 -91 6 -54 -22 89 -78 85 -79 -6 24 94 10 60 -13 41 -35 13 42 12 -67 81 -87 84 64 -36 90 78 8 -39 97 -29 13 83 0 52 77 -45 -33 -93 35 -27 20 80 7 27 8 80 -12 -92 95 81 54 16 73 -21 -40 0 -20 56 19 50 57 -52 37 6 13 41 -90 20 19 -58 -64 -80 66 50 -77 -41 -94 51 68 16 20 -74 -52 81 36 24 -56 13 -52 47 -22 67 53 22 68 8 86 21 -19 -5 52 -95 -94 82 -77 86 11 -71 -44 26 -49 68 65 33 44 85 77 84 57 -22 29 47 -5 -82 70 82 9 -51 75 -4 46 -14 -17 10 9 -97 31 -33 -30 -58 -21 42 95 -80 89 58 87 29 89 -81 -78 -64 -64 -49 -43 -98 -99 -88 73 17 46 66 39 -41 10 30 90 -49 -89 -34 77 64 9 30 4 91 35 13 65 47 42 52 67 -9 -4 13 65 52 -48 56 57 -69 -55 -40 4 11 76 -29 -29 -6 93 52 -10 91 27 85 30 34 51 77 -51 65 -82 -33 7 -28 79 50 -33 62 -90 27 -67 70 -5 36 -34 36 69 -69 -15 -5 -76 93 -55 82 -42 -3 -32 -76 -29 -10 -50 -57 46 -87 98 41 72 43 87 -45 71 27 -15 -54 36 84 -5 53 -40 38 -86 -20 94 -83 89 89 -62 -81 -8 3 -96 -15 -71 -69 -32 96 78 88 70 -63 31 -52 83 90 -54 -70 50 -14 -57 -51 -74 52 48 36 -27 -20 86 -36 -13 -34 58 -91 39 61 58 -54 -31 94 61 66 49 99 -84 56 -66 81 59 56 -33 53 -30 -64 95 91 -71 47 75 -30 -91 84 -67 81 34 72 -86 47 25 31 17 -27 11 -11 -67 3 -29 90 93 -42 15 -44 -6 29 17 23 8 -91 7 -40 -3 1 42 25 -49 39 96 -76 74 64 -41 95 88 95 -66 68 -80 -59 73 -77 -90 -92 82 -10 86 84 -60 82 79 78 45 -18 -56 86 -48 24 -37 -22 72 86 -52 -67 -29 -91 44 -10 82 -23 24 -26 10 -44 -57 -50 -90 -88 -57 85 -30 -85 11 12 55 -14 71 -68 -50 -84 37 -8 
32 47 -92 -34 -51 34 85 13 -42 -16 6 -75 17 -80 35 -71 -77 -60 10 -6 54 50 42 11 23 37 76 75 -8 -74 51 -53 27 -44 -61 -26 28 36 29 14 36 -45 -96 -89 38 -58 -29 -13 -3 89 -53 -62 49 80 30 9 -15 -66 -62 81 82 -52 99 -71 85 23 -93 -68 -77 -64 37 9 -22 16 35 -55 1 12 15 -36 50 -31 23 1 -7 62 -23 -31 -44 -67 -87 12 69 70 85 58 82 58 -46 40 61 86 84 -27 16 -42 -70 4 11 -85 -87 -7 -20 -81 -11 -96 -31 -87 -38 15 -74 89 -63 92 -19 -25 58 85 72 -3 -96 -69 -18 -29 23 -20 -97 33 63 92 -50 -35 -46 -30 -2 72 -60 56 39 76 80 -33 2 54 28 41 89 -60 17 -80 -43 -94 -75 -2 -64 -65 -78 -68 -35 -43 -74 -20 -50 -60 40 -45 93 92 -14 34 -89 -67 -97 8 68 6 78 7 -17 -91 -31 -31 14 -21 -67 -3 -45 -17 -10 24 43 40 -49 61 -81 -56 87 -97 35 -25 -21 -90 4 -83 14 83 56 -79 63 -30 25 17 68 -66 -97 9 53 -19 -18 54 -80 84 92 -12 -16 97 -54 14 89 -5 39 -26 -80 48 54 64 13 35 -58 -96 -97 68 -39 -2 83 16 -72 -19 92 30 73 11 81 -30 44 -29 19 77 31 -18 -80 -20 98 -59 -45 -21 -95 5 -92 -1 -54 53 -72 74 48 -18 59 -25 -28 78 70 -76 64 51 -76 -37 10 -46 -70 83 -46 72 -68 -33 -81 -77 -92 -6 -19 99 -11 -57 70 -66 83 -14 55 93 55 66 -34 14 83 -66 -97 -37 43 47 81 29 -70 98 8 -90 23 94 53 -37 -49 -52 -47 -32 23 61 30 -30 62 30 -67 -14 77 -22 16 93 -23 -39 47 -67 -86 -36 -6 -43 -81 63 63 -22 -29 -6 -33 33 -67 -76 5 27 59 -88 -16 -17 -35 66 5 -90 -59 90 79 22 6 -62 6 11 22 20 -69 -47 6 84 -26 26 32 -2 37 36 -83 34 99 92 89 15 4 57 41 47 49 -90 76 82 -46 -34 -28 25 62 -92 1 83 54 -34 -88 28 98 63 -56 -69 -46 1 44 21 -24 -94 -79 54 74 71 -47 88 -50 -38 -74 61 87 18 24 79 -52 -70 29 51 -95 -58 38 -73 -84 30 53 -86 51 -44 -64 56 -44 4 -96 -58 -41 -97 39 -66 -28 -31 77 -38 -96 -63 -11 53 -28 -85 -35 -82 68 86 65 -28 13 61 -78 -35 45 -13 26 -62 
72 57 1 -49 67 19 55 92 -38 31 -68 16 74 11 -93 -8 25 -40 77 38 45 68 86 52 -42 87 -11 -70 -35 -85 -41 96 -61 60 -9 -13 -77 24 98 -34 74 -89 33 19 -82 54 -38 -90 -91 27 50 -69 -22 19 72 86 97 -97 -25 18 79 -47 -73 -76 10 -60 -4 -84 -41 -22 81 55 -86 34 76 -73 -73 13 85 -23 -62 -59 -21 10 -5 66 7 -46 90 30 77 1 -89 -24 1 -26 -74 18 17 31 55 8 60 -46 60 86 98 60 46 28 -44 64 3 -79 -95 52 -4 -66 89 97 -26 53 -26 11 -43 58 -2 29 -97 77 68 59 -59 -33 -94 85 77 85 17 32 -71 -31 61 67 -86 -86 -54 63 -1 73 -73 -10 -99 -44 87 15 93 0 12 -95 2 99 -24 20 51 -26 98 -95 37 -89 28 -45 -57 36 -29 48 -13 66 -28 -54 -69 -66 75 -2 66 -86 55 2 -88 -68 87 -93 -68 -73 -21 97 -60 74 -65 26 -6 34 -60 -97 -34 -43 65 31 -13 -14 -75 29 99 91 -32 52 -21 97 -9 60 -19 -86 76 -26 -21 -70 -4 36 68 -25 -12 95 -22 63 41 44 -75 -11 73 -67 -76 73 -36 -60 -8 55 -79 -87 -4 -54 -43 42 -86 68 -21 71 77 11 91 9 16 50 -88 -80 -65 -70 98 -89 56 53 -1 35 -80 63 59 3 8 -75 -76 -98 49 21 25 -40 39 -86 75 -69 -61 -68 8 89 70 -68 38 -65 54 -37 91 64 44 -67 -3 49 10 15 60 33 -8 -66 -83 -97 -81 17 16 -78 -69 -37 55 -90 -79 -79 -32 -91 -35 49 45 8 -93 20 -54 28 -48 -62 -37 -20 76 -80 30 15 -99 -91 -82 -37 -36 24 28 -67 7 -74 92 61 -39 64 -60 -5 14 29 -44 33 -27 -44 -66 88 87 -23 73 65 46 31 -26 21 71 73 -43 91 -9 -7 37 95 -2 42 34 70 43 -21 -96 -25 -89 24 74 -66 47 86 4 -41 71 -46 -13 35 23 63 47 94 20 -21 8 61 49 -61 -98 3 17 12 -55 49 -5 -52 53 99 -6 -79 49 -69 -28 -9 54 -14 38 -99 37 49 94 62 83 -98 -24 -91 -3 72 -30 71 89 84 18 67 97 6 -40 -88 -72 53 -18 -71 -57 -61 97 -22 59 9 -99 -21 -93 -34 -77 67 58 6 12 6 -12 23 26 63 17 -8 -61 -32 -19 44 -77 9 -55 -51 -29 -75 93 -95 -41 18 -58 -36 82 -52 -45 -64 86 -18 33 68 
-18 77 -70 -95 76 -15 -21 10 92 1 -38 32 -83 -26 2 -6 38 -20 -10 -66 63 77 -99 16 -77 26 -45 -59 73 -28 9 -87 -81 -8 47 73 85 98 79 -80 -27 -14 -48 -68 -45 -63 -57 91 -95 95 63 30 -95 52 -51 -40 4 96 24 58 86 -69 3 -12 99 14 -20 -85 1 -68 -26 -71 55 3 10 -65 29 24 22 40 -61 -67 25 -40 84 33 -87 -48 24 -95 30 -6 -28 83 -23 43 49 -60 -89 -93 -52 74 59 9 -10 -5 7 -5 42 89 -90 70 -44 18 0 50 -17 42 -37 -88 -10 57 -19 16 91 48 -94 -12 4 91 -96 93 98 -89 79 -39 9 35 92 -36 78 -16 17 -26 -54 73 57 -73 31 27 -49 -78 24 92 99 -41 -82 43 41 29 -85 53 -31 -53 70 90 -8 14 57 -75 -38 -15 64 -45 40 -97 16 79 -55 -25 -98 69 6 -41 -41 9 89 -54 -33 -56 52 -66 41 8 -71 -98 -7 -11 32 -38 56 58 -74 36 -89 45 16 -92 -82 -47 91 10 -88 42 -64 96 73 -65 -3 3 6 91 -51 99 91 -66 82 20 -25 -22 -84 90 -90 99 -32 -13 -96 92 -69 -1 -85 66 6 11 -37 -51 29 38 93 -4 83 -20 -89 88 22 86 20 70 77 63 -28 -38 -29 -14 97 -32 91 4 -25 -2 -85 -46 -84 -8 72 -14 64 -75 -79 -84 57 43 88 93 69 68 -89 -48 91 -81 -26 20 51 -30 2 -6 15 49 -27 83 -94 58 43 -92 76 30 -42 -97 -58 97 55 -44 47 -5 96 -13 52 90 -72 -89 18 45 -90 -27 -7 -36 -37 89 -31 -9 40 50 -80 99 -59 93 -67 76 -60 -38 96 -74 93 -51 60 29 72 65 -60 -52 72 81 23 -56 -97 37 -43 98 20 -55 44 -31 -5 -41 19 76 -92 41 -4 91 42 -75 11 -3 39 -18 -61 -80 -6 -34 -76 -42 -51 3 -89 37 49 88 -54 -7 82 -74 -27 -45 22 92 -10 7 -9 40 -38 -39 -98 48 -54 -40 41 37 36 -31 -17 86 -21 -96 -21 -15 -69 12 -75 98 78 61 8 97 64 51 -83 -36 58 37 -15 79 -99 -97 -33 20 -58 61 -2 -76 19 11 43 53 56 94 -70 -40 -24 82 -80 68 51 47 -1 84 9 -45 -46 -85 -31 -24 94 -93 64 62 -33 88 85 -58 18 -50 68 8 54 56 20 -92 -89 92 56 -73 -32 -37 7 -43 -63 8 10 26 86 -83 -94 -37 5 -31 16 49 -92 65 
-24 -26 88 -82 -58 -17 43 -85 -87 44 -18 -23 90 16 81 39 66 -74 -19 85 -85 19 17 -97 -97 -68 79 72 98 2 -57 -10 -77 55 10 59 -90 90 -82 76 -41 69 -54 -31 45 -44 -46 56 -68 -47 -25 31 -50 86 56 -99 39 80 28 -77 36 -80 -29 -65 83 -51 63 35 -44 13 -5 85 92 13 -47 -14 -68 9 90 -72 80 -38 -31 -80 -10 42 62 -95 -93 -68 41 52 -6 -1 -96 -70 -6 14 -60 3 44 28 6 -19 -38 -37 -36 -24 73 -96 10 3 -26 12 94 -11 86 -39 -26 1 75 -57 52 -44 -79 31 -1 -29 38 3 10 -51 48 78 -37 -35 -8 6 87 -18 -92 -37 -26 -8 -83 86 97 -27 -62 -16 7 -27 29 97 10 24 75 72 -7 -51 -91 -66 59 -46 91 -34 -45 69 -75 -41 42 10 -16 40 -8 -35 58 34 0 35 -45 -88 56 -99 28 -89 -61 12 -36 -29 -33 51 -54 17 15 63 4 24 81 22 77 33 97 -37 -36 -18 87 90 -4 97 38 35 60 7 -35 24 -18 88 79 36 -63 -25 17 -42 -64 -4 23 -50 69 47 60 44 13 -99 62 -97 22 -34 92 -34 -93 -82 -5 -74 89 -69 -12 -50 45 -62 16 41 59 -74 -84 -18 45 74 -98 -82 9 93 84 -10 76 -34 -38 -10 -90 -33 -76 83 -57 62 62 26 -8 72 -10 44 -51 -40 13 67 38 -6 -16 -68 85 -15 -48 -37 63 84 -41 -60 -75 -40 -99 16 -38 20 -96 98 -26 -37 -84 16 27 15 49 35 -60 51 80 -79 -34 14 19 -91 -89 -78 20 48 -19 0 -97 4 56 12 -7 62 89 -44 -93 29 -21 45 -27 -63 34 7 60 -51 43 36 -27 32 -92 81 35 -20 93 -54 33 -37 -42 87 -52 -78 -44 -21 37 46 -18 -63 16 -11 51 -67 66 -73 33 -42 -74 38 -72 -61 -6 -69 -22 22 54 -93 47 43 60 -72 37 -14 71 -4 81 -88 -29 -25 -88 50 62 54 -72 -89 -92 -47 89 -27 96 55 -22 -25 -11 -91 -63 -76 46 -55 34 -69 -13 -9 -93 -65 62 -41 -61 -71 -50 -43 60 -81 -45 63 -7 -73 -48 79 -87 -46 -33 44 -44 -41 -48 -47 -10 -63 -73 -84 93 -12 42 95 31 30 -77 -97 80 73 -60 -74 54 22 14 83 77 58 -64 64 60 -69 -55 15 3 32 88 12 -80 73 -42 68 47 54 67 15 -75 -96 66 -49 -96 52 -81 45 37 -30 -90 13 -77 -89 8 -37 
-1 -2 -13 71 39 1 -50 65 92 77 -53 -52 24 -98 51 87 80 44 55 -11 -80 -31 78 -24 -6 37 54 44 -82 -47 63 -8 -87 -24 -8 79 97 -68 -99 55 -82 18 -21 -6 70 -37 -5 10 35 73 -71 66 15 -11 22 74 25 -40 -59 -68 -37 -17 73 65 -38 83 5 69 -76 22 -83 17 -84 29 -46 -56 76 2 -89 -22 37 6 5 -75 -71 6 -33 57 75 68 8 -7 5 -72 25 -76 84 -64 18 98 -90 -69 -12 -50 -77 42 49 -36 44 -92 -42 79 52 -79 14 72 -94 -22 -60 -59 67 24 -28 43 36 43 -82 73 1 73 -31 -77 92 -20 -18 18 -48 -20 57 -85 -43 -96 40 36 87 -41 -97 -90 -93 -74 -17 32 39 17 31 58 94 -86 -39 -84 -56 37 73 -10 -45 -47 45 -55 62 32 -87 19 -25 3 74 62 -69 -76 90 68 -63 62 16 73 -60 -34 62 42 -1 -78 45 78 -13 95 95 -85 25 -35 73 -49 -40 49 97 -67 38 -45 59 -65 -52 14 15 77 49 66 40 98 31 52 17 -35 77 -24 7 -45 -10 43 -58 71 12 -11 -96 85 -69 8 42 4 67 31 2 -70 20 -40 -10 24 -58 80 -2 -29 87 55 67 -45 -27 51 27 34 -78 9 1 -69 4 -66 54 93 -31 21 -82 77 93 38 -77 79 -61 18 -58 29 89 37 -84 -82 -72 12 -9 38 -92 -85 99 31 -5 47 73 -74 -69 29 56 84 -14 57 -21 93 61 41 -9 -80 -59 41 11 -94 16 72 96 -4 -48 26 -85 4 -51 -2 32 93 -61 -56 -96 -80 -92 -24 52 -6 -63 17 -43 22 -39 36 -15 -59 -23 14 -49 32 24 -21 56 21 -61 64 -90 4 75 61 44 -69 -8 11 -82 -61 -41 -69 66 -10 -43 -3 -68 -70 -37 14 97 -63 44 -21 -77 81 -73 79 -75 -23 44 84 60 18 -86 -73 33 14 -92 -40 -49 -31 19 -83 -68 -67 26 22 -75 -23 81 30 -68 -75 -18 -87 -28 88 -82 29 -92 4 7 -21 -2 -78 3 13 43 -23 -51 -38 -11 -40 -58 83 -37 -19 -30 -19 41 88 -87 0 -27 86 14 -83 -44 -15 -30 75 -40 -55 -57 -34 30 21 59 2 -68 -50 -37 -15 27 26 -47 -21 86 -11 -6 90 -4 84 28 -31 51 -99 -60 92 -57 -3 -99 -69 -19 -68 11 -8 14 50 47 37 35 24 -30 -72 -60 41 62 78 -25 -95 17 30 50 80 -19 -21 8 74 4 0 78 -83 
-90 -99 82 -70 -45 70 82 -93 -92 -10 34 -11 -93 -51 15 -90 -11 -13 -86 -25 69 74 -55 -46 -96 67 97 -57 33 -3 -8 93 38 89 -77 65 92 7 -17 -17 96 -69 -43 -72 -45 -63 85 98 34 -28 -2 73 93 94 -34 -54 -25 2 -78 5 98 -94 56 43 -89 -5 38 -38 -74 -62 74 -99 -86 -76 -24 20 7 -23 -2 -29 8 30 6 38 12 92 12 -73 17 -57 -42 54 -17 73 55 43 60 -21 -22 69 -69 -73 -71 -89 -93 94 78 8 72 83 -57 -82 38 -46 60 2 59 -4 -69 -71 -99 -17 33 -84 -17 45 55 0 69 -2 -28 70 98 -98 -2 27 1 -99 -5 -2 67 65 -75 -39 26 -1 -38 59 -18 65 -92 13 7 -58 52 -91 -27 -36 65 -17 98 6 -73 73 -1 -14 77 27 34 -8 -62 54 -42 62 26 16 -77 83 -8 1 -26 20 83 4 -36 37 65 -20 8 -35 42 22 86 -47 95 19 49 99 44 -18 -41 85 -72 77 -45 -58 12 96 55 -81 42 49 73 45 72 88 -21 80 -64 -25 -78 -19 21 -21 -48 -20 80 75 43 -44 -80 57 36 -44 4 55 -19 -33 55 -24 1 81 86 53 -36 53 -32 14 -95 14 4 -99 60 -60 -16 -58 -10 30 23 -28 23 67 71 -79 -24 44 13 79 71 -67 76 60 -87 11 43 24 45 86 12 -38 -27 -25 94 60 82 -99 56 97 -52 -28 83 2 7 72 13 -71 -67 -81 82 -1 -92 27 -56 -83 -12 73 42 -62 -42 47 58 2 -72 94 -29 -82 24 -17 46 60 80 5 98 23 -71 -59 71 -63 -25 10 86 26 18 35 -64 72 9 -99 93 -3 -9 39 -95 -25 -39 -95 82 35 -95 -31 37 -59 -46 -10 -17 -13 33 38 50 30 82 12 -89 -60 -91 3 10 21 66 -16 19 -98 13 89 -38 77 39 -4 18 -64 52 38 62 79 -15 51 67 72 10 -76 -98 57 13 79 -79 7 65 -25 -62 -51 28 77 55 45 5 91 -12 -62 -18 88 -80 -95 -25 30 -36 43 33 -25 91 90 64 -44 54 -42 39 -32 25 -2 19 -11 -31 7 -53 67 -85 55 59 -66 -45 14 -20 98 68 -74 28 -83 -68 32 -62 -57 9 81 45 18 -47 -93 12 87 -50 -91 80 -53 99 40 -83 32 -76 -81 -85 97 41 60 9 72 94 8 79 -71 -31 71 -82 65 53 45 -21 61 51 36 -40 -16 -36 32 -61 -54 -62 58 -53 -17 -44 49 
-45 63 -90 56 -45 52 40 59 -94 -37 88 19 -31 51 2 13 -58 94 18 -89 -39 -70 80 -45 -2 13 -29 32 89 -11 -38 -39 -54 -93 -31 -51 81 7 -39 82 -66 43 -81 26 70 70 -85 45 53 58 66 -9 -65 -73 62 93 -28 -31 32 93 -87 -14 -93 -71 -39 99 -96 46 36 -29 -77 -91 -98 -11 31 -58 -91 86 -73 98 12 -45 -46 30 50 -92 16 -36 21 99 35 7 -40 37 31 -12 -75 -92 14 -51 -27 40 -61 -1 -74 17 -53 -25 21 63 -79 22 97 49 -11 13 -81 62 59 -93 19 -47 -96 -37 -42 68 60 72 70 -71 11 91 -37 38 -32 45 -31 -61 60 33 -11 22 -7 99 32 -64 86 -44 67 -17 59 93 -49 -62 -91 49 76 -65 61 77 78 -47 18 68 -78 -14 48 97 39 28 -81 52 -28 -83 51 -94 -13 4 -21 31 -65 -78 -41 -75 48 -75 -1 -83 -67 87 -19 -5 76 -30 -29 -97 10 -98 31 -27 58 -44 76 -4 -26 -38 -52 47 45 -27 7 47 -63 -74 48 30 56 -15 73 -23 -14 -95 47 44 -31 94 -45 49 -99 -4 -21 -84 -7 -12 -98 59 -84 38 18 -41 67 24 -73 -97 4 -30 30 3 96 -87 -29 -61 81 -36 97 9 -27 -91 61 -77 48 10 -34 -1 -11 -80 -24 -70 94 16 -62 38 29 -64 38 63 47 -36 -47 -3 5 -96 13 7 38 38 -15 34 86 -13 -1 34 -50 -50 14 -8 -28 75 -38 -5 53 -98 -67 -22 -52 15 57 87 85 74 12 63 -69 12 67 -52 -79 26 -94 94 -47 99 87 59 -50 13 25 26 -20 -92 62 68 -19 24 -93 34 26 28 -92 96 54 -68 12 15 66 89 78 24 44 -42 2 60 -6 81 -7 33 -26 63 -88 -69 95 -66 -35 -71 47 47 -92 -40 -27 77 -5 -90 -1 96 -93 27 -80 -17 72 -6 98 -73 -34 -35 11 94 -74 22 56 -41 -68 93 48 -69 33 -19 65 93 0 67 80 -14 71 -93 81 -7 -72 38 -92 -64 -48 -88 20 -45 -37 70 51 31 -22 -12 79 -47 24 -63 -52 -59 45 60 29 15 -10 -98 83 -19 -34 -37 -30 39 -14 -50 31 -13 -32 -72 -72 -75 -25 1 7 -87 -82 -12 -29 95 -62 40 -52 0 -76 32 -89 62 97 34 -32 -55 -11 52 50 -17 72 23 -1 37 -17 88 47 -81 -71 -56 17 -44 -5 40 -28 99 -96 82 -85 8 2 58 -70 79 -43 66 92 -38 -72 -92 
84 -34 54 19 -97 -14 71 1 56 11 96 -19 0 -26 4 -70 -98 72 97 36 -38 -6 31 -75 82 -26 -55 95 -67 42 -17 25 17 -70 -52 -9 74 56 -78 -30 73 74 29 -40 53 42 -48 67 -41 51 -93 39 -85 -85 -97 -78 14 -19 54 -84 -57 58 -96 -66 34 8 -20 89 32 72 98 62 -67 -91 -43 86 -82 31 -7 -40 -80 71 64 54 43 -11 -11 27 -54 0 87 17 19 12 -19 53 -95 66 59 29 3 -80 -17 -91 -88 -89 57 -68 -15 75 -42 77 -56 92 -81 78 65 35 77 -15 79 -74 -72 -84 -24 -30 -79 -31 41 -34 36 84 58 -56 -99 -35 3 7 53 29 87 -29 -41 52 -33 7 93 66 9 64 98 -96 62 -85 70 -39 3 -74 -28 27 -30 -40 -23 93 52 88 52 -79 -89 53 78 -58 -92 -24 -80 -54 35 37 94 5 19 17 62 -82 -77 -78 -43 61 71 -63 67 70 -72 -30 25 57 16 -41 -75 25 49 98 81 57 -31 12 -90 -83 -21 -70 -95 -24 80 98 -9 57 -1 26 -27 90 -72 53 -51 -93 67 41 5 5 92 90 12 24 17 57 86 -1 45 63 -54 17 -61 99 -79 91 94 -28 -78 -81 10 -92 53 83 -96 -75 -95 -33 -82 -47 18 63 5 -53 -44 -39 53 39 -65 83 21 -25 -12 -4 31 21 -48 89 73 34 -98 55 -81 40 74 -30 38 -5 -97 -17 -79 10 47 52 -10 -13 11 37 -86 -52 10 54 94 56 11 31 91 96 85 74 76 75 56 -78 -63 92 -4 43 18 -95 -77 -85 32 47 19 24 62 -65 -23 87 -71 85 44 20 -27 -55 68 64 62 -5 88 44 -59 17 61 64 -13 64 -79 -39 -90 23 -42 16 -14 29 7 -9 -51 -93 66 -90 -54 80 -20 -14 13 -58 -42 -68 68 -89 -58 -40 17 -93 0 -71 35 -50 30 7 90 -86 -54 41 94 -16 98 -71 88 -49 -96 -74 -11 94 -28 49 16 75 90 -34 12 35 -30 12 34 -9 -29 52 -34 5 55 28 -14 -61 -28 33 50 -66 -11 -91 -97 -23 -72 -74 -70 81 -76 6 95 -28 -40 -6 -25 -44 -23 -47 -32 -90 18 7 36 84 -64 -97 65 53 66 -63 -73 29 59 97 -14 23 53 57 -50 57 80 81 78 -14 65 -58 18 -11 -84 -36 -27 34 -70 54 -45 -96 92 68 -89 12 70 -9 -27 20 97 -40 -81 58 77 36 12 -29 36 -70 36 -66 -9 28 49 -19 13 58 
-85 -70 43 89 -61 39 24 -72 17 28 -25 64 20 -17 -27 -14 57 -86 8 -65 58 97 64 32 -46 -37 -68 35 21 -94 -87 -60 -92 24 -95 -97 51 -67 -24 -23 60 46 -21 51 75 55 -98 33 69 13 0 -9 8 -91 -19 35 -6 -53 93 -24 66 69 1 -53 -24 10 9 -87 70 20 74 -56 26 -61 96 -54 61 -92 -22 -17 -63 47 84 74 94 5 85 14 -99 90 32 -44 27 -98 81 -23 -76 40 -71 -34 -47 0 -79 -82 79 -90 87 -30 -54 69 -93 16 -47 35 43 76 63 50 86 70 62 -70 -23 -21 63 -99 31 24 1 -70 49 8 98 -99 -68 -50 33 23 -77 -24 8 70 -58 -57 -74 -11 -67 -8 -26 38 -93 73 47 -9 -26 11 -91 -42 77 -20 -27 91 -32 78 24 12 -63 54 -56 73 -12 42 -25 30 15 -67 -27 -14 25 -91 61 -45 15 -84 68 -64 80 47 14 -41 56 30 -21 -67 95 -88 87 -45 43 -59 -17 -17 -55 13 82 69 4 -79 59 30 3 -57 76 51 -43 57 53 82 32 44 -61 -77 20 55 74 -76 -78 73 -38 77 -96 16 -36 72 71 92 84 34 -1 2 -3 -74 -37 39 81 42 -38 50 39 84 -20 -9 -43 59 -37 99 26 -69 82 -44 -34 -10 -14 -18 17 -10 -12 -17 41 37 -31 37 -92 -65 77 40 51 -29 -67 78 45 -14 -50 -34 -12 45 29 39 -86 82 91 -81 64 -98 -32 34 -82 44 63 79 63 -84 94 -19 27 50 3 83 6 7 55 86 67 -38 -17 83 -2 83 -94 -26 -72 -32 9 76 67 79 73 0 16 10 -57 77 -27 39 -28 -50 -96 -5 72 -63 -55 -80 -5 -83 83 51 -1 83 -68 -25 -40 -95 -26 42 -91 -19 29 -75 73 3 -20 -9 20 31 -31 37 -60 89 -68 -46 -35 61 -19 3 93 -28 -18 21 -68 -64 44 -86 -95 56 69 22 8 -59 -13 96 83 -6 53 -51 -98 90 33 6 84 -23 -49 -93 38 -50 5 20 39 85 95 -32 56 39 -92 91 -67 -44 -58 84 6 95 21 -79 33 87 -5 -85 69 -30 56 -33 38 83 -19 -36 -69 -78 22 -76 68 -13 7 49 0 23 68 -36 47 20 35 71 13 15 -9 49 -4 93 -59 42 87 80 -88 71 -22 42 -48 97 -42 62 -52 64 94 -34 8 86 63 77 -77 -19 -66 31 36 84 -48 30 3 -2 59 -81 73 85 66 57 49 68 26 -16 -92 8 -17 -50 
76 -11 -88 11 37 -35 29 87 -91 -14 88 67 78 92 90 34 -57 76 -77 29 21 -74 -73 -94 32 -33 54 0 -61 62 -52 -7 18 -25 -75 70 13 28 93 -29 -18 -45 84 36 8 -77 -23 84 -59 61 30 -10 57 -27 -63 -80 2 41 -57 -53 -19 16 5 96 -42 -41 -48 -76 33 86 61 6 5 -75 46 72 49 -1 39 65 -92 -13 42 62 -95 -98 -89 92 15 -42 -80 40 16 93 -10 -7 65 -57 23 -88 -93 77 22 -35 25 -70 40 75 -57 -58 50 92 -68 -47 93 67 -7 -19 -60 47 -94 -17 90 -7 -63 47 80 -21 82 57 49 5 87 -64 -61 -80 -3 65 -56 -94 2 -34 -72 -23 15 54 67 57 -65 8 -3 -32 18 43 -23 14 84 88 2 45 -64 92 -47 3 13 -78 -76 -98 -9 88 51 -79 -75 85 2 23 72 -86 59 -20 54 -89 -1 1 15 -73 -92 76 43 -37 -41 14 -4 38 2 -65 95 30 -99 -28 56 -45 67 -27 -14 -26 -46 -32 64 83 -89 11 -77 79 77 -10 -2 87 29 -20 -21 73 34 -65 78 78 -56 -74 60 -85 7 87 20 -54 -25 -56 -92 -99 2 -90 62 47 7 24 86 99 -26 72 52 -29 30 -45 35 -42 -77 -47 46 -5 4 61 81 24 -77 -30 23 -58 -95 -56 54 -1 50 40 51 17 83 -13 -56 19 43 17 41 23 -52 -75 2 77 68 -89 -59 27 89 -8 -91 7 -55 -98 -15 84 -3 -85 41 63 79 51 64 -68 83 -36 -67 83 -80 20 -58 15 -37 -19 -85 26 56 79 -85 -51 51 -4 7 37 -20 -74 70 -91 9 25 -74 85 18 61 -24 61 -35 -86 75 -69 -15 -91 -93 -85 3 -29 55 60 21 26 36 -6 -46 -18 -48 -47 81 51 90 -49 39 73 79 52 70 85 -24 4 32 93 -30 -69 96 5 5 22 -57 -24 -49 -36 -91 -54 -50 59 7 20 32 -12 47 -20 -31 5 67 -45 -15 -54 -76 99 -32 89 67 -77 61 -83 -6 58 -51 -37 0 -28 -92 50 75 64 80 36 99 -57 -17 38 -43 -88 -57 63 19 58 38 -54 -59 -90 96 -93 -66 -87 -92 -87 95 -16 98 -40 -59 96 -56 -36 28 -32 -35 -51 -1 78 49 -70 -34 8 -40 -87 34 70 -50 24 98 19 24 -91 -96 9 -22 12 -36 -75 -9 98 8 -16 59 -57 -51 8 -13 -54 86 -80 -5 82 -21 60 82 2 -6 -26 72 20 55 -40 -77 -55 65 -82 
-11 32 -24 -16 11 59 -7 -36 96 88 99 -35 -92 41 22 -14 87 -85 -23 87 16 45 -4 -88 6 98 -55 91 -56 60 52 38 -97 -12 -82 -34 54 -80 32 61 80 32 23 44 70 44 12 93 -85 38 89 -61 -85 16 82 58 -3 87 49 70 18 27 -92 69 59 24 -74 98 -68 20 71 -68 77 65 -61 84 59 93 7 88 -94 -4 -11 -40 42 -47 41 82 71 12 61 -85 56 83 -42 4 45 13 80 -91 30 93 -59 -73 71 11 15 86 -89 -77 -28 -22 69 -7 -37 56 -88 22 73 -50 99 92 -46 -59 -52 60 -61 66 -40 -41 -60 18 50 72 79 90 -44 88 29 -53 34 62 15 66 -3 27 -24 -33 78 -82 -10 54 -67 11 -21 91 27 -14 0 -94 15 -75 10 12 73 84 -60 -33 -64 -90 -92 -77 23 -29 -73 20 -13 31 73 55 79 -66 84 20 -1 -86 -63 -60 76 83 -29 -62 2 -28 74 -96 -43 -83 -13 -7 -68 19 -79 35 47 38 -91 0 54 -72 -20 51 97 88 62 32 -26 -60 -32 86 -13 41 -41 5 -42 90 64 2 7 -43 -34 -30 -91 21 18 67 55 -20 40 -68 59 -93 97 45 -41 66 -27 40 -88 27 -37 32 -32 72 16 47 96 66 -12 -21 40 -16 99 -71 8 52 95 33 44 -21 -50 -98 -93 -50 -91 23 -62 79 13 88 -86 -25 -42 -96 67 -77 78 33 81 14 2 -63 -80 43 -44 -73 89 -25 -71 -92 -78 8 74 26 80 -28 -92 -66 87 69 57 -17 58 -21 1 -77 -14 -67 21 -41 85 -87 73 -62 22 -26 -81 -81 53 -18 -29 93 41 41 0 -82 -87 -52 70 24 -93 -26 -72 94 -62 95 17 75 -68 -95 -62 51 63 66 47 75 35 -57 -19 -44 -17 63 -44 24 3 43 -75 -49 43 -85 -86 98 5 -8 58 -47 -11 45 82 43 28 -95 64 -33 -53 -21 53 6 93 -83 17 -81 -63 -63 -37 31 52 -85 -10 -71 98 -27 39 63 -91 -14 29 54 30 79 12 3 -23 -72 49 -9 47 82 -40 12 -91 -78 -89 -85 22 49 82 70 80 77 19 -48 10 -48 57 49 -82 81 31 54 -76 -27 40 94 60 29 -43 -96 56 2 -80 9 42 -20 30 15 -8 -23 87 -2 -42 89 -86 82 -41 11 -75 83 -82 65 70 -27 43 -30 75 -47 70 -3 -74 -18 -23 97 29 -62 96 43 18 56 -90 26 -41 96 -65 -32 54 10 38 -95 -55 25 
-34 -79 95 -73 -54 -95 -26 -22 -21 13 -22 65 -8 -81 63 -28 58 60 -3 -35 -46 97 94 -55 -27 58 -32 -76 -12 -83 -33 27 -28 27 -62 57 30 -54 -60 -6 -60 55 -54 -45 62 82 -53 45 21 -92 -95 36 -52 23 -98 19 80 -96 59 38 56 -74 52 -62 20 26 38 72 -58 53 52 60 16 -36 73 80 -70 -68 -55 -12 -69 59 21 56 -40 -39 67 88 44 -24 81 66 76 -58 -58 35 -89 87 -14 -23 -26 -81 -61 -73 -81 -91 21 -96 -86 73 -62 -73 -94 47 -26 43 -29 0 -40 23 -35 75 -70 -51 -9 -32 -13 29 -45 44 -20 66 63 -38 39 -24 -64 54 56 47 -87 43 86 82 -85 5 71 -90 -57 26 89 48 -79 66 -85 -76 -13 71 88 -14 -25 -6 -97 -62 -72 -1 -61 -49 69 -37 -3 94 7 -27 93 -91 -94 -73 98 -1 -52 52 49 -41 36 -59 93 55 34 50 90 74 41 -41 -24 -54 -71 42 35 25 -33 58 -61 -5 -80 -77 13 82 2 -67 -13 -52 39 22 43 -27 15 20 -67 -25 -53 -39 51 -45 3 -38 40 10 75 -35 -61 68 56 -40 -12 -10 -46 83 40 49 43 77 -52 24 -86 73 -45 -56 74 24 -86 6 48 -73 39 -83 20 17 78 14 -44 38 73 -89 76 84 -2 -47 59 40 50 79 -20 73 -62 57 -83 76 78 81 -57 62 62 -31 -20 62 -64 81 33 -60 20 1 70 60 6 13 -55 -26 -29 53 -36 41 -66 -58 75 32 -74 41 -29 27 58 -38 61 46 18 46 -40 16 -28 -68 96 -64 9 -22 31 94 -80 64 27 -29 -84 86 41 -2 -76 32 -28 58 94 61 44 50 79 -11 -82 15 99 -83 -17 27 52 -22 40 10 -69 46 -37 -69 74 -81 -67 -56 -75 -54 -87 17 66 -22 -42 55 -96 -95 -47 4 76 64 45 67 -96 -44 27 3 31 -38 10 96 -46 74 -28 23 8 -12 -16 92 35 -44 43 0 -45 34 34 -12 -39 -84 90 72 -6 -84 88 35 -92 -33 -86 -23 40 52 -4 -77 -75 87 -60 -46 74 52 17 10 -38 -66 78 45 63 84 46 -52 -48 3 -37 -31 -8 -31 72 77 0 -18 -21 -23 -41 49 -99 -52 35 -57 -2 35 -29 -17 -21 -44 35 -7 -91 -85 5 43 -46 92 -93 -27 -76 3 -27 77 68 80 81 -70 67 29 9 48 5 91 22 -73 52 -26 -58 16 62 -19 62 12 -62 31 -52 -80 30 40 6 -75 
-96 80 55 -74 58 -69 0 -30 7 21 28 -29 -94 -62 -94 -46 -74 74 -24 82 41 2 62 29 -52 12 -67 19 -10 71 38 -77 13 -30 33 25 -62 41 -51 -45 -64 -29 -1 38 -25 65 45 36 84 36 8 76 0 -5 70 -88 -99 8 13 76 -1 -69 5 57 74 -97 -18 -81 -18 21 1 -32 -27 91 49 -33 -34 -17 19 80 -91 85 -13 54 2 3 62 90 4 -37 -74 -12 63 23 -10 -81 -41 -97 56 44 45 74 40 -79 80 56 53 -98 78 -73 80 -45 -43 -83 -60 34 92 -6 -35 -39 -23 15 16 79 -92 19 20 -10 -87 -7 -43 66 27 -63 98 -45 69 70 29 15 87 -2 29 92 98 80 -27 65 93 1 -86 77 53 33 -88 -92 -35 -19 67 -82 96 60 -6 17 -60 4 84 -92 61 69 -56 -21 19 -42 13 87 52 61 -62 -43 -60 -14 -74 24 -89 -48 -83 -10 -85 36 -14 44 -81 49 27 19 40 2 -79 45 -43 47 42 24 10 97 58 96 -87 70 99 16 -54 37 95 17 -60 29 14 72 82 42 40 7 96 -95 -6 28 -33 -14 9 -4 -29 -2 -85 13 -27 -27 1 -27 -42 -85 67 -21 -62 -91 -2 98 45 -10 4 -1 -93 -84 -25 -59 -5 97 44 -40 68 74 96 18 29 40 97 -96 71 -1 -41 -3 -28 -68 -68 9 56 15 -47 -59 -91 -46 92 -93 6 39 80 8 -41 30 73 28 -58 45 11 65 -29 -40 6 -53 45 55 -72 80 57 -79 -71 34 -47 37 -39 -20 -9 33 -31 32 -92 55 -74 2 44 -33 -76 7 -40 9 -10 -14 -54 3 3 94 12 -50 -15 -36 92 -55 -28 -56 56 45 32 79 0 7 69 -96 57 70 24 76 85 98 -83 -30 11 71 -48 -5 20 -56 -73 -11 6 -46 -50 84 -64 58 -79 -76 -20 -22 -74 64 90 -18 -93 -51 73 -80 -28 82 33 -50 50 12 95 0 94 64 -32 -47 32 40 -29 -2 -10 -95 -40 -16 -16 54 45 99 -55 -7 -73 61 -62 22 26 -98 -25 -99 12 -29 4 0 -9 88 94 -2 12 0 50 -51 97 -52 -47 -12 -20 38 -88 -85 19 -61 5 83 87 74 -29 75 93 -24 -13 38 -2 76 71 25 -11 -33 -27 -36 87 -21 -6 -84 -45 60 96 -9 -7 63 68 -90 -82 -47 -96 48 64 -82 -44 -45 -97 32 38 -32 7 42 -46 7 94 -12 -34 -43 41 49 -48 -98 -42 56 91 64 -26 -96 32 74 
67 59 -21 32 60 12 -11 70 -9 -45 -27 -10 -93 40 37 96 23 -98 54 66 32 33 30 -36 -98 51 88 -75 11 61 -8 74 -27 43 53 74 -76 46 -20 -6 75 92 -84 -99 72 -93 50 -60 -63 57 97 -52 67 -54 74 57 -40 25 -14 -17 36 -99 17 4 -12 14 -41 -24 17 99 -81 59 -80 -78 68 -74 -71 3 -1 11 -90 62 35 -48 62 -66 80 28 84 -47 90 14 -35 -14 -78 51 -91 -53 7 99 -52 49 -62 31 -66 48 46 -80 75 90 40 15 64 56 18 -12 -16 6 -76 90 76 72 56 18 -47 73 65 37 -20 76 56 41 -97 37 -82 -97 -29 76 77 -32 30 -75 72 -48 -35 -28 76 65 -28 -98 22 -49 -23 81 20 -38 72 -82 -44 -58 22 -97 43 22 -20 -2 84 27 1 0 0 -19 20 -76 -57 51 26 73 -79 87 84 19 -57 -55 79 77 58 -94 40 0 -23 -91 40 -80 51 94 -74 63 -57 -76 34 15 3 -97 49 -99 -26 37 37 20 -59 -79 -46 -44 62 39 51 18 -2 7 20 0 -5 44 78 84 41 -61 -3 -39 79 6 64 -22 15 38 -28 -66 -94 -1 35 -65 70 -6 61 -97 -95 95 -57 57 -56 -15 -47 -9 19 85 -34 -48 -11 -69 32 79 -45 -16 -2 6 -84 -12 -46 -41 85 51 -95 -1 -76 -34 1 -84 7 -63 46 78 13 -12 -40 -23 -61 -5 41 1 13 11 44 73 -86 -72 -17 81 60 -19 -64 -86 -54 -58 -93 -72 -6 -78 -56 43 -14 85 37 -39 2 61 74 90 -76 -31 22 44 48 -52 30 57 -23 -59 -49 47 86 -56 43 61 -8 -21 17 97 -79 46 40 1 -65 -46 34 44 51 77 42 60 21 -39 74 90 38 -62 29 73 -87 -47 77 -58 -92 97 -22 60 -53 32 54 -55 -45 16 22 95 93 55 -63 1 -15 6 -77 12 25 25 7 73 8 7 -70 -37 -33 -11 -16 -64 -81 92 22 33 9 68 21 39 -39 -58 -1 -35 50 -2 23 -35 -98 45 20 -70 -59 -91 -57 -72 -72 13 -3 95 1 -95 71 59 -73 8 -97 99 -75 85 27 -58 -51 -41 -8 43 3 83 -52 63 -19 90 -49 63 54 -11 -82 -87 46 40 -58 -98 84 -15 52 -61 17 87 58 -28 53 -27 -35 14 7 -33 -62 26 -37 -21 16 88 81 63 -22 -73 63 -60 78 -48 94 69 -76 -56 -31 -56 20 64 -44 68 -25 27 96 -79 38 77 -96 27 
-52 -60 88 45 -91 27 10 52 10 91 79 62 18 -33 77 -23 77 -90 18 -77 -22 54 -81 -15 52 -29 39 -57 96 80 86 32 -17 -61 81 6 -45 63 -19 38 -65 -3 24 -46 -89 -61 83 -64 -80 86 -58 -38 46 56 -35 34 -67 38 77 86 35 39 16 36 -19 -28 58 -52 59 -91 -41 98 19 8 99 44 39 -21 78 80 12 88 61 -6 -15 80 28 -93 41 -75 19 94 62 -38 96 -79 -6 -79 -54 -13 44 -61 -14 73 -24 86 -13 53 70 -6 -92 -92 95 60 -87 -15 -61 -66 -10 -8 -22 -75 19 3 99 -13 80 -68 -81 -73 20 68 -94 -10 50 98 96 -11 -19 3 46 87 95 12 -44 9 -93 59 -38 84 14 -25 -8 60 -91 13 -88 48 65 -56 98 59 98 32 -43 -37 18 7 52 4 -79 72 -10 -42 -87 83 -39 69 3 39 -45 62 5 32 -23 83 -64 19 -87 76 27 61 55 54 16 82 -46 -46 -97 58 26 13 57 6 36 33 41 38 -80 -93 -91 42 64 62 15 -91 73 73 24 -51 25 -2 21 83 -43 41 81 -81 -34 -81 -70 11 -84 -38 -77 -23 98 -63 43 25 92 -18 8 16 -50 7 -23 42 66 -25 45 86 87 -1 -16 -29 84 10 20 -66 -24 14 -62 -84 -5 -75 -71 -12 6 -44 -39 -46 -20 -49 -38 4 -18 -52 -32 98 -79 -8 -52 19 -84 -2 60 -16 95 18 -32 -47 77 -12 -24 56 -80 -28 95 -64 96 -93 46 96 -66 -66 -84 -57 -20 0 78 -90 -19 -6 -37 23 39 -90 13 74 97 -86 -59 -38 77 54 -24 10 -12 36 60 14 22 -68 33 88 14 -22 -43 2 -61 -59 76 -67 -97 -89 -3 -59 98 42 12 25 41 -57 -33 -88 96 86 10 -17 -52 45 -64 48 79 -27 66 -71 61 -70 -81 45 -33 -60 -54 -77 -77 68 -28 44 -18 33 -89 -16 -9 16 -47 -21 -34 -45 -97 -54 56 56 -81 88 79 32 37 -93 97 -41 -16 -36 88 36 12 -2 -12 -78 -45 -33 22 -14 -95 -10 -12 -30 85 -95 30 -72 -47 28 85 -9 12 16 -54 -24 -83 81 -13 36 9 -53 -31 59 -50 -96 -40 -9 90 -30 -3 -72 72 -20 -77 -95 31 58 79 -67 8 -73 52 98 -96 -57 -22 -69 18 71 41 61 -65 13 -78 -96 -22 17 77 55 -62 13 -67 86 -99 -78 -5 -16 -67 -26 17 95 59 96 84 -44 -43 -60 -8 89 -59 -11 19 -8 -22 -57 
-94 -76 -72 74 28 25 66 16 32 82 92 10 -80 98 17 77 -75 69 45 25 93 -60 -50 45 -19 -30 23 -88 56 -12 -97 -56 -7 -61 44 -23 -58 72 -72 -3 -54 1 94 2 -77 4 -82 -39 -69 -95 -85 94 31 18 -62 54 -82 -45 -47 -54 68 67 17 -10 -98 30 -16 -11 62 -34 -83 -66 -32 54 -32 18 -56 -82 84 -88 74 46 -34 -19 98 24 -78 -4 20 -46 29 24 85 -90 43 -52 61 74 82 -64 13 -65 42 -97 40 52 -82 -56 99 -81 46 -89 -24 -63 -92 -75 8 53 52 -73 -47 -56 -36 -85 -87 -5 -83 -18 80 -55 22 4 -3 5 58 -59 18 -66 -38 87 -46 81 75 -30 33 -53 -73 62 -80 -69 -46 -68 -41 -41 82 -59 71 62 49 85 13 -90 95 -55 -71 67 -3 48 0 -34 63 -73 -83 -55 -6 63 92 -91 24 27 -96 -58 66 -76 -72 98 54 -73 -6 47 2 12 28 -32 -54 72 -32 -60 39 54 -1 79 67 -36 43 43 32 61 -24 -82 80 -54 9 -97 44 49 61 58 95 -77 -42 81 13 13 6 -89 -44 -71 56 -32 -89 17 -61 -68 94 64 35 37 35 -71 86 1 -80 -27 -66 92 83 -53 74 -7 -98 11 89 -40 -68 38 -62 -70 -8 17 -22 30 -55 91 56 -87 -52 -8 39 54 61 -6 73 -24 47 31 85 52 -6 18 -7 -10 -86 -99 23 4 23 59 -72 8 65 73 31 -70 95 -73 -98 -61 41 -62 -18 14 45 16 31 62 -86 1 -81 51 0 96 -43 65 -15 64 -90 1 97 85 -4 62 65 -8 27 -63 57 3 5 -75 66 -13 -31 -31 71 -87 -34 69 48 -74 -67 89 69 -93 -49 -36 -17 4 -57 -68 40 -51 -63 67 28 34 88 47 71 29 6 -88 -70 -75 -49 96 99 -99 -68 -58 60 15 8 95 -16 73 6 91 51 -16 -36 -25 -45 -85 59 -68 -63 -47 -82 -78 -74 74 59 -61 17 -38 -75 -94 -95 91 26 81 37 35 4 -72 69 47 -1 -81 -52 97 -73 -30 -45 7 -14 88 -17 0 -3 -52 86 -27 31 -92 58 -60 67 -31 5 25 60 88 80 -79 22 37 -66 -88 52 -89 44 -67 -36 -49 98 16 -82 -96 42 55 -15 45 -33 54 -99 47 63 63 68 52 68 -60 25 91 -31 30 17 -58 -5 -91 2 62 -12 -90 -14 -48 -9 -40 -98 -64 -67 -40 58 -6 -8 -56 25 49 -12 30 -73 -81 -96 -33 90 17 94 89 
-20 20 17 -88 -5 30 -23 7 18 -68 -82 -48 -39 75 19 -81 -35 -96 -69 -38 76 -62 0 36 91 -73 4 0 72 -16 -71 49 -44 -87 -88 -43 24 67 16 -96 -3 -18 -91 -66 -97 8 -52 -33 40 12 35 -74 36 -71 80 -26 -12 31 -63 32 95 43 -43 92 -35 55 -1 -24 -70 23 61 -96 -95 53 -62 78 -89 -53 -93 99 -8 -43 -33 -52 67 36 89 -37 88 -83 -47 82 70 -92 6 96 -58 16 -48 61 63 75 11 -56 -30 29 63 -79 80 -96 32 11 -88 -34 1 36 -89 2 33 19 45 60 -87 65 80 83 -80 -97 63 88 48 -63 23 -2 -24 53 66 -14 84 89 -44 16 73 -46 1 -1 92 94 87 -35 -72 -11 87 6 89 -7 59 75 20 -21 24 96 -83 87 50 -40 17 -40 -85 64 15 46 -9 21 57 12 -91 -54 72 58 30 -74 -60 12 25 -42 -28 -91 -82 -16 -94 24 -40 -71 -4 95 37 -6 68 -48 80 -1 -52 78 87 -83 23 34 -71 92 -12 22 85 -52 43 60 46 -83 -76 -55 13 -94 -75 32 -11 -66 5 38 -83 -6 -53 -52 -24 55 -79 36 -76 27 25 -39 -68 -83 -35 -89 -90 -43 95 0 -13 11 56 -63 80 -4 -32 -38 7 -77 75 -46 -63 -15 -51 29 -76 27 -80 -64 -40 78 61 -36 40 97 73 12 9 75 98 -8 -72 -99 94 78 -30 -55 7 64 22 37 83 45 -8 -14 47 38 94 -28 73 17 34 -80 8 -89 -48 -95 -4 -90 -3 86 64 -39 -74 39 -26 -7 -25 99 26 87 88 80 -14 -56 87 -55 96 -85 -28 8 -9 21 -37 1 -43 96 -59 9 96 -50 4 -94 88 -4 88 10 -22 -64 -97 -58 21 10 -92 -80 -48 -22 -57 7 30 93 83 -82 29 -86 11 -36 10 49 -66 6 15 -25 5 -94 8 10 -33 60 0 -79 6 11 2 -94 -42 80 29 35 -80 -19 58 -94 69 11 -45 -39 87 -17 81 55 -36 22 73 53 86 60 9 -48 -42 32 81 -73 -16 46 55 76 98 89 11 -31 96 -66 -60 -22 84 -71 80 -14 78 92 -33 -34 -85 -20 71 21 -84 -63 22 -72 -28 -37 9 94 -19 -20 -51 -78 32 67 36 -72 64 -1 -22 32 60 -94 1 -87 -80 -10 5 -6 46 62 88 -60 -62 98 -76 7 -37 -47 47 -73 -79 -59 62 68 44 -72 -8 21 -12 -28 88 -45 -90 -26 52 25 -9 -30 17 -18 -3 53 -52 33 
-90 -30 2 -42 66 98 9 -43 -28 -80 -78 -92 64 51 -25 54 18 -92 -64 -9 -79 94 54 38 -15 54 33 2 53 -72 -43 91 -96 -91 -41 -25 -71 25 -83 79 84 -28 -70 -76 66 -56 95 -1 13 -6 -9 -47 32 24 35 92 39 -5 30 -47 14 -9 29 -3 34 -3 43 -50 -22 86 -59 17 51 80 -28 34 5 -89 11 51 13 13 9 78 93 -86 -27 94 -62 -59 0 99 -10 11 28 61 66 -17 -21 1 17 34 63 -75 -19 90 12 -85 -51 49 -12 -28 36 -57 -43 36 -67 47 -12 -21 44 -99 77 66 70 18 -37 -39 -61 74 -26 81 -34 -53 13 50 25 -90 -43 73 -59 -77 43 18 -53 -44 12 58 24 -99 82 -92 -98 80 -55 -25 -76 -28 54 0 40 -56 -87 -33 -13 33 -70 7 50 -23 -5 -87 -58 -44 -64 74 -78 -43 32 69 -47 -53 -64 76 30 83 30 -90 65 96 0 44 69 58 -42 67 90 99 -32 34 99 -9 61 -3 -44 34 -27 -11 -83 43 -45 26 87 -11 39 38 -68 41 -28 -81 55 74 48 56 39 15 20 85 66 -57 90 2 -2 -19 -33 -78 33 -26 72 -27 0 -90 -70 -86 37 92 -32 45 19 12 24 73 35 -13 -76 -37 7 73 89 -46 -53 96 -55 75 81 -95 6 -90 -64 54 32 65 87 -85 -15 79 -72 -82 -30 -23 18 52 -82 15 -78 -88 -37 49 78 87 99 -31 80 82 -13 -82 -69 51 -51 -53 -60 81 -69 1 -62 -57 29 99 -6 -79 -88 10 -99 82 -3 11 80 -80 -83 -31 0 -23 -1 -78 -73 24 87 -47 41 -31 -87 49 31 -6 -78 -53 23 78 -85 47 -12 22 -67 -49 17 16 85 23 -10 11 79 64 -96 -81 12 -35 -9 -29 -7 98 21 2 -39 -5 -20 -10 -24 28 -4 63 -92 -43 -31 68 -10 -35 -36 94 -47 -22 -95 52 28 -88 -37 -43 -87 16 24 35 1 -94 -13 95 34 -11 -4 65 -59 68 -45 40 87 -40 46 37 50 -16 -17 93 47 96 62 35 82 49 -69 -2 20 19 24 -6 -49 -48 -26 51 89 -64 -61 78 9 -80 -91 77 78 -50 -96 -31 28 -99 97 -19 29 29 9 81 42 -23 75 73 -71 17 32 17 -37 -88 57 1 25 -34 47 13 -79 64 -87 -25 -82 -85 -56 -99 -84 36 -26 53 -94 55 7 -90 -79 -43 41 82 -81 12 73 -61 -97 -46 96 -56 -44 -25 3 -77 96 77 -62 -74 -13 7 
10 -72 -82 77 -8 -62 96 18 -38 -99 74 15 -14 49 -57 38 -54 -78 -85 78 59 -64 72 84 -63 48 -35 -32 -4 -11 -50 -59 59 -52 -80 -65 -23 -8 -34 -77 27 97 10 70 47 62 -96 24 98 -75 22 -20 27 31 47 -17 -43 -32 -30 36 15 16 -54 -73 96 -86 84 -47 2 33 91 -64 66 7 42 9 9 73 -18 -72 -43 35 -5 49 -4 14 96 51 -49 -18 -30 -52 -99 56 -4 2 -96 -85 54 -96 -16 10 -2 -13 -10 -6 -32 8 99 95 -29 2 -6 4 83 -92 6 -71 50 -33 -81 58 31 62 71 20 -66 -96 41 -36 84 55 19 65 19 -98 87 91 -72 10 -8 5 9 63 59 43 15 -65 -57 84 18 36 40 92 -29 -96 -8 83 3 -5 51 -62 -90 37 49 5 -29 -65 30 58 -57 -79 76 6 -18 -42 52 -36 -70 -56 6 -82 -79 63 7 40 79 89 39 14 -5 69 53 -88 10 -91 -3 31 15 38 64 -82 47 4 -17 99 -13 25 -85 -99 47 -25 -29 -5 91 12 23 -11 -1 69 35 -22 -19 -50 80 -46 78 -41 95 76 58 -76 -49 -47 -47 -42 -7 -51 0 -95 34 -78 0 32 -2 12 -56 11 7 -44 -20 -80 -19 4 -23 -47 77 -70 86 -94 -41 -2 18 66 -37 -88 51 39 95 14 -56 62 -20 91 -99 -53 -45 62 36 -49 -14 18 22 13 -8 -19 77 -38 -98 -34 84 29 46 -12 94 -93 20 5 13 4 63 16 20 -75 -33 1 71 -19 -43 96 7 15 -29 -82 -66 20 95 62 -75 84 -11 52 4 39 61 -36 97 42 -47 -29 -77 -32 45 73 -91 -49 -15 -30 -16 -41 -35 1 -92 88 13 58 5 -30 29 -69 -95 -5 90 -25 53 -60 23 -92 -15 -94 -27 -57 -59 77 -96 31 -95 -37 9 -16 51 -65 -13 -80 -67 -52 82 37 72 -75 -21 -68 -50 -6 66 -16 -78 -99 -73 -6 -75 20 69 53 -22 -92 12 -67 -22 73 56 22 -96 54 -58 -7 91 -1 -10 -15 -83 -28 -23 3 73 79 25 53 43 -16 82 -2 -99 9 11 -39 -47 -71 -8 -49 -18 98 55 -75 -19 32 61 27 -61 -54 61 -42 -3 -33 31 83 98 78 51 25 63 83 -22 -46 -29 55 -53 55 -1 41 -89 -82 -20 77 -15 65 69 75 25 -45 -23 -80 -65 11 55 -12 65 -30 63 45 -53 68 44 -12 79 92 77 -95 3 -80 -69 41 78 -1 -84 79 -67 -56 -33 19 
-46 37 48 15 92 58 -26 14 -18 -7 16 -66 23 14 -11 47 -96 41 -28 1 21 3 -96 20 54 85 10 -60 -33 -11 -46 64 19 0 81 22 -68 80 -80 52 -6 -59 -46 56 -98 -43 -84 -91 6 23 -47 16 84 -52 -42 99 -25 -68 32 -14 -65 93 -14 38 35 31 14 93 -38 -17 3 -64 95 -67 15 90 55 -80 -12 -17 60 -10 65 48 -7 -6 -58 -37 25 -42 31 -90 61 11 -33 -69 -2 -21 62 77 2 71 11 -2 59 19 22 74 -67 -78 48 40 49 -44 98 -37 -10 -92 51 -11 99 41 63 96 20 26 -54 -38 -54 23 -77 53 -14 -24 82 -2 -96 44 74 11 -39 -89 19 -49 -62 65 55 -82 31 53 95 52 -62 -73 4 32 -5 85 -16 -18 33 -61 38 -74 -38 -6 29 -7 92 48 -50 -69 15 32 -99 9 65 -77 18 33 54 -9 -40 57 -4 17 70 25 83 -4 -45 69 -74 -37 -4 -35 -47 16 13 67 68 1 -94 -40 81 25 40 75 23 -3 12 -4 39 10 14 -61 -94 -85 92 87 28 29 77 -4 0 63 -70 -63 96 -5 -60 4 -76 67 79 -12 -6 92 -3 -27 -22 86 80 -82 81 -72 -98 -8 14 -51 -19 -80 -48 54 52 34 -53 0 -13 -98 44 -53 -71 -54 57 9 21 0 29 31 -57 18 -58 -80 -59 73 -82 -42 15 -59 -23 -21 -9 -11 88 64 -76 15 -98 -67 -75 -50 25 -49 -24 66 -15 50 26 76 45 -96 62 -42 -91 82 -75 -31 69 -22 -41 -58 33 -5 58 -75 -15 54 15 67 -19 -51 -17 1 -85 13 94 -32 -1 -56 1 60 12 98 85 -97 -17 96 -89 -63 35 -73 -51 43 -67 -88 -3 -82 -32 76 64 80 12 -3 77 -63 -33 5 38 80 -92 -29 67 25 79 -64 -45 -10 47 74 -12 9 90 4 -53 57 -63 43 31 -12 10 -84 -49 -91 1 -42 70 0 15 59 -89 -67 92 -56 -43 5 -91 63 -41 -78 33 -72 -74 -90 26 -58 -3 28 20 34 69 -14 -72 -48 -27 -98 -63 38 40 1 72 37 -42 80 -12 -63 81 64 7 59 -67 28 50 -38 -93 -73 11 66 17 24 70 -79 96 55 53 92 35 -30 -85 42 72 -27 63 -3 43 -24 68 -49 -67 -36 -72 29 -12 -65 51 -54 57 -22 60 99 9 -52 -46 -62 -26 -93 -38 -25 -75 -12 -52 37 68 -85 27 -75 -96 33 -76 53 15 -41 -63 -57 52 98 -94 42 -81 77 
-99 93 -82 59 49 48 47 74 75 35 40 -8 92 -48 74 55 -87 4 25 30 56 38 -24 67 14 98 -2 68 -8 -53 -24 -68 38 26 -97 52 -85 79 71 -7 -5 -32 -6 -18 -81 -22 82 -15 -84 -54 40 -92 80 -38 13 70 47 -77 -91 92 4 81 -73 80 26 12 66 -87 20 52 14 58 -31 -68 -57 -82 41 -32 96 -12 -53 58 -9 -35 56 78 -1 44 -24 -93 79 -19 78 -68 84 -41 -70 19 60 -8 -50 -17 56 93 89 82 56 -8 -77 40 69 -20 91 -23 68 68 22 36 -45 95 -18 69 89 37 67 45 -30 -40 -9 17 -54 2 66 20 58 86 95 -31 50 24 68 39 28 40 84 -63 -60 46 -69 -53 46 -41 -41 24 -9 -2 -1 33 -13 -20 -97 36 -1 18 -91 39 26 -14 -29 4 -80 -71 -35 -59 16 -59 -94 31 86 85 -21 -16 -80 65 -84 50 -79 91 84 33 84 71 63 -97 -28 -54 -1 44 43 -94 81 63 -61 51 -56 -18 21 -48 -22 18 4 8 78 -83 -36 8 -28 87 24 -88 -22 -19 89 -16 58 -26 -99 49 -30 -29 -58 -82 -99 86 58 99 -15 61 -24 -95 -91 -82 -4 -7 -16 -89 -82 -57 -39 70 61 80 -87 8 -26 33 45 -68 -38 92 34 -52 97 -71 85 71 -20 10 -90 -57 29 -7 79 79 -83 -15 96 -6 -3 -79 -40 -68 4 -84 -97 42 -8 -40 -34 59 15 68 49 36 -34 3 4 16 15 14 54 -82 71 -24 -13 -84 -37 -43 -68 57 96 23 26 -2 -97 30 7 70 76 -64 5 97 -2 -71 -80 22 16 -96 69 -89 18 -91 69 -61 74 -95 -27 33 78 44 49 53 58 -40 63 -73 -45 68 -3 -52 -31 95 60 54 60 -7 -5 -43 60 20 9 -55 -71 -83 -19 -42 -45 -6 92 -96 19 78 -11 65 -64 -62 22 -96 -31 -33 24 -81 28 67 75 -72 30 5 69 -45 61 42 59 -99 94 -43 63 -15 -24 88 44 -9 21 54 -65 -31 -6 -10 95 -24 -32 28 -49 30 89 -21 -24 52 17 -60 -13 59 -78 -50 -25 92 -57 -87 -30 -36 80 -71 -90 24 65 59 -81 40 -21 -18 59 -78 -82 -18 -47 52 -66 49 -4 -48 -57 -63 98 -94 -38 91 16 28 -18 -36 -1 97 22 84 79 61 78 14 83 -53 48 -59 -2 -84 -66 -11 52 21 89 64 16 -51 5 -38 71 -68 45 38 -38 79 64 -85 -39 -15 -31 20 -8 23 -65 -1 
85 89 -94 -79 -85 -9 74 36 -83 -98 30 37 32 29 83 76 -47 97 -19 64 99 79 56 71 -87 -43 33 -35 -4 -42 51 -74 27 -72 -66 8 -17 -19 78 75 -75 -13 -25 8 -51 -94 4 -92 -33 31 -8 67 97 -75 35 97 25 -64 8 -93 88 -88 -7 66 -78 -13 62 -17 97 45 30 87 -97 99 -44 51 53 21 3 -25 48 87 -20 -25 3 40 25 -45 -87 44 96 -67 -21 57 -62 56 95 -80 30 -77 58 9 93 -52 -10 -74 15 -2 10 15 65 -38 -17 -50 59 81 -91 47 -3 35 -96 0 -83 92 -46 -99 7 93 56 -26 59 65 51 22 -24 95 -97 -55 12 -86 61 -77 -81 48 -68 -35 21 37 -47 -37 65 -41 -28 -21 99 -5 79 72 -62 7 -45 -6 49 14 35 -31 69 -3 72 35 81 22 32 40 -95 -24 37 -57 -59 -6 54 0 -43 39 68 24 -48 -51 3 67 -56 -17 -12 -45 -22 -1 -47 -75 -95 84 -27 -63 38 -20 -9 -72 -88 49 85 -45 35 62 43 -98 81 22 60 -94 -72 -44 17 -88 -15 44 0 -40 -97 79 -9 -36 31 -50 -7 -17 -89 2 -80 9 -93 1 43 68 67 52 62 70 57 84 -8 57 -36 48 58 24 -98 36 14 -93 28 12 -86 22 73 81 99 -94 4 70 -89 32 66 60 55 14 -52 66 34 41 51 -42 20 42 4 86 44 88 -55 -97 31 90 -30 -85 -65 -37 4 65 -92 -34 40 -73 -27 81 51 -47 47 -83 66 -97 -7 77 -27 -54 80 -50 9 -39 4 -18 -19 84 -33 1 90 2 -90 -84 -60 -86 8 -48 15 -58 90 96 65 33 -10 98 24 59 85 -97 13 -26 89 -64 -51 -75 12 -20 19 -16 -88 -74 -36 50 -56 -63 78 69 -27 50 73 -16 94 19 -9 83 99 -56 35 -7 -27 -27 44 66 7 -51 73 -73 56 -48 -51 31 74 78 -23 65 51 -56 29 -62 87 -93 38 -52 63 48 -74 51 36 -33 58 56 -41 5 13 77 -26 2 -86 77 -28 30 72 86 -27 6 -71 -51 94 53 80 20 -54 -33 81 94 -80 50 -25 -89 44 -58 0 34 61 -23 13 89 -23 37 11 -83 36 -55 -95 -24 37 -20 98 -35 -18 -25 0 -20 -8 69 -85 -22 98 -50 -71 -67 -56 -92 -20 -62 -54 0 21 13 -19 -76 55 81 -90 18 -28 81 -55 72 -22 74 65 -50 -33 44 -85 -18 68 47 -50 3 -14 17 65 -34 -8 8 
-13 -23 88 -10 -70 -4 77 35 -39 -95 14 85 85 12 69 65 11 12 -90 1 -21 -62 80 -15 -68 -72 -40 93 -9 13 49 -18 7 -58 -52 -11 15 -17 59 8 9 54 -17 -34 -40 -69 22 23 64 -72 97 68 35 -38 36 98 86 -95 8 -78 -56 -59 -93 93 7 -75 10 10 5 -58 57 -78 -17 -22 -89 -5 -17 -50 -33 -71 -17 58 82 -41 38 77 -29 59 31 43 34 21 -73 -94 -68 4 -97 -50 34 81 -84 -6 -54 -70 -10 -83 -93 10 15 55 -24 58 36 -41 -38 16 -70 -30 -8 -98 32 49 -44 -59 -75 -76 38 71 51 39 54 -73 8 56 73 80 53 40 -38 -60 94 -36 70 51 73 -83 -23 -54 -41 54 -41 -45 -1 24 -98 -71 32 76 -46 83 -73 9 54 -35 -77 -27 3 51 -94 49 9 12 -26 53 16 -90 -10 12 -82 15 89 6 5 -88 21 65 -53 59 58 38 -50 54 46 74 -39 47 12 -13 -88 -51 -9 -28 64 -48 50 97 59 -68 -73 -10 -14 -12 62 -99 79 -40 -97 -1 -21 36 -77 15 -88 32 -27 41 50 -16 8 -65 52 44 4 31 22 -25 35 65 56 -91 71 55 -74 -77 67 3 11 51 -43 48 -36 60 -9 -59 -63 89 -17 -18 -59 82 23 -82 93 -33 -52 -84 -78 65 82 -10 11 -2 -13 79 32 43 72 46 39 30 78 29 82 -39 76 -54 68 -69 0 97 -3 79 -54 29 46 -20 73 -28 81 33 -4 -35 7 -83 21 59 -58 67 -43 25 16 -93 72 -42 -76 62 -29 88 94 -43 57 49 -2 73 -19 96 4 39 76 15 31 -83 88 -52 6 80 30 -76 -92 73 -88 59 7 52 -73 42 -39 53 -23 91 -48 -6 35 31 68 -6 -26 70 72 63 -35 -15 -82 51 -79 92 -17 64 -81 -72 -9 -94 -90 4 89 68 -61 -44 75 50 -21 5 52 34 -71 -38 76 -68 -44 -95 -99 69 -7 84 -39 4 32 79 -9 75 -33 57 3 35 -97 -29 -46 50 -82 98 31 64 -96 77 24 -33 -92 94 40 -62 -66 74 18 -33 62 46 -69 -34 7 54 28 81 38 95 -34 97 17 72 35 -76 55 3 69 6 61 -51 39 -95 56 -59 51 -36 90 -9 34 -36 51 65 -58 -37 77 -42 -25 13 40 18 -21 22 -33 13 50 -22 52 -72 -23 -55 -61 -74 -51 -4 40 -58 85 52 -72 -10 -96 -39 86 0 -78 -23 53 -75 -78 32 -7 65 89 35 
-30 94 -75 -5 -8 -5 21 -18 -65 -25 83 79 35 -64 -70 -54 -78 4 -6 -40 3 -29 8 -40 56 -44 -28 58 94 -59 -43 -7 -38 83 -67 55 0 56 81 -88 95 -72 -13 -38 -3 90 48 -53 -2 31 -50 52 86 -41 89 -47 -11 -88 -91 45 56 -59 53 -87 -12 71 -39 68 -83 91 -18 -39 -87 8 -52 73 58 -31 -14 54 -9 61 32 29 66 -55 -72 95 66 -85 -6 -94 -28 -38 -69 -92 10 15 -27 -27 93 78 -40 49 55 -93 67 -56 -65 -71 -32 96 -17 15 -88 -89 -83 -33 33 25 13 20 -31 51 -25 -42 -49 -79 96 66 81 -65 -3 -78 66 -5 42 -94 -72 65 52 58 29 -2 -98 -57 4 10 59 -2 -69 -60 4 75 53 -14 -84 17 91 -76 33 -93 8 84 70 56 96 -91 99 -47 -80 23 82 -24 -47 -21 55 89 -59 -59 27 69 20 -2 -11 58 14 -87 -43 -46 5 -15 49 12 23 -19 -62 -21 -8 -66 -95 -9 51 -32 -56 92 0 20 -71 98 30 75 1 75 52 57 35 -56 96 -4 37 43 -38 -65 -45 56 -58 -54 -68 -83 -26 -92 43 90 7 78 66 83 -22 68 -12 -62 -73 16 71 42 51 69 49 -33 90 28 79 -38 41 -34 70 -91 -76 -70 -30 26 -58 -37 -52 53 82 96 -6 22 -26 95 76 -25 96 62 -24 -11 -9 -50 -77 27 -66 98 -86 44 69 99 31 97 77 -22 79 -77 75 -5 97 76 -77 58 -86 -94 85 -26 86 -27 -45 7 99 -68 -10 42 56 -48 -91 -8 86 -45 84 54 -18 85 -79 -33 0 -44 32 -2 85 84 -84 29 -72 -1 -42 -66 86 -44 58 75 3 82 47 -14 -35 32 45 -76 -12 88 70 -23 -83 60 52 3 49 67 17 58 80 -66 -3 -27 -82 94 -18 38 -10 11 -87 -80 31 -85 -28 -84 -58 87 -17 2 -78 34 -42 44 7 75 -49 83 -74 -3 45 91 33 -58 -86 13 7 -20 -40 43 94 23 35 21 -98 99 -79 63 -7 -65 -89 -32 -31 -88 24 -73 -64 -88 -94 -91 -93 78 -51 -22 4 20 91 37 37 -30 43 71 73 69 89 90 50 -97 -4 24 -95 48 25 -12 -72 -31 -45 60 -33 12 -48 67 -83 -89 -34 92 -30 13 37 95 -42 47 -10 -65 43 91 -51 2 22 -79 45 86 -28 -94 73 -6 36 51 53 -25 76 82 -61 -84 58 18 19 -93 18 -40 3 -68 34 -81 -90 14 39 94 -31 59 
76 74 61 -97 -60 40 79 -53 -18 -70 33 -37 -47 -41 -73 38 76 -75 42 -13 12 91 -82 -78 -91 89 -12 -84 5 77 -82 -74 50 20 52 -45 65 -13 80 -33 97 41 85 12 -70 -61 -77 -86 35 80 -86 -71 -66 -25 -8 2 68 59 -42 10 62 -30 41 96 94 73 -98 -48 47 4 -74 74 -39 -48 82 75 -80 -84 -53 53 -94 -66 58 -42 -59 34 -17 72 50 58 95 -37 -83 29 -68 29 -62 -55 42 34 -97 -49 11 -84 -3 87 -90 66 83 -87 29 -75 41 -73 47 -5 -98 23 -11 -4 32 -22 27 2 48 -90 -7 75 23 77 -16 -29 90 80 76 34 75 72 -70 -73 -43 -52 -51 -34 -28 -35 -4 -10 1 28 60 -71 -89 40 -78 -81 -80 -72 43 83 -29 39 -85 93 -82 40 -57 69 45 58 51 -38 60 -31 28 -30 11 17 -97 -77 -66 62 55 -74 -45 61 93 64 -97 -70 -88 65 -86 -69 -93 29 1 8 43 23 68 -74 -2 -93 21 53 4 31 -87 -86 40 -66 -24 67 47 68 83 -12 72 90 18 89 -93 -5 -34 47 -29 34 6 92 89 59 84 88 36 -8 -83 6 90 4 79 80 -36 -6 47 49 -13 -62 60 28 64 74 65 -22 83 73 19 79 -64 59 -90 -4 5 38 -50 84 -87 10 -66 -35 49 38 27 8 39 -28 46 74 39 6 -38 -78 -42 56 -45 96 -25 -66 -57 -19 -25 88 -67 17 61 -84 93 -17 54 -84 -92 -75 -80 47 -18 45 46 96 -14 73 -87 -87 -23 66 49 40 -24 -61 62 -30 -11 -33 7 64 -54 -82 74 75 63 -18 -35 93 -15 13 21 -91 -48 8 -23 -42 -74 -28 -3 -11 73 -72 -82 58 65 -4 -96 -61 53 50 -38 92 -70 -79 6 66 48 -57 97 24 -42 -45 86 57 -78 -28 -99 -88 -32 25 94 63 -68 -39 87 -94 -61 91 3 -40 10 -29 50 -91 -23 45 31 -69 -47 55 -86 -49 64 -1 -75 -37 -78 -57 35 73 -70 -48 84 -72 -55 90 95 -62 24 -94 12 48 49 -66 30 78 26 -91 -64 -57 -74 -94 24 -55 -11 -71 27 -79 31 -12 -56 57 5 -70 -5 3 84 32 -45 10 61 -80 -8 -84 -64 3 67 -71 -69 -78 -80 68 28 8 -83 41 -6 53 -36 -76 39 -94 -68 38 37 2 63 5 35 -35 29 71 -29 7 87 -32 -51 41 -54 81 -79 89 -6 40 35 74 92 -96 -77 12 -19 -74 47 88 -77 19 
47 9 75 -53 61 64 26 -34 -84 38 -82 -91 14 -25 -8 57 73 18 51 85 99 9 64 -42 -3 -92 7 45 -62 59 49 -99 -35 -17 29 -67 5 36 -69 -98 43 14 50 2 -30 -13 77 69 -89 -30 -5 58 87 -17 -40 58 -50 -29 50 28 38 -65 -76 -53 -94 -45 -66 -95 23 46 76 -86 8 -70 -67 -57 33 -71 -45 29 69 75 73 -22 43 28 49 24 -38 -38 -5 -83 -78 96 -96 -86 93 -50 10 92 -18 -9 7 3 -18 43 23 -12 -1 -20 55 9 28 57 83 24 -7 37 18 35 -75 -30 73 -17 72 -12 -38 57 63 -77 -38 91 -3 95 79 -4 -88 75 -75 90 -23 -21 -43 -88 48 -32 31 -58 -62 -32 -38 34 -22 -53 62 -7 90 46 79 59 68 -41 -96 -71 92 48 64 19 -7 9 -9 99 -79 31 -18 -64 -98 57 71 -98 -72 -95 58 60 -28 41 19 77 -48 41 -80 -31 -65 5 -40 -78 -57 -1 -56 90 65 24 48 91 -36 35 -68 -27 75 -30 36 -26 58 64 -39 47 -63 -5 13 -72 -53 69 24 -75 72 2 -64 88 63 -39 -21 -74 -51 -39 8 40 20 85 21 -52 99 -54 -94 -11 69 -10 6 92 79 16 59 0 78 90 81 31 -65 -43 -14 -59 -47 76 -23 71 -26 -8 -11 -52 -20 8 11 12 -51 87 -65 -61 15 21 -61 56 -75 -93 -14 -90 -73 61 56 24 86 69 5 20 88 16 92 32 54 -52 -5 47 -84 22 74 14 -18 94 -4 47 -73 -39 -15 25 -29 -5 98 -94 -13 64 -5 63 -58 69 -96 95 -77 -19 88 80 12 -7 -97 0 9 -56 63 31 65 61 -95 32 -48 -59 -82 -82 99 10 -16 62 -69 -18 -43 75 91 83 71 34 92 98 12 -86 50 18 7 28 91 -82 -25 -97 -19 -55 90 41 78 21 -12 16 -98 75 40 83 -55 -44 -54 81 -28 -33 -90 65 12 -36 52 -72 18 -23 76 51 -29 -48 86 97 89 32 -7 50 79 -74 -75 -40 16 -26 -55 -28 -6 -7 -22 -68 67 36 99 -20 5 29 -53 -53 -57 20 95 85 -31 -17 87 -86 -70 70 1 -67 35 -93 -62 -42 -6 22 53 -45 89 -39 16 -95 -93 71 65 -69 -87 79 -90 -44 97 -41 62 -91 -16 11 80 -55 20 -61 -88 -77 -59 12 -17 -25 98 63 -62 93 -46 55 34 41 63 -83 49 35 -47 27 36 -28 -63 -64 -83 -7 -36 31 -20 14 -76 44 71 19 
37 86 -40 76 -95 68 -23 -59 -45 -61 87 -52 26 75 -99 -28 53 46 -31 -26 -42 -45 82 -91 -34 -34 -21 41 52 -77 -95 48 -54 -96 -82 21 -33 8 -98 -51 -90 -68 -90 -76 -7 -84 83 -85 -73 44 90 -33 -28 81 -9 -79 -38 -63 18 -94 -71 41 -84 -2 -3 -35 -86 64 88 -20 -18 -3 10 19 -88 -36 11 67 75 67 -73 52 -63 -76 -97 -87 -43 -10 35 -6 48 -80 -14 59 19 21 -29 -30 87 24 -86 -57 38 -6 30 -85 52 94 37 90 -34 64 -77 -32 51 41 -13 -94 -29 40 -18 -19 35 22 -93 33 78 31 25 10 -77 81 3 -13 -96 78 55 -5 -29 36 -57 6 -79 99 93 82 -10 -52 -27 47 -27 -42 -22 73 87 -18 84 -48 -99 39 94 -21 -83 -22 93 -2 87 -50 18 -34 -85 -61 44 97 -77 -2 -67 83 57 -98 -77 -11 -88 58 43 40 63 64 91 63 39 -50 -37 92 -21 19 -30 56 -85 72 -39 -71 -52 48 -97 46 -35 80 -87 -11 -31 56 9 -25 17 84 -22 -19 -35 29 79 77 60 32 59 34 30 -60 -5 39 -81 4 -91 -86 78 40 61 -5 -81 28 18 12 -80 59 51 -19 66 10 28 -8 71 -67 -21 -97 10 50 -10 15 72 -96 45 19 -16 67 -72 15 -74 85 -94 80 69 22 78 26 49 -77 -19 -89 45 -27 87 -37 11 60 -99 -25 -55 -70 8 -93 -81 37 42 -1 2 79 2 -14 -74 50 -64 -94 -18 2 -95 -29 -22 89 -22 -3 89 70 -40 -18 23 61 -66 -74 -64 27 80 -88 -4 28 -47 -91 82 86 25 -20 55 97 30 -68 97 72 18 -20 -62 92 63 -63 10 97 26 -70 -40 77 80 -82 -1 62 -48 30 9 -6 -10 8 9 29 2 77 -26 19 48 19 73 -33 -80 -85 -93 34 -91 20 -99 -57 52 86 86 -49 -12 -93 96 -20 -54 55 -59 -49 -53 22 47 81 53 86 -48 36 -40 24 44 -21 24 -31 76 -93 -38 2 -68 -72 45 59 78 82 16 -87 3 26 34 -89 -77 71 -71 67 9 -23 -56 15 73 64 -19 -5 -43 -99 57 -71 -18 2 -16 97 -45 -1 60 51 93 36 38 19 -95 5 -36 47 97 -36 17 59 50 11 82 -70 32 -82 41 -87 39 85 -9 -87 -27 -26 -18 -12 32 68 -4 -71 33 74 38 -98 1 -49 -69 48 20 -73 12 -93 73 -90 -6 -40 6 -30 -19 -45 61 51 -23 99 -55 -29 
9 79 38 77 66 86 78 84 48 -96 -29 63 -90 89 -8 26 -46 51 -72 -38 -85 -98 -86 26 22 -43 76 8 12 65 3 37 96 -90 63 -74 64 -83 -43 -13 11 -42 -28 -32 53 79 -73 87 -1 60 73 17 -77 -58 88 -13 29 89 15 65 72 47 -64 -19 56 79 -60 -51 -41 71 7 62 -17 -67 42 53 -39 -13 81 97 13 31 50 21 -51 -1 77 -19 -17 -87 -46 -40 46 -55 73 -28 12 -83 -20 37 -32 0 -18 22 66 20 95 -61 -56 -91 64 11 -23 58 -55 18 -35 -79 -29 33 -93 -78 -86 -10 -64 -11 96 76 -68 14 44 52 -46 -50 -87 6 74 80 63 71 93 73 -42 -62 50 -36 -12 12 -76 15 74 -69 72 71 63 18 55 71 93 -78 -99 -42 70 76 -41 -41 42 -85 -66 31 17 -6 80 37 -7 23 35 -33 92 -96 21 56 -96 91 -71 -22 -80 3 96 14 35 32 -24 -2 74 -41 3 -67 27 13 18 55 46 -53 85 86 -55 -94 -79 81 -87 -44 -28 12 -13 -38 37 -79 72 -67 -1 99 -96 93 67 47 20 -22 -44 -30 4 -69 78 62 -84 -69 -61 -97 70 52 65 -16 -14 60 -71 -21 68 81 8 -88 -6 87 -54 7 27 23 -73 80 83 41 -73 98 52 -79 -20 -38 -62 -89 47 96 -97 25 80 15 60 73 -37 -82 98 22 -41 87 -28 -85 -96 -54 -53 32 19 -64 51 16 76 9 66 71 -34 -77 -97 78 63 -60 -78 87 -46 -24 -37 78 54 -18 -85 51 -73 -84 -99 88 12 54 14 -40 -76 -89 -75 -63 -58 -76 86 95 -75 -90 15 57 20 37 -46 -8 -80 65 2 -12 -35 -75 -40 64 -14 60 25 45 62 -68 -5 78 -70 -97 -16 -71 -92 57 97 -63 58 85 -42 -99 63 52 -96 -76 58 74 95 -56 34 27 27 -13 -69 47 1 -15 21 42 -64 18 41 -63 53 17 68 -45 -37 36 81 5 -41 19 -17 -20 90 29 28 62 -25 52 -86 96 53 39 64 -69 96 -63 -97 42 92 -25 37 -35 -29 54 33 24 95 -4 -45 23 -73 -7 17 76 -90 -49 -66 12 -14 -87 -31 74 -78 5 69 28 -74 91 -99 -77 68 -27 15 -60 -78 -78 -77 -65 49 46 -50 -46 48 -40 46 -6 -29 96 60 -94 -49 23 -56 -39 -6 30 9 54 -20 69 -82 -68 12 -68 48 -62 -98 -70 -28 -45 60 -84 -81 -56 -12 20 0 49 -37 -35 4 -80 39 -93 
28 19 47 90 57 50 34 -79 42 -17 -47 67 -12 36 51 -47 -74 76 42 25 -40 64 -40 -27 -15 -50 -79 -47 7 -39 98 54 57 44 -66 55 34 -12 5 -76 -64 52 -3 -42 67 37 -73 94 -90 92 -9 29 15 -79 -79 -88 22 4 -44 -45 -42 -3 -76 -19 -87 -43 -12 -41 8 -96 89 -80 41 43 -3 10 -36 75 95 85 27 -10 -22 7 -58 43 -92 24 -23 -18 -70 -41 -10 -73 -11 -99 -77 9 21 -68 88 91 32 45 -85 -10 19 -72 2 10 -63 86 30 16 22 71 -91 94 -97 -69 94 46 -21 -84 -49 -24 -87 -10 -74 47 -8 63 35 -22 55 -65 -42 55 -57 43 17 -30 -90 89 47 -48 88 93 -5 -2 -96 -57 -67 27 -77 71 -2 -32 59 51 75 -84 72 -56 52 52 59 49 17 -69 -77 51 -42 -59 -49 -22 -14 37 86 -90 -71 5 48 73 -39 -55 -10 38 72 -79 75 54 35 -15 44 53 -78 -2 92 79 51 38 64 -57 85 -28 -54 -64 69 -24 7 -16 16 -33 92 92 -39 21 25 -15 -44 49 81 -72 -17 91 -95 -92 6 29 80 80 0 61 -51 71 40 43 56 -93 30 -67 50 11 -58 -6 -65 69 -36 69 15 -84 79 31 81 -35 75 65 -6 -86 47 20 -36 -66 -84 12 36 19 42 -71 -74 -69 -20 71 33 -86 36 -7 21 -97 -26 -99 -38 58 -15 4 91 18 -85 66 66 42 -36 44 -41 85 -40 -98 3 -3 -43 65 7 -56 -54 -51 -86 -22 -57 0 8 -82 46 55 78 -60 60 -28 4 -92 16 49 90 28 -8 35 97 10 76 64 -66 -87 93 21 35 -21 -69 -16 -2 -17 -47 48 -33 69 14 2 57 -18 6 65 -7 11 -61 -34 -24 -35 -58 -11 23 12 -78 -31 -4 37 11 -42 24 28 -14 61 74 -58 -1 31 -19 12 86 73 -62 37 -29 9 -22 72 -42 31 49 -87 -61 98 -76 89 -4 79 -34 67 -21 33 -3 -82 7 -75 72 26 -69 -93 77 90 -9 -71 -30 51 12 -4 91 -6 -9 53 48 -41 -47 86 68 6 -20 -81 -32 0 44 -65 60 -35 2 -84 68 -94 39 28 98 -49 28 25 -48 -66 -99 8 9 -87 3 -94 -77 -45 0 -64 -63 18 66 -56 -61 -74 36 12 63 52 25 37 85 11 -66 76 97 -70 15 -51 91 23 -77 95 21 56 6 -11 33 -89 77 94 -43 80 94 70 28 -37 29 -55 69 -41 45 -44 -40 2 
-70 -70 -60 -4 -53 14 77 87 73 -33 -34 -49 -78 33 -42 68 25 70 33 -24 81 77 -71 -5 73 7 -44 -44 73 66 72 -96 -7 63 -29 15 63 -67 -55 -76 -71 -70 -44 84 -81 99 15 -99 64 -30 84 49 -41 75 16 66 3 70 74 81 -32 -39 82 -99 66 -55 16 79 -80 -56 7 -42 -90 85 -13 -91 13 -90 6 -27 -72 92 41 -57 35 -99 -57 -14 -38 67 60 65 -98 24 -68 72 6 -25 -21 -22 -20 16 -77 46 85 64 -2 -31 -2 -85 -58 -51 -72 69 47 60 66 -79 -25 -78 -59 -6 93 -63 -43 40 37 65 47 14 -92 62 90 49 -35 -61 35 -39 -57 -92 -86 29 -84 -14 -44 -75 -76 33 -80 -35 -77 7 -91 41 32 85 -70 -78 -36 18 -63 -82 66 47 8 -64 83 15 -17 64 -81 -4 -88 -38 31 71 15 16 39 -76 -23 58 77 4 80 -70 14 64 61 -25 22 33 4 8 -6 -57 -64 -99 -90 21 69 59 -30 -64 -9 -48 -61 90 23 26 -24 -42 -70 -43 10 -97 52 -23 58 -77 41 -97 1 -91 18 -67 -22 -13 -76 -38 19 -75 77 94 -46 55 62 34 -34 -46 74 35 58 -11 -15 75 -32 -12 -5 -39 -74 69 -65 6 -95 -62 0 -63 -15 -17 0 -66 -1 -69 36 -21 -60 48 82 -27 -78 -62 44 -14 -41 32 59 -37 12 46 -69 56 58 79 55 -87 -55 -89 -54 60 -72 -39 -95 -38 -15 -66 23 53 -57 35 51 -71 -38 79 52 16 -35 67 -83 -41 18 -49 -75 -32 -88 -44 95 45 83 -21 -99 6 61 47 91 52 -76 -6 -41 -14 56 -33 86 -12 -81 -21 -66 -72 -29 36 99 2 71 -54 86 -4 87 -4 -9 -39 26 58 85 73 58 -69 -72 -59 -91 0 78 41 -79 23 15 -96 36 -67 97 -17 87 -93 -2 -40 -61 -99 -26 35 62 62 61 -60 -40 92 -97 -43 1 64 88 -41 -89 3 -73 12 -10 13 41 -43 -25 64 5 41 -95 14 46 94 -70 48 -10 43 -1 44 -67 -6 13 53 66 -54 -15 -6 35 -33 46 -50 30 -45 60 -92 86 22 71 63 -42 91 90 -80 -76 -1 36 -19 -83 -90 65 -73 17 64 -2 10 70 61 -16 32 67 88 -19 -49 28 -77 -56 -25 -18 41 76 -88 -94 -82 -8 82 91 -74 -7 -75 -19 49 -21 60 99 22 70 -4 -12 -14 -80 -18 -62 43 -76 76 3 -38 -3 44 -64 -53 17 89 46 34 -32 -79 
-79 61 -48 -1 -9 -60 5 -44 -51 66 -67 68 2 -4 -78 -54 -94 -55 -37 95 19 -84 -78 -92 -59 -65 4 -95 -48 15 -7 -48 29 -16 5 -46 -1 -74 84 18 -23 -9 -33 -80 13 99 -61 55 12 -28 66 4 -14 25 34 -13 -35 -65 -42 28 44 33 -83 54 14 68 -72 99 36 76 -29 -49 41 54 -35 -67 -37 32 -7 4 -54 98 -54 96 -76 58 62 -67 22 67 77 94 -10 -11 -64 -63 -80 -48 -94 -89 -83 -76 33 -45 48 -89 66 -74 -93 -6 -76 -20 -30 91 -3 -39 -33 -21 78 91 -92 -82 -26 98 -99 -87 -70 -64 -99 70 -61 23 93 -68 -17 -12 14 7 -42 6 15 -89 -89 68 64 -82 89 80 29 -53 -32 -28 -73 -68 9 -1 1 97 -14 83 23 -81 36 37 72 91 -54 -25 0 -74 -63 47 -99 -91 -48 50 -13 -64 -25 36 4 -80 31 -87 33 21 18 -83 95 -37 5 -89 -63 55 -41 -87 1 57 61 2 -16 -96 47 -47 90 -93 -80 69 -60 -28 -49 -94 -39 -18 -89 80 -43 89 51 68 33 62 35 40 66 35 73 42 74 11 11 -16 51 -20 78 54 91 19 -97 30 39 42 -9 -8 84 82 -2 5 -56 40 -94 -33 -90 -58 4 -7 84 10 96 45 65 66 -40 -66 -63 53 97 -23 -12 24 66 69 -85 97 -46 -35 5 29 94 -21 -52 -31 53 20 -67 -57 -84 -82 -24 -10 23 36 60 65 82 87 20 -47 -12 -88 -89 97 -77 -49 -28 14 38 -80 -68 95 15 57 -26 37 -15 -1 24 71 -12 -5 -95 -81 59 95 -76 -23 -33 51 58 -97 -90 -56 -30 -60 62 67 -68 -2 -9 -17 53 18 -79 56 68 -2 -2 -95 -51 61 -12 30 13 1 -39 61 -97 -32 14 -10 57 -78 -31 -12 55 51 22 -26 27 -14 39 44 -64 -72 53 -43 -8 -62 -59 -34 -79 -24 22 -70 22 -97 -43 5 18 1 35 -37 -67 27 17 -11 -98 -6 -47 57 -64 -24 86 21 60 16 -70 34 85 4 69 40 -70 8 80 91 -97 20 -39 25 7 35 -9 -4 -18 97 -81 -15 90 -11 81 -70 -18 -38 -14 59 -48 8 82 -7 -66 5 -77 16 79 13 32 79 0 -53 -37 51 -80 23 -80 73 12 7 85 -88 -86 57 -82 37 2 -66 66 3 -84 88 -76 -32 -31 81 -18 -56 53 42 89 15 39 69 98 39 -18 49 70 77 13 91 5 67 46 81 47 -83 -53 77 4 -76 
36 -96 -58 54 1 -33 -54 35 48 73 15 -79 -5 38 51 -90 1 -75 40 52 -50 84 47 -86 5 7 68 -63 9 -92 -46 -11 43 33 -93 -22 -46 -9 53 0 37 17 -88 -86 83 33 -18 -56 97 -75 -96 -60 -31 48 60 5 21 -28 -71 95 31 2 84 -71 45 -85 67 95 -71 -50 -39 -26 41 46 32 -63 36 29 64 -78 -97 -79 -49 39 61 40 -96 62 38 -85 51 -47 33 68 -26 -96 64 -17 -50 54 -59 -37 -66 -75 -72 -7 -25 99 -38 -2 -47 -18 93 -22 -53 85 67 -87 -17 32 -20 -35 7 97 -53 -60 83 35 -32 69 95 69 -15 16 51 49 7 -44 81 6 16 40 44 -36 -5 -40 72 39 -65 -17 53 -41 78 -79 44 81 84 -17 19 8 2 68 -76 50 33 89 72 -29 38 -40 40 22 67 -82 18 -2 43 57 -15 24 60 95 76 47 84 -30 -40 19 2 26 62 68 -74 -64 -69 1 -94 26 99 -54 -41 92 -45 8 -38 -77 -35 -88 -80 -9 -42 -9 86 25 95 2 -75 32 27 53 38 91 -87 26 78 90 31 -45 66 65 -16 -11 -48 39 72 57 -72 76 -13 -36 -47 11 6 -11 34 -59 -97 -46 -31 25 -66 89 -25 -70 -55 53 43 12 -55 -90 25 -25 55 79 -88 -53 -15 90 -99 63 67 -25 49 -37 28 -36 -97 -56 -35 -71 38 -9 -88 -69 40 92 13 -49 -82 -20 76 89 -60 -14 -12 -39 47 90 -35 55 -65 -38 67 -74 94 21 -2 -44 -60 61 31 -16 -71 -28 -59 7 -24 55 53 16 -90 -2 -26 83 13 -75 -64 3 79 75 -35 -1 -74 48 59 94 21 90 -28 32 -32 -82 -72 4 -47 3 -56 -22 -33 92 12 41 -59 68 64 -90 -42 12 65 6 -26 36 14 -5 83 -6 -67 -9 -59 3 14 -40 -5 -1 -39 -28 -4 -16 58 -1 47 4 -84 49 -87 56 -11 13 3 1 -43 65 -56 -97 23 14 63 -2 -82 81 10 -76 74 -1 2 -76 -18 30 -69 -58 -98 -9 -39 -9 2 24 38 88 65 -64 21 -94 67 -25 -87 66 -18 56 -33 -75 59 2 97 7 -90 -92 19 -32 57 -46 68 -32 34 -35 -34 -87 -12 -87 -24 87 92 50 -2 0 -65 -47 -15 -15 91 16 -59 97 -51 11 -13 76 90 -62 -78 7 -4 -58 -29 82 32 33 -35 -40 -60 -42 -35 -94 -51 24 -35 26 41 -15 43 -27 98 85 -21 40 -79 67 -94 13 69 -29 
98 -88 87 27 -90 -35 -52 -66 42 -81 -3 97 -44 -10 -9 20 0 -16 -48 -51 -49 12 96 17 52 -65 -73 -42 -8 -35 -25 -82 -20 79 -98 5 -63 -38 -87 34 -75 35 -83 -99 -55 -15 54 -38 -41 2 39 -47 14 -55 58 -71 -21 93 -73 -35 35 71 82 -80 49 40 85 29 -49 15 -59 -66 54 22 -2 30 -26 -4 -14 8 76 77 -41 -64 -12 -58 -32 31 -43 93 -39 -1 65 -63 13 -54 95 -16 32 -46 -39 -9 56 -74 -18 52 90 46 -1 59 -84 6 -30 -4 -23 -3 73 -27 89 33 27 -95 17 69 -39 95 -65 -6 91 99 -50 -74 89 24 29 -69 43 95 51 4 -47 70 -17 -97 -36 77 39 66 -20 -68 -99 71 15 28 26 10 -21 9 93 92 -14 -33 -78 -77 -27 -24 -91 -31 -51 -85 -47 -13 18 -8 73 8 99 35 -29 -32 67 -20 23 45 -81 92 67 88 -46 69 81 97 42 33 -86 18 90 -99 90 86 -79 -60 80 -23 17 -21 85 60 62 -88 75 -43 -60 -61 -42 18 -13 -9 96 0 -95 63 -30 -37 -96 -62 35 -86 -30 -78 -18 94 98 58 -70 48 24 -83 62 26 -82 79 3 -17 -21 24 85 -54 45 -56 18 -66 -45 40 -90 4 55 -80 76 7 -15 85 -63 97 -68 -42 76 41 88 20 62 35 -25 40 17 25 -52 -15 -66 -49 99 -98 80 43 15 -86 -70 96 32 75 -27 -74 84 -96 -12 -35 -88 -14 -88 -44 -26 33 21 -20 59 24 58 26 -13 29 41 47 -66 11 78 45 36 57 -61 82 80 -31 72 -7 69 17 -85 -5 49 86 99 23 88 26 20 -84 -30 -74 81 89 18 -37 91 16 45 14 85 84 -50 -89 59 30 -41 24 68 27 47 -5 -27 -21 -70 0 56 -98 -45 -63 -46 59 -42 -35 -15 -51 -59 52 51 -70 45 47 -77 1 3 37 -43 -27 -61 -72 67 10 -91 3 34 73 53 62 -60 -52 8 -38 61 -10 49 -38 16 99 -33 -39 94 27 -80 -20 -46 -68 -50 -66 -20 -97 68 29 -12 18 55 69 -85 -2 97 71 -12 79 -8 29 63 51 -83 61 34 1 21 -51 11 39 -28 -61 25 -25 62 93 -48 45 -21 -60 27 -41 -66 84 43 -35 -80 21 54 42 34 60 24 80 80 -57 -93 -60 7 5 3 63 82 -15 -73 60 53 -65 -88 -81 12 -66 63 -32 -27 1 60 -47 23 -98 0 -52 -92 41 87 -56 -94 75 53 33 
-59 -22 -50 24 -91 -95 -5 11 -48 -58 43 72 -45 81 -80 -58 43 35 -46 -34 91 98 -31 65 26 85 10 7 -66 63 -97 -39 86 -17 -53 73 25 16 -22 80 99 -73 75 -49 -91 49 30 75 -68 -3 -78 -27 -15 -5 -17 -35 55 38 -37 60 -43 -32 94 -36 -50 -4 31 -70 49 98 -28 18 -53 31 85 -40 84 -34 -24 -9 67 27 -90 -95 79 32 9 -90 38 71 -74 -74 -57 -82 18 -19 19 -13 54 -64 -90 59 -50 1 60 -7 92 3 76 -45 -48 74 61 -69 -57 55 59 52 27 57 -6 19 27 -13 -92 34 73 -23 94 59 81 68 -15 5 98 37 -16 11 64 -55 -80 69 30 -59 37 -29 -75 79 59 24 -35 -67 58 -19 -59 -8 -23 -31 5 16 -46 40 -11 -68 95 35 17 96 -24 -52 -84 -53 -33 93 96 -33 -38 8 -96 63 -9 44 92 -48 11 -17 85 -19 58 -98 -93 -77 88 -42 -2 89 -88 -21 -16 45 5 -71 -30 -68 13 4 49 -40 -83 -97 -56 -80 -57 76 28 95 -55 -85 26 25 -95 -57 -54 18 -96 -33 78 71 11 -71 21 -23 19 -59 32 -13 99 -89 64 87 -38 -28 -16 -74 -79 74 -64 39 -3 -5 -60 28 -88 64 -91 -14 -85 -49 76 36 21 -94 -33 -49 13 -33 54 94 -19 47 -1 -51 70 -2 46 54 40 59 -10 22 19 -29 -49 -83 -74 -98 -10 5 83 -11 52 -95 13 60 3 52 95 -12 -3 63 -74 50 54 -97 -72 93 95 -26 61 44 47 -87 40 -14 61 -81 -30 84 -68 17 -48 26 77 91 -92 71 -9 -3 83 42 -95 68 44 12 45 72 -4 -35 44 -18 -73 -25 -24 73 70 -85 -46 20 -87 -27 -45 59 40 -1 -28 -90 65 81 71 64 -22 35 -37 -20 30 24 -66 -54 55 -85 -50 -62 -45 -75 -12 -35 97 90 -78 39 67 -78 24 -1 49 42 97 -33 -36 28 -4 26 87 -66 41 93 20 -27 22 -97 58 42 82 -3 -20 94 42 -59 88 -89 -62 -44 63 -49 -12 66 57 -47 99 -33 -74 -86 -67 -45 -95 -32 -49 -59 -68 9 33 19 -57 -24 -8 13 -54 -49 -86 -13 -9 38 -76 46 -27 -61 36 -15 -12 -76 33 -23 -15 -69 58 80 32 -40 52 9 61 -56 -37 69 -45 5 41 64 43 86 -16 -17 63 59 8 14 -18 -36 -92 -90 13 74 99 24 88 74 -36 66 -16 -67 -84 18 16 -82 88 -77 -78 82 -63 63 
42 25 -83 -27 11 95 -62 -72 54 96 85 -43 -52 -75 -87 -99 30 -70 52 69 55 -99 -9 -16 -16 -64 99 76 49 91 -67 80 27 86 -11 27 49 -75 -65 -51 -64 72 -2 -60 55 54 98 26 -19 83 5 9 -13 78 76 84 0 61 31 -75 55 -23 -39 18 57 -81 -45 -85 44 60 -32 71 81 89 19 34 44 -95 97 -17 -41 -19 -81 -32 97 72 -87 59 76 91 65 23 -94 77 -99 -59 -25 99 -84 32 37 73 19 48 -6 5 -61 42 0 -85 93 -80 29 -70 -35 -76 -47 87 -12 10 71 16 -5 91 76 65 43 9 65 67 53 5 -83 -68 85 -68 -45 77 -44 -1 -76 53 84 -58 99 -32 65 19 30 -10 69 -62 21 -43 -39 76 -44 69 26 -56 62 -8 -42 88 16 68 -30 68 -42 23 -51 -33 -6 82 -55 52 -73 -71 17 88 -78 -90 70 1 12 28 46 90 47 -46 96 -35 78 39 -31 -32 48 -24 92 32 43 23 76 36 -98 -39 34 85 -23 -90 34 -68 -5 36 -18 58 -27 -57 84 72 97 -25 -80 51 68 -97 -95 24 41 77 -46 96 30 -13 -89 63 -82 -22 50 37 33 -63 4 44 -1 91 11 62 76 74 -15 -76 -33 -16 -32 81 -95 -61 -5 -68 63 -9 -71 26 -83 87 33 64 -41 84 -24 -69 53 95 -34 -50 -71 -8 39 -73 13 60 3 -24 -39 32 -72 -40 36 -33 82 -69 -98 64 76 20 -54 -41 -26 17 -14 27 4 20 -89 -62 -99 0 90 -83 -36 63 -18 0 76 -75 -34 -37 -33 23 89 67 -45 21 51 -25 -2 36 7 32 8 -1 -58 -52 -59 -77 54 75 70 -20 -29 -93 -40 -86 30 54 -49 -43 45 -50 -3 -32 73 -13 14 34 -78 63 41 62 -28 66 -44 46 13 51 2 16 -82 -81 15 98 36 -67 -50 -54 -18 48 54 27 -25 -36 7 -80 -25 63 -59 29 -99 -5 -98 49 86 17 -17 92 99 74 22 41 -26 -62 87 -68 -3 29 0 58 41 69 93 -18 -20 -31 3 35 -40 33 -40 93 88 -30 19 43 -88 -96 4 99 80 -55 -92 -97 -52 -67 -13 82 75 89 -11 45 59 -67 -81 98 -7 -7 -66 -98 -94 94 43 79 -33 48 45 -78 -12 -62 75 -72 80 -78 -84 -67 72 34 -41 50 75 8 10 -2 -68 -83 -3 17 62 61 28 -71 4 -91 -24 67 60 -48 -87 -13 33 -68 -63 -4 -64 60 48 94 28 32 -7 28 
-20 -64 -98 35 -66 95 69 -59 82 -7 -6 97 -43 -69 20 33 7 -66 -34 41 -53 -45 3 89 -70 -54 -82 45 75 -16 93 41 82 24 47 -28 52 -60 -39 98 58 -64 17 77 49 81 -78 -84 -41 40 28 -87 -61 78 -30 86 -8 91 19 -61 -15 4 -59 10 -10 85 -23 52 -11 48 -27 -47 42 -32 97 -95 74 8 -35 82 -89 -83 67 -71 65 97 80 -38 30 -62 -10 24 44 7 -35 16 -44 61 97 17 89 84 86 -74 -69 -35 -19 -90 -59 88 -13 64 -94 -65 -65 43 -37 5 53 53 -69 -7 83 -19 -86 -99 -61 -29 10 22 99 -31 12 37 -38 70 69 -6 -42 -13 -67 30 -99 20 33 -71 21 40 -87 -9 24 -71 28 22 95 -83 -95 -76 48 -50 -32 33 82 39 -5 94 5 0 -87 56 66 -76 52 -66 -35 71 -41 65 -64 0 -92 40 70 -83 -32 56 37 35 -28 -25 26 -79 -51 92 25 -10 -12 -94 -31 26 -38 -55 87 73 11 99 51 -30 63 -96 30 97 55 -67 17 -25 39 54 62 -97 51 85 18 17 -75 -10 -80 -55 53 -85 17 -45 -34 49 18 -51 30 -47 -21 30 -94 -67 -64 5 -92 44 37 -42 -18 -28 75 -86 -77 13 -20 67 -23 -19 39 -78 -32 31 -72 89 50 25 -68 94 -17 -81 -23 60 -42 -28 -35 21 63 -51 44 83 -89 26 -79 27 11 -21 82 -71 -33 -86 66 -97 -49 89 23 25 -10 -80 -84 81 -15 14 -45 99 3 35 39 78 98 12 -31 -70 -77 30 -7 31 -77 67 -92 21 1 -32 97 -34 3 58 -95 58 1 -89 69 -87 -71 56 -32 -51 6 -1 -38 -66 -28 1 20 -94 -43 -73 96 6 43 24 -16 -7 99 52 41 19 38 97 54 45 -52 -94 38 85 24 55 83 38 -26 -63 82 -24 16 6 83 -84 69 -12 -14 66 68 -8 -15 -9 -7 -63 86 -3 -53 -34 -34 4 74 74 79 59 -77 -49 -18 28 -37 -15 94 23 81 -83 61 92 -41 14 88 -49 -59 -26 62 -80 -72 54 33 -1 -66 16 12 -85 71 -18 63 -10 -7 -54 -43 -60 74 5 36 -79 -5 85 64 0 -29 -65 49 32 -82 -95 -16 51 -7 35 93 85 -83 63 45 -76 5 -10 -60 -69 44 37 -89 24 54 -74 -37 10 95 -9 18 -38 30 -56 -9 43 -34 -85 -72 83 -8 -31 27 -53 -76 -78 -4 69 58 55 71 92 67 20 -35 29 27 70 5 64 
-97 -21 -73 -67 -25 95 47 11 32 -7 81 79 -26 77 -61 -31 -36 -68 75 86 -10 64 -35 55 -99 18 -20 -4 -35 89 -26 -49 -18 -15 73 96 86 -26 -33 -72 -89 -2 -81 -71 98 -22 78 -32 92 28 -28 8 72 -33 -58 -43 -42 16 33 -68 20 32 -41 98 9 -53 20 -68 -38 -39 -26 80 39 44 52 -49 -26 15 -23 -78 75 12 -11 26 -42 -28 -1 97 36 -70 13 -64 53 74 64 -33 42 60 -56 81 -92 95 -89 51 -31 -23 -21 28 -80 63 -25 35 -74 77 -94 33 -55 88 -49 -56 42 -64 87 -59 -23 -78 -64 -23 -84 -82 96 82 78 -47 26 54 97 -25 -62 74 33 -72 93 -54 -32 83 -15 77 42 -14 -46 -78 -70 75 -97 -29 -57 77 -97 46 -21 -90 78 -33 8 98 -81 62 67 73 -84 27 60 74 35 51 -26 -50 98 -23 -27 63 -87 19 -37 -17 -15 14 20 39 -28 -13 24 20 -30 -1 8 30 -3 -54 -32 -93 45 -8 57 98 -88 47 94 -9 -1 41 -27 -20 9 55 -78 -43 6 90 -12 -34 -38 -90 92 30 -72 71 36 -93 -48 71 -67 -95 3 -99 -6 59 -18 -77 -76 54 -83 -58 -11 62 39 12 -36 26 -17 46 -60 15 -94 -48 70 -85 -9 -97 -36 81 17 -97 10 91 81 -86 -47 76 51 -36 39 -21 -39 49 81 -38 10 97 91 79 -53 90 79 -62 -88 13 -47 -19 74 44 -28 -91 -26 -5 25 -43 -82 89 61 66 -65 -46 -6 -63 -75 95 88 -73 -57 -48 -46 68 7 -71 57 -51 38 25 -80 -4 42 9 -41 -1 15 -64 51 49 25 -18 92 75 -3 -97 -12 92 -60 -94 31 3 3 -90 46 -56 18 28 -29 -9 88 78 -5 58 35 5 -3 96 -53 -56 6 -16 -68 -94 -67 -55 80 50 68 74 -42 -62 -95 31 -97 69 44 47 -17 -47 96 71 -56 95 -21 -8 7 68 9 72 -80 -6 52 34 -86 -62 -19 45 -27 -67 59 -92 2 75 87 -20 32 89 -66 -14 45 96 -46 -74 98 93 53 87 59 -65 92 60 33 -35 66 -62 55 -11 15 -56 7 -85 32 79 47 -97 -65 15 -4 -73 79 96 32 -53 46 83 -75 -81 -21 -36 -31 33 -71 58 -6 -42 -95 30 57 -8 -74 68 64 -7 37 -62 78 -38 -85 98 10 32 27 -89 -82 -46 50 72 10 -21 96 -34 -70 -46 39 57 -6 -28 -65 -94 -37 49 -85 -89 35 -11 -95 28 -39 91 
8 53 -96 88 -32 -45 16 1 28 82 -48 -18 -9 -94 77 52 -3 -20 33 37 37 -42 29 87 32 -41 91 88 -91 92 37 -38 42 98 -16 4 -61 19 -72 -6 83 97 -39 -9 -40 -80 -36 44 85 -55 58 -54 -62 -94 -5 -70 -95 28 84 41 -95 66 -69 71 -43 -16 -95 51 20 90 -7 8 99 -99 -6 40 15 -55 82 -56 -35 -70 -35 49 -57 69 -59 -36 -61 0 -57 91 -8 16 77 79 3 -12 -2 -68 10 -51 -99 75 74 -66 -45 51 -54 -22 -56 -74 -56 -22 -10 -68 2 26 93 6 -77 13 76 -87 -17 5 58 10 -54 -17 -57 43 81 -94 -49 -6 -17 36 90 -18 -79 10 -66 -7 43 62 -80 -62 -86 19 29 -34 87 72 -28 73 70 22 65 -85 -72 -27 -36 80 -13 -65 59 -10 47 -22 -70 15 -45 33 -14 47 63 82 17 -23 -79 17 0 53 -24 -88 -3 -27 25 -12 -92 9 -62 89 -35 30 59 5 17 51 -65 -77 78 29 -24 30 46 -50 49 69 -41 -81 46 57 5 -31 48 -7 -1 -94 64 86 2 68 13 61 61 -22 77 80 30 -69 24 30 -44 69 23 48 -59 -8 -42 -84 -99 61 88 -99 -11 -19 70 -92 -31 -6 -17 27 -86 -33 99 78 -17 -26 65 -10 -17 -60 -57 -10 61 4 -83 -2 38 31 60 -26 12 -65 97 -93 -90 -83 -72 43 -88 -74 -42 -13 85 -60 -76 -74 3 -42 93 -45 -28 89 27 88 37 2 -14 51 -9 -52 -58 -68 5 97 97 -38 2 98 12 -84 -88 15 75 0 41 -80 -7 -12 9 -29 -57 63 -27 18 64 5 75 60 10 -91 59 -12 29 1 7 3 -38 -48 -83 81 98 -95 -3 6 69 35 -17 65 58 -25 -99 14 -90 62 -92 60 80 18 -89 4 77 69 53 28 -70 57 -43 66 -58 87 46 -19 6 -82 -55 6 -79 52 -75 34 -83 -6 -77 -16 1 -38 44 -22 21 -1 92 20 -74 24 -9 -94 32 -27 7 -65 67 -88 1 75 0 60 8 84 51 -57 -39 -89 12 -52 -67 10 -61 -96 62 -33 72 -48 -85 -6 67 -70 -90 -47 35 15 -80 14 82 30 -67 71 59 30 56 7 69 -73 -3 77 35 -64 1 45 19 22 -77 -20 -64 5 -49 38 64 71 -15 -67 86 -19 -60 10 -93 40 72 -93 6 57 -99 -32 -44 87 85 78 52 -15 -54 -57 -11 -83 -71 -63 -41 87 -15 -38 -76 -5 77 -28 -93 -5 -77 -12 
-23 7 -67 78 -88 -33 34 -11 8 35 -43 85 46 -13 -8 -83 38 -20 -68 49 65 -12 18 3 29 -88 56 88 -63 -85 69 -23 -92 -10 37 50 -45 45 94 58 34 -87 -44 33 -92 94 -16 76 5 3 -70 27 -38 24 59 -37 14 -41 -60 68 59 -11 61 33 -45 42 -12 -21 33 -89 64 -76 -44 -11 39 -44 -86 -78 -92 27 36 -29 64 11 -1 -87 0 3 -45 72 22 -76 68 -69 -10 47 94 80 -63 -16 19 -93 9 95 -62 -3 -93 -21 -88 -52 94 -60 -70 0 91 99 -27 -38 -58 50 -91 -17 12 28 -61 -81 97 -2 -58 18 -24 81 99 43 69 49 62 -67 8 58 68 47 24 75 56 -67 -88 24 58 77 66 -8 43 82 32 -79 25 54 98 -99 29 31 13 -18 39 57 66 -49 -13 -80 -63 -19 -7 21 -12 -4 -27 -57 -28 -55 -54 -37 36 80 41 94 79 35 -6 -25 -7 -5 -1 23 -31 27 -18 14 34 -63 -51 11 -35 94 8 -63 23 -43 -57 67 -69 49 34 -84 56 -72 29 3 34 99 -43 -91 55 84 -61 28 41 53 -80 -89 19 96 -35 -77 -88 -25 -50 -12 45 42 11 2 -72 -44 -29 29 12 -25 -86 -78 56 -60 71 15 -89 3 -15 9 -91 -7 20 70 -52 -42 -36 -32 9 95 -36 -36 49 -98 -62 -23 -86 43 -19 -8 71 94 47 94 -19 -58 75 50 -9 79 -17 -75 62 -59 99 82 22 4 -76 -14 99 92 46 -14 43 -57 -10 79 -81 -9 70 -43 -58 -78 28 92 -73 -8 -47 -37 12 4 94 62 71 -45 19 63 61 -49 61 81 -26 -35 34 -97 -85 -61 -48 -68 51 -32 88 -61 -50 -83 -99 84 -45 0 -1 -31 99 -36 -11 -94 -82 54 86 57 -37 77 -18 -46 32 70 80 25 29 -41 -15 78 35 -89 1 13 29 -91 87 -31 6 -24 20 76 -6 43 -80 68 63 88 -80 39 -34 -44 -73 29 -42 -65 -18 60 98 98 -38 -66 69 -85 -53 -13 -70 -50 -10 -30 -30 -42 -61 -43 44 -48 -17 -41 -85 -64 -81 -20 -6 -11 -75 2 43 -91 -82 44 -19 88 -61 -97 35 39 51 -5 10 57 -75 43 79 -55 -13 11 84 -99 -12 -18 -40 36 -7 -20 47 75 44 90 -5 -26 40 10 -54 13 12 54 92 41 12 -30 -87 79 -15 75 -87 99 -23 -97 21 58 58 3 -37 -73 -98 -64 4 76 71 44 -1 -60 20 -16 -55 -73 -5 54 77 -29 
-23 -96 -44 24 43 -54 61 -53 99 24 -21 -43 94 87 -97 -27 -86 3 90 -51 -33 9 52 48 -29 58 69 -90 78 -38 -89 41 72 -80 -62 -4 -47 64 63 -25 60 -35 25 26 42 25 36 37 76 -61 79 13 73 -75 99 -99 -13 51 -35 -60 99 -98 -79 96 -65 2 70 -70 78 -97 -65 -33 8 40 -93 58 -36 -61 32 10 19 23 -47 15 -22 61 95 -72 73 -86 16 86 72 59 -83 -59 -82 -66 -90 -79 29 -3 39 2 4 98 51 5 29 11 -91 10 -51 70 -25 1 -18 -47 10 57 81 -12 88 54 -7 82 -12 9 81 23 90 -38 -3 10 -49 -10 92 -17 -36 -82 -10 21 91 53 -17 88 -47 44 -36 -72 24 44 -89 -52 -5 -27 -98 -50 -31 31 -63 -22 -70 74 -50 68 -76 66 -43 -4 95 -59 -22 79 89 -14 -44 13 -23 47 50 42 64 76 -96 65 93 3 20 33 -95 -32 37 99 87 42 36 93 25 64 -67 41 -88 49 -99 22 -45 15 -56 -20 12 -58 76 -50 4 99 -85 71 87 -1 -54 -98 56 73 52 85 -96 13 -83 -61 67 -18 -3 13 21 -21 -18 84 86 -24 72 -83 39 -43 -72 -31 63 92 48 -41 26 46 57 -11 -37 32 28 -37 -68 27 96 -17 -58 -89 -23 -60 -87 -35 88 -39 29 69 -24 81 -17 81 -66 -58 4 -5 50 -79 38 -72 46 -14 -26 24 -78 -46 68 24 62 -63 18 -30 -59 -91 -44 -65 68 11 -59 -77 -63 -5 49 0 68 -22 4 -92 47 -58 -2 -82 -84 -80 -14 -72 73 77 26 37 13 -28 -52 -89 -60 3 -70 -20 -52 -11 -76 -7 82 -92 -79 97 -46 -20 -79 -36 -53 4 59 55 -86 6 -23 -22 66 15 61 -70 -8 -75 60 46 2 -30 -38 20 -68 -21 -39 33 -78 64 28 -83 -9 -86 89 55 99 20 -78 -56 -62 -6 0 -87 -3 -24 42 60 -44 89 -37 -16 3 19 -76 72 -62 -73 46 27 6 40 -54 31 23 -58 56 -93 -30 29 97 79 -7 29 -9 93 -57 -32 -14 -49 -27 94 -56 -39 -4 89 -32 -18 -3 42 -13 -15 -65 73 -70 -89 78 -45 50 -65 67 68 -90 -10 -66 50 29 -86 89 57 51 18 -41 28 -32 -88 13 -19 58 89 -80 61 -62 14 84 -71 -87 -13 -41 -27 -90 57 82 -30 -37 -37 58 60 8 -71 7 -22 -54 -89 6 -24 17 -1 1 90 -96 33 25 -80 -4 -14 13 36 -26 53 
-16 12 -47 15 83 -38 -59 51 -20 56 98 -10 -94 -12 55 -33 56 -49 14 -53 18 78 -39 -54 18 -55 -60 -1 -11 21 6 2 48 17 46 -83 51 -66 3 69 -44 -99 -48 44 -86 -55 45 28 -39 96 31 44 -99 64 98 -78 -22 -3 27 47 63 -30 -19 17 26 -4 -1 -36 11 38 -73 -73 22 49 99 67 -64 31 -73 27 18 -49 16 74 66 33 -4 -48 95 -4 61 87 -71 33 16 -18 -27 85 -99 -13 37 91 30 -39 61 87 -51 64 -13 98 -11 60 39 -16 1 47 41 -34 -53 59 79 -6 56 41 58 22 40 7 56 18 53 -85 49 -27 -20 10 68 -69 56 4 66 -13 2 -13 78 -75 -41 -58 -63 -95 -9 23 -54 36 42 -9 -94 79 -71 99 21 -77 -28 -32 8 86 -12 -64 17 -44 -78 82 83 5 13 95 -91 33 77 93 -94 20 45 -7 91 96 58 47 -30 9 -97 94 59 57 -17 1 -7 -28 13 -33 -4 71 -73 -73 -76 -12 84 -31 -59 97 90 3 -54 15 -25 7 -40 82 -42 -48 -70 -56 -3 -75 10 -59 26 93 -73 -42 90 -43 68 44 -4 -75 -76 -35 88 -46 -95 37 11 -67 -28 -81 54 -64 -93 92 -59 6 -93 -55 -9 -49 22 -44 -79 90 -90 -24 5 -75 81 -26 69 94 -5 31 45 93 -94 32 -70 -26 74 22 -24 80 -66 -43 84 77 71 -61 -56 29 92 16 96 65 -43 80 -50 -80 58 86 30 15 98 75 53 58 30 -8 -50 -85 56 82 -28 -97 20 99 12 -7 -28 -21 -7 -19 61 -39 -67 52 -71 -75 0 -50 -64 -59 -24 -34 -29 -84 88 -50 9 89 56 -28 35 -17 23 92 59 10 -39 11 70 -18 88 -80 -48 94 -50 -84 63 92 43 -12 -37 20 16 49 -70 34 9 30 85 -40 -89 -75 -27 -62 -75 37 56 -94 46 18 -61 -73 -7 -10 -37 -83 -47 85 -19 27 -87 36 -31 8 4 -66 5 -26 -49 -8 -49 98 -77 48 11 20 -52 88 63 -69 63 63 66 -77 -49 98 -58 54 20 14 -56 -30 52 -75 -40 48 76 -17 -59 -58 62 90 7 65 -22 -19 69 -94 -24 -44 44 94 85 90 -85 71 -52 -83 45 -68 -20 -9 -2 89 -14 49 -76 -53 -88 -10 56 -62 -29 10 -32 84 -23 54 48 -7 -24 -84 73 68 -66 74 64 7 51 6 79 37 71 -72 -37 84 52 -38 -42 -94 4 -23 -80 29 -84 62 -71 -27 33 -35 
-41 -54 -11 4 9 -12 -95 19 71 26 10 -35 93 -13 -52 36 -23 -82 68 -83 76 -76 58 61 12 73 84 -77 95 77 70 -27 -72 23 -62 20 17 -87 -88 88 -62 19 -87 14 -83 -75 -61 22 18 -55 -74 -6 -64 -5 57 -76 -9 -4 7 -34 53 75 -40 31 -75 13 24 -6 -22 -29 -55 12 -19 -59 -67 7 -40 -75 56 -44 -18 -80 2 37 -27 -88 -67 73 -38 -21 29 -12 34 -29 -82 -11 32 -99 -5 -17 86 14 73 -52 -40 73 54 -41 7 -8 -12 -66 -59 57 17 -82 -63 55 -40 -18 76 -60 -94 -44 -84 -99 -92 60 -21 66 78 73 -87 -37 -20 -53 16 -36 71 48 28 -8 -29 -49 11 -98 -31 -60 88 -56 28 84 -3 52 -58 -74 -46 -6 36 19 73 18 44 -83 8 -6 26 92 -64 -48 -71 14 34 -15 -82 29 27 62 70 31 -64 20 -28 -89 -35 26 50 -12 -82 -89 92 -62 4 -5 -54 55 -95 18 53 -35 17 43 -87 -41 -49 30 -42 -45 -70 72 -53 87 33 -8 -31 -46 4 -39 -40 58 -44 39 76 49 35 -36 -86 -66 -89 -62 45 -32 5 -96 -9 -50 16 48 29 8 42 -67 -33 30 45 -40 -51 3 47 21 -56 -50 -72 98 -67 15 13 -44 -43 -47 -85 -13 4 75 22 -4 -56 13 47 -47 84 -32 67 38 -85 10 83 23 -85 8 73 34 88 39 -58 69 20 -5 -36 62 31 -52 -81 -70 -60 83 39 44 96 -62 39 -9 -45 -93 18 -23 -16 77 -26 77 17 84 43 88 91 -2 81 60 -24 -91 -45 39 -93 -86 -30 -74 -58 -46 5 36 52 -54 -98 4 -49 -8 88 4 -83 38 -82 76 87 -27 94 5 -70 -8 79 -22 -16 41 39 -29 -38 7 27 -73 48 78 -86 22 30 -49 55 94 62 89 -81 -98 66 69 -35 -91 -99 -20 -55 -69 -72 19 46 -9 39 36 43 70 -10 -50 97 -49 41 10 -61 -20 58 -35 99 93 -44 28 -9 -20 0 36 11 -79 46 -93 24 7 23 -28 5 61 18 -95 -23 13 64 -43 96 11 -85 64 98 -48 -86 -40 15 33 49 -6 40 -53 -37 36 63 -76 -75 -17 -59 -91 26 -31 91 -50 7 16 93 71 3 8 -76 49 -56 52 -7 -25 -18 6 -40 2 -33 75 40 -28 10 -2 41 56 16 68 83 -96 -97 -36 20 -55 38 -29 25 45 -30 -23 -14 4 13 16 1 -50 -67 69 71 20 -51 -80 -52 -47 81 -57 
-22 -76 14 -81 19 -76 90 -64 86 -1 -40 65 -16 -1 9 -31 -58 -58 -44 -43 77 -29 -88 10 66 38 -18 -64 98 -14 -7 55 -48 56 88 -15 -37 94 -91 -40 27 58 -37 23 -37 -8 41 -18 23 59 83 43 92 -69 77 51 -91 -66 -3 32 -59 93 -95 -49 -47 47 -41 -53 38 72 -44 74 96 -66 -84 -66 65 78 -65 45 -88 13 54 1 -37 -83 -65 47 -61 47 69 -56 -35 29 -74 -62 19 87 -45 -85 17 -22 43 12 -72 28 -28 -88 40 42 38 82 1 61 -63 54 48 77 0 12 13 -17 23 35 -20 -57 -23 -43 -34 29 19 26 -15 57 60 72 -6 -53 91 -28 -50 -67 -23 -16 -6 50 79 57 22 93 3 -11 -37 -59 -39 32 -29 -89 -77 -24 -79 -78 -27 -17 70 19 43 -88 88 -49 50 -44 36 -11 58 61 -21 30 -21 92 71 -28 87 -12 -64 47 -70 -39 -34 7 42 -8 -75 7 -81 -84 -17 39 42 85 -22 -32 -31 -67 -13 51 -1 -3 -50 40 7 -62 28 50 6 -25 -78 -37 -10 70 -88 -31 94 98 -1 59 -32 -83 78 18 -18 44 -53 -81 -19 -63 -67 20 -70 30 84 -14 18 0 36 -5 60 83 94 -61 15 43 63 -5 -18 19 74 -84 -19 -91 -45 -13 70 2 52 -10 32 98 55 -74 -6 99 71 -98 76 -17 20 68 96 8 -64 -42 23 57 54 -55 -45 -97 -69 -61 96 -92 -70 38 -73 0 3 94 79 -92 -22 -6 15 36 45 15 -71 19 14 -4 -93 6 -91 -66 -87 -82 -33 77 73 -66 -74 24 -67 -37 -42 -70 -83 -24 17 -58 96 -46 -29 -21 92 -96 -80 -47 64 4 37 -35 -38 -38 -11 -28 60 61 -72 -21 80 -15 61 61 -80 -51 46 13 -49 32 -40 -28 -69 -15 84 -33 9 -7 -79 69 53 -73 13 91 12 58 -3 43 -78 84 -89 30 -4 99 -13 3 32 38 -21 -31 18 96 8 85 -21 49 -52 36 23 23 -79 48 78 -59 -15 87 -43 -27 0 -19 34 15 65 77 -14 76 -1 64 -74 31 -13 8 -77 63 -80 -87 -83 -46 35 -4 75 79 37 -98 0 95 -29 61 33 -53 -22 13 76 -89 -10 93 29 -53 -96 -78 2 26 9 -64 78 -80 -38 80 -36 2 1 52 -85 71 -98 40 -40 70 -30 -15 99 -19 -45 96 -56 -78 -4 -18 -18 38 21 -17 74 -51 37 20 46 15 -83 -56 86 63 -56 -61 -25 -57 55 66 43 38 
27 89 -44 -91 2 -80 -57 97 -30 -26 -17 -27 -15 49 -97 -46 -95 60 68 -2 77 -78 64 31 9 -81 30 62 89 48 82 -64 98 -61 80 56 -30 -36 -75 48 -82 -34 49 -65 71 -79 -9 93 89 -83 61 76 52 -39 23 31 -76 -15 70 29 -97 -84 -10 61 -78 24 99 -84 -44 42 86 79 -50 46 72 -60 -59 56 -10 -86 -80 -89 -42 -45 26 71 -99 85 -77 -74 97 73 -23 58 -44 -55 76 31 51 72 99 27 -93 -73 -38 -98 30 30 93 -86 32 -9 -34 95 -97 -99 29 58 -88 -89 90 59 -76 -80 38 1 -16 76 59 46 -80 74 -9 -9 7 -43 91 81 42 78 81 11 -9 64 -88 50 -81 -56 -59 -77 20 51 21 31 -88 54 -74 -8 87 -25 9 13 34 98 61 -68 91 93 -8 64 -26 53 97 -69 88 34 87 -45 41 77 -51 -70 -66 82 90 17 98 -73 56 10 31 57 -86 5 69 20 -74 -88 6 -37 -39 -77 -96 85 -83 -16 -39 98 -63 46 -13 -12 -42 5 39 76 52 57 3 16 94 98 -14 -99 4 -37 48 -58 -93 -79 -54 81 -59 -72 -76 0 26 -57 -79 -51 -54 94 -51 -6 -20 4 -61 -66 -94 -16 -44 30 83 95 -60 47 90 17 70 60 -22 14 -18 66 -79 9 3 56 -42 -89 27 -26 -17 -71 -66 -91 11 -23 -90 -19 -36 95 33 39 44 34 -42 -2 98 31 -18 5 -45 -94 -65 26 -62 97 -7 69 23 52 -48 -74 28 -22 -39 39 90 -92 -90 -87 51 -50 -9 -56 -21 76 -81 21 -3 63 -92 -34 -33 43 -32 33 -62 48 -47 -44 -19 60 46 51 41 -69 -71 -7 38 36 -88 -19 -30 -98 -68 -61 -65 49 -87 -57 66 -33 -79 28 56 -2 59 -8 47 48 -41 -11 99 94 7 26 92 6 -50 68 -16 70 31 71 -94 -96 -33 -19 70 -93 -23 -45 36 -8 -96 -91 44 10 64 33 -27 13 97 78 29 38 76 89 -34 -49 11 63 39 43 -3 27 19 -32 -41 -8 -7 -2 -42 -55 13 51 20 16 64 -90 51 -17 67 -13 -64 24 65 -94 44 -25 92 44 -82 69 -40 -15 18 -73 -81 37 -88 54 19 5 -80 26 83 52 -88 59 94 59 -97 98 -5 -55 51 -11 -52 -23 -89 47 -52 -44 17 8 16 -10 47 5 -8 -83 45 80 -87 0 2 78 -21 99 -33 -27 29 17 44 -68 63 54 -98 -31 -4 -76 88 32 52 22 70 96 
-12 -52 -13 -3 4 73 -11 -56 83 56 24 75 10 -40 53 -76 -61 3 -16 -69 31 82 24 -15 -88 -51 71 -49 -92 -26 -17 -85 37 -59 -52 64 -98 -95 -13 -50 -13 41 -47 87 -65 -71 -84 -95 -62 33 39 -93 -35 -76 -97 22 -97 -83 -36 54 61 7 -57 6 -96 -82 -12 65 -57 69 27 -36 57 82 -35 12 23 30 -86 6 58 -15 -59 31 46 -65 96 28 97 22 18 24 37 -25 80 7 38 88 46 22 -36 90 -89 -52 -91 -92 -16 -87 -78 -47 -48 14 41 -66 34 -93 36 -64 -84 -21 63 54 96 -30 74 -3 7 -81 7 -8 71 -83 -84 -50 -79 92 -65 -98 -52 13 60 -22 15 -55 8 16 -59 -35 73 8 80 15 83 -67 -58 29 -9 -79 -53 37 21 28 92 96 -74 29 -52 -46 -93 51 72 -34 -87 -79 -35 -24 -76 -35 96 -66 76 29 55 -95 19 -94 -90 -96 -17 -75 -65 89 -64 -4 86 -65 36 -29 99 -22 -25 -65 -16 -14 62 53 -56 -87 70 41 15 -31 75 75 -13 -23 -88 18 -99 57 25 -20 85 95 -79 -45 38 37 2 -54 92 47 71 -6 57 -14 77 -20 -27 59 -94 -29 25 -77 -52 80 99 -7 -18 -91 28 -84 8 55 -6 40 -76 26 82 -29 -46 56 -8 66 -94 -1 13 -26 35 -97 87 -53 -67 5 -2 -57 83 -88 30 76 -39 79 86 66 63 -19 0 3 -62 -6 97 63 6 -69 7 -91 -33 -14 49 -81 -74 15 -1 70 -96 62 -46 7 -17 95 -38 43 93 -36 -55 62 -94 52 -76 92 72 -91 42 8 48 -4 -39 5 -13 49 -90 -47 51 -90 34 -48 -53 -14 -77 -13 61 -44 -45 76 -60 -12 89 17 92 91 -4 -85 10 -56 21 58 86 -59 87 17 82 15 86 -28 -39 40 63 79 37 84 81 -14 45 -53 84 50 -33 -24 82 72 -35 -16 60 -98 17 73 83 31 35 -19 -32 -94 -54 -28 -50 32 48 56 36 -98 63 -7 21 3 41 49 -94 73 91 -54 35 68 -95 10 -25 -82 70 -3 -41 -93 57 65 62 54 -85 68 80 87 -44 -63 -82 93 25 14 75 -4 -66 42 -83 12 -57 -86 67 70 -57 47 8 -12 59 -54 55 25 94 2 -90 15 41 -82 6 -79 -98 -10 15 -36 -98 -26 61 90 53 32 96 97 61 -44 -18 44 21 -31 -24 35 -12 13 -73 -42 66 -70 60 -34 22 62 3 75 85 -12 51 -83 -15 97 69 37 
-89 -77 -98 -10 -34 13 57 -83 -5 -25 38 -58 -97 22 7 38 73 -18 14 -18 -65 -25 88 -7 83 -38 24 -86 -54 3 -58 18 -5 -55 70 46 24 -45 53 40 97 -2 -98 88 -35 56 8 30 -73 89 -55 -34 99 -14 97 -56 -80 -59 17 -47 -97 -90 61 -89 41 -6 20 -17 -86 44 76 67 10 -34 -46 16 47 -4 -78 -76 20 -22 -90 -16 85 27 6 27 -69 18 -81 55 16 94 95 -47 98 -39 -90 81 91 77 -90 78 -75 65 -75 -36 -64 52 -47 74 -78 -96 -89 -1 -27 24 -62 -96 99 12 -97 74 29 -35 52 15 -8 -69 -18 -81 -6 -23 -50 -16 -55 84 25 0 62 30 -16 -2 -18 -18 -40 -64 -46 31 -37 63 52 -58 18 92 -71 59 22 61 60 54 91 34 -28 -6 73 -12 -43 -65 12 -47 36 63 43 41 63 -73 -47 80 -64 -36 32 94 -4 17 61 -46 83 40 41 20 89 7 -98 -70 -47 45 35 58 88 -4 56 15 -18 17 -91 -21 -59 48 -73 -50 67 -63 -95 -54 -82 -85 -90 64 -95 -94 23 46 -88 64 -40 68 -23 41 3 60 50 -27 -62 9 -65 84 31 -51 -98 -16 0 88 -52 57 88 61 -17 -95 -18 -6 51 -21 94 -74 2 29 24 -57 -1 22 -42 -49 -3 99 -15 -16 -24 53 12 -83 77 -97 38 6 -47 97 -96 -83 -63 53 -86 -57 93 48 -70 7 -50 -33 63 12 83 88 -42 -14 -5 -57 4 -47 33 42 -69 -53 -85 98 50 38 -96 -42 -51 79 -33 88 17 68 -83 27 13 -1 -8 -62 61 24 10 8 -58 -15 26 61 -51 92 79 97 77 62 38 67 57 18 3 67 34 83 45 70 18 -35 -17 96 42 44 74 0 12 -37 -65 -61 61 60 -19 12 49 74 -1 -2 25 -80 -14 -38 96 75 95 51 -13 89 -14 -14 54 -18 -1 94 -5 -90 -76 73 -75 -98 -71 -27 13 87 65 79 17 64 -7 47 22 0 73 67 -53 99 11 -69 40 -43 -15 -49 10 -31 54 61 60 -73 46 5 -47 17 -93 60 40 40 62 12 43 -72 -97 -53 -68 18 -5 -4 68 79 85 -10 44 -96 80 -54 -19 71 17 -40 -25 -11 -5 -25 61 -92 -34 85 62 -15 4 19 62 -46 86 -72 95 -85 28 25 0 30 38 -25 -72 -87 -39 76 76 62 63 87 -49 86 -34 89 97 -62 -88 58 82 19 30 -25 -45 -66 77 82 66 -73 91 -41 94 64 
32 28 -37 -71 23 -19 18 76 -46 -65 17 38 4 -81 49 -98 -69 51 47 3 -3 13 85 83 -6 35 -53 -77 84 -1 48 -77 10 -47 -28 -74 -87 26 -62 -52 -40 -78 -53 92 -2 -40 56 89 57 66 -84 23 6 65 25 -84 60 1 -20 62 19 -59 -94 -24 -38 83 -15 41 -81 -90 -16 -65 64 -70 -75 59 15 43 2 17 35 -30 -7 65 3 -74 -40 39 84 -71 -41 7 -44 -21 -13 91 -78 83 47 -94 -88 -14 49 -3 96 -94 14 45 37 -9 -88 34 -12 -44 63 77 -20 49 21 -39 -15 95 87 43 63 33 -39 29 -31 -56 17 49 -59 78 36 52 -2 -77 -40 52 25 -44 29 49 20 14 57 33 -91 -44 -45 -55 -7 -27 49 88 24 21 43 -85 32 -79 29 29 -34 68 -4 49 -43 -82 53 45 -82 -46 8 -64 14 -70 -16 74 73 25 -84 24 -14 28 -61 -46 -31 -76 -8 35 -52 -4 -32 97 -72 -96 58 98 73 -42 60 85 32 -3 -87 -71 31 17 -68 -34 -62 -31 7 55 21 -7 0 -52 4 50 -85 40 68 82 -74 -63 80 -10 -33 74 94 -29 95 -6 -65 24 22 -42 46 55 -64 40 11 92 12 -6 1 -73 18 9 17 -95 60 76 57 -43 -55 60 -13 0 7 80 10 -53 -45 25 -98 40 95 -83 -55 -50 -24 -78 46 96 -77 90 5 18 -72 -95 9 56 -38 -85 23 56 11 -61 60 0 -52 -20 -73 7 -90 58 -79 -24 -97 63 -7 -62 43 -67 -20 81 79 -42 95 -15 73 29 24 67 93 -37 -9 -52 -10 79 89 -15 -32 68 60 -65 -88 -61 95 26 -41 12 -29 49 -55 -41 -76 72 -31 40 45 75 82 9 20 29 -52 52 -41 61 -40 12 46 79 -6 3 -60 -27 60 72 40 -18 59 -52 33 -87 31 -86 -29 92 -43 72 -59 64 -77 30 -64 -34 89 -23 -24 88 12 -35 76 5 95 -64 -59 -35 -2 28 80 -38 79 77 52 -50 -67 71 -7 27 86 24 -87 -8 47 44 -47 -39 34 97 0 -16 48 -4 -23 -56 91 47 18 78 -84 4 -10 82 -28 -90 10 -84 90 -60 -27 24 81 -41 4 -40 -17 -37 -33 93 -25 -2 39 -36 -82 59 -79 9 -55 84 -95 -51 13 27 -14 54 37 43 0 23 95 51 8 26 -56 -32 -28 -69 -62 -71 -13 39 -82 30 8 42 82 69 59 -25 -37 86 47 -63 39 -46 1 51 54 -23 98 17 -53 37 
-25 41 89 -28 -47 -2 1 -87 -68 71 13 -93 73 95 -51 -29 -8 79 -66 -78 70 65 -44 2 76 -23 -55 -29 90 -30 -74 24 -72 69 -55 55 -72 52 -61 -86 37 -10 93 -99 -23 58 5 -60 31 89 -7 90 45 22 67 21 -29 -70 -18 -85 -56 85 -75 -33 -99 -91 -48 -68 -10 42 -4 29 -21 59 0 -18 39 67 -52 43 65 -34 18 52 23 24 27 -45 17 70 48 59 68 -39 -85 -84 39 -46 94 -56 -52 -16 -35 49 17 70 -10 84 31 -83 23 -83 98 68 -97 98 -36 -51 98 -91 -68 -43 -30 19 -78 -75 81 19 4 59 -94 -71 51 85 -17 -70 -78 -55 -69 -96 98 0 88 19 -86 82 84 -53 80 -62 92 -47 71 75 57 -96 74 32 -46 -15 -99 -54 62 21 0 87 67 -14 41 -65 -31 -36 33 -96 12 -91 69 -40 -52 81 89 -5 -35 -16 -20 -26 30 52 -57 -63 75 -46 10 -8 -77 -83 4 -77 -21 -35 40 -46 0 -48 75 13 12 -94 -92 -22 -45 12 -39 -82 -48 -70 38 -2 -46 -98 -78 -46 1 92 -2 43 -80 8 -13 56 27 -92 -41 -90 61 51 -90 -27 47 26 81 80 47 12 -27 -31 34 79 -53 21 -26 -20 -15 59 32 -3 39 -62 -28 -83 -82 -51 -66 86 -49 -24 71 7 -68 25 93 47 22 -64 48 -82 -83 -60 71 86 -19 -87 48 -85 -48 93 14 -39 90 45 -62 93 77 -79 96 0 16 -82 -39 -6 -81 9 -64 -23 7 11 -10 -72 32 -49 5 -36 -70 -61 80 -37 89 27 9 -93 17 -70 91 19 -7 -42 62 -88 0 -32 73 15 -40 24 -92 -15 -38 -97 -81 69 67 50 52 90 30 -40 -13 74 -23 89 -47 -80 -67 18 52 -66 -94 40 -10 46 -6 16 30 38 56 -33 20 70 -80 -65 93 0 19 84 -22 -61 27 33 29 -34 35 -23 -69 -23 -3 -67 51 -24 -34 -56 -84 -76 -64 -47 68 -9 -12 -5 -37 -70 -34 28 -79 72 -3 26 92 76 50 79 81 -89 70 43 -94 24 -53 92 1 -18 -26 42 -42 29 8 -5 99 97 -85 64 -93 -49 92 33 -52 68 87 -19 -15 -98 3 -54 97 -49 65 44 55 32 -31 -21 23 79 38 -31 45 9 -94 23 51 79 -92 58 33 21 74 -5 73 -68 -43 -20 59 -89 39 12 44 86 -87 59 -34 70 -43 68 -79 93 -83 -45 -83 -64 38 45 -5 -48 20 55 71 -76 63 22 6 36 
53 -82 -72 -43 22 -16 -33 15 22 98 41 -34 -11 99 43 80 -55 -40 63 48 -76 -66 -49 27 -52 65 -39 4 59 84 0 51 67 87 -48 61 62 31 -12 -69 45 -29 26 -85 -81 -56 17 -10 37 -59 -83 -53 -68 23 -52 -86 33 91 -11 34 39 82 55 75 -63 41 37 4 -84 -14 -20 -11 83 11 79 4 -87 -5 15 69 22 -87 -76 61 71 -24 97 -18 -66 3 53 86 27 -22 -81 37 -22 -5 -30 -4 49 10 -41 -25 13 -49 41 -48 53 49 -42 -72 36 -40 7 -84 -63 -81 -79 97 -51 -72 66 -9 -40 -69 82 -41 -45 -39 81 76 -87 60 84 36 25 50 -38 -95 64 -37 43 1 -64 -45 -93 -68 96 -27 18 89 -40 58 19 11 -49 92 -16 -40 75 79 -19 -18 -68 23 66 81 -43 33 -94 -28 -82 -14 -50 92 17 39 37 91 -99 -10 6 -51 26 -84 47 -96 -37 81 75 56 61 -45 25 -57 -87 48 92 -81 25 -48 -53 27 98 35 99 -36 23 -53 96 -57 79 -50 -90 -37 -14 16 32 -79 -64 -90 18 26 78 52 -16 20 -27 -55 92 48 -43 -78 -25 -96 -64 19 62 74 12 -58 57 -6 72 -39 36 48 57 -59 -63 13 -11 -83 87 -58 -60 -98 37 -97 78 54 -52 67 -6 53 24 -69 71 43 -47 -88 85 83 42 47 34 -71 35 16 -94 -69 67 91 -45 -90 -28 -27 37 25 -21 -23 -94 -19 15 69 87 52 9 -64 61 78 98 60 -74 28 50 4 98 -46 -95 42 38 24 -55 -37 44 20 39 -82 -57 77 -51 57 -90 -78 64 44 -94 88 -13 41 -93 -45 -93 -65 -8 93 -38 -72 -90 1 -79 -70 12 -79 34 -69 -85 43 68 71 5 -91 98 54 59 5 13 -56 -39 -5 97 -69 -15 98 -3 -26 58 -7 67 -25 -40 94 41 -22 93 50 80 -5 1 38 -81 90 87 -38 -7 -91 36 88 54 14 73 63 -41 -82 -9 -67 -66 -14 -57 36 3 68 -14 55 31 -84 65 -28 -93 -84 -80 -8 -5 -6 33 80 9 -13 -34 25 -69 -66 -82 -15 1 79 -4 10 27 -64 45 63 88 24 -28 37 -59 -99 18 40 82 18 64 -46 -87 -35 -5 99 70 21 22 -4 62 -59 -59 -21 66 52 -83 -56 68 87 8 41 50 20 11 51 28 54 -40 71 58 -11 -57 37 36 13 40 52 44 -26 89 47 82 -30 -96 -74 -57 -92 -83 11 60 66 -11 67 98 66 
47 41 99 58 5 12 94 10 -25 16 8 -22 -51 34 -53 -35 -34 -48 35 -15 15 -95 -35 6 4 19 17 -5 -78 -32 -79 0 -1 11 -26 -41 -79 -62 65 92 -41 61 -51 64 -56 -64 70 83 27 -54 -21 -19 -5 -79 80 7 -30 36 -99 23 -9 -99 -52 -44 34 29 13 31 -84 53 56 11 4 7 -74 -30 -33 -89 -78 41 30 -5 50 -87 76 -89 -85 -65 -88 -8 82 -70 87 -53 95 -40 31 -41 -4 -89 44 91 34 35 4 -53 85 89 -69 40 -46 -17 -23 -71 -66 31 69 72 -93 39 -88 14 18 -75 -47 -77 -47 8 -18 58 -23 63 8 50 -23 -69 93 -26 53 -88 1 5 29 81 -18 -32 -79 85 -34 -67 39 -66 27 -40 -30 -87 -28 -96 58 50 55 50 -42 -80 87 52 -58 -40 -80 42 66 -42 -15 -53 27 7 -63 -66 -76 50 -65 16 44 -5 -36 -54 16 94 -90 -37 -39 73 2 53 86 4 -57 87 65 13 46 -33 -89 -25 5 -1 35 -11 49 41 60 0 -6 -26 -3 27 73 -45 -86 33 -90 33 91 88 -48 45 55 -64 -55 5 28 9 -54 -38 -87 7 92 96 90 88 -29 -96 -4 -31 -63 -12 -80 -67 -49 96 -34 54 -37 -85 24 70 -55 2 -30 -34 -19 52 -72 -36 70 35 -48 -69 61 -33 -94 63 65 58 11 87 -61 36 -86 41 -28 -57 20 -87 -94 -2 13 24 -65 31 -50 -95 44 4 2 -76 -80 -77 -87 -22 -95 68 -57 -36 76 44 -4 48 84 26 -43 46 92 63 5 -8 16 73 58 50 -11 97 -9 -6 48 -35 39 95 37 25 30 84 58 -11 7 71 -72 -9 -78 42 -91 58 -21 69 47 89 59 38 -42 -8 39 10 -47 -33 -95 -28 -54 35 -30 -17 81 72 -48 -59 73 -25 52 97 -81 29 -30 20 -77 98 -84 -72 14 -86 -63 28 -30 -66 47 -4 50 -70 44 -63 -60 44 -58 49 21 -12 68 73 -55 74 -93 -19 65 81 69 96 82 -26 -15 68 -45 -40 69 33 5 -58 -15 62 86 8 47 85 -57 17 -91 59 4 27 -82 -33 -83 -7 83 -41 -38 -67 94 14 59 -25 18 -97 5 45 32 19 -8 55 38 25 -23 20 92 -92 47 42 -24 -65 92 38 -81 70 8 -31 37 94 -22 -99 66 -53 36 53 -10 -67 83 -81 85 51 -87 -90 -65 64 83 -20 -92 -75 -73 69 58 -37 -7 1 32 -72 20 -32 -96 81 -65 -38 84 -39 
-27 91 90 96 19 56 29 86 -80 -66 83 -11 -52 95 -36 -48 32 -21 84 60 -8 90 -32 -86 -2 -50 98 44 95 24 -73 21 12 -33 52 88 89 64 78 -19 84 89 38 36 -42 -28 14 36 -73 -86 -5 -30 88 77 -85 -37 -98 75 -86 0 38 -10 50 -78 -60 19 90 -98 -52 -53 -4 18 -80 64 98 -61 12 -56 -45 -83 20 -58 -58 1 -74 61 4 -92 67 29 -77 -68 -16 -41 -6 18 -77 -83 96 26 96 -35 -45 -22 54 10 -88 -7 -9 -59 30 -34 -97 -67 -42 23 -70 70 -81 75 -52 -38 -23 -84 -65 -42 -94 28 37 58 42 -21 -54 -20 6 2 -39 74 67 57 18 89 -39 -84 6 82 -45 2 33 -68 15 24 -97 18 10 -9 5 11 81 -33 9 -28 -20 -93 91 -17 -51 -70 25 -1 -97 86 -69 44 15 -71 -53 -18 -76 64 21 -70 -1 6 75 71 96 -40 88 6 94 -57 -59 -86 -28 52 -96 -43 -6 -40 78 -9 37 -70 78 57 76 -5 -83 20 67 -31 53 17 -79 -97 -13 -7 -7 -77 -9 89 -66 96 49 -64 28 21 -1 18 -34 58 -68 -83 98 0 57 -27 -32 3 -46 -19 -67 -97 3 70 42 -43 -62 48 69 -63 97 73 -3 63 -71 86 -30 -85 -25 75 98 80 -25 42 60 72 -91 36 -68 2 -56 -24 18 80 -9 99 -92 -22 -60 34 40 94 -93 99 -36 -94 -46 77 99 -4 74 -98 -90 -82 -24 92 45 19 -15 16 -50 3 17 -86 28 80 -18 -91 69 2 -14 71 -36 -88 27 -98 58 -16 11 15 61 25 -81 0 -9 19 83 -76 52 4 22 -50 -45 -18 16 -33 -50 44 54 -37 96 25 -87 16 -84 6 -18 81 -82 88 99 1 -17 57 41 1 83 -3 -41 53 94 25 -70 65 88 9 -37 -31 -85 -59 -3 -75 -32 -55 4 51 46 20 7 98 -75 -29 -70 -66 71 43 -45 -69 7 -38 -91 62 -70 -25 0 -77 -91 -83 58 15 -63 -97 -19 52 -57 16 -9 -47 -13 92 49 76 -60 77 -71 -25 -59 30 87 79 -8 -81 83 60 61 -28 37 77 47 -34 18 -68 -96 91 -46 67 -42 -10 46 98 -18 -6 -31 69 -27 19 -36 80 -44 94 -92 65 17 99 17 85 74 35 -42 11 87 -83 -67 -61 -80 98 -22 -46 -35 52 -74 -78 86 -11 72 58 -90 -98 -48 2 -39 74 3 36 72 36 84 -26 30 10 -77 7 -45 -44 10 54 -32 10 
-42 21 -6 -55 -36 57 -29 -30 -24 22 50 59 -79 -44 -57 37 -66 69 -40 87 -23 -44 71 37 74 73 55 -35 33 91 -24 8 50 46 -47 -25 70 -66 48 -72 -52 0 -26 -11 -54 -47 -31 81 -23 37 28 38 -36 -10 -49 -45 0 81 -59 -10 32 -9 -49 38 -16 65 -38 78 -60 41 79 80 28 -37 69 -47 80 -69 54 65 54 74 -29 -89 91 -33 -31 96 -1 32 40 -26 83 -42 -22 73 -62 -21 24 21 -25 66 -29 10 -92 9 76 -94 22 28 24 11 -1 -19 30 -52 56 -30 38 -41 18 -11 -2 16 -89 60 24 -82 2 -49 17 -3 94 26 -91 -6 -79 -33 9 98 -16 42 50 -96 25 14 -77 93 -71 80 17 -68 47 -55 -62 -12 -53 92 67 69 46 69 34 -37 -73 64 -45 -62 -83 -8 30 80 89 -33 50 23 -8 32 48 -15 96 -26 43 38 -10 21 -8 -18 72 48 -35 58 53 24 47 38 79 -10 55 -23 52 39 46 26 -24 -8 -45 12 3 19 84 -43 -76 -76 66 -73 -70 68 -89 -76 15 -86 53 -92 49 30 37 38 74 -61 99 -57 70 57 -20 -57 58 37 39 -58 -55 90 54 -95 87 -70 -17 11 63 0 -16 32 12 -58 80 3 -24 -31 4 74 13 -23 -11 -36 -45 -11 95 -68 65 17 -8 -18 -55 -45 60 21 -88 57 -34 66 -36 -73 52 -41 15 -90 76 93 19 46 -46 -47 -93 -33 39 -5 2 -90 -61 -76 39 41 -19 60 46 -13 -48 -5 97 99 71 95 -80 -49 -32 -86 87 60 79 26 10 -67 -90 -90 13 -99 -24 89 23 22 67 11 65 18 -13 72 71 21 -78 -57 -6 -88 32 -1 63 -24 61 73 7 30 77 72 93 29 -29 -56 -94 28 5 -71 9 -8 -80 -82 9 -83 68 72 87 -45 -23 12 -71 77 60 -91 -27 96 -58 -93 61 -78 69 71 -6 65 -16 -50 66 68 -53 -45 -75 79 -57 -71 -18 -99 31 77 73 82 71 -89 -60 -21 -19 45 74 73 -35 48 -14 97 65 -46 80 97 8 -17 26 66 -35 -25 -79 -57 0 -43 10 -1 92 -64 -12 -41 -98 -90 -86 -75 32 0 38 61 33 -41 93 48 24 14 -98 48 -85 65 -43 -5 -30 91 -77 34 98 14 29 33 16 -12 -94 70 47 -22 -83 -46 -3 -12 -20 11 -7 -70 -56 -69 49 44 -81 -34 -79 -23 -50 92 84 37 -96 -64 -8 5 20 -43 44 75 7 -36 -37 -23 
-75 -98 -63 -12 -71 67 -95 82 75 25 -79 -3 -94 -37 55 -4 3 57 -23 -96 81 92 -85 -2 -53 -81 -33 -3 -8 50 -81 67 94 -68 -5 76 26 -90 39 -35 7 80 34 -12 80 81 94 28 -35 -16 -70 15 53 -54 -23 23 16 61 -83 -15 -66 -64 -3 -97 -39 -62 -9 90 -7 74 84 -43 -31 -29 -2 28 43 -41 27 78 -9 31 -31 56 -68 -69 36 -58 15 59 -26 -36 21 88 -41 33 -93 -59 91 30 -5 -38 -65 -1 -95 35 97 -40 -94 95 -14 -23 21 -47 -65 -57 2 12 31 42 -25 -85 99 89 21 40 42 39 -41 -41 10 -76 45 -96 36 62 -66 -60 99 52 89 -81 50 -14 -94 97 12 18 4 86 -90 -23 -25 -41 -3 80 -51 -83 -32 64 57 -59 4 32 67 25 -25 13 93 14 -19 69 -67 -78 -87 -72 -62 10 -1 -78 -85 -23 -32 26 -60 -80 -82 16 -72 42 69 -55 -14 28 -55 -93 -34 -86 86 14 -2 -83 -2 9 -50 -76 -55 -78 -3 -34 39 55 -37 35 -21 33 -94 -14 -75 -60 64 0 20 -51 -21 -39 48 0 23 21 -13 -79 -96 36 23 92 35 75 -3 -16 1 -33 -44 -81 87 11 -1 4 86 12 29 56 42 -93 -20 -94 -22 6 -56 -10 -97 -73 -33 88 -81 21 -62 -91 -70 -12 65 92 -81 80 50 37 73 -16 91 -26 15 45 -82 67 -75 -63 -15 -58 41 94 8 -82 45 -58 1 34 -7 -13 35 72 85 -61 25 -80 -38 -98 37 -98 19 -42 3 -60 -72 62 -40 -31 -46 -1 -52 10 71 86 -41 -11 -63 -32 -61 -98 -8 -25 23 94 2 -70 -35 34 55 20 44 96 66 5 25 -72 -19 37 0 55 84 -6 -2 30 80 37 -2 -96 -87 -90 45 -66 90 88 89 -83 23 27 53 -95 38 23 76 -96 72 -11 60 62 38 -60 -33 -85 -15 -47 8 81 -2 -68 71 -76 17 61 -70 -66 -89 -38 32 -25 6 28 -1 -44 59 95 -45 -99 6 39 26 93 79 -67 -70 30 35 -31 -2 5 -3 83 -64 8 -59 -18 82 -66 54 -42 -5 2 -80 56 -68 -89 -18 -54 42 -39 14 79 -84 69 62 46 -25 -16 -74 65 66 -60 96 2 97 10 89 95 70 62 34 35 71 26 -19 33 -12 -75 -18 84 -19 -81 89 93 71 66 -11 -32 -2 -82 63 60 -11 52 26 60 -61 14 -22 -49 74 12 12 -51 -39 -29 -17 8 50 43 79 13 -36 39 
72 67 -19 57 -24 52 -25 -63 -35 -98 -43 -60 99 92 -78 -1 -98 -38 22 -97 57 -85 -18 -77 99 27 83 81 74 31 57 -50 -85 -23 -57 -23 -15 -21 95 -24 -7 66 40 27 70 -4 -78 40 3 -63 -15 -50 23 -53 -73 -2 -49 -67 62 8 14 35 11 -93 14 -71 -64 -11 -44 27 27 -68 91 27 53 37 -56 -2 25 -24 2 16 -85 67 6 54 71 -58 1 26 -25 29 -10 -85 -17 -72 -53 -39 -49 -46 -55 2 -84 64 47 53 -42 -81 98 -81 1 -62 65 -67 -92 -72 15 -93 35 -73 -37 -58 21 42 6 -42 -52 -70 -64 -30 -74 28 -19 -92 54 -70 29 -57 58 -80 -37 44 26 23 72 18 8 -97 -26 -95 -16 91 -8 43 82 41 -87 -87 23 54 -84 -14 -58 -71 -55 7 14 -90 48 20 10 -84 77 -77 27 -43 13 -4 5 58 -84 -87 -39 0 25 -46 -18 -82 72 57 9 9 67 97 -38 4 -40 -38 -19 20 32 10 -57 76 27 -38 7 92 -74 55 -99 23 -12 -79 91 -85 -22 94 -41 -10 94 1 46 -3 85 60 92 -36 -4 29 -49 37 19 32 2 71 -90 -97 50 80 -41 -19 -92 -12 -16 51 44 60 11 83 64 6 -33 -53 92 -85 42 20 -76 -52 -64 60 -67 -35 25 -1 10 -71 4 78 50 67 -90 -46 -14 -26 8 -45 -30 21 64 64 92 77 -78 26 -16 89 -77 -77 -15 -10 -91 -95 16 38 -19 20 70 -91 -35 19 52 28 18 14 -91 30 79 -57 94 -51 -74 45 55 -54 -27 -31 -33 11 -44 -24 -43 88 86 73 34 55 -3 -62 97 98 95 53 -92 33 38 -64 60 -31 -5 58 -73 -47 -41 -35 -95 -22 44 99 -97 -67 -45 -18 -70 -64 -42 71 35 -92 25 51 -46 82 9 -32 17 -84 -95 -49 -28 -35 -70 -60 -81 -91 -91 -44 75 -26 -91 3 -69 67 41 -60 74 55 54 -65 77 -83 -64 60 -89 6 -97 -51 -7 -61 -72 25 -13 21 -25 -47 4 51 -34 14 -52 -38 -84 63 3 -6 -18 43 -27 -67 -45 30 99 -31 -93 -11 -13 -21 80 -24 60 61 -1 48 59 38 62 61 -74 -18 99 63 -20 -2 60 60 17 -82 60 18 -46 13 -49 -17 -14 -90 32 63 17 7 95 92 57 3 -76 45 93 11 -92 90 43 -73 -8 -41 -90 -32 -13 -35 -49 8 -65 49 -41 -24 -89 85 -99 -51 -84 -33 -90 56 79 -62 99 49 16 31 -66 31 
-63 -6 57 -55 -96 16 88 53 47 17 58 62 -87 -80 -58 -74 84 21 19 58 8 -18 -77 57 -58 79 50 44 -91 21 42 85 -45 -76 18 -78 75 -52 -55 0 42 48 78 41 -55 72 2 63 -32 71 -4 39 -61 50 58 34 -27 81 -16 -3 5 -44 -44 56 79 91 54 40 -6 -4 -12 -19 -47 -46 23 2 95 82 -82 -46 -99 49 99 -11 52 -21 -3 -89 43 37 -79 77 -38 -25 -38 56 74 39 -29 -22 -9 -69 72 -2 69 89 -80 -38 74 52 -54 -76 69 93 -56 -32 2 -96 -31 -97 65 35 -37 20 -55 -54 22 93 84 38 57 -24 -23 -80 -68 83 -70 -55 75 -96 -28 81 25 -4 40 7 -45 62 -45 88 79 -77 1 26 -46 55 99 -2 -17 71 29 23 -56 -95 42 -10 -19 32 50 -65 75 -30 56 -3 -29 21 26 -13 -96 -76 -7 59 -20 -20 57 26 19 39 16 -9 -37 -11 11 -78 75 -4 -8 -33 -90 67 62 71 -17 -65 -91 23 -55 81 -50 28 -26 -99 -27 -60 4 -20 85 42 97 -6 2 -86 -35 10 44 61 43 44 -62 -60 23 -91 -93 28 -56 67 -45 46 54 85 -18 -13 -36 -97 -66 -84 95 57 -83 16 -62 36 2 82 -62 58 -13 94 49 75 -90 55 -93 37 37 9 -21 -2 -65 -51 21 -93 5 -84 83 0 -39 -32 11 -93 96 80 -98 -88 82 79 39 86 13 6 -89 7 -84 -71 20 31 21 -52 -8 -12 33 74 43 47 -53 -70 85 -38 -84 5 -15 -11 80 98 33 63 82 11 -23 12 73 -24 54 -11 72 -33 -90 30 72 -29 -38 -74 81 30 -67 -97 48 73 6 -15 -25 -64 2 -9 -96 -67 -82 93 89 -15 -65 46 30 -22 55 66 80 40 60 72 47 -63 -48 -2 23 -45 -84 -99 63 53 -41 94 27 60 54 30 -84 36 22 -30 -95 -33 43 -35 61 -15 32 47 17 15 -26 86 -81 -33 -34 -48 -86 -22 27 31 57 -29 2 13 -61 76 82 -81 -24 -71 -41 -45 -28 54 -88 -29 -12 30 -15 -98 7 21 96 -97 -97 -91 90 32 -11 -39 -82 -88 75 -7 8 -41 89 12 -28 -33 -9 56 87 73 49 72 97 96 12 76 -10 -41 85 -83 20 -90 -5 -59 90 -87 -71 95 -18 -10 -57 11 -72 -87 39 22 -45 -20 46 -4 -89 47 75 -22 -99 -62 -85 15 -59 -82 -66 88 -51 61 -28 -94 -57 -40 -72 -99 -39 -57 -6 -16 -74 -51 
-6 -73 -57 57 74 53 14 -40 31 -13 -31 52 -80 1 4 -99 80 53 -33 6 -79 39 36 -94 -43 24 9 -57 13 62 -91 40 -64 -61 58 -4 52 62 -10 -78 15 46 -37 -38 34 -14 -36 59 33 -10 -28 -46 41 -93 -94 -87 37 -87 25 57 -38 -70 2 -78 95 69 -96 21 3 -12 49 77 32 32 21 -52 43 -20 -52 46 10 7 71 79 -87 71 -32 -99 -36 -61 55 50 -19 62 70 -43 82 -9 -38 55 60 -10 11 63 5 16 95 56 43 -73 29 3 78 9 -81 -16 28 90 48 91 -84 -61 88 -16 -11 -66 -5 72 17 -95 -8 48 75 -44 44 -54 -34 -1 15 94 -89 97 29 -94 80 27 -16 -32 -8 50 -81 -68 47 78 -68 -54 20 13 3 88 67 76 36 46 -58 -95 -74 -46 -6 44 91 34 34 93 -21 -43 -91 25 -55 90 52 -99 -33 98 94 -14 64 54 19 98 63 -10 -85 99 -54 -74 -70 -16 -85 -52 -54 77 46 74 -85 -91 -10 -11 -36 -38 28 43 -92 -80 57 -35 -96 85 -16 -76 -23 -16 31 -8 16 95 -14 56 -38 2 -51 12 -6 21 -51 -24 99 -63 -13 -3 -37 55 70 11 32 -85 64 -66 36 -72 -70 -69 63 59 33 70 10 -82 34 -93 1 -33 -22 1 -45 59 12 -68 49 32 39 4 -1 -8 55 -56 -53 23 80 -31 -35 63 24 -52 27 -22 13 -38 -84 12 48 -92 -9 -55 97 -76 -44 -95 -71 28 1 -89 94 -2 -53 -18 -85 85 84 -23 72 -2 73 38 -68 11 -3 -13 60 -96 -72 91 -70 -83 -11 -67 82 89 -94 -67 71 -86 -26 86 -18 -72 58 -98 54 42 59 -94 23 -89 -6 -77 65 49 13 64 -58 24 89 60 -73 88 31 -75 -78 36 -42 -16 -40 3 -35 -65 76 37 -33 -46 32 -82 -3 -66 57 92 -63 -77 -84 89 97 -82 -30 17 -44 21 -99 74 -69 -90 13 -68 -20 90 -10 68 -50 92 -37 -65 -50 5 13 -91 -67 -86 51 24 23 35 -14 55 47 47 -60 69 -7 3 -75 87 16 -61 36 -30 82 83 38 -19 17 -72 -25 -77 -70 -81 -22 -88 -48 27 20 17 90 56 60 -35 41 -47 -78 -65 50 -97 85 -97 -73 -8 84 -89 91 55 -72 -26 -31 69 56 -65 -56 18 -83 -18 51 -11 -69 11 84 -24 65 65 -29 -5 66 58 83 8 -53 58 82 -87 59 -59 9 26 93 -90 52 -57 -36 64 -59 91 37 7 
70 38 26 -26 -68 -21 10 99 39 -70 4 50 -99 4 21 56 79 7 80 11 87 16 -85 -55 26 36 68 36 -85 -11 87 -98 98 77 28 -96 -60 -17 48 -91 -38 -89 -87 -50 -50 -28 97 90 97 -91 8 99 88 37 -14 0 30 99 -48 -62 38 88 98 9 -63 8 -59 28 59 32 79 91 -98 19 -22 23 -4 -76 -88 56 24 -84 -83 82 84 32 -21 93 -85 -54 -57 -50 67 99 -88 -30 95 -75 -89 4 -45 99 -51 13 -69 -68 4 35 -86 -71 13 -60 -69 -11 29 -68 -68 6 46 2 43 -16 46 -48 -3 -8 -84 -78 68 -17 32 -16 -64 -45 -21 -65 -29 54 1 -21 -41 -9 28 91 -70 -52 45 -22 -71 26 17 0 -39 85 19 50 74 65 -22 27 -8 72 11 13 -40 30 43 -55 -14 -75 -70 75 -34 41 -3 91 -84 12 9 -80 88 89 3 -74 -12 49 -43 -84 -11 -50 -24 83 -81 -59 -34 -94 93 87 22 -39 -76 -59 -37 -91 79 -59 -27 83 30 63 46 13 -66 -12 -75 -22 92 7 39 -20 9 69 4 45 75 67 95 32 -13 83 12 65 -93 95 83 -39 93 77 22 -96 -10 -91 28 15 -29 -89 50 -14 21 15 -77 -95 -81 45 99 32 71 -74 -58 -4 63 38 -14 -33 -94 -20 90 6 47 -29 85 87 -39 89 37 -27 82 -90 -71 8 35 -3 12 48 77 -41 -20 60 94 -80 63 27 -67 33 0 71 -64 -20 -76 -14 88 1 -77 -70 -46 6 -29 -98 -70 -38 -15 -70 -95 -65 -13 -4 26 25 41 -92 45 -17 93 -79 -23 -54 -15 -51 -8 9 -60 -69 16 79 35 24 91 54 2 -25 87 -20 -6 -64 -17 -59 10 30 -48 51 91 46 70 42 81 33 95 -15 20 61 48 45 -94 -92 -60 -88 -62 -9 9 96 -13 -3 43 65 70 -30 -68 59 -9 64 19 39 86 -87 -39 -44 21 15 97 -48 -70 -97 -7 -4 70 8 -55 65 25 82 55 -79 56 -65 63 -77 14 -59 -71 60 -22 36 -28 -74 -72 40 -47 -22 50 17 -94 -86 -49 62 89 -36 -43 -47 -99 -26 37 -89 24 44 91 -15 -6 45 -33 53 -5 43 -26 -81 -66 37 -9 -79 -67 23 55 14 -44 63 -66 92 -15 -88 39 -38 -79 -5 -6 51 -44 48 -16 -94 58 -5 19 5 67 -94 -77 -91 9 -34 6 -53 96 71 68 79 -6 -74 71 39 -97 69 1 -51 96 86 -73 -24 2 42 -97 17 
61 -74 70 -75 -10 6 -20 34 78 33 42 -63 -50 -38 -68 49 16 -46 -26 -19 46 -8 72 -12 34 66 78 51 28 -68 99 -63 -80 -79 -96 -28 -9 97 50 21 71 21 49 -61 -17 -66 36 55 59 -70 -6 23 -69 99 -37 52 49 82 40 74 10 18 36 -88 -71 61 -23 -66 8 -67 49 -44 26 -91 -8 97 -4 -49 49 57 -56 30 -35 33 52 7 60 76 -93 77 15 70 -28 -68 -12 80 29 90 31 24 93 -11 -95 85 96 -61 -22 -13 -99 -23 52 -21 -68 -36 -2 -25 84 -76 99 -43 15 -73 84 -38 50 34 42 16 -58 12 16 91 -56 77 90 89 14 81 62 75 -11 -98 -60 -29 69 99 17 -24 80 -75 -39 87 -38 95 -57 97 -41 11 -35 52 33 94 -37 -59 35 0 92 76 24 35 45 63 -1 78 18 -50 -23 -64 94 -74 72 11 4 88 -18 -83 -38 -74 -9 16 69 18 -17 1 48 11 24 -42 10 -85 -50 96 -59 -57 -85 57 -61 -74 57 -32 44 75 7 -84 -66 13 22 -82 -3 -78 22 -3 -53 -29 -20 -10 61 -31 -56 82 88 -31 60 91 39 72 31 -83 -34 -63 -43 19 96 39 74 -35 0 -60 74 -47 -22 -77 35 94 68 66 64 -15 4 -25 74 30 -15 36 6 -94 -87 -29 24 63 44 -14 -95 -90 90 -73 43 16 -65 -88 -22 -57 -17 -69 -70 -83 -17 21 -15 34 -43 -45 11 -77 -31 6 -54 90 79 53 -52 -32 -71 -27 38 -77 -51 77 -2 -12 13 68 14 66 34 -93 50 -70 -78 -21 -63 -14 -55 -72 -9 11 55 -1 -46 56 -65 96 -96 96 56 -44 9 66 -64 60 -68 -4 -10 44 -17 -31 -30 45 -14 -2 -9 -82 -39 83 8 76 31 74 7 31 -49 -53 20 -24 -97 44 72 26 -83 83 -3 -61 86 83 34 -32 57 89 -30 -34 38 48 -87 -26 78 96 -1 -51 -2 20 -70 79 -32 -35 -42 -73 70 70 -26 -32 36 44 -42 72 -50 23 -8 67 61 62 96 -13 23 -63 86 47 89 61 -19 -16 65 -45 11 19 -50 -23 -18 13 -87 25 31 -69 24 79 -78 -82 -14 53 -12 63 60 -13 88 -11 1 -20 -75 1 -29 -60 97 -14 56 45 -18 85 20 -22 5 -68 44 -39 65 23 -84 49 -62 -40 -93 -64 95 -24 35 89 -35 79 -55 92 -14 -7 84 25 -97 -12 38 53 -77 12 14 28 -47 71 62 -80 -94 -80 -74 -53 67 -21 
-62 33 -1 49 -54 -8 92 -69 73 -82 40 -55 96 -60 -99 -80 -7 71 -78 -39 82 -20 -37 -82 76 -54 -5 55 -21 24 -15 -80 -52 -97 -5 27 -6 -86 47 -24 -81 94 -61 72 -7 99 3 70 12 -79 82 54 84 83 -80 52 -27 6 -74 28 -82 61 -21 86 52 -38 -74 82 -99 -64 -45 -54 -9 -76 9 88 2 -81 -62 -39 -97 18 -78 45 -72 52 -81 21 18 -63 30 -1 -42 -27 14 14 81 92 -19 82 -38 -65 15 64 47 -31 -5 69 -68 -60 -23 76 -86 -89 -99 51 -34 -8 2 -3 60 30 -73 90 31 -69 3 68 -92 -27 26 -11 -81 -82 44 55 -45 -74 -84 -15 -97 -98 -62 59 -56 72 92 -49 62 75 -41 -18 -10 45 39 -78 -85 -95 -64 -92 -15 9 -56 -2 92 18 69 2 31 -54 -62 35 -53 4 -15 -14 1 -25 -83 -84 -69 -65 -12 75 77 1 74 73 31 -6 18 -44 13 4 25 -70 -15 -32 -68 82 -31 -83 -91 -17 76 -88 96 92 -57 20 6 18 -7 0 -95 -62 -92 48 18 24 -18 -41 -69 63 -65 22 42 -31 9 95 16 40 -93 -15 -49 87 -48 17 -7 45 3 68 72 88 52 -39 65 59 -91 -2 2 -54 82 -41 -30 45 11 -9 47 -5 -42 54 54 -86 98 -40 -63 34 74 40 75 -59 61 47 39 -10 -42 -27 -24 26 -42 58 -97 -27 90 11 -91 10 9 34 35 -15 68 98 -75 37 -24 48 -51 76 -70 33 27 -30 -21 -58 -23 79 -63 -15 -46 54 40 -33 9 72 80 -2 3 -34 -53 -63 16 12 26 -59 -16 -94 81 50 84 -43 43 42 72 85 -73 6 32 76 -70 77 -73 -13 -8 -13 24 37 -95 -1 -16 12 83 14 13 -25 -40 -40 66 -87 6 29 49 -81 -8 -88 -82 -62 55 83 -96 -3 -76 -76 40 98 90 48 -70 -44 -74 20 -69 -51 -5 44 59 5 -21 -6 89 79 51 -20 33 33 -69 10 80 5 29 -49 28 19 -51 -71 -87 91 -5 -57 -16 82 21 -68 67 66 35 -67 1 62 -28 11 -87 56 -33 23 -97 67 -77 -25 92 -4 92 -89 -72 17 -49 -41 -87 96 10 57 62 -35 48 64 98 88 2 -18 31 2 -60 -23 9 -77 12 78 -64 -51 82 -33 95 -19 -1 -1 -1 27 -13 9 19 -56 86 39 48 -88 -94 -52 -60 -98 -59 25 24 -92 -72 51 -1 54 26 -75 -42 38 35 80 47 -8 18 -22 56 -18 
-40 71 91 87 85 3 40 63 10 38 -81 84 76 21 -6 -40 95 57 -87 -9 -37 6 72 54 -18 -63 -85 -42 -4 6 -78 -24 83 0 -66 81 50 53 82 56 89 -78 -89 48 11 61 -94 36 49 -54 63 97 -48 28 -3 -51 42 -47 78 -96 -41 -28 33 67 -46 44 31 -24 1 96 -37 22 -87 -85 3 -34 61 97 -64 -94 38 -1 -28 -94 -94 25 60 -34 -24 75 -1 -49 -88 -43 -96 75 11 50 11 -21 5 96 86 53 34 -5 94 -96 -11 10 71 39 -39 -40 -90 -94 -19 94 5 -17 -73 -20 15 46 -26 -24 -69 -83 -59 59 51 -67 -90 17 -68 73 -16 2 31 -39 -65 -54 -18 -67 23 -32 90 87 45 63 -16 36 79 -60 11 38 -92 37 53 -65 10 -25 4 -94 4 80 -6 -32 73 39 69 -3 84 -90 13 -89 82 -41 -59 68 80 -48 30 59 -65 -45 18 -1 -75 -54 91 -95 -73 -34 72 62 94 -25 45 51 57 -60 81 -32 -61 -29 -8 -3 -93 -70 37 27 -20 47 -76 15 38 89 -54 -99 -56 -33 78 95 -16 -9 -66 0 -36 -84 71 -65 4 -70 81 -8 41 -72 -44 -90 40 -58 96 -28 -48 -38 -76 28 -18 67 50 9 -64 33 -75 73 51 -56 82 72 42 48 69 -8 94 34 32 83 -15 -26 89 61 76 49 51 77 -19 -27 -35 -80 -64 12 66 -47 -19 -67 -47 -99 41 45 -45 0 4 -20 -82 -44 23 7 -92 84 3 -33 -76 -38 -79 39 -21 7 97 84 0 -60 49 -93 -58 -78 69 -10 -98 67 -82 -88 -65 65 -28 48 -28 -7 62 61 30 69 -18 25 66 82 -10 -41 -30 60 48 33 57 -32 -16 -1 -98 72 43 -13 53 -40 -45 -46 86 -87 -89 -15 -67 97 -4 -57 -70 71 47 -2 -59 58 13 52 -7 93 87 16 44 -21 -17 64 -81 -15 -81 -29 -99 -73 68 48 83 80 -33 -14 -16 24 56 -73 86 23 -26 61 -20 86 -31 -43 29 64 -16 24 82 -89 -67 74 -87 -59 94 -83 -48 -53 94 65 83 7 66 -25 -15 93 53 13 -9 17 49 -10 32 -7 75 44 7 21 20 -18 -95 -71 32 -4 79 -21 -55 61 61 -38 -25 -62 -16 89 47 72 7 -81 -91 70 81 42 5 -48 -44 -33 3 76 0 44 -76 -60 57 -36 -72 -72 -37 -96 25 40 26 -59 35 61 -34 89 -8 -72 -62 78 -8 23 72 50 -46 -87 89 25 -70 15 27 44 
-66 12 31 -92 -22 93 51 15 6 -52 58 81 44 28 -46 -3 -37 52 73 45 -16 -1 92 88 51 32 -82 80 82 15 -80 89 3 -25 -1 -52 -82 49 -85 -91 -3 -56 -85 81 82 91 21 97 4 21 59 -13 11 -84 83 -98 36 68 71 -54 -68 -37 -10 16 -4 0 -58 99 -67 -53 -68 8 -37 49 -99 62 79 -98 -17 -25 2 70 -49 -30 46 88 66 -7 23 -94 -8 56 -71 5 -40 86 89 -10 -77 77 -16 64 -37 34 -95 14 -71 44 9 -29 3 -29 -44 -33 -51 -47 -93 95 6 33 -25 93 68 15 -97 -47 99 -72 -26 -25 -49 22 79 79 80 -62 9 -81 -72 -54 23 8 -10 60 -86 5 -64 60 -8 -23 15 52 31 -25 -98 -81 -2 -55 -43 59 52 47 -20 -29 7 62 36 -38 -28 38 40 -92 -12 48 -67 -87 -35 9 72 -90 11 -30 83 -23 -21 91 -94 25 1 -82 -40 32 -28 29 42 58 -1 -52 60 -83 -62 -24 17 -92 79 -73 31 26 -82 65 -68 83 53 39 17 29 -15 -24 39 25 -53 67 14 26 92 -59 51 -20 0 -67 -69 -95 94 -66 92 12 -10 -62 30 -70 18 -75 31 -8 54 79 96 -6 60 96 8 -97 47 55 -27 -15 -44 -74 -1 -73 70 9 35 -74 -56 -92 -24 -10 55 41 24 -89 31 -2 -30 74 62 -85 -49 -46 61 -87 -71 4 96 -62 -30 12 13 64 22 -12 46 33 -25 -58 -35 21 59 34 57 56 -17 91 -35 26 90 67 -32 31 -45 82 92 81 -1 -27 66 -35 79 41 95 25 71 12 11 54 98 11 19 65 77 -31 88 1 91 -47 8 14 -50 1 -20 -88 -37 55 -96 -12 95 79 -28 -79 -7 36 81 13 42 78 25 -78 99 86 77 -45 -18 48 -40 -47 78 -62 -74 92 -17 -63 83 99 -27 -28 88 -53 39 27 -55 46 80 -11 93 89 -91 96 65 74 -52 -47 -42 2 -2 -45 -13 53 86 -11 -2 -76 -28 -37 -26 2 -68 -36 88 69 -2 77 93 -85 -77 54 -33 -19 -74 -63 -48 20 97 86 58 51 35 -68 -62 -92 70 -60 -48 -35 42 66 63 -42 -4 -8 -75 -71 -49 -8 41 -38 47 -50 -16 11 -40 99 -50 -8 11 -69 20 72 12 55 23 -85 63 -75 22 5 2 61 74 96 3 44 -72 94 26 91 -80 -47 -71 22 4 -36 24 -87 -93 87 -35 88 1 32 61 -40 32 4 -88 -97 -39 24 2 58 
-92 12 3 73 11 64 -39 -6 43 -86 -15 -87 68 20 75 -63 -87 -3 -83 -8 66 -39 -73 -20 68 33 -58 -1 96 69 73 -69 -22 31 -11 58 -70 66 39 -53 -29 0 -18 26 -72 89 20 -42 -96 12 -34 -30 65 17 34 75 -53 56 25 -35 72 47 -72 -20 12 -62 -29 -55 -44 -77 -41 91 40 97 -37 65 -18 10 -27 -7 -68 81 93 -85 23 21 18 37 -70 57 -23 -84 41 -5 85 71 -83 -85 -31 -30 6 -79 28 1 37 21 -81 23 -59 -49 63 21 91 86 27 13 13 -9 62 -46 -78 -52 -38 63 70 12 19 -35 -24 73 81 70 39 8 -96 10 56 -19 -15 -4 94 -57 -33 52 -75 -98 -94 14 17 -60 27 5 11 36 -45 -85 6 -8 -60 50 -79 54 -45 -57 64 -5 51 15 -25 -18 -89 -98 44 77 -30 -10 18 -67 13 -36 -65 -59 -14 4 -3 26 11 5 7 -38 -57 14 -5 -39 45 -20 68 -46 -47 -58 -20 -38 -77 -41 39 -22 -26 33 -62 -86 -86 -63 42 -66 94 -76 -77 19 63 33 11 -60 67 -30 87 24 25 72 84 -44 33 -53 -28 -84 60 14 40 -4 90 12 29 -25 -83 -97 60 -80 49 35 -55 41 60 -7 2 -57 31 -72 2 -60 -91 4 -77 65 -69 -52 99 -29 -21 77 -80 78 44 -81 84 42 13 -5 -42 92 -38 -97 -67 -14 90 -24 75 -18 -98 62 -83 -68 -74 56 -25 9 98 90 20 52 -59 51 63 35 40 -93 -59 -96 -64 -90 82 46 24 -77 -63 7 -5 -32 -93 -1 19 -25 -73 -49 -84 71 10 -23 -2 19 -28 9 91 5 -29 -62 95 -41 -52 77 -33 -31 91 34 37 -14 50 54 -44 49 82 -70 9 96 37 -52 68 56 -21 22 -94 70 -26 91 54 -33 -83 55 -96 89 99 9 -68 -70 -40 -92 86 -56 13 7 37 64 -28 -92 -94 -45 -33 1 -19 -21 9 60 43 14 -46 -58 -3 -3 92 -15 42 72 -93 9 3 39 37 45 63 79 13 6 -86 88 -81 -71 -43 39 80 -17 -1 37 -58 0 -87 -87 22 -68 -30 49 -66 -82 30 -87 -12 -84 -34 -88 -13 22 -56 40 14 -78 -60 24 -16 -85 90 -64 -79 97 -52 -9 61 16 -41 59 -66 98 34 42 56 45 1 -89 -57 28 18 -14 53 77 47 95 -39 -45 -50 68 -64 -79 -22 -75 11 -58 -69 -38 37 -55 -24 43 88 -61 61 54 -81 18 -98 -72 -48 -87 36 66 
-9 -89 -94 86 43 -99 -9 50 59 -69 -28 -82 -80 46 64 36 46 15 -30 81 67 -53 -62 -5 28 16 22 56 39 -73 -26 -79 68 85 -4 76 32 84 54 93 -48 -80 -29 54 -73 66 8 -6 -88 -9 89 -45 94 -55 30 69 -62 -50 -64 83 -60 90 -64 76 -67 92 78 -40 9 -40 77 15 -80 -1 18 35 93 -78 -27 45 -95 93 -33 -61 -23 84 47 -89 -89 -9 23 27 -93 24 -99 25 -58 87 -79 61 35 -90 12 0 -15 -64 -96 -7 -75 -5 -89 -37 8 76 44 72 97 47 -85 49 -7 -92 -52 66 33 7 61 -47 36 -46 -29 -64 -50 46 -46 -9 81 98 28 -43 -27 -2 -12 -52 -85 21 -24 89 -46 -23 -33 -23 73 -68 -81 8 -5 -18 25 -55 67 37 92 96 40 -55 -55 -38 54 -85 74 45 37 -96 50 32 -98 70 30 22 -47 79 85 82 -45 -46 21 24 -87 19 74 -23 -69 13 -42 22 -95 -89 -93 -85 -70 -59 68 14 -42 81 87 -59 20 -34 -46 -72 19 -43 97 -84 -49 -69 25 -18 18 -12 -24 -73 -29 19 -78 22 54 41 38 16 -88 -1 50 43 93 31 -94 -35 37 42 -27 29 -16 -60 -21 -9 88 15 -93 -23 -9 83 -94 29 -24 -75 14 31 46 99 89 -8 50 -96 72 76 -22 -87 52 87 31 98 -7 45 -4 -45 -20 -17 -23 18 -74 67 -43 32 51 17 47 55 15 -52 83 45 82 0 42 -66 -2 87 58 84 89 -9 58 -5 -69 -79 -21 60 99 -70 -67 -47 86 -59 -48 23 81 54 -68 73 48 35 -52 -37 -10 93 -38 30 -27 78 -37 99 -75 -16 -44 55 -82 -99 39 -95 -51 32 54 87 5 -19 -73 41 -55 64 -44 -35 48 49 -66 72 62 -46 -70 -3 18 79 30 -28 -53 7 -59 -68 28 55 -72 -61 -48 -80 20 27 -89 -66 74 63 0 0 25 46 -33 -88 -85 -17 -38 26 48 99 -97 18 46 -19 19 -40 7 5 18 86 40 -62 -57 -81 -47 -32 45 -92 39 69 19 46 90 98 29 37 77 -28 32 -84 -5 -66 74 53 -93 -66 -44 -24 -70 -12 -77 -75 19 8 -28 -82 20 34 -71 -93 41 93 54 -53 -50 -37 -55 69 -13 -91 26 -73 30 89 -5 -33 23 31 -19 -53 -73 -81 -12 62 19 -80 98 -35 38 84 95 30 11 40 -30 10 -22 77 99 -48 54 -7 -87 -77 55 88 68 -91 -81 75 64 62 66 -33 -60 89 
-24 -98 -69 -58 1 35 24 76 -69 -62 -25 -27 -68 76 -41 51 -64 86 70 66 89 -22 -84 -11 93 57 56 -59 -73 31 50 -45 1 -85 -46 24 14 67 -61 67 89 -54 92 69 77 -12 67 -97 -64 -17 91 -53 -4 5 -33 80 -37 -29 17 28 -70 5 70 40 -12 -18 65 17 98 90 -54 60 26 -47 -43 -39 -2 38 -84 -66 3 68 47 -82 -52 9 -1 20 -14 67 -45 70 -52 -87 97 -45 8 -11 -88 -47 50 10 92 3 -77 -25 16 -62 -16 -18 6 -66 -3 -8 -44 27 -32 -38 -64 -63 71 -4 91 37 -37 -94 -27 4 -88 83 -52 -37 47 -5 43 76 74 28 -4 -12 43 35 -11 56 -41 1 -21 -47 -77 28 -88 -74 34 1 58 -67 -64 -68 87 55 61 8 43 72 -21 9 6 -45 90 53 -30 -72 90 12 -8 18 -91 2 92 -66 -75 36 -58 44 74 -11 -98 53 8 3 -27 72 1 -97 -53 2 -18 -56 67 -58 90 -11 22 -64 25 -79 88 31 43 99 83 -24 -67 11 -81 -23 33 -69 -55 59 99 59 -89 48 -15 36 -48 -29 37 22 -71 -93 -92 36 49 19 -76 33 99 1 -57 -6 -45 -93 83 40 -51 37 69 -75 -74 39 43 35 60 6 -85 7 33 23 38 63 34 8 20 58 28 -50 -92 15 -11 -1 30 47 -16 -9 95 -61 20 -29 -17 64 -7 -88 -16 -69 -74 -72 68 7 42 -31 -7 -53 -89 -26 -45 -19 82 -73 11 -3 -64 -75 40 17 65 -82 63 -82 -72 -50 -44 42 42 -42 -88 5 -40 94 39 94 -88 -87 -48 82 93 -41 -53 60 79 -22 47 36 64 -30 90 -74 -32 -62 -69 53 82 -90 80 9 47 87 -3 48 91 84 67 -81 -81 -77 14 9 -65 -55 79 12 99 28 11 55 -23 95 7 53 75 -64 16 -53 -25 -50 -37 -17 -69 -27 56 -86 -3 -33 99 -70 86 95 57 -71 -5 78 -50 17 -97 99 -61 -95 -44 86 64 16 -80 88 22 66 39 -71 -78 -93 22 -18 17 -84 98 -88 -64 -31 -16 -46 -62 -94 -82 0 -69 -14 -6 -28 -15 95 -37 25 -84 -48 -25 -65 -40 6 -9 -62 -78 53 2 -20 -12 33 30 -85 -48 78 -73 -77 -43 63 88 49 44 21 93 -6 10 -61 38 23 -8 -66 -4 -88 22 -43 89 93 -27 28 28 -6 -79 36 -95 2 99 25 -91 -82 -69 61 -91 -8 -45 26 64 4 -74 -62 36 88 -29 94 16 19 
-20 -95 9 13 -3 -39 4 11 82 30 -83 28 49 -26 70 84 -15 15 56 24 43 28 -17 -58 86 -7 21 -76 -22 -37 82 83 50 -32 34 -60 -36 -18 46 -15 52 -87 69 -53 46 84 31 0 94 39 -42 38 0 -77 70 -28 28 -66 -61 -5 47 -70 52 93 28 56 62 78 -46 -53 81 28 51 -24 48 3 50 46 -45 -64 -56 -23 49 86 -37 -3 31 89 63 52 11 -4 61 50 66 4 90 12 -61 66 26 -24 -81 85 -47 -20 -51 -60 66 78 -46 -8 -68 67 48 -78 47 66 -90 54 84 -30 76 -14 15 -27 -60 -4 -76 -62 50 34 87 49 -88 -72 5 7 16 -4 -56 62 17 32 -98 11 17 -13 -50 -52 -99 -16 -35 36 -83 -82 82 77 -31 -52 61 -1 -64 75 90 81 27 -42 -32 74 -31 -94 -86 7 15 80 -55 40 95 26 11 -84 76 97 88 -68 -74 39 82 6 -3 99 17 -41 7 47 98 44 -24 -59 51 59 78 33 -81 -14 95 60 -6 -87 41 -56 19 -92 -13 38 -47 -1 -21 -37 80 61 11 53 16 -25 -41 34 89 -92 82 1 -26 34 22 -28 79 -65 19 -12 -33 -82 -48 5 -61 -74 -68 -51 -99 -26 28 62 -12 78 -54 41 61 0 -36 19 17 -96 85 -37 -97 2 26 75 30 -82 91 43 23 8 73 -26 -83 32 -46 -1 54 -9 39 -59 94 17 -54 -9 4 -17 -58 11 18 -6 -2 76 48 27 -69 -5 -81 -72 -98 -31 -98 62 64 -26 11 87 41 -78 -19 48 -76 97 71 -29 38 -7 -59 70 88 -83 -60 -63 51 24 -65 -95 52 79 3 22 45 -64 56 26 -71 27 58 -54 -72 -54 94 -64 -60 61 97 26 -72 -33 12 68 16 -62 75 -51 18 47 -1 23 54 -96 -12 -16 -65 -56 51 35 17 -17 75 57 -36 -70 56 -26 -44 -11 70 66 64 -73 74 48 13 -93 98 -20 87 -46 -9 -97 79 72 91 -3 58 25 29 27 24 -78 58 70 -26 26 -97 15 -79 67 -4 -30 44 50 26 75 49 -49 59 -23 -77 -22 -28 58 -49 -45 -23 -31 -79 -96 -84 -69 -74 -49 -19 27 -3 85 -14 -95 -2 -23 -7 -53 75 80 80 78 -28 91 -76 11 -62 -83 -83 0 33 80 19 75 35 0 77 72 -90 -58 63 31 85 -81 37 -49 25 32 94 -1 -85 -84 29 -17 42 -17 -99 20 -43 -69 -24 36 -89 9 -26 82 64 99 -68 -24 -25 61 
-26 -80 36 -31 98 -8 -9 39 -89 60 -72 24 -23 -27 -69 -94 -87 -65 -50 75 86 66 -27 61 -25 -44 80 16 3 -42 67 -28 89 -81 58 -29 -8 -71 92 35 33 60 27 33 74 33 58 -97 63 -48 -33 36 -44 -9 92 -10 2 -11 -96 -76 0 66 79 32 35 -75 42 93 -81 -76 -56 17 97 -10 -61 -67 -17 75 -77 47 -35 -8 68 -73 77 -95 -45 -24 -52 69 32 27 73 -56 -19 -37 -50 -43 22 63 -73 68 99 -51 -82 36 2 -58 13 6 33 -91 -55 -88 -70 -42 -79 95 -77 26 -49 -47 -25 -38 -44 95 90 -86 -52 -33 -21 -27 -91 -15 -3 20 -43 50 -34 -91 -82 -70 -19 85 -90 24 38 -33 0 -17 -94 48 -72 -16 -75 -77 24 91 -65 -68 -75 -98 -94 75 3 89 19 50 -12 76 -7 45 -36 -54 -34 -62 11 -91 -40 90 -54 -17 -43 -25 -90 41 82 -63 -31 -40 -11 90 24 -31 8 -80 -72 -70 93 24 96 24 60 58 -1 15 4 -78 45 4 6 -40 31 39 80 -95 -29 62 64 -9 -75 -5 -57 28 -37 -90 38 19 -20 -21 94 16 -50 -70 88 16 -20 -37 55 55 -10 14 -32 -99 44 -42 -45 96 34 -16 97 -97 73 -48 93 78 -88 -11 25 -19 -31 42 -92 -62 -77 92 11 -48 -22 9 93 -12 2 -95 50 68 82 74 -60 -94 65 71 -46 -15 -91 49 -43 5 -54 6 80 -90 -49 -12 -35 -78 41 76 41 59 43 -31 -30 -3 -51 36 -65 -18 91 -78 7 -18 13 49 -44 48 -29 -33 54 -69 -74 84 -74 4 26 10 -21 3 -25 -95 70 95 73 55 81 -12 12 -33 -83 55 -5 -40 7 -59 2 -25 98 62 -87 -18 -75 11 86 80 -37 92 75 -30 7 -24 -96 65 71 45 75 75 40 -38 -49 -17 -30 65 97 -21 71 -42 70 -99 -5 -38 -36 -34 51 96 46 44 72 -33 26 -14 -81 63 -76 42 -39 -6 -95 99 68 19 39 -35 -50 84 -53 98 9 -95 -97 -59 1 -90 -63 -12 -69 -1 0 -43 -53 -85 -84 -88 61 53 42 -19 68 48 59 60 1 19 60 -74 -79 80 -61 -34 -93 83 28 70 19 98 86 -22 -63 -39 -77 -7 26 -82 95 -76 -67 94 -23 -45 68 17 89 85 86 51 47 6 95 -81 48 -42 1 90 23 -68 -35 82 -82 62 -9 -15 -99 -9 28 -77 29 -67 -96 31 -38 -97 -17 -62 -17 -33 -16 -98 75 73 99 -41 
-39 -17 5 84 41 91 99 -87 42 28 93 39 1 -79 83 -97 94 -91 29 -61 74 24 46 -60 46 24 34 -81 -66 -4 -98 -77 9 10 43 -78 19 -85 29 2 -11 -69 56 -79 2 -57 3 -70 -21 -49 -27 -15 37 -19 38 -15 29 41 57 -55 59 -34 18 -38 -95 -64 -78 19 -64 27 -94 -7 64 14 -29 -15 62 17 73 -31 -49 -42 82 38 20 31 17 -69 -73 -72 15 -13 -3 -91 -22 -9 6 -11 -8 -41 -52 53 95 90 88 56 74 -44 -80 99 66 15 57 21 46 57 39 -37 53 -70 -17 -7 85 80 -56 -56 -12 20 -18 58 18 81 63 11 -25 -5 -76 -38 18 47 89 74 -41 95 -76 95 35 -98 88 -41 33 -36 84 7 -74 -42 68 -80 -63 -45 82 32 40 -39 -2 -17 -63 -97 -51 34 -70 -91 -66 20 13 60 23 63 31 -9 -59 -68 50 -90 30 1 3 45 59 -53 56 -69 -65 -77 -17 -4 -83 43 46 -28 -80 -32 85 78 -5 81 -98 -4 7 4 95 39 -49 -11 -51 -57 -65 72 -66 -67 45 67 -8 -22 -52 75 -21 86 -41 -1 -78 59 39 56 39 -71 58 61 -93 11 38 -6 -31 60 49 35 -84 63 -44 -23 -56 -28 71 49 1 23 -24 29 -24 23 48 -81 -12 -20 22 -10 -44 -5 93 -38 -71 50 -72 -28 70 93 -52 38 17 -94 33 69 72 78 -41 -8 -45 23 48 54 -67 -38 86 67 21 -84 28 -80 84 -97 42 -87 -57 81 -5 69 33 9 -63 90 -64 -5 79 98 -29 -72 -90 57 68 -39 -21 -51 21 -46 -49 39 71 8 -1 -74 80 -86 98 -27 -62 -95 -55 -49 -31 -28 84 19 -39 -43 61 9 40 28 38 -65 -29 -14 25 -27 26 -53 -97 22 72 -39 -81 84 -51 -21 98 64 49 16 -11 7 -66 45 -92 -88 65 -90 -15 -58 87 -18 -94 45 35 -60 23 50 77 -85 46 -64 -32 -90 85 1 39 -48 -8 38 23 74 -14 27 65 -14 -99 49 32 69 -93 -32 4 -48 50 -63 -15 30 -78 33 -82 -68 -68 -40 47 16 -22 78 49 -23 42 9 88 97 -23 -73 -22 46 69 -20 -9 -53 -9 20 25 66 -10 20 16 24 50 38 35 97 -44 73 -53 7 51 -87 84 28 -44 16 -51 70 -88 -46 -32 -91 68 -89 85 81 -14 92 -2 81 -42 -30 10 -14 -17 -27 -2 77 95 -85 -18 -30 -59 -36 -65 44 87 34 56 -63 55 82 74 -46 
-6 -22 1 43 -49 -89 -17 49 95 -77 56 -56 6 -54 -80 -37 -96 -15 79 -45 63 85 -68 59 -96 29 75 -60 -84 -49 84 -15 -72 -16 -26 97 -79 -7 -12 51 58 9 -8 18 -81 -73 -73 -58 49 -18 47 43 -57 -1 -44 68 -84 98 15 81 49 -7 63 -90 55 -77 -84 5 47 -10 29 65 17 -41 67 -38 31 78 -44 34 -88 1 -96 76 23 17 32 30 81 67 -34 -4 -9 37 22 -10 -50 -14 -47 22 59 -52 72 30 51 95 10 21 -29 -36 26 19 -16 -3 13 -74 -13 -18 62 65 7 25 94 12 -14 -23 -14 -11 91 -39 -45 -97 0 38 -38 -18 21 4 -39 7 5 -62 -33 -94 3 55 -45 90 -99 66 98 -9 -60 55 -18 20 63 99 -75 -35 10 31 -58 94 88 -99 -47 51 -34 0 -58 -41 -82 87 89 -66 -46 -76 51 -30 -59 -27 -63 -81 -90 -28 88 8 -40 21 86 -63 76 -91 -59 75 60 99 48 65 -95 -70 -16 11 3 -39 46 36 -1 13 -28 54 -70 -70 -82 58 -9 -83 20 57 61 -44 64 -46 -88 -98 -5 -48 93 -3 -71 15 -99 -34 1 -5 68 34 -25 -88 82 -71 -2 -1 -61 31 -4 -19 37 28 61 -51 -3 -20 69 26 47 -18 91 -5 80 82 87 51 64 12 -85 -96 35 -17 19 19 -9 71 91 88 -53 99 -62 18 -50 -92 -91 -45 43 28 51 64 -4 -86 -34 -33 -41 46 98 -44 85 32 -68 -40 67 -59 -61 46 25 -92 24 -31 50 -46 56 -65 -61 18 6 -85 -76 -96 45 69 -21 60 95 65 -20 35 80 5 -34 -11 66 80 45 -92 -92 -88 -66 97 -17 -19 -13 -61 -57 53 -3 85 -57 -40 71 68 -40 73 67 48 42 -89 -95 -5 30 -26 -47 -93 14 -51 25 -57 -92 95 -93 95 -33 98 10 -66 -67 -3 94 -35 53 -14 -33 -20 -80 -61 -90 95 -25 91 75 0 92 -69 72 3 -51 72 44 -96 71 39 49 22 -14 -12 84 8 -20 81 47 -25 85 50 -62 28 -4 22 66 -46 77 -45 -53 53 89 -28 65 94 -74 58 50 -24 -60 -48 -86 -76 -69 -55 86 98 -22 53 -15 93 -68 41 88 -4 4 -88 -55 -32 14 13 20 22 -76 92 50 -73 76 74 -92 74 68 -69 -38 -22 37 29 -59 2 -98 86 15 -36 97 -58 36 -72 -29 88 65 -53 -6 5 39 -33 -25 -18 -11 -28 79 -14 -12 -22 -42 41 -30 24 19 63 
82 -22 72 53 91 26 -97 30 -20 68 70 64 -8 93 -97 33 65 12 -27 26 94 34 27 -47 -20 -76 56 42 -40 30 5 29 -7 -52 23 -13 14 45 10 -54 -40 54 -43 -20 -63 9 -90 -35 66 -54 55 -94 88 -89 -44 29 -52 82 22 -11 -1 27 -64 -60 -67 97 -99 16 95 54 -36 -37 2 53 -38 5 22 -45 60 -42 -5 -51 -92 -1 -62 64 -85 -98 70 86 -73 -98 66 -23 -37 39 74 -59 -71 -34 92 76 -82 44 -96 -40 -37 6 19 -12 79 6 -19 -66 95 -88 -74 84 -35 -50 39 -39 -11 89 -12 -99 -81 -68 37 -79 -55 -42 77 -66 -91 -80 -85 1 52 77 9 31 40 -73 63 76 -5 78 -88 26 48 51 -10 65 -94 98 36 84 -87 50 20 -58 -67 8 -34 -88 -84 -51 -73 -69 -2 76 -79 -65 -42 34 -68 -55 -4 97 0 69 -81 44 -94 83 -15 -33 61 75 -63 -74 66 -92 -45 -37 52 89 66 49 12 -34 -17 88 -7 -58 63 74 54 -28 99 -2 -55 59 -57 -68 -51 96 -51 29 -39 85 -74 -83 67 -20 -47 -36 78 10 33 39 88 53 -65 31 -21 95 -2 -45 74 -79 -12 -99 9 36 98 11 59 -82 -67 48 75 51 -38 77 89 52 -52 48 99 78 33 30 -13 67 -71 -17 -56 -34 -49 -57 85 81 23 -41 -29 37 43 74 89 18 16 -50 -6 42 6 93 -84 80 -28 83 14 94 32 -36 -82 79 -17 -17 66 -80 -11 5 91 74 40 87 -16 27 48 78 7 1 25 -43 -49 -9 31 -57 -27 -50 -61 32 -97 -10 5 76 0 24 64 -98 36 -13 -10 2 77 48 29 95 -15 -99 -71 -59 23 -2 65 -79 93 24 91 34 68 73 -27 85 -46 22 8 -99 71 96 17 39 56 57 -19 24 70 82 -14 24 21 81 -86 76 -5 69 53 -79 -54 62 -84 -58 53 -5 -54 -2 7 -85 -23 -67 78 89 98 54 -24 19 -66 -9 -53 50 -79 75 53 -10 43 61 93 -61 -80 67 -53 27 -82 62 -41 52 73 86 10 -82 -10 -36 79 -10 -22 41 22 88 98 -83 -40 23 -77 79 -47 40 39 -31 66 58 8 98 -85 96 51 29 -2 48 -81 96 -39 77 -56 14 -19 -17 5 -16 68 -54 4 46 12 66 -38 -35 -28 44 -33 -34 -24 -56 72 -84 45 -16 -44 -34 90 46 55 71 -34 37 74 -66 68 -86 74 33 -31 -69 -7 -80 48 41 18 87 
9 -56 -94 51 63 -28 15 -18 -19 -7 10 -39 9 -28 71 80 45 -99 -98 -66 69 91 26 32 -46 47 87 -92 -7 73 19 32 -59 -60 79 -81 15 -83 -52 57 10 26 76 -68 32 -52 -32 23 67 37 22 -77 96 19 -86 -10 -31 30 53 73 18 81 -94 -52 -45 32 58 -44 -36 12 -68 64 -67 -18 94 91 22 -41 -44 -35 9 75 -87 37 36 -67 69 8 71 8 70 -87 74 -83 -39 -55 22 14 25 -84 87 92 -29 86 64 87 84 -50 84 -80 -6 60 95 42 63 -88 25 -73 37 -46 29 38 64 82 23 -45 -49 96 22 12 -25 44 -56 49 -50 37 -38 -36 10 43 -27 5 -78 34 65 -41 -93 -60 42 94 43 54 -74 -25 -92 -65 -92 -93 -15 37 -52 10 -17 -47 -63 41 98 61 97 31 49 7 83 56 -14 -32 33 -91 25 -53 -19 56 -78 -32 87 -65 16 50 -52 72 53 -34 -27 -75 2 -54 -19 -48 -7 60 55 37 -74 37 -71 -94 -16 -93 94 40 12 -14 46 96 -78 -19 -43 96 -47 -24 11 87 -41 43 48 0 -67 -40 -27 -68 -43 40 -1 57 -25 -40 63 51 -9 60 -8 94 -61 -59 -42 27 -27 8 -48 -31 27 -49 77 -87 47 -9 -27 10 19 26 -14 57 -78 27 69 -33 13 95 91 -80 94 0 45 77 91 -10 10 -10 -53 62 71 56 27 43 -29 -95 14 96 -11 58 52 -64 6 2 -31 82 -76 98 0 61 -73 -66 -7 57 21 -77 32 8 81 -8 -1 49 93 57 86 86 -37 -48 98 6 -80 -91 37 46 -67 -32 58 28 62 -82 43 38 -70 -90 -66 -4 -1 -39 5 -35 26 96 93 -92 -91 1 83 74 -95 -64 18 64 99 -76 55 -58 -87 20 93 -18 30 -48 60 -98 41 62 -92 76 36 50 66 61 -53 35 9 68 -80 -19 -21 -36 90 69 40 44 -22 -73 2 -96 -65 -47 -5 -43 87 -77 51 -44 46 3 -80 48 36 -85 -49 58 -78 1 -64 -73 -26 15 76 7 64 92 38 -51 -21 -62 51 41 -29 -44 -43 -3 5 16 93 68 -90 69 -80 33 15 2 6 13 13 -86 -56 -92 -99 -12 27 86 12 -57 -95 74 43 -27 -74 94 35 -52 -10 39 -66 13 10 -65 -24 -72 -64 -92 37 -39 -10 14 -9 -44 -18 62 41 -88 93 -19 -98 -47 73 15 24 -25 22 31 56 -22 49 -14 5 24 36 15 34 -22 11 -86 8 34 10 -88 
7 -90 78 74 -88 -5 84 -38 78 50 -7 -4 16 -48 -46 49 74 -43 -31 99 60 -44 87 -69 -14 -54 -68 -11 16 -75 51 -84 -74 82 7 55 80 41 87 0 68 92 -76 67 32 41 78 -91 -21 -75 61 8 53 -92 27 65 -18 86 31 -98 -71 3 -23 68 -10 -21 87 79 24 -83 4 92 42 2 4 -89 -6 -27 -33 -2 99 49 -79 -34 -13 -86 -75 32 79 50 56 45 56 29 -2 41 -46 32 -14 -82 -66 83 -53 -64 17 25 -13 -30 68 10 1 -63 82 -37 -47 57 39 -67 1 73 -78 19 30 47 90 -34 1 65 86 -61 -87 98 -22 -65 41 -82 55 10 -96 51 71 -57 -25 37 19 -39 -27 -5 -95 -13 -44 -7 -8 -30 -7 -40 36 -34 -42 70 35 -9 -40 -78 39 -77 -41 -7 -1 -72 -68 -74 -4 -43 32 44 45 65 79 -75 -14 30 97 94 -44 8 58 1 9 -86 -87 80 -41 10 95 41 -22 32 -84 76 69 18 -6 -79 82 -33 -75 -4 76 94 48 81 -65 -58 19 -30 -76 -33 24 16 -29 89 60 83 64 -54 -30 -55 -97 -26 75 44 65 44 -43 0 81 85 86 95 75 65 -65 3 47 65 -12 49 -81 -56 -35 81 63 -30 -61 -38 0 78 -23 -51 -35 -9 14 71 -97 -29 -95 85 57 -46 95 -27 49 -79 72 -16 -66 -57 85 51 -56 33 -99 -33 -58 92 -33 -39 -68 82 -76 63 31 -81 -14 -39 -63 -46 -4 -71 -79 -60 9 87 50 66 75 17 -85 -94 6 -73 -86 57 66 72 37 -8 -24 89 -63 31 32 64 77 -75 57 -57 -27 80 4 45 26 -57 98 62 -21 40 37 -7 25 20 -9 -77 -11 98 -94 94 -37 -2 8 -83 -64 -78 -2 85 -71 39 -89 14 -5 -33 -84 -21 -88 -75 -21 83 -86 -27 61 95 10 -52 25 48 41 -27 78 24 -23 -29 52 -25 29 -47 1 -37 55 84 -32 62 -33 -42 59 -31 21 -24 -53 -38 -88 -75 66 -63 63 9 40 -58 -75 90 -78 83 -18 -37 44 -39 98 48 32 22 36 83 2 -58 -38 -6 -19 17 51 48 -92 -55 76 86 49 94 -43 -9 -85 69 -62 -77 -81 54 62 -39 -3 -67 69 -3 27 87 36 -82 -69 -66 36 -53 -31 -43 6 91 -82 -97 23 -23 -48 -93 -27 6 5 -5 88 -63 31 84 -53 -56 72 43 -18 -84 -65 -54 -6 67 -51 83 88 14 59 -87 -62 50 -25 70 14 -23 -69 74 
-24 33 -54 -22 -97 -68 36 -53 76 88 -26 -57 -13 -83 50 14 28 6 0 -4 -68 -8 -34 -90 12 -2 91 -87 23 -68 18 61 74 -23 -13 38 81 99 -14 -84 4 31 -46 -90 14 -90 80 -64 -28 6 -95 43 -42 71 17 -69 -96 5 26 -77 4 -53 63 27 91 -59 55 28 40 -38 -52 20 65 9 76 -15 -93 -68 -54 -15 -97 66 96 21 -61 -94 17 -6 2 -65 81 -44 22 59 -76 94 26 -45 91 94 -27 37 67 -7 -30 -17 -49 -94 20 -50 -88 -2 -55 49 89 92 90 -56 -79 74 11 51 40 -35 -77 32 71 79 -74 -87 -19 -56 51 -26 -31 -75 10 47 67 -94 89 -6 -10 42 -66 79 75 46 9 -36 23 45 10 -57 97 -4 -69 95 59 31 16 37 88 49 95 80 91 68 57 -44 -7 46 28 23 69 77 -49 11 58 36 -62 9 -31 75 -8 -69 -71 60 48 -63 -84 -43 -99 -53 -7 -22 -29 -69 17 43 93 60 -24 18 -5 57 54 -38 -74 -39 56 -22 29 -87 81 -36 -70 -4 86 62 -75 -89 16 96 99 56 -50 59 -13 -43 -57 27 14 39 9 -56 -70 -85 60 49 -37 -92 31 14 -49 44 29 3 -23 -82 71 71 56 30 -48 -82 40 -91 28 -81 -98 -75 -58 28 27 -96 31 -30 17 7 82 -13 -49 92 -41 -81 -50 30 94 -16 -3 -65 -72 -14 -18 -93 54 -16 0 -89 44 78 49 -7 -97 17 54 -9 61 77 -46 78 -73 -12 88 86 93 -38 -18 95 35 57 31 -49 46 -3 -43 80 5 21 33 -2 25 -45 -55 -15 59 62 -72 -97 -4 6 -51 -69 -51 92 -48 -76 38 -24 -11 -74 26 72 -95 -68 99 61 78 87 96 -81 40 33 -57 -70 81 -16 -11 58 -6 35 -55 -72 -7 33 -22 37 -35 -35 -64 21 -49 72 -15 -93 -48 38 34 98 26 58 -99 -6 35 11 -81 75 -65 5 18 64 -24 47 -36 -91 -15 -20 -72 -12 -3 -31 -52 53 98 -54 44 -2 19 28 80 53 58 -78 -65 60 -57 -78 -50 99 -45 -75 84 34 -88 -72 55 -90 -60 32 -79 72 98 -43 -89 -6 -26 87 -53 82 -64 -12 -55 39 10 0 -71 94 -64 -51 48 68 -26 -52 -62 -49 84 -6 99 -12 -82 41 -39 -17 95 11 8 -10 32 34 48 -74 39 -2 82 -7 32 12 -40 -32 -36 75 -30 77 -64 75 -61 -39 -43 -40 -11 99 23 60 63 -96 -5 11 37 -47 
37 -15 -15 -78 -18 4 25 16 -16 8 -84 48 24 -56 18 54 31 -27 -2 -93 -31 67 29 -40 -59 68 -77 -82 -15 32 7 -43 6 68 5 92 -72 14 -81 41 -25 96 -35 0 92 -74 39 19 -38 -34 -98 -9 9 87 -60 -86 2 -94 47 5 28 11 5 36 -6 8 -99 24 20 -37 -79 93 -42 -82 85 -18 -76 58 96 23 8 42 50 -84 10 -10 51 70 48 78 88 37 5 13 64 -8 40 -73 80 65 -17 -16 -65 29 -68 -90 -60 -17 -15 -94 -71 -55 -34 55 55 74 84 70 -94 32 -97 -46 -86 53 37 36 99 49 27 70 27 -9 -84 -63 77 67 8 34 63 87 -77 27 89 -39 7 49 10 93 -11 86 -74 32 32 93 0 -16 -38 70 -98 67 -48 20 40 -57 -98 14 -57 53 -54 -79 9 76 95 -20 76 -57 84 5 -49 28 -71 -71 14 -67 19 57 37 -76 -72 -29 8 -69 56 81 30 88 -1 1 72 66 13 -75 73 -42 -89 48 66 -9 -70 91 62 -39 85 14 -50 25 -45 -1 63 64 -4 -14 37 21 94 92 -81 -39 -84 -54 87 10 -7 0 98 38 16 -86 -83 -31 52 77 5 70 24 88 60 30 -21 -64 -7 26 6 95 -47 17 -67 86 -90 -81 2 -39 20 -45 48 -40 7 -16 44 -80 31 -32 -57 -73 -78 -34 16 -38 18 30 75 81 22 57 -22 75 -72 -41 -49 -44 15 86 -77 19 -17 -69 -81 -50 -1 94 -65 72 23 44 4 -1 32 19 -82 39 -92 -62 8 -24 -43 -98 -23 -39 19 48 -91 -71 64 -51 54 90 98 -70 -9 -24 22 -40 12 41 55 14 -49 51 -95 28 27 -12 -40 27 -80 25 16 3 -85 -80 26 -15 76 22 -37 -46 20 74 -27 42 -35 -26 -97 70 -25 22 98 57 75 -34 -16 -44 -42 5 84 1 0 96 -99 29 -52 46 95 -38 36 54 -37 -87 21 -69 -46 54 -82 75 77 -55 37 76 -58 -84 -13 92 61 63 99 15 70 -72 16 -15 54 78 12 -32 52 4 85 35 -72 64 -94 -49 70 44 -24 8 66 60 -75 -72 -19 -37 2 38 75 34 25 -58 -14 -32 -85 -49 68 -53 24 36 68 -36 99 -27 2 -56 -33 21 -37 57 39 28 64 -70 -58 26 28 63 86 -55 42 -11 81 -98 44 -19 -43 -86 -54 -75 -56 2 -6 55 -1 -61 10 -17 77 24 20 -34 60 -12 81 -44 -26 21 39 -17 -81 -56 -76 5 
0 -58 74 -15 -86 -9 -99 66 44 12 92 -76 -48 -69 -16 -23 -45 -96 -27 3 -34 3 73 -25 -50 88 -81 -23 86 -31 28 -76 87 -96 -20 97 3 30 96 -13 47 71 -28 -24 35 78 -91 14 -35 66 -32 35 -70 51 8 48 -21 1 -87 4 -40 -55 78 83 -36 27 -54 64 -45 -61 -94 -3 50 -13 -78 48 44 -95 42 -53 -16 -83 96 -44 -27 -29 -3 5 -51 -72 16 46 -46 -72 6 -16 30 78 -96 59 80 87 -18 38 -70 25 40 71 -54 -69 57 -10 67 52 61 18 -39 -68 -32 -34 -72 33 36 -17 -6 35 22 -45 65 89 62 19 -66 -23 57 -53 11 46 42 8 -39 -60 -92 -14 -16 68 -87 -23 71 -33 -8 14 29 -56 -7 -75 -10 -19 21 -45 92 16 45 45 -16 37 -56 55 -3 -23 51 47 83 -25 -44 11 15 -44 -89 -56 -3 -32 -45 -68 12 82 -17 -58 24 -58 -94 37 50 17 86 -68 10 -39 -2 59 35 -63 74 75 88 -53 -19 -36 -46 99 -2 -70 -60 -39 -48 60 80 -65 51 68 30 90 -73 19 -13 -91 -33 36 -27 -31 -10 15 55 -90 -72 8 64 88 -95 -88 -94 15 -72 -26 81 -37 -40 -27 19 -19 54 34 -15 -6 -54 -53 1 -30 79 79 -57 10 35 9 -37 74 -26 55 78 -97 -71 -53 89 -51 0 78 -14 -78 99 69 -9 -34 63 65 -89 -50 36 95 30 77 97 77 -26 -35 -71 90 -23 5 55 -8 42 -50 -65 -7 -30 73 -73 74 -8 -83 -27 48 72 27 89 81 11 51 89 36 64 -30 -94 -56 -39 -24 -55 6 96 -60 27 19 -84 -12 17 -64 -9 25 31 20 20 20 60 -99 -82 -30 97 -30 -67 -78 -63 -32 68 -86 0 83 -19 -19 -98 -6 34 -21 -44 -30 -98 35 -52 22 40 -97 -81 72 -29 34 54 -16 28 -78 59 -26 -28 -23 -44 -79 -11 -93 -42 3 22 -87 -34 -74 -54 84 54 38 -81 43 -87 -69 -79 -66 70 -49 -79 91 59 80 82 10 -40 37 -68 33 73 86 82 74 35 -99 53 -98 -84 33 33 -53 81 -19 -5 24 -24 -33 -54 77 49 0 62 51 60 71 8 27 -68 64 67 31 27 19 55 5 -33 -60 22 72 75 43 14 55 -57 50 6 50 82 -66 10 84 94 66 96 38 -12 0 -24 -45 -80 -11 76 -21 99 -98 -79 84 -99 42 -14 80 47 49 -85 90 -45 -4 6 -72 -80 -5 -81 -96 63 -46 
42 -29 50 -62 2 43 -53 42 -32 -58 -14 -52 -56 23 61 30 52 -92 -86 36 -58 -66 47 62 29 -14 -75 78 -10 15 85 -36 25 31 2 -80 -48 2 -19 81 -66 -80 -71 -67 97 64 89 21 -95 3 37 -46 16 -74 -38 55 21 88 78 6 56 89 -26 -38 87 62 -53 9 0 -64 73 61 -58 -96 -83 59 -64 -84 -97 -42 74 -60 56 -21 -31 69 53 11 41 26 40 98 -74 -67 86 -92 -83 39 -3 -35 -98 -51 82 -99 -59 -49 79 28 -7 -58 98 17 70 89 26 -13 -55 33 23 61 -8 -80 84 -98 -11 -58 -73 -77 -23 62 10 -91 -9 70 82 -55 -76 -22 -33 -97 -20 41 21 -64 48 20 10 80 67 -55 -83 -32 91 17 95 61 14 45 11 93 48 -35 -6 59 47 -5 91 36 -2 99 2 -26 -12 -28 25 -55 9 26 88 -74 -28 -70 -73 53 4 32 38 -17 -51 99 -66 65 -48 -93 31 64 30 12 11 -21 48 91 -45 29 21 88 77 -26 66 -65 17 83 9 41 57 5 -98 3 22 -31 -80 92 -96 50 -39 45 -47 -1 -56 6 15 76 -59 60 76 86 -3 11 94 -18 47 32 -32 -54 38 -70 59 -62 -59 -97 -28 83 -33 -61 74 86 -10 -2 1 35 -92 58 -36 -79 -81 -93 29 57 -55 17 68 89 90 3 52 65 34 40 -38 -72 54 29 -44 87 -26 16 11 -90 -65 -18 98 -26 82 -20 57 -58 -61 -6 22 -49 69 -16 71 44 -20 -7 69 23 -51 15 -59 -50 -44 10 -13 -29 72 -35 93 17 2 -60 -22 -87 12 42 44 58 68 -50 74 69 94 49 -12 26 -53 79 91 -34 -85 92 -15 74 3 71 27 18 39 22 -88 1 -88 -54 54 -88 84 -84 19 88 26 -69 20 82 51 80 51 43 -1 63 70 0 -89 -30 26 -3 66 99 49 12 97 85 4 84 30 1 86 57 66 -3 -44 12 -98 -48 39 18 20 -58 34 -1 61 14 -92 -4 91 77 79 -18 65 -24 -30 28 -84 -83 51 -12 -31 -29 -21 68 -27 12 -93 38 37 95 -11 67 -76 -42 -5 93 -34 -5 45 51 -4 -92 36 -16 -40 47 57 -92 74 7 17 -12 -81 -81 51 26 -72 -47 3 -62 84 -29 7 -80 1 -15 -65 21 61 -70 74 96 -64 12 67 -77 26 -13 -81 -80 -1 42 74 -1 49 30 98 -27 -30 2 56 -88 -58 -82 -24 89 2 -59 -1 -26 7 7 0 88 
75 76 90 -53 -15 -1 -22 27 32 -29 79 24 -89 93 -69 -86 50 9 90 56 19 69 -7 -75 -79 -63 17 -28 41 11 -96 12 88 44 -32 -31 4 -51 -62 91 -44 70 28 98 -36 -43 36 -50 32 16 72 31 -26 -42 -34 66 -1 -50 -40 -2 -18 -80 78 17 91 -7 43 -73 95 -34 -87 -64 69 -50 2 -46 -17 -3 -17 78 -42 64 -13 56 -24 42 -52 51 57 86 12 -69 -40 -23 99 16 -80 -75 69 -76 51 40 29 12 -18 10 90 -49 -78 -77 17 -8 -84 54 26 -16 37 -88 7 -85 96 -86 38 -54 -49 -47 20 -50 -84 39 -52 93 -24 91 92 -65 16 51 -2 -57 -87 -34 -67 78 -93 84 -69 93 87 83 22 -16 -39 -74 48 45 -22 81 -27 -79 4 65 -8 -71 20 37 56 -51 8 66 -25 17 -65 27 -66 90 -24 -19 -79 93 32 -61 18 84 75 84 -3 63 41 58 34 60 20 62 -73 19 45 -12 -49 -7 -96 -18 -53 20 10 68 -95 74 83 34 -41 -77 -42 54 98 5 43 -56 -80 -4 -77 -90 29 65 -20 -49 -44 -14 94 -80 87 -31 -34 -18 -9 95 11 -23 74 39 35 -5 26 13 -5 68 46 29 -17 54 -2 -1 -20 -77 62 58 77 -20 32 9 55 -67 54 75 -35 -17 -7 -52 -81 40 22 -42 -52 -54 -24 -36 54 15 -8 67 55 97 -42 -72 -46 48 -20 -7 20 -3 -17 -99 -72 -70 -11 -59 53 -38 53 -19 -38 73 67 30 -15 -38 79 65 25 -73 76 -70 1 81 -62 -2 93 -33 44 -13 -39 -26 51 34 24 71 37 -48 28 27 16 -41 -51 86 -54 87 21 -82 18 -27 -88 -38 54 54 8 -55 -43 -78 -36 84 -3 -85 32 -50 92 -54 -96 48 27 63 1 -52 -60 72 -69 -48 3 56 -21 13 86 37 27 -56 24 -27 43 88 44 40 -24 -59 -10 87 76 90 -28 -66 37 14 -2 -11 -6 22 -38 -54 -57 -59 64 24 91 -84 -76 -28 -67 88 34 -18 -81 -24 -88 -76 48 69 -76 38 52 -40 37 -8 -59 51 68 -61 -59 78 -36 98 -5 50 38 -91 40 82 -18 52 -98 79 73 74 90 -67 80 -28 -48 66 41 2 96 -19 -18 -55 -21 38 -97 -47 89 7 41 75 12 74 -27 58 -50 -28 -5 -84 -14 -10 -52 69 -68 -52 -47 80 -33 -76 -66 -27 -11 -24 -92 45 -41 49 -87 34 2 28 35 -77 -37 3 65 -19 58 -99 -94 -36 
16 28 -61 19 58 71 -58 41 -49 -38 -63 -26 26 92 -66 -26 -64 22 -14 -53 -51 -42 1 -23 65 23 -8 17 -82 51 4 92 -61 -73 -55 -65 -2 -50 74 73 11 99 1 60 15 12 -78 -25 9 88 92 -49 -17 6 -64 7 -20 -85 42 -2 -10 -67 -6 94 8 -49 5 -9 -73 -39 -11 -39 99 48 20 46 73 74 -51 -76 58 43 12 3 2 46 52 78 15 -11 -18 -8 51 52 -78 -75 60 93 -91 -7 63 7 72 -19 10 -16 -32 -89 -32 18 -98 55 9 12 7 22 16 16 -24 -49 55 -47 -73 87 -77 -88 -84 32 -89 77 -12 41 -57 -8 53 43 -11 10 98 -6 -90 -91 -52 34 99 48 82 -44 -53 -20 -57 78 35 -90 67 75 6 8 -83 -35 19 19 -77 64 -57 -57 -57 84 56 -38 -56 66 22 9 0 89 12 -67 -76 48 -36 -66 2 15 -66 -44 10 -27 15 -31 -56 97 -39 33 71 87 -45 87 30 3 15 -65 -86 59 74 -89 51 -55 76 -21 29 -93 80 67 82 73 -28 53 39 94 -93 16 -38 -96 18 -37 69 97 -84 -19 -52 61 -22 -46 -32 68 -51 1 -95 -49 2 -40 -90 98 -42 99 58 -69 -44 -42 -81 48 21 36 -52 14 -9 47 -97 45 10 -94 79 18 37 -92 74 18 -26 -4 45 -43 75 -19 20 22 -98 79 -49 25 1 23 -43 73 74 -24 -41 94 57 54 -34 43 -68 -56 -50 -6 -68 14 16 -71 -12 8 -30 -91 97 -59 29 38 -70 52 59 -40 -65 -69 75 38 30 -21 64 -31 38 80 1 -99 90 37 98 -63 -85 -50 54 -19 -54 12 -81 -21 -18 -1 20 70 -93 -8 -38 32 -35 -44 -57 -94 31 -81 79 26 -61 -47 -38 54 72 -76 -57 -39 81 -8 -71 54 -20 -87 81 -97 -48 49 -48 71 -58 -66 48 -98 12 -92 -94 3 -67 -4 32 17 71 28 -52 37 -90 -62 -84 72 -25 79 61 -12 -67 -57 -8 -86 79 -22 62 19 -7 44 -8 -11 -91 -12 -10 84 35 77 -39 54 -1 -11 72 13 -51 9 -75 42 52 76 82 54 29 64 -5 -62 81 -66 73 -5 -6 -49 73 -50 -67 -6 -98 -66 83 21 54 -53 58 -82 -6 -94 -84 -67 93 -62 13 -19 -95 16 -62 36 -82 0 54 61 48 -97 60 11 -78 -72 75 -79 89 -99 6 17 41 -67 -29 88 48 4 -21 26 23 -14 4 -80 -16 71 -25 77 -3 -48 6 36 -70 12 
-50 -23 -23 -97 -28 91 19 24 40 50 1 -53 34 -24 -78 90 89 76 -6 46 86 78 57 42 -32 73 -49 10 -74 -72 -58 -46 -63 -2 95 -55 -26 -41 99 46 -64 -30 22 -49 -8 46 -26 -22 -25 62 -99 4 98 -26 74 -84 57 -32 42 17 -88 -64 -80 -12 -59 86 -59 89 8 -95 -48 -1 -43 83 76 71 34 98 -19 42 77 28 -86 44 -76 -13 62 39 -37 -96 12 -19 -23 55 -22 -59 -76 -86 -8 68 -83 -29 11 15 13 -33 -57 -3 63 -75 63 -47 19 10 18 43 94 26 -4 61 48 84 17 -62 -19 -56 42 -6 29 84 8 -92 -82 66 -75 -14 57 53 -49 43 27 -19 87 -56 -4 -22 13 44 -81 62 61 52 -72 42 88 85 28 -79 55 30 -84 -3 -41 -70 -55 93 16 32 26 41 -27 24 -80 -82 -66 -55 -10 92 -26 -83 18 62 -76 -15 -78 41 8 52 67 -96 -34 27 15 46 27 20 -89 82 -40 -26 31 23 29 -84 47 -84 -41 -19 -41 -84 55 94 -71 56 -6 -76 68 72 99 94 29 3 7 57 77 22 -59 25 -30 -72 39 -75 98 24 -49 -77 95 -48 2 -94 38 -66 27 39 31 -64 31 29 -17 55 -30 -34 89 60 -44 89 -37 -88 -92 -44 62 54 84 -41 -33 -6 48 -55 -3 64 45 70 -54 -34 69 41 -49 -12 -63 27 -7 41 -99 -85 68 46 0 -77 -25 30 15 51 -97 79 4 -83 86 16 46 -86 61 22 -49 -79 -24 -44 42 87 93 31 27 -63 71 74 56 -49 98 -74 77 49 1 22 96 46 -81 18 -11 -1 20 31 -54 52 -21 55 61 -3 72 -83 -48 -3 -24 77 97 7 -28 -68 -55 -18 94 -72 1 60 -29 61 -4 -28 -15 82 -29 -98 -88 -20 28 -49 83 57 -3 -62 -47 51 15 -54 97 2 86 48 -41 -18 88 -56 79 -56 -68 -93 -4 -83 -28 -46 21 -55 31 19 -52 64 -10 93 -41 -16 -9 -56 -15 -39 -4 -58 0 77 82 38 -55 -8 -46 69 -72 60 -24 37 31 21 -38 81 -5 74 62 38 96 82 70 -75 -34 -81 -44 -23 -85 -23 -61 -43 5 -31 -16 43 -47 57 86 -49 19 92 52 -70 -55 -64 47 -58 49 -63 -97 12 39 -39 54 54 -24 10 17 -38 -1 -44 32 -11 81 -58 35 -37 -15 4 -87 14 -15 53 -42 22 -82 18 -9 79 -91 -9 -62 19 -34 -45 74 55 42 -66 45 54 -57 -46 78 68 
-25 51 93 -73 24 -15 70 -90 34 -50 -96 -82 44 -45 99 -59 9 -38 29 -97 49 -81 -59 -74 62 95 -10 -96 -37 -44 90 -80 12 -45 -38 -43 98 17 -56 54 87 -15 -21 48 -3 26 95 62 -31 -32 -79 -63 -26 -35 78 -35 -20 -37 -52 -79 -14 75 -39 -38 -33 -32 -76 -91 80 46 62 -40 43 92 20 72 -40 -22 43 -54 48 -9 34 86 69 3 -79 -37 53 1 -41 83 55 20 -70 46 56 -63 72 -69 90 13 -99 97 50 67 -59 16 32 18 21 -76 88 -57 4 82 -23 8 -14 74 51 -64 12 61 -75 -37 -18 -17 76 -95 49 67 27 -11 -52 38 99 34 -64 61 89 14 -11 -44 -26 -72 -57 85 53 -53 65 -49 52 22 40 21 -74 -61 48 81 4 -25 41 59 -32 -26 -96 -21 -38 -22 9 92 -12 34 48 96 -26 49 45 83 98 51 -32 -60 -13 -21 -10 -41 -28 43 72 78 -71 48 -87 76 -97 96 -52 16 -79 -50 -19 85 30 70 50 32 65 7 47 -38 91 80 -23 14 27 -14 17 -33 22 34 9 -60 51 21 9 -82 69 15 73 5 38 -72 82 -87 96 48 54 -57 71 26 -98 32 -74 -74 -6 47 -74 86 29 -35 -56 -63 92 60 -48 51 87 79 -52 -17 84 33 24 19 91 11 46 20 4 -94 63 -68 -29 -94 6 -62 -71 73 -54 -80 -60 -29 -10 -34 37 66 -77 94 -16 -50 1 -82 64 -52 98 -5 -4 44 -13 -98 51 26 91 8 98 20 -17 -2 36 -46 67 53 -53 30 -13 2 -95 -56 -30 -99 -52 83 -64 64 -90 27 63 -46 -68 40 68 70 97 -94 -19 5 72 -22 -46 51 54 -16 -89 -81 -75 84 12 55 32 42 79 15 -92 63 -30 -2 -4 -23 95 -10 -86 54 90 -33 53 43 74 -67 -39 -58 -6 34 -2 15 14 9 26 -94 -16 -4 -95 74 -53 -84 -64 33 36 -44 -22 69 88 -70 -97 -27 -38 28 -24 -36 92 -69 44 -30 90 83 -40 -67 90 11 86 -41 69 93 87 -86 -85 70 54 34 -86 -94 -11 0 46 -8 4 -23 39 -48 4 -44 67 2 80 -47 -55 -70 -84 -83 34 -55 83 7 13 -57 -44 -2 -27 82 -39 4 24 7 -23 98 -46 -7 70 77 -76 99 85 74 10 -56 -24 74 -28 -31 -17 43 52 91 10 44 8 70 -34 -72 -44 -55 33 -26 38 -47 -34 -14 38 77 32 46 63 -37 49 63 -88 18 -19 -51 
28 -13 -39 16 63 58 -64 22 90 -2 -14 -3 10 -80 62 -63 5 32 -73 52 -91 -79 35 -47 -49 26 3 35 -58 14 27 84 -47 38 -7 36 -34 -80 78 -9 11 -90 29 -69 -70 -8 51 54 -48 -8 -88 -24 20 -8 -34 29 60 -26 68 -72 -82 51 -78 -46 31 35 -29 0 -96 10 65 31 30 -13 57 -51 85 14 -51 43 -48 -20 48 3 6 25 62 -64 -90 15 43 -24 -34 -89 21 -9 -8 -43 61 99 66 58 73 -17 -75 -63 -26 -32 95 31 50 -13 -8 70 80 6 -54 -53 37 -39 -71 91 -60 -88 63 -96 92 -73 10 -91 -18 -43 89 59 89 -80 47 66 98 -65 25 -48 62 63 37 -67 95 21 32 82 18 91 -5 -60 -83 -39 26 71 50 -12 43 -8 -8 22 54 68 46 73 -69 7 28 22 -18 81 38 14 31 -31 60 -18 -33 18 -55 75 -34 90 -56 -21 -9 46 19 95 -45 37 -35 42 89 3 -43 39 87 58 -27 -99 55 53 -89 8 33 -27 88 -20 36 71 -96 -44 7 73 -63 -81 -67 -3 -61 67 62 72 -12 -74 33 -23 45 -89 10 -22 -45 4 46 30 24 -22 -57 4 39 8 -31 -47 -75 -61 68 -55 -42 26 77 15 -40 -50 55 54 24 11 39 34 -49 73 -33 55 -58 -6 3 -96 2 18 -21 49 -85 84 5 -96 50 -72 10 -43 -52 -87 93 -75 -87 -45 73 -66 -13 -2 38 -54 -12 79 -57 -93 48 95 18 95 81 -13 -67 -42 69 -10 -32 94 73 -13 -64 92 -6 -50 33 11 -93 -16 33 58 -3 -49 73 -52 -46 -27 32 13 67 93 30 90 -89 -29 47 -24 -4 -63 -75 23 -7 9 -67 63 -70 -60 54 90 62 -24 98 39 -74 94 -31 3 -76 96 44 -16 72 74 -43 -34 -48 84 -59 -55 5 -34 52 53 26 52 -69 -90 66 -86 -32 -93 -85 24 77 81 54 17 61 -61 -83 88 98 23 80 81 28 -69 12 8 -55 -96 84 78 -22 -58 -2 67 41 0 -72 -3 92 65 78 -77 -40 -79 10 2 -70 -90 -31 -52 28 -1 -12 -77 -12 -9 -23 -20 -28 -51 -33 -92 -28 -25 -51 -96 18 35 -81 79 -7 -32 -21 -39 -21 21 -35 97 -63 67 -77 -28 -21 -92 -93 35 -42 13 13 71 -89 -88 1 -87 85 -97 -4 -29 -67 41 -12 -53 82 -51 -79 56 80 -22 -92 -88 21 -40 39 83 75 9 25 -48 -27 -74 98 48 -34 83 10 52 
-53 70 7 -25 -37 44 -36 79 84 -66 88 -45 -75 45 -32 81 -97 62 54 38 22 24 11 35 46 -77 23 38 -82 84 33 -87 -36 18 -77 51 71 -72 87 -79 -96 -19 12 -99 17 9 -42 9 78 48 52 86 -98 6 12 10 38 -10 -9 -1 -5 -68 -13 -93 -74 83 -32 98 -71 -25 14 -57 -47 74 -98 97 -93 50 33 -10 -39 -81 61 40 -25 -2 -12 -37 53 -21 -50 -83 5 -97 67 80 66 65 -23 -22 -12 -68 -59 -20 -37 -5 -21 48 -9 79 97 17 71 3 -75 9 85 -89 -23 10 43 -64 61 7 -67 -59 -48 40 64 26 -2 44 -53 3 -52 -35 41 -77 78 15 46 3 -68 44 -21 -37 -39 -71 -13 -16 -34 -36 -61 -31 -98 -18 -55 49 -73 23 -89 90 -42 -49 -52 60 -74 -10 -59 -38 45 91 -41 -78 -70 -10 99 52 -29 -33 -56 -17 -49 -68 -17 -17 -79 -84 -82 -38 25 93 45 43 63 45 47 -32 -22 -23 -73 83 74 -66 -68 66 99 67 93 -10 -98 -79 -63 73 8 -15 63 77 -82 -21 -23 -60 29 -54 16 68 66 -95 -52 -78 88 11 -89 51 36 91 10 66 -7 -16 66 23 -91 -54 -10 13 94 22 50 16 40 -32 -43 -92 62 -29 88 78 -3 -64 -70 43 -83 8 -81 -40 16 -55 21 75 42 79 37 -5 99 -34 -27 89 -23 -94 -78 26 42 47 7 -79 62 -80 34 47 -32 -93 52 -12 6 -23 19 32 43 -28 -32 47 24 -80 72 77 55 62 4 -77 -30 -73 -28 -8 29 -61 -12 29 -85 -91 10 10 -34 83 23 70 -24 22 -72 87 -40 8 -31 61 -71 35 -52 38 39 -50 -23 57 0 6 5 -68 -84 -70 -59 -56 -84 -51 16 68 62 -42 -8 68 -7 14 73 74 23 58 53 61 92 -15 -45 -91 -74 -98 -98 -96 -60 26 7 -74 30 4 -48 40 -28 80 31 -83 69 -78 26 89 35 -17 -69 -63 -34 84 31 -11 -69 90 26 -18 2 22 96 -1 73 99 8 48 -86 -95 85 -44 72 -27 -52 -22 16 -8 99 -31 27 -12 -46 13 68 -55 90 43 4 -97 79 79 -96 -20 -4 -54 99 -33 -48 -27 50 -60 -80 -77 19 -9 36 74 -59 84 36 6 -27 -15 39 -91 24 62 -69 -44 18 -66 74 19 73 -65 77 -61 60 66 -42 -36 8 -22 12 -94 90 62 14 -46 -37 9 37 95 -45 93 -66 86 3 23 34 -77 94 -7 -50 -50 -95 -52 
68 39 -55 63 -4 85 31 -12 -34 -6 -88 77 -90 95 -54 -60 17 61 -65 -72 94 74 59 -95 -75 -70 96 -81 -40 13 1 38 70 -33 88 -80 -52 -71 43 28 94 76 54 22 0 40 34 78 -63 -76 -47 -3 92 -71 53 -48 41 98 -98 45 -64 -51 46 -9 34 -91 -95 26 69 -50 -85 57 28 34 36 -87 70 -75 52 55 67 96 65 -27 74 36 -70 35 -65 74 0 2 85 24 2 17 20 41 87 6 69 -70 59 62 -27 15 53 59 -43 82 -34 -1 -70 -8 -64 -42 37 -88 -90 -76 1 -96 29 -19 2 -97 -22 25 72 76 8 38 97 51 41 -74 -20 26 -86 -65 4 40 24 65 -48 84 -22 83 89 64 -39 13 -50 -43 35 -62 -79 -21 93 -46 -56 -81 -14 5 19 21 32 90 17 71 -26 43 4 56 88 -93 -54 42 -51 -24 -84 68 62 -2 -63 2 80 -77 -79 41 -51 -97 32 -66 -49 12 -58 -55 19 33 27 18 65 48 -71 52 30 69 34 -67 18 90 49 -39 -58 -1 -39 -60 -95 80 64 7 23 -66 52 21 -87 -3 22 -78 -66 55 2 -72 -97 -87 -73 8 68 66 50 14 -96 -88 1 -95 -61 34 69 -72 -72 -11 -75 57 9 73 -38 5 -39 59 -5 -85 -10 -43 -23 -8 9 -42 -71 37 35 -96 -56 80 65 -44 63 62 -66 -49 88 -76 -86 -14 -12 -98 9 -92 96 -26 -4 -5 -94 -50 75 -35 33 65 -73 72 43 -18 -92 15 -26 -84 -88 31 -94 -78 27 90 -44 78 -27 -29 -83 -87 9 -12 -26 12 0 -38 -18 -85 94 -62 33 -3 2 -30 90 11 74 -66 47 36 -3 -89 -90 37 60 -39 -11 7 -35 8 91 -75 68 -41 88 67 33 12 96 92 30 29 16 33 0 -5 5 22 70 19 48 19 20 -71 -28 -43 88 27 85 -80 -44 -77 -1 35 -70 30 -83 14 -33 -35 99 -37 -57 21 -64 15 -37 -13 32 46 -88 -72 -25 -27 27 50 97 89 -21 -12 -13 89 94 -97 -23 71 15 -27 -22 58 -47 62 88 -63 -26 -75 -9 46 11 84 -2 -92 91 -55 4 -1 7 69 10 -89 12 -98 81 -83 77 99 6 -79 -42 -14 38 66 87 -84 5 81 74 -20 25 95 13 49 39 -42 48 52 -43 -69 99 -60 71 -44 -52 -75 69 -66 76 25 -20 67 1 99 -89 36 15 26 40 0 -54 58 62 -78 -20 79 -61 81 -31 -6 -29 -71 -81 -19 
96 -44 -42 -25 32 68 76 -45 39 61 6 -29 -80 93 -75 60 94 -45 31 -9 39 19 5 -4 -71 22 -82 -57 92 83 94 8 74 -95 25 -2 27 -92 77 -71 36 43 -91 -44 35 27 -49 -19 -86 70 -77 -92 4 6 -73 -82 81 -78 -96 34 -51 -52 -1 -3 -90 59 82 38 -40 39 -43 12 1 86 -7 -30 -59 -47 41 -20 92 69 22 31 -15 -98 61 -71 54 50 17 99 78 72 89 -48 82 6 70 -33 -18 42 -62 -30 13 59 20 -40 98 51 88 76 -64 -65 -55 15 -78 -84 6 6 -55 7 94 66 0 65 95 -23 -75 -8 77 84 -44 -38 55 -74 -6 -43 99 99 83 33 -2 -13 60 -22 -79 -59 -66 -75 -32 88 99 -13 49 -43 78 69 97 -65 -59 63 -61 55 57 37 93 -97 -87 -25 20 -71 50 68 90 -76 65 -90 55 55 54 66 36 -53 44 -18 8 24 -76 20 -14 -14 19 57 -32 -94 41 35 -89 -49 -16 -32 -87 -54 -4 -7 26 61 -9 -99 2 97 -39 71 46 -87 17 -23 -87 81 57 49 -68 52 91 77 90 91 42 55 -19 -51 70 -13 56 14 -98 -98 -48 4 63 -16 27 -28 -24 -62 -92 13 -32 -43 -87 -92 49 20 -83 19 69 23 -22 95 39 -9 58 -58 76 79 -55 91 -75 22 21 50 79 56 -59 76 69 -10 -51 -94 -41 31 -27 42 -20 -79 69 69 -88 -80 49 -34 -9 -68 -28 -69 -45 88 14 32 3 -25 68 62 22 -57 34 -27 57 81 40 -57 99 -90 -61 -14 -24 71 -68 10 -46 59 -66 45 -95 -38 -31 19 -95 53 -18 54 52 -23 75 -1 50 64 78 -14 1 62 -69 -27 -56 -39 64 4 9 54 57 -52 -88 60 -59 -94 95 -37 -96 69 -32 74 -24 2 34 43 -31 -86 -97 -94 -12 68 -61 45 -81 75 -42 -48 -46 -74 -33 -85 78 -49 80 69 -74 80 -71 -54 -86 41 -97 50 70 -48 24 -17 21 -44 -35 -54 89 3 93 71 -87 20 -77 44 86 4 -22 -41 -92 -82 -66 -33 -44 -65 11 -17 -53 53 44 7 23 6 10 66 49 -29 -67 59 -7 66 60 -22 99 79 -71 61 -43 60 87 -43 -65 -91 -6 -43 -88 60 -1 75 -37 59 -92 -34 63 -33 -43 95 19 99 17 -82 49 -97 86 -69 80 -48 -86 25 5 -58 -83 8 -34 76 24 -90 19 80 -73 -45 70 -29 -80 12 40 -70 76 0 -94 -20 5 -77 -40 -88 
-73 27 3 31 -71 83 15 -75 -65 72 14 9 -29 -43 -17 -21 7 82 54 -69 20 27 76 18 29 -27 -35 -55 -1 2 99 -73 -81 24 -43 72 3 48 53 -17 -78 42 43 -79 24 91 -77 -97 -35 -21 46 -23 62 -47 44 -11 -83 68 65 88 80 -51 -6 -56 44 -58 -85 -69 -55 -5 -71 53 -27 -65 26 -79 -45 -28 -34 27 39 98 -75 43 -57 -4 91 -43 23 4 87 2 -94 -50 -86 -81 -2 -1 -6 -46 -57 -74 -2 31 92 -33 19 79 45 -84 -10 25 48 86 -21 -41 7 -43 -17 2 77 93 58 -91 50 57 7 -27 -81 6 -10 52 -38 41 96 -87 -67 -49 -47 -97 23 38 83 -69 -13 -11 -22 -82 -89 98 -41 -99 -79 -19 16 54 -69 49 -32 -78 -5 37 46 -98 -49 68 6 -14 -8 -42 40 51 62 -15 14 74 33 -24 -95 72 -44 83 74 54 -26 35 13 54 76 -32 -96 75 57 32 -17 67 98 65 53 -29 79 60 37 20 51 -6 -39 16 6 -47 85 75 25 32 -71 97 -32 -41 46 14 65 50 2 43 -83 -77 34 19 45 86 43 14 -15 54 -16 -3 -79 -32 -15 -56 -92 -52 -6 73 -22 -70 -65 28 84 -85 -7 71 -81 65 61 -6 -36 38 -86 -19 -60 46 62 28 77 4 -72 1 -17 -60 90 75 51 -11 50 40 -12 89 -82 68 80 -70 73 60 -94 42 25 60 -31 36 13 -54 -22 -8 75 84 36 30 63 81 63 68 94 58 63 99 17 -19 73 21 46 8 -40 -42 -75 -25 4 5 -80 70 -53 -29 2 -68 3 95 59 19 56 -78 66 -21 96 -87 29 -98 -52 30 -57 65 34 -35 40 -5 -28 83 -72 40 43 -91 -21 15 25 26 -32 -80 35 -71 70 96 -23 -73 -42 -66 66 -44 1 -89 -45 -71 13 19 -20 87 26 -55 79 52 72 -24 92 -28 -13 46 44 -86 70 -11 74 -10 -24 -56 15 22 -32 80 -65 -51 67 -47 -18 -60 -33 -61 -66 86 81 -3 24 75 -32 -66 72 5 3 15 90 74 20 46 -33 -91 -8 18 36 -83 11 -83 -25 -99 -37 59 38 -64 18 76 96 -11 91 -77 57 90 -35 23 -55 84 -29 -1 28 -53 -62 -40 -61 -91 -54 -61 83 -88 10 -29 40 84 33 89 -22 52 61 49 52 -50 -43 -76 -50 98 -40 -79 -14 82 -25 38 -30 97 90 30 -6 76 76 17 -86 -27 37 62 -37 37 36 -69 -30 -48 68 38 
94 53 -9 26 -90 -36 -70 62 -80 64 48 -63 6 -45 25 49 48 -38 -97 1 -6 -4 -93 -22 -43 89 -52 35 25 96 93 -14 -39 -85 50 90 -3 -57 -69 47 -21 -40 -98 -73 71 -57 -33 -91 -67 43 88 -72 -93 -63 48 65 -56 -97 16 83 4 76 -63 -70 -93 9 -59 -61 -18 26 97 -94 -88 29 -74 2 16 84 -47 61 -78 -72 -21 1 -56 -49 34 35 95 -1 38 51 79 -59 -62 -63 -38 -57 -56 -47 -52 -3 -89 -38 -89 59 56 -78 66 60 -98 55 69 85 61 50 -88 -83 -78 -43 93 32 90 10 -67 7 57 -97 -64 51 90 12 89 -96 62 -32 -52 -34 -23 -62 -36 84 -58 67 10 50 40 4 -4 47 -92 2 -1 -83 -5 62 29 50 63 22 20 62 87 91 49 -14 -7 42 -92 -69 48 67 -38 -35 83 -27 89 82 28 -47 94 -49 -61 33 -13 -37 -15 71 -56 -90 69 47 51 -28 -76 -71 46 17 88 62 54 61 -88 -47 24 -94 -54 7 99 -91 20 -54 -50 94 -30 11 -55 -54 -24 -71 98 -45 -61 -36 -25 -98 -68 91 82 99 9 3 -36 62 86 4 -37 -95 31 34 10 -21 88 -65 18 -53 -25 57 -63 98 -41 90 93 17 77 -15 -80 35 -76 41 1 61 -98 67 -75 34 -95 56 -98 -40 52 -49 -26 -54 -80 -39 2 32 69 -10 -58 -79 -60 41 42 -11 37 85 -8 87 -74 70 -39 -5 54 23 71 6 -89 -24 8 -71 -65 -55 -81 -81 10 -36 -86 11 -87 59 51 -92 -64 28 -95 -40 -82 70 -55 34 40 -34 -33 56 -33 -2 -14 70 -70 -76 -32 -68 -51 -96 85 74 3 -19 17 68 48 5 68 14 -22 -73 17 16 28 40 -26 47 -81 -54 67 -70 88 83 92 48 -70 24 -94 19 45 9 31 -20 90 -57 14 -80 96 68 41 -74 -25 -24 99 -95 93 58 -74 29 -44 -79 91 28 78 -66 65 -43 28 97 63 36 55 -62 -45 4 5 75 -74 75 21 50 0 59 48 -23 -87 -31 -84 83 23 -56 -39 -33 -18 27 9 -36 -47 -58 19 59 60 -42 -47 -2 34 -26 97 -96 15 -89 70 -18 84 90 -1 27 67 15 -23 37 -65 17 -45 56 56 -1 32 -46 -12 79 -25 54 27 89 -75 -75 30 -19 59 44 -7 -72 33 -9 14 -39 41 52 84 47 -29 69 41 -62 -97 -13 84 -56 -88 44 -86 -26 52 56 77 61 -25 17 12 44 -3 -52 
15 91 -84 30 22 3 1 -59 -69 59 70 94 -30 -75 -14 -10 -57 -74 24 -61 50 91 79 -64 33 -29 -20 -64 32 -85 96 23 83 31 -69 87 54 -47 -16 76 21 47 -70 -78 62 56 60 -11 90 4 91 -95 33 29 -96 57 31 43 -33 38 -15 70 89 -23 -89 36 42 -90 -99 2 -28 8 -53 67 79 -13 -97 -54 -2 6 31 33 49 -31 76 45 48 17 52 -35 -26 -24 79 -82 -82 -56 -73 60 90 73 64 7 97 -89 79 -30 -3 93 -11 61 81 23 47 -3 43 -10 -94 61 -84 39 -8 86 -17 -35 -31 -4 -60 24 1 -14 -3 49 28 88 -29 56 37 4 -94 -64 0 8 75 -12 2 -55 -30 -76 93 61 -10 -24 57 -48 -7 50 -44 -31 56 8 -79 89 -40 75 -13 -40 77 79 -51 80 -90 -27 -9 -86 85 -59 -63 -84 -2 16 -74 23 -36 -90 35 -94 -56 -95 -82 98 49 -10 -83 -87 59 -52 -18 -68 53 -88 -9 -97 55 28 -3 40 -33 20 4 17 -85 82 -3 -76 12 85 -44 -50 -8 97 -85 -90 -88 -49 -2 -75 -83 25 99 -88 79 43 -15 -24 -61 17 -33 -91 -79 -7 5 -52 49 95 85 67 -12 -88 -35 17 -96 -40 -84 56 -16 -91 87 -9 39 33 72 69 -53 -3 -68 -4 31 19 29 -96 -42 54 51 7 -53 -74 12 21 -43 25 52 -95 -9 54 72 53 17 -94 88 -26 -58 -14 78 -32 -5 58 -56 56 -46 77 22 6 -96 30 -99 18 27 -60 46 80 -70 88 -12 69 47 37 48 80 -90 -52 13 62 84 -64 -57 -30 -92 8 -19 47 4 64 32 -7 -71 -26 24 5 -7 -67 -33 71 65 0 53 -34 -55 60 83 44 38 -61 -11 43 77 -45 -65 -37 49 -79 -85 -13 -40 12 57 35 83 -30 71 -16 27 -2 0 81 65 82 -90 -89 -35 41 66 49 -74 -57 -10 -35 74 -48 36 -31 -6 -31 -71 23 78 52 -59 -98 96 -69 -62 -31 -15 52 85 -6 -21 -45 64 82 5 -12 -69 60 42 -80 -34 6 -94 -72 -56 68 0 20 54 -34 -39 8 39 23 -89 -70 -35 -31 10 48 8 23 1 -65 3 -10 42 -58 -76 -94 1 -7 -18 74 85 -21 -69 70 -1 -94 -35 22 -44 -63 89 -41 -54 72 -61 55 51 95 64 -89 5 98 -74 69 62 -26 2 -55 95 -19 81 71 4 33 50 -82 72 84 51 60 92 -12 5 -3 -32 -40 28 29 -60 5 
63 -7 12 88 74 88 -66 46 -30 63 99 65 -46 -37 -1 47 -65 11 -87 44 78 -57 10 -59 -53 91 24 86 -24 21 52 11 -71 5 53 -93 8 76 -65 -43 13 11 64 -9 1 44 -48 70 63 -51 90 -30 61 -1 -39 70 55 -80 38 -88 42 89 -22 -20 -39 75 40 53 63 -76 -41 -73 92 -1 54 -4 -62 72 92 -81 -40 -8 59 77 -75 84 -57 83 -17 -39 82 -11 -3 89 51 9 -27 -2 30 55 -47 -15 -23 -58 83 -98 80 16 55 -67 60 34 61 -69 13 72 -26 -17 -32 -86 -40 84 39 -98 -11 -60 87 -44 25 91 27 70 -92 75 40 -48 -92 56 -99 17 -38 41 -22 24 -83 -49 30 30 93 -55 59 57 -2 94 5 63 15 85 44 39 -43 -58 -88 19 0 76 -56 1 -68 -5 -54 58 -24 -56 -90 -10 -13 -32 65 -18 -54 -56 -15 -95 86 -79 -47 49 -84 -97 -38 43 -82 60 -87 50 -52 61 96 95 -98 -19 2 -36 -72 45 2 -72 -20 90 85 61 -26 89 -4 80 -6 21 -61 62 44 31 26 -20 -93 22 -62 75 52 -34 53 -62 75 70 -73 -15 93 17 -55 64 -17 93 70 26 -68 81 83 -34 -63 -79 95 3 3 -96 32 -43 32 -66 -93 35 -10 60 -83 -5 26 -83 60 70 -70 -76 -90 57 -5 13 -52 -69 21 84 56 41 -92 2 -97 68 -32 18 -8 44 -17 27 18 32 -48 -62 -71 26 -31 -96 21 -70 -62 93 -55 56 60 13 -12 61 22 -74 66 83 79 -20 50 -51 -35 0 61 75 93 -1 -49 0 -93 -76 85 -45 -34 75 -92 -30 -67 -17 46 -22 -62 55 76 -2 -40 94 -55 96 71 97 -88 33 -68 69 72 -20 -54 74 -73 32 -63 71 -10 -64 61 7 -37 26 -91 -87 21 95 95 -39 41 16 -93 -57 4 -19 82 -6 67 -63 -16 46 -58 47 31 -58 -16 -79 -97 98 -74 -52 74 67 44 -36 -97 -68 -41 51 51 85 -72 -45 -88 -48 -34 67 -44 -30 48 -27 83 -57 61 66 89 -48 -95 18 -20 50 56 71 -61 -42 85 9 68 83 21 45 -34 -91 56 15 -61 -2 -99 -20 -84 -10 -4 83 39 -98 38 -15 -95 -17 17 40 -14 -98 90 79 35 -94 -31 86 69 75 -76 -25 -19 -92 29 27 65 -45 23 -92 -38 79 64 -27 -95 -5 -45 -17 40 43 -6 66 54 23 -50 -93 -13 2 55 -54 16 -55 56 34 81 -43 58 51 
-55 90 93 68 -55 -72 -47 41 -87 -44 -88 1 39 72 -10 68 -38 -85 33 -80 66 -1 -17 -95 64 -11 22 46 -98 58 -97 -91 -55 -63 -47 40 -41 -45 -92 -83 76 -84 16 10 24 -62 -97 -16 -1 4 23 -88 -9 -85 -61 -29 -51 -30 37 -6 51 76 69 -84 77 -48 53 -99 8 -95 -79 -7 -80 -1 -8 10 96 99 -23 -87 -98 -81 76 40 54 -40 -81 -81 -16 -88 -68 27 57 6 74 89 4 -5 -73 -47 14 -77 -4 88 79 -5 -27 95 -64 85 71 48 53 10 31 25 67 -56 68 84 -69 34 12 -13 -46 -96 -16 2 29 -85 -16 64 -59 12 -50 56 -94 -44 -93 -10 -64 83 -78 17 -53 96 5 -52 -49 1 9 98 -72 -48 -68 81 91 21 70 -70 -32 -38 -18 0 63 -22 12 -93 -6 -74 -45 -16 2 -59 9 69 -77 -78 60 51 -62 -2 -23 -45 -40 9 -43 11 -68 7 -42 -30 19 -23 89 -49 -25 81 -43 15 53 14 86 56 18 -92 29 -45 34 -37 -59 -55 -26 63 -46 9 -74 15 -98 -27 -19 39 -54 55 25 -64 22 70 42 -18 -95 -79 -31 62 -44 89 -19 90 -43 54 -86 89 -1 -70 51 -11 65 48 34 -29 -79 60 -5 90 83 77 6 71 -26 11 15 70 -76 55 9 34 -40 -12 2 -72 -90 38 39 34 -63 71 -58 94 51 -48 8 9 -81 64 37 63 28 91 -36 -50 -49 -80 -47 63 25 81 18 29 -26 25 35 52 88 79 -67 -7 0 -2 -71 -38 -67 32 83 57 -54 -66 20 56 52 -16 -55 -70 40 37 -38 -58 -99 92 21 -61 87 32 -50 94 -95 42 32 -42 48 99 73 -29 5 95 74 -92 63 -81 -31 -37 -93 65 -25 -98 72 34 -71 82 -78 7 89 -83 -64 70 -8 -52 -19 87 18 49 -49 -72 86 -39 -22 -24 -93 78 80 93 85 74 -44 80 58 83 26 -52 50 -76 -62 44 5 49 -33 -32 -79 97 87 -59 20 -16 -72 65 -79 -29 44 -61 -46 -48 15 99 19 75 -25 68 -20 90 24 -29 -28 34 11 48 63 82 38 -26 75 -39 7 88 10 74 73 -10 -89 98 -63 78 -33 39 -99 70 66 -86 -48 -37 35 65 -64 65 50 -22 84 -38 72 92 -41 -91 41 -48 67 45 -57 94 96 75 -31 -95 4 -16 -55 47 -82 -30 -99 68 21 59 35 -52 -90 18 20 -86 -23 -44 -46 83 -55 14 47 -54 -57 -44 81 -51 -80 57 
-80 16 -60 -59 -70 79 55 -74 40 -55 -2 87 99 -60 40 -21 -71 -3 57 96 -60 -76 -40 34 -94 -52 51 63 5 3 75 -98 -31 -81 -17 -69 12 -98 -82 27 -79 12 40 -1 -4 -93 99 -71 71 47 -97 -53 -23 9 -19 5 -65 -44 27 -98 4 88 -22 67 -35 -38 53 30 -8 74 54 58 83 3 -13 47 6 40 -58 10 -78 76 -28 98 55 0 -68 58 -94 35 48 37 80 93 -82 -19 72 89 -51 -53 -14 88 27 -32 -76 -23 21 45 -13 -68 32 -7 64 -36 70 -94 -54 18 12 91 31 -24 -95 -67 17 -25 1 92 -34 -89 -55 -51 18 96 -56 -69 74 -9 74 34 -23 97 -87 79 -3 -88 80 18 -3 46 37 -38 36 -32 0 10 -25 80 -55 -48 33 28 66 67 -36 -18 -9 -46 20 -36 89 23 62 -12 9 -35 -68 -76 -37 -84 -59 -2 32 -44 95 -7 15 -75 93 24 10 70 41 -91 -52 -37 7 87 -31 6 21 -55 21 -23 -29 44 -43 42 57 -70 -37 39 82 51 37 -10 -42 -34 47 25 -39 78 9 54 2 80 -30 -8 44 21 23 -49 52 44 -29 26 78 41 69 -67 -57 55 -68 62 43 -91 38 9 22 -6 -65 88 73 -16 93 -60 -26 67 -72 73 -46 53 -23 80 68 -97 -15 64 74 13 -57 20 3 -42 -62 15 90 73 -37 -77 -3 -18 -69 57 -89 -61 -34 -9 -70 55 92 -45 -8 -19 -66 -13 66 87 55 80 -41 -75 -17 52 -34 87 -74 94 2 -27 23 66 38 97 35 99 -5 71 4 -95 -48 30 84 -52 58 -65 -55 18 25 32 55 24 -22 68 76 69 70 91 53 -6 69 35 -25 73 -53 -97 59 81 30 -92 -64 68 -97 -33 0 -8 -31 -30 3 25 -96 -38 -65 -57 -42 68 -12 11 -63 80 93 98 97 -52 -15 73 36 89 93 99 -35 -99 29 37 91 -25 84 -12 -82 72 -14 -51 -30 36 -8 -86 -96 9 94 43 29 -41 27 93 -65 60 35 23 66 79 41 9 60 -99 37 58 72 90 -8 -65 -58 91 -22 96 74 -62 67 42 -67 -28 53 -36 57 94 52 -42 -57 55 -15 44 -89 89 84 30 -44 20 -76 -57 -21 80 -6 -7 -5 72 11 -64 45 -49 85 -71 75 -99 -66 64 -88 -13 -24 -34 -2 7 -26 84 85 -67 84 13 -61 34 -72 -68 57 -28 -30 84 -59 -78 67 -36 -43 85 -88 3 7 -66 -49 66 -5 -73 18 22 
-46 -12 -48 -9 -45 84 49 -31 -60 -87 -94 92 -68 -9 -53 -36 -43 9 2 -92 61 14 93 58 -85 7 65 -80 -45 3 14 -73 -24 65 19 -30 61 82 -69 71 5 23 -75 59 -57 -44 97 11 63 -33 85 57 -7 -60 -75 50 -33 -80 50 -61 85 36 -58 -23 77 -31 -51 -6 -5 59 94 -9 -43 60 -69 25 -63 17 -58 35 65 89 68 63 95 -6 -25 30 44 -70 -40 -67 -73 37 -73 -38 49 25 -1 61 -77 80 -13 93 -2 49 84 80 13 -80 -57 12 -58 2 -88 73 -40 37 31 -55 5 -39 57 5 64 84 -94 38 -71 89 -29 -66 58 2 -3 -95 -87 -55 21 11 -22 4 46 9 -80 -78 -76 -69 23 -7 88 -30 -46 -1 87 -43 62 48 96 -12 -2 11 10 69 -71 80 62 -14 -7 29 -9 33 -45 7 6 -76 5 -2 23 -91 -32 -19 89 -89 -24 -42 6 84 66 -1 59 24 -79 37 13 88 -28 32 64 54 -87 47 -73 57 -26 -71 -74 17 -17 -89 11 42 -77 -18 57 68 -67 80 -15 -85 -68 0 -94 -77 70 12 16 42 6 35 -35 -7 -7 76 35 23 -82 97 -81 -87 -48 -2 34 -6 -6 -27 92 -26 68 -59 70 0 93 -91 20 20 -65 -28 71 75 29 -66 -62 47 64 -81 -61 -99 -89 -96 -86 -5 -79 -2 47 -75 3 -70 -26 -80 -64 -93 58 -7 34 50 -62 16 47 19 43 93 15 97 35 24 5 40 3 87 -10 68 -85 -54 12 41 -45 -42 15 84 -38 28 5 9 86 40 -52 74 3 -91 -80 -18 -58 -30 56 -39 -76 92 72 38 75 12 -94 39 75 -57 -70 -10 74 -23 76 -62 63 -17 -78 8 -25 -84 73 29 -24 -80 -90 22 -78 3 -49 86 15 -13 -32 -96 -53 -2 -79 63 -39 -8 -47 34 -67 97 -58 51 -40 97 -89 -6 -43 92 96 24 91 -26 -44 93 85 -13 80 33 -1 0 43 23 24 -68 11 -20 13 62 74 -39 6 61 83 46 81 -83 -23 -81 74 3 -50 -35 3 85 -27 13 14 -50 -62 -44 -87 57 89 -19 -11 -6 -70 -39 23 -49 -64 85 -87 -90 82 74 7 76 -28 63 -80 -88 -57 85 37 -33 56 -6 32 8 -5 70 4 -87 82 88 -61 -3 11 38 58 20 85 -15 -47 -91 -97 -46 -11 46 58 -96 -39 -24 33 84 3 -39 81 -20 81 -86 37 -75 3 13 -92 55 -17 -87 34 -94 68 -10 -8 -99 -27 89 
-50 26 96 56 -20 -87 13 -14 -45 53 -13 -94 -30 -24 45 -88 -39 -8 -18 -28 29 50 -25 79 25 -10 11 -50 95 68 96 47 77 31 -57 98 56 -40 -97 91 -43 -52 -42 0 -46 48 20 10 -24 -55 93 -38 94 40 -17 59 54 -90 -72 78 -46 -13 -7 -63 -81 -27 87 -5 -76 43 -61 -61 -65 -78 92 6 45 -5 -82 -88 70 -16 -94 54 -75 -12 18 50 -27 14 4 53 34 84 -53 -58 18 -84 35 65 -7 87 -27 -64 91 52 50 51 -31 75 59 82 80 -96 -6 13 57 -80 41 72 -58 49 37 -85 -82 51 -15 78 33 -79 36 -79 -75 17 -64 -78 82 -48 -31 87 28 10 -20 -47 19 32 -51 -32 72 53 -44 -85 -29 -45 -96 -2 -34 -91 17 -11 0 43 23 72 24 -48 -93 -35 72 -43 65 -33 -93 50 94 47 11 -46 -24 9 -66 -59 80 -76 47 -64 -39 67 49 2 28 -54 -63 -62 69 -75 40 71 -91 26 -64 71 -99 -99 -66 -90 -39 -82 -36 -11 23 -77 -20 -72 10 -55 5 -76 43 -83 22 12 18 -15 -31 -83 -2 -87 38 -49 42 33 -68 -42 -83 63 17 30 87 15 29 49 50 -75 -68 20 86 51 -10 -18 66 -96 -21 12 -65 -97 -60 -41 -90 98 -73 99 26 73 95 -58 -30 -72 43 50 -10 84 1 -24 33 -6 20 24 -68 11 61 32 89 -54 65 4 -1 -74 66 -29 -15 -89 59 84 51 63 41 80 -9 -73 79 72 66 -32 -74 7 24 70 -77 -60 48 26 54 -70 -80 57 5 54 -18 -88 -49 -11 82 70 -95 69 59 16 96 91 -8 -78 -29 -8 -72 -66 23 -89 22 -8 97 28 11 -13 -11 58 -91 -50 -37 -43 -65 75 -95 -23 75 60 42 83 69 -91 34 -45 1 5 -58 34 -70 17 29 -18 -95 22 -86 -52 83 20 -72 -7 -46 29 89 -30 -82 68 16 96 -86 62 32 80 45 12 74 -19 52 31 -3 22 -95 13 -77 -86 30 -9 -14 19 68 10 -90 -22 33 -1 43 -54 73 -36 24 -96 -39 87 -55 -53 34 92 13 -58 65 -49 52 -27 -31 78 66 60 35 -45 42 92 -18 -61 91 -84 68 -78 -1 -67 -46 4 -88 84 60 -96 -36 -36 23 80 29 5 -99 -58 -63 99 -18 67 -71 -95 34 -66 -76 13 55 17 7 37 -69 -41 -27 43 58 -78 38 -12 -1 -17 53 -58 82 -65 80 3 32 -52 57 -55 83 -70 96 -7 88 -88 
49 -44 -70 20 34 -92 97 -33 -36 -17 34 81 79 22 -20 -47 23 -48 94 44 33 -41 83 71 -63 -86 -44 -22 -67 2 73 -36 18 25 -6 15 -1 15 65 98 15 -11 71 10 88 -69 15 73 -73 63 -48 92 3 -36 -46 -20 6 73 99 18 47 -64 74 -66 73 -78 47 36 -27 47 7 66 14 93 -27 -2 97 -19 -2 -99 65 -58 97 -8 17 36 87 -30 13 88 22 23 -37 -7 -9 22 40 72 -28 -58 -61 87 40 -50 32 58 22 28 52 37 34 85 -80 -86 47 -48 17 -78 10 32 -54 83 -20 -9 -21 -95 0 -2 -78 -30 -10 24 -7 13 95 54 49 -94 -85 -84 76 94 -27 -92 80 -33 2 78 -80 98 60 54 -88 -20 -24 18 44 -70 93 -13 31 -98 -58 68 77 99 -15 -18 -41 56 91 -96 72 9 12 77 54 -44 38 -31 90 -30 -13 20 57 -36 21 93 18 56 73 13 64 83 77 23 -87 -51 -3 98 -34 60 -61 65 -75 33 28 -67 -75 -7 -20 -76 -59 6 -48 -57 47 -52 12 -26 6 -1 -43 63 96 -4 -74 -1 66 28 -98 -71 -10 59 -77 -31 27 83 -90 -25 -45 -10 -70 66 -7 3 -2 63 55 -27 52 -26 91 73 36 -45 -23 -21 29 -62 -49 66 -54 32 -5 62 57 -56 87 -65 24 67 -80 -15 -65 -49 82 88 -86 53 -98 -53 -73 39 -60 -79 -46 -69 73 36 9 -59 90 -13 56 57 -75 6 -35 -49 58 -39 83 -30 -90 14 -10 29 -42 -84 29 77 -80 -99 34 11 -7 -88 -37 0 63 -97 33 6 -8 43 -27 89 34 -46 15 -86 73 66 83 72 56 -92 -97 47 80 71 26 67 88 1 50 27 6 13 -71 -3 4 39 -52 96 4 18 47 36 -40 -30 -7 48 -22 14 26 -76 74 93 25 49 88 68 -71 48 98 4 -70 52 -85 -77 -5 -11 -2 38 -55 -65 56 -42 -88 38 48 -24 25 5 -6 32 -2 -94 -78 -73 55 -30 3 -49 -92 -61 -44 -66 -25 82 32 -3 -12 70 -73 86 28 -60 56 34 -57 64 -40 -41 55 -9 -6 10 -38 -40 71 27 -28 -88 20 -43 -54 25 -93 -59 -98 10 51 58 -58 32 51 33 16 -40 -40 86 -3 46 0 99 34 -85 -40 -32 -41 59 40 8 30 5 -15 -11 -93 18 -16 37 -99 87 45 57 -94 28 79 59 -62 -60 -34 -53 -58 -56 55 -88 -5 42 -15 52 47 71 -8 -52 99 -58 
-13 -57 -2 -7 58 99 -89 -2 -4 6 9 -27 31 4 -98 -79 -11 -90 -7 80 -77 -32 -81 5 -54 10 -41 -40 68 -16 63 42 28 -22 -25 -79 -13 -66 -47 -79 70 48 -9 12 -95 -26 -37 -96 53 -68 -89 -58 -21 -95 61 -69 27 -21 42 -82 57 52 81 -76 24 51 68 2 -65 -61 -12 -69 10 -14 -60 -14 10 0 -78 -78 -37 -98 -66 42 -86 20 92 41 -3 28 55 99 -73 84 -74 34 68 47 -73 -1 -19 -20 -72 63 4 87 19 31 -28 -88 -75 -31 -31 35 -84 59 60 -57 29 -12 -2 90 36 -42 23 -59 -82 49 34 -87 73 -96 -18 48 93 52 19 17 -59 46 59 -65 -3 -65 98 -56 -14 98 -65 96 -99 -15 89 25 -94 38 6 10 -77 -61 -26 -75 -87 -63 -21 66 -45 -7 3 30 96 -39 -12 22 -89 6 97 -98 -43 95 -36 34 14 9 -27 -43 -10 -82 -21 78 83 -95 -15 87 60 81 50 -47 -8 77 15 51 -45 65 -14 -9 -18 -2 -50 -88 -17 16 -47 37 -45 0 66 -63 -32 67 28 -8 -44 42 79 70 15 84 61 18 30 -8 29 -71 -1 78 -7 -14 7 22 -42 -91 34 -13 20 -81 -75 59 -37 14 -73 -77 -51 63 -22 12 46 70 16 -79 52 40 -89 53 62 -91 -77 -51 61 -49 63 84 0 18 23 30 -2 83 69 50 -94 -99 35 13 -83 -3 -3 -99 -13 -53 -82 60 -23 57 16 -61 43 34 34 -9 -41 21 -30 21 2 99 79 66 -38 3 -55 0 -88 33 71 -35 -46 94 74 -41 -15 88 54 -62 35 36 77 25 83 76 -14 9 28 63 94 -36 -65 -60 -59 42 -32 74 -13 97 -84 -17 29 -98 59 55 83 -65 -35 14 -29 81 -60 75 -27 -19 -62 1 44 42 -8 -59 84 74 82 -12 -39 2 -81 -39 -18 95 96 49 49 38 -50 38 43 -64 -30 37 26 -84 -85 65 -9 -93 74 39 19 21 22 -24 -69 8 -27 21 36 -49 27 51 55 -93 75 57 11 -42 -19 0 -14 33 16 -66 -10 97 97 28 31 -68 -59 -51 70 40 65 -41 38 -80 -17 83 -57 -7 87 66 84 75 -74 -35 16 1 93 25 88 -4 36 10 -86 -25 70 49 10 78 94 -49 31 -41 -82 -61 -41 -76 66 75 -60 -8 -60 -12 -46 -26 28 -75 -28 74 3 62 -59 -49 -59 35 -8 -73 -69 -59 -80 3 76 62 86 -70 17 -38 53 96 89 30 27 41 
-65 -6 -37 70 77 83 -67 -88 74 -12 79 60 -47 -96 34 96 84 -87 99 -79 -62 97 -37 -66 -13 1 31 -54 33 -89 -46 65 -63 57 91 -72 -51 54 34 77 -85 9 -80 -89 75 43 -73 54 -79 -97 -33 76 41 63 67 49 -45 94 80 76 -12 74 13 81 -77 82 -68 -58 28 -91 -44 96 47 59 -45 -15 88 -57 -96 0 -62 45 87 78 -70 31 -45 53 35 -58 3 49 91 74 44 5 -84 34 84 -66 82 49 -9 -8 -93 70 25 65 -45 -45 77 -38 -51 70 -31 97 -7 3 -77 13 50 40 10 63 -5 59 98 -85 -16 -60 -99 21 -77 8 45 82 -29 -96 -15 -41 11 25 -94 68 -56 -95 2 -66 65 39 -51 27 3 79 62 -61 60 -91 -90 -20 -91 90 75 86 72 -87 -99 -87 99 79 -37 -29 -21 97 -74 3 94 2 -79 14 93 67 -41 -41 -57 15 62 62 30 -37 -48 5 -84 -93 50 -94 -98 19 23 -7 -68 52 -94 -97 -43 -90 -45 19 18 15 72 -3 4 7 20 31 96 61 -72 50 26 26 -83 22 -55 2 11 17 94 47 87 -4 -50 -65 -98 -17 -47 64 -44 -6 -91 -12 84 37 -97 -89 17 31 -62 33 -11 13 -53 96 39 24 -19 -78 91 -9 -22 -22 -85 -44 19 -94 55 4 25 25 36 36 -59 -35 -5 51 -60 88 -23 -91 -79 -63 -12 90 5 -30 -33 -33 -77 74 -29 89 -73 55 -58 -63 -18 -64 13 -12 -57 52 -16 84 2 -15 56 -17 -86 -16 7 -93 -57 -23 -53 52 -7 -28 92 37 46 -6 -61 6 93 -79 80 95 -9 60 38 52 -79 -1 65 -94 26 -53 65 -59 -1 -32 93 -33 15 87 -36 -36 -50 -46 91 -17 -60 15 -35 -69 -55 -59 56 -42 -84 -87 -64 76 85 -80 93 27 -75 82 -35 -70 -47 8 36 -74 61 -4 -46 -14 24 98 47 -20 -26 63 -98 82 -7 -50 9 -61 2 -82 -76 -31 76 -73 93 -57 55 -49 44 -85 41 67 45 -17 -14 -38 -92 -25 12 -13 -9 -98 27 -69 8 -92 61 -93 22 87 76 -34 -30 -64 -86 -70 34 38 88 38 -61 -43 47 -30 78 -33 2 -28 -35 84 -43 57 34 -16 -37 3 28 -50 -48 35 -7 11 -57 8 -83 9 -5 -98 -99 65 75 98 96 16 61 70 -94 66 39 75 74 29 78 80 97 91 83 -70 -87 -18 -83 -46 30 -50 -81 -73 23 53 -35 77 88 68 -88 10 -91 79 
91 -12 42 -97 70 -14 -66 -45 -23 -43 53 -81 76 87 94 -61 -19 13 57 -29 -33 -3 88 26 46 -47 6 57 -64 49 -19 28 53 -67 -49 57 -85 10 -15 -35 32 47 -87 54 71 -82 87 49 88 -45 73 -94 31 27 -3 -82 -26 -45 73 3 -62 87 0 -24 44 -19 -97 77 -29 53 -51 65 3 -91 38 -16 -20 -11 -50 43 24 -80 92 -54 -34 84 -92 -56 -70 -27 -9 -95 -50 -74 -71 -69 -59 -63 -79 1 17 82 26 21 26 29 -65 89 -43 -65 -51 8 88 -23 -58 46 72 32 62 -48 74 -41 71 -8 -16 94 11 -73 66 3 -98 99 -56 -9 -37 24 19 -42 -77 47 70 -84 -31 62 91 -76 57 -8 -38 67 -87 16 -51 -8 -26 -10 -36 -15 -31 -99 -13 39 24 72 20 6 -82 -99 -55 40 -3 -35 -31 22 39 87 25 -43 -40 63 -38 42 -76 42 3 -50 -34 -80 62 -12 4 12 50 -93 13 -21 -38 13 -4 36 -55 16 -29 -89 79 7 67 58 -73 63 43 -29 -89 -55 40 31 4 36 -65 -36 28 -48 -3 54 -16 -8 70 -87 -70 -36 -18 44 74 -44 0 -84 7 -46 -27 -83 9 97 -14 51 24 -46 -47 78 94 -12 41 69 56 57 -27 -88 25 11 78 58 -69 68 -62 -96 -35 -6 -14 -92 70 5 88 29 70 39 75 74 -32 -18 94 -23 64 2 -7 11 -12 15 -92 -30 -74 -54 -68 -34 85 70 -62 -44 98 -76 -25 41 34 -31 94 -6 18 1 -54 36 -18 1 51 -51 -49 70 44 59 44 -72 49 -28 -51 -96 5 12 90 40 -60 -99 65 2 -36 -95 -91 -84 14 36 -62 -44 -23 95 23 -22 14 43 -34 -85 -70 -85 92 -34 -71 94 5 -11 18 -60 25 -91 41 6 37 -48 90 43 82 -25 16 -53 -38 -61 96 -26 24 -53 57 73 -94 -12 -6 -27 43 89 91 6 49 -97 -30 -16 13 8 -45 97 -36 86 40 -31 -9 -55 19 -56 -65 -85 -25 -42 -34 -1 67 16 76 4 62 60 -12 -73 -41 74 -50 73 71 -56 89 61 -57 34 -92 51 44 -44 49 -52 83 74 82 -21 -37 27 -59 91 8 75 96 -61 -27 29 -2 32 -35 -38 -46 -6 12 -85 -62 -11 8 -99 45 -43 -52 37 49 -97 19 81 -59 -47 -42 -77 18 -24 -8 19 -35 -36 -26 97 56 -44 91 -42 86 85 30 21 84 -91 99 11 -4 -96 -61 12 98 -76 -89 6 -42 -75 3 85 
-80 -66 8 -24 -9 -84 -4 -88 59 -87 -69 51 -46 -35 -92 -51 37 65 -84 -21 28 -75 85 41 -52 -74 57 47 -37 -26 19 -18 4 41 59 39 -2 23 -86 78 79 44 89 -10 -58 -22 -94 80 82 -32 97 -23 -80 -17 70 47 61 13 -93 -30 -35 -21 -57 -23 17 -95 -39 63 56 -87 15 -97 -94 -44 -82 21 -54 -66 -35 28 -49 -14 -33 7 97 -31 -13 -18 -51 90 48 35 16 78 51 -71 12 60 72 66 13 7 -2 51 36 -85 48 -49 -90 38 37 31 -44 85 -10 -98 99 -97 8 -39 -32 55 85 -68 80 10 -29 -7 -44 -95 -97 26 95 -8 -89 -45 18 -82 -11 84 87 88 23 27 52 31 -18 -79 40 0 -81 -6 -80 69 -31 -23 39 -28 9 -46 -69 31 36 19 -22 13 77 -63 -90 -43 63 -46 -18 -49 34 48 43 -87 32 -43 17 6 -82 -12 -15 90 59 53 -52 -43 82 25 60 31 5 19 44 81 35 -48 79 89 -60 56 7 81 -73 -44 -87 17 -19 -72 -27 -71 80 12 -11 70 -67 69 -88 88 -80 -16 -83 20 87 -44 60 67 -65 -82 13 -37 -36 -87 -46 69 -29 -91 -47 29 11 -85 94 -95 31 96 73 91 40 31 77 87 65 -99 -15 49 -27 -70 37 41 4 44 36 26 97 13 -4 97 -19 91 -28 93 -81 -37 14 66 5 -97 23 33 50 -91 42 -67 -59 11 -73 -40 -36 63 30 66 19 43 -6 -11 -21 7 18 -53 -13 -80 89 84 46 79 -53 -57 49 53 -65 -33 -25 -36 -87 -63 -87 -87 -81 -75 -25 -86 -58 1 33 50 -96 87 -74 -94 -49 -9 -36 40 70 74 -52 -99 84 -8 91 -66 18 -35 36 23 -90 72 -37 -37 49 -20 1 -70 -78 -31 -20 33 -33 91 -63 -50 -31 -64 28 59 58 -5 58 24 -71 -67 5 25 63 23 6 11 97 -90 -51 84 52 90 49 58 -39 86 72 -80 27 -38 87 -55 29 -52 -87 14 -87 -24 24 11 -34 -51 8 -94 38 -61 67 12 -78 78 77 95 40 15 5 -57 36 69 -65 70 -87 -72 -67 55 66 -77 31 -98 -66 -58 -30 52 -75 18 64 -19 91 -33 81 -60 7 74 99 -23 -94 -23 -34 -79 30 93 -61 4 90 8 42 10 -74 86 -61 20 -62 -53 99 99 45 -18 -47 -47 16 29 -75 -62 23 -80 -22 70 -11 -71 45 -41 9 65 66 5 -54 22 64 -98 35 -6 72 90 -14 40 -34 3 
18 -57 -6 -47 50 39 -52 -88 19 -98 22 -51 5 -49 -36 54 17 17 -85 -80 -27 -19 -10 -83 67 -6 15 1 -14 68 63 -94 -24 -64 -74 76 14 43 -16 63 91 33 20 12 -15 53 58 33 76 -85 91 -44 -19 30 -42 4 72 -32 -38 -65 23 72 -32 -85 -37 -13 -39 43 37 80 14 89 -22 -74 -26 91 4 -24 -55 80 -76 -83 16 19 89 -27 -78 10 80 57 -15 -99 30 -44 67 -34 73 -79 60 -57 98 54 -38 -82 -65 -13 96 -19 -81 -11 50 18 -60 -86 -8 -26 -68 77 -23 75 -32 -1 -28 75 -16 87 29 -42 43 25 -69 86 18 63 -38 37 -7 18 80 33 93 20 -53 22 19 -78 61 -16 53 -60 35 36 58 -6 87 -73 -91 26 0 -48 58 49 22 86 -68 -64 -34 99 98 -48 32 -99 -56 -68 89 -29 -33 -44 -49 42 46 -46 -49 94 -15 39 44 22 8 -67 5 -28 12 71 69 48 87 -38 -64 -81 -92 -85 0 64 61 46 8 -33 -96 -40 65 -98 80 -27 -7 10 28 -8 32 -44 -5 93 81 -64 -85 -34 13 42 -87 95 -88 -63 -8 96 -17 32 17 82 -19 11 -6 71 20 78 -27 -84 -25 -24 48 -25 -12 18 -34 58 -52 60 -47 -64 -56 -35 12 17 80 95 32 83 -76 -55 97 21 30 2 47 24 -89 -13 -82 95 56 -56 17 -29 -73 -70 62 -93 65 -10 -39 48 97 11 -95 72 42 -38 92 58 -90 -99 -37 -93 61 -3 -12 18 -85 -66 90 20 11 32 19 92 11 39 0 -86 -21 63 84 96 -12 -64 -45 69 77 -1 77 -70 -90 33 -9 -24 -80 83 51 -88 16 -9 -20 -70 22 -16 51 -85 -53 58 -52 -52 40 -81 50 -60 10 -8 -27 75 7 -98 -57 5 -30 -34 68 -66 1 -20 -14 -40 83 -8 -84 -75 20 -24 23 -56 54 -72 -85 -55 -48 18 26 98 -32 -72 -52 91 2 58 -47 -79 82 -45 64 -56 -21 -33 -15 80 -71 65 13 35 -49 11 91 79 64 -50 26 32 -41 -74 32 86 81 -13 -18 -23 -86 -45 86 -92 53 -48 24 -34 5 84 88 -77 -23 -29 29 19 -32 55 55 83 -8 58 -83 -64 54 96 -69 84 -18 -23 88 57 69 -29 35 -73 -33 4 -92 89 46 71 48 61 66 -39 33 -33 -27 38 30 48 -9 -53 -64 -91 -91 -49 -39 65 47 -2 61 -15 77 -16 -65 -65 -80 -80 -80 66 10 -36 63 -63 45 -79 
76 28 13 -83 -25 -70 32 75 -56 68 73 -62 -53 67 65 48 -59 75 24 33 -32 -48 -46 5 -23 -22 23 21 44 -18 44 28 54 83 82 -55 28 -57 32 -73 49 -74 44 66 87 -79 -28 -43 77 39 -58 -13 30 -10 59 -6 -24 -99 20 6 15 27 5 92 -92 8 53 72 -24 36 -15 -48 -63 57 -4 44 95 -10 -18 44 -64 -17 -55 -59 60 -70 36 -16 -6 -92 16 -95 -90 -33 13 18 24 73 -57 -55 -86 82 31 96 7 99 -16 9 -70 98 56 -1 92 -53 -44 -42 -84 -90 97 -32 84 68 39 0 43 -42 38 70 36 82 -16 -97 -15 87 -10 0 -98 -48 -57 56 -6 66 -99 66 -29 -42 -89 -8 -41 -67 4 34 82 -88 -5 7 -24 -52 56 80 -44 29 -50 -16 44 -14 27 -67 -86 -23 -49 50 73 42 -33 -75 39 -86 27 95 69 63 -74 99 -67 33 -62 -65 49 20 -72 39 -24 41 -34 -79 61 38 -78 -73 -89 67 -31 -54 62 38 -14 13 78 -29 1 -51 37 -38 49 -86 96 22 -69 86 -85 -82 56 34 65 -27 98 9 -17 39 -3 -22 -57 42 32 62 -30 -70 -96 68 -19 81 -61 -5 -32 19 -97 -84 -54 -71 -81 -69 3 -88 -74 -85 -25 75 95 -92 -67 41 56 43 -30 52 58 16 -16 -81 73 -79 -46 -71 93 -25 74 20 95 -85 28 -63 -7 96 -7 -63 -37 28 32 -4 51 -98 86 29 48 -25 -67 -24 -20 -82 -62 5 -68 30 49 -75 -1 -78 -46 -52 51 75 -57 87 -79 43 -61 -8 79 16 -53 -24 69 -91 60 -84 -65 -76 17 88 3 -93 -22 50 59 88 -37 -59 2 -33 45 45 70 63 -69 -46 18 58 13 2 -7 82 6 55 69 7 -16 75 22 -67 -10 -6 16 19 29 47 -82 79 -26 -18 -75 -63 -95 85 64 37 82 39 80 -6 -40 -44 -94 59 -59 -67 48 -29 35 13 97 -57 -5 92 -14 -11 63 -20 -87 18 -62 -21 -63 -46 -5 -29 29 52 -70 -26 -20 62 -24 -95 -37 11 65 40 83 72 35 -37 93 -74 21 -88 93 41 29 -33 -71 15 87 61 90 -95 96 -65 -33 -72 -80 51 67 -28 99 -36 -78 30 -62 68 -5 -58 53 21 86 13 -93 -22 -70 -99 57 -16 -2 -57 -27 18 -87 -99 99 -64 -36 41 -54 94 45 61 -48 43 21 36 26 41 20 -90 0 79 -98 31 -68 10 34 53 56 -58 -35 38 -13 36 -55 87 
-59 65 -18 -62 -56 -78 21 97 -71 46 -89 -89 -17 42 -60 66 39 93 43 -27 -41 -72 88 -53 -86 -59 18 97 35 -36 7 -29 69 74 -67 -78 -98 -52 54 77 -59 75 -15 -96 -97 -49 -55 66 -27 -55 25 -8 27 -93 -10 60 29 16 25 16 3 -20 -69 -49 47 46 3 -71 -88 -84 78 -41 12 28 54 87 -73 -24 -91 -74 54 -19 42 68 91 -76 48 -99 -17 61 3 49 -45 57 31 58 -52 57 61 -80 -14 32 -24 -68 12 -69 -62 33 42 -76 50 23 -20 10 36 82 15 15 -16 68 66 -31 -23 -50 67 99 97 21 91 48 -79 24 -21 -35 40 12 -78 6 -63 -58 15 -72 -67 -34 -41 -95 -41 -60 -23 14 -2 -68 83 89 -13 99 -38 72 -1 -71 -89 -46 6 -71 56 -86 -19 -86 34 70 -37 -90 58 -16 -67 58 47 62 -89 -21 0 84 -31 15 85 -90 18 -91 -23 69 20 -35 -48 -93 -41 -48 -33 3 -85 -21 -42 -61 -59 -6 96 -47 -93 34 -54 16 67 -36 -46 49 -77 12 -33 -95 3 15 23 -83 55 78 -63 33 93 39 35 24 -93 -22 -57 -45 75 16 -33 22 -11 -13 2 88 21 -43 21 -69 -35 -93 6 -49 -50 89 -4 97 79 44 -95 -76 -57 -98 99 93 -31 -87 88 -76 -83 -40 19 -90 60 -23 9 2 -24 -18 95 76 -55 -19 -13 -15 83 -36 -99 28 12 69 69 -36 -85 78 -88 61 -75 -54 72 -21 92 37 47 63 13 88 -61 73 79 92 51 -32 -73 12 12 4 38 96 -77 -78 53 -77 -40 3 -35 69 -66 -31 -58 3 83 53 -86 23 -38 56 88 -27 75 82 -41 -95 -58 78 -82 75 -40 -61 -70 46 -40 50 83 0 83 17 59 -62 74 58 71 -93 -42 5 98 -77 49 -70 69 -25 83 4 -10 62 -2 78 -59 -61 -44 -87 82 -5 -45 -49 -76 -71 -72 -19 48 44 90 29 -95 -95 44 -43 -19 36 41 48 20 -63 -61 10 25 -93 97 36 95 1 38 46 -27 -38 -36 87 -55 32 24 62 -12 -22 47 -19 50 13 -65 -40 -93 -42 51 -22 83 -6 -70 -66 63 7 97 79 28 24 -43 55 -49 -12 89 -76 65 61 84 27 84 88 -74 -61 -7 -61 5 61 -31 -85 -29 -56 83 -85 -9 71 -85 97 -31 66 -69 -3 -26 -81 -19 13 12 48 11 -4 67 35 -43 -44 84 -73 98 88 -61 37 -63 26 69 -34 -79 26 37 -19 6 5 
-74 -82 9 -60 -1 9 -26 7 58 -18 -73 48 -91 44 -33 58 -4 29 -55 -39 68 -6 -5 -89 -2 -3 -25 20 27 18 38 -13 96 83 78 -33 -14 32 -14 -32 1 -93 -38 -10 -76 71 25 -34 43 -72 -12 21 37 99 4 78 -82 -16 -25 -49 -99 65 -73 -71 -12 9 37 89 68 86 86 -78 57 -67 -49 -45 75 -66 -81 81 58 -34 -36 -41 -64 50 -27 73 -29 2 -9 33 -27 3 -66 15 85 69 59 82 92 -1 22 -74 -38 35 73 -92 -29 -91 -84 -33 47 -50 -45 -35 99 73 -10 0 -56 -11 -25 47 -55 41 0 -10 54 -30 1 80 83 63 20 64 -46 49 -80 42 62 68 97 82 -66 -52 -79 55 43 -74 22 56 3 -53 92 66 24 48 11 27 -59 8 -5 -84 -88 98 -12 -79 -8 74 -40 -85 -17 80 -44 -83 17 91 -30 -57 -5 22 -86 6 -39 5 51 -71 -1 -41 68 -3 -33 -53 53 -84 -39 -14 43 38 -57 5 10 42 -54 80 -4 -12 45 -26 20 36 91 -87 -10 -92 -57 -44 -25 33 -28 -96 -53 -2 3 -54 -64 38 -5 72 -83 -78 55 65 -34 40 73 -7 2 -24 76 52 70 41 -11 -61 -77 -84 -15 -12 -68 9 -45 73 38 -41 31 -43 81 -65 -45 98 20 40 23 8 68 17 -63 10 -95 -76 82 -90 -68 25 -16 40 -72 79 38 86 67 -85 75 -10 12 36 78 65 6 21 -38 -66 42 93 -15 -85 -96 -86 -49 -85 -87 -31 81 -70 93 17 86 -49 -33 12 -37 -37 78 35 -93 37 85 17 18 -52 40 75 -83 -22 85 -58 59 -3 72 97 -22 23 -18 -52 2 20 -7 76 20 69 83 88 68 -6 -66 -44 -1 60 -49 51 -28 -51 -75 37 97 -39 64 6 76 -70 -13 -34 -75 -20 13 -11 -46 22 77 -41 21 -12 -2 -20 42 86 -47 87 -52 -31 50 -18 -30 3 -52 76 96 -62 -94 -59 -19 -86 -63 -55 79 -42 52 -13 24 -29 74 -87 37 95 -90 53 -50 71 67 71 65 67 -30 85 23 45 -55 -76 -47 95 81 93 95 83 91 -41 -27 -73 -39 -70 16 30 -9 -48 62 -90 96 -96 -96 48 -47 45 38 -77 42 -4 -76 69 94 -58 15 86 78 -92 -79 97 -29 25 -82 -16 8 -99 42 -39 -20 -80 -64 78 -14 -43 63 -91 31 -26 70 97 11 -19 38 2 56 52 79 19 61 -78 71 -50 99 57 -61 -42 13 80 -7 51 -60 21 
10 44 80 -66 -37 6 6 -79 6 -49 35 67 -81 -36 -99 76 -11 69 72 39 -58 24 -44 66 38 3 73 14 75 54 -86 88 18 -87 98 -16 54 -40 55 -24 6 -97 16 -86 90 -63 -23 62 31 -60 -30 -8 -96 -30 23 25 65 -58 -37 3 6 -82 92 -14 2 52 -33 87 99 50 40 -71 75 38 70 73 -5 -32 50 20 71 -2 -46 -60 -24 31 -65 66 49 -13 72 -14 80 -16 12 6 -80 93 28 52 -27 -48 -34 -74 -66 -29 -7 -6 -15 -36 95 57 24 5 -94 -61 22 -84 71 -44 63 16 1 -76 -23 60 21 69 -28 -70 37 -18 -71 -62 -14 -52 -57 -26 -10 88 -8 96 -99 -90 -20 51 -13 -58 -46 -72 -43 -46 28 -31 30 75 15 81 14 -72 9 -83 -41 77 -67 7 61 2 -21 52 82 -70 61 64 -2 -57 78 90 37 -4 -75 30 -7 82 -91 -18 52 -2 96 -20 -37 92 -11 70 -91 35 63 25 -29 -74 -34 -58 -98 -78 16 98 4 -49 34 4 -25 -86 5 52 64 -7 51 -13 38 76 99 80 55 -26 53 7 8 -87 47 -17 36 52 4 -31 26 -37 58 -45 7 90 11 -60 -70 65 43 -48 65 -33 -87 -89 -26 -11 19 -26 88 77 -13 2 63 -2 -13 -63 -8 -57 39 -5 -86 -84 -94 -10 -19 14 18 -28 48 -13 -3 -53 38 -86 -3 10 -12 -20 -41 44 73 1 22 61 90 7 31 -63 -14 -77 -66 -61 32 -62 -16 17 -25 71 -24 -98 -49 -88 7 -13 -32 -27 -14 4 91 53 2 74 -33 44 -32 52 -14 -46 44 -38 -89 78 57 53 0 -52 33 -15 52 -93 50 -71 7 -34 -75 18 -78 46 -59 75 -95 -88 79 -94 72 64 -50 40 56 13 -66 -75 -60 -74 -38 -17 43 94 -91 -34 -44 58 -77 -84 -2 -28 -18 45 -87 -3 -31 -67 63 84 -98 -20 37 -51 69 83 -42 -12 -80 -7 56 -55 -21 -30 -64 25 -93 -34 39 97 -16 53 -82 -84 54 -60 -36 -15 92 83 -54 -2 20 64 -77 83 -60 -28 -44 -21 -66 70 59 -90 -50 -14 -1 -56 -28 50 70 88 5 -70 -28 13 -69 31 -88 1 -91 31 -54 41 -94 -76 2 13 -43 89 -3 50 -43 51 -43 89 97 -69 30 24 -37 82 -38 60 -63 -74 -19 38 48 -82 7 -4 -4 -60 -63 98 -64 -82 -38 48 -40 83 -27 90 79 31 -27 52 89 -32 41 61 48 53 39 1 -26 87 -26 -66 
-47 54 -89 17 -86 -96 -66 82 -62 2 -33 -8 34 -3 -14 -42 -93 -37 75 60 40 -77 -10 20 -24 16 40 -2 26 -12 61 -66 -94 93 32 -58 -70 78 -99 71 49 64 -6 -53 -88 -63 87 -1 86 -69 44 3 -91 -51 -21 89 -59 88 -83 -99 47 -67 35 37 11 85 56 -58 -40 85 -52 -31 -13 50 -99 -93 -31 -64 7 -71 48 82 73 1 -98 -68 -76 89 51 48 96 -15 38 -47 -39 70 89 74 -50 85 -98 71 63 42 -85 37 -44 -33 29 25 19 -45 67 -40 -97 72 68 15 -47 4 -75 5 89 24 -23 10 56 23 4 -99 92 3 -40 46 48 -76 -90 -36 -25 -86 -37 -35 -55 47 64 35 14 61 -27 9 -61 -91 -38 61 -51 89 -42 63 -54 -85 65 -66 74 -44 -11 -48 -83 -62 -42 -99 -81 30 -50 -88 16 74 4 -24 41 42 92 51 -96 46 71 -80 11 12 -17 -1 3 -74 96 -61 -34 99 88 -10 27 40 -39 44 92 31 17 -52 -52 -69 33 44 26 -14 -50 9 -55 85 13 5 -47 53 37 98 79 -66 97 77 -17 84 -64 25 85 17 -1 -12 85 -74 -93 23 -70 75 77 34 -42 24 44 -55 40 -7 55 12 69 -32 -50 -91 -91 45 -82 -25 21 -7 -10 -15 8 -54 -2 -79 26 17 69 -55 99 -70 -94 1 -95 -79 57 -81 48 96 -88 -39 63 78 -5 -30 32 -70 -17 48 -78 1 85 -7 -73 71 -5 30 -73 41 69 54 -60 -56 67 -6 -53 -66 -84 -83 -95 20 12 -66 -82 -69 -39 84 -60 17 99 47 -62 47 40 34 -17 -68 -57 95 11 92 52 83 82 -4 93 -72 -21 81 57 55 -42 83 97 -57 -35 38 82 -13 1 36 -79 51 -64 -32 48 91 66 -39 -97 92 -86 -35 73 98 -34 -72 90 44 -95 -51 -99 -17 36 -96 84 -2 -54 -61 37 72 63 8 7 -68 -5 93 83 75 9 89 -16 -3 -49 11 35 -41 -20 -55 -53 -18 -89 -53 -25 -59 -19 56 8 -98 -53 -64 85 -4 -13 -80 -94 92 72 49 34 24 60 77 10 42 -82 -49 20 -14 56 -53 -74 -24 -73 -83 -75 32 45 18 -56 -80 -63 30 -4 -53 45 -15 70 67 70 -41 31 -25 12 47 -20 59 -48 63 86 32 75 -71 76 54 -37 63 38 26 94 90 -49 -16 -38 -88 -79 -92 56 -18 -62 -17 41 41 -80 93 2 15 73 8 73 -10 -56 76 62 -16 88 -88 41 -48 
50 -49 6 73 -3 83 14 42 -10 -11 51 -16 54 28 44 -57 -75 -61 -84 95 50 46 48 68 -58 30 -81 98 33 -31 -69 -89 74 -35 -62 62 31 -60 97 -29 42 99 -58 -42 80 59 23 74 -84 69 -17 97 -18 58 53 1 -53 64 -36 -43 -40 43 11 -35 69 23 -8 -86 -85 69 -36 80 35 74 -84 -96 -10 -77 -4 74 -58 -97 45 -6 -80 -7 13 -83 -64 -52 59 70 -36 80 76 -31 -25 76 19 46 -45 51 -25 -84 -31 -51 43 46 -67 -3 -71 -56 -35 53 93 -82 -40 58 -71 -26 -2 -22 80 -18 -13 -41 64 71 -24 -63 79 44 -95 -72 40 -82 -47 83 70 -88 -26 -11 2 49 -7 1 -73 34 44 -72 -50 28 70 -86 47 -70 15 16 61 -81 -31 -53 46 52 29 0 -52 87 16 -31 -40 -17 -43 2 -60 48 -55 83 -41 -65 -39 70 35 -37 66 45 -7 -87 84 -81 97 -82 -36 -88 75 -89 38 37 31 -9 27 -41 16 42 38 -65 11 98 -79 -95 -50 43 -55 -49 27 91 -52 -11 98 93 3 -3 82 -94 81 96 -4 -44 -42 -65 36 22 -95 -64 92 -99 85 15 98 -83 64 -5 71 -57 75 96 44 -43 -80 93 20 64 -34 -22 72 83 -42 99 -78 -46 -10 -16 -11 5 -56 -22 -81 -69 80 1 -34 51 36 16 -93 -86 12 -38 84 -4 35 34 96 -21 -59 -18 2 -55 -59 -89 -25 99 50 70 -72 -7 -47 27 -26 1 -84 -89 53 12 69 -42 -80 65 -7 67 92 -56 -7 84 9 -45 -54 -7 -48 14 87 -13 -40 -49 98 80 36 66 -14 86 -54 10 64 94 13 71 48 71 -79 -63 35 -8 91 95 3 44 -76 4 -24 -73 81 -86 -94 -23 24 93 -58 -42 -23 -63 -55 -45 -63 85 -22 95 -20 -3 -32 73 64 95 3 48 -16 -88 -11 -21 -55 -32 6 -44 97 -42 78 -73 -3 10 34 -24 -41 -55 -92 94 -6 -18 21 55 99 -77 68 8 52 -61 70 -59 19 -54 -15 14 -4 51 -77 -79 -82 93 70 79 -80 12 7 75 70 -7 -66 96 47 -47 4 -24 -72 70 37 -20 -70 92 -6 -95 -10 -18 -58 5 10 22 60 -11 -61 94 -75 -61 -91 39 -60 54 11 -54 -7 -51 99 -54 48 -76 35 99 73 -40 91 13 -94 -29 -29 -32 -82 -62 -68 74 -70 -76 -96 97 62 72 -99 64 -47 -91 -38 32 -96 97 38 5 -9 92 6 -39 21 -20 73 50 
-11 -98 -19 11 20 -75 54 -99 89 -50 36 3 19 -90 -29 -49 85 29 -87 -24 -5 58 94 -62 -23 -59 -99 34 39 65 95 -15 -67 -82 -83 -16 -66 9 13 -45 77 90 37 6 -93 75 -56 60 84 -63 71 -5 -93 2 44 -23 3 53 -71 -3 63 41 54 92 10 38 92 52 -8 97 59 -12 9 95 -46 -2 -46 -9 -77 50 78 -51 -14 4 -70 -98 12 -77 -94 13 -25 22 76 -8 57 12 -61 -55 -37 14 -29 90 -77 -21 46 -87 -20 97 32 73 89 75 40 -89 20 16 -5 -12 64 2 38 -2 -61 -89 -26 -65 28 -55 81 47 63 -39 94 -48 77 2 -68 17 -79 -75 -74 -64 40 -83 -9 -70 -50 4 -49 -44 -49 3 64 -20 -65 94 95 12 35 55 -20 -48 -56 81 -37 -91 77 -38 -82 -54 60 -79 -69 -12 -19 -81 -72 -89 96 -30 -45 98 98 -53 -38 -2 -47 98 95 -36 23 1 90 -74 -35 -73 26 -17 89 -74 39 36 97 30 -75 98 -2 -10 -37 -47 -7 -54 10 -32 -55 80 -48 84 -71 -53 73 -7 19 72 47 -31 -35 -58 -21 59 -40 -11 40 -50 -58 88 30 69 -10 66 -81 86 -14 -73 -31 -20 -55 13 36 -68 -54 89 -27 -36 -72 -79 -5 -59 -68 68 93 85 13 10 -87 -55 -85 -39 -53 -36 3 -20 65 68 -32 -64 -8 -53 -38 53 -3 -35 -33 9 52 4 1 -42 -5 96 63 -53 87 3 53 11 -40 -55 -48 78 23 -93 -39 59 52 -13 43 91 24 9 -61 -64 60 -64 -34 -53 81 37 -98 94 84 23 -96 -23 -73 86 31 -26 -68 66 66 -35 51 18 -1 62 -93 -9 62 77 -17 -29 32 90 32 -72 -71 -89 10 -84 39 68 13 -34 76 -79 88 67 42 -88 -41 -43 20 -27 4 -49 66 41 -98 93 -44 -63 37 97 -55 -86 -35 85 -10 67 32 87 35 -84 -87 38 17 39 30 -53 60 0 13 -75 -83 87 -35 82 -8 80 24 36 64 -56 66 -81 -9 26 22 15 93 16 56 -70 -8 -34 25 -56 -92 19 54 -18 73 -24 -83 -57 8 -15 -1 54 82 -44 39 88 76 -66 -5 -43 96 15 -52 54 64 -84 -31 18 21 43 -96 -14 8 -22 -27 29 82 -61 3 -23 26 41 -52 -93 57 9 -42 -15 -40 39 -5 66 -63 27 -3 66 6 88 35 -15 -17 6 -48 60 60 -72 -17 6 -34 -46 -83 -8 -86 -6 -31 5 -84 76 -96 54 93 -46 
-50 97 -5 -92 6 48 -98 20 -98 -4 -51 4 -53 -70 82 -21 55 93 15 -24 82 -54 -42 8 60 -87 -63 -42 -86 -46 4 68 -79 93 -30 62 -78 56 79 24 -10 -52 71 84 -16 -51 40 -63 11 1 2 -70 -28 -5 -70 79 -61 -12 75 81 -64 72 -38 2 18 97 -94 -74 4 -58 81 44 -27 -71 -21 -11 65 3 -90 -99 -20 -98 41 29 99 23 74 -34 29 -14 -96 -96 -35 -75 -83 70 62 78 -77 96 27 23 -7 52 31 23 -84 -42 43 40 -51 67 8 -38 -3 -13 95 -90 -14 -11 4 -10 -63 43 41 24 -34 83 53 68 93 2 -59 76 -19 -15 -6 -85 -65 -9 80 -62 93 -5 49 -53 10 13 -31 -2 69 -37 48 80 35 19 -83 12 84 15 -29 -36 96 99 10 75 90 71 2 -53 -94 -80 -14 -98 92 73 -26 82 -97 10 -96 92 11 68 -9 -69 73 -26 -75 60 -5 69 -26 -78 -40 -59 78 -9 -86 -28 41 -74 -26 70 -51 -1 -94 -80 30 59 -94 47 3 61 -26 45 44 13 4 82 -91 0 95 -57 -68 95 -10 -95 -97 -13 -81 -23 12 -80 -33 63 2 -37 -93 45 -88 26 -1 -49 10 -99 -65 -2 -73 -71 -73 81 93 60 2 98 29 -99 -95 71 82 26 57 -64 -8 -4 56 83 -40 -14 16 -7 -41 -68 -24 49 -82 3 82 -7 9 6 19 70 -53 -65 -62 25 96 17 36 13 2 65 -43 -68 38 -52 -42 -54 14 57 96 3 89 51 39 92 95 24 19 58 -28 -95 -61 42 -14 -91 74 -91 8 -82 60 -68 -49 -77 -8 72 -78 97 70 -41 -64 30 -39 6 3 -74 6 2 27 14 25 51 5 77 22 22 -95 66 -69 31 -48 -60 67 58 71 81 -50 32 -9 99 70 61 -56 83 31 -31 -90 88 -94 -13 -25 -46 -7 61 -49 43 17 63 42 85 33 -28 27 -50 93 -13 15 87 96 -88 -91 66 -23 21 -99 -70 78 13 -67 69 -22 -43 -21 18 96 -64 -41 -19 21 49 -80 -90 61 2 -19 75 52 8 -55 -54 -23 -24 48 -90 27 -31 -85 -59 82 -36 -93 -70 12 49 -72 -86 -81 88 92 -1 -62 -43 35 74 99 -40 71 -24 71 -93 71 -73 82 -15 -38 3 -66 63 75 -49 -28 2 -86 -9 8 32 21 5 58 -41 -4 68 89 -6 -1 -19 50 -25 -63 -31 22 29 -16 -37 -84 -7 51 -17 88 26 -17 59 20 -57 -51 37 -22 32 
37 -74 -76 18 -43 -43 -60 -4 -64 22 26 76 59 -94 -75 22 -83 49 -5 -46 93 -54 30 76 83 92 -86 -38 -15 50 79 -56 67 -99 73 32 -89 -40 36 -36 81 -7 -47 -13 36 -36 10 -43 86 41 -19 -87 -88 -79 -89 -6 4 72 -50 -5 39 6 18 86 49 15 6 -2 36 37 0 -9 -14 13 -99 -6 -23 51 -11 -64 85 -73 81 -51 44 63 93 54 14 85 -94 78 -88 76 42 -56 -34 24 -96 5 96 76 69 69 -92 -2 21 11 -99 -61 -83 91 18 87 50 98 -60 60 86 -36 99 -54 -94 -58 45 96 82 28 -21 -60 92 -26 92 -40 -41 -48 -44 61 77 52 8 -75 -4 -84 38 34 53 32 92 -74 -53 -11 -43 -70 20 10 63 30 13 -51 -37 37 -87 55 -54 -98 64 -46 82 43 -23 20 13 -28 40 0 9 -58 -65 -85 -22 -63 -60 94 61 -88 61 4 -31 -29 -13 -57 -27 -78 46 -40 -48 -24 -8 20 -47 -18 -25 -80 73 -31 12 -38 -91 45 -45 3 -18 -32 -52 73 67 90 -74 -57 9 -60 -26 10 -92 60 -6 97 53 56 28 57 78 -90 73 -83 59 5 82 -16 -42 44 48 -11 4 21 -70 -53 9 0 -14 -62 78 22 -50 47 47 -82 -69 36 40 7 -61 -62 16 -9 83 4 -45 -37 38 -57 26 -34 -34 -10 -77 28 -77 98 -98 99 -39 -1 -16 99 -25 45 48 85 -22 43 79 -40 -96 24 -98 -19 -34 -60 -76 -80 75 77 93 -31 3 86 61 -18 46 77 68 -88 -83 97 -23 46 -14 -41 15 -47 6 15 -15 38 -24 47 51 -30 -44 -24 -93 -49 -60 -10 55 -62 66 -11 -10 -59 95 -74 -51 88 -70 -33 88 -63 -66 37 97 37 26 75 -49 31 96 96 25 -95 38 61 92 58 52 -86 -84 89 76 36 -7 22 -52 -19 93 77 24 -29 64 38 45 28 24 50 -65 -23 80 -78 12 -41 31 67 78 -93 -86 -89 -83 -27 -6 -99 -99 -70 -70 10 24 -55 -34 -77 -98 -98 -40 79 32 -95 -96 36 35 -95 -73 90 83 -18 -78 -70 82 -13 -16 -33 -21 -72 54 -86 82 68 -90 79 27 -51 -59 -3 78 46 77 -10 12 73 -44 -33 -20 2 -47 -21 -47 14 -71 98 -61 68 27 -47 -32 -41 40 -5 -85 11 83 4 -66 18 41 1 82 57 32 90 -80 98 -85 75 -34 -22 68 25 -61 58 63 -27 -51 -47 16 54 22 19 7 -53 98 13 
-80 21 7 73 65 -32 -81 -53 -49 98 -32 -22 24 59 70 36 28 -71 41 22 -17 80 91 -1 -33 56 -38 16 58 94 86 94 63 93 -83 67 -69 -10 -60 23 -60 62 46 69 -23 -55 48 76 -99 -80 -63 -33 57 80 26 -67 -59 67 -50 -44 6 30 -62 34 69 -16 -53 -19 -8 23 46 91 -48 24 -4 26 -23 85 68 27 -66 89 50 58 33 27 89 -95 -84 -2 95 9 45 -60 63 43 10 47 61 88 -76 20 80 54 52 -43 -70 0 73 -99 -89 46 -47 -7 86 84 -26 -97 -99 -37 44 17 -8 40 -52 5 -53 93 -65 -29 -95 30 -25 61 34 -95 -49 94 -21 -96 -38 -64 -31 54 -36 48 91 -1 52 20 -45 -13 -73 89 38 -58 -67 -62 89 54 69 -97 -71 6 44 -43 41 71 5 -65 -48 10 -17 0 48 0 83 0 60 -80 21 21 93 -49 76 -21 -16 -95 63 43 2 89 90 51 71 -20 -62 -85 51 7 81 -95 67 -42 -74 99 -32 -3 -56 -75 69 -79 13 9 -27 -12 -15 -90 -78 -53 50 27 -56 -75 -82 -40 76 -54 45 67 -42 -4 31 -41 -38 -52 22 -32 90 -15 21 -41 -64 -86 -62 18 -7 66 58 -99 91 50 50 -12 -82 50 -83 29 -29 -9 69 80 -64 -48 80 -85 12 9 84 1 61 -64 -30 -29 94 98 86 9 32 -22 10 -98 11 92 -2 -48 6 -82 -35 -75 -6 -34 87 81 -31 84 -98 -78 10 -1 -95 59 67 48 24 23 54 -89 63 9 -16 14 -61 -9 -52 -21 -59 10 38 -59 54 40 -70 -46 92 -8 -10 96 -52 -79 -39 73 51 -68 43 -49 -1 -92 73 9 -19 -31 19 28 -14 43 -25 -22 -95 48 -78 -38 -46 98 -91 60 55 65 -56 57 51 52 14 -52 -57 -66 -61 -32 19 12 87 84 3 -25 -11 -32 72 -71 -15 55 30 83 -24 55 14 20 -61 28 62 -52 53 -72 -46 50 -2 -31 41 -21 -22 -78 -74 -13 -85 -8 2 37 -44 10 -36 46 12 72 36 -73 69 -78 95 -15 43 21 -92 84 -46 -97 -20 -88 -44 -21 -80 -87 2 -8 -64 11 -86 80 30 32 61 -37 -58 -9 -95 -83 -48 50 77 26 -26 -28 55 -27 -97 -21 -38 1 33 30 6 -86 -66 -30 -6 -5 -22 -5 -7 59 54 -37 61 -4 64 22 -78 -91 55 -74 -39 61 -66 20 23 41 -67 3 70 9 -8 -72 84 -59 16 -13 18 35 -36 -25 5 -61 
-49 -38 55 -93 34 -75 72 -70 3 -50 20 -51 42 31 5 80 68 53 86 5 -80 -77 68 57 -55 -74 -48 -83 -19 -81 83 19 -22 -40 -43 -76 70 -52 -28 22 94 -14 41 42 78 39 -60 44 87 22 29 98 -79 -5 -17 19 78 14 17 7 32 55 -29 -31 -95 81 23 -97 34 -61 -13 -7 13 -43 84 54 -69 69 -21 -22 17 -66 -3 94 -50 55 0 17 22 72 -18 -31 30 10 27 15 -54 -87 62 -69 -99 -63 -39 12 18 47 25 -5 -62 79 -48 91 -72 72 35 26 68 8 -96 -1 -43 -82 93 24 -65 71 -47 -52 29 -29 -45 57 92 44 15 10 81 -90 82 37 82 -45 -31 -43 3 -80 65 -43 58 88 -46 11 -88 97 13 28 17 -11 65 -13 63 -98 -68 24 76 30 88 80 22 -81 -43 -83 -75 -90 17 -92 74 19 -42 45 5 60 93 62 95 21 11 -1 63 -23 -41 -84 -67 13 -31 7 -37 54 58 80 38 -83 25 63 7 89 -35 -24 17 -90 -72 -52 -20 84 -57 57 29 -39 -93 -22 36 -25 -94 12 -29 -57 53 8 45 74 -46 94 -27 -61 80 -63 48 -99 -41 20 -48 -5 3 79 30 -18 69 61 11 49 -2 -23 78 56 62 50 86 56 -13 -8 -5 -22 -52 -29 -19 84 -8 -39 15 11 92 -71 48 -63 -45 -45 50 -96 -81 37 -11 -49 -7 -36 47 21 -75 33 -28 -16 47 19 -70 47 92 55 0 48 43 -14 -14 20 71 85 49 63 38 -17 -20 65 81 46 -48 57 82 71 42 64 72 60 97 -50 61 -18 76 94 -16 -82 74 -12 62 -40 17 -12 77 -27 -49 -34 -16 67 5 -58 -36 -28 71 -41 0 63 77 -86 -38 -74 43 -26 66 -3 -21 60 34 -38 -32 -12 -42 -74 -54 -94 -24 97 -10 92 70 -56 89 72 47 -65 30 -95 93 -69 79 -46 -70 -12 -96 8 47 82 23 81 67 85 -50 65 48 24 -11 90 -24 68 49 94 -80 -26 -88 59 -39 77 24 74 -10 93 -46 -95 -7 99 87 -3 0 14 -88 91 48 83 7 -35 68 87 73 -74 33 -83 60 80 36 17 61 31 -52 43 94 -87 -72 67 51 -56 44 76 45 80 65 -1 -11 17 -38 44 -29 25 -38 49 -91 -79 48 -26 -1 88 65 -38 39 -17 61 -96 -71 55 91 -2 -97 -20 -74 29 77 65 66 74 48 -83 -66 20 -82 -82 21 68 45 51 1 -67 86 -43 4 58 
61 -30 -32 -42 -7 72 13 -6 84 -14 -44 -34 62 16 -31 -96 -9 -88 36 -40 35 -26 -52 67 84 -50 17 -18 56 48 -75 -81 56 -90 13 -64 -1 -75 35 -75 84 -72 -65 -9 54 -70 -46 -18 -29 49 88 -93 94 -77 61 64 71 50 -31 73 -44 56 -20 -79 -5 -17 89 -71 39 41 45 24 -29 35 6 -98 -41 63 13 33 49 -24 -77 1 -25 85 -46 -27 28 -21 -58 52 -56 4 -64 -65 31 32 99 -10 50 41 81 -46 -8 0 -71 60 56 71 84 76 -66 66 48 10 -63 51 -98 4 27 -40 -36 -4 -42 -90 -32 -72 -37 30 96 -61 81 76 54 71 -27 -90 4 -9 9 70 50 27 47 -43 -78 -66 86 1 57 -3 -82 11 -54 -56 -16 -12 67 96 -34 78 72 -48 95 92 92 -35 -80 -17 81 47 -11 -28 75 -37 -77 12 77 -68 -92 46 -12 19 58 16 76 96 49 49 -30 -66 64 74 -30 39 -34 -99 -66 -17 17 30 23 -56 84 19 2 -77 4 -4 -68 -7 1 93 4 36 -7 -16 22 15 98 -34 91 -40 -5 -22 78 -28 -51 -29 -68 -95 -39 -5 -32 93 -40 -19 83 45 -14 -67 -23 70 7 -21 -35 -93 -26 55 64 96 -14 -59 59 -6 71 76 96 -51 9 -28 -85 -63 94 14 71 2 -7 26 54 92 -61 -26 -80 -54 16 -64 6 53 34 99 28 -40 -55 -96 45 80 54 -11 69 0 93 99 -72 -81 -58 90 97 8 73 -19 -71 -5 -21 -63 13 95 30 57 -55 -72 51 47 -48 -9 56 -18 -95 -38 17 63 -11 50 -75 -52 25 -18 68 83 -42 75 5 71 -70 -91 69 -33 53 -40 -37 -31 -57 78 -50 -40 21 -64 45 -34 99 77 12 -25 -72 -12 8 -97 74 22 89 54 -90 66 36 -14 96 84 85 4 51 74 -24 88 -25 80 -34 27 32 37 17 39 43 -39 -63 64 33 61 92 -50 92 96 -69 57 -44 5 -5 5 80 7 14 -14 30 3 -60 -33 26 -59 50 -32 -6 35 -11 -82 90 -92 70 -2 -64 -48 -25 2 36 27 31 -59 47 12 -46 -55 -57 -14 89 44 -41 -59 -91 -53 32 27 -4 31 -71 -36 -42 -22 79 45 67 -94 10 34 28 -30 14 61 75 86 -57 -31 -99 -56 -39 -38 -75 -24 18 42 -23 37 -64 5 46 60 70 -48 -35 -75 -77 -73 -36 -17 -22 44 73 90 9 80 59 2 83 -13 -67 -60 21 -97 -22 -29 -65 28 
-42 38 95 -33 19 30 -1 -40 -33 -5 16 70 -91 17 -96 -50 45 65 85 -77 28 -8 -76 -58 -4 -66 91 -57 87 -51 50 -88 -27 85 81 34 47 41 41 44 -36 20 33 87 -38 -73 69 14 -13 -75 -14 -5 2 24 62 -66 12 -79 -48 -91 -64 -40 47 4 56 -96 -55 93 -90 -74 3 87 -65 25 -7 89 29 91 98 -71 -75 -41 -65 -72 -16 60 -24 98 -47 91 60 56 52 48 25 -87 -43 -47 78 57 30 -88 34 -63 -94 34 60 80 64 22 -39 13 -71 -7 -35 50 86 -7 -44 -71 -35 -98 -45 6 14 56 27 -62 -65 -49 92 -62 79 -44 -36 -62 16 -68 12 26 -68 90 -92 -47 -85 42 -9 -77 69 -89 -94 16 44 -1 54 -61 40 85 -90 78 95 13 -61 38 -94 -58 -30 -9 -18 66 -27 -8 -58 -68 68 -73 -21 54 -60 62 4 95 -60 46 97 31 52 67 -68 37 -58 28 57 -15 50 29 70 21 40 -31 35 47 78 -65 51 42 50 9 -71 -96 -49 -46 -56 28 -78 2 10 38 -7 -35 -65 6 -62 -23 84 -94 -61 8 -84 2 -91 -34 48 15 75 -89 -5 50 9 -30 19 -3 -26 -25 -16 50 -11 29 47 -74 -69 -34 7 15 57 76 -45 -53 -3 99 95 -42 56 -92 80 -28 -72 -62 88 42 42 11 -51 69 -25 68 68 -32 98 34 -12 58 64 -30 -46 19 8 -25 88 73 -40 -72 -93 93 42 84 28 -86 73 -73 93 -96 64 95 -2 48 -4 69 -16 45 -54 87 -11 -1 75 -95 92 -99 -26 -50 -43 45 -89 77 95 -62 -28 80 40 -98 98 -45 -53 -17 -67 79 23 -6 93 45 -32 14 -89 -45 -81 -92 56 60 -16 71 -46 40 -60 87 79 29 52 20 94 42 42 59 -65 -7 37 -45 52 52 -71 95 68 -42 -33 -2 -83 30 -39 68 -23 89 -94 5 91 -17 -69 -48 -94 -41 82 62 76 -54 -61 -30 60 41 -71 93 38 63 -3 69 -66 -67 -28 -79 34 -62 8 34 88 -59 -90 -27 9 8 -65 -78 -23 7 -2 52 -75 -4 -52 84 32 -68 96 -1 -12 -74 91 30 -81 -12 -43 -36 10 -68 68 81 -14 -75 -35 -26 9 -23 71 -58 26 8 -69 -31 -71 29 65 -23 84 -79 66 -65 -58 15 53 19 -6 -24 -61 -27 74 27 -71 20 -52 -84 16 2 6 -22 -28 18 -68 26 54 57 55 -93 -66 87 -65 -36 73 28 -45 -66 -97 9 77 -27 
-17 -8 1 69 86 54 59 -50 -77 -17 -6 -2 45 88 51 -45 -79 90 86 -77 -92 -15 42 -21 -3 -65 93 -16 -94 33 -99 22 -3 58 -24 65 -47 49 22 -42 -11 -96 -22 51 14 16 21 -83 -4 -27 -53 -67 55 -98 80 -87 34 39 -96 26 -91 -11 73 58 70 -61 -68 51 51 -65 82 -32 31 78 -88 -19 -18 -69 26 -70 -74 0 41 20 23 -71 68 6 -44 55 10 20 2 -98 83 50 5 -71 -54 27 19 34 99 -28 45 87 -42 -5 28 23 -7 -92 -65 -65 55 98 37 24 39 64 -84 25 49 87 57 60 34 59 46 -78 -91 20 71 4 10 -80 74 37 95 -72 -54 77 -69 61 25 -1 19 -20 -98 -61 -96 -77 -89 -11 6 -23 -77 16 -94 -24 22 70 57 88 3 93 98 61 -61 32 46 43 -25 -55 -8 95 -86 13 -92 -34 -66 87 -17 -91 -80 -19 9 1 96 -19 -43 -12 5 60 -92 -81 -80 -53 62 74 38 -96 12 37 -65 68 -56 -53 93 57 -24 60 -36 -52 -51 -16 -36 98 -66 -97 -83 -34 60 44 45 -96 54 92 -92 6 9 -67 20 15 74 -36 -45 89 29 -88 42 -57 26 -41 68 57 -52 1 -86 -31 0 52 -27 -92 35 -9 40 9 37 23 -34 42 59 -95 -91 -76 -72 -89 14 44 -90 -17 11 10 71 -12 34 20 8 -88 -50 79 41 49 30 74 -88 -32 -68 -19 9 -51 -60 88 -51 90 -25 -17 -56 58 -67 -36 -81 51 -35 -5 4 -30 30 99 -95 94 33 -85 -29 -10 -97 -70 67 14 43 86 -63 8 -15 41 89 82 2 8 -24 82 -86 11 -59 -99 51 28 63 89 -65 22 21 27 -95 24 -87 -65 -21 -1 89 -71 -57 54 -69 -35 -94 -76 -27 -28 87 77 86 25 70 -57 5 -55 -8 38 32 92 -59 -21 90 79 81 81 5 -99 98 -62 -87 72 43 78 -84 16 -50 25 -28 78 -94 0 22 87 97 44 84 -39 -41 80 -25 -44 88 86 -10 -14 -71 94 -70 74 76 63 86 37 5 -55 28 -15 11 26 3 -50 44 -88 70 -99 0 64 33 88 99 75 -98 -49 -75 60 10 42 58 -3 -82 67 -24 -43 35 44 -67 -95 -51 57 31 8 -4 32 70 78 -66 -8 -35 -51 -15 95 11 4 99 -20 49 76 -81 -24 59 51 10 54 37 -74 67 9 -22 71 -26 49 -4 -88 25 -70 63 95 59 51 86 37 17 -87 65 -23 -62 38 
-29 -90 99 6 33 -79 -73 40 14 76 98 -55 5 18 12 -59 4 7 -19 -52 14 -45 42 64 -89 65 21 34 83 -33 61 -46 -24 -73 -54 51 62 -75 2 -74 -91 41 -7 23 -11 -81 45 -64 -67 28 -39 -51 95 41 -45 44 -39 -99 -33 -85 -68 -55 -2 48 67 92 -3 -8 74 -18 -84 -95 96 53 -39 51 21 5 10 -59 -27 37 13 96 -10 -60 82 37 2 70 38 -27 54 -60 85 71 23 34 -60 68 -91 -60 91 4 71 -64 26 -6 -34 41 -83 85 93 25 62 -21 27 -40 56 -84 -15 -37 -37 56 -57 48 74 71 -62 -26 5 87 -82 41 99 -56 36 -89 -45 -21 6 52 54 -65 -23 -20 -85 83 -18 11 -13 -20 35 33 83 42 0 91 -71 -76 81 -69 -94 15 -34 -74 -9 74 -27 -69 -71 33 -99 -8 -6 -57 -49 17 -15 59 -57 -5 64 95 -7 -69 -48 -98 74 90 90 -65 38 -81 -37 -18 97 93 28 -91 -86 -59 74 74 -12 -55 -82 -3 56 -16 -95 48 -24 13 22 -42 9 31 1 -95 63 58 17 -96 37 -51 47 12 68 43 20 -12 -70 -49 -3 -79 54 57 -46 81 45 53 -18 93 -5 92 11 -44 -52 -23 -57 81 38 -59 -93 -70 90 -40 -93 29 16 1 -14 17 10 -34 -19 -49 -72 -63 43 71 -84 64 -61 -5 89 -8 55 -25 -14 3 -30 24 -78 -56 -26 70 -83 20 -31 48 53 -79 -40 -71 -79 53 59 -28 86 -78 70 77 -19 50 -25 -80 -65 -71 -5 -72 -53 9 17 24 -56 3 -87 -51 17 -4 -60 51 74 23 -12 19 74 10 -60 87 -82 -53 3 33 63 38 -30 -72 -90 -77 17 28 98 89 35 64 51 50 25 83 -60 78 -60 -20 86 -80 -71 -53 -6 28 11 97 -76 72 18 40 99 -78 -51 -23 -86 50 52 47 22 1 -80 -40 -98 13 -34 19 -57 -8 -33 -62 75 88 -82 66 -81 29 76 31 -14 -39 -26 -41 3 52 18 -81 20 52 -24 -12 11 30 44 -46 -69 80 62 1 -69 -13 -35 -7 5 -67 -26 -40 -2 -67 81 79 -39 -70 73 -54 71 -17 93 36 18 -66 79 80 -62 -73 62 52 87 39 -8 32 -78 -20 25 42 -46 57 59 -25 93 -17 -12 62 -43 98 63 55 43 -10 -94 40 72 25 -69 52 -80 -33 41 -43 35 -62 43 16 -88 78 -17 77 44 -9 80 20 -87 -43 -33 -37 -75 -87 42 -30 37 16 -5 70 
-2 56 -88 -5 -10 26 -8 -68 79 86 -83 14 10 58 85 -14 44 58 -40 97 10 26 3 -73 59 14 47 67 86 -67 50 96 -80 17 -52 91 90 -94 5 70 -25 58 58 -79 -94 -47 -72 20 -29 -15 -36 -91 -80 24 28 62 6 -26 0 22 -64 4 -93 -83 74 -36 -85 25 -56 -60 51 28 -13 88 -71 -76 64 60 -16 59 83 87 -94 -17 85 -17 -15 -28 -14 -42 97 3 -25 94 -57 26 79 -58 28 -94 53 -13 48 90 93 77 67 41 1 7 72 -55 88 79 75 -54 65 -6 28 89 68 -2 21 10 -26 62 83 -53 -69 0 54 -61 31 -93 -77 -29 -13 -16 22 -79 6 83 26 15 4 70 -23 50 64 -56 61 11 -36 52 58 -61 -53 -40 68 99 -63 -24 37 93 72 -48 -49 80 69 32 26 -96 87 -92 -46 37 97 33 -5 -86 -1 -14 -70 92 36 -58 -19 -22 22 38 -87 0 52 -24 97 36 15 -30 -49 56 -77 41 -12 -37 -40 -40 -86 75 -56 69 58 -17 -35 66 94 -76 87 82 -30 -51 -92 76 -86 -76 77 -35 -92 -8 -54 -60 89 -97 43 91 95 -34 -78 -15 41 87 -32 -57 42 -1 -32 -6 93 51 -29 87 -45 33 -44 49 -86 -21 -76 36 78 -48 -6 -33 12 -17 -28 62 16 -56 -85 55 85 -71 36 12 -33 -2 -69 -92 13 56 -84 99 8 -89 -35 -7 -32 -98 -48 17 -94 66 -61 -43 -22 -44 27 26 97 87 59 -94 -59 83 65 -99 -2 -84 -47 73 16 11 65 -76 82 86 -21 -58 74 -9 -34 -7 95 52 0 8 55 -21 -24 -15 99 88 -9 68 -21 -69 -49 -40 -17 -19 46 89 -52 22 -58 92 -55 32 89 -75 49 -92 14 -86 99 -80 -19 -53 -6 -98 97 4 -73 62 56 -64 -12 -54 95 69 -20 -16 67 81 -72 -46 -20 69 40 46 -34 32 -17 -60 -72 57 -18 -93 -5 -3 90 7 -19 -55 -38 -43 -20 97 97 -32 87 -26 59 80 -11 37 -42 -98 60 -88 91 56 55 86 47 76 48 31 86 16 -63 46 -15 70 -2 62 5 81 67 6 53 -69 -41 -57 -29 53 94 -57 -12 57 -91 76 -97 -45 -13 -97 -41 -68 95 -94 37 -52 11 42 64 98 -37 10 62 -92 70 -24 77 -3 -16 47 78 -18 44 -91 -25 -92 -36 78 -46 60 35 94 -86 16 -94 -53 68 92 4 -2 62 -8 71 -30 91 70 51 49 8 92 -45 17 87 -24 
-53 46 27 -97 -89 32 10 55 -82 -65 -11 3 22 -49 95 75 13 51 -11 16 -36 52 -9 99 -81 -66 -42 39 -26 43 54 -96 -44 -74 -72 -13 80 45 -25 51 -66 96 71 62 -28 -93 -88 -51 48 8 70 -69 -5 97 -56 -44 -39 -69 55 -46 55 50 -21 1 -61 -17 8 3 -85 89 -29 -12 -37 45 61 -73 -75 2 55 -6 31 -69 9 57 29 73 73 93 -20 -62 41 -18 -73 -44 6 -5 -59 -87 76 87 -98 -2 61 38 58 -90 -61 88 98 21 -53 53 -1 -50 -11 15 45 80 53 -3 22 -19 67 -99 93 -60 -39 -87 -81 -57 91 -61 -89 0 -73 65 -73 -52 96 7 -44 6 17 66 97 -12 -62 -16 -65 -56 -32 -20 -88 -48 -34 -19 43 -87 16 -59 -56 -39 -48 86 -11 55 55 31 -85 80 -62 99 -62 1 -90 -62 -79 97 -2 -91 33 21 46 -15 -78 1 -86 -76 -95 -21 85 95 66 -83 -93 22 95 -15 86 60 -49 -42 -51 82 66 -27 14 -69 -91 -71 -78 27 -76 64 -2 -81 35 11 -31 -75 -9 -26 99 24 -84 25 15 -1 -30 71 -67 40 -59 92 -44 99 75 90 -68 71 12 -74 9 8 -31 23 -54 -20 -51 56 -68 -57 58 -70 67 -66 31 28 17 -33 -72 62 -77 84 39 -75 70 58 -57 -19 -55 -48 95 61 37 83 41 40 89 68 -60 -56 -48 -33 -25 -63 8 63 2 -2 62 38 2 33 -1 72 -88 26 79 93 94 -64 -53 -78 -64 -27 66 -22 -72 -10 -23 -26 -71 9 -75 -52 -11 84 -44 -54 -73 -65 -16 -45 68 -80 45 -22 67 97 -83 39 2 -25 -89 31 23 92 98 -84 61 73 34 54 83 51 -44 -2 -72 -7 89 -58 18 35 -43 18 -18 -76 97 71 64 -34 62 -46 -17 46 88 -43 91 -85 17 -53 -12 88 98 -39 81 61 -36 -8 -2 -59 68 47 66 26 -30 95 -89 -24 63 50 -94 -76 8 -70 64 -36 -56 70 -11 -70 50 86 30 -35 22 38 -81 30 -52 -29 -81 -61 -38 78 43 95 -41 16 1 65 1 45 -27 -74 -8 19 -10 68 22 41 8 -43 -93 -22 26 26 -65 64 32 76 -14 -68 -79 57 -12 -44 33 -40 69 -94 46 50 -84 -55 -39 53 -68 36 13 -38 77 -98 23 78 -28 27 -9 -12 -21 -23 -95 48 -32 -92 82 34 -26 -43 95 66 -2 -18 86 -22 21 71 -57 -13 22 -41 -31 -22 80 -21 -48 -26 -86 1 
52 34 43 77 67 54 62 21 -73 -2 -36 -10 -60 59 -86 -37 72 95 78 37 -94 68 74 61 2 45 78 94 25 -85 75 -34 51 9 -37 30 -37 -64 -15 96 88 -59 10 -73 -81 -92 3 59 -1 45 62 23 -54 -99 41 -20 38 -46 64 35 -14 37 -50 -52 76 19 49 60 11 -7 -70 -17 49 -79 -87 -66 -99 48 -4 -85 -21 -1 -41 -30 12 82 24 45 -19 92 -22 16 24 -57 -94 2 58 -34 31 23 -51 -8 -30 -40 70 -13 -48 73 61 -25 37 63 -34 -11 -32 -21 23 78 2 -47 -18 41 -27 13 -92 -42 -72 -53 -25 -52 45 4 20 90 -74 71 -75 55 17 37 96 49 -53 7 -38 -87 -34 -15 19 79 34 -40 37 47 12 32 -15 -61 -57 -37 -14 -73 -24 -83 -81 -19 27 52 98 -99 82 13 6 92 28 74 13 -6 -21 81 80 72 -75 -49 -80 -50 72 -23 -83 -60 27 61 26 -75 -13 35 -17 80 53 72 -77 95 -5 18 42 -78 61 88 13 55 41 -8 -65 -26 -42 41 -80 -12 -55 -21 6 -58 -1 -53 12 29 -12 67 -4 4 -73 -5 40 9 -48 31 99 -50 -94 -95 99 -20 -63 3 89 -37 31 43 36 59 30 -69 -59 -9 92 21 -94 53 -99 13 -12 28 -16 -21 75 -62 28 60 -80 -79 33 4 59 -84 -75 98 -36 -52 -15 63 -83 -8 -56 -44 -82 59 18 -17 47 9 60 36 35 25 39 -55 97 -92 43 11 89 -95 -2 33 -78 1 -51 -44 89 33 7 37 -82 -54 45 -60 -86 -15 -30 90 90 34 78 63 59 -69 -79 42 87 7 33 82 42 37 -39 -66 95 43 26 82 -88 50 33 63 -22 -61 -25 -3 18 -68 81 -99 0 67 -85 -18 93 9 -64 -80 -61 -77 -92 -95 56 47 -98 8 37 -24 57 15 -79 -37 8 -64 81 -12 50 71 32 -5 -95 65 -10 -27 -57 -23 19 -12 68 52 59 66 -74 67 -76 -4 -60 -75 -85 -7 -47 -14 51 -3 90 -54 -77 -28 71 70 -63 65 66 64 49 10 -54 -4 93 -11 -14 -55 -33 50 92 -6 81 2 10 -23 73 23 -29 -10 21 -96 -14 11 -87 97 46 62 93 95 9 9 -50 -96 53 82 89 65 31 -3 -41 -56 90 -67 -53 -81 62 22 -24 -82 -87 -17 56 -31 78 16 -30 -32 -67 -56 40 -31 52 -29 -94 -94 9 -27 91 -4 94 39 -18 83 15 97 46 -9 -12 16 -8 -70 -4 87 
31 -63 97 3 -70 -16 32 -23 28 -39 62 51 45 63 -32 -30 94 -39 78 64 90 66 -90 63 23 -3 -39 -58 73 -96 47 -15 -1 -52 -82 -87 70 7 -74 -16 24 -52 51 48 9 88 30 4 -58 -3 32 26 53 -49 -40 -99 98 39 31 9 -48 82 -25 -80 -76 75 94 48 -82 -39 7 -49 36 -3 43 56 19 87 -88 -33 -77 7 -51 -24 86 61 99 -25 69 21 -4 -5 68 -97 31 99 17 -82 -72 74 -90 98 83 25 -79 42 8 62 7 -36 68 -20 -97 -45 35 -73 50 48 8 84 -16 -29 65 -31 46 -1 82 27 -63 -62 -2 85 -4 4 -28 51 -20 77 -3 -47 -50 14 41 -3 62 2 45 -79 50 91 43 -79 66 -19 63 29 85 2 6 36 -81 59 95 71 39 54 -28 -31 27 93 3 -92 73 0 47 63 -39 37 8 -38 -94 -98 -89 -63 -14 74 -44 -27 35 -65 27 -47 44 70 28 52 16 -41 -73 -54 -76 10 -96 71 -86 77 -17 54 70 12 -29 86 82 -82 -9 82 -73 1 -75 -43 -13 20 -86 -96 42 21 76 10 -54 19 90 48 -25 75 -84 15 53 0 -41 -56 41 -59 55 21 -43 -27 82 72 -16 41 -36 36 80 9 -17 -93 19 -43 -61 88 29 -63 69 35 66 -65 7 74 -79 -18 94 -2 -29 -97 64 61 20 34 -8 -20 -99 -63 11 26 32 45 -38 -55 60 52 -76 60 -87 71 -59 -36 -72 27 22 81 -10 -34 -74 -85 0 -33 13 -7 5 57 7 42 -72 94 -48 -28 73 -61 57 30 98 77 85 -69 21 -18 -66 53 3 57 -46 -39 -19 28 66 -46 -82 70 -70 -33 -38 -66 -37 61 99 -86 16 -50 -53 28 91 69 45 -66 91 62 92 21 -46 17 -17 -75 4 68 -7 36 75 69 90 11 -80 30 52 -51 -97 65 28 -73 47 -7 42 45 27 -67 57 -83 -46 -15 43 72 -79 0 1 -78 -11 -75 -29 -78 58 -87 -66 50 -31 -8 13 -86 86 -87 -93 -11 35 39 -73 -12 -23 -15 70 -17 -35 -79 -30 80 30 -91 -27 -61 71 8 -93 -55 -68 -35 38 41 78 23 -34 41 -16 25 36 25 -19 47 79 48 -68 89 1 88 31 -11 -52 -14 94 12 -76 -3 92 -36 -98 96 26 -64 -91 -94 -78 -8 -58 67 13 -81 35 84 -34 -56 96 14 93 3 -58 47 1 6 31 -74 70 73 60 -22 38 -3 -93 29 86 95 30 88 58 -7 
-51 62 1 -62 31 -51 81 -53 -53 0 -53 -22 -32 7 72 15 -79 99 58 21 35 -39 -24 8 -17 -75 63 80 -1 -31 -75 20 -20 -43 -8 -6 66 -8 34 41 50 -11 -16 96 -68 -90 -81 90 27 -31 -94 11 -56 -50 -83 -4 37 25 62 87 57 -15 33 93 69 8 -29 23 28 54 -57 38 69 -45 -20 5 65 89 -37 -65 77 -74 8 95 65 84 18 54 90 39 -72 74 -39 -28 46 65 99 7 72 -74 -85 -98 71 -21 48 1 -12 -24 -87 83 -93 -54 43 89 -30 -44 55 -39 -82 38 75 68 -80 -36 -25 95 -29 15 -70 72 -91 96 -27 98 -37 67 8 96 73 -85 65 18 -74 -48 73 -25 -55 -97 -53 -24 -3 -34 -97 78 -24 41 82 -19 -40 -16 -66 -17 -28 29 28 3 39 70 18 69 -20 17 90 -47 82 76 31 96 30 9 -43 -81 54 -49 64 95 -18 20 -27 -14 44 -22 -2 -17 -35 -90 -51 -95 69 -83 57 -54 1 -18 7 7 -19 -61 25 26 3 -23 11 -25 27 71 -37 78 -32 42 53 61 67 29 -15 43 73 89 -13 21 33 96 19 80 -96 -3 6 -35 36 -79 10 -64 -80 70 -52 -71 71 32 -85 44 -92 80 40 -45 -45 -63 74 0 -43 -54 -97 -35 57 -69 -91 22 71 -50 -4 5 13 -32 -81 -10 -85 52 -80 23 -47 35 14 -59 -73 -65 97 -56 -92 -76 -44 84 -41 23 39 12 14 35 -22 52 32 89 -3 36 -46 51 -69 17 69 42 58 32 -18 -21 69 -85 89 -96 -34 -98 74 -20 31 -79 -34 -42 49 34 -10 56 -76 -88 -8 93 6 95 46 -25 5 -90 -53 62 73 59 85 54 66 -96 77 46 35 95 17 -78 -52 -1 12 16 -34 99 13 1 23 -60 -93 -62 -64 -51 23 38 -54 20 48 91 -14 3 -68 85 -94 -88 50 50 73 56 40 63 66 4 9 -40 67 4 -4 -26 62 -65 5 22 9 25 -34 -32 -64 31 30 74 67 91 5 -75 -4 2 -88 33 24 -86 -1 12 -72 82 16 -16 80 73 58 40 -55 94 68 -83 -36 -49 97 -12 -60 88 22 51 -37 16 -67 -16 -67 -96 -85 11 -49 -13 90 -59 -16 -88 -96 -93 -92 30 69 -36 18 76 -48 13 45 11 -8 84 97 -68 -99 -42 -99 60 -43 -90 81 -61 -12 24 88 -3 58 -17 65 95 21 -88 -34 -8 44 66 -60 3 -73 69 17 90 98 5 -68 -34 -44 90 
-47 42 -3 -94 61 93 75 13 54 -10 59 -98 51 38 64 -54 49 72 -58 37 17 -75 73 6 -46 -66 -54 -6 -58 -10 -43 -88 -96 -95 -13 6 65 -50 64 -56 47 78 -68 22 63 -65 75 -17 1 -88 68 59 66 18 21 39 38 17 78 60 -60 -67 84 -91 52 57 4 76 68 -48 -76 -52 -91 99 -12 34 -62 -89 43 95 -25 18 74 10 86 -4 77 13 -28 -56 -84 -29 -81 -17 -2 69 -58 33 -60 -56 90 -61 98 -15 -8 22 90 -80 22 -42 98 -83 -32 -43 91 -1 -14 27 94 68 31 -20 92 -73 49 63 -93 7 93 -99 32 62 -69 -53 -16 -25 -99 -54 -23 91 44 59 -79 -92 95 -41 -5 95 53 12 6 -92 74 -12 54 18 81 -44 92 33 -55 -80 -5 -14 -99 75 -84 71 12 -38 -63 -6 -89 62 3 95 -18 -16 9 65 91 47 -44 64 70 26 -6 -26 -55 -95 -12 87 41 13 -40 -40 -41 82 -86 54 -46 94 66 31 -26 10 -85 65 29 -15 -33 -29 -55 25 -99 -99 -33 16 -18 76 -51 19 -29 70 -23 36 65 -4 -26 -72 6 -68 63 95 -57 36 98 74 -25 -30 88 -18 50 -29 -25 -33 11 -61 26 6 37 -92 -20 2 -37 -85 -8 -31 66 -2 -71 -39 -29 10 -75 -88 91 -60 61 90 -90 -79 -12 54 -81 -81 -79 22 2 -68 -45 -23 -12 80 -28 84 -32 -18 36 -9 62 36 -14 66 -71 90 -33 -46 -20 -34 85 23 -72 -9 3 77 -88 -36 -34 -63 69 64 -93 -98 9 -99 38 -36 -2 -74 -23 8 97 8 85 -80 -51 -64 -65 96 -44 -94 -26 30 -15 88 54 56 47 84 74 55 85 13 -54 18 -43 -95 68 63 15 34 -12 -10 -35 -94 -53 -72 -24 73 14 71 49 -92 41 68 -20 -55 -26 58 21 -43 -11 -21 5 19 -17 93 30 57 -62 3 -8 20 -39 -96 -1 84 4 93 36 -75 -26 -55 -34 84 -85 -44 27 -11 -26 80 78 81 32 -89 -7 -47 -24 23 44 19 92 66 -20 94 29 -91 18 65 0 14 37 7 27 45 24 45 1 -94 -18 79 47 49 74 -71 -94 -22 -40 -88 62 31 88 15 97 -69 45 31 40 29 -17 59 -71 -48 27 67 32 -41 -44 31 -48 -71 -16 -29 -37 -48 77 57 88 41 31 -41 21 73 -64 97 -39 71 -70 32 89 -48 69 46 -43 95 5 15 -38 7 -93 -95 -67 95 48 -20 -61 -92 34 -6 
-25 20 -57 51 82 -36 -96 80 4 -42 -10 -5 48 26 61 29 -97 -35 45 -76 31 35 98 33 87 76 72 -80 -32 28 38 24 3 -33 -91 -91 -80 50 -13 -58 59 -77 -4 -87 -97 -71 95 -89 -40 -59 37 26 -93 89 -32 5 6 67 96 31 94 -44 -71 65 -9 59 -41 14 -16 -61 -70 -44 7 -38 -72 -56 -52 -65 -19 22 -97 -65 -52 52 94 -59 30 -21 56 61 -91 -14 71 64 -43 -71 -64 6 1 11 43 36 84 -41 -93 66 46 72 -4 45 -57 -10 -48 -79 91 96 18 24 79 69 -12 46 -90 16 -36 -80 -13 -77 14 -20 -47 40 -27 7 20 -51 -72 -45 -43 46 37 -72 85 69 -27 65 60 13 11 -94 -78 23 -73 9 -89 -80 -48 19 29 -16 48 -53 15 -59 32 -86 -84 -46 20 -55 -54 -24 37 -25 -76 13 -55 3 59 21 53 77 -23 -49 -85 62 4 -14 -72 -78 38 79 -95 69 -68 42 -11 15 97 -37 -85 -52 -89 68 -54 -21 -12 -65 -43 92 -26 98 -96 -37 -57 -77 -98 -17 26 72 92 48 50 -62 -35 -26 -7 -92 -8 31 -32 -3 52 70 28 93 22 -74 18 -89 -53 25 -33 -10 99 47 -2 -94 -46 76 94 -8 98 -49 45 -83 -11 80 -31 60 -96 -54 -54 37 54 84 22 -87 40 -3 -99 -20 30 19 -52 67 94 78 65 -36 -19 -22 5 -72 40 -90 -50 69 47 7 42 54 95 70 -71 28 -78 22 27 -44 -50 36 3 -55 36 23 37 -1 48 -1 14 56 7 -17 33 -48 59 -66 -98 79 -73 -33 8 4 -11 -19 89 10 99 -89 57 -54 16 19 -31 36 38 48 -95 -54 -94 17 -74 -97 -98 -14 -1 -97 -57 27 -78 58 56 -99 6 -77 -84 -86 16 51 13 41 74 -98 83 48 -75 47 22 33 95 -30 -79 -67 -39 55 -22 9 68 -18 -76 58 38 -52 46 -54 -78 -17 53 -30 -21 -15 67 -97 50 2 -94 90 6 -67 -44 -19 37 92 -6 76 94 27 65 4 89 83 80 90 -36 -15 17 38 -11 -11 -41 43 -12 5 46 -24 -29 -72 -47 -30 95 -53 -83 24 34 -35 -60 -22 -89 -40 -33 50 51 -67 5 49 18 35 72 39 -14 -28 34 -40 70 68 -22 -60 33 -84 73 -20 89 -33 94 -44 -63 0 -50 24 9 25 5 25 92 -48 -65 -10 -64 -71 25 8 -97 61 62 -59 -70 27 5 68 -83 -31 92 -61 95 39 60 34 9 -26 
-5 68 0 89 10 0 29 57 86 -36 -66 -10 0 -2 -57 14 71 2 82 -36 -85 32 -26 -13 16 -4 -34 35 30 -24 -6 -39 94 -43 41 -81 58 44 25 -6 -13 83 -31 -29 -95 -5 -80 84 1 -45 60 -10 8 31 -90 -39 -37 97 -98 -11 -1 96 -86 -7 -24 2 -34 35 74 -45 -13 -63 79 -74 82 -10 22 -89 65 85 -95 -57 4 -88 -36 -74 36 -83 -35 -19 47 33 -60 41 2 -66 17 -92 92 -71 26 -76 -96 25 -15 60 -75 57 84 53 83 64 12 -98 -63 -35 41 -92 -49 -96 -35 -15 27 60 -58 49 -27 -56 38 -89 -53 -17 -70 72 -92 -42 -32 -9 27 15 0 -5 -38 28 -61 -36 23 81 10 96 -11 -61 84 -93 12 -8 -65 24 -49 12 41 42 68 11 -22 -78 78 -69 -58 -55 -2 -65 -75 -99 -34 79 4 -5 -23 23 88 76 -93 -2 93 9 50 -85 33 62 9 88 -62 -5 78 55 -56 -82 -92 -96 64 17 -71 47 59 -64 41 84 47 50 57 -87 6 -43 65 21 72 15 6 8 -9 -7 32 20 21 58 6 -80 46 36 -35 61 6 28 -15 15 50 -75 -56 5 15 -15 3 -30 69 -85 -24 -89 -52 -90 18 82 14 37 49 18 -36 51 31 40 -48 -83 -98 -43 17 -72 16 -3 60 -43 44 -36 -96 -85 96 -23 -32 52 -37 -68 -41 10 41 -89 85 83 -30 -15 -51 -12 -57 -56 36 -72 -20 -32 59 -2 81 -86 -42 -87 -75 48 -48 19 34 10 -97 -66 26 -89 58 -39 -25 93 -35 78 -16 58 73 79 76 -74 56 31 -58 -96 -59 -19 -14 -20 -70 73 -86 41 45 74 59 44 -16 -9 -83 37 -90 2 63 -69 60 33 24 0 -55 -3 -18 39 -52 -12 -59 1 -18 14 82 -24 71 -19 17 -46 -16 48 93 82 38 -20 -9 -69 90 36 99 79 -40 86 -29 68 -46 -55 85 -99 -41 21 76 -72 15 99 -66 -25 60 41 -11 -40 -53 -24 2 -45 -63 53 -42 -28 22 -37 18 -37 28 43 -15 21 0 51 27 91 49 81 -4 45 -13 99 -17 15 19 -81 -5 -3 21 -48 -1 58 -3 -38 68 39 -26 76 37 -98 -56 99 -31 -25 -36 45 -7 -46 93 49 89 12 88 73 87 96 -85 -55 79 -36 12 -64 -90 80 -19 50 54 37 -7 67 -15 39 97 -82 -90 -56 -30 -84 -16 -9 10 68 -38 50 90 11 -86 46 93 -89 33 -13 -98 -53 -94 75 
-37 -8 59 35 40 -45 -97 23 -8 86 69 -96 -10 47 6 6 30 9 95 -58 75 94 10 56 17 -62 -73 25 49 3 37 -75 -2 58 -94 65 -13 21 -91 -76 -88 -74 -9 -8 42 -45 86 26 -35 -58 55 34 39 38 -64 -53 56 9 -93 -2 63 49 -99 6 -13 -85 -37 -12 -46 77 72 -91 -17 84 -37 45 -10 16 -6 -22 -64 -70 -53 -99 90 -48 -70 35 29 -94 71 55 63 92 38 59 9 89 78 -41 -31 65 -64 -90 -84 5 20 -8 8 -65 -24 83 48 98 92 14 -84 -61 -89 -2 66 -64 -9 -25 14 5 4 -79 -11 -91 45 -35 44 53 58 87 -7 -6 -58 -73 -81 -51 -40 -7 -19 -96 91 7 47 -31 -57 78 77 3 -78 -36 -73 53 -33 -76 98 -44 71 19 -30 -26 77 30 83 23 -79 -95 -77 88 -47 53 -4 64 -43 -58 65 70 -31 -54 17 74 -74 58 -75 32 37 93 21 -51 -92 99 -88 -44 -92 23 99 -79 -36 74 66 -20 -25 -94 -1 -39 -86 44 -73 70 11 34 21 47 -48 58 45 -66 -57 -45 19 1 -15 -55 19 53 79 -20 -71 49 20 -48 -24 46 57 -44 -56 35 -2 -99 37 -10 -94 5 3 13 87 -9 36 -55 -45 -73 67 -49 -52 58 -48 -77 65 -88 43 98 52 14 -77 -27 43 -96 93 -72 -5 62 44 46 97 -51 -12 59 37 -85 92 -18 21 -9 54 -31 -81 -28 83 12 -46 -10 -40 21 -93 -37 -43 -92 -76 13 26 73 -34 42 -22 52 -84 -79 -16 69 49 -17 54 91 41 92 46 -44 -99 -89 -36 31 -89 -50 -95 32 -32 -63 -91 -72 -98 42 31 -99 -14 -19 47 19 -37 2 38 57 53 -89 -59 -85 -77 5 90 72 -93 -67 58 88 46 -43 86 -59 -27 96 54 -29 58 -86 -22 -96 10 -18 37 84 -72 39 -15 32 -78 -24 -49 -45 53 64 -56 75 97 56 10 -47 -45 2 25 22 67 -31 48 42 21 -24 -85 37 -63 -19 -84 -85 -29 -93 33 -4 7 86 62 -86 -34 -98 12 -79 -20 -4 -24 -10 37 42 -46 -55 11 43 -8 69 96 77 -65 55 -54 -60 93 -92 72 -91 -31 84 9 -21 -34 17 76 -22 -55 89 -60 96 23 28 -89 -3 82 -26 -24 37 -36 -85 72 -39 -21 -97 -36 -84 30 -10 84 43 -37 94 41 -48 63 -41 -59 -15 -29 -7 -93 -4 1 -42 -63 11 3 36 -55 -36 24 -99 11 -4 32 -76 58 64 
-37 -52 9 73 95 -51 23 -65 5 -40 65 41 34 40 -41 97 -65 -68 90 -2 -48 -11 -82 0 78 11 58 -82 59 -77 -18 -98 40 99 -4 58 24 37 94 -49 17 -32 99 27 53 -33 -80 32 30 -34 91 27 79 -49 -99 -50 75 96 36 88 -62 -31 30 -26 -8 25 69 -50 -11 10 70 -14 -26 -68 -92 -11 63 -92 22 61 73 70 73 -65 -21 36 -16 -17 80 -68 50 -98 -9 59 43 -76 -74 -97 -62 -1 76 -88 -22 56 -71 -10 96 -67 10 -12 -82 -60 -38 -13 -86 -81 26 91 -66 94 1 -44 -54 43 -79 53 -57 -46 62 -33 49 16 13 -13 58 74 -20 -52 88 28 84 0 -69 -12 38 50 -29 -61 -27 -46 -67 -22 -73 -61 52 -33 -57 72 -71 -35 -65 -78 3 -89 -22 5 31 46 -62 -61 -15 7 59 -1 -65 87 -41 61 -51 -16 19 -6 -95 -43 57 -88 -91 83 -18 -30 80 -46 55 -71 74 19 58 -66 -37 76 -72 -42 31 -36 17 98 15 12 93 79 95 -61 -56 -23 55 46 39 -33 -66 -97 -51 -8 88 76 -19 81 -45 -25 57 2 -4 -38 -17 63 20 89 87 -56 3 39 -12 30 75 -15 -97 62 -63 -38 99 61 -38 96 -75 -85 -7 -76 51 67 10 38 87 -97 -43 67 56 -24 -45 -65 45 45 76 68 36 98 27 -2 34 8 -22 -88 40 -53 34 -36 44 -23 -92 -90 47 -28 22 -97 41 -11 81 47 72 -54 -78 -51 -21 -96 90 98 77 0 -27 18 54 32 88 2 50 37 76 -30 83 15 -37 -51 -69 -59 50 21 -75 -54 84 57 6 85 14 10 87 -48 -86 23 64 -21 77 -86 -10 16 -9 -33 21 -56 -44 -61 65 -9 -99 -18 -21 -84 34 9 56 -13 27 -56 76 35 76 -41 -48 20 28 32 60 77 52 -18 49 -94 85 -96 -34 5 -45 59 -7 -2 74 46 42 -96 -8 46 -1 -15 -15 -80 -51 -32 95 -3 -70 64 -72 77 43 -3 -42 15 85 -93 52 71 3 -42 -31 82 -86 -7 -83 10 90 38 86 73 95 -54 -91 27 2 -19 72 24 -41 39 -82 74 -98 38 61 -96 65 20 -15 -41 -98 -69 -29 53 -77 -74 8 -99 67 -17 28 61 -64 4 34 -67 58 37 20 33 -44 26 -82 98 -30 26 -19 33 0 -20 54 84 -58 -15 12 48 -43 77 73 -23 97 -70 7 10 86 87 69 72 -11 96 30 49 17 -95 -9 58 -37 -14 77 15 
-54 -88 44 -72 -18 -88 -41 -94 72 -74 -83 -5 -48 -66 24 -53 -38 -76 6 39 -27 -89 8 -76 18 -52 16 88 41 71 59 96 7 6 -47 -1 -73 93 22 -40 98 -58 21 70 -20 -21 26 -2 -44 97 -86 -10 -92 -35 -63 72 80 27 -51 86 -56 96 -87 80 -66 48 -11 -98 -71 47 24 -27 -87 -74 82 -51 -22 -20 -93 -18 39 -4 9 -21 -66 3 -54 73 -30 8 90 -86 55 8 39 2 -80 21 41 6 -18 -52 68 71 38 -56 -58 4 -13 -89 -95 82 -37 -70 52 88 -99 -32 -21 66 99 19 23 58 74 77 -19 60 7 35 -55 -93 63 36 70 76 44 -12 -13 -90 -40 78 -61 46 59 8 -49 96 43 63 56 -46 -6 -81 72 -92 10 -90 97 14 14 -4 11 -35 -71 13 -43 38 13 47 -48 -35 -35 49 -61 46 36 68 25 77 -28 22 -55 1 92 25 -86 8 52 35 26 -14 74 6 -98 36 -23 44 1 36 -63 38 -18 -35 -21 53 49 20 -17 12 -59 0 -56 -93 -42 36 11 -77 30 5 37 -83 81 -71 33 98 20 69 -77 88 23 -86 56 -56 34 68 94 -17 -42 67 -99 1 41 -68 61 40 -45 -84 78 -11 -79 -95 -23 10 -6 21 47 32 51 -19 -76 -31 53 75 57 -60 15 -4 -84 -5 -99 -16 37 61 -47 33 73 -53 72 -7 -62 -67 28 -59 -1 -98 -96 -58 -13 -34 25 -22 53 38 -62 21 -62 65 -93 32 91 38 57 -7 -49 13 42 28 41 7 -4 49 9 -78 -56 -86 77 -92 -36 62 -31 -17 -15 -99 28 -23 -68 15 -58 20 -29 -44 50 -6 -45 16 49 -57 -39 3 5 -64 20 -38 92 58 2 48 29 6 8 -82 86 -33 52 16 12 -5 -28 15 -40 -97 -49 -25 -64 4 -1 70 47 -74 -31 74 -15 -95 55 -94 -97 -31 -50 3 -15 -29 14 -61 -51 61 28 21 79 32 7 -56 59 -61 65 -72 -68 7 -59 -1 -22 40 7 -13 -21 85 -46 81 -4 -55 15 61 55 -29 41 -14 -59 72 59 -24 85 90 -4 18 89 19 16 13 -58 -63 11 77 49 -43 29 -19 -36 -88 -14 -77 44 7 -95 -60 -3 -95 25 -53 97 69 38 35 -2 35 48 -50 -56 92 -18 -71 -26 -76 54 77 51 75 66 60 98 14 29 23 97 -95 -64 -85 -55 -65 48 -57 -38 50 3 -16 -36 -9 -52 -51 95 -26 20 -68 23 -39 -75 -70 84 -74 -35 -76 
-80 14 -89 -60 -14 48 41 -41 13 18 74 51 58 76 7 -97 42 16 27 -12 64 74 3 43 -75 -31 89 64 -38 -99 47 -34 -60 68 -66 -75 -16 47 96 75 93 -27 76 -81 90 -62 44 33 -63 94 -36 65 80 -68 13 -86 -38 -67 -34 6 78 -13 49 77 55 -75 -52 -72 -53 38 59 28 61 82 -26 -51 -58 -47 58 47 -66 -58 48 13 -44 12 78 -45 64 -34 -21 41 71 -32 56 -21 73 64 -48 -74 -27 85 31 -55 -99 24 35 43 72 -29 -61 47 -39 66 49 88 78 -17 -23 -57 -60 -89 99 86 25 -42 -40 85 -21 -39 19 -8 -55 -15 -7 47 -24 6 -62 0 58 -32 52 -37 61 43 15 -86 20 35 92 15 74 -61 -86 -46 -62 -68 -64 -91 71 17 40 30 -82 -5 72 -11 29 30 -94 -86 -83 -14 -88 20 -76 39 -60 5 -7 -41 -39 72 3 17 19 18 -15 -73 -96 55 29 -31 -87 -95 -69 -31 -59 -82 51 -37 -90 -29 -82 58 -89 75 15 86 96 -23 -74 69 -6 -91 36 -23 91 16 -11 43 -72 31 -91 76 84 -90 1 22 18 10 76 -68 -2 -74 -32 84 -78 78 -83 -55 39 5 57 -49 82 -49 -67 -90 -45 -19 85 45 20 32 -54 -67 80 -97 -9 1 3 73 -80 59 -97 90 29 92 94 77 -15 -96 -68 -40 8 -22 -1 -81 30 38 42 40 -13 23 73 -45 -44 -76 39 36 10 -56 71 75 42 -66 27 -57 35 -28 -7 13 -39 -85 86 75 42 -76 -75 -37 44 -87 68 -47 -14 -67 -79 -11 67 -33 -89 92 -55 -42 12 81 -53 -63 61 -12 -96 -59 -72 -73 92 59 -42 -51 69 21 -10 -70 -63 13 -40 -93 88 -76 79 89 -14 40 58 15 -71 -61 29 -14 -78 -21 37 -38 61 -51 -49 17 78 14 83 -60 -20 -97 -63 93 -82 82 56 -83 13 9 11 37 66 53 -9 -23 74 -16 2 -90 95 -32 -1 -38 -82 6 -67 49 -6 52 11 -32 -23 -7 -82 91 -95 58 -91 95 -77 -69 -12 44 -93 -91 -37 49 -58 51 92 -59 -19 6 -60 -20 59 -80 -47 82 94 42 36 -83 -92 49 35 58 67 75 79 -16 -39 94 99 84 -49 41 41 63 -64 26 6 59 -68 -7 61 -93 -17 -43 -95 6 13 -84 -70 35 66 88 -67 89 15 -69 14 20 -18 32 -91 -39 22 78 -94 80 -96 -8 -5 9 -50 -44 47 59 -97 -81 91 -64 29 -2 12 -69 
-7 -75 3 43 7 16 -99 69 88 8 -72 -27 -76 46 48 55 10 -39 -77 96 -50 -14 60 -80 -59 64 -35 -46 -63 14 17 41 73 -97 50 7 14 53 74 93 94 -54 80 49 -28 -36 41 43 63 6 -65 58 -40 35 7 -68 3 -82 -76 -97 -92 -53 85 35 71 -41 -42 97 -14 -38 -50 -49 -9 -31 36 -54 -73 49 67 -8 -16 -68 -80 57 -16 -12 -59 99 36 64 -92 -80 -43 -87 -90 74 -67 28 20 -5 51 -81 18 -70 -48 59 79 -15 -71 -86 57 -54 7 70 46 -45 74 -14 -4 -9 -30 85 -60 41 16 86 -74 85 -87 -23 14 -59 -16 -32 53 76 -6 -70 -97 46 -35 -33 -48 44 77 83 28 -26 -3 -28 -83 72 -87 91 55 -3 -5 -90 46 88 46 62 59 71 -61 -51 -93 73 -84 -43 13 43 -68 11 39 56 -12 -36 61 -33 93 -53 -72 -30 16 -10 -99 12 -86 17 1 -64 16 8 23 21 49 -40 42 93 -41 -22 -1 49 43 -87 -44 50 40 -37 -50 -52 86 -22 -1 71 79 83 1 9 -93 -94 -70 -26 15 -68 -16 53 27 -99 70 -60 -54 -40 -9 -99 -45 -64 10 -17 -12 64 -20 94 79 58 -87 -71 -52 69 -38 6 87 3 -15 -90 85 -54 33 -75 -37 -5 78 46 10 -67 0 -70 -97 4 64 -18 -40 -21 -83 80 -48 -20 66 58 -86 43 68 -16 15 -2 65 82 -90 30 9 25 -5 64 -30 -58 -65 -79 -80 99 36 -28 -10 63 -71 82 -63 -60 -36 -71 65 1 -88 92 83 17 28 -24 -53 60 21 20 29 -31 -94 -5 57 -83 77 78 49 -1 16 -44 -65 10 -82 -57 96 4 22 19 -2 -70 58 -28 -84 -54 -90 -48 87 -28 -3 85 87 3 -10 65 -65 -42 44 24 40 -85 81 67 63 34 61 62 63 -31 11 29 30 -86 -85 29 -44 -30 -43 68 90 43 59 56 -7 3 -76 -48 8 17 -47 -30 20 30 -78 83 85 42 69 67 54 21 -71 67 72 -16 90 -59 68 -12 -21 65 -30 62 -55 26 32 -60 -39 -74 93 -63 -99 -8 -5 23 65 -94 54 35 -31 -17 94 -17 18 36 -81 -68 -95 -85 69 -8 97 12 20 -87 -98 18 -26 12 -66 55 24 -72 29 -40 53 1 -41 -99 37 -86 97 -38 -44 33 -31 -32 -30 -19 -78 19 51 69 13 -93 -52 -25 24 -19 -5 -83 -11 -63 -23 91 -70 -57 -41 -99 25 99 48 4 39 21 93 49 
50 -44 -89 50 87 -80 50 72 -60 73 73 -8 50 -2 22 -86 -83 95 71 94 -32 67 -42 -46 -66 58 45 -69 89 -94 -30 -61 42 91 35 20 60 -57 54 -51 -65 37 -73 -66 -99 10 -74 87 87 54 -23 -33 -41 62 -27 -44 67 65 -67 -53 56 22 -4 -30 -29 -72 -81 68 10 13 57 7 -29 50 53 -65 -60 -42 55 -42 -15 64 -24 -34 95 -21 75 -70 -13 4 -38 65 61 -90 -72 -26 -23 79 80 64 17 -85 3 -14 0 -40 8 -42 44 -26 39 -64 71 -96 93 -22 82 3 78 63 -35 20 62 65 -61 -35 -66 10 -21 -40 54 -20 80 -35 46 53 -50 8 96 -4 71 58 -12 -4 54 83 -32 -13 71 -86 78 -94 -11 -80 -91 -45 99 -16 -70 -29 6 -93 -15 10 -30 5 -44 7 -69 -30 98 3 -76 69 87 -56 87 -26 52 70 -74 85 -17 -32 90 -24 -77 -98 5 -42 40 -93 -63 58 -36 50 -91 10 -23 71 97 79 9 30 15 62 71 79 38 11 -57 -62 -44 90 -88 -76 -53 -78 -61 -95 23 74 -58 98 94 12 27 87 28 16 -95 -97 50 -98 34 -42 -59 -44 -49 64 84 89 49 -74 -82 -37 -4 10 82 18 69 58 39 -85 -83 -9 44 -36 -42 7 -94 -80 74 52 -97 -72 -7 -39 -61 -70 -46 -9 -82 -30 -71 -67 -56 -3 -18 26 66 -9 40 -46 50 -75 -3 -10 -63 -29 -47 -8 34 -50 39 -99 80 -16 -15 44 95 27 -85 -86 -57 74 81 -46 82 20 91 0 -85 -39 -78 9 28 -55 -39 66 98 83 -49 -83 82 62 94 -77 -11 21 -14 41 10 -45 -47 -84 75 18 22 82 27 -81 95 -11 21 43 0 -61 64 13 62 -52 -33 21 -26 20 -34 -56 18 25 11 -13 -11 -50 -74 13 -71 -90 10 83 10 -28 -18 45 -89 80 -40 18 -31 -44 -43 28 -27 63 -37 -41 -13 -27 47 8 -69 -58 -21 90 -6 -73 -1 -34 -16 37 23 12 -15 -30 -67 9 63 55 16 60 5 33 19 17 -95 4 15 71 -31 -63 -67 -67 34 -30 33 -61 -50 95 -35 -27 7 3 -32 76 -35 -76 -90 -45 -38 -7 -77 -60 -37 -94 76 73 -48 -80 -31 -71 45 -26 -55 -8 -59 35 95 0 83 -61 -60 -9 -35 7 10 76 -20 -93 -11 -47 25 -67 -9 91 -91 7 66 -51 22 60 44 95 18 -95 -86 -12 76 93 -67 73 -29 -95 82 -30 -31 78 30 -58 73 -43 
25 5 19 -53 -89 -57 -75 63 39 -73 33 -97 -86 -66 38 -18 51 52 81 61 -40 17 62 66 1 -75 77 8 84 66 -32 74 -79 -95 55 -2 17 51 33 32 24 -48 -84 18 21 1 66 20 -50 45 -60 87 35 -45 -43 -69 79 -3 -38 85 77 -94 -1 19 89 46 -75 17 -38 -93 74 99 30 32 -53 76 -71 -85 78 -71 45 23 -20 14 -4 72 65 97 83 61 -94 92 -41 41 46 -83 -77 82 30 28 -30 -77 31 14 -89 37 17 -22 -25 -41 -74 -87 -48 -27 12 -21 -5 82 -55 -4 90 49 3 42 -75 -12 3 -77 61 -67 53 -51 49 47 33 21 33 34 -38 45 12 77 77 -57 -65 75 -75 18 -39 31 -36 -47 90 94 97 -90 -51 -10 -91 16 -12 -92 22 -71 -80 87 -43 58 77 18 95 -94 4 79 -57 80 97 -91 19 -6 -64 89 -94 56 -14 -11 -90 -33 -81 16 81 -53 35 -16 46 -51 13 47 22 97 35 -88 -55 -58 94 31 14 87 -3 45 -57 66 8 93 -38 22 -76 54 -95 -22 35 -31 -14 -47 -22 -2 -91 12 73 -73 -69 69 11 -31 -85 -30 -61 67 61 -48 96 -79 20 23 45 -61 75 64 -34 -57 96 8 75 11 97 -28 -29 -82 77 26 25 -11 -71 -65 21 -92 -41 -33 -27 -18 -66 25 -91 -32 -76 17 95 55 -3 -41 18 -99 -23 15 -68 -30 -94 -29 -49 -27 96 -79 -30 24 -59 84 61 -96 -25 71 11 -36 -38 24 58 -54 -61 94 48 -2 91 -89 -33 -95 -85 52 8 -1 -21 -54 95 -10 -11 -76 -8 -46 38 -62 42 67 7 -13 -21 2 -49 22 15 80 -39 -3 -89 -15 72 19 -57 60 -38 4 -46 -17 97 52 34 54 59 -39 82 27 -93 10 49 99 44 45 -82 77 -78 -73 93 -78 34 32 66 31 -7 -51 56 69 47 50 64 67 55 12 36 -82 23 -81 -48 23 40 -88 17 35 21 -61 43 -33 -25 72 57 84 -55 65 12 -52 -75 57 64 29 -88 -3 80 -69 -76 -23 -45 -8 -59 -88 83 -82 82 -51 58 -32 19 -9 -43 46 21 89 -20 48 -38 62 88 5 16 67 36 -34 -23 17 -9 -24 -79 54 19 20 -46 17 11 -52 -47 60 64 -77 0 20 31 -50 -80 -93 47 18 33 -52 85 73 26 -4 20 35 -58 -90 28 71 -55 -10 -94 74 80 13 45 12 -78 75 -93 -14 -64 -57 -41 -22 -61 77 -41 -69 -83 11 
38 -50 -3 22 -25 -12 -80 -94 71 80 -27 18 -62 -47 87 -35 76 74 -1 -10 36 -93 12 34 -60 24 -37 54 -73 -83 51 -97 90 -38 -20 21 43 -27 -31 -72 -22 -70 59 72 -51 53 20 -25 -25 -41 79 -40 80 97 26 2 -45 -21 -46 -15 9 37 87 -29 -30 98 40 33 75 -69 26 -1 51 5 71 48 -48 33 68 -30 -79 85 -1 38 49 -99 -77 -20 98 -70 -48 -20 -91 82 89 56 -18 -54 -77 -76 -96 69 -92 -32 -25 92 26 5 9 15 -31 -27 -57 6 74 40 -68 -83 -76 1 43 25 -56 43 -26 -29 0 -33 75 82 -82 -10 5 54 -88 48 78 -28 -51 27 90 -19 -63 39 -18 63 -95 77 25 13 -68 59 41 75 -69 12 -66 -48 -26 1 -19 -44 -73 23 36 85 10 15 69 -46 77 -34 80 -87 67 -82 24 -64 96 88 11 -15 -73 -23 -78 22 -77 16 95 68 -87 25 9 -64 -2 -86 -34 88 59 -61 34 73 -69 33 -22 50 1 -15 -99 91 5 -88 13 -44 -29 -60 -37 0 78 -51 79 95 -70 -3 -21 -8 60 -23 -57 51 -75 -14 -92 -98 -93 -63 24 -34 -76 49 23 -3 -69 76 4 48 69 29 21 -57 -31 -1 -48 66 -50 -29 93 21 -80 -41 26 92 20 -47 0 -67 80 79 -25 92 -99 80 -84 -17 -79 12 66 -91 -24 22 63 44 -92 -82 -43 81 -21 -99 -69 -15 62 -96 -8 59 -97 -69 70 60 76 29 -35 -6 12 12 14 -94 -35 41 -70 -82 -80 -76 38 95 93 22 -14 33 -31 98 -15 -28 52 15 -11 -72 76 -25 -76 -93 -72 -86 -91 28 79 4 66 20 4 51 36 -19 -56 38 -61 -51 -2 52 42 -53 16 40 -73 1 69 -73 84 4 58 35 -59 -45 16 24 -35 16 -59 -19 67 42 53 -44 -60 4 40 -36 5 -13 -24 -85 41 -28 28 32 -60 86 -32 36 54 -11 -89 23 18 85 -66 82 73 42 -22 95 58 -48 -56 -98 -26 18 9 -8 -12 -80 -6 12 -54 60 -3 8 -79 -27 18 -31 -11 -19 42 15 30 40 87 -31 -50 52 52 -2 -9 -76 -83 58 52 -15 1 -18 -48 56 29 41 95 20 -79 -2 -53 -68 -97 -89 91 -62 74 48 -35 -41 95 -69 -40 -11 -95 99 -68 -72 93 98 -67 63 -27 16 74 98 74 -3 77 -74 14 62 71 97 -85 15 9 18 -28 55 -12 -92 -79 -91 -19 -77 86 -93 56 63 9 -79 
-47 -60 33 12 -24 -53 -1 32 57 -87 36 22 61 3 -40 -6 37 -97 49 -1 -87 19 6 73 -2 53 -34 -43 -75 95 -59 50 29 -37 98 -21 -72 26 -48 0 -19 -87 91 -70 -1 42 26 -10 -87 75 29 73 62 -51 9 -42 -17 -21 -80 15 -62 46 -84 -87 -74 -55 -30 23 -23 29 -37 49 38 -14 99 -3 8 68 -87 -26 89 -56 51 29 -58 -46 63 -76 -52 -44 71 10 -56 71 38 27 50 93 -78 79 82 -92 6 22 0 56 55 -66 -72 70 93 14 -67 -18 63 -80 -34 18 50 -38 18 -92 -41 33 -94 52 26 8 -75 78 -89 -20 -16 77 67 56 81 -24 -31 80 -91 26 -72 72 -79 -11 97 89 -67 56 -71 -39 -99 16 -4 -63 96 -63 75 33 -85 99 -93 -80 66 18 -51 -77 77 -7 -71 70 -53 -18 -15 8 41 31 59 45 81 -25 5 -98 13 61 79 -63 -32 -68 -73 -22 33 86 -43 -80 28 1 -8 17 29 -48 -30 33 84 -91 -88 43 -3 -99 4 60 99 -52 -69 -68 18 -47 -19 11 -47 -93 4 8 5 27 54 -33 -54 -36 24 34 -42 93 4 -71 -55 41 37 28 -62 -14 -2 -98 55 -58 -30 24 93 -72 22 34 -4 -69 -61 -7 69 -89 7 8 74 -95 15 94 -73 -15 92 -54 -6 -54 -98 -90 55 5 -78 96 58 -79 -67 49 60 -47 0 42 87 -2 44 89 42 -80 98 88 50 85 79 84 -17 -8 39 -29 -55 -18 -10 -4 -76 -61 -2 -61 68 -24 -93 41 -79 58 61 35 -3 33 -85 -42 -80 97 94 -53 87 30 -52 -81 17 -56 -4 -20 -42 -94 1 25 28 -36 65 -53 22 -3 62 61 -79 68 95 -27 -61 -42 86 16 77 87 -28 19 -88 -10 -40 72 31 61 -75 52 36 -65 45 99 -98 -14 -26 7 35 -65 45 67 -46 72 73 -19 -91 21 -90 45 -64 -75 -81 36 -37 16 -63 -81 9 -36 4 -40 -35 -48 46 12 -79 -28 52 29 -61 68 49 -21 -42 86 -24 13 79 2 14 -75 -38 -90 72 25 60 -48 44 -73 -87 67 86 -96 -91 32 7 59 41 -46 -24 90 -62 -58 13 15 -80 -9 -69 -83 71 9 -23 -39 -64 70 46 -23 1 38 -7 -8 15 -84 -90 45 7 -16 76 93 -68 23 99 -38 22 91 -45 -49 1 59 14 37 -50 -53 -16 22 80 97 68 -25 -38 -23 44 -89 -30 -19 -50 -21 50 7 14 -68 -91 5 54 -25 
89 53 -94 64 -54 31 -89 15 25 -86 -30 -58 -62 -55 -89 -64 32 68 -68 -31 9 67 -98 -6 71 99 -6 -45 65 -86 -45 27 21 -44 42 57 -57 40 -79 -78 -78 -61 -51 -21 20 94 26 68 13 6 72 -46 79 39 4 8 -48 56 69 38 8 99 -7 43 71 -73 -46 -71 92 15 20 -79 -26 -84 11 92 93 92 77 80 85 -51 95 78 37 90 -26 -33 -51 -1 37 86 -77 -96 -96 44 -51 19 -27 -24 75 15 -66 -58 -33 62 -71 1 -35 13 10 -92 11 47 -91 -13 -80 11 9 -85 -32 -86 -24 -33 -93 -1 -28 -54 -1 85 -16 -11 19 -39 -67 74 59 -69 -47 -80 -43 -8 -85 46 -72 -82 -36 84 -57 -79 -82 -12 -39 46 -24 42 -96 53 -39 -38 20 39 -55 -78 -39 -96 32 -92 -74 -2 -54 25 33 -37 23 -41 -45 -28 -3 7 -99 66 55 24 -77 42 5 -94 -28 64 -89 -65 -15 -12 93 -42 -80 22 -8 -13 18 -59 49 -74 -57 -79 -81 0 -78 -49 -49 -49 -99 92 55 18 96 8 46 -22 80 92 -57 0 -18 38 83 -92 92 25 -79 -40 -30 -38 18 -76 -56 56 -4 23 -93 -11 -16 75 30 -27 -99 63 -95 -24 -39 -24 -25 58 57 58 11 -43 -89 80 -12 83 -62 33 -7 62 -46 -49 7 90 -7 -91 -34 87 0 -27 -44 11 -85 -51 -54 47 -45 -85 51 -52 -66 40 50 -92 52 79 -38 32 42 -90 -59 35 -31 -31 -51 71 62 -32 66 39 -85 -9 54 36 -96 91 69 -19 -20 34 -51 73 63 37 -9 -18 -2 5 16 99 -88 55 -80 8 -11 33 98 45 35 -59 -43 34 -75 -19 84 77 -48 71 98 -1 3 74 20 13 -51 -31 38 70 -19 52 -69 45 -29 32 76 -32 17 31 -34 -15 22 -5 30 -72 -31 16 -18 90 -44 34 -93 -79 0 1 -71 -61 -91 53 39 55 50 45 -1 -44 -77 30 7 30 -60 -55 36 63 13 -70 -73 99 69 71 -3 -38 26 -52 76 -40 96 -55 -78 -49 5 -63 26 84 -2 38 93 -16 82 2 82 -91 -15 50 46 -23 -58 -29 -3 62 58 14 -42 -27 82 -50 -27 60 92 -3 -48 -52 -87 -41 -62 33 -36 46 -70 6 -89 65 -74 -24 -5 -11 -27 -45 90 -24 -94 56 -20 -58 4 -66 60 2 3 96 71 14 90 -45 -80 91 -37 39 33 -83 -58 32 -50 -36 -1 70 24 30 -90 -44 88 29 29 -16 94 -19 
-10 -81 -93 97 -44 67 -7 78 -15 -4 -76 69 0 -28 -98 -77 2 68 18 71 82 26 73 -61 60 -1 -96 46 58 -55 -63 -45 14 -70 -85 59 67 39 -34 37 62 21 -27 -12 -70 26 79 35 -31 46 -50 58 65 71 23 42 75 -32 -74 -95 -73 -34 -10 -19 -43 98 55 71 81 6 40 -33 -70 -22 -75 -29 7 61 -43 -13 9 -38 -13 90 83 97 -35 31 -83 -60 18 43 -50 71 17 7 6 -47 45 80 -75 88 82 -29 -94 75 -82 -92 -60 -66 2 7 69 76 -11 29 53 -74 69 91 60 -10 -76 -68 86 -52 -75 76 -65 81 17 62 -31 8 -96 50 88 -12 -99 -20 7 -39 94 -48 11 -24 90 -36 2 -28 54 -28 -40 -12 -1 0 76 12 33 -5 90 71 45 89 -35 -57 -7 -98 22 -20 36 68 -59 -78 -72 -88 -62 -90 -24 83 -64 -18 -18 -82 -17 -66 79 -23 -28 -61 10 65 1 -95 85 63 -25 71 -13 -83 96 -80 98 81 -85 58 8 65 67 -7 5 -64 -24 -36 -4 66 9 89 -53 18 -63 -62 -1 -50 -92 23 -94 -20 -23 -33 68 -81 -53 -3 10 88 81 -55 -80 95 64 -67 85 98 -47 55 -83 57 96 -22 -73 -91 -85 77 25 -58 98 68 84 66 57 -70 29 -44 -78 -64 -30 -75 42 12 -6 -93 -94 -98 70 -86 12 -10 -22 19 -51 53 94 -3 -39 90 58 -33 37 10 -49 -22 -49 -74 77 -25 15 -14 -9 -15 -91 27 41 39 12 -68 92 17 -57 -37 93 -18 -82 33 66 -73 -21 37 -52 -28 -96 11 -93 -2 -96 -85 -34 86 1 -4 30 27 -94 14 81 -10 53 53 95 74 -18 98 -12 -65 -1 26 75 -94 48 -90 24 9 55 -98 38 40 9 52 -8 -39 95 75 -6 -25 36 59 85 -45 8 25 38 -20 12 51 65 31 33 -57 -36 -99 -38 93 92 -49 94 -98 -24 -83 71 24 -65 32 -33 -70 -70 42 -48 -16 -34 27 -97 -65 22 59 -39 -62 78 -80 -24 19 -78 -24 -40 -96 41 40 -62 33 93 -71 -59 -22 49 97 -10 -7 -31 9 80 66 -83 -9 76 -67 -36 -1 1 69 -78 10 -38 85 19 -38 -71 -82 -96 76 14 -24 49 15 47 -76 -60 -85 -11 -37 52 18 -37 -84 76 -1 -85 98 58 46 19 89 -29 9 -99 -92 -65 -22 -69 44 -77 23 -70 9 -25 69 -65 1 20 6 33 -66 0 -27 -13 70 -71 26 46 -25 44 14 
-53 -33 13 55 19 40 -36 -21 10 -81 92 -57 5 5 19 18 -10 13 -16 -11 36 -74 -87 -60 52 64 -92 18 16 32 77 -57 96 70 51 -89 -77 -28 13 78 56 -26 14 -77 -59 -34 7 18 -18 22 73 -90 93 -42 35 -52 38 28 -80 -58 77 -62 -78 -31 24 26 30 -27 60 50 -67 19 70 37 -28 -51 78 -43 -90 -13 54 -44 -60 -91 -56 -22 -39 -75 1 87 -45 -69 -1 87 88 -9 -1 60 -90 -4 62 88 -10 43 -99 -1 -72 -32 13 -28 47 70 2 -61 48 -40 -93 -6 92 87 46 97 82 15 -4 73 -97 71 71 61 -74 -99 2 93 -7 84 -26 78 -11 89 -22 -66 14 -87 63 -47 76 -3 -53 14 -85 23 57 -23 -85 52 -74 -49 99 -32 67 -22 62 -98 -64 -64 -35 41 95 25 8 -12 -75 -37 -46 -82 54 -84 -85 48 74 -95 -12 75 29 36 14 -71 95 -97 -37 66 -6 21 -81 -89 30 81 9 41 51 -82 -79 97 -86 -93 88 -12 -94 2 -1 41 13 62 -44 19 68 54 83 -39 -78 -92 -81 -19 39 2 -98 -66 -36 58 39 -93 -61 -39 69 14 -15 -56 52 -81 59 51 43 63 -68 81 71 -73 -69 -66 -24 -39 3 76 -57 93 99 -11 31 73 62 -74 -84 23 -99 93 13 32 -39 -21 -42 -62 -62 -99 -24 -36 -21 -49 68 98 -51 -89 22 -96 48 -87 87 8 -13 -18 10 -3 -36 1 44 -61 60 -87 -77 9 -27 48 -1 -33 8 -86 -62 23 -52 54 -41 -71 -32 79 97 -8 -54 49 19 -36 -40 -88 -49 63 18 -64 -89 -35 53 81 -21 -40 -2 51 -18 -44 49 -17 13 18 78 -93 -99 -23 12 -64 26 -73 30 50 80 91 51 -32 -89 -4 88 -25 13 -26 92 55 46 -64 -70 -52 -79 20 88 65 -31 -47 -77 -49 66 30 85 99 41 -30 83 73 98 85 -53 6 30 82 -51 91 -5 1 39 -46 63 -57 -31 28 49 -32 -5 -87 47 -72 79 91 37 39 -27 -79 -75 78 -70 7 -93 -62 -29 74 57 36 88 -9 -86 44 -1 27 -80 90 -34 45 75 38 23 -61 -27 6 59 31 -56 -18 -31 14 -64 -93 43 1 -45 68 33 20 90 3 -27 -95 35 64 57 52 -87 -88 -51 78 53 32 66 -45 15 79 86 66 -72 2 13 56 14 -63 -59 -64 39 58 85 84 -96 -44 -17 60 -90 -15 -56 -63 21 -29 59 8 -14 -20 -64 -33 -78 -63 
93 25 74 69 -38 50 -89 81 -81 -46 -35 53 -74 -30 -47 -36 9 16 30 91 -30 -17 -29 -5 82 -27 85 -59 84 -23 -12 -4 -2 -73 -46 -16 46 65 -77 -51 -13 -76 86 28 0 44 -29 -73 -76 -6 37 96 91 90 31 -60 52 41 45 -62 14 48 52 -97 -40 -9 9 42 -53 -36 93 42 -64 -84 -31 51 -2 69 37 -30 -90 74 48 -53 -90 86 18 -10 -21 79 -96 -45 5 42 -31 -68 -82 99 -34 35 53 5 -54 -38 64 -10 57 -43 -11 -62 44 -14 -5 -63 -6 80 7 -5 94 -39 -11 80 44 71 -17 15 -64 -11 -74 59 95 -15 -62 -21 80 69 54 7 75 -62 -46 -64 -36 27 -75 -78 20 -99 7 -96 -33 93 -83 -32 -1 65 -15 17 -37 7 15 12 81 73 -50 0 46 21 99 86 26 85 -77 -53 46 40 -49 33 -52 -30 -14 -41 -44 -4 -87 61 42 -60 96 -35 73 85 61 -42 18 -19 83 50 67 -26 -96 80 58 54 -99 50 -45 -62 -92 -62 13 83 61 40 -71 -96 -29 -58 -4 -69 -86 34 39 80 -77 92 -50 83 48 -93 -15 42 -48 34 0 -8 -58 -14 30 59 74 -38 -70 -67 62 -45 29 11 -67 53 94 -98 11 63 -28 13 -31 -54 -6 -17 -3 5 -17 -94 -26 -11 92 11 11 -39 29 -91 -24 31 93 -33 1 -29 82 79 19 37 -80 -55 79 90 68 -64 -55 -96 -47 -86 63 48 -74 69 81 -82 -11 51 52 39 50 83 -16 -68 -91 68 65 23 -74 -33 28 60 61 -17 -82 11 1 -5 47 -47 -95 72 93 64 23 74 -38 -14 87 16 57 83 8 -55 49 48 62 15 90 -29 -59 22 -61 -43 -6 99 -94 -14 -77 -35 -18 5 -59 17 43 15 30 84 16 24 67 38 -6 -47 26 -50 -34 -43 50 79 25 70 -9 28 40 18 -66 76 -64 38 -1 50 -32 -28 33 68 -15 -13 -17 95 -41 -76 17 13 78 34 44 -82 -88 33 -83 30 -70 43 -51 -8 -62 3 45 -12 14 -81 -61 -46 2 91 -36 43 -97 -2 -6 66 15 -93 41 -3 -95 -23 -54 96 39 -19 -80 66 -25 5 -30 -43 -53 62 -97 7 57 -90 0 -64 -2 -67 -70 -11 -44 -5 -75 -84 -75 -10 55 9 47 -40 26 31 -51 30 -74 80 -19 65 -47 -78 29 79 -36 1 96 21 -14 25 42 -9 -61 -88 88 -79 46 60 -60 51 54 -99 -8 -41 62 95 87 -53 84 63 
77 -67 75 50 58 -69 -39 1 -62 -74 -22 7 72 95 77 49 -47 -86 -23 80 -45 34 -23 16 4 77 42 -42 -53 85 21 98 -24 -24 64 -62 87 22 -92 65 -93 -41 3 33 69 -1 -85 3 -18 40 -51 -83 49 -57 46 61 60 -51 -35 51 63 67 -89 -30 98 -39 -79 6 84 90 31 -49 33 -82 -32 17 -73 -79 27 69 -78 98 3 -61 -58 45 -41 -92 -80 69 -89 -97 -45 -25 -64 20 -21 48 -71 39 -8 -67 36 -92 0 62 -7 34 52 8 7 38 -36 -52 -3 78 3 3 26 -14 51 -5 38 3 51 86 -36 22 -67 -4 50 -14 -65 12 -94 16 -1 -82 75 -78 -36 4 -73 -2 -54 41 -2 -99 46 -57 40 26 -32 -50 53 70 27 76 70 -23 54 -43 -7 88 16 -16 38 -14 1 -67 93 -51 26 -85 68 0 -50 -35 -47 -72 -4 -16 3 -81 -32 -53 5 54 -62 15 78 -14 81 -53 76 -46 -13 99 -90 88 -42 90 70 76 -16 -59 60 -79 -95 31 -43 -19 -40 44 -70 49 56 67 90 66 15 -98 -43 -94 -67 -24 -98 16 40 -58 74 26 -68 -32 41 -35 26 -55 -54 -62 -81 83 47 -23 21 -29 -18 -32 18 52 51 45 73 -2 -46 29 40 -14 78 73 83 -46 34 -6 -34 2 -78 -32 -11 -77 -89 -12 13 26 75 -7 44 -61 -64 -81 87 -95 42 -38 36 29 -71 -61 79 -88 -34 18 -61 -22 -98 20 14 -35 -92 71 20 61 23 38 -80 -39 -26 6 72 -82 -92 42 -59 92 97 13 76 47 23 -14 -93 86 -65 -92 3 -20 4 26 78 85 3 -46 -18 -53 27 -50 84 -18 16 17 -73 10 32 -91 36 -56 -3 -39 -56 -31 -13 -55 24 37 33 91 56 59 12 -38 71 -9 94 -10 -88 91 83 -50 -66 52 28 -6 -57 -90 -13 -16 -57 -16 -1 62 33 -93 52 89 -87 89 58 19 54 -21 -56 -57 20 -29 16 -13 -36 73 93 90 2 -75 -91 66 32 -88 61 29 8 66 -25 3 -78 34 -70 -77 98 28 -51 98 68 92 -37 -90 -72 -23 -58 -24 68 -70 -23 57 -59 17 39 -76 25 -98 26 36 94 -91 8 32 95 -13 -59 -90 22 36 -73 -28 -51 21 44 36 45 90 -1 22 -63 30 -6 28 -22 -57 14 20 -10 -37 -69 -42 -24 88 62 93 88 66 -43 9 -98 -44 24 -28 -79 -88 44 -11 69 55 53 -50 -75 4 20 12 -11 43 -29 -94 
-86 43 36 42 4 -19 46 -39 14 34 -10 78 66 31 -47 -71 -6 -90 98 -67 10 77 55 15 35 12 75 -86 94 -74 62 25 -41 17 83 -98 -87 -41 14 36 97 -21 -65 69 -39 29 38 -29 -45 19 -48 -8 -12 -42 30 33 -17 75 -5 65 -73 56 -16 -13 68 90 -43 -90 11 -15 99 19 -58 -10 31 97 75 -83 -50 -13 -97 -87 -37 58 -29 30 88 53 -5 79 89 -37 97 -99 -19 -38 -35 -72 24 -63 -10 24 50 -30 -69 82 64 39 -56 -11 -96 -38 -84 -14 -28 -87 38 18 -54 -50 78 -94 -48 0 0 -19 -26 82 -50 -72 -70 -52 -80 34 90 -21 95 68 -35 1 81 1 62 43 -82 34 30 -95 -83 -86 3 93 -48 28 -81 -4 70 20 33 -89 -97 -53 64 -61 -85 -98 58 32 -23 88 10 -82 46 -27 -67 7 11 -86 66 9 -22 99 69 85 46 -78 -59 -66 59 4 -29 -30 84 -91 -36 65 -63 -88 -61 78 96 79 91 88 -20 -79 -97 -73 -52 -55 -42 31 37 -40 -96 22 -27 -14 -87 -39 92 45 80 82 -1 -6 -90 -82 -8 73 -8 -37 19 42 -26 -26 -65 -76 -95 -30 54 -93 58 -60 93 2 5 -37 -78 84 77 -82 81 -15 68 97 -1 -81 -67 40 -66 64 -36 90 -39 -31 42 62 71 53 -50 1 -94 -88 69 -68 -11 67 26 -5 -72 79 -44 -57 46 -70 -14 27 -52 56 70 14 61 21 72 98 -89 52 -45 -59 -63 47 -69 46 -80 65 -27 32 76 -76 24 -96 73 24 -53 3 -15 -86 97 44 86 -22 44 -20 53 -56 -46 -15 41 -53 -81 -43 53 36 -50 96 -35 72 -41 96 92 69 74 -32 18 -29 -71 93 77 -99 -54 22 -92 -15 -81 -93 -36 26 -80 45 -31 32 18 -46 -13 17 -76 -32 19 28 -33 10 16 63 -70 29 -64 -34 -71 -27 16 47 85 -75 9 -27 40 -73 31 62 96 1 22 23 85 70 87 46 -19 -24 -28 -37 82 19 6 63 20 -39 44 -79 -83 29 2 45 20 -52 -27 -99 98 3 3 38 21 -59 -88 -41 -35 -55 15 -92 -4 62 -39 -36 1 67 1 20 -8 -5 -56 6 76 12 20 43 62 -83 91 -77 -4 -75 -58 -62 -21 -22 57 11 45 -93 73 -13 55 -64 -30 -14 32 -74 51 81 -99 -71 76 -76 2 -99 99 -77 6 85 -29 -77 -84 -22 19 73 64 57 -8 -56 -6 -17 17 -7 59 62 90 -90 31 -71 
-13 -75 15 -78 67 -29 36 37 -18 -42 57 -64 -72 -87 -80 -53 -75 -48 -79 18 -38 -79 27 -35 -91 34 -81 6 66 11 65 -92 84 22 -48 94 -17 42 -66 60 -80 22 32 -86 -73 -29 80 -24 -80 77 2 -2 -72 98 -28 -64 59 79 -40 94 -50 98 82 -78 -69 43 -62 -68 -60 90 -72 34 13 -85 97 94 -21 -35 18 -29 -82 -49 -90 -38 -41 31 67 12 23 94 51 84 41 -25 -25 -74 93 -14 12 79 98 -65 63 -76 -59 -99 94 -19 3 -37 32 70 -58 68 -77 -95 -29 -66 99 3 71 40 -57 25 -49 -96 47 -30 54 -25 94 -54 64 57 65 -14 -38 -29 -54 -28 -30 29 -99 -93 -6 53 -66 -20 62 19 -2 17 49 74 63 -67 3 13 17 69 70 3 -16 -30 -42 -68 -61 42 -21 -84 -79 97 92 -46 80 7 -8 -72 -86 -88 -92 27 42 -13 52 -49 -79 49 -98 26 -51 67 47 -15 -42 -47 -56 33 32 -57 76 50 98 82 -37 -73 -91 -72 94 39 -21 -21 27 -37 52 79 -49 82 34 -85 62 -71 -14 -32 69 -94 -93 -10 -36 28 -23 -33 48 -42 40 -54 -46 -69 -67 -9 -24 69 -6 -41 54 90 -67 21 -2 82 72 97 13 -97 13 6 66 71 -1 74 10 -21 12 89 70 11 -82 71 84 10 -84 78 -43 -42 -99 -5 3 72 -70 34 -41 91 -22 61 -70 -8 2 45 -53 -8 16 28 -81 -51 -6 48 96 -16 49 71 -51 -57 97 34 68 43 -14 52 -68 35 37 -28 -91 -23 -90 -34 29 36 65 -21 0 -98 86 33 -32 57 55 76 58 -91 98 53 -7 99 64 -66 -12 58 18 -66 10 -38 -71 -85 -96 74 -29 68 -86 4 -72 -6 -41 -37 83 -30 21 90 8 -30 -63 83 75 87 -30 46 81 -55 -94 -1 -90 -70 56 -95 24 -26 46 42 -55 51 27 62 -5 -90 4 5 -41 15 -82 95 -56 -45 23 0 4 7 17 -53 -38 68 59 -11 -14 99 0 -27 85 89 17 5 93 98 -74 36 -48 -27 27 -84 79 -27 10 -19 -33 84 52 81 -17 -58 -87 -41 -6 65 -4 83 -82 62 -52 -56 90 -38 -57 83 90 83 15 -49 -38 -73 -32 -19 20 -56 -38 53 -6 41 75 77 61 -19 16 38 16 -7 -88 -2 -10 65 56 51 -36 -75 63 -8 90 -84 -56 24 -67 75 9 15 -94 -9 85 80 87 74 55 1 -34 46 66 67 -57 -61 45 -87 98 -13 
59 64 39 -63 -71 -91 -74 60 -61 -62 -11 87 48 -38 -60 73 -64 26 56 55 -67 62 -31 20 -83 -72 -30 83 -50 -65 19 2 -67 -57 64 55 6 -59 -92 82 75 -30 63 -7 -39 27 -64 -87 49 51 -13 23 28 66 21 15 62 -41 -96 -93 -42 -31 73 -22 39 -90 -66 -35 69 -9 29 -24 7 -73 36 52 1 79 56 59 73 -90 46 45 41 13 -47 -95 46 99 30 -18 -86 48 61 81 -86 -78 20 -19 -57 -41 25 96 33 11 -66 86 3 -82 72 26 -97 86 81 17 -83 -33 -58 -73 -9 84 -84 45 41 -65 -5 -94 75 -73 -25 -86 -38 71 -21 29 -35 20 60 12 -85 0 -27 -45 11 63 15 -70 -85 -80 43 -51 -2 -91 -60 63 9 -13 34 8 -48 2 -3 -63 -28 -47 53 54 -74 -51 68 45 -73 -81 86 19 -17 -18 -80 5 4 -7 -74 63 14 -35 -44 30 -66 24 -49 -91 -48 90 -37 52 3 89 89 82 -47 -79 20 -39 78 -78 -40 83 49 49 10 93 -64 39 3 63 -34 -27 37 -95 42 -68 -5 88 -4 62 -38 -42 -8 31 -61 52 63 -79 -74 32 -12 -72 14 -19 23 -67 -81 73 37 -30 34 36 91 -15 65 71 75 53 95 -9 -13 48 -36 47 -8 -13 -62 66 -16 64 -59 90 -83 -90 21 -33 92 28 83 -14 -49 94 -7 31 9 -86 -66 13 -47 -1 -5 -42 2 -22 -51 76 -34 99 28 -13 -43 -70 98 3 41 -89 27 65 92 -2 94 -30 -36 -80 63 -73 -83 -66 -50 -89 39 38 -84 25 -33 -91 -23 -35 58 -30 -97 42 0 -45 45 -73 49 96 94 -74 -28 -37 -49 -8 74 -56 -90 31 56 -52 -98 -33 78 37 23 -76 52 -38 -11 -6 -8 65 -2 87 -18 -23 -90 51 -56 33 95 94 59 40 -2 47 -3 66 -58 15 -17 -73 -13 89 -70 -74 -35 -51 75 -15 3 7 67 -88 96 -58 13 94 -39 -72 -97 14 -82 -51 -7 -54 -71 -38 22 -88 -85 -89 -35 97 17 8 27 -38 -68 -42 -33 -42 50 -55 -33 35 -71 -81 50 -66 -49 4 18 -73 -75 90 -73 54 -88 56 85 -99 -68 -21 50 86 82 18 -12 0 -69 34 32 -80 -92 -91 -50 87 99 -38 -36 -14 -24 -45 -37 -73 -40 89 -76 -61 -68 80 39 52 38 47 -3 -18 -45 -89 70 22 43 29 29 -23 97 96 -77 -82 -35 -23 5 2 80 85 53 -41 81 -58 94 33 -15 13 
-89 -20 28 -32 -54 -67 80 39 -15 74 -33 19 23 -41 90 -64 37 -98 23 98 65 65 51 -2 -80 34 93 6 63 -97 12 64 -91 25 -25 89 -54 19 54 -81 15 66 -56 -21 -74 -36 32 -50 -43 -50 52 90 21 52 24 -11 -94 25 7 3 32 -26 -32 70 20 -73 27 -7 -37 49 -47 93 27 -33 94 -90 31 14 18 89 -7 97 46 -52 -8 -96 -55 -15 -69 1 -13 -50 49 0 18 -35 11 -47 86 -48 5 -37 -7 7 66 -57 87 -23 8 63 20 4 99 -24 71 25 78 -46 38 -59 31 -40 -62 94 8 67 -56 -22 -40 32 -8 -64 -5 -42 -57 -8 88 90 -66 42 -90 -71 24 37 14 14 -53 -93 23 68 78 -93 -49 93 -21 45 49 -9 1 99 -7 92 68 -56 -32 99 45 18 30 -99 -6 62 29 -46 27 -38 50 35 -33 75 18 41 -18 98 84 59 -91 -93 -42 -87 61 -47 13 -13 50 73 2 43 91 77 7 -73 -28 89 -90 80 -91 -86 -99 58 -28 39 99 -70 -53 -43 70 -23 6 -54 98 37 8 -14 37 -98 17 -18 27 -19 17 -5 -20 54 -81 6 5 -88 21 -76 38 -34 16 5 -49 52 -86 22 57 26 -40 -74 16 34 -62 -54 59 81 64 -44 -54 92 -27 -43 88 27 -36 -76 -50 -19 69 52 -85 -96 -99 -58 99 -9 -27 60 43 49 5 39 99 32 91 73 -77 -97 -38 -21 -90 27 -15 -86 -12 53 -85 -19 22 16 -34 56 -38 -56 -99 45 54 56 23 70 71 88 -8 -92 -15 -40 56 41 -19 5 -37 61 -83 25 -38 -25 -92 71 -72 81 15 9 40 54 55 -42 -90 75 99 88 -85 77 -39 -89 -18 -18 -46 -61 32 15 98 -45 -2 -20 -57 -74 23 16 59 14 -97 24 99 -55 30 -6 51 75 31 23 38 -77 -29 -64 -85 80 46 8 66 20 33 -76 -76 -18 75 3 77 27 -32 72 -98 -57 86 36 25 8 88 -80 52 27 46 -93 44 -8 -69 -68 -22 -43 71 28 95 -16 16 -73 13 -20 86 -34 54 -39 6 77 -64 50 70 40 54 -91 46 38 -61 -64 86 -94 12 54 -54 45 -22 98 -43 -86 60 73 -49 -56 36 36 64 -4 -12 84 97 -7 -23 -77 60 -9 -36 -44 14 -82 37 -14 23 30 -58 69 -20 84 -15 56 78 33 27 -5 -44 -7 -88 35 -76 50 -96 86 -57 9 -47 77 -62 3 40 51 -85 88 -13 95 78 54 
19 -13 -58 23 50 -87 29 -19 -95 49 26 53 0 57 58 -15 -60 -83 -8 11 39 -40 1 -47 17 96 -51 47 -59 41 -48 44 70 91 -47 61 3 74 -58 -15 51 68 -29 -68 -23 -21 6 13 -50 -12 -26 -83 53 -55 -41 80 -59 -14 0 47 -38 -69 20 -35 -96 58 14 95 53 16 99 31 0 75 -56 0 -37 70 -80 -83 29 -89 -39 4 -4 69 65 58 -96 -56 27 -90 95 66 -56 10 40 94 7 -80 -11 73 -70 -62 1 -38 -90 -74 -77 66 -38 34 -79 -47 -92 45 -91 -98 54 -85 -91 -78 -64 81 28 80 57 68 -23 2 23 -44 44 -23 6 -48 -51 13 -83 4 70 31 43 4 14 -16 -88 -87 -49 1 6 46 -59 5 47 39 -36 -65 -88 -8 60 47 35 54 32 55 -86 15 47 40 23 93 -70 89 86 92 76 0 18 -96 58 -72 -55 -57 28 -62 90 -43 15 -14 2 61 80 89 92 -38 -54 94 51 98 -49 -11 97 -51 -61 31 92 62 -10 -75 18 -53 -55 36 -24 -78 -19 -72 -57 -96 10 -78 -97 -80 75 -79 60 -12 22 83 97 3 -42 62 -41 19 -87 38 75 36 11 -51 -86 -66 40 -59 17 1 -81 -87 28 -90 -45 88 66 40 -8 -9 80 6 -53 0 74 92 -56 -2 -31 -82 -18 25 -71 -97 -19 -13 -11 -83 18 56 -69 -43 -57 23 -85 -96 -99 31 -39 -9 27 -50 -91 -83 48 90 18 91 -33 -75 -98 87 53 -31 24 -22 -83 84 4 -88 62 -77 -74 63 65 -11 -83 -93 77 26 -70 -98 -45 -26 -87 -18 36 -74 -88 22 61 -98 12 63 15 -27 80 73 16 20 -1 96 -59 -56 -43 -44 11 0 27 -94 30 7 -2 0 -71 -96 5 96 -1 9 14 -65 -23 -80 -33 -53 -2 -60 -38 97 -78 29 -38 13 63 -13 -9 -33 19 -87 54 -85 -51 -26 3 -58 13 -91 -21 47 -62 36 66 -24 40 95 -21 1 -83 30 78 -79 -12 -54 90 -37 -45 48 74 57 38 -28 -51 -88 -1 -12 -73 -54 -79 86 -93 55 -35 -97 88 -78 23 10 5 50 -5 6 -82 -25 -49 0 -4 13 -17 -82 -66 83 -68 27 9 -98 -69 -94 99 -9 9 65 71 96 -94 97 43 -24 -53 -27 84 -50 37 21 -17 56 -76 83 37 -76 -36 -16 38 -1 -57 -84 -55 -11 3 -86 -6 23 15 0 38 -17 33 -28 44 -27 73 89 66 47 92 -41 54 -77 66 -49 48 87 
-41 29 -59 51 -43 11 -54 35 -10 -72 31 80 53 -87 48 -46 64 8 79 -90 -17 61 -54 -74 -11 -32 -9 95 -82 -47 13 -76 8 99 -64 53 -91 -56 15 70 -91 59 44 97 86 -51 25 -57 -37 82 -47 -56 -35 -13 -67 57 70 56 -1 -11 -72 35 -73 14 -68 -96 -1 -24 -22 -58 -34 -50 89 -52 76 -29 -77 -79 35 46 70 67 78 -2 86 90 -20 13 -78 -37 96 -16 61 6 -72 37 -5 78 -15 90 56 97 -41 92 43 -36 -11 -37 82 33 25 -76 -92 31 85 -44 -3 -5 -79 62 43 88 -84 -46 -72 70 -28 33 -92 -10 29 -38 80 31 -32 -55 -6 6 -17 28 -71 -42 -45 -3 -23 -94 11 63 -10 -13 -65 -36 -86 -38 30 -65 -17 96 88 6 -38 67 76 -16 35 -42 44 -13 -58 35 8 -49 -58 91 62 -14 -42 18 44 -2 6 -56 80 -87 -8 -88 -35 61 -72 78 58 54 -41 -63 -46 -19 16 90 -15 56 68 -58 93 -53 -87 95 66 -98 42 23 -85 62 -37 -55 28 -71 48 -76 -13 95 42 10 4 40 82 83 30 -61 32 -98 68 89 -66 13 14 -9 78 92 -37 55 68 41 -98 -9 92 59 -5 -71 31 49 43 -39 -13 77 61 53 -41 -8 90 5 71 63 -83 50 76 -69 22 90 -80 68 28 -16 -12 51 93 14 7 -41 77 -75 5 -64 -38 78 66 -1 48 82 -5 7 -2 24 33 40 33 -67 15 -28 -81 14 99 6 17 57 63 -34 -6 57 -39 38 -19 91 -57 26 -20 -35 32 21 -76 73 -89 5 28 5 -70 95 64 94 -18 -54 -19 -42 -74 81 31 70 70 -43 -16 75 57 23 29 34 -1 90 -49 97 80 -16 -4 73 6 -11 2 47 -46 18 5 52 52 52 -99 81 18 67 50 -16 98 -8 -8 -15 -23 38 87 -79 -27 -35 70 -81 -76 -6 -15 -43 91 25 20 19 -56 -4 59 23 -50 92 -19 -91 -25 -65 66 -13 12 -97 24 -1 -85 1 -97 77 -89 11 -50 31 48 -49 89 91 22 -90 62 78 -18 13 -18 -84 42 -7 5 -75 -25 -20 20 96 -5 -17 99 94 -23 24 -35 -1 -30 -77 -57 3 -11 -49 -80 78 -30 99 -78 19 -2 -88 2 69 -55 79 -97 42 -90 99 -6 25 3 -11 -82 75 -83 18 -20 -62 21 -78 -47 29 -73 19 -97 -55 -51 50 -66 -9 -98 -64 -35 -78 49 -63 79 73 -18 47 84 -81 -23 72 -79 42 
-69 22 -4 44 -85 91 93 -1 87 -23 71 15 -45 79 -83 43 -21 -80 -7 3 -70 80 23 -77 -92 44 69 12 32 -85 -99 58 63 -63 76 31 12 44 24 -31 10 42 -56 -25 -41 -37 36 54 -36 -35 20 -60 4 -45 -99 -9 49 -28 2 -24 -66 -8 -8 82 -62 -6 30 40 -11 -8 84 19 -54 26 46 74 -16 -56 -4 64 37 98 -4 56 70 -65 -44 -24 78 -94 18 -93 88 -88 -55 36 -43 -48 10 43 30 -61 92 -3 59 71 53 -8 92 59 55 8 88 -55 14 -30 -28 -11 -18 6 52 -78 -3 62 -47 7 52 -62 -32 99 51 -27 -94 84 11 -24 92 -84 -80 34 -3 9 13 52 58 -9 47 63 64 17 -86 -97 -66 87 32 66 28 10 87 32 65 -10 64 58 24 27 18 -6 -33 -39 75 71 -13 90 14 -10 60 52 80 80 -50 47 -98 50 2 -65 -38 -30 59 49 37 61 56 -98 -25 90 -87 24 36 -17 -15 67 -34 69 -67 -74 -47 46 -73 75 44 60 75 -98 41 -3 -18 58 -30 52 41 -22 99 -2 -8 -20 -13 -41 74 65 -1 39 -39 -37 49 89 83 70 -1 6 -2 1 84 70 2 0 -93 -14 -90 47 -79 -43 75 -82 -48 42 -96 -39 51 45 -75 -65 55 21 85 -32 -6 21 -68 73 -62 18 -4 98 22 78 1 26 83 90 -66 -46 -44 -44 -85 46 -50 -41 -63 -18 62 30 61 79 29 81 0 -3 16 53 -47 15 -35 -7 -47 99 26 -58 -8 -75 -26 11 -82 -39 97 83 22 10 -2 69 -53 39 -3 -46 -76 -59 -38 3 -13 -99 -56 1 66 -97 21 5 -51 -65 77 19 6 34 54 12 -33 -21 -87 -64 -92 -85 77 0 36 57 -92 22 66 90 -95 -68 -21 -82 18 -92 -30 72 -69 23 -89 -73 -28 -38 -80 92 17 -80 -31 46 50 7 -76 -7 48 -2 20 -38 61 2 -44 -35 -78 -91 83 -46 25 49 -58 -73 -75 -87 -59 64 -86 52 -12 97 32 -9 56 0 -32 -47 -60 -54 -15 77 25 69 4 -46 -29 -74 88 71 -10 -24 30 -72 38 59 50 -31 56 -5 -77 -1 -85 44 14 -22 74 6 5 56 2 -2 40 14 25 26 27 38 69 64 28 52 -32 79 45 -57 -36 -70 33 46 -14 98 -38 75 -88 -9 28 59 -19 -44 45 -36 -63 -92 -22 80 38 -56 -97 -91 -77 5 -91 45 -72 -42 93 -78 -1 57 78 33 -92 -53 75 -15 
-26 54 12 -86 -22 75 -14 87 -52 -42 -24 -91 -70 -74 12 -18 -87 -36 43 77 -34 31 12 -77 73 -41 2 -22 -93 -86 -78 -75 -59 -47 54 46 -18 -83 -63 63 85 -36 25 -37 11 8 85 -29 2 -45 27 -64 19 50 49 -33 25 -52 -98 90 -17 29 99 -11 -36 -70 55 -75 22 25 18 28 47 3 -5 68 38 22 -2 16 -67 -13 64 34 6 27 67 34 8 -69 19 78 -82 54 93 34 39 26 -9 -20 -28 15 -35 10 -90 -51 31 80 -55 59 -31 23 23 64 -27 -46 23 -28 6 -62 21 -54 75 10 2 83 -6 11 12 -56 -77 -60 84 91 -8 3 59 1 98 16 -18 75 34 -9 -90 55 -15 34 14 89 85 50 -25 -40 71 -81 -93 67 -24 36 -28 -84 -16 26 -8 -76 57 -38 -68 25 -98 54 43 -43 -29 -49 -65 90 9 -20 -99 -89 -62 43 27 1 85 -69 -50 23 -43 -13 53 -30 59 90 -26 -90 0 -61 6 -51 92 -61 66 48 38 92 91 28 35 -75 -82 35 -59 15 -87 29 11 -62 92 -38 -63 34 -29 -70 -22 -53 21 -89 70 79 74 26 -63 39 -28 94 -26 -28 17 -76 -69 29 78 -81 86 93 -51 62 19 57 77 25 -76 -19 16 16 -87 -28 36 -83 65 -39 43 45 46 24 -8 -33 60 -30 60 94 -90 19 43 18 -90 -29 -38 -80 93 -93 -41 16 8 -7 -2 -90 -82 -94 35 46 -5 -13 -6 -82 -23 57 68 -65 -7 35 -49 -78 0 46 -16 48 -40 31 -41 -56 31 -70 -96 1 -41 -3 99 21 -6 -18 -53 14 81 -72 -8 -44 31 63 -7 -72 82 75 63 -87 -28 29 -82 -76 -68 25 60 13 -93 65 -75 -91 24 15 86 93 84 -1 -56 66 91 -22 12 -68 58 -70 66 71 -20 -39 17 41 78 45 -24 86 -66 -2 97 -4 74 17 14 62 -4 -32 34 -6 -52 49 48 40 5 -34 -56 79 51 -25 39 23 21 -75 14 72 50 69 -66 -93 82 88 -52 26 -31 -16 -58 -17 83 2 -1 56 22 56 -8 39 -50 -54 -13 98 84 12 -97 -99 83 31 -35 -28 96 -28 15 -48 47 3 -63 98 -30 -7 -7 -80 36 94 82 8 21 38 -48 30 -71 -65 -79 15 -24 -51 31 83 -8 36 -39 -36 -27 -14 86 -81 -29 -62 30 6 3 34 -37 -16 86 -15 -33 -95 9 -25 21 -96 27 -19 39 -81 92 -76 -22 15 -80 -69 7 71 48 41 
-71 -35 77 -78 48 68 -60 -72 92 18 77 43 -21 1 59 11 68 19 9 92 -55 -39 11 -27 -61 67 47 -5 19 44 36 -40 -32 -88 3 79 48 3 -4 55 71 56 65 67 -44 79 -8 -14 76 -6 -83 43 91 23 54 -44 92 -57 38 -57 91 30 -69 -2 -56 -89 64 31 72 -12 68 -39 -34 67 -80 83 51 50 -26 33 -59 -22 5 32 -27 49 25 35 -3 -61 34 -17 -98 -95 69 -96 39 -27 55 -42 72 -1 0 17 -46 -54 54 -51 -71 -46 -18 -17 1 -19 9 91 0 -21 6 -3 -81 13 -77 19 99 5 72 56 85 43 -16 5 -19 -61 45 29 -4 48 96 -52 33 27 -56 31 -88 -57 74 -54 93 13 89 57 40 -77 4 -80 55 -66 -32 -70 27 -77 -65 15 -23 -92 3 -40 -38 -5 86 63 51 35 -73 -1 -96 66 -38 18 87 16 -81 65 54 -47 56 -23 45 20 -66 29 49 80 75 54 15 -64 -44 -61 36 69 -58 -29 -13 72 81 4 -75 16 -91 -40 -70 49 9 95 -30 -18 5 -79 -4 56 -40 19 -76 -87 50 26 33 -87 60 -12 -19 -51 60 -88 -47 30 -96 -71 30 -13 -33 50 11 -32 -38 -81 -29 -44 -78 34 -56 31 -20 -4 62 10 -17 -11 13 -6 22 27 -62 -91 -80 -45 44 60 -33 81 -9 -32 66 0 -96 24 53 3 88 77 22 -29 -29 -70 8 85 -76 29 76 -33 -18 -71 91 5 27 85 -56 -4 65 -87 -75 -64 89 11 82 79 92 65 -92 -22 68 17 68 75 -59 63 -62 -94 -51 19 12 81 13 -70 63 -33 -48 -55 -35 31 -64 -2 -88 -6 -79 99 38 -75 39 3 26 -97 -34 38 37 -78 94 76 -59 -26 88 26 21 -52 28 70 16 -15 -11 82 -32 -51 86 -10 -63 51 -9 -57 -33 64 -79 74 59 64 16 65 -19 48 52 73 3 -31 -62 24 -59 -56 -10 90 35 28 -69 -44 78 -64 -73 91 -40 -64 56 49 -18 -7 25 50 -1 48 -99 89 -33 -43 -52 -45 54 -1 9 -79 25 -56 44 -11 89 97 16 -48 34 71 46 -97 -49 -30 -20 -14 76 98 19 -39 53 -66 15 94 -60 -92 92 -49 39 -65 -11 14 6 -83 48 -39 90 18 61 -80 56 68 14 -51 -41 -94 -58 51 57 -68 -50 -33 -25 29 -69 61 -73 -73 -88 -45 -21 8 -53 -65 30 -3 -95 -69 32 -85 -71 -95 42 65 -23 89 -20 56 32 74 5 7 
42 -43 -6 73 68 32 30 -65 9 53 -26 80 -4 -26 -80 11 94 20 -83 6 -7 13 -31 31 62 -89 -46 -34 -79 11 20 -1 -30 16 24 33 91 47 -31 16 34 -67 7 44 28 86 -88 17 79 78 -36 74 -57 84 25 -36 -90 -73 -98 74 -76 -54 -56 15 -85 92 53 38 -89 73 2 15 15 -61 -63 21 50 23 -78 34 -33 84 1 64 -88 16 13 90 3 48 56 -85 70 29 96 -12 42 -69 18 48 15 76 -60 74 94 13 36 25 47 -3 77 -21 -90 -53 -61 -50 79 36 14 -65 73 51 -4 -15 -33 70 15 16 91 68 67 -16 9 13 -63 32 59 29 -11 -97 48 -51 53 -4 40 36 97 -1 70 37 -77 47 98 38 -87 -54 66 -57 -22 90 -13 43 -39 -4 73 -26 26 -45 9 53 -38 -72 -70 -49 2 -7 1 -80 77 -22 -44 -28 -22 77 -32 40 9 -46 -64 -18 12 -32 29 50 72 -2 -33 45 -81 -62 23 -51 61 5 15 -63 -44 39 18 -42 -41 80 -80 -77 -34 -31 -51 -46 -32 -74 -80 -79 89 33 97 17 -78 -67 32 37 8 -27 -41 -91 12 -66 -62 -32 -40 -99 93 -90 -32 -69 56 35 -50 94 90 0 85 -57 9 -48 -7 -35 50 68 40 -30 -13 96 30 81 -13 -12 81 9 -22 -94 71 -28 74 -69 8 -85 44 -83 73 -10 17 0 2 -18 41 -67 55 74 -7 -79 -94 -88 -71 -40 -63 -21 56 38 16 22 63 1 27 78 -75 -98 -70 -20 2 -95 27 86 -63 -31 37 -84 97 50 -50 98 10 89 75 53 2 96 21 -53 31 -28 -88 -73 31 -25 -92 -61 -83 -96 -4 -29 30 63 -87 44 35 -80 59 -87 39 -50 98 -60 -37 84 -16 55 -69 36 60 -41 84 97 70 -94 -34 71 10 35 35 10 17 -37 9 -9 -22 20 7 -77 78 36 -91 77 -62 -72 97 -55 -53 4 -51 -28 -24 -46 37 55 13 -28 -66 -1 -27 79 47 92 79 -76 62 -58 -50 -67 65 51 -14 -21 -74 72 47 88 32 -27 25 18 -60 93 98 29 -43 78 70 99 41 -71 -16 -53 -36 -51 -49 52 -37 -29 35 -70 -1 -32 -47 -1 22 -94 84 78 -97 0 92 -89 28 -81 -25 -83 -46 -70 -16 -42 -21 95 41 5 -91 44 11 43 -7 -5 -81 55 -92 -64 27 47 42 -61 -10 47 88 53 35 56 57 27 31 -92 -13 -30 -23 -85 14 -5 90 -12 -82 -98 -81 87 
82 -9 -35 -83 74 -55 6 36 79 -64 -86 43 82 87 -49 60 43 -70 36 -11 -6 19 -49 32 -6 -80 -45 56 -61 -24 -56 -64 73 68 84 81 26 -20 -37 -22 -65 -82 86 -58 22 -11 16 23 -14 -2 -91 -88 90 -38 86 0 12 -43 71 2 -33 50 -28 37 -13 -70 66 80 -67 26 -82 -88 58 38 16 -85 -41 -28 23 75 61 68 44 54 -94 13 -89 -61 73 56 22 -22 -89 -97 -33 3 22 6 47 10 -50 -74 37 -96 78 -21 27 -37 54 -20 -93 41 -39 35 -18 -41 -86 -20 95 -66 95 -35 -66 32 -13 42 -97 8 27 -5 -26 -76 -61 53 -34 -14 2 15 -15 -16 53 -48 -51 -90 84 59 -54 -5 -97 2 -8 94 43 24 16 -23 -3 40 -34 -13 25 -80 -59 42 -55 -88 29 18 83 90 37 38 9 91 43 98 82 -36 -33 -35 -94 -53 -35 -37 58 40 -47 -14 -18 61 26 -28 21 67 53 13 -12 0 -36 90 -46 -62 10 79 -43 -72 30 53 -18 -33 92 -36 1 -56 -10 -90 -70 77 -87 -3 -30 -64 -38 90 -1 -80 30 45 8 -54 -81 -79 93 90 8 91 41 54 -36 -17 54 14 -20 -17 47 52 -10 -66 26 -65 5 40 26 -44 -67 33 55 23 70 -85 -85 -27 56 -11 -42 74 83 90 -76 -70 40 -7 -46 -16 -33 -23 -53 62 -99 -68 27 68 19 46 -64 6 -24 -81 -69 51 50 88 -63 -98 18 6 52 80 31 -16 -91 69 71 83 -21 79 3 62 -16 88 68 94 -73 2 94 -96 58 39 9 -37 81 8 59 64 80 13 -77 -89 -75 28 -71 -88 78 -10 13 -49 70 38 -81 52 -45 45 52 42 95 -83 -87 2 0 0 95 -56 6 -41 -67 -96 -4 -15 -28 5 -30 32 64 40 -35 -65 -30 -78 88 -11 21 55 33 -23 26 90 19 -72 -33 86 -51 95 -91 1 50 32 52 -38 -83 93 -90 86 29 2 6 -31 9 74 55 -50 -67 -8 31 8 39 -80 41 52 27 9 -35 -62 69 -2 -60 -95 -59 -46 12 -41 51 5 26 -86 56 -88 -67 -79 34 47 -3 -47 20 35 82 77 -26 -24 -38 -98 -36 -1 27 29 -92 -26 20 -82 -85 -25 17 -91 -12 54 93 -56 -83 65 -94 85 -93 16 69 -57 10 38 -79 -6 -51 41 63 43 50 64 19 64 50 -49 -3 70 55 -54 19 -78 -35 -32 93 -4 55 91 61 -51 -61 74 90 30 9 -19 38 47 
54 75 36 42 -44 -32 84 -24 70 -12 -71 -48 -41 -87 -82 -61 -73 69 22 -18 30 20 -48 -43 91 45 93 -47 -97 40 -63 94 29 -33 -86 27 59 68 49 -8 48 5 87 48 1 -85 89 -6 1 13 19 -85 -89 6 73 -14 -32 -53 -13 10 23 -13 -64 -50 -77 -1 -56 90 54 -79 15 -31 -21 53 89 75 69 -76 -76 -48 -38 -20 -94 97 -54 -63 3 74 21 -6 97 -66 80 58 96 -7 -37 53 -13 19 78 -59 -36 -7 -98 44 -35 43 96 -28 87 42 25 -51 -18 0 -35 -41 -5 89 78 -3 24 14 -35 15 27 -33 -42 -62 -18 94 -81 -57 -43 48 38 19 -44 59 -70 -46 64 50 -8 -41 24 -81 41 -48 -15 -70 17 95 50 -26 78 19 82 -25 96 58 79 30 -63 3 70 79 -82 16 -82 59 60 26 14 0 -97 -19 93 -19 95 53 51 -13 91 25 5 97 -64 -42 -39 -49 -56 81 -21 33 9 56 -78 -73 -79 1 -83 9 92 -55 -24 -64 47 -86 -9 -56 93 67 -46 83 69 48 -7 96 30 -15 -22 56 -21 5 54 8 59 -29 11 59 -64 70 98 -32 76 58 -64 -65 95 -82 -66 56 -88 -8 -68 2 97 -40 -66 -86 37 45 -12 19 -73 21 -37 88 -12 78 49 -88 32 47 89 -38 -90 -89 23 -28 26 83 83 67 -55 -46 -30 92 -99 17 -40 -78 -60 -49 -68 56 90 -82 39 -99 -58 34 27 76 60 88 -72 41 -1 -89 -15 -84 68 31 15 -46 -41 10 63 -4 51 69 81 -14 37 -29 23 -45 -46 -54 -37 -95 -87 95 13 44 -86 7 -3 23 0 -6 -26 -70 27 -23 -19 -12 -94 -53 -44 51 34 34 56 71 74 -90 -39 58 -21 85 96 -80 8 45 92 70 -1 -48 27 84 11 95 94 -59 -45 -69 49 -62 -87 78 69 93 44 86 -15 -97 39 96 -16 9 73 47 10 61 -88 -72 24 36 -30 63 92 98 -85 8 59 41 13 34 -37 2 20 -83 37 -14 57 -2 -81 -33 36 58 81 12 58 -66 22 -55 87 -12 49 -14 57 10 82 -31 -34 56 -69 14 15 -45 -52 5 -84 -34 -92 87 30 6 -84 -17 77 -18 53 -99 66 48 -69 -58 -88 62 87 -5 6 -5 -36 92 -61 94 -86 8 -50 -39 -92 4 65 -3 -61 -80 95 74 50 30 26 -12 -88 3 10 18 12 56 72 -16 72 31 73 -54 49 -34 48 39 -39 67 -83 44 90 -48 
46 42 -63 -31 -33 30 76 -48 -13 -10 -52 79 -86 6 87 -11 -95 -83 79 -37 -37 53 64 -23 24 0 36 -69 -1 -2 93 93 17 -6 -14 -52 -64 95 23 16 47 96 -1 -18 -85 97 60 2 -77 85 -64 -51 88 -27 -52 13 -24 21 -15 -31 -77 74 -10 -26 -19 10 -17 -68 -58 89 -62 -6 4 14 -18 -71 63 -22 -23 -15 -47 -88 9 -84 46 20 48 -76 -10 3 -5 44 -72 54 0 99 53 -24 -96 94 -32 26 74 80 -98 44 93 -35 -13 59 -36 -7 0 -55 15 -51 75 40 -3 -82 67 -21 -65 -81 -35 -18 90 -64 -70 -94 2 35 46 49 -96 -32 95 83 8 99 94 86 -39 -90 -84 66 82 -36 61 -57 -97 -97 -79 -21 -45 48 98 -33 -27 50 17 77 14 -81 -17 -35 40 -22 56 -42 -53 -95 -26 63 -14 -89 63 16 -49 -27 4 98 19 15 -25 26 12 -14 -26 -22 -94 -98 35 32 19 -62 -98 -91 -88 59 31 90 -58 -22 -76 57 2 8 -14 0 -25 82 -52 5 80 -46 -97 8 -53 44 -56 -87 -42 -88 18 -29 -22 -19 34 12 -41 61 -20 99 39 83 24 66 -80 -97 6 18 52 -37 49 -40 34 -20 18 6 80 -30 12 1 13 65 -91 25 -6 -35 63 66 99 58 -88 -2 99 12 -1 80 61 61 -42 -67 28 46 -88 -12 37 48 19 99 9 -66 93 -69 99 45 -99 -10 -81 39 -20 -69 0 88 -57 -3 56 -14 18 89 95 46 -12 4 26 -71 -83 -91 62 81 -86 29 75 -62 14 -76 -7 92 93 -78 82 43 88 -12 4 85 39 -33 -4 54 98 -55 -31 -17 -42 17 -17 99 26 -60 -40 25 90 -1 36 15 46 -6 -55 -52 -27 72 -37 -14 -58 87 68 -54 12 -89 80 30 36 26 -25 24 -29 -41 48 -54 -21 92 -75 -75 47 7 -71 -42 -92 21 -43 -22 -67 90 -22 -35 -66 71 -38 -71 -83 -41 83 22 72 -25 85 -47 -87 7 -18 -50 96 -23 -32 55 66 -83 65 -9 31 -56 -94 -18 14 20 98 -20 41 -19 -65 -11 -77 -30 -7 -33 27 30 -46 47 -87 3 -41 90 9 -5 42 50 5 -14 -93 97 26 -33 83 53 -96 35 -29 -77 86 -83 -88 -23 45 66 10 98 34 28 42 83 82 -80 32 40 -5 81 49 -23 -33 -1 60 28 -52 -46 60 -20 -66 -30 53 -19 3 -23 -32 -93 -57 -99 13 79 5 -4 28 64 -23 -10 67 -95 
-22 -37 35 -6 -95 -59 10 25 32 34 18 -85 82 58 85 -92 38 -12 56 19 59 -80 27 -65 97 27 67 89 -5 -90 75 80 -5 33 -75 94 11 -77 -78 94 93 64 -45 -96 -25 -75 -49 -51 82 -27 7 52 -57 -34 88 52 50 11 -7 20 53 -28 -52 63 -5 -54 56 29 -70 52 -95 72 -75 -37 8 -42 13 62 -53 -86 -57 17 -1 -91 -6 12 -85 49 45 -36 -12 -51 -90 -70 53 -88 -30 17 48 46 82 98 -51 90 31 -19 -66 49 -19 20 49 -25 68 68 22 -84 -77 93 -31 -29 -22 99 -89 62 36 2 -91 44 95 -40 -5 25 69 29 -10 -91 99 -38 97 -20 -27 83 47 65 -43 -63 78 -32 85 -27 59 25 -11 94 -98 -90 -47 66 -26 -89 -75 -52 -60 72 67 72 -91 -82 -72 -53 10 48 62 -6 7 18 17 94 -83 52 -48 -57 6 -17 -65 -47 -23 -63 88 -1 -10 -12 54 85 70 56 -29 -82 -67 1 -43 37 -2 45 37 25 10 -42 -29 78 98 -81 -97 27 -25 -87 -87 75 36 18 -14 4 -22 52 -68 -61 -80 -57 50 53 -98 75 -55 66 -3 -71 63 -86 -51 -28 52 19 61 -52 32 -89 13 -24 69 -7 -79 -9 -99 17 -31 38 -22 -61 36 -74 89 28 66 -49 26 -5 89 82 18 57 -6 -87 -60 -91 -6 82 -54 5 -21 97 61 -36 87 -78 1 -35 7 -86 -3 41 -89 29 -16 -12 -41 65 -85 -19 -28 -12 26 -17 -68 -71 93 5 94 -40 -36 -77 -57 98 62 -89 4 38 -32 41 84 -62 -95 -64 47 39 9 72 -77 89 -95 -22 -48 -45 -76 -52 -42 -74 86 -42 -28 -85 51 67 -78 29 18 -49 17 -2 -74 -99 69 68 61 -97 97 -29 -48 19 -85 54 68 -68 81 -77 -6 -62 81 46 0 84 -15 42 17 41 -55 -31 -6 -2 22 -42 -18 58 -87 93 7 23 -77 -66 -19 95 36 21 58 -77 -38 59 32 67 -8 -78 -33 26 -31 -64 53 -91 52 92 30 27 56 -37 20 29 40 -38 62 -95 -65 70 -92 27 -64 -55 36 91 -62 95 11 -85 56 18 -39 90 -95 16 60 -71 -34 -62 13 77 -29 29 -28 -12 -39 50 -74 18 18 83 58 6 73 11 82 -27 33 -7 -47 -80 54 26 70 -21 53 -65 54 -43 20 -61 10 -84 31 -4 78 -28 -6 34 7 -36 -57 -97 68 87 -12 36 51 -99 19 71 -78 -17 -19 2 96 -78 23 37 
95 43 92 89 -66 -94 -86 0 95 -51 -61 16 -35 3 -46 24 90 -15 32 62 -23 2 -56 -48 97 71 -95 -35 19 80 98 33 89 37 8 16 -59 6 39 -58 26 15 6 62 -32 61 -23 -95 54 12 37 -38 8 -67 71 79 -31 -54 45 -40 65 10 -21 -72 -77 48 72 -26 36 40 -23 -49 -85 61 -47 67 98 -8 82 28 -1 -58 -19 39 -62 15 -59 -1 7 -37 98 -3 -29 -70 -93 86 -73 49 -66 45 2 90 -91 49 -9 43 82 88 -50 -87 88 -87 14 12 -81 -42 73 29 -93 -51 61 6 42 -84 54 53 73 40 12 6 55 9 -64 -28 25 92 56 -22 44 78 -35 1 26 -32 -32 -79 51 11 31 87 68 -68 27 -40 -70 -17 12 -8 -51 15 -64 83 46 -58 -24 25 67 -36 32 11 99 87 -39 32 2 -32 36 -35 -71 -76 10 -37 4 -89 -88 -33 30 -39 54 84 80 65 -34 41 -7 13 -21 -10 -13 -93 -53 84 55 -73 4 -22 70 -85 47 35 -23 -87 52 25 38 79 34 33 -44 -87 -98 -1 29 -59 -49 36 -72 90 -24 66 79 65 10 4 -1 -30 5 71 -32 -92 -62 17 36 93 -17 -26 -91 -72 -38 29 65 -76 -12 2 35 24 -82 -49 98 2 -85 -81 -77 8 12 -98 -39 20 -78 -60 -29 72 25 -6 -41 10 1 36 97 -27 38 -47 -1 -86 -73 84 18 -13 73 -66 95 -58 50 -61 39 67 52 -91 -79 -23 -43 75 -93 -31 71 -89 -59 -31 -43 -31 -99 30 -78 -68 7 -38 -89 37 -24 70 -63 -5 57 -72 23 48 30 -60 79 81 2 -31 24 -99 -53 -86 18 42 -5 37 -58 -7 91 -59 -85 -45 21 -89 44 46 -14 7 6 73 0 13 -20 99 -90 83 85 -56 8 -47 86 -37 -58 57 53 58 75 -18 95 -76 -75 -20 -98 10 48 -99 -54 -42 71 93 25 -98 85 8 52 -63 -96 51 43 77 -47 48 84 -58 87 -89 -55 91 18 63 70 37 -68 47 9 76 -22 -35 11 15 -63 -11 -17 13 90 21 79 -63 -81 93 36 62 66 -61 2 47 -75 13 37 70 72 -97 30 76 -8 -58 79 -1 -23 -34 15 -73 28 49 50 0 0 58 -51 6 7 88 -70 -59 55 67 7 81 77 67 57 53 29 -46 -81 42 -3 89 -69 -49 94 65 48 -74 -59 -77 40 -83 -51 19 -71 -89 -37 77 97 84 40 43 42 -89 44 -61 -25 -41 97 -35 
58 -65 -16 78 -36 36 -79 -82 -90 43 81 90 15 81 -50 98 -4 -52 66 -3 -35 -7 -48 -32 32 -68 72 55 8 38 -38 -89 18 14 67 -4 -43 -49 -5 -58 -21 -93 3 -6 13 10 92 -77 -91 -56 5 14 64 96 -63 -24 -53 -64 85 6 18 -65 -80 67 -55 -60 -89 -46 -1 57 -64 48 -51 6 -63 40 -12 -56 -49 -55 71 52 -53 -75 43 86 16 -40 0 -90 25 79 -19 24 80 68 98 95 -79 97 -37 -89 -27 49 92 -41 -7 -6 70 -76 -28 49 1 25 5 19 -71 50 -38 -87 53 37 38 -11 -81 -58 -97 -21 -15 -2 -81 -3 30 -2 -51 -83 -8 48 96 -80 -96 -85 -47 80 60 -57 -25 18 -8 6 22 -14 81 97 89 12 29 55 -80 26 -42 23 3 56 27 -65 51 -16 78 15 -84 42 -88 15 -31 -84 -12 14 -72 70 17 -34 59 96 -30 65 21 55 94 -7 81 -66 -53 81 20 39 97 62 15 15 -39 0 64 -50 31 -14 -93 -74 -93 43 14 89 36 73 80 55 51 -23 21 57 4 -22 13 -80 -71 -59 26 71 26 56 -12 69 -40 5 39 61 41 -84 0 -25 48 -34 -66 15 -74 -69 -96 -97 -32 66 23 47 -36 30 -45 -34 -7 -33 -40 -24 46 52 62 -31 43 95 -53 21 -95 87 28 95 27 -89 -72 19 71 -61 95 42 13 29 -94 21 -42 -33 24 81 -59 -78 -97 4 -30 48 -57 -34 25 -4 37 -28 -40 -83 48 -57 97 -62 -81 -99 44 -38 -98 -27 -78 24 29 -65 -54 0 -44 -91 -47 -39 -49 37 -13 38 -53 -61 30 -36 -89 86 -73 -53 0 7 -33 35 -24 87 57 58 -88 -43 9 4 97 -26 -59 -63 23 -19 -9 -29 12 -82 1 -55 71 64 -36 -14 -88 -37 -97 -17 98 4 -16 54 -88 -95 35 -52 -70 -49 34 53 -38 21 -73 -19 -16 -3 60 34 -60 -80 95 21 -73 81 -89 -92 63 -32 99 91 -28 13 -56 -92 88 41 -47 -51 -31 9 -58 -82 84 55 -61 -3 7 84 -55 -36 -1 76 -2 50 67 25 -67 -27 -66 23 39 72 -2 9 20 -29 9 10 -40 40 -6 12 -19 3 7 -52 -10 -19 73 65 -56 30 3 -14 -50 73 -5 -42 6 22 -93 86 90 -16 95 -70 -98 84 -6 -40 52 -3 -89 72 -14 -84 -48 69 4 -9 -90 -74 0 -93 42 -57 -30 65 87 40 20 -43 -92 -59 -63 -51 -2 8 55 80 39 62 
-58 58 -95 -68 34 55 -46 17 -46 15 -10 13 -97 55 -45 68 58 -70 74 -6 -93 -59 78 -68 -97 -50 -15 -92 -75 -10 88 56 -84 -76 41 25 48 83 -77 87 -11 99 64 39 -46 -60 54 47 61 28 91 36 -18 68 -96 -31 -36 -96 -53 -80 -64 38 97 -92 -23 22 1 86 -2 58 -13 68 -95 25 99 76 34 -50 -60 -6 0 -8 -43 -53 69 95 -51 -9 -63 52 -76 98 -42 -20 -99 78 -29 -86 5 -57 99 -99 17 -85 77 97 71 -40 70 3 15 -14 13 -92 -98 71 -25 41 -8 31 -44 -31 96 -72 -24 -32 -53 -74 -75 -48 -41 -81 14 -72 29 -60 61 89 -31 21 -97 -48 -30 61 -49 -69 -99 -22 -51 52 22 20 62 19 -71 53 -48 -53 92 37 -90 86 -90 99 -20 50 -13 90 55 31 -4 -46 81 -94 -31 -44 38 -60 11 71 -44 73 -23 50 14 35 94 -50 25 -6 80 -36 -88 66 53 -64 19 -22 66 -63 -92 20 -35 15 -61 -28 -8 -33 -47 15 31 -21 68 -24 -63 40 -53 -90 -51 54 -82 -20 -72 -51 26 -36 63 -94 -70 -52 -78 -49 41 12 -95 22 -83 53 -38 -46 -54 28 43 28 77 29 61 -56 -25 66 -8 -98 -70 39 -3 2 -69 -82 -41 48 -44 -7 19 -36 -71 94 -79 25 -27 -85 83 73 51 -18 6 -25 84 31 -6 -60 -73 -79 2 54 72 -31 66 -41 -52 -70 -94 36 53 75 -26 36 19 83 -2 99 41 52 39 -24 80 8 24 3 99 -91 -15 -29 6 21 -95 36 70 -39 -9 19 44 60 -50 33 -40 -47 -57 -74 -56 -9 -65 86 -95 88 57 -56 89 34 -50 -8 -16 -16 33 73 -65 45 -96 69 28 72 -28 12 -33 -30 80 -32 57 -85 31 84 -24 90 9 -79 53 -89 -86 85 -84 -83 -22 -80 -23 -23 82 49 -56 -3 82 4 -37 -49 -42 63 -23 -87 35 -3 40 -25 -43 61 -28 -14 -25 99 -37 0 60 74 43 40 53 -76 26 0 24 -4 -91 11 3 -82 68 -22 40 58 45 -61 -39 42 -85 14 47 99 30 10 3 84 -50 34 -36 12 -68 55 -70 38 -69 -35 92 -95 87 86 42 54 -13 -69 -74 47 -10 28 88 51 -65 -93 -19 -58 -36 -41 -60 98 46 22 36 -37 90 5 42 -73 65 -88 -62 -4 49 -52 -15 17 71 -87 66 41 -58 -44 -77 2 -2 -11 -89 21 -35 -44 -86 -73 -71 -35 -98 87 -62 -5 37 83 
-15 7 19 55 -58 -81 -34 -93 -10 -41 -9 83 10 -41 -15 36 -84 63 70 4 5 -13 63 -17 52 -70 64 -93 7 -5 40 96 24 -51 77 -38 -41 -18 -70 -82 -13 97 45 -24 -50 6 -60 -10 78 56 -26 -80 -99 -96 -59 -20 -80 43 39 -27 -56 38 -74 49 -38 32 -67 91 -60 52 -29 76 87 90 -16 85 96 -8 66 -4 56 27 13 23 -20 81 -22 56 12 -38 24 0 37 -51 -25 -77 -41 12 -52 47 37 -25 -10 36 94 -41 40 75 -36 10 -13 81 64 -37 -75 1 21 31 84 -86 -10 74 24 -1 25 20 18 -6 -48 41 -31 -66 -16 52 40 -51 -8 51 -3 -98 -23 81 6 -95 30 47 61 34 42 53 51 16 -43 94 60 74 91 69 -33 99 58 0 -81 76 22 -13 48 58 10 -16 -20 19 -56 87 39 19 -6 -75 50 -65 45 50 11 -6 67 -66 -34 95 -5 -88 8 43 -91 -33 -66 37 -90 76 23 -92 87 -35 -72 -90 -88 43 81 7 42 38 2 -56 -57 48 47 32 -16 -34 -80 93 -55 91 76 53 -21 -55 28 3 47 -53 -81 67 79 65 -74 -46 -84 -43 72 79 39 25 -95 62 25 72 -79 -45 18 27 45 -73 -72 -51 52 -11 -76 71 -36 -76 85 88 36 4 85 -46 -61 24 94 33 -35 -56 -35 -83 90 56 32 75 -65 6 -75 16 79 -47 -90 85 95 74 43 -56 -87 47 49 -17 20 -53 -16 26 8 92 -27 5 58 -63 -25 76 41 -80 13 74 11 63 39 28 -27 88 35 -33 -89 92 -48 -43 61 -18 13 -19 -70 88 -98 76 -76 25 51 3 66 24 71 63 47 76 -3 14 -53 -98 -57 -46 20 82 -38 -13 -52 56 41 30 10 32 -38 23 -32 48 6 -42 -45 -17 10 84 41 1 -95 -37 -52 -20 -7 -31 -49 -11 -5 78 -4 -23 -74 3 -60 77 -50 86 -34 0 60 -17 19 78 -83 -78 46 90 -90 39 -75 25 -32 -6 59 -89 56 -57 -19 89 3 85 21 -21 77 66 92 25 -38 -97 89 46 52 60 -88 -10 92 -52 28 37 -14 -18 -70 15 68 99 -89 -87 -49 0 -61 -69 83 -82 26 -11 77 -41 -36 69 -60 -74 81 98 -4 -12 87 -42 45 14 3 -64 61 27 83 -13 -73 90 46 -6 92 4 72 2 -64 51 91 72 -98 58 52 -60 -73 60 -10 43 -7 91 -64 54 58 -44 -43 2 -4 17 94 -79 -93 -97 85 -75 
72 11 -26 89 -97 86 -25 -11 -33 72 8 62 -55 -59 76 66 56 26 -13 45 66 -56 87 7 -98 -78 -50 87 20 69 -4 -98 61 -56 -80 -59 -94 91 47 -7 76 -98 87 26 -73 66 81 -86 -18 -24 -79 -73 -18 5 4 -42 -67 -91 -19 -6 -10 -80 -42 86 75 48 -75 0 -18 58 22 -94 71 -21 -36 48 53 -69 -43 92 -58 -77 30 -76 31 -99 62 84 -42 74 65 36 54 -89 96 69 44 -27 -44 7 -55 -87 31 -95 -21 -3 54 -90 16 88 -65 10 23 42 -48 90 14 52 31 -16 89 -90 94 43 -40 97 82 70 -55 -44 56 -70 -79 -26 80 2 -1 -19 -10 85 -45 26 -8 -35 -44 -93 70 -89 -16 -56 -42 81 -45 37 -28 -60 -97 65 -66 71 -4 35 -52 33 -50 23 -10 36 52 -52 -54 82 -80 -42 -14 -45 -16 -49 -21 29 34 -13 -99 94 92 -60 12 -54 -11 -77 -53 -51 -1 44 -98 79 -17 -28 -6 75 -37 -85 44 34 73 27 -14 71 -69 -61 -46 -10 -25 -73 67 -90 -46 97 76 -90 37 -20 30 -56 -1 -57 62 -78 84 -5 70 -48 -59 24 85 -29 -41 -26 7 36 -66 30 83 -37 -75 34 -57 -97 36 53 40 42 47 7 -96 58 23 24 59 -84 31 -71 9 -10 -94 -49 84 19 97 -68 10 66 38 -85 67 80 50 -90 22 83 15 75 -78 53 -69 -96 -96 -75 -59 -92 65 -26 -86 70 15 14 21 95 -67 67 -11 99 -32 9 6 9 -50 -93 -36 -49 83 -45 80 33 -45 76 -23 -33 41 -62 -63 -58 64 -27 65 50 -29 74 -31 56 -64 -33 -84 -61 67 73 -88 61 -9 -35 -9 82 49 49 -1 -77 49 80 -11 86 77 53 -94 -61 -10 21 69 -44 -28 -14 4 -37 77 64 1 -30 -93 -37 -61 80 60 -55 -32 92 -12 63 -82 -65 -71 -9 16 18 47 -75 -76 -26 -83 53 16 -58 59 -8 -35 71 21 3 17 -20 95 13 -14 73 -25 -39 -87 99 46 55 -35 -74 -2 99 85 43 -64 -32 -88 49 68 -33 -20 -43 20 98 -2 32 -22 -79 49 -51 -75 51 -68 39 -35 28 18 18 -17 43 44 -55 6 60 70 42 -59 26 -30 -35 -52 -45 80 13 -14 72 -32 94 -98 53 93 -12 31 6 31 -88 70 -79 -6 -45 39 79 -93 37 -21 88 25 89 2 -93 -22 -17 69 43 -54 49 -96 -20 48 -30 -40 62 57 -64 -71 -36 -13 -52 -53 42 
-5 16 0 40 17 47 -41 -38 47 54 76 46 -6 93 92 -51 55 3 -70 47 -74 32 -1 -90 98 -40 13 41 81 71 -7 92 -48 36 59 -98 18 77 -68 -45 -52 -61 -70 41 -11 83 -43 19 64 72 -31 62 64 48 -52 -17 -52 -39 89 53 -27 0 22 68 -88 -21 97 0 -68 96 97 36 51 4 -58 -78 -20 70 81 32 73 52 -64 45 44 -16 8 98 55 -36 43 -92 -29 47 -73 62 99 68 69 -97 -41 -67 65 73 -7 -25 -29 76 97 30 98 -72 97 -66 -39 -25 -44 68 -1 -27 43 -75 -25 10 92 -77 8 61 51 -71 -59 -62 80 -55 -71 94 -78 -94 -43 -8 -85 73 50 75 -68 -99 -16 62 -64 -11 -49 -54 53 -4 -73 -7 69 -1 -81 14 17 -24 -38 63 -11 87 54 -44 98 -87 48 51 54 -99 -72 4 79 -61 26 -53 33 -99 -95 -8 0 -74 90 -12 13 -22 -13 -98 26 -43 -9 -67 -42 -88 93 -56 98 42 75 -70 49 79 -69 76 93 -43 -14 -37 9 16 -82 -23 49 56 -65 85 78 89 21 65 87 80 -98 -38 37 97 -94 42 72 1 -52 68 78 -94 75 15 -94 -4 -90 9 6 -52 -75 -1 7 -4 6 75 69 -40 -24 74 53 -47 -23 -3 -10 51 34 -71 -46 94 -14 71 -98 2 -11 38 25 92 -79 -56 77 33 4 -16 63 10 -64 -92 -33 79 -50 -68 -43 40 -83 45 27 45 30 43 53 89 -9 35 -78 -10 -89 -5 73 12 23 -75 53 11 49 -46 -79 -34 -39 -39 65 64 -76 -68 76 -59 -38 78 70 -52 -74 -77 61 79 -91 23 57 83 -41 28 -11 -17 33 1 -53 78 31 93 -11 56 68 45 -30 63 21 66 -61 45 -97 28 -45 20 99 0 -19 91 30 56 -63 30 -2 -22 82 -39 -20 -11 16 29 3 16 -4 3 56 65 -66 17 -19 -43 -86 -56 -59 -10 26 -11 -58 3 59 11 -4 55 -32 37 40 45 -83 34 -96 -2 31 53 -41 31 -87 59 -63 89 -11 68 17 -80 83 19 88 88 12 -27 -77 -43 -74 57 -12 35 -60 40 -94 64 29 83 -8 33 72 -63 -23 10 23 71 65 78 77 -52 -37 -34 -23 -13 41 78 84 92 58 -87 -78 -94 3 -25 19 -28 98 26 6 -80 -89 -3 70 62 -55 55 56 84 10 -40 58 -77 -77 -59 -97 20 -96 74 60 -8 42 -45 30 34 -17 -54 84 -38 64 22 -55 85 -62 20 
-67 71 -36 29 -9 -62 89 88 32 -16 -47 -21 -51 92 -73 90 70 47 -84 -7 85 -21 -50 -82 -70 66 0 36 55 -19 98 -70 -55 -61 -53 25 45 -69 94 -86 -52 -78 -14 -18 -87 -96 -24 -35 25 94 -2 -97 31 5 71 90 -77 8 -24 18 -73 74 96 47 39 -32 20 99 22 -35 -33 48 -67 -80 -31 78 -25 -48 60 -28 80 -96 -44 -14 -74 -89 -75 -42 16 33 13 -56 61 -41 -20 -8 -5 55 -11 -65 -33 -68 -7 69 92 92 58 -39 27 -6 68 74 -98 35 -1 -23 70 -47 -29 -24 -60 -77 73 20 -60 -43 80 -56 36 30 5 46 -93 -79 2 48 46 16 -41 81 71 -12 -31 69 71 -18 20 -98 80 -15 -52 -35 -67 -18 -65 82 88 -9 2 47 33 46 -35 -25 -88 -49 41 18 -7 -70 54 -7 26 16 76 -18 -51 32 54 19 -49 -75 71 -94 -48 -83 -78 -4 -52 41 34 6 -33 59 44 94 33 36 32 42 43 1 7 73 52 -41 49 64 5 -63 17 -50 -77 17 38 -56 -70 25 -33 -13 67 20 9 -42 -65 16 97 -61 -99 -79 -22 -53 86 61 91 64 25 91 28 0 93 -93 -30 7 -52 -29 91 -13 -20 -65 21 -87 -85 -99 -28 65 8 59 -7 -62 -9 10 93 -14 57 -64 -4 -62 65 86 97 35 42 -48 -80 -62 25 88 85 35 60 71 -24 57 63 52 -20 55 44 65 -55 -48 25 -26 6 -89 -61 48 -47 -41 5 78 87 44 -70 -56 88 48 65 -62 19 -77 41 -11 5 4 5 -92 -96 17 71 34 -88 2 -29 8 24 -99 25 -51 9 90 56 -70 41 63 -57 14 -28 9 26 81 -25 -25 -25 -98 -40 96 -59 28 -40 68 -96 32 -1 72 -27 -25 -2 30 -78 52 -45 -73 12 -33 -51 92 -83 28 17 -15 -22 76 -90 84 -45 -44 39 39 50 -96 -23 24 -2 52 -9 44 92 62 -6 -59 -52 -99 62 19 -91 44 -56 93 0 -89 80 39 -33 10 61 -96 -7 25 -80 -98 29 87 -4 -72 -74 18 -49 94 -98 -78 23 29 67 -32 79 85 96 14 -25 59 49 49 -36 60 23 34 -52 -21 -60 -86 -42 -84 -51 -70 -63 -82 -34 49 -44 93 -52 70 -25 -71 25 -14 38 71 -31 55 -66 -59 -27 26 86 -29 -47 26 32 23 98 -46 -78 9 -5 39 65 95 51 -73 -41 -57 97 -50 19 95 78 88 44 19 -30 10 -73 -10 53 24 -61 -82 
-58 -7 -77 -24 14 75 -7 -62 -69 91 61 -7 -47 -37 63 -26 -8 -2 3 18 -70 0 20 -67 52 -15 73 -49 23 82 97 79 88 -58 40 -59 11 66 -35 86 33 -45 81 36 92 -71 -84 -55 -13 53 -78 -51 -9 -90 32 -21 81 -54 -32 -1 -10 -93 81 64 6 -63 20 48 -71 48 45 -62 27 96 30 -52 1 -6 -93 43 81 -54 -18 98 59 69 26 87 -95 57 90 -63 43 63 90 41 -51 -92 41 -6 -84 6 50 -65 11 42 22 13 -9 -75 43 89 -10 34 -63 -21 -27 -7 27 82 -53 78 61 65 -15 -17 -66 10 87 -21 95 -32 -97 -19 13 16 -65 51 55 78 20 -53 9 -70 -61 76 16 -8 85 -77 4 -48 9 -37 -84 46 60 89 -28 -1 37 -62 -13 -78 -69 83 -89 -47 57 -90 -65 22 25 19 -98 -27 63 90 -66 -26 59 98 9 -20 76 -3 34 -30 98 72 -95 64 60 -32 68 -29 -45 -51 -69 -58 85 64 -51 81 -12 -41 -38 -75 -48 -43 77 52 75 87 -29 12 -22 59 10 91 -31 80 -17 -40 61 48 34 60 -92 -55 11 10 -29 -39 63 -7 -62 -86 48 52 -36 -47 -83 -78 -47 54 -35 56 55 93 49 92 -75 60 67 2 -71 20 -7 31 -96 -35 -35 14 44 -92 -10 -79 14 -37 25 -80 44 18 67 -31 -36 -42 11 16 -39 -96 -97 19 -5 -45 98 -64 -6 54 67 17 99 34 -47 39 82 -60 -80 -10 6 -21 41 -79 -20 88 -43 11 87 -44 75 -40 -5 90 2 -54 56 -98 97 -66 35 -15 -77 -81 -33 -28 14 -65 -26 -44 -76 -41 -57 31 -78 -57 -61 93 24 -38 19 -70 -62 -16 36 -15 56 -90 -35 33 -39 67 74 -94 -25 62 -44 62 -65 43 -78 52 -49 76 39 -82 -95 36 -65 -39 56 96 32 30 -75 11 11 45 55 44 21 -52 2 -98 48 -25 -20 -60 96 -18 -88 -62 -26 50 -37 -41 17 32 43 83 92 -52 53 -13 -88 -69 -96 64 -45 -6 -66 43 -94 35 11 31 7 -51 -23 68 -69 -60 23 86 -44 -29 2 -19 48 -35 -68 -7 -17 -96 -45 -99 22 -28 94 59 84 82 -96 98 78 85 57 79 44 -25 -50 -2 -21 6 25 55 73 -38 54 17 81 -31 -19 -96 92 -54 -78 -67 41 -46 58 -57 -71 -44 -5 31 44 14 23 -98 99 -65 27 -27 75 -87 18 38 -87 -96 -15 -99 -89 24 -54 -84 16 49 -11 76 
92 -58 -97 -43 -71 57 -22 91 22 -67 3 -21 93 34 86 66 -35 -78 -14 -75 38 -66 7 -36 43 44 -72 94 -70 53 70 20 77 -71 -51 37 40 -40 -29 90 -58 86 -28 -44 -76 76 14 -18 40 -42 -79 33 -74 -9 78 -33 -98 66 -28 64 55 -72 94 80 -56 -97 64 84 -7 28 -95 -65 -22 -21 49 -92 3 64 -22 49 -60 -59 28 44 31 5 -30 -36 82 -6 73 14 60 36 67 5 21 -18 61 30 35 95 -10 31 -43 -24 -33 69 -14 -74 90 -35 -54 -80 61 -63 57 39 -5 41 -35 59 35 -37 -76 -61 -57 -98 -52 14 30 -37 -9 -80 -19 10 75 -26 70 -25 44 51 -55 51 -12 74 -81 50 -48 83 -47 -21 -92 22 -57 90 71 -8 85 -25 75 42 -56 6 -70 -79 46 -66 -83 65 -18 -15 59 -38 -56 -71 -24 43 -24 85 -93 55 -85 54 -21 -27 -41 72 43 -52 5 -7 -63 38 50 41 -97 -14 -97 -38 39 -61 72 -43 25 -92 -26 -88 63 66 23 -91 28 7 35 -94 -38 63 61 -52 -45 87 26 -48 -92 -30 13 -17 70 60 72 79 -84 76 -9 -22 -17 1 -4 11 -83 -92 61 78 -63 48 81 -64 19 43 36 -82 38 20 -49 10 -54 68 -26 -28 43 86 -37 37 -4 91 -1 29 -49 17 -80 1 49 61 40 -80 29 19 -36 -25 90 -77 87 79 -34 86 61 -43 -13 26 86 -22 -60 69 -73 -53 -21 61 -31 57 61 -73 -2 83 19 -46 -14 -16 13 89 74 82 95 41 25 -41 -70 88 -81 74 78 67 50 4 -6 -56 -7 84 7 54 -10 -98 93 94 -32 -43 -36 -61 71 52 -85 -41 16 82 -65 -65 10 -23 93 22 28 -55 -84 74 -88 75 83 39 72 84 -65 6 92 32 69 18 -27 84 -65 30 16 -65 0 -13 6 -42 19 -65 82 52 73 16 -88 42 -97 62 -70 -79 1 15 -45 14 -68 44 54 81 -8 55 41 -46 93 -92 17 72 -16 -67 5 58 6 -31 91 67 -72 -73 -35 5 93 -27 -26 26 50 61 -26 -30 77 96 1 45 -22 92 8 -48 -17 -21 84 0 27 -51 -11 25 66 93 -99 -6 93 4 0 34 -14 80 -5 -90 -86 25 -56 75 30 15 1 13 54 -52 58 27 57 -19 -92 82 68 49 77 -1 15 -39 -80 41 56 97 -27 91 -9 -15 -44 -18 54 -44 90 -49 31 -80 -64 39 27 -35 55 -42 82 -88 56 -86 
-39 -21 2 -53 47 -46 37 -26 12 -82 -12 38 98 17 -37 84 46 30 -11 -86 31 -79 35 4 18 21 -59 83 -61 -97 45 -18 65 14 42 67 4 -18 20 -8 3 -32 91 -40 76 37 -61 90 -89 17 -46 -92 25 -73 7 -44 57 -81 4 -26 83 74 -67 -58 -4 21 -43 54 39 19 50 -80 -16 86 -53 -24 7 33 82 32 -87 86 -16 -91 58 -22 34 -35 -44 57 76 -40 23 -51 61 72 -59 67 48 95 -49 34 -15 12 90 36 91 98 84 -75 74 -28 32 66 -43 -14 -48 40 -80 71 -28 -33 -60 4 -93 43 47 19 -67 14 -34 76 -16 59 31 -45 -33 -22 78 -96 -52 90 4 -64 26 51 94 -93 -92 9 -60 5 8 -28 -82 95 -70 66 56 -12 -78 50 -27 -22 31 53 72 -71 41 -65 -59 62 -50 -25 -22 -90 -99 62 30 -66 -28 -89 -82 -6 12 59 17 -79 68 -4 64 80 34 -35 9 -56 94 42 -61 -59 50 57 55 74 88 16 -22 45 -30 -84 79 -44 -29 32 -42 31 -86 -54 -80 62 77 -66 -70 29 -90 4 28 78 -44 -90 -60 98 -88 -39 -53 -61 8 -84 66 54 -3 27 -97 -37 -23 -75 41 68 18 77 -10 -4 22 -88 -80 -73 99 14 -69 -81 -21 -61 63 2 -12 55 81 11 -1 -29 -14 12 -76 70 -96 -31 42 68 97 -45 -55 28 -64 30 -51 -41 48 96 67 34 -39 -39 -97 6 -88 15 23 -52 -56 16 -5 9 -44 24 69 -81 35 87 -4 69 66 -99 -40 -96 79 33 18 34 -56 -43 -76 35 -90 65 47 -15 97 -68 71 -93 -40 -31 -87 50 -55 -45 67 38 -5 58 -18 67 -99 83 41 2 87 39 -33 89 45 24 25 48 -19 54 -87 -56 -86 -28 34 -6 37 50 45 -19 -3 -31 -69 -40 91 53 -11 63 99 36 12 20 -94 -26 43 -58 -62 -27 39 -98 58 47 -89 82 -68 -79 -77 72 94 1 65 -51 -95 56 -83 76 -18 -61 50 -81 41 -73 -58 -84 -40 -7 -54 -65 86 -87 82 -47 -96 -11 -35 -6 69 -73 64 -1 -3 -5 93 -38 5 -94 -70 -90 66 8 -19 -40 -17 16 80 -24 88 -47 -51 -55 -98 -23 45 87 -43 -7 -87 -63 -76 30 97 -44 89 31 27 -39 -84 -33 -14 42 26 -79 41 -27 61 -72 -13 83 75 65 40 40 -61 -3 68 56 73 -4 -97 27 -95 -28 38 -7 -5 -60 75 12 -3 -80 -52 -77 89 97 
68 -56 24 -18 3 52 50 42 -14 -45 -33 -99 70 67 -83 -33 -4 48 99 -82 84 19 -51 46 97 -20 -40 -62 -77 -73 -41 54 -53 51 -31 -5 -18 23 87 92 -67 16 -98 44 -51 64 -33 -96 -32 43 10 -66 11 9 67 -27 -72 58 -77 93 65 24 -45 -64 75 4 66 11 -45 -68 10 -84 -59 83 -64 79 -86 47 49 -34 38 53 17 -89 -92 -70 76 -31 -21 -31 -46 87 -92 51 -59 -16 95 39 -95 -29 -1 46 50 -20 -21 -58 75 21 86 17 0 -57 -61 47 -22 37 -93 13 -82 -85 -18 -37 65 -19 95 -30 -7 3 -37 -76 81 -88 -27 96 -12 43 -69 -92 -61 -86 -95 -99 67 -14 48 56 33 -66 -11 -48 10 52 -26 -45 -52 -1 54 8 67 24 12 88 10 -35 44 -61 16 32 -7 -39 91 96 -19 -44 -84 -57 58 -25 -67 -23 -20 -30 50 -12 -90 53 -93 63 -78 -14 -2 -23 25 -42 46 -40 31 -39 -60 -36 8 -60 44 5 42 -97 -49 90 -95 -41 40 -22 -49 84 85 20 50 -35 -75 -10 13 54 -98 20 -41 21 93 86 58 80 -25 87 -71 84 51 -30 -72 -78 60 0 -30 -38 -2 -90 -46 44 -30 -53 -22 57 -2 -40 23 -40 35 -60 -45 93 1 97 -32 8 18 81 91 91 -16 20 -10 57 -56 -58 -50 65 -4 39 -50 -74 -26 59 -22 94 1 45 -38 -87 4 -47 -71 54 97 43 -21 53 -22 -81 -61 -9 54 9 -40 19 -86 13 51 -54 -33 -71 17 2 -87 -53 -78 -30 -46 85 81 -83 -37 -95 -87 -20 -11 -65 89 -13 -89 68 98 -61 91 92 80 41 92 -61 -6 76 58 -93 -58 74 -54 -40 -76 -95 26 80 -50 -26 6 69 48 9 -38 -54 -54 -26 -52 30 -92 -43 -66 -17 -92 90 85 9 11 60 96 60 92 9 49 -56 -56 51 -73 60 -22 -53 44 -49 -75 73 -18 -53 -30 44 -95 -70 16 60 -99 24 43 -5 42 10 -19 -37 -81 -25 82 64 6 40 -11 -43 -17 -51 -42 -37 -65 81 -89 37 28 -97 -34 90 -62 59 -79 61 -12 -10 67 -23 -9 20 93 44 44 -3 37 97 -50 90 45 30 64 -99 -7 74 -56 -42 18 91 24 9 47 64 -47 71 28 -32 76 82 75 56 -27 -48 54 -39 -64 -98 61 -41 91 91 -56 78 -11 32 -34 1 20 -96 -24 92 -27 90 -23 51 67 -87 61 49 52 -1 -61 49 -25 -57 76 32 3 96 
-27 -35 -79 76 95 -31 -83 -43 7 -77 55 6 86 21 88 -68 28 -72 -55 95 53 39 19 -66 42 -32 -71 -39 -43 -92 67 -52 -32 23 -60 -32 23 97 26 50 90 80 -43 -84 -29 -7 2 83 52 38 58 -40 83 -68 90 -23 -48 83 -19 5 -65 -38 -36 52 -44 -23 -4 -10 29 59 35 -85 -31 -86 -91 -24 90 49 18 56 17 -82 98 76 -55 -82 -5 46 9 -64 -44 -98 -34 36 71 -30 25 -8 19 -75 -72 42 11 51 -89 -9 40 30 23 -39 -9 -8 65 -99 31 41 -61 -81 4 90 4 53 90 -94 -86 -32 51 90 42 99 81 -81 47 31 -33 -76 -40 74 -36 80 -77 94 -15 -8 -78 48 -30 17 84 -18 4 87 -94 33 99 -97 -42 52 -27 -37 54 -72 -64 16 93 -60 -73 21 74 -77 34 93 -7 13 14 -76 88 -47 -93 61 45 21 92 43 60 -68 -19 6 -11 -13 -77 35 86 -35 -53 -48 -47 -55 -70 -66 -7 25 19 -67 78 -57 33 81 47 2 -22 57 -6 -56 -86 -8 -71 67 -60 27 -56 -75 62 -15 12 96 26 -37 23 -48 -42 76 97 0 32 21 72 -96 -52 -11 59 45 4 56 86 -14 56 65 84 91 -68 -62 4 -45 36 -19 80 -62 96 -89 80 -5 73 30 83 59 68 79 -85 -86 4 67 99 62 12 -65 -75 -20 55 25 -55 -20 -12 -60 66 90 98 27 -77 -36 94 -44 16 39 -48 69 92 79 -1 -9 -10 -15 64 -36 -14 92 45 67 -49 22 60 -6 -92 41 22 -3 -63 8 -16 86 -54 49 -98 83 32 44 -53 30 -22 -1 -92 67 -72 -6 70 91 -81 -25 91 -12 59 69 96 -9 16 44 23 -30 -64 50 -27 -49 -60 -71 12 -86 -90 30 -40 49 41 84 -39 -17 4 77 -93 90 7 -57 83 -3 -79 75 70 -5 27 87 62 -54 96 -49 -42 -90 -62 67 -2 91 9 -49 -32 85 25 -66 0 42 -57 -31 8 30 -57 25 -97 21 -14 -77 -97 -46 8 -1 23 -86 95 -25 -22 80 -46 57 -86 -39 71 86 30 66 57 72 15 -89 -23 0 83 -56 62 45 -93 -48 83 89 -77 -95 8 -63 67 16 60 -16 -51 -56 -87 22 24 24 81 45 -48 12 -27 88 73 19 -13 26 57 -41 -54 92 0 -93 88 -82 74 -83 -81 -13 -97 34 -43 -32 3 9 -80 13 -60 83 -63 -32 -52 -26 -12 -33 -11 22 -99 -28 1 -99 89 -85 34 35 
55 -57 -86 21 81 30 49 -95 4 -22 81 -52 -73 13 16 -98 49 -12 48 29 34 21 57 9 -45 85 -70 87 -99 -7 -62 49 85 98 -56 12 12 12 38 -71 62 -69 7 -5 -4 -4 91 4 8 -97 -38 -47 17 -41 -19 95 -98 -54 -64 -64 96 0 -12 -45 -10 -87 -54 -20 -56 8 17 -28 -28 3 13 -52 36 4 78 12 -85 -27 74 84 90 -46 -54 93 72 -69 62 -43 44 9 4 -12 94 44 -88 -90 -48 18 -56 -6 -45 34 -52 -35 68 71 40 -23 -80 53 54 -10 -11 -29 17 45 -91 76 94 92 87 18 -46 13 -95 78 -17 -52 -40 43 -13 -83 75 60 69 -97 29 -37 -84 -21 14 62 -87 65 90 43 -63 20 33 83 -34 -22 -48 23 84 59 -97 64 44 73 3 -56 -70 26 45 -19 -83 -22 30 38 -9 58 -27 -20 -57 68 86 -72 60 -16 46 -19 19 79 71 82 54 -18 19 49 -7 92 93 -90 -31 35 -44 -46 41 -29 30 -80 31 21 -52 49 46 -79 -85 -85 -43 -1 -70 -71 13 26 61 -83 -66 -64 -39 -60 7 40 95 -71 -89 88 77 6 -60 92 -32 93 13 36 70 -23 10 -94 90 86 8 24 -90 80 -81 73 -82 -91 -58 -32 17 -29 75 -18 -22 -84 42 24 58 21 -12 -87 93 -26 61 -37 51 -4 -40 68 43 -9 71 -20 -9 -14 48 -91 -54 -29 39 89 53 44 67 -56 94 48 63 -89 -6 13 -92 34 -29 37 -22 -36 -85 5 -95 18 48 -96 19 14 25 -6 65 -17 33 -54 70 73 -82 54 -3 -17 -91 -33 86 -20 -41 -5 32 -46 -57 -43 -22 92 60 97 67 59 -42 29 -61 -26 -24 -23 -89 37 45 -64 -46 -8 -99 91 91 -16 -2 -91 34 24 72 -94 -89 -70 -3 1 22 -35 -61 27 -54 -8 7 -97 -8 -66 -81 73 69 48 -41 -24 93 6 -60 43 -76 -70 51 -29 -21 -1 -98 -52 34 -15 -98 -31 -49 95 -23 -53 -14 -22 -60 -14 -43 -71 -89 85 -24 -47 64 93 33 47 -47 59 -54 96 70 -17 -64 90 -11 -14 -91 38 1 51 -49 93 -86 70 -86 -57 15 73 21 94 -81 73 72 49 -35 -86 -66 3 -32 17 88 -76 35 34 0 -88 -71 -52 50 34 89 -93 18 62 68 -60 -67 41 69 19 -79 -75 89 -35 18 -1 -90 58 97 60 62 -8 -38 13 41 78 13 40 -45 89 57 18 6 -14 32 -62 -60 -38 -73 -77 
52 7 69 11 17 12 80 91 -7 10 -25 35 88 -14 -76 -2 -40 -2 29 81 18 -69 -61 -7 98 -62 -50 14 70 4 -10 0 94 19 26 -26 72 -65 78 -84 -46 46 98 38 80 67 9 3 -24 -63 -87 70 -87 -80 50 -5 33 3 72 -47 -81 -70 -34 -19 35 -38 98 63 8 -89 37 86 -19 44 -58 -58 -15 95 -2 -79 55 -97 10 4 79 -99 92 20 -15 25 -18 39 -80 66 42 4 29 75 3 90 19 -18 -68 -85 36 73 -74 49 59 -4 19 -66 -60 96 78 -89 72 47 -88 28 -26 -30 8 -7 20 69 -49 -96 -57 -7 -63 -36 84 -14 82 9 1 -67 -48 27 -57 -44 -57 -74 -48 -79 89 -89 -43 -6 -31 -58 69 -64 21 93 15 56 -30 7 22 12 44 20 -41 24 -45 4 63 19 -1 35 -81 89 -10 -61 -5 -34 90 24 -89 40 -66 -88 -17 82 41 -85 -55 8 -6 73 90 -41 -52 26 41 -7 25 34 -73 -9 -74 63 48 -88 -9 46 16 26 79 30 93 79 -42 -83 75 -99 -31 -3 -39 -33 58 90 86 -80 -52 -22 48 -16 -80 59 73 35 -61 -2 -25 -73 57 -48 -59 85 61 7 -27 68 6 -31 -49 74 -21 -94 -72 -27 -52 8 59 -19 92 31 -62 84 -60 5 98 68 -80 21 -14 -93 -89 52 10 60 -8 59 65 92 52 -95 59 20 63 -95 91 60 -75 73 37 88 -25 -91 -18 -21 2 -42 -92 2 -34 78 14 -50 -47 -92 41 -6 -97 56 67 -32 87 60 31 -54 90 19 -61 59 61 92 28 -81 1 91 -99 79 34 -35 -13 13 52 -59 -26 20 65 -24 32 62 -93 -38 -82 38 -89 -68 10 57 75 -28 74 64 48 -29 21 75 54 26 55 -5 -90 -93 -64 3 34 12 22 -60 -57 73 26 -99 -7 36 4 -90 3 -89 -84 91 -88 -21 12 95 -82 42 -19 94 34 -80 -76 -2 -83 88 -1 6 45 -8 97 -70 24 -16 -20 7 -99 -33 -40 51 -10 21 -17 -86 -91 -46 45 -28 -17 3 54 -95 49 -56 93 86 19 -18 0 -82 -36 -60 -17 72 28 -82 -39 78 45 75 -5 61 -90 -19 26 -19 -84 39 49 -91 -99 -89 31 98 22 96 66 57 -71 85 -59 -36 -49 -53 -91 46 19 -20 18 68 -78 39 34 1 15 -64 -97 -49 -67 -60 74 -86 9 -14 -50 -1 87 9 57 -29 -97 -73 71 30 -90 -1 -51 -74 -58 39 43 -67 -28 37 
-19 -7 -99 62 -15 10 37 55 85 60 57 79 91 -10 59 -64 56 14 -56 -2 18 68 91 44 26 -19 83 61 -23 -48 -18 8 -81 90 44 -35 90 -62 -80 16 94 -50 -56 70 -12 -83 98 -34 38 -97 3 -49 -77 89 -41 -73 -27 11 81 40 -62 6 84 -14 -25 -59 66 13 -51 -21 15 -52 90 44 -92 68 12 22 -90 -50 -46 18 39 1 -96 34 -14 55 68 11 -16 -2 -45 -34 -42 -31 -77 -11 -64 69 -64 -94 -27 -60 -25 -60 70 -58 -82 -53 11 97 -67 68 -39 -71 -6 -24 -69 -70 38 40 -84 -12 -93 37 94 -16 51 75 -35 27 73 -47 53 -93 30 23 32 58 -28 55 -66 -81 85 90 -45 5 -63 45 90 -50 53 16 84 24 -83 -50 -2 20 25 -99 80 75 94 84 63 -4 -16 13 72 -50 20 -86 21 -50 -34 -80 85 -63 56 -94 -86 78 -69 -76 -89 83 17 34 49 -38 89 31 88 -36 47 62 -45 -82 75 -43 82 -30 19 79 94 89 44 50 -35 -80 -11 15 -10 37 -67 -60 -44 38 91 -54 -87 -76 0 -39 70 73 -44 -25 93 -57 -75 97 -35 44 -91 40 -77 0 -35 42 -49 50 -49 94 60 -21 36 -93 -69 -74 66 -63 -6 -84 -37 46 -74 14 -40 41 57 -95 -71 7 -94 -79 69 16 -45 -92 90 -83 78 -81 -64 59 -60 18 -7 -74 27 -56 -21 -75 -19 43 92 -94 -36 -42 -90 75 -97 -66 64 -79 32 -89 -69 19 -19 -2 -43 90 -2 12 50 -43 -8 -99 -61 -34 -22 51 -17 19 40 42 -48 88 -28 -29 -97 -45 97 -78 22 -65 -46 -42 34 -75 8 21 -49 -90 -96 46 47 27 -7 66 -15 -13 -66 -27 -58 62 -50 -57 13 5 -49 -47 79 18 59 57 5 77 91 -33 -32 5 -11 22 35 -84 -65 97 -8 -25 -3 -82 90 80 -14 -74 -99 22 -33 71 -69 -5 -18 -39 -38 67 13 24 60 35 -57 -64 97 -72 85 9 -47 -18 -19 10 -4 99 70 86 -6 65 41 -40 12 -2 -38 -16 71 60 91 18 -81 33 2 2 15 -39 -43 94 -31 22 -57 -47 26 -27 -62 50 83 98 28 -99 -56 -40 18 -49 -51 84 19 -66 -88 -65 50 -24 95 -88 9 -67 76 -64 56 37 -27 15 81 -14 89 20 -15 -80 -77 -6 27 50 -95 -25 -17 -59 87 -94 99 -68 -90 10 42 -86 85 -44 -99 -78 30 -33 46 47 -53 29 -28 70 -43 -20 -86 -54 
97 9 -27 -12 17 -16 10 61 -75 -51 44 25 -97 77 -1 -58 -74 -47 -45 36 40 63 -58 -87 -27 -21 93 -69 -45 -24 58 18 -99 90 -84 62 3 59 -9 13 -68 93 -92 -50 -27 -10 62 -69 -98 15 -6 -26 -15 -42 -25 -24 -18 46 5 -13 54 -75 -96 -9 72 -12 -81 -83 -38 64 -39 56 -39 19 86 75 -18 -6 54 -16 -58 -11 -12 -76 -13 -86 51 -54 80 8 14 -43 -59 -63 -58 14 0 -93 -77 -40 -92 61 -33 -53 -24 67 62 -1 -95 67 74 -37 -44 -87 -16 -23 81 -74 93 28 23 -99 -95 -83 12 -76 82 -2 48 50 -49 -39 -36 42 69 71 -12 -28 -8 -51 -41 -82 39 94 99 87 44 -17 -49 -85 -99 -77 9 93 73 -23 42 55 -23 17 28 21 -96 -17 -31 61 9 42 -82 67 45 -22 13 -85 6 -98 38 -56 -91 -46 -78 0 85 24 84 -52 65 72 -76 -34 92 -92 -68 80 -40 56 -59 -34 -63 39 3 -52 -61 -26 45 21 -20 -65 -45 -23 -70 67 -99 -39 6 26 -60 -42 35 -95 -13 -49 39 69 58 85 -21 -97 73 -64 -49 1 -11 -65 68 -17 77 -67 46 -26 6 76 6 -6 40 41 -34 47 -86 12 83 -65 81 36 -92 63 -40 -42 97 -57 77 77 95 29 70 17 -93 -51 -18 71 35 28 64 -74 -19 -32 71 79 -50 -93 -12 59 -74 -79 99 42 -65 80 29 14 1 -42 -27 -37 -41 -11 86 43 9 -24 -59 -8 -12 70 46 74 -22 51 -94 -23 19 48 58 -84 -45 50 47 54 36 72 -92 -34 -81 25 -40 -44 78 40 -79 -10 74 68 -85 40 28 -32 50 66 67 4 33 31 49 15 65 -78 -90 -62 41 -50 -60 90 13 -78 -41 52 84 -47 0 -26 -26 98 81 -77 45 94 22 84 -50 -28 -69 14 -79 -63 -5 -22 65 83 -59 31 46 7 -14 79 12 53 -23 -92 -27 45 84 -59 86 72 -46 64 52 28 51 -54 -65 -6 -5 -34 84 -21 87 3 -44 2 -52 -64 6 -39 -71 -55 -50 -8 38 24 29 52 -27 -77 83 -57 -37 50 36 44 73 41 -94 64 99 -29 20 -20 41 -79 -49 6 -28 -42 -26 13 -1 25 -18 34 -41 -4 -31 -76 49 -69 97 -62 57 -67 -60 73 61 -44 8 -89 99 40 -69 -50 48 -12 -27 -44 -64 -39 -14 92 -24 84 -21 -61 94 -87 -44 -62 -89 70 -88 -52 66 -76 22 -23 66 35 35 -80 57 76 
4 -32 43 26 60 -92 -91 -90 -77 -74 -83 -80 -12 58 -48 -39 -1 -31 -97 12 85 -74 -35 69 -15 77 -48 56 -40 -53 51 -52 72 -29 -21 -47 29 -90 -97 61 -24 -34 90 86 -94 -55 -85 88 18 87 48 52 24 22 -61 -26 -86 28 59 90 63 36 38 85 10 -37 -49 -20 76 -57 80 35 -81 64 -87 -94 4 8 -23 -58 -85 25 47 -81 47 -87 53 -61 -66 -55 -54 -27 11 -99 -78 -53 76 -62 -68 -51 -92 -82 12 82 -97 67 12 -8 3 -75 -49 -75 34 -87 82 -99 51 5 -11 -38 88 -64 -89 -33 -88 -21 -51 86 39 91 -22 65 78 4 16 13 56 15 29 -75 -65 -35 55 -57 36 71 14 -16 47 -30 36 3 -5 -24 1 97 -14 -94 -19 -44 -20 11 -45 27 -11 38 90 4 91 14 -49 -23 10 62 58 -74 -44 89 -85 49 24 72 -34 -81 -12 -98 -55 22 35 -87 91 35 93 82 76 -34 -50 -85 -21 -75 95 31 41 -14 87 10 -60 35 13 -49 -63 8 83 -94 -41 60 -21 9 -55 24 39 93 -33 -35 -49 -47 99 -94 -80 61 35 73 71 95 -86 -49 1 3 25 -71 -64 -35 -88 67 -93 -5 -53 -59 -9 -72 19 17 25 70 -28 -49 -26 -69 61 -99 36 98 96 -20 -3 32 -10 32 33 -39 -15 91 -35 -91 -50 -72 86 -7 1 -28 95 -54 -1 -56 -71 62 16 -38 24 -77 13 34 15 44 -58 3 34 62 41 -45 -21 -1 -29 -27 57 16 -93 -12 -69 14 -56 -75 8 84 59 43 -64 83 24 57 15 96 17 -47 85 -22 31 -71 -80 71 -83 73 79 98 11 -83 -55 -78 -82 -58 55 38 7 2 -44 89 -11 49 8 77 -67 67 -97 17 -52 -2 -11 -23 -29 -93 -93 -64 77 34 19 -35 82 -37 -60 54 -69 -22 59 -95 36 -98 14 41 -76 -73 90 -81 22 43 -45 -25 93 72 46 45 -21 -83 -42 -67 -70 -16 -68 -96 38 -18 -64 -96 -25 -16 53 50 -44 -52 -31 11 8 -66 -31 -61 -79 70 20 61 -48 45 -44 50 19 -35 16 0 27 -38 -7 14 80 4 2 -44 -47 -60 57 -27 36 98 54 -65 68 26 -55 71 1 -71 58 27 -29 12 65 56 2 89 71 5 3 -27 28 -73 -45 -41 -76 29 -80 56 -56 35 -40 72 -53 11 -55 -12 98 -22 -82 -40 78 85 75 96 98 -11 -17 90 90 -57 34 -18 -92 63 20 68 -70 67 -61 -27 
24 59 89 -52 37 -99 21 -99 -44 44 66 2 -3 -85 69 -12 -42 35 -37 -5 87 73 -21 50 10 -18 -19 -15 94 78 -47 -41 -74 -67 -1 -28 -37 -73 26 73 -45 -8 59 -76 -20 50 -31 1 -72 47 90 -70 -11 49 -27 -63 33 -38 20 -8 -61 0 -14 -88 -78 -63 -57 80 -59 74 37 -23 45 -66 -79 19 -29 30 4 83 4 72 -10 -87 33 -10 -35 -41 50 18 3 67 -35 -37 73 -40 62 -49 -15 -24 97 -73 -57 47 91 -19 84 82 -40 50 81 -56 93 84 -96 -72 -29 -59 -16 -66 45 -43 70 16 -82 29 -3 57 -19 -86 5 -77 75 61 42 14 69 39 67 1 -18 -30 56 -81 -49 -10 80 -11 67 76 69 39 -14 -82 -24 -58 -77 -9 15 58 86 -37 -38 -51 25 49 52 -30 0 76 -3 92 -14 -87 62 41 -23 90 51 2 -35 35 75 -49 15 99 88 -89 16 -97 70 -23 34 29 25 -25 82 -72 -37 -30 84 58 -54 -96 -34 -5 -22 41 81 15 -40 37 18 -17 66 -97 -75 30 -80 81 -50 -56 -88 -76 -72 42 -23 86 25 62 46 32 35 -55 -1 8 94 -67 94 -56 24 55 96 61 95 84 -11 29 82 -31 62 -20 -13 29 -28 -28 46 58 80 64 8 12 -12 -62 13 91 -75 -53 58 33 51 -62 -58 -32 93 -62 -22 98 65 91 -95 -30 -11 91 -99 -69 28 -44 50 -4 -57 52 -29 -64 -49 28 86 -83 30 -48 -79 4 -37 -95 18 36 66 22 -42 -22 -67 -54 53 82 -19 -3 -19 87 -64 74 -87 -93 50 22 95 -82 -23 76 -90 -97 42 20 59 12 26 -43 -53 74 75 36 -91 -60 -93 -54 -34 85 -64 -91 -40 -3 -35 -44 52 -34 -96 -24 75 38 -78 -50 -22 -8 27 -90 31 -44 49 -95 70 24 59 -70 12 -2 -18 -58 -2 87 30 0 84 -45 -71 -13 0 15 14 12 -80 -88 -13 12 33 58 2 77 -94 -73 52 51 -89 -44 -98 -52 -31 28 -34 10 -51 -8 50 -60 -21 -14 -12 -10 -68 90 38 -11 80 8 -81 -10 63 -31 -74 5 63 -52 -64 63 -35 8 -31 -36 -15 -32 -56 59 -6 -99 64 93 -85 -89 -18 11 -62 -42 -18 -71 -74 -68 -56 -29 36 -11 -92 -59 65 38 12 -30 47 -93 -32 -50 -15 -50 82 -40 90 -93 -49 -12 -57 -56 30 60 85 -22 -73 -47 -2 13 -33 72 33 46 64 -40 -82 -57 -60 31 15 45 90 38 
69 -95 -40 76 42 -30 3 -18 -41 31 -69 45 23 -26 -98 71 89 -19 -29 -90 -88 -5 -4 -33 7 73 56 -1 -28 79 -63 57 -81 -43 33 4 -35 -24 -8 -6 -96 47 -41 -98 -22 -98 81 -69 -31 23 -45 -74 -90 -44 -20 -38 96 34 -88 -74 1 -73 53 66 -74 -38 39 33 19 -56 -98 -28 -34 62 72 -74 22 39 52 2 54 -72 -5 57 46 -92 39 -25 65 27 1 -45 -35 -99 3 17 -71 -31 -74 84 -55 83 -71 -40 -87 8 40 -20 8 67 -53 -13 6 74 -89 7 -83 95 76 -1 35 -16 -99 63 38 43 21 -39 -52 25 55 -26 62 71 13 -34 89 -52 -24 -48 -35 59 -89 83 65 -91 -61 38 96 -41 -59 -79 42 28 -4 54 40 -73 28 -25 43 -27 1 78 -65 -89 -20 92 -45 -62 74 29 -29 17 -98 51 51 -62 -75 -23 75 -68 -42 -74 35 84 -44 -37 -27 -82 -45 -98 61 49 83 6 -23 -66 59 4 81 31 -60 25 -50 74 90 79 -36 -5 -72 77 -14 -86 -63 -40 7 -62 -75 -17 -53 47 10 12 22 87 -99 -73 43 71 99 62 17 79 59 -16 -66 91 -74 -13 49 -19 -46 26 -58 -69 -38 65 -2 33 60 74 -79 7 -50 70 61 -81 -2 39 -29 48 25 -9 26 59 -3 -21 6 58 4 -46 -71 -79 20 -64 -31 5 64 -20 -40 -51 -64 -43 -35 20 76 6 -41 33 -1 -28 -26 50 42 -57 83 -54 -4 46 92 -37 -68 -10 8 -93 -42 81 72 -44 24 71 -41 -76 -1 48 61 36 -31 -89 7 -80 74 -83 -84 62 33 97 10 -92 -19 48 33 52 63 68 3 -44 7 37 -30 64 -37 3 38 -9 46 -6 -25 -64 22 -28 12 -72 -61 91 35 -5 94 -64 72 -86 18 14 -21 39 31 57 73 85 -40 2 24 7 83 -1 87 50 86 3 44 -6 40 5 92 5 53 -53 18 91 69 30 -16 -76 -10 67 -6 29 80 -78 -38 38 14 8 -23 57 1 -17 41 -8 72 -87 58 -49 43 -77 -56 -40 93 27 -3 54 12 -84 -97 -38 57 -41 -77 -73 -64 53 -13 -46 52 -19 84 17 -56 38 -50 -27 39 -77 -84 -61 60 65 43 62 -56 -28 83 -16 -77 -41 -34 -84 -7 -64 -79 96 0 8 50 35 -34 -58 -19 82 -50 -57 40 78 97 62 96 -45 2 71 -86 -20 37 53 -33 43 80 20 -41 0 -18 77 56 -34 -42 -93 28 14 -8 9 
-55 -18 7 40 -16 54 40 -10 -76 -74 -76 73 -78 43 -46 -98 50 -11 -22 -77 -25 -38 87 22 -89 93 -30 -40 -88 -49 52 63 -97 -28 46 36 -32 -21 71 -72 -30 -27 28 98 81 -24 -53 -20 50 43 -13 -80 25 -58 -10 39 44 31 77 80 71 -31 -60 13 26 -30 -54 63 90 55 74 57 49 13 -72 73 -80 34 89 -87 -73 -44 -42 92 97 9 -91 27 -5 -71 -65 6 -78 -79 -68 65 -1 -42 62 85 94 21 76 -8 26 95 -17 -49 74 67 -5 17 20 71 -46 -46 90 -37 81 -22 15 -70 6 -28 -73 54 51 52 -49 -88 31 94 -96 5 -11 -25 74 -8 -33 -87 -36 -79 94 -89 -82 -68 -84 -91 17 -1 87 -16 70 -26 38 42 -7 14 64 -93 59 71 -33 46 -46 -1 64 8 -53 -55 -4 40 -14 38 25 -93 -83 74 -68 -6 2 -25 -77 28 -97 67 -77 -22 -60 41 84 52 76 -61 64 -76 -7 -71 35 -74 44 52 -64 39 -17 57 -24 75 28 33 37 -59 -48 -55 58 -6 -98 -60 29 -33 33 35 -27 12 -61 -54 -69 -61 82 -24 49 57 -54 79 -5 47 -90 77 77 -10 43 3 11 44 15 23 -85 -9 -96 -15 72 93 51 96 66 71 -42 51 -81 2 -6 -11 -4 95 -58 -82 64 31 34 -4 8 -85 -68 -91 -87 -39 -12 57 54 -42 -79 62 50 -58 86 -80 49 -56 94 -54 59 -81 14 77 -85 26 -29 -12 43 -80 -62 -30 -74 10 -91 71 12 -23 -86 -48 -78 -2 -52 90 35 -15 -59 -7 85 -96 -47 -20 -4 -12 7 14 54 1 14 -23 47 3 -20 88 67 69 -31 73 -73 8 -55 13 40 43 90 -82 48 63 63 -64 -48 -9 -84 36 54 74 -49 -34 77 65 -30 -37 69 68 99 35 14 44 18 -39 86 -3 -51 6 78 53 -99 -77 -77 46 82 31 35 73 80 57 35 -64 2 98 59 27 -24 22 -84 67 -53 23 26 -16 10 42 -66 -14 -94 91 51 84 -90 -54 -30 30 73 88 -61 -85 -9 50 87 27 -37 36 -46 -10 89 93 2 42 86 60 47 -34 76 21 -76 43 -93 -38 -81 22 27 23 -86 75 89 47 73 41 -33 83 -27 33 80 2 -5 89 8 -89 -37 4 60 84 94 -34 62 -1 -78 66 23 37 53 48 -57 -79 -42 -63 28 -88 66 73 44 19 -4 -67 -17 15 27 20 -54 -63 -28 -78 -8 -36 -64 -81 -9 -65 76 52 
-29 -67 -27 40 57 0 53 0 -30 -54 24 -69 99 -13 79 1 -56 87 -23 -26 24 97 -48 -6 49 92 14 59 -68 -11 11 89 -18 -73 -55 -96 -48 82 27 80 -96 -56 -71 -40 62 42 18 78 -52 -36 47 -28 83 -84 -28 -16 -89 -68 -80 -20 0 -17 -35 -36 -71 -39 -90 -93 55 -76 -78 21 1 28 -87 -64 36 36 25 95 -40 48 -77 -3 7 42 -88 16 38 0 -76 38 24 64 -11 -42 68 -94 92 15 -29 4 -77 92 75 -79 -83 66 37 84 55 19 -8 77 96 -4 -12 -77 -68 44 69 -49 -91 22 -56 -85 77 -84 98 92 -5 23 -48 -63 30 -69 -8 -1 96 -83 63 96 -53 -29 -34 -19 14 -56 2 -67 71 -15 -44 28 34 13 79 7 42 -22 33 -15 -2 -47 -37 -6 -77 -66 56 -90 -47 84 -43 -23 -53 43 50 -50 59 -89 3 -87 -85 -84 93 -59 -58 -10 -5 77 35 -86 63 -28 -39 -10 79 -87 -42 -71 88 91 -66 63 72 97 -83 17 -72 43 -32 -2 58 94 59 78 -72 -73 85 26 -97 -4 24 -13 -38 -91 92 -49 25 24 39 -97 21 -84 97 -26 -55 87 62 -94 58 44 83 0 78 -23 -18 -55 79 86 -70 -41 -74 -44 -76 27 -56 -23 75 -57 -32 -75 -50 75 -34 78 -17 -96 -47 -26 -62 -46 -51 -67 -33 8 22 -15 -29 -54 81 50 19 -80 99 82 -75 -43 -61 88 76 -92 -77 4 19 95 -53 74 74 -38 56 -21 40 -37 19 19 -13 -53 93 -61 63 -56 -83 43 -21 -62 -25 96 97 63 -76 18 4 80 -51 -20 53 37 -98 -73 -64 27 -8 -11 -53 -98 -1 -57 -71 29 75 -74 -96 97 -56 19 -23 3 11 -19 61 -6 -82 2 -18 59 86 37 -60 74 -56 -11 -57 72 14 18 49 34 -67 4 -80 -31 -68 23 86 60 -98 -4 -69 68 -84 48 44 -40 -78 7 -53 -62 86 -47 45 75 37 8 -50 97 -51 -57 15 -14 43 35 -97 42 0 -91 83 -18 41 -15 33 -16 -25 73 23 -66 49 -72 -89 -27 13 34 15 -63 -11 61 25 64 7 36 61 -56 1 -73 -37 19 4 52 -85 -92 60 -4 -40 28 54 94 -16 -13 -10 55 35 49 43 -83 -28 -79 53 23 -84 36 -23 -99 14 58 -14 -97 70 32 42 -76 74 45 -32 -32 -3 40 -2 76 -4 -49 -48 10 -39 15 67 99 -12 47 -73 95 -85 -34 25 66 47 -23 -40 -19 68 -88 
-5 -82 75 -34 85 32 -24 25 30 -18 -62 19 -19 73 5 -51 86 77 -53 35 -44 10 60 38 99 -7 79 -24 62 -25 -50 -83 50 -39 -94 -65 -17 -80 -58 13 20 -29 35 81 -23 59 -34 22 -51 74 -59 -99 65 27 69 0 58 6 -90 24 -55 95 51 -67 -18 -24 33 -19 -60 89 85 -65 -51 -72 -7 -74 -54 -93 53 -30 12 -22 79 18 -41 70 72 -39 6 21 81 -8 -94 -54 -76 13 72 -55 72 95 -53 -5 9 79 -88 5 -73 -35 11 86 26 91 19 67 -49 60 -17 59 13 -6 28 87 86 -93 23 63 61 -99 -17 49 -18 -33 -87 20 -70 -33 -84 -53 -31 44 3 -68 -18 47 -48 22 -48 63 3 -91 45 -67 53 -84 -41 -38 20 44 -92 38 88 -68 -63 -24 -13 78 74 80 -52 28 60 39 -63 -96 -27 -7 -23 -83 -38 90 -10 -5 71 -93 -9 76 80 -22 64 80 -17 30 76 -37 -81 3 -32 78 -49 -69 38 -79 87 -84 71 -5 57 48 -96 19 7 36 -34 25 4 -57 -70 -59 48 7 -94 -37 86 -89 13 -87 60 88 97 -9 12 -8 -67 -43 86 -57 -90 -77 -25 28 -80 -3 -77 21 -4 36 -31 -36 3 -61 65 -71 70 8 96 74 -55 74 -96 -97 -69 -17 -9 -32 88 -68 -31 10 -64 71 77 41 63 -90 -41 -3 -9 58 38 53 -9 31 -48 -16 -2 64 -92 80 94 10 6 79 -63 17 -36 -76 8 -96 61 -87 78 87 -3 28 -54 -52 43 -52 -89 -13 30 57 -14 39 75 -22 41 -26 -45 49 0 73 67 13 -39 -80 -43 21 -94 -6 33 -66 -19 75 43 -42 -37 98 -81 -53 -43 -90 -92 -12 -73 -17 76 13 -67 42 -43 65 45 15 -64 -71 32 -89 4 -16 -90 -13 -96 -78 62 -58 -60 29 19 77 70 34 44 48 -21 -53 -3 -57 -51 -50 -85 38 40 -27 -7 49 4 13 20 8 -43 33 -5 59 -97 88 -74 -16 -46 -65 0 -71 -1 -55 4 82 35 72 -39 -4 -41 82 -55 -74 80 -18 49 -81 -54 -49 -89 24 8 83 -20 53 2 75 14 30 -98 65 37 -41 16 43 41 91 75 -7 91 15 56 -2 -43 63 -33 63 69 94 -23 -16 67 -98 98 80 64 -60 -72 16 -45 -27 -57 -95 40 71 45 -76 -55 -52 -86 -99 47 2 67 -86 -65 74 65 16 85 -89 64 -76 32 45 49 -3 90 -48 -55 11 18 32 -16 36 98 32 -42 -60 
11 -14 -90 84 -7 89 -98 10 -28 -89 -46 70 44 97 -18 -61 -4 53 91 37 17 -14 -1 -80 55 -44 -56 2 13 2 -29 11 -12 6 34 64 76 -65 8 -37 73 -16 91 83 -65 -19 -13 28 -75 58 -63 99 -19 65 -83 33 27 24 19 -23 32 71 43 85 64 67 6 -16 -43 -4 54 9 92 -93 16 78 -3 17 14 22 33 -17 -90 46 94 79 -64 5 -56 -90 22 -38 -17 -7 85 73 -55 94 88 22 -62 57 -82 -49 -71 15 76 36 -20 -78 -57 45 47 -50 11 35 -11 -24 40 48 -75 17 40 -12 70 -82 17 44 -22 -61 90 -84 38 34 -46 16 -11 46 -29 -29 77 8 68 -16 6 76 -73 -15 -63 -98 -40 -58 -61 -54 -89 50 80 53 -96 -30 25 49 34 -33 -79 35 65 65 0 -70 4 -75 -66 54 28 87 -6 -60 82 44 -77 -68 -98 26 -3 24 14 -29 -22 75 -42 -20 -6 70 -46 -94 93 -97 36 -15 -70 -75 99 -99 99 -37 -59 -32 8 -15 52 -73 -86 2 23 4 26 -91 10 -64 -94 -78 70 -32 -28 -26 -38 -42 -87 -64 57 28 59 20 -10 -68 -89 37 4 67 90 48 23 -95 53 -86 89 -60 -4 -13 -28 25 -15 -77 12 -12 90 -4 -80 -20 -87 -33 -62 6 49 2 -45 -51 76 -95 94 -11 65 30 -6 15 0 -4 14 -5 57 -24 -13 -49 53 -61 -35 -7 -71 -96 98 -78 -60 23 96 28 72 -16 18 43 91 -7 33 -34 -68 27 42 -75 55 -27 -78 -39 -60 52 17 52 -76 -37 57 -34 -22 54 -84 -37 85 59 30 -33 15 74 17 2 -43 -10 57 60 5 64 60 -72 34 -35 85 54 84 -74 -94 -35 -77 -87 31 -86 -93 8 -67 49 88 -38 -14 -79 9 -20 -64 -24 -76 -86 78 29 -23 -37 -51 14 -68 89 -12 -7 46 98 -88 20 90 -30 40 -57 -35 48 -70 -51 66 77 18 87 97 69 -96 -56 87 -91 91 61 -78 -60 -42 -63 -11 -75 -74 -80 93 2 36 44 -22 -85 -83 -11 -84 56 25 66 -84 84 -3 26 -28 -28 62 -85 -76 -13 -99 -95 20 8 16 14 -42 -87 7 -57 2 -66 92 -38 49 -14 -27 -51 -36 45 -45 96 -21 54 -62 -9 98 -86 98 -9 18 85 -74 -61 -27 -89 -4 54 -95 91 88 -70 0 -16 -25 -10 -51 -46 -1 17 31 -46 -67 99 44 -10 1 66 -72 -82 -21 -92 70 6 -4 37 55 -17 52 -33 
73 -41 35 47 91 -94 -76 -88 32 -82 0 81 16 50 50 -36 79 -44 92 -34 -48 69 -49 94 92 -56 89 -94 54 28 82 21 20 -55 -6 88 59 -18 -77 2 -32 38 -8 -72 64 -66 80 8 96 77 -67 30 45 47 -63 75 -55 -39 -6 9 7 -26 -1 50 -52 -58 57 11 0 90 38 -30 4 5 -65 -30 -34 -68 72 -88 89 79 -13 -34 -73 -3 9 72 -71 -25 45 -90 60 13 -74 -19 40 -31 -70 1 -12 -93 79 -50 98 38 72 -15 26 33 92 -82 -37 -55 -68 -27 -40 -78 50 68 -70 -27 57 -69 -62 65 65 -95 -10 44 -71 -60 11 99 70 39 -7 -46 -76 -89 58 25 -52 31 -1 57 58 80 90 91 -42 8 6 -66 -78 -37 -52 50 99 8 -62 -88 50 -60 -95 69 -21 99 -60 96 87 -82 -8 88 60 -46 -3 -75 2 15 40 -97 37 68 69 -98 80 -15 41 13 -9 -26 -63 48 -97 6 -54 77 -80 19 -33 72 -24 -65 1 -65 -68 81 -1 -12 77 -2 -20 -52 78 -80 7 -87 -84 12 13 60 46 -87 86 56 41 -24 -6 -18 -46 -15 86 86 15 56 39 70 9 -91 90 82 79 79 55 82 -52 -5 15 69 25 17 -91 -33 -81 33 -2 -64 99 47 21 36 19 -56 -44 -65 40 -62 -28 -70 84 -44 75 -28 -52 -61 -4 26 -76 24 -57 1 -47 70 81 -36 73 -30 -74 82 -9 48 43 88 69 73 6 14 -98 63 44 -53 -37 -91 65 -50 35 19 40 91 31 98 80 -66 -78 6 68 81 -77 -75 42 88 -92 -32 57 52 -65 -85 -78 -19 -6 82 81 13 -70 -54 -46 39 -92 -74 74 55 -26 -61 -36 22 31 -47 48 78 89 -77 -39 7 54 -40 -31 -33 59 34 95 -46 58 -62 85 87 -52 12 77 58 73 -42 96 -44 69 29 -22 -48 -3 -66 47 42 -56 24 11 22 -86 7 -64 71 -34 -36 98 -16 49 0 -94 -79 -73 12 21 22 58 -20 -50 30 46 14 -50 -65 12 3 -62 -75 68 -19 -35 -87 -84 -15 -43 63 57 66 -49 47 65 6 38 -71 54 12 15 -59 -69 82 -9 -28 -20 -29 23 46 82 -87 -95 3 58 -25 -23 53 37 -65 12 -95 14 61 -18 -15 -47 -14 89 -77 65 -22 68 86 39 -77 24 -57 25 -64 -17 -40 -41 37 -88 -46 52 -48 -89 -52 -68 60 -7 19 -70 -29 -29 33 -99 68 -87 41 40 -99 -97 -71 78 -17 
95 32 13 42 -3 76 6 55 -32 48 6 -48 -55 28 66 58 36 95 -89 -26 4 90 -85 5 7 21 71 4 -49 65 87 -90 98 57 -8 52 9 57 -67 1 -70 -45 83 -21 -30 -7 55 -75 -72 15 -57 15 -47 -15 77 -82 52 -8 -2 71 94 88 -13 -22 -91 32 18 93 13 96 -4 75 97 0 -4 64 -12 -2 -11 15 27 56 -44 67 62 74 82 19 -95 84 3 -17 -74 -11 -26 95 43 34 -37 -16 44 -18 63 -93 -48 -22 1 -62 49 -2 -93 -84 13 93 -38 -66 28 -22 -27 87 68 -46 83 -84 -52 -49 59 -74 67 0 -90 -25 54 98 81 -46 20 9 -97 89 -20 -57 -75 -91 -63 64 -17 -22 -12 -89 -64 59 92 -81 -16 73 47 -43 0 -32 -74 66 22 -54 35 -40 78 -31 -60 77 48 38 54 -88 39 -94 -32 -98 -78 -72 60 -49 -98 -28 -96 27 57 -41 19 48 -33 78 7 30 7 70 -35 6 91 -64 -5 29 0 0 -74 -88 -72 -87 50 -2 90 5 77 -93 83 -45 11 -10 -60 34 -28 0 -60 15 -52 -49 -81 88 -3 78 -26 66 -15 -27 66 22 25 -51 9 -35 -23 80 -46 63 -18 45 -93 -31 -32 49 76 60 -70 -86 -20 93 29 82 91 -34 -4 9 -11 -64 -49 80 -36 41 97 21 -81 64 -14 2 47 -17 -37 -32 74 -64 40 -29 62 26 90 19 28 -73 -89 -54 70 98 -57 -36 80 79 48 49 -38 31 0 -8 -31 35 -40 -56 58 75 -77 -65 36 73 5 54 33 14 35 11 36 -43 -32 -13 -53 44 61 -35 2 65 12 -87 3 55 -31 52 18 1 28 85 -49 80 -58 -64 -14 32 88 62 -58 -60 -10 -22 -96 -10 17 -18 25 -75 21 -95 58 -44 89 95 44 75 85 -10 71 -83 -32 68 -97 -34 -53 -41 0 -49 -41 81 84 11 -40 6 -60 -8 -74 -30 22 -44 73 -2 93 -92 -26 -50 56 16 -54 -79 80 -37 -69 62 36 -70 45 51 97 6 66 67 36 -65 -72 -23 2 93 2 -80 0 -82 -21 -74 -30 -92 70 28 88 97 -11 -43 6 -48 -15 -34 -47 -66 52 58 45 -69 39 99 -78 -23 -74 32 -39 -13 4 60 -32 -48 -52 97 24 -27 29 -58 -65 -32 -32 -59 25 -79 44 -58 68 -34 -30 20 21 22 84 56 -61 -97 27 -21 28 -74 67 85 12 30 -34 -16 11 81 -50 -33 -64 38 80 -90 -9 -58 -1 -52 -58 47 
-95 -26 -50 -58 -11 76 -97 -29 88 85 35 -71 39 -49 99 -49 65 -13 -42 -91 -28 -90 -89 85 -27 96 -27 46 -13 -63 13 90 -52 17 -98 -22 -81 97 39 70 9 18 87 -25 15 9 76 77 -74 36 -22 -42 -46 -33 92 -91 -65 -4 -18 94 -75 -75 2 -93 33 -88 94 48 19 -17 -14 -80 -63 -99 -31 7 -1 71 68 68 -60 -76 57 -38 62 -62 -7 11 -98 -32 -21 44 -89 -76 39 2 76 81 86 -32 13 -5 -70 -2 -3 -9 80 -71 45 -49 -56 78 -56 -94 -68 -50 -23 -54 -64 -81 -77 32 66 -52 -49 74 67 -86 -97 -54 -78 -20 73 55 -69 -51 94 8 98 74 52 -84 -11 89 -46 98 82 45 26 47 -9 -12 -40 5 -37 86 -98 -19 43 4 -14 -78 53 23 -54 -49 1 -90 47 -67 -20 9 95 -29 31 49 -35 17 2 4 -87 90 -94 -59 -48 99 -4 38 61 41 -63 -66 -88 18 13 0 27 63 27 49 51 73 -39 56 33 -87 -21 -1 19 35 -2 72 57 -76 -89 -8 -47 -10 -88 78 43 -81 -5 -71 -25 -90 80 -92 91 -97 -88 31 -51 -61 -43 -95 99 66 20 75 71 60 52 0 -78 -79 -22 -80 -72 14 60 -27 -93 71 -56 38 55 0 -53 -95 25 -25 33 15 95 96 27 71 44 87 21 45 52 -76 97 -43 16 -13 -38 65 87 -96 -54 -77 -44 -49 58 10 75 21 -85 -83 28 -15 52 56 -43 -89 -20 -96 -6 95 -72 -93 9 -8 75 -49 29 22 59 -69 89 -77 79 22 7 7 22 -43 1 99 -98 -42 -56 28 -92 38 -17 73 99 42 -79 70 31 -51 34 22 -56 -54 30 56 17 -17 35 62 -79 -6 56 86 -66 83 -18 94 -32 13 -68 67 82 -57 -4 77 -46 -40 -88 -78 -29 94 -71 -97 2 70 -2 -19 -8 50 76 -23 6 -75 -53 -38 37 -40 -55 -75 -11 89 -6 -75 74 -88 3 72 -81 24 97 -45 -6 91 77 -15 -34 18 -41 18 86 -11 4 48 87 -5 31 -63 -79 49 -71 -29 -15 28 -20 20 60 50 -79 73 50 -37 -77 72 -35 55 -25 -50 -39 -94 -15 -83 83 -47 -6 -77 62 84 44 44 -11 -20 18 -53 -11 -37 -81 -31 26 93 -20 91 85 -62 10 -30 24 -74 97 -61 60 20 -71 -42 -22 -9 -68 -91 -30 99 98 47 -79 74 11 25 -87 -75 83 -87 41 -62 -13 -3 -94 68 29 74 -6 -59 -35 90 80 69 
19 83 -23 48 -51 -22 -66 41 85 -99 -56 18 -48 42 -53 -93 60 -6 -14 -24 -66 -72 4 -95 27 8 -94 35 75 -61 -12 -1 -67 -37 -34 32 -42 94 -46 10 9 27 -35 60 61 96 28 -67 84 81 -47 97 -14 -54 23 -38 -35 -10 6 35 -90 14 24 -24 -7 -68 44 79 47 22 -24 -67 -13 -24 -97 -56 -56 17 -91 -80 30 -27 -86 20 22 -19 -53 48 -17 32 21 68 -8 42 -88 1 33 52 57 21 22 -80 -41 33 49 90 86 41 -23 92 79 -51 -40 -5 -81 89 37 20 -92 1 -1 -53 86 22 92 78 -80 -30 -66 49 -70 54 -5 72 8 97 3 -87 62 21 -9 76 51 -70 39 72 33 17 2 -16 -17 -45 -87 4 -46 13 95 -26 -7 7 22 45 -4 2 62 32 40 -59 -29 -20 52 -82 -11 -81 -56 69 20 -76 -69 72 65 -16 63 72 1 5 -15 53 60 -26 -38 -1 -64 23 -61 -17 97 77 52 -60 -16 -42 25 -13 24 30 89 69 -37 -69 -32 25 -40 0 -83 -53 -15 82 87 -82 -35 -11 -4 -70 26 -38 -12 81 -46 -51 -81 35 -8 41 96 -77 61 83 99 -74 -25 -62 -21 6 -6 4 59 -68 -29 94 -84 11 95 -75 81 -56 25 37 49 74 -5 -82 -5 64 -17 87 -75 -26 -24 17 -66 65 11 -83 78 39 54 -36 -48 -54 36 -36 -63 -33 -83 -54 81 -51 -93 -45 -91 37 33 51 -19 91 -69 84 50 -42 24 -39 -39 -54 -64 -29 -76 -86 76 43 1 -65 44 8 30 -19 76 -47 -60 82 -39 13 98 -62 -73 -56 -77 -56 -82 13 91 50 -24 -22 -35 49 -5 0 -79 48 40 71 26 -59 -33 -58 19 78 -1 36 -55 -22 55 43 32 -90 -90 -12 79 -54 6 54 14 -9 44 -9 5 27 -54 -38 -46 23 -29 -63 -9 -98 24 7 11 -86 19 16 -1 30 -95 -64 -2 -19 64 -30 -10 -84 -94 46 -6 82 -44 52 25 18 -9 16 54 -19 -59 -76 -57 -15 13 -21 52 -97 -10 -20 16 -69 0 -86 35 76 -81 74 4 37 37 -38 88 -77 -50 79 -88 -1 -86 -86 62 93 66 -19 68 54 45 88 -59 25 -62 -60 -78 66 16 -8 -12 -51 -86 12 -49 -80 0 31 31 72 -21 -18 -36 35 76 68 -30 -38 -23 -81 -94 68 9 -99 -49 90 -60 -29 -78 -80 2 52 -77 46 -64 25 73 4 -26 -48 -95 54 -25 -65 27 -41 -48 26 -25 83 
17 75 2 81 -25 -90 -97 -64 47 -54 36 70 -11 -98 44 48 49 -49 26 92 51 -53 69 20 -22 40 24 29 -6 60 25 51 40 -79 -14 -89 -10 70 31 26 94 -68 27 -75 52 11 -28 61 32 23 76 17 37 36 31 18 -53 63 27 -63 35 -28 14 19 80 -15 -37 70 -51 67 47 60 93 58 6 55 49 -17 -60 -44 -25 -62 -31 -94 46 36 42 -73 82 33 -13 -68 20 27 -88 -27 85 -70 53 -97 58 -85 -56 94 -97 -15 93 60 -53 -55 57 96 15 -16 -2 48 43 -41 33 -82 32 39 61 -38 8 19 -28 -8 -86 -57 55 -22 37 22 57 83 25 -98 -42 -31 24 -43 -84 -53 -68 52 -66 31 36 -55 82 -74 24 -31 -38 -62 -99 -61 -77 -79 2 -56 -87 -35 -18 -4 -61 11 12 -77 15 -95 10 71 52 63 -45 89 -39 3 79 -69 11 50 62 36 7 -2 -86 -29 -93 29 -96 -20 -83 -42 -27 -31 82 23 -76 30 -44 90 75 8 -51 98 92 43 8 -58 5 49 -77 19 67 53 -4 45 -24 -36 -53 86 -53 95 35 -49 -69 7 -2 94 69 1 22 -27 -96 -55 33 -65 -6 55 -49 -80 28 29 63 53 67 -38 75 9 -71 30 11 89 -26 -71 -17 31 25 -30 72 96 -63 71 -4 99 26 -9 -54 84 27 60 -55 -26 73 -4 29 -60 -58 28 2 -17 58 -59 -56 -69 8 -17 22 -16 -61 -88 -94 -4 -76 -56 -57 -90 87 -83 -60 88 69 -5 23 -97 -23 -66 24 93 -54 54 13 90 97 65 8 -2 -84 -46 92 21 62 83 43 55 10 46 -61 76 -25 23 15 -17 -22 53 32 -66 -42 28 3 23 -20 34 91 15 -43 37 -61 -23 9 4 -53 -81 40 1 -23 -34 87 -59 -60 -36 22 7 48 33 55 -40 31 -76 -55 55 -6 69 -73 89 32 -60 -4 -52 22 -19 -19 -44 83 15 87 -27 78 -84 27 -19 47 -32 11 -40 -3 2 -17 -98 -42 -41 -22 -76 -91 68 45 9 43 71 -50 -44 87 19 -95 -40 78 10 -62 -27 -70 -78 11 -17 -25 47 -33 37 33 78 89 -70 94 22 80 3 70 84 -90 -26 -55 -81 67 79 46 -3 29 31 -10 -99 -32 33 -72 96 67 -37 50 -79 -38 -79 -64 16 15 -44 73 -11 -80 -6 80 77 -63 95 -30 15 -87 67 -49 49 -14 -20 21 -21 0 -80 13 -19 -60 61 -55 72 -84 90 34 -67 45 21 2 33 
5 -75 88 -29 -75 -52 30 -8 -43 -69 71 72 49 14 -14 33 38 -76 -60 -54 80 17 76 -52 -10 22 70 -30 47 97 68 -39 98 18 -80 50 -83 99 49 42 55 8 19 60 74 -1 46 15 -4 70 76 59 55 98 77 -45 62 -12 61 -96 -3 16 72 -1 3 94 -53 97 69 -16 -34 -77 -93 36 -46 -99 -38 67 -93 -31 35 -26 0 -49 77 -98 -11 63 53 -14 -90 4 -81 -59 95 -54 -97 38 22 -77 -82 -38 -70 17 -77 13 49 -89 -7 -53 89 -95 -39 -16 -97 77 71 -48 1 72 -1 -52 -76 -96 14 30 28 89 -40 -73 -54 31 -24 -76 99 7 93 0 88 38 25 91 57 -6 -41 44 -11 -72 -58 -27 -84 12 47 -68 94 -70 1 -30 -90 16 -17 -33 58 26 4 89 -14 2 -77 52 1 59 -36 89 -44 -29 -4 92 76 17 -30 -54 12 -60 -12 -8 92 -94 38 44 -11 75 -41 -35 50 -61 8 8 -24 9 -39 90 63 -87 -39 -15 7 -2 79 62 58 -40 20 -14 -14 -58 -4 -88 -66 19 67 65 -70 -88 -76 50 25 30 -28 89 67 62 68 29 -35 33 11 25 -18 68 68 -46 45 -69 65 -63 7 69 87 5 -88 -46 -59 -25 -58 63 21 19 29 55 62 -58 73 25 85 -88 71 84 -42 47 60 -63 -69 90 90 -67 -5 -32 -71 -67 61 -87 -65 -48 24 43 -88 -99 -22 62 56 -65 87 -97 84 57 34 -87 98 -42 -44 -47 38 -80 82 -3 60 -66 71 48 14 41 26 73 55 23 -70 4 7 23 96 35 -19 82 -96 35 71 18 -21 -67 -95 42 -61 41 -78 -37 49 -77 -98 63 77 -60 -60 -69 70 -79 -60 68 -22 -82 8 -76 62 51 20 7 80 -65 83 -12 32 72 -39 -43 21 -61 -3 43 -61 48 37 -55 36 70 -6 -31 -70 83 -2 -44 8 -88 40 61 5 24 71 -81 -36 59 -85 -49 -50 -43 86 -51 -39 -65 -38 99 35 -47 -92 -31 85 60 14 -49 -84 54 -77 -88 -33 -94 -93 53 31 59 47 49 15 61 41 -85 3 11 -89 -41 96 -19 60 -35 5 5 93 15 -59 -72 -88 -34 -9 54 -51 -72 -82 82 93 81 30 -70 -65 -67 6 -12 -50 -13 41 52 9 28 -54 91 83 35 91 -91 -74 -67 31 84 14 70 91 -99 -8 24 31 -44 -38 91 -64 65 -62 -72 89 86 -60 -97 -40 -35 -29 88 -61 77 33 69 -81 -40 78 -5 
32 -57 -7 12 4 -61 -19 49 63 98 88 -76 -74 96 70 -41 -71 63 56 -43 -34 24 -70 39 -50 78 57 -76 86 51 -28 -93 -70 -28 -64 -29 91 46 55 15 76 -51 60 45 26 -19 92 43 -31 -46 22 -54 -88 -95 -33 -61 35 95 51 81 46 74 41 -64 -42 -93 -63 20 29 24 -30 28 -82 6 11 -42 -91 4 44 -36 -36 57 -23 -42 31 6 41 75 29 -74 55 -12 22 44 -70 -25 61 11 -92 65 74 -58 22 26 9 -32 87 -80 -44 -83 -89 -4 -17 69 -63 43 -64 -3 58 33 77 -35 -79 -80 -43 42 97 85 -34 11 -96 -95 -6 62 -10 -26 86 56 -83 -44 -68 -71 89 48 73 12 -73 -48 -51 69 67 -38 39 -66 46 -84 -33 13 -51 21 -25 93 -9 -33 -65 -90 -1 0 -66 94 1 -14 43 -17 -9 55 -4 -94 58 57 -92 15 66 -99 86 19 43 -92 18 -39 99 32 -29 -89 -12 43 90 -60 -83 -4 -89 96 -8 24 78 -51 -93 -85 89 -34 -82 35 94 17 -1 -9 -31 -66 -64 61 -79 85 -88 -3 17 41 50 88 -33 2 27 14 -42 10 -48 -19 5 -41 69 87 6 -62 36 -14 38 -8 86 65 -48 56 90 -99 -1 -79 -38 24 20 -3 20 -48 -20 9 -42 69 -5 -91 24 -2 -97 75 -73 62 -23 27 93 -93 -86 -16 29 -11 10 25 -40 46 -44 58 -97 -15 2 -53 -53 45 62 70 -51 75 -13 -3 -38 -88 28 -44 9 -41 78 -28 -19 23 71 98 -58 53 96 8 1 -49 3 20 1 -86 -38 60 95 -58 -12 90 -12 37 -55 9 66 52 21 52 -81 58 -34 35 68 -6 -20 40 15 -19 15 38 22 92 70 -76 69 -62 78 -33 75 -85 49 -31 6 60 59 72 51 -84 -35 17 -56 71 -57 81 -61 -32 84 -28 -11 -77 10 8 42 -17 63 84 67 83 -90 90 -90 -72 -23 3 81 9 -99 -21 41 91 -79 -41 -85 -61 88 99 -13 -72 -60 -11 14 -73 -90 73 27 -43 68 77 30 4 -73 -77 32 -23 20 17 -27 -88 16 -17 40 -68 -68 -12 8 -40 63 -59 21 15 18 -86 -12 -65 -17 -80 -45 49 83 75 -56 51 -21 79 24 -44 71 -34 -85 -41 1 1 0 84 85 5 -52 2 41 -76 61 71 36 -34 -48 52 -52 -38 -53 58 84 -20 -65 69 94 -92 -54 -19 4 -67 23 -28 -37 -55 -49 29 -18 -87 1 -42 39 24 -59 -37 
-47 -39 29 -53 34 -57 -60 8 95 21 -54 1 82 15 3 4 -67 -68 -39 -2 53 -77 -67 72 1 4 -83 -49 55 83 -29 -12 44 -91 86 -18 -14 3 -50 -46 53 25 -68 84 -71 75 12 -62 24 -28 66 -18 4 -94 1 82 34 -30 -78 -68 -67 -62 -57 -60 -37 81 -62 19 57 -57 -64 -22 71 -50 58 -81 69 23 -60 -10 87 55 28 34 -72 -72 24 92 -47 30 -77 84 28 85 60 -25 76 83 75 -56 15 94 -60 -71 -89 -56 -29 66 -87 -12 27 -4 -89 51 10 20 47 82 -53 -38 73 2 38 83 76 -45 -59 10 60 46 -62 75 5 -81 80 -51 44 -44 -4 -80 -81 93 64 89 -5 -46 -9 -90 32 -3 62 49 -42 97 -1 -96 59 36 10 61 -26 -36 43 95 -45 69 88 8 -75 -6 69 99 -75 -69 -14 -34 -44 24 28 -38 -2 -43 -58 72 17 56 81 80 1 -49 -88 -96 53 91 55 -23 -97 67 43 -91 -83 66 -57 -78 79 82 -61 84 50 48 -75 67 -27 46 -31 -19 -30 17 43 -22 -89 44 32 -56 -18 -50 -84 62 -3 -41 -99 78 97 38 -23 67 47 -3 -49 -3 -81 -55 96 -53 29 -57 73 19 -16 -23 -14 56 -29 -3 -97 -49 20 -13 -86 -83 -96 -11 28 -22 -76 -90 14 -24 -66 -85 -8 -45 -20 25 -95 83 -45 57 -70 60 72 -68 90 72 80 82 3 53 -56 46 -49 70 -70 -71 -55 -39 -36 -61 43 -13 27 76 -17 -32 28 64 -77 54 -86 58 28 -59 93 -60 83 12 -83 35 91 -54 37 -99 5 84 32 15 41 -54 34 -19 -5 -66 -72 -20 -13 -54 42 -98 -62 0 50 78 -66 -8 18 54 -93 -44 -66 -76 71 85 -32 -12 -61 79 -56 -55 -8 -54 -8 -45 16 -55 13 58 13 91 -90 -96 -51 -42 23 48 -40 -91 63 -9 42 15 -31 73 59 -45 -85 70 -45 8 -22 -55 -49 68 15 -92 0 45 -25 -64 84 -94 -34 99 -33 59 -67 92 98 13 -41 -71 57 62 -33 -58 -85 70 33 -88 -61 -18 27 -28 -53 -15 52 15 48 89 85 -32 36 -17 -9 -18 -51 1 -3 -68 23 -7 79 -92 -72 0 -8 -83 -19 -27 -5 65 -14 12 28 -89 27 -1 36 -83 12 28 -74 -28 -85 80 77 -95 -2 38 8 81 81 30 46 -34 42 91 13 45 -55 -95 50 -47 74 -63 35 -25 -86 -29 77 47 22 40 -75 28 47 -13 -36 85 -36 58 
8 -78 -95 68 -7 2 72 33 -16 40 -94 -2 -43 -12 -75 90 -58 43 -58 -74 -1 -96 -50 0 25 79 38 50 36 3 -92 -23 16 28 1 14 -34 43 -37 -54 35 7 -91 -49 59 48 6 -97 -41 -80 61 54 4 -87 19 -55 12 63 -25 -82 57 0 36 -60 -37 -31 25 4 -10 50 -57 -17 10 -17 11 24 76 -59 -4 34 -60 75 33 -95 -60 96 -6 76 55 -85 19 -5 -97 -53 -30 53 94 -21 -88 2 68 -92 -82 -8 -68 0 83 41 -92 -65 -12 -27 -14 39 95 58 34 72 -76 90 -36 -37 -50 -79 96 45 73 -12 -32 20 72 -61 -80 31 6 49 67 -47 76 -82 -36 94 89 -96 -22 72 -31 57 91 -77 63 -89 -3 67 20 94 71 23 59 -24 -15 -82 0 -98 40 -32 -60 63 -68 65 82 3 36 -52 -51 -94 -26 31 -81 72 -99 -78 18 26 58 17 98 11 -91 -59 -16 78 -6 -42 66 10 -96 56 -5 -98 85 -43 -54 73 94 -49 -35 -44 78 -34 88 -28 25 -56 -62 19 97 -4 -66 -6 -65 -81 -82 -13 -42 26 54 -52 33 35 -71 61 -65 -23 52 -65 -44 23 12 60 44 60 -97 -82 8 -79 -80 -30 -89 51 18 -67 -12 6 -58 -46 -51 -67 94 25 60 -30 -24 71 -3 2 66 22 -53 13 -87 -80 -67 23 -4 -31 40 -14 69 -13 -61 -43 -8 76 19 -16 -48 62 -46 -48 -72 -18 -2 -77 -81 87 -29 -93 2 -67 -23 98 -99 -4 53 -40 83 -52 23 -68 -23 7 2 87 -28 -31 -39 -39 -11 23 -62 23 -90 -12 -94 83 83 94 -67 -38 83 92 64 -15 -42 51 -38 -93 27 -95 -93 -53 -26 -70 -98 74 -44 -14 53 -25 -28 -22 -88 -54 8 -26 87 39 8 -26 -62 -35 -52 91 -57 -25 -58 6 -75 28 99 -14 -50 -51 -59 -47 14 -50 85 -2 53 58 -99 95 0 -85 -65 35 -40 -92 -86 -29 89 -23 43 16 57 34 -8 78 -11 -49 53 -99 59 -81 35 -34 32 72 53 37 -38 -91 52 -91 -94 -78 -51 95 -81 -68 97 24 -65 -77 32 -89 30 56 -8 -85 -87 30 54 -80 -79 -34 -39 -41 27 -71 24 32 -40 17 50 -21 42 -46 -77 -26 74 20 69 35 -1 -12 -77 -12 -66 65 -93 59 -31 19 78 77 -1 -4 -32 80 -19 72 -19 75 -60 -61 -1 97 71 -72 4 -81 -87 -57 20 -64 -76 -46 -65 86 17 13 -89 81 74 -2 -16 -96 
-61 -22 -80 -24 -78 -18 49 -46 -92 -43 -53 18 35 89 25 74 -99 -67 -50 21 -7 -66 -31 73 -93 -20 59 -80 -7 -88 -93 90 -37 74 -43 55 -7 -66 -32 -51 -20 18 -44 -12 -48 80 28 -52 85 18 7 -54 70 33 69 -20 11 45 87 67 65 97 -72 93 72 -21 34 88 46 -1 23 -26 -78 -69 -34 87 21 4 66 -58 -42 -43 86 -70 66 23 -40 66 -82 -51 75 -81 -50 93 -58 62 -15 -85 50 10 49 -21 -90 37 76 -33 -70 -45 18 -38 -60 88 -10 35 27 -46 5 67 -21 89 -8 92 -84 95 76 94 -12 -89 -9 -35 -79 -19 15 4 6 -26 31 -8 79 -71 -31 47 64 -17 31 2 15 28 86 -70 76 -34 -88 74 -87 -17 -72 28 -13 46 99 11 -33 -5 -66 65 -98 -15 -45 4 -5 40 10 19 -4 -21 -22 70 -87 -7 92 31 11 44 1 88 51 -73 28 19 3 -91 95 -71 -72 -63 -91 -47 63 -34 -72 -7 -68 19 -78 -34 -93 -67 -28 -18 66 51 49 58 -39 -33 -36 -8 -71 -96 16 -16 -20 98 76 58 86 -7 90 -82 39 41 10 -51 -39 21 -67 -97 -85 -9 68 5 -36 99 -37 28 -22 -59 16 -96 87 52 -89 -94 -58 -88 53 -67 -60 -92 74 -62 -11 97 38 53 -37 -33 -82 43 81 -2 98 72 -92 -68 86 19 -5 -65 85 5 82 -59 39 -41 -75 -59 -50 84 61 55 -97 -76 -49 -81 34 21 -32 5 -73 -71 17 -37 11 -86 12 -27 -18 36 90 77 80 -60 15 98 -87 50 43 73 2 -28 -94 -91 -6 48 44 -18 58 -40 81 -85 -6 94 75 -82 64 -15 5 6 -5 83 89 -4 -47 17 -2 86 84 -50 91 -39 -44 50 -60 -99 83 76 0 -70 -45 -26 91 -97 63 76 24 65 94 9 -41 -20 -85 92 -37 81 37 -64 -41 -41 24 21 10 81 74 -94 43 -40 -51 -26 27 -35 -54 31 61 72 -74 2 43 29 -80 32 -40 -61 40 59 25 17 -22 63 -32 0 -90 24 85 12 62 -82 40 -21 81 -34 81 -12 99 93 71 -45 17 -70 -76 3 -65 -97 36 88 55 -93 5 -82 -69 25 43 -10 -32 48 15 -41 7 -70 -32 77 19 72 65 -6 -71 -79 -55 -85 18 -20 70 71 49 -9 -98 -1 86 86 44 60 34 -86 -51 7 -63 -87 -91 -47 -95 -86 -57 -59 -55 -86 -42 74 60 -1 -82 6 -9 3 35 -51 17 70 -55 1 
-29 -83 -36 17 4 -54 59 -46 0 31 26 -8 2 -95 -38 79 -47 -31 -46 -51 -34 80 39 -83 -23 -88 46 -19 39 -93 -33 -79 -70 -93 -4 -11 67 4 32 33 54 -52 -99 35 52 66 99 -30 -15 46 57 34 31 43 -29 97 -72 13 13 8 93 -8 -16 -50 -41 31 -81 -59 -33 33 0 -58 42 68 14 4 -73 91 -23 -83 96 18 88 -24 19 -35 -79 89 42 -54 -10 -35 7 87 -45 38 36 -74 56 -1 -46 -94 -89 -62 19 62 62 -83 5 4 26 -15 -14 -48 76 -85 -60 -86 -27 -63 31 74 -89 18 -83 12 53 -31 50 89 -52 -80 -70 -43 55 -88 85 -74 18 83 49 86 -38 -61 66 44 65 88 48 24 28 41 53 29 -77 93 -60 -18 63 -47 -64 17 73 87 38 -81 73 47 53 -80 0 48 66 21 -93 36 -71 -45 -89 -38 -21 94 -2 36 -91 35 -17 83 38 -58 -81 94 7 -67 -70 50 3 -14 17 24 -16 -32 7 -82 40 82 64 97 -57 5 -54 -33 78 -19 -61 -84 -85 -21 64 -27 -46 32 -39 -4 92 56 -43 51 61 -52 81 -47 -85 53 -17 -44 -63 -55 -12 -26 58 -20 54 24 75 -60 -12 36 98 78 -50 -89 -58 57 -53 25 63 -65 -56 96 -37 -76 76 -29 -72 -40 19 -71 -33 74 -95 -56 -61 -9 -73 89 6 87 92 52 66 10 -31 -60 -97 -50 -21 -28 -28 47 21 -46 -31 -38 -42 47 22 -4 82 -41 -14 70 -77 -18 -42 16 -62 79 -44 3 83 46 -61 51 -2 2 -19 -28 -28 -71 -18 68 68 87 54 39 26 -22 -93 67 90 70 -36 57 -37 28 3 91 -63 5 55 -72 -67 -4 -52 -61 -75 66 37 -86 51 -54 -95 66 -23 -76 38 64 60 -10 2 -55 -97 -87 -85 -41 -41 46 8 -13 -11 42 81 -98 -40 -24 39 5 -84 -2 40 -38 25 -93 -72 41 -83 -80 -80 -63 -12 -61 -90 -9 59 32 -33 92 -76 -33 17 -69 -96 -6 54 23 -36 -45 -67 -87 84 25 -58 -33 -88 -14 87 -13 -62 -40 76 89 -51 -92 -58 99 -86 5 -40 -95 -52 82 -77 17 -96 92 -23 -10 91 0 68 -15 23 -62 72 39 74 -8 -2 -40 -99 90 68 84 24 -56 59 93 95 -31 -88 -93 2 46 61 0 90 66 -37 26 97 71 59 -54 -64 86 70 -45 25 26 52 81 -52 -10 30 77 -88 -9 -2 -9 -81 -42 21 2 4 75 -50 -37 -22 8 
-95 -46 86 94 35 44 -93 -77 93 81 -48 20 24 -67 32 -36 11 85 55 20 11 74 -29 -31 65 94 82 -50 83 54 26 -28 8 56 -26 -44 -99 -10 33 -10 74 54 59 -66 62 25 -13 12 -93 -73 -90 -34 60 19 -11 -39 1 79 -87 -57 3 82 -26 -28 -9 14 20 -30 77 27 -44 61 57 34 -41 -42 -97 65 -9 -99 -8 77 -58 -73 88 32 -78 53 97 -82 -85 -40 97 -14 -27 -78 83 -99 34 82 29 -8 -70 72 -63 -21 -54 43 -82 -43 -99 -45 53 75 99 26 17 48 -5 -66 -64 -35 -78 67 64 98 -13 96 94 -79 -33 -66 -65 -82 -44 56 -84 -92 -73 39 65 65 55 -1 -12 -73 8 21 -53 0 -81 45 10 -95 46 29 -15 -49 -74 -69 15 10 52 -72 84 -99 46 -60 -22 37 -47 23 80 84 -65 -50 76 -39 -93 -36 91 12 -58 -68 -74 85 14 35 -18 68 45 26 11 -37 68 -37 13 31 27 -53 86 46 88 -34 77 -28 -96 -44 -25 39 45 65 -24 75 64 97 3 -84 -37 41 93 40 -52 -55 -37 -94 5 34 38 -68 -62 -70 -83 -58 -55 -62 15 -52 -66 59 -12 84 89 37 -94 41 98 77 73 -64 42 -37 68 49 46 77 65 91 -1 99 -14 -50 91 -29 -12 61 11 37 34 -39 15 67 63 -49 -87 83 -35 -42 -67 99 14 -54 14 79 36 76 -99 -89 -44 -93 65 77 -69 -33 -44 -18 69 -63 -76 -9 -79 88 77 14 64 83 5 39 83 -66 2 24 81 -56 53 -32 -28 -35 83 28 -81 -72 -33 51 58 56 69 34 39 30 -71 21 -31 4 68 30 31 -71 -67 -98 -30 78 -42 72 -23 -10 14 96 29 84 -20 -25 84 65 9 -66 -65 21 -77 33 23 -66 88 48 -8 45 11 75 -83 -74 11 29 -86 24 58 28 -16 5 -36 33 -59 71 -79 -74 -36 -44 -20 -4 -30 -3 -52 41 -8 32 -60 -46 46 10 -56 73 -79 -22 31 78 47 70 -22 -28 28 -25 -85 -25 19 87 -18 83 -88 -98 -56 77 21 44 -74 -45 -37 42 37 -87 96 26 48 42 20 -18 66 66 -48 -90 3 78 82 79 24 -55 88 26 52 -51 -4 63 -87 -24 59 -44 46 96 -68 11 77 -1 -39 84 -14 -38 -91 -33 -66 -26 -81 31 30 -48 33 29 -2 -1 21 -90 -98 51 -70 68 43 -14 98 -15 -82 86 -60 -90 38 -84 97 -28 98 -90 -13 21 -3 76 
20 54 -93 28 79 -71 84 -47 -69 21 -91 13 -60 4 -26 -35 -65 -85 20 39 9 -89 42 60 -53 68 -60 -8 38 -34 -36 13 -26 60 86 34 -3 80 14 52 -19 -27 -66 23 -35 -47 84 67 72 57 -80 -34 72 -87 90 59 59 21 9 -57 24 -52 -41 -82 10 58 40 -67 10 -86 61 -26 46 -23 -17 96 -76 61 -96 74 66 -12 -77 39 43 -57 65 37 99 69 19 -8 -46 -23 47 -45 -63 -11 -84 42 -14 -76 -20 87 -85 37 -58 80 -88 -61 -26 64 47 -56 -47 64 -53 27 60 11 -87 -84 92 68 79 62 44 49 75 -79 8 -19 -25 -70 69 -7 -48 -46 -93 -86 7 -76 -21 12 -6 25 75 -63 53 52 48 -36 -81 -73 35 -72 32 71 41 91 60 -82 -44 -71 4 -48 43 -14 -96 -76 -78 -98 -70 -52 20 -13 63 -6 37 -79 80 34 -51 -28 55 62 -72 -47 26 -64 78 65 -93 -27 12 94 -54 4 26 -72 -39 7 -25 43 49 -57 7 87 -9 9 63 -96 56 50 90 -58 34 15 66 93 -83 50 -62 -82 70 -56 -89 49 -16 28 89 -98 -39 -9 0 -98 -20 32 63 -90 93 22 -7 5 -74 -24 -46 8 17 2 91 58 9 4 84 24 58 13 -8 61 87 31 49 -39 53 60 -52 66 -87 72 -6 76 63 53 76 -91 6 -52 92 70 10 40 -8 53 50 -83 -72 -10 88 32 83 92 -4 80 0 50 34 61 -91 -41 -46 44 80 -25 -24 -88 42 -8 -66 31 -57 -11 -69 74 98 48 -94 37 -44 -83 22 41 -48 69 -97 39 53 11 -55 38 -10 95 -12 -69 83 -45 83 7 -34 -7 53 23 19 52 77 -89 -42 38 11 -59 -63 -65 36 81 -21 79 -90 -32 -73 -18 5 -40 -91 87 80 38 -22 -73 18 76 3 82 -43 -88 -85 47 -73 86 -73 51 -9 -64 49 4 18 55 -40 -92 -38 56 -45 62 -51 63 -70 -89 -61 72 -50 -35 -9 -14 55 -6 16 85 36 -79 1 65 -90 -57 -91 -8 -45 -87 -96 59 34 33 56 87 -49 -18 -45 -89 -72 35 -15 -67 -68 -94 -8 65 98 -47 47 -72 70 50 69 44 89 -1 9 72 57 11 5 54 -45 97 31 -90 4 32 -86 -7 -5 26 -44 49 67 -51 57 -27 -5 16 46 -51 -20 -23 -54 79 -73 -1 -15 -60 41 14 80 -71 20 -93 -92 -35 88 -66 -36 2 96 79 -38 -86 -84 -77 4 28 -51 70 
-11 57 74 67 -44 89 96 -46 -94 81 -63 -69 -63 -97 73 27 80 93 51 -29 20 19 15 20 -33 80 -22 83 90 15 42 97 30 -43 -53 54 7 58 86 36 85 -80 -80 -1 23 56 -94 56 -69 62 -43 55 -87 -74 76 35 38 -99 -29 -15 25 -87 -94 -24 35 -55 -71 30 51 96 62 -86 21 66 45 21 -97 -67 -80 84 -55 36 -54 62 -18 62 86 -59 31 -14 21 76 28 30 -84 11 -81 52 -95 53 19 -89 3 -50 52 1 -17 93 -14 6 -3 -31 -72 42 -28 97 82 37 -3 -84 40 80 72 -97 96 2 -74 -60 37 -31 99 74 19 4 -35 -60 -99 63 -56 -58 60 -56 -35 58 -74 33 -63 92 -19 -17 37 -33 76 -14 74 -29 10 -70 -64 -6 -70 -84 -46 75 76 -57 87 38 -3 55 88 56 27 78 -70 -66 99 95 84 77 22 96 -81 66 61 38 62 18 57 -23 94 -99 46 40 -82 -67 58 20 -82 96 87 42 -79 86 97 -65 79 70 -75 -88 74 -23 -2 36 -37 80 -37 99 12 -57 -25 99 -42 18 82 23 -74 21 78 -6 18 63 95 -49 93 46 66 -30 76 -27 -16 87 -23 12 12 58 39 -97 61 94 -85 7 13 -81 99 -2 -85 -63 -81 -58 31 85 30 -19 58 38 68 -21 -28 -96 -1 -91 -90 98 9 33 80 -54 93 -74 84 -54 -27 -31 -69 -80 -98 -77 63 -14 54 58 56 40 -58 -11 -9 23 56 23 95 -17 4 -92 -86 11 -68 -80 -67 -53 -47 -31 2 36 -62 79 69 -21 94 -98 28 -97 34 33 71 71 17 -11 90 -45 12 79 -30 -17 62 28 -15 22 -77 -86 9 -31 -77 83 33 77 35 23 15 -28 21 11 -44 -51 -26 21 -27 -13 69 -21 61 10 36 13 -29 78 -46 92 25 -7 -99 -49 -2 -14 55 79 42 47 39 -90 -66 37 -32 -49 37 -83 -2 75 -93 54 -76 -16 59 28 -90 48 -82 -29 -59 84 49 45 -1 -1 32 -37 14 -66 -63 -18 4 -51 -32 40 -97 -12 45 -76 -84 9 61 -58 -51 -72 16 -87 90 -93 -54 25 94 82 52 -37 97 -11 -43 -67 10 47 8 49 -71 41 -89 -90 72 83 -5 21 76 68 4 -26 61 -37 43 28 -15 74 35 -67 -98 63 6 60 -46 77 63 -15 -70 55 55 11 -44 -79 -71 38 68 -39 83 54 -20 -74 -49 -56 -10 -65 32 -65 77 -68 78 52 -4 -34 -2 -19 73 -81 
-43 10 -55 20 -6 27 -87 15 39 12 95 -94 -47 63 2 81 -40 -96 9 55 -81 -10 64 86 80 -65 19 23 25 29 -95 -69 17 25 32 31 -17 51 32 49 -97 81 38 32 89 19 66 2 6 -31 72 29 85 -53 -78 -87 -42 -5 96 98 64 -92 -89 92 -56 43 -78 10 94 -99 32 -24 -40 -41 -8 86 -38 20 -25 -86 -27 50 -53 -8 95 17 38 76 7 42 -37 83 -61 -20 -99 11 75 7 82 -28 -88 56 -26 43 -37 -48 -1 -91 -51 29 -58 -59 -8 -77 -57 -93 88 -51 80 -57 -94 16 98 -33 -81 -60 -40 -9 -66 54 69 96 67 -76 -70 -2 45 -35 48 33 8 2 61 33 -94 21 -15 34 -16 80 -3 37 -93 52 1 -33 51 8 -76 -33 -48 -13 44 -75 37 43 -78 12 -84 -34 71 27 12 -39 39 41 71 45 79 -69 -52 80 -53 -19 44 82 -24 61 96 -64 37 34 8 -65 51 27 8 15 47 23 66 -85 18 83 -57 -12 -5 40 90 89 -28 -19 60 80 35 25 -66 32 74 -73 -4 6 -41 51 -40 -43 -54 -64 -50 34 84 -69 33 -29 -89 -40 31 28 -8 71 11 -22 93 65 -23 75 44 -81 98 -42 95 68 -66 26 92 -94 -20 -92 -71 81 -56 93 91 -71 64 22 -78 -24 18 22 -91 -63 59 62 -50 27 3 54 -93 36 -22 -87 -82 86 75 3 -78 -86 82 -94 -51 -79 46 47 3 -24 -12 -50 -31 -54 92 -93 -34 -66 -92 94 64 -60 19 4 32 -17 -10 10 30 77 -35 71 8 -44 -3 -69 31 73 98 13 -29 -10 12 -98 47 -20 19 82 67 56 73 81 33 -29 20 38 -93 -72 63 26 2 33 -8 -40 -71 6 32 91 16 -10 -81 36 20 -12 53 -48 -99 87 -53 9 -73 60 57 99 -62 -15 -18 68 33 67 40 2 83 -23 -8 -69 68 -64 -59 93 -45 -51 -98 25 -7 15 -53 -29 -51 37 -68 12 72 65 -66 -47 67 73 -76 -64 58 -40 -56 -94 66 -43 47 -28 -38 45 -9 37 -89 58 92 -47 -57 12 35 90 26 92 -53 -54 -24 85 25 -29 -73 28 -89 7 40 -72 -92 99 91 -13 17 1 21 -70 92 20 92 -11 -87 -15 -65 -51 43 42 -21 83 73 57 56 98 -97 82 31 -66 55 49 -81 56 -23 14 -21 43 75 -1 6 14 5 0 -7 -94 -36 84 45 89 6 -50 -66 -68 -90 -7 78 -22 -89 79 -24 36 
-84 -46 44 59 44 69 -41 -69 -92 -57 -48 -45 -67 1 -90 71 92 10 35 -2 -60 0 -40 -9 96 -5 19 25 44 13 -31 -53 -39 14 47 78 50 85 77 -51 -21 3 -23 33 -76 -28 92 44 -75 49 4 -70 -29 -23 -58 -23 -78 99 2 -30 -58 -68 -35 38 -27 46 36 86 -23 -57 -10 29 66 16 75 94 9 -73 67 11 65 21 3 38 -58 -8 44 32 -15 4 27 -90 -43 -51 -5 -89 48 -66 2 -49 55 -80 33 62 60 -55 -9 16 61 74 -27 -12 -98 -64 92 -91 -62 21 -92 -1 0 72 -21 31 -48 37 -94 -5 60 20 76 35 27 19 88 -96 94 -49 8 -98 -64 -46 -39 21 -72 -63 13 -52 24 -98 -80 78 -74 61 -52 -45 -94 -34 -47 19 -5 -88 73 66 80 -21 49 -95 -47 -13 30 17 64 98 -5 -82 -45 -39 -81 66 -89 -68 -51 36 -34 -8 -92 61 -94 -32 76 72 19 -55 20 -1 -84 -71 -42 -23 -71 72 34 -75 -6 39 52 -85 -95 -56 -92 0 24 8 7 -66 36 12 -88 93 20 -63 90 -61 -55 50 20 83 14 -69 -2 -3 27 22 12 84 -19 34 54 -54 12 12 24 -84 -36 -43 54 -72 -32 -65 24 26 97 98 90 99 95 89 -73 -65 -99 -28 35 69 -98 44 -31 -84 -69 73 -62 39 23 94 60 6 -19 63 -6 3 35 -33 -13 -5 32 69 50 64 -91 52 1 -71 -54 -27 81 -72 51 79 -13 3 59 73 48 -14 -67 43 18 29 -31 -55 -57 -23 93 -21 25 96 -38 67 92 -27 -67 57 -13 4 36 -87 92 3 -49 -6 -38 92 29 14 78 -60 -22 -91 -87 -27 -65 13 99 26 41 -30 40 58 72 -96 14 -73 29 -46 39 61 -33 -29 -28 20 -8 52 -64 24 14 71 -64 16 -89 5 -27 -81 -2 -55 70 24 92 2 13 -30 61 50 28 56 38 -82 -73 98 46 -15 -34 66 11 48 97 70 -99 -49 -62 30 -5 40 39 -22 -75 75 -54 7 40 67 3 -48 -61 -21 92 54 49 58 27 7 31 57 70 -7 -46 36 45 -1 -42 19 15 -46 -60 -81 98 91 59 6 90 -93 52 83 19 82 93 -46 -89 44 -8 -58 3 -24 53 -48 -41 -52 -51 2 -76 -63 -38 -92 -88 -76 -99 -59 82 29 57 -2 85 17 81 -98 -56 8 95 -96 -1 -21 -87 67 57 -43 -38 -37 50 -96 -97 -74 -39 43 -61 41 48 -92 12 -64 -63 -10 
23 -90 55 -71 57 -33 76 68 -42 18 84 -96 -97 63 8 -3 47 -86 -24 -66 35 50 58 -27 25 -92 -72 -32 -78 -4 83 69 38 -71 73 61 86 -14 -72 -36 -60 -50 43 95 97 18 18 -28 48 88 -19 -60 75 15 -64 9 -61 -73 63 61 -77 10 93 57 -36 -29 87 -3 -9 -4 19 -40 16 16 29 -71 13 -47 65 -79 -50 -98 54 48 70 -79 -81 -3 41 43 -84 -26 20 60 16 -91 -94 16 -4 12 39 96 87 17 -62 -73 74 69 12 81 3 -23 -85 -35 66 22 40 -2 16 13 5 0 -44 -74 -3 -40 45 -63 86 -28 40 14 74 -83 -53 59 34 56 24 82 -31 -52 -32 38 -50 82 -35 -20 56 8 51 -38 -46 2 -63 -41 86 -15 55 88 34 -57 -58 -59 57 12 -43 -28 17 40 68 -38 68 90 -95 -35 -86 56 -22 72 98 37 56 41 -81 51 -45 -52 -36 7 66 -64 63 28 -99 87 57 5 25 67 42 -22 80 63 -56 -18 -28 -89 -94 19 -56 14 61 -94 75 15 -20 -57 -78 -2 17 -42 43 -49 -71 58 63 51 -6 -89 68 92 -22 -36 73 37 8 -49 -55 -73 70 30 50 14 -48 -40 -31 -58 60 70 -42 41 81 36 98 31 -99 -77 55 54 27 -59 87 85 -60 -45 -56 -34 -16 59 4 95 69 12 -36 -91 88 9 6 -24 -1 88 -3 -26 -96 31 21 -94 95 44 48 -51 33 36 89 -18 -49 38 -68 25 -90 -36 16 -76 74 84 90 33 -97 60 4 -33 -54 -18 -10 -13 77 66 16 65 6 -30 92 85 -67 -66 33 79 88 28 93 21 -67 -82 55 85 -99 -40 -8 -50 72 -86 60 -5 94 -3 27 33 -27 58 30 -37 -27 -18 51 40 93 34 19 -94 67 -63 25 56 -84 34 11 13 -53 17 -97 52 -14 32 80 -98 87 -90 16 30 11 -82 26 -54 50 -47 -67 20 -5 -3 96 84 54 -29 8 -7 32 24 -84 -93 -12 94 2 93 80 78 -12 23 77 -42 -59 -11 53 23 -21 -70 68 86 -42 -6 95 80 -8 -1 -9 66 -68 -8 36 -5 -47 -10 -88 27 20 -7 -30 -27 46 -73 0 -90 -68 18 10 77 71 -82 -27 -82 -37 -37 31 73 43 0 67 90 -99 -24 -7 49 45 51 52 -86 96 95 -84 33 4 76 -35 -72 -2 -12 -30 -85 -93 -50 -47 -25 -9 18 21 88 4 -3 52 -98 30 31 -52 84 -67 -24 -76 -86 -16 -23 
23 -92 85 30 64 39 97 -69 2 30 -39 -44 -20 -84 -30 85 -6 -92 39 -71 -41 26 -84 69 -74 -4 -99 12 -48 -82 -86 -24 46 38 -73 41 -31 65 -3 -25 18 -82 57 31 -65 61 -96 -17 57 35 -74 31 -17 -17 32 -31 -71 -61 44 34 -59 9 63 59 -84 -2 -87 -6 -5 22 10 80 -21 -70 33 34 12 61 74 -41 34 -89 52 -96 94 -46 -67 35 73 0 -59 15 8 70 22 -43 74 21 -95 1 -27 -74 -68 99 89 84 71 51 -15 94 -85 92 57 97 -46 38 -86 50 -82 3 -78 -72 -89 -45 49 44 -72 -39 79 72 -87 3 41 -83 -34 48 -65 61 32 64 7 69 64 23 -29 27 46 -41 -30 -21 98 -31 -53 -2 -44 -48 -57 -61 61 -73 -65 -88 22 38 -77 -66 -1 -27 78 -63 57 -49 -57 90 46 86 69 -11 89 -49 42 43 -68 -5 69 19 89 65 8 19 50 70 19 -41 -66 40 -18 -22 -7 80 -70 -20 -35 -46 -95 56 -7 48 -44 69 -10 -71 18 -58 89 36 -78 59 71 -84 13 85 -66 -27 28 -32 28 -94 33 -87 59 75 -55 -75 -11 74 -84 63 -14 -97 81 85 66 37 33 -97 -79 76 -84 51 73 23 -28 65 99 -23 35 -48 94 24 65 63 -80 24 24 -97 -27 12 -89 70 48 6 -58 48 -84 -18 1 -51 53 -68 43 54 -54 -1 9 -54 -55 52 92 53 -61 19 51 -46 -24 87 48 -95 -91 29 74 30 86 79 -55 32 17 -36 83 35 61 -90 -61 -74 -47 -46 -36 47 13 1 30 78 42 -60 -60 -35 -24 58 -55 50 -2 15 -34 -40 17 3 -55 40 -76 17 85 -24 0 -48 86 -16 -30 27 -15 16 -71 -81 60 -37 36 -3 -7 12 -55 -44 -49 -74 56 90 -8 71 -30 -46 43 6 7 -67 58 -84 1 -40 14 79 86 -81 5 -35 -5 -2 -28 34 94 -31 52 -61 -77 -37 18 42 -19 -61 -59 -26 19 74 -14 -75 -87 69 -33 -72 10 62 -38 53 69 -41 64 -69 59 -7 1 88 -61 -75 71 -20 27 -40 11 42 -57 -63 -24 70 54 -67 96 -79 -30 76 88 17 -15 -46 -48 80 99 41 -13 15 -83 22 96 -20 -98 31 50 -26 -76 -14 -94 97 -70 92 42 94 -90 -72 15 -21 49 -94 77 47 96 23 -19 64 -98 86 -29 -15 -27 -34 -16 27 62 17 -99 80 -46 -87 -10 -92 -60 -91 -2 -26 -37 -46 24 84 39 -2 
-29 13 -73 90 28 -33 81 -18 -3 66 -20 -3 -29 10 -87 -90 -18 -5 73 -94 -68 36 -14 51 76 36 -58 -65 -81 14 -98 93 -18 -27 -63 -66 52 18 -76 -95 92 14 -28 -77 9 39 89 93 95 -62 -15 -38 -87 41 24 82 30 66 -18 88 -57 10 -53 -38 37 -88 68 32 -11 -92 -8 65 59 -85 57 -24 97 19 -90 54 27 -73 -65 -96 -41 -56 -42 -8 -83 -18 -30 64 -84 41 99 68 44 11 -57 90 -46 -79 61 -30 -49 -18 -38 20 -53 -15 -30 -30 -62 -26 50 -81 75 95 -31 -67 45 96 -1 -59 -29 -58 27 -95 19 -16 -8 -91 42 71 -11 -47 63 92 -47 -53 46 -32 -55 -83 -97 24 -63 25 46 -91 53 -45 -32 48 -86 -42 89 6 -54 -70 -39 4 -71 54 -71 -94 40 -91 -62 -12 46 12 -69 61 -12 -68 -92 14 78 -67 -97 57 84 -63 -50 10 -32 -82 -38 58 -53 26 -21 -93 75 -81 -67 29 30 -99 30 0 2 99 -17 -48 -68 15 -13 -54 -27 50 -13 13 14 -15 -97 14 -39 52 -7 50 71 44 -36 -9 38 -9 -46 -22 -82 81 -92 62 -71 -78 97 59 25 -5 85 81 -67 81 22 45 -57 -30 -17 25 -25 22 33 -65 -29 -5 -83 -48 -35 56 2 16 7 -96 50 -98 76 20 78 65 56 -67 -71 -51 76 92 42 14 -85 56 -6 -2 99 -15 -89 55 44 -84 18 -53 84 62 -61 -61 -49 46 -16 -27 -21 35 47 -23 -35 -21 -47 67 72 45 -73 -87 -79 -92 -82 -44 -92 -73 -30 85 33 -57 28 -72 -95 -15 -4 -65 11 19 -54 -71 47 99 -32 -64 -34 -13 -24 22 71 65 4 -5 -36 13 48 -20 49 -71 -71 97 29 41 86 -23 79 -35 -73 -9 -2 95 88 16 -96 42 -17 74 -43 34 -9 -6 97 -94 45 -21 -74 -40 59 -49 -13 36 23 -45 0 -61 45 -93 74 36 57 -44 67 41 -59 14 -83 57 -49 -76 45 -38 -25 -42 -10 16 -66 -23 -97 96 -62 -58 64 -11 65 -80 -72 -76 67 -77 -98 -3 -38 -60 52 -79 77 93 4 -34 -27 11 84 -24 15 19 -66 8 1 31 66 1 48 92 34 89 -87 51 -62 -17 -35 -37 -80 72 -71 48 66 -39 -11 22 -42 83 -68 -8 -57 -24 42 -54 -7 -10 24 -88 4 15 2 67 -2 3 71 69 38 -68 -7 90 31 -14 88 51 -97 17 -58 33 -81 24 86 -16 31 24 -96 -34 -23 99 
24 -13 -18 -25 56 63 2 90 90 88 -20 11 52 -30 86 -43 -46 -85 -32 -94 -19 86 -28 -36 -56 -99 -90 12 24 -91 43 -98 3 19 -55 -54 -86 -62 -94 75 33 -44 61 29 92 55 13 31 82 64 -56 -60 -66 -62 -50 -25 57 -14 -53 -72 -60 -7 24 -75 74 34 49 22 -77 12 -22 44 8 43 59 -45 39 67 19 -47 -56 -75 60 -1 6 5 31 22 89 11 60 55 -32 -29 35 -71 -3 53 66 -70 77 68 39 -87 35 -10 29 -13 -69 -77 -8 94 54 -85 96 -15 -20 -96 4 -95 20 12 46 -28 3 56 -63 33 -24 92 -24 -45 20 -47 -16 90 49 27 -91 -49 -13 64 97 -10 -91 -85 -28 -98 -46 -24 72 -87 71 84 -87 -45 -11 -77 0 -13 -2 -35 -91 -55 -98 -93 -79 85 30 -16 -24 37 72 -66 -85 -61 47 -63 21 44 1 29 50 36 -87 57 14 -25 43 -22 -23 36 25 13 70 -87 -78 -32 -29 -34 -65 -48 -6 64 96 -33 -33 -67 -76 -79 -75 5 -21 66 98 -42 -9 16 -83 -36 -66 -45 31 55 2 42 14 98 57 -96 70 -36 -98 -50 67 14 -51 -5 -73 -5 38 -64 42 -59 -79 82 59 -9 67 -84 65 19 -61 -82 -60 81 -85 -82 40 39 -67 74 29 9 -19 -72 49 30 30 -19 -59 -90 0 -87 -54 36 -27 6 49 -56 82 33 -78 -2 50 -75 91 -19 66 -30 -8 33 84 39 9 -10 -64 -36 -63 86 -11 -52 39 25 -63 -20 18 37 -6 26 1 -76 21 48 18 56 -94 97 88 -18 -62 -76 59 10 -40 19 -88 25 -92 65 73 50 52 -18 -71 51 -51 -7 -75 -79 89 -72 59 61 -19 30 42 42 54 21 11 9 53 -98 -19 -7 -12 97 55 -68 -48 37 17 86 92 98 -68 60 -79 5 73 90 -56 92 -85 -11 41 -17 22 -30 90 9 -48 84 -79 18 -95 -32 -24 18 -95 86 -99 11 -66 -76 28 -91 45 87 -87 -69 20 49 85 -35 68 30 -76 -31 -2 14 57 -31 83 -12 -44 -77 -75 -49 -91 -8 -67 -37 -99 -17 7 -16 -43 87 82 63 32 -52 -2 -73 26 -85 -31 75 -3 -86 91 -22 -24 -58 -9 68 -42 55 15 -79 85 87 -37 -3 -57 -58 -36 -14 88 -97 68 15 34 -36 -77 16 51 -86 77 40 76 -58 -30 29 43 25 5 97 -32 -79 -37 -48 -82 -95 94 -79 0 -57 75 77 12 -45 39 64 -17 79 52 -93 
96 58 67 -62 -43 -96 45 -36 40 52 69 -53 -58 19 34 80 63 -26 -26 28 -45 35 94 -30 97 -96 44 97 -74 60 58 80 74 -91 92 78 -57 46 8 -59 -74 -87 5 49 82 47 -95 37 -43 -47 -74 -23 69 63 -80 -64 -42 74 12 27 16 -66 92 -80 12 21 -18 -2 -11 -54 31 80 -33 31 49 67 -33 97 67 -80 80 -38 90 52 53 69 61 77 52 -80 17 -69 -72 -10 -81 -99 -20 80 50 -67 25 -91 -37 -2 17 90 -86 -42 92 56 -41 -83 -38 -16 16 -96 -72 -45 -25 59 -44 87 13 -86 -92 -19 45 60 -38 -32 17 -55 95 -32 -66 75 -97 -96 -74 -91 60 8 26 48 -90 64 -66 74 91 88 -71 42 18 23 34 -88 -14 -11 -73 2 54 94 87 -73 23 90 -49 -14 -99 13 90 3 -75 -34 -2 -34 75 -86 -48 5 -7 30 5 -51 -28 -33 -76 22 -97 91 -34 -45 67 -68 -58 -67 11 99 35 34 62 91 -40 -48 48 -60 82 10 58 99 -8 -35 -13 71 97 -2 -74 88 6 37 -23 -39 42 -88 -11 83 75 46 -26 -48 86 -45 22 6 98 -35 -93 -69 -35 26 34 -77 54 -80 16 31 -88 38 36 -47 87 -19 -24 66 -18 -39 -80 78 -6 -18 71 0 18 -24 -8 19 -50 10 -43 75 79 80 30 79 -49 -2 -73 -72 34 12 -28 -11 -86 -96 -89 7 23 21 -61 -22 83 -51 -22 -77 -45 -44 97 -75 -98 22 -34 -97 -64 74 47 -5 -91 20 83 -95 -5 -39 48 19 -17 87 -28 -90 82 -28 -27 -94 -55 -17 -55 -2 -99 49 -25 -23 22 -37 80 70 -9 68 67 88 -35 -91 27 -30 71 -46 -44 64 -66 41 -70 -34 92 56 -6 -88 -15 87 70 29 -61 -93 -92 27 -7 23 94 -32 -18 19 50 45 37 -56 -53 -71 -47 86 36 7 89 38 1 -41 -72 79 84 -87 95 -43 33 -46 -35 5 23 -77 -25 90 46 44 58 48 -60 -57 -11 -96 7 -23 9 -45 74 -76 -86 -87 -87 5 76 10 -91 17 -19 -82 88 -99 87 56 98 -95 70 80 86 12 47 -29 -81 -12 93 -4 23 -88 20 47 33 88 -47 -4 -94 14 41 -90 -90 -69 20 -10 71 -4 -40 -4 86 -54 -66 -61 13 48 56 97 87 -12 42 54 -80 -10 46 -49 57 -94 31 -18 1 -39 66 7 41 -43 -57 93 -68 96 50 -75 -80 12 -38 -26 -65 -10 -61 -30 -75 7 -1 -52 
-66 -66 28 -55 -63 39 -14 58 64 80 -52 23 -28 -7 21 40 -71 53 -30 -95 -89 3 96 56 9 -63 27 91 84 -25 77 33 82 -10 -16 74 -95 -49 -67 45 74 70 -45 41 -53 65 8 -61 36 -87 10 94 -48 -58 95 -49 34 -14 65 60 72 16 -61 -96 94 -61 -55 13 -24 -35 -66 -78 -14 26 -28 43 59 -3 69 -73 5 -81 77 -52 -88 -15 58 53 -73 -38 12 38 36 -15 52 44 13 86 87 62 12 67 62 -34 6 -30 31 -29 -20 73 -19 -26 -97 -90 19 16 -92 83 -99 56 44 86 -98 83 -96 -69 35 36 58 5 -65 -47 -82 -28 -59 15 -18 -78 39 -3 29 42 -66 6 38 54 32 11 -31 -83 15 79 60 43 -82 82 -19 -33 -82 91 97 -8 24 46 -21 -73 -65 73 -58 -38 -13 -78 99 -86 -69 -80 35 -83 -75 8 37 -39 -59 71 91 45 55 -50 -45 0 -58 -16 -90 -57 -33 -69 -8 -30 88 37 27 -97 -59 43 3 27 -79 -33 94 -12 -17 45 -35 20 29 -54 -97 -99 53 98 -41 -64 95 -18 -12 82 -74 27 68 -62 -7 32 -42 81 47 -47 59 -81 63 -35 -67 -41 43 54 -80 30 -23 42 -30 14 67 34 36 73 -88 51 68 31 72 49 -38 63 -79 16 -33 37 -66 74 -96 -82 65 -38 -89 -19 15 0 -87 -13 -39 0 14 -13 -6 95 76 41 -61 -14 69 71 59 7 11 -92 18 38 -68 -33 -29 -9 82 19 -85 -34 33 66 25 5 3 -51 37 83 -61 13 79 -21 16 -2 0 10 19 14 -48 -59 -6 94 -84 -18 -23 64 77 50 -12 78 -59 81 -46 27 -56 -40 -39 -94 8 55 89 -46 -19 -51 38 -35 -65 -90 60 1 25 -14 -61 -90 -13 -45 -61 -80 -18 94 -9 14 22 -24 37 0 -79 -22 3 -91 86 -27 -74 -5 -33 -39 -96 -43 -73 32 -87 -97 37 -26 -82 -98 20 31 -32 -81 95 62 -22 -58 -18 12 -40 54 51 8 56 -64 32 58 20 55 -12 -64 84 -12 -94 22 -55 50 89 -35 -18 83 79 -88 57 -23 -94 -11 76 -29 -77 50 46 54 -21 24 31 97 -49 -41 -75 -86 70 87 36 -1 -54 87 35 -25 30 -84 31 60 45 -6 -17 70 -19 -63 62 6 92 -23 -3 -9 89 -36 81 99 94 88 -99 77 -10 63 55 -7 69 -69 43 -2 -80 -55 6 -96 8 -94 96 -93 99 66 92 84 87 -89 95 -11 -83 -72 
4 -26 -6 21 -73 53 -1 2 86 -94 -89 16 -61 -25 29 -67 97 10 -61 -32 65 -11 -77 99 32 37 -21 64 -65 98 72 44 -85 -46 -74 26 -42 73 96 -57 54 -3 -18 -27 72 87 -21 -74 8 43 19 0 1 -53 -11 -79 62 -43 -14 13 87 34 -18 -61 -30 62 -22 71 -5 -98 -40 81 -5 -74 76 -10 41 47 0 61 83 58 -22 -18 59 9 47 43 -58 0 75 -38 -26 -95 18 -67 39 -11 -79 -48 85 95 81 -85 -77 79 -70 86 -48 -36 70 42 -15 42 89 58 -21 -68 -3 10 75 -81 90 -56 -10 16 94 42 -26 84 65 91 -78 11 -38 99 -99 41 95 -87 -39 4 -22 66 84 -22 -92 -67 -57 68 80 60 -19 -73 22 24 -18 69 -58 -19 2 -37 74 -56 42 64 -81 56 -99 -76 -65 11 67 4 58 95 -65 -90 -1 -57 -24 33 84 60 88 35 -62 92 -94 -36 34 -44 -1 99 18 -6 33 68 -54 33 -57 34 89 23 -83 56 -73 50 0 10 9 51 -44 36 77 -25 72 -17 -79 -60 96 -10 -73 4 18 32 -84 83 -10 31 -17 -91 25 78 -51 83 2 -13 76 19 -77 -16 60 -15 1 -48 73 63 57 39 63 -86 -64 37 52 -5 -41 95 -3 91 -10 -42 -80 -75 -73 -46 -88 26 60 81 -52 -85 59 61 26 33 78 49 98 81 7 67 9 63 -82 58 -76 89 33 -46 -25 51 88 -17 51 16 -63 -42 -7 -90 9 23 -74 80 78 -61 -80 -86 -68 -74 -9 13 70 61 -59 63 -18 -68 -68 -54 -33 64 -32 97 -80 34 -42 16 58 -84 17 26 77 24 73 90 94 -94 -95 41 -48 -24 67 5 38 -55 57 84 -85 3 -52 -81 63 -49 -88 -8 30 39 -37 -14 8 -21 -45 27 7 -42 4 81 -66 -83 -46 59 43 56 -6 -32 -50 35 -95 -5 79 8 -77 -75 73 63 22 -7 81 51 -64 83 78 33 58 -71 -81 28 71 -51 69 -16 56 -93 21 19 43 -28 23 -85 -95 -43 22 -48 83 -23 -77 48 58 -79 -23 52 26 28 -55 89 -12 -91 -20 -99 -88 20 20 -78 10 84 14 -20 -94 -14 54 25 26 -36 -69 95 7 -16 55 -51 -8 -42 2 25 61 -97 59 90 89 39 3 38 -94 54 -51 69 27 -75 -70 -83 16 73 18 8 -80 -30 -25 -34 13 82 -41 -64 8 -84 -45 -56 16 -48 -13 -94 -19 -42 48 31 -18 -32 0 -37 66 53 
-79 67 -46 61 69 -36 -23 25 36 86 -31 -28 31 44 -29 37 10 -88 76 -17 -61 2 31 -5 -50 -66 -55 -91 -36 2 97 -7 53 69 -88 70 11 58 73 76 -91 -26 -47 -15 -15 -30 89 -75 -10 30 -25 32 -94 41 86 -86 -6 60 -52 -78 73 -87 36 29 40 21 94 -81 87 50 27 -33 32 76 -76 -58 -21 7 -78 -55 95 62 56 99 -10 82 -61 35 44 -9 21 79 11 88 77 8 36 81 53 -79 -73 -37 3 34 26 -96 -14 34 17 -90 -33 -39 42 -33 76 80 -57 46 -75 -86 -61 -35 76 -48 36 -86 96 -59 -19 9 -47 18 -2 81 -20 -22 21 93 -11 -57 -51 93 6 -4 55 -36 -60 96 21 -18 64 64 -97 88 35 -65 -77 37 -86 66 56 -44 34 -83 86 21 13 62 -72 15 62 -17 2 -25 34 -29 -59 71 -38 -31 1 -63 -82 97 0 -8 99 -76 87 -29 -38 52 88 2 -46 83 87 -75 39 -87 -97 99 14 27 -14 29 55 -98 -52 -98 70 -53 35 -50 62 -13 -54 36 19 41 -71 21 85 64 -46 27 45 17 79 64 7 -16 82 -29 -69 -86 87 -7 21 34 -24 -3 -61 42 55 -74 -49 69 96 -84 -48 -93 89 91 -57 28 -28 -96 55 -24 -85 -23 -57 93 -19 -80 48 44 -60 69 95 -91 -98 30 55 28 -93 32 -14 -91 -9 48 71 33 -6 80 71 99 -24 -99 -56 -17 29 -7 88 87 -41 -35 76 -87 -46 -80 -77 -36 -88 -68 -16 -24 12 31 -87 -32 13 -83 31 99 42 -51 85 -70 -24 16 -51 87 34 -28 28 -26 89 51 74 44 56 71 -43 -68 -25 34 -96 -82 -26 -54 -42 68 -10 66 28 -55 83 -78 82 0 -36 -23 -11 -29 57 37 94 59 92 58 47 61 -50 -21 -65 -92 -95 60 4 45 42 -67 -42 63 67 -28 -61 37 -57 84 -98 87 -91 -92 -74 76 69 40 32 10 -69 -12 77 -52 -82 -40 2 -51 28 0 89 54 -89 -60 96 35 29 36 53 -56 93 53 65 -3 28 -73 37 75 -46 96 64 57 -49 -88 -7 -86 89 60 -14 -55 49 36 -92 -72 -14 -86 38 95 45 -74 73 55 -13 -94 -29 31 -84 -51 11 -64 -91 -85 -40 -76 74 91 -95 68 -94 -9 -8 75 55 -52 20 -50 -78 -71 57 50 -73 36 47 -69 55 47 98 53 -53 20 -51 55 42 69 99 -33 3 53 -2 17 -79 -78 5 -45 -93 -89 -65 30 
16 -11 -91 -65 -68 -43 -98 19 41 18 -61 25 6 -89 95 -74 -91 -5 12 -97 20 54 7 -7 66 88 23 -44 49 30 38 -88 -53 -38 -40 83 33 75 -89 5 -66 -54 62 -66 -39 -9 -86 68 43 -11 38 11 51 12 10 57 56 -14 -77 18 -96 72 62 96 -28 -91 -76 55 46 -91 24 64 -97 95 51 65 -10 93 -61 -97 91 11 62 -65 4 -26 -32 37 -19 42 57 39 -62 66 85 -83 -7 -45 -75 -93 -32 -99 -58 69 -39 -77 -33 -67 49 -22 56 8 80 85 50 -55 -37 48 -85 52 45 -55 -1 81 66 -28 -3 67 92 86 -31 -8 -27 26 -26 -10 -32 13 85 -52 77 -65 29 -72 -52 96 47 -58 -6 9 -30 53 -35 43 -75 37 -85 10 -32 73 -69 88 6 25 -50 -77 -92 24 97 -51 -41 81 -77 -84 35 33 10 58 -25 56 -59 89 -6 18 -31 20 96 91 -46 63 47 -45 83 71 0 84 30 21 -51 -2 -97 -90 88 69 79 70 -72 -7 98 -18 36 -87 27 -11 -71 90 65 -50 -80 63 -95 79 29 92 -32 -55 -75 77 -70 84 42 36 -88 -65 -15 76 -44 9 -24 -30 21 6 -86 -33 -14 65 -70 -92 -92 37 11 61 62 -66 54 -34 -16 -54 -96 -61 71 -62 -50 -44 37 -73 -94 -38 5 4 -8 91 -99 66 -32 -97 2 -59 96 -65 62 17 3 30 -97 29 9 81 43 -25 2 35 60 66 44 -60 33 -82 -11 -52 -73 -74 -65 44 36 -38 -28 32 35 -32 73 3 -58 -48 6 5 -50 33 59 -90 35 -8 99 92 -54 86 -22 -68 36 -63 -17 19 -1 -29 -21 -53 43 83 -87 -34 -43 92 53 -31 4 36 -59 -81 36 -56 -83 82 96 25 23 68 -41 77 14 -96 -41 74 -83 -9 -54 2 -93 80 45 23 53 7 21 -7 40 -78 20 -77 8 67 43 18 -95 -71 8 91 -57 17 -92 -87 30 57 96 15 97 39 69 -59 -86 87 -51 -36 73 -44 -73 72 -82 -89 5 63 91 42 -35 -23 93 -60 65 11 43 18 46 -4 -83 92 -79 -24 47 37 -78 -26 -55 -94 37 22 -6 -88 14 1 47 -51 89 -95 82 -4 -95 5 97 33 76 -7 -79 -83 -59 -7 -91 69 16 34 96 -48 29 -50 88 -29 -26 -27 54 -2 -56 42 -62 -56 47 90 20 -86 -52 15 13 26 -42 -18 -17 -79 -61 -33 -79 76 -51 -69 59 -18 -33 45 -23 13 1 -75 33 -31 
82 -79 44 34 31 -10 22 71 92 -19 -53 -36 77 -20 -80 -69 30 41 79 -99 -72 68 25 -46 -47 -98 -73 57 74 -89 -7 -56 -87 94 98 -13 -90 -27 20 -87 -86 -57 18 54 45 -14 96 80 -78 2 57 22 8 -22 -34 -10 56 85 -72 26 60 29 73 -65 -39 80 46 -3 -6 -65 23 39 -99 66 -41 -67 -14 64 93 -3 29 32 -59 19 93 -76 -3 -91 52 30 -13 -62 6 -26 27 -17 1 -8 -85 23 -25 -97 -78 85 -13 -18 -84 -69 -65 6 36 -62 14 -22 27 -37 63 26 -21 23 34 97 -12 -27 69 -33 -47 -39 -16 73 -61 53 -76 30 15 47 88 -86 43 12 40 -2 -70 -78 54 -54 93 24 -22 74 54 12 -63 -24 28 6 -76 29 93 -96 -23 95 37 37 -43 2 19 -52 -37 83 -86 99 -36 -43 57 62 35 40 63 67 78 -18 -89 45 76 -50 -50 77 -47 -94 40 -61 -45 95 4 87 -97 32 -73 -25 -49 -25 -25 79 13 -71 49 -93 91 26 4 -15 47 -5 46 -6 81 37 -59 -13 -14 74 -71 -39 -57 -33 47 79 -97 61 76 10 -97 -64 -45 69 -59 88 80 -39 3 -1 64 35 -50 85 40 87 27 -20 -64 -34 32 -59 -92 89 75 -61 56 -83 10 30 87 34 -19 -28 -5 11 12 72 6 93 -73 -16 -61 -98 96 91 -51 -14 -33 -14 -50 -59 -53 41 71 -58 67 -34 63 0 -6 -61 -78 -13 -70 88 -86 81 69 47 92 70 68 -66 -1 -99 -90 -23 -21 45 -2 56 73 -1 30 -26 -8 -34 12 67 -18 -41 -70 51 -42 -27 -62 21 10 15 6 -90 20 85 -56 -69 -36 -90 58 37 77 49 -66 -76 80 58 29 -69 -75 37 -15 55 68 -82 77 91 50 -74 40 -36 -3 -87 91 -50 80 -37 50 -79 -35 99 -10 -37 -60 14 30 -84 19 66 3 -98 -68 -74 -31 74 61 97 7 -17 68 -61 -17 -89 -3 35 38 56 -88 87 -5 -22 79 6 -4 -25 7 -18 -73 -45 -44 -66 -77 6 -41 33 -69 61 -23 -51 -65 -91 25 4 93 47 14 -61 10 45 -35 10 -32 38 -70 -70 20 19 -65 92 -31 28 99 -70 -60 24 29 55 80 87 -21 -49 -10 -83 80 76 76 -40 -4 11 -53 62 -30 39 -67 -96 18 62 -24 41 -80 46 87 -84 69 24 -16 -67 -22 -15 6 80 -26 -54 80 -85 7 70 16 92 -27 -64 33 -19 -66 49 39 32 -7 -39 
31 -83 42 -91 -10 -71 -97 -52 96 39 -79 43 14 -31 -49 69 -40 8 -77 0 43 21 -17 22 36 74 -54 77 -57 83 46 -56 -6 -20 -7 -93 29 -93 -21 -75 33 -22 53 81 -85 5 -25 89 95 99 92 -29 1 -82 14 78 -99 8 40 -79 82 44 -14 27 -12 97 -57 94 70 87 23 11 -4 46 -20 45 -94 44 60 70 65 17 -7 -77 -21 -53 64 74 81 43 62 -59 75 98 97 -14 48 -4 73 -41 92 33 -26 -41 -36 70 -13 44 24 65 31 -32 93 53 -89 -47 -89 74 79 -56 16 -27 72 60 -83 88 -55 27 -13 1 -86 79 -13 40 50 -52 28 9 41 16 -42 44 -10 38 52 31 17 -76 -89 -75 82 45 53 -17 6 34 -84 -9 -29 -79 68 -35 5 66 -43 -3 81 53 -5 -54 51 61 36 20 -77 -37 -10 -32 24 -5 -63 52 -23 -27 54 -9 -50 -90 93 -91 33 64 -71 -64 34 25 50 57 -90 -18 -85 95 10 -89 38 29 -43 56 3 9 59 84 62 7 -55 -55 -75 42 64 30 49 -60 66 84 -13 91 -32 -41 29 35 -8 0 84 -65 -82 -79 -15 33 -98 59 32 32 -5 78 6 68 -18 76 19 -88 -73 37 30 -85 86 38 41 7 51 97 -97 -58 -73 -60 -88 -64 -10 82 81 -74 -22 9 -3 -92 -19 18 -69 45 94 -20 3 -96 -9 65 -71 56 -15 10 69 -82 7 -99 -10 -84 -4 59 -80 34 -13 11 -92 62 83 41 0 -30 50 48 -20 -56 -98 29 53 51 -76 -51 15 52 -64 -84 25 -77 -91 -75 -77 94 -41 47 -57 28 84 21 90 -4 -65 48 -82 16 45 4 8 28 -96 94 60 49 -60 13 71 51 57 -35 -89 -83 36 20 -20 9 52 -45 58 -21 -67 -78 -95 72 -80 25 9 38 87 18 50 -37 -55 73 92 -77 -71 16 -70 65 -51 -68 -92 56 19 -63 19 -13 63 64 -5 7 -69 -51 -66 35 -89 -10 -89 25 -20 54 -12 6 -51 96 1 93 -69 76 63 -97 -48 -49 -90 28 97 48 -56 84 -13 15 57 99 -43 -94 -56 22 -10 -4 39 -39 1 36 -55 -53 -14 53 -54 43 61 77 -71 32 90 -13 -77 49 -5 30 35 21 -34 -51 60 -31 -99 86 13 36 55 53 -76 -40 47 -16 29 33 -62 -4 -67 -80 -82 62 -44 54 67 -98 64 -6 40 -85 90 46 -44 30 3 -6 63 85 62 -59 -53 -62 72 -4 -45 15 
-76 -86 33 -58 83 62 -24 38 94 30 -70 -84 33 6 -85 -32 83 -65 -8 59 -72 80 30 55 -71 -71 52 -79 -94 -90 43 6 93 96 -21 2 27 75 56 -25 2 85 70 83 -94 87 -25 83 33 -72 -81 -72 54 -70 58 -84 94 -79 -94 -98 89 66 -90 0 -19 18 94 -83 45 26 -7 3 -84 -61 97 -48 4 -31 58 -18 71 62 64 23 -15 -28 23 78 -49 38 -15 10 3 31 30 66 -59 47 -87 -76 58 -89 32 85 -15 -94 94 31 97 -85 -52 83 -22 34 33 31 98 -30 10 52 74 59 50 -62 71 -38 28 -28 42 12 44 87 37 -81 33 -56 -59 -33 27 -70 0 46 -29 34 -89 73 42 -67 -44 11 -83 -24 -52 28 3 72 31 15 70 -87 -69 -61 -20 36 64 39 -67 -68 24 94 72 -53 37 83 -64 -22 71 -65 -77 2 93 48 56 16 -95 -17 95 -36 -1 74 72 -88 35 -85 91 -39 67 -78 83 32 -11 60 85 82 -82 -58 -3 -46 -23 38 -16 79 29 -38 -50 -97 54 26 -11 58 70 19 -40 24 -42 90 25 82 19 77 -20 -79 38 29 -63 96 -9 0 -79 31 -11 -68 13 -35 -74 30 1 -5 -46 53 -41 -36 -13 -74 -61 -68 19 78 -24 -84 6 82 -2 38 80 97 39 45 55 31 18 39 47 -41 80 89 -6 -76 91 14 72 -41 -40 -14 67 -67 93 80 -19 89 -47 -62 -40 41 -8 -11 -55 20 -46 14 -46 -61 -54 -94 8 -72 64 -20 -46 45 -84 -88 -9 30 90 56 15 -26 -12 77 54 58 -92 -8 -7 -15 30 2 99 87 54 -15 43 21 -89 -14 33 39 -77 56 -27 -73 -87 -1 4 88 -68 5 -94 -20 66 -38 -39 53 73 79 -6 77 -75 8 63 46 -8 34 58 -93 -8 -68 -62 26 -36 -28 -67 95 2 86 -83 -56 -60 -43 -1 9 50 -2 68 -61 -39 99 34 10 35 94 -68 -23 -36 2 -19 86 87 24 -89 15 -30 -62 90 -61 50 11 -83 75 -80 0 -2 -16 -58 -51 57 37 -40 -85 94 3 65 50 -87 -48 -18 91 35 -88 36 -94 56 63 6 -68 -48 44 0 -91 -98 20 -44 -82 -81 -44 88 4 55 6 -58 14 3 73 -68 -45 60 -24 1 -1 96 65 -39 -17 -77 22 13 93 1 -76 9 -60 13 -85 76 -11 -42 -30 48 -80 32 -39 -11 53 99 -34 -34 -79 76 -18 -9 -80 16 26 58 -43 -93 8 81 55 
-99 -43 -21 99 -89 88 -11 -12 23 2 -71 11 -60 13 61 46 -28 -43 -90 86 39 30 -68 8 23 -1 9 -40 -20 -2 -90 15 93 48 25 -59 -38 1 15 54 1 -40 -85 24 -23 -59 0 -95 -83 49 -17 89 8 45 85 52 63 -10 -29 17 98 -36 80 -1 2 33 -58 -85 -84 41 22 21 -41 8 69 -2 -83 47 -8 -96 -54 -90 86 62 -47 -50 -10 -2 -74 -71 -20 -15 59 76 -15 62 -41 75 -63 99 32 -5 -45 82 -58 -22 -63 72 -15 -34 36 11 -83 -66 -65 30 91 -77 -2 -43 -90 78 -47 15 -91 -99 29 90 -55 -63 94 7 17 -91 -28 65 -26 29 -62 12 -86 -7 -57 28 65 -21 -82 -80 86 78 8 -64 -34 93 83 -45 70 -4 30 -5 51 -27 47 -26 89 25 -89 89 60 -18 -90 12 -49 21 71 49 73 -32 -24 -52 -21 -9 63 35 86 96 48 14 15 -79 19 -13 18 68 39 -99 -17 -83 87 -27 -83 -78 31 32 -77 4 -77 -3 69 83 -75 96 -9 30 86 -79 43 2 66 98 -76 92 -95 -95 -39 -28 60 50 6 86 32 94 -95 -5 -37 -10 -31 26 -53 26 -40 -31 60 -88 -76 27 13 -46 -10 -79 -95 -56 93 -74 -59 -50 -21 93 -20 -18 -17 -38 19 61 -34 77 -23 -29 -62 34 4 -15 97 -65 26 -34 20 79 -76 -77 55 -40 -59 47 -3 -99 63 18 78 -95 80 84 -18 38 -63 -22 88 41 90 86 -70 35 37 19 80 83 76 -71 41 77 -85 -19 -48 89 99 68 -46 21 19 -97 -84 -58 55 41 51 -63 -50 46 38 86 4 78 20 -99 -3 35 -45 49 78 32 -76 -26 21 -91 -99 74 -15 -36 64 -42 34 -41 57 68 -55 -35 18 10 39 94 -39 10 90 48 -4 99 -15 -96 10 -5 -23 -63 52 -15 98 49 36 76 79 -16 7 -25 -53 -94 -16 13 68 64 -43 -63 62 -86 47 71 8 -69 27 25 43 57 -85 77 -1 0 -11 -77 -55 -23 73 52 12 -56 -28 0 73 22 88 -36 24 46 51 62 90 -7 2 -8 90 20 -72 72 -36 -45 -80 -15 49 74 8 -72 -32 28 -92 -43 88 86 -3 89 79 -48 -59 40 89 -25 67 -77 7 47 40 24 18 -90 88 26 -51 -42 50 66 -89 41 -35 4 59 98 75 2 99 18 30 30 -93 -35 93 22 87 16 16 -77 -25 -43 92 12 85 84 83 6 15 50 -85 2 -19 78 
27 17 54 -83 29 2 41 40 66 68 43 -35 -57 21 -77 -39 -48 -9 -99 -35 65 -66 -69 -5 63 57 -10 -84 -33 -1 -66 60 -60 95 0 38 -65 96 60 -50 -53 50 -8 -52 -4 -57 41 30 47 -79 39 6 -86 92 71 -80 -42 -45 -86 64 37 61 -74 -44 27 32 -43 -17 1 -46 -19 -25 25 15 -3 6 -56 87 38 9 -86 99 -75 -18 -96 58 -93 99 -55 3 -26 38 -63 56 55 -37 -4 -56 65 -35 83 -91 -92 -96 -33 -68 -80 62 51 88 -79 43 13 -85 35 23 -53 -75 -89 -61 -22 -96 -31 6 57 45 -30 -23 62 -51 76 94 85 86 -44 -46 17 32 31 67 -98 -94 -26 -90 -81 78 62 84 68 53 -91 4 -73 18 -90 -32 -33 87 -5 -12 87 -42 88 -87 -46 79 -14 -26 -66 75 16 67 -83 94 31 10 -83 -32 45 -42 72 65 0 -43 37 -27 87 -49 81 -30 -64 80 -18 79 -54 -14 14 6 8 40 53 -45 37 74 -29 -59 -66 -18 -62 89 -34 57 75 -23 -34 -45 -64 -12 71 80 -5 -58 -59 -95 98 -51 -31 -86 -25 -17 -25 -75 90 19 -62 -10 -86 -75 74 86 92 -57 19 -37 -94 4 66 -81 94 82 -89 43 82 -18 -25 -62 -28 1 30 -9 -82 -13 52 96 9 19 -93 85 -91 -9 54 17 70 91 82 82 -29 20 -92 -68 98 66 67 86 29 66 80 86 -85 -70 8 -62 -22 -8 86 -13 15 98 77 -11 31 78 -43 27 75 96 41 -78 -74 98 -26 -94 -88 83 80 23 -33 99 -22 -46 18 -41 -69 43 -71 -98 -66 -78 -38 63 -3 -40 -63 -11 74 1 -46 -19 -71 12 -63 -27 -38 47 75 71 38 93 -59 45 1 38 -46 -90 37 19 -72 81 -1 56 -51 -17 92 22 -7 53 -85 52 -66 -39 -8 50 16 39 -84 -71 -86 30 -28 -98 -26 -65 95 -66 38 -69 -87 10 42 -42 31 -90 -12 55 0 -41 79 66 -70 -76 88 -16 -45 96 21 -42 24 83 -6 22 -7 11 -63 -73 -45 64 -99 -32 -43 56 -11 23 -74 -37 70 -58 -92 -17 -78 82 -82 -15 70 -71 89 35 -77 50 89 -62 62 -25 26 19 9 39 -50 82 84 28 -22 93 -75 -37 -11 58 -34 -35 -58 -61 90 -45 90 -94 -90 -2 78 -14 -63 99 -8 -49 -86 8 72 16 87 24 -68 3 -91 -18 66 18 57 -7 -56 -64 90 -89 -86 97 71 -3 71 -86 -47 60 17 -40 
60 -46 -43 76 -82 37 17 -79 -21 26 95 5 8 29 -9 -41 -27 -76 54 30 38 28 45 27 -73 -13 28 2 -13 -19 81 -68 66 -11 24 97 93 -88 19 81 68 -78 -17 27 -71 -37 -67 6 33 -37 -66 72 -83 93 -96 57 34 96 -56 -75 -17 -47 57 -93 -24 -25 46 26 -27 71 -13 12 55 46 83 -27 61 -90 19 10 -16 -19 72 -43 80 81 68 81 -54 27 -53 67 -45 96 13 -15 56 15 86 37 -70 21 -27 -80 83 1 31 -26 -21 -77 -78 52 14 -92 41 70 61 -40 -66 -44 -3 78 -24 -24 29 -3 93 95 85 -63 21 -65 -13 61 -89 40 78 46 71 57 96 -17 60 -88 23 73 89 -33 -29 -39 38 -37 -32 9 -17 -42 -85 -96 -76 63 -45 35 -61 -50 79 88 -57 37 74 42 -70 -52 11 4 66 59 -38 68 11 -41 -99 -87 64 17 -49 -24 -65 -48 94 -9 -58 75 2 -69 9 12 -78 -72 29 10 86 -24 -55 -69 -35 -41 50 -1 21 11 15 -76 -14 37 -24 62 -49 -69 74 -6 -98 99 63 -50 10 40 11 80 5 67 70 -54 -23 30 65 55 -88 -47 -65 -72 -24 16 55 -33 77 20 18 -64 84 87 -7 11 46 -5 84 64 73 -88 -60 8 -63 -10 -16 -68 -13 -82 -77 -2 -15 16 -79 72 -90 -69 31 -43 3 11 -90 -27 -84 57 92 31 84 -90 81 95 1 21 -67 77 99 -24 -36 19 -66 -53 92 -1 31 46 23 24 -46 -6 -12 -74 -30 20 53 70 -13 -87 54 -92 86 -64 72 80 -86 -28 74 1 -75 -33 82 16 18 20 -38 63 75 66 70 0 -48 -91 48 -2 -35 -14 -71 86 19 54 -94 -9 32 -37 27 -48 44 33 -69 -79 89 -31 96 33 16 38 -3 86 55 -36 35 -17 -74 -26 85 -3 86 -86 29 -88 -85 14 -45 61 84 75 -11 73 71 -65 -56 5 -85 -86 -98 4 85 31 -52 65 87 20 35 49 -54 17 -20 -24 -52 66 -7 -3 18 -79 52 62 -20 -47 -49 36 -79 69 35 -78 35 -2 77 97 -36 88 -31 -45 68 -85 1 -94 -9 -69 28 -54 -61 -28 -63 -45 56 27 -68 -37 -27 74 -83 -5 27 24 8 32 -69 80 80 39 30 -34 -99 -58 73 -12 -54 86 -44 -68 3 -46 30 -46 -8 28 1 -79 -63 98 29 -23 -97 -68 75 -83 8 -5 61 -50 48 -79 -85 12 -7 -25 24 44 -44 92 -21 -30 -39 -64 
37 65 -99 -43 2 48 24 98 -43 -72 -62 61 61 -5 64 30 67 -77 -72 -4 90 40 -91 32 86 -51 2 -19 45 -75 32 -6 -45 85 -48 -92 56 -13 -37 89 14 -7 -68 -43 26 -98 13 -12 32 -90 -51 13 9 -9 -9 53 6 -37 -69 44 -79 67 96 -72 -43 -73 -22 -56 7 -24 68 24 -97 97 4 25 55 7 -26 12 85 89 85 84 38 -63 -7 8 42 -53 -62 -2 14 -64 -22 95 64 -38 95 92 75 -81 67 22 -28 97 -45 -37 84 -53 -56 78 5 32 56 -50 -79 -58 -51 27 99 17 -40 -72 -19 -5 -19 20 75 28 -38 9 -5 -22 -99 95 14 -90 -70 -32 -42 -51 -68 -76 -55 -95 61 -87 -19 70 39 6 61 -40 19 -59 -75 -27 -46 -13 -97 88 -18 -23 -54 -85 -12 -47 -64 -83 87 65 33 -25 -37 -85 41 2 -22 -27 54 -87 -11 1 -76 83 11 -89 -75 -73 -41 42 -96 -94 -91 -22 21 84 92 0 89 -40 -67 -24 -18 -21 69 -20 6 18 96 90 -43 -77 69 -34 -5 98 45 -59 -91 43 -63 64 -52 -33 -95 86 24 -27 -72 69 8 80 47 -83 -14 45 99 10 0 -27 54 -9 83 84 31 81 30 -27 -85 95 -85 -29 42 -42 84 94 -56 -57 8 60 81 25 1 -89 28 0 8 -80 -86 -7 -39 17 99 28 -61 -90 -96 92 94 74 -49 67 96 -46 41 -75 75 34 -48 79 0 91 -42 92 -41 81 83 34 56 -54 50 10 8 -37 27 -18 78 -93 62 38 -30 31 38 47 -15 33 45 63 61 64 60 -5 -55 -61 -29 -73 16 -46 99 -77 -15 -71 -6 42 38 21 -89 -67 -33 46 94 -11 12 66 2 -79 -46 -22 -22 32 95 58 83 15 29 5 82 11 -45 16 45 -66 26 2 -24 29 -7 -6 38 53 -18 95 -64 44 95 0 15 -65 95 21 -88 -12 77 19 -86 -38 21 85 -68 60 68 19 97 29 -6 97 -94 75 63 83 -93 -52 13 15 -2 64 67 -16 -70 -98 77 56 60 -17 19 77 57 20 -65 42 -29 14 -35 43 -84 1 11 71 -28 47 82 -49 -38 47 -3 -36 -26 70 -41 -39 11 59 80 41 -13 29 -23 27 30 3 27 -2 66 45 -38 -33 -95 70 -84 -20 44 -94 -69 -77 -6 81 -83 97 34 -14 44 72 69 -56 -68 -70 65 -27 -77 -74 96 20 71 4 95 22 24 60 79 -47 -11 8 -64 42 68 52 7 8 
65 96 95 23 -21 57 -7 53 36 -65 -49 -49 70 91 66 -57 84 -24 81 -27 95 -75 3 -70 -37 -63 -61 11 0 -74 81 78 50 -90 22 93 -6 -22 -47 -18 -19 69 -92 -1 16 -25 -38 6 63 -44 60 90 34 92 -81 41 77 -61 93 -70 77 -13 46 -91 -75 75 23 -61 39 -35 -5 -48 -72 -58 81 48 0 -50 -50 7 49 -17 -54 -3 -58 22 -55 25 -48 54 -15 8 32 11 10 -54 -14 -67 51 -7 37 -58 46 83 22 19 97 58 -90 58 -57 -28 -1 94 66 -58 31 36 82 -84 -12 -81 -56 88 38 -95 -43 -6 -85 -53 -58 -10 -40 -36 48 -76 53 35 59 85 76 -63 -64 89 45 -13 -37 -62 98 -14 -57 41 -36 94 -21 42 -14 99 21 92 -35 -84 7 -45 -43 77 -49 49 -12 -16 16 14 79 81 -1 -23 34 87 54 -38 -17 50 -46 26 36 72 46 33 75 -40 13 39 41 -38 40 14 -42 -69 53 0 -25 56 -38 91 10 -11 83 15 59 85 38 85 37 10 -50 60 -55 10 -84 58 -44 -89 89 -71 25 -59 44 -15 72 29 -68 -54 74 -28 -27 62 4 13 87 12 58 -67 -41 74 -74 99 50 26 -63 57 98 -58 51 -94 21 85 -22 -32 37 -83 -13 11 -90 17 59 -21 68 97 44 42 51 9 16 43 -59 -73 25 22 -84 35 -90 27 -10 71 -98 96 57 -3 73 23 50 20 35 -25 -11 -25 80 -77 15 -67 26 22 32 -62 95 28 -81 -66 -41 -58 21 96 -63 -70 -5 62 25 95 -75 -23 -3 15 -11 70 -70 15 -16 -58 69 -24 58 0 -43 -34 30 97 -29 26 42 84 -70 18 -13 49 -60 35 -2 94 -16 -23 98 38 14 -21 -22 67 97 -42 -11 -63 68 -24 -12 24 88 12 -74 -54 -33 -93 -62 62 -80 -59 -84 24 84 13 -35 -25 55 -53 -69 88 -96 82 16 45 -58 22 -23 8 -97 -45 10 -39 -77 -36 -55 -27 47 0 45 -20 21 -8 50 -81 -83 58 3 73 29 5 54 64 -45 -45 -84 -70 -88 24 65 99 -94 7 -62 -69 -65 -47 -8 -37 28 -34 19 46 -91 -11 -16 -8 26 97 36 -9 5 14 -86 -70 -96 88 36 13 -95 -91 -80 -82 58 22 2 -55 -14 -28 -13 -5 -99 -70 -77 -32 -99 -61 53 62 53 52 -67 -44 -3 -33 -33 -52 -66 35 -50 80 61 83 -50 -70 54 21 -91 -17 43 79 57 -20 36 -60 -99 9 
28 48 9 50 -55 -26 -94 -40 -1 -17 -50 -58 5 80 -93 80 37 -47 -20 35 33 86 46 -84 57 -7 80 -77 53 -20 -24 3 -30 51 13 98 -35 -90 -83 88 49 -85 -56 -34 -9 -98 -97 56 0 -18 -23 29 45 27 80 -89 89 28 -55 57 80 26 -81 5 48 -53 -26 -17 20 -99 69 59 31 7 45 -97 -54 -27 -54 -50 27 33 -76 65 -76 52 23 34 46 30 18 47 94 -83 -23 -26 31 -73 79 42 65 -80 16 83 76 -97 93 62 99 34 -7 -70 -21 96 13 -69 77 31 98 45 16 -30 79 -13 -84 22 11 -43 68 -87 -4 43 -33 -67 21 69 -38 -28 -57 -80 -2 17 75 -6 24 26 50 40 29 -38 -56 -1 64 84 56 -3 -53 -27 95 -32 18 24 -65 -86 36 -28 93 -46 -91 -19 -10 -22 30 -16 -25 -94 -18 72 -11 -31 -52 -26 9 48 -98 -60 -47 28 32 62 -17 50 57 40 -77 79 98 -72 -9 -29 -81 -38 49 -97 -32 -73 15 -81 -19 11 -6 -7 47 56 -45 -93 20 94 54 62 0 46 37 9 68 5 -70 61 -42 24 -54 -18 38 72 75 56 91 -35 -64 -78 -4 -47 -92 -54 53 -71 56 -82 89 -92 -9 -26 -13 77 36 76 -15 -43 -60 76 -70 10 73 77 -39 1 -27 -39 -4 -50 -47 95 48 65 -79 -40 73 -93 -66 -14 24 63 -62 -64 -89 -31 -96 -83 49 -3 14 36 45 -33 34 45 24 29 57 -95 -78 -7 29 50 -60 -83 -99 -72 59 -31 20 48 55 42 -50 15 -66 65 -24 -44 18 90 -39 -49 42 -96 99 -98 -52 -95 -76 69 87 -64 -58 28 -87 67 -71 40 8 88 27 -64 -78 -9 29 43 0 39 66 -86 28 -71 -63 -9 -22 24 88 25 28 35 -88 67 92 16 11 -37 -4 75 -33 -84 -36 -31 -54 39 76 -85 -11 78 -36 93 5 -57 60 69 -27 -44 17 -3 30 23 75 -39 -26 71 -85 0 -29 22 -74 26 -80 68 81 -91 -19 -84 20 82 -78 11 59 90 31 21 9 -71 -85 8 39 85 -31 0 -57 79 77 85 44 51 99 -69 85 -61 -92 -90 96 68 -53 -48 29 -40 -1 90 32 25 62 92 12 55 21 -60 -99 15 93 88 1 -11 0 76 83 -74 -42 -18 -94 -44 -7 -55 -10 7 6 92 31 -59 -61 -69 75 20 98 -6 57 -10 30 -28 -25 -26 6 52 -4 -53 -68 -31 82 -87 -83 -41 59 19 55 -88 
-11 -57 65 -83 -8 -52 -61 42 -38 -73 17 59 -23 8 -41 87 -57 15 -13 -54 -80 8 76 58 -65 -40 92 -54 -64 0 -85 -28 -34 24 -85 28 -69 34 7 29 -27 60 41 -13 -22 -92 -99 33 0 49 61 -74 79 89 -18 -72 -20 81 82 -80 -31 95 75 -12 39 -3 -49 63 -92 47 31 -6 41 -2 73 34 -13 -44 32 51 -11 -80 -63 -92 91 38 11 61 6 85 -39 -46 -95 -98 51 49 -93 -66 -13 85 -37 32 -18 -67 7 -23 -37 88 -95 -56 -57 77 -71 -1 -69 -31 -45 -38 69 36 -23 -25 -50 84 67 9 -31 7 -22 -94 -86 -11 -81 96 -95 71 27 -98 -97 -64 -53 -6 94 12 -46 -13 41 19 -89 32 -55 60 37 83 83 -24 94 73 -97 -56 42 -90 -98 95 -28 73 -76 -68 -98 -64 99 -78 -93 25 -95 -81 42 -18 77 -5 -85 82 -32 -96 45 -59 74 -10 71 8 69 -31 69 9 0 -43 -97 -4 -87 65 9 -28 -93 -46 24 17 -71 23 85 -58 -71 62 -97 9 -48 -35 34 -62 48 -83 -7 59 34 24 72 58 3 20 -66 91 -44 -80 -23 34 23 -29 -16 13 -63 -22 87 -46 29 16 -14 -95 -80 72 -43 -72 -56 -24 -99 67 -26 75 -22 -20 -13 30 69 50 -50 -30 9 7 25 76 -13 -15 -85 1 31 -29 26 15 -73 -77 -24 83 70 28 42 -50 16 -62 13 -76 26 88 38 90 91 -43 -63 -77 -42 -95 -29 62 74 35 -10 -61 80 -60 -19 -20 63 80 -33 85 -48 84 42 -85 -60 34 -47 60 35 94 56 71 -37 -39 -93 44 -16 -62 -5 24 -62 -7 -95 -2 40 68 98 -7 -20 -9 89 -73 18 71 52 -89 -82 -81 6 -57 2 38 19 3 23 72 -8 32 98 -87 46 15 44 -47 -53 16 -33 -38 -4 99 -94 -3 83 19 2 27 -6 10 -25 17 2 -10 -96 24 51 -55 59 98 -59 14 22 97 -48 -14 -22 -63 81 -5 91 22 39 -92 -15 -31 -32 2 82 -83 -1 -93 -18 -51 46 -17 97 -50 24 -80 -29 -25 -21 9 56 24 -47 -16 30 94 23 30 29 -88 3 -12 73 39 44 -52 -51 -97 17 66 -76 -70 -10 -1 -17 -90 -47 -86 36 -35 -56 3 -53 85 34 18 9 -24 94 -87 -99 -43 11 73 5 -59 87 86 -62 -55 70 -90 -38 -95 32 -55 10 -5 -1 72 46 -1 22 10 -46 71 -72 -8 33 -12 35 64 79 12 -68 -74 
-73 62 -44 14 -37 -72 -1 -44 -29 14 49 22 -63 26 70 -26 36 -2 -58 7 47 32 -21 41 -66 5 -7 0 48 -70 43 69 32 60 54 22 -13 4 -14 88 73 -70 -2 -4 38 82 -44 90 -42 15 -87 -3 -87 84 10 -7 -79 93 -67 -65 -64 21 42 -8 -40 51 -70 95 18 -82 -39 18 -97 -83 -86 60 96 -22 -81 -77 70 98 90 -51 13 70 -77 -24 -14 52 94 -90 49 63 32 76 60 13 10 -83 -27 11 67 17 70 -95 -89 -96 11 52 -27 69 -50 92 43 -6 56 96 -98 75 97 -59 -1 -6 9 95 65 -66 -68 57 70 -2 19 88 -9 -11 -31 81 -17 -87 -74 41 -57 -43 15 38 -50 90 -67 65 71 11 2 13 47 23 16 17 -61 72 82 -46 -36 -52 -33 15 33 0 37 -96 -64 -98 28 77 -2 40 66 35 4 26 41 -59 40 62 29 -11 -15 -8 -18 -75 -70 96 3 2 88 68 73 -80 -25 -57 24 86 -12 48 -45 88 -78 72 -52 -83 77 21 29 16 93 3 -50 -85 -30 58 64 45 -74 -27 26 99 -77 24 41 -71 73 74 -7 -59 -28 -41 -81 -1 41 99 83 -88 -13 54 -11 -85 -4 -93 52 -33 -94 -54 1 67 29 -37 -66 -62 -43 -21 19 -37 0 -51 52 42 64 -65 -17 -72 32 -67 -56 40 96 2 -8 54 -6 5 -67 51 -90 -64 -91 -60 -45 24 18 71 95 -12 68 4 40 -54 89 26 -79 40 -17 -76 -18 -56 -88 -75 50 -30 89 50 8 30 -98 2 -89 73 82 11 95 77 18 -16 52 72 29 32 88 12 -95 60 11 38 6 98 56 -65 81 -22 -99 25 -22 45 42 72 -17 -16 51 -31 63 24 -77 71 -82 -44 22 15 -78 21 -12 54 -55 -94 81 48 -83 -41 -33 69 61 77 -15 -1 -1 -21 45 -78 -21 -44 84 -74 -28 -17 -77 -13 81 60 14 92 11 -57 59 73 34 52 27 -40 24 8 37 8 -30 30 -85 -49 8 -79 44 -73 -62 8 -89 77 -25 88 -75 29 53 37 -87 81 -60 95 -30 -97 44 -78 20 -48 18 77 7 -94 42 -94 -18 -32 -94 68 78 -64 -47 -43 -24 -14 -48 4 -94 -95 19 20 85 -85 1 43 -67 68 -42 -4 46 34 -33 -70 23 16 21 35 -39 35 -27 -53 -65 24 -35 -49 4 -88 -41 -77 -78 -56 82 3 -91 -38 -3 76 41 62 72 86 -30 -85 -16 -79 48 84 31 13 -98 -98 
67 81 -55 29 -41 65 1 6 -98 -99 -25 -23 -9 -85 40 15 -92 -50 -68 70 62 -65 -64 -71 31 70 56 22 -91 29 66 -60 27 -11 -14 18 99 -26 -19 -78 63 -81 11 -71 -65 6 -51 99 96 78 -78 40 -84 11 31 40 46 -5 -97 -32 4 3 -1 25 71 -15 -51 21 -1 9 -90 -63 -95 -40 -75 85 88 -69 52 68 -96 -56 7 16 -1 -85 26 44 15 -95 51 23 45 -85 -78 56 62 -22 69 31 -88 -29 -41 26 1 -67 -46 -36 69 0 -23 -62 46 -49 -2 -61 -8 -27 35 95 -97 7 -84 -81 73 -57 0 32 41 10 -6 -64 73 50 -82 -72 39 74 -49 -91 -59 -77 31 84 26 -27 48 45 85 -21 -14 -85 51 -27 -14 -51 40 -73 84 -22 31 -19 -14 51 -33 37 -14 -58 -46 -46 -21 -38 12 69 67 -16 52 -57 58 65 52 -81 83 47 50 -68 -99 -32 80 37 -36 15 99 -77 51 -9 52 -17 43 64 55 0 49 60 -27 8 84 -61 -17 -78 8 28 -25 -27 80 -60 2 14 -26 62 38 -96 -21 95 27 62 9 -1 -30 67 -19 53 35 -26 -16 37 91 34 27 15 -13 35 23 -75 -84 -10 75 64 54 -57 -65 -55 -63 -45 14 66 -96 22 24 12 4 1 -31 -37 -35 95 82 20 -52 -92 -79 -26 -53 4 -26 -94 51 8 44 -11 -1 -29 -8 -40 47 79 -34 3 69 -46 -59 -69 20 -44 -9 -56 27 49 61 -32 -33 -85 -67 -60 56 11 78 -47 68 -67 44 -88 11 78 -35 -54 85 -34 10 -55 -92 -61 -51 85 -4 32 -90 41 -82 -84 -87 1 -45 8 46 -67 88 -98 -32 12 33 62 76 -72 41 47 87 38 -54 26 1 25 -85 -79 52 -32 87 -4 -66 64 44 -29 -91 69 97 64 57 1 -2 -15 80 56 -6 91 89 26 19 -18 70 -65 36 5 7 9 -32 -94 -68 99 97 72 17 -82 -72 -47 -66 -49 -42 26 -29 -43 50 -36 -59 -45 -26 -21 -90 92 56 -80 38 -38 -57 44 42 22 -79 -38 15 98 -59 -49 -8 -66 0 -4 -46 53 11 34 9 -26 -45 6 15 7 45 11 -90 -93 -24 25 62 -59 99 11 -67 -47 8 88 8 10 -22 -84 39 9 -59 -37 -56 -52 -85 18 69 -77 69 6 -84 -61 -10 -63 9 15 -88 60 -42 59 50 -95 -83 -15 -25 -56 -35 43 80 47 -50 -65 75 -19 -40 34 35 43 -3 -32 62 -10 2 42 
39 35 73 -11 46 -17 86 -71 -14 -15 43 68 15 52 16 -29 -30 22 -73 65 40 37 70 7 -80 -31 -84 -94 -15 -90 -21 -98 1 -20 -89 31 70 77 -44 61 9 -24 45 -25 -32 -3 -93 -74 9 -20 -78 -82 -14 49 88 58 -38 -19 94 92 -70 -82 -36 68 -3 42 -55 39 -7 93 -45 -72 71 -70 64 46 48 -38 -8 4 -56 54 -36 -95 -27 -69 -24 8 67 63 18 48 37 90 85 -17 -7 20 78 73 64 43 14 30 32 -37 56 -18 -79 54 -23 -67 29 -23 92 2 -89 58 36 -28 52 -3 -88 55 27 -94 19 -12 2 -89 26 25 -17 -67 80 33 -66 -17 -78 -85 -38 -17 -92 -67 -32 -60 97 12 86 -64 -78 -37 49 23 17 -40 -2 -35 -78 -80 -51 -31 46 78 23 99 -89 97 -6 98 40 1 -75 48 -21 -13 -25 -1 -22 -31 98 65 -36 -45 33 -20 -12 34 -38 -65 24 41 72 49 81 -86 -22 7 -58 -56 81 79 -62 -36 11 81 65 42 44 -60 -53 69 61 75 -94 -48 93 -33 89 49 41 12 41 -17 -11 69 -52 -89 12 -15 24 -8 -93 88 -46 88 -65 42 52 -58 15 8 93 -61 -2 60 34 53 -36 14 -67 4 -60 55 96 66 27 72 78 -60 -57 -44 18 88 26 87 -28 88 -13 21 38 23 40 -19 59 -37 -21 -26 -13 -77 92 80 9 59 5 -16 64 45 97 -33 -84 -28 -37 41 -1 -23 45 34 89 -94 -26 -30 66 53 -82 31 91 93 -78 -99 76 -84 -28 53 20 73 -33 -85 -41 35 85 56 49 4 43 -45 54 96 -54 80 15 -87 11 37 61 29 91 -74 -80 43 53 53 30 -46 8 83 -50 -67 -69 93 12 -21 -74 -94 82 -69 4 75 82 49 21 39 72 -22 63 31 91 -24 -80 29 19 -47 -82 -24 -80 -13 50 -17 58 -48 -84 -37 -68 51 65 78 95 -59 42 -90 -3 66 -52 57 -7 -70 -60 25 38 16 1 -32 77 -7 -33 6 31 60 -2 -38 86 -57 -79 91 -94 -12 60 -68 -18 -13 2 93 -80 6 -89 -60 -74 -37 27 21 -69 99 -80 -35 60 -35 34 77 59 -85 -72 -42 55 -51 58 46 2 87 -82 84 48 -83 -94 60 57 25 77 23 -37 98 28 -48 75 72 36 -96 -52 97 -2 -78 -17 54 26 36 -71 36 84 57 -35 -56 19 21 80 -58 -46 -96 -43 43 58 38 75 55 -45 -58 -10 -57 89 65 -69 -84 
-82 -70 -76 77 -5 -5 -47 39 68 16 22 48 -71 18 8 -99 -5 -19 -19 5 -89 -86 -83 -21 -66 48 7 85 -67 -74 81 40 -37 23 83 81 -18 -41 50 85 -7 75 77 51 -79 -48 -90 -71 -76 46 -96 24 5 -95 80 45 68 -76 71 96 -71 -42 82 -77 18 -13 -57 -76 46 -84 24 -1 -48 -13 -85 -95 50 -42 74 -74 77 -20 47 -30 -42 64 -89 61 -22 15 6 10 23 -38 95 39 75 2 -6 90 27 -17 25 -99 -48 94 -69 50 83 35 4 82 42 -7 -58 78 96 -92 96 -6 -75 32 46 -51 -60 70 -37 35 -20 -91 77 -34 -56 5 -53 -61 -86 6 0 29 99 -86 14 25 -17 95 -65 80 -3 13 72 -93 17 82 -91 -65 47 9 71 45 -49 -53 -89 27 -10 -40 95 -42 68 -72 77 77 26 -82 -35 70 -25 20 49 70 9 18 83 92 12 0 -14 86 -41 -34 -44 38 -13 84 24 -83 77 -49 -7 -34 -39 -75 -3 -73 -35 -35 60 -32 -58 -97 56 -97 2 93 -75 -60 -25 -50 85 82 70 59 -39 75 -65 17 -38 38 28 11 -96 65 -86 -74 6 71 66 -93 -12 93 -81 0 5 -4 20 71 66 1 86 -42 25 32 86 -63 -23 -83 -47 37 -54 90 -89 37 -27 -10 -35 56 95 -98 -72 55 -21 -13 53 40 -43 -69 86 44 -73 -79 -94 48 -93 72 -38 -26 -88 14 43 -32 10 -64 -95 -78 23 34 -71 -30 4 37 -76 -16 76 -49 -62 -59 -79 -81 5 37 1 -23 -95 39 -28 -26 -42 -55 11 -14 57 26 69 -67 -97 18 25 -12 -66 -83 -52 60 74 63 70 -82 -53 84 -84 -4 -41 67 -65 8 66 -55 -56 -71 56 15 -59 -55 23 -42 50 -65 43 11 28 4 19 -58 90 47 -18 -8 -38 -21 -37 -18 -24 -99 -25 84 -19 -51 -44 -90 92 99 10 -49 40 -35 16 -27 92 24 45 46 -39 0 5 87 -59 38 -42 -1 33 -73 -79 -59 12 62 -4 -34 8 94 -86 -62 33 5 -44 -22 64 85 89 9 -54 -19 6 -66 28 -80 89 -76 87 -94 -39 -91 -89 -89 -73 63 -51 -59 73 -16 31 -94 -71 98 -74 -69 75 -82 -19 -28 -57 1 -24 11 -66 -58 52 -63 -81 85 62 10 -5 74 -98 -19 5 49 -75 24 41 -58 6 5 -32 57 -54 -11 -4 -12 -99 -80 -12 -54 -42 20 85 -59 -69 -11 -85 65 -52 16 45 -87 -76 81 91 -74 -47 -99 
-89 -29 -26 -90 -21 8 -56 -76 57 -62 -51 -77 18 -97 82 8 28 -76 -91 -25 80 90 33 12 73 -32 -92 -83 99 -16 64 -86 72 -1 -82 33 87 71 -81 -29 45 -91 -3 0 69 58 16 -65 -24 85 -23 87 65 -19 -41 -14 -46 -19 66 -44 -78 43 32 -89 -38 15 36 -48 -69 -98 -51 -1 -9 40 -71 -65 -42 -1 -93 -73 55 11 -61 21 96 -47 -92 -49 -58 -44 86 31 99 -14 45 94 -2 -61 -63 70 -73 -56 -76 -30 -94 67 38 74 78 -28 -84 69 -95 20 75 -40 -85 86 74 85 -62 26 71 70 83 -44 -33 33 -27 85 -24 90 -61 44 -55 -55 44 -14 -97 -73 -59 83 -53 79 74 -42 82 -80 -93 -11 5 -70 21 -81 -64 -38 -29 27 11 -7 63 32 -14 -57 9 41 -70 9 44 -9 -26 95 32 41 -15 -29 30 65 66 -54 -30 -70 50 -80 50 24 5 92 39 4 2 67 -47 20 16 -80 93 -96 70 82 52 70 -80 15 83 11 29 49 -53 -84 15 -87 -84 -22 -21 -78 61 63 21 -57 11 17 -90 -90 -89 16 -9 -56 -10 -73 -92 44 -3 -58 -47 -52 -58 -42 -45 52 -86 74 -73 -11 -64 -72 -95 27 -59 -46 -64 -44 54 -71 -16 7 -21 -13 -17 31 16 8 61 68 -16 53 30 -15 99 39 -83 -53 64 -95 13 -25 -3 -96 19 96 -50 -61 -21 -62 -16 -5 85 6 -16 91 -57 30 -6 -32 94 28 -33 47 -9 47 -42 -55 84 61 -85 32 -37 -35 51 27 59 80 -4 -73 60 59 60 3 89 50 -73 88 -32 -49 63 26 -12 23 9 29 84 19 -98 25 38 86 89 77 -52 -50 -43 -52 -89 27 -97 21 -94 -15 -13 -66 83 -88 59 -71 -32 96 8 -4 -70 50 21 -32 -27 12 92 27 -94 76 -72 59 16 16 89 -88 -65 -51 2 -80 48 7 -14 33 -34 59 7 28 -71 4 -8 -44 -11 -65 -40 93 -68 -31 -60 -40 90 48 81 -12 30 13 -65 92 -25 -48 6 -79 -96 -83 52 74 50 -75 -86 -69 54 -31 -44 43 -85 -1 -38 33 47 60 95 94 79 -20 -21 7 -70 19 -43 -70 -48 39 -58 -21 31 64 97 -39 -74 -34 32 -90 23 50 22 61 1 -8 -59 7 21 -47 60 32 -98 12 98 -79 0 7 68 -13 -2 42 12 -17 4 99 -57 -9 64 -60 -74 33 -70 -62 93 7 20 94 -10 -31 -35 9 45 36 -66 49 -38 -3 8 48 
92 28 -70 22 -64 -52 7 99 -8 -74 80 97 -58 34 -56 16 46 -57 26 -83 -15 -68 3 -46 44 99 99 -43 -63 -37 -1 41 99 79 -97 3 73 -48 40 -30 90 -76 4 -78 -63 -27 50 -36 -57 -12 -49 -39 43 -29 -59 8 25 10 66 -35 36 -53 30 -86 69 91 23 -29 -32 -63 -21 -21 -66 -64 -58 -12 15 40 -86 92 86 -69 71 96 62 27 -5 22 -60 -46 -18 -2 55 67 -96 -42 98 -49 8 73 6 -27 46 92 59 45 -51 34 -75 20 -58 6 93 17 11 -48 54 -98 59 75 -18 -26 71 8 -36 -89 34 25 -73 67 -14 87 89 -75 11 -95 53 -69 89 29 61 95 91 72 96 25 73 -13 -59 -11 -88 77 60 -84 -25 -86 -86 -12 -81 64 6 -82 34 -44 -36 -11 54 37 80 -3 -23 38 0 -90 -70 -44 -63 -6 -95 88 25 -47 3 96 63 84 77 -75 35 8 -69 -11 36 -28 39 46 20 90 -30 76 83 50 -31 21 -41 -31 36 15 -32 91 33 42 56 -87 69 -99 -12 45 -90 83 39 75 -77 6 -39 29 36 -42 31 -53 -35 -30 51 -47 -31 99 5 -88 71 -93 -74 81 67 -6 -40 -13 55 -46 82 31 15 61 80 -43 -41 -48 38 85 70 -82 12 9 56 29 86 35 93 91 -84 32 -94 47 55 -7 91 51 -24 90 -81 -55 -29 -67 -51 -43 -40 16 -13 -43 -30 65 67 -16 -39 -10 -56 -73 69 19 69 -20 -83 -38 -43 -50 51 -85 5 21 -76 -1 32 -68 55 -95 -55 97 -75 -54 28 -81 -29 24 32 -92 -83 -71 3 30 -6 92 -94 39 -56 -13 -76 -40 49 -2 50 69 2 -48 -23 -6 54 99 -15 -90 -65 32 -79 93 -96 -55 -19 -62 36 -5 23 6 33 -30 23 -24 -87 63 -21 -87 35 57 19 -73 -13 -83 16 -19 -4 -70 -4 -86 61 -41 46 -33 -58 -62 79 85 -15 90 75 80 -63 96 54 -74 -15 70 -18 -54 -29 36 -86 17 37 57 -41 98 88 -62 50 -75 23 73 -66 -75 37 46 -33 58 -56 42 -28 43 39 -87 44 -14 35 86 63 -46 1 9 16 -3 85 -65 90 -81 52 -71 97 -77 -82 -17 -11 40 56 40 -35 58 3 -59 7 46 47 -79 -17 -51 -15 -17 38 -3 -88 -25 20 17 -85 35 -19 -90 -80 37 38 48 -46 -39 98 -41 -25 19 75 -82 -32 73 21 5 52 20 76 37 63 32 -67 31 -63 0 98 -10 
86 -21 73 -36 -30 -74 -87 5 53 -61 28 -53 85 -52 -23 -36 -44 57 -1 -70 -12 38 72 36 84 30 51 -92 -41 78 -94 -10 5 -20 93 -57 -71 -12 -88 60 -81 -19 -43 -94 -9 -19 29 20 -72 -97 4 59 36 66 -67 -38 38 -28 46 -94 34 -2 -95 -10 -8 -20 -87 0 -35 11 36 -26 96 11 8 -37 5 -58 69 72 28 17 48 -2 90 57 32 -11 -37 -86 -87 -64 2 78 -92 -75 -56 -14 -53 -81 -36 -85 32 -61 45 85 -15 -59 23 -88 82 4 42 5 88 41 -43 25 25 56 -62 -92 -72 68 80 -33 3 -44 70 65 -42 44 -81 -57 -4 -24 71 -80 -31 95 -14 38 -3 58 -61 0 25 -82 -46 49 -23 -1 94 3 47 -60 65 -92 -37 -57 30 14 -10 18 -61 72 -36 66 -73 94 -76 -25 -55 61 21 -25 62 61 -94 -17 -23 4 32 -51 -60 -90 37 -54 -1 6 -34 -26 -74 27 -39 46 -88 10 -77 -42 74 -81 86 89 0 -15 -88 -9 5 -85 -74 -43 -94 90 17 -1 92 1 78 46 37 30 9 99 -31 -40 72 28 35 54 -65 -44 -43 95 46 48 -38 -56 34 -95 6 14 89 53 62 -24 -98 -62 19 -20 -36 -36 46 13 97 -68 22 62 2 -41 -43 37 77 -2 63 59 0 -47 -45 -68 -98 76 81 7 -49 -17 80 -14 -66 -83 97 11 -34 -85 6 -20 -16 48 -74 -17 -23 64 -98 -17 -27 -81 -4 -27 -38 70 14 75 -93 -37 -40 7 -60 19 42 47 -24 52 20 55 -33 -52 77 21 34 -80 98 31 99 -2 70 -20 -11 -21 0 -5 86 28 -44 27 54 -15 84 -78 -32 -69 7 78 -96 85 -78 2 -67 70 -71 -45 91 -87 -62 -87 88 44 -17 47 -92 -63 36 13 11 17 -92 -29 93 -76 8 54 -43 48 -51 -6 69 -11 -14 71 -28 -10 14 -71 80 24 22 61 70 -18 -1 -2 54 -88 44 -22 -14 58 41 85 -11 56 65 -97 -91 66 -48 -27 -93 32 -25 11 5 -28 -38 -47 2 79 -27 42 -79 19 62 -93 35 55 7 -31 4 -1 -87 79 -84 -43 36 97 -28 41 79 54 -6 -22 93 97 -98 49 48 -32 5 1 -72 82 -71 61 25 -21 2 77 22 -70 74 52 -14 56 -71 -38 12 -71 -25 58 -89 76 -12 -45 65 -61 7 -54 -6 -26 51 -61 -67 -65 60 40 -79 16 -16 -78 -34 -5 80 -9 -28 50 94 -32 62 82 -46 32 
-68 3 28 -83 54 -62 -51 85 -33 36 -85 -61 83 85 26 53 27 81 25 -43 94 33 -9 -48 94 -45 -41 -94 39 43 30 39 13 -70 61 -84 -61 -42 31 51 -19 82 -87 76 -14 -50 20 -42 71 -99 49 -18 -91 -91 -18 -32 -44 64 -52 63 -94 87 1 54 70 79 -82 -33 -90 60 37 -9 28 34 -89 -8 92 68 45 42 88 62 56 27 21 11 -87 -33 6 -3 -33 -40 68 24 -57 -54 61 -60 -96 -86 71 35 -33 14 79 77 -79 16 -32 -18 -81 22 -38 17 -6 17 -40 -69 -82 -93 71 -95 65 -55 -82 56 -54 10 59 59 74 92 -95 -64 93 -75 86 -74 -34 48 89 91 68 -88 88 11 22 38 29 -84 79 -27 93 -3 -92 -70 18 -17 -21 -23 -84 -19 94 75 73 -58 40 92 -88 24 14 12 -86 59 -63 84 -91 -45 46 -60 -19 79 28 -18 -10 18 33 -79 49 66 -44 66 62 -20 -23 -75 82 -33 40 -87 -69 -55 49 63 9 81 -20 13 -90 85 52 1 12 -2 -65 46 -71 38 66 -46 4 98 70 66 42 -73 79 -66 87 -19 9 -54 33 54 -3 52 -76 -55 61 63 90 -28 35 -70 -35 -90 -13 37 -13 55 40 93 53 -3 -3 -10 44 -49 -94 91 20 -45 70 -19 19 -13 -1 -8 -80 -99 -72 -36 97 -24 74 -3 -4 -20 51 61 20 67 -1 -31 14 14 -47 -51 38 50 -28 16 -75 -79 30 -32 67 -98 -60 -74 -31 63 5 74 -44 58 58 -98 39 -27 70 -18 65 64 4 -97 81 -8 -97 -50 -30 13 72 90 -40 38 -92 -45 71 87 -82 56 24 76 -70 -85 -64 -93 86 -29 75 46 3 -39 71 -98 -7 47 32 -92 24 26 -99 92 -51 -11 -71 -2 64 -50 36 29 45 85 17 44 86 -97 -47 70 -59 98 63 88 20 -10 -33 94 -85 -81 -47 62 -28 -89 69 70 -45 18 79 -47 10 59 12 -57 44 77 57 69 3 17 36 32 15 5 9 49 -98 89 -77 -44 -67 -71 -23 90 17 -35 -38 59 -10 46 -25 -18 67 84 -36 37 -15 -10 35 -84 -46 65 -71 -66 -85 -29 31 10 -24 -27 29 -6 90 -85 18 -46 -28 42 41 -34 -33 -30 88 -34 -96 -12 -36 -80 15 76 -46 76 94 19 -51 -87 56 -89 92 -89 -81 -14 14 -21 42 -51 34 -59 -2 98 85 92 8 -81 8 43 -68 96 3 -9 -38 90 -7 -94 -9 13 63 -96 -59 30 
-63 89 80 38 -75 -56 -13 -5 -37 8 -64 46 -17 -61 52 45 31 -50 45 -34 -17 -84 -66 76 -85 88 90 75 -48 -96 -59 35 -49 81 -37 -3 50 -14 -60 -18 -79 -96 -98 -38 -64 -68 -18 -64 -95 17 81 47 -85 -45 48 44 -74 -26 -84 -3 72 38 -85 -9 -95 14 -57 28 -6 -72 -75 64 71 -28 -38 86 -9 -36 91 71 18 -94 -40 20 57 -36 -95 -35 77 36 -61 0 -71 29 -4 59 79 15 9 -72 -62 -9 -20 97 23 88 -7 89 -23 -15 -44 29 75 6 75 -72 50 -5 -86 -28 1 -50 -25 1 3 -73 -2 31 64 69 34 -14 -24 -7 23 -38 97 -10 84 -66 -35 12 29 79 -41 -96 38 -25 44 28 32 29 42 -85 -11 -54 -41 -88 17 62 35 -36 -33 -77 -18 -54 -83 -32 -73 75 6 -52 -60 -75 -90 -7 63 -86 71 -69 34 -90 94 -71 -11 -73 21 10 37 -39 22 -1 -57 9 33 87 10 -11 4 58 -8 6 -62 87 67 -6 12 33 95 -53 -59 -76 65 9 85 25 -56 48 -8 63 -8 43 0 -76 -85 -18 75 -9 90 -70 -29 -1 -50 40 73 5 -43 25 23 -40 11 -24 -40 -19 89 97 -3 36 56 67 35 -60 21 -4 80 74 -69 -82 12 -25 -98 32 53 -8 -27 32 -47 -85 63 81 -17 28 -59 -96 -10 25 43 -62 -30 41 -14 -98 -36 -30 39 47 -59 56 10 -80 -89 8 -33 -41 -37 61 77 29 -72 -6 90 92 -59 -10 -70 -37 -99 -60 38 -42 -43 16 39 -68 -64 -24 3 24 -64 36 -43 -50 -20 90 -76 -31 26 67 -8 11 -37 -16 -15 -19 24 94 3 45 -22 -28 35 46 -12 31 -98 67 -13 15 -16 -52 -99 75 -51 -33 -86 50 52 49 -20 -39 27 -48 -97 51 -60 1 41 -50 -37 -90 -82 -2 -29 -44 44 -76 -94 81 -30 35 31 35 -49 -68 -52 -9 -54 11 82 -83 -90 -10 -64 -44 -64 -72 61 1 80 -71 -74 -93 95 56 -37 -33 -21 -48 93 -59 78 84 40 99 76 -8 90 41 -74 -8 -80 82 -90 34 -15 -13 64 -25 -98 92 37 -99 -79 -80 34 81 41 89 -4 79 -42 10 -77 -97 -47 84 86 -59 30 -72 -85 -23 -82 55 23 -67 -46 9 -97 48 -9 -85 28 -39 -46 -42 -64 37 82 -69 -88 91 97 -83 55 -72 -45 -5 64 -45 -71 -6 -78 43 73 6 -94 -46 -64 46 12 -98 -27 38 41 -27 -54 29 11 50 
-59 26 85 72 96 80 -90 94 15 -35 -93 43 -3 -87 31 -34 -33 36 -45 65 -65 -82 -35 46 71 -38 16 -44 -71 -64 87 8 -82 -29 -43 -64 48 -12 -1 96 76 -74 57 -90 24 14 -56 -53 21 -95 54 -8 -1 40 14 -37 86 -86 99 29 49 8 4 28 24 94 -87 91 -42 -80 -85 61 -1 66 -94 -47 43 30 -97 20 38 -95 92 92 -40 -42 -45 23 67 -83 -78 8 29 -25 78 -7 55 -80 -47 42 13 -49 60 -58 85 45 53 68 2 86 98 -22 1 -75 43 20 -41 79 1 -38 -93 -8 -78 68 -92 91 -27 -56 -18 -37 -48 57 -88 22 52 -11 19 -22 -86 -84 -39 37 2 -86 3 -87 -44 55 -17 8 40 -55 -57 20 -43 81 -34 78 -36 -48 20 74 68 -35 62 0 -78 -52 -70 -87 46 -86 91 -69 -38 79 -81 82 93 -25 -66 -57 -92 -36 94 79 89 84 -2 -17 -59 -13 -32 96 5 25 -10 -51 -92 -7 57 24 24 -21 11 -51 6 -42 68 -25 -1 -78 22 -54 -82 -21 61 -22 68 -60 -21 -17 -63 45 67 -66 -57 -75 -2 -5 66 -70 -44 -49 33 56 51 66 41 60 -51 -6 26 63 -90 -58 -67 -95 -81 -82 -86 -57 -4 -14 0 -47 -59 -42 75 49 97 -5 63 -74 -40 -5 68 -12 -79 -12 -78 -72 -28 5 75 -1 96 -17 23 -40 -12 -35 66 13 48 92 -11 96 -79 65 11 12 19 65 -22 -25 47 52 -58 -23 -25 -53 -21 62 -4 6 -6 -44 3 -13 10 -81 -26 -21 -92 -96 -20 2 -25 30 -12 16 -31 53 -65 -12 -31 -30 42 -52 74 -76 81 39 90 -2 54 -13 40 -9 91 63 -77 -12 -46 20 98 -3 82 75 -23 -66 35 32 -86 -87 -3 -61 6 -35 -50 -95 -32 90 22 90 -51 28 32 68 84 -75 68 -11 71 -62 -8 6 48 -32 26 69 91 -52 -1 0 -45 90 69 22 73 -89 18 -60 -63 -33 -44 -11 -78 12 -78 -32 12 71 23 -2 48 -34 57 52 44 55 59 -65 94 -86 66 1 17 -17 -2 8 33 -15 -56 -66 -92 -58 -45 84 -8 35 97 63 -80 -25 -43 59 -81 31 -96 4 -17 -5 -55 88 -27 97 -69 -23 -30 -51 -61 -74 27 64 69 94 -47 -37 2 -77 88 -54 -21 -3 -19 76 -20 0 33 -74 61 34 -87 -49 22 73 -70 -3 70 -64 28 44 -40 3 76 53 45 -38 89 77 -69 47 -49 90 31 7 50 -89 
-81 -23 -49 66 41 -87 89 -82 78 -36 -88 5 -61 79 20 84 -90 -6 80 17 -91 -64 83 91 16 62 66 -91 -34 -9 64 44 44 -56 -22 -31 -68 6 52 48 79 -40 10 -57 -30 -63 -16 -16 15 -82 19 52 1 -54 -90 -22 46 99 0 -62 -60 -21 -33 70 74 51 -34 -23 67 7 81 63 38 -70 65 61 -21 36 -26 -48 -49 -13 82 84 -16 -14 24 -65 -11 25 -70 75 89 -69 -82 -53 -96 -89 -19 -70 30 74 -59 -23 77 -67 59 42 89 -31 -79 -41 -32 -54 -57 1 26 -89 -37 -76 58 -39 -86 -15 -71 63 89 59 -59 -5 32 96 -19 27 -64 98 35 -42 57 -72 73 -17 36 6 97 -1 82 -16 77 -96 71 -64 47 97 86 23 20 -3 62 89 -26 -23 76 -24 -76 -52 -10 -34 -8 -7 69 -77 16 -70 -58 -77 18 82 -68 48 -66 79 -88 -73 -4 84 -67 42 -96 75 -97 -50 -29 -80 -51 -40 -22 -20 -33 -50 77 84 48 -4 46 -82 76 -32 52 58 -69 34 36 12 -13 77 -12 99 12 -8 33 -26 84 -22 9 -47 31 -59 42 -2 14 46 65 10 30 10 6 52 86 97 35 -78 -65 13 5 9 84 68 85 54 99 -82 -28 96 30 78 16 1 -18 -98 58 6 85 81 -90 77 -71 -75 -81 37 -99 27 48 60 77 -48 41 -98 -66 72 -66 51 48 -40 -67 43 -94 49 93 -81 -56 -74 16 67 88 -86 75 -78 -65 -5 50 -97 -10 -29 20 59 -30 -87 -11 56 -55 27 -46 -8 56 -44 -94 9 -42 -81 60 85 65 55 -48 -21 5 91 8 40 55 39 -19 -58 43 37 56 32 -28 -78 73 29 72 32 -52 -28 -65 35 -74 -14 -89 75 -87 83 47 -36 -55 -70 95 65 -67 -4 -26 38 -64 -22 25 98 43 -44 52 -35 98 -88 86 -50 94 -50 -90 96 9 -39 -94 73 -42 17 -1 87 -77 39 -97 42 -16 76 -12 -66 -12 96 44 54 -88 68 -4 -73 -19 -80 -99 6 -45 13 15 -5 17 -82 89 28 17 -74 -91 -42 -75 -44 47 -69 -54 36 -61 31 -13 -22 27 -98 -95 71 -1 -13 81 -67 -93 -15 -66 -20 -32 -50 -10 35 94 -50 91 -26 -19 0 -97 -7 25 64 -20 -44 17 65 -36 99 40 65 46 -69 2 19 -56 94 -88 39 16 62 95 13 80 87 28 -55 -39 -10 94 -60 -13 -11 -47 -60 27 -88 -45 0 59 -66 99 68 73 3 92 61 
19 76 -66 -56 98 -63 -61 59 21 -87 13 84 49 -1 12 60 -46 -18 18 19 6 -21 -99 -38 64 -49 -33 60 32 -88 -29 47 -56 79 69 44 -75 72 -81 -67 -78 76 48 -2 -39 21 38 78 -38 -64 -39 57 -49 -41 79 38 76 -54 -51 -45 -49 -57 82 -59 -7 99 -37 -25 16 -61 -68 33 73 10 -53 83 -53 -61 -41 -63 -56 78 -72 38 6 -16 -3 -53 -89 46 -37 92 -97 41 -47 -68 94 -70 -64 2 8 -70 24 -4 13 2 2 27 -97 97 38 8 81 -31 -51 -22 95 -19 -95 -96 -41 44 9 -20 -60 86 52 -91 83 25 -10 88 46 -28 -79 -52 -12 9 -82 17 -96 37 20 -39 1 -42 -69 51 -76 7 -2 81 59 -78 -35 18 -40 80 65 54 -89 37 73 26 -74 -14 23 -21 27 -88 77 1 4 95 62 -39 -24 -71 -4 65 -28 -86 -46 88 -36 -71 -79 36 -92 27 86 -84 38 78 11 34 83 23 79 77 -62 -9 -54 25 38 71 63 2 -75 -40 -58 -11 -31 18 61 23 -65 -93 -23 24 39 -76 23 67 -93 57 -24 96 71 62 53 -75 -95 -12 62 -39 84 -39 -58 -93 -55 56 -18 -49 -45 94 20 -48 80 30 -15 74 -76 -39 -68 -20 4 81 21 90 86 11 -82 32 27 38 -83 -89 68 20 89 60 45 -43 71 45 -48 -82 -55 99 -43 1 70 -32 -90 -69 77 86 -69 -17 74 58 39 -24 -8 8 49 77 -56 9 95 -30 -22 12 -50 58 -16 -3 89 -9 -39 -79 31 49 40 -82 -10 16 -60 -81 64 -74 15 70 16 56 -57 -45 96 -99 53 15 48 61 94 71 92 -43 -99 86 81 11 73 -33 83 69 48 -32 5 64 76 -35 29 69 -68 -40 -46 81 -19 -61 3 31 -26 -15 -11 69 70 -89 -44 -91 15 99 19 -60 -99 20 73 83 -76 -77 -26 -14 60 -51 97 34 -76 -78 32 11 -4 53 -16 -75 -24 73 27 38 81 99 -66 -33 71 -25 -96 -67 5 21 71 -89 -86 -52 28 85 72 85 -15 -27 40 47 77 -68 -41 25 -31 -36 75 -73 -83 69 52 -96 -4 -19 89 -45 52 11 97 9 61 -35 -60 -91 11 -2 -91 -46 -14 -35 -59 -76 29 -4 -81 72 -3 -6 -96 -42 -9 -70 49 -51 96 61 -34 -93 -39 54 31 52 7 -10 5 -38 14 88 -87 97 -90 -47 -35 -99 4 80 -63 -89 -45 57 -31 7 -36 -19 -45 25 -34 -84 -51 -72 
-98 7 10 -86 -81 -8 -75 31 37 -18 -96 86 76 74 62 23 33 -5 85 19 41 -75 58 -58 -7 -85 -70 84 47 -86 -37 -55 -71 76 -88 -79 49 39 -74 -67 -69 -99 -86 -79 -80 -3 -66 32 -8 77 54 37 -99 -39 -27 -4 -51 15 -53 42 -36 -47 9 -19 9 -68 -38 27 34 -69 -83 46 54 64 -9 95 -15 52 -48 -34 70 -70 6 -97 -44 -4 60 -37 16 -32 58 41 50 62 38 -46 85 37 1 17 85 -75 -52 47 -53 84 -7 5 63 97 -25 -43 35 -55 53 47 10 -77 77 -67 23 -83 60 55 86 66 13 11 84 53 12 40 -3 13 18 -26 62 39 -9 0 -75 -11 -63 99 -32 -15 -80 -67 -20 92 -70 92 -21 -62 -34 -46 35 -82 -92 -71 -92 -29 -73 3 73 -88 6 93 32 66 -66 -66 -81 -88 -82 52 -5 36 75 50 25 -9 67 -11 6 98 -4 34 33 30 -25 47 -94 42 19 -20 -3 -63 68 -96 -68 -31 -81 -49 -24 -23 79 -29 87 -52 2 52 19 94 20 67 3 65 -80 23 0 83 14 2 5 48 -21 -64 99 -69 39 62 86 -57 52 25 3 94 -74 34 63 -32 -72 21 15 -52 64 -65 -84 -98 -81 -56 34 84 39 -12 -85 -98 -27 -62 -42 -65 -96 56 63 -20 -77 -37 20 -29 -24 -8 -80 -62 -38 3 -20 -47 20 94 3 -3 -14 -84 77 -98 -60 33 -12 -27 -17 -57 -10 49 -81 5 79 -61 63 -69 95 -95 27 81 -99 95 20 3 -10 -23 -11 77 -30 73 61 85 -80 69 18 -71 90 32 66 6 -67 -27 27 -12 -6 -64 87 56 6 -5 22 43 27 -60 38 -6 -31 14 -50 -88 99 -22 98 98 -3 46 59 -44 0 -87 -37 81 -35 -68 -20 46 46 84 -48 33 44 66 -17 41 -98 -97 -40 -27 -47 -9 -38 54 -79 90 -7 -39 -11 91 -75 32 -58 -27 23 12 -20 -51 76 -15 -10 -38 95 -85 -53 -60 12 4 -30 -57 8 -32 24 -39 -38 57 -56 -82 -78 41 23 -9 88 97 -15 -95 77 77 -18 -90 -39 39 -45 73 -99 -82 97 -98 90 92 -74 -54 87 37 -22 -92 -30 -31 -78 -36 10 70 -61 59 -29 -5 -21 59 -97 -85 21 -38 23 4 -14 -79 96 21 57 -37 -57 23 -93 63 -21 67 -81 -56 -54 68 54 -71 58 75 86 75 70 -76 -47 -82 -48 -8 -5 48 65 -93 -92 -65 -41 -99 -98 -65 -89 16 32 -25 12 40 
3 -91 0 -5 -11 -94 -52 47 0 -54 -32 47 -20 26 27 -62 -87 -24 -96 66 -13 7 -26 61 84 21 77 -21 -68 88 59 -99 -40 41 -79 84 17 -13 39 -63 52 -93 -13 28 46 -77 76 81 95 -53 -35 35 6 -39 43 -32 -94 23 -60 57 -50 -56 -59 -43 -97 -92 -27 -30 75 60 -28 -7 3 -9 -70 -46 -80 -56 57 -90 -23 -41 88 59 58 15 11 -82 -23 4 -58 85 72 6 -44 12 52 71 -27 -89 -51 6 -69 92 -15 25 13 -57 76 -45 76 -59 38 71 -6 81 -48 -18 69 35 90 -43 -60 -3 3 -61 82 -36 80 -44 -56 -2 -67 -95 -84 8 47 -98 -66 76 -90 82 -83 -12 4 8 -51 6 4 -61 23 -58 82 70 1 87 -45 -66 -22 -58 35 -84 -75 84 36 -37 67 10 14 38 -68 -3 -80 -83 42 -40 -20 -47 -40 -99 -20 -43 22 20 -31 60 73 16 -13 46 -21 35 -55 33 32 -15 -20 -16 11 -72 -39 -81 59 -88 58 -89 63 -2 -17 88 53 60 91 -27 94 84 14 -92 49 67 72 -9 33 99 81 55 62 11 -2 -98 48 23 6 -47 51 -11 53 -88 67 -65 -57 -76 -68 -54 60 49 83 41 -76 -10 -98 -40 94 84 -29 16 -99 -11 25 36 35 -23 -40 51 44 -51 -14 -42 -55 97 -44 33 -97 -34 -91 43 -77 -21 -25 96 53 -57 83 -96 52 99 97 29 98 -27 7 29 17 -66 73 -67 -44 -90 -46 45 20 43 -90 54 -50 -83 -87 6 -41 84 -97 15 68 2 -12 8 -13 8 66 -53 20 72 -24 -11 49 92 -72 80 62 99 58 -24 11 -85 -81 -80 19 6 17 45 98 18 13 61 81 -3 96 9 54 43 -57 -61 -77 -49 -21 10 81 37 8 6 63 -85 83 32 96 -53 -9 -86 -43 -71 41 70 -86 92 -70 -73 -16 21 95 74 -10 -31 -60 4 -90 -1 74 15 -91 77 13 49 42 12 89 63 35 30 76 81 54 -26 17 86 89 18 92 -69 -86 29 86 -1 -94 -57 13 -95 62 70 65 91 -92 -10 -14 -22 -7 43 19 -55 28 -75 -61 35 -81 93 -13 -73 25 -33 82 -41 -81 -96 -16 -60 -37 -14 66 30 42 82 37 -46 -35 -58 -17 58 85 57 91 -16 -74 -20 20 13 -67 -98 10 -78 -37 -93 -37 -77 95 -6 -85 85 -99 50 81 1 23 -52 21 13 81 -31 -59 -18 73 -33 6 -19 23 80 -89 82 -73 -58 21 -37 
60 69 75 96 -81 -25 -49 -83 35 -53 54 0 90 -93 56 -24 36 31 -61 -60 87 78 -57 33 -72 -98 75 73 43 20 -97 39 -79 -54 40 52 -24 51 -90 -52 -69 -47 58 -94 -23 -69 64 -88 -79 20 71 19 38 94 91 -65 -41 50 -3 44 69 72 -52 -99 -76 92 25 -10 -34 90 -43 -82 64 4 45 24 -73 53 -85 -80 8 -44 -88 65 13 -85 -77 -24 -49 -70 -33 -47 -93 97 -3 61 -36 62 75 72 36 89 -65 -1 24 -32 48 26 -36 -31 18 -7 12 -13 -88 89 -50 -34 52 72 -20 4 89 -84 35 19 37 -4 -84 -66 49 90 43 40 32 -75 -88 -90 46 -55 -43 -97 -64 89 -35 -7 -65 65 27 73 43 41 37 68 -48 12 -19 95 -68 -57 -37 -15 -49 66 -43 0 -82 -78 -59 18 95 -94 89 -56 -97 -5 -60 -85 -6 -5 7 -78 69 56 27 44 14 20 -19 -87 -40 -97 4 19 63 -18 61 83 71 48 -29 17 -66 3 54 40 -96 -9 -7 88 43 -24 -39 60 -83 58 32 -81 88 77 -12 -83 -57 -95 -15 -26 -51 -15 85 5 -12 -8 -92 88 40 -46 59 4 -63 -10 22 -20 -81 69 73 -98 -81 -50 46 -60 -71 18 63 -49 52 75 26 -22 51 49 70 -58 38 -63 -98 -55 -86 -24 24 -22 9 -70 42 52 -66 -36 -89 -16 22 -74 -89 -48 -97 -27 -83 -76 -65 -97 -35 90 21 46 36 -3 74 94 -49 30 -74 -87 -19 -34 10 -18 45 28 17 -21 14 -87 49 14 -86 -71 56 -98 -30 1 53 -96 -51 35 -72 8 -83 6 -39 -96 -36 -85 -4 -94 6 32 38 10 1 96 -92 -4 -26 -49 -95 -61 -81 37 50 59 -43 16 -54 25 39 63 48 0 90 -68 40 -95 31 32 56 -76 -41 -24 8 -90 -73 -95 24 -74 26 95 -29 -84 39 -89 24 -3 -8 -73 -35 -91 -59 88 77 44 -84 -66 67 -71 85 11 53 34 6 -14 43 69 18 99 -68 41 -82 -65 -23 -72 -35 -89 59 28 98 -42 -56 92 -59 20 -84 -2 63 33 -55 -95 -91 12 76 -3 32 51 18 -89 -81 53 7 44 41 -10 64 -18 -34 -7 -79 -37 -49 61 -8 11 37 31 16 75 48 -18 -12 58 -74 -79 95 70 30 21 14 81 -19 -62 39 -1 -96 -90 -81 -78 92 -25 -15 -28 -69 51 -31 -6 7 88 -27 56 -99 -9 -80 -26 9 89 93 8 41 7 61 -8 5 -15 30 1 
55 5 -94 78 -28 74 39 -8 68 3 73 -66 -59 -42 -72 83 -39 6 16 70 11 -3 -69 -8 18 -14 69 -51 -28 23 62 37 30 -84 73 -49 79 -99 -47 51 -92 -75 -10 -49 -28 -69 -33 -72 -49 30 -39 -7 28 51 -51 33 25 59 -41 23 -94 77 28 -70 68 12 11 -1 66 -74 71 9 -97 83 10 64 84 95 -73 -12 35 -68 50 82 70 -75 33 39 -92 61 -69 44 78 -99 99 -75 -5 -7 55 -20 -32 21 -45 22 -45 12 -89 -14 -28 6 -16 93 95 -93 61 -91 -9 -49 17 14 23 -45 63 -57 -60 42 -68 32 10 19 -44 -57 -6 51 -25 75 75 35 8 -76 -28 7 -2 -28 54 16 50 -62 -39 -9 11 -11 -92 98 50 6 52 -19 54 92 -38 -19 -58 -29 2 -57 -18 47 -8 77 -97 51 -60 43 39 -92 15 -21 19 -67 -7 39 72 93 -59 -89 -70 23 24 -76 76 -24 -55 -33 -12 -28 95 85 41 -85 10 -76 4 35 -94 -14 57 -47 -71 -19 -19 -49 -55 -51 5 18 -46 10 18 73 -23 8 -44 44 -36 -77 79 87 25 -66 26 16 11 21 3 38 -54 37 15 -14 57 3 28 13 -9 -29 24 14 18 75 45 69 -55 33 -6 26 4 -6 -49 84 -16 0 94 -13 60 -53 -65 -14 -15 -6 20 -18 -91 85 2 -98 16 84 24 32 -78 -20 85 -50 6 -5 -93 79 29 56 -52 26 15 -4 -55 89 -66 -59 -84 -32 58 -85 -4 78 36 1 85 95 81 -2 -21 -16 28 -70 28 84 87 82 18 54 -82 -23 26 7 68 28 92 17 -82 -95 71 98 -85 -76 6 43 40 -15 9 -30 98 82 -57 -56 15 -10 -91 73 24 83 -62 32 58 89 89 17 13 0 -4 26 15 -65 -56 -7 79 -61 -70 -62 33 0 51 60 89 -27 -20 15 75 24 -31 9 -98 -18 82 -75 18 -79 56 6 26 8 -6 66 4 60 84 26 60 72 -72 -78 39 4 33 -65 -77 -35 35 -6 43 88 5 83 -83 87 17 70 13 -71 -13 23 -69 81 38 -82 -21 -97 -75 4 77 -97 -98 47 -4 20 56 55 42 83 -67 -87 66 -94 87 -19 -91 -90 52 -27 -98 33 -43 76 -67 -91 -42 -74 -57 -52 -23 92 -8 66 -96 -67 86 0 -32 -88 -54 -49 -89 92 74 -9 32 -49 34 -49 -90 94 -74 82 -82 8 13 43 63 58 14 10 30 -45 -15 -66 -6 23 72 -45 -38 25 
-98 -18 81 21 41 -10 -64 4 -40 -90 60 64 -98 54 36 83 -1 -33 74 53 -45 99 20 17 79 -65 -85 -5 28 29 43 78 29 -9 41 15 51 12 41 48 63 16 -83 -61 93 56 -40 67 -99 22 -6 -60 -90 22 96 1 -58 -38 88 18 9 26 96 -16 -41 -80 65 -50 -94 -40 3 -49 38 -39 40 3 79 -9 11 -46 -31 -49 -98 -24 64 -87 84 57 22 -30 -52 -40 -86 15 87 82 33 -26 -28 3 45 68 87 -54 21 -36 4 37 -53 -42 60 -34 -94 87 90 -80 -12 -31 27 31 13 46 4 49 -45 58 -9 12 -25 18 -72 41 30 97 42 26 64 -26 -7 -79 99 -16 -76 -46 -80 31 -1 87 93 -80 -25 -68 -11 2 -17 77 -77 15 63 38 18 -17 -90 -34 63 7 91 -50 -5 70 -62 24 52 93 96 -67 -63 -25 76 -41 -93 85 -73 -67 68 -84 88 -1 -10 74 -27 -77 -90 62 42 -95 -9 84 73 -31 22 -73 -84 84 96 -27 87 -54 59 -23 55 -88 -68 -14 -39 31 82 57 4 -2 -29 -47 65 56 -89 42 60 79 -24 11 -27 -35 -66 -53 17 67 -28 -28 15 -68 -28 -45 10 16 -13 68 99 -72 42 30 91 -47 62 32 37 -6 -75 -28 -17 -53 26 2 -14 48 97 -4 77 30 -69 -33 13 -7 -66 25 -36 41 68 -23 -20 11 -62 -35 -73 -93 38 86 -75 -15 -30 -33 35 54 58 -3 53 28 -74 -62 -56 0 4 -35 95 59 54 -37 17 -17 85 84 49 -30 4 -80 -35 -71 -14 88 -20 -25 -88 1 -8 -20 -27 0 -69 -61 75 95 10 25 68 37 -50 -43 -48 76 16 68 -73 92 35 56 -77 17 2 -14 39 71 -65 -62 -75 -87 -93 -2 -85 11 -81 -87 53 55 -51 56 46 47 -52 11 -40 -64 -45 20 58 -36 12 -51 -45 -23 -78 75 -90 0 -68 78 31 1 -88 -55 73 93 -69 -89 8 67 46 3 -93 -75 -60 -96 -9 -96 -30 54 -72 -71 65 -41 6 44 80 22 -45 -35 58 -38 32 -36 83 -47 19 -95 91 -10 4 43 -67 4 63 -7 -80 -48 67 75 -52 85 -40 74 92 -46 97 -69 -85 79 46 -10 84 -83 43 25 -84 -16 -34 31 72 -97 -53 -43 -80 -37 -90 -95 96 95 -6 73 -83 -77 28 86 -60 -96 -42 7 9 -68 32 -41 -74 -32 89 7 -25 -38 -25 57 91 -36 -6 -20 -4 11 18 -92 23 43 -47 -15 -13 -61 
-18 -87 62 4 99 -24 92 24 11 -49 38 37 -90 -7 -22 -92 88 94 43 51 10 10 96 41 75 48 -2 -71 -95 -43 -52 -66 -15 31 -70 -51 77 -67 -27 32 -79 42 -37 -61 87 62 -13 68 -75 -81 38 73 -90 76 -30 44 -56 99 2 -17 58 1 -2 71 46 -87 90 -76 95 -28 5 59 -49 -95 -81 -14 -12 91 8 -10 16 -33 -3 31 -16 -64 43 38 2 -35 -41 66 66 -10 -46 -55 -46 92 -28 80 -65 -84 87 -93 66 -61 1 -13 87 -50 62 -20 73 -62 -80 90 -30 76 -44 -62 -62 75 -62 1 29 -7 -27 43 -59 -30 -52 65 88 -84 68 70 14 8 -78 44 -25 38 -19 -25 -79 -5 20 -22 -14 -20 93 -45 86 -73 88 -94 24 75 26 84 -44 72 70 21 -35 51 4 -59 -82 -94 2 -43 -50 -46 75 6 92 30 -76 52 -8 -8 53 60 29 10 -92 -6 41 31 34 14 -76 -80 72 -15 14 0 -34 73 -51 -48 -23 89 27 21 3 70 -93 -4 67 31 1 -13 -20 -10 -7 9 -32 -24 -81 -84 58 76 15 -33 -36 -41 68 33 -97 -16 55 0 61 -35 -1 95 -33 -76 56 -23 -30 64 -70 -99 28 -23 50 74 -76 58 5 -83 -25 75 -18 -74 -99 -29 -60 -47 -20 86 -32 -39 80 4 39 27 50 86 14 -82 92 63 -52 -65 -32 80 52 17 40 75 28 14 6 -86 21 -24 53 81 82 23 -97 -44 -73 -55 8 56 32 60 -53 40 -98 27 -87 99 66 15 46 -10 98 44 -67 90 31 -13 53 53 -93 -45 -63 44 0 -96 -6 -5 -47 -75 94 66 -93 -27 30 -35 -50 43 49 11 78 66 58 -41 -3 92 -45 -2 96 7 -38 55 62 31 -55 -22 41 48 52 38 -86 65 3 -56 -93 68 -45 -1 -29 97 5 -5 -45 10 -58 1 71 26 -55 -13 -39 -89 -74 41 -47 -30 -49 28 -2 -22 91 14 -80 -67 79 -43 54 47 52 -85 20 53 92 13 45 95 -82 93 -43 41 -46 75 1 -3 18 -39 -38 -68 -91 -30 46 71 3 81 62 -48 -55 -59 18 -61 -67 -90 -65 -99 -30 -12 12 32 15 -91 -66 -73 -25 -22 40 -41 -14 -70 -22 -61 48 -58 2 -28 89 -37 -53 -57 -34 23 43 35 -44 -54 -4 29 -92 7 32 64 -55 16 -4 70 -49 -95 -50 -46 63 -44 -58 -57 81 -87 65 -81 -65 73 87 -74 -8 95 24 -42 89 13 0 -46 -8 52 
-8 27 -36 81 -83 54 -32 94 -87 0 -42 -54 36 25 -2 9 -53 80 -64 -75 -83 -87 82 77 99 56 -83 -66 -82 55 -16 0 25 -48 7 -69 46 -78 -9 81 88 46 -9 -34 26 -70 67 59 2 19 -33 60 38 46 -90 -14 53 12 -34 -46 39 -93 -7 90 45 3 23 21 -83 -85 67 97 -47 -96 98 -19 51 -4 -95 -16 34 95 -18 -82 -24 -68 -42 66 50 97 -90 19 92 78 -60 -71 10 -63 -29 -30 37 1 54 2 -41 -22 92 -84 35 -42 -62 66 90 -67 -52 29 28 -96 -74 59 98 -14 -97 39 57 5 26 -57 57 40 24 -40 98 -52 -45 85 73 72 -66 -72 79 14 5 21 66 81 44 -42 -59 24 -12 3 -77 -55 -90 81 90 49 -69 64 -96 62 -98 -65 -98 49 -15 -69 -27 -81 -7 -66 -5 26 95 -77 33 -45 61 30 -29 20 68 30 87 -98 -91 -21 -5 33 -53 -19 -87 82 -65 -66 94 -5 40 87 -17 -23 54 80 -24 47 -62 9 -22 31 4 64 23 -54 -32 35 9 -83 90 -7 -47 47 44 79 25 -93 0 91 36 7 29 -3 -61 -96 49 -56 -8 -1 11 -51 -68 -86 22 46 -85 -79 -33 76 -53 -23 57 81 58 -27 73 41 97 73 -13 -92 -66 97 -62 0 -75 18 -80 -4 62 -73 71 36 -95 72 -54 -12 -26 56 -40 -26 71 0 -39 31 -82 23 99 -21 28 -19 -2 -90 -28 -54 32 -68 -65 -31 19 -61 -17 9 -44 -67 20 -96 15 -4 -26 -5 -82 -21 68 98 -41 -75 52 71 -5 97 30 25 15 -81 -18 -39 -8 54 -56 67 -15 -31 -69 -48 -22 -9 47 67 18 -56 -63 43 -40 35 68 -19 28 5 92 57 51 34 28 -3 96 -78 -27 9 -26 -71 -30 -47 -4 -89 -9 55 -66 -4 68 84 -44 -69 -4 34 16 51 -19 85 87 -51 -83 -20 99 -80 61 82 -15 66 2 25 -52 12 81 -73 -22 22 -32 -47 28 -38 10 -58 39 -48 -4 65 96 -35 -39 -87 2 57 -19 34 -80 -83 -54 64 29 -4 -29 2 98 54 56 23 3 -14 -94 -63 -53 -5 44 19 28 -99 94 95 23 -59 76 25 -16 63 -10 -55 -95 -53 10 56 62 -16 92 -68 -47 -29 -82 66 22 -16 -35 -37 57 36 -9 -41 91 95 96 78 98 -92 -91 -85 -11 -70 91 33 59 -36 -35 -36 -6 -1 -37 -67 -80 -29 -65 82 65 90 82 -16 -65 50 -17 1 -53 88 
51 -99 36 -42 -50 -64 -11 -87 80 16 -67 -50 -37 90 -53 -27 84 54 -48 94 92 -45 41 -54 43 -52 38 36 62 -19 57 58 -11 -92 29 -54 -61 40 -35 31 -70 -62 89 -17 4 4 58 -67 79 -59 -52 -58 -49 -33 -59 -50 10 -3 -98 17 -13 -73 -36 13 48 -91 16 85 -72 38 -21 69 58 41 -95 -98 3 -2 7 -65 -57 -34 88 -56 51 62 -37 -66 59 72 7 -17 91 65 -46 58 -48 42 16 -42 12 73 -30 -28 -67 -37 -34 -90 -83 29 21 -3 -14 33 97 95 -86 -85 54 -43 -87 41 48 -50 90 -46 60 -7 -68 42 -8 36 68 17 93 -88 -69 4 74 39 83 -79 7 -31 31 -26 44 -48 -29 -74 42 -93 -63 -98 67 99 -55 -56 -4 -20 67 39 -12 24 20 3 -86 -40 -57 -9 41 17 19 86 83 59 -53 83 78 96 -99 92 30 35 77 48 48 -95 62 -20 87 -56 82 -41 60 -11 -32 -40 9 -51 -96 18 27 -65 88 5 47 43 46 -15 96 13 27 79 -61 23 -70 68 -76 5 93 -58 69 -94 82 57 9 25 -75 14 -30 5 63 -29 3 -22 31 18 -23 -11 91 98 -61 -58 55 6 94 46 -3 -50 -29 2 70 98 27 -17 16 -17 49 58 18 -47 -67 -45 -17 66 -47 94 37 -71 95 -7 87 -92 57 24 -2 -73 -24 43 28 4 80 -76 5 54 -11 -12 13 -16 73 40 85 -41 -20 -17 2 -83 6 61 -62 -63 -30 -82 -47 87 54 -38 -14 -44 -62 -18 23 11 20 30 -49 71 -70 -37 -20 -96 55 89 -54 14 -61 -93 41 -69 37 87 15 -30 48 -82 -15 46 8 -49 -73 71 14 -7 22 75 -26 76 -53 76 -29 -89 -62 -88 -89 16 62 -41 51 -97 -68 -21 69 7 -75 85 -7 -86 -6 -78 74 -49 -27 -86 -82 35 -18 31 67 -21 5 -9 -22 -68 -46 44 -95 -70 78 97 -30 46 18 59 -65 -46 40 -61 -58 51 36 43 -43 -47 -10 -17 43 30 -32 -22 -25 83 -11 68 -35 89 6 63 48 -34 -51 -2 -39 -27 24 37 13 -47 -90 43 47 -23 -53 -58 41 -92 89 -21 -73 -3 -39 9 -84 -33 -64 -45 22 -57 -14 -70 -37 92 76 89 -32 16 -15 -97 -35 -69 -3 46 -59 -37 6 -60 53 62 97 -3 -12 -84 -79 14 53 -32 -67 26 -12 11 30 -69 -50 37 -93 64 15 69 -81 -24 60 -28 77 54 -67 44 -59 23 -64 94 
15 58 -12 61 -83 10 35 52 44 -78 45 -87 -76 16 -76 91 66 9 -61 -8 17 -92 -17 -76 -28 -28 13 85 58 -93 -92 43 92 -83 39 73 -64 13 48 -49 -20 77 -10 -41 28 68 -56 42 27 75 55 69 -12 -57 29 -1 -53 -37 -84 47 42 37 68 42 24 53 -72 -47 -61 99 30 -45 30 55 96 -41 16 -38 -50 39 -92 9 -41 17 -82 57 42 38 -18 -8 -77 52 24 -13 65 56 19 12 -10 -70 -63 8 -4 53 65 81 53 82 11 -98 -41 -72 5 -48 57 47 71 -46 9 -24 -30 15 -5 -13 -86 -74 21 12 -3 -68 -29 -68 -17 -57 38 64 65 46 92 64 -23 89 -63 -84 -71 -90 35 -66 -39 65 -4 -88 48 52 38 32 1 85 6 0 -78 17 96 45 -21 32 -67 98 -75 35 -72 67 60 -79 58 -93 -67 14 60 79 75 -43 85 -94 -68 -80 -28 -2 20 95 36 3 -60 -1 7 -78 5 -62 -3 99 -17 -73 16 15 -80 -11 -20 34 54 -70 -90 49 85 -17 -33 -84 -80 29 -7 58 -46 -21 74 -29 -91 70 19 -90 -80 -84 30 -26 26 -68 96 -70 -9 -50 -30 -6 -94 47 41 -26 -27 -34 -54 61 18 -11 -88 15 -40 20 -38 77 -1 89 -4 51 27 -49 43 -81 85 -12 -15 -71 -40 52 41 -91 79 -44 58 75 -35 -10 7 89 16 68 84 98 -87 -96 17 -2 -42 42 80 84 80 -42 -74 -33 -28 -34 44 -45 84 11 23 -66 15 -96 -92 8 -65 0 12 45 -54 67 14 -95 -3 -26 -26 -34 -18 -25 28 -89 -59 47 -85 41 8 -6 -19 -80 77 -64 84 -81 -70 73 19 52 4 3 -96 3 -45 47 -52 54 -23 -30 46 45 -20 65 -61 61 -82 57 -77 -34 96 -67 -82 26 88 62 79 74 -44 -28 -32 55 3 71 -97 -1 -97 -66 78 67 62 29 -78 -70 36 21 -71 94 99 91 -53 57 -80 -29 53 -25 -80 95 70 -23 1 -30 5 90 -57 4 44 96 23 -22 81 25 -91 -50 -28 9 17 12 -79 65 87 -20 -8 60 -64 25 68 28 -51 61 2 96 87 -31 -71 -5 15 -69 40 58 3 31 -27 38 18 -6 -85 -32 -32 1 -78 59 -73 83 78 85 -13 78 -80 -55 2 -11 -38 -2 84 64 -47 -34 -12 -91 -50 73 -94 4 -14 -20 -60 17 9 -80 -86 18 82 57 44 -42 -96 5 -42 -93 46 -22 81 -35 52 77 -30 15 99 -33 
10 -8 -23 95 36 5 -37 84 66 8 66 75 56 83 33 66 -21 21 46 -16 -20 81 -37 12 -95 -59 -78 -40 -93 -24 6 53 10 97 74 40 85 69 26 -49 -31 80 -30 -59 -87 -48 83 61 -20 88 29 -46 97 37 66 -41 33 -5 -39 99 -35 -37 -12 46 28 4 2 50 53 32 -19 7 67 13 87 -17 44 -29 -46 -92 78 -30 -78 73 0 5 32 28 76 6 -24 -22 -70 57 -27 -4 17 -47 -62 -99 -16 54 38 40 -41 45 -2 -99 -76 -50 46 -96 15 -62 5 62 24 11 -53 -9 -46 44 -79 -91 31 -66 -97 -88 42 -18 -65 59 37 -42 93 72 87 -52 92 86 74 31 41 -91 -19 62 41 -59 83 78 44 -21 -36 -89 90 -35 -54 -71 -72 -97 80 -74 60 -40 -49 33 -14 82 75 19 -92 97 -74 83 31 77 -59 6 2 86 -60 23 36 21 -13 68 62 50 62 -89 82 -96 90 10 -4 61 -91 94 -99 15 -9 20 -74 50 90 37 55 60 -90 29 75 -24 63 -72 -18 -87 15 44 25 99 -51 76 -55 82 74 61 97 -77 6 20 -30 43 15 41 -24 -39 -40 86 29 -59 12 56 58 46 -23 68 -48 71 -49 -41 48 -60 85 16 39 98 -53 -32 -61 -6 51 84 2 37 -25 -29 -34 -63 -29 -44 84 24 86 4 -38 98 -89 50 95 81 11 63 -55 96 65 52 -99 -23 69 77 -31 -40 -34 25 22 -41 -57 87 82 -80 4 96 -36 53 84 55 8 -36 -59 7 -91 22 57 71 -60 -11 -72 -97 78 -29 -83 71 -16 64 -16 -92 -68 -62 -30 71 58 -56 -9 91 22 -8 -64 52 -30 -33 -75 71 -98 -65 65 25 -58 68 22 -55 68 -36 73 23 61 -21 51 -73 -88 -71 88 63 -93 -60 36 -83 28 -26 81 -33 92 -72 97 -98 58 91 56 -37 -66 -55 15 -46 -24 65 -28 3 20 -58 -40 -60 22 -82 -91 -2 50 -67 -39 12 -39 89 10 -96 -95 32 75 20 -18 -74 27 -13 46 -5 79 36 -11 -49 -42 12 95 82 79 2 69 -80 84 76 -7 -19 31 -51 12 -72 -9 -41 79 93 51 -55 -50 -34 -41 -7 90 87 41 -41 -94 -77 20 45 0 -35 28 27 -61 -88 53 90 -81 35 91 88 55 -92 69 92 -96 -48 -69 -10 -80 37 10 -61 -45 -77 32 16 -61 47 -70 93 -73 -23 3 -71 61 -32 95 33 -45 75 33 61 -25 9 -62 61 -58 80 
67 -67 -68 -73 -84 -18 -59 30 33 35 -90 85 99 12 11 -61 43 -53 82 -78 3 89 44 46 59 -43 0 -92 1 17 -96 -86 -7 78 -33 52 -6 5 28 99 5 -30 -76 -37 59 -83 7 99 -94 52 -10 -29 -49 -25 -61 -13 85 60 -27 -90 43 -26 -86 45 83 60 21 59 73 -44 78 52 84 -30 -37 -36 -17 -80 8 3 -76 -57 52 79 89 67 70 98 74 -14 18 14 -39 75 41 38 97 -24 -29 89 -38 42 -36 -29 -8 -16 21 72 89 -4 -9 -45 -59 -84 84 33 -51 73 -46 -56 -35 79 -66 -79 -36 -72 -98 11 -98 -80 -98 -85 -20 -64 -33 -32 -44 17 -93 99 -89 -16 76 94 -15 61 -85 -79 40 98 -88 51 -53 79 -65 87 -94 67 55 -85 78 -86 -84 0 -40 -26 55 -83 54 75 -29 19 -43 48 -1 -17 -7 65 -19 54 -13 -28 81 -23 -17 56 -20 3 88 -44 8 -4 -12 -92 56 -90 -19 16 69 -77 7 -39 47 -98 54 19 -95 -48 15 78 70 -22 -10 56 12 38 20 7 -26 51 57 -11 81 -68 -95 -17 -16 34 -31 -10 65 -82 -83 -66 -85 -88 -64 -78 86 88 -52 45 -88 0 97 -91 -1 -17 -19 59 36 -85 6 23 -61 -42 -53 84 -32 -71 27 17 -21 -69 -68 -78 -38 45 -14 -92 47 -87 65 -93 -82 -12 -65 15 -49 -13 38 -63 -38 99 -93 -91 -75 10 78 16 26 42 -28 81 23 20 -91 -23 -6 -73 -35 -3 -95 -92 88 -1 -90 -93 -24 57 53 -9 5 91 -39 15 -26 -38 -4 50 -22 -22 -14 55 -69 97 -40 -61 88 19 -42 8 -54 -68 56 -16 -80 -77 -9 -51 73 -18 -27 -37 -56 39 -11 91 -60 91 54 5 -33 36 91 76 13 39 25 -63 22 -41 17 -27 -18 -76 -89 14 36 -61 -59 73 55 -7 -76 32 95 90 -53 -4 -20 3 -51 94 -49 50 -72 -25 -26 14 6 92 39 -27 76 64 -27 -92 -46 34 30 -94 -45 -3 1 30 60 -40 81 -49 80 -47 -17 67 9 -29 8 74 29 -15 -56 53 32 -85 50 -36 -75 -42 -70 18 -45 45 -59 -58 -28 -65 -34 22 -47 68 -35 -10 -16 17 15 47 -94 -86 -66 27 -58 36 -30 56 48 73 -56 -99 92 90 -26 -17 -40 5 -16 -34 11 64 -82 33 -79 -90 -7 41 -6 75 56 -96 -9 31 -99 -43 89 21 10 46 74 1 -78 79 58 -73 -56 -6 -40 -94 88 86 -97 58 
71 52 23 -3 56 -71 -3 38 67 -8 -34 -5 62 -27 -21 -73 67 -85 13 26 -38 -75 -87 94 54 -28 -38 -34 97 81 25 -46 87 -1 -63 -58 24 -54 87 -82 -16 -2 72 39 82 46 -10 34 -8 77 -20 41 -39 59 -40 -80 33 -98 -20 -99 31 -16 -99 12 -63 -78 79 49 78 41 -23 -49 59 2 -30 93 71 79 54 -73 13 81 -34 -34 -12 97 -19 -46 -80 -41 46 -78 89 96 63 63 39 66 17 -13 -17 -99 -80 -59 -12 -51 57 -17 -14 35 -87 76 72 68 -23 16 29 -13 -96 -86 -64 -12 68 3 -13 45 -69 30 59 6 -2 -14 -56 65 -16 -19 47 -89 19 30 -37 74 51 -78 89 -88 99 -29 -19 3 -63 10 10 -42 -98 -54 13 -10 60 63 -93 -23 78 -93 14 76 -84 68 91 22 81 51 -84 20 39 63 97 77 29 -28 -80 -49 -35 -49 -76 -31 79 -17 -26 14 92 12 -63 -55 -72 -94 93 -64 7 22 21 16 19 27 -62 88 -12 -69 -25 29 10 -11 -98 -37 -44 72 -35 -15 -52 -91 -14 4 79 -46 86 -62 -37 99 -6 -91 -35 28 -17 17 83 -99 -95 27 -45 -19 48 -40 31 -44 -40 -30 85 73 70 94 65 79 -56 -30 86 -73 -66 -20 78 37 39 -78 -94 32 36 83 -60 -26 66 -20 12 -97 20 -75 94 33 -90 29 11 16 -44 54 5 -51 -7 -14 -11 -66 -91 22 -16 -39 -66 99 94 10 19 -68 -67 -16 55 86 42 79 -92 41 13 14 76 63 71 57 49 12 16 64 50 -76 -55 74 81 15 -3 77 91 93 5 -96 -51 12 -47 24 -51 78 -59 56 37 23 -53 50 99 54 14 50 23 49 28 3 85 47 -77 -60 38 -95 52 88 -91 -47 60 77 89 98 -99 89 70 23 -49 8 -80 -22 69 -7 -71 -16 66 -54 -2 -28 -17 40 -90 85 36 -44 -56 -39 -37 57 25 -79 -39 -5 15 -34 27 67 54 -88 -9 7 -91 79 -36 52 30 -40 69 -14 72 -82 -29 78 -84 29 -55 -95 73 57 17 -56 -4 -28 22 84 82 -84 58 6 -16 -66 -70 86 -64 27 29 72 45 19 10 -86 -76 20 89 -18 74 -66 -75 70 -49 -11 -14 4 -47 -60 -99 67 24 -87 1 56 -16 73 -22 -25 47 52 73 -13 -70 -70 87 96 9 9 -80 -87 3 -87 -9 96 78 21 -79 58 -60 -8 -63 -39 21 49 -58 -10 -35 45 29 97 2 -20 -79 98 
-49 -79 -88 3 -35 -59 -14 -6 96 79 -89 -79 2 -59 14 84 -84 86 -52 77 97 15 44 14 8 25 52 -91 2 30 71 -65 23 84 42 60 -60 -62 -38 44 -68 7 59 47 -17 3 76 94 83 -84 97 30 -72 96 21 94 -19 52 99 -41 98 90 40 -13 -27 -25 -87 -9 62 -84 62 45 62 -66 93 74 -6 -77 59 60 91 96 94 -80 -40 40 -71 -38 -73 94 31 26 -80 -27 -46 -25 -60 9 -92 -50 -28 -80 51 -57 87 25 -50 -39 52 77 62 -17 -30 46 60 18 26 57 35 -25 68 -84 -11 54 8 -47 84 48 39 67 -47 -15 -46 -8 -95 -23 -12 41 -92 31 -42 42 65 27 58 -25 63 20 67 86 90 -12 -58 -57 -71 13 82 35 49 -13 37 92 -74 -90 8 -29 76 82 -11 -57 -71 -97 -48 -15 -7 -80 76 87 -82 51 5 -4 -80 86 -71 -2 -50 -97 -23 -45 14 -3 76 -47 42 -37 46 21 34 26 93 14 -81 25 -9 5 -86 16 57 -79 -85 2 73 52 33 48 -10 98 96 -48 36 41 -46 -16 -55 50 -61 15 90 38 -10 -66 -47 6 -70 8 -56 64 -22 -98 79 -59 94 56 -47 -86 14 -50 -3 59 29 86 -14 21 -75 79 77 -17 -77 99 11 49 -96 97 63 -4 92 25 -75 -80 14 -76 67 7 39 93 -31 37 61 29 4 22 17 -6 -70 -51 62 -20 -46 72 53 -57 57 6 -53 -98 33 59 84 76 27 58 -69 -74 57 44 14 24 26 73 53 21 -90 61 78 -76 18 9 45 -56 34 -90 -67 36 56 59 35 29 -16 -2 -71 -4 57 -40 -86 46 64 -97 -39 -14 10 71 -53 87 54 -91 40 -44 44 -19 -30 -11 91 -56 45 -33 81 87 -33 58 81 79 -72 -23 -66 -29 29 -12 18 31 -97 -52 49 -59 -23 -45 98 97 78 -2 -15 41 -60 -99 -56 20 16 17 -80 33 15 -6 -61 -34 -71 -92 -48 98 91 -52 -42 -58 -60 38 -14 55 58 44 9 -47 -84 -11 60 -38 -60 89 -14 -17 -45 97 -64 -99 3 -59 -52 -87 -7 -25 -9 78 55 84 39 -60 51 -48 -25 -84 -14 6 68 -69 16 95 -64 -91 -98 -68 63 -65 -20 17 -59 87 -36 96 80 41 -9 -6 41 43 -42 -77 -7 -70 98 11 -48 20 -33 -13 70 -51 -74 45 58 -19 -32 30 -3 -23 91 10 59 -10 11 22 -47 2 -56 73 -66 -14 -16 -53 64 -60 85 -35 
29 -70 86 -37 -13 -79 71 -68 -14 3 93 -50 -78 72 -34 11 -74 2 69 -26 93 38 -51 -46 20 33 -72 70 78 67 96 -6 -35 65 -89 71 38 90 21 -59 -13 -71 -18 -46 -49 45 29 47 91 -25 11 -94 80 -74 -17 71 -42 36 -69 37 -95 0 -38 -89 98 -20 15 -53 22 29 28 24 -86 -88 -54 67 -89 -15 -17 -90 -52 27 -81 -67 -68 -33 -97 90 55 44 78 20 -75 92 57 16 14 88 -9 -14 -17 -27 19 27 60 97 -88 77 73 -92 76 19 -62 4 89 -2 -18 -5 -25 -29 62 -98 71 86 35 -42 39 -85 7 -66 41 79 -56 84 69 -42 -31 28 84 -67 91 93 -95 -44 12 -55 98 -56 78 -94 83 36 -23 -19 88 67 -90 -59 -26 -98 21 55 -85 84 -94 -10 -66 -13 26 42 18 79 -73 83 73 -67 37 -44 1 -96 -23 -11 -79 -95 43 -78 -12 -44 1 -86 8 36 -22 55 38 -49 -14 47 -88 -84 -2 -59 8 -75 -10 82 -61 -10 58 -64 -70 -22 -48 -68 -7 25 82 19 -28 -24 74 80 36 75 44 -1 51 -10 75 5 -83 -27 97 -13 31 -27 70 -41 -3 -68 31 -84 -34 93 -82 82 19 75 -35 37 -10 44 -56 -94 94 69 -34 11 74 12 50 12 72 16 49 -93 -56 -42 1 39 27 56 25 -16 0 74 38 -78 63 93 4 64 -61 -90 -2 -17 36 98 3 17 -95 -10 -39 -56 50 1 23 -44 80 -27 -70 52 -46 91 90 30 4 -27 -12 -9 -62 15 -40 55 -74 -53 9 -97 -77 72 61 -1 87 -78 -28 -59 -1 -24 -30 -82 -11 -56 -16 -83 -22 -70 53 -63 29 71 89 -43 62 -61 38 90 -64 97 -9 50 -35 -5 89 74 -22 -93 94 68 17 22 84 38 27 -43 1 18 -15 22 -12 -17 4 14 -26 21 74 -74 90 50 -29 -71 72 -58 -82 36 85 84 14 67 -80 -73 -56 -85 -58 -37 -29 -5 65 68 -66 52 -52 -24 71 7 55 -21 -45 -2 -51 72 42 -96 -39 -47 15 58 25 4 43 93 16 -93 -99 -11 29 -73 68 6 -24 -25 65 65 31 54 52 21 -6 -46 30 -58 -44 95 -92 -83 11 -9 -30 -45 62 67 59 -31 -70 65 -45 -54 11 -34 51 -38 -93 -88 34 67 48 18 47 53 91 -66 -93 38 -32 -83 -64 -43 20 92 -24 -85 65 -28 3 -27 56 -80 51 -83 3 42 -70 66 -52 -89 -95 30 57 -71 36 65 
-34 99 71 -4 20 64 45 -23 34 -46 -28 87 14 -55 93 16 -97 51 16 -10 93 -16 60 20 32 1 21 83 27 44 -55 47 79 -35 -46 -42 -7 63 96 22 -55 -61 -25 -79 1 74 -37 34 -46 -98 -48 -43 22 11 76 85 76 -57 9 -8 40 -47 43 19 9 -97 -3 -42 80 31 32 -95 87 -66 14 92 -36 -84 -79 -3 74 44 42 -36 37 -59 -40 19 -28 22 -96 77 -43 -30 83 -37 -93 -49 -74 60 54 18 4 -4 -22 94 67 -93 -46 -53 24 31 41 47 84 60 -99 -12 -30 -58 -9 -8 87 -40 18 75 -39 -45 40 8 74 26 67 -64 44 30 -21 -99 55 -37 -67 45 10 99 -55 7 85 52 -45 94 -21 71 -82 -4 22 90 -89 44 -82 35 -77 -31 -8 45 50 24 -65 39 97 29 46 93 -87 84 93 53 -12 -49 -66 -23 -14 -2 71 -15 -84 -23 47 -55 -34 46 74 8 46 59 37 69 -86 -81 -69 -50 53 -45 -80 90 12 -67 -32 -22 18 -32 -6 -95 28 -99 13 -43 -5 72 -15 98 27 49 -99 -28 15 98 -83 -53 -54 -14 -97 -82 13 -53 36 -90 0 -78 6 -79 62 8 48 -7 -41 64 -88 -42 78 84 -2 20 -80 80 7 -12 79 35 16 87 -51 53 -66 -72 -80 2 -33 2 -43 -23 -70 -44 -5 86 -48 -29 -29 16 -42 54 0 -59 66 11 -86 32 87 -56 68 -51 67 65 -30 13 -80 60 -33 -84 28 47 73 22 67 -11 67 12 44 -75 -99 78 85 75 39 34 46 64 -12 -73 -88 -38 -76 -20 79 82 37 15 34 26 56 -56 86 -44 -11 43 -34 -46 -22 -75 -59 -95 97 33 -25 79 -75 -47 75 -63 40 -88 -3 -77 -34 65 76 36 22 9 -69 -36 4 6 81 -2 -78 -46 47 79 70 -42 -61 56 25 62 -79 -48 92 78 -99 -50 -56 -1 -58 70 97 -62 93 -12 -22 -58 -57 -25 -61 16 37 77 0 -3 80 92 -65 43 11 21 -10 8 -39 10 95 59 -48 -14 82 66 86 79 -71 -73 45 26 -67 84 -50 -8 34 -46 -81 55 66 79 -18 80 73 -92 -52 70 -52 -26 80 65 63 4 -64 88 24 -84 -15 -16 -13 -45 57 70 -34 -26 -26 -94 44 -10 -90 26 -56 -96 79 28 34 5 13 -94 29 -70 -56 93 -27 83 -94 66 -88 -54 -61 52 -26 9 5 2 -1 11 -80 -93 34 94 0 45 98 -34 -22 15 77 -79 -45 -13 
14 -96 -39 -35 -20 -3 -73 88 -63 21 61 -24 -91 7 -28 -68 1 -12 -95 -53 49 33 -70 -71 -89 93 -37 82 -22 -97 -69 8 61 -77 86 44 -48 -25 11 87 -65 0 -55 80 54 -75 56 -67 53 95 55 72 -85 32 -18 -74 5 -23 69 35 -47 -7 -90 22 -92 75 -43 -72 2 43 -85 -41 -13 -65 -74 -16 -83 72 35 -93 14 -12 48 -38 32 -17 -78 -89 55 -32 5 -24 1 97 -56 46 69 -88 -48 -27 24 22 -58 26 -45 76 88 67 -14 18 31 51 -75 -86 -98 53 51 -30 -10 56 -22 -52 29 33 -33 -15 94 -73 -92 44 -69 -98 -44 -5 8 -91 80 -63 -3 77 -70 62 -85 -6 69 -83 -84 80 1 -59 -89 -37 69 -75 75 31 72 18 -95 71 -34 -48 -34 62 -83 -24 -26 -77 -85 25 93 -79 57 -99 31 58 -21 -29 69 10 22 -25 82 -4 -61 -93 26 -40 54 -42 -6 -81 95 37 11 -33 3 -27 -20 13 -75 43 98 -2 63 23 76 62 96 -87 21 34 -99 12 54 79 -26 28 -90 -97 93 -40 -4 67 -67 -98 27 -43 -42 58 -85 87 85 92 -54 -57 -49 -83 22 55 -21 -92 -27 -91 -63 -80 -16 -30 75 -46 -34 -94 -48 40 -43 -52 20 75 -7 69 -31 30 74 82 23 1 48 81 38 -69 -13 -21 28 -83 -58 84 7 97 -89 52 -8 11 46 -21 -33 15 -65 84 -49 18 30 38 72 86 -94 96 7 62 32 -27 -46 76 -97 75 91 30 89 -89 -28 5 -48 72 46 -78 -49 92 59 -40 66 -34 94 -82 -59 24 81 -48 -2 -8 18 94 68 68 -27 -37 -86 -54 -71 -64 -9 -38 -68 -33 37 74 78 6 89 48 -7 80 -32 40 67 90 5 84 -12 81 -44 59 18 -83 -59 -17 82 -74 -92 21 78 -85 98 -87 -29 -98 44 -5 -27 -24 -47 74 -20 -23 -62 -11 -1 -80 48 -24 99 58 -8 84 -53 72 -21 -39 51 31 54 -38 -73 44 12 63 -50 -76 60 -63 -75 -56 -24 31 -58 -18 15 -14 -3 -89 -21 -56 32 -71 70 84 -76 -30 -75 10 90 74 -66 -75 38 66 79 -54 43 -55 -13 29 44 81 75 -60 -85 -46 -11 -31 82 -29 -87 71 -82 68 32 -31 -18 -52 -66 -34 -6 -86 -57 95 -44 -84 -78 -81 6 4 -63 33 19 91 -23 -16 -85 82 -75 -94 -12 1 -19 63 64 48 -6 79 -1 71 38 27 62 2 84 87 -64 -74 -90 -28 
-32 -62 -95 3 -17 3 -45 44 67 84 36 57 26 31 -73 -9 95 -31 -42 -13 97 4 86 21 -17 55 -21 -53 13 -44 94 -9 42 -89 26 -44 -82 45 95 95 -54 -58 -52 -83 -46 19 -26 87 12 59 1 89 -85 -63 68 6 -49 52 57 78 67 66 -63 88 -79 -50 -13 -60 -21 -93 -37 -57 36 30 -38 70 43 55 88 15 -7 12 13 81 -68 -10 57 -67 -60 33 -37 -82 28 -92 -88 76 71 13 18 30 -25 6 69 19 -62 -11 64 -63 10 89 52 -69 0 -19 97 -45 77 14 -64 -17 -28 36 -47 62 -1 62 -94 -74 77 -82 -40 66 88 90 -63 55 93 -81 -17 27 -51 -65 59 22 -95 -82 -96 -70 57 54 -65 -97 47 -40 -39 74 66 -24 -49 39 -98 80 3 -18 -50 39 -32 10 -7 50 -73 16 69 1 47 40 25 33 -40 -80 -40 85 28 -68 -53 98 69 -58 -39 20 27 47 83 -88 16 -58 33 -78 -87 5 38 -56 49 75 89 25 -32 -39 -76 72 -60 -61 -85 -55 5 5 93 11 40 85 -7 -33 59 9 -57 83 76 70 -5 -58 64 -9 12 -44 50 5 46 -55 -80 61 77 -96 62 -41 -98 -1 -67 89 92 -16 -24 18 51 -84 -84 81 -19 66 78 -9 -63 -37 -71 80 74 -31 43 -32 -51 86 10 -23 9 61 93 -15 75 78 23 -22 61 33 64 83 -62 91 -53 -18 7 57 -8 22 3 -86 -41 15 -35 65 85 22 -11 -89 97 -92 -47 76 79 -85 -26 72 -31 28 -39 -96 -29 -10 99 52 48 -7 79 51 71 -91 -79 -85 -45 -32 -64 -13 48 -77 5 -61 -84 -50 55 6 9 -56 -21 69 -58 91 -64 3 36 5 -35 19 61 88 35 -28 44 28 -71 -47 -74 6 85 73 15 51 12 22 77 27 -89 -29 -47 95 -82 85 -8 -81 -29 68 19 26 5 6 -28 -56 -43 -63 -79 -81 42 8 95 24 -43 58 -51 88 73 75 12 -40 89 90 59 91 -2 -66 -84 -47 -97 -35 87 -18 5 92 47 58 -27 -71 56 -51 -7 -8 34 83 -58 8 88 10 -37 -62 -44 65 10 75 -42 79 72 21 -12 -66 8 -43 -44 -39 -69 84 98 31 -10 -8 -48 48 90 10 -78 5 75 -20 91 85 -32 51 28 87 -62 -98 20 -95 -94 -48 97 98 -53 32 17 82 -9 -15 83 88 29 33 53 -91 87 -36 20 -95 37 97 89 81 89 47 93 -65 46 7 -32 -26 
-24 60 12 45 23 45 -53 -39 -91 59 -94 -47 88 -46 21 -79 53 83 69 -4 24 78 95 -71 -95 -42 94 12 93 92 -2 -9 -60 75 43 -65 -79 -86 93 -26 -80 -30 15 42 81 52 -73 -98 -33 -68 89 55 -60 36 66 -16 38 73 53 84 12 -79 -8 88 34 -13 -82 23 35 13 -42 -72 -96 40 73 70 30 -42 -79 31 -11 -4 44 87 72 80 -24 -30 29 18 6 13 -16 -17 -30 94 74 -16 -27 64 -57 54 -18 -9 -79 54 89 48 72 -41 -32 -81 -11 29 44 -8 84 51 4 -97 -8 8 -2 -42 34 -98 -96 -67 -77 48 91 -26 63 -61 -44 28 12 -69 -51 -52 -76 -60 43 4 -48 -88 -52 33 22 -84 82 -40 89 -10 90 38 35 25 -91 22 -50 93 38 -38 -3 98 15 66 60 -87 -49 -29 80 -81 -65 -47 -27 -79 23 -31 -93 -29 -48 -48 -69 40 21 70 39 36 -20 14 44 93 -12 -65 58 97 -92 30 -2 -26 -59 16 81 -95 -88 -2 -69 -3 19 -78 8 43 99 48 34 30 -56 33 75 73 57 -81 3 20 -71 -36 4 92 -73 -63 1 18 -22 74 47 -96 52 64 -55 73 30 -24 -92 90 91 -81 -31 -39 -46 1 88 76 93 43 6 -95 60 11 -94 -30 -21 -33 93 76 -69 -96 11 51 51 -26 -17 15 28 -24 98 -6 -92 -78 77 95 95 78 64 -21 55 -8 -58 -89 64 74 13 12 -18 -66 75 -23 83 87 -82 15 -54 -23 59 17 68 -68 -11 37 73 -14 -47 27 90 64 -93 -90 53 -70 -53 -3 -36 42 -43 32 3 74 -4 78 63 40 24 53 53 88 31 -66 13 16 96 93 59 -4 99 76 8 54 95 -5 12 51 4 49 -2 33 11 -30 -17 -7 -53 64 -20 6 -33 90 38 84 71 85 8 27 53 38 15 71 -68 28 61 -94 -44 88 68 47 74 19 18 64 98 95 79 -14 -64 85 -49 -10 96 -21 44 36 64 -16 75 64 -63 -62 -30 -44 -19 63 -57 40 -72 41 35 38 30 -83 18 -87 -16 -57 -6 -20 14 20 -21 94 -59 -34 23 -21 72 9 -79 49 -64 -11 98 91 87 89 -39 38 -37 99 -55 40 59 -47 10 -16 14 -28 42 67 12 73 -60 -17 73 -37 12 43 -61 65 -78 74 86 -14 -12 83 -62 80 -36 -84 -77 -95 -32 30 -7 63 -54 49 47 42 -50 98 73 -17 59 82 -86 76 -9 53 -49 -13 9 -12 
-63 -82 -27 32 -1 1 -49 44 -14 27 -42 83 -91 -85 -72 -94 56 6 -10 -45 54 81 40 -18 -4 10 -48 -67 43 -59 54 -64 81 -32 65 -1 -83 17 -3 -39 -27 -97 -85 -97 63 -98 -66 -18 -11 -87 48 80 -11 29 -66 -99 -35 60 -34 98 -5 -47 78 -37 -39 51 -44 76 -85 86 -6 33 -46 26 -83 86 -39 84 91 -66 42 -58 -44 14 -40 83 0 -49 43 -11 52 -67 -99 45 -21 70 -8 -56 17 -81 65 -36 40 -76 -27 90 -80 -4 83 -17 69 48 -7 -1 90 -7 93 97 -18 77 35 -48 40 -24 -38 -30 65 -38 -92 84 97 -58 -50 -65 52 -78 -74 50 27 90 -43 -20 88 -26 -7 57 -92 -52 94 53 31 -81 -9 -97 39 -65 32 75 -70 99 -49 -91 -7 -74 64 78 22 -52 82 -79 23 -77 23 -11 -25 55 -89 80 75 -28 -83 -4 -19 77 70 55 -28 -57 8 38 -25 -24 12 45 -87 79 83 -62 89 87 95 -84 -33 73 -98 -17 -94 64 -8 -36 76 55 -44 98 10 -16 -51 -47 -29 -35 97 -2 13 44 94 -10 9 -27 -5 -82 4 -83 -72 -23 1 89 -77 -67 -66 -61 -5 -2 -63 17 -10 -69 44 30 79 71 51 -73 22 23 8 -76 -22 29 -15 6 -35 85 -1 45 -11 -22 -57 10 0 -60 63 -90 -75 5 96 38 -92 -75 85 -92 -38 11 -28 49 -51 -89 -67 60 -43 48 83 -57 6 38 49 -91 69 -84 92 -27 -44 99 -96 -28 30 -67 -59 -70 -89 42 17 -1 7 38 37 -16 92 -11 38 -70 -94 -4 97 -26 42 -32 11 -26 68 -78 -37 75 -7 -98 -50 -51 75 -7 67 -69 46 40 -65 -13 -61 13 99 12 44 46 -9 35 75 -53 31 -13 -89 63 -47 3 67 -13 74 -19 -39 -31 -95 -40 68 61 87 -24 -57 -62 12 47 -6 -8 88 -24 -24 2 2 -20 30 -92 -32 98 -39 -90 87 54 -7 -32 -99 -86 -46 -17 -49 86 -2 72 89 -34 71 -48 -30 -14 -10 27 79 80 -27 36 93 -9 -17 -54 2 -78 -11 18 -23 80 16 45 55 58 -89 -43 21 39 -38 -38 42 25 84 91 8 37 53 35 95 94 96 60 -31 -70 -78 57 -89 31 -96 -34 -75 -1 -45 67 32 -35 -47 98 -76 93 -24 -78 -73 -21 13 99 70 0 26 -9 37 -52 56 -20 -57 -51 -51 -28 13 99 -10 -8 -17 21 74 -57 73 79 45 -54 77 -50 -38 77 -61 10 
1 -90 -83 -99 -6 3 83 -67 8 -37 77 -32 -53 75 -90 -42 -16 62 83 55 -50 42 32 -60 64 -35 51 75 94 -50 15 69 36 -76 -19 -6 23 -93 95 -95 84 -92 -22 -68 42 87 80 69 62 9 -31 -29 3 -67 -26 -14 69 18 91 29 -12 -78 -89 -1 -45 -67 -17 33 26 66 77 81 1 -91 -70 16 74 -78 -52 -73 -17 56 -73 2 35 44 -25 14 28 30 -10 4 -94 -96 -79 5 38 -69 -18 -3 92 -89 -86 44 47 -13 -99 -41 -4 20 -47 50 84 25 -5 77 -38 1 -72 55 89 55 -49 83 23 4 89 -9 -55 -31 -78 -36 -40 -6 33 -65 30 -37 65 62 -60 23 -57 -10 16 2 84 87 -59 25 69 97 -85 -57 58 50 95 -73 -59 88 -17 96 85 -94 77 71 15 -7 66 49 16 -13 -52 97 -85 -7 6 -67 -76 20 45 0 -86 94 11 6 77 -18 -12 36 -57 -77 -97 -42 42 24 -61 23 -21 84 -13 -76 21 -38 45 8 76 65 62 26 -17 24 -75 72 55 31 -68 -48 -20 -13 -53 96 -22 -48 -98 58 -97 83 20 -74 60 -25 65 -73 28 -28 98 -18 -85 -87 -93 -46 83 78 78 51 36 -18 -58 18 -43 -1 -67 -3 71 -73 23 -29 58 -56 -93 -78 5 -76 91 -9 65 -31 91 -93 -2 -64 -29 -16 -79 -75 -84 -61 75 -9 18 -93 -59 51 15 91 -69 96 91 -6 -87 -39 -34 -55 38 18 -99 49 40 66 -82 66 -96 96 -65 -87 5 -67 90 -62 6 -74 -15 -24 77 70 -23 -70 6 71 -26 19 15 -81 -59 60 -66 -24 -30 29 4 -60 -18 -56 -42 -80 -77 -67 -74 36 -28 -89 -61 86 -86 -12 -7 15 49 -77 97 -43 -15 -60 -5 -34 23 62 8 13 -40 -15 -43 26 5 79 31 93 38 -99 15 63 -27 -85 -3 -65 49 93 -7 -63 39 12 -52 -44 83 -93 92 12 49 8 -73 -97 41 37 41 -72 84 81 6 -66 97 64 -42 -61 -47 -60 -83 93 -44 44 -73 -82 69 1 -20 99 77 4 27 -3 -97 16 -37 -80 33 -35 15 -60 -36 83 -87 54 97 72 -22 -50 -47 -31 -17 83 40 -15 -9 67 -96 -44 -37 -18 85 -24 -65 21 -22 68 -60 95 -70 13 -21 55 33 -52 59 30 11 -99 49 78 -77 46 87 -12 20 -8 60 61 -42 4 -55 92 2 94 90 -50 49 9 90 -36 -90 20 51 95 -4 70 32 64 -73 53 22 -61 
-9 17 -61 -83 62 68 -42 2 90 72 -82 84 -92 98 -79 -57 68 77 -69 -52 58 23 90 44 -2 38 99 57 -23 99 -39 37 -63 -82 -76 12 43 79 -84 -46 -63 78 23 -95 -76 -15 -72 -78 37 42 51 -96 -88 51 -29 -18 -97 -30 6 -59 74 -66 8 43 -85 48 41 42 -44 -44 -85 -54 50 -61 -54 -3 -50 -50 30 -27 -67 70 -74 -17 49 -1 44 16 -53 -87 -90 68 43 -16 -12 -75 -74 38 34 -59 34 22 12 -34 90 33 -17 34 -63 -84 -46 9 45 54 -96 33 -36 -44 9 86 85 -90 49 -34 21 70 66 11 -50 -20 -70 -63 93 -1 81 -31 -33 1 -87 -81 76 2 -91 -92 -21 84 -51 -70 -74 73 -22 26 -85 -67 74 -19 -9 77 92 -75 14 94 28 85 -71 69 5 69 35 79 56 -17 8 -8 46 41 -16 -86 -28 44 53 -34 72 31 14 -50 47 25 47 -47 -74 -14 -10 -1 -87 7 -86 78 79 11 -38 35 18 53 83 -3 -65 11 -47 88 25 -22 -24 -23 95 -72 4 59 -24 -90 -1 -94 38 -52 -4 -92 -88 19 -65 69 80 35 -75 30 77 52 -32 -10 83 49 28 22 -21 95 -96 -20 -70 -95 88 87 -52 4 34 73 47 51 62 -40 -35 65 -9 10 62 76 84 20 -71 -1 37 -59 20 80 -4 53 -87 -77 -43 -23 -64 -23 49 -12 -69 -26 -81 -76 -14 41 64 94 -40 -80 58 -64 -40 -98 -89 94 12 9 -86 -51 79 -4 -44 -82 -15 80 -29 31 -48 -6 -21 -86 35 -83 -69 -79 -38 85 -73 -86 61 52 29 9 -82 -96 -12 1 45 -41 67 -26 77 -88 53 14 -31 20 90 -63 -34 -37 -48 -54 54 91 -71 56 98 51 81 10 -85 28 39 -13 95 -92 78 -48 26 87 77 -24 44 -23 77 -64 -19 24 -90 17 -24 -11 86 91 -8 -83 -50 53 -3 -32 -57 46 -89 43 70 89 65 97 -76 87 32 64 38 -95 86 -32 -67 6 -48 -68 67 -77 -74 6 81 -40 64 45 76 93 -62 93 -28 -60 -16 -78 15 -64 10 -43 -88 12 87 54 -44 -23 -75 23 -31 12 -42 -48 -88 -30 -93 -89 80 83 -99 -45 39 -41 15 -86 72 77 86 -84 17 3 -7 63 10 59 24 -15 -52 5 -41 -88 47 67 87 -17 41 67 86 -38 6 -74 76 86 -55 -41 0 78 -70 37 43 -91 -73 -34 89 89 -36 88 -40 12 -20 -72 0 97 75 16 41 89 
97 -12 -20 -19 -39 81 -87 46 13 -3 -55 -66 74 60 96 11 -23 29 -79 72 -34 25 87 -12 61 -51 6 -58 71 -33 -66 31 -96 -32 49 85 26 -61 8 -66 -87 43 -86 -79 16 -13 99 -36 -86 -8 54 -57 52 -76 79 -73 47 67 80 -35 -29 19 88 -70 58 -95 34 87 -69 15 -91 -56 20 -9 -83 -24 42 -84 -82 -61 -76 -16 -63 -4 42 98 87 6 41 -55 8 -80 84 -60 -20 71 9 91 20 30 -87 -41 41 -30 28 2 41 66 -44 76 94 65 -20 -70 -40 21 -3 -71 -56 -33 -10 -97 -19 -80 -98 22 24 99 49 84 -27 -81 -74 -55 -26 -69 -59 97 -9 -12 3 28 56 -93 95 16 -71 39 91 56 25 -91 86 -3 10 -91 27 90 -14 26 -85 -31 -64 -80 33 80 92 45 7 -38 78 96 -56 58 37 53 0 27 -74 31 81 50 -12 98 -95 9 -86 -74 -89 28 -93 23 -74 92 99 -37 13 65 -9 -42 -77 6 30 -85 -16 -81 -46 59 -2 74 48 74 99 -57 99 29 -72 -84 -9 -94 -22 53 -23 91 42 -67 -67 -59 22 64 -55 78 28 -24 -81 56 41 86 1 -28 -22 66 71 75 -75 30 -91 -43 22 25 87 -53 -94 -25 61 -73 -56 94 -81 -91 62 -28 -91 -89 -87 -58 97 -97 78 -29 -15 71 -61 -26 -82 -94 -83 -63 -90 -33 -37 39 -70 -25 13 -66 -24 -76 15 48 17 83 -18 -59 -84 53 8 -95 -72 -7 39 -89 61 -4 56 -36 52 -6 -54 -51 -58 -91 -92 -9 51 13 66 64 -54 -96 26 56 0 44 74 -10 11 4 -73 -72 -78 99 -87 -26 59 -48 22 64 24 71 -4 -51 -9 -9 56 -91 4 -87 77 32 -58 -82 -11 46 -10 -66 80 2 -13 87 60 -62 66 -46 -1 87 25 35 38 -33 -11 -41 -37 15 -79 -78 57 15 -50 87 -31 98 17 -88 -37 75 49 -76 52 50 -86 57 -22 -12 96 -81 46 45 83 -24 -45 -40 -79 -23 -11 89 74 -31 5 63 -71 47 -88 -14 33 -4 -14 -72 -76 15 20 10 75 -36 97 -3 -38 -16 -85 -98 35 -69 -2 58 68 73 -6 -25 75 -36 37 4 -72 -1 -11 -52 -66 -89 -57 51 35 36 63 80 -99 -46 14 -55 86 39 -91 -28 98 20 42 9 -39 27 79 70 -40 34 -59 -87 -52 43 61 31 8 -45 30 90 87 -85 -96 58 -36 2 -97 -58 -21 64 45 38 99 60 -59 87 10 -23 
58 -94 -91 2 77 -2 -68 45 -95 14 -44 -8 22 82 62 -62 -23 72 54 -88 -83 90 87 -59 -77 -59 -53 -39 -76 -38 -32 92 54 -62 -86 -79 -7 -5 -27 -35 4 4 -43 50 -57 -68 86 22 -35 -23 -31 50 56 94 11 41 51 51 92 64 -61 -32 2 -26 40 19 51 70 -56 37 39 56 92 -31 -62 -16 57 -65 -32 -19 -72 90 -10 14 -33 -18 92 -29 -81 70 3 73 -27 33 -40 47 98 67 4 95 -38 -16 -83 73 14 73 -28 10 -53 -81 58 -76 -94 -74 8 94 72 45 88 -38 60 -40 89 -13 65 16 99 36 -41 59 4 70 -69 28 -2 -71 -5 13 -58 -24 -97 -27 -77 -11 50 60 -7 -54 -22 -92 99 9 56 -53 -91 34 95 -95 24 93 63 37 29 28 -24 -45 26 -33 -29 77 -56 92 64 49 5 -57 -39 -1 -4 51 -1 -14 -27 72 -1 50 -36 70 -73 81 87 -65 -34 37 -66 35 5 79 -47 -41 -10 84 -44 62 82 29 -37 -17 80 -23 12 -75 -35 26 -97 69 27 89 37 50 -2 -8 50 -29 67 26 -78 -82 -31 -20 78 -92 81 -83 98 -44 -80 -11 66 -66 -99 -42 50 -27 82 -95 -39 86 59 75 -75 22 -5 11 -45 42 -53 98 -60 65 -3 -37 47 -89 -13 -81 -27 2 -15 2 -72 51 -46 -97 -3 33 74 93 -35 -35 -7 -48 31 -1 -82 -23 -77 18 96 77 82 97 69 65 -80 -40 26 94 -7 -6 68 70 -89 -48 90 -35 86 -92 39 -72 13 49 37 -77 46 20 10 -78 87 63 -80 52 55 -70 71 54 -37 79 30 -83 -15 20 1 57 53 82 72 30 31 24 -10 2 15 -25 -86 -13 -67 -44 29 8 -71 -94 1 -29 -90 -30 74 -45 -5 -80 -54 48 -80 -1 -68 24 9 -81 -31 -20 88 41 -17 -90 -40 -58 57 76 3 -93 -89 61 -59 -97 -31 45 46 -6 -74 -8 44 -37 -37 17 48 10 -81 27 -90 31 -31 88 -69 -86 -10 39 48 -21 82 47 48 64 -96 -32 -41 -93 -99 16 72 69 51 52 -48 50 -80 -53 -97 96 66 -83 -34 20 -96 97 38 -42 93 42 28 -55 47 23 71 -12 -30 78 34 -1 48 20 12 93 -9 17 36 -10 28 23 -43 63 60 76 -65 -15 48 7 -89 -80 -43 98 -6 -8 -74 53 86 -68 48 71 96 90 46 58 -32 62 62 -34 -33 -51 87 27 33 12 29 -52 -15 -18 61 -54 -79 -25 
86 49 -83 -96 67 -17 -76 43 60 22 22 -77 41 57 54 62 -36 37 -47 -9 4 2 98 -61 82 36 99 99 -22 43 -11 -7 -30 -65 -19 25 -62 -11 22 -32 36 -65 31 64 90 8 -2 82 -28 36 86 -55 -3 -77 2 -62 -92 -20 70 -77 12 20 -83 9 75 53 51 65 -21 -24 -30 -20 -13 -58 -42 -86 33 32 71 -65 76 -41 4 -69 -67 -41 1 -3 -92 74 -27 -69 -41 61 49 18 -20 -28 -62 93 78 -24 97 -84 -29 -94 -84 98 85 -23 93 64 -21 69 23 -98 -11 6 35 67 -73 -52 91 32 -76 -52 -55 -22 41 46 62 76 -27 -46 84 -92 90 17 96 76 43 -43 29 77 26 -43 70 -96 -9 -38 55 62 -74 21 -73 -35 60 -78 -93 -55 -2 -99 -6 10 -92 66 86 -17 -39 65 37 -1 82 76 55 -57 -54 -60 89 15 8 -21 24 59 -91 -85 -78 31 31 -44 -80 0 98 -49 -87 -82 -89 -64 -59 -65 -23 -33 -43 -18 23 42 95 -75 43 2 31 -59 89 -53 -81 94 -74 -24 65 91 17 84 -22 -76 -93 78 77 54 -80 -87 30 -85 -88 -34 18 -97 -67 -49 17 51 -62 -78 -70 -50 63 78 59 39 7 80 94 -25 -95 72 91 58 -38 -42 28 -98 -80 9 15 -95 51 37 -71 2 -9 -34 -98 44 26 -62 30 6 -62 50 -84 -13 96 -97 25 66 -36 -53 80 -92 -13 -5 51 -94 -59 -31 37 -82 -72 -48 76 -51 89 -88 -89 -9 20 21 57 35 -99 5 -34 -1 -86 -23 16 -82 -89 60 -89 -62 79 -9 -25 -59 59 -6 -18 59 53 10 -3 -91 32 7 16 -62 7 3 14 -5 47 76 -95 30 94 -31 -90 42 -96 99 -37 -89 -14 74 -88 -88 64 -46 81 1 -16 41 -32 75 69 69 -63 94 -77 -21 50 -65 60 -3 36 -67 50 70 -43 -84 18 12 93 21 30 -27 -19 17 -76 -25 48 41 -11 -64 82 6 31 -90 -63 -96 -52 -94 -5 70 -6 -39 -56 -15 -91 72 90 42 -95 73 41 -46 -81 7 -15 85 50 -14 72 -25 51 -84 -21 20 -8 2 28 98 -90 -64 -44 44 -45 23 26 31 -92 91 -79 -43 62 -43 -45 -39 64 94 6 41 -28 -94 90 27 64 -71 -26 0 74 17 98 -22 -52 -49 -15 63 21 -28 91 -57 -71 -89 -62 -45 -98 -4 -67 53 65 83 -64 -94 -7 -80 50 49 -97 56 64 -77 -89 21 -82 69 47 31 -49 -39 
59 -12 29 87 -28 -94 44 -38 -54 -12 -53 6 -38 14 15 -71 -2 -60 48 -10 19 -28 57 -71 -20 -58 65 -72 37 -85 63 69 -26 47 6 62 78 -16 89 66 96 -73 -14 91 -92 -7 -40 -11 -81 73 58 31 45 -54 -89 54 -59 38 71 73 -4 71 81 -51 -81 57 2 -39 -65 -20 -1 -80 -31 1 -82 -57 -97 -13 -31 58 62 94 64 42 -74 -21 -78 96 98 28 6 -80 -85 -31 -92 -79 -40 -11 -55 -95 11 -9 -85 -65 90 62 86 21 59 27 -82 11 -79 -32 1 -3 -16 66 71 -48 3 -36 89 45 90 0 60 -63 9 4 37 -89 85 44 -12 86 -32 90 51 -46 2 -61 30 -55 92 -75 13 -42 56 66 17 75 49 87 -47 -77 -58 -45 65 44 90 66 32 27 -82 29 -82 -20 -46 -4 -18 -74 68 9 -60 54 26 55 -10 89 -42 99 -33 -45 81 -91 39 -13 -6 21 0 -12 74 -70 26 -5 -20 -35 -51 48 45 83 62 89 40 -9 -39 -33 80 -84 35 -86 83 16 68 -95 -81 63 -61 -31 20 -86 -51 -61 9 82 -73 55 54 65 70 89 86 55 22 23 82 96 20 65 -6 55 -2 -82 7 -6 85 68 -38 -81 52 -36 -29 -57 79 99 -75 70 -74 74 39 7 18 -72 -32 75 -64 68 -66 68 57 -97 20 88 7 18 80 -57 -73 87 57 -98 63 -39 -22 83 -98 -99 92 -93 21 82 10 63 -58 19 -42 -30 91 -3 -84 -21 22 57 -13 87 68 -42 36 32 -19 -36 -38 -29 63 -87 -49 -94 -57 68 -97 -3 -39 6 87 -97 -65 46 38 27 54 74 -6 28 -52 -63 -27 -7 68 -20 53 30 -19 -70 83 78 25 -68 -20 -93 -62 92 -15 10 38 1 40 -76 -30 -76 36 66 -62 -68 49 13 -58 -23 30 5 -27 18 -46 96 73 -87 68 42 3 32 66 -84 -30 90 19 77 23 51 14 -82 -99 60 -41 -34 -65 25 4 60 -72 -22 -4 51 -39 -91 74 -8 83 -64 -51 73 60 50 58 22 -65 77 -5 -6 -30 -96 2 -56 -75 92 57 -61 -21 44 30 -43 -26 -31 84 -73 -44 -90 63 68 -17 52 -2 -87 7 -76 -18 -20 73 29 18 81 -61 68 41 50 -79 -44 30 -79 91 -29 -55 22 26 75 86 -51 -39 -87 16 -56 89 11 -60 -35 -67 -50 -90 -61 -28 19 -32 -6 7 16 17 88 -22 12 88 -18 32 85 74 -32 -86 -84 -91 -28 -10 -28 
6 29 -1 -77 4 26 -60 54 93 -92 32 14 42 -87 -69 -84 -74 -34 66 55 22 -81 -90 96 -4 36 -60 74 36 39 74 -97 -48 -65 52 -6 6 -39 10 63 32 -38 63 80 79 15 10 -37 -58 -9 33 -94 -1 -10 44 73 -72 68 -43 -37 64 -72 -81 82 86 -70 5 -5 -62 26 2 25 67 37 90 -23 -31 7 24 52 -44 64 6 80 -31 -13 -95 -82 72 28 29 22 38 8 -23 53 20 13 25 -11 -31 9 -9 92 -11 -1 84 -41 -26 -9 -99 -28 -33 17 59 -6 58 26 34 24 -60 82 99 56 44 -21 -86 -16 77 49 -41 6 -16 24 60 -94 33 42 95 -21 7 67 -88 72 87 -57 -54 87 39 88 60 20 -45 55 57 32 86 -60 -57 7 28 -38 -69 35 -88 -14 -24 -62 -53 24 50 -49 93 60 5 1 -55 64 96 32 -68 83 84 24 55 -99 4 11 75 -86 86 85 19 5 13 95 -72 -1 47 92 -77 -69 25 -49 35 -4 81 -33 77 0 -45 62 68 -83 91 -79 -42 -95 -13 -49 -92 -76 47 -59 46 95 21 37 -13 -97 -3 34 66 11 -27 85 -51 91 49 75 -65 -35 -21 -25 24 89 77 89 25 80 65 39 52 51 -57 -6 -50 12 -80 -64 -45 61 95 -77 -1 -90 -74 89 -4 29 -38 61 15 -98 37 -5 91 33 -17 71 63 -30 -88 25 95 -23 -34 -38 82 -3 83 -35 -55 -96 -44 -51 -84 -1 -4 -6 -82 86 88 88 -74 17 -54 -89 -63 -93 30 -30 -72 -88 12 87 -66 -24 58 -78 -23 19 35 62 -84 -78 -61 63 -5 50 -24 -75 -33 -62 -90 82 -11 46 -68 73 76 -2 -82 53 -82 -93 -70 -99 -24 -79 -94 -86 -57 -20 -94 -7 73 1 -49 48 -75 -36 -66 -28 -91 50 50 65 38 54 -33 -5 4 61 -42 18 -20 18 -25 -31 13 9 7 9 71 41 45 17 64 -41 -89 48 40 -36 -46 -80 89 89 -50 22 22 33 -93 -49 59 41 -56 54 36 -28 2 -41 11 -93 -59 39 99 -39 -57 90 -78 -61 15 -98 -77 76 -69 49 33 -83 -9 33 -69 40 80 47 -39 82 -54 50 59 23 13 31 50 3 31 -1 7 -39 37 2 -15 -50 -57 -56 -1 54 39 -62 -90 -78 39 -59 -63 -72 34 18 75 -11 -86 -11 -67 90 90 -22 -74 21 -52 -86 90 -11 -20 31 -24 -5 -84 -58 9 -87 -1 -10 -65 23 -30 16 -75 -57 55 -41 
77 30 76 84 -16 84 58 -47 74 -57 -94 -98 -43 59 32 90 -71 6 -97 19 69 -3 11 41 -30 3 4 -38 -43 -5 -83 62 91 3 74 -23 -78 51 25 -61 -19 17 0 -87 -76 -88 71 -81 -78 -19 -48 68 -53 45 85 89 -77 39 -90 40 9 -75 -69 83 20 33 -36 71 32 26 39 -52 -23 17 71 58 25 -48 -16 85 -51 -93 -76 74 -83 -69 -19 -38 13 -28 -65 79 -30 -99 -41 6 -55 -89 77 -65 50 45 -33 -45 -29 -85 -27 11 -61 -87 5 -9 -89 -27 -43 -81 35 -84 0 -20 -92 -98 3 66 -93 -47 9 -91 -74 -47 27 28 86 70 16 -36 -81 77 -97 11 -80 55 -20 60 94 -38 4 -22 -62 63 61 95 50 -71 55 85 67 -25 -34 35 3 7 -29 -21 99 62 78 73 87 0 73 54 72 -94 -31 20 95 50 96 57 -95 -36 90 -44 -67 78 -91 -15 -58 -9 -71 -10 62 -83 81 39 26 -24 -80 78 -8 42 41 -30 78 -16 -92 87 20 15 -55 61 62 -65 -35 38 -42 43 -73 -27 3 -48 -60 73 -33 -79 7 94 -16 93 -78 5 58 25 -22 15 66 73 15 44 92 -42 -61 53 -81 28 -31 -19 -91 40 17 -44 -98 7 59 -51 30 52 -56 55 -65 97 11 -26 26 -34 63 77 -58 19 -13 36 44 -87 12 -6 24 -46 70 -80 13 19 -95 67 -66 31 -47 -25 -59 78 33 -2 18 62 60 -67 -56 10 -41 -62 -75 -69 65 36 -12 -93 47 73 -91 -48 46 86 -54 -10 54 -62 -90 -36 37 73 34 22 -36 27 90 -72 86 -71 44 -32 74 75 15 -89 -28 46 17 98 5 43 -49 -8 89 -61 -41 -40 14 93 -50 8 -59 62 24 -92 33 75 50 26 -77 -31 -62 -25 93 -3 -77 -6 -27 -34 1 41 -9 -48 39 -93 2 -99 85 -3 10 23 89 95 -31 -13 -60 -47 89 -29 43 22 9 24 -55 -34 -82 -27 5 8 16 55 -75 82 -75 10 42 57 -65 89 -61 32 79 45 6 17 -25 -11 53 -29 57 42 -73 -25 69 92 33 71 -11 35 -69 -89 -7 72 -50 -96 2 -10 8 -65 -84 -79 -26 62 9 39 -39 31 23 42 83 -94 73 -27 5 -60 39 -62 -50 15 -34 -87 16 58 74 69 85 -87 36 -39 29 90 -14 -30 96 -56 -6 48 -7 -76 -8 11 -4 -38 88 83 -37 -34 64 -49 22 -14 -14 28 -44 -69 -22 -72 -15 -90 -19 87 
45 7 -68 43 54 59 44 10 50 73 -29 61 67 8 -3 -16 -6 -32 -93 -48 88 -32 -69 -95 -44 10 -34 -42 83 -37 -60 30 -24 31 87 42 -90 -74 -19 93 64 58 -4 -17 -45 42 -24 -17 6 -77 69 -9 34 -61 93 86 70 -96 -18 -98 -7 66 -40 12 -82 -33 -3 31 -98 54 -93 -37 -55 -15 -17 -67 26 -11 77 19 86 66 -60 12 54 -57 -83 22 -71 14 46 -72 -93 12 -98 -47 13 85 85 -29 53 84 65 -24 -88 21 58 -40 30 -28 36 59 36 -31 47 58 -6 -50 -14 -15 79 8 -7 -98 -74 54 -95 -67 -80 -14 -78 49 28 -15 53 -12 -33 65 -37 11 28 -90 -69 31 -34 -9 2 -68 7 -73 34 -56 -24 82 68 -83 -63 40 55 -70 -62 -70 -42 19 71 -13 72 -48 -43 -57 -18 -69 -74 -19 52 95 -31 27 -41 66 -37 -96 -62 98 -76 95 64 -35 68 -50 -83 15 83 -94 53 59 75 -13 9 46 -92 78 -52 -14 76 30 -27 -96 47 -34 21 58 -92 39 -10 -55 -64 34 52 -69 -39 89 -67 92 -50 35 -48 -84 42 5 25 15 23 -43 -95 14 -56 95 -58 -58 51 -43 -98 63 67 -46 -42 71 9 80 -83 62 37 31 27 93 -92 99 71 25 21 -4 99 96 -46 58 42 11 38 -54 21 -13 10 80 -73 -63 -85 -67 25 32 -18 15 87 -28 -36 -60 68 -22 -23 77 -21 -75 -91 -92 17 25 64 -71 30 3 49 -55 19 49 65 13 -31 94 34 54 -14 -56 -59 12 5 33 -79 43 71 69 22 8 52 -89 43 -50 -84 97 96 -29 -50 43 48 51 -43 99 -63 92 47 48 -77 -6 -18 -49 84 -24 -75 47 -68 -33 -71 -14 20 -5 -49 43 -54 62 73 -92 -28 -12 -38 -51 81 21 -64 4 57 -13 -75 -60 56 89 32 26 -74 5 -85 -18 68 63 80 -90 -74 4 10 10 -17 49 48 -57 -9 -88 -26 -99 42 -59 65 58 -27 92 -21 -61 91 9 -97 -91 85 63 -80 -38 -18 -50 -88 -16 -58 -4 47 0 32 -25 -51 -79 35 69 -95 41 6 -45 -60 54 75 3 64 46 61 -53 -29 95 -32 42 33 13 99 37 -45 -18 -85 -71 -43 23 -48 -34 -42 -11 94 -84 19 -59 23 75 29 80 -65 -95 -84 23 -19 -36 -39 -18 23 94 26 53 99 -67 85 -93 6 87 -86 -74 -88 79 -62 -9 -58 -96 -5 1 -74 39 16 -15 -32 -17 15 -73 
43 -21 8 58 10 -95 -50 32 33 -26 -6 54 -46 -44 -30 -21 -72 35 99 -69 -71 -53 -77 -15 58 -17 63 49 -31 -49 -78 -22 -47 -22 -69 -87 -64 18 -1 -6 -64 -40 49 87 -56 76 61 17 -73 80 -69 -89 50 23 37 -49 10 36 -53 48 -19 -81 -58 94 -6 72 87 26 55 41 -17 -55 20 -46 32 93 8 58 -69 -94 18 59 -1 61 82 -95 -12 -13 -50 -75 52 -15 -42 56 -74 86 98 38 54 43 65 47 -75 -12 10 77 69 60 -45 36 4 4 -45 78 85 7 -85 93 35 -55 26 38 48 25 -36 0 5 63 42 -88 83 39 43 -31 -78 55 -54 -81 35 -66 -92 -56 49 -98 68 -91 48 -63 79 86 -14 -30 99 -38 79 34 -20 45 55 -38 46 62 -26 -83 -19 0 22 -26 42 61 79 92 -98 -92 52 -50 -62 -88 93 69 -42 45 -73 -28 -57 -57 36 36 97 17 -99 80 45 51 3 -58 -85 1 -49 1 -38 82 -98 76 84 -14 6 -4 -78 -81 38 -15 41 -74 -46 87 -25 89 26 19 -81 -61 -26 81 88 38 -4 8 58 90 -86 -43 81 -43 -55 -14 48 -36 53 50 88 16 -86 -41 2 79 47 20 -5 -91 95 -69 94 94 -10 -76 0 -23 55 -92 8 53 -7 -44 -45 -79 -2 -45 35 91 13 85 21 25 28 -35 -42 -79 -4 29 46 35 -90 20 53 30 -57 -72 -80 -47 96 -72 3 67 -47 -58 48 75 -67 74 -6 79 -81 -97 15 94 36 -65 -61 -6 -64 10 85 99 8 93 -62 87 -95 41 98 -90 48 -18 -4 -92 -98 -45 8 -86 26 69 -9 -33 14 -66 77 32 73 -32 -47 -96 -51 16 47 -73 -54 -77 66 -59 26 -21 33 -10 -17 -50 52 -54 -39 0 -73 61 -25 91 1 -7 -40 -29 -5 -85 86 -10 -78 -14 -4 -2 -85 73 90 -92 73 -78 -62 80 66 -67 -77 5 -49 -53 -69 -94 74 4 84 -78 49 55 90 -30 67 76 -98 -45 -53 -28 -17 -64 -85 25 -47 11 -96 -37 -50 -84 -12 4 30 18 -19 75 90 3 35 92 7 37 69 -19 -43 51 -95 -18 -43 -19 41 -77 -37 -94 -81 60 58 91 -50 54 -15 -47 32 0 -47 86 -54 86 -67 -20 38 4 -61 12 42 60 -13 -41 -99 -41 -31 82 -69 26 -63 11 -19 -75 -54 36 -19 -14 -88 85 78 -85 -53 73 27 70 29 -44 26 79 -41 48 -72 47 22 72 22 -2 -64 36 
-80 2 -89 -79 0 21 -36 -37 15 7 -56 -94 55 -66 14 3 -13 41 30 14 53 -10 24 -24 -67 23 48 -70 20 17 -65 -87 26 30 -88 63 -16 20 7 81 -87 -33 -27 -99 -1 -93 -93 -72 31 14 -1 -2 85 1 -99 56 42 -65 0 -34 23 -67 51 13 46 89 41 31 58 -82 -13 -29 -84 -28 40 -14 62 -51 49 62 -53 61 76 47 -64 -26 -30 45 86 -14 21 -22 70 54 -11 -63 89 18 14 46 57 -27 88 32 46 -70 -70 40 -92 -98 84 -79 98 -13 18 66 -4 -99 95 -70 -57 49 -63 -6 -82 21 -6 -93 44 -83 -42 -41 -69 -90 46 -32 -99 -61 -94 39 46 -64 -2 -92 97 -74 -74 51 38 -32 -53 -11 -66 -79 -16 2 95 4 57 45 43 85 -53 -17 -62 44 -62 38 -72 31 -22 52 99 -49 -77 -4 68 6 42 32 78 -42 10 -64 27 64 77 87 49 -98 53 -94 69 -50 66 -40 -15 25 -10 -63 -49 97 34 46 69 44 2 -85 45 85 -37 -2 45 -17 -15 -91 38 69 15 -36 4 72 -2 -66 -55 0 15 28 -41 -38 -94 -83 40 94 -87 17 2 -92 -5 -38 -87 85 91 -32 -83 82 46 9 94 54 2 42 29 75 56 -61 76 -13 -31 87 56 -40 3 62 -21 -27 -76 -12 -76 95 70 -7 63 55 -22 -9 -89 95 52 -31 32 3 -6 27 -26 -5 2 26 48 -74 53 69 55 -79 9 85 63 12 -71 -53 -93 91 10 95 -61 -26 52 -54 29 -13 3 83 73 26 22 55 0 -88 93 63 -43 93 -63 64 -20 8 0 -71 -32 21 -67 42 -64 -25 76 51 24 17 24 70 -15 -82 -20 72 13 97 -1 23 -84 39 -5 81 10 -36 -32 -5 -35 48 62 -37 79 -61 22 -12 -25 21 75 -62 51 22 -53 -31 69 47 13 92 -37 53 -83 -76 -28 48 55 7 -2 69 41 77 -75 -70 -35 -13 31 -34 -40 -76 -33 -30 95 -2 -67 20 87 73 86 61 4 -12 -56 59 -89 -21 71 10 34 60 21 -57 -71 -39 20 -61 84 97 -98 -34 56 21 99 -48 -99 99 91 42 -72 -89 86 -90 -58 -96 27 9 -69 -24 88 -79 -32 93 90 -88 18 -82 -75 87 80 87 82 -3 33 78 9 32 2 -57 -69 -87 90 -28 99 3 -44 79 -76 -4 6 -73 18 -24 -23 -79 2 30 -93 -79 90 -79 23 -23 11 49 25 -73 -91 1 -8 -11 30 51 82 43 
67 -49 -10 -81 63 -31 44 10 -39 31 -77 -83 -9 19 72 -29 82 -25 -3 -52 -95 -27 47 87 -10 -19 72 61 -46 10 -47 5 45 88 -65 -82 -83 -54 -35 30 66 -60 -51 -45 -58 57 -62 96 -22 54 95 81 89 81 58 -17 93 89 -9 -52 -91 -68 97 -98 -2 82 24 71 69 4 36 21 -3 16 77 1 -14 57 73 92 -99 21 -37 84 9 17 99 -4 -30 -96 -88 -3 -55 27 -6 9 -60 -71 41 -65 86 -48 -66 -17 -7 39 75 -11 32 -9 -6 -88 84 1 -14 96 84 -48 19 71 83 1 -60 53 96 99 -71 27 61 83 -89 95 -89 56 83 8 9 46 -77 -58 34 25 27 5 -55 51 30 83 -87 52 83 -16 -57 -47 -3 -75 -92 -52 69 24 -64 0 41 32 -69 -14 56 85 42 -59 -53 48 60 -6 -22 51 -56 89 -25 41 -58 -50 -32 5 -96 -75 80 -86 -31 -33 -71 90 -22 -70 -17 -9 -83 66 -99 99 -61 89 18 60 90 -11 68 -38 53 -37 46 -72 63 -63 96 33 -98 80 3 86 -83 84 99 20 -82 49 -32 -88 81 22 -54 -35 -10 -82 -45 92 17 -33 62 73 93 47 80 64 -55 33 -32 63 -19 45 -80 5 31 -47 -15 97 -68 -66 39 94 -48 -93 65 91 -1 -17 -80 -47 -22 79 69 19 61 49 62 -65 39 59 -34 54 -29 40 -64 59 -25 -45 4 -30 39 20 -79 -62 35 -31 14 -15 -53 -30 90 -52 24 8 82 -3 -66 2 -80 -15 40 -40 15 -73 10 82 33 69 -11 71 -15 50 -26 -60 14 -62 81 52 24 48 -69 95 -79 -56 -15 29 34 98 1 5 -73 88 90 -55 55 95 15 -82 6 -49 25 8 -95 -21 -83 -77 -66 -52 90 -68 -60 44 23 -97 -53 -94 -62 -50 74 45 66 16 -26 85 43 19 -95 8 17 23 -6 49 82 3 82 23 24 59 -93 -11 36 42 21 99 11 -69 46 26 -64 -96 98 55 -23 57 -42 -92 -69 -17 -7 71 91 67 86 71 71 23 -80 17 -30 -97 -27 41 10 -49 3 -97 61 50 45 -73 13 89 79 -93 -40 -51 60 51 32 -99 -36 -79 28 -14 46 87 -50 98 31 -46 -65 3 49 48 13 84 -31 41 -16 58 -81 -8 -82 -98 68 -57 89 -31 71 -92 -59 31 74 91 61 -26 -14 -70 -79 -81 -93 -9 16 -29 4 51 -40 0 81 -73 -94 82 47 -98 -25 60 64 -64 17 -4 -71 -34 
-42 29 -9 12 70 24 29 59 97 39 51 -19 89 -51 -23 52 -56 -81 -85 71 60 46 -35 32 -44 87 -54 17 41 33 -18 -59 -31 14 62 -60 -16 56 46 35 -89 -58 -17 5 9 -61 -73 14 -29 -12 -78 78 66 69 -56 -10 77 -39 2 20 -27 -49 -71 -20 99 -37 -20 94 -94 -10 -81 42 33 -93 96 -26 7 -59 88 64 -40 19 -97 -82 -17 65 8 75 -63 -73 -65 0 67 12 -58 -75 -6 52 -82 -73 53 3 74 96 -18 7 70 96 98 83 -90 -38 73 87 -64 -79 -14 13 57 18 -90 90 61 48 94 -57 76 -88 -60 56 -73 -85 24 -63 -44 43 59 -17 -77 7 8 -42 -16 23 -76 59 -88 46 -38 19 -59 45 -48 85 41 79 69 -2 66 -25 0 73 4 99 62 -36 13 88 -59 -34 22 38 -94 17 -83 -4 -34 4 2 17 -24 -15 48 11 -70 12 80 -25 -82 -35 -77 -22 89 68 27 85 -10 -82 47 -61 18 18 82 -49 8 -23 -6 -74 -99 -20 54 -81 74 -57 -13 2 23 -37 -66 43 -51 88 72 77 -99 -67 83 -28 6 -39 -63 56 -73 -68 -39 1 -21 83 48 84 77 46 -1 64 79 -14 40 -71 -74 93 96 -43 -87 -54 -50 -4 -33 -45 -56 -45 -40 52 37 4 -52 26 -71 -57 -73 43 -78 42 -44 -78 -24 -2 -4 -61 -94 3 -27 -43 -50 -52 8 -90 74 -51 -59 86 -81 -75 76 79 -81 -27 11 -47 -62 91 5 28 5 -72 -25 -12 73 -41 -60 19 92 -3 -47 33 14 80 12 15 -92 -16 -16 73 4 2 95 -7 31 -83 21 -44 -49 -10 82 -64 98 -96 86 -44 -77 81 72 -89 54 44 -42 -67 93 -86 81 90 57 41 38 59 70 3 -65 6 -97 82 66 78 -57 13 -63 -5 18 -40 21 1 36 64 67 22 60 40 67 -4 69 34 85 30 -54 91 23 48 4 -93 90 -73 -60 -49 11 89 -33 -38 60 95 -76 48 23 -41 6 -34 45 -38 -9 -85 -66 23 35 -5 5 56 71 -63 -28 41 35 -13 40 92 28 27 -99 -42 93 4 -9 60 -11 -52 -86 -4 -32 -57 -28 -4 71 86 -8 79 33 41 2 55 -52 70 30 -31 74 -51 -95 -28 -65 -84 -43 -23 0 64 -20 -29 65 6 95 71 71 -85 -8 59 -59 -58 56 92 -20 -18 14 -28 98 -47 57 89 -24 57 -80 26 -30 -18 -16 38 -86 -31 55 38 17 60 84 76 13 -41 
30 -55 -18 26 -16 -16 75 -78 -38 -49 62 71 88 -74 74 8 -34 -18 -74 -46 97 -35 3 35 25 4 -11 46 38 -36 -34 56 -77 43 -6 -17 -52 7 64 -6 77 -71 -12 10 8 61 -80 60 -99 92 71 -77 58 38 -13 80 11 71 -64 -69 30 83 -16 76 85 -61 -82 19 -35 -59 35 30 35 -23 -93 46 10 76 -64 -34 98 76 -45 75 -61 69 62 14 -85 -92 27 -95 -21 46 -66 -12 -19 -53 -90 34 -35 97 -42 22 94 90 57 22 -62 80 -36 -24 -24 -87 -61 -40 -6 69 -30 -23 -53 -94 43 59 -18 -8 -40 -76 -18 -22 4 24 -76 48 -51 -77 -44 63 29 -57 -55 -89 -80 -32 -68 42 -4 21 -13 -26 0 -62 34 57 46 -21 -83 -75 -46 -91 43 73 47 84 -69 97 -66 -15 -97 -50 89 -91 95 3 69 -16 7 37 47 1 -2 48 50 95 79 -50 -26 -52 -95 -91 86 64 96 -65 31 2 51 7 -80 87 -72 -64 -84 -19 -29 52 21 -39 -42 -70 90 2 -51 90 -98 12 -32 -33 47 -60 -84 72 -61 -55 54 -7 -38 61 66 71 -7 -60 -63 2 1 52 -71 86 -1 -68 -80 85 71 23 76 -42 -54 75 -38 18 28 -38 -37 -59 -25 62 72 77 -76 42 -65 47 -15 78 16 57 -86 -23 39 -7 36 24 -63 61 13 26 62 38 -11 -92 35 -54 94 51 -27 -36 1 -38 22 9 13 23 -71 19 -59 7 97 8 -93 -94 18 54 -85 -3 -93 -53 19 68 -97 -20 46 -44 77 -13 -96 71 52 -73 -28 14 -46 9 -60 39 98 1 -83 -15 91 -44 40 -51 94 20 -39 38 30 -43 -61 -97 -31 30 -51 -36 -45 -94 -77 -17 86 6 -80 22 92 24 26 95 -58 4 -19 -25 22 -70 -9 -82 11 -35 -20 95 -38 -29 33 44 14 30 -62 -28 -87 66 35 -24 6 42 88 83 48 -67 5 86 -2 34 83 -37 90 90 -87 -85 -46 93 -10 16 64 65 -24 -26 38 -50 2 -15 44 92 -67 2 -78 5 -61 -10 7 6 24 -62 58 93 -15 32 77 -73 37 7 22 -59 88 6 13 46 53 -4 85 22 -58 98 19 -63 -78 -90 -78 -6 72 -35 -64 -83 -23 -60 89 -87 -76 97 -55 58 79 24 95 36 -81 -29 -2 -89 98 -84 45 -56 36 -90 22 15 -12 -90 8 -31 38 -6 -22 60 33 -56 -95 18 87 -99 32 29 -38 24 32 -28 70 43 53 57 88 98 
-79 -60 -89 -27 82 7 63 -26 95 22 -66 23 -75 -35 -20 94 95 -66 75 79 58 -15 -43 -38 -64 5 77 50 -74 -57 81 71 28 29 4 75 74 -14 -43 -95 77 38 -2 -35 -54 21 12 37 34 -23 28 35 -78 -4 79 86 88 50 21 -81 9 90 80 58 -72 97 99 -34 -14 -44 92 1 -40 99 -48 -43 58 14 72 42 71 -3 -27 -70 33 -67 -38 11 21 89 -72 -66 -58 -51 -33 -19 -40 22 -72 22 52 49 38 56 61 84 62 99 -76 -7 -16 11 70 -30 11 89 47 -9 42 -89 40 -35 -31 13 74 -34 -30 -78 -88 77 -38 -83 -49 -72 43 93 -55 -65 -59 -8 -18 0 -20 74 73 1 -10 69 -63 -36 43 -76 -33 47 -69 -99 5 -84 -4 -76 80 -64 25 85 73 -83 -34 32 -45 51 77 -72 53 76 -26 -8 35 -6 -95 -80 45 -28 98 82 66 -93 10 -28 -24 -96 -35 -71 -55 -71 19 -70 -73 -65 14 -47 -51 34 -23 94 -63 -8 -41 19 24 -88 29 -78 37 -63 86 -83 -14 36 17 -36 9 29 75 -94 -39 53 -13 7 -8 -35 6 -34 25 77 21 45 12 -90 74 -28 86 -18 -18 -18 83 -96 32 -15 82 -2 -93 43 -94 55 7 -78 -34 -33 56 -90 -66 53 -27 77 1 37 73 93 -98 59 69 98 -19 93 61 -93 5 -18 39 8 94 13 -18 -61 -19 8 -85 4 42 56 98 56 -75 -92 91 -76 68 35 -59 -17 10 -71 41 -56 -21 -1 -22 62 -2 77 -42 -64 -63 98 21 73 -7 -92 37 11 50 -94 63 94 -12 -38 84 36 68 -80 -90 85 -80 5 34 9 -2 -21 -77 46 40 -40 51 15 -28 0 -47 -30 15 -28 88 -38 30 -39 -86 -29 -10 -14 22 -25 -49 67 80 3 -9 36 35 98 68 -89 31 16 88 57 -72 -80 9 -71 -85 42 96 13 -2 -94 68 -71 -41 -75 -89 6 50 63 46 -13 -36 34 -34 98 -88 -25 -1 66 -15 -38 12 -3 7 20 -32 22 60 4 69 -25 -94 -79 29 -85 -13 91 41 46 -3 52 0 -20 19 -95 31 0 -54 30 44 49 -54 32 -8 68 -77 52 14 81 -49 -70 77 59 96 47 -40 18 -69 -30 -81 -5 -31 58 -33 79 -18 -31 -47 76 28 -46 -27 -11 18 75 -78 90 54 43 93 -97 -34 -11 -93 -65 -62 89 14 67 -61 21 -71 -66 84 -41 16 46 69 81 8 -74 65 -69 63 -54 -75 99 
9 -59 61 52 65 -53 92 -85 60 -2 75 78 63 21 -33 2 31 8 73 -75 -5 -29 43 -13 -11 -58 40 -93 -91 -23 -72 9 39 -34 78 -99 99 0 -2 -63 19 39 96 -56 23 -99 -78 33 -95 92 81 91 -69 73 11 -68 64 -85 85 -74 14 66 -94 -61 42 35 -9 -29 -55 -86 32 -87 -92 48 73 -24 -13 -79 -13 60 0 -77 -68 92 94 -30 92 52 -15 30 74 -8 -4 -3 -52 -16 -35 18 94 -57 65 -65 86 -71 33 8 88 -39 -38 -37 92 -70 20 -99 -10 54 72 -64 -44 -82 11 3 -37 -59 52 -56 92 -62 -6 -21 96 -74 34 -26 2 -98 13 30 -98 47 68 -99 45 -85 43 84 -92 66 -38 -85 76 -74 51 12 -81 -98 -42 13 -15 21 -99 -23 -81 55 5 -66 94 43 43 92 21 15 -62 69 -65 -15 -72 -66 76 47 40 -93 -52 -96 -75 94 -10 35 2 -25 89 85 -34 66 93 -35 -87 -82 95 -4 -32 -36 -33 -64 47 72 -5 5 -21 36 -97 -54 29 -20 73 -27 -36 21 -32 -4 -82 -7 10 -56 -85 -99 -32 53 -65 -47 -52 29 -58 79 70 -84 55 37 -61 69 -53 -94 -61 70 98 -73 34 -47 15 91 -9 68 -49 27 -34 -96 -75 -74 32 9 95 67 75 -91 -99 68 76 84 62 -45 -41 36 93 -78 16 96 61 72 94 -44 34 63 11 -99 -4 -33 -76 -28 77 52 -8 23 0 16 -88 96 24 -44 9 72 -46 13 -9 -11 61 -7 -22 58 -88 69 -72 -6 92 96 -8 33 55 31 -73 47 40 -15 95 -92 31 15 -29 19 -62 -37 -93 68 54 -72 -78 44 71 22 81 22 21 33 86 38 -94 74 41 -27 50 -33 33 -72 -11 27 73 -86 83 79 -20 -5 47 -93 81 -39 73 -54 -88 80 -10 -92 60 79 -57 -59 72 91 -99 -54 16 -79 -60 -15 -89 -95 14 6 0 -87 99 16 11 41 -61 1 -70 -69 95 -92 -62 70 -2 12 -3 87 7 34 -72 51 20 -78 -83 -26 2 -41 -93 99 -81 17 29 9 64 99 -50 3 -25 -14 -73 -11 -14 -81 -78 16 -81 93 52 -67 -75 82 47 42 -17 -57 -44 57 -42 23 -81 63 82 82 -72 6 -52 -4 91 21 31 67 23 -87 -76 -56 -5 84 24 -28 -68 -71 51 -81 98 -45 23 77 27 61 41 41 -82 -24 1 19 -58 -4 -41 -96 14 -66 -35 -87 -79 -32 65 -54 40 1 31 -4 20 -47 
54 35 -35 42 17 -10 -31 -30 -67 74 89 -88 -54 41 -4 -94 24 -55 40 73 75 -83 -71 -76 80 17 81 58 36 -22 -17 -88 48 57 9 -84 23 75 -35 62 -42 -86 -99 -89 -29 26 -38 23 47 44 -29 -65 44 -60 -95 40 -50 -90 89 40 -20 58 -36 74 -71 71 5 -45 11 -10 -54 49 21 7 27 -94 40 -87 55 64 43 51 87 -23 -2 34 -82 -60 36 -24 49 30 -14 41 -81 -61 99 -41 6 30 -69 53 -12 68 -59 6 -39 -7 -36 -99 39 42 -57 -52 -51 85 -92 52 52 78 13 92 -44 6 18 59 16 98 -54 -1 79 -90 43 -21 -87 88 -87 85 68 32 0 -78 20 -69 -80 -92 -6 -23 58 -93 1 71 -68 -63 20 -27 24 -26 38 -90 33 63 -31 -8 -9 14 -45 -94 -21 -48 -65 -21 -84 -30 -12 -64 61 -29 -58 65 -19 -28 -61 -38 -40 -89 -72 35 -71 -89 43 91 -29 24 99 -29 57 -72 93 -53 95 -25 -48 81 -72 32 -58 -43 34 36 56 -76 -15 85 -81 -41 -27 14 47 -76 -96 -79 -93 58 81 -55 -24 -33 -22 -41 -10 67 -4 -16 60 21 28 27 27 56 -50 3 -52 -45 -42 16 73 31 30 44 -42 -66 32 55 -21 -12 -66 -45 45 67 63 71 -86 83 -7 7 13 -93 -9 3 -64 -7 -99 94 -96 -7 35 -74 79 -21 99 -10 -81 54 -24 25 -41 86 -58 -89 38 51 70 -41 -49 44 -21 0 40 -57 -98 -64 39 20 23 -65 27 34 65 -27 30 30 -70 -25 66 -28 45 -61 -45 -77 -34 -69 -38 -70 -63 -87 64 24 27 -19 -77 96 25 -68 -80 89 -33 7 31 -98 -61 45 92 41 -18 47 21 -63 -7 98 -40 94 45 -1 -30 74 -21 83 95 63 -80 -35 -19 -35 6 90 -93 45 94 -9 -90 -18 63 94 -17 98 31 54 -57 -43 -46 5 -26 29 -68 26 28 87 -44 87 -97 94 -45 94 -48 -94 67 43 8 30 -52 -37 1 27 21 65 -36 -14 95 35 -58 -58 40 86 -56 -17 23 -14 -85 0 11 -64 17 16 7 44 -16 -91 -56 16 45 82 45 61 56 -52 -87 99 -26 48 -92 -38 -62 92 -56 32 -35 41 28 -85 -44 -62 -3 -33 -79 86 -68 14 -96 -9 -50 -33 52 1 23 20 -26 17 -56 -63 -31 58 44 0 1 -25 68 -2 -56 -14 38 -89 20 57 -53 -82 -94 62 29 4 20 64 -19 -23 73 16 24 -97 -2 74 
-28 42 45 87 64 -19 74 -17 64 -67 63 26 -79 2 -75 11 -62 -14 -57 -6 -86 -61 50 4 -24 -71 -32 -15 -91 34 -84 -82 -35 -54 -18 99 -30 -7 -13 -59 96 -20 58 4 57 -52 31 -56 27 -34 85 -38 -90 76 -6 -82 54 33 6 -4 -88 -62 -71 -23 -64 -92 -96 91 8 -74 40 33 37 16 69 53 72 31 47 -31 -14 47 -5 75 -77 66 61 3 -86 93 5 32 -83 63 52 -23 12 -85 78 86 8 -6 85 77 -56 -89 54 5 -91 -64 25 23 30 16 82 -61 -95 -41 10 25 -34 45 -7 40 -12 59 -21 69 98 82 -75 70 -88 12 -13 50 -87 -5 -18 -78 -50 6 -32 75 87 -13 -32 -11 -17 62 -58 -91 -68 19 80 61 31 98 -53 -27 12 -7 -66 -7 -98 -79 18 90 -39 -2 -34 90 26 50 -49 -76 -66 5 87 86 68 17 -95 -59 -17 75 -81 -34 67 89 9 -35 -49 -46 -51 -34 79 -77 -63 -96 -56 -22 1 -35 81 3 -67 -5 -81 43 19 -6 -18 59 -40 -92 -1 2 -24 -11 -36 -70 -38 20 25 2 22 -71 -78 19 40 -48 -99 -77 -41 92 -28 -2 17 -56 -87 2 24 98 -74 -48 -19 86 -91 -83 -68 -8 -34 -15 15 -57 -77 -27 85 -13 86 72 -90 -68 -19 13 -8 -15 -68 95 -13 -11 89 -84 40 84 78 -78 54 -10 83 68 9 0 30 79 -74 98 -21 28 -49 71 8 -59 2 -34 47 28 -1 -85 43 18 -95 45 -56 77 19 65 -68 -74 -56 -48 11 32 -19 67 29 36 -73 15 -93 -7 -24 76 -96 10 -74 7 9 75 23 49 -99 21 -89 55 -56 -23 -10 51 -41 -84 29 75 21 48 -37 -55 78 -60 67 -14 65 23 -71 -73 -33 65 -39 -95 20 -74 -14 54 73 86 25 -8 5 99 63 14 -57 -94 -35 23 25 -50 -49 11 72 -64 -60 64 61 1 -73 -23 -96 84 6 -65 14 -56 26 91 -17 57 15 -76 89 -5 26 87 -20 39 21 22 -21 34 86 -59 21 99 16 65 -54 7 -36 -59 68 42 -97 5 -96 -40 21 81 25 41 57 -52 -61 6 14 36 80 -77 13 57 85 -71 -10 38 -23 -29 49 -31 -51 -84 -20 97 -73 43 -28 -15 -19 -3 67 -87 45 8 79 -9 -60 -60 -93 -15 32 24 -31 81 59 55 96 -29 -92 17 -65 48 -53 -67 -3 86 -77 -12 81 40 -16 -57 3 97 64 -10 81 74 -76 -69 -70 25 
-64 10 59 7 -5 98 49 -98 -43 -99 -17 9 61 57 45 -20 12 -96 -24 -35 -38 78 -52 -87 84 -51 81 -15 -30 -87 56 70 70 4 -60 -22 -35 5 -24 88 -16 -52 -16 49 -72 -46 -30 -59 65 83 -50 -19 12 -49 97 66 -47 -26 -25 4 68 -55 -64 -62 -37 65 9 -37 22 52 78 -48 92 -52 -61 -2 27 78 29 -33 -68 79 -27 -56 75 33 -67 -39 30 -48 3 -93 57 18 99 69 -15 -23 -59 -35 63 46 -25 75 32 -49 -6 46 83 -45 90 79 38 44 30 66 72 62 -60 26 -10 -33 17 98 83 -14 89 3 19 -12 29 78 34 -80 -40 5 -1 3 43 -50 70 99 -27 68 58 -13 -82 -5 -94 38 22 -76 15 26 -46 15 -56 -40 -6 -92 -3 -59 -24 30 57 71 10 -16 34 14 -74 -45 72 23 -98 -54 -21 -15 -24 -65 52 22 26 -58 6 74 -45 -79 79 -13 -84 -87 -39 9 -39 -25 -32 -39 -89 14 90 90 -40 76 87 37 51 25 31 -25 -39 -78 -94 72 15 67 37 -22 -87 -24 -90 -94 33 -89 -69 28 46 -37 -19 -23 63 -70 -31 63 -57 20 90 -21 75 47 94 88 41 89 -98 -25 -7 -85 98 71 -68 -31 -34 -47 72 -43 -91 29 39 75 89 37 -53 -71 48 99 -48 -9 -96 -52 -26 48 24 -10 -7 -3 59 -86 -21 -6 26 13 59 -16 -39 -41 -27 -63 -59 38 25 19 3 -78 -15 -34 -48 -44 7 -44 -5 -26 88 93 -76 70 78 -30 -92 -68 -62 46 -33 -3 93 5 -80 19 18 -36 -79 78 -97 -1 4 -57 16 98 85 -79 79 -24 -54 -51 47 13 75 -16 34 26 19 5 -86 38 -86 74 -93 -94 44 -44 -94 -20 -15 35 -85 52 -41 70 25 75 31 13 14 -58 48 27 82 -71 7 -87 10 14 -48 36 -37 -31 40 27 -13 58 -16 -11 -56 25 51 56 -80 38 44 72 6 9 84 -21 72 -92 -91 -40 -87 -73 90 -30 36 -54 -94 -74 85 66 31 -34 33 0 34 -66 -11 32 -50 -48 53 50 -50 -86 -99 -25 -14 94 -7 -42 44 26 -2 58 82 -2 22 -5 -10 -98 98 -15 -50 -1 23 94 3 -68 -92 99 24 -6 -3 -56 12 20 62 11 -75 -36 59 2 18 35 12 1 44 98 88 -37 99 54 27 79 -26 96 83 67 -56 -7 -19 19 -6 52 -22 2 12 82 -7 -83 -67 55 37 -16 -93 -76 43 -5 89 -94 35 82 
-95 69 -22 -4 60 90 15 -59 -46 51 -98 13 94 -8 -97 6 44 49 -63 -79 89 -35 -29 72 -99 26 -79 -23 -26 -17 -56 80 56 -34 71 -55 9 7 -30 -32 -86 -28 40 -1 72 -62 -41 -36 -86 69 -47 -49 -15 -47 -87 66 98 71 25 -86 34 -46 -95 48 -17 -46 37 -99 -63 -62 42 29 79 -51 -17 -75 52 -53 76 -20 -59 85 -21 24 57 -60 -1 63 -17 -14 79 -2 -14 39 89 -28 -40 -92 -48 64 0 -97 -60 35 88 -28 58 -34 7 -61 -66 -11 23 -96 97 60 -77 -88 45 53 79 23 87 -12 -10 -10 -50 -68 41 -34 -27 67 74 -83 -18 55 -44 94 -57 -6 -46 93 -47 86 -95 -76 4 -62 -22 -86 -56 -10 92 -98 -70 71 -14 84 -52 -93 61 -9 -65 -96 11 58 -30 -71 -54 -35 -74 -88 22 -79 -28 65 -25 11 -58 -36 -71 55 -67 -10 41 65 -97 -3 -38 -4 -42 -30 33 -86 -47 -69 -93 67 -19 50 95 -41 41 -85 -79 -72 -29 -53 -63 26 -36 11 63 41 -69 -2 -11 24 46 74 81 -2 69 91 81 -75 86 -1 39 -52 -26 48 -39 -16 -65 -38 6 -51 79 49 71 89 69 -20 49 40 68 56 -21 -50 80 -86 89 -44 49 -64 -24 -55 10 -10 -2 -36 -15 -90 6 -56 1 42 -56 16 -31 51 -93 -80 -61 64 -3 -53 -44 -31 34 -58 4 -50 43 -69 77 -3 2 -45 73 82 -50 44 -70 -13 77 67 43 -25 -85 88 -9 -5 15 -36 63 24 65 56 -50 -33 20 -36 95 -18 -21 -84 12 -66 89 -64 43 -52 -89 46 5 63 -1 51 -53 72 10 -10 47 -47 81 65 -53 -21 -8 -11 16 -87 52 -93 44 38 45 -36 -9 96 77 -7 -37 89 7 -45 84 -54 -26 -16 74 77 37 -61 46 -42 39 -4 41 14 92 94 4 32 -43 -74 -46 43 -96 58 33 67 -10 -35 86 37 -56 20 -79 -59 50 19 4 96 44 -50 46 -59 64 -9 72 40 -4 55 -27 46 5 39 -59 84 60 -21 99 59 92 -50 -47 -47 7 -46 15 51 -74 -29 -11 -71 -69 32 -85 -74 48 14 -83 1 -23 13 -5 35 -84 -76 66 75 68 -34 99 -89 98 -90 -93 92 -72 -71 77 39 4 -18 98 6 -97 -74 -65 -31 -76 25 62 66 23 -94 -44 -86 -14 56 4 95 -7 -9 -45 -42 98 -64 -23 8 83 47 -32 -98 -57 -71 77 -78 83 -34 66 20 -58 -86 9 36 
-99 67 18 -45 25 -25 -27 -81 -54 -45 -68 -99 -35 -18 69 -52 27 76 88 56 37 78 19 29 -94 84 -49 60 61 29 68 74 22 95 92 -70 87 -53 6 15 -49 84 -22 64 -52 -70 36 -77 98 -24 55 91 -31 -37 96 -20 51 -60 -27 30 -44 -78 33 37 -88 -18 34 -29 10 -33 -52 -50 9 5 -82 -58 76 -74 -59 -28 7 -94 31 -46 60 42 93 55 44 -77 -68 -98 11 -69 40 -53 6 49 46 40 5 95 56 51 -28 -61 56 -83 25 -24 -5 -37 -83 15 57 87 82 -92 6 -35 -76 19 -29 76 -74 65 -27 -80 55 14 -59 -4 65 52 67 78 -68 -33 44 72 -18 -48 87 63 31 54 52 95 -18 11 -23 -21 -92 74 -85 49 42 57 -7 -31 -77 56 78 59 30 22 -70 81 29 37 76 -13 -18 -81 -12 -69 -64 -98 -49 83 91 -66 29 1 -75 2 -3 14 85 -27 9 69 -18 -47 31 11 -83 -82 71 -55 51 89 31 65 -97 6 -56 -10 -4 98 -36 45 -85 -79 62 93 84 -94 3 -8 -42 4 11 26 53 74 -15 -1 57 -19 67 47 -37 -72 -6 79 3 -63 81 -41 21 -21 49 77 73 77 58 81 75 21 57 -34 -61 -60 -72 70 -62 56 -63 -4 -40 -84 35 -6 -25 19 66 25 55 97 -59 -79 -66 77 44 -34 33 -93 -58 -45 30 -21 -32 82 90 -35 42 0 -53 -6 29 -60 46 22 43 90 -55 -40 94 65 75 73 -59 -17 -30 -79 -69 64 -28 -26 -82 64 -1 74 20 -15 -14 -7 -88 -27 -29 -85 84 -3 -14 -69 35 1 -26 7 -62 -11 59 -27 46 -46 9 -35 39 87 -85 -94 71 58 -63 62 -21 11 -88 -66 39 -90 -51 39 -61 29 -43 -65 -33 -46 14 15 -67 17 -17 -26 -33 69 -21 64 42 43 -2 60 33 -56 -82 28 90 -72 -69 27 8 94 -70 -15 -95 -6 55 -80 -57 7 -76 -99 -35 -69 -66 -90 93 -73 -14 -65 -39 -28 -63 55 45 28 -9 -80 75 -68 -46 -27 -51 -27 74 -35 -24 78 -49 -30 78 47 -56 42 -4 -60 44 15 -41 -47 46 20 28 75 27 -94 28 44 -12 -52 -62 -19 5 3 69 -47 -7 -10 -41 -33 29 -35 -31 56 94 -51 2 85 29 -81 -86 71 28 94 -45 -16 -57 -44 51 90 49 50 26 65 -46 76 57 5 5 -69 -63 36 -13 -20 -46 -21 -27 57 -30 -95 45 -89 -17 33 37 -6 67 -41 
69 13 -72 -41 32 30 -33 2 -86 83 -56 -2 10 -12 8 -37 33 87 53 -76 -41 -66 -97 93 -36 77 8 -45 33 -50 34 -46 41 12 17 71 -97 -48 2 -97 45 -27 -88 26 -45 25 -50 -84 91 -47 99 25 75 74 77 -17 -96 -32 40 -86 -51 -8 72 88 -64 85 24 -54 73 10 -84 -90 -43 28 82 81 29 36 83 -39 62 -26 -62 51 58 -29 -11 -6 24 -70 76 80 32 9 -56 -89 11 -40 66 63 -62 -75 40 63 -34 -77 62 52 71 74 -56 61 26 -59 25 -71 22 43 -61 -20 3 -97 -71 -9 -22 21 -44 63 37 25 -59 -68 1 -49 53 94 37 -68 0 54 -37 -76 -54 9 -24 -24 98 15 -4 -91 45 23 94 89 -48 78 -9 -21 95 18 -37 67 -10 -41 79 0 45 35 -84 -79 59 34 35 98 49 -44 -49 -4 38 -36 53 -88 -27 -32 65 -44 -84 69 -76 -42 96 -55 -18 68 -96 -91 -96 -15 52 76 -10 22 14 -33 -6 42 25 85 -99 -19 -58 58 47 -71 -4 87 -72 31 -67 53 72 99 -31 -27 -63 -61 -19 49 -83 10 -12 41 29 94 -81 -10 60 57 59 10 91 -94 47 8 -58 -37 -65 18 -60 39 0 -51 48 6 -61 63 -85 -14 70 -63 -62 45 -86 45 49 -72 40 70 -31 47 82 -28 97 -58 75 -44 16 -52 91 24 7 35 -79 -95 -25 11 -90 5 -20 -89 96 94 37 52 37 -31 42 -27 -9 69 -37 -93 37 39 -58 55 91 -63 -73 12 -88 67 79 -67 -17 30 -48 41 -70 81 -88 -54 -2 -60 -7 -5 -89 54 51 10 -70 13 68 63 80 -20 91 10 -91 17 -23 -53 -13 5 19 45 -51 -2 -5 87 -4 10 1 51 -73 54 32 27 -35 -92 -42 82 -41 24 -44 5 -87 -11 61 31 15 26 47 -60 -76 -77 -64 -54 -71 45 30 -63 -85 -2 -83 -15 46 -21 25 35 -87 27 96 29 -70 50 8 15 -19 -42 77 -60 -18 19 0 41 -63 68 -84 72 -85 -30 -35 -30 40 -48 -24 31 64 20 23 -34 8 -56 -89 -49 -95 -62 -13 41 -53 73 79 -47 58 16 9 29 -75 -78 -40 -76 39 -2 82 31 72 7 7 72 -94 -88 -77 31 56 84 88 13 25 95 -33 90 -52 -49 -84 16 38 -65 26 -54 61 -80 -85 -6 53 -13 -85 -37 -12 60 -50 53 35 18 66 35 -62 -99 -99 -26 -87 28 70 -95 -63 37 19 7 -70 -81 
52 95 -64 -65 5 -90 -19 21 -28 1 47 -26 58 -21 -66 65 42 -20 80 13 61 57 -1 68 -71 82 -58 6 0 -6 84 -58 -71 43 15 -69 -98 89 63 16 9 44 52 -99 31 -80 -38 74 84 -69 -10 66 -1 -54 -1 -88 -45 22 75 95 -89 -88 -64 -58 -52 21 44 -32 -12 82 84 -17 95 52 86 26 81 -60 89 -35 73 81 -13 70 -82 -11 35 19 -60 -19 -74 38 55 -42 -5 16 -20 -83 50 -61 28 35 -22 26 -54 50 -22 99 -68 -33 -96 81 67 20 70 -71 71 -6 -87 74 53 81 -39 61 -86 -78 53 -39 4 87 70 -39 95 -46 85 15 53 57 35 30 87 57 -68 1 38 -66 49 -90 -42 -97 -19 -69 -87 -92 -5 90 -56 -73 46 67 -82 80 22 -17 46 -90 31 49 23 89 44 -44 -38 -69 -16 64 4 -65 80 42 55 46 70 -67 -19 41 -13 14 52 89 -77 53 -73 43 -31 -84 46 -99 -84 -78 40 -41 72 -20 84 -32 83 -30 -39 2 68 53 19 -41 21 -78 97 -78 -89 -54 -8 -12 -88 69 82 -17 -16 -98 41 -9 55 -12 70 -63 63 -34 96 80 63 -18 83 41 59 95 -48 32 88 -96 84 -77 17 -99 23 66 52 93 -47 -96 -41 -93 23 -31 -91 -32 -77 95 -90 -59 84 -90 -30 -72 -5 -47 -84 88 -64 -79 71 -89 8 -54 -29 51 58 -38 -1 -67 80 -60 -75 65 31 -44 83 8 -80 31 -19 92 -86 87 64 -6 29 -97 44 -88 -37 -56 50 5 -87 20 47 -66 -81 -26 -51 90 57 85 60 -63 -53 2 -69 21 97 -59 59 -27 29 -18 83 -65 98 50 63 -61 -58 15 -17 13 -42 37 -64 -83 -61 -67 -17 32 51 -67 94 46 -99 83 -51 13 -64 80 75 98 56 20 -21 60 96 19 -61 42 -44 -23 -27 -79 13 -46 5 61 32 -3 56 -80 78 -64 -36 12 68 -89 -18 -49 -38 36 -98 10 64 25 -20 -84 26 94 -86 57 -60 2 70 -53 -6 53 35 58 25 54 -60 -56 -67 11 18 82 3 51 -49 34 81 57 -41 -52 35 14 65 72 -60 89 -88 -88 1 -8 71 -64 -1 82 20 -38 -77 55 81 58 -78 -62 20 -63 39 6 -72 23 -86 -78 80 46 65 5 20 -68 -65 -51 70 -33 32 44 -16 -37 33 50 31 -11 44 13 9 -22 65 89 -53 -53 89 70 -76 -26 55 3 -23 3 -39 7 -18 -10 85 -54 -63 75 
32 -82 -37 -66 19 -37 -46 49 19 -64 64 48 -38 -27 51 -17 44 -65 -98 -95 18 -62 42 79 42 92 -38 -93 -20 80 5 -78 52 -97 -26 -87 -78 19 -48 -46 56 -39 66 -90 -11 -48 1 76 -22 -47 -34 -68 -43 24 10 29 -58 -67 52 -29 -14 85 -18 19 -14 15 -70 -68 -45 84 -63 71 -53 24 -84 98 -96 55 77 88 -62 -60 37 -3 72 90 -35 -95 -61 -75 27 -32 -82 21 55 -89 -28 71 -43 -86 40 17 28 -66 56 52 -12 -86 -92 44 -29 43 87 41 -22 75 13 95 -64 -79 89 -70 -64 -24 99 -58 20 -34 -4 12 -10 -53 19 5 28 -94 -67 39 73 17 -81 69 -14 59 -98 -68 66 35 73 -77 -37 -13 98 70 -89 -93 37 35 89 54 23 -22 -85 81 37 33 86 -90 36 38 45 33 -37 -50 -26 19 -30 81 -7 40 58 -12 -34 -24 -85 -66 -42 96 -52 13 -46 71 -3 -31 -41 -3 -40 82 28 -33 71 -32 -83 -51 47 95 64 32 56 22 57 85 20 -29 13 56 -1 99 -32 -84 28 -12 -86 75 -91 -82 97 3 -40 -7 91 -6 -10 7 49 44 91 -82 -68 -26 -90 83 42 -7 55 12 47 24 -8 79 -26 -41 -13 -1 -48 22 -73 82 52 -32 58 -61 -5 68 -11 64 -50 -33 61 84 -2 -53 -79 56 8 -51 42 -21 94 -26 -84 -20 91 -13 46 -54 64 28 64 -81 -44 59 55 19 -63 99 -88 -24 -60 56 -31 -70 -35 15 60 -6 27 -99 -30 72 58 95 34 -28 44 -78 72 62 55 41 -82 -55 -45 73 -4 65 -8 -44 -21 -88 83 15 2 -19 10 -59 -55 12 52 92 -62 -47 -80 71 -8 17 -94 47 -85 -92 11 -31 58 8 73 -96 -28 -98 -15 72 -74 99 58 44 65 33 -6 46 -29 89 -85 -68 96 10 77 -47 82 12 -40 -56 -71 -29 98 83 -93 84 81 -65 -79 85 -51 44 -66 -35 -43 -29 -92 4 -13 -48 48 66 57 -81 -28 -35 -64 78 -26 45 36 22 -12 71 26 -49 58 80 30 -15 -43 32 65 28 -38 -4 14 -15 -77 78 73 -93 -5 48 70 -80 -63 -1 -83 25 -85 70 45 -15 10 -44 -13 -31 -39 29 -18 -32 45 -43 -6 -54 82 11 -54 -93 16 -97 -51 -13 82 -1 -45 93 -58 90 -80 -74 2 -31 -26 -30 -42 35 -19 29 34 96 -54 23 -8 67 74 12 -54 -46 -53 -81 11 -18 -77 -33 85 80 -7 97 
-81 -53 -11 77 -91 16 -42 -61 -94 -83 -43 -79 -50 -92 8 55 51 -31 57 7 -16 -33 25 -33 -30 22 -83 -84 32 51 79 -49 -23 3 -82 74 21 88 76 17 44 66 9 -7 20 19 1 -1 -76 -4 -27 -63 71 -76 -1 90 5 -77 -70 65 -8 65 51 34 74 -41 40 -60 38 53 23 28 73 83 -21 26 74 -19 -27 17 -45 -54 -68 -26 -68 21 -30 -40 -61 -86 -23 76 17 4 29 -42 77 -91 -92 -76 40 42 36 23 6 29 -16 -36 -15 8 -19 -34 67 10 -76 -16 -68 57 -20 75 -91 84 82 -26 2 -53 -56 -37 -31 76 15 41 17 50 99 81 34 -43 90 42 -62 -90 29 2 -98 -22 82 61 85 -41 21 96 96 58 84 -58 88 34 -62 51 -92 81 4 68 72 -1 76 46 -70 -12 42 -70 96 25 1 40 4 -33 89 64 -80 -88 28 47 -70 49 33 63 64 -64 35 -14 -34 -59 -7 11 -46 -57 -89 -77 -89 -32 -4 -12 7 21 59 28 39 -44 36 -51 -60 99 -47 49 -51 5 58 -83 -35 -81 -61 95 -71 -4 -16 39 -9 -4 23 79 -28 75 -79 78 -75 -36 -89 74 -19 -78 -36 93 29 36 87 -15 -59 -1 -96 -26 67 -22 28 -64 29 57 53 15 -42 68 49 45 26 16 -1 87 -48 45 77 -19 49 36 56 48 -80 30 -60 97 -64 36 -78 5 -35 -96 -36 26 -58 58 93 -35 8 -66 -99 -85 -42 90 -42 -67 -97 54 93 50 45 -67 45 50 -79 52 97 -71 79 -84 -53 75 93 82 21 -86 56 -66 74 14 74 29 -94 75 36 -1 3 26 -27 -91 -30 10 13 43 6 40 -79 69 -41 -85 95 -33 -40 -54 72 32 -51 43 9 9 -22 44 0 -82 1 78 40 99 89 -54 2 -11 -2 85 -22 -8 93 49 -78 44 67 -12 86 -85 18 -60 30 -71 -20 21 -53 -56 -65 -94 -55 94 71 37 -69 82 -87 -38 73 5 84 65 77 -67 78 -61 -97 3 49 43 -65 13 -7 -56 74 82 24 -51 62 -11 84 5 -22 -18 14 96 44 33 -14 -26 -79 62 76 -34 -39 19 73 2 24 33 -61 -61 -32 44 37 73 93 62 4 90 -71 61 -86 -81 14 67 -62 -42 98 32 -35 -86 -79 -70 -29 32 58 -3 -62 90 24 85 -80 -39 93 -78 -89 71 22 -34 57 9 -35 4 -10 -87 17 30 -34 27 -76 -43 -81 -61 -37 -30 43 7 -91 8 -55 89 
22 -95 -80 91 -4 -46 -9 -88 -95 91 62 91 35 -7 89 -49 -74 17 97 -69 -4 -53 63 -95 -83 -55 -86 61 34 58 -22 41 47 -99 -55 9 9 -90 -69 -67 33 61 47 92 -83 -4 73 28 -72 33 14 62 -97 70 25 95 30 7 15 61 67 14 4 24 -23 -54 83 86 -89 25 -67 29 13 96 -81 -9 31 46 -57 99 56 80 8 -21 79 -75 -21 23 -3 -24 60 -31 -45 73 -3 72 64 -29 -33 62 56 59 -58 -1 -39 12 -6 -68 -20 38 -85 16 -79 -41 -17 -69 70 37 -91 97 -42 66 -25 -88 -47 94 -53 -80 13 -91 39 -99 -17 -94 52 63 39 -46 73 -45 78 -5 -49 -73 -84 60 59 63 3 -2 81 23 30 86 29 -26 99 0 -12 61 -96 14 92 -69 6 -15 -34 75 -11 -4 32 -4 86 3 26 73 7 -23 98 88 -17 -9 40 1 46 -90 40 75 -54 41 -65 89 -7 12 -5 43 -46 -86 -66 -82 -1 -58 93 -48 76 12 -7 -4 -53 92 44 -57 91 -1 -57 -6 18 4 -31 27 -48 -4 -52 90 -11 -49 97 24 -34 -97 20 -98 -96 57 93 84 -33 33 -80 -4 62 -76 51 -71 61 64 -42 -72 0 -35 -7 4 93 -24 64 -19 42 9 26 22 95 28 -33 -34 -86 5 -54 16 -77 -61 16 71 -6 47 -46 -24 0 26 -1 24 28 -12 -36 11 -10 83 -62 38 17 -35 22 84 41 -39 61 80 22 42 -22 65 86 0 -26 47 96 -97 -1 -22 -3 -13 -70 -67 -81 -72 -50 -51 43 89 31 39 22 -78 -60 -52 13 -34 4 -22 0 88 -71 47 47 14 -36 48 34 -74 -21 56 -15 45 88 66 -3 35 -37 78 -36 -46 20 -15 -54 45 43 53 4 -26 42 19 64 -7 -49 6 -25 -88 34 -43 53 16 34 95 77 26 -38 69 -29 -42 93 -40 43 -28 63 -22 -10 99 77 -3 47 -90 -34 -7 78 3 -57 81 -50 -52 -18 -43 -89 -1 -21 9 -31 -46 -85 78 -8 -61 -18 45 18 -36 59 78 69 -90 67 73 -39 26 -17 -13 81 89 80 -91 -36 -92 80 -11 -56 -33 -87 72 -73 -20 -76 -6 -8 -50 -58 87 73 14 -10 -22 -57 -36 48 -58 -63 -93 41 -85 97 92 21 -49 -8 43 -50 -39 -66 70 -55 59 -60 -81 46 -53 -51 26 -29 -70 -29 3 -18 -69 -50 12 -64 22 17 -69 -95 56 -8 -24 98 -96 -15 -3 24 -60 43 -9 62 -31 
-98 46 19 28 -48 -68 -56 -84 50 7 -92 -48 -60 0 -74 28 21 7 -51 50 78 -97 62 90 7 76 13 23 -53 74 -66 33 88 -96 57 27 -64 27 13 -50 -99 96 -15 88 11 5 23 -27 79 -29 28 33 -18 95 -61 -70 -99 -81 44 5 96 59 -94 -23 -44 92 -13 27 83 66 81 30 20 73 44 -53 39 95 -82 -36 -94 57 77 -30 -94 -90 -99 1 90 21 -15 41 -73 81 4 23 70 9 -84 8 22 67 -8 -12 22 67 -71 -35 81 74 39 69 -78 -39 41 -12 -98 94 67 -16 -89 -54 -14 49 -20 -60 2 23 -20 -85 30 45 23 46 5 14 96 70 95 75 -30 2 33 58 64 -91 12 45 63 60 -97 -16 9 -83 -57 -88 -17 94 81 -11 75 -67 -73 -23 -59 -57 57 63 82 -60 11 40 53 6 90 -11 47 -82 29 -6 3 82 84 69 78 -46 96 2 37 69 -91 -34 -71 -86 -48 3 73 -34 32 -82 -70 -77 24 50 58 6 -53 -47 -99 8 75 48 -94 97 -98 72 58 71 -34 -4 26 49 90 89 92 -93 -73 -44 96 -84 91 -75 -35 68 26 60 88 -13 18 4 -36 -10 81 53 72 -28 -77 -81 68 14 -47 -6 11 -50 -16 -69 -39 -45 -44 91 1 -79 -55 -7 -35 86 -9 -80 96 61 65 25 -43 -62 -79 16 -84 -33 61 -33 5 -9 -66 -7 33 15 21 83 43 96 20 -34 -43 -89 -88 -8 -52 80 -97 -92 12 -64 -3 59 44 -9 17 40 27 6 -19 1 11 -64 1 19 -21 86 -81 -90 30 35 47 96 -24 6 59 -44 -83 85 -40 -70 79 -15 -1 -17 37 81 69 -11 -21 77 18 -31 -56 -17 -8 -2 -19 63 66 64 -14 1 -23 -37 55 -75 -66 -53 -19 -3 -29 59 -79 40 -63 30 60 71 57 25 -13 -36 -72 48 -96 59 -46 -56 85 -20 71 -36 92 -45 96 -59 33 -85 -41 -75 33 -90 25 60 67 -1 22 -64 -51 -47 39 71 47 -24 5 -88 -93 -46 -48 41 -20 -5 17 -10 -92 -15 -97 -99 -4 18 -26 75 76 -23 26 -71 -96 85 11 -7 51 45 22 14 -64 89 27 62 13 -77 -9 -37 4 0 -66 84 -95 -88 40 12 73 8 -39 83 94 -50 84 -42 -13 -78 -59 -7 -38 0 87 -33 -60 -59 52 -35 59 79 92 19 6 13 -3 -47 -67 -52 98 68 -21 -14 -18 -71 -83 42 -71 -68 -77 -8 -6 -45 -77 -4 65 9 
59 27 -53 -88 67 68 89 74 15 50 -69 -70 -44 -29 15 -34 66 -85 -20 17 17 -70 -35 -65 30 -26 98 62 19 -60 -67 -18 -58 47 -5 93 32 -69 92 94 -95 -12 66 46 49 -79 71 22 73 23 41 54 50 18 76 12 6 -56 -72 60 49 4 -57 -48 -56 23 87 -71 65 -30 95 -60 60 -33 -47 93 69 -67 27 -11 -86 -70 67 41 47 -93 95 -93 60 -27 -97 -78 57 20 96 86 -63 -91 -1 -1 56 -50 99 32 50 -11 15 28 -19 -63 56 47 80 55 35 -60 88 60 -69 -14 -21 62 -13 -82 -65 19 -60 -87 38 -14 -20 49 -61 -34 -78 90 84 -81 92 -32 66 60 12 72 49 13 71 -58 -34 71 -28 -16 0 73 27 12 -49 24 31 -13 11 68 97 50 -39 -24 -76 61 20 84 -32 -74 -17 -39 -41 -98 70 -54 46 1 49 60 -46 63 -63 0 80 2 20 57 76 -38 -3 28 92 5 17 65 80 -78 95 76 -27 78 -96 87 -92 69 -24 -73 -23 -31 88 -54 -44 -51 46 -38 -51 -89 37 -1 59 54 -16 -62 -10 13 45 -82 44 78 -8 -54 -17 30 45 -42 81 71 -89 89 91 -11 77 -92 -59 59 -96 9 47 -9 11 65 42 -26 -61 61 24 -67 98 8 83 98 -28 8 20 -49 -62 -53 -17 -32 -4 31 -34 39 -73 -11 11 46 -75 56 72 -74 -75 62 -33 -6 6 61 -89 55 7 80 8 47 75 41 -14 35 89 93 -72 -87 -64 -54 -79 -11 -77 -40 87 54 41 -56 65 -41 12 -7 55 18 46 -70 41 97 48 -65 -90 82 -10 18 -74 -23 -11 -32 44 -43 10 22 -45 5 -3 56 -34 -9 29 -89 -57 98 17 -7 -58 -89 -37 51 -42 11 -56 -28 26 63 -85 -26 34 32 -94 -66 4 -86 81 44 81 16 -69 -27 56 -73 -90 -77 -93 -85 -69 -10 71 33 -27 -57 77 -30 -4 51 71 5 94 -59 47 18 -50 -49 26 -42 54 59 -73 49 -52 5 -84 -38 85 -57 -33 6 -11 -25 -95 -91 6 -16 -35 -86 -47 98 -23 24 85 -53 -15 48 83 43 -55 -38 83 -22 59 89 -82 -27 -90 91 68 -68 80 1 72 3 -22 24 37 -51 -2 -53 -59 -34 -51 61 93 80 76 -2 42 28 68 26 31 -95 -68 89 91 27 -45 -60 21 -25 18 24 -89 57 -25 94 -45 5 98 -67 65 -31 7 -41 99 -37 -36 -26 -55 -13 -77 -53 9 -58 4 92 
30 48 43 28 79 90 -38 28 10 -84 -73 63 -42 -78 3 -35 79 84 -81 -83 65 -59 36 -90 87 63 -92 15 40 -14 19 -90 76 -89 -85 -95 -37 24 -27 -71 -10 20 74 -28 -40 -7 -74 -99 -87 -45 -5 -35 -68 92 29 -97 13 -69 -26 -45 -72 -2 -3 -89 83 88 -80 -51 -98 -15 -8 -62 -83 76 -60 22 -14 -25 26 24 -58 81 94 -35 19 22 -45 -55 42 57 -53 48 -81 -68 -94 28 83 48 -44 -98 -29 -21 38 -38 -33 -85 56 46 -26 89 12 -81 -75 31 86 72 27 2 -95 60 77 -92 2 75 40 72 -77 25 23 -79 66 1 -39 3 -55 71 -36 32 -95 -95 -27 19 1 -7 -72 -35 54 -62 99 -37 53 97 -4 74 -10 -20 34 -31 -26 28 93 -37 -26 -87 -94 -76 -44 98 -22 -78 -91 -45 14 -91 -76 21 -66 -28 93 -89 94 -35 -82 -61 59 15 44 -2 17 28 63 -76 65 97 -53 -2 -48 -70 62 39 58 67 -26 -84 -94 -34 -75 70 -99 -60 45 32 -18 -68 26 26 -28 -20 -91 -2 -45 -8 -58 94 22 43 -1 -84 26 -55 -65 49 -35 22 -49 3 -98 60 28 -92 -97 -50 95 -24 -88 49 56 -35 16 85 -60 9 58 60 -31 21 24 -20 89 85 -98 17 -80 -16 -94 -70 -31 -5 34 -7 66 -74 -8 14 -88 44 77 98 96 56 -76 39 -28 -42 50 29 -77 -56 48 81 -75 -41 -6 -5 48 -10 -68 -67 -95 -36 52 90 -43 80 -3 -61 -95 99 -11 -10 46 97 4 -50 -10 64 -34 -39 -76 68 -85 -78 -44 13 36 -80 25 46 -55 35 -89 -53 12 -56 92 91 64 -71 99 -97 -70 31 -45 -19 10 -15 -14 -86 -45 -24 -96 -38 21 -65 -85 21 -65 29 -95 28 21 -97 -44 74 19 -58 11 -26 -18 -20 66 44 -32 -75 -53 94 11 -24 -99 52 9 59 8 84 15 -50 -56 -76 49 23 18 37 -50 -69 86 42 89 64 -66 -96 50 89 -13 6 16 -32 94 -76 -14 -51 86 -11 -30 -8 -3 64 -78 58 -69 17 -89 64 -87 -59 -31 -21 27 -93 86 26 90 86 19 46 -8 -94 -38 56 -51 -83 28 -6 -26 -72 55 83 40 -47 9 -48 -86 -35 -99 -21 75 99 -41 33 -18 86 -14 -1 58 93 81 -96 21 17 77 77 -60 80 74 62 -56 -30 -2 39 -11 -31 -70 -88 3 -75 -21 54 -54 37 49 -55 -29 32 8 -45 -39 -78 8 -22 28 -85 
79 53 -23 -12 -90 36 49 45 -92 93 -95 -43 -89 86 60 18 -48 41 -95 40 -55 -41 -46 19 -47 57 65 -69 86 -87 46 -1 -73 -3 -19 -26 96 -9 94 -21 74 11 60 -73 -39 83 -41 59 68 19 14 25 -65 49 -26 21 66 -62 -12 -88 46 16 -14 -33 -37 -15 21 69 -21 1 95 26 -33 19 -52 -18 0 43 -85 29 28 -3 81 -63 15 -79 85 -91 -25 -47 88 82 -1 -10 41 80 -27 27 -89 66 -56 -66 12 71 -33 -62 -69 -11 61 -35 27 1 -27 44 -75 15 -35 6 24 -86 82 -11 6 25 31 0 13 94 57 -10 9 -80 91 -78 83 93 -97 -14 -78 -22 90 -21 5 -55 90 96 -89 64 7 2 -65 -36 -95 -71 -6 -51 14 -58 -81 -7 93 6 -46 -53 -96 89 -36 -99 -88 -21 -87 6 -53 78 -29 -73 17 83 84 -83 11 -68 -23 -52 -60 -82 -85 29 60 -29 -80 -8 -61 2 -70 95 -95 -37 50 66 -85 57 -91 -38 65 51 59 -23 33 -5 -96 99 27 -48 -13 -13 -72 -37 -85 -68 -2 -24 58 -1 96 -97 -66 76 0 -76 22 57 -56 -38 -9 28 -2 15 84 -47 63 21 37 36 81 75 16 28 -9 -65 14 23 -35 -30 52 -44 -82 91 42 26 7 22 -32 -31 73 -39 58 -48 71 -49 74 -59 -52 12 -99 49 -19 -16 -4 -17 -39 99 -17 97 14 31 -95 -36 -5 85 9 47 55 34 -9 61 30 -18 82 -92 61 -34 -1 -75 -29 12 56 -47 -86 84 66 60 -14 52 -63 -23 -24 35 90 -48 -95 -4 4 3 -79 0 72 22 48 88 -13 -34 56 34 44 -18 -71 -68 10 -9 43 -84 49 92 -8 -15 -67 47 60 -83 36 -53 -69 -7 -60 52 25 21 73 35 -59 -65 -30 -40 53 -79 8 22 -67 -58 -50 -93 47 75 45 -52 79 82 -86 56 -76 9 45 -59 8 -85 -59 -83 36 -5 67 -86 -29 -95 45 -47 33 -9 98 -86 70 75 -61 67 50 94 34 51 -64 -5 -35 48 68 -27 33 81 -84 60 80 15 -67 81 -59 99 -89 -87 37 -29 87 69 74 91 10 96 -8 74 88 -36 74 -70 23 34 48 30 40 -69 -70 20 7 -79 43 -5 -59 -95 58 -68 -87 2 -84 0 18 46 34 83 -68 95 63 -46 43 -63 -96 0 -19 -25 9 -97 -32 -62 -59 -37 23 -77 58 64 -67 -51 -70 -89 -92 -55 -68 -10 76 4 -40 -19 62 28 -9 97 
-89 63 -60 44 -34 53 -95 64 89 41 21 19 12 -50 -97 -70 -41 28 79 32 8 -91 -52 55 90 23 45 -29 6 -88 -43 -7 62 -76 -54 -59 -88 36 -64 9 -43 -46 -62 -78 66 83 31 -75 -83 86 44 55 34 -75 -94 69 3 -86 95 -64 16 25 89 -46 -81 90 97 -3 -71 18 50 -6 -97 -19 0 35 63 69 44 79 14 -3 -95 -31 -75 -46 -41 -63 0 -54 -71 -12 -12 43 62 -73 -55 3 49 80 -22 22 75 36 -99 -40 68 86 54 46 89 -78 -94 28 88 -76 -8 82 7 -75 48 -78 -92 -64 -68 -95 94 -49 52 -38 1 25 -4 -62 -16 -81 42 -77 12 98 -59 84 -74 5 92 -21 -31 -35 -2 -4 -35 -4 25 -96 77 82 37 76 19 -36 -2 59 32 -43 -99 -87 94 51 -4 -36 -20 -78 -68 -86 -75 -86 55 -27 0 -98 -50 -89 87 -58 58 18 26 95 4 -46 -51 -2 -82 -76 -97 -99 53 26 6 73 -58 -92 2 38 -47 63 -61 -4 -80 -63 -22 -92 31 -34 -85 -83 49 -13 89 -65 46 -3 4 -85 60 -93 49 -24 63 84 60 -78 40 -27 -15 24 -93 -12 -37 -38 -77 -81 -18 -87 8 -96 -6 38 16 -5 14 -74 -42 -74 58 5 -79 26 57 -70 51 -40 -51 93 97 -90 -18 18 10 -58 74 15 -50 -97 -99 84 91 -76 -42 50 -48 21 26 23 -23 -8 58 54 -28 26 -77 -60 -15 -17 39 -84 99 61 -5 -10 57 -94 94 56 -3 -69 38 11 4 89 -21 -71 -99 -92 32 76 54 -26 32 79 -66 -16 -14 -52 76 16 -86 11 74 -31 -34 2 90 -75 58 85 -93 -90 -91 51 -19 -4 45 12 15 28 16 29 55 -86 -45 59 38 -31 4 -10 -81 -16 97 32 -31 -32 54 15 60 37 -55 -8 33 74 39 -80 -96 31 90 67 -39 81 -23 -75 -45 -84 12 -68 96 -87 75 -70 13 -59 -1 60 -29 58 97 -48 35 -54 -52 -34 45 -76 -28 -37 -99 -87 60 22 -82 32 -10 33 -92 14 -63 4 -34 -53 -85 62 -86 -66 -98 73 -19 -99 10 -36 -7 -49 71 25 -77 16 57 25 77 21 -20 -30 -22 39 10 -80 49 -94 5 -61 -52 -5 -87 -87 81 10 -29 77 -51 19 -77 -35 23 76 67 -49 23 -26 -71 41 -79 -66 85 96 10 -76 8 -87 28 81 -90 31 -73 -88 -58 96 -43 76 51 -26 66 0 -25 -34 -69 16 -35 84 19 -47 94 -19 
-39 88 94 -46 -68 37 -38 -28 -65 97 87 -60 28 -54 18 0 30 -30 63 28 -92 25 -79 72 97 -14 75 -68 -38 30 80 -92 -91 -13 70 -14 -95 60 -67 17 -23 35 52 18 93 -56 39 97 34 -11 12 0 -43 5 -7 -48 84 69 51 -40 79 17 23 -20 -79 -73 86 3 -62 67 -73 -3 -63 -25 -1 -86 75 -52 -20 98 13 97 43 13 -55 48 -30 35 -99 10 30 67 50 -79 1 51 66 -65 -35 -24 -49 64 -40 -42 47 59 -63 38 -27 59 95 -63 61 -15 -82 -47 -17 -75 -89 -17 -2 81 -44 46 -6 8 44 6 -73 31 4 36 -90 52 66 -92 49 26 82 -99 96 47 52 -87 -18 5 9 -66 -42 -2 83 -48 77 85 55 51 12 12 59 25 -5 -97 52 -51 27 94 -47 16 -67 8 71 -97 -63 -59 -4 85 26 40 -31 32 7 32 -27 58 -51 20 35 0 50 -75 31 -16 79 96 98 -96 28 49 76 82 -2 3 79 -55 30 95 20 -53 89 -31 61 23 44 48 73 -16 -63 14 77 41 -31 -64 25 52 -35 -45 81 -11 -50 39 39 -63 -7 1 -35 -46 25 67 95 81 -20 -67 31 -25 96 -67 -40 -94 -55 -77 -85 82 6 32 53 99 -51 82 17 -12 9 -84 53 36 -89 -8 -4 20 -50 7 6 39 -48 -65 33 -16 -97 -97 84 -37 56 -1 87 64 -22 -73 4 21 -24 83 69 -85 -67 -9 81 -65 -77 90 -9 -68 -56 -74 -51 64 39 -26 -30 -87 -86 36 -84 57 -68 -42 -48 18 82 61 47 -57 -30 -48 -55 8 -36 -26 26 81 -86 -54 -91 -95 -72 96 -69 -37 55 -87 -44 -84 -38 71 63 -15 79 -90 8 -55 28 -54 31 85 97 83 32 75 -76 -28 8 -44 -53 -69 -75 -84 65 60 -26 38 -9 75 -14 46 57 14 86 40 51 29 -28 67 36 -53 19 -99 -23 -67 64 82 76 -49 90 65 0 84 91 -94 -31 -52 -20 -45 19 -18 -2 52 -78 -6 88 79 -17 17 -33 42 -25 -38 80 68 -1 83 -79 90 3 6 81 13 93 40 75 -88 29 22 -6 74 -45 15 12 -22 57 74 -15 -79 -84 39 66 21 89 17 36 29 71 -15 92 59 -72 -34 7 -33 97 27 19 0 15 -58 9 -13 60 19 59 -37 12 -22 -94 -56 76 -77 87 -16 74 71 -14 -11 13 78 -50 -24 52 -15 -34 54 57 -62 -50 -2 74 92 29 45 -20 -96 -84 -92 
45 -43 56 26 -67 -42 -73 6 0 -59 38 -83 23 3 -56 58 95 78 72 -33 -67 -7 -32 30 2 59 -62 98 -67 -30 -94 -55 63 61 59 -58 70 29 94 -6 -17 -25 53 -61 77 61 -63 -49 85 -4 -79 -41 -70 10 56 -18 -93 20 98 -44 -80 52 95 36 19 -64 79 89 -19 -46 -22 15 54 -84 96 83 0 83 70 62 97 79 -17 45 32 2 -56 -96 72 17 20 -8 -80 45 36 -97 -91 87 95 34 -58 74 45 98 89 -30 -81 71 -74 94 98 30 -15 66 77 6 5 -88 -97 73 33 87 91 77 92 -27 -48 -35 -90 -48 33 37 -62 -2 43 -27 -56 6 12 -81 -30 51 -79 -78 -20 91 -33 -18 56 74 22 -2 97 64 -23 -25 -26 54 -50 -64 -22 28 94 -13 67 -8 65 -9 -83 -45 -47 7 27 39 -17 -33 -38 84 29 76 43 92 -2 -52 -42 -90 26 14 16 -25 -50 26 48 11 -37 1 77 57 -50 72 23 -55 -9 78 -31 -63 -54 22 -76 -95 52 -44 65 29 77 -45 17 48 -4 -48 -20 78 82 10 -99 57 -66 -38 -42 -79 13 29 -78 96 -7 36 49 89 75 -23 -33 -58 39 50 5 -59 -83 -52 -78 35 -75 -94 -57 38 90 -43 97 -78 48 -22 12 -28 53 38 49 -3 -30 16 99 33 -74 13 -24 -89 -63 15 53 18 -82 -49 -31 -48 -70 -41 -43 -73 -2 -38 -89 83 92 -77 -11 -4 12 -27 -41 -41 11 -87 62 -94 58 78 -53 -7 -96 6 49 43 32 16 -35 -54 73 89 -9 74 40 88 -9 22 1 98 -49 -92 -20 66 -21 -39 85 -80 61 -30 -20 -53 53 -34 46 72 12 61 -47 94 -39 91 -33 -30 -10 -56 64 -42 36 12 -82 -99 -61 85 -77 -19 -48 -91 -24 -75 -67 83 13 89 -83 -2 83 92 -62 -16 -13 -38 57 -76 28 -95 -54 -8 -69 -43 -9 -78 0 89 -28 -97 -45 78 33 -96 9 -22 91 -28 -43 -61 67 -73 79 -92 3 46 55 94 64 46 26 89 30 -59 47 -35 -89 -49 -47 -77 -83 61 67 -54 89 -24 -74 -39 64 84 91 -40 -45 -87 -90 55 -37 17 23 -6 -26 -14 74 87 59 -95 97 94 95 93 90 17 83 59 0 69 -32 21 11 47 -42 69 -93 -92 1 50 63 -32 85 -75 34 60 -46 67 97 -45 96 63 -20 -49 95 6 -56 21 32 -8 38 -40 -39 61 30 43 -9 -31 -91 -93 -55 -39 -90 -93 
-48 62 -85 -79 -47 12 32 -22 50 -11 71 -29 -30 -57 52 11 -35 -53 77 96 7 -85 29 -19 28 -44 79 37 -32 -72 -39 31 54 -17 98 -99 99 69 -34 71 -59 -79 94 83 -42 19 37 92 63 13 26 -83 -44 -4 61 -8 47 -68 81 15 33 -35 78 61 -68 -95 -97 19 34 85 -9 48 -97 90 -80 51 78 12 -3 67 -44 -63 75 88 -27 49 65 34 5 -72 57 -87 82 82 1 13 -31 -92 54 -74 42 34 85 12 -84 -8 -40 -3 -72 -37 -23 32 52 -5 24 41 -2 79 -77 -37 -96 -32 27 -32 35 17 12 65 -4 -67 94 31 -76 -45 -31 -98 -63 -15 -91 72 16 -92 -96 -85 71 -5 86 34 -46 -45 -7 -71 57 -57 -43 50 -8 -95 78 93 22 50 44 -89 -12 78 44 14 -95 22 -60 -9 35 -55 -22 71 -22 6 22 24 8 74 -17 -22 -40 71 26 51 -36 -59 41 -68 -96 63 67 -34 60 34 -78 -56 2 53 -28 -34 -82 -97 17 -48 -82 27 2 -4 40 -34 79 53 19 98 -39 -34 77 52 23 -83 8 98 -57 30 9 -84 -37 -85 -73 22 2 -98 -87 71 50 39 81 -82 12 -39 -90 16 81 -8 -47 36 31 81 -32 92 -41 8 16 17 -72 -34 -49 -59 -63 47 85 70 -26 67 -87 71 -15 41 -26 2 -19 97 54 13 -68 -71 -7 88 54 -85 -14 -20 62 -68 -79 5 90 -5 -88 61 28 -45 68 -64 -21 94 -76 51 73 32 8 -68 -15 -57 -41 68 -12 26 17 -75 -8 10 61 -38 -38 -26 93 -86 49 -26 33 22 -34 81 -27 82 -16 -90 -3 21 -16 46 -85 89 46 -68 -47 -38 86 10 14 74 -48 -57 34 14 94 -16 19 56 97 -19 -99 32 27 -96 13 -91 -95 -62 32 -10 -73 81 1 51 66 -6 -55 -2 73 -30 20 63 55 52 -8 -26 -21 41 -39 -61 -58 -69 14 94 98 53 -20 68 -66 28 -95 25 -72 -37 -47 -75 90 -42 -43 12 12 87 -17 -51 -97 -95 -66 77 13 -79 96 69 -96 -37 -16 -57 -52 66 -86 -50 77 -2 3 -72 -44 81 -30 -54 -20 10 -77 -99 41 -24 97 48 40 -39 40 -48 6 -42 -18 80 47 47 0 -94 87 -99 94 -63 88 90 97 -43 -73 -12 96 78 6 35 -43 -40 -85 12 3 -58 91 48 67 92 -86 -79 15 -66 50 50 99 -92 43 82 54 6 65 -89 1 38 -28 -3 91 84 -81 80 
-50 11 -70 -65 -80 -60 -38 86 87 -80 37 4 46 -11 5 -66 96 4 -47 -38 -99 67 -83 95 -92 24 -37 -14 90 52 81 89 -25 73 -69 42 -23 -53 34 26 -51 -81 25 32 -33 67 79 -47 -13 -22 -33 55 -78 -45 34 -24 -11 30 54 59 9 3 5 99 82 -39 -92 0 19 65 37 45 -52 -33 -63 59 -17 -80 -9 62 76 7 -83 -26 -83 -30 17 -87 65 -34 -54 85 10 -49 77 46 35 -50 -3 -35 -63 -7 -20 87 92 76 -88 -32 -54 -43 66 -22 -14 -67 -92 25 66 7 15 28 0 8 81 29 99 38 32 26 -25 -18 -53 -7 -67 87 15 -10 -97 51 33 70 18 -11 -87 -22 -87 -6 64 -56 60 90 -11 -58 -96 -9 -78 -50 0 74 83 -35 -42 -11 -15 -97 -13 -94 45 85 -54 -41 66 40 78 -46 84 36 -31 -44 -14 29 -26 -92 44 -98 64 14 -66 -62 74 -6 -75 18 18 -95 17 4 -6 0 -19 70 -34 -3 54 -17 46 -14 12 23 44 -84 -48 -58 -14 -61 33 51 84 -27 -64 43 69 -71 -73 -95 -99 55 -35 41 28 -18 80 -64 89 23 52 -37 24 13 75 37 74 95 -13 -28 -71 65 86 30 11 89 -44 81 42 -61 73 36 0 96 24 52 73 -3 15 -96 -47 -40 -4 -56 93 95 -69 7 43 -14 -2 -93 10 28 82 -27 72 -16 35 28 -36 -52 96 -9 -47 -52 7 -28 95 48 68 -44 38 -9 99 -16 -22 -46 48 -45 43 1 -99 -40 84 29 42 47 7 5 -40 89 -19 75 -62 -28 -23 -78 69 95 -94 6 2 40 9 -36 -78 -98 -81 37 42 -63 82 21 -42 42 -16 67 2 -89 -67 32 64 35 91 -97 -48 82 -64 64 48 14 -41 -66 -74 -3 -93 -13 -98 81 65 -6 -57 33 -52 -79 45 95 -76 6 -57 -13 15 -63 92 -72 -66 7 -27 51 6 -53 -75 19 -42 -44 -41 -35 -49 32 -42 67 -49 -2 -11 -43 69 36 -15 88 95 35 -74 -70 63 -76 69 -7 62 -38 -17 -94 -59 4 93 25 -15 -69 -98 -89 75 68 22 -97 15 87 -98 47 -74 -97 10 19 2 76 89 19 0 -76 -35 88 10 69 -93 -99 -58 2 94 -21 -33 -25 -33 29 -8 -75 -30 -77 15 96 13 75 -92 -19 33 -84 60 -23 54 98 61 66 -39 33 87 95 -51 -13 55 -99 13 -76 -57 2 -88 79 -74 92 24 94 85 -79 -66 -93 -15 -4 -20 -98 
-66 -16 -17 41 -73 8 55 6 -13 -1 -5 11 -25 -12 15 64 65 56 -90 49 80 61 18 79 -61 -14 21 -32 38 2 -77 -4 -2 -63 52 83 -76 0 -79 18 -89 6 8 -82 -95 17 11 -99 67 -24 8 88 38 49 67 -97 4 -20 45 52 -3 -17 77 -18 -59 -60 -79 89 -41 -39 -89 -25 -25 -66 97 -57 27 68 57 29 58 -5 4 -23 29 -64 -35 18 83 -81 -78 -21 34 -17 74 2 27 92 54 86 -83 66 58 78 -58 62 51 23 40 86 -42 75 -71 79 -94 55 -72 62 49 -25 30 83 45 62 -31 -22 -44 31 38 88 70 -69 -72 -42 -58 -42 84 6 4 -78 87 77 58 -38 12 53 -1 94 -13 35 -61 -48 -59 15 23 -84 0 -61 -90 70 -67 87 -6 -92 35 4 20 75 -76 -97 -96 30 -44 41 -11 -94 92 -60 -79 -37 -91 55 -2 90 91 -14 8 44 -94 -35 69 20 -86 -25 65 -1 63 38 29 53 24 88 -92 -94 -54 -89 56 18 63 -42 -87 -45 35 -81 3 -39 71 61 99 -13 -24 84 -19 7 -33 -32 -65 82 79 21 -81 8 0 -38 -10 65 -61 13 -22 -89 -70 -80 -31 -70 27 85 76 96 48 39 75 -25 13 -75 70 -12 53 10 4 -4 -2 43 -82 -44 -27 -83 -1 55 -8 3 86 -47 12 -30 27 41 -13 9 -47 -74 35 -90 -7 3 67 36 -24 82 -19 -89 79 75 45 58 -66 -61 -18 -57 66 -80 12 -66 -73 78 75 -87 -97 72 65 9 -21 -93 27 62 -11 29 -35 -94 81 -27 -61 5 53 -46 95 -53 19 96 -26 -41 2 62 -52 51 -78 -14 61 84 -42 37 57 -68 50 58 -6 79 11 39 47 75 -83 -96 93 27 -40 90 -68 -13 -90 -2 12 14 -39 -14 64 68 -93 -67 29 -52 36 -89 -62 84 69 32 87 75 88 49 -99 89 88 80 -9 -94 47 -25 -13 54 80 39 69 20 -23 85 69 89 -2 73 79 28 56 95 60 41 -43 -27 39 25 -70 -28 -44 18 -46 7 90 29 -25 60 69 83 25 47 -99 14 95 -11 -80 -51 -78 -73 95 50 19 25 92 -98 -24 -12 -43 -34 51 78 -42 60 79 -52 -38 53 -48 -39 -97 8 -20 78 -30 -33 46 85 80 13 -48 38 -64 64 71 31 -55 96 3 15 -68 -2 -12 75 97 11 -22 -68 -44 27 -7 -14 -79 21 -7 18 -76 -22 97 57 -67 -91 -26 -17 -92 -82 -31 69 
-91 -17 -73 20 -37 18 84 93 -57 -69 42 14 69 -5 65 -57 73 -20 -71 46 -14 5 2 -47 -31 57 -45 99 -36 -14 -48 -4 56 -14 -17 0 98 51 -37 -40 -21 -61 9 15 9 -1 79 -66 87 72 -74 40 -40 8 56 47 -7 78 4 89 -32 -24 68 93 36 -12 18 -90 97 -81 61 -66 -69 18 29 -16 -3 8 89 24 65 -54 6 -93 -39 69 -97 47 -75 53 -88 14 98 -12 -18 -59 77 69 26 72 -33 -95 94 35 -27 81 -1 -3 -98 56 -33 -27 -37 45 2 44 -48 73 -69 19 57 -9 13 34 -21 54 34 -53 55 -94 -53 -31 -45 87 58 -22 -75 -95 94 -38 33 -29 -76 -95 -91 11 -42 -47 5 30 6 -72 69 -34 58 70 77 65 -89 82 -45 -98 63 46 -38 77 26 -92 51 -10 37 81 18 -89 -78 36 -52 -54 -66 91 42 79 11 -35 81 -88 72 -61 42 45 48 -51 -54 -8 6 -22 -4 77 82 -66 -68 -96 26 53 60 -39 -66 -49 34 16 -3 -49 94 -43 -95 -46 60 -40 98 21 33 12 -44 -27 37 -93 -47 -65 -21 22 62 -10 55 77 76 -60 -55 72 -55 58 -95 -18 -34 -86 -25 -73 56 78 -46 39 -80 59 -8 -21 -39 82 23 -28 26 -84 -54 -25 -57 -89 -42 66 -55 97 -34 -77 85 65 -61 -65 68 -70 -59 -16 -79 18 87 -64 -63 -43 -97 89 -67 95 5 -25 -40 17 -22 59 -85 23 -44 93 4 44 -67 52 -99 -26 -35 93 13 40 28 -15 92 83 31 -29 -41 49 -69 81 89 65 67 -97 -97 97 -1 -68 -86 17 76 -27 37 63 -34 -67 14 81 54 8 51 -81 -13 49 -85 79 5 57 77 98 20 25 -9 2 6 -68 -54 42 -82 -91 -44 81 -7 -80 -93 -67 33 29 -9 -83 59 -45 -15 -65 77 -42 75 -92 3 -93 -73 -36 -39 49 16 81 -72 39 63 -31 17 36 3 -36 92 72 90 -8 14 70 16 -99 78 76 -42 83 8 -45 10 96 69 90 -43 0 -79 13 15 -92 -13 -1 -93 88 -40 21 -38 42 -60 -29 7 -57 -34 -19 82 -47 -79 39 -5 58 -67 81 97 8 25 45 27 -8 -84 -25 -10 -18 -82 -25 5 -90 -76 38 -48 58 -54 81 -42 53 -72 -52 -72 -45 41 -87 -66 -16 -83 -28 -2 30 71 1 -54 -48 -60 -83 85 32 -36 -66 -29 -97 -3 -81 -28 48 -32 -68 -76 -51 -84 18 -94 84 11 87 88 77 
-62 57 51 -21 53 -81 -2 55 98 -46 -71 84 -49 99 -42 -33 -18 92 -31 77 -91 -86 29 19 -73 -26 -86 -52 42 23 57 -80 88 -98 -62 -96 -69 -46 81 -26 -54 -71 87 -8 -50 93 -66 -36 57 -14 30 41 -16 81 11 85 -66 -80 -71 46 62 -27 45 -13 -96 58 25 -54 -90 -8 42 74 12 -53 15 39 -57 -65 -53 -14 -83 -48 -5 63 53 -48 22 -5 27 94 74 45 -22 -16 -59 -80 -33 -53 -45 11 -93 -19 -64 21 -59 -23 -29 -62 92 -31 -75 20 -35 75 -23 -37 26 -96 -43 92 6 63 18 -95 6 -98 -90 -15 -27 -17 -20 -33 85 -69 31 -28 -44 50 97 30 -60 72 71 15 -78 -30 -94 -76 -79 -22 58 19 50 -13 -91 15 -55 -33 -70 79 -70 -22 37 44 -80 -86 77 49 -73 -76 17 87 73 -83 5 84 16 -91 -79 -42 69 -54 -85 -24 -16 -42 -27 60 -95 15 -72 -2 -44 -62 -60 -98 -66 0 -31 2 -33 22 95 -24 -9 -97 25 -99 57 -36 -25 -96 -85 41 -74 -4 -54 63 50 -43 42 79 -95 30 18 63 -20 95 -39 -80 77 78 -95 -37 -89 58 -93 -39 -94 35 36 -63 -32 99 -50 -42 37 73 -80 51 -73 -19 25 -78 77 -40 -71 22 62 76 80 65 57 21 -54 92 -78 59 77 82 -96 22 -81 88 77 -23 -23 -78 77 97 0 67 0 -27 -32 -37 75 68 11 74 -28 -75 18 -38 40 -67 10 88 -66 67 7 57 -46 -45 -15 13 28 -2 43 21 -52 56 -2 -14 79 1 29 91 6 65 -30 75 -93 -50 12 -74 36 82 -5 22 29 65 -88 69 -64 26 30 29 89 -79 -22 4 -99 -37 -35 10 55 -36 84 -77 -11 23 19 79 -60 90 14 -60 3 -34 45 95 36 -67 -12 31 -55 55 91 -10 9 63 -12 84 64 -71 70 6 96 -78 -82 -65 25 45 -45 66 -39 -85 85 -86 -90 -91 17 -27 64 43 9 -14 18 25 53 -60 17 -24 58 3 -83 94 58 37 51 96 -42 67 -75 -7 17 -52 6 84 5 19 69 -68 12 45 35 5 63 39 -58 16 -20 -78 19 -30 88 31 9 30 -78 25 -88 -58 -49 57 46 -39 -39 -37 -12 95 -9 26 78 -46 -21 37 -53 46 18 24 -21 -65 -85 -95 3 53 -43 99 -88 0 -34 -42 86 5 -47 -31 -39 5 50 -50 31 -65 46 98 10 -79 44 -1 -54 33 -83 -29 -59 -82 -54 58 32 -6 
-80 73 2 -34 6 19 -74 63 -4 -67 -18 -56 -3 70 -58 86 83 63 83 7 -83 -22 -9 57 -82 -27 -19 65 73 78 54 60 80 -57 73 -16 -28 -81 -6 -9 31 -63 -91 91 27 -46 71 -1 -70 10 -4 -47 79 84 -81 38 93 -82 68 -92 14 -77 90 11 -80 -37 63 -60 -27 33 69 88 -82 -32 79 -9 76 -44 -83 13 -79 23 59 56 -2 23 -20 -73 -42 22 -81 66 -75 80 -20 -27 99 -18 55 82 -37 -2 73 -46 -40 -58 -85 -51 -74 30 52 35 -25 51 63 -17 50 30 38 -31 74 -98 56 -70 -53 -33 -97 98 -6 -20 -52 23 8 44 77 16 44 37 48 98 -60 -9 -64 66 -11 38 77 -43 -7 67 -35 39 -82 97 88 -84 61 -71 -80 -31 89 -68 47 69 89 -63 26 -71 -98 27 -75 5 -76 48 32 4 -27 55 -16 99 93 95 -16 -25 8 15 33 1 -97 42 41 63 50 8 8 -44 97 98 -51 47 42 14 2 62 64 76 24 41 -20 -26 76 96 -65 3 -6 -22 -21 -78 -14 60 77 -88 -49 88 54 41 99 -18 -30 -50 83 17 21 97 17 -41 -72 -55 -64 -68 -20 55 60 -74 11 10 -90 76 43 14 -8 -68 42 3 -50 -18 60 -6 65 8 -42 -93 16 49 -91 -28 53 -53 -6 -82 6 -73 -84 -39 -75 63 -73 -72 -14 61 57 84 -93 14 98 -86 80 -91 68 26 0 -8 90 -86 -54 -82 83 -6 71 -93 -81 55 20 -25 -17 14 65 -52 -64 34 95 -45 -74 -77 -69 -63 -74 34 1 -3 -4 22 -59 52 -24 -88 14 24 -92 -81 47 14 -60 81 -92 51 86 -67 27 46 4 0 53 73 -69 -22 13 90 -15 21 -18 -62 3 67 5 -62 3 -28 -87 66 -80 25 99 10 5 -84 11 28 41 -34 -34 -12 72 95 91 -37 3 30 -22 95 47 -10 39 51 30 -93 -78 93 -62 -40 -58 -94 -30 -74 -37 62 -23 7 19 -60 -21 22 -79 99 66 -16 -17 -68 49 -76 -1 2 -69 54 -1 19 63 14 33 -75 -74 -63 -49 -37 -41 29 -19 -32 29 -69 99 -82 8 7 3 69 87 -76 -84 -16 24 -38 -5 21 32 -77 36 -47 69 -5 94 -64 -41 95 66 -40 28 69 -88 20 50 60 98 52 84 91 75 13 18 37 -44 19 -73 -20 95 -71 -71 33 4 -72 -8 -17 6 57 9 20 26 -91 33 -19 -73 74 -96 -32 77 -66 -58 -94 -55 77 
-15 44 -83 35 3 73 -22 -5 -91 85 35 45 20 38 80 -82 -40 28 51 -78 -55 23 73 84 -98 14 -94 -87 92 -57 -36 -27 27 57 23 -78 -56 -63 -2 -15 -26 42 73 -27 -75 87 -91 40 -60 98 39 5 -25 -80 -50 -38 -63 96 -65 37 30 -41 -36 -30 30 -14 44 68 20 -76 56 94 -29 -70 77 71 -79 50 32 44 -8 -62 99 -7 51 -8 -39 -15 -56 -30 -71 -18 -42 39 55 35 -6 70 32 89 81 -82 1 -51 -74 -97 81 -68 3 -89 -2 -87 -63 50 -44 17 80 21 -5 -73 -28 54 64 -13 -4 -1 -37 33 -39 78 48 32 23 0 -42 -65 43 -23 69 -94 -56 -20 -29 55 -26 -64 -57 -27 78 -81 18 -13 -82 96 -71 -15 -95 -86 87 54 -44 -94 35 39 53 -86 67 68 -24 32 35 -23 32 -33 -74 -87 83 21 -58 -85 -86 -9 8 -70 54 -24 57 74 28 57 -89 -44 -21 46 -54 -53 93 62 78 -71 87 12 -79 -42 -70 42 -15 20 24 -69 47 -70 -41 -58 91 -50 -32 -35 63 -85 21 98 -4 20 79 -77 80 -44 -24 -85 25 -77 -13 -14 77 -46 84 39 -52 -56 0 -47 31 -68 -28 69 69 -63 -41 -67 -95 60 -83 34 48 -39 -49 86 -47 -39 -87 66 81 22 63 -45 73 36 -82 -13 27 77 -73 36 -53 63 -45 -65 26 7 -29 77 -45 29 63 -75 -80 -81 -66 17 19 22 95 -88 37 93 -48 -84 17 -95 -34 43 -18 -87 36 59 -76 -33 -46 -37 -76 -23 -3 -7 -1 -98 -81 -40 -57 68 80 59 18 26 -39 -96 94 30 -1 58 -33 19 12 95 -82 99 -64 29 -26 43 -2 39 69 -46 -62 69 97 -12 -79 58 62 73 21 -50 98 90 -8 93 -67 25 -70 40 -74 3 17 93 18 -77 13 83 52 -76 -42 47 -84 79 77 -40 -4 -40 21 1 34 33 -32 92 -41 93 -81 -71 -20 -35 -81 -23 44 -88 -79 -83 -54 -41 34 22 -71 67 20 -70 -2 -80 11 -88 -18 -82 -50 32 93 72 -91 -50 -29 77 48 52 -59 97 -18 -20 14 93 -24 -27 -25 14 14 -29 -84 34 -53 28 59 75 -88 -96 88 -73 15 -11 24 11 82 48 -9 -20 67 34 -66 -94 51 -40 78 -7 -51 65 62 -8 75 56 10 -60 -49 -55 58 36 1 -27 98 11 39 -24 19 35 -33 42 -48 34 -22 -89 89 93 35 87 89 18 49 62 -92 -43 -75 -2 15 0 
86 -54 98 -73 -56 -42 -64 92 89 89 18 89 92 52 65 36 -44 -24 -48 -67 22 63 -86 4 -65 91 90 -62 44 -20 18 -8 55 -42 95 32 51 23 6 -75 -55 24 -92 19 96 57 -42 78 94 58 -58 56 14 -83 26 84 -91 78 -63 -10 96 -88 -17 -78 6 -26 46 -2 15 -71 -6 -47 98 -65 -81 25 -66 -32 64 80 64 -87 28 -6 -74 5 -78 87 -80 9 50 1 58 35 20 92 64 -88 89 -96 -94 -35 63 -80 23 40 -36 -56 -66 -44 -96 60 -86 -45 -8 35 -84 -48 -99 70 -38 68 -18 85 16 -12 52 34 -62 -46 47 53 -29 84 -77 -68 -98 89 -35 -95 -59 -77 -62 -4 6 -68 -40 -99 56 -28 -54 53 9 34 -39 54 -96 1 15 41 -90 10 19 47 -26 34 93 55 -36 24 -75 67 -22 32 41 -36 81 -79 71 8 -68 14 -81 17 -53 -51 30 80 -34 -95 -10 37 -88 57 -85 53 -78 27 -88 55 -47 52 -74 84 48 43 35 1 62 -7 10 1 -27 -49 26 -24 -92 -17 -88 -99 97 -11 70 -92 -78 -70 -71 -5 66 2 56 57 -77 -92 -72 -26 66 46 19 -92 47 -51 73 22 -12 -12 -44 -98 3 -98 -63 80 -98 7 94 32 -40 -73 61 96 42 27 -46 -50 40 56 -28 50 -8 59 39 -87 49 -14 -28 -91 -98 60 72 -68 -10 -65 -12 81 -40 42 -83 90 -37 -56 -69 8 59 -31 42 -83 -12 89 -89 55 -33 28 88 74 -8 29 -39 -9 13 28 -46 31 -63 -25 22 -9 -95 -93 67 53 -87 -64 -35 12 44 87 -27 40 89 -1 8 -40 -25 -36 -32 -52 -20 -66 -24 -32 -63 86 -9 -4 27 41 77 -68 -58 73 89 -10 35 -10 72 17 -36 39 9 27 49 -32 -57 -35 -85 4 96 -18 28 -49 96 95 66 20 53 50 21 84 6 -83 -5 79 -60 1 68 -77 -95 -36 -96 -56 -39 19 87 -20 71 99 -3 -48 -96 57 -65 -72 83 -6 -27 -51 -42 -21 -8 -84 1 -9 29 -8 -79 76 -68 78 -69 -48 -10 -18 48 -19 -2 75 95 90 -55 3 95 82 -61 38 -91 -19 74 50 -3 -1 61 12 75 95 57 5 -53 -24 -76 63 27 47 64 65 -25 -87 90 30 65 -42 60 18 -72 -73 -5 -11 90 0 -32 33 13 89 -8 -91 47 -2 73 44 -56 15 53 15 -48 76 80 -99 -13 -29 -80 -55 40 -46 26 -15 -66 -43 37 -51 26 27 
97 70 59 -12 -70 7 18 -34 -88 28 -80 12 43 -3 76 94 -96 -11 8 -54 88 50 -39 25 -99 23 -8 37 -90 12 -7 -67 18 -72 -66 2 -69 -33 34 -42 59 -60 25 -58 62 6 48 -13 -21 97 -87 -12 -25 -27 -87 78 60 45 -5 -7 37 5 79 -51 63 -32 47 61 99 49 22 99 42 25 26 10 -8 98 65 0 64 -15 -16 -54 4 70 -72 -14 -79 95 -21 -57 91 17 -14 -63 -52 -50 -41 -73 -82 -92 -16 -58 -29 -8 -35 -12 -42 -74 -67 12 96 75 52 26 -17 26 -82 50 15 12 61 -94 54 -1 28 -76 31 28 -30 -9 44 -76 7 0 0 -58 31 72 -67 -61 6 -5 -10 54 93 4 93 -77 -62 -68 -79 97 -29 -73 88 30 -68 -38 51 -45 64 73 -12 12 -16 -46 -70 -90 28 23 3 -84 -16 83 -91 70 -36 77 33 -30 -75 -8 59 -20 50 14 -65 -13 -30 0 60 72 35 -44 -98 12 -40 -25 71 56 36 31 32 28 -23 -24 -74 -65 -70 79 78 40 27 -49 -97 -46 -80 -61 -18 73 -41 -48 22 -8 90 -84 -83 28 -12 66 -15 71 16 47 63 -85 46 -69 -40 53 5 2 83 68 72 25 29 41 77 34 -72 25 -67 24 -53 -82 -16 63 78 93 1 61 -59 -22 7 -12 52 -61 -74 -94 -21 95 82 -67 -50 -78 -33 -71 -64 -71 38 -3 -14 -29 -2 -78 -45 50 14 -68 10 39 15 -48 -10 -10 -72 -4 68 -4 32 17 60 59 0 56 88 -77 -37 71 92 93 -7 84 13 -29 12 43 15 -81 25 23 -86 86 53 96 -39 -14 42 44 25 44 62 -53 61 -61 -56 54 94 64 -72 23 87 15 79 -15 -84 13 -90 84 75 -18 74 -3 -93 59 87 81 -4 -25 -38 -66 17 -97 -11 71 85 -9 42 -98 6 63 -64 -81 18 -37 47 81 -93 15 -30 35 -7 -38 -35 -56 -52 38 -98 -13 15 25 -24 -35 -18 -81 66 -69 16 67 -28 71 -95 35 13 -79 -39 -59 -74 -79 -16 -42 -44 -80 75 39 47 -81 -88 -95 24 -75 54 71 53 64 -26 38 -39 -42 -86 17 -45 62 55 88 -72 22 -27 78 89 77 -12 -51 37 -84 73 -69 -52 -64 -14 -2 0 -97 57 -93 42 54 20 69 17 -47 -47 18 25 75 -98 -2 60 -23 -43 35 -74 22 72 94 -67 -93 -81 76 -92 -26 0 -10 48 23 -49 -10 -64 -79 1 79 -73 -59 21 43 95 66 
62 -2 7 36 -6 -66 -98 -11 -28 94 40 64 -15 -19 46 -26 33 -52 -63 83 -95 -25 72 -55 38 69 60 -89 50 -72 -39 -41 73 53 -26 80 -55 -43 96 39 -70 -20 -96 -7 95 12 -37 -94 76 -67 45 -87 -63 42 72 -96 98 32 -1 -51 85 36 -43 37 -85 -76 -20 84 49 88 1 -68 -28 42 76 -7 -14 64 3 -32 -36 -64 32 34 -23 40 -33 69 -2 25 7 -99 -50 64 -96 -51 78 98 57 -14 -8 36 -12 56 -31 -28 -5 59 -32 -35 -78 -77 -87 12 35 -67 64 -60 -1 79 -70 -31 90 45 -18 34 29 -98 -97 -3 -17 -47 39 -92 38 93 -97 -16 -26 16 -63 67 24 -40 -84 77 72 58 90 -86 26 64 66 45 4 19 29 31 -88 69 -29 33 14 48 -98 1 82 -43 -62 93 4 -83 -37 -78 25 32 -51 -88 40 21 -13 59 -85 -82 26 32 -87 -40 -78 72 71 -80 47 83 20 -36 68 -51 62 55 13 -24 -39 46 31 75 -14 57 96 -45 -20 62 -1 74 14 29 6 -30 63 30 -1 -34 -22 14 74 21 -51 88 75 -89 64 93 -82 36 -6 -86 39 -64 -86 46 -42 -21 -54 -16 -47 47 85 -49 50 -39 -88 -43 48 -80 -91 81 -27 -85 95 39 36 -91 55 -63 -50 74 1 63 62 -24 30 -94 -89 84 7 -49 -80 0 -33 -69 -18 -95 62 96 -31 69 24 9 -23 -37 98 -70 -20 27 81 -52 -10 22 25 63 -42 60 31 -94 45 31 -25 90 17 -53 -22 47 69 95 65 32 39 13 97 -18 -98 24 79 -99 -21 80 -65 53 93 4 -11 -19 25 -79 96 78 -35 -21 74 28 -60 34 49 5 26 90 -51 -86 -84 -54 44 79 70 22 34 58 -48 -54 19 -61 35 9 -39 -22 78 80 17 -47 50 82 12 -52 96 3 59 73 13 -24 -46 49 35 56 -69 11 55 -57 -25 3 64 27 -49 -10 -40 22 87 -87 44 -4 -71 -47 64 24 -29 65 8 55 -38 84 -32 -31 -65 -87 15 -2 96 50 -58 -33 -75 -36 60 59 -41 -48 -66 -45 62 5 95 -16 -87 -2 -52 -51 14 93 -90 -74 -72 98 77 11 -44 -62 49 84 98 97 58 3 -79 67 -6 41 85 -2 -71 -83 -75 38 48 22 -1 -95 -50 -1 15 -30 -54 8 4 4 -94 -87 -36 -76 -20 -39 -96 15 47 92 9 2 38 -35 -82 -65 -33 81 -6 90 -32 -45 27 -17 -27 -88 -67 -1 
-91 28 -83 -12 -4 -60 -17 29 90 0 93 97 -68 70 52 83 71 19 -77 61 -85 -52 -3 -62 95 -48 50 -25 -40 -47 63 44 -30 37 7 -2 -63 -38 50 -90 -83 -28 58 -1 -22 33 57 58 23 -79 -21 40 83 80 81 -85 -76 -85 68 49 35 52 -78 -64 -54 -46 27 -56 31 -30 80 -82 -96 -26 72 -61 -34 8 -90 37 64 52 -89 30 31 38 67 -10 -84 71 91 6 34 68 -34 -72 32 -46 7 99 26 23 71 -33 -61 -33 -48 -38 -79 -47 -92 90 -51 -10 91 -48 95 42 -77 25 -12 -19 10 -60 -94 -12 -64 -91 72 80 -76 33 -18 -92 95 68 29 -92 61 -54 -84 -48 27 52 74 -27 -98 22 60 -23 95 -89 33 -67 -71 -91 -89 -72 -20 59 19 -98 35 77 -63 72 -26 59 89 -51 43 62 0 86 62 52 84 -32 5 20 21 -10 46 -33 -10 8 28 -68 24 66 -71 57 -60 52 8 57 44 93 -60 76 13 38 18 -20 5 -35 -55 -84 -64 6 10 88 -83 23 46 77 -25 88 -29 58 -3 46 24 -58 81 93 -8 31 -98 -53 37 -49 76 -80 -12 60 72 62 -42 -35 -35 46 3 -69 -63 -52 -86 21 87 -17 -36 99 96 -96 -78 -81 68 -84 79 82 18 -65 57 73 -68 1 33 30 -77 -21 63 84 85 -86 -47 13 -86 32 80 -62 69 93 -40 -37 32 -62 -45 82 -95 71 43 -5 -49 -44 71 69 12 -49 46 46 -9 -85 -32 -81 58 22 36 -34 -6 72 -12 66 -91 -44 -9 52 28 -21 -65 -36 41 45 -64 -89 33 39 95 55 62 -33 66 -41 24 -6 56 10 -43 -78 -87 -86 99 61 93 -61 41 99 -97 -1 88 53 22 -81 -27 -18 22 -63 -86 73 24 -87 72 -89 9 -19 81 7 -6 66 -99 -44 -80 77 70 -13 64 50 -52 -84 -48 -67 -6 -88 -12 65 -89 88 45 9 -46 79 99 18 13 37 6 -43 66 -59 -74 -49 -80 -5 7 -27 55 35 -85 -74 -47 58 75 -57 -29 -27 16 21 -27 36 95 24 24 -62 -92 44 -32 -65 67 23 -69 -25 74 -37 26 -92 70 81 -83 -16 5 -80 29 -86 -46 -49 96 -84 36 -37 62 89 74 44 -89 -4 -19 91 -70 -16 80 -50 71 -48 75 26 9 -41 85 -89 28 76 40 79 63 -74 -48 -30 87 13 -10 96 -77 44 30 91 -22 -75 -67 -40 -58 -39 -53 -68 -70 -86 -87 -36 37 7 38 -69 
78 18 -61 -46 49 2 -27 -20 -89 71 32 -74 -53 91 -45 84 -31 -70 -14 74 88 -27 -88 -3 62 -40 44 26 59 42 -70 42 -67 -24 98 -85 98 -16 -60 55 -89 -44 -2 -85 40 -48 -75 38 -60 73 -21 24 -30 -76 37 0 -66 -11 12 91 2 47 39 -26 -29 -19 -71 -34 -34 36 -84 31 -57 62 -3 92 18 73 -45 -3 -74 86 -40 -39 99 -90 -73 25 -72 95 35 -63 -93 71 -10 19 -50 58 -82 8 -13 55 -19 -91 44 49 92 -18 77 -97 12 -99 74 91 -74 -1 31 -40 -2 52 -67 -32 77 33 56 -43 89 97 73 28 -98 -96 74 -66 24 -85 -36 37 -47 -64 60 12 -60 -83 45 -59 15 -51 38 -37 82 92 -43 25 -81 81 51 -56 51 92 -73 -22 -5 9 -79 25 83 -93 -37 9 -4 2 53 -92 59 44 -54 -48 50 48 -31 -60 20 -84 -84 81 13 -55 -65 -69 -61 -82 4 52 -11 45 -1 14 73 -30 14 77 51 60 -75 86 42 -90 -73 34 -69 -99 -17 -31 3 -75 -26 81 31 -84 -70 17 -39 47 45 61 24 -37 -39 47 -10 22 -62 17 94 -52 53 -21 -99 37 -15 95 34 3 90 -2 29 -51 71 96 -12 -20 39 95 70 51 -93 -57 52 5 -31 -68 -28 -58 -66 65 47 69 -3 8 -4 44 97 38 18 -52 10 31 -86 -19 -1 61 -89 -41 -89 -77 -30 64 86 -36 -31 49 33 6 -27 -32 44 -10 -91 -76 -39 -6 34 46 22 29 20 91 -24 -61 15 -23 -76 -91 -92 -38 -28 -86 35 -83 -2 -11 -48 -69 -56 -62 26 38 27 -49 -39 -29 61 20 67 53 92 28 -10 -48 64 52 -94 -12 57 -35 29 1 94 84 -73 -68 -36 10 -76 49 -67 -11 -91 51 18 40 93 34 62 31 93 39 -43 59 -44 11 66 -35 -30 93 -73 85 74 -22 0 45 48 64 23 -50 -47 -33 16 -47 78 -64 1 80 79 -32 -95 -99 56 73 40 77 26 -89 86 67 -62 4 -29 -10 -78 -38 52 -65 16 -35 -74 -10 -14 9 -14 -51 -61 -19 68 85 -31 -14 -23 -33 -88 -81 85 -38 -79 -9 7 12 -48 -10 5 58 60 -17 -73 85 59 -22 0 -87 -18 61 80 -38 -29 -91 -39 70 24 -68 45 28 95 36 7 -75 -29 86 22 -20 -99 87 -39 69 59 99 16 31 87 -52 86 27 -85 -91 -15 -28 4 -66 -67 -25 -78 15 55 13 54 49 -28 -25 -76 61 
-26 83 19 92 -52 -6 -31 65 20 96 -47 -57 -60 -95 -96 27 30 86 77 34 14 3 -51 2 66 47 51 77 -11 46 70 -56 -52 93 19 32 -81 68 -19 65 23 70 -77 65 26 -87 75 60 58 -57 45 84 83 22 72 93 -17 49 23 0 -19 6 -86 -13 10 47 95 94 -57 55 -96 -86 -50 -62 9 -24 -75 -53 43 77 91 -23 -28 -79 64 -39 73 -83 21 -64 56 -70 -17 -84 -30 78 73 -89 -14 30 -1 -82 22 -16 -26 11 39 -99 -7 -31 29 -22 -2 83 71 -57 -6 -56 76 61 -88 84 -84 72 -56 29 35 -70 -40 42 41 -47 -86 -57 -98 81 48 -62 -19 27 -98 65 66 92 91 88 31 -22 20 -42 85 -53 95 4 45 62 56 70 -18 86 -58 -66 -43 7 25 -49 -79 -91 -29 85 20 -94 -98 -80 70 -90 -68 13 -44 84 -62 54 -14 21 60 -3 -33 31 91 85 -34 53 1 -63 -88 -38 -83 -45 67 -74 -14 -43 83 47 -46 -52 34 -48 -75 73 28 81 -80 77 -60 96 6 -36 -50 74 -63 53 -47 32 31 -1 25 88 85 33 13 94 -16 -83 -85 -70 66 90 96 -99 -80 82 -24 85 -80 -64 55 -53 -20 65 8 46 -78 80 -13 54 41 -67 32 15 -59 -76 -28 -65 31 -9 -67 -11 -40 86 8 2 -50 -17 6 -92 -65 1 55 -27 5 -73 37 34 -42 70 59 45 83 10 -52 -66 -63 -38 -29 63 -87 -64 39 -41 1 -63 68 63 88 -20 4 -12 12 -95 5 8 23 33 73 -48 -67 -11 41 95 -74 -99 -70 1 41 79 -16 61 -14 -98 78 -66 1 -95 -81 56 60 -61 4 -69 -27 -57 53 -21 79 69 -94 9 -18 -70 -51 56 -22 2 17 2 68 4 -69 4 -7 -97 -23 -91 86 -16 -51 -20 98 57 50 -33 21 9 90 -23 7 -87 -69 46 86 50 -56 74 97 43 60 82 75 -10 76 -71 -81 81 -62 -32 -40 93 93 62 -49 -74 -68 93 -60 -13 21 55 13 -95 90 -66 8 -96 -66 -73 -12 12 57 19 35 -42 30 37 60 -21 45 31 38 19 99 28 10 -66 53 -66 87 30 -36 -40 -47 -18 -57 33 -50 -94 39 20 -67 29 16 83 32 86 -49 25 29 -7 -7 42 -84 -59 -5 32 -20 63 97 73 73 81 -87 -63 57 76 56 74 32 -66 58 -12 59 9 -40 -89 -71 21 73 18 -51 -9 -42 -24 36 -31 17 -11 15 29 24 61 
16 17 12 59 75 -16 12 -55 -47 62 71 95 76 62 54 30 -99 1 46 -95 -77 31 -71 -28 18 6 -48 -20 43 -61 74 -55 81 -25 -51 97 65 28 -63 32 54 26 -31 -30 68 96 15 -64 -30 60 63 68 29 36 -31 -4 -6 -44 -70 -24 -91 -36 35 -72 79 86 23 -84 -69 64 -95 82 -7 26 -78 -67 -29 79 -99 -51 4 31 65 -10 64 -10 25 -90 78 -87 27 -16 -34 5 -94 -83 -65 15 82 75 -45 6 65 74 4 -78 -89 -64 -40 -23 49 -46 -18 7 71 -23 -65 7 -76 -60 95 37 -67 -31 -49 -43 95 -25 83 18 52 99 67 -33 -81 -52 35 38 67 26 60 -51 -54 -68 -70 77 -86 -31 -74 63 -32 6 -20 17 82 -74 -24 46 96 -68 74 -49 68 8 -89 -13 -25 70 -54 28 63 81 7 -47 -46 90 -13 -6 -98 -68 -98 -2 8 -8 -15 70 -76 14 1 94 -53 44 -31 -69 83 50 -94 37 88 -27 43 -60 -79 -60 53 73 48 -63 69 -29 -40 -4 -93 46 -93 77 -63 9 -20 19 -35 -16 26 0 6 -66 61 35 51 16 -2 -48 11 -50 -61 4 90 60 86 71 -58 -48 90 53 96 -95 3 4 45 -89 61 25 53 -5 -4 -87 6 -64 41 71 -72 85 48 60 -19 35 95 -95 61 -76 66 57 12 -56 -91 -40 9 -67 55 76 96 -86 50 -57 -38 -62 -1 -5 -98 41 79 93 -38 -63 1 -13 62 30 48 -99 -47 70 -62 88 2 80 -90 -2 -43 87 28 -40 57 -49 -23 -85 -99 80 -14 22 69 17 43 68 -44 -76 29 -88 13 34 2 -51 -71 -31 -75 -14 78 -39 64 15 -98 -81 33 85 72 87 19 -89 59 25 58 -5 -66 -41 78 -11 -38 -5 -16 43 -33 -57 -28 -33 3 -50 67 68 56 -88 -38 20 50 41 63 -23 -65 -19 32 -4 -62 35 58 15 97 90 78 -54 74 -37 -68 -42 -28 -89 -79 -30 31 10 -52 82 -73 -12 -2 51 -13 64 55 56 13 86 -48 -65 17 34 -23 75 -57 -99 -54 -8 35 -99 14 -77 53 25 22 -66 -81 -61 31 4 61 -23 -82 42 77 60 -41 -94 -74 -77 57 -82 -43 78 19 0 -36 -62 -2 9 99 -53 55 35 -47 -97 63 64 -55 53 59 -29 78 -9 11 -45 0 30 71 5 -67 69 -25 30 62 84 -1 43 -33 15 -99 42 -32 32 90 23 -12 87 43 63 41 3 -77 19 -26 -58 48 -82 
-57 -27 -34 -69 -56 -32 78 57 -48 97 -55 87 73 74 -7 -36 52 21 34 -22 -78 -81 41 -5 -18 32 -13 -55 -10 -65 10 -50 8 13 97 84 46 -75 -47 -57 -44 27 96 -89 -86 -82 -35 11 -54 -98 13 16 -34 1 81 20 -81 -85 98 -25 15 -62 25 -32 -54 7 0 -32 38 -26 -73 -5 -83 45 42 -80 98 14 -18 47 -50 62 -33 -47 43 65 68 -73 -82 17 -14 97 -83 -16 98 -78 14 72 -48 43 99 -55 -54 18 -76 -16 -20 -49 20 -42 91 35 18 19 47 98 -13 41 49 67 -43 40 -81 -4 75 -34 -17 -16 55 -77 -22 70 -77 63 -35 -88 43 -59 -79 4 -86 8 84 31 12 -50 19 60 79 -82 22 21 -71 78 48 -80 -84 -28 -21 -39 86 2 -18 -31 -91 -48 17 71 58 -60 -44 -25 -72 17 -32 -78 -28 -37 -6 -59 48 13 59 -66 35 19 72 -57 -90 22 61 84 -26 -51 81 87 -90 -39 85 -12 -6 3 54 52 56 36 23 -45 -12 93 93 -64 64 46 -85 42 -74 17 99 -29 -91 -70 89 -46 27 -68 72 74 20 37 95 -18 -11 14 -67 -10 7 44 15 8 60 -23 52 -59 80 -7 -44 16 95 20 -15 -61 9 39 64 59 -64 46 95 4 -83 -10 53 2 28 53 50 37 0 15 51 -12 -34 -93 19 -54 93 94 27 -46 85 -94 -69 77 84 24 0 -76 -96 -79 -27 -20 -83 90 -90 -38 74 -6 -49 73 32 -13 -13 -34 -68 40 88 -98 -52 -80 -15 46 83 11 82 -22 -73 84 -7 -36 44 -89 -64 3 55 7 96 68 71 -91 -80 -63 83 -6 -44 -96 95 64 99 57 64 -98 35 51 52 -57 66 64 -98 18 -50 -41 52 32 32 -97 -56 -64 -77 -41 8 -2 54 33 -90 -70 -96 -1 41 -5 -96 90 -18 -66 59 85 -60 30 -12 -13 88 87 -79 -16 0 -98 -81 3 -26 69 -89 -33 -15 -76 -66 59 -19 -46 56 -59 -3 45 -35 -93 -56 -26 86 -35 -65 -65 98 -41 80 79 -27 78 -59 59 -66 -7 50 -4 62 53 -50 79 15 12 77 19 52 47 38 89 -37 -93 -87 -24 91 64 76 46 -73 -43 48 47 -16 43 39 -86 26 -11 55 -99 -75 75 -37 51 -98 -18 -37 10 75 68 86 -4 -82 -8 93 20 60 -9 -89 83 -49 -15 -56 -28 -90 -26 -95 -3 27 -65 -17 96 58 57 61 -42 76 87 -90 4 55 -84 -24 -35 -1 19 
5 52 -74 -87 35 -38 -9 13 95 -36 52 63 61 42 43 75 -56 91 -32 -23 -3 -89 -34 -54 -30 77 -1 -72 -82 58 54 -51 12 13 -99 27 -42 -8 -51 36 -52 -5 -71 66 12 -92 -71 13 91 -73 -28 -82 -99 -47 78 66 43 -99 -4 7 -27 0 -54 28 57 37 75 94 96 79 4 82 -79 34 -68 32 -29 -84 18 49 90 99 68 50 15 -79 -66 59 -59 -61 -51 88 42 45 11 76 -3 -74 21 -96 51 62 83 6 15 46 68 -91 65 50 56 45 54 -24 -66 -85 96 49 -69 25 53 -10 32 63 -54 40 -63 2 66 -61 -81 6 66 -30 -75 24 78 -8 -42 70 68 93 2 93 -58 47 -11 75 -55 -98 79 32 -50 -23 -90 55 -54 -99 86 77 13 -1 99 -18 -32 31 -53 -15 3 26 31 -76 -1 21 -42 -19 87 69 3 -72 8 35 -60 -93 -22 -45 -16 19 81 -70 -96 72 96 -38 35 43 24 -65 -88 96 -73 35 1 -98 -11 -62 42 58 10 59 25 98 -22 6 12 40 0 -93 71 1 44 -32 -87 52 24 74 15 93 18 -98 -3 65 33 -34 -11 0 -51 13 50 -29 -62 97 -21 38 -72 97 14 53 -10 77 -64 14 32 -86 -86 -24 78 -85 4 -64 -87 78 -77 92 -48 -38 65 45 35 76 -9 -5 -54 59 5 32 -24 -12 -60 -6 99 43 -47 31 -41 -73 -10 -32 61 57 47 -65 46 75 -43 -59 27 96 -87 -41 -17 -45 18 -32 87 -50 55 -8 18 -47 -71 7 62 -93 44 54 49 -99 -99 -87 -55 -62 69 82 -58 -98 -19 -62 -87 39 -44 -41 -92 -62 -36 -45 -5 36 92 -8 -67 65 3 -66 54 -32 9 -84 -26 -78 19 58 -45 55 -59 -64 -38 24 -46 37 43 -81 -29 23 -96 42 -57 53 15 -17 27 -64 -28 -77 -74 44 33 -10 62 10 50 71 62 83 25 37 11 -55 -12 42 -19 90 -36 64 75 -39 -89 16 77 55 6 -18 -85 -44 -94 -10 76 36 -63 -3 93 93 -26 29 31 92 3 -25 -91 -8 75 16 -88 -21 68 -3 -64 -54 46 1 40 47 4 -45 -42 81 82 -73 -21 -27 -56 9 10 20 -45 -64 67 87 -83 87 -58 -14 -70 69 -56 -55 -71 35 95 -25 9 71 -86 79 -40 -46 36 38 91 -81 35 77 84 45 60 4 45 -5 -72 -32 -95 -8 30 0 30 54 -45 -7 27 29 44 -51 76 93 -72 32 -66 23 -91 44 
41 -50 62 -62 99 -84 42 -44 -53 5 47 61 85 -37 -27 -64 -25 -48 30 92 28 20 86 -76 40 66 -10 -54 -30 -60 16 -48 -51 -66 -45 33 -27 -38 96 -50 -61 30 8 -11 89 77 49 -75 -63 -58 73 -27 -92 -19 67 -79 1 -85 21 -41 -46 10 76 -30 -55 46 85 -55 5 -78 -88 22 -54 58 -64 70 -6 69 83 -7 -64 -72 -2 59 -46 15 -83 59 -94 -38 22 38 18 -67 85 9 71 -9 42 -54 7 -71 55 -29 -60 -56 38 -12 -11 73 -87 -71 37 -53 -5 -58 33 85 41 83 -49 58 -61 -21 -57 -60 -78 71 18 -65 23 5 -32 45 -26 24 -63 71 -1 -82 -92 -52 -14 -48 -46 97 -63 -96 60 -47 -73 -28 -92 52 -71 7 -47 -10 7 -9 -80 -92 39 -10 58 61 59 39 0 17 51 65 99 -48 99 -91 43 73 -91 60 -73 40 70 59 -70 -81 28 -24 -83 -97 -25 96 88 68 49 -71 93 -34 48 -32 38 -43 37 -65 24 -61 -7 -57 -25 -34 73 19 -30 33 -81 49 -53 -35 22 -30 19 98 -59 78 86 37 87 77 1 8 93 -9 -61 -74 -53 -10 -79 -44 87 93 -69 59 -60 20 43 -55 59 2 -60 -42 -93 -98 22 -76 97 57 50 32 5 -77 20 -33 89 55 -98 91 -17 -9 -59 -19 16 -37 7 34 98 -69 -26 -80 29 79 60 -72 89 -88 67 52 51 -83 -34 -67 62 -86 39 -49 79 67 -26 15 -41 61 82 -77 90 -18 76 37 14 -85 39 30 44 1 -19 35 -9 -29 74 -42 18 -32 62 14 65 -3 -10 -69 51 28 -20 -78 -97 19 55 83 34 9 -5 73 -97 98 26 79 64 -16 15 -96 44 -52 -56 -26 32 18 83 81 -30 11 48 6 -62 -29 -76 30 -14 -86 15 -38 -81 2 -8 79 -11 -30 -30 -70 -4 9 56 81 29 71 86 96 67 -93 85 0 -60 27 -27 5 20 22 -77 90 -70 22 97 -80 -40 77 -52 -14 44 46 17 -91 -41 -48 -87 -15 5 -68 29 -14 -86 32 -98 35 86 -55 98 -46 -11 73 7 -19 -71 -84 18 -20 -80 -16 -14 54 -78 -57 -40 -59 -47 -83 -98 22 -93 84 74 -37 -94 -44 79 -90 67 -43 75 73 83 -23 -16 -91 -71 64 -65 29 -27 31 -56 74 -50 35 -31 75 52 38 55 1 86 45 -93 80 -10 69 12 13 86 88 64 -88 20 -52 -24 78 87 99 -12 82 -94 91 -30 -35 -62 -5 
63 -37 83 -55 51 -80 -27 28 -15 -18 -5 -73 71 -71 91 -7 -62 82 -5 97 15 22 -31 15 -38 -47 50 0 -74 -92 -25 57 38 45 14 96 -54 -22 6 8 20 45 25 -22 9 -32 -23 86 83 -6 85 32 48 -65 -41 -99 88 -22 20 87 -81 81 95 85 -63 27 -40 47 40 -98 -25 -12 33 43 -1 -98 -45 -91 -15 13 64 -18 -89 -12 -66 8 -83 -58 -22 -36 -94 48 36 -76 79 38 -19 80 -85 -84 17 13 79 68 -46 -59 47 -63 18 54 -32 -19 95 -18 38 -36 -90 94 46 86 84 -27 77 -63 77 5 -80 37 -96 34 -48 -85 4 29 -1 -86 97 36 46 90 23 38 -75 92 -36 -78 48 -13 -74 43 35 -88 -87 -64 -16 -28 86 90 -46 -31 85 -84 -42 19 -26 -68 -43 12 88 22 84 -72 -98 -43 -66 14 -26 -8 -66 -85 44 -98 -85 24 8 42 22 -66 22 7 67 -54 18 81 -35 -33 11 96 -7 22 -71 -14 -2 -24 36 -97 84 -93 -60 48 30 99 42 -25 -72 59 -35 -57 -2 -33 20 45 -44 -89 41 -51 15 -74 -84 -37 88 23 -63 -54 34 -5 -81 -38 80 94 -75 6 24 -9 6 34 -3 81 -45 -43 66 -90 63 22 -3 -97 5 -66 33 26 63 98 -26 64 6 -84 -15 37 88 86 38 65 33 45 76 -2 2 -87 58 51 -2 -73 59 30 47 89 -88 -12 72 45 88 25 -55 67 -76 19 14 -29 -77 -14 -71 89 -48 -67 -47 6 31 29 11 -30 59 -41 -41 92 89 -39 -88 55 -98 -1 -15 89 63 46 -37 29 -41 -75 12 49 67 20 5 -21 28 43 -51 -6 7 19 -9 -33 -39 88 -55 -41 14 26 43 -6 -21 61 67 70 51 39 97 73 -88 -83 34 85 48 -51 -7 92 -45 -96 65 41 -59 -66 79 -12 -64 23 47 -44 36 -82 75 41 -97 -4 83 -83 25 -83 44 17 95 -45 25 76 -91 73 14 31 29 -16 59 43 43 -31 -7 -83 -31 38 67 -20 40 -49 86 61 47 54 -85 22 39 89 74 75 35 -34 -22 14 -29 -6 -96 -10 -36 49 -66 92 75 79 95 -35 59 42 -80 -79 -13 75 66 49 62 51 86 -22 89 59 42 -10 2 -29 -71 88 -29 74 -57 29 82 95 5 8 7 -15 -72 6 15 -30 -35 65 -15 0 -79 -6 -56 -39 -29 34 55 96 -22 -32 12 20 27 81 55 -29 -77 68 -12 -53 -34 75 -46 -98 
78 -88 -72 51 74 -39 -46 65 62 82 -98 -75 -81 -27 92 95 -40 76 95 -8 69 -92 -17 -29 -50 92 29 55 -43 38 -84 7 -19 79 32 15 -98 86 92 -29 21 95 91 40 -7 -95 38 -17 43 -88 91 -72 29 76 61 -75 -90 14 34 -96 99 39 -35 -93 -86 -26 43 -50 74 -83 80 -17 -29 10 80 -25 -31 67 6 -21 -69 68 -10 33 62 -41 7 43 -3 7 -22 -62 -43 15 -74 -28 68 -17 86 42 -60 52 9 -72 65 -65 -17 18 1 97 -75 3 -28 2 -77 8 32 57 84 35 -10 -21 -22 30 7 33 29 -1 84 -39 -95 39 -47 -39 -19 -7 37 -96 -76 27 25 -40 -66 0 26 30 37 47 53 -67 38 37 -90 -39 -97 19 41 21 -77 18 -22 25 46 -81 79 36 -87 -68 64 -51 -25 -47 87 13 51 13 -67 66 -44 -23 82 79 23 16 25 50 28 -31 -38 38 -68 83 77 19 77 -46 4 -65 67 -75 -95 96 22 -91 79 15 45 46 44 87 52 50 58 -14 -60 -99 -17 -61 45 -92 51 4 61 83 26 -14 41 46 -16 -89 50 -19 27 -94 -39 -29 7 -83 23 66 26 -1 41 -48 95 1 -96 -19 -58 -19 -9 -39 -95 -97 -5 -1 -88 27 -71 -6 -72 12 17 7 -51 -73 -32 -22 53 65 -88 -62 -77 35 52 60 24 -59 40 45 41 60 -86 80 27 -87 95 -25 -1 -25 -58 24 52 83 -66 5 98 -24 -36 -3 -19 -61 -88 85 -43 -39 -39 51 -14 13 -44 -90 66 57 75 -17 -94 -57 72 -17 -63 -7 92 60 88 -34 -88 -61 15 -3 -49 -73 68 9 -29 97 62 3 -14 95 33 89 1 85 -86 -87 83 78 -61 96 -86 -39 -51 38 -56 53 79 95 74 1 86 -4 9 26 -32 -53 50 -74 23 -85 31 59 66 38 8 -85 59 -36 23 77 -28 -60 85 -59 -26 64 67 -80 49 -29 26 14 -55 -91 -36 -84 48 -53 59 14 -67 49 -61 -27 -36 55 85 -33 92 -53 61 -87 -39 -96 1 50 60 86 -84 68 65 -47 -82 -35 69 -65 -78 47 55 4 47 -27 -4 87 35 26 52 66 23 43 -19 55 -91 86 42 11 19 -89 39 50 -46 7 -90 -1 43 -2 -16 0 -2 -97 -18 -91 -53 41 -66 37 58 42 -33 62 88 -95 5 83 89 58 -68 17 45 -22 52 30 57 71 74 -70 -22 -40 58 -37 -75 -11 66 44 -30 85 -89 39 -42 69 
-76 -43 -37 8 25 17 73 -14 57 69 63 -68 20 29 -83 90 -34 26 -25 54 41 7 44 47 -8 -73 -60 68 -64 -38 -38 -78 54 65 -60 42 78 42 -57 -10 91 -16 68 83 -91 -19 -32 -6 -97 33 32 -84 61 -19 -21 -91 -43 -68 24 -17 -66 -67 -86 -27 -3 31 56 57 -16 3 -74 19 -45 99 -63 -92 -1 -54 -75 -63 49 25 30 -56 26 -3 95 41 68 -33 7 -16 -59 -52 -1 28 -91 24 33 -4 -61 -57 62 -82 -54 86 -43 -94 17 50 -18 -28 -51 -63 59 -36 23 27 -25 1 16 66 -53 -12 35 -71 19 -12 -81 80 66 -97 -14 98 73 -39 -58 80 -39 -56 -68 12 76 -20 -10 -31 -42 -35 -16 -25 74 -23 0 -5 -15 -59 -52 -73 -14 -86 75 94 99 -21 -53 -30 22 -16 1 9 -71 -18 93 15 -37 5 10 -19 39 33 20 4 2 56 -66 -87 8 -46 50 -11 57 32 2 94 21 58 -44 -12 -76 -79 -43 63 55 12 32 -28 -62 54 -45 31 -32 14 23 76 40 -51 -23 -91 -87 96 95 24 6 -71 -29 -99 -67 -64 -72 -88 -68 65 -38 31 9 -81 57 -12 46 95 -49 -93 17 -80 -4 80 87 -67 -1 2 78 -63 79 6 -54 88 30 -2 83 -30 88 28 -48 8 -59 95 8 16 54 -31 75 59 -95 -79 74 -79 54 -95 -16 -86 -13 7 27 5 -83 -97 -58 90 9 -68 -69 14 -22 87 98 -98 68 -31 -51 -82 27 80 -36 -90 -98 52 -28 20 28 -39 54 26 -98 67 -38 58 -40 -57 -66 76 -17 46 14 18 44 -31 -99 63 31 -41 -60 63 18 16 -76 -35 72 9 22 -84 -77 -5 31 -35 86 -11 97 20 80 22 9 -51 -63 13 86 94 -11 81 31 -95 27 38 -97 -79 -79 1 49 -19 -5 -40 15 66 -8 -54 -5 -7 -70 40 -71 41 -74 94 70 -23 40 32 44 -82 17 -36 -90 -68 -32 37 -96 -76 6 -77 -19 -62 90 71 -44 -39 -65 -49 -28 -4 65 20 29 32 55 -89 93 56 -30 -99 63 56 54 15 -31 15 10 -14 -42 -2 -75 -69 -96 44 -39 -95 -73 -80 31 73 66 93 -26 -13 -16 4 11 -46 -61 -89 -82 78 1 -22 -67 99 -79 -13 -42 44 22 -31 -94 35 80 76 53 81 -44 -46 4 41 65 97 46 65 -75 -71 44 -36 -57 -38 54 85 -9 -21 -66 -59 -44 43 57 96 -65 88 90 -88 57 -98 63 89 -48 43 
91 45 -38 52 -11 -94 -3 -62 -81 82 -11 -73 62 -93 -85 -17 51 -5 10 -59 71 95 80 -29 -67 96 -77 84 -72 -55 -98 -74 -26 70 35 96 85 -43 23 -3 47 -90 -93 -49 72 -76 63 10 55 -22 -35 -68 8 -82 -12 61 2 -76 45 19 33 -8 69 -98 -86 98 -28 -69 -1 -6 -27 29 18 -91 5 10 -76 -89 79 43 99 70 -16 99 -16 -27 -67 -33 -91 -80 -61 61 -56 -30 2 -30 -48 -93 7 84 -95 -74 -39 -74 -66 7 69 -26 -96 -28 -55 95 -87 46 39 -45 -33 -2 3 -9 -87 -57 -1 -69 3 83 -9 24 42 68 -13 -15 25 -80 47 68 75 60 -98 76 80 11 -9 73 -62 78 -82 -93 99 -7 -33 -3 -17 47 97 41 -1 -4 73 -80 50 -46 -94 -45 94 -60 -26 -63 -95 53 -20 48 31 -10 95 48 -2 -1 18 56 41 19 -64 -52 -61 -52 -14 -96 35 -95 96 74 -46 -74 -33 77 -42 79 26 42 61 32 -71 -21 -86 0 13 -80 -39 38 -47 4 92 -64 -96 -34 -24 90 -36 -74 58 65 58 69 45 -53 55 -1 -25 -38 34 52 97 41 54 -9 -66 65 -88 83 -60 87 11 44 69 63 72 -63 -65 50 73 7 -71 -70 98 48 -73 -28 67 64 19 72 44 4 -56 51 4 99 73 2 39 95 -39 -31 31 35 33 -81 62 -23 -29 -4 -94 -53 -47 16 -96 -17 47 88 47 -23 5 -41 -21 93 -22 98 42 20 93 -43 56 -54 29 -34 -73 -4 91 81 -32 30 -48 -40 60 39 -52 33 41 -57 -31 44 -18 6 98 -36 -92 79 -43 13 -90 25 5 -61 34 -19 64 -42 25 -24 -70 -76 -35 -63 -78 -27 87 74 -21 89 -44 91 99 -84 73 -85 -26 94 -88 81 82 -45 27 85 -75 86 -76 -18 28 -46 70 53 -52 84 -91 32 40 -10 -53 4 22 21 -29 22 25 -22 -65 -38 19 -47 -47 -13 70 78 -38 70 23 1 24 -44 -68 90 79 1 -79 -3 64 82 -22 -33 -57 74 -98 59 -42 89 -21 32 -74 -30 2 -63 3 39 79 -64 92 6 -91 -54 44 -60 96 36 20 90 74 25 48 14 53 -16 63 -34 84 -33 -67 -52 -95 -56 -49 -76 69 38 49 49 -15 74 11 -47 -91 46 -93 -1 90 -79 68 20 -54 57 16 -14 27 -78 -27 -17 85 99 57 -58 62 -93 -72 36 80 -84 24 -13 -95 37 -12 65 -74 -42 -54 32 -6 -66 14 -15 
47 -17 7 48 42 -80 80 -5 -69 78 -93 -82 85 -89 54 84 6 18 70 54 3 30 40 -7 43 -2 -91 26 67 -67 63 -57 -57 17 72 85 85 -84 9 98 -38 -16 -66 12 -7 74 -61 -60 -69 63 -56 -53 92 54 -4 -52 -76 80 90 -62 15 -99 31 79 -28 41 6 7 58 41 -5 22 27 94 4 -6 -89 47 69 -30 51 25 -50 57 94 39 98 -95 -58 47 61 15 -11 14 -57 76 52 60 20 86 -93 -41 -48 56 27 85 -69 -71 80 73 81 -95 76 78 68 -60 -22 46 1 -64 -83 70 74 -62 -14 -14 -91 47 85 -52 -66 27 21 -72 73 -81 37 24 4 -91 -10 -75 88 -28 27 -75 93 -87 -41 -3 -30 74 50 -83 -7 80 -18 -15 -86 -1 80 -31 -85 -39 -92 65 34 23 46 -88 -5 -77 -96 -95 16 -41 -27 61 33 -11 97 -57 83 -18 53 84 93 -20 -67 -21 -43 -33 -37 52 -57 -85 -84 88 51 81 91 -59 -48 -10 0 45 -64 17 92 48 39 76 32 -69 -97 18 84 -69 64 -65 -27 64 -17 -48 -33 -76 76 78 -91 -23 89 99 50 -31 71 23 -29 39 66 59 10 42 -56 -86 -83 4 -71 -97 14 -54 -58 74 -50 -68 -51 -19 42 36 53 -60 60 37 59 47 -13 -83 27 34 -48 44 37 -36 66 -72 56 69 -50 -65 81 -79 -42 -53 -27 90 22 4 -40 -88 50 40 25 80 -7 39 -50 -12 -62 98 39 61 -74 13 24 33 -23 53 -98 -62 -92 -42 -46 -84 12 79 17 -29 -3 96 -4 29 96 48 20 -90 39 -50 97 82 -11 -40 -58 -94 55 25 16 5 -94 95 -51 79 -53 37 87 98 52 21 79 -4 -9 25 51 -80 68 -32 15 -65 -20 63 49 -12 -61 -59 45 66 13 -39 -53 -26 62 60 13 82 69 -66 -94 -93 63 42 -20 80 35 -72 -64 -76 98 -96 -4 -39 -27 70 99 -11 -37 -56 7 68 53 -41 30 65 35 83 55 95 -9 -66 40 -62 -52 10 80 31 -62 -55 67 -49 -36 -44 -33 16 88 -7 -46 -66 84 68 32 67 75 87 -40 37 57 96 -19 -32 6 -10 3 90 -85 56 -41 -49 23 -56 -54 -62 -45 -48 -63 -35 -88 -21 -1 -99 38 -58 3 -83 89 13 -93 6 75 -42 -88 -93 -81 -16 -80 88 25 -94 -62 -92 -9 52 15 -82 -60 -16 1 29 3 -92 96 -73 71 55 15 -38 89 61 54 -81 -51 -9 43 17 
50 -10 61 19 -19 79 18 62 -12 -69 -67 -50 -30 74 62 -6 -92 52 -7 16 12 28 42 -84 42 90 -66 85 -83 49 -12 33 -35 82 44 66 -1 96 14 7 75 98 -32 58 -62 -29 -29 10 10 17 44 67 -1 10 -61 48 98 85 21 -90 61 46 -97 51 72 -71 30 43 -57 -63 -48 27 91 -59 5 32 -16 -47 -8 -79 12 68 18 5 17 10 36 -72 -80 -38 5 94 47 90 -44 -69 -36 57 -72 57 51 41 71 -25 -80 37 69 19 95 -37 -1 65 -7 0 96 -11 97 38 81 -47 79 29 -14 -31 -16 -42 -70 -41 74 -2 -73 47 -53 -82 89 59 24 95 3 -3 -31 70 80 80 77 -62 6 67 -83 28 -36 17 -1 -4 77 -40 24 14 86 53 18 71 24 -87 95 -70 70 -9 49 20 59 40 85 -58 70 -33 -95 1 19 -74 64 -20 55 41 76 96 73 -10 -95 92 -36 28 -10 -5 -34 48 76 -88 -41 -28 17 45 -96 -15 -34 -26 15 82 -44 -28 22 -61 42 21 -62 -87 24 30 -89 75 -63 -49 -85 57 95 17 -21 -52 -87 -47 -23 -31 59 -65 -53 31 -19 -42 -27 -48 29 97 -87 -87 64 76 7 10 -67 -44 -59 -3 14 14 39 14 88 -20 -34 64 77 9 90 -22 -40 45 80 6 -54 80 83 61 -34 82 67 83 -9 -68 3 -55 6 32 61 32 -59 -33 -20 63 98 56 44 15 18 99 82 89 9 66 6 -32 -77 58 28 58 53 33 10 50 61 -98 14 21 91 10 -86 17 34 -42 -4 4 -28 80 76 -87 97 -97 -54 91 -53 15 -92 3 -50 -62 -95 90 91 -86 -59 -94 94 -36 6 -24 20 -94 21 -44 -75 62 86 -73 -70 -50 69 -35 -76 94 19 65 25 -31 -87 93 -19 -39 22 -73 -72 87 -57 -27 86 27 90 -27 -69 -70 -17 76 21 86 -64 -46 -25 91 -21 -57 18 -53 53 -75 6 71 27 -82 -52 29 -98 -27 -14 44 -24 70 15 -6 -9 5 76 21 -52 38 45 32 -97 -98 -44 60 -30 47 13 -72 -52 9 -98 -72 -60 -17 -37 44 76 -73 -62 -62 -53 -20 37 -37 46 27 25 49 -59 65 97 99 96 18 -34 73 -42 -92 -12 33 76 -42 97 3 14 -41 -18 34 -40 49 33 50 -93 -86 20 -37 -62 26 54 -53 -67 -59 -8 78 34 -88 -54 80 64 -19 0 -11 96 -98 30 94 29 78 74 92 43 97 35 -5 52 -25 
-54 15 -38 81 86 40 -23 -55 -79 -39 -84 19 -52 22 95 -44 -47 -82 -57 -61 -85 -5 -90 69 23 -95 99 57 -47 44 -69 -33 -94 -59 26 -95 -40 52 2 54 -13 -68 18 -57 2 39 -67 15 -70 70 -38 56 73 -41 56 -43 -78 -45 45 -56 -93 3 -38 55 -92 22 -83 99 90 -96 84 73 -55 -95 -35 -22 -12 65 -58 -27 -72 92 -18 11 -51 34 87 -8 -23 54 10 -66 -4 70 -84 -33 3 5 33 -32 73 41 -21 -95 54 -75 -76 -82 -40 97 94 69 -13 27 40 -14 -43 3 96 58 -23 11 68 -96 35 41 40 -9 88 27 54 42 81 -24 54 10 26 96 -54 -16 21 -70 -87 -90 -6 47 -77 58 96 40 57 -64 18 31 -89 -47 -52 40 -72 -86 42 27 5 82 -63 -50 -44 -49 15 -77 -43 -41 -80 83 -69 -8 16 -82 92 70 -58 -17 89 95 -87 -87 -98 14 -93 -13 -14 16 53 -65 -11 -57 36 -71 10 48 88 99 -36 -77 50 10 26 -17 -34 4 -39 26 -84 -1 -73 -90 50 -81 -45 50 -6 64 -99 8 -44 -52 54 42 94 12 90 -80 92 -11 53 52 -15 91 25 36 0 -1 81 -43 -46 50 -88 -91 2 -27 -5 50 72 -16 35 29 98 54 65 28 65 95 78 -54 -14 14 -11 -48 11 -31 97 10 -9 55 90 -8 -32 29 -63 -78 -85 -69 -37 99 -81 -12 -34 49 8 -26 93 45 -45 68 6 2 -91 -8 -49 -78 -9 -51 27 52 -13 -7 -30 90 53 -43 -30 73 51 -25 73 47 19 -89 84 66 -11 24 28 -3 77 14 50 -5 -24 71 -7 25 -96 -1 76 -58 -50 24 -23 -94 13 -82 -71 -83 -16 -49 23 37 -92 -79 58 -26 -72 47 -98 -46 -4 84 63 58 20 -70 -14 -46 -95 83 -13 22 88 -41 51 -80 -33 -10 -60 99 -67 33 -12 44 97 -87 36 94 -45 85 91 -54 -82 -45 48 89 -18 38 -55 -36 -3 -37 -20 63 -76 -65 13 -87 -55 50 10 -99 95 59 89 70 -54 43 44 47 48 -26 -77 32 -38 -35 19 13 50 -1 29 -61 95 -9 87 65 21 19 24 90 -45 37 -38 29 -81 -4 -73 80 -7 -68 -78 -52 28 12 -67 -31 95 -16 0 -13 -75 77 15 -9 27 -79 -43 -76 -6 9 -5 91 -78 15 -42 -48 -43 73 -18 2 -47 63 54 71 99 27 -63 76 62 78 98 -72 20 -65 20 -70 -68 98 45 32 33 -36 48 -17 
12 -84 -22 -95 -52 -19 -55 -74 -10 -85 41 60 -93 -89 -35 -34 -79 -92 29 -85 -72 -43 -24 -7 -5 1 -42 9 41 6 52 -75 -94 62 78 13 -59 74 -12 38 45 28 91 -86 -54 82 -76 -50 -27 -5 -74 -74 86 -67 93 -84 48 -99 42 -27 -97 -15 21 43 63 -21 -71 -98 28 35 94 -46 -25 -60 94 -68 21 22 67 -34 36 61 -72 31 -20 -92 -3 -72 -30 -1 -2 -64 80 -52 -86 24 56 47 13 24 85 -56 -5 -17 76 -18 -47 -25 -82 76 -72 49 -28 85 -8 0 -61 -7 -78 18 15 25 63 -61 -53 71 37 -15 -30 -20 24 63 -35 -58 30 0 -34 -50 48 -68 68 -13 -16 64 -45 -87 18 28 -62 -38 -18 13 19 -26 -39 -79 -9 59 41 69 67 -46 -63 -3 31 -36 -44 -91 -35 -32 -93 -78 15 20 60 -95 -64 50 55 10 0 48 -27 -40 -1 33 24 48 12 14 57 -79 57 6 4 32 -37 -53 72 39 -86 90 -64 26 13 -22 -71 92 -17 -66 -39 66 -76 17 -98 72 -53 55 64 49 -11 96 30 -59 -35 -96 91 5 17 84 26 20 28 -35 19 88 33 -80 -31 46 -58 60 7 15 -41 29 53 -73 -31 86 41 17 79 -64 47 -36 -12 9 11 -17 95 -98 9 -92 -95 -94 55 -83 87 -98 -21 79 -33 -74 79 -29 -72 -93 -73 -5 -49 -96 -76 -62 -45 85 76 -81 -24 14 -81 -73 82 -80 25 55 -81 17 -44 77 -96 -20 98 3 -2 -48 -59 -59 37 2 32 42 92 12 29 -37 -3 94 33 95 21 8 51 -40 36 -79 -40 -88 90 6 41 -96 -12 1 81 -78 17 -41 32 99 71 -4 93 67 -96 -86 21 4 -31 -21 -24 82 62 -60 -8 -98 -67 18 -92 86 87 -31 -83 87 24 76 -39 -28 -82 94 12 -87 -73 99 -86 -39 7 38 -92 4 11 14 -22 28 -51 -44 1 -64 57 -14 -21 -45 88 -63 60 87 78 47 -84 50 41 35 -55 -54 11 50 -26 -87 4 80 -91 66 -87 71 -10 -21 47 0 86 7 74 -4 27 -15 -80 66 -32 -13 -7 82 2 17 -25 56 -21 -10 47 51 -31 5 78 60 57 -75 -29 -48 44 -58 -33 7 -65 -44 96 -53 -80 -57 -80 -23 78 -97 -9 15 91 -40 -48 26 74 2 70 -33 -62 -48 -76 -2 66 74 67 51 49 21 28 -86 44 -81 14 67 -62 22 2 85 -89 -24 7 -61 0 67 49 75 67 99 
24 -75 68 -38 77 38 62 -25 -75 -37 -72 -50 0 46 -73 61 -37 51 37 -20 -67 3 61 49 22 -56 -43 -50 57 -67 -54 28 36 46 90 -60 -72 60 -20 -87 -86 -57 14 -44 30 -66 -93 -88 -10 49 -8 -64 -81 71 -58 56 -69 -82 2 53 14 -79 36 32 12 -15 15 -48 39 -66 -95 5 -82 -26 -77 98 -24 27 53 -38 -8 -52 -81 -28 81 26 -90 -37 5 9 -76 -18 -64 -42 -50 -84 -99 -80 66 31 -46 -5 -68 -68 -1 -97 14 -3 12 -87 47 63 -24 89 78 -67 -12 1 -68 -38 -37 28 52 37 82 -38 41 -19 99 30 80 33 -4 40 -31 66 -67 39 -7 35 23 -31 52 33 59 18 83 -43 -16 -8 -11 10 35 -84 -64 -48 30 -93 79 24 52 -46 -95 47 -64 -2 70 -50 5 21 -22 -42 3 -96 -91 48 9 4 85 82 -4 -12 76 26 -34 76 -3 18 63 -33 42 -62 -22 -8 67 -75 -80 -12 -96 -55 83 17 99 72 -2 23 -64 -16 36 46 52 -93 59 -23 66 -42 78 -26 7 -42 49 -21 -75 -88 12 44 42 78 -57 63 80 -84 -54 -11 -31 -82 95 27 -67 75 -68 -60 31 -9 -8 8 44 -83 5 -64 14 57 34 -26 -3 96 -65 -63 48 16 -89 -63 92 88 83 97 72 -75 31 12 -89 56 -3 -55 80 58 58 -7 41 -25 96 20 82 29 39 46 77 6 38 26 -82 76 43 -81 44 -84 -31 30 -85 -44 50 -64 26 20 47 -86 -62 -4 97 -93 -32 -32 78 14 -49 -49 70 84 -70 48 60 -70 92 28 -63 -19 -15 82 -17 -62 7 -97 -20 86 -17 26 -55 31 87 -81 66 -82 14 94 -76 30 -26 -5 -24 -23 -71 64 52 63 -35 65 37 91 44 -99 -45 -33 77 20 -41 15 97 27 63 9 25 -30 -36 60 -19 -19 50 -17 -81 30 50 2 -69 53 43 -31 -63 16 -32 82 -36 -88 26 -72 -3 -11 -27 0 96 4 -45 87 -72 57 35 96 83 83 -77 -88 95 -46 -98 40 4 -87 43 55 90 -66 -3 44 -35 -47 -15 91 53 56 50 -16 55 -96 85 -95 -86 51 41 -17 16 22 51 -81 -38 25 -17 30 28 -30 40 54 -13 -98 -94 -66 79 91 -70 58 -59 95 -64 -95 58 97 98 27 -13 47 -16 -61 83 44 -76 -96 -77 0 61 -25 27 -21 -66 32 64 34 -79 -96 21 -42 -59 92 -95 -55 17 -36 6 58 -48 18 91 -23 
-84 -18 -61 26 -55 94 -72 -68 80 71 -24 56 6 50 -88 73 -83 32 -85 75 -58 54 65 -63 -4 -45 10 16 -17 34 -12 60 -2 -9 47 9 26 -19 -62 98 31 -85 58 85 48 29 -75 57 12 -2 -36 -1 -30 -4 93 33 86 72 -6 -98 -96 -36 46 -48 -27 -28 17 -5 -70 -17 61 13 83 -39 -64 -26 -34 88 48 -80 38 4 -80 45 -92 -30 68 91 -52 -31 93 -63 78 23 49 0 -39 64 72 14 -6 -18 85 13 54 62 -47 -6 -26 75 -26 89 6 -12 10 27 85 90 -51 66 18 96 -75 -91 -86 -42 -70 -17 -3 -3 -17 -72 -63 -8 -58 66 -62 2 -69 -20 -61 -98 68 -39 38 78 76 53 10 -68 -90 72 -17 -32 49 99 60 -91 -39 -27 -41 34 -71 -41 -76 -50 -90 -95 -91 23 36 63 -98 5 48 -46 37 -65 -26 -72 -31 65 0 58 -27 90 -26 -45 -48 15 -36 6 -26 33 -97 92 -36 -72 80 88 52 31 51 2 -49 21 -24 -14 17 -52 -31 83 -37 -72 85 62 -37 -97 -47 15 -67 -58 40 16 -56 -19 -20 10 -20 -11 91 -61 -97 63 -99 51 -47 48 -78 71 -26 34 74 -17 36 -52 -25 -45 -90 37 -84 -16 60 18 36 -38 87 59 -23 89 8 -2 57 75 -28 85 -76 96 22 46 -27 51 -54 -25 -20 51 -53 -50 91 37 -53 59 11 59 -30 -31 -57 -98 68 48 -73 4 -5 9 -91 77 -52 -78 4 51 -15 38 28 -3 19 79 -8 -55 33 -42 69 38 -77 60 59 71 77 48 99 -79 -8 -13 -61 -12 -66 75 -82 23 37 -67 39 -75 -23 -90 -68 10 -75 -79 92 77 10 -12 -43 -86 62 -7 32 -58 -89 -27 -77 67 81 47 68 -94 -3 -19 -27 84 22 1 71 89 -82 73 -59 -47 40 65 78 96 -92 -78 -53 -15 -93 9 45 24 -91 54 -25 -46 70 -6 53 -80 -61 -31 -27 -4 61 9 88 78 37 -58 -76 50 55 -53 90 10 66 33 -89 -63 -30 -79 26 -96 25 68 33 86 71 55 39 84 -45 80 31 56 -34 -31 92 -10 77 53 95 92 -93 54 16 56 -59 60 -66 79 -47 -62 49 -78 -6 -81 -49 -66 -24 -76 54 20 21 84 -63 -9 53 -47 -36 -49 26 -57 -50 28 -92 -54 88 -98 30 74 48 86 -4 -2 0 -13 -9 -28 -4 -71 55 -48 -62 -92 95 -53 93 22 91 30 -72 -19 51 8 -4 38 -48 -27 20 -92 
81 1 95 -3 89 99 -89 -30 -27 -76 -20 -2 93 22 74 89 -22 95 -80 -63 90 -1 23 -67 32 44 83 65 -85 -52 4 -65 17 -31 65 76 -66 -25 -39 -30 9 -1 -4 -34 -81 13 -3 -59 -16 -46 -25 -53 -25 53 33 19 95 38 79 79 -86 82 -24 2 75 98 92 20 9 14 73 -20 17 83 82 -47 73 66 48 -70 -59 -57 -31 31 48 -17 89 -49 12 -89 -6 82 46 46 87 94 72 -92 56 20 43 -60 -15 25 -44 63 -44 -95 12 -82 -16 -47 -14 -57 20 -73 -73 -26 -64 -1 -66 -92 -82 -30 -8 43 32 90 5 -23 -80 95 72 -66 43 26 99 81 13 67 -31 -99 -92 -60 -26 99 -71 69 -62 8 56 -68 55 74 18 2 5 3 -79 97 46 81 52 30 51 -89 -54 64 -98 81 -71 47 89 11 -67 45 -68 -46 40 -10 57 -4 90 79 20 50 -53 -2 -11 51 6 55 -50 60 40 -31 40 -22 -69 -81 59 -1 -7 -51 -35 -29 -80 -12 -60 40 45 -17 -30 -22 -51 -66 50 -65 -38 11 25 45 87 -70 -82 13 14 -46 18 -25 -14 62 53 34 36 -98 -32 35 74 50 -13 92 -18 35 75 -11 -42 -49 13 -38 70 -80 -93 -32 -21 49 -7 38 50 -78 5 67 -25 -67 -62 -82 -26 -65 -86 -79 -50 9 -94 38 31 -99 87 -5 56 15 20 -42 93 33 -59 1 -96 -26 -65 -40 -30 -29 71 84 45 61 -50 39 63 -95 -1 -63 -90 3 46 67 -10 91 -40 -44 61 -26 32 77 60 22 79 53 -98 -44 80 68 77 31 -5 53 18 -56 38 -13 -22 -36 66 60 -68 3 67 33 -68 -47 -34 -38 71 -30 54 7 -49 -78 -78 31 -46 80 12 46 84 -6 70 -7 -1 37 -68 -56 0 -40 69 -7 -61 71 76 -15 -56 55 -46 -35 -73 -25 69 -39 86 -72 -89 -97 -76 58 27 41 51 -20 -98 55 -97 29 69 22 -41 -94 74 -31 -68 37 -43 -99 -74 69 -49 -85 -48 -77 42 82 -62 -68 3 32 85 33 64 -71 -83 4 -58 -14 -10 33 -63 -69 97 41 -70 82 -74 89 40 -47 -77 -42 99 21 12 -22 -20 -89 -80 -10 -66 -89 -6 -90 -20 -86 -99 46 86 -72 2 63 -66 39 -62 -98 58 -42 -51 -86 -96 -21 -8 47 51 -43 55 -66 -61 49 -7 -14 85 -38 -50 85 72 63 -35 -20 -54 -49 25 91 -28 -86 79 -14 -2 15 -93 -43 -30 -56 4 93 
-92 -8 -92 11 20 -40 63 32 -47 71 -69 -75 -45 -25 87 43 -90 55 -42 55 73 -81 67 87 1 -63 51 31 40 9 -91 82 12 -9 73 -6 -97 38 -16 70 72 -82 -70 85 17 -25 -76 36 77 -28 -20 -80 -91 76 -4 98 93 2 46 42 30 -68 68 27 88 81 72 -35 45 73 -45 -59 33 46 16 55 -35 50 -58 53 63 91 -55 -52 -6 9 -97 3 -46 19 37 -8 31 -69 -10 -94 -25 -80 32 30 20 -17 -15 -24 -1 -7 8 18 79 -80 -44 19 -71 70 60 29 -45 66 37 84 -97 -10 45 46 -82 90 -72 -77 85 25 97 -1 45 16 98 72 -87 95 -67 52 -42 30 -75 -46 -90 90 5 83 66 -72 63 53 -94 -19 -26 -70 72 20 80 -21 -50 -21 22 -98 48 16 -2 89 -35 -50 -98 1 -26 -44 -44 -26 26 64 10 60 -84 0 56 -18 -91 -79 2 2 -4 -73 -7 -59 76 92 41 5 74 -46 -2 -84 -8 -52 -35 1 -52 -63 -34 -41 74 -31 -20 -61 -67 88 -30 42 -96 66 -7 -21 30 -51 91 34 -50 -60 -66 1 10 0 26 -66 74 80 -8 84 -52 6 20 16 31 41 36 -76 -4 -8 39 30 -3 7 -49 11 30 16 78 47 36 -45 28 10 57 52 -43 90 73 -68 61 -84 83 -71 -7 -51 -16 -84 -23 -12 29 -92 -89 41 3 -77 -37 73 -33 -10 -64 -1 48 36 -73 52 -5 -63 75 -38 28 15 -3 -80 -85 -71 -90 -76 -64 20 13 61 69 25 -24 -1 52 -7 -8 -93 -80 -70 61 71 76 -54 -84 -26 -83 76 13 -47 25 40 -94 17 45 94 69 -63 -67 48 -30 -26 64 66 -27 -77 -12 -8 15 -53 81 86 60 -60 57 -93 24 -83 26 89 -52 30 61 47 34 -42 56 45 -12 11 67 87 17 -18 9 80 -81 -5 95 -43 23 58 25 -91 -46 42 -27 3 29 -79 -26 -9 3 -76 -85 -64 -20 -78 -86 -73 -9 1 80 21 3 -93 -56 -86 -24 -41 42 -80 -50 1 37 -90 42 -17 -81 -81 -15 -81 57 -9 -85 -7 76 -61 -49 49 -45 15 17 -9 -45 -70 -79 62 87 -60 -13 -11 -57 -91 12 98 47 -72 37 58 -30 -70 94 9 85 -38 31 -41 -53 80 -99 -21 -30 -85 -48 90 -79 86 -19 -73 -28 64 74 -46 -46 16 35 -31 -33 -66 -72 -6 -87 -91 -31 -81 -20 -26 47 -27 -92 -83 -69 44 -76 93 92 -89 54 -36 1 10 
-90 -13 36 18 -53 -5 -8 61 83 26 -80 -53 44 -73 -99 67 -25 22 -65 -53 -80 66 -47 74 95 15 82 85 79 97 81 -87 56 68 88 -21 -95 60 67 -14 0 34 29 -32 45 -19 63 40 16 -98 81 -44 -76 9 24 -6 76 -62 -90 -51 96 -53 -2 2 81 -65 -13 -10 -8 25 61 48 -37 -21 -49 -60 39 -67 -26 -14 96 2 84 -92 -95 89 17 91 37 51 -89 63 51 -27 -57 72 35 7 -94 -28 -51 96 49 -16 1 -51 -8 -29 63 -95 30 -55 -78 -92 22 -67 -40 44 81 -50 -71 -60 97 -46 -61 94 -80 -53 11 -99 26 7 -35 -55 54 -41 -15 24 8 -66 -2 83 -27 -75 -92 68 -83 -69 -31 10 -22 48 11 -84 -34 39 63 32 76 13 -51 29 79 7 5 -31 -87 99 -99 -47 62 -70 -26 -18 92 -42 52 -8 -61 -42 -14 -16 84 -38 60 87 85 -29 42 -37 -25 87 -31 -66 -59 43 16 -35 -62 95 -20 -62 35 24 98 46 87 42 -69 -15 3 37 47 -43 52 28 -37 -37 -90 26 -59 -70 -78 -53 -30 -50 31 86 56 -11 56 -67 98 52 84 -90 57 -84 8 -63 -35 17 36 19 -99 53 -50 81 -14 -93 -98 47 67 -31 -29 66 -38 13 51 1 31 -38 77 92 45 -41 -86 42 -17 93 -89 -36 -45 52 46 -18 8 -9 -12 -17 -92 84 5 -29 -87 -17 54 81 70 -81 48 16 23 67 16 84 -10 -12 38 -94 -13 9 68 9 14 -82 52 38 -58 17 60 24 86 54 -91 30 74 0 49 58 -71 57 13 -13 -38 82 39 48 13 62 -12 -50 28 26 -34 -16 -30 -32 19 -78 -78 40 3 62 59 -96 -85 85 3 -20 48 26 89 -50 83 1 89 49 -77 -46 -26 34 36 -83 42 98 99 32 24 -43 -76 68 -55 34 -66 -22 76 52 2 30 -10 9 -48 -92 10 46 78 -27 27 -63 -77 -1 -87 -46 70 -22 12 -85 45 -73 -36 31 -44 75 -12 32 47 17 -33 45 -34 -15 -26 -27 -55 -77 0 59 -41 46 41 -21 43 10 -85 -2 -10 -63 -35 -46 -75 -65 -50 -65 -80 35 9 -66 -48 56 70 92 10 97 -59 82 -47 54 -56 29 34 -71 45 3 96 -88 -90 7 40 89 -23 -39 6 -49 60 6 -37 67 76 29 2 -67 43 -1 -45 -52 -14 -52 -81 -19 41 -4 92 89 -71 -32 -23 -79 74 85 78 31 -99 -57 -31 -94 81 -83 -86 -77 
-28 75 31 -21 49 -35 96 76 -79 -27 61 9 -63 -10 -64 27 -33 26 -75 -47 -33 63 -25 -18 34 -31 -26 84 -85 60 -56 -17 55 -42 -48 90 -96 54 11 54 -68 24 79 76 -13 -26 -92 70 73 -73 -75 19 -79 37 -52 -5 -10 -96 -8 -60 -92 -34 -93 -77 -66 -45 22 -71 -6 59 88 81 -78 -35 -49 -52 -71 -25 -96 -26 78 16 -92 91 51 29 22 84 92 74 -60 18 -16 24 1 -87 -7 12 46 44 27 -30 -3 52 -28 -78 -66 -48 75 10 91 -74 -75 -99 18 39 49 61 42 -40 -87 5 15 94 50 -49 -29 21 -3 0 -92 90 85 -99 83 -42 6 -52 -37 -20 -10 99 56 6 -1 -16 13 27 -75 -54 -6 26 -70 80 94 44 57 -70 -27 10 91 54 -32 77 -35 -99 -26 -46 -2 -40 -10 -50 12 -80 -71 60 1 66 -75 -84 59 29 9 54 76 17 66 98 -66 69 -91 73 -68 -94 -64 -19 38 12 -24 -46 32 -61 40 79 -71 13 -16 96 78 -58 -62 -72 -47 -14 -33 -27 -76 -10 98 -11 56 -57 -38 -36 85 -54 -66 -60 -72 -61 -61 -94 -93 -74 -44 79 -95 51 -24 80 -44 3 -22 -84 -53 17 -41 9 26 -92 -96 8 -86 -14 -7 1 37 31 93 -14 99 -17 -72 49 -71 91 -77 -43 -49 32 71 -51 -62 -98 -82 94 98 -10 22 85 49 72 7 78 -28 29 74 -3 -88 80 26 49 65 40 -48 -79 55 70 73 15 -75 -47 -81 -9 -93 87 -24 -92 -23 98 72 19 -29 -85 -51 -49 11 -34 -41 60 82 7 26 88 50 -62 -98 88 88 25 -48 54 -71 -63 -25 67 -7 -60 -82 93 60 -68 -95 -6 -49 -70 79 4 -9 86 79 -71 -97 53 -71 -43 57 96 76 -53 -61 -85 -16 34 -88 -94 44 63 -94 -35 -13 23 79 11 -73 18 56 -60 29 -82 50 9 11 -28 -30 -8 -80 -61 -62 0 59 -79 37 26 4 80 67 -89 78 92 63 -65 -94 -39 4 -15 26 -70 4 32 -93 -7 38 14 -52 -84 -71 -75 -74 -54 -13 -70 -91 62 51 -89 -71 12 -29 61 -25 -33 -63 14 75 -1 -13 -35 -31 -2 90 -46 -97 -98 53 46 88 56 2 -50 -45 -79 78 28 97 -9 -31 47 -47 78 -92 67 -94 -5 -98 -36 -87 -71 25 57 66 -79 -79 49 81 4 36 -89 -17 -86 -9 24 -36 -98 0 32 -90 -51 -48 44 82 25 -57 99 -71 43 52 -56 -90 -32 
-37 98 -90 26 -49 -74 -8 94 -89 76 -8 -30 12 -94 51 87 -16 77 44 79 76 -91 -61 90 -79 56 -90 79 -8 -93 -27 -34 89 54 -30 66 10 -82 -6 -5 -26 -58 23 -59 26 78 62 41 44 92 -57 19 -66 -96 20 80 65 36 61 95 -28 67 88 64 -61 -47 -70 95 -86 -42 -76 90 -24 -34 60 -98 -96 22 -11 87 -30 5 -5 -33 22 -38 -29 -41 -19 -72 -57 50 87 39 -14 38 26 84 -50 61 -17 40 -98 -73 -26 72 -29 22 99 81 36 -85 -66 69 3 85 -43 73 -17 55 -20 20 59 -70 -53 -38 -55 23 -21 -65 6 -60 -10 20 56 -52 73 45 -35 -95 -88 60 85 38 -48 -64 -21 99 -2 -39 57 60 -41 61 -72 81 71 -27 52 -84 -65 54 85 2 83 18 -3 -42 -41 -65 65 44 16 95 35 -60 -49 -82 85 95 -17 74 12 -40 -75 0 -55 82 28 71 78 -89 79 -14 -14 -47 -10 -51 13 -8 92 -85 -92 -98 70 49 -75 59 -25 -7 92 57 -69 58 6 35 62 -25 -82 8 30 -79 4 30 45 3 -79 -13 19 -76 -61 -87 -82 -40 75 -37 42 48 -57 -65 -90 -70 -14 62 38 90 15 0 71 -76 69 93 69 42 -44 -72 -92 -22 47 65 -76 47 86 -52 -12 39 94 -53 82 14 22 -1 88 -34 96 -47 80 7 -41 61 -37 -85 99 70 -84 24 7 83 55 41 69 44 -97 90 -17 86 -27 -84 -28 66 -18 -67 42 48 -44 -71 -99 -68 -51 43 -31 -78 -72 75 -78 -99 -80 50 -89 -58 58 -14 -96 7 0 18 34 -56 -81 83 61 29 -84 -15 94 -24 -61 -21 -46 -33 -25 93 -77 -20 -65 64 60 -92 -54 30 -37 -23 -3 5 76 4 42 -77 -10 -98 -18 -35 59 42 -32 12 16 34 -27 71 91 -14 74 -82 -87 -67 -68 -65 -78 -91 -99 73 74 -45 -69 83 64 -90 -35 96 -53 -96 -96 46 -54 4 5 55 -9 -26 -25 -43 27 -54 73 69 -26 35 -19 71 -12 88 -61 -50 -97 76 -33 3 -46 -37 16 90 82 -80 66 7 42 45 70 81 14 -91 40 47 -46 -97 44 -99 22 -92 56 52 23 -10 -71 90 -17 -99 -11 76 -88 -33 26 -14 50 20 -33 -74 -48 -75 -79 -13 -38 45 44 87 10 -63 -30 22 -14 1 -23 -15 -64 -13 -19 -7 61 17 -4 -57 48 18 -65 61 -14 -33 15 8 89 31 24 -67 -79 21 40 -51 83 95 
-51 -88 -62 -76 -58 42 47 -51 -11 13 99 -22 30 39 88 44 -71 -10 -31 85 -68 55 83 47 96 7 -10 -29 60 -36 1 -15 -9 -95 -33 52 -5 -78 25 40 -43 38 70 -34 -18 -2 -30 -67 -93 40 92 66 19 66 39 88 30 95 17 57 51 64 8 -22 83 -63 36 56 -40 53 81 56 -65 -48 25 56 52 47 43 -63 81 -56 -5 93 87 -33 10 -39 -33 -56 59 4 71 -24 27 72 -4 -64 58 -98 39 62 -91 20 -48 -36 30 23 89 76 66 70 43 95 -7 46 65 14 61 -96 25 97 54 -99 24 85 59 97 75 -38 24 -18 -50 -32 78 -82 -50 -50 27 3 -14 38 18 43 -37 84 85 35 57 58 4 -81 -98 92 17 62 -7 45 -81 -90 -20 2 69 -78 51 55 41 -35 -83 -86 40 91 -51 -51 -50 60 55 30 79 -2 78 16 -5 -99 9 -1 47 -98 -29 -98 -36 66 83 -26 -57 -92 84 68 60 72 -47 53 -95 84 30 87 -72 -42 -84 -86 -68 36 -72 -5 69 43 -65 80 -17 -5 69 31 -30 79 -63 -10 -60 89 35 -50 76 -20 -62 32 -65 70 -74 58 -36 66 -82 46 -58 80 -85 -29 -58 -99 51 -70 79 -54 41 -62 -81 31 -65 24 -33 -22 3 36 -87 -75 -71 -26 -75 -31 47 1 17 -54 82 69 91 23 -75 -23 74 -10 -30 67 -62 54 84 56 -57 27 -10 -16 12 -85 -1 -5 -65 -30 99 64 12 -6 -82 44 -10 -81 75 82 -94 54 27 -88 7 -76 20 -52 36 -84 -86 -49 -16 72 -76 -32 6 1 12 20 -76 78 64 -46 -49 56 -30 -80 65 2 74 -80 -76 -77 68 68 25 12 -92 -49 -67 23 86 -22 0 -1 3 6 28 -28 13 38 71 39 -45 88 -94 -36 86 81 38 -87 -95 -60 29 9 -58 3 94 -7 -81 51 -2 95 71 29 90 3 76 -10 -33 -80 -50 -97 48 6 76 40 53 16 62 -17 -83 58 35 34 -80 -74 -16 1 58 -34 -16 22 82 19 53 53 -29 42 35 74 -6 -30 -48 62 71 94 -13 48 -18 12 66 8 -12 12 48 21 -95 -92 -20 10 40 62 14 33 -18 -96 -6 -68 -33 36 -48 -56 -42 76 -76 31 38 -20 -49 10 29 47 -79 0 85 -24 -92 -83 -95 -42 25 -92 43 40 98 -87 -95 26 35 5 84 69 -54 -57 53 86 87 51 -76 -29 82 22 8 41 20 0 53 47 -48 -3 54 -27 
63 98 16 87 41 20 5 -42 -36 14 74 -81 -21 80 86 13 39 -43 -84 71 73 -93 79 -49 -56 -23 15 20 -98 -64 -98 78 -51 52 -14 -44 -44 -20 -18 30 -54 92 36 -72 -5 28 -54 29 25 -83 14 43 60 86 82 20 45 29 -90 48 56 69 -61 31 -18 34 59 -43 -64 9 83 -60 59 36 -56 65 50 -78 -5 6 68 -40 -99 84 94 43 70 -73 -71 -80 -46 -81 28 -72 -62 81 44 36 89 33 -11 -13 98 -53 98 37 -13 63 -22 20 13 -92 38 -90 65 16 70 -12 -94 -87 -93 4 39 -88 73 -93 81 42 -7 -18 73 25 -99 -74 33 4 31 18 35 86 -74 52 -75 63 -82 -77 13 24 66 62 -65 -88 7 -96 -56 -62 -36 63 -98 -42 -66 -77 -43 -4 -32 -38 -31 -39 9 29 -99 57 -46 -63 -68 31 0 12 62 58 -66 -63 -22 22 35 31 -13 -66 -19 -85 -59 -35 18 -26 -38 -20 -64 32 -63 31 -41 -14 78 -3 99 -8 -83 -70 92 -73 74 30 -92 11 72 -95 -90 0 -33 4 -14 43 -46 33 41 -23 59 98 60 66 -89 -11 56 61 6 22 -18 64 -26 -92 -84 71 -73 11 -66 78 -69 48 -5 -49 96 78 86 27 -25 25 46 41 29 -90 -89 -76 -55 -93 -10 29 69 77 -2 -5 79 12 33 -13 -94 38 3 -69 82 39 34 18 -66 50 -30 -93 -16 34 -12 66 0 -4 35 -7 -93 -50 24 -78 -68 -62 -9 -44 82 -85 57 -61 -21 -88 88 -44 65 25 16 3 49 -91 35 -85 -91 49 1 84 45 36 93 -7 -59 -85 5 -95 -63 6 -85 -21 -80 -13 -89 -12 -73 57 -60 -65 32 50 -22 98 -42 4 -73 85 -48 20 -3 55 51 74 -6 -95 73 93 -41 -65 -94 -17 38 -37 66 94 31 60 7 64 84 -87 14 -78 65 94 55 -13 3 -20 66 -5 -63 0 -17 -18 20 36 7 73 20 -97 -57 -2 9 65 -53 -3 33 76 90 -45 -33 0 54 -60 5 46 16 63 0 86 81 49 -42 -60 82 -8 -95 94 -7 -62 -92 -42 92 -59 53 40 -68 -46 45 19 63 -25 73 97 77 -97 -28 -66 61 10 -99 26 39 22 -22 23 9 -32 -42 48 93 -1 -85 48 82 65 43 38 -64 -15 -93 1 86 71 -62 -29 82 -93 -19 -63 23 92 0 78 -3 47 27 -10 98 69 3 59 50 -1 -81 -85 51 -78 -38 72 87 71 -30 -3 -63 -51 
73 -82 87 -62 99 -39 -53 75 -94 -11 -47 89 -86 -18 30 82 -24 21 17 -23 -29 -36 -48 -45 -91 -48 -72 91 -32 -23 -67 77 -29 93 -83 -48 -31 -24 89 85 -63 29 56 73 26 -65 -32 93 58 -43 93 63 -94 -71 13 -27 -42 -52 75 87 -55 43 -54 23 35 -14 10 61 80 81 -11 13 59 4 -68 89 -68 45 17 14 -56 -48 -7 -43 -65 6 -53 79 33 -8 29 -72 -75 88 52 -21 50 11 -45 10 -99 -95 -71 41 86 -23 -49 -78 -22 -93 96 -13 -29 -48 -26 -86 -83 -77 -59 9 -98 83 -97 -21 43 5 13 -30 -87 -86 14 -28 79 69 1 52 -59 75 33 49 23 42 5 50 -6 -99 -28 23 22 -67 -71 54 -90 78 84 -31 -50 15 -2 48 95 -98 -2 16 40 62 -82 -45 60 23 -26 -84 -28 38 -46 4 44 3 6 0 67 87 -6 -59 -81 33 -22 -78 71 -67 58 28 -77 -88 63 -27 -75 -99 -70 89 -7 5 -17 -7 -90 8 -33 13 -3 -5 -29 59 -87 -98 27 24 31 63 -1 -43 81 -27 56 87 -40 9 -87 -97 52 58 -96 24 1 5 81 -84 32 -72 11 1 -22 7 -92 42 2 -51 70 -49 3 17 -90 91 34 75 68 -98 18 57 -7 96 -16 12 -81 -44 58 -69 -28 -53 47 38 4 -76 21 97 4 18 -44 2 -94 -64 93 1 16 -98 27 -22 -18 -29 91 -20 97 -61 -1 31 -68 -22 -81 90 -34 -86 -87 -92 72 98 9 -11 61 -46 -28 94 -2 -49 -52 -12 38 63 -61 79 31 -38 17 -37 -98 -23 87 -85 -85 14 -85 54 -76 4 -41 -33 22 5 68 1 90 -18 30 -9 -43 2 54 10 -25 78 -41 44 62 -31 11 -11 -46 56 -52 -78 48 13 24 -82 51 36 36 -91 -60 -48 -94 46 -17 -77 90 50 72 -12 15 97 -94 -53 56 -71 67 49 4 -28 -45 49 -3 -21 62 -40 5 -89 32 -10 34 -42 -9 76 -61 34 -22 35 19 -41 -88 37 9 76 -80 -36 -84 -78 50 87 37 -48 14 -74 94 70 30 -73 -6 -12 96 74 -40 -68 -46 -51 35 -62 57 -2 3 70 -77 -24 -3 -33 -80 -81 -5 5 -37 -1 65 -37 -13 14 -53 -21 -26 -43 -27 37 21 -70 62 -22 82 29 -30 59 83 61 69 63 98 55 49 52 -44 -35 3 25 -32 -4 21 -25 -56 77 38 83 -8 49 38 6 59 88 -27 -92 48 -55 -32 27 -1 -35 
-40 81 45 -39 -47 -53 -44 19 92 23 39 52 19 14 -35 38 99 -43 63 35 -4 -96 80 49 32 -74 -67 -50 96 68 24 12 -71 61 46 -65 -63 -73 -6 26 -72 -29 -99 -31 16 -28 -56 -18 -25 -97 44 42 99 72 97 70 -37 -32 -38 -6 -62 72 -75 -60 74 -61 1 55 77 -73 88 26 21 99 -48 -21 16 2 -13 23 85 -48 73 92 -83 46 70 41 0 98 45 -74 -15 58 -52 39 10 42 18 -43 -36 15 6 -44 -4 -94 4 9 4 -79 80 39 -30 1 -32 37 56 -42 -96 -53 -45 -87 99 20 46 -29 -48 38 60 99 -47 -27 -36 56 -8 -19 55 15 18 -49 -57 -61 -46 3 71 -61 19 -42 -21 1 47 -67 -45 -70 57 47 39 22 -60 91 -70 -36 -58 -1 -42 40 36 96 -86 46 -35 -10 -93 65 18 -84 20 51 5 96 -15 98 34 -24 -29 72 63 9 -4 -50 -4 -84 -99 88 -70 94 6 -43 75 60 -67 18 28 7 -49 -31 97 11 86 88 45 -72 -41 -96 -62 -52 86 -82 -59 1 -6 -45 -50 55 -33 -16 12 11 13 -78 57 -9 -81 9 -62 -86 -26 -16 26 80 56 -4 5 18 28 -69 -20 83 32 -87 -75 83 88 35 -26 85 -93 93 93 -67 63 -86 12 -27 -73 25 -99 -82 58 -29 -80 82 -38 -88 -37 -34 33 91 64 46 51 -38 -1 -57 -16 51 -8 78 -61 -75 92 4 88 -24 45 48 53 -60 -58 54 59 -13 -29 66 11 -93 -56 63 -4 90 -31 62 -37 -99 22 97 92 -9 2 67 -5 -25 7 67 -3 -53 77 -40 43 85 91 55 -49 -45 51 -83 -5 45 -81 35 -19 98 20 53 37 25 68 28 10 -28 -49 -19 -11 10 46 -74 77 59 -93 10 87 -76 -69 -50 80 -79 -84 -58 81 -9 -63 96 99 -52 89 -29 -15 -35 24 -25 43 -24 -4 -88 -53 55 98 12 -68 -57 -54 65 22 -87 51 -74 45 65 60 81 -49 66 -75 98 -89 63 -71 62 -32 75 53 77 10 45 43 -21 68 -2 -66 -11 7 89 -49 19 -5 40 59 70 22 94 -4 -27 64 56 -41 47 82 -62 -98 -64 -11 41 -64 -98 -90 20 73 1 7 -76 -2 80 -70 53 26 -69 1 89 37 -34 -37 -86 -87 79 59 78 -74 -80 65 -11 -84 -35 99 -56 -74 -87 -16 66 84 23 -76 -21 84 -59 39 -14 85 85 81 -94 81 23 -64 20 11 94 90 -23 -8 -86 
87 -36 28 -51 -71 60 93 67 -9 16 83 54 93 -28 -1 -15 -15 -33 -74 66 -79 -69 35 -51 -14 44 -26 -57 87 -75 -64 61 23 -57 -28 -13 -46 62 54 -45 -66 -38 -42 -1 -97 -25 27 60 -2 -64 19 -49 -80 2 18 -55 73 9 27 41 92 -41 14 89 -75 -70 -38 70 28 86 -31 -8 59 -7 75 -77 -15 -77 65 -27 88 -34 -80 -20 -13 19 99 -89 -64 69 78 -27 -70 44 97 88 26 62 89 -45 53 -4 10 26 -72 -73 14 -11 85 -55 25 -39 -88 -8 -73 24 15 79 89 -93 -45 39 45 14 0 75 71 -26 -62 -62 -73 24 -90 -80 -36 66 80 44 99 56 -70 -99 -40 24 -31 7 -50 48 -60 -62 82 -42 95 65 58 4 18 -56 26 -37 -81 83 -74 -40 -77 -89 30 16 -31 -44 -64 -55 -46 45 5 -10 -60 6 47 -19 -58 84 -84 48 31 88 63 12 -55 69 -59 29 70 -44 -51 71 -70 90 18 -56 24 0 6 -94 -24 95 -90 -16 85 -26 89 -86 -83 -66 -93 -6 -49 -22 14 3 51 -68 -66 -19 11 -58 -61 29 16 -28 19 11 -75 -23 5 17 -78 98 31 27 -23 97 25 98 5 33 -81 -92 -46 -66 81 37 -9 77 -63 -14 0 22 51 69 -89 -1 -64 12 -74 85 -23 54 -97 31 -55 -99 32 -45 15 -49 58 -10 25 -73 53 17 44 -62 59 -19 96 41 -54 42 54 -11 -77 -55 -52 -33 -70 -82 -93 -44 71 -70 99 19 48 -12 -33 50 -23 -59 49 -44 -91 21 -34 -43 68 -24 37 -94 2 -27 -73 -54 75 -22 -82 -72 86 -3 -4 88 26 31 93 20 2 -33 -66 70 -29 87 91 -74 88 -70 50 -23 -59 64 -4 -95 34 51 62 62 -99 -6 52 39 -13 -94 56 -20 81 29 3 -88 -17 -72 -19 47 97 24 -2 64 12 -6 -15 39 -23 -27 88 -13 20 43 -67 24 -87 23 37 -55 8 93 -21 -76 -73 85 -81 -10 -10 32 -80 -86 -73 -57 28 95 -57 -75 65 -48 -75 23 -90 -64 52 -92 22 -55 69 -47 -29 -84 -35 69 -64 -27 -32 -46 -60 51 72 -28 -25 32 72 30 -15 38 -81 30 68 83 45 71 -65 25 -67 3 -40 98 44 -64 96 51 -74 -60 43 -55 -13 -15 -18 -11 -12 -97 49 -75 63 3 20 75 -35 13 -80 -34 -22 98 -83 -36 -89 13 57 -7 -46 52 72 83 65 -63 96 19 -55 -7 -29 -80 76 -27 58 -55 
7 -92 29 17 -53 41 85 91 -60 -51 -44 85 15 88 34 28 29 -20 34 -97 -59 93 -29 -63 52 -79 -20 -70 -10 -4 62 77 56 -15 -78 -30 -24 75 -17 51 -4 -4 -36 19 -80 38 93 -32 77 59 -4 98 -44 -98 20 1 27 -28 25 62 -42 -85 70 64 76 7 85 -62 79 6 -97 63 -77 -56 64 94 -55 3 -19 71 -46 -44 -13 21 -43 51 -54 -52 37 15 -59 -72 -10 1 34 14 -89 -62 -79 17 60 -14 19 -23 -56 23 61 -1 56 -15 54 -39 26 69 -88 -83 -27 -41 -75 71 -39 46 -34 93 74 53 -78 64 50 -59 41 -61 -30 99 50 -65 -73 -70 -28 51 -68 -18 22 -46 -24 -72 25 -7 74 39 83 31 -10 -74 92 -39 -20 68 41 -20 97 42 -62 -76 -96 91 -4 -90 -79 -46 89 -67 -37 55 67 -69 -7 -15 57 -43 49 36 92 -86 -38 -25 -12 -42 54 39 51 88 -97 60 49 25 69 36 64 37 83 -19 57 85 -81 -5 52 2 -17 94 86 -58 62 -45 -98 36 25 -23 -68 -56 -45 20 -45 80 91 14 -40 58 -11 70 -54 16 88 -38 -72 -83 -50 -13 -79 -95 -35 35 -65 43 -77 -71 6 78 -23 -87 86 70 56 -73 35 11 -61 46 -2 2 96 -7 9 40 54 -28 33 -72 -83 -54 27 -59 66 54 -92 -78 -45 23 49 82 57 25 -45 -11 -92 73 -81 94 -36 -32 41 -5 -62 65 -97 -68 -54 86 -80 -18 -6 -18 -60 41 -2 -78 50 64 -6 -36 -50 -16 21 84 -10 -23 -25 35 -19 42 65 -18 41 7 -95 -54 85 -56 -27 -91 -55 39 69 3 39 -35 -85 -61 91 -12 -11 73 -91 -49 -67 -6 -77 76 99 49 7 -70 55 -45 -32 -29 99 22 32 -42 57 -96 12 -43 7 -23 -16 98 82 -60 39 -27 -67 3 72 -20 40 -86 96 90 37 83 -69 -75 -11 -53 66 -21 75 75 27 15 -31 -68 38 84 -13 -63 -20 -4 83 -51 45 61 -2 -1 -3 94 -33 6 -2 -80 56 99 94 -39 -29 -47 62 -42 94 -48 -32 -74 -79 51 84 -61 97 -25 44 37 -59 -10 74 -8 71 40 -10 -49 -82 -41 -1 26 68 -75 58 66 -52 92 26 57 -69 24 32 56 -93 -18 -42 60 -55 49 -59 30 -5 15 36 -2 84 30 32 30 8 -12 -56 99 -29 -22 -10 98 50 81 -23 -73 6 -2 -58 6 -34 -29 14 24 -24 -88 45 -51 29 -29 -9 -57 
-52 70 -80 47 0 40 27 61 -35 11 72 -55 -18 33 -57 -88 -78 -96 -32 -66 51 -2 -49 97 21 44 79 -8 73 -64 71 -15 -49 -75 61 -57 36 -7 53 61 37 -30 34 -14 98 -12 33 -82 -12 -94 -77 -36 -41 -30 15 43 20 57 44 -8 69 -18 92 -86 95 87 10 86 35 -82 -90 77 -49 -3 80 -98 -3 -83 -97 81 98 -40 -99 48 -66 -11 -5 -77 92 90 -46 74 6 -89 17 79 98 -86 68 81 98 81 -42 -15 48 -37 -32 -69 -77 -14 17 -32 57 -46 74 -32 -3 -45 30 26 72 13 -33 -72 -15 53 85 60 51 20 -53 87 -96 14 -23 87 -13 67 -8 11 32 26 58 37 -85 36 -36 0 -49 95 4 69 36 24 56 68 -48 71 81 -67 -38 -44 -96 -36 -24 43 -47 -15 66 41 -67 -25 -71 -73 51 -18 -33 19 97 51 42 33 -58 2 -90 50 4 46 98 85 4 70 -51 63 10 -1 86 21 88 -28 -99 75 -86 -49 -6 43 33 -80 21 43 22 58 -33 -77 87 -67 -72 16 -57 -32 -3 82 -1 3 43 81 17 43 50 0 65 39 16 26 4 30 -77 57 -12 -1 0 -87 -40 -83 -71 -22 94 -65 -25 -28 14 -25 64 42 88 31 -77 10 84 -92 -2 26 -91 -58 -81 75 -46 -69 -79 -83 45 63 -63 -40 78 22 -20 78 27 43 45 -33 -26 -35 98 -56 41 78 44 -84 -9 -99 -96 -56 -7 -4 -41 -64 -10 2 -90 -40 81 -11 -89 47 25 63 19 -37 -35 -12 -86 -87 -77 -62 -58 -42 -92 -34 -89 -10 -13 -39 -80 -11 -99 14 67 -16 20 -42 -80 -6 -83 10 46 97 -4 -40 55 36 66 -70 -2 -85 -92 52 14 -80 79 11 1 -45 -58 55 -85 64 96 -31 20 -75 -35 68 29 18 52 -8 -17 -35 -5 58 11 -38 -98 -75 -33 -57 -80 -38 50 -5 -35 94 -22 -70 65 -21 -67 -1 -10 -1 -92 -10 22 41 -38 -40 67 -37 69 99 -24 71 -77 -63 -14 56 -69 94 -34 -46 -36 76 -84 -74 81 93 52 -42 -1 -48 -61 70 -5 77 3 6 -45 78 21 -20 -98 -55 -31 -62 -63 -50 -85 -92 46 65 -3 7 -19 -13 -35 -26 -4 90 -62 -22 -82 79 -25 44 -68 78 -66 58 88 28 -82 -72 -77 11 85 -41 -86 -80 95 -47 51 10 43 -69 -27 12 23 74 54 -41 40 -9 -62 -2 81 14 -57 -52 -19 -78 25 -9 41 -78 20 -68 47 67 
-40 97 83 33 62 83 -54 -35 -77 99 12 -42 32 0 -46 -91 -45 54 -16 -36 -98 -31 -4 84 5 13 89 41 59 76 56 88 92 -6 -23 -50 -94 31 -37 -25 -72 59 3 -84 86 -88 86 73 45 -9 21 -22 57 21 -28 -73 -20 70 -97 -74 22 4 -6 -52 -23 48 -45 -1 -10 -67 -41 -6 64 -35 10 68 -46 -80 -5 56 -7 -53 78 36 -25 -19 -83 60 16 -68 1 43 -2 74 -45 -71 -11 31 -59 -91 -97 -74 82 -53 -80 83 -73 -99 15 47 -22 56 34 -11 53 79 65 -15 -16 61 91 -34 55 27 -7 38 45 80 -47 41 6 -32 -58 -51 26 -12 -70 80 -5 -7 -36 -22 13 -29 46 49 -78 10 -85 -32 5 -3 29 66 75 71 -76 47 49 12 -64 39 -99 28 -80 -68 -39 35 -29 16 -1 -46 8 -72 -40 -10 87 -16 6 94 -41 -9 -41 -97 -34 -74 -45 0 84 46 99 98 -13 -17 50 -96 26 -64 72 -95 -94 12 -61 -45 -2 -97 -44 69 -5 -83 41 95 13 -84 35 37 -50 -36 -68 -69 -46 42 -62 8 63 -41 -34 -96 32 -49 89 36 -28 -11 -43 -4 33 45 18 57 -15 30 41 5 67 -7 37 26 9 65 -77 80 -17 -93 -78 -28 41 -85 -33 35 -46 -37 -44 -29 51 -74 78 40 -9 21 -25 -97 -13 40 34 42 29 9 48 55 -49 -92 -75 93 7 36 20 50 36 -4 51 -67 -81 87 26 8 9 -65 4 -52 60 -37 1 44 -91 -80 -10 -9 50 10 -38 8 -39 -33 12 -24 39 -38 14 65 81 76 99 -73 35 33 2 11 87 -80 -82 5 10 -71 85 -45 36 -90 94 -71 -75 36 19 61 -62 -86 8 -36 3 -60 -37 -62 -15 25 2 -23 55 -25 -4 8 41 -15 -55 -2 -76 41 93 67 -28 42 -54 -35 -34 -6 -60 23 26 -54 77 56 71 25 8 -52 70 -91 -70 8 46 -51 -64 52 -62 -40 -40 72 58 -48 37 -22 -41 16 20 -32 59 -17 -10 63 17 61 68 80 -73 -68 99 -60 -92 -13 64 35 -80 -81 24 -36 -44 -61 -18 -64 -75 -25 10 -88 -44 -12 71 -27 -57 99 -86 48 78 -82 -29 26 31 -27 -63 53 -26 -82 67 -25 31 46 -53 54 57 11 42 -6 71 86 -86 -12 -32 -84 4 -25 -6 -98 -65 72 28 35 -74 -19 -38 -11 -37 -76 -66 21 -52 35 -80 20 66 0 -23 61 -79 -51 -34 58 -66 -40 43 -51 -3 -69 
40 -55 89 -7 -76 -3 15 59 72 -49 -33 81 23 -55 59 58 -32 61 -39 41 -31 38 4 -5 -83 -74 -1 71 -56 -99 43 94 20 -20 94 95 9 -84 68 5 -38 24 85 -44 -4 68 34 -90 68 -16 83 -22 -73 18 30 25 81 52 -84 -3 79 -86 -51 16 52 -49 11 30 -98 34 -71 -8 78 -31 65 67 48 97 -82 -46 -36 -69 -96 39 61 7 -53 -39 -4 -2 -92 -91 -32 -74 -1 -59 99 67 -88 -57 66 -79 -82 89 45 -54 1 -95 25 2 -33 -15 40 -89 -34 -46 -39 74 49 19 -25 -80 -61 6 -21 6 -42 9 -28 -65 -49 72 -50 75 35 -71 67 -26 65 -20 -52 14 -13 26 -68 58 -36 -58 -8 83 -91 47 46 32 -76 -80 -11 82 2 59 -8 20 93 -43 41 -5 26 -27 -71 -65 42 -30 18 95 -6 60 -85 38 -62 55 35 28 -87 54 -53 -47 52 -27 57 16 -80 91 -6 -81 -15 93 10 -95 -82 -23 -74 -92 65 -17 -49 3 -52 37 -20 45 -64 -93 16 99 -73 -56 -67 88 -70 -12 20 61 -21 65 57 23 -51 -54 -95 90 81 60 -1 -99 76 21 -93 23 25 65 -35 68 24 -60 39 13 27 -16 -99 -19 38 -53 27 2 -71 -93 43 -78 55 70 -47 -96 -99 39 -62 -17 32 47 -43 -94 12 -49 19 94 77 -39 -10 -47 -94 4 -7 -38 75 -3 9 85 -73 -30 -10 -71 -81 -13 -38 -44 38 91 -25 87 35 -10 21 59 -92 -4 4 -95 50 -64 -3 27 -70 -69 68 97 81 -20 5 20 -52 37 48 94 34 -88 -81 -13 35 22 56 11 0 5 63 26 -76 -2 27 -56 44 -71 -97 9 81 -83 28 -20 44 99 -30 46 -91 54 16 58 43 22 -79 -63 -85 -64 -93 -58 -79 12 -40 10 19 -84 41 50 -26 99 62 -65 88 81 -45 65 97 -12 37 -5 -60 -70 68 58 -1 -7 46 71 -23 -37 -35 68 -65 -42 33 8 -36 6 -87 -6 96 -29 10 -98 25 37 -92 4 -13 -22 -81 -34 50 66 -38 -4 99 -7 -47 -81 1 -1 47 -93 -4 20 -80 -51 73 21 -46 -59 19 -41 -74 -64 -23 -40 60 44 70 -43 -28 50 65 96 30 99 24 89 -57 -62 46 -99 -50 34 2 -60 33 89 -57 7 -80 49 25 44 34 -72 -25 53 31 95 51 49 68 2 17 16 54 62 61 42 97 48 50 86 48 -40 -70 -49 32 83 47 42 -50 78 12 -28 
9 28 -3 19 20 -4 47 4 -10 -92 21 50 -6 37 -84 -23 -54 -98 -37 -60 30 -14 -97 50 25 -88 7 -35 93 -20 22 -89 99 -80 99 -13 69 -85 -78 -1 99 -87 70 -14 55 42 -97 47 -72 -58 81 3 28 13 -12 -64 29 20 55 -90 -90 34 43 -68 69 -55 -47 -85 -63 81 -52 44 -61 26 -96 39 87 -43 17 33 -4 77 -19 50 89 2 -65 59 -25 -18 36 -92 74 53 10 -71 -73 -24 -29 -8 23 -77 -52 -23 93 -13 72 -11 -77 -76 66 15 16 -53 -83 19 -95 -22 -30 43 -27 33 8 -48 40 -23 70 -37 62 83 -84 -31 -21 -4 -47 -68 64 -71 73 43 37 13 -64 -34 -35 -83 21 7 80 -40 -67 -66 -87 -60 -92 -1 -92 7 49 -11 -26 -70 26 91 94 -17 78 -65 -68 -18 83 -95 85 25 -75 22 1 80 43 9 -68 96 76 -59 -71 -69 19 33 -46 76 -14 59 -56 -90 23 -32 -86 99 -19 -18 85 72 26 -93 -31 -42 -54 17 -6 64 -61 46 -45 -64 63 -28 70 27 34 3 -96 44 63 52 29 -54 36 -28 19 21 64 23 -38 55 -31 12 35 -66 -78 11 56 -43 -53 -25 -41 84 -27 -37 -38 50 -2 83 -74 -32 13 79 -64 22 11 -97 43 21 12 45 -88 -18 59 -54 77 10 56 96 19 -94 -14 74 -68 -56 92 10 -56 15 -37 -51 38 33 -89 77 -52 -11 -97 -10 -70 32 -12 59 64 97 55 59 -1 -98 97 -8 22 -75 -17 -11 -28 -84 -8 -25 69 -65 -6 -99 34 -45 45 -51 -5 21 83 27 69 -13 31 40 60 45 -68 71 -45 -77 75 46 -17 22 -50 -5 -39 -7 -81 82 -34 -53 37 67 89 -89 -83 -44 53 -42 -1 34 98 78 65 -7 -79 65 6 59 5 48 28 38 68 66 -94 -75 24 -31 67 48 -86 -10 50 11 88 -59 -28 -73 76 36 45 -70 95 27 88 18 45 55 9 -2 61 -17 76 42 89 60 18 46 -2 96 43 88 -98 -6 -63 -79 98 13 -61 48 1 -47 -39 -75 -76 86 47 -90 12 48 17 -42 -54 27 85 -38 37 64 67 -15 -34 89 0 -20 -38 89 80 14 -34 28 20 72 5 -65 -33 63 22 -31 33 -38 -87 2 -81 -28 59 10 68 60 13 4 -21 0 57 63 -34 -4 45 -1 -59 6 -88 -56 34 -21 48 4 93 17 76 -82 83 -40 -48 4 83 -97 -18 -43 -86 -97 32 0 23 -24 
-18 -11 -13 39 78 -92 61 39 -58 52 12 -21 68 47 -15 19 17 -28 -85 -11 45 7 23 -26 73 -44 59 77 -43 35 19 94 93 39 52 -92 31 -67 61 87 -28 -29 -71 -92 -83 11 -33 0 24 99 -11 27 -45 90 0 40 72 24 -47 70 -39 22 60 -98 58 45 30 27 -75 51 40 17 -38 -83 41 37 22 39 -28 -16 -82 -68 -84 83 22 -3 -49 -83 97 -92 57 67 63 68 -9 -97 -11 34 -63 55 -45 -29 -89 -7 54 32 -52 -5 62 5 82 94 -31 -39 -84 -70 35 -3 -37 -84 -21 16 46 9 -4 -53 -67 34 -87 -33 -4 76 34 61 -70 9 35 -8 63 -26 90 -22 61 -52 -42 -56 -46 31 -40 -40 -69 -87 -8 18 4 72 -63 87 17 61 98 -5 -16 73 49 20 -98 21 4 -3 81 -3 -58 86 81 56 -88 -37 -55 84 -58 -52 -32 -56 -6 -17 98 -73 -23 -79 59 -88 -68 2 -50 -10 -63 76 41 -53 -28 -21 -28 -84 28 -8 -6 -38 -28 -32 78 -52 -28 20 60 75 84 -93 -26 -62 -16 6 -49 -57 -93 -2 27 -69 76 -13 -22 1 -3 0 54 -58 76 85 -2 -94 55 -34 -41 -24 87 98 76 -62 77 -20 -46 99 8 28 62 -60 32 -74 25 32 -36 39 19 -40 -18 -18 -9 53 58 17 -28 -48 -5 98 71 -49 38 -97 32 53 34 59 -91 36 76 72 -21 -81 96 -78 33 60 -64 -20 86 29 -56 -88 -8 -12 -76 -31 5 -1 2 32 -22 87 20 9 85 43 -9 -6 52 2 -70 -50 95 55 67 -16 21 7 -21 21 -22 -88 9 -30 78 47 69 -16 66 -30 64 31 -82 91 74 -4 -56 24 -99 -37 16 12 -46 3 -44 -41 22 -23 36 30 -75 -95 -27 69 -45 1 -47 27 -61 -99 -61 23 -48 22 80 37 21 -33 -76 74 -39 74 37 44 -19 -31 -87 -2 88 88 71 -87 -85 31 95 63 -2 46 59 22 -47 89 81 73 -54 -6 65 88 -6 91 23 -97 79 -31 37 -92 -43 47 67 -29 -32 40 2 -60 6 1 -17 83 72 72 -7 20 -22 -19 35 0 -92 64 -47 -91 -28 63 51 -88 -54 77 80 -31 -64 33 -66 -94 -53 82 -23 19 -32 -57 18 81 23 -87 -41 -95 -71 1 20 -19 11 14 33 -10 45 -88 -34 68 28 -35 -86 30 -44 -15 -96 59 86 58 29 24 -53 -89 61 -96 8 61 40 -75 31 -92 66 86 72 85 -57 53 
-47 -10 66 -33 -92 -12 -41 51 32 24 -86 -84 94 11 -64 -9 -64 -39 -77 -39 96 7 0 87 21 -16 20 16 25 -81 -66 -84 9 -85 1 99 9 36 53 90 92 67 48 60 -6 41 84 51 -91 7 -45 -41 -62 36 -50 -34 86 45 -63 -31 46 -52 -65 89 44 -98 30 -79 6 58 -87 -98 -24 -41 72 -32 -15 51 80 -35 16 28 -76 32 -40 97 76 -38 -80 -31 85 -98 25 3 -46 -84 -1 91 92 -21 -51 -63 -68 -68 -95 8 26 80 -88 -65 69 -12 57 -69 8 -55 -29 -65 47 -95 0 27 15 68 31 -22 78 -35 -72 90 72 53 67 10 -15 -6 74 51 30 66 -66 49 12 73 7 -49 -68 24 -41 20 77 -13 -20 22 86 89 -87 95 7 -94 -70 -35 66 19 -94 -49 23 61 -68 -11 20 91 -11 -51 15 68 23 54 -33 92 -46 25 -8 98 94 19 -60 -57 -36 39 -78 -33 -48 -87 -14 -22 52 27 -52 5 99 -82 8 -50 -71 -84 64 -15 -27 2 -72 1 -31 79 30 -43 90 10 -39 37 -77 90 78 -61 -16 -8 20 -68 8 33 2 -11 -20 60 20 -2 -86 28 22 61 38 -48 -23 98 60 -88 -92 -25 27 -81 -52 77 -23 57 82 44 -70 59 36 -92 53 30 -22 10 23 39 -39 88 86 -39 34 -34 -89 56 21 92 67 -23 24 -70 8 -4 45 -2 90 15 -49 -68 -60 30 49 31 -84 69 -55 91 -77 69 -54 -29 -98 -83 -10 64 -2 -68 -17 -8 -64 -3 -14 25 52 -42 -56 -38 -59 94 45 15 76 -47 17 -11 99 4 -17 19 85 -35 -92 89 -7 29 -9 -49 19 -79 -73 96 -4 -50 -49 -36 89 -20 11 94 51 30 73 69 -20 3 -85 97 22 13 57 9 -35 66 -15 -17 39 93 85 -85 3 31 -2 4 23 -51 17 75 -39 -97 -36 -50 -76 13 -43 97 -61 18 -75 -31 81 -62 -61 -26 59 -90 -64 89 -34 -33 -66 74 -39 68 -45 7 35 -34 35 -14 -44 27 -5 -86 -93 98 95 0 85 -33 -87 -89 -79 81 15 52 46 97 -8 -61 78 -31 74 -21 16 95 -32 29 32 -28 61 -48 74 -81 -21 -68 -72 72 -31 41 65 78 -45 -7 94 14 18 83 -84 90 0 27 -8 83 60 70 68 -27 86 -44 58 63 -31 55 30 69 -65 -21 25 47 67 -23 -30 46 72 -83 -61 96 92 -2 -94 -53 -48 -57 -95 88 -10 23 1 93 -28 -33 
-60 2 -25 79 -18 -96 26 -6 -47 -66 -36 -2 -63 -42 -97 76 33 88 62 90 -37 54 53 -92 55 24 -93 72 72 -90 98 72 -55 76 -89 97 2 -94 33 11 -25 -96 39 -82 81 31 -43 96 3 77 98 -47 83 -4 -13 -98 68 -71 0 16 -10 1 20 -21 56 -25 83 -49 73 89 10 -41 69 -8 91 -16 -99 78 30 31 54 13 -84 5 -93 84 -83 -64 74 -32 4 15 37 82 -29 87 -31 -23 -49 38 28 -66 94 65 -74 -37 60 4 -66 44 -73 95 -27 42 40 28 -15 27 18 50 -11 -98 1 -8 13 -74 61 28 91 -40 -22 -75 -60 -90 34 49 78 -90 -98 84 -96 -67 66 -63 54 -93 82 -99 -16 61 78 50 -97 23 -48 -34 -39 -32 -51 62 -56 65 47 2 -70 -47 57 -71 -89 -14 47 -44 -91 78 11 28 -90 12 -7 -68 -50 22 32 -36 85 -48 29 -15 -32 -26 -28 -54 89 28 50 93 -33 -5 2 -49 -83 -55 76 -84 29 -56 7 -59 -74 23 73 -11 37 2 24 55 -77 -29 18 -7 39 38 78 -4 10 -87 -40 50 -3 -38 56 -75 34 -65 -84 -44 54 56 -92 6 5 -61 -34 -94 49 29 81 79 -25 90 49 -38 86 53 -35 -39 -39 -19 25 -48 13 -22 19 -46 49 95 34 29 -44 68 -19 56 -38 -52 61 77 -30 -12 -91 -44 54 53 68 28 71 -31 4 83 -20 -45 44 41 52 93 31 -26 -4 -31 -17 -78 83 99 -24 12 54 -91 -35 -7 -41 31 88 33 11 -71 29 89 -67 2 -15 -30 14 21 26 56 67 90 -80 79 81 -45 56 -89 -34 -4 50 -38 -11 67 90 41 22 -32 19 24 -51 49 35 -59 -12 -35 -27 55 -71 -38 -73 33 -80 78 -81 64 31 -16 98 37 44 -65 46 -43 50 74 -1 37 -51 75 -93 -66 -55 77 -66 70 3 -4 -87 -63 -38 86 46 -99 51 31 10 -51 80 -83 94 -92 6 -48 -54 73 -31 -31 -67 -41 -98 90 41 -69 -9 70 -15 -2 54 -99 95 -92 1 -98 31 85 -48 -83 -78 -82 43 8 -88 21 -15 17 -53 87 -13 56 10 13 -41 -55 57 83 -6 -52 -4 -62 -70 -58 26 90 -88 -88 -57 -89 22 -34 -7 -82 47 -24 -37 40 92 -40 -74 -63 -73 -96 31 -96 45 -30 -2 -50 -32 27 -14 0 0 -83 -47 37 6 12 -82 -8 42 72 -88 -10 -67 68 72 -76 86 71 40 -81 57 -59 72 -37 
-5 22 -74 54 -89 84 -82 -74 77 -53 -62 -71 -25 33 -92 44 -97 59 -26 -59 -81 -72 79 -75 -29 -91 -77 96 -43 -8 -40 19 -40 23 -90 83 63 30 -32 -51 89 85 -78 41 -45 -5 75 -56 10 12 25 2 -65 -73 31 -72 -70 87 88 28 54 79 -72 63 -69 22 -33 84 -19 33 62 2 -58 -83 -8 15 -5 -13 -3 -71 14 -56 54 -94 94 99 -8 -88 56 89 -69 -32 86 19 -40 47 -49 -2 -5 -62 -4 58 67 -22 -79 16 -18 50 57 -46 62 66 12 66 -1 -58 -48 76 37 -48 -39 55 -12 64 -28 25 -84 -45 38 -72 -31 14 -44 69 65 67 -43 92 70 -89 81 42 -61 -12 80 -82 -59 -99 -88 19 -81 19 -37 58 79 -36 -58 -93 6 -69 -8 -22 76 50 84 23 16 -46 -41 -85 46 58 -76 -8 -28 19 6 34 39 -2 -47 -52 -60 47 29 -34 34 73 70 -67 -86 15 -10 -15 50 -54 53 73 92 21 84 48 49 48 -54 70 55 50 -42 14 68 -52 -96 14 -57 -68 39 -25 29 30 -51 -28 -59 12 -77 -89 -93 27 -87 35 79 78 1 54 93 64 -37 77 -40 -4 -53 49 81 92 -95 33 -78 -3 50 -56 -12 35 10 -46 -4 -47 -8 -22 1 -81 -40 -78 -90 -34 89 90 -58 55 31 -60 -61 72 -99 -70 -57 69 -59 -54 -53 -68 98 -6 -22 -18 2 -64 5 99 48 -57 -27 73 -65 72 58 19 44 -89 -32 -69 -79 47 53 -12 57 42 63 13 -23 27 -32 -14 2 43 -53 -4 -15 40 -31 77 -82 -44 6 -28 -40 25 16 2 3 60 -40 30 46 53 -20 81 33 99 65 19 90 -56 13 -95 -44 -60 -80 31 -4 -82 -27 -62 74 -39 29 -74 -65 -88 -48 -90 20 87 49 55 72 -62 8 -79 -41 78 54 -52 -62 25 -7 -68 67 -9 -63 69 -13 79 -91 97 -28 98 -13 76 -61 61 -86 -36 -10 -2 49 2 -96 14 -29 -96 -55 86 -57 -46 -45 -67 26 68 90 36 50 57 22 36 19 -66 41 42 -36 -9 30 66 93 -49 -74 -6 50 -35 28 52 -16 -78 -57 -42 -72 86 22 55 -86 -50 -40 42 -76 35 76 24 89 -78 27 57 -70 69 -85 44 33 18 -51 76 23 0 -22 23 -96 96 -44 -10 -54 -41 -65 -23 -65 -28 53 40 33 -59 41 78 -14 -36 -12 72 -3 72 74 -88 17 10 26 37 17 -7 -68 26 70 -20 -36 76 83 -52 
-1 -55 -20 93 -72 54 67 -60 -84 -39 -14 59 25 -54 24 -9 39 -84 -57 66 -26 69 26 56 -86 86 -98 -46 -8 41 -25 -8 -32 2 22 34 -77 -25 -4 -38 80 -36 -85 -96 -46 65 81 43 -81 94 -79 -45 -15 -42 59 67 -73 -38 28 91 45 35 -71 -10 -29 -79 42 12 18 -48 -2 -36 29 -91 7 -46 -98 -53 55 11 -1 -46 7 -58 99 18 3 0 -46 5 91 -33 -92 8 70 -60 -13 3 -29 73 46 65 1 67 34 -55 46 -37 -23 -97 39 40 14 59 -61 53 1 95 91 53 23 30 13 -86 75 -33 67 65 -95 78 -50 -42 -54 -9 9 87 11 -46 93 -86 -68 -92 77 36 77 -95 -72 79 21 -37 35 59 9 48 61 29 91 -14 67 90 -6 42 -68 -95 -27 -66 -23 -63 -7 75 88 -49 32 66 -43 -64 14 -85 3 -95 -63 -10 91 -55 31 0 -82 -93 11 1 -99 31 -30 -86 -48 46 -41 95 -1 -44 -77 48 -14 -19 -13 79 11 -29 27 44 3 -21 -29 76 66 -67 55 -46 6 99 -66 76 72 67 -8 -87 -79 13 -83 71 -13 -17 -13 7 -49 -58 23 -93 55 -65 -32 41 -85 -89 -8 49 -27 73 94 -26 99 -6 -58 -62 -98 73 -65 -14 31 -4 -96 55 -71 82 -44 79 93 65 -58 -92 -88 52 -67 -15 -66 8 -86 -67 -25 49 4 -77 -18 69 91 -24 -13 89 49 -57 20 17 25 -98 92 85 -24 -7 -60 13 -9 -95 20 -24 -70 -51 6 73 96 -54 -87 -31 -43 -11 -83 37 22 -90 -60 -84 -33 57 -94 -9 95 61 -40 -17 38 0 -43 9 66 44 31 -13 -52 4 -47 69 13 -27 -92 -94 -34 25 -19 33 19 52 -83 -19 33 62 47 -67 -21 -18 23 60 -16 -47 -36 40 -91 -58 7 -4 17 -50 10 -75 -19 -44 90 -38 -39 -53 60 -39 -56 -20 19 -55 -96 21 -43 16 -18 -95 -77 -32 -36 96 -81 54 -98 -63 24 -55 88 47 91 -5 -34 -31 75 0 48 -69 -7 -50 -94 1 97 -37 13 -71 19 45 -8 69 -92 51 40 72 -69 -36 13 34 -30 2 83 20 -7 -67 44 -49 86 -86 -83 18 90 25 -72 83 11 -49 -88 40 -31 -79 10 -92 -22 -48 -9 53 -14 -23 -14 -34 78 98 -92 -75 -81 19 4 31 26 92 -36 -24 78 42 9 -77 -99 55 58 73 83 -95 80 -14 -59 7 -95 72 17 63 79 63 -71 -3 -88 6 -45 -35 
16 71 -55 -44 35 38 29 -46 -3 16 -81 52 -40 -58 57 22 28 -5 88 -85 -84 92 -99 20 -6 -84 47 86 -43 -87 66 -89 92 63 37 82 88 -36 -39 6 -83 -83 -37 81 -98 22 -74 -5 57 24 -14 5 70 5 62 11 78 -88 -96 53 -46 -48 -37 23 -39 -74 44 -49 60 44 36 8 -26 -88 79 -92 16 -47 -60 -93 16 -43 16 -31 62 -35 4 26 -71 -99 -83 80 -77 92 -32 -98 -73 -93 53 -66 65 -37 31 65 85 14 -11 -5 80 -97 -39 67 3 7 -95 60 96 -76 -25 84 -82 61 -16 -89 -4 34 -51 -26 76 52 -35 -36 67 -62 2 -87 15 -97 -37 36 -82 -31 65 22 23 -83 -75 95 92 -41 37 -96 -2 35 11 -81 87 6 -77 94 -60 -64 -44 72 -60 -22 15 -86 -28 -85 82 -48 -71 -88 5 7 -1 91 93 53 12 79 -70 92 -97 61 53 -94 -44 32 -85 18 28 -7 84 -78 1 -43 -48 -72 76 -14 -26 -39 30 18 16 21 -37 -2 -25 73 -1 24 8 27 -59 -96 -86 -95 -60 66 96 -76 96 -10 88 -1 18 76 37 -90 96 -19 79 -92 -84 40 -57 28 -6 34 -54 -5 42 -6 36 -89 72 58 2 -90 20 -76 56 -44 13 -45 -83 23 70 69 -90 -23 46 -38 50 -64 57 -72 -90 21 16 58 62 84 -90 -17 58 42 -36 19 80 -55 28 -50 -9 -45 -41 -88 -3 75 81 -5 22 77 -82 48 -48 82 -91 86 -78 -48 67 -74 59 35 14 -15 -66 15 66 4 -82 -5 -94 19 -23 56 28 11 38 -69 21 -22 -31 54 -51 -39 -71 81 -98 -75 -4 72 31 -45 84 40 83 54 -3 -78 6 97 30 10 40 -65 37 -43 26 4 -39 -69 38 4 93 -21 -43 13 4 98 -89 43 26 61 -97 -76 95 51 22 -93 -69 -52 -10 -88 84 34 -2 -37 -59 -81 71 36 96 42 -6 53 85 19 6 -17 -53 56 62 -28 56 -41 55 -57 0 -14 -85 -76 96 -90 -62 -12 19 6 -74 98 3 96 -71 -22 -9 -4 63 38 -88 -94 70 -90 5 -23 -9 -95 73 -28 -89 -82 -17 -75 25 -54 2 51 82 64 -8 -36 16 1 -51 -56 -59 35 69 19 1 -1 -48 -3 -93 -39 40 -88 -90 30 10 -1 -64 -52 -92 39 -70 77 -33 48 -31 -60 -32 37 -28 -79 -13 8 -36 5 35 -99 -63 -31 66 82 -86 33 -7 -59 -51 -67 11 36 41 -68 -15 -66 
-16 86 57 68 -15 77 60 -77 11 -91 67 66 -99 83 70 -74 -16 -85 -7 46 -59 23 15 -28 -54 -73 37 -24 53 94 -31 -91 55 2 -50 -87 -97 1 -6 75 63 77 89 -74 31 60 -29 74 -33 -68 82 -64 -56 19 -62 9 -12 55 57 5 41 56 29 93 58 49 -64 74 -64 98 42 -84 35 1 96 21 15 -79 -56 91 88 -93 -35 93 63 -94 -59 23 71 23 -76 74 -77 -30 12 -22 -48 -83 -81 78 13 -47 87 92 83 47 10 16 -40 -18 10 16 64 -5 18 91 82 31 78 6 -24 65 29 -38 -73 -18 45 15 -57 -46 13 79 -27 76 93 82 -58 52 34 73 -51 88 2 -85 -10 -56 28 63 -34 73 -46 -79 -11 13 -84 -56 -74 -99 -67 -42 -53 41 15 -76 38 44 -98 -74 53 -24 -84 -18 -19 13 99 -48 -60 -36 -1 41 -14 -31 -83 20 -18 27 73 -75 -24 -2 94 48 62 -14 -3 -42 71 -39 -99 -40 46 41 81 27 98 -74 -42 -11 -34 -6 8 -49 1 -11 60 -79 67 -73 67 37 -24 9 -40 95 99 -71 -19 88 -15 58 90 80 -10 -62 -28 -78 -8 58 50 -85 34 -28 14 -54 -22 -70 90 -63 -60 -68 9 -22 -61 -4 -92 70 46 66 -3 -14 -64 -33 83 19 2 80 38 -53 62 -27 57 -86 25 28 59 -55 61 -80 -72 77 -59 56 24 70 54 85 -76 -95 70 -2 90 82 59 43 -93 63 -21 14 79 -61 25 26 75 66 61 90 -75 30 45 -53 38 46 -13 -90 51 4 27 -1 11 -38 -14 -20 -80 -93 5 43 -3 -67 -5 -53 37 -32 38 38 77 83 -86 15 9 -26 -31 -2 -37 -21 44 -36 38 28 9 -78 51 -34 -80 -64 20 82 67 -19 5 43 -29 -52 3 -68 44 90 -80 -29 -70 -77 54 52 -20 -81 -71 37 -76 21 -50 88 59 -35 2 -63 -91 -85 73 62 -80 71 61 -27 -58 85 12 90 25 60 -67 -36 39 -8 15 -37 77 87 -97 80 -52 10 26 28 20 -93 -94 -75 -93 94 -25 -71 81 54 -93 -6 -80 -48 -88 -64 13 -43 -4 -8 -51 -64 -74 -94 -96 77 66 -4 -48 -7 -11 49 -21 -17 -56 8 -25 -13 -33 -5 -15 -66 29 75 30 72 95 -17 84 -19 -66 81 79 -73 35 -95 78 -78 15 36 84 -42 36 -14 69 -36 49 28 -41 -38 32 -1 -26 -23 65 85 42 -31 36 50 29 0 -17 -43 96 2 66 82 
71 53 -44 80 -60 22 -83 -32 -64 10 29 -77 -55 -81 39 -86 39 -87 -76 48 42 21 -47 -20 16 7 -6 -97 -22 57 93 57 -6 99 -26 -30 -42 -33 -13 87 70 -49 43 -76 -63 22 66 3 -49 65 66 -43 -41 76 10 -89 -76 -73 -40 32 -51 -77 0 -57 7 81 -32 43 90 34 -49 -2 76 5 56 92 46 29 -65 -39 -76 89 97 29 -35 41 52 13 -50 12 90 89 78 85 16 80 47 -48 -19 67 3 64 -74 -16 -62 -9 -16 -78 -33 -38 83 47 -47 -98 99 46 18 87 68 -48 62 45 -61 47 16 -99 -81 -89 99 58 71 -93 -61 91 40 90 17 -77 19 65 -96 -96 93 -53 11 13 -30 87 51 -88 -74 19 16 3 -62 -27 -9 48 -39 33 59 11 -92 51 -13 -54 -30 58 53 75 -32 5 -24 1 27 -24 -82 0 -49 59 41 -55 40 6 8 -6 -1 30 76 72 -55 -53 -62 83 38 91 -48 -11 69 -7 36 -12 -85 54 -54 63 91 12 71 -33 30 30 -50 76 39 -69 15 -13 46 -53 -74 -86 -49 -24 54 10 -42 43 -53 -93 -30 28 -69 -6 23 -47 -43 -40 -95 31 -15 -55 -59 33 -87 -72 29 -25 59 80 -48 79 -29 -25 -61 -57 44 -78 -94 87 65 52 -80 -7 83 24 3 72 65 91 -99 -98 14 30 31 -5 48 -86 61 16 9 -30 -70 77 91 -80 13 33 54 13 2 32 -84 -26 42 -55 83 4 -22 79 -95 -10 57 55 -39 49 -75 7 -15 -20 -67 -40 45 -54 -57 -43 12 76 91 58 76 -61 44 -18 82 12 -58 39 -29 -77 15 67 22 -21 -35 -45 -57 87 -7 -12 -2 1 -77 -58 -70 93 -35 -40 34 -32 -96 -4 -50 19 -89 -61 63 -92 34 -74 -38 -37 62 29 78 -22 27 -43 -81 29 -45 -47 -58 -87 -14 61 -67 96 -81 93 42 47 -73 -81 -44 33 23 -69 70 -71 -49 82 -83 38 12 51 -22 40 -75 -18 30 19 5 78 50 -84 -42 42 40 -35 66 -8 29 -37 -84 -7 27 93 20 18 25 70 -2 87 -56 -73 37 49 5 77 -45 -86 -69 -66 18 -27 2 -62 85 45 84 -28 23 -14 37 90 -95 82 -61 -28 81 87 31 61 -35 75 64 -69 -77 -96 91 64 -44 -6 -16 -24 -49 6 -10 -96 98 52 73 -10 12 35 86 -62 7 -52 45 35 -63 -75 -97 90 -83 15 78 19 -1 -12 -54 -27 48 -34 2 12 -30 42 
-15 -67 67 80 -2 82 4 -4 -24 8 -52 -90 81 50 -10 75 -33 74 0 -99 -37 21 10 -28 56 37 97 64 -24 -30 -12 -24 -63 75 13 -27 26 -23 48 -46 -50 -2 0 -12 -41 43 -5 -85 -3 -72 39 -41 79 97 -23 23 -42 19 49 23 6 44 -69 -2 -25 -91 97 67 -94 -68 -61 88 34 3 48 92 39 36 -16 -18 -55 93 71 42 -38 -64 -63 -63 99 11 -73 4 -89 -47 1 -73 -58 -58 98 -64 95 -1 -48 -55 30 -87 -11 36 57 -84 0 -24 -56 -56 -52 -31 61 -46 -66 -63 38 34 -34 -70 -51 80 -47 -56 -9 76 -59 41 -29 93 -93 94 -12 79 64 57 -66 28 -31 94 -97 -86 63 51 73 29 -37 76 48 -94 16 20 -37 73 -53 -72 56 -53 -43 77 -52 62 37 70 70 50 64 23 97 -82 90 29 45 -33 27 -36 6 41 -36 -26 -21 39 73 58 -30 37 25 -14 -81 -85 -35 -98 90 77 54 40 -50 38 -78 95 24 58 48 -31 -93 -3 -7 78 -20 -73 19 6 -71 -25 76 -10 -30 77 -23 53 1 4 -78 -2 -89 -91 15 62 13 -18 -83 3 -32 49 -65 64 2 -42 -7 -72 27 20 28 -85 -27 -81 -21 54 74 -39 -66 29 41 -33 -64 82 -36 55 -74 26 94 84 10 -99 30 -43 58 -39 26 69 -58 74 27 -81 -98 70 -98 70 -53 -78 40 50 45 -93 91 21 -76 98 -16 -55 66 -18 69 -57 -95 -94 91 -92 4 67 50 78 29 -22 -94 -52 92 72 14 92 24 91 -64 -32 1 -89 -87 45 19 85 21 -65 66 79 -1 19 54 97 -57 24 -29 89 -71 -6 -7 -76 31 -38 -63 -50 59 45 69 25 -55 71 39 -40 -85 -87 31 45 98 44 33 27 50 -97 54 -14 23 -41 -97 -38 -40 -44 -17 97 89 78 -84 28 96 -19 18 -53 -40 -92 12 70 17 28 49 10 25 88 -44 31 -26 -87 47 -21 -49 91 23 46 84 98 96 44 6 78 -10 -74 -36 19 -48 -24 -11 24 -20 85 -78 -77 -24 40 -14 14 -35 60 31 30 -78 -92 54 1 -33 2 -37 18 -26 5 25 71 62 27 12 70 34 -4 19 27 88 79 40 58 -74 91 76 25 -60 -87 -71 -32 -87 -96 43 -7 -81 -15 94 -90 -64 -81 99 -39 -13 -56 -27 -88 37 -17 -52 56 88 87 97 -40 91 -49 -91 -6 -28 -54 22 -36 -1 59 6 33 -64 -89 96 -39 -17 84 
-38 49 -39 -83 -44 45 -52 80 53 43 83 42 -67 81 81 98 5 -16 -36 83 42 -79 41 -35 76 -43 -39 -74 -39 89 -6 32 -75 32 58 -49 49 -92 97 -77 -74 -82 -15 -95 -38 -62 -21 -22 -1 -75 33 12 -33 4 -88 36 -98 -78 12 73 61 76 61 53 80 69 -28 -56 -12 60 33 -90 -65 4 52 -69 -19 -91 82 -5 -92 -60 40 -89 -44 40 93 -13 39 18 54 91 -48 98 -46 68 97 49 -66 -41 85 62 -23 -64 -38 -43 22 7 98 33 36 -79 -11 13 60 57 -56 -12 82 -38 -37 64 66 14 27 61 56 -38 93 56 59 -46 -32 2 99 59 68 25 -85 -83 69 83 28 -48 -51 -69 -19 23 -20 -68 -75 64 -78 8 36 -29 67 -68 -35 45 97 -30 74 -84 -92 28 48 -33 29 -12 89 2 93 90 63 48 7 1 -99 76 28 -48 5 -36 -53 59 35 -13 29 -58 87 -6 -16 -2 -15 -72 89 21 86 -27 62 21 57 38 -49 18 20 1 93 65 65 -83 -40 -72 60 88 -21 -42 77 -82 -20 51 44 -86 7 -51 -57 -98 -57 56 87 90 -99 -39 5 93 65 -44 -73 -39 -80 27 -68 1 -37 -1 36 99 8 -93 56 47 -98 80 -64 68 -67 87 44 -88 79 -61 4 92 -79 -91 68 -67 -91 57 89 -23 -27 -82 -28 -45 70 -99 -40 -48 2 -32 14 -45 87 -83 7 23 -28 13 -66 -5 85 1 69 -17 14 -42 -75 85 -2 72 27 -74 56 32 0 27 26 -35 -64 -37 -94 -62 -65 -84 -54 -28 52 35 -81 -18 0 -47 -3 -26 59 -7 -82 -65 68 -92 29 12 -63 48 83 -6 -21 34 -44 -81 -53 13 -88 -64 -49 -30 61 -76 71 -74 75 -17 -89 78 -38 -85 -34 52 11 60 -64 50 11 18 29 -55 81 24 -50 18 94 19 -74 79 -74 16 -60 -84 64 -24 84 -55 59 68 80 96 37 -54 -7 51 -9 83 43 -2 -68 26 62 47 -10 -64 33 -81 59 -15 80 -34 -35 93 -8 -82 -98 65 -13 -28 -3 -48 2 96 -69 -83 -44 -24 64 -50 -77 -72 90 37 -65 17 60 74 -39 36 -22 -69 99 -92 -42 10 -56 -33 27 -78 -48 -18 -1 -59 -19 -9 -7 74 81 -25 81 68 -18 -22 -33 -87 97 76 57 48 -54 -96 90 -98 83 34 83 72 41 86 10 70 -32 -87 19 -58 69 -71 21 -6 11 94 -56 -90 -90 -13 19 -91 -57 78 -76 -8 78 13 
19 -62 80 -93 -40 50 80 -8 -67 -31 35 -70 54 54 -69 16 58 -20 -68 -58 -72 -61 5 -48 -47 13 76 -31 -84 -93 -3 -46 28 7 -51 46 -10 -27 2 -36 -77 67 -34 -36 -47 -90 -24 -77 -74 65 -25 -47 24 86 -18 34 -82 -57 -81 -6 -64 -16 16 -55 30 75 27 3 86 2 90 -87 19 80 -15 -93 73 -1 26 83 -41 14 18 -74 69 77 97 -43 -91 74 -34 93 64 17 64 98 -19 35 67 91 9 -40 44 -26 -25 -16 -69 -54 16 -54 -16 26 -63 -16 -47 -42 11 -35 -40 -60 -97 -82 -4 -32 -39 -76 83 -40 -48 -21 98 55 28 -2 43 49 54 -50 51 29 34 -33 95 -92 22 63 17 -29 44 -1 49 99 53 -93 -1 16 -67 -46 27 34 -8 56 31 64 -5 -69 74 -64 -98 13 77 73 88 75 21 -17 83 2 -76 52 10 25 64 -22 27 77 -91 64 62 18 -5 -77 -3 84 52 56 -61 -31 8 -74 72 6 83 17 54 14 -99 68 -92 80 1 -14 60 86 -86 82 5 -77 7 -95 -48 24 32 -75 -93 -59 30 58 4 -81 -6 6 -30 -48 90 -35 -15 -79 -49 -58 57 -26 -75 -20 -71 -49 -16 17 76 1 55 19 40 7 -4 97 -92 97 -21 -69 -90 49 58 -72 -24 74 -69 -16 -87 -3 -63 -54 -57 -47 -87 12 56 -14 10 13 -85 64 -41 -74 19 -66 90 -67 -33 89 57 96 92 89 -26 -62 -17 -73 -15 -95 -16 -27 -31 -17 19 17 66 -51 70 21 71 -1 35 -69 37 99 -43 31 -2 13 28 50 -29 -60 -37 -99 61 45 0 -80 -89 -82 57 40 -32 -81 -12 -35 28 -41 -28 -51 -7 62 68 78 87 -85 34 -76 -52 21 82 -26 -96 -60 -18 -59 -80 21 -56 -68 -88 -89 36 -12 69 -16 -4 -80 -77 -97 77 -12 -53 -74 22 -19 52 -27 76 97 -20 -67 -33 50 -81 7 -78 58 90 66 -87 33 6 1 4 0 -45 -97 -30 70 19 69 12 89 -17 2 18 -24 23 -28 25 -97 16 21 31 -3 92 79 -70 -95 65 10 -15 94 -45 -1 21 -76 -17 27 -52 1 -65 -19 -80 65 32 69 88 61 -32 40 -2 -52 54 53 69 63 -19 -7 -60 -79 81 -21 83 -21 -1 16 -68 67 -7 75 15 22 29 -80 -17 -10 -32 3 -19 99 68 -1 25 -92 -26 -39 -77 26 84 9 58 79 -15 -7 -24 11 -6 55 21 4 37 58 35 45 77 -4 
37 1 -53 36 87 15 -17 -32 51 53 66 -95 -55 -7 49 22 -91 84 -29 37 79 -18 73 17 22 99 -87 84 -83 40 -67 -48 -41 99 -65 -96 45 62 -78 28 -68 49 -31 72 1 66 69 87 -43 -34 -86 -74 53 75 -84 29 -18 -81 28 24 17 41 60 -44 4 -54 -89 96 -63 -44 -34 -42 34 89 -70 17 70 76 -51 88 50 17 31 -35 4 5 12 52 -9 86 74 -23 69 -56 -63 -59 -56 -1 -64 75 25 8 -51 95 41 98 11 -15 42 -14 -28 7 -52 61 -43 27 -50 15 -65 5 52 25 18 4 -12 -26 -77 68 58 46 -53 -76 -46 -7 -85 77 12 -70 21 -13 -11 -50 36 -82 -13 -83 -1 15 90 76 65 -93 83 85 -92 -69 65 -48 -15 -70 77 71 93 -43 -57 15 -16 34 -14 96 -20 -72 25 55 50 -7 -46 -69 16 -11 -64 -42 -66 -66 46 14 3 78 -25 95 40 78 -27 -81 73 -13 -8 39 -38 60 -18 -20 -79 76 44 -17 70 -99 -57 -86 -56 -89 -24 90 82 -36 82 20 -24 -71 -34 18 83 -38 -34 31 61 -79 80 93 -6 11 63 18 22 -68 -10 10 -37 71 -36 72 -69 32 12 -34 63 33 -21 -25 45 -72 70 60 -79 -7 -12 45 -87 26 -98 70 -91 40 74 -18 -59 84 47 76 9 -36 -61 -57 71 38 93 -60 -87 75 -98 -53 -27 15 97 27 40 12 -50 -5 -40 -63 -74 -77 -55 -71 36 -97 -51 92 49 -14 -98 -65 -32 -13 70 42 -19 -34 7 -79 -4 -68 5 30 35 -13 6 88 8 41 84 -21 69 -67 20 19 87 8 -72 -60 -59 -64 -56 34 -2 0 50 54 -53 -78 6 -41 -78 -77 -71 -28 52 -66 -3 55 99 10 -90 44 -37 46 2 19 71 57 -94 -92 46 -13 56 -57 88 -28 -59 44 -23 19 -20 -54 -19 -25 80 68 96 61 -62 -92 7 55 -58 51 -53 3 31 -3 18 1 -9 38 -65 62 33 -30 10 19 -47 -53 -29 62 13 64 -9 -60 6 -23 92 23 29 3 -43 59 -35 15 -57 8 -67 51 65 55 -95 -61 89 15 85 -13 -18 -8 -23 -75 3 -79 66 -6 -54 62 65 -13 80 70 89 60 -44 36 -26 -87 -15 60 -59 -25 64 -34 45 -23 -27 93 35 96 -68 -67 -19 -96 -67 -76 -17 -91 -44 -81 98 78 -55 -18 -55 28 59 59 -22 19 -48 88 -96 -8 -85 -62 91 -49 91 -59 49 -39 -30 80 15 -95 
60 64 -51 -52 -92 16 23 -67 14 -67 36 -46 96 -68 -1 37 -30 81 81 -46 91 -90 -64 20 -68 -3 40 73 51 -62 -59 46 2 -67 -35 -55 65 -80 -30 56 0 29 -49 -91 79 56 71 -36 -58 -38 80 8 51 78 -53 -26 93 33 2 23 -24 -64 96 74 -49 -21 43 -39 77 -72 82 -14 57 36 87 -68 65 26 40 28 85 -88 -14 -66 96 -27 41 -36 -44 11 8 -40 57 34 34 -36 -53 -15 9 88 -32 65 -18 22 -78 -82 56 -46 90 -33 98 -46 -69 42 96 -64 40 -82 80 37 74 94 72 -1 -78 -77 -12 -13 10 59 -99 -85 -61 20 38 27 -94 -34 17 69 -96 66 49 90 51 61 55 49 76 -37 6 4 -79 37 94 81 -26 -47 -66 44 69 -26 -34 57 41 -55 97 -42 -98 -65 70 70 33 -27 -21 -42 -63 72 52 -60 44 -39 -28 -30 10 -72 -83 -19 64 73 62 -68 -29 31 68 95 -29 -81 20 -65 48 42 -1 -23 51 -66 -84 31 53 42 88 -98 29 -46 77 -62 37 -87 -7 -36 90 93 -24 8 5 -4 17 36 3 -50 78 -24 -1 32 -1 -30 -22 -76 34 84 -21 65 -21 -77 30 -16 -32 -62 10 2 -75 -5 59 86 -44 -70 -94 -41 -35 51 -76 -22 89 -10 49 -18 75 -5 78 46 -9 -80 74 -34 84 24 87 19 33 -38 -18 5 60 66 28 -78 96 -88 -12 76 -53 -59 32 70 85 -11 9 29 -82 27 -68 -66 -82 36 9 31 -22 -81 92 -41 79 -98 52 -11 24 -66 -37 -5 39 -64 79 34 73 2 8 -43 -23 -59 1 41 88 68 27 16 96 94 -32 10 -88 84 46 -35 54 -60 32 -47 -11 48 77 -99 -98 76 54 45 -62 24 44 96 17 -89 -8 13 -99 17 -99 -14 84 -15 -87 47 -51 -39 63 -6 -80 -41 -87 89 71 89 97 96 82 39 96 53 76 -36 42 11 -58 -70 -4 5 -55 -63 1 -72 -13 -39 -15 18 35 17 -95 66 -17 67 63 57 3 35 -72 98 -7 90 -95 -71 -27 -64 -47 -47 -33 -11 7 70 23 50 90 61 54 -96 40 -8 -75 -49 -91 -4 33 6 -98 -26 -74 88 -14 23 57 -6 -43 9 56 87 -29 33 -16 -26 -4 -74 -47 77 -92 -4 81 -9 -88 -31 -12 -45 61 -5 -66 -58 21 -45 -7 -47 1 45 -90 -58 -24 90 36 60 -61 95 97 2 -19 -48 93 35 -26 -58 -53 -37 11 -57 4 55 
-9 5 98 6 -3 45 -90 89 -50 -59 67 89 -70 97 97 58 -56 -22 94 -48 -40 57 87 -33 -80 -97 -64 56 -1 -27 36 -98 44 27 -48 -40 47 83 -80 -7 -80 75 55 -47 34 21 42 -19 -16 48 -95 64 -25 -54 53 81 23 11 -50 -65 44 -21 21 -91 76 61 63 -76 -27 -28 16 -81 46 -52 16 78 83 -87 -51 26 -93 69 4 9 48 51 -9 80 8 -71 -97 -39 98 -57 -20 -78 53 -32 83 -82 86 -56 71 -50 41 -81 -99 -90 -17 85 -91 16 68 68 83 87 -86 4 -22 -36 44 -18 -81 -76 25 -23 -57 78 59 -61 5 -12 -57 -42 36 1 -2 -56 73 51 -46 49 93 8 8 -1 -90 28 -46 28 37 27 15 91 69 -90 -70 -12 86 -49 86 92 38 78 -53 -27 8 14 -12 41 -19 3 -8 -23 85 -50 -92 12 63 -13 -73 -54 6 59 45 39 -27 -98 -30 15 -65 -67 -26 78 3 28 82 73 28 29 61 -41 78 -38 75 35 14 22 62 -11 5 86 -94 40 67 14 -89 72 -76 -90 77 88 -45 54 -59 -59 -2 39 41 -60 87 -21 -19 41 35 20 93 -10 22 99 81 -62 73 75 72 -9 81 75 29 97 32 -27 99 -96 96 38 50 -14 69 75 -33 -81 -82 -38 90 26 67 -34 -17 -2 61 85 -48 64 87 65 -6 73 56 53 67 -48 18 30 60 20 -15 -96 -54 -15 73 -3 -88 15 0 -96 44 50 -66 83 -75 84 -99 49 -28 35 9 -2 12 -40 78 -77 70 3 84 -89 31 56 -73 29 -81 36 -50 92 -91 -34 94 27 -56 -21 -56 84 12 66 51 -50 87 48 -50 -22 -84 -84 46 -47 -6 -52 41 77 63 -38 42 95 -98 33 45 80 35 34 -28 47 0 69 14 -21 53 23 38 -85 25 94 98 -63 -61 71 4 -89 40 -58 -82 19 -83 15 -71 -60 11 68 -77 -90 16 16 -49 47 8 47 -55 -61 -34 -33 -66 31 20 -35 -10 37 -38 84 11 -12 -6 7 -52 -78 4 90 -72 32 5 92 -44 87 87 -33 27 -64 -61 -38 13 97 -85 -33 -47 83 -44 -92 -28 69 45 -55 2 -54 -53 -41 50 2 -90 58 -68 -62 24 -76 0 88 0 -60 77 -16 8 -69 42 19 44 94 -9 -51 29 36 69 -10 -40 -32 -8 -31 -92 78 89 -30 68 -15 -92 -18 -80 -95 -13 13 14 49 -76 27 14 60 68 93 -56 -55 91 69 80 -4 -77 -88 
-74 -67 77 7 -5 38 -60 -34 26 -1 -29 56 56 -91 -5 -6 38 7 0 -4 -67 60 72 11 49 43 -92 -82 -3 -45 -83 -84 70 -50 31 37 -92 -88 88 -42 41 -43 -19 -55 -23 -59 49 56 24 -82 86 -18 50 -35 -84 -45 -90 -85 -94 -73 -89 -49 49 -25 -94 -77 40 2 -10 29 -96 -52 19 -21 12 -3 -62 -69 53 56 39 -48 43 41 -30 -63 -61 70 -82 76 31 90 2 -56 62 94 53 -48 -96 2 33 -78 -35 27 42 49 81 -11 41 9 56 -54 -5 -58 -59 58 -63 5 -39 2 -86 41 -22 -96 -38 -38 -88 -26 -85 66 32 -94 6 -87 -70 -13 40 -55 21 -7 -99 31 -80 -95 -85 -87 64 13 -89 -75 -54 -46 -18 -80 47 -49 -72 -40 -33 73 69 -41 -17 6 56 -10 -61 -20 -77 -92 9 -86 -90 -82 -15 10 2 -43 -90 -84 29 47 73 -41 -76 83 91 -15 82 20 7 87 77 50 59 28 -86 -63 -60 54 -91 -92 32 -53 -92 48 73 35 -92 91 -78 -62 -56 54 65 -52 -20 -32 -29 49 -79 92 92 -1 10 -42 -89 -8 17 65 -36 21 66 -24 29 -79 47 -62 -50 -19 -76 66 86 13 16 -43 57 -55 -90 -62 94 87 52 -16 -37 -38 -79 27 65 -54 -79 -49 -80 55 42 10 -55 25 -75 -42 -6 79 60 91 73 -93 -9 26 -1 73 45 -49 18 4 63 -33 35 84 -95 68 -70 -31 -45 30 -71 91 -6 33 8 77 -15 78 61 55 -31 -26 -38 -56 -78 65 -16 17 -95 96 -26 64 -14 41 -58 -88 -28 17 -10 -99 98 71 58 -38 -8 65 -8 -72 -83 -68 92 -67 -49 -18 -89 13 42 6 -15 21 47 -72 73 -35 -33 -61 58 -56 45 8 79 78 -91 34 53 -73 87 -10 14 52 -13 79 -99 -38 -50 -85 -40 98 -99 -93 -76 -37 12 -77 42 -36 64 -15 40 48 -41 39 42 67 -78 12 -59 11 44 17 72 23 -22 79 -18 25 89 32 93 81 -45 91 -71 78 53 -40 -48 83 -18 -33 88 -78 59 -99 69 -4 51 24 -42 67 -64 89 44 -23 -82 -51 -90 31 7 58 40 71 -90 11 12 35 -65 -90 18 38 2 69 19 87 73 -87 -36 23 60 88 89 -90 -49 76 20 11 -57 -95 7 53 52 45 10 6 -17 -85 -3 65 -1 42 3 -24 -12 6 -9 33 -93 -5 7 66 89 16 64 -84 -77 -22 -32 -79 40 91 70 -74 19 41 26 -13 
38 -23 -12 92 -28 86 -50 -63 -86 -46 -24 74 -90 58 95 75 -77 -50 90 -39 -70 -12 2 -6 41 -17 -86 47 17 90 53 78 50 -26 31 5 20 -31 -21 -73 -1 -51 -41 24 -52 11 1 -37 60 93 -75 -54 98 99 -83 -49 -45 49 -39 -23 -70 -33 75 -27 -25 -61 -78 -79 -39 13 22 -87 -87 93 4 56 -71 93 -22 2 -20 -88 65 69 66 -36 -83 6 -96 88 -18 37 26 -28 82 -9 -54 -97 -1 -14 -14 -64 92 22 98 -49 -12 -92 -58 4 -42 97 -61 68 -40 -39 -83 31 -44 68 -76 95 27 -86 -51 -63 14 85 -57 26 83 42 2 -82 -50 81 47 80 -66 -55 55 -27 20 44 39 22 66 -57 45 80 -68 78 -38 60 -43 -80 -76 90 -46 -97 -9 64 73 94 -38 -64 29 -56 -35 36 8 31 -17 -41 54 75 -37 -40 57 34 28 85 -46 72 78 -30 46 66 -47 -11 66 -14 -36 38 -55 45 -69 95 -83 93 -34 37 59 -77 84 -18 30 -21 38 -69 16 16 -47 83 -54 -18 -20 -60 -17 -9 -47 -16 -6 -93 -89 -40 88 -45 85 32 6 -89 13 -37 -52 7 98 -72 -69 -91 -94 -19 38 35 19 -93 42 99 83 81 -67 30 84 24 57 -1 62 -92 -25 -82 -16 41 38 68 48 -46 -55 -99 10 -58 16 -85 -82 -47 33 -69 7 -17 -8 -51 54 34 7 15 23 -12 58 94 93 86 18 -12 26 -50 -30 5 57 18 -63 49 -18 97 95 -61 7 15 56 -29 -59 -62 -45 15 -64 -98 -3 71 89 14 77 -15 -73 98 -87 48 61 47 -34 54 9 88 18 -7 90 2 -80 92 83 2 -26 -11 -41 -9 -95 80 84 49 -92 -45 -86 -29 74 -40 -72 76 97 -53 -17 85 -60 -20 46 96 -32 -96 -8 -78 55 -91 38 10 -68 -88 -23 92 25 -45 -32 38 20 -16 -24 -74 86 -65 45 -55 -39 -41 -68 -56 82 -95 29 98 -25 47 54 -15 -52 89 8 62 23 30 27 -14 48 11 -99 26 30 40 -67 71 98 59 4 -39 -35 -78 92 99 -2 -16 60 18 -93 -15 23 -81 -13 27 40 -20 -48 -70 -18 13 -14 -82 -91 99 44 98 88 -69 40 42 -25 44 -77 37 30 -43 -97 1 -44 -27 -22 41 93 -91 -23 14 96 48 36 93 31 44 58 40 -66 6 -80 -99 -9 -42 -77 -45 44 -25 57 -66 -43 -80 27 -97 -20 76 14 38 -30 -59 -69 36 -81 -56 71 30 
6 79 -97 -94 91 -43 -81 12 36 65 -35 32 -60 -5 -63 71 -7 50 11 63 -94 36 -12 23 69 -6 80 -90 89 74 66 81 -11 -88 99 70 15 94 -78 -34 -68 32 4 5 37 -53 -56 4 43 75 43 -46 86 25 84 77 -10 -23 -70 -54 -22 46 -24 17 -97 0 -91 53 -87 19 86 -78 97 97 -47 -35 92 64 7 -17 54 -18 -76 7 -10 78 -98 39 -25 -73 66 18 -73 -8 34 -98 -81 -68 70 -64 -25 -1 -16 -66 -1 -35 -64 -99 -27 -22 -69 88 -45 25 64 87 61 91 -84 -84 -21 -57 88 -36 -74 -27 -46 29 54 -44 5 27 -30 26 -71 -44 -52 -2 26 31 59 -19 68 95 -83 49 24 -49 -75 89 -52 4 70 -9 76 49 12 47 -72 57 39 49 74 -65 44 26 49 -99 35 -41 41 69 41 -35 -13 -58 27 32 -27 -79 -15 -37 35 32 96 -39 51 -99 67 3 -41 -61 48 -11 -11 28 60 -81 -45 -87 64 -64 12 -42 -73 13 -72 -5 -51 78 27 11 -42 61 89 -38 -50 76 51 -23 20 23 66 -12 -97 10 -59 -29 -78 -48 -68 95 18 -50 -21 -64 31 75 -49 51 60 24 -16 4 5 -2 -94 -24 -31 -49 -74 98 -24 -47 78 83 68 78 -70 -76 -18 -96 79 -13 -76 -52 -66 -63 52 26 -11 -63 -82 98 -82 40 69 -17 21 93 72 -67 68 46 -45 34 -28 -68 -74 -43 -28 -56 -95 14 43 17 -10 8 74 -74 64 72 58 -27 -76 -72 49 89 -64 -46 55 -42 90 96 20 99 -43 -95 -66 -65 34 -64 26 48 0 53 13 -22 4 2 16 95 -9 -50 53 42 -7 2 11 87 -26 -22 -28 -21 99 48 -67 -35 -41 64 30 -8 -3 35 66 20 24 53 62 26 -70 -65 -82 0 -1 -11 -52 -73 -47 72 -82 -6 -7 -80 80 59 -46 -80 -26 -87 -16 -59 76 31 63 71 -56 2 -88 -24 -63 -53 -86 69 -49 23 33 -81 -73 35 -57 -48 91 4 52 -96 37 -68 -44 42 -79 -25 -32 26 96 75 65 -11 57 35 -23 -22 67 20 13 1 -99 -18 87 -75 -11 4 -51 -81 5 68 55 -14 43 25 -13 5 -36 80 94 -57 -71 43 9 63 16 -13 -19 78 27 -43 64 -14 96 -84 68 -4 -54 -98 2 -24 73 40 19 83 -21 65 -96 66 -93 53 -76 -95 -42 85 83 96 44 89 -5 94 -62 -37 16 9 81 98 56 -89 86 -43 -19 -6 61 -3 
72 -22 6 -62 14 -60 97 -54 -4 59 44 45 -12 88 -90 -63 71 35 64 72 -69 54 -56 -37 50 -85 47 96 -59 -98 -58 47 -11 -24 -39 92 -64 -59 -34 -92 31 14 -66 62 -64 35 61 17 -91 -25 19 -50 -83 96 -81 -91 -40 46 11 8 -16 93 -30 -70 56 -15 30 75 -1 43 83 -82 -7 -94 44 -93 53 -72 90 -82 -17 -15 93 23 -7 -23 -82 -40 -62 74 -30 9 -74 23 12 -56 -57 -96 -56 60 -21 85 -95 48 -37 68 -55 -24 43 17 7 -15 82 -71 -75 13 91 -2 69 -95 53 -38 -1 -86 -41 10 81 -48 -42 -36 -22 51 32 -98 29 -62 -6 31 81 -34 -77 21 -40 64 -22 3 28 72 -75 57 43 95 85 -61 -83 28 -74 -31 68 -87 -6 56 90 -52 93 -13 -1 -82 -8 -81 -86 65 -45 -14 -85 -38 81 -70 -68 47 50 50 -74 46 -72 25 87 26 -24 74 -56 79 55 5 -86 13 75 -99 41 16 -30 -82 -89 28 -84 -49 -84 -21 -79 -37 -22 16 -62 64 11 98 -83 -26 -42 74 -24 99 25 4 58 26 -37 3 -60 -70 58 24 -75 -55 25 -97 -43 20 18 -19 69 16 -80 16 36 -11 78 25 37 -67 -84 -97 35 79 41 -69 -36 66 -36 40 -44 92 -36 28 94 46 19 -34 -51 26 25 -72 77 3 57 -16 42 -97 -20 93 52 -20 97 68 -22 44 0 69 -84 -65 -10 -61 -90 1 87 77 33 63 1 57 -65 -2 -50 -57 10 96 35 -49 93 83 53 -65 38 -81 -15 29 6 19 -76 -9 -35 37 -7 12 32 -1 -96 -18 5 -99 92 -17 -58 -42 20 44 43 -67 44 -25 -86 72 42 -59 -83 19 7 -65 -32 28 43 27 80 40 -65 67 -2 88 -36 -80 -10 56 -38 37 40 -71 -57 14 1 77 89 79 -1 -62 -93 -66 -12 -54 1 96 -42 23 -60 -57 72 -58 -6 9 65 70 -31 89 76 27 86 -49 14 -75 36 -4 -49 24 -15 -17 30 -55 20 -35 -1 93 21 -75 -86 -51 4 60 1 -67 25 -96 -67 9 -38 -7 -66 39 28 78 -41 -41 30 97 -58 66 -39 99 -4 87 32 47 -58 -18 66 -9 23 17 39 3 34 3 97 -88 15 -38 -67 90 79 -89 -44 -58 82 -29 71 -80 -69 20 -76 -61 68 -44 -59 24 54 -1 -53 29 51 32 64 86 -10 -63 91 25 -94 -16 87 6 -60 -7 -14 87 -26 98 -20 26 60 -31 -71 -92 
-72 68 -46 35 88 -9 20 2 -60 -69 -92 57 -2 46 32 -2 -24 -74 -26 -72 54 -36 -82 28 -67 74 58 79 -85 58 -92 39 38 74 27 -20 -93 -64 -12 -97 80 -25 9 89 31 -92 -40 -52 43 31 -48 4 11 -33 25 35 39 26 88 -98 -10 93 -61 66 -28 18 61 -11 84 72 31 18 -91 91 -42 55 -89 93 59 18 -93 -54 -70 -55 41 -62 -4 -54 18 -54 -69 11 32 13 -85 -51 -50 71 -95 -44 44 36 -54 0 -94 -65 -46 -12 -96 -96 -71 -17 73 -27 94 -40 22 10 -69 -40 39 86 -75 23 95 -53 71 -59 -29 70 15 68 -14 -76 70 59 -68 25 9 16 -12 -31 -90 -18 35 78 -89 17 11 -20 9 35 -79 -36 88 -85 81 25 58 -71 -53 -18 -68 79 23 -36 26 -25 -40 9 15 -35 -12 -18 25 -87 -76 26 -10 50 44 37 23 -34 59 -44 -79 -40 6 -97 69 92 -31 -36 -61 33 -85 45 43 16 9 -70 9 88 -24 30 -22 37 54 41 90 21 -62 -95 -21 -31 -38 -94 -68 -8 -71 34 48 -90 -27 -91 -67 8 -67 -80 98 83 78 91 42 -62 67 -68 79 -84 -14 -55 -85 -15 85 -35 91 -41 50 48 44 -56 86 -65 -53 85 -58 -98 24 42 -72 1 -16 -25 78 -2 42 -41 -43 -99 -8 -2 58 -46 -89 96 -6 63 -75 81 -74 82 59 -23 -32 -18 -1 88 -29 -45 -67 3 -3 -98 -98 -85 98 -56 85 -41 -14 -55 53 -30 -13 15 -59 71 16 -26 54 -23 -34 38 59 -55 -98 83 -17 83 -65 16 61 -12 81 -42 -1 24 74 -43 58 -25 77 4 15 10 72 3 -54 55 84 68 2 -85 -3 73 6 -64 0 -58 88 62 18 24 89 55 -30 -26 -28 -11 -13 -74 -72 9 -5 11 -91 -74 -77 -11 78 87 -89 -21 -32 -8 -44 73 -65 62 -50 -78 -11 -18 -78 -85 43 -39 96 -54 -9 54 63 3 72 -43 19 30 43 87 -75 -25 38 -94 -83 70 -36 71 94 -78 35 3 87 52 97 -40 -9 -48 28 90 -58 69 -87 94 45 0 84 9 -59 53 -59 93 -17 -46 69 8 -27 -35 -50 -91 -92 -37 -96 -3 -7 90 43 11 16 -69 -39 56 -36 65 65 -49 -83 62 35 -79 -3 69 4 -25 -90 -12 -38 -77 -4 -49 97 -42 -63 5 82 -19 94 -76 1 -88 -32 -92 -28 -31 -65 -79 -71 87 -24 60 8 8 70 63 -21 55 30 62 52 -58 
78 44 -10 -34 -30 -15 -4 50 -69 31 92 -65 -6 -65 5 98 -60 80 -76 3 34 -3 31 17 24 -53 27 -45 -81 29 25 -83 28 58 -42 -22 42 35 -53 68 86 92 48 47 -43 60 81 81 -27 58 89 -44 80 -64 -54 -9 -35 97 -80 56 -74 1 -94 -2 -35 67 74 -66 31 17 -85 56 60 49 15 -84 30 -71 -98 46 78 25 5 99 85 2 7 -1 -85 84 -91 -94 46 85 68 96 53 8 -36 4 -71 -76 27 -66 61 35 -50 31 35 -19 -21 -45 77 -51 0 86 -5 51 81 -59 -60 12 -76 -56 -7 -13 34 86 -95 15 57 52 41 -61 25 -85 12 -15 -43 -16 37 -16 -25 60 -30 62 79 -72 71 70 -85 14 84 -26 -24 40 -80 74 68 -63 43 -50 -63 -26 -17 48 -8 44 16 91 19 59 -53 -95 91 48 71 -9 -69 2 20 -95 -69 -24 41 64 21 96 28 -90 -85 -85 -95 4 58 26 -48 93 26 61 85 79 -3 -96 -76 -31 82 97 71 25 -15 44 -72 -69 36 -51 -53 -28 26 -26 32 51 -68 47 37 -35 96 93 56 52 39 -65 -52 2 -34 -72 -97 68 -24 87 44 -17 85 -43 -8 -77 78 14 -82 45 39 -37 90 -13 21 -7 -97 -51 -67 91 49 92 -48 -71 -90 -26 80 -96 0 19 15 52 -28 79 23 -64 -76 -87 -78 -48 49 -32 -79 51 75 1 99 -94 8 -65 64 32 -67 -85 -31 -61 54 -93 -28 33 45 -93 -76 -69 85 57 1 74 -55 -1 -93 -95 -50 13 9 55 -93 -94 -38 -35 -93 -36 -66 89 -48 14 -31 -48 -84 -26 86 -52 44 -60 33 -49 -74 57 33 -41 59 -59 -12 43 6 -80 56 -46 -54 -90 14 51 62 75 61 64 65 13 47 -77 1 12 -52 40 -82 -75 25 -95 -50 79 -51 -59 -19 95 -68 -33 52 -44 91 86 69 18 -55 -62 -79 -99 -84 -10 77 67 43 -35 68 -13 -39 66 97 -2 59 -51 -9 -11 53 66 70 12 50 -95 33 -82 26 -40 1 -36 50 28 39 68 -92 -7 -28 -74 74 88 -15 59 7 77 -69 90 -93 68 -71 -19 -68 -54 -64 -27 69 -83 73 -2 49 38 41 76 44 21 86 5 -2 -35 -89 66 -59 1 0 -80 -18 -45 6 -69 -47 9 -44 42 -16 81 27 -13 59 -45 76 -14 28 17 3 16 49 -88 -23 63 90 90 -95 -36 50 -29 70 -12 -73 8 28 -26 59 -52 43 93 87 -57 
-90 -6 37 -61 58 64 -22 21 -53 -97 68 -75 7 60 -31 -80 5 -46 28 29 71 80 -38 -23 -54 -59 37 -44 -58 -86 -67 25 62 -7 31 -55 83 -53 -76 71 -88 -81 -15 -88 -16 -59 30 29 -85 38 41 35 -11 -60 86 29 20 11 41 68 -84 82 20 -78 7 -16 -48 -50 -75 -56 -94 -49 47 46 -40 -44 -42 48 -51 92 -88 -57 72 -51 -82 -26 -86 -37 91 30 -94 -52 8 -95 0 -14 -87 92 50 24 -64 25 41 -63 -47 -7 99 36 -37 -81 -53 13 54 59 -85 85 3 -79 66 5 49 -94 -57 -45 -29 -53 -66 69 -72 -93 -5 -64 -16 27 -71 6 -63 63 58 92 10 18 58 -12 48 -24 -93 -6 34 -90 -84 10 23 -62 -53 78 7 43 -40 52 -88 11 -2 78 -18 44 44 -39 87 -42 35 -37 -44 9 -4 46 -24 73 1 -14 45 4 -22 -3 -8 -41 -76 -64 96 -47 97 42 -92 -12 -50 79 19 -28 9 34 -60 38 -27 43 -96 17 18 -89 -33 65 29 0 -15 -6 -20 80 -18 -3 -44 39 64 -35 -86 -89 -3 12 90 -9 -32 95 60 21 8 64 98 31 1 29 -69 68 -69 57 -31 -60 46 65 65 3 -6 9 -60 67 -84 98 -16 -39 47 -9 1 31 -56 -33 -23 80 51 57 45 50 -24 95 82 34 -46 -45 75 67 69 65 -14 70 78 78 -79 -10 34 -99 -33 52 -31 90 12 45 -24 -66 19 65 76 34 -2 -14 4 61 37 84 37 -12 17 -55 -62 -91 -24 85 -69 -43 -48 10 -83 -18 -3 80 50 8 -69 42 71 5 59 -7 -68 73 83 89 -97 -97 -96 -73 27 -11 9 -37 50 -33 13 78 -42 -80 34 -43 -27 -50 -44 31 -38 -29 44 -6 85 -81 -18 -26 50 -81 41 -31 5 54 70 -34 81 -21 12 71 50 77 -45 -91 12 -27 -18 -44 -9 3 -62 55 18 -64 -12 98 51 -58 85 -48 42 -26 -39 69 -45 84 -63 -37 70 -20 -1 -79 25 -62 72 -1 -6 -13 88 97 4 75 51 67 -20 -15 72 -80 -20 71 12 -39 93 -94 5 -77 42 -44 -82 -83 -87 73 -45 -13 -20 -23 -19 -64 -18 27 -75 98 -41 93 -53 9 -81 0 23 48 -3 -32 18 68 -26 -89 86 32 5 25 -30 47 37 71 -57 42 93 85 -23 -70 -34 86 7 -94 -18 45 23 -16 88 58 -88 39 72 18 -28 -96 -37 -20 -71 -76 -43 48 -1 -58 52 -18 43 23 
-7 15 -34 95 -16 88 2 29 45 -82 26 -72 -12 31 86 76 88 -60 19 57 -79 -97 2 21 -74 -93 -77 83 79 -58 -57 28 84 -84 4 -31 -16 86 49 -60 -36 23 -89 69 25 -81 44 38 43 46 56 17 -47 62 -12 -21 -13 80 68 48 84 16 -55 49 -47 -68 89 -15 28 -6 -94 73 4 8 -87 1 -74 54 27 -33 -24 -85 52 -34 -55 -30 -85 79 57 -24 -85 -89 -52 1 95 -21 96 -63 34 -57 23 -78 -62 26 72 42 82 10 -9 95 -45 67 -93 -84 -73 -85 24 -63 23 33 -95 0 14 -27 -73 -45 58 65 -75 -66 -70 -64 57 44 -72 -42 -8 96 79 16 36 -34 94 38 -29 17 11 -28 -96 -67 -33 -85 71 84 1 33 -72 -4 -30 61 -40 -12 13 84 -71 64 0 -76 -36 1 -23 -36 55 -18 59 -57 -54 -85 -20 -58 -63 -8 -56 27 17 24 -11 -13 99 -91 -15 7 38 -38 67 9 82 -55 -40 74 -34 -83 -72 29 20 -8 -61 73 -11 -30 58 -76 -74 10 33 -96 42 78 -30 -44 -29 3 -1 43 -93 -89 -47 -44 -56 -84 25 -75 26 -68 96 83 -49 -93 -93 16 39 2 -54 -86 -16 13 -9 -29 -37 34 80 28 -80 -12 -11 6 25 -44 -55 68 47 -3 26 16 80 -68 62 -39 -87 30 10 -10 78 97 23 -65 -62 21 -13 87 -26 8 6 52 -36 33 80 -40 99 78 -2 53 -23 78 -61 -78 49 -68 80 58 15 64 -86 -27 2 0 -49 42 -8 52 71 7 -85 -88 -24 -29 -94 -95 72 -68 16 57 -56 -22 -38 -94 -48 41 -40 -58 87 66 16 -94 -42 -27 18 -12 2 -82 66 -14 -28 -23 -61 -79 98 -42 57 -35 49 -22 -27 -68 95 8 -59 22 -1 73 89 34 -35 -25 50 -85 96 -39 -84 66 -73 7 -77 31 94 77 -87 -61 28 83 -90 37 -98 -16 -56 5 42 -65 -98 36 94 76 92 12 7 67 32 47 31 5 -8 -98 -44 -15 37 57 -72 14 12 0 -99 -87 69 -58 4 64 -46 43 -76 -85 76 -49 -2 72 69 -62 53 -9 -77 -13 6 0 -6 92 -1 -44 1 -66 35 -9 -71 65 -7 40 51 95 74 -36 70 7 86 67 -55 29 -53 -86 -33 73 90 -47 -5 81 13 -62 46 28 -20 -81 -20 54 -4 -26 -3 26 0 -45 19 -24 45 -12 74 54 93 5 -37 -67 -74 -54 -88 74 -17 58 -31 -58 57 -93 52 32 33 -98 
54 80 67 -42 -65 38 -42 -22 47 -75 -8 5 60 4 -14 -93 -32 -81 64 -54 7 59 -57 43 74 -27 88 22 -39 89 -28 29 -48 63 -14 33 35 49 -17 56 58 13 5 -86 -99 -61 19 -24 -24 38 40 -82 5 9 -7 68 55 -26 -65 31 36 46 -44 -10 44 -76 99 53 38 -59 7 34 -49 -29 53 42 -20 2 -10 -85 48 74 8 31 35 35 35 -6 37 12 -28 -24 -81 10 -42 99 81 -94 -30 99 64 -14 -28 -79 72 61 -15 78 -5 69 -88 -12 25 70 -65 14 73 -92 -15 -92 -78 -54 -79 59 -38 21 30 35 62 -83 40 19 -56 -78 97 82 13 75 -8 75 24 75 -58 23 61 -1 0 -38 74 -2 -96 60 54 -37 47 -17 -34 -85 36 -26 95 63 92 83 24 -52 19 -79 79 1 16 -18 -76 -46 -16 74 88 31 -1 -4 -94 -64 -3 -69 98 49 30 -59 43 -81 52 -15 69 -87 -71 -68 92 -5 -18 60 86 -48 74 -92 -7 -36 -45 -39 18 -4 -65 -1 13 -52 19 -37 -41 51 30 -41 -49 -74 -33 34 -81 26 93 94 -79 53 -21 -39 -36 -91 -1 57 48 98 -19 -70 -58 57 25 -46 -44 -9 67 -39 -10 -52 -51 92 -39 91 -50 -83 25 -36 9 -66 -77 -89 80 -93 88 -23 -99 -64 82 -57 6 58 62 -98 34 -66 73 -50 -81 -42 -78 -92 38 24 -79 -99 47 58 80 79 46 -93 27 -50 37 12 79 62 -99 73 -64 -55 49 -82 95 84 4 -20 16 -27 97 84 -69 34 26 -67 62 -34 -80 -87 91 -10 54 -99 -59 83 -52 90 -62 63 -64 -36 -41 17 10 -22 4 84 57 91 -53 69 73 99 -92 24 -79 27 57 30 -28 94 -92 -90 94 -36 -51 87 -82 -85 -24 7 20 -3 -51 -67 -66 69 -72 -18 -6 -99 7 -87 -6 57 55 37 9 79 -38 98 -44 -16 -40 45 -92 -92 51 -70 -63 86 86 -13 -86 -75 -50 61 77 51 -14 -84 29 -68 -78 39 87 43 88 30 -73 87 74 -29 -30 -77 58 68 45 41 25 -87 -61 38 7 -45 -76 62 52 -97 -20 12 13 21 -13 8 -13 -89 -8 35 99 85 -16 14 75 -88 -11 -54 58 -86 8 99 -38 63 -64 -35 -13 -6 35 -46 -77 16 -11 -60 19 -37 -93 -19 19 55 -36 -90 97 85 39 -79 -47 -87 69 -78 -6 -24 -27 -19 62 9 87 22 56 -18 -88 -29 11 93 -66 45 63 3 40 -70 
76 64 64 -94 -1 -28 98 90 -51 -37 -53 -56 79 -84 65 -51 -89 34 98 64 23 -6 97 -84 -58 21 54 41 47 63 -17 97 63 53 -27 -45 -30 19 43 44 8 -86 -33 -61 41 52 -46 -41 66 91 19 38 75 -33 17 87 -11 81 -60 -2 54 -69 12 89 65 -61 45 23 88 -41 -97 -8 -70 77 91 -8 -82 -29 -13 -67 -62 -9 -87 -11 48 -34 -97 14 -64 18 -79 18 13 53 -51 7 11 -36 -14 33 -57 -75 52 -90 20 30 91 -46 -73 -16 -6 85 -23 -58 -80 56 -48 -12 71 -83 -50 38 11 -34 30 -58 28 -86 -57 99 41 76 -97 41 -52 68 99 -55 19 -97 65 66 81 -72 16 81 64 11 -86 88 -83 -85 38 -54 -99 -65 -73 -31 -38 -31 82 -16 6 67 -17 -35 -14 35 36 -80 -61 -53 -89 -11 36 1 -1 76 -22 -83 35 -78 43 90 -9 -61 93 -20 -32 37 77 28 98 -20 -45 -47 -90 -54 47 5 7 54 -75 -44 83 52 -77 9 -83 -78 -92 -64 3 -62 -62 19 -88 12 -27 -13 -68 -87 -86 42 -97 -19 -94 43 -8 99 91 -63 -95 -28 69 96 53 -46 87 -50 -61 76 -88 -10 -54 47 -35 42 12 -43 -1 -63 43 21 -46 -74 55 77 91 76 -87 1 -46 18 65 -36 72 32 66 -16 -47 -14 80 60 -3 -99 -96 26 -98 -5 20 -42 -85 38 39 54 -37 20 -39 20 -46 84 72 23 -47 66 72 -21 47 -14 -51 -34 -44 -26 -63 -10 -22 -84 99 42 -63 8 -91 -69 72 -2 34 -36 -84 31 2 -43 85 66 46 67 -50 -74 22 -36 -78 78 -94 48 79 0 80 -88 -48 45 -66 63 5 -91 29 -78 -27 18 -75 -37 0 93 -56 32 -44 -86 58 -36 85 73 -78 62 -98 -74 -11 -23 51 -19 -2 -66 28 64 50 -82 -77 87 46 -96 -72 -70 -16 65 18 38 -5 51 -89 78 45 6 -83 13 -41 78 4 -93 -37 -38 78 61 21 92 -5 -26 76 -37 -83 95 -63 -87 60 58 65 9 50 -11 10 17 -87 -84 -79 17 -58 -56 -34 13 -7 -37 -30 -59 -86 -51 -5 88 -81 7 82 84 -41 -85 -77 47 -24 -41 69 -2 -11 38 90 -73 3 68 -21 13 6 95 89 -3 -87 64 -69 46 56 -87 -57 18 12 90 -80 -33 35 21 -60 3 -44 -47 5 95 6 -99 -85 -27 -35 -52 92 10 -31 60 -14 88 84 -56 81 76 84 52 -66 -95 34 -84 
-51 87 10 -10 34 -63 -37 -82 0 -37 84 -10 -57 13 -2 -76 -85 -51 33 -8 -38 10 -22 -35 -30 -46 55 -38 -49 -30 23 67 -87 -12 -39 89 35 1 36 -33 87 57 -43 84 -52 98 47 -3 10 -30 -49 73 97 13 6 -83 53 -64 -94 0 -45 29 30 95 -67 72 -23 16 80 77 33 -30 86 30 -36 -12 -56 77 -64 -1 -12 73 15 -81 -76 75 -71 -46 -93 4 -17 19 18 96 -82 44 -24 -62 26 -35 21 46 16 95 -77 -69 -72 68 63 -73 98 54 40 -8 3 -97 80 -25 51 -73 78 6 -15 -31 -4 -87 -40 52 -79 -85 91 25 -43 -22 -67 9 38 69 17 -76 14 18 52 -17 -65 -16 -31 28 -78 -50 26 -87 -32 -16 82 26 -15 13 46 90 -39 59 97 -17 30 78 -59 70 53 -46 -55 -22 -47 54 -77 -29 20 -95 -90 -71 -18 99 -83 21 -49 -92 63 -66 -3 1 -56 23 64 27 -79 -81 -37 -55 9 1 -33 17 -30 87 -55 -66 -16 31 89 72 -25 2 -28 -77 -66 -78 -19 12 58 59 -44 -63 32 12 -16 -68 -24 -56 -75 -94 -78 87 24 94 98 71 -29 -51 -78 71 50 -65 55 72 -17 44 99 -20 -71 59 82 -63 -36 78 37 -20 49 -46 30 -2 -4 17 72 -25 48 76 80 -25 -76 56 35 30 -13 67 -14 -73 86 -48 -86 58 -94 74 22 -6 -95 14 -37 14 99 -1 -74 49 36 67 70 -57 -89 55 -53 8 7 -59 -32 76 -34 -90 -47 -17 65 -2 25 48 6 -54 51 21 -30 -73 92 -38 -41 -27 -13 96 -47 -29 2 27 -74 -84 -60 10 -59 -49 -22 -63 30 96 83 20 16 -5 93 -62 36 -42 14 -27 2 61 -10 -98 25 -93 82 -34 96 -94 34 -34 -76 -60 -18 -85 85 -37 -67 -93 -63 -8 54 45 11 85 58 -58 -87 -78 42 30 20 60 -36 -61 -53 94 25 -18 -68 -21 -55 -11 44 5 6 19 -15 -17 48 -28 -47 88 -48 -37 -28 -58 -63 -27 -68 -18 75 5 22 -38 -64 78 14 30 -23 94 35 26 -9 -44 -60 -81 94 -83 27 79 84 -49 -3 -57 75 -25 -1 96 94 -28 -29 7 -67 71 54 -4 -28 83 97 65 43 -46 30 -53 44 -45 -21 81 71 28 -21 -81 -50 23 -41 -95 -60 -90 -29 81 39 -23 -47 -68 -19 99 -61 -72 87 -49 49 16 -57 -97 -82 -97 -13 -93 -96 91 -91 5 -12 91 -38 65 -19 -11 67 -42 
77 88 94 53 44 86 -3 54 79 -85 -28 35 96 94 74 -85 13 -17 -19 89 -93 79 -74 61 -87 -77 -80 -86 -18 5 63 9 -42 39 -71 30 -8 -72 -95 -68 -77 43 -69 56 -17 41 47 -8 74 -57 66 16 23 -34 -82 -26 -75 62 34 -96 58 92 10 -22 -38 -14 -45 32 -75 46 41 -44 -34 -1 -51 -37 94 60 18 -35 -23 61 32 -43 -62 -63 94 13 -25 -40 -70 -3 22 -82 72 -55 -49 -27 -65 12 78 24 23 -88 -52 -9 21 67 -66 84 89 -38 37 18 76 -53 44 40 -55 15 -73 57 40 -79 -69 -53 23 -47 32 -23 -28 87 -61 -93 9 16 54 96 24 -92 45 -24 -91 71 20 -45 11 -82 -83 -12 -96 -90 22 -4 16 -38 19 -28 50 -63 93 37 -81 69 -96 -62 -91 47 -81 -15 45 -13 -46 -10 -63 80 69 72 -72 30 -91 -46 15 -11 -50 -56 -83 38 -33 -18 87 -1 -64 -12 -93 66 14 87 -92 -54 -49 -9 -81 39 98 -84 -88 68 40 -29 -69 -62 -47 -95 -57 41 43 64 82 -36 -96 94 -52 0 3 -76 11 15 28 -10 71 16 -57 -26 -42 89 95 -64 -13 -52 -31 43 68 -72 28 6 21 -48 -50 -81 -66 -87 -65 90 -78 99 -79 73 54 15 11 8 11 -12 62 -5 87 62 -59 93 -7 -75 -66 16 68 46 89 -45 -63 -98 27 62 -99 23 -53 -53 -87 86 91 -76 -61 -70 12 33 84 25 58 -92 44 -88 10 32 41 33 -67 73 -59 37 -56 -96 -81 32 -51 -86 -38 -3 70 34 -94 42 34 -42 -88 -18 -11 20 -71 -82 -8 -39 -84 -50 -76 -80 -80 5 1 -68 -29 72 37 -58 11 49 -36 -45 40 29 16 -11 96 79 -23 -8 33 -40 -50 -80 -75 84 38 -65 61 -76 -51 -76 -34 -64 26 35 59 21 1 15 1 87 -29 -71 5 -53 73 41 -41 -59 58 99 -25 12 9 12 67 -89 15 -64 -75 7 65 72 -74 12 -62 90 -82 47 -26 -64 24 -89 -23 -92 72 3 46 -50 -85 64 -64 -46 88 -15 -1 -96 31 70 -77 68 93 -66 -35 -76 -40 56 47 68 2 -56 76 41 26 -22 -95 -39 2 83 48 72 -70 -18 -26 21 -62 85 -69 -66 -97 75 70 -99 -32 4 51 96 42 -85 -90 0 52 -67 74 70 99 -88 -13 -46 33 -33 -27 -42 -82 -10 52 99 99 18 -10 -96 47 58 -50 -73 28 -55 -25 -59 24 -70 -74 -86 82 1 
-20 87 -49 -38 -94 78 20 -4 95 89 2 -51 27 -20 -37 -84 13 7 -24 -78 30 -28 -99 -20 -34 2 -30 76 78 -33 -12 93 -17 19 30 77 -15 58 94 75 -1 -59 -13 75 71 -14 -70 73 -52 -94 -53 -75 26 -76 88 95 -34 87 91 23 60 45 10 -11 54 -12 67 98 63 77 66 72 -17 52 23 24 68 33 -52 16 -81 -82 28 -42 99 64 42 -93 95 0 76 1 -56 32 4 26 -57 -84 6 -99 92 -81 93 -50 -8 91 7 -61 11 -97 -25 30 98 29 -29 76 -8 8 25 -10 -11 -59 27 -62 47 70 -33 -28 -89 -85 1 47 67 90 -55 -99 -52 -76 -87 -6 -57 37 51 -33 -93 -48 1 -38 86 27 47 21 58 -30 58 55 3 -32 -88 -41 -1 96 85 -60 98 -32 -66 79 86 7 -6 -5 82 74 -38 36 4 61 27 58 17 -5 -72 35 -38 78 -35 -60 86 62 63 -53 92 -99 -25 68 -60 -82 56 3 23 64 51 42 -35 -17 -28 80 -97 61 36 -26 -5 -23 -31 96 5 -11 -48 6 -46 83 58 -10 -74 -35 60 87 60 -95 -81 84 18 -53 31 -3 -32 -75 -44 -96 89 -13 92 78 11 -98 16 34 -62 80 -95 31 -92 94 -54 42 10 51 15 -49 39 -44 7 33 46 -98 -42 19 -17 60 -62 71 35 1 -59 -29 -33 -40 -5 -95 -45 1 -78 -45 -39 18 54 16 -98 56 -11 38 -99 -39 86 -79 -10 -28 1 28 14 77 17 -88 50 -6 6 12 77 7 43 -7 -99 56 46 79 -92 -25 58 -11 -61 68 13 -42 -82 71 -66 47 -83 -3 12 42 -88 -74 43 -82 96 -78 -9 -6 -61 26 -21 81 -6 84 68 68 -12 -55 -21 -1 37 41 -4 -51 -59 -98 6 76 2 77 53 39 36 -45 8 75 -22 2 -56 -63 56 62 98 48 36 51 56 17 85 42 -84 -83 -43 -11 59 12 66 62 40 -33 -63 -88 66 28 -2 -28 -81 -65 80 -88 60 21 50 90 -25 1 6 -83 -41 -85 -1 -28 46 -95 40 54 71 45 37 92 -83 -27 56 -75 72 -19 -17 49 -75 -59 -33 -72 13 -73 -79 -52 -67 7 63 41 67 -19 -29 38 -39 22 -59 -86 -21 -91 -91 -72 -69 -20 -57 -59 36 30 90 -13 -8 34 47 -11 24 -40 -23 69 38 -99 -56 -23 -43 61 -41 6 -67 92 90 34 8 88 -19 99 -12 -34 89 -25 -61 -62 -67 49 -37 53 -23 27 56 -9 
-90 -52 36 7 98 -60 12 -97 29 -97 42 -31 -32 -52 64 -96 -1 66 -57 7 -97 44 -94 96 -97 96 26 -2 57 -94 89 52 54 -56 86 84 91 -58 98 75 32 87 -81 62 96 49 -3 -31 91 20 -9 -58 -98 -44 5 -73 -31 -19 -82 95 35 -49 47 -60 -5 9 -39 -81 -4 -9 91 -82 58 -89 2 -47 46 60 71 58 95 -56 12 -28 -16 -16 -11 12 -50 -45 -17 -62 -95 -49 -68 -57 91 29 -90 59 -64 89 15 -75 -18 -11 81 -89 -98 -32 96 -86 93 -46 94 -75 95 -5 86 98 -29 -68 -16 -55 -31 20 94 48 -50 80 -71 -51 74 -95 -95 91 55 67 -45 -29 -11 21 -39 -35 -48 25 10 -6 24 -12 71 -38 -56 88 -41 -33 -19 7 93 71 -41 40 93 -5 -40 98 7 -90 -25 -48 -98 65 83 -5 -35 -53 -22 -1 5 68 72 -45 -68 71 21 -6 25 15 71 87 38 -74 80 45 26 34 -83 -6 50 95 -50 47 -54 87 -62 -69 -44 16 -8 -24 74 -69 -10 84 1 61 68 -47 -85 65 15 97 -18 -51 63 -40 -40 64 -16 -22 -92 64 -27 -50 -75 25 18 65 59 28 63 -78 25 60 -31 -38 92 -6 65 -9 -30 -80 -98 71 -77 -19 93 -17 7 -86 43 35 -3 -73 9 -76 21 -36 -30 94 -52 -64 38 -6 -57 -32 -17 -99 95 96 -95 -62 13 79 -68 39 4 84 -56 38 93 38 25 -58 82 22 -59 89 95 -48 -50 47 -28 -15 75 85 -74 -76 -82 77 -83 20 -80 -53 79 6 -46 25 -80 89 94 45 -41 -75 38 73 -57 -13 -37 -96 90 -2 28 14 -38 -15 -86 -54 84 -38 -94 -69 -62 -16 30 -97 83 57 -7 -81 -96 52 -59 -12 84 -44 -30 66 98 85 44 79 26 -58 -11 14 26 -91 3 58 -56 12 -11 29 88 -34 -69 83 -49 -47 -77 -64 5 61 -77 -87 -32 7 20 -47 87 -55 7 -71 -64 52 -76 -7 -44 -43 39 -36 -95 -33 60 3 -23 -91 30 35 -45 44 -8 -44 86 -36 59 -6 51 -12 36 29 -77 21 -86 -42 -69 93 43 -35 82 -42 -99 70 48 14 51 -54 -42 48 -86 93 -20 42 -34 54 -46 -95 -50 1 -10 32 -26 52 -35 0 75 -62 67 58 0 -65 87 -26 -26 45 -61 -94 13 13 -70 -14 16 -6 -77 87 55 -29 28 59 -28 -32 -17 -27 -25 -24 -79 -4 -20 99 85 -98 -40 -95 -69 26 92 21 80 -47 
-93 88 72 18 81 -66 27 84 -20 36 -59 96 16 57 -89 -63 86 82 41 21 30 71 -1 77 67 7 -84 98 -62 -77 -74 31 3 -79 -88 69 36 36 15 -34 -24 -84 70 -84 -48 28 -68 15 72 50 58 -21 -60 -56 -29 -69 -87 -31 28 71 34 74 7 48 -44 -82 -82 93 -17 25 -44 94 -11 -1 7 -88 94 33 84 60 74 -46 -84 -60 3 -62 -92 -92 -66 47 -68 -79 87 -71 2 67 62 20 -92 -58 6 18 62 -72 13 -56 86 41 5 89 -47 87 80 63 -97 3 25 66 -68 -55 -53 -39 -32 53 -18 65 1 55 -66 28 -89 -42 32 61 94 19 87 -69 -73 25 23 -57 -1 8 56 -22 55 92 -75 75 -92 -56 12 24 26 -31 -20 61 -28 2 26 7 99 -80 -95 -3 25 85 -36 73 -46 79 -63 66 32 28 16 -40 87 -98 -66 -27 -19 37 -94 83 -59 -69 -75 -43 31 62 -89 15 -69 96 44 63 -28 71 36 15 -58 48 -90 66 7 -16 85 1 -73 79 60 93 -90 -15 44 -24 24 99 -29 53 39 -45 65 42 4 55 48 -37 0 -48 -49 59 -55 72 -46 75 -42 74 -32 -48 -88 43 95 -96 -3 -91 30 -62 71 -4 -81 48 3 92 86 -60 -68 -8 97 58 -81 -2 -5 -26 94 -78 -75 -45 -3 -6 79 -69 -5 -98 74 -3 27 -40 42 3 85 40 -51 -32 73 -17 -54 87 -63 -1 -49 40 -50 -91 37 -79 69 62 -72 97 -82 -2 17 -17 8 -6 10 99 59 -14 34 62 84 9 85 -96 -48 -35 -69 -71 -6 -4 75 66 -5 11 57 -75 -41 -11 -90 89 -76 -91 23 81 61 -42 96 -71 37 64 79 75 31 48 -64 73 -52 7 37 -97 -50 1 -75 19 -98 -1 15 -58 -66 -41 66 48 31 -94 50 -68 -55 -9 -93 67 -20 33 93 59 -29 -71 -50 24 -16 36 45 -23 67 -8 -8 46 63 -74 49 -78 -24 -75 -30 19 71 67 -32 97 -8 -15 -75 93 -13 95 36 -36 89 52 90 -32 63 15 42 -17 23 -87 20 23 -47 6 78 77 -53 -63 -92 -90 85 99 20 -59 85 -68 83 47 -29 -51 50 -68 -77 -85 33 41 68 62 -35 -53 -30 -67 -5 22 -80 87 65 -48 53 6 10 91 -70 74 33 -45 -81 -84 24 -34 -78 -15 54 37 -49 -91 99 -19 -41 -71 -72 -43 75 -15 83 -24 64 -24 -47 80 50 39 -9 65 68 20 -56 24 -68 52 
38 -53 -22 92 82 -51 -68 -10 -9 -15 -24 61 -42 31 50 32 30 16 27 -90 -2 -1 -32 -26 5 -76 51 1 4 99 -90 18 -8 -48 87 -73 78 -2 -28 -55 53 47 -95 4 -70 51 -45 1 28 67 -68 21 -99 -97 51 43 55 -39 -32 -29 -91 58 -17 -80 -64 5 79 31 -34 -87 -78 -82 -53 23 -56 58 27 -41 -74 -22 -19 -14 -86 72 -58 51 -41 -94 -74 -3 -9 -80 -1 -91 30 -41 92 -7 61 -81 49 16 -87 19 41 -35 -95 94 16 -39 46 -54 -95 88 51 55 -19 97 26 -12 -91 -19 -96 -74 63 -13 -60 -99 71 -2 -45 -6 78 93 19 -13 89 -80 76 7 40 -8 11 -15 -73 89 41 -77 56 93 2 9 -55 -7 -32 35 69 27 80 72 -75 96 -42 -42 -20 60 63 -10 -47 -68 28 -77 89 -86 64 3 24 30 52 -76 -14 -48 -85 52 21 40 62 -79 29 23 -33 30 13 30 82 -58 63 -39 79 91 8 -26 77 -71 -1 -77 58 71 -50 83 -61 -60 35 -21 -62 -39 -97 -73 5 -49 68 -34 59 26 16 -64 87 -93 79 -31 -18 51 -56 -52 -51 -57 50 5 -7 24 36 15 -37 76 -21 82 -8 -56 0 -13 -35 -6 -44 -24 97 -57 -76 -56 -57 -92 97 -81 95 -75 92 83 50 -21 -28 80 81 -11 -4 57 69 -63 -28 95 -57 -30 38 15 -12 74 45 36 -32 88 34 -16 -36 -37 25 -90 -40 62 -30 76 -65 11 2 62 15 59 -11 33 -54 22 82 -21 -65 -28 51 3 66 -15 -69 -75 33 4 32 45 -54 -14 90 -32 -74 -89 65 -51 32 45 94 -7 98 21 -51 -98 27 -71 26 93 -76 44 -76 72 -63 76 -13 -50 -62 58 43 -18 31 -12 92 -15 23 14 53 -81 56 48 -20 -87 -19 26 -72 -56 95 -55 93 59 14 -87 -19 5 19 64 -30 -52 5 -17 -94 -92 -94 -59 85 -21 -38 9 -17 -66 -5 -50 -31 -12 -75 -81 20 41 76 -8 92 28 -78 -71 -1 47 -59 93 79 83 36 -62 -28 3 69 46 27 -34 62 99 18 72 -15 42 -49 -16 72 41 35 68 -24 22 -61 77 41 -58 -71 40 -55 5 27 -79 -19 -86 -93 39 34 -64 -73 22 -73 -19 -33 5 -25 -86 62 60 -89 32 92 98 78 78 -3 83 -20 30 -31 -44 19 0 -94 83 64 -6 -46 54 -76 -65 -95 21 35 -22 -48 2 -8 -85 84 -28 -59 90 92 -2 -52 -98 
9 50 23 -98 32 25 96 44 -80 -9 59 95 67 -53 -57 -67 58 31 13 -18 8 -7 75 -41 -89 3 -60 46 -21 -35 28 63 -34 -86 70 25 74 -55 58 -68 -14 -74 85 28 51 10 -27 -84 1 -80 -33 -24 12 40 12 -78 -51 -96 34 -43 -54 -10 41 -38 -99 0 -33 34 33 8 62 -46 0 -99 -59 -35 18 70 44 -36 -11 12 79 40 93 -2 1 -92 -83 79 27 -22 95 -4 -78 94 93 -29 -30 56 21 -34 13 29 -95 -77 -32 -93 -4 11 -4 -12 -6 99 -52 -48 -44 -80 -15 -16 -21 73 70 -42 45 34 84 -81 72 12 16 -83 -65 37 29 -27 19 -5 -75 86 57 -84 83 58 96 33 49 47 -52 -16 -11 -86 80 17 57 -22 -78 17 -45 53 74 -25 -14 66 48 32 -95 -38 -20 51 45 31 -14 -70 -94 78 -40 -71 4 -36 2 -29 -18 -43 77 42 98 78 35 -79 -94 -50 -16 -27 -24 -11 12 94 -83 71 63 19 -22 30 14 58 73 -88 91 96 48 96 27 -15 10 -67 -61 -57 -87 64 -60 -15 -11 85 -1 -20 27 -4 60 27 19 69 -3 90 -18 69 -48 -27 79 52 44 43 -40 -61 -90 61 -63 27 -54 -27 -32 34 99 -92 -64 -97 -37 -32 -75 29 -63 96 -20 22 84 -82 66 -38 -12 -62 27 22 83 72 1 79 52 96 -32 53 26 51 76 -13 95 -78 -45 -62 30 36 0 57 32 98 -88 -43 75 -50 -86 -46 25 -51 98 -28 -79 80 -92 3 -99 -13 -10 -14 85 25 -71 11 -48 52 -64 24 -63 -51 -66 78 -84 23 -60 -3 -99 34 23 -82 76 -72 22 84 -18 96 -35 -45 14 -46 -99 30 -57 70 97 30 5 -80 -87 89 -72 -67 14 57 2 60 -65 95 -1 10 38 -46 -64 -70 72 -31 68 9 4 -52 -2 -51 76 19 64 93 31 -74 -28 76 0 92 97 72 12 -19 19 -7 -85 99 -5 -20 -52 -4 43 69 70 -70 30 -28 65 -50 -98 53 -90 -49 26 -5 -7 12 15 -65 -8 21 50 53 -23 71 75 -68 -89 22 -46 -87 88 3 81 -75 -84 37 29 66 73 -34 -44 11 -65 49 -80 6 -75 -37 75 -28 93 90 39 -46 -30 -22 -77 52 -38 36 -11 -32 74 32 52 3 53 -78 -60 -31 -39 90 -96 29 -98 -29 77 20 -21 82 -59 58 -78 13 -40 -82 64 43 -40 -75 57 -56 -74 36 65 -32 -5 -60 6 42 -51 -47 8 -83 
-67 -26 36 -68 17 58 58 39 43 -71 -90 62 23 16 79 -22 30 -84 -1 44 -33 -60 -98 -7 68 34 -20 22 87 88 -91 0 10 44 -88 -21 98 -61 73 -7 -5 -87 -35 -56 -51 -19 48 48 26 -77 -69 -2 -35 93 35 -17 6 -19 -10 46 35 -26 99 59 16 -98 49 -13 60 10 82 -62 -78 -63 11 -10 -26 76 -50 90 16 -32 -53 -37 13 -90 -70 46 55 4 -2 -71 49 2 33 -93 76 -1 -87 61 -43 -53 24 94 -73 55 -83 95 45 93 40 30 48 74 -48 -77 -76 61 -70 50 -88 -76 44 -86 33 31 39 -80 -37 -74 46 4 19 23 47 46 -39 -79 27 51 -46 88 -77 91 18 56 61 95 14 -47 -8 -40 -21 -46 -15 72 68 -21 -7 -31 26 -8 6 42 55 39 -19 71 -50 44 -95 13 73 -90 -54 -71 -1 61 73 57 53 -82 84 36 -89 -93 -49 -27 84 -38 -82 -44 62 -88 96 37 58 58 2 78 5 -64 -13 94 88 5 -61 24 -90 96 -71 82 -79 -50 -13 -32 69 56 -46 14 -10 -45 -19 11 -19 55 -36 10 63 75 95 -61 79 -31 59 43 -70 -51 8 21 -17 98 -83 6 73 -27 -37 74 -67 71 -47 22 69 66 27 94 70 58 70 76 -50 11 -4 -46 38 -25 -81 99 -28 46 73 -4 96 69 3 93 -49 -24 16 -30 -42 19 -82 -15 -11 66 -81 -71 64 19 23 50 47 -15 -19 -16 61 -14 42 66 -28 -3 66 50 -92 3 -32 40 -31 6 -34 32 -89 -42 -36 -11 -6 50 -7 62 -57 32 -92 -92 -73 -24 12 55 -26 -39 -15 -22 64 -36 -66 -16 -81 91 -63 -32 -9 -90 44 2 -59 81 -46 -51 -90 48 0 -55 -1 -81 -45 53 76 -39 57 88 -88 53 -18 -37 94 -27 30 91 78 -11 -18 97 58 61 28 -21 40 -26 28 -60 5 15 38 50 -31 -36 -57 54 91 -87 35 -32 -8 82 -52 -88 -42 -88 -72 -36 -85 -55 52 77 -74 97 -93 30 50 -48 -58 -65 62 38 16 19 -28 -17 -4 40 -47 65 72 -62 -23 61 75 -56 -8 63 74 87 -66 -62 45 -15 -7 -17 14 -19 -12 59 -7 -64 -89 -2 -78 -16 38 -14 48 -96 -53 49 -21 8 8 -1 -96 -54 -18 -25 65 44 89 -56 -64 59 40 81 99 -45 -16 3 28 -94 89 38 -43 -89 -90 46 48 99 78 26 42 -50 72 -33 -16 92 23 -77 -92 -20 48 -1 -21 39 
-41 82 -9 -95 -50 86 36 -92 -12 -33 2 -10 -26 31 92 45 -73 16 -37 -38 -64 -34 80 -72 -73 41 -46 -65 -14 5 -24 86 -47 7 59 -55 39 75 -43 26 -30 52 82 -21 -68 -61 -47 -80 -13 -96 51 74 11 -73 -97 87 -51 -66 36 45 -73 55 -62 -68 -60 -62 91 -48 -77 -69 4 50 -19 -40 37 -5 -3 -36 81 65 0 38 34 -55 23 -92 -26 -96 -77 62 0 77 72 -23 90 -69 82 -47 84 -34 -19 -57 -59 -74 12 16 -83 -16 29 -39 -56 55 16 93 -85 -71 -58 -35 -38 73 61 -48 -97 26 -59 -12 7 -65 55 59 -18 -10 -26 64 -59 30 -99 78 -81 -77 -68 -17 -48 20 -65 -55 44 -58 50 81 -53 54 27 -75 80 -18 25 40 -63 28 -19 -5 74 -79 -27 46 59 -99 -73 65 -16 -50 -76 76 -6 -6 33 -9 49 -69 78 -29 88 0 -10 -36 14 -2 -2 78 9 -79 24 -41 -4 20 31 96 93 41 22 -41 3 -99 67 86 -27 98 -99 29 -26 69 66 76 27 -40 34 -19 68 -44 -86 -88 -34 -47 -1 13 62 -24 46 -42 56 -85 91 70 -58 -30 71 52 72 91 -94 -12 72 30 36 -97 14 78 -41 -46 14 -30 70 10 29 93 -36 15 -67 -91 -39 33 40 -51 -44 -95 -17 -14 25 -59 -49 21 63 -78 -57 -86 -15 -49 44 65 71 -81 39 -23 80 39 34 74 -43 84 -51 98 31 -80 -53 -69 81 32 50 70 -4 -81 -50 35 36 81 -68 -86 -39 50 64 -10 -4 -24 75 -49 64 -70 23 57 60 71 -7 -10 -40 80 27 13 -87 85 82 40 -37 12 21 -23 61 -85 -2 57 -13 94 95 85 -1 22 67 87 61 6 59 32 4 20 32 57 27 38 8 -21 8 89 98 76 84 -24 63 -18 93 64 45 -3 68 -29 37 -53 61 82 39 16 -47 -78 78 -48 -35 -94 42 66 92 -86 98 35 36 -63 -5 54 -32 -36 -78 19 -70 -97 -9 -49 53 -36 6 65 76 45 -38 61 -67 -73 31 64 -38 -36 79 17 62 86 -15 88 47 -22 79 80 -71 55 -15 18 -53 -68 30 -35 -94 21 61 29 48 -7 82 43 -93 66 -53 -18 -4 29 80 4 89 4 -98 74 69 94 76 21 -68 -71 -11 -61 -99 -19 -30 46 -34 84 8 53 30 74 62 -57 97 -83 -64 9 -86 -4 -75 -52 37 -94 -41 89 -24 32 51 41 -83 -76 83 -33 -4 78 33 99 
87 -41 -69 -82 -15 -38 -23 -94 -32 -20 -82 -49 -60 20 -93 -63 83 28 14 -4 89 -70 -48 -67 74 -93 -39 -78 78 -22 -81 59 37 -88 62 28 -11 -6 -88 -26 30 -43 93 -94 -55 -9 66 83 49 69 6 -53 -94 -10 4 51 39 76 -3 -18 -23 -35 -59 21 27 -60 43 90 96 40 33 15 -26 77 -56 0 -87 56 -79 -1 -63 -9 82 -5 -94 77 -87 -84 22 94 42 -42 31 -79 -45 -91 -17 -96 64 -95 77 26 -81 -70 2 31 92 -76 7 95 -62 -10 60 18 -60 22 12 -80 -3 -62 17 81 -37 -47 92 -13 -99 78 73 -10 59 97 11 14 24 -21 31 40 45 -68 -98 49 57 -74 -19 35 18 -62 -4 40 -15 28 61 91 -97 -32 59 -96 -74 45 -17 49 -24 60 23 -11 -45 -14 21 54 -80 -30 -80 -13 38 36 37 -75 39 12 72 91 -46 -8 -27 37 18 99 10 72 62 89 40 -70 -91 -51 87 70 -73 72 45 85 43 -49 91 -23 48 -17 14 98 -66 -49 -96 -78 -8 63 81 30 78 7 67 -45 16 -80 86 -59 28 -56 -45 36 98 53 -42 -59 94 82 -99 11 69 -78 -57 30 -83 15 -4 -24 67 -94 97 -25 -66 -89 -1 13 -90 -60 -57 -81 -80 -74 20 -71 -20 -93 -76 -40 26 -69 1 15 -39 -28 -33 -77 -58 99 -29 25 -41 13 -27 42 -91 -70 -45 -97 9 -18 7 -99 -85 -65 -71 -15 89 -93 19 74 72 -35 -99 -89 62 -52 9 41 49 -8 -39 -93 -5 -93 -88 -72 -54 76 -6 -59 -7 -88 -73 -20 -44 41 -31 41 -40 89 -97 -53 79 -58 15 -55 -7 27 -29 -19 21 -88 76 -81 -22 4 25 -73 63 -8 90 41 -46 83 -74 -81 -2 12 75 -75 2 -12 11 -31 -93 -11 73 97 -82 16 66 -68 -15 -92 -57 -45 -6 -47 7 60 -41 -51 62 -86 -72 89 8 70 -56 -24 93 61 -92 30 25 -72 -42 57 51 8 13 83 23 80 16 -79 29 -93 6 94 61 81 78 -18 -90 -69 99 75 90 -13 41 23 52 6 45 7 -60 -60 51 -72 -96 -84 68 -41 13 75 -64 -9 52 -10 -10 69 38 -62 77 -48 74 -6 -69 -43 1 -53 -52 8 88 43 -68 -62 62 51 -51 12 95 -16 -47 -61 -12 95 -26 53 -93 23 1 10 -32 -93 92 20 -18 -66 -36 8 81 -39 5 15 -12 50 26 -61 -55 36 93 -48 8 -90 80 -54 -54 -20 45 72 
0 82 41 82 -6 -74 5 -93 31 44 -48 -67 -15 99 96 19 -20 -96 5 -45 -14 -67 6 15 -67 -16 78 -68 62 32 72 -25 -81 -26 56 11 -96 0 -90 28 73 78 -5 -67 80 31 53 33 8 75 20 26 31 -92 86 33 8 -41 -79 -57 29 18 -5 49 94 -33 71 85 65 57 45 33 2 -77 74 34 43 87 -82 -43 61 31 -28 -43 36 -78 16 -65 82 51 58 -8 -21 31 92 80 -58 -73 60 88 90 92 -68 -70 -45 -75 -88 -35 1 57 80 -9 40 -99 -96 46 5 -66 85 -56 -13 -60 88 51 28 96 -5 83 -18 -20 -59 35 39 -37 36 22 -13 -40 -20 -55 -11 -3 -58 31 92 11 -61 -46 -14 32 -66 -21 -71 98 90 -10 2 -99 76 -31 -80 51 -92 -31 84 -82 98 -22 -71 34 28 25 90 -41 -83 69 78 -52 -52 -94 -60 32 10 -12 29 -69 -48 -28 -93 -76 -75 6 -29 -75 -95 93 -92 74 79 -40 -11 16 -47 16 -97 -11 -37 -8 35 95 -53 21 73 80 -22 82 -10 -97 -25 -9 60 -88 -61 -33 -70 -83 -46 -88 -26 75 14 28 27 -32 -5 94 65 62 55 48 -85 34 96 -84 -25 -15 -85 70 22 -58 74 5 95 72 -2 -86 -29 70 88 86 -9 25 -51 69 77 85 9 -69 -67 84 45 50 48 -61 -29 -99 73 82 39 -13 52 -25 -22 -69 87 73 57 7 -85 93 24 -90 -17 -39 79 -65 87 88 -5 92 -95 90 60 40 77 -86 -43 -16 48 -94 52 96 -17 -80 -42 -15 25 -17 90 -31 -40 -46 -48 -30 -52 -86 12 -28 -81 -37 32 41 93 43 -85 -46 -42 59 53 68 90 -15 68 28 99 -39 -99 76 -54 -7 -54 17 18 16 77 19 66 -24 -99 21 77 -44 12 69 56 -99 -38 91 91 72 70 20 33 -22 -54 -95 64 -59 -97 12 -6 29 84 2 -19 -89 18 -28 98 -95 42 -45 -83 -24 -28 -36 65 -47 36 -84 58 -89 -32 0 96 5 87 -54 51 -96 7 94 -33 -56 48 -69 -16 -75 5 36 -86 51 81 73 32 -3 28 75 -31 17 52 50 -48 62 46 -67 70 -83 -21 -66 82 83 -61 -78 -99 -15 -75 42 10 76 14 51 -34 30 -59 -92 70 -80 43 49 63 39 4 82 44 -55 -44 -94 -68 90 -83 -55 26 -85 -35 -13 81 65 77 7 22 -82 -35 -49 -51 52 91 81 54 -92 93 -38 89 -38 96 -38 51 -96 25 99 
97 36 9 87 -74 -41 -31 -52 -92 -42 -45 -13 -40 56 -72 -33 73 -11 -53 -16 52 -11 65 50 34 -75 -53 -66 73 15 59 -73 -32 -75 -24 96 74 -27 42 21 22 -35 -54 -88 -57 -33 -85 -42 60 -88 69 32 45 -17 -9 -20 65 60 55 6 -81 83 -52 -39 -78 -79 -46 4 76 43 91 -77 -19 53 -11 -66 4 -83 19 12 76 14 30 6 -72 -89 52 -18 -73 -34 -5 -50 -25 -25 53 72 -86 54 -46 5 49 -12 35 -69 -81 -17 99 -93 22 -93 -53 46 -63 92 18 -18 -93 50 -28 -87 77 -32 24 -35 -55 -46 -44 93 -52 -49 -64 -77 22 83 -60 -50 82 -87 39 44 -78 63 -53 -56 32 3 29 63 33 13 87 -71 21 -79 76 11 -92 -56 -88 85 72 29 -62 -57 69 72 -53 49 -32 -73 48 -76 -61 -24 17 12 67 63 8 -81 6 69 16 -55 40 -57 32 81 56 -66 57 -60 -84 -25 -58 14 -21 -42 13 -5 46 -23 -17 15 -44 -35 -32 56 -5 55 45 -90 -96 -43 -12 -91 65 14 53 -3 31 -92 -57 -91 17 -68 79 -18 -81 -62 41 -88 35 -62 -26 -43 -32 76 19 45 -56 -45 -89 -37 -86 3 -24 60 -64 -91 43 -61 -17 43 -72 74 31 42 25 -81 -99 74 -54 -41 -32 -49 -98 -55 -51 -44 7 -24 88 -65 -82 -33 73 3 -97 -61 6 1 54 -13 -26 -82 54 -50 55 43 68 -73 -82 -40 52 52 -81 87 54 -62 -80 -24 -22 73 52 98 62 -95 -70 12 34 -89 77 55 -49 49 -18 35 -91 8 -99 2 -92 -61 71 -86 36 75 -55 11 5 61 -54 41 -10 -7 -31 9 16 55 78 15 49 -29 -73 -94 -57 61 95 -37 -44 -46 91 -86 57 -84 48 -15 -19 5 15 -16 68 -3 -62 -20 -84 20 -49 27 0 -70 90 58 40 -54 -21 40 -15 -8 49 63 -60 49 63 35 41 -86 44 19 -15 -87 -56 -3 -93 -5 55 89 40 68 -42 -91 -21 65 54 -81 43 88 -27 18 -87 -33 89 28 -46 60 -35 -44 66 19 32 -10 92 36 -11 35 -72 -70 -99 -10 -73 -53 61 -61 -4 29 98 -98 -24 83 23 -12 41 14 -90 12 -35 -92 57 -75 81 15 35 2 24 -94 -73 14 -47 -90 55 -96 83 -39 45 -67 -24 -49 -64 -91 34 -24 92 96 -39 -82 -85 -34 -43 12 -84 -79 -16 -88 52 87 52 -52 39 -87 12 1 16 43 -33 -89 -59 -34 -80 -77 
-79 -29 26 41 -77 87 13 -37 24 -98 57 91 -42 -15 81 -52 -2 7 55 -46 -75 -29 20 -32 56 -47 -89 -38 -46 -87 -24 0 57 -20 -93 -17 99 97 83 -8 0 -37 72 87 -83 88 -36 -5 29 53 61 7 93 25 99 -62 -38 40 -71 39 10 41 41 0 59 26 -93 2 -8 62 66 83 -81 19 -42 -23 -98 -68 30 17 84 -21 -23 24 -97 41 -77 0 99 -26 -86 32 7 81 20 -31 87 -6 -59 -5 10 -22 73 -61 -96 72 10 -40 -61 -56 -41 -57 80 -66 53 82 86 -87 -29 6 81 86 36 -76 -40 -39 32 47 -50 -37 0 -48 79 -30 93 -43 55 -83 75 6 30 -52 -22 -5 -20 -4 -45 -47 92 65 72 -30 31 37 -50 -70 -7 4 -57 76 96 -55 22 28 37 -39 -71 35 -13 13 -56 40 23 33 -9 25 -76 -94 92 38 -53 -17 68 1 -14 16 -84 23 12 -7 29 55 -40 9 24 7 32 2 59 -36 26 80 -48 87 14 -52 -18 -82 -99 67 24 -95 -10 -51 14 -93 94 -56 77 -53 -98 45 -18 -52 84 -40 -32 -32 61 71 -22 29 77 -95 -85 68 -57 -94 80 49 -55 80 -19 78 -59 -91 -26 -12 -49 1 57 64 -76 2 -31 11 59 -73 93 85 -35 79 57 82 -42 -3 -73 -1 -6 -85 -39 26 -65 -59 81 49 -38 67 -38 41 -3 31 22 -90 54 38 41 68 53 -32 57 97 -36 -68 83 1 -66 -67 30 56 -65 43 -20 -49 -71 37 -15 3 64 96 65 93 53 74 -48 -27 -18 -79 57 -30 82 -59 59 37 58 -5 -16 27 -21 18 77 48 -91 94 -29 23 32 90 -37 -46 -30 -7 58 69 51 -98 41 43 -91 14 91 61 -60 -37 44 -98 93 33 -94 96 49 85 67 77 -26 -4 -22 -63 -72 -48 35 -54 -85 87 -11 -16 -30 -58 26 -60 12 13 -37 52 -2 -51 -30 -86 93 -61 2 44 -53 31 11 77 32 6 62 15 -55 -69 33 51 46 -33 51 -46 -99 91 -8 42 -13 72 -97 81 76 7 9 -3 63 -1 -25 -69 -81 -52 65 -58 98 -22 -38 11 -7 69 0 -27 -41 21 54 -13 -88 -95 -31 -41 36 78 90 -85 -26 -23 10 -33 -81 -33 -61 47 -76 -11 -66 62 -32 29 92 -94 26 4 -7 43 22 30 20 -74 -79 -63 0 63 11 -22 -86 -50 -66 26 36 2 88 -13 20 48 -31 -27 -67 59 14 5 18 -88 43 -98 -54 21 
-75 -93 -89 35 88 67 73 22 75 -85 -90 11 -20 54 -38 -88 -20 -63 91 16 -96 -22 56 -19 -76 13 -20 -65 -40 -76 -59 -36 -5 -44 41 80 89 -93 -9 0 -95 -38 93 87 -87 84 75 0 -84 -46 -30 -4 -41 79 44 -28 95 -41 34 44 -68 27 71 -44 78 15 2 55 43 -4 -35 -10 -46 -12 25 -3 49 73 -58 0 -73 -94 88 63 77 82 -81 6 39 7 -87 -60 -36 31 -89 -20 63 -16 -4 -17 -83 5 -46 -54 -76 -75 13 -15 -50 -26 74 74 93 -11 87 54 49 54 -90 21 -20 -12 97 14 -91 21 -22 -88 84 22 39 46 52 -69 65 -81 26 97 -25 61 85 64 65 -50 -60 63 -42 -96 41 57 62 -18 -81 59 78 25 -75 -59 2 -8 -11 21 -38 -5 -88 -99 82 58 -77 31 -90 62 -22 23 -81 44 -97 -17 -99 -29 0 17 -32 17 -93 -25 28 92 -42 -68 63 90 72 1 70 -62 61 -94 69 -63 -82 41 95 -77 -9 -79 -82 11 -68 67 -4 -85 -13 -11 96 -49 -96 85 -3 30 61 -4 -84 -97 6 -24 18 80 52 63 -32 -37 26 -21 -45 74 0 -40 25 -72 90 28 71 90 -94 87 -5 35 -84 -65 -20 16 1 0 62 91 -92 90 71 -74 -54 -43 0 -31 47 -48 56 -93 -2 4 80 35 -47 -92 32 12 -91 28 93 20 63 -67 55 -8 -10 -60 83 78 -57 -46 44 70 48 96 -67 20 23 1 -82 42 -48 45 73 72 71 79 -4 94 -9 -15 99 -48 46 83 -91 59 87 72 -93 -17 -12 99 91 73 48 55 15 -59 -93 94 -69 -1 11 7 70 6 -85 42 94 -25 -1 -4 63 -32 8 52 -26 83 -2 52 4 19 98 62 -82 -7 -56 68 -95 -79 34 -4 36 56 35 -59 -50 31 -6 -39 70 61 -48 27 -79 -91 -62 -32 32 25 70 -73 -3 -35 -89 -32 -27 -22 -20 -31 73 -21 -15 -66 -13 55 -69 27 70 41 0 -6 78 50 53 -89 15 -96 -59 24 75 9 35 10 -86 93 -29 75 -81 78 -18 -17 72 26 -15 -4 80 68 -16 41 -63 22 71 -37 88 -62 -52 -62 -97 -19 30 72 -27 -13 68 7 65 39 -60 -96 -36 -31 -48 -65 66 7 38 -64 -37 -2 -8 90 -69 -9 -10 86 81 84 63 61 20 66 68 31 -55 -60 -77 24 -24 2 -76 34 -73 90 -61 43 30 93 -70 -34 22 -30 0 74 -18 -6 51 -89 47 72 
-62 -34 18 46 94 -54 18 -53 65 -41 -20 -60 6 -21 40 -23 39 -78 -48 -46 -45 98 -5 80 -35 -41 -99 -93 63 44 62 56 23 -69 -43 35 -69 -77 36 -85 76 39 -41 -22 -12 44 18 -8 59 -16 33 16 57 71 30 -85 21 -32 -29 99 15 -41 10 -56 16 98 43 -22 -94 1 54 -21 -85 25 -61 0 42 -66 51 63 52 -99 87 -57 91 -46 22 91 83 -8 29 39 4 -10 -80 13 -6 7 30 -82 -67 79 -62 38 49 -65 -39 -77 -6 13 -58 80 -81 -57 -58 20 25 78 10 -10 -87 50 52 88 44 -1 -97 33 -57 56 84 55 -32 -78 35 -46 65 -82 75 87 -89 43 39 27 2 -93 33 34 -62 -97 46 20 -18 20 -33 -28 -74 -86 -52 -64 33 -90 -83 23 80 -49 -30 82 -7 -13 82 -63 41 -85 40 52 28 -12 12 -69 88 84 65 19 11 -19 43 45 19 -77 -10 -49 -54 24 51 -49 -79 56 48 9 39 15 57 71 10 -20 52 -69 32 -90 77 85 -84 8 7 54 30 69 31 89 -59 74 -90 3 -62 57 25 -72 -85 -14 -80 18 -73 -60 23 55 25 -77 -72 -63 -36 -10 -30 40 -96 -11 -35 88 51 22 -41 -14 20 84 66 -21 49 56 51 74 -63 86 47 19 87 27 16 83 5 85 66 -95 85 78 -86 92 -18 -64 -26 -18 63 -31 4 -24 32 61 -34 62 98 3 -38 7 40 32 -26 18 68 73 -50 -22 -88 76 16 97 -30 18 8 -92 59 90 15 21 35 35 -49 -69 -4 -90 61 -69 82 5 60 -30 56 94 53 -14 60 67 19 -8 -42 -34 -2 10 -28 -16 -33 44 25 -47 -50 -75 -18 78 -65 82 46 -2 80 93 -23 -33 -65 -96 -70 73 53 -80 -31 -70 95 -61 65 -49 -84 -35 23 9 -18 26 79 -45 51 -94 31 -51 -99 -39 -39 21 -97 19 -62 56 50 -22 50 30 -46 -84 11 -88 -68 -3 68 -38 -45 -21 35 -6 -73 -64 68 -11 6 71 89 93 6 59 98 7 16 75 33 35 20 59 -11 23 -54 -38 -85 55 -41 -93 -84 54 -91 -98 99 98 -49 20 -49 79 46 -38 42 -44 91 -37 62 -89 -79 -75 42 -4 65 -90 -40 40 -98 -54 -76 -62 -45 35 1 14 52 -59 86 13 -47 -43 -66 -22 -53 10 -46 -25 70 -43 -97 14 -67 56 59 -40 24 51 91 64 37 49 57 60 -26 -85 -38 90 72 4 -23 22 -27 -16 
-67 31 34 79 -64 -81 6 20 -19 -67 -23 59 23 -56 -54 -28 90 8 -81 16 -16 57 87 38 -48 -71 1 -41 1 -57 -64 36 45 50 -24 -71 76 84 -25 27 39 75 60 -51 -82 -39 24 -13 -90 -21 -82 87 82 23 -92 -5 -33 35 18 -97 98 -82 -93 76 79 -26 54 79 46 -35 -5 82 -2 47 0 37 -26 -46 0 -25 14 81 23 -69 -90 49 -4 7 -80 -20 -19 -38 56 -46 33 30 24 5 97 -51 92 -18 36 -14 23 48 -38 65 0 -74 -40 -90 -84 16 -95 -20 73 88 -74 -80 95 -5 -40 27 41 -80 9 -12 46 8 -56 -83 -90 -44 -58 -32 -5 -57 53 71 53 76 2 61 -29 77 38 -39 87 -43 81 76 34 -25 -96 -51 -3 81 4 -66 26 -91 -85 59 37 30 -95 19 -30 -77 65 -12 -99 -61 -94 -4 48 23 -80 98 -83 66 -73 -81 -20 -55 -25 -58 -85 32 72 -53 -43 30 73 80 61 18 -71 94 -15 -89 -68 -90 -44 34 -6 -93 -1 -57 51 -88 -98 25 -58 -19 94 -78 15 -85 -36 95 7 -62 75 26 -35 48 -54 -10 97 -24 -75 -44 -67 27 13 86 -62 -47 -84 51 16 16 31 -97 13 28 -83 55 -57 8 29 -76 20 -23 0 75 12 -8 36 81 -94 78 50 -27 30 95 -24 -55 83 -79 -61 93 -53 55 70 31 44 54 -36 92 26 -10 -30 -35 -67 -32 -6 88 52 -96 -12 -44 -70 -24 3 -61 -72 98 -3 -78 -70 91 -77 79 -17 -96 34 7 81 15 69 -30 10 -75 94 63 -87 -28 32 39 -1 5 36 5 22 5 70 22 -55 -86 -60 -6 -86 -22 30 -54 81 63 -20 20 -12 -37 -25 27 51 -96 -43 -72 -61 83 -63 -37 48 14 -69 87 -15 0 53 60 11 -86 45 -1 89 -13 7 91 -59 -67 79 -8 -99 46 3 -72 -13 -80 22 -10 -61 -42 -24 -44 5 10 63 52 -39 91 -71 14 71 39 6 36 -11 -45 -22 -86 -59 -60 -52 37 -27 -91 -10 1 -65 -13 69 83 -82 11 62 45 -45 34 75 -52 -21 -31 -78 -22 -54 54 20 3 -41 14 -23 -64 7 8 -17 -64 -97 90 82 35 21 90 -12 37 -41 91 -46 -11 -2 -40 -15 83 -60 -45 -29 -27 71 -45 -63 -76 -46 -73 88 79 79 -43 26 59 -66 26 -59 19 -77 -30 -84 -60 92 76 57 -63 -23 19 -75 97 29 65 -9 83 -38 99 -86 -47 -54 83 -29 61 39 -31 
-35 -85 55 -20 -61 1 57 -66 35 75 -37 -65 22 39 -49 -56 4 -41 41 -54 77 -12 74 -60 90 41 -84 -29 67 -7 -16 -13 -1 -1 -65 -18 25 -42 -74 48 41 -5 89 70 78 -30 53 24 -19 98 52 -61 -27 -35 18 94 52 -63 -74 -96 -71 -16 -44 -15 42 73 56 84 68 -69 -26 12 -58 -25 -58 46 -97 -63 -33 -17 -11 8 14 82 64 84 -56 74 -37 -22 -17 94 -46 -64 -57 -33 53 -35 -22 -90 41 -44 -74 18 -77 87 -67 -13 -51 7 -82 37 -55 43 -37 -24 -16 -52 13 22 -35 -95 -27 -83 -12 -50 78 29 35 91 -61 -29 36 -68 50 23 17 -63 22 49 -14 -19 82 33 -58 -42 -57 -19 -54 85 72 -27 -21 -82 -4 41 -78 -78 -24 -97 -93 70 59 11 -14 86 -35 11 -30 -80 -85 85 -42 -17 -89 -21 52 -38 78 25 72 -43 -91 -7 41 78 95 32 -42 10 -73 7 95 -87 71 -62 6 -22 98 63 -29 -35 -72 -93 -73 70 2 -19 -70 2 42 60 2 -52 -9 45 -33 -86 -71 19 9 -32 36 -68 -55 92 49 -46 -9 25 -41 22 -9 -5 -8 -43 -4 95 -98 -27 6 -52 -83 -61 83 -21 0 -78 78 76 34 -40 -26 -53 88 23 -26 80 -49 88 11 43 -69 -38 -86 -3 50 -25 -85 38 97 50 -44 3 -70 71 -86 29 28 41 18 85 92 -94 56 90 13 -73 84 -57 -55 3 53 43 16 -83 66 83 -76 61 82 -57 -40 6 38 30 -9 33 0 73 49 -12 -64 -80 -2 -60 44 7 84 48 89 8 79 -77 -53 -99 93 -50 23 -34 -87 13 -59 -18 5 -5 21 -45 22 96 29 84 -86 -93 94 20 -8 41 -31 35 -75 -42 -86 -67 14 30 -30 -50 53 88 70 85 0 -9 43 57 91 1 -79 34 21 27 68 30 84 -28 -61 25 61 17 -25 -92 -31 -12 -6 37 -44 74 -21 57 64 -10 8 11 42 49 58 -67 -39 -97 62 -14 67 21 -37 -59 -92 -13 -44 -97 -62 -29 53 20 -73 31 81 -27 56 99 73 17 45 69 -52 39 -20 72 -34 37 99 -56 86 -10 54 -29 -63 -93 4 52 -51 -52 98 33 -94 96 -6 -53 -27 -18 13 44 69 87 56 -22 -87 66 -37 -27 -74 -8 -63 -4 13 -43 83 -4 62 85 -59 30 29 53 35 34 14 -8 -26 19 -25 -26 4 79 27 -79 40 -11 -26 -86 -45 96 8 -51 -13 25 38 58 -58 -85 
-79 -40 99 -55 92 41 -81 97 -26 89 15 -37 -90 -14 -49 67 52 32 -51 -55 -85 2 -1 -54 -3 56 37 29 -59 62 -45 -95 8 77 74 -17 74 59 -71 -91 91 34 83 -9 45 -85 57 37 -37 -67 81 45 27 -54 -50 -76 56 -75 25 99 78 -66 64 42 -68 46 3 27 -38 -78 61 -81 -79 1 -47 9 25 -8 -64 -89 23 -70 85 53 -78 -45 8 59 -71 25 98 -42 -82 97 -39 -35 14 6 37 57 -15 -95 -75 3 -74 94 12 86 10 -93 15 -25 -56 60 -49 -35 -83 -96 -12 -54 69 94 17 -45 -26 -24 9 72 -46 -43 -57 -53 19 12 -63 5 17 15 60 -77 -63 13 1 8 -53 22 80 1 46 -6 -17 71 -89 63 24 70 -58 -11 -79 61 96 28 -40 1 54 43 -68 -7 87 -77 -87 -89 -77 60 -54 24 34 -23 -42 -53 -13 -42 96 22 -65 -74 -97 -21 -39 15 88 -77 99 14 79 18 57 -71 19 -66 5 -23 -74 75 -3 60 -87 61 -12 -51 78 17 64 -77 47 10 -67 -63 51 54 17 65 -83 -56 68 -98 -30 27 42 -5 -76 -45 -49 0 72 69 34 -46 -86 -13 -33 -43 83 -79 -86 77 31 78 9 16 16 -39 7 77 21 -91 84 9 -23 -48 -64 28 -85 13 87 -61 -64 39 22 77 37 36 -22 -49 91 -2 -48 9 -8 99 49 -56 19 64 11 54 31 30 77 -83 62 14 43 12 76 30 -44 75 -21 97 -4 -36 53 -1 4 7 -29 17 -92 -33 18 40 49 31 30 -44 -50 59 55 -50 21 -67 -3 63 48 60 34 -46 -60 82 77 51 33 9 -58 -32 13 67 66 -92 21 58 77 98 -16 -16 96 56 -74 18 16 71 70 30 -99 -89 83 81 30 -38 -60 96 52 -63 60 4 31 -74 12 68 2 30 45 -8 -51 -33 -56 -96 80 83 20 -14 42 -38 -41 -25 35 -68 56 46 50 -4 -34 -13 71 -48 -85 67 -8 23 -9 73 80 -91 -86 5 26 -32 60 87 54 -82 29 82 84 -49 -69 -1 13 -70 56 -11 94 92 -57 -52 -86 57 79 49 -22 -97 53 -53 86 26 71 -7 -19 -15 -19 -36 -94 1 -9 20 32 63 11 -7 -13 4 17 5 -28 -83 -27 -29 -94 -22 -48 -4 -46 -30 78 10 -53 31 -59 -81 30 -67 65 -45 -70 -62 -75 43 -11 20 4 -86 -6 83 -78 53 -24 30 5 -24 -83 65 -95 -53 96 61 -73 50 5 -67 
-73 4 -61 -47 -15 -54 -92 28 95 -10 5 38 -42 44 82 -7 60 -44 8 91 -34 14 99 -99 28 73 62 -24 -96 -84 12 -28 -54 2 -52 18 -76 17 27 70 -53 -37 11 97 38 -68 -24 -80 -26 -71 50 -80 97 -3 16 30 54 -59 -81 -61 28 -15 1 82 24 -6 -19 -71 -22 47 92 -44 -32 -10 80 71 -17 -15 -52 12 -88 51 32 96 85 -34 -25 26 97 -89 14 8 32 98 -47 -39 -29 -8 37 -17 24 -26 50 72 -37 33 35 -2 -85 75 84 -16 -94 67 25 35 -5 -40 31 91 -85 -60 43 -65 25 25 -76 -65 -94 68 65 39 -17 0 -70 -30 45 -20 -93 11 65 -61 14 -24 32 46 -15 -26 4 -57 -82 -8 -23 -16 -22 -99 29 -2 -17 28 -71 25 23 -13 22 -77 -97 29 -24 -16 10 74 -85 36 -84 -42 78 -78 -57 -81 2 78 -84 54 3 -75 71 50 -87 -22 -52 23 -17 -72 16 11 88 -63 -44 -7 28 -77 -65 -89 -14 95 43 -71 80 -42 -57 -34 -7 -74 -17 -30 -47 -92 53 22 56 56 47 3 60 -30 -37 57 41 96 22 31 54 75 19 -57 -81 -95 -1 -81 -16 12 -23 -87 25 -30 24 56 -95 72 -64 84 22 -16 -11 -57 -3 -58 59 35 -16 55 44 13 -48 -88 -55 86 60 -85 -2 52 -17 7 46 49 59 30 90 -2 -90 -43 73 70 -52 44 25 49 -56 29 -18 -49 3 -73 -22 99 -67 -97 77 88 74 -29 -69 -51 -83 58 -31 94 -97 49 -89 37 -62 -39 -31 -26 -48 -17 -44 24 93 14 85 -28 93 88 -71 18 -14 43 56 -76 68 -83 -27 59 69 12 -29 64 74 -29 94 -18 0 -55 69 -50 -1 5 -71 -69 89 -59 -61 -39 -36 -87 9 55 13 60 3 62 -4 -75 -27 -6 -30 -88 93 -61 8 -2 -4 1 -45 33 37 -16 99 -18 32 -4 -51 -19 -80 78 -29 -99 -52 -70 97 75 -82 -61 -75 94 -71 62 -3 -72 -76 -11 -86 -68 -84 -41 -92 80 10 92 -25 -89 -97 9 6 38 22 -19 -86 -48 85 -78 -36 -58 79 14 32 57 -14 0 -29 93 -7 54 -19 -34 33 -48 8 -64 -58 -82 62 -78 -74 -77 -27 12 -13 83 -26 25 -93 71 55 -94 -87 -85 10 38 98 -25 94 -94 46 65 47 25 -58 -32 51 43 61 -1 -92 2 27 49 5 60 -39 -98 -25 77 -89 50 -12 -57 -78 95 -4 -75 -99 -18 13 -11 -91 -16 
-73 32 -23 -38 81 -87 -53 -93 -95 74 84 -66 41 75 43 -89 -10 60 74 29 -38 -40 23 -95 -28 69 -26 45 -46 -35 -52 -65 82 -31 25 -19 -15 -21 -12 38 26 53 -18 -52 64 -57 11 -50 69 -12 -12 0 -47 -74 79 -77 -97 -48 45 -48 55 50 14 70 85 16 -85 -96 -39 -59 -13 20 -42 -83 -48 -40 99 -58 -83 -47 -89 4 55 58 -16 -65 99 24 59 47 -80 51 36 59 -31 -26 24 79 87 35 -75 95 25 -90 96 -95 -24 0 24 -47 -37 17 -79 -17 -43 57 -7 15 37 -19 98 28 81 56 59 -1 -48 -11 -37 -70 -68 -19 32 66 -71 -9 -48 -13 -23 62 -43 -85 29 2 23 -76 53 -52 92 55 -8 -74 -81 94 -36 -92 -65 -59 50 25 79 68 49 36 -44 73 71 47 81 -71 -42 37 64 -37 9 63 52 25 -15 -90 45 8 -56 -46 -67 -89 7 -91 -15 86 96 -50 -69 -9 51 -67 12 -67 37 22 19 -41 69 40 90 29 8 52 86 -51 6 86 55 -48 17 -8 -69 68 -65 -6 -23 -36 1 63 -80 -13 31 90 97 -11 -40 20 80 -33 72 21 93 -26 8 -19 -15 82 -87 47 -90 -35 82 -74 -48 -43 15 56 -75 -34 22 27 -37 -53 26 29 87 -82 -19 -22 24 40 75 -44 -24 -12 75 94 -80 -54 -83 -72 -26 -82 22 -59 78 93 61 88 22 79 -38 -68 -47 17 19 99 36 -79 -10 -7 -77 -7 -3 -17 22 56 84 -4 -92 -81 -26 -43 -11 13 68 -85 -28 57 35 -22 40 -43 37 31 97 13 -57 -55 -90 65 24 -72 95 -30 -94 72 91 27 -76 -78 -53 -20 56 -6 15 -85 -73 -44 7 -42 40 -26 -3 -24 8 73 -83 73 69 -95 -12 13 63 3 -26 -20 80 86 -39 12 28 1 79 -32 75 -73 19 15 -80 3 71 -31 -4 87 90 -22 49 -29 42 -62 -44 -51 -4 22 -99 -61 -33 -43 76 -81 -86 -15 -21 -74 58 -17 29 -60 83 -97 -21 23 98 54 -33 -38 -37 3 14 63 -49 72 -32 75 -94 11 11 -50 -3 35 -69 26 18 -87 99 86 -47 -74 -79 -20 67 -36 52 -56 0 -19 28 -67 -31 17 -32 -78 -99 5 -47 -20 0 30 11 79 -32 73 95 93 -80 29 -3 -99 9 88 37 21 12 -88 -37 58 -66 -27 2 99 44 -17 -77 11 -6 -72 -98 51 8 -74 66 66 90 65 30 -33 -26 26 -45 -52 53 27 -55 -63 
-64 55 -51 -47 37 51 -9 -9 -30 59 -33 -40 -86 -38 -46 43 -94 70 21 14 -37 -5 11 -8 -82 62 70 37 89 -40 -47 -41 -96 -32 60 -21 27 -97 43 99 -29 1 72 -41 54 89 58 70 -20 -99 -4 54 -47 -88 -76 -60 -64 88 52 -58 35 -31 -79 -48 -40 84 26 -19 66 -62 17 -55 53 92 20 27 -78 -43 45 11 98 -16 63 -53 82 -6 -66 -55 53 -12 24 -71 53 -3 -85 -59 -72 33 -78 -31 93 -32 51 -57 2 11 -60 81 69 5 91 -29 -26 81 34 15 14 14 22 38 14 37 -15 -38 87 -82 17 48 -58 43 34 -86 98 -70 32 72 -87 33 37 66 94 72 50 -46 97 17 4 10 59 10 45 80 -64 -90 16 -99 -8 65 56 -44 -16 -65 -70 14 -86 -41 55 9 -4 30 66 89 -88 58 -77 -75 73 -55 79 48 -94 13 72 28 53 7 -57 -33 1 -29 72 -20 15 61 -12 -99 18 51 32 54 41 3 -74 20 74 -9 -13 10 19 -52 -88 71 -44 51 -12 -2 -90 61 70 78 60 29 -16 -7 -24 35 68 30 1 -67 -48 77 81 80 -73 25 -13 30 -63 -31 -35 37 97 -78 -9 15 86 -61 96 -65 -82 -84 30 -38 -76 -32 -16 -66 -94 -41 35 59 81 38 -68 -78 -73 -36 32 61 10 -80 -15 20 -17 0 -29 57 -57 92 -16 -51 -54 -11 16 -45 -98 -94 4 -39 52 2 71 14 -31 62 -15 -19 -5 -70 36 36 -76 77 67 34 -76 70 35 61 9 -1 -13 23 33 35 32 54 75 -31 48 53 4 -93 -97 43 -93 -31 -54 -26 14 -92 -59 -35 74 -48 -22 -53 -46 -72 -32 -30 -47 94 -98 72 67 -43 78 40 -54 83 37 -59 -66 47 -95 -8 -64 9 -34 82 13 47 64 -9 69 86 -68 16 -78 -6 -64 -76 54 -92 35 -58 82 17 -70 -50 96 4 10 -50 30 -38 -36 95 39 60 -91 14 97 -7 40 -82 -1 -86 51 -31 22 -77 79 -72 -65 65 8 4 58 42 -59 17 -79 47 -88 -65 93 -51 15 -10 80 -35 -48 73 -11 -47 11 10 95 -98 43 -74 -7 -73 -77 -88 -35 91 18 27 -10 86 -88 76 92 26 5 16 -64 6 -31 -95 -62 -74 -84 -39 -48 29 35 66 4 75 -77 67 54 -15 35 -61 -4 71 44 -89 -54 36 -44 86 -36 -15 -5 -94 -18 92 -83 -67 -33 43 3 -27 -68 88 -52 -56 -13 27 86 -26 -30 37 
-37 -68 -44 50 45 15 -54 4 -99 69 -34 60 -31 -19 70 -7 -70 -38 -65 -87 -73 67 -49 91 99 95 -20 -24 -23 19 -15 -16 32 -56 52 40 -43 96 18 -67 15 44 78 85 56 -53 -83 -72 -9 76 88 -42 46 -67 -20 -37 82 39 66 -31 -52 40 87 -41 18 89 -28 13 27 -91 75 -6 19 92 -44 58 -31 39 -83 73 -3 -43 89 33 33 -14 -64 -10 -61 -47 10 19 -67 68 -54 -14 4 81 -53 37 85 65 36 56 73 -42 68 70 -70 87 79 39 20 79 10 21 -59 -27 12 -46 20 -53 -13 99 44 1 -25 -75 -13 93 24 75 73 -22 -95 -50 56 -88 31 43 74 -82 -41 62 -83 -85 -67 34 64 -30 82 -66 -8 -78 51 -55 -25 -6 3 -8 11 -39 -6 56 -22 -15 -42 67 21 25 4 -5 -82 -47 -13 77 50 -3 25 13 -52 -19 33 -31 33 45 69 -78 -3 -65 -64 36 -33 -17 59 68 95 24 22 97 2 -40 -37 -29 86 78 77 -20 35 -9 60 -4 45 72 30 64 -34 15 -11 90 90 -93 -42 -65 -12 54 -29 29 40 -41 5 -43 79 -23 -42 -20 55 -27 22 93 -70 21 96 47 -73 -91 52 -82 60 53 -98 74 -45 -80 68 61 -10 0 89 21 69 51 23 -6 -21 67 -12 61 8 -18 -42 -92 -30 77 67 -68 71 13 23 -75 -34 -18 -22 -5 -4 49 -57 -49 -69 37 -9 -47 19 90 72 -81 5 14 -68 14 -89 -91 35 72 39 -58 -14 -95 -62 -25 -54 -90 -90 18 3 64 -62 99 -62 -32 -48 -84 -73 97 38 -3 95 1 -24 -66 -54 -63 -26 23 17 -2 -67 -71 81 -13 -33 -23 34 57 -35 -93 -94 -72 77 68 23 -93 -29 -85 -35 23 -11 -50 -84 77 -45 -65 -2 19 53 -78 -57 -4 93 15 57 -37 -91 0 51 -15 -81 54 -39 -73 -37 19 -21 55 19 -94 -82 -6 -20 -6 32 77 49 -10 70 85 51 64 2 2 6 -95 -34 43 -39 85 39 -62 -64 68 57 30 53 75 -67 68 39 -39 7 36 -37 37 94 93 -50 3 25 -82 -82 -27 -6 -16 -60 32 71 4 -34 4 -18 -11 27 13 -37 -31 -82 23 -42 25 -46 76 5 -60 4 -85 25 -86 -77 -63 -65 -5 43 -36 64 -63 3 93 -16 -19 -54 -10 -55 -24 -82 18 56 -94 -92 -86 5 38 65 49 94 56 81 -9 98 90 80 19 -48 28 5 87 -95 19 91 -17 -9 -59 
-97 -61 74 -37 42 8 -3 -38 86 -10 40 -21 -12 -65 -63 99 20 94 65 70 -17 -61 -26 22 85 52 86 -48 72 -78 -5 -55 81 76 60 46 -50 -30 -78 -41 27 28 -27 83 49 -13 8 13 89 -20 88 -70 -31 -86 -85 9 18 -35 59 -48 -69 59 -88 18 -22 -42 72 16 34 87 -17 77 20 -4 -74 -51 20 -78 59 -97 -61 2 -55 -26 -45 26 94 53 45 57 85 65 -39 9 -68 82 -70 -1 93 -41 70 72 8 62 -69 -4 -31 -62 -79 -17 -76 -30 -3 41 87 -64 -95 86 -82 -19 -9 95 40 -99 -28 -18 61 -48 54 79 -16 -75 11 -99 -92 -46 -62 -78 -84 37 80 77 -18 -88 69 41 -81 48 26 -33 65 44 -75 38 10 -37 -49 48 -13 -60 49 10 -47 -77 54 8 2 20 1 62 -73 2 -56 41 90 55 -53 -57 53 36 -89 3 32 -69 27 -24 -36 -83 -4 -56 -63 54 56 -74 -49 -3 44 -36 91 -38 -9 41 41 -54 0 -25 -14 90 -9 81 -18 54 55 -8 57 -49 -7 -75 11 -74 -79 -70 89 64 66 94 -55 80 72 -73 -75 -29 -41 72 -88 -56 50 -95 18 68 -50 55 78 20 75 -6 61 -19 27 99 -54 -17 -83 -65 -33 -95 -87 -86 -87 75 8 -10 57 73 -67 -98 3 38 -57 -12 -51 3 12 -74 -9 17 -37 66 41 -7 50 -23 38 41 -46 -55 -96 69 -57 40 -21 41 31 42 -71 -80 -12 70 58 -35 37 -21 20 4 -50 15 -81 83 -44 -74 75 -14 94 29 38 17 -83 -56 47 17 82 -3 13 -64 -27 -36 -10 -73 -21 47 -99 -47 73 -42 17 11 43 -90 4 -38 -61 22 53 -7 -33 -10 -93 57 -3 -85 23 34 -29 -33 -37 79 38 36 -97 71 7 34 -34 64 35 70 7 -7 89 -75 -65 16 41 -2 78 -63 61 57 88 3 40 30 -60 -95 92 -70 -74 21 79 0 -56 94 -49 89 -32 54 89 -75 3 13 -72 -96 79 47 -28 -42 65 -28 -56 91 -32 59 -67 63 45 -94 -88 -74 72 72 63 58 0 -35 69 -60 34 43 -23 -12 -39 -36 46 19 -48 13 19 73 8 84 -35 80 80 59 71 49 5 -53 3 -71 -9 -26 -66 79 39 -53 65 -94 -96 -88 88 61 -16 36 -90 -90 9 -99 -15 -26 47 -47 -82 -58 -96 -1 -28 83 30 -36 58 -29 -53 95 81 -9 41 -63 91 -32 -71 36 -8 4 -9 -84 29 -63 -75 63 
-85 86 2 86 40 -75 -70 36 -9 58 9 -10 -58 16 85 36 75 -81 -68 -10 -57 40 -59 91 35 -58 -92 47 31 -4 -84 14 -32 -99 37 22 86 4 64 92 -2 -70 -91 22 36 22 95 -43 -69 -84 -19 -73 -7 28 -82 45 -55 -73 11 -24 -16 -21 80 95 -50 -32 -70 63 55 20 21 -16 -88 -18 -89 82 -32 10 15 -82 42 32 -59 -71 -68 37 47 -39 -39 74 -14 -59 70 -31 59 -53 -23 -30 4 -63 -77 -61 65 90 25 -39 74 -40 -59 64 93 1 -16 -86 39 -60 92 -35 65 2 34 95 -68 10 -81 -18 -90 -98 -54 50 62 70 -20 -75 4 -46 -51 76 7 -63 8 64 57 -74 -25 2 -14 -67 53 41 -13 -45 -38 96 95 -53 69 -38 31 -10 66 -52 -13 -82 -39 5 -10 11 68 65 -9 -9 65 -48 -18 -97 81 -64 -98 -20 -92 -43 -94 42 55 -82 -65 12 -22 49 -95 7 -73 -1 71 29 -86 69 -7 -70 83 65 -73 -2 -76 -69 -48 38 12 -55 55 -90 -75 -68 61 -25 70 -14 -15 -38 7 -87 88 -28 94 0 88 -15 0 67 56 -61 6 3 -78 61 -97 3 67 3 -72 -6 58 -14 24 -18 -93 98 8 -1 -70 -19 -96 -49 -45 3 -18 12 92 -71 -40 13 -27 29 29 -61 -35 47 39 29 40 96 -39 -91 4 -36 33 52 -30 -80 -16 -86 64 -50 -8 -43 23 -84 48 91 -53 29 -88 51 79 23 -78 61 59 -15 80 4 -6 -20 29 40 62 -37 93 83 -1 -92 -44 81 30 -21 -91 54 21 83 67 -44 63 22 86 53 -73 -30 -98 87 -49 65 17 -20 -68 77 -40 74 -49 -1 60 -53 13 25 65 -14 13 7 -64 -37 26 48 52 -13 -1 -63 -37 19 9 82 -38 -1 68 -91 90 -58 67 41 -41 -45 -67 -17 34 40 -17 0 30 39 14 -63 1 -69 -73 -92 4 95 -12 99 -5 -52 -96 69 79 -97 -19 -35 51 2 32 22 -53 -41 18 54 94 -40 22 -9 80 -87 -22 97 -54 -64 90 61 -38 52 -53 -69 -44 98 62 67 -58 -94 -57 45 94 3 -2 63 -44 21 -41 -18 98 -36 59 -85 28 11 -71 -84 -9 83 29 1 16 95 -62 -52 -11 -7 -47 -89 -53 -26 83 58 65 -85 84 -94 64 -56 -76 34 85 -29 98 51 61 65 36 -84 2 76 -61 -18 33 -79 31 32 91 82 -12 61 74 5 13 -58 52 38 -41 -12 -73 -13 26 -31 
71 -35 26 -19 -52 5 -49 -85 89 80 21 -44 -7 88 47 90 -31 82 -75 12 -50 24 86 60 -77 70 -37 40 48 77 -10 -89 -80 56 7 -26 -97 19 1 93 -54 -11 -37 35 -11 89 86 -71 40 -97 69 17 41 -12 6 10 56 -30 -76 -42 -23 66 89 78 -61 21 85 2 -79 94 61 -4 40 -41 -7 30 -43 7 -76 -86 -96 46 -63 -42 1 -87 20 16 15 -42 76 -1 -92 8 -61 -78 -51 27 -17 -6 38 79 -48 -5 -45 75 88 47 84 -76 18 -90 69 16 56 82 -76 -55 -13 65 -64 -17 -63 -17 12 11 35 50 17 -90 -98 -22 -57 -47 -96 90 -14 87 36 -47 64 -18 -96 7 27 42 -96 65 18 -39 45 -93 -63 -7 -35 -41 -87 -15 88 -27 -9 29 -9 -56 -36 87 32 -86 -60 6 -93 -90 -91 -11 -70 -71 -86 85 -35 10 -63 32 -51 -14 -18 -4 37 5 72 -99 -48 23 27 -56 76 -90 13 54 -73 59 -63 -95 -89 -87 71 79 -77 -42 -90 -98 9 -82 -87 27 -74 -22 80 64 -29 -38 -62 -76 -39 -98 64 -61 -2 -75 44 17 56 82 9 -82 -59 -17 -81 -81 -75 8 -91 -93 -54 84 -41 74 87 -80 88 63 1 -34 -3 18 -73 -65 86 -34 -59 -1 -71 -61 -94 34 36 -89 38 -95 -1 98 52 22 51 48 -31 -99 0 -33 -44 77 -26 -76 36 -17 -13 -60 75 -53 -79 35 -30 -94 -88 -24 -31 -4 -58 77 -82 25 37 10 -27 37 -10 72 -51 -11 73 27 -67 79 -50 -30 1 75 -42 45 45 -76 -87 88 95 45 21 14 21 77 95 75 -21 -14 71 37 96 -12 22 -18 -32 -68 -71 -94 -34 51 -56 -75 -33 -67 -64 15 20 80 -86 -70 73 -15 62 2 -18 85 -86 23 95 -71 53 95 -19 -30 92 -22 -78 8 27 -84 80 12 -7 -97 -51 75 -72 -69 -70 -6 -41 23 -60 -17 -46 20 51 54 57 -97 23 18 -22 -39 59 -24 -10 -74 -12 -7 -55 99 50 -54 49 -47 -93 -80 54 65 -84 72 59 -35 -57 65 60 -61 42 47 -33 24 -70 52 88 73 50 28 -49 18 -49 91 35 96 -74 -3 -23 48 -51 -90 14 89 -66 85 75 -54 7 -53 -8 96 -89 91 64 95 -4 -75 74 2 -55 -25 -76 -89 78 -63 30 6 38 -59 -48 28 62 53 -50 4 16 -37 -22 -46 9 -21 -62 90 27 43 14 17 80 24 1 44 -48 99 -99 54 -18 -75 
43 59 63 47 -70 -74 -21 -14 53 71 -56 68 49 -30 31 -62 0 51 -91 55 -72 89 -11 33 49 92 23 41 57 29 22 80 33 16 -42 -50 -89 37 -91 -91 -39 82 41 -76 86 40 -27 28 -8 -34 -50 -94 -36 -62 6 66 -22 -29 -10 -60 77 13 -32 -9 -65 -38 89 -89 76 -12 11 48 -46 -42 -85 -51 64 5 -55 87 -25 -43 26 73 58 54 -39 -65 59 31 97 -39 93 -89 4 7 -1 -16 -94 86 -14 -68 54 62 28 80 -21 -9 71 35 1 -19 54 -61 -43 -69 59 -11 -36 -59 76 20 2 -30 16 89 58 -26 -11 -38 0 -1 46 20 88 -96 -44 30 65 63 -93 -36 13 0 47 89 -93 78 64 -41 2 22 -6 -51 -93 -76 -66 -19 5 -32 45 -96 -22 -69 -94 -68 39 22 89 -85 82 71 -49 83 -7 -63 21 -18 57 -53 13 -26 11 73 20 23 -41 78 -16 -55 67 93 21 81 56 -73 -70 -56 -16 29 -38 39 -48 -48 94 22 -30 -59 -50 53 -1 -3 -42 -26 70 87 9 -88 -14 -82 14 -62 77 -51 -49 -37 -64 -5 -71 -75 73 98 -48 34 -59 69 75 -3 -18 -70 57 3 0 -15 -68 -39 -59 87 62 80 96 -46 52 -25 -53 97 -88 -55 -11 -93 90 9 -58 -99 14 -3 -6 -48 -55 26 16 45 12 -76 78 -39 80 1 -74 -75 60 -14 8 63 -97 6 1 -2 96 86 74 -7 -17 -5 98 1 86 20 71 89 -68 -80 1 61 -6 41 62 74 61 21 76 11 61 22 -80 17 19 -27 -21 5 -58 42 -74 18 -47 71 68 -6 -49 -12 -55 68 -88 -47 -51 -87 31 -91 -7 -33 -22 78 -76 -75 37 -30 42 17 -32 15 -38 -32 -2 -68 23 -94 -7 29 53 36 -98 -79 64 37 -61 62 82 31 -70 5 -76 -21 45 90 76 -64 6 80 0 -42 89 66 46 99 -74 -1 -71 -57 -56 50 5 -83 -55 27 93 -26 46 -86 -30 -55 -59 -55 53 -54 58 -93 90 80 96 61 -39 -34 -23 58 -59 -25 34 21 -54 45 -44 47 81 -17 -65 -15 -94 -49 47 -96 60 9 27 -65 -4 -70 58 -96 66 87 18 21 39 -3 -3 -82 33 65 78 37 -73 -41 91 -70 59 13 -31 -69 -9 72 -1 87 13 9 68 -24 -26 24 66 -11 50 -16 58 60 97 -33 -33 -34 -10 -62 -11 -54 -64 -8 -71 2 57 81 -74 -70 -17 2 8 -80 -99 27 -80 3 24 -46 
13 65 -96 92 20 10 -57 -45 78 -79 -45 -13 -54 -86 -84 -52 88 31 -59 91 62 -22 60 -97 90 -82 9 -93 14 -58 64 -64 11 -37 -37 29 16 31 -7 -61 38 30 89 39 -91 97 -44 -74 -27 -20 -12 -91 80 -65 -50 95 -25 57 -96 53 -98 -16 88 83 18 44 -87 -92 -63 79 14 -11 -1 -63 -38 -52 11 -81 25 54 95 7 90 27 -3 53 -11 2 -95 -18 26 -96 41 -84 -94 8 -29 -3 -82 7 -11 -27 49 5 93 -54 -42 -3 -27 63 -31 26 15 0 -50 -27 5 50 60 3 99 -73 35 -78 7 -81 1 82 51 -24 -48 -38 22 -73 -43 -81 -36 26 71 -33 -46 -55 -84 93 71 -90 15 97 13 -27 -71 43 92 -8 63 -65 -51 -95 -59 -93 88 -71 6 43 -66 83 -62 20 -32 8 43 63 97 37 3 7 49 16 16 -82 39 -74 -98 -37 65 6 -6 66 -68 -21 -94 -88 -44 65 79 -53 -67 50 8 99 39 -82 97 -8 56 79 -82 11 -22 -7 24 44 -50 15 -98 97 -26 59 -13 -65 -67 48 19 25 -93 58 53 64 -59 29 62 -93 -37 45 64 86 63 7 -45 -85 1 45 -5 -82 55 74 -6 13 92 -27 81 -78 40 75 83 69 40 -21 20 -47 -8 18 -60 87 29 -60 -8 43 64 81 -41 20 -92 -91 92 9 46 65 -72 36 1 -39 -69 -95 57 -45 -17 95 36 24 -49 -70 -35 9 93 -82 47 17 -63 -80 -16 30 -81 -4 65 -23 28 82 -8 -54 -7 58 -2 -96 -3 -78 -35 44 12 -15 -49 55 31 8 54 60 -12 -30 67 -47 -30 4 -73 -25 36 -64 87 -23 -6 67 75 -62 94 64 25 -57 -40 -24 55 96 13 47 21 -5 57 97 -36 21 -98 42 -11 -47 -25 12 41 98 -75 97 34 94 -76 -78 -10 -11 83 4 3 79 -26 33 2 61 -29 22 63 96 38 -63 -23 -58 -11 -98 21 84 48 -42 57 -85 11 35 -55 -17 -30 -36 -57 -19 88 -78 30 -19 -58 -47 56 82 -47 11 71 75 63 -39 24 63 23 70 89 -54 -36 -51 -50 1 -65 -68 -31 86 24 -57 54 -14 54 -44 55 42 -88 24 -17 -33 -28 77 -47 -27 -33 32 16 28 49 -29 95 -3 43 -10 -61 -7 13 0 -94 47 -5 -27 -44 10 65 77 -63 -13 75 -99 -75 -81 51 48 62 31 -6 -88 -95 70 -4 54 52 -41 86 -87 -44 61 -89 -53 63 37 69 -76 
57 -81 91 -49 -22 -62 41 63 5 -65 27 -87 -68 86 -61 -79 92 20 4 -67 -44 17 -94 -17 49 33 -97 -24 -69 23 -21 36 -48 -92 -22 -62 62 73 -38 -46 -8 78 -49 90 72 35 74 76 92 -95 25 -16 45 -48 59 89 -25 -63 -52 -12 42 34 1 -94 73 -97 50 -39 52 -90 66 -18 33 72 82 27 43 -93 16 26 64 79 91 76 6 6 50 -44 5 59 77 -22 -87 95 95 96 -95 89 -21 40 -75 17 65 -85 55 -98 32 0 45 -11 -72 -19 -54 99 -20 -20 -30 19 -3 -71 -12 -49 8 -97 -32 -37 95 65 -94 -81 50 25 -34 -31 83 83 97 -49 84 -17 -4 36 -13 -23 53 -24 -52 -44 -86 -41 94 -75 -47 93 -1 -50 80 -80 51 97 52 -30 -42 -75 -90 63 -79 -18 45 -3 6 42 -76 -70 47 83 -49 53 64 -35 60 56 -48 82 42 -38 -77 70 -33 -23 -41 44 29 83 -54 46 68 -72 -72 67 96 80 -23 75 35 12 -23 63 -84 -62 12 60 80 -63 55 -26 -25 -39 -71 41 58 -55 23 -19 -97 -36 0 -6 2 55 -71 24 94 -29 -13 -56 -82 25 -10 -24 -66 -35 17 -74 -46 24 -28 67 -15 25 -15 4 97 -39 -1 18 -84 -21 -10 -1 47 -2 97 -32 -5 33 39 3 70 -96 45 -88 39 -1 -80 -57 -25 1 81 55 17 84 64 -3 74 -40 51 22 93 -44 -6 55 -78 -28 85 41 0 96 84 -96 -96 46 48 -13 -85 33 -93 -14 -49 -50 41 -1 64 65 90 84 -44 69 25 29 -28 -80 -94 52 -13 -11 26 85 89 -16 18 -72 11 46 -84 81 16 -76 -24 93 -67 12 -11 52 95 -44 -1 30 88 -50 -88 -35 -68 92 27 45 52 57 -6 35 91 -85 -53 51 -40 -38 46 -27 -17 -76 -62 66 19 62 74 65 -72 -60 -64 25 66 -11 46 -79 -64 89 76 47 -29 46 13 55 -55 38 -76 80 -32 -89 47 -68 -99 79 83 66 88 32 -5 -83 -43 -3 62 22 -5 -98 -89 16 57 55 51 -30 45 -44 -14 -60 35 32 -50 49 29 8 8 -73 30 34 -85 87 63 -12 -76 47 -43 -95 -50 71 90 3 67 68 80 -65 27 -47 20 48 -40 -23 58 37 -95 90 -82 32 95 21 -51 29 13 -50 44 -11 48 63 -51 -34 50 51 -48 -65 90 -79 40 62 23 32 88 46 -72 21 26 55 -57 -38 54 -44 -41 -25 77 -35 41 38 
-84 -43 -30 64 65 83 28 -62 21 67 -34 -85 79 -95 8 -58 -48 4 -35 19 -72 87 -31 54 -95 -53 -12 43 17 -60 -63 99 68 76 34 45 -48 -47 26 66 54 -32 26 19 -77 -74 -39 -27 96 39 20 81 -68 60 -32 52 -21 -27 -10 -90 80 -21 -80 -25 79 -71 -68 99 -33 -66 -68 -63 53 66 16 -98 72 49 8 -81 -81 -72 -6 -51 -15 -37 66 69 37 58 48 -44 27 -92 23 69 -36 -44 -99 -54 -18 -18 50 -55 -3 -78 -41 -77 -57 -70 86 -70 -9 45 -71 -12 80 -16 73 49 81 29 60 -76 -71 10 89 18 55 -69 56 3 -88 -20 25 48 -21 -46 91 -61 62 83 80 -78 -63 94 14 66 -73 -95 74 32 -39 37 -65 -81 -31 35 -22 82 -69 -45 -3 -84 -81 8 -15 34 4 -19 -3 -96 6 22 86 39 23 -24 -14 -58 6 36 35 17 37 28 -72 75 -21 -9 -45 88 79 58 -4 93 -55 77 67 -14 -75 15 -64 1 -8 -77 -53 56 94 -82 -8 72 -83 -47 -63 38 51 16 -94 90 33 18 -30 91 38 -65 8 40 -24 58 93 15 37 -1 -19 41 20 19 49 -91 -89 77 -74 9 36 23 -97 -47 56 73 82 -43 -13 -81 -16 42 -79 7 -68 -45 48 84 24 -4 19 -62 21 -68 -67 80 -72 94 74 74 -39 1 -13 13 -65 -81 -47 -65 18 -36 73 89 37 -80 -44 91 82 2 37 -46 -96 -99 56 96 20 76 88 -65 60 8 -28 58 -51 -75 -29 -49 -82 52 82 -67 17 29 41 -74 -84 1 -53 4 -18 -95 -64 -74 55 60 -80 -59 -43 -93 24 8 8 73 -36 -25 86 20 -97 -73 -54 -97 -92 -6 -3 98 -52 81 17 -11 16 18 36 85 -19 53 79 -96 22 -74 88 84 53 -81 -58 -56 -7 31 -14 90 74 93 61 -21 -73 -24 22 83 31 77 -46 85 -7 9 -73 -7 -11 55 -9 22 88 -24 84 -32 5 -47 -22 99 -21 -35 69 -35 92 2 -83 -46 26 64 -32 53 43 92 14 53 89 -90 19 41 22 -87 15 -29 26 -60 27 -57 -48 -13 -86 -15 -42 40 -28 -94 -57 -7 -88 62 -68 -93 56 -22 -86 39 -32 18 -38 -15 85 4 55 65 -7 -3 -81 63 11 -41 13 96 23 75 -59 54 -59 67 -77 77 -8 36 85 -51 -11 -13 18 89 -68 -66 -88 93 -85 -46 42 21 -92 -18 97 -10 12 -7 -43 -47 -3 6 -13 63 38 -29 
-25 55 -84 -33 -92 28 11 -93 -88 11 -36 -14 87 92 -93 56 -17 80 23 32 71 90 79 52 -74 -44 -67 41 -1 -77 2 29 -44 60 -16 44 -70 48 -82 -74 -7 -32 6 -12 -50 98 73 -92 55 -61 -50 17 -71 -2 82 -90 -25 -33 11 10 62 -54 52 21 -32 86 -17 21 -69 -91 -88 61 -21 -11 77 -20 -61 26 -26 -67 18 88 44 -95 5 9 31 28 -56 -88 -43 -31 -93 -86 20 19 90 -75 -94 10 2 -98 78 -38 92 95 -58 -98 6 51 -22 -14 9 20 -60 -43 79 -51 15 -30 -21 43 43 70 -94 64 81 -9 53 -38 -38 -44 79 -15 -85 35 7 -93 -21 -14 -49 80 2 18 -56 16 -49 -69 46 38 72 59 -56 79 -47 -38 81 38 93 2 92 -21 36 29 78 43 -70 -79 38 -96 43 96 -51 -53 43 8 51 -43 -61 -53 44 94 -82 -83 74 -2 -18 -11 -33 -68 -75 14 94 -46 95 -99 29 26 45 19 18 -36 72 59 -41 16 -24 30 -60 -15 -26 -44 57 -2 79 -10 -71 41 -93 59 75 -26 55 80 57 60 -80 0 4 11 -3 28 86 -41 81 -71 -86 46 88 -78 -71 -95 8 -66 49 -43 98 91 -31 46 -19 -92 32 -76 -85 -43 24 -64 98 -80 57 3 -70 -60 -33 90 96 -77 -69 -71 78 84 53 -14 74 92 -37 -91 -73 -72 40 -87 72 33 -92 0 -60 -44 -49 79 -97 83 21 -60 70 -23 26 -43 25 86 -30 78 -73 14 57 23 -54 -67 -12 53 -3 36 32 70 60 29 86 86 -16 -46 -28 -16 -52 -58 41 -49 -76 -76 -56 86 53 -38 -96 45 -42 34 -67 9 80 54 91 -78 88 49 82 9 -30 53 62 60 -87 59 2 7 -3 -23 -93 98 -58 -73 46 -67 46 -11 51 -96 43 -33 50 -67 79 21 87 38 57 -39 -94 -48 40 -41 47 -3 -66 74 2 -97 24 30 -11 39 -13 29 -27 -50 -52 35 -23 -72 -1 -71 25 -22 88 89 -97 -76 -26 -4 -4 -20 54 -40 26 -34 -61 -38 -89 84 15 -23 -29 25 69 -31 71 50 -18 -5 25 49 -12 65 -12 -73 4 -53 -25 30 52 74 94 -93 -57 -31 -99 99 -37 50 -87 -33 -95 49 46 37 77 -85 73 13 51 -5 53 69 -16 20 -87 18 -5 43 55 -64 56 -54 53 73 -21 -9 -50 -5 -79 95 -93 -46 36 46 56 -13 -21 -69 -44 76 3 -9 -36 45 42 -72 19 -40 48 -10 
76 81 25 53 -28 82 -14 63 31 40 -62 -50 -98 -17 35 -71 22 -84 -47 -93 71 -58 32 98 -31 -34 29 -43 -91 -82 -39 95 77 -25 78 -61 -73 3 -3 -16 51 -43 89 94 87 -80 -62 -50 -58 -10 59 35 22 -93 -54 64 65 -49 -42 -96 92 -76 -57 30 85 47 -52 -94 -24 29 -7 48 -41 62 59 40 33 -41 -71 64 61 -91 37 -1 54 66 29 64 24 -88 -15 -75 -6 1 -51 93 96 -71 -20 19 22 20 31 -22 -50 -67 -54 60 85 24 -65 -83 3 -32 37 -22 -6 43 48 -29 -66 27 -50 77 86 41 15 -53 -38 -22 64 -25 80 95 -16 -6 0 -56 -74 56 37 -33 -35 -80 -28 -11 -43 48 45 -12 -21 83 -78 1 34 -24 84 -7 -78 82 -28 -50 -96 29 13 -28 66 -55 64 -68 -78 92 -3 -94 -95 43 83 -76 -29 -17 -7 -17 -53 -1 36 2 -32 -67 83 -62 -72 87 66 -72 -52 68 -74 95 -89 40 8 -71 -63 -69 47 16 -79 24 99 -77 2 -18 -67 -96 -47 -57 -36 -72 26 90 -40 -50 -27 -89 30 -8 -75 9 -95 -92 24 54 -54 31 51 93 -14 72 -9 93 -39 62 50 76 75 25 13 37 -25 4 96 -46 97 35 76 -2 -40 16 41 63 -51 -87 62 -9 -98 63 26 0 -9 45 42 -23 -14 81 -69 -74 8 80 87 32 -82 -78 77 -10 67 -72 -66 24 -67 -60 -17 4 36 76 25 79 79 44 -32 96 84 98 -57 30 10 -17 68 84 -36 67 -50 -93 85 -38 16 92 77 90 -11 -41 -65 29 -16 35 57 -39 59 -82 -3 -76 -73 -4 68 -72 42 -28 43 -33 -97 70 91 48 -79 70 19 75 -29 -77 -12 -16 98 3 4 80 87 56 -53 59 -10 -73 17 47 -30 3 57 91 37 16 -57 -41 -51 31 -84 10 -70 29 -96 -64 12 32 36 -71 -70 50 19 -47 85 60 89 -10 -78 25 81 22 -94 54 -57 6 -99 -60 79 16 6 10 7 73 55 48 36 -49 24 73 -96 42 97 92 39 99 47 72 44 -28 -94 97 45 51 24 46 -67 22 19 15 2 -74 -49 11 -15 84 -13 92 96 -13 -98 -75 54 40 -40 -48 -95 39 -79 13 18 15 3 53 -59 68 -38 40 13 85 61 10 -94 -67 2 -63 -88 21 95 -47 -61 -91 -48 26 -71 28 25 8 99 18 68 31 -1 -4 26 -34 47 68 32 -6 79 1 -97 -10 98 83 64 50 
95 -77 28 52 66 -90 31 -15 80 47 -58 10 -47 10 -69 -29 -49 52 59 6 90 -24 95 -42 75 39 36 47 65 17 -84 -89 26 23 -21 -93 -40 44 5 99 -23 -70 43 62 -24 -14 93 40 18 -84 -62 -96 -24 43 -42 13 -75 -67 -35 38 -59 -95 -52 -28 -96 22 -44 -71 81 98 -47 -34 -4 41 70 -29 56 -84 22 -58 -9 -19 -91 87 -81 -13 -28 71 -6 76 72 -85 36 -25 -98 -12 -26 13 43 -36 4 52 32 76 29 72 -85 34 -3 92 -70 -58 40 -24 30 80 -84 -80 -31 71 33 -74 19 -11 -92 57 -73 71 64 -49 8 -54 -55 -51 16 -49 14 45 -58 -18 42 -56 -28 1 -19 -47 -94 -30 9 14 59 -17 -31 68 15 73 93 40 54 97 -23 54 25 45 -96 -40 85 7 -66 -22 1 38 22 -43 52 -88 6 -38 88 69 85 -91 98 4 38 86 -55 6 42 77 -8 -94 32 5 86 57 -76 53 -96 90 -50 17 -48 -11 5 14 20 93 90 49 72 -74 13 -31 22 -39 -72 90 -24 55 48 -82 -3 96 59 79 62 -58 28 -72 12 -57 4 -94 -1 -80 -22 -70 -63 60 53 55 -33 -91 -29 23 45 -89 35 55 85 53 -13 -31 2 -32 -66 -48 -35 17 20 9 31 3 17 -86 94 6 -96 45 -57 -41 -40 -49 -40 -42 -16 27 61 5 4 16 -66 57 -23 -92 -45 -87 -90 88 -42 -28 -53 -81 -4 69 22 43 4 -7 -8 99 57 95 -11 -97 -14 -30 -10 -62 -89 92 -10 72 -77 26 52 68 14 84 88 21 79 -84 -97 -58 17 -94 97 91 35 -19 98 24 -21 8 -37 8 -9 -60 -94 -97 -89 -83 -5 -81 68 75 24 -84 -48 2 83 78 -17 -7 94 -40 20 -97 -31 -17 44 37 -75 -49 22 -73 -48 22 1 -42 27 -66 59 -16 -1 -88 66 -45 16 -23 20 79 20 -19 -67 40 -26 47 9 15 -61 -26 -33 -76 -50 3 -27 -18 -62 -32 53 76 30 -95 35 -38 30 -62 -42 -94 -2 -24 81 93 70 -84 74 -74 -28 78 -65 92 -43 -18 -51 33 -32 37 -95 -69 15 -6 -69 44 36 86 59 18 27 -53 -4 -64 -13 -35 78 47 -15 -5 30 11 34 53 91 82 -46 -14 -48 -16 84 -98 98 25 57 -86 31 -95 10 13 -32 10 -25 15 48 -55 -23 60 99 44 27 -69 -31 -42 16 -97 56 -42 36 -37 -53 93 50 44 -19 80 51 0 97 67 
