200
71 86 -80 -67 -34 7 -58 66 -21 -95 46 9 31 69 -7 -9 -12 1 97 91 62 -54 64 54 -27 -87 -4 -8 -63 46 -76 25 4 26 -91 -92 31 66 62 17 99 16 53 75 55 -43 -73 -60 6 71 -55 11 -68 -56 -11 -4 -20 -23 -27 62 -1 58 17 24 79 34 -48 -48 -8 -74 -84 -32 32 -24 -73 -35 74 -67 22 -77 -33 -77 -43 -81 56 46 53 95 -18 -7 21 -73 -75 77 -33 25 -89 -99 -26 60 31 -58 70 -92 -81 -7 -54 -57 -81 -49 54 47 -93 77 -4 -75 74 37 69 86 9 36 -43 35 -69 21 -80 18 22 15 -23 56 -90 -5 -89 -17 14 3 -2 43 -7 24 10 -12 -24 -78 8 -99 5 32 -7 -1 -62 -94 76 -65 -56 3 -96 89 -78 -39 -24 -72 99 -33 -32 -94 82 72 -14 -7 81 98 23 46 35 -30 77 -53 43 7 60 91 92 65 -46 -67 74 -2 -44 90 93 -18 1 90 -78 -3 49 82 
-60 63 25 14 83 49 -96 18 -7 1 41 61 32 69 52 53 42 -23 43 99 9 -87 62 98 66 56 90 54 74 24 -90 15 -23 -99 -92 27 -58 -56 10 -69 1 -13 79 3 -6 53 97 -66 0 27 79 -64 79 -21 -46 -44 -48 87 99 -38 -97 -19 -83 -95 96 -31 41 -22 45 -84 -86 41 -73 96 -83 26 61 56 69 -54 -38 2 7 -95 66 -37 -94 -2 -95 43 91 48 -71 63 -17 -91 51 53 44 -87 96 92 -5 99 -51 96 -41 17 -52 40 -13 -1 -33 81 -15 97 -6 -46 -58 -7 -7 18 -53 47 -76 -5 34 21 -96 63 -52 36 -91 -70 -14 -45 23 12 90 -44 79 92 15 -35 -32 -91 -17 -97 64 -23 -37 -64 -3 39 -46 -15 -31 31 8 -8 -40 -24 -72 -16 -57 -50 -42 15 -46 68 75 -82 -71 99 -69 11 -39 -77 -15 -65 63 -85 16 50 -58 -7 -49 -12 -7 87 55 3 -90 25 -24 22 -28 0 -67 55 
-9 83 88 -58 11 75 58 66 -7 91 53 -91 84 47 95 -76 -32 -36 -80 9 -32 -56 -61 0 -46 -87 26 42 78 58 10 75 27 -61 -13 -38 -41 -36 67 -43 84 -21 -3 -35 70 -17 73 -94 59 -34 -78 -38 -19 -92 34 23 3 -67 26 -31 64 32 -33 -94 72 -87 -31 -57 -20 -29 -94 4 -93 -54 -30 8 7 -71 -99 -91 46 -61 30 60 30 83 63 74 -49 -91 -62 -46 36 24 63 74 -87 11 -83 10 61 -35 -66 26 39 -54 4 38 -71 17 74 73 -61 21 -68 -56 -38 -95 26 -14 -66 62 -1 45 18 -66 34 3 -20 -30 56 52 -28 -55 -8 1 -23 64 14 18 -87 -87 38 -29 -8 -52 59 82 -69 65 2 85 -63 -58 -71 -14 78 -12 -37 -56 20 -12 -42 53 -8 -31 0 5 -73 -17 -77 6 19 7 -85 1 -92 -86 -9 41 7 59 16 -4 -78 26 -74 84 -3 11 79 44 89 58 -59 94 -87 -38 -44 -55 
7 43 69 -43 17 22 39 -9 -35 -88 49 83 40 -94 -92 -28 -37 56 66 8 69 89 23 80 -42 -95 -65 85 -94 -26 4 17 -18 52 -65 53 -10 10 91 -1 25 61 -94 33 57 -45 -73 92 -17 -30 -92 -78 -33 -27 -85 -74 -23 46 15 -35 56 54 33 -77 -3 77 18 41 -67 15 97 47 59 15 -91 8 -68 18 69 70 15 30 17 19 75 70 21 -52 6 -68 -62 31 93 45 82 -83 -25 -85 25 -38 -45 -51 -36 50 85 85 -48 25 50 38 -56 45 71 -98 44 -76 -42 -75 86 -56 87 -61 -62 19 -73 -79 63 90 83 26 -56 21 76 48 76 21 -98 -20 10 -69 45 19 39 -12 12 -26 47 87 91 69 3 7 39 -94 59 18 43 -84 -94 26 71 65 -25 -81 95 81 97 -66 82 3 -63 62 60 -40 -78 94 -61 -31 -98 57 -66 -93 73 -72 62 69 98 -49 -21 -73 81 3 0 -48 64 -18 59 78 -95 -74 
-82 -76 -3 -7 -47 -10 -94 -5 70 -66 23 -54 -82 -38 14 -10 2 -71 -75 -97 -86 49 78 -67 42 -68 -30 -28 -7 65 -80 96 -59 36 2 -80 91 -32 47 12 3 48 45 -41 58 -40 21 42 80 -90 -43 -80 70 -96 60 -50 17 -18 -72 74 -35 -4 -88 40 -65 -33 42 -62 -39 -52 21 96 44 -48 -55 -69 -50 -46 -33 93 -97 -96 -43 -54 56 45 -62 -43 -77 8 -77 -93 27 89 -7 49 -10 4 89 -94 -48 -88 -91 -33 82 -49 -90 -6 31 -74 7 -16 -15 61 36 -48 55 19 34 17 2 -88 -49 -85 -60 -41 -42 45 47 96 -10 42 -92 -94 7 32 -15 74 77 41 -13 51 40 -86 -46 66 -18 72 30 -31 21 89 12 55 20 -26 46 -54 79 42 88 57 6 -3 46 39 -41 0 -4 -46 61 63 15 41 -88 -19 18 -5 -3 71 57 -31 -90 -38 89 68 -49 55 66 -11 -26 -46 14 29 79 -20 -33 81 -48 -61 
-57 -54 22 78 -40 -69 13 -21 97 -79 25 -57 58 19 64 -16 15 36 -24 -42 98 -43 -59 -79 97 84 94 -31 47 -68 -80 81 28 4 -1 68 -25 -49 80 -68 25 -87 93 -93 0 -13 57 -63 15 -87 76 -21 -44 -22 88 -87 -4 21 86 29 -22 88 -59 -45 -29 -56 -22 42 -69 -69 -69 88 78 -31 -24 -52 28 62 6 95 -35 -89 -91 -24 97 -87 -60 63 10 -95 96 63 28 -27 -24 50 -1 -89 23 42 75 26 -74 65 -85 -49 54 -52 70 -30 -22 -35 -18 -26 11 37 -41 -51 96 1 20 -10 -82 -2 -86 8 -71 85 -12 -21 12 69 34 -9 -27 37 -95 -19 -6 14 97 -38 50 79 31 40 -67 78 91 72 -94 -15 86 69 85 56 -72 10 50 77 -75 19 -33 87 13 -92 -8 78 64 45 3 -45 -74 -47 -21 67 -10 -88 -95 -86 22 -73 -72 -33 -86 -77 16 -39 12 -8 70 3 -22 -37 -10 91 -2 -13 -16 23 
-78 58 -30 1 20 -82 66 56 -18 -81 -34 -83 -73 89 0 -2 -14 -1 3 -74 85 92 63 68 -41 -60 61 -96 86 -31 26 -65 -15 65 62 86 -43 98 28 -67 -91 -12 -94 92 93 -66 -24 -44 34 -61 -45 -5 -86 52 51 44 -7 74 -22 -90 88 -75 10 -92 71 39 -71 -98 -45 62 -7 15 -14 -91 -76 -58 -80 92 -14 82 -31 -86 58 44 -26 -63 1 -5 -14 -48 75 -75 -7 -16 -93 63 51 15 -40 35 -50 -26 32 -83 7 64 32 58 -14 -6 38 -19 -55 24 -22 -24 -75 7 -40 15 20 -43 -91 58 -97 77 -36 -45 33 26 94 39 -78 -8 32 12 -55 -30 57 -63 -16 -66 91 -48 97 32 -9 56 0 56 -81 94 -42 -1 -91 52 30 60 -88 -38 42 30 -48 -39 30 75 92 -94 18 68 -33 -38 -84 -1 44 -10 72 97 57 -20 -50 70 83 -79 -91 -12 -16 -60 37 52 90 -38 80 -13 -39 75 -54 -25 56 -99 
26 64 14 19 32 72 78 -80 29 41 -55 4 34 -33 3 -59 93 25 -73 -14 95 -96 -79 -6 66 46 97 22 52 -94 -18 56 12 60 59 -45 29 36 -12 62 41 13 -31 81 -38 -9 41 98 -88 12 -64 -47 -42 -9 -31 59 -41 25 83 -64 46 76 69 68 0 21 -21 -91 -85 99 -22 -34 92 26 -74 -5 -48 -82 -26 -98 11 43 29 -39 87 22 12 -12 -99 1 -80 -22 72 -40 69 -10 57 37 -73 -15 -58 -67 66 77 13 90 87 90 -64 -16 -77 -45 15 75 31 98 -5 99 -22 41 -54 -21 87 77 49 -41 7 -95 -33 -2 67 -81 10 70 83 3 13 74 9 7 -43 90 19 19 61 62 -85 78 -96 55 66 -25 -76 -39 -54 -78 13 4 58 -73 -44 -9 49 72 -1 -23 -60 48 15 47 -12 82 40 -1 -54 26 2 87 -66 -88 80 51 95 -93 -84 -52 -67 28 -90 -43 8 65 -37 -40 -69 -30 34 -23 -42 -55 
-14 5 69 -51 56 0 -73 63 -2 -38 19 37 40 44 -39 51 44 -1 -35 11 64 5 -79 -43 -25 50 -20 -99 84 -7 -61 -10 -59 71 -88 0 51 50 0 -15 59 93 -86 59 -56 -78 -96 -82 80 -28 -92 45 49 68 -58 -63 90 65 83 -21 -33 9 -36 -28 70 -30 -18 62 55 96 16 5 -94 20 -93 -59 -70 -37 -25 -86 -94 -83 -30 -61 15 -73 -39 34 -82 -57 68 -47 -55 -62 -75 -86 -51 -50 32 53 74 -46 37 36 -29 5 -32 75 -16 -85 44 72 -18 17 -27 57 25 -41 79 -91 49 11 -24 63 57 23 -5 -3 -7 56 22 -76 27 29 74 -49 -65 -87 12 -46 69 51 -12 58 85 -17 -48 -2 -78 3 -52 47 52 -70 61 -85 -72 -31 93 -99 -66 66 59 -83 14 -75 80 -81 -11 65 97 28 63 -93 98 -35 -99 54 86 -79 -7 -39 25 -32 9 89 58 6 19 10 -50 -67 -52 84 -3 41 -22 -90 89 -62 
-94 -80 -33 45 90 82 78 -85 93 1 35 -53 -27 -70 52 -48 -19 7 45 3 46 42 41 31 -77 -57 -99 66 -89 -87 -52 -96 33 -79 -31 50 -18 38 44 -6 42 -79 70 -37 -91 -62 49 38 72 -4 46 -7 -34 -40 55 -39 -73 -61 -19 -75 47 -76 -18 -62 35 -82 4 -84 22 30 -8 -85 39 41 77 79 -42 74 -21 -32 -95 -99 -32 -32 -83 -83 -37 50 8 -36 -3 -89 -63 -68 61 61 87 -52 -18 11 3 -20 61 -45 -46 -82 19 -26 -6 90 -45 -27 -60 26 57 73 13 -4 -58 -8 -8 -27 50 82 -27 -81 6 -11 10 -82 -42 -67 98 -64 73 87 -99 -95 4 20 66 68 32 -82 90 -60 -21 -40 18 -53 -79 -27 -48 49 -10 -6 -2 -69 -24 66 70 -8 2 -24 58 9 61 -87 42 -50 -44 17 73 84 80 27 -86 -60 -59 -33 8 -23 -29 -58 -62 73 78 92 -37 76 14 -3 -19 -68 -72 63 -52 39 -64 -6 
-80 63 -59 -71 22 11 48 -43 -56 -15 -37 -69 -32 25 43 -55 -87 -14 54 -76 -65 -7 42 -13 -32 96 -37 81 10 -3 23 -6 -79 -82 -94 14 35 -83 -37 -77 -37 31 78 55 -69 25 -30 -77 87 -8 73 -5 88 46 61 66 -99 -28 79 9 2 -19 -75 -65 75 -16 77 30 -54 -67 -69 -94 -3 -35 67 32 -90 -92 -73 -21 -16 -40 32 -24 -81 65 83 96 96 40 -2 59 58 -48 -8 -67 -3 59 -40 -40 35 -13 71 48 -78 63 -12 -11 96 -1 36 -19 37 83 -23 99 -43 9 -64 -31 -14 47 -86 -63 93 0 52 -63 76 5 6 -49 -39 -66 -16 -79 -13 6 -22 13 -6 -47 33 -44 -7 -43 97 93 -78 97 -13 -65 -89 67 -28 45 0 -54 -52 -11 83 -56 10 -87 95 93 -54 -75 25 62 -80 88 85 20 64 -36 46 98 -70 -18 -93 15 89 9 -9 -96 62 14 51 72 -69 -36 33 61 50 -83 -76 45 -87 -44 
-19 36 -23 92 -99 -19 25 89 34 29 91 19 51 -28 -95 -96 61 22 86 -28 98 55 69 95 54 -59 81 -2 -92 -98 55 74 43 57 -77 -65 -53 13 18 -16 41 -74 -58 85 75 44 -23 92 66 19 -40 -58 -26 -96 -93 47 56 90 70 86 -44 -33 20 -99 -19 51 78 -47 -88 19 -36 -75 65 30 -11 93 12 -30 -74 10 -1 83 75 -92 -47 -48 1 46 -10 18 64 75 25 11 3 85 9 8 -21 -20 -73 35 58 21 82 -18 -47 -15 6 15 -81 -10 30 3 -28 -46 91 1 -76 -51 55 27 55 86 -85 -4 10 -92 55 45 -31 12 -27 23 -87 9 -17 80 32 -5 45 41 3 -75 -23 -38 2 54 92 43 -77 -27 96 14 51 4 -61 18 60 78 26 77 6 -58 -59 -56 -52 -11 -35 22 -95 -10 -98 -94 -30 73 34 2 64 83 36 4 -5 -34 7 75 0 -59 55 -34 53 67 74 13 -4 88 -99 17 -67 23 
11 32 62 -68 -11 -2 -43 -79 46 -32 2 -56 49 3 -53 -62 -79 -35 65 -90 70 -9 98 -90 -70 91 -13 70 -97 -71 48 68 80 -68 73 10 36 -31 -18 -19 32 93 5 -99 -29 -44 65 62 -45 -96 25 11 34 -25 -14 -66 -29 -52 -90 65 41 90 -46 46 44 -61 53 45 -51 -6 76 0 -74 13 74 45 21 -95 -15 6 -62 -94 -67 50 44 -73 -80 33 86 -53 38 -50 59 -87 -11 -95 -44 64 -2 -47 15 -83 11 85 40 88 25 37 -71 26 15 66 75 48 -76 -11 40 55 47 -5 14 46 -7 28 9 1 39 -42 43 51 -20 -54 32 -26 45 -95 0 -56 18 -41 -61 22 16 37 -42 6 -55 -47 80 25 -3 -95 -66 -64 9 -34 -7 88 -67 -55 52 37 21 -4 -22 65 -22 -43 11 -68 -41 -72 -60 -8 -77 9 80 -86 -45 32 -3 37 -60 7 72 -32 -3 59 20 -27 -85 38 -32 24 -48 41 -56 21 21 -30 
-11 -65 34 -47 66 -36 85 -35 57 -97 59 -56 -63 18 -68 -88 -28 21 82 -33 17 -88 -92 35 94 72 84 -85 -69 -2 -65 34 96 32 -27 -59 33 -40 0 -13 -54 -99 42 -98 -40 88 -31 56 16 41 -63 43 20 94 45 -33 -21 -90 75 -57 -77 84 -44 69 76 -33 -12 26 68 0 40 51 -18 31 -32 81 -97 -97 -4 -24 36 -36 -24 5 -21 -94 76 -43 12 -11 62 -50 -53 29 69 89 -17 -61 -99 42 43 -32 59 96 47 -53 -22 21 -17 -27 -31 -99 -22 -73 -38 -2 -43 -8 92 25 -32 27 59 -10 9 -87 71 72 -19 -51 -53 -19 75 8 -75 92 -60 28 94 24 -1 78 59 86 29 58 71 -3 -72 -72 0 22 63 5 -38 -54 31 -58 -30 92 85 58 -27 66 -2 -8 -20 -31 30 -12 -48 -48 -7 -75 46 25 27 85 -43 73 -21 86 -82 -41 96 31 11 -72 -24 53 54 -14 88 59 42 84 -47 59 -82 -48 
-59 -3 64 31 -82 -55 59 98 52 -68 85 61 -23 35 -90 11 -90 -58 -7 77 56 49 23 -49 27 71 -41 -17 -70 -61 -92 31 -63 92 24 52 42 39 -29 -14 -34 -86 70 88 -99 -62 51 49 -75 -94 40 31 61 -9 -76 15 -16 -56 -57 -62 97 94 -68 26 -4 40 -31 -36 -54 33 1 -2 7 79 68 48 40 18 33 -29 -56 18 30 54 28 -64 81 -32 89 -11 24 89 70 -84 53 -84 11 -68 51 -53 -11 84 -19 72 -71 71 -81 -73 2 -99 88 39 12 -29 53 41 -28 5 -31 -37 52 -21 -87 7 -26 -79 79 45 -83 -7 -33 78 41 76 -46 -24 -4 62 3 8 -99 68 -2 -53 -41 -14 -53 -15 -45 48 67 -84 -40 20 -66 22 49 -39 -36 -14 29 -91 92 62 87 24 -89 38 51 86 51 72 31 -66 -43 13 53 -53 26 -30 15 -88 -58 36 -55 77 86 94 -86 79 72 -60 -22 26 -51 -97 -42 5 -77 -48 
-13 42 -61 -7 3 -92 -31 -80 -51 -67 19 -87 -93 -96 34 99 -79 -88 55 -52 -35 -82 50 70 -31 -42 -62 -40 -71 92 1 -28 2 -46 -48 -59 2 -73 52 -85 74 -48 -67 24 -39 -7 65 39 -86 15 -2 0 -21 -23 89 38 -77 -24 72 93 -13 19 -24 -17 -52 -88 -8 51 -3 59 -93 3 -93 11 -13 12 23 16 36 23 -73 8 -45 -99 47 90 -7 -67 -61 -50 -20 -72 -99 -15 -46 96 50 -65 -29 19 -69 36 -94 24 -31 41 14 80 -83 -1 92 43 11 38 -89 59 -30 86 43 5 29 77 97 -20 16 50 -80 -11 -18 -32 13 -31 -4 -84 -93 44 27 40 59 60 -89 -98 -7 58 62 -14 65 -85 -71 -12 -63 -63 -82 20 -57 -71 -7 -63 6 -35 -4 -44 56 56 -37 -47 -23 -43 29 65 -87 14 55 76 -24 53 -44 -76 27 -63 82 16 -86 -30 -91 -99 -87 18 70 30 90 -42 -75 -30 -15 -70 -85 65 -69 -45 
-97 -93 -22 32 -90 75 92 -22 78 56 86 -43 40 -16 93 -88 -51 -28 84 -80 -70 44 63 66 42 79 92 70 -86 34 -4 57 84 11 3 -32 15 -91 5 9 -68 -17 79 36 -17 -95 -55 -69 -31 81 -54 -64 36 24 25 80 75 14 -43 -81 67 -33 10 48 -73 95 -50 -30 25 52 -12 -47 61 99 -80 62 11 -81 10 -44 74 75 -69 -6 -35 -58 94 -45 57 99 96 12 -70 -30 91 72 93 -67 -73 18 -29 -23 -2 -20 59 -72 66 23 67 93 -84 14 20 -9 19 -10 -62 31 62 8 71 -7 45 51 35 -57 38 -28 -40 -38 -82 -16 62 -51 67 -45 28 -10 -71 -67 -59 97 97 29 5 -1 -61 -22 22 -8 70 -79 43 -55 -50 -34 94 -16 -73 82 -50 -51 57 -93 92 -37 -89 39 -12 68 56 33 -67 -9 71 86 -59 64 92 42 64 50 -63 -67 80 69 33 46 -1 -82 -22 -28 62 -10 -44 -83 -38 12 -81 88 
66 74 81 -1 58 29 -98 98 51 79 33 96 24 95 95 -84 68 -57 -64 -51 86 -33 28 35 13 -22 37 -91 21 16 30 57 -95 50 -85 65 -21 -65 59 -57 7 -63 -10 83 38 79 -11 40 -62 4 38 88 -60 -51 -9 29 -39 -66 -62 74 -70 92 -6 -7 -75 30 77 -35 64 87 34 -74 56 53 72 42 93 83 7 31 0 -46 71 44 -12 9 60 75 45 7 -26 -98 -5 -48 -91 -93 -72 -17 -26 -11 68 0 -9 -19 29 -21 3 -93 83 51 -47 -14 -54 91 42 92 -28 25 41 -11 -18 11 7 36 -29 -28 15 38 24 -64 83 -70 54 45 41 73 -2 -76 -85 -26 19 -77 -91 88 -24 -92 38 -63 78 67 -48 17 -63 23 -89 91 -79 -14 35 -74 -92 -20 -99 -63 -67 60 -22 62 -50 27 22 -96 -46 31 34 91 -61 -41 -38 -87 10 -62 89 -34 -80 44 -96 -23 -42 96 35 64 -18 68 -2 60 -73 10 -64 -94 
-82 92 84 -16 56 -24 -29 -92 -71 -69 -11 45 41 -34 30 73 -82 -56 -48 91 -95 66 -37 51 97 84 95 43 -96 -11 65 -14 -20 -16 6 1 7 18 -96 -54 85 -98 -87 -3 -99 -56 31 71 33 -82 -98 4 31 -15 42 -24 -49 -27 -11 59 -22 21 62 -81 -73 29 -93 99 -3 11 31 44 -5 17 4 -81 89 60 26 -76 80 -43 9 42 52 75 -21 23 -51 74 23 43 -89 -7 -32 79 63 -48 -86 57 -69 76 97 -63 21 80 -53 -69 25 -99 96 21 50 -82 -55 95 -70 84 23 76 14 -74 22 -40 40 54 -99 9 3 4 -95 12 28 -8 -73 -80 42 -38 -32 43 -96 -24 -66 49 -83 49 -77 18 69 27 37 46 -20 -6 85 70 19 14 -5 75 -57 -33 35 65 83 71 20 -80 48 -75 -88 97 -34 63 -21 -7 -35 -69 39 -40 -74 -23 -35 72 -74 6 63 -4 11 15 62 8 -78 19 6 80 6 84 28 89 
-60 26 30 -33 -35 69 16 63 -77 -62 -66 -36 63 -61 -41 -9 -24 21 -51 -9 -40 58 60 -99 28 0 -4 17 19 2 10 81 -67 -8 -9 16 -31 25 -90 -98 -32 -24 60 -28 -41 -88 -12 68 -97 26 -53 2 -12 -56 93 -57 60 78 -67 -2 -78 54 39 42 -44 6 6 42 22 30 2 45 56 11 16 20 71 25 -36 64 -11 68 -56 7 64 -68 9 -46 63 85 21 39 93 2 -64 -54 -20 47 -32 -63 82 -24 -83 -73 -77 73 15 -91 36 -63 80 -31 32 -5 -95 79 -64 14 5 -87 62 50 11 -77 94 -66 -3 65 -41 27 46 -47 88 -51 -46 74 80 54 79 -2 67 -32 -60 -64 -62 45 -61 53 62 -23 21 97 59 -71 -66 -10 63 -65 2 33 90 -83 -40 42 -45 -30 -38 -86 21 -91 46 12 -39 -32 29 12 -4 58 37 61 18 -65 -56 14 -29 5 99 81 -16 -47 6 -86 -49 -48 35 49 44 -82 66 98 
-48 -80 31 -95 -43 -84 41 77 73 -68 0 -4 -47 -2 -59 -70 -41 30 27 62 -47 -67 -54 -68 31 29 -52 -16 32 1 -59 -89 -10 -97 29 57 8 -80 -46 -29 82 93 43 48 -1 -57 -12 8 -36 13 -79 98 -89 12 -30 -57 66 -92 -80 17 -94 91 -64 63 99 -71 -20 -50 -20 -49 87 28 -18 36 -73 36 65 71 -53 44 -28 27 -74 48 -85 -71 -94 -37 -28 10 -16 -52 96 57 16 96 89 72 -96 -45 49 -24 42 82 -91 -87 -43 -58 -24 15 18 60 82 -59 -65 -66 -2 10 -8 40 41 23 -81 -61 19 94 -42 -18 16 0 32 9 -92 -44 98 -7 -19 5 -80 41 65 70 -48 40 -25 21 -13 74 -25 -14 16 -17 15 -43 -84 -18 63 -4 83 -14 47 -27 78 -54 91 49 -50 51 26 59 78 -25 -84 58 44 -67 -94 61 65 14 -31 -21 -90 95 11 -42 -20 -34 -67 17 -72 69 -71 -15 -35 92 -19 -55 -35 -89 
-77 82 -23 -54 83 0 3 -20 46 -16 -97 -68 20 -94 -50 45 -6 -37 61 -61 -89 9 -95 -42 -77 89 28 7 72 57 -71 51 -78 -55 -94 50 -88 -89 13 -11 11 -24 -28 31 78 16 94 62 43 41 -79 -18 -6 17 -92 -62 -1 5 -49 75 -27 1 -30 -82 58 -87 33 83 -81 -64 10 -6 61 84 95 80 7 20 45 72 13 -77 -65 2 -44 84 -91 -75 42 43 28 47 0 49 -34 50 78 -85 73 67 -1 -52 4 -74 39 86 -23 76 -17 -45 -17 29 -60 -67 25 5 -50 -16 26 66 51 -87 33 99 -79 73 3 -46 40 7 20 55 98 -49 86 11 97 23 61 -87 26 -75 36 -81 -28 -4 -10 -44 -89 16 58 2 67 -16 19 -25 78 71 49 90 49 -22 80 60 -59 9 28 39 35 -2 73 -22 5 93 78 19 -31 -37 -26 51 16 -58 14 68 -86 92 51 41 -68 -91 84 89 -12 11 -61 61 -42 -81 77 95 
31 -27 -46 22 32 88 -4 -27 -93 80 72 -82 -42 -76 -18 -99 -10 -66 75 99 -18 -92 -33 -58 -81 81 -40 -69 -34 69 98 -40 -90 -88 -80 26 -65 64 86 52 -66 -75 -80 7 73 -18 -69 26 78 -67 -85 43 -88 -76 34 65 18 -99 -78 -96 26 46 -37 -90 73 35 67 -67 -17 -92 -6 23 -15 -65 99 -62 78 -1 41 2 5 -21 73 -3 48 -60 37 -25 40 36 78 -22 41 34 -40 51 38 97 -28 -86 -39 32 -91 83 -31 79 10 -44 -65 -8 40 16 -25 -47 -68 -19 33 -66 7 16 -16 54 34 -84 99 75 54 -81 -33 -87 -42 37 -35 -18 34 -75 -90 -12 -10 68 51 -99 0 19 38 3 85 -89 18 15 -82 29 30 -15 -64 37 -3 -55 -42 9 -1 -42 90 -66 5 95 51 68 -58 -46 -71 -20 -51 64 -61 55 94 4 75 -69 -63 -45 -44 16 -63 -81 77 31 -88 -55 63 -83 -78 -92 -15 -4 69 -23 -12 -67 
48 0 -75 -42 -7 -49 19 -68 -49 -38 54 -52 30 -82 58 76 41 -59 32 10 63 -25 -27 64 -99 -36 -67 45 -74 -45 -50 95 56 -55 92 -35 -3 89 86 -46 -2 -59 56 -33 59 -66 -31 3 60 2 -16 -82 -75 62 -97 35 -51 -9 -94 -67 -81 23 58 33 -30 -66 -45 59 84 -60 61 53 -64 -60 56 85 24 28 47 21 25 47 -1 -5 -60 31 82 -21 -78 -16 -44 -60 -90 -27 -90 51 -22 45 -83 -71 -40 24 -53 59 -22 15 -87 99 42 87 -67 -85 9 17 -46 -23 70 -98 -48 4 -75 -68 78 -91 -64 54 -84 17 44 82 -72 22 38 -8 -43 30 -14 90 -37 32 6 62 -59 34 1 48 -62 28 55 87 98 -16 38 -46 18 44 14 -16 99 -40 -88 -17 18 20 -82 -42 -84 -14 63 -53 -44 -61 -76 -35 2 90 34 -59 53 -57 79 68 -77 -46 -8 99 -71 48 -58 3 31 -61 -29 75 95 98 37 31 64 -90 
28 32 -15 31 -86 2 57 -44 -13 -44 -52 9 -91 51 35 -24 -40 11 45 -82 94 84 91 42 -76 20 80 59 -48 -84 54 79 -55 -77 -42 -42 -57 46 63 67 -81 19 82 81 84 -95 -6 78 95 62 -53 -55 28 -1 8 53 -80 5 -93 -63 -5 -86 -50 4 -10 -13 62 -75 22 96 -81 -44 1 -18 62 39 -70 95 36 -16 -3 -42 94 -15 -58 -90 55 51 -49 -50 -13 -71 11 53 93 21 -15 -6 29 -32 73 15 -62 -83 50 94 -93 -72 -52 18 -56 44 -23 -74 92 56 82 -90 -81 -53 58 34 79 -10 25 29 -26 28 -1 39 69 87 -65 -6 -23 6 -5 3 -20 -47 18 -6 47 -94 60 -4 -42 -60 -56 22 29 -55 -7 -32 20 45 -91 -70 26 21 -56 81 76 -88 21 -47 -22 -22 -54 -53 -73 16 1 79 86 -21 49 -76 54 -23 61 65 -35 77 22 -76 -73 -24 43 36 98 -40 -20 75 -50 -36 60 -57 -45 13 
55 97 -64 49 70 -12 -52 -95 -74 -4 -41 73 23 54 -17 9 -79 69 62 94 -8 32 -83 96 -20 -95 -59 63 24 75 5 56 -9 87 74 -52 42 98 -1 15 53 -40 -74 -36 -78 -1 -48 97 -19 -32 35 76 95 58 86 -20 61 48 -91 -73 69 -8 38 80 -67 11 26 31 50 50 83 -58 38 27 90 12 -31 -28 -47 -67 -64 -86 65 -40 -57 -79 -41 -9 -12 -17 -3 33 57 -69 -92 88 -28 25 -49 -78 2 14 -72 79 -66 -62 -1 -55 -48 43 82 64 -98 -6 -81 -56 31 85 33 69 -31 -22 23 88 -31 -10 81 -86 -87 85 -45 -67 -77 21 0 50 40 93 9 49 -29 8 -87 -61 -95 -37 -89 -75 -25 83 -49 52 60 34 -45 96 25 68 38 -52 5 73 89 7 12 -33 -82 -29 -33 -40 29 43 -92 -71 28 -36 -47 -35 -37 95 31 -91 34 -59 30 83 -32 -43 30 -13 71 82 79 -65 -48 52 51 -58 42 57 
41 63 42 -58 86 60 29 47 -36 12 81 -59 -96 -53 85 28 -40 -19 -79 -70 -33 -97 84 37 10 9 88 4 2 31 -51 -48 -36 61 -89 -79 78 -78 -74 -80 -30 -26 -52 -85 8 -83 51 40 -28 -16 81 -27 -71 30 -71 27 -80 -98 -80 93 2 -81 89 61 19 72 -22 -16 -97 -39 75 13 48 54 60 93 -58 -2 -40 63 -24 75 -64 7 55 -83 1 -36 39 -55 -52 -20 38 -53 -67 19 67 -54 66 34 21 -45 -21 -80 54 -17 58 52 -55 34 -19 80 -79 99 42 -19 -65 -97 41 53 51 -68 -45 88 5 -8 88 -41 83 -74 9 2 10 8 87 -8 -40 19 -2 63 -29 -70 35 -28 5 -98 42 6 -69 -9 6 -68 11 -78 1 -63 48 -78 48 -30 -45 -83 -78 -88 24 -42 -73 83 -90 -48 77 27 87 -81 -81 44 -62 50 -77 23 -12 -82 62 -69 25 -98 -41 -61 91 2 -17 44 -54 89 -5 19 -2 -32 36 -61 
-33 99 -89 -62 72 97 -25 -33 7 -19 82 -65 96 10 -77 -55 43 -12 -19 6 -33 94 -59 0 -32 76 -32 76 -89 65 37 68 36 -24 -11 22 84 -40 92 -25 80 55 64 74 27 59 -20 31 60 90 98 -55 90 -10 -14 -50 -85 -97 -8 63 -79 72 -41 75 5 91 15 -67 -6 -7 40 -4 7 98 -37 -64 61 -79 -29 -57 -79 -14 22 58 -77 -59 57 -94 -80 -72 96 -77 35 8 48 -6 3 83 40 -45 -16 15 -68 54 78 66 -56 -89 -72 42 -86 61 43 -23 7 -58 36 62 42 39 33 35 59 93 37 86 27 -44 9 -77 -73 66 16 38 -39 70 -98 41 -75 19 -2 71 37 -69 29 94 -11 24 -18 -1 -25 -49 18 39 -67 42 89 51 31 -81 44 36 16 9 32 7 -67 -5 58 -95 34 42 92 -84 -82 -76 -76 36 -83 29 24 58 -35 -59 14 20 -80 1 2 -91 10 -63 -86 52 -70 22 -47 -74 -67 71 
-85 63 77 59 -56 -54 9 44 86 25 -51 -25 -59 11 -60 -67 -59 49 -33 95 -38 -6 -11 93 -70 -73 99 -29 11 61 56 -23 78 -78 76 44 -4 61 45 58 -77 81 -74 41 -48 87 -33 18 -35 -70 -99 -53 3 -28 78 -96 54 77 39 84 20 12 -51 -53 7 81 -71 0 6 90 41 -40 79 21 34 42 -71 50 -3 47 -36 -7 91 6 -59 35 -6 -91 27 -82 7 88 36 -32 -67 -86 67 -62 79 91 -90 60 19 36 -11 56 -62 14 -81 -11 -74 35 -3 99 -9 88 98 41 69 -53 -33 58 6 -62 -36 -81 -58 -26 6 83 -80 -18 23 -77 19 77 -8 -5 -21 26 -52 56 -73 90 -34 -94 -70 -99 -84 40 48 19 -28 -30 -79 14 -47 48 57 -81 17 -94 51 28 -26 -37 91 96 10 39 -18 46 21 68 -79 -46 -46 -2 -15 -81 10 81 -45 -45 -14 55 -20 -2 -1 71 -29 -32 -61 -11 91 82 35 57 31 71 
75 56 -18 -3 -9 -95 -92 59 -45 -42 -25 -94 -22 -60 23 -54 -1 45 -42 65 76 29 -76 -28 -11 -88 0 94 -6 16 -83 10 -64 -92 -39 38 23 -31 31 -61 77 29 -62 -4 -6 -9 -96 14 46 -2 -90 85 -60 26 -33 -58 97 49 -48 -89 15 -24 -34 13 50 51 -23 20 59 66 -16 85 75 -14 -15 -53 13 68 -77 77 77 36 -98 -42 55 98 30 -14 -91 -92 67 68 -90 4 -52 -52 53 6 -94 -41 89 -5 -64 20 14 62 42 80 38 70 -46 15 83 12 79 14 67 75 -9 42 44 -80 77 8 1 27 -91 40 99 89 30 -36 82 17 -64 -37 4 92 49 15 -18 23 17 -64 41 -27 68 -55 68 -19 5 75 -29 48 60 59 -73 39 40 -51 -85 13 -83 41 -15 -11 -20 27 5 -99 -43 64 -65 -50 -57 44 33 -39 -95 70 -70 -93 -27 14 -62 -15 -25 50 -32 93 -53 91 74 84 -58 94 -75 96 75 89 
-48 -20 -72 -95 36 -64 -23 -24 -7 -51 -27 75 33 1 -57 -49 -97 -48 55 -93 51 -93 -86 -16 -64 72 -39 -12 -60 56 -24 -11 -39 79 5 -26 70 -71 -25 -9 30 -28 2 72 7 78 40 -60 -62 -34 18 -85 85 -9 35 38 -36 -55 -23 14 -83 -21 -85 -5 61 17 -22 -60 67 -61 6 -81 34 -74 0 -65 -73 15 6 -5 95 -28 -74 -11 -44 -79 -45 93 70 -70 -62 31 -14 38 2 71 59 69 -87 -99 36 38 86 11 9 -95 -11 -32 -86 15 56 97 72 -21 -83 74 -6 -67 60 85 82 49 -63 -10 -76 70 32 -56 -57 -90 -42 48 31 96 -24 85 1 63 -67 -94 0 79 90 -13 -54 -7 -53 14 -87 -5 -48 47 70 -6 13 72 20 41 6 35 10 -60 71 -62 21 -21 -19 -10 39 88 13 44 65 -61 17 -32 -98 80 45 8 -65 -63 43 38 18 -89 20 -44 -57 -88 73 -3 73 -42 91 -46 -50 10 88 0 
61 -75 -46 -26 -34 51 -41 -26 -89 -30 -74 91 -5 -19 92 17 -46 -55 87 13 72 39 -69 -22 -77 92 71 -22 79 48 -36 85 -12 -16 92 -17 8 -60 50 98 -14 -12 -22 -9 11 -50 4 35 20 38 26 45 38 -89 85 -47 -71 -1 5 50 -86 10 16 48 -16 70 46 -78 72 -78 -94 -66 -15 -11 -62 -3 9 58 29 -25 71 -73 -7 18 43 73 -10 -4 -92 -69 -29 -21 -64 78 4 -16 58 -14 44 -63 -43 -89 85 -98 -50 21 -44 30 63 -12 96 80 9 77 89 -7 -58 6 -87 -59 -13 -65 56 62 -56 94 -37 -47 -64 -5 -73 -64 34 14 27 -18 96 1 -74 -93 27 -56 16 25 44 -49 31 -8 28 -83 63 52 -58 -76 95 -33 46 -99 73 41 51 89 82 -11 -74 73 -16 -76 89 34 21 70 -68 -1 -58 46 36 -61 -56 -66 -84 -60 -66 -42 -75 70 -64 -82 -3 -69 64 -32 -46 59 44 -2 31 -14 19 98 
-95 27 29 -70 -78 86 41 73 -45 94 33 -33 -7 9 94 -88 2 75 -30 -98 -1 15 9 13 36 87 -41 24 -4 -15 76 -89 30 -54 -51 -80 -12 67 27 70 85 -66 52 1 -40 -15 61 0 19 -94 -64 72 -37 -84 59 17 -61 90 49 -41 -88 -40 -23 -72 69 86 -9 -26 99 67 25 -41 90 -97 99 -24 99 -75 -36 -64 -1 -78 51 -57 50 -13 -85 -80 13 43 88 -8 -84 -64 -43 -55 -1 -58 -87 54 71 -60 -27 -42 -56 -26 -49 61 -62 81 8 -69 -54 80 79 -12 -68 48 84 86 -74 -81 -75 71 -77 -5 63 -81 -83 65 17 83 31 -65 -46 -82 67 -14 -69 55 -85 37 -51 88 -91 65 -2 -85 -76 -86 26 -84 -80 17 88 -89 -35 -49 -45 -30 -42 74 21 -51 87 -35 66 -19 62 36 38 -83 48 37 85 79 -17 93 60 57 -77 -6 76 98 -48 36 -13 51 -86 -54 -28 -83 -25 49 51 -34 -8 5 17 -11 
-93 22 90 37 68 54 63 1 -91 -90 -64 -89 73 -39 -17 24 90 -64 -91 -2 -42 52 66 67 -69 64 -18 80 -56 92 60 11 -41 -33 -19 34 19 58 72 -22 72 50 36 70 -38 84 -26 -25 -83 72 85 83 -69 70 1 34 -97 -74 -99 -68 -14 60 -67 12 -42 90 15 90 -9 -51 -82 34 -91 55 -79 89 89 29 87 66 -75 -71 31 3 -89 64 19 52 13 -35 37 57 11 70 -22 52 86 9 -87 82 -15 85 81 -45 93 -79 96 -45 4 53 -87 37 -11 53 70 18 -45 26 -89 -80 -38 -86 39 22 -45 -52 88 -43 41 -65 69 49 -18 27 59 -47 18 -26 79 11 96 -52 45 -71 -39 56 7 12 -31 77 76 67 30 28 95 22 63 -85 -96 -23 29 -59 98 -7 75 -74 25 6 -13 6 68 -32 71 31 30 -59 71 76 -75 -94 34 3 -2 86 12 -35 76 81 34 -14 73 -71 -27 98 -46 -54 -62 -2 -99 53 
15 -64 70 33 81 -48 -42 35 -1 46 -15 -24 -52 -18 -33 62 11 -92 -4 -15 -59 -93 -6 -10 -27 73 -61 35 -46 -79 82 -71 31 -56 -25 -94 -12 -49 -2 6 -2 99 -35 64 83 -9 -43 -87 -87 -33 -48 83 -33 86 73 -99 -26 -6 -32 -50 22 -98 -82 31 10 8 16 -18 -99 -63 64 74 41 -39 -83 -90 61 2 20 -84 47 54 -84 87 13 62 1 30 35 -81 -33 76 19 -58 -35 54 -97 -31 -91 -43 42 77 -48 23 72 86 40 -54 82 -19 18 -20 -76 -60 8 71 -43 33 -57 -90 61 -34 -57 95 0 43 59 -81 -23 -71 -90 17 -55 -63 67 -1 -44 -7 16 33 58 27 96 -92 99 -10 -38 71 55 -4 -54 -98 -64 -13 49 49 1 64 -82 44 -54 -15 26 49 -77 -58 -36 -22 62 -4 -66 65 79 -35 10 0 40 -32 -78 87 11 -58 1 -72 54 25 -18 14 36 64 3 77 29 33 -58 31 1 -17 72 32 
78 -61 -33 -37 -49 -52 59 -81 -72 99 -24 -53 -27 57 48 -58 -7 56 -82 90 98 -38 -12 29 -98 28 -46 40 -14 77 -96 -6 69 -7 -37 75 -11 -70 -40 21 54 72 96 -92 -65 -73 -96 -73 -95 -84 -85 76 93 6 -39 4 10 57 -95 -84 -6 -91 49 -5 11 -74 -14 -18 89 -78 -95 95 93 -97 -1 56 71 -71 -70 -42 -9 -29 -93 -68 -25 40 20 71 -84 68 -18 58 -11 17 43 -74 -72 35 -23 92 -74 -65 32 -44 -40 4 11 -25 1 38 36 76 97 -17 43 -85 5 -27 79 -70 27 -62 -12 -35 -20 -56 -33 -91 88 80 22 43 -47 -94 -39 -17 87 53 7 -58 -9 91 11 -46 -84 -23 -50 -91 95 -26 60 -30 64 -59 -64 27 20 90 -16 28 7 -48 -42 -32 3 -30 55 -16 18 52 5 64 16 -77 -12 -48 -16 -96 66 -37 1 -58 -31 82 60 78 -15 -65 12 -77 -1 63 -88 65 -39 96 -44 56 -43 -4 
72 2 -28 79 -97 -40 -87 -66 19 49 -22 -46 57 38 86 -14 25 -51 40 -60 35 -35 -68 22 -57 36 23 19 2 25 -10 -47 -46 -33 -47 18 -80 -36 11 -77 -84 -43 84 -11 -22 19 -90 27 -49 80 19 -12 -51 74 -20 -55 -49 8 82 -41 -87 -3 22 15 75 5 5 10 48 85 54 -30 19 35 -73 -63 -75 -29 -54 -17 73 -4 -14 -11 -9 -29 -44 96 35 -14 23 -36 38 25 0 -92 -38 -31 -69 12 49 76 93 92 46 21 62 -39 35 -24 -84 -7 9 14 16 14 -21 -98 82 -90 73 36 71 -19 39 20 84 52 53 -21 12 -54 -2 15 58 -65 -33 -21 60 56 28 -20 -50 -42 20 -82 -68 33 -90 41 -72 40 -78 -41 72 52 91 25 47 29 -31 12 79 -43 -54 42 -44 35 59 -28 -31 -87 -64 55 -71 -57 80 82 -33 -26 91 32 -57 -88 81 12 -55 48 14 80 7 -13 -30 43 -96 -40 59 -36 75 32 
-18 -76 -20 -19 -99 6 -57 -92 -58 16 -98 64 14 -24 -81 -26 -31 51 22 -65 9 -49 27 -35 -32 46 72 27 16 -22 52 55 40 22 35 -56 44 96 30 41 -61 22 63 93 9 34 64 40 43 61 51 42 -13 2 -81 -33 50 53 51 -71 4 -52 -4 -66 -16 48 -48 -22 4 -77 -28 95 -17 62 55 -56 -7 -96 -68 -47 -54 -43 -12 -70 -93 59 35 26 -47 -39 -14 -2 -70 64 35 -77 8 -84 94 90 -7 74 -35 -82 30 -32 -37 -70 -78 72 84 -17 94 -20 -60 -83 37 -57 13 72 55 -73 32 -70 72 48 40 44 22 -70 -91 -18 70 -63 82 -82 -48 25 82 62 -64 -40 -30 98 -45 38 87 -46 96 5 -98 -5 -82 -93 93 -86 95 17 27 77 47 63 -19 -81 11 27 12 1 -69 -10 56 -23 18 -87 -25 95 -30 30 94 -45 -19 -7 22 -85 -56 50 86 -97 -30 81 27 36 17 -53 -17 59 98 -77 53 -29 
-6 -59 -58 78 66 75 -95 -66 -37 -12 -97 59 95 -85 52 -83 54 -95 5 14 50 -49 81 -42 -89 10 -6 -71 -3 63 51 -10 -50 -42 4 -71 87 -80 39 -1 4 71 -68 39 -36 42 74 -90 77 -56 -10 -8 69 62 -88 -20 -47 -56 41 11 83 86 -4 52 51 -87 -9 -14 5 -85 6 -22 -59 -97 -50 94 17 43 -81 -29 90 39 60 10 -63 49 -16 68 -51 35 32 89 -19 89 92 -20 65 8 -71 -59 53 -9 -86 -18 -66 98 -65 55 68 -85 -37 3 -51 -7 49 6 10 6 -19 -51 -52 -34 -48 -28 25 -98 23 90 -64 -24 -78 44 -23 77 79 21 -78 -59 12 -87 -92 48 62 71 -46 65 1 78 -42 92 -75 46 -86 -52 63 -33 -70 79 83 -66 -14 76 22 -91 -30 94 -97 -1 -41 -93 -14 21 -26 34 85 -60 -15 -83 -26 88 -36 -71 -12 -52 54 -11 -87 9 -80 -89 47 83 -12 -99 92 44 4 -38 -6 -17 
76 0 7 -36 17 -78 46 -1 36 1 36 -74 -12 -69 88 65 91 26 -79 63 5 74 36 -52 -43 33 75 -11 94 -73 -89 -62 82 -44 -97 85 31 90 36 2 13 -31 4 -21 -29 -88 21 -21 58 59 -76 -76 33 -82 -85 93 -46 -77 -6 -21 -92 -99 -46 -78 -30 -27 -83 97 -9 -15 96 66 -1 0 -93 -4 32 13 -70 29 -99 82 35 -54 38 47 -38 -80 21 14 81 -57 18 -78 -26 21 -27 -24 34 68 -16 41 79 -64 59 69 -17 22 4 37 34 -16 -57 21 -16 -18 -38 -68 2 52 -90 -54 51 -92 -21 -41 30 88 -26 21 57 -34 11 29 -21 -14 36 14 20 -68 30 -14 -31 42 91 -6 -91 -86 -6 -29 -60 79 20 87 96 -4 59 42 -69 70 99 93 -4 52 -83 -23 8 86 84 -64 82 93 -98 -79 47 98 28 52 -39 -81 -30 93 -43 21 65 72 89 -43 -94 67 93 8 -78 38 12 86 58 -88 -78 71 
72 -69 51 -92 -12 33 61 77 83 -28 -27 70 -96 -46 -83 56 67 -75 -86 -94 11 -11 83 -93 -72 -97 6 54 -93 54 20 69 48 23 -53 1 37 -89 -52 63 -34 63 -78 -64 -10 -59 91 -69 -36 -62 -1 -15 -87 -40 -53 -66 -17 -78 31 -25 -20 88 -48 -29 -30 36 8 99 -88 -63 59 -28 95 27 63 -86 65 -97 -97 14 -61 -71 -77 -34 -72 60 71 -48 -70 -2 14 92 39 -37 -90 96 -22 51 16 89 -16 -44 90 -52 -60 98 -2 99 17 83 50 -89 83 45 -61 -82 19 -98 61 -79 -74 29 31 17 -42 85 99 62 54 81 -34 85 73 11 84 -35 -54 -94 9 13 42 57 -21 -83 -58 -33 49 -64 -2 88 -69 94 -95 41 -98 52 -74 -72 5 -85 -33 -63 -1 33 -21 72 -38 91 69 71 -75 76 -15 60 12 25 33 -34 0 -53 51 -43 41 90 51 -75 61 -3 -27 -42 -7 -7 54 -45 66 -94 13 -94 -77 -39 
52 -51 -86 3 0 -9 88 59 -76 -88 18 40 12 -29 -35 22 56 28 20 -52 -20 -28 -95 -63 41 68 2 -26 64 7 48 32 74 89 -35 -64 -44 -55 -43 3 90 -65 8 66 29 58 -44 32 -71 -99 37 -35 -61 -36 -5 77 -39 8 -82 69 69 3 29 64 -33 -29 75 -18 -99 12 -21 5 58 96 20 -94 27 -59 79 -42 -14 84 -82 -67 19 -80 1 43 -39 31 -65 54 -56 44 -95 -24 71 67 54 -55 -71 11 -70 -25 -69 -13 -13 -65 -23 71 10 -66 -74 -14 -56 38 -29 25 -65 26 -31 -72 -7 -46 -84 -50 -9 -85 -24 -17 59 53 -22 27 -70 -15 -9 -8 -18 -42 30 96 -91 -12 26 5 11 -42 55 60 24 -19 -46 12 -27 -48 -75 64 84 -8 -21 49 59 -30 -33 1 -23 70 99 93 -39 77 -16 -6 -57 -84 78 74 29 1 49 1 -26 -45 -62 -1 -98 -1 91 -70 -5 -51 29 -72 -32 49 -72 9 17 -38 
-35 -65 91 -44 12 70 26 -64 -83 -80 -15 -94 -29 -48 -30 96 -19 63 -45 -59 -20 83 9 87 -82 -56 -88 12 -64 53 -57 -46 -61 90 22 86 -61 92 87 -33 88 -71 78 -28 20 14 75 -90 -72 -23 -15 -17 -65 -8 94 72 -52 -49 -35 71 47 -67 -77 33 89 -6 76 -74 29 -40 67 22 -77 87 -13 61 -88 17 34 68 0 -94 -9 97 13 -16 98 -67 70 64 12 -61 32 41 72 -46 -7 13 -72 -44 -3 -34 -82 76 -9 -24 -61 66 2 -78 67 70 -66 -54 50 -52 -81 -83 12 -9 -52 63 18 21 -96 37 -76 28 9 -27 60 92 68 65 70 2 -86 -30 -32 41 93 -52 -56 -22 -26 -10 54 30 -67 45 -27 0 89 -79 93 19 -79 40 80 -66 -62 98 -29 76 -84 -55 -97 32 -45 43 61 -63 -95 -19 -87 83 -52 59 -26 -65 -16 -45 -1 9 49 9 -40 -69 58 98 32 -24 99 7 -98 -51 -78 18 -61 30 
91 29 12 -69 63 -34 30 -28 -73 -96 -11 16 -88 -46 -13 94 93 -40 88 -15 -67 -78 11 90 51 -84 -25 -91 -16 -38 -86 -45 -53 91 -38 99 -87 47 39 62 96 -64 28 -12 -64 -47 45 -35 2 0 91 -97 -57 86 62 -25 -62 -33 58 -79 -22 -82 -90 -5 -9 -75 66 80 -96 96 22 63 87 33 -33 -71 -13 54 93 87 -65 23 63 -95 -2 -38 -24 88 11 -32 -35 -90 -42 17 87 -99 4 -49 25 73 -62 -86 -56 -80 -92 -3 23 15 -21 -40 -64 29 93 -19 44 -29 -11 45 24 -79 35 54 55 33 -42 -73 20 51 80 -13 82 -92 -40 96 -20 -1 81 96 31 46 -66 -35 48 50 -2 -43 18 45 49 -33 -45 -11 24 -43 33 8 -74 -92 -38 -76 27 -19 98 41 28 -97 -79 -31 -91 -72 -99 -74 -13 26 59 41 75 -37 -81 -98 94 14 -69 -24 -99 5 -50 -86 -80 80 -24 88 -37 -58 10 29 -19 -78 34 -9 
-64 81 -45 -88 -77 99 4 -12 2 72 20 9 82 -58 60 -10 -30 55 -64 -72 44 32 -60 -53 -81 76 99 -79 -33 70 67 -9 24 14 66 28 33 -1 67 39 31 89 14 -69 22 98 -4 -95 -88 -42 0 53 -15 75 11 60 -94 -16 64 -4 -86 -69 46 54 12 -25 49 -3 -73 -60 47 -27 -2 -53 68 -6 -36 96 -63 21 -10 29 98 -6 70 56 92 23 -86 -2 -55 -36 -2 9 77 98 -17 9 -3 -99 -10 -71 -49 61 47 -93 97 90 -62 74 29 -63 -21 -21 -1 78 -57 -54 -35 -11 -89 -24 -4 93 -92 -55 13 67 2 93 19 -18 53 35 0 9 39 -41 -37 4 88 -30 30 12 97 -17 80 -66 92 -88 24 -58 -86 41 84 19 -27 -26 47 4 44 -67 -33 -17 62 61 28 79 75 90 2 -50 6 -86 44 -97 -55 -59 -63 15 -17 54 75 -38 -86 44 88 3 41 58 -72 -89 66 26 -92 -60 7 68 82 -32 
-25 19 -31 38 56 35 -14 93 -34 18 -28 73 -1 -1 4 91 20 33 -32 72 70 89 7 88 -65 4 50 52 57 -19 86 -69 1 -79 93 -58 56 58 53 31 -14 44 -62 88 95 -98 -89 2 -17 -82 24 79 -69 24 -79 -1 -35 -42 88 81 94 53 47 -78 59 -94 87 97 -68 34 51 -6 74 -93 64 -63 -53 -85 -95 60 68 -64 -90 40 5 13 -83 65 -18 -90 56 18 -20 2 -86 -11 40 7 -60 -98 -12 -53 68 86 13 92 60 -9 2 -14 43 63 53 -11 -47 3 -77 -64 -12 10 59 8 3 14 21 6 -84 -57 11 -5 -82 -18 -89 -93 3 -22 97 17 -84 51 92 58 62 -31 27 42 29 -25 25 68 73 47 -20 -64 57 -79 -29 -26 -37 89 81 -37 37 -4 -36 87 -31 32 3 23 97 -51 -41 72 -91 -33 -6 54 -41 59 32 15 -76 -42 41 31 -39 15 26 9 43 -32 13 1 -74 27 -8 -74 -45 42 
-84 -82 -48 -58 -9 95 13 74 -67 -84 -92 -75 44 44 38 81 -80 -33 -68 -62 34 78 23 -60 -58 -69 89 -8 -51 -13 32 31 0 -30 -28 -80 89 -74 80 3 -60 42 -76 0 72 86 58 55 -61 11 2 -40 -49 77 48 -64 -81 -34 -87 -99 -94 32 17 -17 2 -21 -71 -65 66 -42 -37 95 85 -17 -4 -57 43 -67 -26 80 64 25 -49 45 -21 31 12 44 -93 -13 -73 58 -92 19 -61 -21 -20 71 75 65 -85 46 -74 -9 -42 78 63 41 59 -27 -13 -82 -23 68 35 56 98 92 -47 51 46 3 -56 1 50 34 -95 -4 36 37 73 88 -60 44 -19 23 -78 71 -58 79 -62 -10 -90 24 71 61 -9 85 -59 13 -80 -93 59 80 51 95 71 -42 -32 -93 -14 62 66 -57 -41 -2 84 87 -81 92 62 1 72 32 -95 89 52 -77 -98 49 -22 70 -23 54 47 21 19 -2 89 3 -6 78 25 -70 9 -4 33 -47 71 -23 
-59 9 -3 -16 -26 74 -58 93 69 -36 60 99 -5 73 -68 33 21 85 -40 69 -63 43 63 -23 -4 80 3 45 76 -52 -74 -86 -44 12 69 30 61 88 -60 -82 -12 -39 -91 13 91 -40 73 80 -92 -1 70 91 88 -52 -1 -38 -83 -43 -39 -83 -28 -50 -94 14 47 91 77 -91 66 41 -36 67 51 -50 33 -2 -54 -72 -30 -71 9 15 88 -51 68 -84 -28 87 -80 -72 9 -1 57 58 20 -43 73 31 35 13 37 -36 23 82 -52 33 -34 89 -51 -25 -2 4 11 -18 -99 -50 44 -58 97 40 -83 89 20 42 -89 -33 -46 53 -58 -54 99 -96 -2 15 6 60 77 -93 -16 88 -65 -41 86 30 -24 13 -64 -33 31 81 -94 67 66 6 11 -38 -41 97 -62 40 -63 11 42 99 -49 83 81 63 -44 62 47 88 53 -67 38 94 77 14 -28 -95 88 57 69 -21 -28 -36 -54 -34 72 69 19 18 -8 66 45 86 -53 53 31 51 
74 -13 -11 14 32 14 69 43 5 90 -66 26 -11 49 76 13 14 -81 0 -39 35 96 -15 -82 83 79 -27 -92 81 -62 -21 -58 -93 -99 -73 -47 45 -19 78 -43 24 73 -46 92 17 -30 26 -27 90 17 28 13 11 -77 -94 30 35 14 99 -26 -37 12 0 -47 36 -55 -78 85 -21 -56 -93 8 -17 -75 50 93 -27 -8 31 88 5 2 98 20 10 86 63 77 -85 30 -21 55 44 -51 44 -4 93 -68 46 91 -35 3 75 64 -28 70 -20 46 30 85 -53 86 82 82 25 -90 85 59 -49 77 -95 -48 -89 -48 92 82 9 80 89 65 -10 10 -86 -6 51 27 61 62 -16 68 80 82 -87 -76 18 60 34 -32 -60 35 -56 -57 32 -73 -58 -41 52 75 -62 -92 -56 77 -84 -21 -17 79 -18 -45 -96 -16 -86 -98 57 -55 -56 50 -41 -67 96 -86 50 -56 92 -52 37 -28 -70 3 -83 -13 20 -55 26 33 68 30 -24 -51 91 72 
-75 -20 35 -80 75 -38 -64 14 -38 94 63 93 11 -94 63 66 -95 -38 -55 -29 -78 73 -10 21 -49 57 -26 92 73 91 18 99 71 -9 23 -10 -37 87 -70 -74 -69 69 -2 -48 -71 -26 67 -37 -67 -29 4 45 -49 -15 -4 -5 -91 -62 32 -11 -29 -10 -53 50 -73 21 36 79 -76 71 -87 -9 -53 -25 45 26 83 -3 -6 70 -1 -69 -62 -93 -68 -99 -70 -48 -59 56 -70 -25 76 -76 6 -97 -73 3 42 48 78 55 16 -23 73 61 23 -49 -58 18 80 -87 -39 -92 -14 62 -26 -3 -35 9 -70 -71 24 62 39 99 4 -69 83 -1 88 -15 55 -83 -13 82 83 -28 -97 -10 77 8 39 -89 53 28 -63 -16 -35 -86 86 45 -59 -4 -42 99 -38 -77 -36 -96 -11 -68 35 9 -66 -78 -18 1 64 79 -70 -31 -86 5 -67 49 90 79 -76 -94 -97 16 23 -98 16 -38 -83 92 -79 59 -81 19 15 -77 90 68 -31 -62 -94 -12 
81 86 95 -57 -16 39 -32 7 0 -19 92 22 34 69 53 47 -22 60 -99 77 -95 -28 -85 40 -89 -45 -62 73 -6 92 -60 61 -87 -41 7 -3 -66 -63 97 -37 22 -21 68 92 -82 32 66 -16 28 54 -81 -78 19 -15 -56 22 -61 71 75 30 26 43 80 2 50 -77 15 -87 -76 53 19 -16 43 -82 87 -30 21 58 95 40 -55 -30 -68 -14 10 85 77 51 75 -84 -52 -25 57 -24 2 -46 -36 -63 82 -36 -43 9 -88 41 58 -32 67 6 64 34 -11 39 91 27 39 -73 -58 57 -66 -91 8 -77 -57 39 -6 -60 -9 21 -32 18 -15 -76 -46 17 -37 -72 -17 98 4 -86 7 -94 -60 -31 70 -23 92 30 51 79 74 73 69 60 -2 -84 -12 -89 80 8 26 47 -21 -73 74 -45 44 72 -31 7 -27 -34 -74 14 -46 -22 67 98 19 80 -40 -7 8 52 -93 22 -73 -5 -97 -1 49 -56 11 -94 -69 69 63 -38 -30 -72 
21 52 -6 1 -60 -34 49 -20 46 -65 25 22 -66 -31 57 -86 11 -34 89 28 49 -27 -46 88 44 63 -78 78 -92 -26 -98 -22 53 -8 33 -47 82 94 -76 -85 -51 23 -1 95 16 -26 -45 23 -13 -87 -7 -68 -18 -69 -67 65 89 -10 44 -91 -92 -79 -56 -63 93 -25 70 -15 32 -69 -47 -46 -34 96 -95 37 -36 36 -85 42 17 77 88 -84 38 -31 -65 -9 27 18 2 77 -55 -70 -49 14 -52 -50 32 87 48 -67 -73 96 -69 -47 -79 -53 46 -85 94 -72 66 6 40 18 -1 -91 -11 -51 -19 74 -84 -67 11 -9 -77 -87 -64 -75 53 16 -99 23 -20 -29 56 -18 -95 84 -86 30 -66 64 -58 -94 -73 -25 89 -96 -64 -21 -79 16 -21 -82 10 -44 -1 34 87 -25 -48 19 -61 53 -8 34 -62 -93 -74 8 -8 -2 81 69 -34 46 -29 19 -84 -96 -37 90 -5 94 3 36 28 72 8 74 15 98 -42 -89 24 68 58 42 
12 -23 66 38 -44 32 -66 -80 -96 94 -61 77 -4 -13 -64 49 65 -41 10 -76 60 -82 50 93 -25 28 -23 -67 0 44 -51 -89 31 -95 88 -9 58 73 35 21 -98 45 81 -28 -37 -41 -67 -79 -26 -79 -33 -89 15 63 -93 45 1 -43 65 88 -47 88 -16 -15 59 0 32 -24 -70 -75 -62 -55 85 23 -9 88 -41 90 -21 -68 73 17 -14 88 49 79 38 -19 43 72 -44 11 -53 -34 -40 37 4 -33 84 3 -82 -13 76 87 26 -52 -59 -25 -27 46 45 4 -37 86 62 -86 95 -70 53 -86 -38 93 -72 -35 97 -92 -47 -58 24 -94 -23 -27 9 -10 -36 11 -59 68 -51 75 -92 22 -87 89 -46 93 -1 70 67 -26 -29 18 -3 67 71 -94 -38 73 -81 -71 51 -87 55 -46 -24 57 60 -94 91 97 -86 64 43 8 -22 35 -62 -2 -51 73 -76 -31 88 -33 -34 -30 27 24 9 83 26 -72 1 -54 -58 -95 32 -90 34 58 
-12 75 -54 -92 -93 -11 -18 -14 -82 90 -60 63 -63 66 -17 -7 -64 -92 -91 67 23 23 57 31 -35 93 7 -48 -93 -3 39 -83 -83 -27 35 -61 -63 15 77 45 9 -77 17 14 24 80 -21 27 15 -19 46 84 99 39 2 -43 -50 -27 -99 48 -94 32 36 24 11 -44 48 -16 86 -2 98 83 -92 44 -33 -8 81 22 78 93 94 21 -18 81 -19 7 67 -77 -61 -70 -49 -92 -18 -77 -65 22 52 -81 2 -99 87 -89 23 -2 87 65 -7 -38 -82 -37 31 48 44 -12 69 -37 -14 -68 73 -92 30 41 95 11 1 -26 -12 -20 -69 -47 -77 -94 -20 -77 41 -19 1 58 -27 49 -10 -26 63 41 44 -96 8 -3 81 -52 -85 53 -33 -24 91 63 74 -49 0 61 -16 12 50 49 -77 -66 25 -11 81 93 -67 10 62 49 -52 -80 -10 52 -88 -56 79 -15 -31 -71 3 69 -31 2 -41 -51 -20 -3 -4 -87 -30 7 -83 -96 -10 -60 
74 35 -20 93 -49 -15 6 92 18 -18 37 -3 -94 -97 26 66 41 49 -27 -73 -10 -5 23 -58 63 -68 -54 -47 -58 -9 -36 48 -30 11 31 -83 46 -30 34 63 -82 34 -76 -22 -4 23 20 30 95 43 27 98 84 -26 -35 -52 -6 -55 -12 -44 -39 -51 -77 23 -61 77 15 51 -79 -11 44 -32 51 83 -80 69 -32 -4 32 11 -43 -96 69 -58 2 -29 -10 31 -23 21 53 46 43 -76 -14 72 -71 -46 9 -26 -8 91 -8 -99 32 -70 55 -50 17 68 -46 -38 -1 82 -21 -24 83 -70 29 37 -89 -39 -23 85 44 62 -47 28 69 21 -98 -18 56 -14 -18 55 -19 36 -95 -72 50 17 27 -67 40 92 53 16 -84 60 89 -29 8 26 -59 29 57 -28 -32 24 67 -9 59 8 88 -22 -72 52 0 -2 -12 -58 23 -54 -33 -65 -57 40 0 -24 63 99 -72 -63 -71 -60 3 -3 29 -79 57 19 11 37 64 11 -22 38 -42 76 
-93 3 -26 -41 66 -43 -28 -56 84 33 69 60 -62 -20 -25 -2 -90 -44 -93 3 82 -24 -76 68 31 -73 41 -88 -74 -70 77 74 25 -31 -59 -93 94 -54 -13 96 19 -30 -70 -25 -5 31 13 50 -98 -8 67 -42 -17 64 16 -75 -27 93 -5 -70 -89 13 39 20 -3 76 45 78 -3 72 32 92 83 -52 -75 -83 72 -22 33 -50 -34 -43 51 2 80 42 65 -98 61 29 11 44 93 -88 -56 54 40 -97 61 -72 -20 25 10 -72 56 -76 77 -19 -15 7 -92 50 80 28 -98 -30 34 31 9 75 33 -40 -80 -68 11 -24 33 -58 87 85 -31 -61 -42 -47 34 25 -36 54 92 26 -5 35 -15 0 63 -92 -58 -73 18 12 70 18 3 -31 95 -35 -86 21 32 -53 -84 -73 99 -44 26 6 32 40 11 21 18 -61 -59 -91 30 9 -83 -40 -93 32 49 -36 -52 66 67 72 61 76 98 57 76 -38 15 -76 -6 -78 -6 -9 75 54 
-15 -93 49 33 43 1 18 51 19 16 77 10 -74 -74 -47 51 99 81 17 -35 42 24 -86 -92 52 -96 -61 -58 48 -19 -85 48 47 49 -7 54 99 -49 69 -70 -70 -34 -52 -54 23 68 -56 -36 -47 69 -22 89 -1 -75 37 3 78 86 -30 -52 22 42 -83 27 74 -11 2 45 89 -9 -80 -56 -13 30 24 21 33 23 -10 -39 59 -97 -31 -62 3 21 -43 92 -80 -41 -70 -30 -73 -94 -12 97 -10 -73 -24 6 -31 18 -87 86 -28 -43 91 45 23 18 42 -38 -34 -17 29 -38 -67 41 -11 51 48 68 79 65 21 -36 53 -9 -40 -76 92 -28 -60 -12 -58 -19 -84 -41 15 -7 -92 11 62 -21 -71 -96 -58 -24 -17 42 66 53 -82 23 -45 57 -57 -61 -20 -64 -1 -93 76 69 -80 57 45 -51 27 43 5 65 -21 87 -42 58 -15 -79 -29 87 -75 -59 -66 -35 -40 96 40 -73 -27 13 -85 56 -99 61 -70 -11 2 -93 7 -63 
-40 80 17 -39 -89 -69 -18 69 16 -47 -73 -95 -93 -80 81 81 -83 -43 96 87 43 -32 85 41 36 -26 67 -81 59 17 -43 -78 14 -63 87 -60 -46 -49 67 48 18 -84 -36 -74 61 87 -57 63 -87 -1 34 -19 -73 -86 -3 73 23 23 -13 7 -53 62 -31 47 69 -60 -3 91 -59 22 92 -7 31 52 49 -50 96 19 -96 -2 51 19 39 12 -22 -47 -32 -37 -7 -82 59 31 -39 -87 -66 78 -81 -51 73 2 -53 -53 -50 -69 10 4 31 -65 -98 81 87 69 78 71 45 14 61 -11 -71 86 -78 94 72 66 -86 36 -51 -49 65 -51 -79 -48 28 -74 75 -84 19 -60 34 -63 9 -93 -96 23 -77 74 -68 -84 25 49 23 -86 97 -79 91 15 -4 -39 61 22 -74 56 26 52 -45 83 -82 34 37 90 -3 41 -67 54 -29 36 23 -59 -11 9 25 -38 5 10 55 27 -5 -56 -24 -55 -68 86 29 51 -46 -89 -60 -52 8 -1 
88 -49 71 92 32 -53 -14 -20 0 -19 -10 81 1 81 -22 -29 -90 38 6 -53 4 -91 30 93 -47 -28 81 27 42 -31 18 22 43 76 21 -31 44 3 -4 87 49 34 -84 83 -66 -41 56 22 -48 43 28 81 -60 -97 40 25 -18 -9 63 0 36 -70 -97 7 17 21 -46 -91 -44 -95 -77 22 18 68 -36 -6 52 -61 -35 17 56 -10 -22 -32 -42 39 58 27 -14 7 -29 -74 7 7 -39 -43 -94 66 -73 -86 60 -72 -98 10 -73 47 9 22 99 33 -91 38 71 92 -18 -78 10 26 60 -60 -58 48 83 -10 18 -89 -94 36 48 88 72 11 -31 -54 15 -94 -21 64 -63 70 60 -21 42 65 -36 -40 -84 88 29 -98 -99 -35 10 70 28 81 47 74 -73 37 99 93 -61 64 69 -40 23 -73 22 8 -16 -59 -95 -22 60 -94 -59 -69 63 -92 -6 30 -87 -65 60 30 -87 -20 -17 65 94 -84 -42 86 -48 26 61 36 -98 -81 
-49 29 59 -71 -26 92 -59 -5 -7 -63 -74 -83 -73 42 44 -90 -55 -57 54 96 -40 -88 26 -75 36 -69 16 16 -40 -34 -99 90 -28 76 90 25 -5 50 6 -66 20 42 -53 -52 -36 -37 -80 47 90 85 -83 70 92 -32 -50 10 57 86 -16 46 -44 -59 19 16 69 91 14 52 -61 -96 -10 18 36 38 -82 62 -46 78 -90 67 -93 66 -20 -29 9 56 -93 -50 59 -55 50 -41 88 -56 -64 25 76 81 -86 -8 20 -95 41 -93 35 -19 -26 -48 -75 7 66 -16 -19 89 -2 -37 -19 -9 83 -51 57 -42 25 29 -91 91 -60 85 69 -86 83 -8 -30 -32 51 17 54 51 -68 68 84 25 51 -25 81 21 -60 -27 -74 -16 79 42 -21 -25 -68 88 12 -41 -66 -15 -94 -83 -99 26 94 67 -5 -65 47 -35 20 95 17 77 7 -85 20 55 -14 24 -56 -91 -93 94 65 -29 3 1 41 -13 32 15 -47 20 84 -34 81 42 -78 70 
8 -37 11 76 23 -34 22 39 -77 -17 65 -31 42 35 56 66 -62 -13 85 61 -48 -56 30 25 -40 -55 -97 -89 -68 61 28 -67 49 -51 -41 20 -20 23 -70 12 25 -74 -83 21 -54 94 -34 78 -6 60 40 -77 77 -7 67 27 -12 75 33 58 22 86 -73 -9 57 24 -5 95 -55 -87 43 63 79 -69 91 26 88 16 17 -49 79 86 4 70 -2 -37 -36 -67 75 -7 -32 -36 45 76 39 79 -31 -48 -1 -97 -47 -41 -45 -84 81 -88 -45 -10 -48 56 73 -70 19 -37 61 -49 -61 -58 82 -56 43 -60 13 -48 72 -12 -68 -73 -37 -44 60 1 20 -50 68 -80 -61 -24 -49 14 -71 -66 7 -41 82 42 -24 -24 -27 15 4 -37 22 21 -51 -97 18 37 -13 23 65 -74 82 -16 -59 -65 69 -6 -60 -40 68 -37 -7 99 -26 77 51 14 -8 -20 82 -2 49 -14 -12 73 39 -68 -87 38 -2 -43 -51 10 -19 -62 22 93 52 -52 
19 95 42 -69 -38 -70 5 87 -45 91 29 -98 -34 -34 22 39 -35 -8 -40 -21 30 0 -96 76 -67 23 -51 42 17 65 60 88 -46 12 22 -92 -34 -67 14 20 -66 -49 -43 -31 -35 -7 4 -25 89 -61 -70 15 -43 61 54 28 -88 41 -3 45 58 89 81 84 -29 68 -99 -20 -84 10 -10 1 41 67 -79 41 0 14 89 80 75 -66 -82 42 -71 88 82 -48 96 -1 8 52 -12 -68 48 -98 -59 16 49 59 35 62 71 -80 -89 -90 80 75 -93 94 -82 -66 83 -71 -99 -46 21 79 96 86 -56 99 -48 67 32 -44 -90 1 -85 5 56 26 -75 -84 7 28 -49 -57 75 -78 -36 -41 8 11 -13 6 5 -57 94 -40 86 30 86 5 2 -11 60 -82 88 -60 53 -86 51 -15 33 -72 26 6 -43 93 21 -7 98 -67 93 82 -94 -93 34 -36 -81 -82 -13 -53 5 -27 -49 79 -15 -93 -43 -97 -33 16 -22 72 -15 -80 36 32 
29 -48 50 -66 -53 65 -16 17 2 -29 72 -66 42 -62 77 -42 -40 60 69 29 37 -62 33 -93 -25 50 59 -15 56 -28 -42 -22 -82 -29 -29 80 62 -60 35 43 23 -67 -52 -3 -70 -66 53 -47 -77 -84 -27 91 -43 90 -88 -4 -86 80 64 -16 95 95 -11 10 17 -2 71 3 -27 64 85 21 90 -11 36 -4 21 -54 -48 -85 -22 -82 -46 80 -6 -93 -63 42 -73 36 -26 27 68 -34 -57 61 -97 79 52 96 -78 14 -85 37 -94 1 -9 -64 3 82 -41 -12 -10 -23 55 -23 50 -10 -72 -49 -60 -90 -18 -35 -15 -82 44 -41 -73 -15 -38 -11 62 90 51 77 -48 23 -54 -83 10 -91 5 80 -65 64 -70 -79 69 -59 52 -16 -9 85 28 78 -98 84 62 -43 -44 -47 58 2 64 56 -98 87 -45 -93 -21 0 20 -77 -33 -69 -99 13 -24 81 -25 87 -42 -94 97 13 64 79 -14 -6 -20 74 -33 15 -52 85 41 73 -48 42 
22 -34 -16 78 57 81 65 -30 22 -80 4 58 -64 88 -97 -96 -77 -60 55 39 52 -98 61 -41 53 -70 47 86 82 96 34 13 38 44 -70 -61 -6 10 -63 -7 14 -58 -27 13 34 64 24 -2 -94 -95 44 62 95 62 -89 20 16 -76 -79 83 61 12 -9 36 69 46 1 -68 78 -76 -37 93 35 35 53 -64 -1 -2 7 -94 70 -55 87 12 86 -76 84 -36 38 13 -56 -88 -37 34 14 38 -41 74 -7 -97 72 -30 1 57 25 -50 25 -21 68 2 79 -97 15 -40 -78 49 44 -2 80 -74 -50 14 38 -91 81 39 -94 -85 -69 -42 -87 -72 -14 24 -9 99 -32 32 -50 61 64 51 85 94 -12 -88 -41 96 -33 58 78 70 -44 -62 5 36 -38 -99 80 -16 -82 -8 -17 44 -63 91 85 -65 -40 -43 37 -9 -15 50 11 21 12 23 28 -27 -35 -58 68 -77 -22 -10 -9 87 57 86 -33 -68 -95 63 -96 -15 94 -93 -86 -97 
11 -5 -29 10 -60 32 -74 -89 -40 -16 -97 -73 -73 -54 -79 -94 48 -93 -43 18 70 -4 3 70 51 -75 -14 46 -64 -68 53 -27 -88 -51 52 -77 -46 24 40 -40 81 74 99 -31 -13 32 -80 72 44 86 6 12 11 20 -22 -56 29 -10 88 19 52 -39 92 -53 -39 78 -9 94 -37 53 48 -9 -62 41 17 4 60 92 -41 -98 92 -10 -77 83 8 -50 87 -12 92 1 82 -7 15 48 34 -15 40 -88 44 52 16 -60 54 -76 -59 90 -67 -98 -25 11 14 -94 -40 -59 -95 75 33 -29 -56 71 72 -35 51 82 -93 -22 -42 -53 76 -99 -51 20 -59 -34 -93 -93 8 93 69 -38 2 -60 5 -45 -68 -76 28 -74 34 64 -31 23 -88 -51 -43 -32 -10 64 89 -15 40 97 -78 52 10 -56 5 -82 -91 49 62 42 59 -47 63 -48 -65 54 -85 -64 10 -61 66 -30 1 16 40 24 39 -51 -63 82 17 15 55 98 78 83 90 96 
-78 19 93 -32 47 60 -64 -39 -57 -90 -68 36 70 35 18 64 -89 94 -41 -77 -58 71 16 -82 -63 95 -8 -65 42 54 49 12 -95 61 89 -11 -27 63 46 75 44 -2 -74 52 -32 -78 -48 93 52 -28 -25 30 -36 63 -75 66 -89 -26 -82 37 -84 55 50 65 96 -37 -12 56 93 -38 -35 -49 37 86 -42 41 -95 29 7 2 -44 -99 36 -58 84 24 7 -69 93 21 97 -92 86 -49 72 81 46 38 10 -55 45 -51 8 72 99 74 97 19 -73 -82 2 98 -73 -6 35 83 61 -87 -47 12 84 -68 10 -54 58 -3 41 -82 84 2 53 60 -92 -49 -28 86 -76 55 -36 32 -72 77 -95 -11 -81 -38 -58 -91 -34 15 -72 -28 -67 -3 79 46 46 -17 29 -72 -80 91 94 -26 -59 -48 -71 -61 -88 -14 -13 -40 -88 -7 89 -94 -73 42 -61 -98 -20 18 47 -99 -69 39 -58 0 -20 -42 -15 -41 39 80 -77 82 -81 68 34 -1 
-87 -48 8 -96 61 80 16 -20 -68 71 90 -25 66 67 -95 -14 83 -57 -21 -39 97 33 -61 91 -24 65 -60 13 -9 -56 -13 71 -44 -31 18 -65 -58 80 18 -30 87 12 69 69 -34 39 -94 44 43 -82 -14 43 85 -14 67 -38 -23 10 94 89 90 -46 -34 52 -85 -19 16 14 -38 1 -22 -69 -68 -41 31 -44 0 -62 -66 -13 -93 -25 36 -7 75 -82 24 -91 -66 -61 -53 62 -74 -66 27 67 -90 -6 83 68 43 -23 56 -54 -89 -68 75 -97 68 98 -44 -44 83 -80 85 50 47 -5 77 96 -82 70 3 48 -12 -18 -90 73 -93 10 -87 54 -48 73 -39 -4 -80 -50 -84 71 50 50 -54 -12 94 -50 95 19 89 -84 -29 52 44 87 -18 -10 77 -5 29 -10 50 29 7 22 -96 82 -57 -43 -35 28 8 -13 -64 -14 93 -51 -24 62 -20 63 -61 -96 -67 67 78 3 -52 60 43 -73 80 29 -2 43 87 -15 88 61 2 -2 
31 -25 91 -62 95 -39 1 69 8 -82 -4 47 -89 -88 66 -5 27 24 45 -5 -90 65 -94 -97 53 44 15 -80 12 62 81 -11 -49 63 -18 39 -54 93 80 71 -84 -97 12 -73 33 24 23 48 13 21 29 25 -48 93 -42 81 32 16 66 97 26 64 6 -42 68 27 43 -94 -49 -38 -38 -23 6 -67 46 87 -21 54 65 6 1 -7 2 79 21 22 -32 67 -70 75 -69 21 -74 47 9 -35 -94 -69 -18 44 16 76 -52 -31 -37 -10 57 13 68 -59 -65 -57 5 -65 12 45 -53 -9 83 -74 53 -2 -25 85 21 -84 9 -35 -34 -99 -80 -7 30 75 24 -75 -82 -85 21 -51 0 -43 54 92 16 -94 -14 43 7 4 62 -51 23 26 -21 51 0 -95 64 7 62 -7 56 -15 -7 -74 -78 -46 -88 -54 -77 -99 51 -32 -11 -12 -60 23 -70 -45 58 58 73 -7 38 60 69 -92 -3 -22 49 -95 -75 -75 71 84 82 -74 -16 60 
-99 49 95 40 12 -30 -13 57 -74 72 -69 22 67 17 99 10 11 65 52 71 -9 97 -17 -98 -75 10 -76 -20 -10 33 32 75 20 -11 -50 98 -79 21 38 91 36 30 -49 52 -17 70 5 -20 97 -63 9 56 8 -48 29 -65 82 25 48 62 -79 3 -97 -6 49 -77 -89 -30 -76 42 -49 41 -19 -61 -32 -52 66 3 61 47 -98 -36 -93 5 -79 -40 35 -28 -72 76 96 -53 -10 53 -90 -90 83 -61 80 -86 17 -51 5 -44 46 99 39 -26 87 -67 23 -17 -60 -35 -80 -43 -88 -64 -12 9 -28 -68 65 12 -40 -2 -89 75 58 -13 -92 82 -27 -12 32 -86 33 14 -35 -43 -67 36 57 -10 40 89 -97 45 -54 -43 92 5 38 87 -38 -65 -28 45 -87 -93 93 -52 55 -75 78 0 8 -45 55 -23 -37 86 67 -46 -58 -34 10 -52 -76 35 31 -38 -38 -51 62 -28 7 84 14 67 68 -17 86 -37 61 51 64 89 54 14 
-65 79 -77 -85 67 55 -66 -30 36 79 -70 51 89 85 -42 58 26 71 -99 -71 -15 -68 7 -22 45 -96 82 -28 44 -44 -97 -9 14 6 20 -43 20 -27 -29 90 18 86 14 -16 87 60 -78 44 22 -61 89 -37 -35 -32 -28 -3 27 36 81 20 -27 96 35 13 5 42 -28 23 65 1 3 -84 -33 35 -52 -50 -27 80 -96 -17 59 55 -36 -86 10 -97 20 -94 -1 25 -96 -35 -79 -66 9 -29 74 -68 -88 21 -87 -36 58 -78 73 52 -85 -37 4 -1 -30 47 54 28 -71 -1 92 -9 18 -2 -92 -73 7 -1 -63 23 -70 -16 95 -50 -86 -50 58 -51 45 23 -92 61 -86 -1 -47 -62 -1 -30 -94 66 66 5 27 -50 -85 66 14 64 -73 79 48 -86 47 -66 -10 99 69 -23 -26 35 16 23 86 -84 84 63 -30 9 13 -84 -41 -97 74 -56 -55 -41 1 -2 22 87 -53 -72 -71 85 25 63 -10 46 14 95 44 -97 37 -43 
-63 61 51 -75 -81 57 -18 -59 69 0 -74 -11 -48 62 52 -24 17 -91 27 26 -35 -54 71 -85 44 52 62 -6 -32 92 -12 -44 -32 76 -86 -88 41 -77 20 2 5 86 -57 79 -64 96 -82 11 -3 37 75 18 -78 31 74 -76 -58 -25 -60 -73 21 -61 92 -86 -69 68 53 -81 93 39 55 83 50 84 -75 49 30 -36 61 79 68 -89 12 -87 10 -56 2 21 -77 68 -78 -27 59 -24 -12 18 93 7 -5 1 -59 37 94 -70 62 44 84 -41 14 -40 28 -17 -9 95 -97 11 87 -55 33 -97 68 -85 24 -22 -14 -69 -11 22 -33 55 11 42 -34 12 -42 51 -50 -53 47 -31 -22 -21 40 90 -37 89 24 -19 -77 91 27 -43 -23 26 13 -52 80 59 93 39 -92 -91 52 89 58 53 -58 -14 -69 -31 49 65 -7 -92 63 -4 -34 49 67 50 0 -94 -79 5 22 -90 -67 51 70 83 -26 13 -79 -11 16 19 -42 44 91 -32 
70 -51 -59 -67 -24 96 80 -10 92 64 69 75 -89 -96 66 95 26 -63 -29 19 -5 51 51 -17 -12 -16 -56 69 -84 -65 -69 -73 13 -12 52 82 87 94 84 -72 -51 -49 -54 -57 30 -3 -41 -29 -78 4 65 -54 -62 -60 -41 83 3 41 -41 -25 -39 1 -5 87 -18 -16 57 -75 3 42 81 90 -16 55 91 -31 44 94 -26 73 87 10 -38 87 32 -10 -59 -54 42 -30 -5 -33 -31 48 33 -27 -22 31 -22 -37 44 -54 87 -75 97 -13 -87 -34 -48 -32 -33 4 84 44 88 62 53 -94 -12 -37 -42 -87 -68 -96 -5 79 72 -67 50 82 -87 -4 43 -61 69 -28 -34 82 30 -93 -2 48 70 -71 49 -7 84 -13 91 50 -28 -43 -17 70 -4 74 74 91 19 13 27 -42 -26 -78 79 -48 68 -65 -25 76 -57 -5 71 -35 -34 -91 30 6 3 3 81 -13 41 -85 -5 41 -41 -3 18 12 -6 90 46 69 23 64 77 43 74 80 
95 97 94 -70 -23 78 76 -99 -74 -38 39 18 -63 6 25 -86 -81 19 6 84 21 30 -73 2 28 29 -7 -22 6 69 -45 37 -59 72 10 -27 94 -60 -91 -43 10 -65 6 -32 -48 -74 98 -65 57 -71 -1 -19 -13 -68 95 81 -62 -26 -96 45 83 13 -9 -3 35 54 -41 15 53 -32 46 -40 -62 -72 -73 16 -1 -36 47 47 27 21 -51 23 -1 -37 57 94 -16 40 50 -52 -28 -12 -56 46 86 94 -44 42 -72 -94 -49 21 -57 7 -32 90 -69 -4 4 20 -44 79 -57 -86 -12 36 -17 -36 -41 24 6 -75 -21 -28 -17 -98 -21 -28 30 4 -99 31 99 79 -29 36 -89 80 -24 -37 -85 51 -48 12 -50 -17 -3 56 -15 -88 -37 52 27 -83 -9 -67 29 -92 41 61 22 -55 -59 13 -21 -94 14 -63 84 39 80 -63 4 35 -33 -73 15 -78 -87 57 -8 56 79 -19 46 -46 -57 -91 -54 -93 -82 69 -81 72 -75 -15 -43 96 
-90 96 27 -20 33 -86 41 -41 68 -6 -66 -78 -62 6 77 -56 34 -6 75 -99 12 -73 -58 35 30 28 51 89 43 74 80 81 -59 99 24 14 -66 88 76 -91 -32 43 -91 -68 -17 -71 -72 -51 0 -61 -59 -84 90 15 -27 59 47 -33 98 62 65 9 -59 -17 39 55 -26 81 65 -80 -28 64 21 -96 25 0 10 47 -92 -57 64 58 -55 -81 -84 -6 76 41 -51 45 17 19 6 -91 8 21 -23 -59 -13 -50 86 59 68 -96 34 63 -20 -65 89 -19 -6 -38 23 -8 71 60 3 -51 96 5 -40 84 43 17 60 88 36 -22 43 -10 -81 85 -28 22 -14 64 55 -56 15 -90 -62 -56 -23 -67 55 -92 -17 54 -18 -43 28 6 -46 -32 93 76 2 -70 51 -70 -93 37 -95 47 72 -12 24 17 44 90 -80 -76 -81 79 60 -49 51 -30 -44 -92 -73 97 75 59 49 41 -38 -87 50 -62 97 -16 -57 -88 -40 91 -82 -4 95 -75 
11 -83 29 9 42 -5 -75 2 12 -63 9 57 25 -92 -74 77 9 -87 56 70 71 -49 28 78 47 -97 -88 -27 20 83 -10 46 74 28 88 91 29 24 65 37 -81 97 -90 38 -89 54 -59 -66 -24 -78 -4 -76 41 3 -87 -91 22 96 -68 4 -67 -52 45 5 1 93 -76 59 -86 98 -79 -96 -67 72 -29 13 61 -65 98 66 72 68 79 10 -15 57 94 71 52 44 6 61 -72 -48 -56 54 2 -88 42 29 -24 79 12 10 -6 5 50 -27 -64 76 54 -57 0 -52 85 27 -94 3 2 56 99 24 67 53 -18 -82 48 -62 1 -57 93 -50 74 87 -64 -72 21 -91 19 72 -96 64 9 -77 38 20 5 -96 -83 -4 -62 48 -94 -23 56 -85 59 -67 0 -30 35 -89 -59 -69 -18 -23 -29 57 45 53 93 -39 -18 18 -88 65 48 -62 41 -2 48 -82 -48 63 -74 40 64 -57 96 78 51 -46 54 67 -73 -90 -19 60 7 28 
-55 -25 -96 51 99 -15 53 -76 -66 20 8 95 -93 -17 -90 -53 -7 -55 -6 -68 -54 34 68 57 -80 -6 7 -12 -64 49 -54 99 42 -63 -44 -13 -35 -61 -58 -53 47 -87 2 78 10 63 -48 -29 54 20 92 -95 -27 -61 -69 79 -61 70 81 30 -45 49 36 26 -27 -2 -27 -30 63 -14 93 16 52 -10 -70 59 -8 -34 99 -95 -99 56 85 -19 -13 -70 62 -86 64 0 66 -6 -6 28 8 -7 18 15 -46 -32 -69 28 -93 -95 -9 23 -89 -21 -70 22 -13 81 -97 -90 -84 -92 -24 -62 -32 -52 -37 20 -48 2 -13 -48 -68 12 -93 -93 44 43 11 27 -77 -52 -47 -87 76 6 80 94 60 -72 -55 92 -1 62 -22 92 94 -65 -53 96 10 -60 -21 -20 27 -8 76 -81 -64 86 -5 9 34 47 71 -44 -26 -59 14 42 -89 -98 90 -80 34 -81 -62 50 -27 -79 38 -12 -73 -79 65 68 60 -61 -51 28 -65 -44 21 63 73 -68 
62 -88 25 11 77 -82 12 21 -87 -37 65 -22 50 -70 10 -16 -90 53 64 19 47 35 8 -48 -80 73 21 -69 -61 73 21 91 -49 -67 67 -59 -65 -28 46 -65 34 -6 -52 -95 -46 -85 92 -38 -57 -23 -67 -57 -88 -37 -5 28 -33 23 -8 58 -24 53 5 -86 -57 -96 16 -51 -44 -83 -24 -78 54 -87 -48 61 2 -84 -79 -9 -36 39 -80 24 88 -73 -45 60 47 -24 -10 14 8 -55 -36 82 -45 -96 66 20 96 60 45 21 87 12 90 -32 58 -93 6 35 -83 -13 92 94 -15 2 -95 36 -37 88 35 36 89 18 -19 -91 -47 8 92 -36 88 -93 40 -31 90 -15 -75 -21 98 -76 72 20 -14 92 66 -52 -76 54 3 -28 29 -16 93 56 52 -55 23 0 77 89 45 21 -25 -43 96 -2 -65 51 -39 75 -54 -67 -9 35 72 -42 66 -63 5 16 -40 -17 72 16 -55 38 43 -15 64 -6 53 13 -41 -70 47 -95 -42 -32 
71 26 -83 -67 2 27 -89 67 53 -19 64 -86 -89 -52 -41 77 -99 62 -85 -92 -80 -67 -38 90 -21 -90 11 -78 40 -90 -15 -30 -71 55 59 -7 48 32 60 61 -14 23 -89 -41 30 38 65 25 -36 -65 6 83 -15 -91 -17 -15 69 -96 -73 -75 71 57 -51 -10 -18 13 62 57 -88 34 15 -4 41 74 69 -17 -63 -59 24 95 29 -30 36 18 55 30 -58 2 52 50 -92 -38 -33 -33 -99 -24 85 -97 18 89 -3 -19 28 75 -32 53 84 -10 -85 34 -74 -83 39 -28 -99 -10 -72 13 -1 -39 96 -68 -31 21 1 -19 35 39 -59 -10 93 -48 91 83 97 68 28 9 -25 -52 93 -36 70 -51 -82 3 -25 39 42 30 59 -20 -43 -3 -59 -81 -40 -89 -38 53 26 71 71 -1 -43 84 36 -27 -4 -15 -22 54 -18 36 -90 -54 33 56 -87 -94 -47 -77 41 2 28 86 61 98 8 91 36 55 0 3 -55 -48 71 -83 69 16 
23 88 -61 1 2 83 -31 26 67 54 47 22 -6 -12 -57 4 87 37 -81 -98 -41 56 -42 -25 -32 38 -15 -44 91 -84 33 -80 44 87 -16 -23 21 7 -77 -64 -52 -18 -9 -82 76 -73 40 -77 89 84 -89 30 66 3 -27 -91 12 28 79 -10 -16 -58 43 35 -29 15 -15 -66 85 -34 -77 -18 47 86 -98 17 91 -39 87 56 37 -10 -17 18 35 54 73 -87 62 -50 -8 -74 97 -17 96 10 -41 96 26 51 21 -18 67 39 -82 -56 19 -25 44 -84 56 0 43 46 26 -41 14 -2 -67 5 28 -22 33 68 92 29 -1 -78 -53 24 -61 72 33 74 2 -61 -42 -7 -10 -58 -18 73 -76 -20 0 74 9 -88 -3 84 31 -97 63 81 -7 -54 74 60 -94 8 -17 15 -37 36 -28 -75 -84 78 78 2 79 95 4 -85 -48 49 46 91 48 -38 -42 26 -65 -51 -33 29 5 -80 -71 -11 48 72 -38 86 90 76 -65 9 11 -50 
-96 3 27 -87 -85 -85 -55 90 35 43 5 25 49 64 84 51 -13 -86 19 -19 52 -79 -60 -55 -41 -19 -13 90 -4 -66 -96 -58 -34 86 -12 97 37 13 -77 83 -5 -60 20 -86 69 -31 2 12 14 -39 61 -52 89 -40 -97 -48 92 38 -67 -61 -55 35 21 5 -84 9 -3 -84 3 -57 -85 34 3 -16 45 -66 64 40 -45 63 -14 56 -95 -67 -71 4 9 -85 -3 61 21 -25 -50 -90 69 -15 -85 56 30 -69 92 -99 98 -84 -85 43 -19 23 56 41 87 -67 20 15 -64 -50 -27 82 -58 88 83 -18 89 -17 22 -49 34 90 99 -26 15 66 -39 13 -5 -74 31 48 5 -53 48 -71 -40 -89 -55 -81 16 -30 -64 -48 -71 -50 8 60 -75 -20 88 82 -84 94 -8 40 21 12 -84 2 74 26 32 -77 40 33 -43 57 -56 -84 -96 -92 93 -72 -89 -36 78 -54 76 -47 -13 70 53 -45 -10 -3 23 58 -68 -50 -96 -16 16 9 
-21 55 -42 -26 -58 -88 89 -36 17 49 54 -9 -30 70 43 79 35 46 21 -2 -65 84 81 27 68 -34 -24 27 -11 -59 -21 94 42 97 -94 -46 76 36 60 33 -81 -55 -65 17 98 -54 -43 53 81 -78 48 -7 -72 47 25 -88 -14 91 -69 18 78 46 -62 -68 40 92 -87 -77 15 -29 -3 63 86 -77 -84 31 62 -1 -36 -1 56 23 -96 55 -55 81 3 -61 77 27 -86 59 59 -59 9 67 -96 -48 85 -73 -77 -77 55 -43 47 40 -7 83 3 -33 23 -57 -88 -8 98 76 70 -42 75 -43 92 31 -73 52 65 -77 -76 -58 9 -87 11 -96 -57 -44 -64 -88 -94 19 -96 -75 43 -19 -95 -60 -86 -72 29 -88 -26 39 -83 47 23 87 -84 -8 75 91 -42 -42 -23 74 87 93 66 67 84 90 10 -28 -65 -70 -46 35 -77 -58 40 -69 30 -21 -31 86 79 -14 -24 42 37 -94 -20 71 2 -50 10 67 -7 26 63 -85 -39 15 
91 -52 -83 -28 79 54 -57 -2 -83 95 55 59 -53 -77 -5 -89 -28 72 -69 44 50 83 23 -86 22 50 85 -3 81 19 -97 -93 58 -16 91 20 -52 24 -97 -83 79 -89 66 94 46 98 -26 55 6 83 45 27 -65 14 2 5 -94 -89 69 64 -17 -37 -8 -54 -2 -13 52 -59 -68 -74 90 70 -89 -5 -92 57 -82 96 -60 -50 58 -23 -89 -33 -1 -58 66 -54 -66 -68 -76 -85 8 -8 -73 10 43 -78 65 -41 -82 72 -60 61 -29 -35 -34 -52 -9 59 -37 19 18 51 67 -63 -86 10 20 20 89 -71 -22 62 41 15 -51 7 -91 -51 80 65 -32 37 -38 53 70 31 44 -3 10 -73 -10 -14 20 -69 -63 -25 68 -44 -51 3 -62 40 -26 52 16 -64 -86 72 18 -39 55 11 -6 56 80 -93 -5 -68 21 -68 27 -98 50 0 46 38 -47 82 95 -85 84 40 20 6 -4 -72 -89 -12 86 -29 -24 -89 -35 -87 -49 95 -33 43 
42 -62 -11 -93 13 46 -84 -92 -10 -7 27 88 74 82 1 -34 60 27 79 -44 80 -67 16 32 99 -52 -73 -87 -26 49 37 -18 25 -86 -78 -95 -23 88 -93 51 59 7 84 50 -71 -15 23 46 91 97 65 37 -70 -71 -7 77 -48 -49 73 -16 -23 -59 -14 70 0 -14 1 76 -19 -47 87 -63 -28 25 -3 56 96 -55 18 44 -71 78 -54 33 -93 64 -11 -40 7 -73 80 -5 -78 56 55 19 6 79 -40 60 63 21 69 29 92 51 47 -43 -6 13 -67 -48 -35 88 -8 99 39 87 -79 -38 -12 -54 38 -21 -54 -54 98 -34 56 46 -61 -1 -94 11 74 -39 -34 22 63 -36 -49 -32 -5 55 37 -19 -48 -41 0 12 51 62 -73 74 48 -5 35 20 -19 12 -53 66 93 -75 40 -35 8 -12 48 0 88 -13 6 -13 42 4 -35 -67 52 25 44 46 -76 65 -97 -91 93 0 -45 -48 -19 90 -13 -81 -75 -99 42 54 -17 68 
41 -22 -24 29 -84 -91 -72 -57 11 54 2 10 68 -74 91 76 41 -95 31 -87 -20 79 58 93 60 42 -52 87 66 49 60 -82 -40 13 59 57 12 32 47 -19 -46 -85 -79 -78 17 -81 -77 -42 48 -84 -62 81 -33 -67 -18 -57 -98 8 86 73 -20 -19 48 14 -1 88 -50 -65 -59 -11 12 55 -53 83 -60 62 -51 20 -3 73 -61 -74 -37 -51 18 -92 0 -76 87 -87 -53 11 96 9 98 70 -2 -81 8 18 -7 -61 -24 -68 -75 -11 4 31 -36 88 -27 78 42 -21 71 54 14 -71 44 -48 44 50 13 77 -91 -44 43 -45 -90 14 3 -35 -94 -98 43 -62 68 56 -61 -75 15 44 -79 -74 68 50 41 -97 -51 46 53 -31 -27 44 -83 18 -47 -92 -75 -31 -2 12 -13 -77 63 -37 58 99 -63 -26 -21 -2 92 70 -73 -68 -29 -91 -6 -43 -72 45 -18 14 -9 48 98 71 16 78 -65 -90 -27 15 -47 70 -39 2 16 -62 
-64 92 -92 -61 -94 79 84 -94 83 55 -66 43 36 -97 62 90 -74 9 80 -28 59 -55 -57 -63 -8 -12 -89 -48 -62 29 -12 67 -16 90 -82 62 73 46 38 -45 52 -15 72 86 71 -74 7 -40 -14 -63 -69 14 26 -20 -36 -97 58 21 -54 -63 50 -85 -6 68 44 43 86 -18 -6 9 -26 16 -98 54 39 -29 10 -50 6 19 91 -92 63 -6 37 -14 91 25 -48 -61 28 25 -3 60 -4 14 -72 89 98 2 46 -67 -39 55 -95 83 -60 79 -57 74 -3 -46 73 -78 37 -68 -6 26 -33 19 -33 26 1 -87 -76 -4 -28 -57 -46 95 52 -5 -80 -20 77 -1 -90 -44 -41 21 3 -6 -69 17 11 -89 -42 79 -23 -38 -26 26 -22 94 57 -7 -45 -19 -23 54 25 -75 -7 58 18 -89 17 2 -53 16 94 -97 -26 -67 99 90 29 -63 -58 49 -23 49 -21 -50 -31 -43 1 84 -72 -62 79 -91 90 36 -21 -12 -12 9 -50 -78 
24 5 24 58 -54 -22 80 83 -36 -78 -80 85 33 6 -7 -74 38 -51 48 -27 -73 -84 -39 31 73 83 77 8 59 28 58 36 -69 -6 -95 55 -6 9 59 66 96 -15 35 -73 -36 81 -94 48 64 8 -39 68 -54 94 45 -22 80 50 -27 -96 -28 44 75 -76 31 -86 -97 86 35 38 35 -55 25 -24 -90 73 30 -16 -47 -21 -97 -69 -18 14 -40 -14 -25 -5 63 50 92 92 -87 -65 -58 -6 73 94 68 40 -31 -58 87 47 -79 4 -89 -77 76 86 -83 70 55 -91 32 81 -11 -41 -68 97 85 -75 11 -49 -88 -98 11 -54 49 60 -72 -96 -63 -81 -92 1 -62 -24 18 34 -76 -40 59 -92 5 -67 -22 37 34 -17 48 -9 -76 -21 47 87 47 79 -15 -86 -4 -70 20 91 -71 38 -2 -6 76 -71 -42 63 38 99 51 -95 11 -80 -37 9 7 86 66 80 -2 -87 1 71 -88 -4 42 56 -69 20 97 -20 -86 92 76 45 
-20 92 2 -39 -65 66 -20 -32 47 50 -51 90 65 -36 -56 -2 -87 -44 -51 35 72 -90 -90 34 -18 -22 -8 -25 37 72 -64 4 -59 -37 -31 -27 -29 16 11 -30 -1 -98 -29 67 12 36 -20 74 45 -67 -83 -59 78 -58 -76 63 -74 -92 80 -20 -37 -35 -81 78 28 27 21 -21 87 -98 54 80 -68 -21 -52 91 33 52 90 -2 25 -67 6 46 -9 76 -31 59 -84 48 -48 -73 60 85 -87 -26 91 -92 -65 13 -1 3 -98 25 22 49 6 74 89 28 -66 90 54 -95 66 -96 -15 90 -57 -98 87 99 8 40 17 78 16 -40 92 83 33 -53 4 -2 86 33 93 -54 88 91 -13 39 50 36 53 -70 -40 -38 11 26 84 96 17 87 63 -21 95 50 8 66 38 34 48 75 43 -41 -41 -43 81 25 -50 -19 48 -43 -76 -55 -81 81 25 -33 4 54 -15 45 66 -28 -53 93 7 -95 79 22 -17 -35 61 -9 -92 87 12 -52 
-99 -89 23 9 -27 -85 -14 92 -8 -33 -49 -41 71 8 -23 48 38 -94 -37 33 -93 7 -33 46 -42 12 32 -82 -38 49 -46 52 46 88 -46 71 40 43 78 -17 -3 -83 -32 7 -93 -16 6 32 -83 38 97 74 -70 -81 -45 -74 43 -93 -68 38 -46 36 -97 13 -11 -96 66 -40 39 68 58 80 34 63 55 -55 -21 5 98 21 -3 -19 -52 57 -10 -70 2 75 -39 -23 -54 33 75 -93 -76 -65 -83 -32 -34 -37 -57 46 60 -50 -16 -70 -64 99 1 93 -40 1 -45 75 -74 -82 49 -7 19 71 -50 78 -64 -53 -35 42 -38 84 -6 18 1 -4 34 25 -36 -19 -26 38 79 -36 -63 -68 -28 -80 44 -75 -14 19 -87 -8 -7 -82 91 64 -87 48 -93 -39 -27 -42 30 -9 70 -61 40 -79 -68 -72 -26 39 37 -78 -7 66 66 21 -33 -72 31 89 -36 -63 54 -81 -20 -83 31 -25 97 -29 -73 15 82 -51 -54 -32 -62 -91 -1 -93 
3 -88 -99 56 20 -29 50 -86 -66 -52 -90 18 -30 -99 83 -63 57 79 -7 -78 -21 -87 5 77 53 -47 16 -48 12 -41 -46 62 -74 31 45 -53 -80 -17 -53 -33 71 -26 80 -9 -61 88 -29 -67 -56 -75 -24 -18 -93 87 68 61 91 -10 81 58 -68 -92 -8 -30 -83 36 58 0 -32 -96 -12 -89 82 -6 84 88 -73 31 87 28 -29 88 -91 79 -52 60 -9 -18 -10 -86 -46 83 -61 -83 57 99 0 27 4 -81 23 60 87 41 52 -75 7 89 -96 -78 82 41 50 -62 -70 29 83 58 57 12 -78 -30 59 -14 62 -53 -29 84 -92 98 27 36 -80 -21 -30 82 43 -57 12 66 15 87 -50 22 8 30 54 -54 70 36 33 -41 -94 69 33 20 36 85 -30 54 89 77 20 -85 7 -87 -24 -16 29 -42 -57 -13 -77 -21 98 45 45 -74 -86 40 49 80 -36 -79 8 -83 -6 2 -88 -49 33 98 -30 -82 83 9 13 -21 -14 -69 
99 72 -76 50 -68 -22 82 82 12 -92 85 -52 68 -62 -29 -37 5 -52 -63 45 -83 87 21 -61 -44 36 -65 7 -21 -44 -34 -67 -12 -82 23 -50 -72 64 -66 -63 4 57 -44 -59 -41 86 -75 -90 -79 -75 70 24 61 -92 5 -10 -37 46 -32 92 56 85 89 -36 5 -9 54 75 -92 77 32 -28 -39 -12 -72 46 -69 -2 40 -50 -44 8 81 -91 -3 -52 72 99 -43 90 -77 -59 44 -61 78 -41 -88 -17 -88 -21 -84 -13 33 -84 69 -29 13 57 -95 8 78 33 26 -46 -63 -99 -42 10 -82 73 -52 -95 -46 -71 54 -52 67 84 44 46 35 -91 -92 25 -58 -12 -37 9 -27 -3 48 -84 -55 8 -41 47 83 -37 88 89 -14 -50 55 91 26 -9 -90 75 1 1 -79 -3 76 74 84 -45 -24 42 -80 34 -22 49 -26 -21 27 -52 -39 -33 -88 -48 49 -19 65 61 -83 -21 -82 95 -54 81 39 -1 -30 47 -33 50 29 -4 93 -40 
-70 -26 -55 -39 8 -77 -11 91 83 58 -41 -43 -58 4 -41 -30 11 -40 19 -98 79 -17 86 -3 66 5 50 -94 32 -29 6 50 31 84 -60 42 -10 -3 -24 -93 92 -75 -25 28 -16 76 -54 66 -3 -46 -66 33 -62 0 60 11 -2 -60 -51 3 35 28 32 -16 -28 18 -30 -36 -65 -16 -55 22 -68 36 57 -24 -31 46 -15 -93 -84 80 -57 -55 -6 9 -43 19 -67 51 99 -61 23 -20 -29 -1 14 23 -75 94 41 -7 63 32 -77 -11 -21 -88 -59 88 -81 4 50 -15 9 -14 -98 87 51 -39 82 1 15 66 -41 97 -98 91 64 -56 -96 97 84 -2 -86 90 -29 -24 -5 -29 -80 41 -71 39 -69 -26 39 -67 92 37 97 -61 39 -85 24 40 -13 -14 -84 21 11 21 23 -67 84 34 90 -20 87 52 -28 -78 36 -60 80 -80 -65 -45 86 61 -87 -74 -2 18 -25 43 64 74 97 -24 -84 -89 52 89 73 55 -89 65 -66 47 
-63 70 -10 -41 5 80 -84 48 16 93 83 73 -51 -53 64 27 38 37 89 79 56 64 19 -88 33 -19 -6 16 9 -15 63 3 22 77 72 41 51 87 59 -8 -88 -47 -92 36 -93 94 -44 22 93 -57 -70 -71 13 -27 19 6 -88 -11 -64 61 -61 16 43 -82 -35 -17 -10 -43 43 -15 11 -53 -67 91 49 -90 -66 -45 77 89 -19 -1 96 56 95 87 -74 69 24 5 -71 3 38 -23 51 25 95 92 60 55 98 -11 -48 3 40 -3 -54 19 92 -88 -88 -55 -11 45 -22 61 -60 -8 91 -60 -47 -20 82 11 90 82 11 55 57 41 79 -84 -21 -86 9 80 -28 21 45 -16 87 -56 -44 -2 -81 -21 -88 -28 -99 -3 82 21 -73 -70 -15 86 -74 -57 58 33 7 -75 -12 80 -39 -33 54 -2 47 41 10 53 8 26 52 -44 15 -38 -24 -25 40 76 -55 9 86 -2 -29 60 87 30 -58 14 81 -95 8 -79 29 22 38 -2 
-37 1 -21 -94 -17 -5 -11 -43 -95 18 66 92 -62 66 -65 99 18 -74 -79 58 -37 -53 23 -50 -6 68 -29 35 84 80 -72 24 60 37 -92 -86 -7 84 31 -37 56 -31 89 -29 12 65 -76 -88 -46 -20 -6 -30 -80 25 7 -48 -27 -97 -75 -79 5 3 29 45 -69 18 -40 16 59 -9 62 37 -11 30 29 20 69 -98 61 32 -92 -40 95 -87 -28 -10 81 28 91 -48 -74 -30 -82 -16 67 -72 7 5 47 -90 -14 70 -29 3 -3 13 84 -52 87 65 41 9 68 -73 75 32 44 32 43 -46 67 95 -87 -64 57 11 -90 34 -30 -75 94 -9 88 79 63 -88 91 59 -67 89 94 -22 -26 -47 -59 5 -2 -27 -25 -64 -29 59 0 -64 34 -65 41 2 -97 89 79 30 -29 18 -72 98 -76 -20 -76 -95 -71 -58 -37 52 44 65 6 44 6 6 -17 83 86 -90 -33 11 -78 -86 -2 5 -58 -87 -92 -92 91 -25 -89 9 13 -15 
-4 83 -25 -33 -56 34 -15 53 -74 94 -78 99 -4 -83 28 95 89 -83 81 -86 36 60 -70 -45 71 1 18 12 90 -49 76 67 -13 -11 -14 52 69 64 9 -88 74 -1 -21 50 57 77 -24 -92 71 -88 35 -60 -90 74 -13 93 -97 86 59 42 98 -70 -67 -72 -45 -54 24 -14 15 -55 74 -66 7 0 90 -48 56 65 -9 -6 61 52 -84 92 17 -53 -23 38 -23 68 -1 -63 12 -56 17 35 72 9 92 -86 -95 9 17 -24 -79 63 51 58 -7 -20 14 35 51 57 69 33 5 -24 43 -10 -17 46 -28 -65 -44 56 42 14 -45 92 78 81 -27 -15 -46 -78 -73 88 -3 -78 -21 46 64 -59 17 -27 -12 54 32 -14 7 51 -12 51 -12 -33 33 58 -66 -77 -68 -24 13 94 -99 60 78 88 -81 38 80 55 42 -45 -93 -18 -92 -90 41 75 -99 0 -29 -50 -26 -91 71 62 -74 70 -38 46 -87 -99 -60 -12 -53 25 67 82 
97 -1 65 2 53 -75 50 59 -75 39 13 49 -6 35 48 -90 99 -28 58 11 27 10 78 -99 -16 36 48 -40 -46 59 -60 13 46 59 -8 -66 -70 37 87 -31 -90 -69 -34 19 8 -95 99 -15 -95 -75 -2 -32 -21 -12 46 97 -53 81 -60 39 69 8 62 -54 -72 -99 52 51 36 -33 88 -62 -47 13 -91 61 85 18 -71 58 -28 -20 86 46 -1 -86 40 -58 47 -1 30 79 28 -88 80 -87 81 -1 -88 52 46 55 -2 84 -75 -20 -5 -52 -55 46 90 42 1 -53 62 -8 20 -43 -19 38 -89 -53 -54 36 71 7 -16 40 94 93 50 -71 -51 -29 -20 95 5 -13 57 -56 -47 -9 79 77 -68 31 12 47 21 -47 -62 -49 -60 77 -75 87 -44 -8 -89 84 65 56 -38 36 -22 -22 -60 -50 22 -13 9 -54 -78 -18 74 -65 22 30 36 -54 24 -6 -78 7 53 7 88 -21 -50 28 78 -37 74 -49 83 -39 14 69 63 57 
-85 -9 43 -55 44 11 -71 81 -28 -57 -88 56 99 40 -39 -35 80 80 -32 -50 -98 -60 45 -42 -23 37 2 47 -17 34 -50 54 69 -55 93 -37 89 -65 -22 77 -5 92 29 -28 29 -86 23 -56 29 -27 -29 69 36 -54 55 -22 78 39 45 6 -78 -7 -57 8 -15 -81 -86 49 8 69 -29 -19 85 -64 59 -83 -92 -39 94 -42 21 21 -11 -32 -39 63 29 96 -73 76 23 42 -17 59 66 18 69 -84 -69 17 60 -70 65 -52 80 -79 -51 77 8 -3 -30 -82 89 90 57 -27 -5 34 -36 -51 49 -69 91 57 28 -58 -45 73 -84 -68 53 -25 23 89 -31 91 -66 28 -4 4 -82 96 -7 -34 -20 -90 23 -24 -33 67 6 -3 -45 -88 -49 47 34 -51 -74 -70 90 27 69 -73 -16 -11 65 27 39 34 38 -60 1 -5 -16 -64 84 -63 14 93 88 -33 47 69 64 -74 47 39 89 48 38 -28 -56 -10 45 -28 73 61 85 59 
42 42 -70 93 2 26 44 93 42 -42 -96 -59 17 -70 57 89 -91 77 41 -44 59 4 -34 12 -65 -60 -6 41 -61 4 38 61 -36 19 2 34 -87 54 -47 1 2 -44 42 95 51 -50 19 6 -67 62 71 13 -73 -91 -72 26 -30 56 72 91 5 -24 -51 -68 6 -5 2 -38 -33 68 -31 -84 92 -90 -4 30 -59 86 60 -63 29 43 88 -74 48 54 -43 -48 2 49 -13 -87 -59 -2 -18 64 82 61 -48 37 49 -75 29 54 91 -6 74 49 -55 58 56 21 -67 42 55 -97 -36 -9 96 24 96 24 -15 -82 -2 89 -79 20 -48 -27 88 51 85 -62 -47 0 84 43 -67 79 37 46 27 -32 27 79 16 -83 -77 -66 3 38 -37 83 -69 -43 4 -71 90 -17 19 80 60 23 -16 -46 -97 97 -61 -40 -24 85 35 -36 6 -22 7 -97 -43 -32 90 93 13 21 26 -77 32 -97 35 59 -35 -94 71 -4 -70 69 -37 81 -15 -79 
-98 37 82 55 69 -83 -28 -52 80 55 -53 87 6 -59 8 -40 86 -31 -23 58 -56 -47 27 30 70 63 -96 2 88 92 -76 -62 -3 99 -52 7 -81 75 -86 5 -34 78 -66 -66 -6 -54 -51 -61 -7 44 63 28 30 -57 -90 -32 92 -48 67 -6 -61 -49 -14 -85 29 -32 -56 57 69 71 37 39 31 40 75 63 -45 -27 -57 4 -28 -32 6 36 -94 -40 -79 20 61 -5 -12 49 -63 -47 -84 -87 -84 -9 56 16 60 66 92 34 85 73 11 61 99 -50 41 98 98 -48 -71 -55 96 -70 -17 53 -57 57 -24 66 20 -8 -59 21 19 47 15 -78 2 -49 38 -61 -76 -95 -9 6 -44 -69 -23 59 23 8 36 -93 38 40 -34 97 -48 -4 -44 -92 -98 86 -35 -39 81 78 -34 -23 57 76 -15 -5 44 -76 80 74 29 -31 27 88 -22 7 78 -27 -50 -55 81 -57 81 -66 64 63 77 55 39 12 -42 20 -2 81 -36 -7 -80 -57 
-66 -83 20 5 1 -89 82 81 -25 -50 84 21 23 86 25 10 -96 53 -18 -80 -46 42 26 19 79 7 -54 -41 -92 -86 -27 -49 -82 -2 -35 33 4 -64 -89 -36 67 -31 -38 -39 -31 -24 34 -51 -97 66 73 93 51 -12 0 -10 -71 -35 -75 -30 -14 -91 25 15 -94 -53 18 -45 79 14 95 24 94 -77 -35 62 8 53 94 -29 -57 -49 42 94 68 -34 -81 27 28 -47 -5 29 9 -83 34 30 -17 -65 92 63 48 -84 -37 46 68 -66 28 93 -62 83 69 51 -67 -57 -56 65 15 -26 79 62 17 91 95 88 -34 2 -96 -14 16 -69 -87 13 -21 -63 -13 43 -15 52 96 -84 -61 -35 -30 -7 95 10 -91 41 -50 8 63 -10 -87 -38 -21 56 26 -39 15 97 -83 34 84 -44 -16 -93 -13 57 16 -72 60 88 -30 -10 82 -36 31 -85 17 88 -26 -6 -72 0 -90 -55 76 5 -64 -84 97 83 -24 -62 -40 6 23 -86 -6 93 
-85 2 27 64 98 -21 -21 91 -11 16 25 -32 37 -82 80 45 -82 78 31 -95 -44 -81 92 -50 -70 -66 35 -28 -98 42 -79 52 12 48 43 -4 -89 84 -29 -67 -7 68 -30 71 0 96 2 -25 90 -64 -99 20 58 87 -46 -61 -39 -27 18 -40 68 -26 21 -70 85 99 -93 -73 -33 -81 51 -56 50 88 -35 -48 -96 43 -9 -67 94 -53 18 -22 -4 -68 -19 50 -35 69 -99 36 87 -79 33 -48 -42 53 -41 0 10 91 93 5 -55 90 7 -75 -33 -2 88 25 -23 9 -66 -32 33 26 19 -18 -51 -31 80 -34 36 19 -95 40 32 4 85 53 93 8 -17 31 40 81 -29 -65 -11 65 16 -78 -37 -54 6 -58 -55 73 58 -72 32 77 -27 9 -99 6 -69 -55 -44 -93 -11 86 -18 -64 -51 -39 12 -67 73 23 13 12 41 -78 57 -23 10 82 22 38 36 43 49 -2 -63 52 49 12 82 -87 23 45 47 61 89 -63 -97 99 
50 46 16 -74 64 68 -24 18 -25 -81 -4 -1 -1 -50 -29 46 75 -72 9 -53 -37 98 -52 20 41 34 51 -29 7 72 -35 -20 -11 -50 -24 -58 13 -76 -20 36 13 -84 -38 -2 57 97 20 -48 -28 -71 44 41 32 -14 -75 -96 -6 83 7 35 38 63 4 96 42 -96 -58 67 38 66 90 27 47 43 -14 81 90 -31 95 -64 -94 -77 -30 -22 29 -4 -43 98 -85 -1 63 -29 66 93 36 40 69 -40 -79 -8 -30 45 92 7 -1 -29 89 14 37 -22 -17 71 27 96 -4 -38 39 -93 -64 99 -53 -86 -18 -9 86 -57 19 -98 -24 38 -8 35 -51 8 -18 21 33 31 -24 -9 -49 -63 -53 -73 -2 31 11 94 -76 -36 29 -32 13 93 -60 -62 73 55 60 -8 -20 -83 51 -53 -41 94 99 74 -35 -47 91 -99 59 -80 1 -34 -8 39 50 -94 59 6 19 56 16 -69 -78 -52 49 0 9 -6 11 -95 -61 -95 -99 -91 68 -63 
-81 61 99 -5 -25 -5 -97 -52 30 91 -42 -45 2 -65 33 17 -29 14 -3 -77 77 14 -2 12 -86 -95 -25 -16 -16 -82 -78 -59 -69 8 69 -43 87 -37 88 -69 -22 -42 -3 30 -49 -85 -54 -70 3 -72 -90 -10 -60 -74 -98 -13 -90 20 25 86 1 -82 -94 -20 -47 -23 23 -38 -37 17 9 63 -54 71 -30 84 -47 39 -25 -97 89 -13 18 -24 58 94 -55 -50 -2 -54 33 -55 -13 -34 79 -22 -19 78 56 83 18 14 -75 -4 26 -76 28 -36 33 -67 19 7 -22 -32 -38 -66 -93 76 -40 -38 95 40 -43 -11 23 49 -19 88 -77 -44 78 90 45 75 43 -64 88 73 68 10 65 78 56 10 -63 42 -12 -52 -68 20 -70 -83 -40 -8 -32 73 -29 19 -40 -40 -66 -23 82 -85 18 -18 -13 58 -85 -61 2 63 31 91 -57 -24 8 -88 93 -69 -36 -58 -20 -2 63 17 -87 86 -62 -13 -86 -65 14 -90 -65 -17 -46 45 -13 30 
1 68 81 -76 96 -18 -51 62 -51 72 21 90 77 -18 49 -42 58 -71 -14 11 -56 -6 17 -78 8 -18 -82 -48 -17 39 22 15 -46 6 -23 22 68 90 88 -8 95 85 -77 -69 59 79 -44 -91 41 2 -3 56 -13 12 58 -10 10 17 56 39 83 -67 83 -59 93 92 -33 18 -65 17 -76 -18 -38 -93 34 -80 -57 -97 -68 -76 22 -90 30 65 45 72 -95 -96 -44 35 -74 94 -55 -41 -25 29 -79 62 76 66 -69 27 26 11 -90 -48 -67 19 73 47 85 -92 54 -83 -14 -26 8 -61 -97 -74 31 53 -24 -5 34 78 -86 -68 -22 -19 -53 84 70 -84 -16 -45 76 -96 77 -46 -24 39 72 -75 -91 -47 -25 -51 12 -30 10 77 -70 83 74 -21 1 -18 58 -3 57 42 -39 87 -56 2 -73 52 -17 -94 -61 12 87 2 29 72 -2 78 -12 -17 40 -16 66 79 -6 -67 -38 -85 -62 22 -13 67 -5 -96 48 -16 -9 74 0 -95 
61 95 -66 -23 24 -83 -99 75 47 80 -39 34 53 67 -79 -53 -54 5 -4 -97 -17 -50 -48 82 74 16 -47 45 29 -21 26 -60 53 7 -42 -72 -17 98 49 -47 -36 -58 -23 23 -76 -37 36 -9 -48 32 -54 69 55 -27 18 -56 23 96 29 -26 -12 93 -24 85 -49 -27 -13 -26 -63 -9 45 88 -36 -90 -70 98 -94 14 90 -49 -42 -57 -75 -97 -13 -33 -68 -85 -51 -79 -89 33 43 57 96 -38 -78 -81 -60 51 -92 96 -58 27 46 26 -72 -28 30 24 35 63 -44 -72 -73 57 -79 2 -15 89 6 63 -87 -18 -50 -95 49 -47 -85 99 -48 -7 92 -81 2 -56 52 -71 90 51 44 -73 -94 61 -17 42 26 13 45 -56 -53 -9 -8 25 93 -58 -26 -65 -92 71 -10 -33 -32 -2 7 -48 -97 -91 5 50 -50 -28 1 -18 -51 -30 57 0 40 13 -69 -82 -66 36 -46 -93 -75 -68 32 -26 -42 27 -12 34 78 -45 7 24 -1 -45 
-94 22 -17 67 72 -82 88 -84 -91 -85 -66 -67 -77 -16 7 74 -20 -67 25 -68 13 -88 97 91 -74 80 -76 -13 97 -44 -6 -55 0 67 82 98 7 53 -3 -84 43 91 17 -61 15 -72 -91 46 -58 -71 24 -50 57 99 -29 -35 4 -58 -48 41 61 -35 66 35 -16 9 83 -77 -1 -28 -41 19 83 -96 -53 30 -85 -4 -8 -6 88 -88 -35 27 -52 -48 36 -89 -1 -80 -41 34 60 -69 -56 -52 -7 -3 -98 94 -46 -13 2 -95 97 -19 -75 33 -93 36 -43 50 -84 -34 -98 -37 49 79 -39 20 67 -87 86 -95 -30 63 -35 -35 -53 -23 -67 -72 94 71 -96 -55 -71 -46 32 72 54 -45 48 -20 -37 -33 -97 -78 -98 22 -40 82 -56 13 -45 91 -24 34 15 -68 75 26 -18 -98 16 63 50 -58 -62 -87 29 32 -64 -13 56 44 17 -78 -85 96 95 -86 -4 48 12 -89 -1 -71 45 -89 -9 56 -11 -54 71 -10 -34 62 -24 62 
61 -55 -44 -39 39 32 -14 64 45 32 -36 41 -2 -47 -25 30 96 22 -70 43 57 -43 4 42 75 5 98 -4 98 98 94 32 84 -68 64 68 99 -14 -79 25 -9 97 -44 74 -45 -66 15 -30 72 -38 72 -38 70 98 -25 -43 -96 67 -91 19 84 -71 98 -56 -98 -47 18 -71 98 70 85 -58 -87 -21 -60 11 25 44 -84 -26 -9 74 98 -27 -79 -77 -95 94 -47 56 25 -79 40 -91 -42 -18 54 81 94 11 -70 -94 59 -77 -87 -1 -19 25 -86 71 87 41 83 96 24 -8 25 14 9 -21 17 28 -15 -75 -74 52 -76 28 -2 -11 -15 78 -68 40 93 -91 8 10 88 -76 -95 60 -45 3 94 30 11 32 -87 -46 -86 32 67 32 70 -49 14 -92 58 60 33 -59 -77 59 89 21 -13 67 60 -73 83 6 -71 -75 -48 50 81 7 -96 67 91 -16 58 -29 56 -19 -24 14 92 -52 -94 -47 -28 66 22 42 -31 -15 19 -4 
-23 -7 68 5 95 35 -71 71 79 86 19 36 -85 75 27 72 -20 -16 9 95 -7 45 85 74 6 21 79 81 -88 71 81 -12 43 49 -44 -55 90 -40 12 51 35 -77 92 -27 -17 -69 -49 44 14 -54 23 65 59 -68 -35 90 -25 59 31 -11 -92 -56 -56 34 60 -67 4 13 50 -68 8 68 11 35 -64 72 8 -21 38 25 -16 -34 16 -36 82 -63 -75 -38 92 -34 31 77 -7 -68 56 16 6 6 -47 97 21 43 3 -33 -87 70 -91 26 80 44 -85 -86 -47 74 66 -79 -35 -15 89 -54 -43 49 -23 85 -20 24 79 51 -30 -35 20 -90 -38 50 30 -51 26 5 46 22 6 18 12 38 -95 30 -67 98 -11 -69 63 61 -56 20 45 49 63 7 21 -53 -43 31 -31 -74 76 38 -67 -83 82 -55 -65 77 99 -83 -21 -42 64 -79 49 21 82 23 -2 22 -61 -21 -40 99 -50 -68 -96 11 83 25 -92 51 -50 22 99 -66 
-8 -9 -32 -29 -76 86 -57 58 38 96 0 42 85 -24 -9 42 -56 28 -12 63 56 -26 -42 -22 41 -38 -40 -46 -55 -55 67 -41 -88 -26 86 -89 20 -64 -92 -43 75 -30 -87 76 84 95 -52 93 71 -6 -54 64 -86 -25 30 11 41 -16 -8 -68 5 -53 52 45 -89 -13 47 69 -25 -62 -41 98 75 -48 -7 -64 -56 20 -9 -21 -54 -31 -74 -79 99 -29 -23 38 68 98 18 -90 -82 28 13 -55 37 -14 16 -88 -43 27 61 -41 47 -23 -70 -4 -24 -16 -11 -3 -94 -96 -98 81 -96 60 69 81 23 -90 -2 -90 -16 54 59 -29 -82 -78 -29 -65 -91 66 -76 40 -88 -85 86 57 4 80 -46 74 -65 84 -8 -44 -7 71 -75 -8 -84 14 35 49 82 20 -92 -1 -40 75 -96 -4 23 -19 -64 -58 -95 -41 42 -45 30 -63 44 -30 -72 54 -72 -16 17 94 -31 51 -62 6 -17 -55 -59 -87 -42 -66 -51 55 19 -16 70 -40 99 93 
-26 -29 -78 15 -95 -29 98 68 95 22 52 36 67 83 -87 -98 58 -57 -97 -98 -70 -80 87 42 -18 69 67 81 -66 53 -40 20 -90 -63 -7 -4 -79 2 -99 52 89 -75 -11 -58 85 -14 -59 17 95 75 -62 -5 -67 85 -80 20 71 -17 76 35 -57 -90 -53 8 86 -92 7 -49 85 -92 -20 -34 12 -41 -93 95 54 13 53 32 42 -78 -22 -75 80 57 89 -5 6 -4 88 19 -62 -31 30 -26 -11 -70 -77 95 52 96 78 15 9 -77 -14 -80 72 40 -71 10 7 55 -10 86 82 -61 -19 53 -45 99 92 38 -60 5 -4 -5 -54 -89 -17 74 -80 39 -48 -96 71 5 -46 -65 -50 2 59 -89 9 -81 19 -91 26 -33 52 46 66 -49 86 60 81 -82 -25 48 68 -43 -27 95 -35 1 32 -37 -95 -71 -48 86 75 -35 14 -74 48 80 -5 -21 46 38 -22 54 -67 66 82 79 75 -62 43 69 44 -99 -41 61 -21 -87 -99 -45 
58 -60 -70 -46 -48 -76 -90 3 -96 -95 -14 -17 -78 47 -88 -15 64 93 41 55 -54 89 22 91 9 38 -48 38 -3 98 14 67 -5 19 52 76 -74 -66 7 -73 63 87 -55 -35 79 -51 -50 -23 -57 -57 64 -92 97 63 16 -23 75 -5 -91 -12 -30 79 -86 -77 24 -60 -35 22 -8 -17 48 -95 -66 -17 -33 3 -11 29 5 -1 35 53 70 54 46 9 69 -50 70 59 0 33 89 -29 -53 35 99 -60 54 -11 -78 -79 -13 44 30 12 30 -64 -95 35 66 -21 -15 58 -12 74 -46 7 -23 64 -2 49 -59 61 -2 -47 -55 14 87 -82 59 -61 1 -10 -10 13 -87 -11 55 -35 52 -22 69 76 15 56 -42 -90 -37 0 10 3 -21 41 59 55 47 1 16 35 -31 -99 -8 59 93 98 -32 -26 56 -76 -88 -15 -89 63 31 13 61 7 -65 -70 58 -74 -78 11 41 -20 -37 93 -97 83 82 33 34 -18 -53 -28 -23 16 -22 -77 
-85 25 -56 -8 0 -39 -89 71 38 -67 -48 69 -57 -81 -59 -36 62 68 71 15 -57 35 -56 -93 88 -19 96 -11 -60 -25 92 -52 54 93 -89 -61 -45 66 -52 -99 41 50 56 91 92 -91 46 -35 97 -91 17 25 57 -49 79 51 48 -86 -40 -78 -16 69 60 99 19 -5 -13 -55 -12 -26 63 -92 74 42 -29 -13 34 -45 91 -53 -19 28 -89 -46 -17 57 -18 89 10 -75 68 -56 -43 56 41 -7 -67 -10 21 -45 92 74 -12 -2 -75 -17 -32 -22 4 46 -55 71 59 87 77 -68 -99 39 23 73 -18 22 -34 -10 19 89 79 71 99 -65 12 13 -94 18 -67 -94 -42 79 62 -21 -48 99 22 -3 -6 7 -14 -84 -94 -18 -14 19 -47 -57 74 25 -90 51 -39 8 69 -51 34 -7 -20 54 -78 59 -18 65 19 5 73 96 81 -56 -44 36 -15 90 5 30 68 -28 88 -48 96 -89 80 18 17 -96 -31 80 -23 60 -23 91 57 -14 
-77 72 -56 30 -57 11 30 95 95 -44 37 74 -81 58 76 -63 -65 -86 14 -65 -37 -68 -72 89 -92 -92 -60 12 -61 -30 -80 -27 14 -40 26 58 -85 83 -15 -4 78 74 -18 43 11 71 33 -49 83 -51 -46 -50 -34 -71 -16 57 36 -64 -28 75 -44 58 38 -62 6 -83 65 -11 55 -55 -56 88 79 -37 7 6 26 68 -93 -55 -26 46 -79 -95 79 73 23 -68 -44 67 -69 -94 27 -78 85 94 90 60 7 87 -56 29 -84 -91 -12 55 -89 -1 23 -21 8 81 -45 56 1 -90 -60 -40 93 64 -21 68 -44 -14 -67 -14 81 17 41 -95 76 -91 3 26 58 23 -62 -20 37 87 -30 -72 64 -50 22 22 92 38 26 47 57 34 60 32 -2 30 -35 7 57 -88 11 93 -23 -23 -93 24 4 26 44 30 77 -34 15 -98 -54 36 19 52 -93 57 -1 54 -77 -80 72 -17 87 50 -70 -62 56 77 -2 -67 -41 -26 -98 -90 -64 -55 
-67 93 1 -40 -47 17 69 -76 -34 -83 32 33 32 -38 -23 26 64 72 66 -52 76 58 -63 -21 46 -11 85 77 -49 -39 -21 31 -58 53 -76 88 25 -79 65 87 62 48 -63 -73 -57 83 -14 88 -5 -19 -10 -6 -96 46 34 -26 -21 27 97 32 -69 54 -60 34 -77 56 -92 66 -17 -14 43 -31 -44 75 -31 59 -71 -75 61 3 8 -12 -7 -50 84 41 30 -15 -70 73 17 73 25 61 -97 -65 -27 -89 92 -26 93 -81 56 38 69 88 90 -81 33 56 -6 -35 23 33 -44 9 10 -88 19 96 -49 -49 8 70 -63 -17 31 6 -31 88 31 -83 -1 -49 -28 -7 10 -24 6 18 13 42 -12 -4 -61 51 -29 61 45 54 40 -47 65 -57 53 -18 11 82 -97 18 32 55 23 -34 -74 -22 71 95 92 17 -31 -99 3 46 60 80 -33 -25 10 -43 -62 -3 81 96 82 -69 74 71 -29 -47 -27 37 64 9 46 85 8 91 -22 -33 
-52 94 41 -59 -82 22 -30 34 -35 -69 -76 -24 -53 -70 72 34 -80 -10 77 21 54 -18 -90 93 -54 -60 25 72 -39 47 -69 -4 50 -52 37 7 -84 58 94 32 -31 -24 -24 28 43 36 91 32 -58 61 11 -47 -55 88 -72 -23 69 37 29 -50 80 -74 46 62 -12 45 -90 63 5 -30 -46 14 -70 29 -90 -15 -21 32 -39 53 27 77 39 75 37 50 -15 -91 6 83 6 -29 -26 8 -12 77 -6 -78 28 -96 -30 -97 -54 16 -92 72 -53 81 83 94 -14 90 32 -96 -64 98 -93 -22 -11 -62 -89 -74 53 17 24 -32 -34 50 -52 37 -92 20 -26 -6 16 34 11 16 54 -85 -2 60 12 -34 -74 -67 22 -40 -93 -23 57 9 -24 6 -58 -65 0 75 -1 80 -90 -82 75 61 28 50 57 -39 -8 -32 12 -89 78 -98 -97 -6 -12 20 31 27 -95 14 -12 32 -19 29 59 -69 -22 -1 -77 36 48 16 4 -89 56 1 38 54 
-82 28 -52 58 59 -85 -4 -10 15 17 -90 94 78 53 57 75 13 28 71 -24 -51 66 -83 75 -85 -19 -20 -55 90 42 75 65 99 97 -68 -92 53 59 46 -4 -88 -29 81 -78 52 -80 19 -93 75 32 56 66 81 -64 39 -75 -29 -7 31 -97 -53 31 97 41 -39 1 -18 -27 20 25 -49 -49 -35 57 -16 95 98 35 45 -12 13 -66 -95 34 -9 -72 -39 1 -6 23 -61 21 86 -47 -88 -8 -94 31 -70 -2 97 31 86 -47 -96 -17 1 -33 65 18 -87 76 53 21 52 1 72 92 -99 -46 70 44 -43 31 79 -75 6 -43 51 -62 15 -47 2 91 -21 67 -90 -84 -5 -86 -18 -52 83 26 67 -23 16 -13 -33 -57 86 -6 -66 -45 -46 26 -53 56 13 4 -44 5 30 -92 -35 -50 28 -81 1 19 -92 79 -77 -33 -38 -80 41 81 -77 -24 -41 -81 28 29 96 49 13 63 17 -77 -22 -36 -36 -91 -27 24 61 12 -83 -37 
-16 -14 -40 34 -57 80 -32 -63 70 -55 47 43 -18 -7 47 61 -81 86 -41 27 3 -41 90 30 59 -77 -9 95 79 80 -60 83 -29 40 -16 -22 73 -44 -69 83 32 35 74 98 12 63 75 -77 69 -47 32 33 58 64 -43 26 -56 -84 -22 77 54 85 -62 -74 -76 64 94 7 62 -10 -38 65 49 87 -95 78 -57 -40 -70 73 1 -3 17 25 52 -66 57 69 93 86 -29 21 -69 21 94 -34 -18 -59 14 -87 -34 42 -18 81 88 99 49 81 -93 -25 -35 71 8 98 47 -25 32 -76 88 40 -33 28 89 73 -97 11 76 43 64 -56 14 49 88 -33 -8 94 96 -72 32 -31 21 -7 21 -31 32 -69 64 -48 26 -11 90 49 66 -68 -71 77 -58 -94 27 89 69 -52 -87 66 -87 83 75 -40 -65 28 56 97 46 34 81 -85 61 97 25 -11 -94 9 52 -97 76 49 -34 -96 63 86 38 70 -59 19 4 -88 -98 36 -10 -99 
-26 50 -64 -11 -77 -92 75 19 -69 -68 99 -56 55 63 -95 -97 -9 29 22 55 66 -68 -56 -91 68 89 -3 25 29 3 -24 98 -35 -92 -31 58 -96 -42 -53 89 -82 95 0 -24 -26 93 -6 44 -82 48 65 -6 -8 -55 -73 95 -45 85 12 79 -84 87 -50 99 40 -26 -74 16 21 -80 -19 29 82 -21 -78 1 -62 -34 77 -44 10 15 74 14 -4 96 -86 13 -53 -71 50 -94 29 -75 -23 -55 -92 89 -5 4 -46 -72 14 36 -73 -31 -62 -30 69 -50 59 92 -67 29 -23 -29 -55 84 45 -59 -92 -63 -77 -98 -53 10 66 -95 -11 20 -26 58 -44 -23 -42 71 -63 -84 -68 -8 -62 37 55 8 65 -76 -87 15 85 -65 74 -78 9 -42 -11 92 93 38 -91 11 -47 61 76 -88 -67 -9 -61 -8 -91 -70 -63 -61 89 -48 -7 -53 98 60 -37 -73 -88 70 98 -39 2 34 85 64 -59 -37 70 60 47 -93 -75 58 32 93 26 -51 
15 -13 62 48 52 -52 15 -78 -31 -5 92 -18 91 -90 96 25 20 -61 -5 -98 -62 67 -67 77 30 -24 21 89 -83 -66 -28 60 -53 55 -36 50 65 -59 74 -96 58 -55 11 86 80 -65 -76 44 -27 -94 -84 51 -87 33 -44 49 42 -47 83 26 23 21 73 -64 -31 -30 46 39 79 -25 4 27 62 -72 40 40 -96 21 -83 -88 -50 32 53 -80 -59 3 78 57 -66 52 -28 48 -91 0 38 82 60 91 -79 -61 -39 -43 -17 -76 -11 -47 47 9 40 -24 24 12 -45 12 97 -55 76 48 -80 82 67 80 -39 36 -31 39 -80 -31 48 -89 -50 32 84 -10 -65 53 91 -40 -20 -16 77 -66 -60 -99 -98 1 79 -72 19 -97 41 65 54 -90 -64 95 -17 -93 -79 -39 68 48 -94 36 -59 -27 -3 -94 -65 -47 -69 54 -84 27 -29 87 84 82 -21 97 -19 96 22 -92 16 73 -71 -35 -26 98 -14 -80 -93 -80 -93 28 -3 1 -81 -68 
-68 -71 4 -62 -98 -86 36 49 41 5 -11 -88 86 -44 -83 -54 53 -32 -80 8 11 -29 9 -65 56 3 17 -86 -97 30 62 -54 -61 81 -82 -85 94 -14 -66 23 27 -23 -87 -74 39 69 -6 72 -19 52 31 87 -55 -54 94 -74 -72 -92 -84 93 81 -52 67 57 60 68 -63 -38 -67 26 -57 11 6 -61 -33 55 -77 20 -65 13 -75 -20 67 -39 -66 -94 90 42 -92 -98 -43 1 9 -97 -76 73 -23 76 2 16 -99 84 -48 -91 55 23 -86 -85 -1 -11 -36 -78 -76 69 -91 14 -13 64 62 61 97 -81 -23 -37 4 -95 28 95 19 -49 2 47 -72 69 63 41 -36 30 -72 11 43 19 -78 47 -5 99 -15 -4 23 95 -49 -11 -24 -46 24 68 -39 -38 -6 -13 94 -62 -95 50 55 88 -6 97 -32 -49 63 -52 -58 13 -7 2 2 -21 2 -46 -59 2 46 -4 1 -1 -41 -29 92 12 -21 40 -44 76 25 53 -92 -24 69 -71 
16 -25 55 92 -38 9 -91 -39 -10 11 -52 24 84 -80 46 79 78 39 -15 17 -12 -81 19 -86 1 70 87 -22 -50 -36 -36 80 -31 86 -19 -90 -51 99 -55 -6 -21 31 -46 -19 44 -91 -1 1 -42 -9 57 51 -53 9 98 90 9 16 97 -26 95 -55 -36 -5 -68 -67 65 87 59 47 -10 -65 -28 2 97 87 -9 -38 -38 -49 35 -98 72 -54 52 76 11 18 -61 -57 -60 -43 -96 8 33 -56 -76 -43 14 17 33 5 81 45 14 81 3 -94 71 -67 -59 -51 84 -58 75 -62 97 38 -34 41 -74 -61 -89 67 -19 -27 84 28 78 65 -57 -21 -81 58 63 82 -67 -41 -91 27 -51 -63 85 -23 62 84 54 90 -12 76 -18 -1 85 25 -80 12 -24 -79 39 -90 37 91 47 -46 77 19 -69 -99 -1 49 61 -62 62 21 92 -21 -33 28 77 -35 9 -29 93 -42 -20 -51 89 -8 -79 60 -32 83 26 -66 2 83 -16 97 87 49 
66 99 55 -47 97 93 5 60 -86 0 27 -49 25 -39 11 82 -49 -80 -47 37 88 -67 18 1 -89 18 -37 72 -39 99 88 -26 -37 -81 -99 -49 -13 -9 -57 -39 58 26 64 0 79 -51 59 -33 -15 79 -75 7 -64 -61 85 -52 -59 33 27 -14 39 90 28 82 -33 45 80 -26 42 81 -92 41 73 -7 27 -39 -73 -98 -23 34 -21 30 -36 57 29 -55 8 -96 78 -70 -24 54 99 69 18 -54 -69 11 96 24 -47 -75 -23 33 9 49 -97 44 -28 -21 -88 -65 81 -96 -24 -93 -83 74 -93 -55 61 -76 1 4 65 94 46 95 -41 -52 58 -67 -11 81 45 91 26 74 19 22 59 73 25 83 80 92 10 -33 56 -13 -20 -25 8 89 -28 -14 -93 20 -86 29 -69 -21 89 -37 -67 -96 -50 68 4 -58 57 -36 -49 2 25 56 81 -12 -68 81 85 65 -96 -5 -47 34 -26 -79 -92 31 36 2 -28 -39 62 -62 78 9 8 -20 
-7 -12 -29 34 -15 -85 -32 -73 -36 42 -50 -77 -43 -41 -97 34 37 25 99 18 -3 -26 -28 -97 -78 74 -9 -88 32 9 -51 71 -38 13 -4 28 14 -42 49 -70 60 -95 -47 -75 -1 -90 13 86 -15 58 -72 -13 -51 25 28 -85 64 -97 -31 -33 48 46 -85 -52 -10 -53 -85 99 69 68 83 -5 -58 17 -91 -49 -78 -41 15 -95 33 -4 -24 33 -82 -44 -78 -18 -2 -48 38 -53 91 -75 -73 45 -65 -23 -15 -97 27 -14 27 16 -37 -46 63 28 12 7 -96 -59 -6 -41 46 -11 -30 1 -82 13 -35 -72 -15 60 -94 -91 -46 -35 -97 92 81 51 -57 -93 52 -17 -11 84 -56 -55 -61 -47 20 -58 -3 -68 -50 -83 17 -10 -42 -54 -80 -70 -58 9 15 -70 -28 -1 -25 76 90 56 -80 94 -60 47 -2 -93 21 -81 -51 89 -84 81 80 95 45 42 84 14 -67 12 -68 -79 52 -72 -78 -21 -89 70 82 39 -25 -76 37 71 -48 55 
82 -84 -20 -3 -67 -94 -44 98 -2 -40 -95 -48 -24 97 76 73 46 -73 75 -90 -23 -24 39 0 1 89 -88 89 23 -44 -36 85 44 -1 -82 -78 30 21 51 27 79 -37 -90 -3 8 56 -30 22 92 -97 -87 -54 -95 -95 -92 35 83 -69 -41 84 -84 66 -71 -24 65 -21 75 65 25 -83 58 64 -29 -59 -10 -43 -58 -95 6 -87 -60 -3 80 -12 15 -56 -54 -11 -70 60 -84 -64 1 46 79 -71 -23 67 -24 95 13 -65 47 35 93 -11 -46 39 52 -17 -9 26 -26 24 -27 -45 59 -64 -69 32 -78 -90 -66 34 77 2 -5 -27 49 -56 88 -24 5 -50 99 -72 -15 -63 -45 82 -71 99 76 76 91 60 -1 56 36 -83 -84 -31 -51 -32 -96 63 -14 37 -1 -29 6 -52 91 99 -79 29 -90 25 91 69 94 85 68 -80 -41 3 -31 -25 -24 -67 -9 -14 -32 98 -50 -11 65 72 -48 -82 96 -55 -56 81 -56 89 -4 -94 49 -91 
-26 -59 84 -54 18 42 15 -89 62 -98 -61 55 -53 -25 34 80 -92 -77 71 5 -25 -63 -98 78 -57 10 18 60 -25 -96 -26 -79 40 31 -18 53 -97 -76 -98 -67 72 -95 63 -12 -27 -28 -60 6 52 -20 54 -98 -96 52 44 53 -8 60 -34 95 -15 80 -54 31 8 -51 -73 -36 -42 20 85 -37 79 41 8 -72 52 0 56 61 -7 35 89 30 -35 18 -36 -21 -69 22 -17 -96 -1 -44 -89 42 42 -98 -66 -7 -65 49 -18 61 -56 34 41 30 -54 75 -99 -73 -17 26 0 22 31 -18 -82 -5 -95 16 -54 -44 31 -90 90 49 -45 -44 31 87 28 59 16 -20 -30 66 -19 16 -74 -56 1 -19 56 84 -45 5 -45 -45 -32 -62 -87 22 76 87 14 51 -76 45 67 -91 -3 89 80 23 -39 -97 42 49 53 -32 -20 11 -97 -34 92 72 2 68 -35 12 -5 68 -8 19 8 29 56 88 -10 -15 -51 21 -50 2 -89 -18 68 -26 
-40 -39 99 -3 -60 18 91 -86 82 -18 68 -69 7 21 24 -51 98 -21 -76 72 44 -10 -48 -82 81 -52 23 -74 53 -99 69 -31 -37 37 39 -23 82 -37 1 26 -68 -69 -39 -60 3 -17 24 -32 96 5 79 6 48 -81 80 -9 -7 7 -36 -76 86 -55 -27 -42 -57 -21 -61 77 66 -26 -54 -70 -10 -30 96 7 54 -43 -21 11 -35 62 -51 -18 -21 -32 -70 47 55 46 -5 20 34 -61 -65 41 98 -50 -59 99 60 44 -16 82 -80 -55 -25 72 42 68 82 58 62 -89 16 47 -69 29 -68 25 -44 -91 89 -63 -31 -94 57 14 78 40 72 2 12 -40 -14 35 97 95 39 -96 -40 -30 76 -80 57 -92 45 77 -26 53 -70 23 24 -34 95 -43 5 62 -13 33 -24 6 34 44 -16 -29 -96 -30 -57 -7 78 99 -85 -23 -85 36 -67 6 77 -21 -40 55 49 -26 -28 -14 -56 -73 40 22 51 87 -4 64 9 -21 82 -77 32 99 
56 -64 29 19 -10 67 -36 -60 -16 18 -31 -49 -82 44 90 -33 -45 -67 41 -79 13 -72 -13 57 -78 94 -74 -78 -6 -75 14 -70 -48 86 -29 54 50 14 2 -70 85 91 53 25 57 -40 68 -74 -24 34 75 -91 -20 -83 -51 57 -81 -29 56 84 -15 79 38 -70 -80 1 65 22 72 54 19 65 22 97 -55 -72 -33 70 -54 -66 -50 44 81 -40 39 -9 98 93 -70 -35 23 -26 96 22 -96 -68 -35 -98 18 38 -53 20 21 37 -38 39 69 -53 13 -90 95 -96 -96 -19 -30 -97 4 80 -52 71 9 78 -76 60 -44 -87 -42 -4 4 70 -51 -87 74 6 -44 95 -84 48 -67 66 11 -66 -31 -23 -88 -74 66 -72 64 -23 17 55 59 39 -64 -91 31 43 92 -52 1 -15 -79 19 36 36 52 55 -59 -82 -16 -32 84 1 -35 -73 -42 87 -25 -10 -7 -63 -25 -58 94 40 -82 -18 -96 36 78 -28 96 -79 12 92 -7 62 83 25 
8 -94 21 -39 5 97 -38 20 -59 6 46 73 -63 9 -30 56 -94 68 71 37 -64 -94 -99 -50 12 -53 -88 97 82 -31 -27 13 -67 -70 -78 -84 -74 -63 -83 19 6 16 -92 -76 -40 43 27 17 66 -24 14 -73 68 66 -46 59 47 64 -12 28 -43 -35 -16 52 42 -94 -96 -64 40 94 63 50 74 46 3 49 36 78 54 9 -5 8 38 0 18 -9 -18 42 83 -67 22 -92 49 -75 63 74 45 -55 72 83 -74 12 -80 2 -84 -41 -82 -13 53 89 -32 -24 86 -61 53 35 -47 -48 5 0 -23 77 -57 -79 -33 52 -32 -94 95 86 72 -16 -62 57 10 57 79 74 53 -28 -55 -92 98 -39 -81 -59 -22 -92 -50 13 -75 -69 33 -47 21 16 34 79 2 68 -9 99 29 27 -57 -7 77 95 -42 -87 87 64 22 99 -77 99 47 -85 77 52 66 -93 52 -70 68 6 76 -95 85 -67 -51 -18 44 83 82 -36 -79 49 -60 -40 
-75 52 47 24 -24 21 -69 91 -60 -44 30 1 -62 -44 -18 -14 -54 83 -59 -8 69 4 68 92 -54 -70 50 -25 96 46 94 -77 -2 70 -32 -27 12 96 89 65 -23 23 -5 -15 -87 -52 -17 -79 41 27 56 47 44 79 36 78 32 -68 28 69 11 4 55 16 -22 -60 -32 59 44 9 47 46 50 71 6 -8 52 66 7 -85 -25 73 14 67 50 -60 7 -22 -47 38 -8 85 -21 3 -57 -95 -93 27 -91 -4 38 -94 -3 88 -33 -15 -87 -91 -68 23 84 45 -53 52 81 82 -93 98 12 -74 -63 -65 -67 -42 -34 -78 -39 -54 9 -35 -68 -74 -68 -5 77 -59 44 41 44 -13 -31 -6 -77 20 3 62 -59 -55 10 -71 97 18 57 -37 -18 -82 -21 -37 58 62 -48 45 -9 86 -85 16 -92 -18 -21 -83 -60 34 -36 16 -90 -92 37 60 -48 -56 72 -1 -13 -82 -99 -4 21 24 -59 -3 -6 71 -81 23 -12 10 -48 -97 -83 86 
47 82 87 28 -41 -12 -19 -59 -14 65 86 58 -86 -57 85 -21 -34 -29 -57 -35 84 -44 77 19 3 50 -33 -74 -10 -15 81 -41 -94 7 -16 37 -86 6 -53 46 97 94 65 -34 -63 53 74 53 0 18 -82 -75 24 32 92 -85 -57 -58 -13 -39 85 -78 -74 65 -78 17 -57 -39 -38 96 36 48 -62 91 -47 -26 -77 89 49 89 59 -1 -1 -16 19 15 -95 -5 -74 -94 51 0 76 35 -16 99 41 41 86 -73 87 77 -49 -1 -86 65 -42 -49 -34 69 51 62 -19 36 48 53 -27 -42 -74 61 -16 82 -88 -37 -86 44 69 -78 59 -68 86 -42 -16 -32 74 48 80 19 -29 60 -63 -58 1 -21 46 50 9 69 -28 -93 -21 12 -75 -61 61 60 -8 -73 -58 -49 -54 -61 -44 -90 -9 -22 6 -94 69 -48 93 97 -44 -13 -35 8 -16 21 -96 2 -56 39 -34 37 74 -61 77 67 18 58 -26 35 -13 -23 -9 -69 -37 -16 -48 -21 
29 -74 -91 17 53 75 -46 -54 -31 -6 -34 -85 -68 -5 2 91 2 9 14 -11 13 -53 -49 57 -87 86 32 -2 -2 -76 69 -30 18 -67 73 7 -28 -54 -7 19 21 9 -91 31 25 9 81 93 -14 6 69 58 -88 89 70 56 -34 -93 -66 -80 -26 -71 -11 77 -61 90 64 13 35 -5 -14 84 72 34 59 75 88 45 -55 56 89 -86 -10 71 91 -13 -58 34 35 70 92 -67 80 62 -41 63 76 50 31 14 -54 86 49 27 34 -98 21 64 -27 -2 11 87 -48 -21 2 53 -90 62 -14 93 -12 74 -78 -31 -45 -84 -96 -17 -39 57 -61 82 49 -57 -23 -40 -67 39 -53 -20 99 90 -88 -74 -74 45 -58 -9 -95 70 -92 -38 6 76 43 56 11 76 96 -9 31 18 -35 -14 7 16 -89 27 -31 -64 -1 -37 9 7 -41 -60 74 84 -73 -97 59 -36 18 63 48 -35 28 -80 45 60 -47 -65 44 -30 31 57 -75 24 71 -64 
-7 12 21 -80 -48 -38 7 -76 -89 -68 84 98 70 22 45 51 54 -43 -74 -21 95 47 36 25 1 12 -58 -77 87 76 91 84 -32 82 1 -16 -42 -33 -6 -94 -11 -49 24 -10 -57 -79 60 11 -60 65 -3 15 -82 -55 55 35 77 -26 -91 40 92 -52 16 -94 98 90 -59 -79 -31 26 67 -61 -86 -97 34 79 -67 64 83 -80 70 -35 -18 -25 -26 57 -68 -30 -31 -56 -39 -39 -16 73 -97 60 -93 -25 52 -77 -26 -58 55 39 64 73 14 34 6 -12 76 -83 56 -71 35 97 44 84 -67 -8 77 78 -63 -68 -82 -47 89 -30 90 -59 94 76 74 -21 63 56 68 83 8 83 -24 88 18 42 18 21 -13 -12 85 56 3 -36 55 -7 22 -35 -38 13 57 19 63 -81 -25 -32 -52 -1 -55 64 67 79 76 18 -35 -42 29 93 -9 41 -50 76 98 62 37 42 -3 97 16 -34 97 13 -97 -44 -52 -31 76 -55 55 -77 33 -33 
-87 70 -44 -72 -55 50 43 -98 -78 -22 -85 -41 -65 58 5 12 -88 -65 60 -62 84 38 -67 23 -85 15 -69 -19 -98 69 2 -33 -32 -4 -71 -73 0 -47 11 -77 -63 -45 84 -6 -46 -7 24 89 52 41 -88 43 63 -30 2 94 46 -89 -55 18 36 86 11 -41 46 58 -40 -37 57 42 23 44 -59 21 73 99 29 79 25 -80 -11 16 -60 77 -49 -47 -24 -62 -62 -98 8 21 -76 85 96 69 68 -81 -45 77 91 -36 54 49 87 89 44 -42 -52 -8 14 -92 -68 -79 -8 -68 46 -4 -66 -50 95 33 -45 -77 73 -95 38 -14 71 -93 -95 74 -10 86 -46 16 -29 -63 -28 -50 -58 67 81 -43 73 -54 62 54 24 33 32 -43 8 -54 -33 14 -94 -21 31 26 2 75 -62 53 -46 47 -80 53 36 -67 -93 -54 87 40 61 1 -82 80 88 -69 9 -68 -24 16 73 -58 34 83 -45 7 82 4 56 -55 70 11 94 -60 -39 98 
-95 44 -83 -14 -24 39 64 -3 -51 37 91 -64 -97 -48 -52 79 -63 -81 -36 -49 67 16 -55 -39 72 93 -73 -27 35 -7 -97 -83 -22 -31 -54 67 -88 -78 18 -60 97 -2 -98 75 50 18 8 -74 -44 -28 39 -5 4 94 -83 -32 4 -34 -57 59 48 -39 -90 36 -97 -69 17 18 -92 9 -73 -87 2 67 95 53 -17 49 99 -99 67 56 25 25 -98 -72 -26 59 -85 67 -96 20 -17 59 -35 82 -28 -48 35 29 93 -49 -60 96 20 84 64 1 -64 -38 42 -25 -79 59 96 14 10 -69 -25 32 -18 99 -62 35 2 -95 61 -23 -76 48 48 -78 -25 -74 -45 38 -48 13 -59 -56 63 0 -65 -49 10 -71 41 29 -40 46 55 -88 95 25 53 -87 -21 37 -62 -66 77 -33 -16 -57 38 42 79 44 -26 84 8 -60 28 70 90 -8 -56 73 61 34 -38 15 -36 85 -8 6 5 -44 -98 -4 78 -66 62 -83 -16 37 82 5 -96 -84 
-19 -12 93 -60 9 76 98 26 -25 -96 -30 -44 68 -95 -72 37 -15 -5 91 33 69 -18 -85 49 22 -98 -66 -84 -47 -87 -42 -47 -24 10 -31 -7 93 -83 98 -57 68 85 -6 -51 -18 -87 53 15 -97 -54 -39 -93 29 58 88 -80 -54 -12 65 -88 5 61 -74 15 10 -32 20 -90 -50 -48 -95 -9 -29 -48 -29 -3 -18 34 -6 27 18 71 69 -99 -97 -49 -9 76 -66 -92 24 57 -91 10 30 -6 -88 5 44 62 26 7 12 54 7 96 18 48 -72 56 -53 -22 49 -85 21 -29 -3 -17 89 15 66 51 -65 82 -86 44 43 75 -44 -69 -79 -80 17 -32 -5 -25 -56 -90 0 11 -9 99 57 -65 95 81 -33 99 -6 -64 64 61 4 -61 66 76 -86 -17 -51 7 64 -52 69 -19 60 -82 -24 25 0 -90 -8 -40 -79 10 -52 -72 34 40 -64 32 -44 -75 8 -33 -81 -44 -33 94 48 -31 76 33 71 -12 60 -95 -58 -1 -48 41 
36 -53 83 59 -18 33 56 15 54 53 36 12 -76 -74 -39 -18 94 14 -1 -49 -94 13 -32 -38 55 48 -59 -83 -41 -47 -64 19 92 62 -91 -25 -50 -59 28 85 -8 49 -12 -24 -16 -24 -92 -13 -4 88 3 -43 49 51 -22 95 -58 -14 40 -1 -78 -83 85 -81 -76 31 -86 65 -86 34 -72 -77 -71 -50 -74 -42 71 44 -88 88 -68 85 -35 -12 -43 17 8 98 -98 -14 94 36 19 -44 -28 63 61 -43 90 -14 6 -54 -41 74 -75 71 -71 -48 -37 92 -83 23 57 -95 -50 12 21 38 -96 0 -48 33 59 -63 21 -4 -23 -61 17 1 45 89 -59 -98 -59 -19 20 63 -46 52 -47 -51 11 91 -92 -92 -29 -37 8 42 -10 -11 22 -95 96 -92 -59 97 -38 57 -50 -6 -70 20 -55 -9 -92 -85 99 -33 -94 -88 -25 33 -35 -44 -3 54 -16 69 3 14 72 18 87 42 -16 -16 -95 -22 -64 -36 -72 25 -27 56 -47 33 35 -24 
96 88 -32 80 15 -36 89 -94 84 -34 92 -13 -2 71 -32 69 -98 15 -88 98 -47 19 -15 30 -66 -20 17 -31 -47 42 -85 95 -13 63 3 71 -33 -47 -20 -4 -90 -8 -54 3 35 60 39 -46 65 57 14 10 36 -66 76 -76 -2 72 -80 27 -93 94 80 97 -5 -79 85 26 40 -55 41 -89 -11 -53 5 33 -1 21 -71 -21 92 -4 -92 43 86 95 -79 77 -74 48 13 58 -43 -68 -51 -29 -12 -44 -29 -83 -46 76 -42 93 -46 37 11 90 89 57 -42 -53 73 -10 -49 15 -54 -60 -90 -50 -29 -86 -22 58 90 85 79 66 -51 55 -43 8 74 -50 94 19 79 2 -17 -53 -49 70 -7 -43 -54 -9 50 -91 39 -34 47 97 -99 -63 40 47 76 89 -19 -36 -28 37 -42 63 81 27 -38 -74 23 -91 86 -60 -60 -44 -18 -65 94 17 -75 0 33 68 -51 -29 57 -83 -95 -55 -72 70 -29 -62 -6 -15 31 9 -34 36 -52 -55 
84 19 33 -98 -8 70 81 -27 80 12 -27 -4 43 5 -89 52 35 -19 23 95 -97 16 48 93 71 38 -85 63 -34 96 -14 -27 -55 59 14 -39 24 -30 64 -77 -19 51 -63 31 94 -72 38 50 68 -14 -74 76 -27 -19 91 33 -99 71 90 -53 30 -7 -40 68 -69 83 32 -58 63 -64 -19 0 -84 -62 -92 5 61 51 55 38 40 -16 87 28 24 10 -77 51 -43 19 56 2 -46 39 -39 -83 13 9 -31 96 -84 48 93 -17 -81 -63 -79 -89 -71 -10 25 -82 79 23 -68 49 -82 82 -22 74 33 10 -80 5 46 12 28 35 10 -51 -79 -91 -97 48 -54 76 2 -89 23 -29 59 80 27 -46 92 -51 91 -63 -37 -96 40 -9 -36 39 1 27 -72 -52 -53 35 -81 -55 59 21 -78 73 -42 52 -42 -83 8 -94 -2 62 20 37 -99 -1 80 -15 -17 -26 -31 -16 -36 -38 -33 -97 -4 16 -19 92 50 99 39 -89 -83 57 96 -26 
-42 76 -49 62 -65 -1 -26 26 -31 -56 -41 49 -23 -6 -95 -67 27 28 97 -41 -34 45 7 10 -41 -83 -8 11 79 -72 75 -63 85 37 67 17 -97 -47 4 5 -57 -51 -68 13 -75 -78 0 -52 -7 -46 -49 22 -5 62 -19 87 46 -42 -70 57 45 -56 -46 -70 69 46 56 43 -16 47 38 87 -20 -27 -50 -77 -14 -85 -47 -33 -52 -86 -37 -54 19 88 4 -14 -41 47 9 9 95 92 68 -26 -47 75 96 44 39 -66 86 84 82 42 41 -10 99 -76 9 89 88 -52 51 81 88 75 -10 -2 -77 75 68 -75 -41 90 -95 -82 88 -36 41 17 39 -69 34 -98 34 -26 52 -16 -18 -36 -43 -20 60 23 12 73 99 35 66 -89 77 -11 -47 -42 -57 -16 24 -96 11 75 95 56 4 14 -85 5 -3 48 -97 -24 64 -22 0 63 87 -95 -79 -68 59 43 -95 -60 -59 70 60 23 -67 79 -64 -93 33 41 5 -49 -69 25 -26 -38 
44 79 -73 -73 20 -27 -47 -72 -30 -48 -3 -40 89 40 -76 -3 76 -7 -3 66 61 82 28 62 46 83 -69 53 63 0 1 -36 29 5 72 -37 39 84 43 -75 89 -80 74 -43 21 -41 -47 24 94 -36 -17 60 38 -40 35 68 -78 23 46 78 -43 -30 -64 -98 -15 94 -35 -26 89 42 -88 33 74 93 65 87 -65 63 36 -74 -84 -19 -16 9 22 72 36 -11 42 -57 3 -97 -53 97 -75 91 55 80 43 77 50 -25 76 -6 -2 -47 29 74 -45 12 -37 -99 -24 -25 -89 78 82 -88 -76 -22 -94 -79 65 34 14 -61 -2 15 -99 22 90 86 -20 69 70 49 45 -90 -32 -59 51 -73 -65 -90 -44 70 -47 63 -1 -99 -64 88 -14 31 -23 -61 -14 -18 62 49 21 -23 39 -22 -83 -87 -96 -5 -86 33 -33 2 -91 -75 99 -55 -87 -10 49 54 -64 53 54 3 71 77 -37 -82 -65 40 40 -66 34 -69 -37 23 79 86 -66 -2 
82 60 -78 -62 53 54 -52 95 88 48 -52 -95 32 -17 11 -34 -71 -7 54 -37 -88 -8 -4 -31 67 65 84 57 62 33 62 47 6 55 72 -10 -71 23 54 7 32 94 -57 -37 6 31 81 50 -30 -93 -97 -36 -51 -87 8 -47 95 24 37 -57 -88 -75 -62 -99 -12 -58 8 29 88 70 4 95 75 -98 8 -59 -41 -64 86 -40 -79 7 34 41 -78 69 -31 -20 6 -85 4 40 45 65 88 -59 -91 -88 61 88 64 95 -7 0 -6 -24 -2 -20 32 94 -7 91 86 -50 -79 8 -46 63 -85 -95 63 -28 41 -61 -1 -48 -79 46 30 15 -88 98 -30 64 99 57 76 16 -23 -16 86 38 47 74 82 -16 -18 -91 -52 -46 -38 -54 47 94 22 -12 85 -56 53 62 -8 32 49 83 96 -66 10 35 58 -14 89 -51 21 -41 41 31 -94 -46 -18 -50 49 66 37 83 46 -90 98 35 64 -2 -15 -10 79 -59 47 98 46 -73 29 61 
51 -89 27 -93 53 -90 -19 -18 65 -98 31 99 52 -14 84 62 66 -92 32 91 -59 -1 -39 -67 24 -22 21 24 -62 -72 68 27 18 11 93 -88 43 73 81 -91 -19 -71 -13 -43 64 -37 -77 53 -45 40 1 59 -36 28 -30 20 3 46 99 -23 -68 82 55 -14 -38 -95 3 -81 99 95 -26 87 53 4 -84 -52 -32 -27 51 59 74 -10 -75 76 -35 29 15 10 -28 43 91 -37 -29 -66 62 -44 67 4 82 44 -93 86 -33 26 -4 87 -33 -70 30 58 -84 45 99 -33 71 -95 86 75 44 91 68 -6 18 19 -91 -46 -93 -87 99 -80 9 -36 -2 14 -18 -6 98 70 34 -13 92 -78 40 -64 15 45 -77 2 49 -31 20 80 -60 -12 -88 -52 -23 -57 20 -66 66 -80 66 -12 82 -21 19 24 36 -28 90 35 -88 -72 29 87 -77 25 37 -73 88 -94 46 24 78 -22 -49 -23 -12 -35 46 54 -42 -61 -44 50 -80 77 -42 -89 
-12 10 -12 84 -44 38 97 85 -34 -92 -79 62 -51 -53 -22 -1 93 42 62 -35 2 12 -27 74 75 -92 -13 -80 45 -65 90 -59 53 -71 -9 -91 73 77 -58 77 -64 19 22 21 91 16 14 -91 -31 59 50 -66 -79 6 68 23 31 17 84 -78 -93 -30 -78 -95 38 -64 -25 42 22 64 -65 39 -65 17 -60 -19 21 -36 29 21 3 32 63 66 -38 -69 81 -41 -46 56 50 -52 -2 1 -31 15 66 -31 98 50 11 -51 65 44 -85 -48 -50 12 -47 39 -18 98 7 98 64 40 -14 35 -29 34 14 74 -98 -15 -4 40 95 -17 35 -41 62 -6 -42 -60 64 -6 67 72 -59 -49 -47 85 42 67 -29 -13 -38 99 -97 91 -91 99 95 -16 65 -84 83 27 42 83 92 35 -84 94 -42 46 78 85 -31 90 80 -74 -5 -59 56 82 62 -43 76 47 -1 74 -53 33 -2 -38 -83 -82 -39 -31 98 17 97 55 -83 6 90 5 -68 -53 
-27 -88 80 31 35 -91 -46 -6 -36 66 74 51 73 -50 -50 76 -39 -22 -26 65 39 -70 97 -81 20 -59 73 75 78 -52 61 98 -55 -27 -63 55 7 86 7 16 69 97 36 39 -27 15 59 -33 -56 -66 37 -72 -92 39 18 12 10 -61 4 80 87 -66 50 93 -4 -95 -81 -51 90 -99 -31 -77 18 -34 -81 37 -77 95 -99 -63 77 57 50 -28 4 22 -13 25 -69 29 -60 27 -65 89 -41 45 16 2 -22 26 -88 -26 5 -81 -37 -86 93 -34 -76 -52 38 47 11 42 -28 25 9 -67 -57 -26 -42 -81 -75 84 12 -66 -70 97 77 87 -55 -38 -59 -8 91 -26 -31 46 10 -90 95 -79 55 58 37 41 -96 78 -15 20 -99 -26 -88 -21 -53 50 26 47 -17 22 29 -86 -5 63 31 -97 86 81 -54 65 -2 -87 -2 95 -55 -43 -38 -60 94 -47 -96 -2 -42 -95 59 -92 11 -48 -71 76 -48 88 30 -37 -82 -4 10 -84 58 3 
-16 69 65 -82 -25 81 45 24 34 -49 7 28 53 -27 -43 5 -20 0 -71 44 50 61 80 60 24 45 46 -74 -45 -29 23 -74 -48 82 -34 -37 11 82 -91 -93 -46 80 -20 52 98 50 85 78 99 81 62 16 35 -29 27 -69 63 -34 -5 -89 -80 4 8 -1 98 -5 1 47 7 34 31 78 -70 -64 -31 -4 17 -70 -56 -44 21 -28 51 46 37 38 62 -77 -19 63 56 40 72 -55 -15 4 -15 -41 15 1 -91 65 57 -23 15 50 -62 65 -34 39 -54 98 -69 86 13 12 -72 24 2 20 -13 -65 68 32 92 -79 9 16 -51 -14 0 81 -92 36 -24 3 -19 18 -2 24 14 70 -18 -2 -11 -29 80 21 19 -47 74 -28 -59 -26 -50 99 -93 -11 10 -60 -22 88 93 44 -93 -65 54 -17 -92 -99 74 2 -55 -21 -41 -94 71 -33 -4 -58 72 -90 -79 -47 11 -29 96 -48 18 66 66 -90 -30 3 45 -62 57 79 -25 -91 
-15 83 -32 89 51 -87 -74 36 32 -57 -17 -62 92 43 -71 -95 81 44 -15 -5 46 68 68 21 -66 -1 -49 43 -48 48 28 69 -79 85 31 72 -59 -47 79 -98 -27 99 10 4 65 -33 30 -7 79 -88 -30 -70 53 39 -83 67 61 -59 -79 67 35 84 -11 -22 -66 85 -44 32 -66 -94 94 -25 -28 98 -74 -37 -44 85 -29 -49 -86 -53 20 -47 -52 16 -71 2 -12 19 -61 15 -6 28 -92 -17 18 -9 50 83 61 41 -7 93 88 -69 -10 0 -93 3 -24 70 68 57 -86 90 86 36 98 11 -5 -41 -59 54 25 -88 -18 -76 -47 41 34 97 68 28 9 54 25 -18 74 63 39 51 14 8 -54 81 -88 -1 -65 -69 -35 -27 75 10 -61 -21 -23 -34 -44 4 25 70 -93 46 77 61 55 19 67 -96 -1 64 58 26 -63 48 -10 -19 20 28 6 -8 -53 -70 -63 20 23 -51 -59 83 -17 57 38 40 -55 60 59 -68 -75 -88 
-55 -62 62 75 42 50 3 -94 89 -15 53 26 -73 -23 78 -46 64 32 34 -49 -81 84 -99 -54 -30 -24 41 -98 -37 27 20 16 -36 -4 40 64 -15 -91 -43 -10 -82 49 -22 1 36 37 1 11 -11 85 85 68 94 -78 20 -39 -85 -34 96 94 -18 -69 -39 50 14 -22 -10 -36 -74 -14 -50 -60 -77 -72 36 59 -17 -13 -25 99 89 -52 -92 82 31 -58 4 21 -56 28 28 -73 90 -45 -25 -43 29 52 45 1 84 59 83 -42 64 34 15 -65 -1 37 65 43 -78 -83 42 65 -63 20 -10 79 -24 -93 97 -88 -26 7 -95 44 -80 -86 88 31 58 -98 1 74 -47 -21 -17 -75 91 59 23 31 -46 84 -90 -11 -3 94 -5 44 41 11 -90 -5 97 -7 -61 -20 -86 -14 80 8 89 17 94 83 39 36 21 21 -82 -75 8 -52 -98 73 77 -12 46 99 -81 60 82 79 21 86 -92 10 76 -69 13 22 -73 -88 -65 36 35 -60 
25 8 21 47 -24 27 61 38 -75 36 56 90 29 32 4 95 89 46 -72 53 26 -44 0 89 70 -94 79 -47 62 55 -96 95 -13 26 88 54 80 -37 -32 -86 97 51 -93 22 71 -48 39 -50 29 39 76 61 56 -12 -68 14 47 -19 2 38 -80 -36 63 31 -84 18 -60 54 24 55 -73 -57 -61 64 97 70 76 -87 -42 -80 48 -14 56 -93 47 -7 -88 23 18 56 -92 -30 67 49 87 57 48 40 41 25 -23 20 -51 -71 -55 11 47 84 -72 34 -89 -71 -59 72 4 -55 93 56 -10 0 38 68 -50 -87 -88 -74 32 -20 -65 12 -67 -95 -41 41 -76 98 -4 96 -17 12 85 -39 -78 64 -55 82 69 -35 1 -13 -38 -12 8 -50 32 -8 -96 -62 -39 -34 36 47 -30 -6 31 93 20 -86 13 -18 -51 27 -73 3 -37 -23 78 -3 -53 -85 -43 -70 -29 -73 -60 -38 1 -98 -59 27 -47 14 60 -7 55 89 -96 18 -44 -5 
-34 -73 -70 -66 71 64 21 10 72 -10 76 -28 -7 86 -95 -79 26 96 52 23 -99 62 -33 18 92 85 -32 85 63 -84 -12 -74 68 -11 -7 98 -15 -18 -41 -60 36 -33 -88 78 53 -75 -70 33 36 -59 57 39 -27 43 -27 33 -66 -38 -99 -30 46 -48 59 52 49 85 19 -80 -85 49 52 35 57 27 -15 -64 61 -94 -40 -40 -11 9 -32 -72 -76 -37 -46 77 -38 55 58 26 98 85 -12 -49 81 -70 -35 -48 -50 -39 59 -69 -61 1 41 78 -78 88 -13 89 80 81 83 93 -97 13 -30 64 66 57 59 -96 -21 -60 -61 26 -83 31 69 52 96 5 79 -45 -73 -20 36 0 -84 -6 15 43 -49 -3 46 -26 36 -20 -36 72 -80 -73 -66 9 -41 0 -42 45 20 -37 47 36 69 -69 -39 -2 48 -81 74 91 35 71 62 69 -44 -5 47 32 31 45 -44 6 36 15 -10 -84 88 81 -34 -62 35 26 28 84 31 -46 -36 48 
42 -32 71 -28 -9 -32 -42 -89 94 40 86 29 -95 -79 -21 67 -23 3 -48 -42 -2 59 -33 -4 -81 52 22 -63 -76 -50 -40 -13 90 -60 22 25 -66 -77 77 8 -51 93 -19 22 -13 -87 -55 -45 -49 -30 -49 -33 31 8 -90 -57 -60 65 -86 98 -66 55 -32 -5 27 -23 65 -4 -5 40 -59 -34 8 -85 -44 95 56 -75 -90 59 77 -12 3 -66 -25 -5 20 -72 -53 -44 6 37 27 6 17 -55 -6 -48 24 -10 -45 21 18 13 -56 -78 50 30 2 55 13 6 -77 -73 66 -51 -2 20 8 -70 -34 -57 9 -86 -50 65 19 8 -87 -5 -72 13 -98 -38 -80 80 74 -1 -15 -28 -41 65 69 44 31 -83 46 61 -88 73 -77 24 5 -29 49 -79 -39 91 28 51 84 39 -45 -37 -28 85 -60 56 -40 90 -43 92 -91 -20 41 -10 -72 86 61 20 -24 -52 -36 -82 49 -80 -70 13 -37 8 -19 35 55 7 97 -34 -51 14 -85 59 
-54 70 42 -7 76 84 -97 85 -19 -41 40 1 96 92 76 -56 63 -9 -65 40 -28 63 90 84 87 88 -42 -84 58 95 28 -93 16 76 -68 -92 68 -5 41 70 -58 52 59 8 89 90 83 -1 -75 56 92 81 -15 -94 49 -44 17 66 -49 64 42 78 -55 42 73 -92 -6 27 70 -78 -78 -87 -62 83 75 -56 85 50 -46 -59 89 -22 46 44 -90 -22 30 94 64 52 38 94 86 -32 6 5 63 -40 -57 -89 47 72 24 10 10 29 -12 71 -72 79 -64 -8 -6 81 -85 68 33 50 18 49 91 24 -72 50 89 37 32 97 -23 22 -28 74 -58 -82 39 -10 -22 61 -90 -50 35 -53 23 3 52 24 98 52 20 -41 11 58 75 85 6 7 -71 84 58 -78 -80 82 -44 -64 75 54 -62 -93 41 83 -97 -99 78 82 24 -80 -8 -76 76 -8 -81 -2 85 -4 -29 2 72 -67 -5 -27 -3 -98 41 57 -88 3 -47 78 -98 -86 
-21 -72 -97 10 35 46 90 51 -14 -40 9 47 -48 -4 62 25 -19 5 70 95 -75 -39 -27 28 4 -9 4 16 52 47 59 56 -53 -46 62 -9 -67 62 -14 -63 53 43 -69 70 -75 40 -88 75 -49 52 -43 54 65 34 59 -78 -82 58 -56 12 -32 -53 85 79 16 52 10 -81 -91 15 -42 9 -7 78 28 79 -47 80 79 -93 40 -35 -97 -64 12 -89 71 -37 3 96 -80 54 6 24 68 21 -30 -25 -9 99 79 -81 60 -68 48 -32 27 -80 -2 -1 26 -31 55 27 -43 25 6 -97 -27 97 -8 69 -64 -96 52 59 -94 84 -32 71 58 0 -58 -16 -36 63 -24 9 -63 0 3 70 24 -51 47 -82 -19 -29 66 -82 7 98 -67 -58 71 -50 -30 26 -23 -33 -47 84 -51 52 40 -50 83 -74 -89 -40 -87 25 -46 99 -42 22 -86 -86 -19 52 -76 60 93 35 -17 69 -46 -55 4 -40 72 -7 43 88 -60 -18 -39 -48 -87 -63 
-32 -23 54 -72 -50 -46 -75 -1 62 -49 -89 43 91 -36 34 72 13 -60 23 4 -91 92 -2 54 -59 84 57 10 5 -11 24 74 -90 -54 6 4 -62 97 -97 49 -49 96 -64 79 -75 -10 -93 5 7 -31 -68 4 -47 53 -33 1 54 -61 9 -12 53 52 7 16 72 12 -39 45 -91 -76 12 -29 -54 -51 -32 -72 94 97 5 56 -71 34 -57 -16 -16 -67 75 -19 42 44 -21 -70 31 -66 -77 65 45 54 -10 73 -34 -48 -78 -72 61 -35 -2 -18 47 -27 99 13 -81 11 -66 13 30 15 31 -95 -58 -8 28 -55 -24 16 -82 89 -8 75 42 70 59 34 -20 -22 24 -2 -38 1 13 -33 -25 89 -34 36 -5 56 95 50 -44 -89 35 -33 34 38 -27 16 80 -79 55 -54 -53 -83 52 17 -54 7 72 35 -59 37 -67 -42 94 -4 36 42 29 41 99 -82 47 33 -16 17 85 -88 18 -91 -84 15 26 -71 12 -13 51 77 -9 -67 
24 -13 98 38 -77 21 64 75 8 90 16 -76 -59 88 -15 71 30 54 16 29 86 -65 69 61 6 -51 93 85 -56 -14 35 98 10 94 -60 -16 83 -39 43 93 75 -93 -50 -44 -39 -32 -7 -81 -75 52 -59 -51 68 62 4 -23 -55 -3 -10 -86 -69 -89 8 15 -60 -2 -14 82 -40 -91 -5 51 8 9 -97 -47 -50 86 -91 -37 -63 45 -83 -74 -37 -77 59 43 -98 -75 -87 -68 56 -53 -14 -50 -32 63 -31 36 9 -71 -33 43 -43 -19 -39 -42 -56 -93 47 -43 41 64 -49 45 -50 9 -12 -33 -17 45 -44 33 -54 56 59 71 -37 53 -99 42 66 12 84 59 -82 68 22 -23 -45 -49 71 -53 64 73 -73 88 -78 -56 88 -47 -58 1 -45 71 3 -74 -5 41 -27 -6 70 -1 80 -54 20 -16 -1 -22 -69 46 -22 -59 -78 76 75 26 -58 -3 84 -52 4 -29 -24 -35 28 63 77 39 -26 -50 -44 -94 48 -38 45 46 -77 0 
88 -53 75 97 -80 -10 -47 52 -76 9 -94 76 -45 -34 -74 14 62 -93 -30 -11 -68 11 56 52 52 -61 84 -50 3 -40 89 -80 53 -58 -9 90 -3 -55 63 9 37 -29 71 61 96 9 56 44 -41 -13 -12 -11 40 -18 48 -37 45 -26 -93 -52 -28 61 95 -18 6 -11 93 -51 8 -23 32 -89 24 -77 -91 -84 51 84 77 48 -67 33 39 -98 56 92 -33 -5 32 -48 -78 97 84 -80 -4 -77 38 -84 75 90 -4 -75 -17 17 72 70 30 98 7 -73 16 -91 33 2 21 -7 81 -57 43 23 22 10 15 43 -82 36 -75 -25 21 7 -89 -35 -15 -48 -12 -48 -55 15 -4 -35 -1 1 -88 8 86 45 -85 27 -74 -3 54 17 6 84 -46 -15 -37 -92 -40 -2 5 13 -82 -85 -25 -46 61 31 -11 91 -22 99 -93 32 19 87 -99 -25 -24 -6 -85 -21 -78 -22 -50 -31 48 -42 89 89 62 -49 20 -55 93 -20 15 21 98 4 
-6 -42 -41 -84 -78 -55 1 -16 -7 -64 11 49 -47 -55 -85 66 -66 57 90 88 -55 70 68 83 73 76 50 -38 -70 -92 -59 -20 -68 -61 3 -9 -50 -9 3 -33 -4 64 -98 -91 -11 12 46 -60 -47 -64 82 0 -42 1 -36 81 87 -54 75 93 -5 93 43 -34 82 -46 -78 62 75 18 48 -3 54 -35 78 -81 -47 29 76 87 -23 -77 39 -52 3 -40 76 -81 -39 85 -61 -98 59 -75 70 -72 42 -17 66 32 -39 68 -28 2 88 -33 48 -78 84 -98 -22 89 25 -3 -9 80 -2 87 82 4 -24 -44 88 8 23 -58 -32 65 -79 -62 -58 -36 -18 49 -43 68 -62 -70 0 -79 72 -63 -64 94 -39 -65 43 42 -90 55 69 40 -79 -51 -83 66 27 79 93 71 1 57 -7 16 27 -70 64 -85 14 -25 66 16 -83 -30 -52 73 27 -94 49 -26 82 -69 -61 91 -31 51 31 -42 -70 -61 18 -65 -49 -20 12 -89 31 -60 -34 21 
46 -44 -73 72 -72 29 -44 33 46 -56 7 -22 -95 -92 3 -13 3 47 -15 -75 31 -21 -9 7 81 67 5 66 -92 -27 -52 28 73 51 72 -89 64 7 -84 -61 -46 -54 64 55 -52 -21 -79 -18 -47 -21 7 41 -54 -74 6 -64 84 16 56 63 80 -14 -23 8 48 -28 73 56 -68 -73 -3 -82 -5 -62 42 32 26 -69 96 96 60 23 -59 10 -64 31 72 -2 95 -85 62 44 88 64 29 -71 35 -43 -86 -11 -22 5 -21 64 -70 74 -88 -32 -64 80 15 47 -53 82 45 -38 37 -56 76 32 30 -83 65 -19 -83 -44 -37 -81 78 40 -10 -42 32 -12 -11 -38 -36 -96 -78 -52 -85 73 -95 -24 11 55 53 -10 4 -91 -15 -26 -82 36 -77 74 -5 -63 45 71 1 -14 -90 -31 -30 -47 99 -36 -51 -93 -66 -45 -82 84 -58 58 33 -28 48 -48 -33 98 43 -79 99 84 99 22 63 79 92 41 -61 20 93 -6 43 -30 60 -88 
-18 25 21 -66 -57 -49 48 -38 -27 55 -11 -1 -31 -49 41 -68 95 -67 -56 17 -20 -80 -68 -22 73 98 41 34 -45 -26 -28 17 -60 65 3 -9 -98 -92 -44 53 -32 -7 -85 -20 33 97 -82 31 69 53 81 80 -88 55 -63 63 97 41 67 49 -86 -38 74 48 9 91 -20 64 -50 -20 79 -74 0 -66 11 37 27 33 20 2 35 -23 -50 -4 -64 80 -40 -28 20 -8 27 -98 46 -74 -41 70 -40 -32 -4 -81 90 62 -89 4 99 89 77 12 -67 -85 -22 -73 -84 96 -64 -86 -19 50 0 74 -42 96 -7 -58 56 54 26 -18 -61 -47 42 -50 -92 -25 87 -60 -58 1 55 -93 43 28 98 -86 16 -64 34 72 84 84 1 39 76 -42 -85 -44 26 -68 89 -28 4 35 54 -85 93 66 60 -51 48 -60 36 -49 97 -76 -96 36 -51 14 55 81 -4 95 -80 95 -13 -19 -45 88 86 72 -89 -5 -3 63 -19 -67 -11 17 24 9 
51 36 -12 73 -52 77 -9 -4 -87 -86 20 -29 47 62 -75 -97 -55 27 21 -19 76 50 -7 34 0 85 -81 86 -19 -31 -75 -7 31 -46 25 -37 25 -36 40 -75 -53 -56 -36 75 13 90 -1 -52 -80 89 -98 -28 18 -94 56 33 11 -57 -28 22 33 56 -20 -62 -20 -49 -59 -61 -61 -13 75 48 5 -54 -67 -48 48 81 69 16 -73 90 -70 28 -89 -63 -35 -97 7 73 -70 -55 -40 -51 91 41 2 -54 -57 15 -54 77 -66 22 -48 -45 -79 -77 20 -67 9 -13 91 82 51 -55 -67 43 -7 -23 75 -23 -77 27 81 -25 -94 -68 -20 54 -85 37 -52 97 -2 -68 -33 68 -3 -61 42 5 -29 -31 -76 -87 91 -52 42 -84 33 -42 18 83 29 -1 -31 -75 81 -2 -23 57 89 76 91 -29 -4 90 -59 49 48 48 8 -12 -80 -32 -94 -44 19 90 -89 -89 50 -93 15 -48 7 -44 37 -13 23 61 -31 -73 -90 -31 -95 -50 3 -90 
10 52 36 -7 -13 -33 34 16 -96 52 86 57 -80 -88 27 -19 -39 69 26 23 -51 -56 -51 -30 42 34 97 -20 26 -50 39 -39 24 97 -60 -54 31 22 -97 -22 -38 37 -45 -40 99 -2 89 -98 -8 -13 2 -47 -58 -91 20 -66 -67 -55 -76 2 8 -50 -62 -21 -55 -67 11 39 36 -35 -71 78 -97 73 -33 73 -75 46 43 17 -38 -16 -72 -6 37 55 13 59 -49 87 1 26 -86 -77 10 -70 44 -98 53 39 -54 67 -6 -27 -70 53 -57 -96 -86 -5 40 41 32 69 79 24 99 -44 -18 18 56 19 -42 3 -79 -28 -20 4 46 -55 -55 -62 14 -69 60 78 -43 -66 48 49 -30 -22 -90 -86 -53 -20 9 -46 -26 41 62 -93 -80 -39 33 -18 -81 -4 -80 92 47 65 45 22 -58 -46 32 41 78 66 64 73 -98 -74 -37 -61 -38 -83 17 -83 -49 8 -68 -79 -8 -71 -54 -93 -25 23 -24 -86 -7 -73 61 -54 10 -3 96 -63 
99 63 -85 33 36 96 -78 -82 -22 -56 12 -55 32 -50 17 82 -98 -66 92 -50 -61 -55 46 14 74 -75 42 -13 9 -18 52 -63 -59 -63 2 -48 -56 13 55 76 75 -16 -14 -32 1 17 22 46 -76 -82 85 47 -98 -88 -30 -96 61 47 53 -11 -21 29 44 42 -33 23 13 77 -27 -73 -90 7 -85 94 10 -57 -49 96 63 26 -20 16 -53 -37 71 -60 69 56 36 15 -97 26 -63 -82 28 -51 54 59 -24 -43 -79 15 -88 -69 0 -76 32 -10 -44 63 -60 0 -95 -36 -88 91 99 42 9 -94 -71 75 78 63 -55 25 40 49 -7 -25 63 31 27 56 -33 30 16 -15 79 58 69 -4 58 41 -24 -46 27 55 15 24 -65 49 -89 7 -51 31 -21 58 61 -34 -47 29 64 -94 -86 -44 -72 -81 94 -13 60 -75 -10 30 39 52 53 -22 -44 -92 96 -43 71 -18 70 -18 94 23 -4 -15 -47 -52 15 11 46 80 -20 78 57 -99 
-57 35 27 -68 60 32 -15 33 39 -43 35 61 67 -30 55 25 -60 -31 41 94 61 -31 -77 75 -27 39 21 17 4 57 99 -17 -80 95 46 -85 -60 -2 8 76 19 71 85 95 -40 61 70 63 30 -65 -7 -2 88 39 55 -76 -1 94 13 75 -55 -17 -57 -69 89 -68 -72 -60 -70 -15 33 -26 -10 -31 3 82 57 18 -24 11 -99 -28 36 -89 -96 -50 50 -34 47 -47 -73 -92 -60 77 89 6 35 34 31 36 46 -84 66 10 -76 23 -99 57 -46 30 -84 -54 86 -29 0 -22 -88 -13 -50 -99 -18 53 78 -1 37 -41 -14 -98 -84 26 -75 59 -49 -27 -77 34 44 -63 98 18 -48 10 -91 38 -29 -48 60 -96 30 32 13 -74 46 97 -2 -71 -66 -26 92 67 3 -77 -76 29 -50 0 -99 57 18 -57 0 59 -60 70 -78 91 -18 -73 71 24 89 95 -92 -67 -68 -85 27 -29 36 -2 81 -76 80 72 -44 63 -71 -92 41 -13 
23 -63 -47 36 -86 51 0 70 -6 -24 36 -99 97 48 -17 43 39 -67 -80 -37 67 -96 37 47 -86 15 -36 -94 20 -2 -66 -42 -47 9 51 -97 -81 -77 66 99 59 -94 -33 -7 -24 -40 0 8 17 -27 -92 39 -74 23 58 47 -87 22 98 -3 3 -94 43 -63 -56 47 0 -94 -91 49 -6 70 11 -16 -43 -75 26 95 -3 7 92 -12 -28 95 -43 88 -13 92 -3 -37 61 73 99 -7 -16 49 -19 0 52 -78 -47 -7 63 98 62 -57 44 -53 61 -18 -37 -85 72 56 -30 -10 -48 91 79 -17 -63 30 -38 35 -87 17 -19 -79 -41 79 73 -75 98 -89 -29 -66 -64 42 -54 71 7 74 93 -95 75 -76 40 77 -52 21 -63 -52 78 -48 57 75 -41 66 6 70 86 93 -61 -83 -26 -43 89 -48 2 -59 -73 9 -32 92 -66 -91 0 -74 -68 -60 94 -72 39 45 -52 -85 17 86 -2 22 -90 -87 -48 44 5 62 50 -56 8 91 
-56 -44 -71 97 29 -51 -26 25 -10 67 74 -8 -12 57 -51 95 -16 36 58 -13 -29 99 87 -42 55 -1 -92 -44 -87 18 -8 -78 88 3 -92 -27 -80 89 -83 -22 34 10 -25 -59 69 -12 -98 14 -60 29 8 60 -68 -94 15 -52 9 86 95 85 -73 54 -14 -93 10 59 -36 96 81 -47 10 55 38 81 88 57 26 88 84 -53 75 68 -26 84 43 42 49 -81 72 97 27 -94 34 -79 -51 -60 -3 33 11 30 -62 39 49 -90 -54 2 -51 41 57 -71 94 2 -29 58 9 66 51 -21 -46 -66 -50 -49 -89 95 25 -50 -17 76 47 24 -24 -38 -46 -18 -93 -48 -46 -41 -98 -42 9 -63 -59 49 -87 33 -21 -90 80 -23 -89 23 -10 97 96 33 -64 69 6 2 -61 66 -5 -25 45 -59 2 26 -32 -68 -96 94 39 74 -86 -77 -97 -43 94 79 98 93 43 42 -76 48 -49 59 45 4 78 30 -36 51 -45 50 -31 71 -33 69 
74 -37 -71 -24 -48 -39 -87 -49 -78 -14 47 -62 54 -82 -41 10 -73 -88 -84 8 14 72 75 -28 -8 72 18 65 64 59 -88 -18 -63 26 -43 -49 63 14 -79 -43 -71 10 6 75 76 31 6 42 -48 -77 -19 11 83 -9 17 64 -62 78 93 -11 -84 -15 27 -38 0 -46 52 -3 -65 -17 -4 63 -71 -21 87 46 72 13 15 83 66 -83 17 96 -65 -63 69 -88 97 20 37 -40 19 -74 -18 -99 86 -88 23 -8 41 -59 12 17 41 -95 19 -35 60 39 95 -92 -82 -13 -30 -81 36 83 78 10 12 41 -17 71 -17 22 59 -14 -67 58 24 39 -28 -39 53 -1 95 63 7 -23 -93 14 -32 -17 -70 90 -65 -35 28 -65 -99 -47 67 -52 -55 -82 -3 7 -48 -32 -80 84 86 5 24 -90 83 16 -32 -7 7 55 -78 -98 -34 -57 -93 50 16 16 -64 -11 8 -37 95 9 -52 -12 -38 13 34 94 -59 -61 -75 51 12 -15 12 -27 
-18 93 48 71 63 -67 -97 46 -33 13 66 15 26 74 15 24 43 23 97 -67 -43 -32 -43 -26 4 -96 -70 -27 -74 -22 -37 -64 -96 27 -88 56 -65 -1 -63 52 70 -75 85 -63 14 81 84 -47 34 -16 -20 32 40 -74 -13 -89 27 -10 39 -80 68 79 -64 65 80 -78 52 72 48 53 -93 78 -37 -73 81 -18 -9 -37 -77 56 38 -51 -11 63 -82 -60 -65 39 42 1 3 -54 -9 70 13 86 -27 96 -59 -55 35 47 63 74 95 22 -55 49 99 -65 -80 9 4 -96 3 30 -60 -76 90 55 -73 5 -83 -72 -44 -1 20 20 85 67 60 57 35 -76 2 84 36 11 44 -69 56 7 5 -88 -7 95 42 -32 -29 55 22 -48 69 67 -44 -25 70 -24 62 -83 -30 83 37 93 -34 -39 -68 -85 65 -46 28 53 25 -79 59 29 -20 -97 -57 6 -80 -93 -20 -50 -93 -86 -26 -42 88 -29 59 53 90 -82 -20 32 61 27 7 -64 
39 -25 89 65 17 80 -27 -78 52 99 -50 -94 72 -21 -42 -32 -13 66 -95 -88 77 85 74 -60 -44 76 8 -52 -2 -76 -70 -55 65 -70 -33 -17 -44 16 -83 -89 -58 52 -77 -12 32 -28 -38 84 -30 -91 -40 30 -52 16 -16 45 -78 58 -79 -56 -98 -89 -55 -96 91 -68 -52 50 73 -76 -60 15 92 -5 2 70 -88 -88 -56 -58 -36 89 -35 6 -74 56 76 -64 -77 27 -72 16 -61 48 -22 2 47 94 -71 6 53 -7 -96 15 -69 88 70 -67 3 -47 -62 -56 -15 -81 -42 93 81 93 -11 6 6 8 -11 -70 -73 -76 -32 60 -90 -9 87 88 21 77 82 55 -75 -45 -43 53 -88 49 -15 61 -99 -31 54 -24 -69 77 -34 82 -2 22 72 -59 58 -80 -69 -7 -35 -73 -53 -42 84 24 97 -93 -75 79 -26 -65 86 -52 -54 86 -46 6 -82 -34 -97 -42 69 85 38 86 93 2 -90 -51 -37 -56 79 -68 -92 -22 -73 80 48 -28 
91 12 40 47 26 59 20 -18 33 62 89 5 71 -58 37 -37 42 14 48 97 -35 -80 -92 20 34 -96 52 -62 12 85 -20 -51 -33 -37 -41 -47 -61 56 -43 66 -56 30 55 65 -40 34 -46 -38 -24 14 9 -30 -42 67 -48 92 -13 65 74 -11 -81 -58 82 96 3 70 76 44 -53 -60 -17 -42 -2 -1 -15 -55 -68 37 52 89 -18 90 -2 -5 -3 27 29 -9 75 37 -53 -20 1 -51 94 -96 33 -60 -48 -55 83 41 7 -96 91 53 -78 -58 67 80 -27 49 -84 -23 -22 41 -25 -38 87 -22 -51 35 -11 -78 62 -66 -36 -42 3 34 90 -29 28 22 -53 -87 95 72 58 -87 -42 -43 -93 -26 77 3 -71 -57 -38 -39 -49 -57 38 71 -70 -14 -51 -11 -13 -64 -97 81 9 4 -25 70 1 88 -3 -64 -1 79 -27 -14 54 -40 81 27 -26 -40 69 47 57 -62 -48 -46 49 42 22 -68 4 -48 35 5 -93 -47 28 -27 48 32 
-38 -20 27 91 -70 87 96 -69 -12 38 -83 49 62 -32 -8 46 11 84 -98 56 -46 -88 -63 9 -49 -9 -10 22 70 -25 -89 -92 -69 72 37 29 24 40 60 41 35 85 38 -67 -53 5 15 -21 -85 -69 -77 -47 -71 -59 -17 -57 -90 -47 -51 48 -99 -77 -43 -93 96 79 73 0 30 -44 51 -60 -91 81 34 25 -26 30 72 8 -57 -46 26 91 -87 25 22 84 20 -64 17 92 92 53 -95 -83 93 -74 53 76 -32 -64 -13 39 70 3 78 -95 44 -82 49 -29 87 12 8 -79 47 -97 78 60 36 -20 -90 -83 2 70 78 -77 4 0 -21 22 -94 17 -68 -19 31 87 91 45 35 -68 47 -2 53 24 72 58 -77 36 56 60 -44 -79 -49 -91 30 71 -46 71 -45 -46 -4 -97 20 -39 -38 34 79 34 71 16 4 -65 -87 52 56 -91 -93 79 -25 23 71 35 91 -77 13 -48 89 -50 -51 -63 -15 -97 -71 75 4 -71 -32 -99 
17 -59 -37 84 -14 -81 -95 -77 -40 -26 73 -75 83 51 -16 -34 -66 81 -85 -39 73 61 95 -8 47 -45 -51 -6 -6 -58 49 -26 90 31 56 77 -70 70 92 95 -60 -69 82 -37 -91 -90 4 -4 86 84 18 77 -82 91 -94 69 7 17 38 -57 -26 82 54 12 -74 -72 -11 53 -35 -26 96 86 83 -53 -73 -74 23 -21 84 97 64 -46 99 -58 10 -79 34 -99 -91 -78 -6 -98 37 98 43 70 62 -86 9 31 -71 -59 -56 -94 56 -10 -62 -27 -86 -96 58 -60 -36 35 82 -46 -89 93 85 -24 -25 -98 24 -56 -6 66 -45 -37 -49 68 -21 60 -90 79 77 59 40 21 67 28 43 -75 37 86 58 -60 -34 -55 -36 82 -59 85 73 48 82 -92 -36 -9 -59 3 89 68 37 86 -93 93 84 85 -76 65 -61 -90 -79 11 -55 -69 1 -57 -36 -27 -43 23 27 -22 -79 52 3 -73 -19 6 30 -2 -47 -84 -60 15 30 84 -32 -51 
-84 -59 -6 -1 -29 -71 -79 94 24 -22 36 -5 -10 -87 -16 -97 -57 -3 30 97 -10 -24 -65 52 64 -53 50 -82 -97 -54 -62 -23 -71 -1 83 -26 -6 -27 44 97 74 -22 -45 61 -55 -56 65 64 80 -37 90 77 -84 -41 43 99 -8 -44 13 92 -5 -96 -44 58 -71 -82 7 -60 -94 32 -54 19 -59 69 -97 52 13 -91 -64 -29 -14 28 -13 -45 61 9 90 33 81 69 87 2 23 -21 -9 -18 55 38 -27 32 -2 62 -1 -29 -72 -90 11 77 98 -11 -60 -44 89 63 4 -87 43 -21 24 -22 -72 -59 75 -63 13 -80 27 94 98 97 -61 17 78 76 -73 24 -16 84 -44 75 20 -97 -99 -85 69 69 -97 97 -74 -18 2 22 -32 88 -75 15 -93 7 -4 -27 22 -40 6 21 64 -47 58 80 38 42 26 14 40 91 54 -92 -83 -21 -7 84 81 -7 -68 -51 -46 91 64 -79 89 -18 -28 93 -24 88 90 -1 -80 99 7 -62 
63 26 -11 23 -65 60 -18 22 -67 50 -6 76 64 50 -2 35 -50 57 70 -34 59 -19 -25 -44 15 7 -83 -61 -77 -81 -2 23 81 9 -43 -4 -7 -86 77 42 63 -61 -93 42 9 56 -68 -9 64 92 -8 22 29 -63 40 -39 46 -29 93 54 -5 -56 -65 58 -43 29 -8 -11 80 -52 -51 46 39 30 9 -24 26 -93 9 -47 -79 96 31 -4 -12 -20 80 1 -48 26 38 -12 -29 -33 66 62 68 -84 -37 84 -22 -77 15 78 32 -96 -5 -31 7 26 51 19 -81 98 -2 -49 -27 -32 88 68 61 21 48 14 -66 -19 54 15 -92 -35 89 -69 44 62 41 77 -5 -62 -34 78 24 -94 95 52 40 -76 -83 -84 -2 88 -65 -85 17 61 -31 -32 74 38 -27 -6 -57 -69 1 3 19 51 -63 74 -75 36 -91 52 57 94 53 -56 -23 -72 23 80 59 57 -97 54 40 -15 -78 -85 -32 -13 -89 37 91 34 7 8 18 -96 93 2 
65 -99 81 69 6 6 -80 -51 3 -7 -33 0 -4 54 90 33 -3 90 43 80 97 72 32 -52 -85 23 -37 12 6 -37 46 17 -92 -38 29 6 74 50 -33 -52 -32 -66 76 -77 28 -79 4 91 0 72 13 -77 -72 67 50 23 86 -91 -64 -20 -10 -97 -55 -24 -13 -87 -30 -33 -14 97 -55 -12 35 -43 25 -75 -46 93 -32 -36 9 89 -7 -74 35 9 22 55 -6 96 73 -96 27 -8 82 29 18 -23 73 17 -28 -50 86 11 15 68 32 50 84 -61 -19 -50 -38 95 88 5 -22 -70 -48 67 69 -10 67 -61 16 -40 -35 22 28 -30 -17 -80 -87 4 99 -82 30 68 -69 34 44 -47 -77 -90 -27 39 19 -28 22 56 -78 45 -10 53 89 -63 -94 -65 -86 96 24 -91 91 68 -69 -15 -25 -89 -85 19 32 -25 -98 -39 18 1 74 65 48 -2 83 80 -39 -65 -50 81 59 44 86 -27 -8 26 -75 0 3 14 66 81 46 83 
15 -86 60 1 40 49 -93 -56 -60 49 53 85 -12 21 42 -19 48 63 -95 -95 63 -75 -55 -57 -39 51 -66 10 -1 -55 -6 95 58 71 18 70 -47 36 38 -48 24 -7 -74 66 8 28 22 -78 -29 -81 -97 55 -11 -93 -5 -55 11 -4 -87 66 -72 22 -20 32 17 -55 -13 -97 47 -1 9 -64 28 -36 30 1 -71 -89 31 -8 44 95 9 65 -75 94 -20 22 63 33 48 26 91 87 40 78 -92 -21 -69 -85 43 79 94 37 -36 -43 -48 -87 -84 10 81 -76 -23 39 57 63 -20 -6 13 -1 -45 87 -4 93 -22 48 29 -89 61 -51 -46 82 -27 15 -83 92 -43 -38 83 -14 -22 -2 -1 10 55 -79 93 11 -90 41 22 57 -99 82 20 -97 -79 3 9 -28 -12 -40 -89 15 -87 -60 -26 32 -89 33 -37 -29 -29 3 86 39 -55 -23 45 96 -18 66 81 76 -41 68 1 48 98 -16 56 -68 43 -22 0 81 53 48 48 -48 
-90 21 76 -25 -2 -43 -73 96 90 -26 -16 -64 43 97 -56 34 -93 26 -36 22 69 81 -71 -43 94 -99 34 14 99 -67 63 -27 84 -98 -11 7 -61 -19 -20 -37 50 70 60 -22 52 23 -27 1 26 -67 -54 12 37 -80 -74 -24 -77 85 35 -24 64 -87 26 -16 -59 -15 -55 35 -79 -5 56 49 28 25 -95 -35 -52 -4 -53 76 -16 26 -2 -97 50 47 28 -53 86 -44 -92 23 77 39 18 33 -98 39 -67 57 -18 -85 -24 -7 71 55 93 -65 -87 29 56 -8 89 75 47 -62 74 -54 -36 -10 58 -74 34 -92 -88 24 69 63 34 32 87 33 76 -81 37 63 -56 43 80 89 44 67 -29 -93 -33 43 -31 -72 -20 24 4 -13 90 -57 8 -52 -81 -91 -43 49 -17 -75 -42 21 66 -20 86 -41 -81 66 -65 -74 19 -17 36 5 85 23 52 -24 24 86 -32 -14 79 15 38 -46 -35 -69 1 59 -92 7 -96 37 -69 2 -20 -62 
-85 -1 69 36 24 -21 -50 -90 -41 -94 -69 -51 -95 1 84 -8 -32 82 -57 33 -37 56 -64 59 78 -33 98 65 -43 16 -10 22 -33 -91 44 44 28 -82 83 63 16 -93 47 76 35 -36 -2 44 -56 -57 21 -77 -66 49 -93 -89 14 -46 61 -85 13 -15 -69 -66 84 -72 96 64 42 -73 -43 -57 -72 -25 -4 16 5 35 -35 8 43 -6 51 54 81 -2 -60 -97 75 -87 -78 92 15 65 -35 82 -5 -17 11 -20 -6 -69 -32 -80 81 51 -20 -76 -12 3 52 -20 14 26 25 89 -11 -73 73 22 -62 -82 -41 0 -77 75 66 -85 64 -68 53 -33 -11 -21 61 -7 42 -56 16 47 -3 -14 8 81 -21 96 -55 -80 82 -84 24 17 -77 40 60 -64 8 98 90 -98 44 -40 29 -38 -91 54 -72 -4 -48 52 0 68 -37 94 -75 69 47 -80 25 64 36 46 -11 66 -3 77 -4 27 -77 80 -98 -55 -70 -18 95 -65 18 66 67 51 
69 -25 -26 27 -7 -26 -25 59 -32 -57 29 6 -29 -8 42 41 -26 25 -53 29 98 -41 45 42 93 -91 21 -51 92 -13 -1 -19 95 -28 -8 -71 41 -5 -56 -4 72 75 62 56 50 -44 73 47 -87 74 39 -70 11 72 14 -46 90 47 -81 95 21 53 -86 36 46 -36 -14 71 -25 -75 29 -78 -63 87 -87 -44 -48 6 -18 -53 -19 80 -52 7 -16 18 -23 68 52 -34 -87 -36 -63 29 -47 30 47 69 -96 53 -28 -6 40 -27 49 79 -89 7 1 5 -52 36 66 -43 89 -25 -80 -8 50 5 91 30 -56 -27 -47 7 67 -62 73 3 -30 -34 56 95 -66 48 78 -52 -63 76 -34 -56 -36 38 96 -50 96 -29 31 50 95 -56 -36 67 -38 -97 29 11 -41 30 -58 -59 20 -4 99 49 -58 10 70 -82 -53 -8 -70 75 -33 -94 45 99 11 -35 -22 -86 54 94 -59 -32 -69 -39 -97 -74 -64 76 -14 54 -94 94 19 8 -19 84 
-80 77 -22 78 -48 -82 -92 87 69 -88 25 -46 -65 96 80 30 71 -51 92 -11 -40 -35 -76 70 -85 46 -44 40 -90 -81 -89 57 97 -23 76 -44 74 -84 82 -72 -98 -50 -60 -34 52 44 73 19 51 -38 37 -81 94 -60 -77 -92 86 -54 -87 -92 -22 -11 3 78 -77 29 -26 5 49 44 67 -68 -12 -24 35 -76 60 -70 78 26 20 15 -35 -18 -82 56 -51 -26 -98 47 -70 1 -54 24 75 60 -43 -23 10 -94 -58 -58 -16 39 86 16 6 -21 70 57 18 43 97 -17 88 -95 -50 -17 29 20 -56 -27 39 -12 46 26 -39 76 -55 90 -63 -36 63 -94 31 11 2 89 25 -20 -94 57 33 26 -15 -66 -98 42 -42 51 72 26 -95 72 -44 98 -42 57 99 32 74 -30 -79 -82 38 33 -43 -21 -15 -55 76 4 -33 26 -63 95 91 65 41 44 24 -13 -71 68 -75 95 69 -11 5 44 -50 -74 -85 -54 6 -68 -64 17 52 97 
-68 61 28 25 35 53 -42 62 -57 41 94 -73 72 -85 -3 -82 57 49 -82 -51 25 41 -22 53 -55 9 49 67 2 9 -44 -48 49 -20 20 -22 3 -41 4 39 41 -18 -11 64 74 17 23 -25 -1 8 -82 -40 -97 -99 -68 72 91 -51 55 83 2 27 -15 -40 -7 -30 -56 -40 13 24 64 -36 71 -59 2 62 48 11 29 2 94 38 32 -97 98 -66 -94 -64 -72 14 -27 32 74 15 -65 97 -69 98 34 32 -20 -6 69 4 92 -34 -45 -43 -10 -61 -16 -7 1 -61 -31 85 53 -82 70 95 69 -15 95 -71 -62 -82 -51 -28 7 28 6 -49 3 77 98 26 13 -98 82 10 -58 -26 -62 -32 21 -98 -84 45 -78 24 78 -39 49 -29 -69 18 25 69 47 -48 14 14 53 35 -41 -59 43 -78 -13 -11 -36 -85 -73 84 82 -88 34 -17 -61 -50 37 -45 -6 -25 -91 -58 -1 43 81 -62 -68 -29 -76 -89 -19 32 -30 -14 73 80 
79 -72 60 -74 -56 34 26 -29 -30 -99 51 -73 -88 -63 -40 74 -62 -1 98 -28 96 -16 48 -11 19 35 75 -13 5 71 -28 -79 -63 -49 41 -71 -27 -81 -78 -80 -1 -32 11 68 35 66 -69 -41 2 38 -92 -64 -27 -65 -11 -71 29 31 34 -27 77 -76 -66 23 -86 87 -7 37 -26 91 -1 98 -57 -38 -78 -36 80 -37 9 -43 18 18 -83 98 -8 -89 90 11 -3 74 -98 -43 -17 -6 99 64 82 -42 77 -7 -47 -27 -28 5 -68 -79 -99 -38 29 -23 -90 26 -56 93 97 -17 82 26 -94 -49 -57 0 -67 70 91 -1 24 83 91 -83 6 36 91 -89 -39 -94 9 80 -56 -25 -88 -10 25 -45 -80 80 29 75 19 63 -71 25 66 -24 -2 -56 23 48 73 82 -30 -88 98 99 88 47 -30 23 -68 -63 59 78 -66 -55 94 24 60 -6 -26 93 -47 -6 3 75 15 95 43 29 -25 50 -41 -40 58 20 -42 81 18 -77 -52 80 
36 50 67 -89 18 45 69 80 -67 -92 -59 46 -49 -10 -83 -97 -54 51 -36 -51 -9 41 71 -93 75 47 62 41 -64 6 -78 -39 -96 44 68 70 62 92 -21 65 -54 -41 81 43 -12 84 -65 7 -3 62 -1 -51 93 52 16 12 -11 -68 -95 -66 74 28 -2 -22 27 -65 -91 -13 -52 -50 2 81 20 83 29 -48 90 41 -60 -19 19 11 0 -93 83 -21 7 -2 76 3 58 9 -17 -84 29 74 -52 70 -21 -12 63 10 -7 -4 -8 8 27 7 -5 -51 23 50 42 -89 98 -5 9 -88 7 74 -72 55 -26 -49 -14 -8 14 87 -17 -73 83 90 47 62 21 -95 -58 61 -66 -64 14 31 88 66 73 -99 39 84 97 3 -10 87 -86 13 -19 -3 54 -26 30 -48 32 -90 -94 81 -82 89 99 64 -6 94 17 28 44 -98 53 -88 -97 51 -90 71 88 -63 11 41 -82 -71 88 -42 7 -88 35 30 -27 -46 9 -28 67 5 -79 29 
56 -39 -37 5 -40 41 -86 95 27 96 -53 83 98 -12 2 -95 67 -18 -14 -3 39 -86 63 -19 -6 -10 33 2 5 -80 -75 -17 -54 -28 62 82 11 -10 -53 93 61 -36 -69 -57 94 -35 41 75 4 -48 39 48 -73 20 30 -39 64 78 34 -21 -48 3 -36 -64 58 36 24 -95 32 21 -95 8 63 44 56 -30 84 72 86 -86 12 77 98 2 25 -67 -3 -48 -1 7 77 68 -25 91 34 64 38 57 -97 79 -33 65 -43 -96 -61 -74 -4 -22 -8 -27 -24 -59 -39 -70 20 47 2 83 37 99 -7 27 -90 -1 -82 79 79 38 -92 -62 94 42 6 53 81 74 -30 -78 -32 78 52 -3 91 -89 27 -62 10 3 -29 97 -30 -84 19 -79 22 -4 6 -72 -78 23 -65 -27 12 -73 -81 41 71 -21 19 80 -62 78 -54 67 27 1 -33 -69 20 -18 -44 -1 27 4 94 -71 -15 -19 44 58 62 14 32 -79 80 93 -80 -48 64 -32 
-4 40 81 11 -1 37 59 91 -14 -3 -53 -6 -37 72 -81 -2 86 25 -18 -30 15 86 16 -30 92 -63 67 -65 -62 -99 -56 90 -78 -93 56 9 -80 -46 7 85 -67 -42 -34 -56 -90 -1 -98 -39 -96 -89 -57 -57 -53 -38 42 -54 -11 -95 23 -64 78 -67 -59 -42 -5 -22 63 33 -9 -3 -95 53 34 27 -68 99 25 -77 -20 51 36 -51 -58 -26 -18 91 13 -45 40 -97 9 79 29 90 95 77 -3 81 51 -60 77 73 -70 25 33 -52 -87 91 -80 49 34 58 -45 -33 0 -97 -93 15 80 -88 -58 73 97 -89 -10 11 -69 51 85 -89 -86 81 23 -47 5 60 48 61 -10 -20 -19 47 92 65 39 -13 -50 -73 87 -67 75 22 -96 -44 -22 -64 3 62 47 -88 -2 84 21 -29 -16 0 71 47 46 -30 55 -14 -23 -84 60 52 -15 93 -28 10 -63 -91 40 -8 -84 81 -54 92 -41 -63 -77 -81 51 19 -37 87 28 -90 -58 41 
-94 5 14 26 -15 45 59 93 -4 -33 -75 11 -20 68 31 -46 -55 48 48 13 60 62 -16 30 9 -8 2 69 71 -26 45 -81 82 27 -17 -82 1 95 85 29 -6 83 76 17 53 -1 -83 -65 -62 -84 9 -41 91 -9 -64 -35 79 -54 14 -13 4 10 -43 59 81 -40 -40 32 -5 49 -49 59 -58 -17 46 77 40 -47 -90 61 88 69 -37 21 77 -59 95 72 -16 82 90 3 -32 35 -69 1 -15 -77 -46 -21 -83 88 11 13 -82 -1 63 -60 -64 -24 -28 -48 -32 93 61 -15 93 55 59 62 21 2 -1 45 -52 -73 -35 -88 -13 30 -79 -10 -35 -77 -29 -50 -88 -4 34 -22 -85 -87 7 -9 -71 -31 -70 67 -8 -55 -32 75 -61 34 54 72 -92 -42 6 -10 -3 -8 -39 63 47 -7 76 -42 91 -32 -53 63 -1 64 -65 -10 -33 -63 77 -20 4 -54 45 82 -73 34 -83 -66 56 -1 11 62 -34 49 54 25 -81 0 -10 87 
74 -31 69 95 -80 -64 -48 57 59 35 23 62 -56 57 -77 79 -41 56 -73 44 -80 48 84 -16 -38 -28 -6 -4 -86 -25 -81 -49 -15 -16 -54 4 -76 87 68 62 -39 -36 99 -47 64 76 -85 29 -16 18 35 49 62 35 74 40 95 -77 -82 -4 78 77 80 58 64 -6 -65 81 -31 14 39 39 -60 -47 -82 -17 4 61 -55 -79 -69 95 73 -46 34 80 43 -55 -76 63 -22 4 39 -2 41 15 -69 -24 75 -19 58 69 99 -83 -23 93 -31 46 -22 -68 87 -25 42 -1 -47 -6 -37 -92 66 -91 -16 -48 70 96 67 88 -23 53 -83 -99 82 -13 42 5 31 -15 -35 8 22 68 48 4 24 -27 -61 30 61 -98 84 -37 96 36 -7 72 -29 -21 13 97 14 -95 -1 -63 85 -55 82 32 -40 31 -90 -20 59 -64 53 -75 52 -8 87 21 69 36 -46 25 -33 64 -90 -27 3 52 -26 -34 19 -73 68 -18 27 62 55 96 91 -60 
60 21 10 30 -53 -64 -53 -60 68 -64 57 -78 -99 1 -11 89 -55 -67 -34 12 91 -98 -59 -25 58 62 60 -89 -54 68 -89 21 49 -58 13 96 60 6 -37 84 -28 63 -81 -91 -31 -73 -46 -95 16 24 73 -79 -45 -93 75 66 85 68 18 -42 -78 81 -19 83 20 79 24 -89 -93 -97 -33 -8 -62 25 27 -19 -86 35 66 -68 24 49 85 -68 -3 -21 -5 47 43 81 80 -34 -6 67 79 31 27 99 72 73 -26 55 -28 -76 80 36 34 14 70 20 -59 -42 -86 6 -27 96 32 -89 84 -7 72 -15 -94 -8 22 17 -5 -70 -95 0 4 84 66 -44 4 -31 98 42 -63 -19 20 39 -60 -5 74 -44 -11 28 52 91 76 -56 89 -13 31 -8 -24 52 -3 9 0 38 -56 -61 32 -43 34 -85 -1 50 13 17 57 46 -95 22 10 -44 -72 -97 95 -91 -84 30 61 -39 7 82 72 -42 31 59 -94 4 92 -72 99 -57 -86 -91 
37 -2 -47 89 -80 54 -44 43 71 -10 0 -6 -86 -58 92 -48 64 -93 62 7 38 47 57 -98 -5 13 68 37 8 -8 -95 -70 -88 84 -75 -78 -74 76 92 -40 -81 42 -39 2 -98 -99 -92 -34 22 -43 37 11 -16 -37 -84 -15 -47 -23 -35 83 78 45 81 -16 36 37 -90 72 -25 53 60 37 60 22 -88 -77 -97 92 -55 27 38 -30 -12 -36 63 75 -76 54 -92 73 -44 -22 -58 -91 1 40 4 -17 35 -74 75 -13 -50 35 -19 -31 97 -83 6 -48 -3 -80 -9 68 -20 -35 -59 -45 12 19 -96 -61 28 61 75 47 95 -35 51 -28 -94 98 83 -56 -68 75 82 -14 -19 -28 77 43 71 -9 11 -96 -40 10 -3 96 -8 -51 -37 -59 -86 -31 -63 -10 79 -82 61 55 8 32 -31 50 -77 44 9 -94 30 -91 30 -7 -14 -51 -64 -77 18 59 -76 -9 -49 76 -46 -24 -42 -31 96 62 -56 23 -36 -54 -26 -66 -55 -35 49 54 
-83 20 65 -96 -42 25 42 64 52 -31 -72 32 -77 63 -10 -70 -11 -65 -17 21 -98 -82 94 -33 68 -51 -86 40 -62 74 -79 50 -56 -45 -18 -32 -2 -42 82 -26 24 14 69 79 -22 63 24 -65 28 40 27 -17 15 6 13 -2 60 -30 82 -52 55 92 -42 3 6 59 90 7 68 5 96 4 -36 93 -93 -21 52 -63 47 12 77 -92 5 74 9 -27 -69 -7 -56 -92 -51 84 -20 -68 -7 -84 -69 85 -88 -44 -1 -88 20 -17 -41 -96 48 -58 -46 93 -3 -23 -12 84 45 78 36 60 -44 59 -39 -11 -5 40 -21 32 71 -47 -74 41 -19 44 65 81 -64 -36 80 72 47 70 68 71 25 -58 -10 -86 -45 73 29 38 77 -65 72 -92 -85 99 26 96 -17 39 -88 68 -88 63 -11 -16 70 97 41 -46 -61 -35 30 5 97 -20 93 63 -46 98 -33 74 27 -85 15 15 13 45 80 24 66 -2 55 -32 61 -29 -63 84 65 31 
3 -34 33 -79 -16 91 54 64 86 4 74 -41 4 63 87 -4 -26 -5 77 -46 8 42 -63 82 -34 -61 71 -49 56 -23 38 -26 40 57 -76 -1 -77 -77 -46 60 -62 -71 27 20 78 -37 15 0 43 -75 36 -3 -75 42 90 -96 -31 41 57 82 6 -18 -12 29 69 -30 -53 84 15 87 -70 62 -73 32 70 8 -28 62 -84 -18 32 -53 -30 -88 55 -24 -34 -91 34 -1 -49 9 -42 86 -7 -67 56 43 53 94 12 -30 -5 62 -85 99 7 -50 -88 -24 39 22 61 63 -35 62 74 -72 -46 -99 -88 -68 26 3 62 -62 -57 -21 79 12 -62 -90 41 17 -21 13 72 50 -81 96 -29 -16 48 32 -34 75 -75 -90 -33 39 -82 -18 -5 20 -27 98 -17 -20 6 94 -73 72 -23 -97 12 70 -82 98 -49 -70 -99 -68 71 28 86 84 90 42 31 9 95 52 -63 -50 -73 41 25 -41 94 51 -34 34 -32 -48 23 -53 -55 37 -2 -2 
-52 -21 -73 -34 -24 -89 -26 82 28 89 75 -52 72 -29 -97 32 -75 -29 30 -56 87 55 81 -17 84 -27 -56 -58 37 81 17 -48 -27 -96 50 -59 30 -99 -55 92 -52 70 66 6 -47 58 52 -50 -9 -91 -20 -24 92 87 93 -47 -62 53 -48 82 71 -30 -82 -37 48 4 -63 92 -41 -8 45 73 68 -97 23 94 -95 -88 34 55 -32 21 -53 -61 -40 43 22 52 33 39 71 -72 70 -7 -78 65 -92 -24 -2 86 61 -90 -65 -49 53 29 41 -48 75 -80 -89 62 14 67 -51 -54 -21 -55 97 20 57 -25 7 65 -30 40 64 55 -1 45 -77 84 24 -25 -50 10 -59 -41 97 81 60 69 -43 -18 65 6 -51 -58 -43 -55 -34 23 8 98 75 45 89 62 -7 -44 15 99 82 -55 38 37 -24 -35 -44 -5 -82 82 95 -58 -74 51 39 -79 -76 -37 10 56 15 -74 -71 -21 -61 -86 -78 6 35 -46 29 -44 -7 86 79 -57 -25 94 
-36 35 35 -87 -64 -17 50 74 -37 29 -73 78 -97 -42 -83 18 -91 46 -60 78 77 80 62 1 24 93 -85 91 -34 65 -10 40 76 -89 65 30 -89 -34 42 -52 -89 73 -40 -81 -92 -13 17 90 19 -72 30 45 -58 -43 26 -59 30 -13 56 -27 96 44 -58 68 53 -22 -32 53 64 -6 92 64 70 -6 -29 8 -50 -53 78 -41 39 -89 -21 -54 -52 36 23 -19 -9 42 -98 -31 -83 43 30 -53 32 56 -17 96 -49 98 73 46 72 -8 -15 -29 62 34 -60 -63 64 -53 97 10 41 -18 30 93 -37 60 -48 85 49 26 -63 2 -3 -37 -39 -28 -91 42 64 79 -3 2 41 57 -76 44 -79 -33 -99 51 -22 30 81 -13 -29 9 46 -32 -82 19 97 -48 84 -9 43 -24 36 50 -84 -18 -37 -88 -99 82 -77 13 61 98 20 86 0 32 90 -40 38 39 -87 92 54 93 56 34 -24 -27 -20 -33 -21 -97 82 -65 67 -64 75 -14 
87 91 -39 17 -86 -17 -84 30 -72 30 52 -18 -6 57 3 -66 -85 -44 -28 19 46 -93 -60 77 -74 13 -75 56 -98 -80 -75 -92 38 13 31 -61 29 -56 97 -39 28 46 -41 -89 77 86 67 19 -68 -59 77 -38 -17 -35 92 34 -82 -26 64 -56 -63 -53 40 -89 83 -37 -44 80 73 93 67 4 23 75 -14 53 64 -30 13 -67 -10 92 -63 76 -96 -43 -17 43 -99 -87 -50 84 72 22 -97 -5 63 -81 -31 -28 22 4 73 -86 16 -86 -80 -52 -24 13 90 -48 20 54 -9 9 42 -47 -37 9 65 -44 40 -1 -83 -50 -63 -14 -69 -80 50 39 94 43 44 75 88 15 -39 -40 9 -17 97 -14 65 -69 90 34 75 -48 -65 -71 -82 -46 10 -99 -7 -6 -88 72 85 4 60 6 -39 -25 53 -97 -99 98 -78 88 12 43 -22 39 -52 86 -31 55 -6 -50 -56 -36 7 -42 -56 -32 -63 18 -56 -60 -95 66 69 -45 -1 28 52 35 
-42 -56 -40 -45 -58 86 86 75 3 87 -28 68 34 71 -17 38 64 80 -61 -59 28 -56 -38 36 14 -62 -37 -67 36 91 -59 13 14 -6 48 -50 -65 0 -75 91 9 26 55 -94 11 -28 55 37 61 -39 40 -80 -6 -41 -27 -29 82 -95 37 -49 10 -83 28 -63 1 88 -32 20 42 -63 -60 -21 60 -13 -77 88 -15 34 46 75 89 -31 35 -96 -58 45 65 -84 92 55 -65 -88 37 -82 -28 2 94 -72 49 82 25 -91 -74 -9 95 -77 23 37 64 -31 -80 98 79 6 62 -14 -46 -86 71 -59 73 71 -87 20 81 38 41 -99 -14 10 99 75 26 58 -45 77 -34 -88 18 3 68 19 -18 79 -53 99 -66 24 97 4 36 9 32 -38 -31 -96 -47 -47 -81 -44 -57 29 73 -96 31 -9 44 83 -31 -37 -84 -6 -4 87 -45 -45 -85 72 11 35 14 -46 17 -20 23 67 -14 -45 -28 60 97 51 80 71 -61 -97 7 -26 92 17 
-86 -50 0 -79 23 75 -92 22 -12 14 0 69 60 -5 85 -56 10 -9 55 -3 -94 27 -49 -35 -39 -43 6 32 -34 71 9 49 54 2 -28 -83 42 78 -16 76 84 72 -47 -65 -95 -45 56 18 -60 -69 -51 -51 -31 47 0 40 -12 99 1 19 -34 8 -17 -87 -39 -14 75 -49 -11 -79 11 8 97 59 0 -60 61 57 91 84 2 14 -81 -45 -47 41 -26 -84 -51 41 -5 84 -22 40 82 -98 47 -42 -98 16 44 23 26 -64 -93 -17 19 86 24 57 -34 -13 -32 97 27 -7 29 -69 -48 58 76 -11 71 78 18 85 -79 74 -95 -26 53 69 -29 -65 14 75 -38 -87 34 5 -68 -33 1 -70 51 33 17 1 16 93 22 97 -88 -57 -75 12 14 55 59 -13 39 -50 79 32 42 -64 -96 -62 -33 -18 -54 -43 37 -67 60 80 49 -62 44 -52 42 -24 -43 -40 -87 33 64 61 -57 -73 2 85 -64 66 -58 -80 -90 -99 -30 -70 
-1 -15 1 30 -31 -38 -42 -94 3 -81 76 -38 84 16 2 -1 49 55 77 97 24 6 -64 -15 -8 -35 -53 -90 6 -34 35 -46 50 -20 -4 79 6 -10 -82 -36 64 -48 92 70 -36 -18 -47 0 1 62 96 -45 -11 -75 -77 58 -17 83 81 76 76 66 -67 75 -40 21 -65 -83 4 17 -23 -22 99 72 -47 -4 81 -93 83 -92 -37 -26 68 93 19 49 -92 -91 -2 -11 10 56 -22 -4 42 -77 76 -44 -29 -78 -69 36 51 -35 86 45 -3 22 -50 15 -55 -35 -25 36 18 7 72 4 -89 -95 39 44 -53 -18 -54 81 -45 17 -4 97 2 33 -66 39 68 -24 50 31 -27 63 62 -2 37 -88 56 26 -17 16 -50 -57 -31 -27 84 8 46 -52 -71 -25 77 -85 29 -46 5 -47 7 -55 -29 17 60 52 -86 61 89 73 2 -87 -63 -18 79 -62 -96 -48 62 -61 29 -32 13 79 -11 60 -41 61 61 28 -31 -54 57 2 -88 -4 
-34 63 -72 -11 16 -78 33 99 -70 -60 -96 16 95 -23 -16 -11 78 74 95 -71 31 -83 29 69 27 18 -37 -28 -98 -77 -76 47 63 -55 -64 46 72 -45 -70 30 -78 -5 -71 -71 0 27 -60 -59 -50 7 -44 77 -56 52 -2 -22 -93 87 1 22 -62 -54 53 1 90 -27 7 -68 67 -88 -92 -40 -15 -23 -88 46 71 41 81 38 73 -90 1 6 -74 -96 -81 58 -76 60 -88 -20 77 -90 22 53 -29 23 -45 -96 -78 59 -4 -94 98 -29 18 33 8 20 38 90 -74 -83 49 -47 20 39 59 72 82 23 65 29 -60 -22 37 23 1 96 4 51 -64 63 34 -19 90 63 26 -78 23 27 -78 -66 95 96 67 -11 -16 -47 -34 85 -99 58 -16 -88 -3 46 45 97 -6 58 -71 92 58 51 7 -73 -31 69 -72 34 -91 -12 -79 34 18 -86 -99 -54 -46 4 -70 51 75 -88 -70 -65 95 -62 76 -43 73 -30 -23 40 -53 77 -20 -82 
-83 -70 -72 -73 34 91 -97 -45 -28 -42 -61 20 -87 11 -76 -44 -53 -77 46 34 -5 -60 37 -88 -56 86 81 71 -93 -70 32 -50 33 -15 43 -18 16 -79 82 -47 19 19 -14 35 86 60 -3 16 37 96 24 -26 34 1 -17 -34 18 61 -17 57 -45 -80 52 57 63 36 -32 -53 51 56 18 -18 -3 -54 -77 -90 -50 94 14 76 46 -35 32 -51 -1 64 45 24 95 76 -95 33 88 -40 75 -38 -4 -54 11 -72 -87 9 17 -41 -10 51 46 -73 -45 -75 -18 8 -14 -10 51 -86 54 5 -97 81 13 -24 79 -71 16 -45 85 -44 0 42 29 64 22 81 65 28 -70 -88 -72 66 2 19 -10 -83 -18 -36 -59 -78 75 26 -20 -34 59 -68 23 37 27 73 8 -47 23 47 85 -77 -88 -90 90 32 -76 97 22 65 -31 -22 -61 64 7 71 -90 -79 -14 59 48 -68 33 47 59 80 54 80 -15 -99 60 12 -73 98 27 -12 -95 -92 
-69 -23 61 -35 43 -68 72 15 9 -37 -27 -45 21 33 89 64 46 -45 61 75 11 -63 -99 -90 18 -83 46 17 -73 12 -4 20 15 44 55 93 -3 -62 52 -43 -15 82 -35 96 -71 -62 97 14 -10 14 46 70 -76 64 53 48 -18 4 -54 -67 -52 2 -1 -35 -40 59 30 -52 -88 49 16 -23 -23 -60 -6 48 -32 -41 -51 -79 0 -84 45 -59 -3 -52 23 -47 16 -19 77 -71 73 -92 95 -32 56 43 22 52 48 -16 -87 56 6 36 -16 8 -22 78 -3 -42 59 -55 -34 -74 81 3 -3 -47 -35 -52 -31 51 65 11 -55 82 43 -54 78 92 -87 -80 -27 -58 71 6 4 70 -88 9 7 -6 -69 -17 65 91 74 39 -87 73 -16 68 94 42 -1 54 19 -76 -26 48 -72 51 60 -33 -94 -64 21 -56 -66 23 99 57 -41 60 85 -91 9 70 -17 63 -82 35 11 -29 77 4 -72 -25 3 71 -56 90 45 -60 -46 93 32 -22 
-54 -60 2 87 52 -74 -25 17 -86 -72 79 54 -69 9 39 57 -41 -58 -51 6 -49 -92 -5 66 29 11 -18 0 -27 0 -48 99 -84 81 47 43 58 -86 61 -48 45 -24 -32 -68 -48 75 53 -81 -11 66 23 76 -52 -18 37 79 -48 -55 -93 -33 -60 -83 -53 -38 -18 -81 55 34 52 48 -34 50 -40 -82 -21 88 -8 -76 -57 94 41 93 90 73 -23 -74 -14 43 14 19 -6 73 -8 67 -93 52 41 -4 -42 -33 16 -45 50 61 -85 15 32 69 43 7 -26 23 -98 97 88 -48 74 58 42 -13 30 94 -97 48 44 5 -63 -39 -98 54 96 -22 -89 -15 89 27 -52 -10 -77 52 77 -20 -42 -94 -66 -47 99 -39 57 97 86 -33 -9 -42 -97 47 -76 16 22 33 84 30 30 97 -60 -46 -62 -47 72 29 -72 -92 -20 22 51 -29 16 59 -44 -19 -78 24 13 6 3 -73 10 59 38 43 90 -85 -45 -75 59 -13 23 8 60 74 
18 -19 68 71 11 -22 -44 -54 71 13 95 53 41 -52 60 18 -48 -19 51 99 -92 95 85 13 -71 -3 33 -65 59 -48 70 -77 26 23 -20 72 -49 19 -78 50 -65 76 41 -85 -95 39 13 -49 99 28 68 11 96 -89 94 -38 -5 -94 -56 60 -10 -75 -76 -75 -17 -73 -26 5 83 49 8 69 -44 37 -73 66 42 -66 68 -23 -43 -27 47 70 16 -45 -48 -37 59 39 -2 45 5 -77 -74 1 21 -4 -21 -75 78 31 -44 17 -73 13 30 -95 -98 59 -29 -33 -55 -83 -79 -88 -10 90 -96 -92 72 -22 -52 0 -59 75 58 38 51 -3 -68 47 -18 -7 -82 0 88 -15 -23 -81 -26 -22 -59 -45 0 88 -35 2 -12 42 -58 -11 95 -98 25 -2 76 -94 -83 -49 33 21 -83 -45 87 23 -9 90 -8 62 70 33 63 43 80 69 33 -20 73 37 25 -3 70 90 -28 -16 -60 73 -60 67 -91 81 -98 27 98 -11 -68 74 -45 -76 
-95 -49 -39 61 19 72 -94 1 -59 -54 80 6 -36 -61 -25 -5 -11 -70 -52 25 -30 9 -77 -64 -27 -34 51 -77 32 27 -68 27 1 -48 -88 -14 69 78 73 69 -8 -62 -97 62 -90 -86 -50 -20 -53 -97 51 80 -81 42 -78 -84 9 53 -35 -44 -48 91 -9 -37 -93 -37 63 12 90 5 -9 93 -27 -34 66 55 -51 28 38 -46 24 66 -68 29 49 6 87 51 -49 -99 41 -80 -98 74 14 50 -45 11 38 45 -66 57 -56 48 -20 -26 48 -3 13 -79 95 50 47 45 16 90 -60 71 75 71 51 -86 -41 8 1 44 -37 39 -5 -83 67 87 -97 -31 28 79 89 34 -67 -72 15 25 -13 -30 -45 58 -56 -89 79 -63 25 62 -57 94 -57 -26 86 -2 76 -22 -77 -34 -1 -35 72 4 -46 -46 25 77 20 -16 -89 -97 -6 -95 60 55 -32 35 3 30 83 11 -95 -91 -98 69 -98 63 7 -58 -59 39 22 -62 -96 -46 -23 5 
