250
-47 35 -46 65 36 44 74 80 -70 -18 -49 -96 92 -25 80 -2 -7 17 -49 42 -26 -37 22 -32 37 12 10 26 31 7 99 -4 20 33 -8 31 40 6 0 16 -30 45 -28 -82 -27 -8 -77 -66 -20 -57 20 1 9 -52 -4 -9 44 25 -23 -51 73 81 -65 51 87 58 3 42 18 -64 -45 59 -97 48 -81 -91 -82 -38 65 -45 79 4 53 84 -44 1 87 -93 36 -55 21 -84 25 25 -90 57 59 -39 5 16 -25 47 0 54 -38 -75 28 3 -22 95 40 -34 -47 -82 5 -5 12 -35 66 42 72 -32 49 36 61 78 62 -2 20 -79 24 -30 -34 14 -52 9 -41 69 13 26 53 3 -6 96 42 59 -24 61 -47 11 -88 17 -78 23 -84 48 68 -53 46 83 -31 -20 34 80 22 -25 82 26 87 7 3 27 -48 17 14 -92 -32 4 14 -23 -65 -23 86 -50 -3 -35 87 -15 -19 -67 56 90 -53 43 89 -44 86 -72 -26 -30 -17 -10 68 23 -70 6 -58 53 -71 -15 -22 -4 23 -41 64 -79 -40 -23 44 -90 -90 -68 -95 -45 42 -56 -11 -34 -48 70 67 2 -2 -64 97 57 24 29 -42 -48 -98 36 6 -62 -68 51 -70 37 -16 41 
10 -20 13 -98 79 -90 57 -22 75 -90 -81 -7 88 -87 -5 -46 -15 2 -87 -55 -9 -79 -20 51 -17 49 20 9 49 -95 -45 66 22 -17 -38 67 -52 84 -93 -29 -91 15 5 16 -25 54 13 21 -91 -40 -8 72 -84 99 -35 -13 72 -61 92 -81 -67 90 68 -41 64 -63 6 44 91 36 81 -56 56 7 3 57 10 9 76 -28 -7 -4 -34 60 86 -5 39 -6 50 -20 68 -6 -30 58 -94 19 -1 86 40 -87 37 19 -11 -19 -31 38 87 94 -40 -79 -81 -25 -94 -63 -79 -46 0 10 33 22 -29 -28 41 -21 97 99 -45 78 35 -26 -60 15 57 -84 -55 28 40 91 10 -30 -4 97 -17 -10 62 39 -80 -74 -28 41 19 16 -97 79 89 79 -2 -64 17 97 59 -29 24 24 -31 38 -85 27 77 44 -29 -78 -92 7 30 -24 87 -12 8 -54 -76 16 -16 -19 -8 -37 -1 97 97 51 75 30 38 10 -4 -60 5 -72 -91 -16 -32 70 14 47 96 -51 64 84 -43 -34 -60 -86 61 -45 93 -14 -67 -24 -61 -36 36 -41 89 95 -48 -79 -3 91 6 -45 47 -37 76 -92 29 -23 -26 -17 -64 -66 -80 49 -16 -76 65 45 93 97 -37 -97 
-11 5 68 2 -66 -93 57 -39 88 73 95 -13 98 30 48 -79 87 3 99 -65 73 67 -90 77 55 -67 99 -33 41 -25 -68 91 8 12 -10 17 -8 7 92 85 -28 72 9 -16 76 -92 -60 38 35 -55 46 55 19 -39 -64 -15 47 -40 -63 96 40 9 -95 52 -99 35 80 -60 30 2 7 -56 64 7 92 71 -26 -14 -45 84 35 20 -6 -39 93 17 -45 -60 98 89 -34 -28 -94 -14 -41 55 -48 56 28 64 59 27 31 16 96 -75 -25 -62 -36 -85 -24 -21 27 -27 76 29 -1 -98 69 -1 61 63 -82 31 99 19 45 -63 23 -14 -62 -15 -65 -55 72 10 40 -1 25 96 -3 71 97 -63 -69 13 33 -67 -54 -56 59 -12 34 23 72 -64 -71 86 69 26 91 62 -77 -77 26 -50 51 64 -82 -62 97 95 3 -99 -40 -62 45 77 -46 -91 -6 66 52 -43 -41 -27 -14 46 81 28 -57 16 -87 -11 -88 -72 80 30 -98 78 62 39 -78 -25 -40 -93 16 55 47 -34 4 20 -20 -74 -11 56 -42 -24 31 -46 -44 14 -9 94 -47 -4 -24 79 -39 -29 36 47 51 68 -92 -62 88 -78 66 59 61 73 31 97 55 34 -47 -6 2 -38 
-77 -60 -3 74 19 -53 -75 -23 71 -46 -94 85 13 64 44 -17 77 18 -76 43 -80 14 57 -8 26 -70 16 -26 -90 -22 -96 54 -12 -78 -37 -28 -20 21 -12 -45 -39 90 -66 83 -64 -17 -22 7 -1 -56 -21 -37 69 83 -18 -91 -71 3 -97 49 -31 -90 -77 -94 -30 -26 -77 -6 -31 -75 -51 15 22 54 -89 -62 54 -47 -98 -43 55 75 -52 35 -50 -10 31 7 -45 -34 70 99 -79 -12 33 -36 89 70 -7 95 94 97 56 38 -20 -23 12 82 -35 21 -89 -88 36 62 -32 76 77 20 -87 -1 -65 -37 53 89 -32 -94 52 -57 -90 12 -64 89 -52 -60 74 -98 -32 -51 62 83 -57 -71 81 15 16 -75 -41 -99 47 91 -88 60 -89 -34 -36 -20 -76 -79 45 80 12 -37 24 -13 -72 -50 78 77 2 27 -69 97 75 -21 65 -61 80 -95 -50 -83 65 13 -39 27 3 -19 93 -2 -51 49 -79 15 52 50 -88 -4 48 -80 -75 -31 44 94 -2 -52 -71 40 31 83 -9 13 17 61 20 94 -97 -67 80 -97 -86 -38 -50 75 -30 43 -30 -36 97 -15 2 4 45 -94 1 -70 -42 -79 15 -58 -11 45 59 19 84 2 8 3 -37 8 -46 -4 
8 21 -87 9 60 -5 -88 20 61 -48 94 -12 -12 15 57 -57 18 -39 60 8 -68 17 7 54 -82 -65 -57 41 11 -58 -16 15 72 54 -33 88 -93 27 -25 -32 59 90 -23 -47 -55 87 78 -94 -36 80 2 -7 29 54 -96 16 64 -81 -53 1 94 23 74 13 -18 -64 -76 49 -65 -42 -68 49 -4 -9 45 -61 86 -93 9 -48 25 83 -77 14 -35 8 94 -38 -15 74 24 -92 42 67 76 72 -76 -64 -59 -75 -49 3 -28 -61 85 -93 43 21 99 55 -60 -22 -51 -28 -14 83 -66 -76 7 45 51 53 -77 14 -6 88 52 -95 66 53 -16 -26 8 -24 92 70 -9 85 58 -36 -21 -25 38 41 -78 10 -35 -89 -22 -88 14 -84 80 -33 71 -63 2 27 -56 48 21 84 37 -46 -63 14 -92 -92 85 -96 59 -32 33 40 21 99 -85 -11 -19 31 -83 77 -98 -82 71 57 -89 52 33 19 40 73 -86 85 -40 -17 -54 -76 -28 10 -76 68 -41 -76 -49 -47 81 68 -58 33 -98 13 -48 53 -70 -39 -2 -36 27 -96 -36 0 42 -20 -18 44 23 -57 91 99 59 -30 -30 83 17 -47 -66 -57 26 93 -69 60 6 53 -73 5 45 -19 -49 -14 
-47 58 52 -35 -73 61 43 10 -18 10 -57 7 -49 -65 70 45 -95 -58 27 -95 9 84 54 -82 -82 -92 0 23 69 -54 -70 20 -34 50 67 37 22 39 25 -40 65 57 -85 33 -92 -44 49 -84 -93 3 -74 60 -73 -85 64 -86 76 99 -23 -70 -96 -17 -83 24 -44 40 24 72 66 -64 -28 70 -81 -78 -66 33 -61 39 42 50 -14 12 -35 29 91 15 27 -45 63 -88 -94 10 -5 -83 70 -46 -39 20 -17 53 -59 64 -30 -24 64 1 37 -11 -68 -38 99 70 53 75 63 25 92 -16 -81 9 -58 55 15 -56 70 1 63 92 95 -57 -13 25 -56 -29 -47 45 36 54 46 11 -17 -78 49 55 29 -73 -82 -8 -67 45 30 -91 53 7 47 73 69 -14 -53 -81 88 -11 -14 30 -16 28 -33 38 -83 -61 24 7 8 -49 98 -50 -84 63 70 68 94 -77 94 76 19 71 -77 -63 9 -16 17 -25 12 -94 -19 39 -84 38 -95 46 -66 73 14 79 -70 43 34 -39 -8 78 -90 57 70 99 29 -63 -61 -86 7 1 -12 1 84 -1 -44 -1 -51 17 5 -99 -31 88 -74 39 39 -72 18 87 -44 90 17 -7 3 -42 -31 21 -71 42 -76 96 
-19 -2 48 10 71 -7 82 -60 -87 -73 67 75 -55 -17 12 -86 -33 -21 22 68 -59 -62 98 58 -37 93 -25 97 62 4 -32 14 -99 -15 46 9 -55 -50 -95 92 8 -5 59 -79 -7 -59 -11 3 -88 57 39 1 48 -37 84 89 -84 56 87 99 86 -99 73 84 70 18 50 27 -14 -68 13 -14 86 -93 86 88 57 36 69 -90 -98 -82 -91 -6 -87 22 -26 60 -99 96 -82 27 -35 69 58 93 -27 82 6 -12 54 -75 -56 -21 -27 -53 66 60 -74 -61 74 -2 75 -28 83 -79 19 -32 -91 -87 -67 -69 87 -87 -27 -86 18 -81 71 22 -57 -85 -12 -89 45 -11 75 59 -73 -53 31 -85 40 -5 83 99 -35 83 27 -84 43 76 -56 66 -99 12 -31 -38 -73 68 7 81 -36 53 72 -60 13 -34 -20 -13 13 89 52 25 14 -9 26 -90 -35 -55 45 -89 12 -46 43 -55 72 81 54 8 -28 14 -67 99 -11 19 37 51 -45 23 -14 1 -56 57 -19 62 56 -29 -22 68 40 -2 27 -76 -3 -33 -83 68 -70 -94 -21 -91 -45 57 49 42 15 -16 -73 83 -12 98 -28 99 87 48 56 80 -93 16 61 -89 93 -98 -29 -75 55 -94 -32 66 
13 96 -65 -20 -46 -9 68 7 -15 -46 94 -63 48 97 -75 78 23 -42 94 -73 -81 37 47 29 -23 4 -11 -53 -73 -11 -91 -33 8 30 95 -62 -7 43 15 20 -12 -40 77 41 -55 84 84 -3 10 -91 24 -19 -12 -25 -52 16 -50 88 -28 -51 29 -5 32 -74 12 -23 80 -43 -21 -67 26 35 -8 65 54 -44 35 87 -3 -91 52 -13 88 -50 -41 63 23 57 -44 29 -76 22 58 68 75 28 -61 -93 -46 10 -41 -56 18 -61 45 -38 51 -32 22 32 59 -3 -32 -26 -25 -62 22 -32 47 67 13 -65 26 -81 58 -86 90 -45 -24 12 93 -1 -70 -77 86 9 72 -99 -59 -40 -44 -62 -91 -25 -14 81 16 44 -87 -19 36 25 87 -61 41 -81 82 66 -94 50 -7 -10 56 -45 -33 77 39 55 15 -98 -25 13 96 -81 -98 81 15 16 59 -37 -23 28 58 37 -40 -62 -23 -98 0 20 -68 -80 6 25 44 -31 -43 -21 -69 83 -43 -60 -17 68 -14 -13 99 -44 -89 -19 -71 -14 43 -74 19 -60 -46 59 -48 7 -43 39 -44 32 42 2 -28 -3 1 -39 -7 27 61 26 42 65 -90 -81 83 -36 5 74 95 -66 -49 57 11 98 -61 60 
66 -30 -20 75 -54 -14 -59 -98 -67 -7 -56 -14 -27 -50 38 -70 73 69 99 -18 9 69 -20 23 10 88 84 97 -98 -58 -3 -75 -68 -77 -26 -18 -84 -27 88 -1 67 -98 44 -88 -5 44 11 49 45 -56 1 9 78 28 -74 -14 -97 -71 44 88 72 92 92 66 6 -75 -11 37 -10 -81 18 64 28 0 -27 93 28 99 47 15 -27 80 71 -5 -58 -3 81 80 47 61 38 98 -52 38 65 62 -8 -32 -43 84 7 5 4 34 -87 -40 -53 -20 23 31 -38 -48 46 67 47 -36 92 -11 -36 56 -33 91 -43 91 3 60 -32 -15 39 36 85 -69 -81 82 -60 2 65 -82 -6 52 -90 20 -87 78 40 21 76 36 5 -47 -31 90 26 83 -31 62 89 36 -65 70 75 -21 -68 -57 -13 -8 -7 95 -57 -64 -42 17 -5 -23 -60 -21 -29 56 56 28 65 28 -93 -76 -28 -99 55 98 36 -93 -88 47 8 -26 -5 49 -12 -24 -55 -64 46 -60 24 -52 -34 71 96 -69 -30 13 90 49 -95 -46 -69 -8 62 -1 -56 -12 -11 76 -78 10 -8 -6 -76 78 -56 68 -76 39 58 54 -6 -58 89 -60 43 -89 13 -4 -98 42 -65 -5 74 -40 3 99 
-27 11 4 -59 -66 16 91 7 -25 19 54 99 3 21 39 62 79 -4 11 9 59 -13 -11 40 -47 42 78 15 52 56 76 -14 28 -55 -86 -35 -66 80 85 -19 -45 21 -99 -36 2 54 95 -54 -29 69 -45 -25 -99 60 33 40 -75 -84 -26 5 -77 69 12 -32 8 63 1 -63 -85 -13 65 6 15 64 -93 -49 -47 78 47 -54 -91 -51 -74 -75 66 -7 -10 -44 -27 91 35 18 88 21 52 -45 23 0 -7 -90 86 76 -33 42 -80 26 79 12 -35 -6 24 36 73 -15 39 -59 -61 9 -44 8 1 25 -76 -28 -97 91 18 -84 -5 88 -73 65 -66 -76 -94 39 -24 12 -65 -38 -37 -3 70 -82 -71 24 -75 -27 44 -37 -65 -53 58 71 13 -21 61 -41 -24 84 -72 87 90 -83 23 -71 -88 14 41 -43 37 -56 -51 -86 76 22 16 73 -11 95 55 69 -22 -15 6 78 -11 79 71 -3 -93 88 -99 -79 -54 -30 -65 56 -75 44 48 -44 -5 -36 5 -2 -22 40 -44 -30 -45 -86 -11 41 -18 -67 -15 -8 -83 -22 54 8 32 19 8 8 5 -72 -74 33 64 -65 77 2 -70 -42 92 -65 89 -4 -17 -17 -79 94 78 -46 -43 -74 -53 -14 
-25 -90 79 24 28 29 90 62 21 89 -68 82 97 -44 89 -81 75 57 -83 36 38 40 8 73 32 -32 31 43 25 31 -75 -4 53 99 25 -94 -59 69 65 94 -66 82 36 54 35 -28 -13 89 -87 -12 -68 46 31 53 -43 -33 80 -72 -96 -23 21 -85 97 -10 -45 42 50 77 -65 17 -69 -54 52 -68 2 -36 1 -89 24 61 99 6 1 68 -13 46 33 -49 -97 29 31 49 91 -35 -11 -41 -71 -42 59 -9 18 13 97 -49 73 -78 3 54 32 28 -71 -55 8 97 4 36 -63 22 -12 -58 -84 54 -40 -16 30 38 -65 64 2 -4 -97 62 -87 -71 -78 -60 -64 -65 25 -68 -54 -88 -89 -57 -76 -89 -38 -86 -41 51 -84 -47 48 -82 51 3 75 -81 -49 90 -84 -98 -89 69 50 -38 -28 41 -43 -15 69 31 68 74 -74 -41 -92 86 46 92 -91 -3 -74 92 74 -4 76 -44 -22 -83 -1 -79 -11 17 -42 84 -21 -24 -38 11 35 9 -52 82 41 -39 -58 -11 2 -66 -29 -72 88 51 -62 97 -51 -74 87 -78 -64 -56 -81 -67 -13 -53 -66 -55 90 93 87 -98 -85 79 17 -21 85 79 70 -74 96 20 64 -63 48 5 19 -65 -62 -56 
-51 6 -10 -30 -36 -66 -79 -45 -63 -19 -45 -29 20 -73 -17 59 -20 -21 -1 -70 39 -41 59 -90 -68 -66 -20 -25 -85 -65 20 -56 3 15 -34 -38 66 27 -18 40 81 -44 -78 53 -88 64 76 78 88 -36 28 -55 -12 -95 -64 -38 -74 25 -10 -58 -81 -13 86 87 5 -85 61 -50 -94 -54 70 -8 -41 -9 -78 -10 -6 55 9 59 2 -16 -5 86 65 -56 -49 -65 -53 84 31 15 -68 -51 75 -71 -75 98 -7 25 36 -83 72 -1 -91 40 63 18 -23 66 41 56 -68 -86 -95 -89 34 -46 44 -20 -30 78 36 -99 74 -98 36 19 -57 60 -81 -57 97 65 -88 -89 79 19 34 -88 51 29 12 -82 -39 61 72 34 -59 38 -67 -88 -78 69 47 -33 -61 -42 -70 -30 -83 51 -89 -14 3 78 31 38 -98 -62 -33 -99 17 -93 72 -45 -10 93 -72 75 -30 66 -21 5 1 17 89 -22 68 -7 31 -73 -12 23 21 -97 82 70 49 -41 84 -30 -25 13 24 18 88 7 65 -26 9 43 58 -66 -73 68 92 -90 29 25 -50 45 -70 92 -92 -46 79 98 75 -13 97 -26 -51 52 17 9 -35 -81 35 45 -22 97 -28 10 -48 -33 30 -31 -45 31 
-17 -68 -48 -19 -10 -64 -28 -81 -37 46 -65 1 -44 -82 -37 -51 31 41 78 -78 3 -99 -3 86 -85 47 77 55 -76 39 30 -39 -21 -16 -83 -38 91 52 -42 -47 59 14 -39 51 -87 -47 70 -77 1 -75 85 37 -73 -64 -60 -75 49 -48 72 49 -47 4 -97 41 87 -73 -94 48 91 -96 -78 -10 70 -4 -70 34 -94 -29 32 -6 22 -62 -17 40 -13 39 -99 -39 -34 -15 54 96 -22 -79 -28 -23 96 -95 -78 -8 -39 8 65 -7 -56 -14 98 -53 47 -8 86 19 -97 89 -20 64 78 -33 -78 37 -32 -63 88 39 37 -91 48 -31 38 -11 -18 -87 -17 -48 2 86 4 37 73 79 -98 33 -50 -55 -36 -84 34 8 -61 64 55 93 -61 -73 -84 -51 79 15 22 -20 -80 -18 -85 -46 -47 48 24 -43 -41 -66 67 18 74 40 -48 -51 -27 15 -85 65 87 77 34 -34 6 67 91 -72 37 15 -71 3 67 80 -38 -42 -87 72 40 -79 25 56 42 44 19 86 34 37 -57 -81 2 -73 21 81 73 -17 78 5 -83 -94 19 -49 -48 -7 49 -57 45 -3 -51 -70 98 -77 -1 -88 39 4 34 -89 -48 47 65 -52 88 -23 18 76 -73 -28 40 -21 
-93 -91 -88 56 82 -1 -53 93 30 -30 61 55 -3 72 -75 -62 -89 39 -3 -20 7 -88 -89 90 50 -37 0 -69 32 57 26 92 -15 -74 50 28 -70 -98 20 -17 -4 72 -37 12 14 -29 24 -30 -10 -81 98 88 42 55 96 -69 -97 63 68 -96 -26 54 15 42 25 -26 -52 95 45 10 -90 -74 -31 64 10 -42 38 -79 98 -96 20 -94 -92 94 -79 -62 20 -22 12 17 -95 53 12 -53 28 57 -23 -99 31 79 60 -4 -32 30 -82 -2 75 -17 -31 49 -73 96 92 99 -93 53 -22 -89 53 -58 22 -5 -31 99 24 8 71 26 -61 -83 -96 66 -45 92 -9 3 94 -41 74 37 -77 -86 -61 -94 45 -45 -44 80 30 88 87 -75 -78 -8 34 90 -40 -52 60 -97 19 57 16 3 -17 30 92 -55 27 -75 -98 1 91 -97 -64 78 58 24 -36 21 -24 17 54 25 47 -30 51 4 -79 98 -45 -32 5 -72 65 -98 -52 -99 28 -45 -77 -95 -34 -50 -52 31 -28 29 -7 93 82 -15 56 69 66 73 -54 -80 -48 -52 -48 90 97 97 99 22 61 98 -1 -40 -1 56 71 3 -12 88 43 -55 10 99 -8 -96 45 74 -7 47 -50 -40 44 -8 
46 24 45 52 74 -32 49 -66 -8 -69 29 24 -79 6 -94 -47 1 19 9 -81 -74 95 73 -35 93 -75 52 50 41 37 -17 34 22 -67 2 72 52 46 13 85 -43 -4 -53 73 20 24 -63 50 -49 4 87 -11 -24 81 71 11 -13 95 49 6 -74 56 -53 -7 83 -99 -92 -64 -25 -68 29 61 -29 88 69 -18 -95 -78 90 86 -40 -97 -65 90 -72 -12 28 11 61 79 73 -62 -35 27 66 -28 77 -48 55 -77 -99 84 -51 8 25 -71 -4 58 92 -90 38 -49 -64 36 19 -17 -72 9 68 -42 97 98 97 -35 -99 25 86 40 -37 -27 21 -56 -68 -39 -97 -31 -41 38 5 -35 -52 -7 -71 90 25 -76 -46 -8 -30 -69 -71 8 -9 34 -28 36 -79 -13 -37 31 -53 -86 -9 5 85 80 99 -51 -77 -5 -14 69 83 -25 -9 -12 25 -55 -99 -62 92 2 26 83 82 99 92 -5 -74 45 -69 69 14 -17 -36 74 -44 92 28 -18 -87 -87 41 28 20 -16 68 -50 -90 73 -37 4 46 -61 53 66 -44 -96 2 -84 -5 61 39 47 -4 -77 21 -51 -15 39 56 -1 -29 94 18 62 -5 -52 14 47 98 84 -7 2 29 -85 -15 0 46 -19 
54 -98 53 -39 80 80 -98 -63 50 -11 -76 94 30 -40 53 44 46 -43 -45 -13 93 -87 60 -58 -77 40 -49 -99 -58 26 29 1 84 83 -60 62 61 -13 -12 88 23 51 40 28 -56 -80 93 57 -2 -75 95 21 -12 77 -28 12 94 -11 -34 -2 -78 48 96 -42 4 -43 3 16 66 -58 -43 -25 -10 -48 -20 -62 1 -38 71 -36 26 75 55 97 -78 32 -74 -14 63 -52 75 35 68 -68 83 -89 7 44 40 -66 -5 -49 -45 -82 -55 8 97 51 86 68 12 51 28 -54 -12 58 -69 97 -74 -47 64 -89 -72 -94 75 -29 -61 -21 95 32 91 -11 -43 -15 -90 -29 -36 -40 65 -9 97 -86 -11 5 -82 -96 -43 76 0 -42 20 -4 80 37 15 -38 -90 -43 56 -53 89 -98 -20 -46 8 -91 -73 -84 65 -17 0 44 -57 -62 -16 -27 -52 79 -60 -13 58 -74 40 -70 -32 -85 11 89 -45 -89 78 -74 83 64 -28 -74 -49 -53 25 -2 15 -56 -7 -42 78 -59 95 33 57 32 26 -47 -19 -58 58 -37 67 24 30 -99 -61 -53 -44 24 53 94 -20 -66 -1 25 2 -9 61 6 55 -56 -29 21 65 -11 -7 82 -47 -66 -12 44 -70 -33 -2 -53 
39 71 -65 -56 -44 81 -13 60 95 -65 47 27 -31 -2 -7 97 -28 74 34 -97 14 -22 -83 47 -99 -48 45 99 -46 -57 -77 -44 47 71 -36 -58 -78 -6 84 -5 -10 -50 -65 2 13 50 -53 -92 43 19 28 9 -90 -3 0 40 -37 93 1 71 10 -46 -49 21 -24 -98 57 -55 10 -7 27 -42 47 62 47 27 3 43 72 20 79 43 -76 -74 33 -26 -35 71 80 -29 -88 17 -45 -74 73 76 59 -41 -73 51 90 -30 -94 40 -38 16 -18 -59 -13 1 66 -16 5 73 -93 63 42 30 -58 -89 38 61 48 -42 94 -19 90 -50 -22 -32 96 -76 13 10 24 94 79 85 83 -54 59 9 -98 -26 -76 -33 -94 1 42 19 8 92 1 -31 27 -56 -90 -29 -50 -99 58 -16 35 52 4 0 -98 -64 -83 8 -26 -59 25 -51 32 64 -81 42 -3 8 -82 -80 -80 -20 -86 97 79 54 -69 73 -56 -52 7 -10 -39 23 -62 15 -1 -57 -24 -83 88 52 -64 -99 -9 -43 50 81 70 -78 -2 44 -85 98 -35 -90 44 -1 -2 -1 46 75 -91 32 -35 -15 -1 -66 -6 54 3 -61 -58 37 90 2 58 47 94 63 92 69 -8 -35 -94 -63 -9 -68 
43 46 65 53 -92 -39 24 86 90 -15 23 24 -27 -26 56 -68 -71 14 97 -8 55 -37 -64 -42 -24 79 56 -17 -44 78 73 18 -56 -35 67 -64 -9 46 -67 -76 -10 27 85 20 -96 -34 41 17 54 -68 13 67 20 -40 41 3 -18 73 55 63 -63 -63 -61 22 -42 16 -18 12 42 -65 -11 44 62 18 -24 -82 -34 59 -27 44 5 32 7 24 4 -76 -10 31 -18 68 -94 -33 69 -46 28 57 44 91 33 -94 82 -73 -6 77 -82 88 -1 -93 18 42 -84 -77 77 55 92 51 0 34 70 -65 -8 -87 30 -84 51 -66 92 99 -94 -19 26 38 -54 84 -72 -84 -17 65 -31 -23 -2 -63 -23 96 -18 38 -4 -63 18 36 88 71 44 -53 -97 61 -8 -87 64 -12 -7 99 75 -37 -53 97 17 -87 91 75 81 43 57 -10 45 1 -24 -21 25 62 10 34 -40 59 -86 -55 -94 85 -49 17 54 91 -31 26 -54 91 12 -45 -66 -47 93 -63 -92 86 24 13 -13 67 -6 36 63 71 8 96 -23 -20 -11 -27 -63 64 -5 10 -49 -28 -25 -30 -24 -33 14 71 63 50 -82 32 70 79 8 -88 -84 60 -15 -65 -25 6 59 -79 -50 -21 4 63 
70 -60 7 -57 91 -10 -35 -97 22 -6 37 27 -98 -55 36 -27 -35 -7 -70 -42 -78 -64 -25 -41 4 34 88 -99 64 62 40 73 -37 43 15 33 56 -31 -94 22 -84 -92 -20 95 58 -92 4 1 -94 61 58 47 77 -19 3 -43 -26 -77 96 -8 20 98 56 93 48 41 -75 -4 -59 59 -23 -41 -63 -30 84 47 -76 8 -14 -81 47 -20 -62 44 -35 -55 55 7 18 -34 -31 -87 28 19 90 -25 72 -72 -10 -27 -51 74 -31 -93 8 40 -60 82 -3 -93 -40 -43 -7 -27 -71 -31 82 39 63 14 -80 53 66 77 79 19 -73 -70 94 -42 7 -65 -65 92 -46 -51 -31 -25 14 -37 -40 63 -16 -86 59 -71 1 75 -96 72 -96 47 -30 -60 30 -5 -56 87 -36 68 19 51 -77 82 64 -83 79 6 -31 91 -12 12 6 -2 -74 10 6 -71 5 -87 84 -86 65 71 -24 -28 46 73 38 11 -58 -71 -69 -79 90 45 78 -50 45 -44 69 -98 23 -15 39 30 4 -32 -26 -79 6 58 56 -37 -81 81 55 29 -84 13 -43 -96 83 79 -40 -55 -50 82 -97 -10 89 39 45 -18 -44 -2 77 70 44 69 -50 -22 -56 -15 99 -51 -89 -34 -93 -81 
-82 11 74 76 24 -15 16 -38 14 16 38 28 -65 -5 49 39 -27 62 53 27 21 25 98 -94 -25 -3 6 62 -33 -23 73 -91 74 -39 9 -96 77 -65 -15 7 -55 96 -99 -13 -20 57 17 -95 4 -46 7 -59 55 -23 31 -97 -2 90 -52 89 30 -3 -56 66 90 -15 -38 19 -33 -78 3 46 14 70 -49 -14 -94 86 58 77 -73 75 95 -90 12 93 4 98 60 95 73 13 49 -65 21 -15 16 -97 -22 57 -33 -39 49 -28 -25 -21 93 5 69 43 65 49 28 59 52 96 -31 42 -78 -49 -47 1 -86 -53 57 -69 -16 56 -22 27 -52 42 -39 -33 17 -60 60 28 -51 -46 -92 -86 -24 -26 11 -98 -7 -72 16 -83 64 -19 82 93 -90 -4 31 21 -37 -1 -13 -97 73 -67 46 81 43 -97 -87 -82 -18 -62 5 -18 39 -62 -9 27 75 -42 -76 -92 94 38 -2 87 16 64 -41 70 -7 62 -6 34 -60 -53 -3 12 45 8 -9 -88 -30 -8 23 92 18 86 -41 23 40 -63 -58 -98 52 -31 -70 -4 -34 52 45 38 29 90 -35 -43 39 -32 71 24 -79 -1 29 -99 -64 79 -95 -10 -14 29 -79 -29 70 76 63 -52 -43 14 -80 -77 
6 -12 -31 48 1 57 80 -33 48 5 68 16 78 16 -90 -58 -51 27 -63 43 -69 -95 -37 -81 -4 53 96 -74 72 77 23 -61 28 28 -42 -14 -47 66 64 -73 -48 -1 2 47 -27 -73 -7 -83 56 -10 18 -14 19 46 -86 72 -39 -61 -5 73 -21 -7 39 -56 36 -6 -14 -34 -93 -51 -14 58 -82 84 -35 72 -94 -71 -13 74 19 -78 -4 -19 63 -15 84 1 21 66 -10 -3 32 -11 48 -3 80 -98 37 -68 63 0 62 78 -44 -7 -72 9 -45 -50 -57 -45 -22 99 62 -47 -13 46 -68 41 77 -35 60 -6 -98 -42 9 -77 58 29 -24 -76 71 43 55 3 -9 -78 11 72 48 -21 -7 63 -82 3 -48 57 28 19 55 -47 75 -39 -4 58 -30 -15 -40 -26 -90 -83 80 77 25 98 72 7 60 57 9 -29 24 -65 15 -64 3 -98 -48 -57 70 86 -62 -6 77 41 1 16 -2 89 84 98 24 -31 -26 -43 -70 49 33 97 -88 -80 65 -24 -36 -2 99 65 -21 -1 88 -44 -91 29 -63 51 53 -11 23 -80 58 14 -87 -59 -34 -14 23 89 -31 -96 5 43 8 90 2 -10 0 79 81 47 33 -42 4 -61 -16 90 26 -91 22 -14 
24 -81 6 -30 -81 42 -48 93 -56 -35 -23 4 66 40 57 80 53 9 -92 85 10 -98 -62 -95 20 -38 50 -92 -76 -89 -20 72 -88 -77 5 -40 -7 -30 -30 -49 63 -31 27 21 -25 -84 -55 64 -68 -73 -24 -17 78 12 -95 -39 69 58 -92 -18 92 32 -95 -47 5 -58 -67 -18 33 -8 -73 -54 -13 -18 -22 -48 99 -74 70 75 32 -70 70 71 -39 -8 62 -20 31 24 68 -57 11 -56 83 -5 -29 76 47 -98 86 -1 -95 -8 67 -17 -70 -8 91 -44 78 13 -42 -95 -95 44 76 -49 -82 -59 63 -47 -43 83 -32 11 -80 28 -47 -72 -83 -91 13 52 33 69 3 -23 97 64 78 -81 -72 -27 -73 31 -27 -9 56 -40 23 21 71 29 -90 26 -70 31 -9 77 -25 56 -41 -76 -49 34 22 86 -30 66 -59 89 3 26 -46 -91 -31 52 10 -71 13 52 43 58 36 -61 -88 53 78 93 59 -36 73 -13 31 -3 48 61 25 -54 25 -17 -33 -85 -50 -17 -60 -24 -5 72 -62 73 1 26 87 -44 -44 60 57 47 73 -80 61 -28 -35 -60 -22 -26 69 12 -91 78 -97 -47 59 -13 -47 57 -87 -13 58 -40 49 -98 -42 38 46 8 -95 68 
-46 82 54 -75 50 47 -89 95 16 30 57 59 -15 49 84 33 82 78 57 79 16 87 95 79 -44 -48 98 12 -77 43 36 67 -10 -36 38 88 -11 -68 -16 1 11 1 -1 5 81 -53 -68 -24 80 -41 55 -89 35 16 -81 22 -89 28 -84 31 31 -50 50 57 64 93 58 84 88 31 -63 28 9 -78 28 16 1 -74 17 29 9 60 15 -93 68 43 19 11 -52 59 52 -59 -68 13 60 68 -11 66 -45 -49 -66 77 -63 49 32 87 92 18 60 2 -74 3 4 -55 20 -15 -5 99 -95 -37 82 39 91 -50 98 46 -9 91 -43 76 51 86 96 -65 28 94 83 55 -51 -96 89 53 -78 -61 -21 -30 -99 -39 72 -20 91 -41 38 26 99 32 50 -7 46 81 4 -21 16 -78 -76 -6 -65 27 12 47 -97 57 29 -45 15 -96 93 20 95 -57 4 -59 43 -91 54 -64 87 52 -49 -9 -90 21 14 23 -70 44 -61 44 -73 4 -87 13 -61 -39 -64 -24 -37 62 87 45 -74 4 71 -32 -30 17 16 -48 12 -91 -54 -89 -56 -77 47 56 19 77 -17 -66 -49 -55 58 97 -14 -75 -26 49 67 -56 80 57 -75 47 4 42 92 -81 -82 -17 
-91 58 90 80 55 -37 81 -77 -77 -62 6 45 -95 64 -31 42 52 -42 91 -29 43 -98 -31 -72 -95 2 43 74 -22 77 3 67 -41 58 87 -39 -33 77 1 58 92 -98 73 18 28 75 9 52 26 -38 80 -1 -51 -10 95 -4 22 94 8 -28 -57 -14 93 43 -42 90 -48 73 -55 -98 -59 -34 -74 79 27 25 -27 -14 57 -73 -57 67 -90 -15 -73 -44 50 -9 -85 -18 97 -95 -90 -35 -77 -59 -22 -31 76 -63 -65 -37 11 73 32 7 -45 98 -61 98 38 -5 -86 -95 -2 -20 60 -23 68 -23 -35 16 -43 -97 85 34 70 -81 39 69 36 -68 -39 87 -27 -57 -33 -16 60 -64 -62 77 52 -85 65 -5 9 94 -19 -6 31 9 -98 -24 -56 -6 88 -27 96 -65 39 -3 48 34 62 -4 -39 60 32 71 54 28 59 86 50 -60 67 25 48 37 0 -26 66 74 -66 -60 -5 1 14 57 72 -60 24 -16 46 18 -46 38 92 -22 76 29 32 -69 -59 -84 91 -80 -60 -22 -61 43 38 -19 10 88 12 80 92 11 39 60 -18 -51 -18 29 5 -84 99 60 62 -26 90 -23 66 -73 97 -83 18 35 42 63 15 -52 -32 -87 17 -37 -95 -2 
-67 -28 84 -18 -11 -28 49 24 16 -42 40 5 14 -73 -52 63 72 95 -75 -58 48 -74 -47 -78 -13 44 0 21 17 -63 -10 -76 -79 92 19 -14 34 81 -92 21 81 -94 -70 -91 -67 -93 67 2 82 -86 29 65 -18 96 -8 -44 -51 -43 30 61 54 -19 -73 -15 -87 -84 -11 66 -91 -52 -81 -92 49 -85 2 -28 51 -85 12 1 38 50 29 64 -71 -85 92 64 -96 -26 -35 -53 -49 -6 49 4 72 42 -46 43 -90 -34 -78 -71 -53 1 36 89 -17 14 -41 94 63 -26 26 73 -20 -59 -64 -26 -30 -90 54 87 -92 69 -90 32 -54 -62 -47 -98 -13 -2 -30 26 46 47 89 -11 52 -68 -36 -48 58 81 63 60 72 -66 79 43 -24 -23 98 -9 40 99 -65 -49 -76 -4 -98 -10 -69 -33 60 -28 1 -70 -98 23 96 -12 94 67 36 -37 65 -48 -14 -18 95 57 -70 50 -27 -74 41 -96 -33 2 43 -60 -68 -51 -86 -11 6 32 43 53 20 -26 65 -33 -34 32 -75 -59 -31 -94 17 -99 -99 31 85 65 -32 -77 -82 29 -9 -7 -82 22 -14 -14 20 -18 94 -27 -85 -48 8 -10 20 -16 3 0 95 65 -78 -92 -27 36 90 -56 12 -43 
52 -90 53 -45 -58 92 13 -41 86 -67 -87 -79 31 -16 7 -42 -24 -22 -63 79 -20 87 98 49 86 -91 -29 -70 10 66 -12 50 7 -91 80 88 32 29 99 -74 67 -77 -33 -23 -71 -47 88 -70 -25 10 -31 -41 -53 39 -67 0 36 85 45 -16 -56 -95 5 5 92 40 -58 -35 -49 97 0 -37 -25 -86 4 55 -84 -67 -92 -10 6 52 -19 57 34 97 -94 91 24 -21 72 -65 -6 -79 -34 9 -85 50 26 -82 68 -46 -88 41 68 27 93 52 65 2 -8 -11 16 -99 88 5 53 -2 -24 88 -84 26 43 -90 73 11 23 -24 -41 -82 -96 73 36 83 13 -77 86 15 13 -5 64 -64 -20 43 -39 -20 -19 92 -40 -91 8 -45 -76 -41 -6 99 -25 31 -93 19 -76 -85 -13 -42 47 -1 63 37 -86 -8 -10 38 77 72 -42 60 -52 -55 -5 77 53 24 -82 -84 -63 72 -60 -40 -98 68 55 -21 52 -56 3 -44 -88 -22 -2 74 -19 98 -38 -64 81 -86 -8 -52 -42 78 -18 42 -17 -31 -69 -75 -74 25 -59 6 72 -95 -41 -41 2 68 59 -17 -19 -6 -67 -80 -71 -91 45 34 66 -79 -9 71 54 93 -97 -65 75 -70 -14 -66 72 34 
-27 -49 48 -51 18 58 39 -15 39 17 87 46 -37 -13 -51 88 71 77 -31 -78 46 -4 -21 -1 99 -37 68 -76 -65 22 -27 -49 -79 -31 6 43 11 -27 46 -53 7 -35 -54 -33 -38 -45 39 3 -84 71 4 -30 -41 14 84 99 -41 -2 -86 -71 7 -3 33 53 50 98 66 -76 96 -7 51 -90 7 -68 -54 -50 52 -36 15 45 -34 85 -67 81 44 -50 73 -7 47 -22 -23 -47 -53 64 72 -19 5 -95 31 87 -54 6 -40 51 62 -53 23 83 -70 15 35 -31 57 -17 -72 38 62 85 56 -22 -23 -38 98 -33 8 24 -9 71 -56 -50 -88 64 -56 -39 -43 50 -93 -27 -4 -47 8 -92 71 25 -65 -42 -24 -18 87 -97 91 -89 73 77 -63 -30 26 -61 -34 -43 -66 -6 68 76 -82 69 40 80 -77 -33 25 -27 -55 -98 -91 -36 -75 -66 8 16 -29 -54 -82 13 -27 46 92 -9 82 68 55 -34 92 -11 4 -91 76 5 88 -56 68 15 -48 -15 43 -79 9 24 -66 -39 -31 -56 -56 19 -49 2 26 52 -88 -44 -32 65 62 55 -87 -47 36 -88 75 -93 55 70 -49 -1 29 64 -81 84 50 80 42 88 15 -8 -48 -77 85 23 26 10 
-44 82 56 -18 1 -55 2 96 -37 63 -52 -95 44 -79 -43 65 -76 44 -34 -93 53 32 -16 -40 48 -45 49 -77 -34 52 84 93 63 -44 98 -69 35 -82 -53 -37 -8 -98 -27 62 36 -79 -20 18 49 -11 26 99 -14 12 65 13 -15 -80 -58 11 -23 26 86 -57 19 -13 -43 19 -63 84 -21 -44 77 -3 75 -29 25 52 34 -70 -39 -75 53 -31 94 -23 -90 19 20 71 40 44 -79 44 -35 -76 87 17 76 -48 92 -14 44 -59 53 16 94 16 17 65 -92 63 95 41 45 -50 -27 -83 50 -59 91 22 74 71 8 -29 32 68 11 51 78 97 -97 -6 -3 47 33 51 -21 -85 31 3 -99 16 38 -42 -85 75 25 -17 0 -61 -48 -52 -50 -57 -69 -36 -19 67 12 -13 97 -49 43 38 75 0 75 -40 -75 -23 -35 72 -37 -23 -84 -79 86 -95 -64 21 -80 -31 -31 -13 20 -99 -5 -55 79 10 -7 20 46 -62 72 81 27 -80 -15 95 42 -86 62 -24 87 65 4 73 95 -4 68 -91 77 -83 50 39 81 -84 -19 60 -20 -85 -65 43 -46 14 -38 -85 -85 -76 45 -94 84 -42 -87 -90 45 -70 -78 -11 -74 -99 -67 17 61 62 55 -31 
-21 90 20 28 42 60 95 43 22 -6 -42 24 42 -10 86 -65 51 -55 50 -31 56 16 -98 2 -61 34 50 15 98 -49 52 66 2 -12 53 -14 10 -11 81 -98 -28 25 55 -8 -33 93 83 24 -10 -97 92 -56 -82 97 57 9 -59 8 -43 -69 66 -13 -11 -11 20 36 34 -93 68 -26 -21 -68 32 -17 63 -36 -50 72 91 42 -75 -78 -3 52 73 10 -87 5 -80 93 63 26 -48 -92 26 85 81 56 64 56 -15 14 -49 -59 12 72 66 -87 -28 25 -88 87 -6 -45 71 9 -55 -80 -63 12 40 94 62 -12 -10 43 -61 69 12 66 -79 -68 -29 -25 -93 33 -97 26 32 42 -78 -84 87 21 47 86 33 26 3 -13 -53 81 49 9 62 69 60 -14 -22 -49 20 -53 -70 57 -47 47 -97 8 69 -25 -63 -81 68 34 47 67 -86 -6 15 74 -41 -29 -95 27 3 31 -22 81 22 -6 9 99 90 41 -38 -13 -34 -46 -59 -39 60 -24 -95 69 62 -64 -38 -55 4 -48 -40 89 42 22 -82 -41 -61 83 -58 -65 46 -16 44 -82 -79 22 -33 39 94 -55 -98 -50 -64 -48 -60 -81 -3 35 -52 68 -30 31 90 38 56 -43 -27 -49 5 86 
27 36 84 -61 -28 33 -10 23 40 24 0 68 10 -6 67 84 57 54 79 -53 2 82 -86 29 -24 -88 -78 -79 3 -30 -69 20 -75 18 66 -33 -38 -93 -47 42 25 51 -9 32 -92 12 5 -44 84 90 -37 11 -68 -5 46 9 64 -64 68 -14 88 -53 -44 -70 0 11 -99 -24 63 92 45 -60 -92 58 21 75 -23 -53 15 73 -70 6 -54 98 94 41 93 94 15 -40 -26 -43 -82 -91 -32 -77 36 -24 76 67 69 -93 16 -96 21 13 89 97 17 -92 71 74 45 -58 38 -57 -12 20 28 -59 -30 1 92 97 61 44 -34 32 -43 -33 -73 6 -13 -35 -75 -15 44 -90 -90 64 36 -35 -3 -73 97 0 -35 73 -7 -41 -2 61 11 35 61 4 -29 -93 61 26 -32 68 -35 84 -97 -26 -53 31 70 -92 -27 -66 -74 84 -73 59 96 -85 96 -53 34 48 0 -30 -94 -65 -39 65 39 -59 -54 62 -46 60 -50 -8 -20 6 98 -47 68 -73 81 -7 51 -4 -92 97 2 -20 -87 85 -15 -26 -56 39 96 69 -17 69 -56 26 22 33 11 21 21 15 -1 94 -20 -78 90 -15 86 -5 -5 -11 -34 -70 -85 -14 -56 5 60 -17 -84 -92 -94 -95 
-97 -69 -98 0 -61 -44 50 -14 29 -99 14 37 34 -94 -3 -72 -51 -48 83 52 41 -27 84 -47 94 -49 91 -44 -18 -59 -63 66 69 94 79 -2 -74 47 -9 92 -63 59 -37 58 17 -64 -70 -36 -54 73 -11 1 -18 -27 -95 63 52 -35 -80 -2 58 98 69 -55 16 -66 -75 50 55 50 -31 -97 19 30 -7 -53 -1 37 -88 -2 -71 97 -71 -52 88 72 52 63 -52 85 66 -21 -99 -58 65 91 -81 18 -40 -49 -18 -28 -2 9 65 81 64 53 94 34 -92 95 64 -41 -64 33 -31 74 11 -75 27 10 66 -69 -86 -45 30 22 66 -20 55 -77 4 -53 37 -32 -25 79 -47 90 64 76 96 20 32 -13 50 28 -54 -86 15 52 47 36 -3 -86 14 88 83 80 -72 -19 -38 83 -65 41 -8 97 30 15 -91 0 -87 -21 -63 -37 90 -91 -4 -1 -13 -12 41 -55 9 -11 85 18 33 20 21 -94 -50 -22 -27 -86 -36 49 -88 -57 -45 80 -69 -45 28 83 -33 78 -57 -89 -91 -92 -28 19 -53 63 -36 20 -96 97 44 -42 -12 32 -39 58 -68 -76 62 28 61 81 53 58 -35 -45 -25 -3 -64 83 72 -20 -66 79 93 -2 1 -35 71 82 
-33 -99 -96 38 74 -40 32 -98 22 -80 -22 28 50 -81 -54 65 -34 29 95 53 -60 -76 -60 93 33 0 59 -26 88 -96 -62 52 73 -62 -90 61 48 -51 17 54 -20 -63 40 -34 -33 88 26 9 38 -28 -19 -83 -47 41 -11 28 -89 -80 20 -8 34 -38 84 -60 -36 -51 75 89 24 -45 -56 -76 17 -95 88 -49 -21 54 71 65 94 -63 0 -19 32 40 -27 90 -47 -16 -29 29 -52 -82 9 81 -73 -96 -7 -22 63 97 91 -22 -44 -83 11 90 65 43 -31 67 -3 -93 -32 33 -92 -45 -43 46 89 34 89 -10 15 45 -77 10 62 67 -33 48 -96 -75 -17 84 33 -37 73 22 -45 43 -13 -19 -47 95 11 -7 -8 -20 -79 -7 -69 -59 64 -26 -98 -86 82 -78 84 68 -52 -49 31 79 -16 36 -98 -5 53 -26 49 72 -27 -35 47 79 36 -26 -87 74 -43 -43 98 -64 97 -56 -49 -10 57 8 -15 28 -3 -71 11 -32 -88 25 -47 -6 -91 43 35 -23 17 42 46 63 -71 18 -95 -41 66 91 -38 15 35 -74 56 34 64 -77 -98 35 25 -42 20 93 25 -97 -2 -31 43 -82 -57 -98 59 98 -74 14 21 -34 86 50 34 16 -99 -63 
-96 -60 -82 -28 29 -83 -16 70 -15 -59 -85 -79 -36 52 -79 27 -28 84 13 15 16 -51 -56 61 90 -16 52 -71 89 76 41 22 -25 4 53 22 60 -32 -70 11 -56 -89 29 76 79 51 88 -98 -9 -41 -30 -11 -82 -64 36 30 -40 37 10 67 -93 -51 -11 85 34 -68 56 34 -89 -82 -86 -35 81 -37 45 -50 35 72 -52 90 -93 83 79 -16 40 -1 17 43 -37 -48 -83 -95 5 -95 -35 40 -22 63 0 86 -23 70 -9 0 88 -79 57 93 10 -45 22 54 39 -69 -44 -6 38 -59 -84 -82 -48 83 69 -91 85 77 -70 -39 82 4 40 -48 -93 -8 94 82 -28 72 -95 89 -42 -6 -86 82 88 -93 -41 41 13 26 -96 32 -50 -17 -83 -26 26 65 -72 17 71 22 73 -31 -79 46 -27 73 -21 -35 -27 -52 81 86 -26 26 -1 73 -8 -89 -24 -20 -31 62 -34 -68 -20 92 86 -6 15 10 -89 44 -54 34 23 56 -18 62 8 -54 -8 -26 29 -77 97 99 -38 92 -91 -52 -78 60 -26 -84 -15 5 0 85 36 -15 -6 33 -52 -1 47 12 -3 -88 -39 -31 66 89 41 -96 93 -12 59 12 14 -46 37 -70 88 51 -68 55 -95 -56 
-76 -64 24 21 10 79 43 5 46 58 68 92 28 75 9 64 -59 -97 13 32 -88 -96 -95 -24 54 -72 -42 68 -3 48 -64 13 -83 -10 47 -49 90 -32 -31 48 28 26 44 80 -89 93 2 70 -5 -35 -26 -66 54 10 94 9 -85 44 62 20 75 84 2 -54 18 90 -54 -50 -58 14 -58 40 -48 -3 -87 15 20 -38 -8 -97 50 45 -59 97 -32 60 91 -38 54 74 -89 14 12 -81 -60 -65 -50 40 -58 55 81 33 93 88 -74 85 37 35 -24 -16 -28 19 -99 -3 56 62 8 81 -17 -58 -16 -21 56 19 70 69 -38 35 -21 72 32 36 -93 64 -67 99 69 95 -37 -59 -54 24 -22 -59 -48 -31 -90 -42 78 -3 -99 -15 -35 14 -32 65 -11 81 -3 31 -82 51 65 -78 92 -23 15 40 -85 -66 80 -7 -90 -88 -39 48 -41 -65 70 -85 -37 25 23 -12 3 -5 -42 -20 -78 0 84 37 57 0 64 -62 65 6 75 -60 6 -5 -41 50 60 -31 -17 55 -51 -28 -48 -12 -11 78 -25 -85 -19 -96 53 51 98 26 44 96 -32 -25 -98 -93 56 79 -39 -44 36 -21 13 -99 66 -51 -46 -65 -33 -20 80 97 99 36 26 51 -5 83 
-75 34 31 -3 73 -19 -99 -10 -42 -22 -85 88 97 44 -94 72 38 59 -51 -99 -40 -75 -62 -42 95 26 46 -64 25 -46 23 -94 -44 -60 -23 -93 -51 58 50 94 -70 -33 99 19 25 -44 64 30 8 -93 1 -99 2 -76 61 -68 84 85 -71 45 -65 -98 -14 37 43 47 -62 -17 -39 -40 93 -38 92 15 83 24 60 34 -26 -31 -58 17 -67 56 -74 26 -46 26 -91 -84 -73 62 94 -28 -48 -24 64 28 -4 12 45 45 -83 -38 32 60 18 -54 -33 -43 -26 31 -94 -39 64 -95 -42 58 -26 58 80 -48 -35 48 91 39 67 -19 72 -49 45 -55 -16 4 -48 97 -84 -95 -65 -74 -45 -6 86 60 8 -94 65 76 -32 -28 95 -56 21 -39 -88 24 -40 -27 -41 75 -31 -51 -74 95 -63 -14 -19 61 87 10 8 2 -53 -52 74 57 9 78 -53 -99 -59 -82 -30 -40 65 -30 -82 42 -25 -30 64 -24 -33 -54 -43 6 -22 6 -73 47 8 -96 29 -93 -90 -54 -82 56 -88 -28 69 64 38 -27 -4 -54 -5 4 78 50 -69 25 -32 96 59 -67 -63 47 91 73 -6 9 46 -92 -68 3 57 -19 -60 -82 94 -59 -64 -42 2 -54 50 38 -29 -52 
-32 24 61 -5 -66 13 16 95 10 87 43 -72 65 64 -48 4 -4 15 -16 -26 -56 65 55 67 -71 -73 -47 -27 22 0 -3 -49 -93 37 -82 -68 -29 -69 57 -52 -66 21 44 -97 38 24 -79 -92 -16 95 60 -91 -56 86 0 -36 48 17 -74 -13 14 -40 61 25 93 56 -39 -49 34 18 -23 65 -58 -90 17 -70 -47 -3 61 -5 -1 29 -28 31 -30 -2 47 -94 -32 -33 65 -82 -59 73 -75 42 75 -51 97 -37 -42 71 -48 89 -49 -27 -3 68 -3 -11 60 -97 93 -40 -19 -82 -71 -91 30 96 -91 -53 -35 20 -72 -7 -1 -59 74 70 16 -59 -76 50 -62 55 90 -71 -66 -92 -95 32 -17 0 -1 -4 -1 71 -59 -38 26 68 37 90 60 16 50 -67 -59 52 -5 -53 -85 -13 -11 -55 -66 -73 -36 -76 18 32 21 -78 -56 -84 -9 75 47 -6 -63 -8 -40 85 -65 22 -96 -44 -8 70 51 38 22 -5 38 67 93 -96 54 -71 -9 66 27 88 -28 18 32 76 91 30 -72 -86 -4 -1 -1 6 -7 -65 90 15 51 -53 -55 87 -52 -4 -55 8 -12 -91 57 -46 5 27 43 -79 -74 40 -13 -29 -63 -78 86 56 -58 -54 -40 82 -51 46 
61 -95 72 -71 14 -78 -84 93 -96 33 -97 -98 16 86 -84 43 0 34 -65 -60 -10 -51 39 42 17 -23 -56 21 36 -34 -46 72 39 -8 43 -51 33 -78 -56 60 31 29 -54 55 -20 8 -85 -91 7 -4 -72 -39 4 23 60 46 57 -41 -82 -88 70 -32 37 90 24 -22 -98 99 86 66 -67 95 89 -58 41 37 -20 -73 3 -85 21 -29 -87 -19 -96 72 70 -52 -73 14 -74 1 13 -69 -91 -58 60 -42 60 39 37 62 -71 -99 19 -82 55 78 -42 50 -4 -81 -88 52 -23 36 -58 99 90 -72 54 -47 -93 -33 64 -42 88 27 -25 -45 13 51 63 -54 55 65 6 29 -65 37 34 46 -13 69 59 -4 -46 60 87 -94 -51 -74 -82 -20 83 49 -66 81 -22 47 -29 -10 -66 52 54 15 -18 15 83 -54 -93 3 44 -86 85 -52 26 18 -43 16 16 21 89 -86 -30 93 18 -80 -87 -1 55 61 -33 -54 -59 51 -55 33 -74 66 62 -2 8 93 2 -20 -59 29 82 -65 42 -39 -12 -94 -98 90 -85 91 24 -58 5 2 14 93 -76 -99 31 -44 -83 88 48 -99 68 -85 24 -78 32 32 20 -49 16 -46 -51 50 40 79 -13 84 99 98 
91 45 -75 -24 25 64 -16 61 17 -98 -5 68 -75 27 -63 -49 -48 -68 -94 -9 -66 -18 58 16 92 0 54 61 26 20 -85 -30 -43 -12 -34 72 72 54 69 -34 -14 -15 53 56 7 -14 84 27 -66 -72 -91 -97 39 16 -46 54 37 24 -38 -35 -88 -80 67 88 35 88 3 -30 85 40 79 13 -92 1 10 -72 -37 -55 -28 -9 -75 -55 -31 12 -30 48 24 1 -43 29 68 -35 17 -37 41 33 -44 29 88 9 6 97 27 -2 29 -28 30 24 5 -97 -26 21 26 45 -70 91 -88 -35 -94 -18 38 87 -5 99 -74 98 35 -85 92 -11 -12 -71 57 -71 -28 -21 13 -49 56 15 22 83 -22 -45 -49 57 13 43 -12 84 -53 -15 16 32 9 -61 -31 -34 90 36 29 -92 -86 61 -63 -2 -51 9 -70 18 77 -33 -15 -55 48 30 93 35 18 96 -59 20 8 -4 -97 -8 88 -89 89 -98 -37 98 -32 90 -79 68 -40 67 -22 4 -1 85 -4 6 -55 39 31 -55 -10 63 61 80 56 12 -5 -5 -11 -73 -75 -27 -88 6 -12 -69 -14 68 -21 -57 -83 60 54 -57 52 92 -41 -9 -38 12 -49 -74 -7 -77 31 83 98 -65 -6 25 45 88 
-77 -49 68 9 77 25 -27 68 -95 -62 -52 -5 84 65 0 -60 28 -26 -21 8 10 -69 -68 21 -64 -75 -20 19 -63 58 55 -37 -69 -73 7 0 -7 3 32 -50 -41 -96 1 -79 25 10 -35 92 -92 70 -52 65 -75 -23 -84 -67 90 -49 22 -69 -66 -70 16 61 -22 -86 -11 99 6 14 80 -67 47 85 -25 -84 9 75 -52 -20 83 -74 -32 -13 -10 81 -66 56 60 41 95 93 9 70 -65 -74 7 -78 -48 -74 -32 -61 -88 -2 58 58 43 -47 -50 88 98 55 19 -88 19 70 80 -13 -78 24 52 65 15 -36 95 -94 32 -7 -64 87 47 -78 -25 52 66 25 54 59 62 -98 5 10 -23 74 -40 0 26 40 48 -32 -43 28 -77 -40 -58 25 -89 -8 8 -2 1 -51 -26 30 -30 25 -36 -79 82 55 -35 -6 45 -75 87 15 59 90 -75 -12 -72 25 -66 24 -94 -77 -19 -77 -51 -53 -24 36 -55 32 -93 21 10 -75 37 -45 -35 76 30 90 -77 48 18 -44 54 -59 -69 -36 62 25 89 -4 13 15 53 65 -52 -15 -7 98 93 -2 -31 27 62 81 -69 92 -28 -55 -49 -51 -69 -72 99 70 -75 -89 7 -17 43 -39 -56 -42 39 -42 
24 93 -40 48 -2 7 -49 -32 -38 10 6 -47 -97 -3 85 -49 98 87 14 -98 -60 93 31 19 -5 -46 40 -44 91 -47 -44 5 -30 -60 -49 76 -60 11 66 -7 -34 -37 -30 59 21 24 -67 41 -76 -10 -42 -91 97 -10 -20 -52 80 17 70 -70 10 51 -89 2 -18 33 -69 3 48 -76 36 -79 8 -29 57 -79 -97 28 54 31 89 32 -69 14 -59 21 88 -24 -2 -60 -72 63 -79 89 -30 -72 95 -99 24 94 30 53 34 -8 -6 84 86 47 -24 91 -30 -72 -63 88 -55 80 51 8 -77 42 24 -12 53 1 -9 64 -24 20 -42 30 66 8 -59 -63 80 47 41 -85 55 -52 80 -75 -88 0 21 -71 -75 97 87 -62 91 -48 -16 53 1 -16 67 -67 81 -84 31 5 -63 67 -86 -59 43 -82 81 37 72 62 3 69 90 50 -89 16 -90 52 -8 91 50 -32 -19 -74 -31 46 10 20 -44 -23 55 -95 -35 -77 94 63 -33 -30 -75 -10 28 89 8 94 -37 -60 -83 -86 -84 62 -19 -87 -30 20 -67 90 70 86 90 9 -22 -33 50 -28 -11 22 -92 -73 9 27 -9 3 -12 59 -23 0 -34 -7 -34 77 71 -96 -47 -58 -5 -35 -34 -6 
60 -66 -73 -53 41 -27 47 79 -37 75 -8 -12 -91 -86 -81 7 68 63 -70 81 -85 -68 -4 -6 87 86 19 13 -79 -79 -43 -20 11 76 -51 -90 82 80 22 -8 83 -79 62 -71 -20 45 -47 -40 27 56 -94 -72 -63 -62 -43 -21 -83 -87 -32 58 53 -61 -9 87 -29 -1 -1 3 -46 -28 -99 -91 -70 -73 48 61 -14 36 20 -84 69 -11 85 92 -60 57 78 -25 -41 14 69 -28 77 62 -32 -14 -31 -80 -67 27 83 -77 -49 -80 55 -76 92 61 68 -39 -74 -44 -18 74 -68 92 75 -1 3 -44 61 -45 69 -56 56 65 -67 39 78 -20 17 80 -50 73 -78 80 65 5 82 33 13 92 23 -6 -73 53 -16 72 -57 67 -81 -7 -84 24 63 -74 -32 51 12 -27 85 -12 0 22 72 91 -92 -57 6 -73 49 -88 56 -35 75 37 -19 -2 -5 5 -13 -39 25 -84 -74 43 -42 31 -98 51 -60 10 -42 77 -26 -60 -48 42 -52 18 -94 -28 40 -10 6 41 -75 -77 65 42 -68 -38 31 -91 4 54 74 94 -64 6 -8 93 67 2 -27 -84 43 18 69 -14 -37 -18 -95 -43 -19 62 57 47 -38 -16 16 -85 -28 -25 -55 -63 -54 30 -73 -11 
-68 22 21 -63 22 30 -12 95 -7 -62 17 44 82 -58 -79 -45 -58 80 45 -94 54 -18 -86 -58 -94 -28 -89 63 -45 96 89 68 86 -51 80 64 -86 4 39 74 -47 9 98 70 52 -39 -81 41 -60 -36 -14 -1 82 41 15 -23 69 -24 22 -25 -50 -64 18 3 -42 -50 -89 27 -73 63 10 -28 66 -31 0 -89 -38 6 -89 82 69 -76 -56 -24 6 -16 95 71 -54 -25 86 81 -8 -8 12 -75 -85 19 97 36 -70 -24 95 -99 87 -80 -83 77 -85 66 18 8 -27 -65 91 -56 -68 57 -28 71 -37 52 24 -8 -41 -61 -49 95 -62 -85 4 31 65 72 4 39 51 -8 24 75 -42 99 77 14 -95 2 50 9 -23 -57 40 18 -39 50 -1 44 69 12 92 -25 20 21 -26 82 -40 -85 85 94 72 -55 -55 -61 20 21 -31 87 64 -41 20 71 -61 -53 12 82 -7 -21 23 37 26 -56 -57 13 35 85 -4 -77 -84 22 76 -97 -59 -35 78 34 -92 44 22 79 -68 -66 -21 29 -40 71 -92 99 57 -61 86 -34 74 28 -16 61 68 19 -28 79 51 -51 -46 94 -3 73 6 -12 39 79 10 -95 -3 86 85 40 -68 19 -70 -35 -98 -2 
92 90 -60 55 -54 32 18 28 51 8 25 74 73 -35 -9 48 -47 22 -85 62 82 -61 33 -63 77 59 20 -82 57 -96 79 -17 56 -69 -40 -22 -62 31 -72 15 93 -36 -18 9 -26 69 21 -33 -77 88 43 -38 -93 21 88 35 -62 -28 7 -76 -81 5 29 85 38 69 86 -88 46 -36 -80 45 3 61 73 -74 38 94 -5 -66 -98 -64 82 -25 58 -80 -41 27 93 57 -48 25 -83 17 -67 -7 13 20 15 68 72 -71 -70 77 66 -54 65 92 -41 -11 -97 17 -81 -27 -97 59 28 65 -79 -11 21 58 -6 40 38 -46 -81 -48 -67 88 -79 85 -5 21 38 36 14 -10 69 7 -54 95 76 47 -83 -58 -84 -64 -48 -48 -8 -42 41 -20 83 77 -21 24 -72 43 62 47 -9 -32 -93 -3 73 -61 -43 -36 78 -71 -15 88 -68 17 82 41 -47 -42 -56 65 -57 66 52 89 -79 14 -51 99 44 -28 48 -4 28 14 77 78 75 35 -84 99 94 14 -91 37 94 15 -82 -62 52 35 31 93 16 11 2 -83 -54 -47 70 -21 -31 -57 -87 30 -89 84 91 15 94 2 27 -41 1 -19 62 6 -65 -42 -30 -42 -67 -20 21 -84 5 50 79 55 
82 26 -22 -73 14 -79 -9 41 -68 69 45 17 -4 11 71 31 93 -23 35 55 39 61 30 89 60 -39 32 8 -19 71 56 92 -1 63 18 -66 -32 -98 67 50 61 -44 -53 -40 -9 -68 76 -62 13 45 -1 -24 -64 -99 3 -13 46 -86 -37 -89 25 58 -52 80 -91 -10 52 -11 -31 42 -98 -61 -50 90 -82 -20 -32 -70 -86 26 78 59 -96 -47 -31 13 41 -37 -20 0 -43 90 -98 -43 -48 -69 -27 91 -16 8 98 -5 -33 -78 -5 -81 -10 -56 -37 -3 -32 -92 -41 -81 75 -97 -40 35 73 -71 -37 -53 4 -56 -15 74 -92 20 -37 18 31 39 -82 -90 -82 -62 5 48 45 45 22 26 5 57 -4 -43 -43 0 9 -36 -58 -10 -21 41 72 -67 62 -49 -97 -12 -4 48 -8 56 -66 99 51 -73 -66 -87 7 -57 9 65 34 76 17 65 -34 -46 97 24 2 -85 88 1 -21 45 1 17 5 0 71 -42 -24 97 67 35 -21 87 -50 -86 -19 -43 60 0 -22 -35 -76 34 -96 -1 84 4 -80 68 -36 40 -84 -1 79 4 -75 21 -68 81 -62 -70 -16 89 92 82 -35 75 -84 70 -69 -62 5 -17 -99 81 15 -99 41 -11 -55 -56 -42 0 
56 -92 -11 -63 -46 10 -68 -12 78 -84 -40 -74 92 36 38 58 -58 -6 -17 19 -70 -77 74 -79 -77 86 52 27 99 -36 36 -49 86 15 36 68 -36 -79 -92 71 46 81 87 -25 62 3 41 13 35 36 59 80 12 -97 -78 95 98 -88 14 -74 -9 81 43 -70 -61 92 1 16 -63 39 39 -43 -66 47 71 92 -4 32 -76 -12 81 -99 -47 -14 91 -95 -5 45 -75 -69 -29 -8 -64 -90 -31 62 55 -24 80 27 35 -88 53 97 79 -36 90 -35 1 -30 -82 -5 82 -48 -70 28 -80 -92 -73 39 94 24 -90 -41 97 -74 -51 45 61 28 84 42 -67 -53 -45 -90 67 -89 7 -90 -37 -75 -5 8 17 86 7 -67 -40 -50 94 -26 17 68 33 57 84 3 -69 -69 23 -56 97 97 85 16 30 39 62 31 -37 -64 81 -67 -53 28 44 -71 75 -84 -10 4 92 -25 12 -61 85 81 19 76 -57 -64 57 -57 -44 -71 58 -12 -25 93 8 -72 -23 -47 -1 95 -27 -44 35 32 42 93 -33 -31 -78 67 -87 -96 -39 -16 69 76 -40 41 -8 44 -96 -35 -69 58 -98 -23 91 1 -50 95 -58 -26 84 50 -94 -55 -40 -56 90 -64 -1 33 -4 -39 
31 17 47 -2 98 -10 97 63 65 -4 27 20 -3 -44 81 -84 -10 -68 -88 60 -25 3 19 -53 93 -95 10 -69 -46 -44 -13 -28 -52 62 78 95 -41 -48 -38 -59 -86 -22 -16 -70 -71 -9 -76 61 23 -12 -44 -92 -50 0 -82 -89 -81 44 17 -93 26 10 54 59 -26 27 68 22 85 61 17 84 -69 93 -48 35 46 74 79 28 -15 -45 -29 67 58 -78 -11 41 -74 63 -80 78 3 70 16 -58 -15 52 -31 91 34 -51 -62 -39 12 22 -7 -82 41 -39 53 -1 26 20 96 -50 97 -53 -1 -62 83 21 -31 -8 85 -97 -67 -64 -63 -96 -93 81 40 72 -84 34 -66 73 82 -45 87 97 -68 18 -94 -67 -82 31 -58 16 94 -5 40 -60 -6 -80 16 39 -87 18 -70 -87 -5 30 87 -79 -13 31 -51 -17 39 49 35 33 -91 -69 -1 -63 68 49 81 -35 -64 -62 -12 -60 -59 65 88 -92 40 28 -55 -28 52 -25 -98 -55 97 -59 -76 -16 -2 -30 -51 -60 -37 -94 -41 40 25 2 14 -8 23 85 -64 35 65 26 70 94 -82 -65 -92 3 14 -55 -43 90 43 81 72 75 4 -54 -29 -46 -18 -22 51 -54 -21 87 -12 -75 45 87 -34 -64 
0 -67 80 21 -78 -95 89 90 -7 -98 72 0 -4 -34 -49 78 14 -62 -74 -89 -98 -90 19 -80 98 95 60 20 -73 -76 45 -19 28 40 -21 65 75 -37 42 16 16 -67 12 78 43 37 65 -16 -99 33 46 5 34 60 89 -76 66 -53 -28 31 -88 33 -50 8 76 68 -24 39 -82 2 -70 -79 86 -8 -44 26 -86 2 -67 7 -88 -85 47 -73 7 -83 -37 80 -57 -41 3 7 88 53 68 80 49 0 -44 -19 31 -27 -72 -89 55 26 25 -93 54 28 80 -73 76 -1 55 63 24 -37 22 77 -96 -90 -80 24 -76 -49 5 -41 -99 -53 -48 26 41 89 -44 52 86 -21 23 78 -47 12 -16 19 -63 26 -57 33 -61 -54 63 97 33 42 95 56 -5 87 39 33 26 81 -57 72 25 -35 84 -22 55 -76 32 -4 13 -18 -69 -78 80 -64 -6 12 46 -60 91 -48 -69 -75 52 -27 -4 19 -67 -12 4 -26 54 -21 34 -62 -7 80 17 62 13 11 15 24 88 34 6 -72 -92 10 24 16 61 14 -93 -8 -75 6 -69 -32 -76 6 -78 -76 21 -97 -30 -56 -92 46 -60 58 71 -31 -14 91 -32 -15 -73 66 58 -70 -72 -23 5 22 -81 7 
57 83 -83 16 -1 31 -16 90 61 93 -91 -85 66 61 -99 38 60 80 -65 65 -38 -32 33 76 -30 -29 -9 15 33 73 37 59 77 95 48 -91 -45 35 -97 34 3 -33 41 -22 53 73 95 60 45 -85 -89 -47 74 1 95 15 -89 95 -39 -74 4 96 -90 -29 22 93 2 53 -64 20 -28 -95 87 -34 5 57 66 -11 94 -92 -30 -60 -53 -37 -11 5 -69 64 -41 29 31 28 52 50 -37 -41 -58 28 31 -80 -34 18 -69 -81 33 96 82 -62 47 84 -20 96 -74 52 54 28 0 -77 2 71 78 57 40 -92 -70 -80 73 -32 -33 -57 38 41 -55 24 31 88 -90 60 2 -65 -48 -76 18 3 80 -21 88 12 -49 -70 -51 13 38 97 -61 9 61 -79 91 5 38 44 -99 12 55 59 -28 -47 -74 54 -61 25 80 -94 -17 -2 16 73 -48 -90 29 97 -74 -7 -42 28 -8 -26 -43 31 50 10 44 35 11 90 -42 43 94 48 -26 -93 -89 -82 -52 55 97 -13 60 -14 58 -91 99 -7 -66 -86 -31 23 42 -25 -65 -8 28 -85 -47 -86 -61 -69 -75 57 -11 -91 23 -62 51 -88 -55 29 -39 65 20 -4 71 -73 -25 78 -50 3 79 86 
-23 -87 -72 42 -53 48 10 42 -30 47 -92 -55 91 -72 58 -32 73 -26 -56 -21 -47 -73 -19 -53 -38 -55 82 -87 -1 23 -21 52 -68 15 79 44 44 -64 75 75 -99 19 6 -86 -51 94 73 -24 -68 -2 30 15 34 61 -24 -89 16 -60 -10 -51 20 60 -29 -18 87 41 16 93 68 -36 19 -98 36 88 62 -2 86 -69 77 40 98 -59 -33 17 8 87 -86 -80 32 -50 -49 71 -5 -1 33 -34 -63 13 -28 -84 81 -83 -9 -31 -65 24 0 -4 13 17 -44 65 90 87 62 22 -72 -47 -15 38 -79 76 24 59 -48 -15 -40 -8 85 15 63 -70 -12 -94 88 20 61 -9 86 -65 77 65 8 -79 66 54 -92 -34 -47 67 60 24 -29 84 85 -12 -34 96 90 9 -16 -75 -47 -82 9 39 -46 96 -5 87 -62 -62 -52 -83 -53 37 -97 -82 34 9 95 38 21 67 -80 66 91 28 -41 4 -23 63 -70 -49 -88 -42 78 88 -92 2 28 -64 -86 -44 -70 72 96 73 -81 -49 56 81 -57 -66 94 50 -52 -23 73 46 95 -91 49 29 -68 99 -37 -42 -95 20 84 98 -34 22 -79 -27 -84 -34 60 -80 80 90 1 69 -72 16 -80 86 81 -32 
-56 72 -77 73 18 76 -86 37 -64 -78 -88 -5 -36 -16 57 -36 -55 63 -27 25 -12 27 -67 0 39 91 66 -52 84 -16 63 -78 94 -36 97 25 -62 6 -91 92 -56 13 36 39 -29 -53 0 39 49 2 82 73 -91 77 65 8 89 -39 81 -14 -81 -18 76 -88 63 9 -9 17 -57 -21 64 -8 -90 29 -6 -26 77 -27 0 -12 -22 -75 71 63 62 45 -83 37 80 53 13 -87 -32 -51 -47 -54 0 -76 -48 -32 -17 -80 -26 -10 -96 59 -54 14 0 -55 -86 15 -46 -72 12 -54 36 72 -97 73 23 43 78 45 54 45 -95 25 0 -78 -23 57 -50 -17 76 2 -58 -43 98 -26 -65 -93 -25 -80 80 6 24 -71 31 -75 83 98 5 95 7 -41 -51 -68 -14 -55 38 45 -26 -4 17 83 -78 -57 -82 5 38 -73 -41 -68 -72 29 -63 49 69 -44 57 -65 35 23 -5 8 -92 92 31 30 -99 -99 -96 30 29 86 -99 35 -92 54 -60 -19 -70 -57 91 55 32 3 51 -24 93 94 73 -70 -24 22 -29 74 69 83 97 -77 -3 -53 60 -90 77 -35 66 -56 77 -93 -72 -40 53 90 -99 -55 -73 26 96 -66 85 78 -18 96 -27 61 -6 83 
92 28 -46 89 68 -65 56 -51 29 61 55 -51 53 0 13 -23 -4 97 33 93 93 16 91 34 -55 -33 34 -78 3 -92 3 -82 90 -46 19 -92 87 -21 49 37 43 -1 93 -52 -96 98 74 98 -70 22 -52 90 -5 -50 66 17 22 -47 23 52 25 -11 -52 91 -45 -50 -74 -19 -59 -12 9 -36 57 3 79 3 -59 -40 68 -46 68 52 -85 23 8 69 66 50 -24 21 93 98 -90 -5 -75 83 25 -32 -17 10 -40 68 -13 -55 -80 23 -72 -58 -75 72 98 65 8 -29 -47 72 19 11 -54 65 -86 87 -5 98 -30 76 -21 61 84 89 -84 58 -12 -12 -22 26 -6 5 32 -53 61 -14 14 53 -79 -44 90 -83 -38 -58 -91 23 -81 -70 95 -77 -30 -82 29 30 30 -9 -6 17 49 -89 -9 82 20 25 65 -28 69 -19 76 -99 93 -83 -30 63 -50 -44 -98 46 -77 54 -93 -66 -16 -6 78 -48 -63 -54 30 -57 11 -3 -20 18 -79 -44 44 -74 44 -68 -42 -47 57 91 -87 47 -59 76 19 86 -31 98 -46 58 -68 -21 -59 84 -71 -44 -12 -14 56 1 44 -99 -73 -68 -65 18 -3 44 -52 -18 58 -22 52 -32 72 -74 34 -73 79 29 
-28 -14 44 -57 40 -14 -30 84 -27 57 79 8 31 92 -14 -52 -88 19 -85 50 9 -7 -81 -61 -64 85 -70 -14 63 42 -9 71 -21 -98 1 16 17 -27 -58 -7 -96 -31 84 99 63 -82 87 -3 31 -6 -33 81 -78 84 -91 1 -77 90 -61 2 -25 74 -49 50 3 -47 -73 -73 -79 59 37 -62 -21 89 -7 -50 13 65 -64 68 -38 -93 -99 -6 -58 -15 10 -18 -84 -97 -21 -85 -24 25 -15 -15 85 -84 -75 -69 17 -46 93 -31 10 -46 36 -99 -37 -82 -52 -54 -83 80 -93 -88 -60 -83 -82 -98 -34 70 -32 -72 -42 -75 -34 91 12 63 -58 16 -21 -71 -4 3 21 -6 22 84 10 87 52 -56 57 -64 93 83 -70 68 -95 -31 3 -30 -58 -92 88 34 78 49 -82 30 -90 94 97 -47 73 16 -21 -1 -56 32 -5 18 90 36 87 -77 -56 -45 -58 55 -42 61 -96 77 -22 -19 -50 -90 -44 62 78 -52 -65 78 -62 -45 -32 -86 68 -8 -31 71 -94 -88 82 63 -6 -80 -77 -97 82 -12 42 -84 87 27 -64 73 68 -62 72 -64 -13 -90 36 73 83 -38 -98 -68 81 23 44 -10 8 -64 96 -9 39 -32 5 -36 -62 75 -98 64 56 84 
-80 39 -83 65 18 67 79 -96 13 51 57 96 -57 -32 -41 39 99 -27 -84 -47 42 -16 -32 4 13 -27 -92 19 -6 -30 -11 -55 80 -7 -86 3 -38 52 73 -50 -22 40 -1 -25 70 -17 52 16 -94 -66 -14 -79 12 0 0 62 16 25 69 19 -45 23 -55 -2 79 47 91 91 -15 81 -37 27 88 70 -6 -22 -22 -2 62 -43 -49 49 -10 -37 77 -4 -26 4 -8 79 46 -30 -66 13 -72 -71 27 -91 92 -35 -54 6 -43 -53 -53 96 5 50 2 33 32 31 30 25 -89 93 19 55 0 -13 36 -42 -57 -70 58 56 22 -80 76 16 -92 -45 -48 77 73 -52 -63 6 74 -39 -72 -31 18 -33 57 -37 11 25 3 57 74 -68 21 9 -60 -82 -98 -70 58 -84 27 66 4 -43 -45 71 14 -35 -48 79 57 -86 -82 82 22 58 53 25 99 -32 99 78 0 -13 -70 -85 -33 -17 82 -57 -56 23 -6 23 -69 -42 -48 29 22 29 -65 -7 21 -63 48 46 -72 25 88 41 63 25 -34 57 -2 66 -8 -51 -36 4 67 66 66 -22 1 43 47 -20 -13 54 91 -66 -61 22 -86 -43 41 62 93 84 9 96 68 -69 -33 -72 96 -90 -48 -84 
83 21 -98 66 -38 13 -15 -52 -72 -65 82 -22 23 -98 61 -97 27 -4 63 -4 29 17 -89 77 95 -21 -18 20 8 88 65 17 25 38 73 39 -25 -12 -69 84 90 -33 39 95 34 -83 -84 -35 -66 -93 -72 -28 51 -34 -66 -68 68 97 -65 -7 52 69 33 -20 -33 86 -13 75 64 -6 1 66 65 -16 -27 -36 -46 60 -42 3 83 34 27 -84 -40 -32 -71 -65 -9 38 -68 -31 31 13 1 -67 -34 95 -42 -3 -64 16 70 -99 -68 54 43 -64 89 -90 -40 74 73 -44 -65 76 -35 90 -72 -40 79 53 -81 -2 27 -23 31 -6 -41 88 79 -48 -94 4 -6 57 44 -58 -77 92 93 -63 -65 97 -19 75 64 -95 24 96 75 -59 32 21 28 -71 -1 -83 -39 -50 93 -14 -41 -46 -29 69 -61 3 38 41 -69 -85 -98 -90 81 55 26 95 -51 -26 38 -21 28 7 21 49 -34 1 53 -52 74 44 66 2 -16 11 6 83 49 65 -39 -25 -38 -60 -11 26 37 56 45 78 -36 -6 58 -41 20 -45 -97 -57 20 -11 -27 16 -96 -13 51 51 -81 -73 34 17 -81 -96 -58 -71 96 38 -18 -86 90 8 16 -15 -71 -68 10 20 1 -29 -58 2 
-76 -75 -43 -39 88 82 32 -62 40 -98 20 -65 -15 35 51 50 56 77 50 93 40 81 -66 -63 46 84 -99 43 31 -26 -47 -44 -11 -93 80 -11 55 -35 11 -99 7 -69 -55 -2 -2 -87 -90 -16 -59 50 -22 -15 -69 38 68 18 29 79 -51 3 17 -56 92 96 -27 92 -32 -69 68 -4 -2 69 -12 72 -67 -3 -47 -22 -52 -63 -99 79 -42 -32 -79 42 38 -57 -30 6 53 -28 44 -76 -2 -56 -52 -95 52 48 -89 -64 -50 76 -2 47 57 84 26 -59 76 9 -6 87 67 -80 13 47 7 -14 73 83 -73 -84 44 20 53 -17 28 28 -84 -31 73 70 37 -91 -35 -94 -66 42 -28 37 -49 66 61 -78 -9 78 56 -58 82 -78 56 -74 -44 -35 -6 -66 55 57 -88 75 -50 -57 95 -48 -25 -79 -70 25 -74 81 56 -33 39 69 -79 92 96 47 13 71 56 -51 82 9 -54 78 -83 28 -56 -22 4 -11 -38 55 -37 -73 -41 96 -88 -84 -58 -24 60 -41 25 -58 36 -25 -39 -76 89 49 -73 32 -38 7 44 -22 15 64 74 -18 94 41 -98 18 38 -65 -5 44 -24 -53 -29 60 73 -30 67 -98 -82 -61 -23 99 8 81 -91 -36 15 -12 
79 80 4 63 12 -65 -51 32 69 -94 65 -85 -30 -58 34 19 13 34 36 19 4 -4 -12 81 -53 -1 -68 -31 93 -33 9 83 89 -34 43 44 70 -67 45 -41 38 -46 31 68 -83 55 43 94 80 25 -70 -75 -43 37 -17 32 -46 5 74 45 -79 92 91 86 -5 -89 74 85 42 -98 41 80 -1 30 -94 56 79 -46 72 64 65 -76 -81 97 56 -69 83 80 93 67 -41 36 42 -47 -79 -13 -6 -49 81 0 -71 -71 -24 -14 20 96 -97 73 49 -37 -30 82 -60 48 76 78 -89 79 -84 -20 74 27 23 -67 -14 -74 68 -97 -35 89 95 56 -51 -69 -68 -7 47 11 -54 37 29 41 -36 -33 21 15 59 5 11 -86 -48 80 -52 25 81 -13 96 81 -47 82 64 21 -70 59 -68 53 37 13 -90 -73 76 2 33 -91 62 -6 -94 2 32 75 60 26 -23 -9 -17 95 64 -20 -5 56 -97 -98 -72 72 -95 5 -16 72 0 90 -89 93 -87 11 92 -85 -83 -26 -66 -51 -57 84 -94 -89 -43 -13 -11 -30 10 24 49 -21 27 1 2 -69 -10 18 -39 -75 40 -3 -30 -10 49 41 -88 -97 92 -89 -71 -42 -84 91 72 -52 -99 -63 58 -58 
-59 -42 38 76 -50 16 17 -19 68 -43 -71 -23 26 -34 17 -75 64 -4 12 -51 -65 -64 -76 27 -77 16 36 -44 -69 -92 -40 -1 54 83 89 71 2 -89 -87 -97 -1 -62 -99 -41 2 94 -70 -33 -21 -24 -76 87 -99 -86 32 52 -21 -27 80 44 83 25 -54 27 -71 -98 75 -20 31 -22 -93 4 88 74 -98 -37 -74 9 -5 -49 62 11 -72 -14 92 -32 -21 89 -52 76 -29 84 38 -51 -57 7 -76 36 11 -83 -3 41 99 24 89 11 -99 -25 67 -4 -16 5 -40 -6 46 72 -8 -47 36 25 -60 31 84 -85 -77 -3 92 82 -26 46 62 -42 -29 -81 -67 -70 67 -14 82 -53 78 -58 -58 20 -99 -54 49 3 -72 -15 86 -25 -27 76 9 -68 -25 19 15 25 -4 -49 5 -58 -63 -42 -68 50 -68 -99 43 -9 54 59 -5 -83 86 -52 52 64 -60 -24 -40 -51 49 -23 -50 28 -51 59 10 37 -48 -37 92 -64 -74 -96 -35 78 -92 -14 -9 -19 1 90 16 -89 38 15 -82 40 -19 -30 -34 -14 -52 -39 -15 62 -26 90 -12 17 -85 29 61 -29 -55 -39 48 69 -6 1 13 -45 -26 -26 -41 48 -82 -44 -15 75 -83 -66 25 -41 27 53 
-57 -15 94 83 -57 23 5 -45 -10 -27 49 -68 9 40 -25 34 75 -86 72 -89 -16 -63 -64 42 7 75 -76 -31 -62 97 26 -58 -70 45 -67 -61 -57 78 55 9 -27 31 7 81 86 -30 78 39 -42 19 -91 -36 71 13 14 72 83 46 -39 39 -15 -70 -7 -26 64 -79 -43 80 -62 -98 -55 57 47 63 32 2 1 1 -25 -39 -81 -69 73 59 -59 11 -79 -88 59 17 97 -99 57 78 91 -37 -56 -18 80 -65 89 39 -70 26 63 82 -83 -49 -50 -27 -15 -56 95 2 5 52 -73 -41 68 82 -75 52 -86 -25 -6 -2 63 48 46 99 -67 54 -27 -64 -18 -27 -46 -2 -36 -20 78 -48 -59 -75 38 -51 -13 -6 -21 -86 52 -90 16 42 38 -55 -88 -97 95 35 -6 -94 -16 -13 -92 63 48 16 -8 -51 60 -63 -58 -99 51 -25 -24 52 -53 -3 -78 96 42 -27 -51 38 13 -43 -61 -30 -43 55 23 58 -47 13 -38 -77 -8 -62 68 -97 -66 63 -22 79 -26 89 -51 20 -74 38 63 -42 57 -11 85 -75 88 -49 20 73 58 -95 47 -84 -61 70 11 46 -14 48 81 56 94 -65 -33 -24 -56 -6 13 -77 -55 -45 52 -25 -38 -69 -68 78 
31 -67 -92 48 -73 39 -6 -3 17 30 81 -73 -15 -77 -51 -96 96 52 -30 39 44 80 -98 61 4 -84 -45 57 -3 -30 -59 -93 53 35 -96 29 64 -20 2 49 -23 -43 75 -47 -12 -6 59 -34 9 46 -5 17 66 64 93 -37 -51 82 -21 74 -14 7 45 -85 -57 -80 -79 -93 89 -89 24 -83 -79 46 -88 -56 -28 -37 86 60 11 10 -73 -48 -15 60 12 -78 70 16 83 -8 63 71 58 33 4 -88 17 -58 -68 -59 91 71 -4 88 -17 12 -37 54 -85 -32 -6 -32 64 -18 -47 -88 97 57 -94 71 99 72 76 -77 1 89 51 -68 -69 17 -35 47 -18 83 62 68 32 -30 96 -39 -92 -36 -36 70 -82 73 33 -10 -2 -79 -95 -69 76 74 51 -20 -87 10 -52 -37 80 -18 78 -68 -49 -49 27 36 78 -79 88 99 -27 22 -96 67 12 24 -62 -69 -90 89 -36 76 8 51 60 62 -27 80 64 50 27 -18 6 28 -1 99 -26 -96 87 -65 -98 20 35 -58 44 -34 -52 58 89 31 41 -92 -44 -17 32 18 86 48 -89 16 -44 -96 80 57 58 -36 9 54 34 43 38 -90 -57 -67 -40 87 -71 -92 -60 32 91 -16 -53 12 -63 -10 
33 89 95 -52 1 -38 -45 25 -38 75 -71 97 -58 32 50 25 -76 -30 64 -23 94 51 10 93 18 29 -10 -56 58 68 -62 30 -23 5 97 96 -5 -41 -29 50 -62 70 -46 -85 -30 16 47 81 11 7 99 -44 65 -11 58 55 88 -38 -53 -69 89 39 39 -32 -94 1 -54 29 -6 -57 94 -61 23 -32 -14 -35 78 82 -41 -93 -81 71 -6 0 -23 86 83 -14 2 39 -31 90 -35 -81 -36 -5 -59 -55 -57 76 -92 80 -71 50 -92 60 -80 -72 -69 -62 33 -7 74 -89 -62 -28 -51 88 -53 -58 92 -99 -92 -33 23 -75 18 -31 85 -2 -32 -38 59 -34 -77 72 31 65 96 11 -60 49 95 90 -80 -32 -31 -72 -91 -94 20 -91 36 -55 61 -35 13 43 17 -63 85 86 81 74 54 -43 -96 -46 -90 -1 -95 -50 -73 51 20 -51 40 -83 -32 -15 66 -57 -81 67 57 3 -91 -47 96 -48 89 80 -97 -37 56 -2 -26 41 12 -25 72 37 -21 -55 60 69 59 47 38 -76 64 60 45 -98 41 -73 -10 -67 37 -71 50 26 10 -23 -92 10 -89 -89 -21 98 -32 -57 -69 56 -70 -10 55 59 -90 -8 -77 -12 32 63 78 -21 97 -5 19 -42 
17 17 -6 70 -1 -5 -47 39 -28 -11 -23 42 2 -5 -30 -42 84 77 -28 8 -86 -15 -14 -64 25 35 79 0 -94 -27 69 60 62 -58 -72 -14 57 39 35 93 20 -62 21 13 -6 -69 91 72 12 61 -50 63 61 94 -3 89 -91 77 42 87 69 -41 -51 -80 -31 -46 -3 -34 95 3 -35 42 -58 -76 44 47 -1 14 -58 -37 64 -11 75 68 -12 -20 75 67 60 21 -96 59 -99 -22 10 47 -25 34 93 38 7 48 -36 52 6 42 -77 10 -12 -98 -20 19 -95 40 -21 -38 -25 30 -54 -17 -94 -37 15 29 92 55 83 -22 -33 -42 56 -78 -73 61 1 52 -8 52 -50 64 -24 -85 -57 -7 -94 -78 -97 -85 -50 -98 19 47 -19 -77 6 6 -83 75 82 81 -57 32 -67 -32 39 61 56 65 60 -24 -40 66 90 -30 -85 0 90 5 39 -9 16 -25 -86 -35 68 55 55 -37 23 -81 -5 86 78 -43 -13 88 39 59 56 14 -51 29 2 -97 -28 46 -72 -82 -74 55 55 83 -6 27 -4 72 -3 -91 15 99 -25 63 -42 86 65 -35 27 26 3 -66 73 -20 -23 -40 -62 22 39 -82 20 54 -76 33 33 50 80 99 44 -66 40 92 
88 47 -84 47 52 -65 -94 -54 -60 84 -17 -45 -73 9 -26 -26 -91 37 24 90 -85 -56 43 98 -67 -25 -13 28 -15 74 51 -53 -46 65 99 73 39 -84 -20 -75 93 -3 -55 -9 -21 -91 -51 11 -66 -12 -93 61 79 86 88 4 59 -26 1 -21 19 -16 -70 75 -29 -91 -40 -61 93 -57 -83 -81 65 -73 -31 38 75 -17 92 72 46 78 -25 -6 -73 -58 43 -35 65 56 58 -87 31 -18 87 75 46 94 45 38 -1 91 -78 74 -85 -69 -20 90 -64 98 -29 -48 22 -59 -34 -18 15 1 69 -6 83 62 -60 -13 -84 13 -84 8 30 38 80 -41 88 66 47 -63 -88 -35 80 -66 -38 83 -68 -89 54 -97 62 -91 50 49 -89 31 56 62 72 20 47 -9 -16 63 52 -84 -31 -44 39 -65 58 42 -59 -55 22 86 -96 62 -97 67 76 -13 -42 -72 81 -96 -47 14 -60 18 -4 97 -54 52 41 28 -78 63 64 73 -58 -73 32 -72 -37 84 -68 -4 -15 -11 53 -59 -26 49 -8 -84 -27 73 -36 9 -30 59 27 -40 12 98 -51 -52 -5 -81 27 91 31 -32 92 -77 21 91 -15 -94 -20 -86 3 44 -27 -29 -47 -52 -68 99 -43 77 -72 -59 
0 83 56 -5 81 68 -29 10 -32 -18 24 12 73 85 -31 36 70 -15 -61 -19 16 84 47 63 71 95 -19 -49 55 -57 -60 -84 -12 3 -95 -31 -73 29 99 31 -91 45 46 -22 58 8 72 -48 -15 70 -7 -34 68 99 51 -65 25 91 20 26 32 -74 80 64 49 52 -75 74 -51 1 37 -31 -18 -20 39 -54 40 73 78 -31 42 57 18 72 -86 -8 -16 20 4 64 -37 20 37 10 99 31 -48 90 -97 -2 -73 -54 57 -23 -98 80 87 88 -8 -71 77 46 68 -29 38 66 88 -10 -12 53 -21 7 66 -77 65 -27 96 23 -24 -89 31 52 -48 27 44 -32 26 -97 89 79 65 84 42 37 -69 -98 -46 75 -27 51 23 -5 31 38 4 19 93 -11 -18 8 48 97 -79 -18 27 66 27 -50 -37 -2 25 20 -6 45 -46 24 15 -68 -55 -74 -74 -1 57 -30 89 -57 58 93 8 94 10 -15 76 99 55 25 1 84 -16 -36 -40 -19 -51 -95 86 46 75 -78 82 9 72 5 -46 49 73 -69 -74 98 -7 -45 -57 -76 -80 -20 11 29 -64 -82 -96 28 -33 9 49 -4 63 -39 -98 52 16 70 8 8 9 -6 41 -52 0 60 27 80 
-83 -24 78 -29 55 50 49 58 73 24 74 -25 -21 50 -28 47 51 -25 -95 21 -71 -92 -87 3 -94 -60 17 -30 -90 -96 -8 -7 -49 29 38 60 -21 13 -32 26 -6 69 -99 -1 34 80 49 71 73 -35 13 -90 48 -99 -39 -74 -8 -83 -41 -78 24 -33 -1 3 -37 10 94 -55 63 -14 -75 30 99 76 14 35 -43 -79 -84 -1 35 -22 -78 3 85 79 99 -91 46 -40 -11 67 -26 -12 70 6 97 -84 96 -92 -39 -90 -14 30 -59 -34 -40 82 -13 -45 -81 91 57 23 34 -20 33 -32 54 -58 56 5 -58 5 71 -68 -56 26 -85 -32 8 -39 -65 92 67 -81 -54 -51 64 68 41 -68 49 -63 6 -63 5 -14 28 -12 -6 -52 -42 -54 96 61 40 -6 -66 -48 53 19 37 45 62 -63 61 47 -44 -62 27 -18 -17 93 -53 54 -45 54 65 24 21 -77 69 -22 -35 41 -85 -45 82 -68 -65 64 29 18 -27 30 -97 -60 -92 -35 -43 3 -66 -57 24 -22 -38 24 -69 5 -42 -35 -93 -83 8 79 36 44 -33 -63 -50 64 87 -88 -27 77 -86 -17 21 95 -74 18 -49 47 -22 67 48 21 90 -42 -97 48 -59 4 -71 -53 -13 26 78 5 
71 -79 67 7 -88 -99 25 2 72 97 65 92 11 11 -53 -65 1 63 28 85 -25 28 50 71 48 1 5 83 -41 -74 -57 -65 25 15 77 -59 -95 -32 -58 29 -26 -34 -34 -15 -24 -51 37 26 89 39 8 -69 38 68 -31 59 -37 12 70 27 -78 9 93 -58 72 -76 33 3 12 48 24 89 -75 -25 -8 -80 75 29 59 42 -24 96 -86 -55 -54 -21 -67 -41 78 -44 4 -27 -10 43 -59 -37 34 -52 -67 99 24 70 -84 78 6 -93 97 74 77 47 -5 -64 38 -64 17 13 13 -15 27 -56 34 78 31 -53 -78 51 39 32 -87 -17 -13 26 -90 91 11 52 -51 6 -20 55 -3 -6 -92 87 -98 48 4 -83 -3 -23 -49 20 -83 -43 -78 -65 52 57 25 11 86 -12 22 -51 -47 33 -18 97 61 -85 83 31 94 -79 69 -26 -32 -74 37 -70 37 -94 -53 -45 55 96 -6 -44 -33 10 78 -10 -83 50 5 -12 -55 -55 43 -71 -36 69 64 -1 -59 11 36 34 -46 -13 -42 25 50 -14 6 -55 -37 -68 -25 -13 92 -9 58 24 -59 -12 -13 -34 61 5 92 -41 -76 -97 -10 -11 23 -24 -93 3 -44 -87 24 -62 67 95 64 -52 -4 28 
8 38 -94 -58 37 -5 78 13 28 -70 55 -10 39 91 -12 -92 9 53 71 -11 -9 46 45 -85 -99 31 29 40 70 -46 22 -57 45 -52 -74 1 -31 -51 26 1 2 91 -9 69 -63 65 -19 -21 -50 14 -70 86 -49 -45 77 -67 3 -35 58 87 -81 -88 90 -34 -77 -20 -81 -30 14 -40 -73 91 -3 -40 -19 76 -80 -22 39 -65 -84 -15 19 34 -80 85 18 -31 89 26 -10 -97 48 3 27 -83 17 -34 30 44 -47 65 -99 15 -23 69 -19 -27 -65 90 -52 -75 28 -24 -56 -74 -85 -42 -56 88 65 67 -32 13 -87 -32 40 7 -12 -36 -13 84 -95 -69 -81 37 -79 -12 -71 52 72 -40 69 27 84 27 -51 -13 -35 -83 -18 18 49 -30 -79 73 -24 -21 -85 -18 -27 61 -43 78 71 54 -73 80 85 42 -63 -67 39 39 -54 49 93 74 -3 -31 45 8 -34 82 37 -26 18 4 -83 -95 -52 -22 -78 -92 -41 -56 -64 23 -83 69 -59 -10 -98 -34 84 9 -35 -71 13 81 91 87 -59 36 -20 65 38 87 77 -16 -43 -94 19 -68 62 49 -15 -6 -78 -73 61 52 -98 84 -35 96 71 -19 26 64 -55 43 -47 20 -80 -30 19 83 74 9 
-37 -74 -65 42 -84 40 37 -72 13 4 -62 15 46 8 -70 9 42 66 -57 -36 76 52 69 -18 78 -90 59 -60 -76 48 -85 -62 -82 1 -37 -63 8 -38 35 -52 -3 80 32 98 1 -85 0 73 -97 80 52 -10 -93 -51 -19 -49 -56 -44 51 40 -19 -3 -63 -34 28 -23 38 38 -23 21 -78 10 -66 -77 -61 86 -31 -59 -35 -47 22 70 -32 -5 22 7 86 -37 72 27 -1 58 -77 -99 3 80 -37 87 -36 27 84 1 -26 -24 71 29 -69 -17 38 -78 90 17 -8 31 69 -63 -27 78 3 -70 -33 -83 -49 -52 -72 -76 -18 -32 34 24 29 78 -97 16 87 -62 34 90 34 19 77 19 -12 -2 -19 90 -52 -58 21 -60 -37 58 -27 -53 38 21 87 93 -39 75 69 -56 -2 65 -16 42 96 82 24 -71 -52 57 65 -74 -53 -8 4 -99 75 -40 76 -34 76 -83 -48 -27 -67 23 70 -99 -99 -56 -61 -2 47 86 60 -81 -79 28 -40 96 -79 56 -36 -5 -62 -78 56 44 69 -92 92 -6 -67 35 -56 -23 56 -8 -6 29 46 14 26 68 35 72 41 80 -47 86 69 -61 -55 4 44 -21 -57 72 -21 35 25 63 -64 55 1 43 31 2 
41 -4 19 29 51 18 95 -36 -38 -18 -50 25 -65 -2 28 65 -40 48 -42 23 90 29 56 -86 -80 0 -13 -20 95 61 -51 23 -68 67 20 -22 52 55 89 93 -23 4 -76 -89 -43 70 22 14 51 -31 1 3 -79 3 22 -82 -60 -80 -64 -9 -89 -22 3 75 -12 -69 -83 15 -73 -16 -4 -11 43 22 -57 93 -84 -99 18 -13 47 40 -16 -11 -12 33 52 79 -48 -78 -10 43 84 38 85 -74 12 76 75 9 -32 92 -18 49 -1 -51 34 -73 -7 -80 28 46 60 -35 29 49 -77 -75 39 96 38 66 -4 18 3 -79 -3 1 -47 23 39 -41 16 33 -5 3 95 -7 5 88 -21 -16 -22 -81 -54 11 -96 -21 37 -25 -81 -9 21 -21 -14 -5 -67 -68 -15 58 40 -83 69 -8 -13 -49 93 -29 -66 -6 41 -10 78 50 -96 58 37 72 88 -29 -77 -20 4 53 8 -23 -32 47 -52 -59 77 51 -84 69 -67 97 12 89 -17 72 -10 -49 -93 -31 -93 -99 23 -82 83 75 43 -55 -85 -36 58 97 -85 76 -4 -21 72 -22 -54 -70 30 -48 -20 -5 33 -77 -54 87 21 -38 -53 95 28 -52 62 8 43 38 73 20 -38 -21 89 4 70 53 
-97 -77 -58 -96 43 -97 53 66 5 0 72 83 -19 62 -4 -50 -50 31 83 -32 65 -93 -44 -54 62 -92 92 -91 -53 -86 19 -16 35 7 5 9 -2 45 61 10 49 22 96 34 62 -99 97 73 85 -29 -7 -37 52 52 -60 -58 -58 -17 16 63 65 -36 46 -30 -14 90 54 78 -43 26 12 11 -66 -30 -45 69 -54 37 -15 -20 -98 -32 90 34 21 -56 59 2 88 19 -19 -16 55 88 -79 9 -8 24 -38 -73 -92 45 77 57 56 77 -95 43 32 -94 -66 83 58 9 -11 -87 19 80 57 -4 -75 -85 57 -25 41 82 -44 -3 3 -74 81 64 -49 -37 -95 -33 63 -23 -49 -90 -33 -2 94 27 -2 74 -86 20 71 86 88 -42 -18 99 -78 -32 -9 -62 9 55 15 -26 43 31 36 -29 91 -79 -90 -38 46 -88 -89 70 99 -51 3 -59 -34 14 46 50 56 -51 44 65 -3 -9 -79 -26 19 72 -61 75 -41 64 -44 -12 43 -70 -65 56 86 -6 66 75 60 -52 7 -21 65 -25 -71 -76 73 -73 69 34 -79 -32 92 42 -64 29 58 -65 17 -42 83 -4 -84 98 -80 78 48 -4 -45 26 -33 -44 -80 26 73 85 13 52 -66 79 -70 89 
8 -80 -56 -13 -9 -64 44 -16 85 9 36 -94 7 96 -39 -88 -15 -81 68 67 21 64 30 43 65 -49 -24 -20 -25 88 77 44 54 -39 97 -16 -42 34 -60 -15 -20 73 79 92 28 87 64 -35 -34 -77 19 72 -28 -7 -57 -75 -71 9 69 -89 -49 67 -58 -93 66 37 -49 4 24 58 -28 94 -72 -30 -10 -8 40 64 83 -21 71 5 -6 41 -87 -38 -29 -40 29 -70 -73 45 -43 23 0 14 -70 -11 -51 14 -74 41 11 1 -32 -55 -78 -29 -23 49 -81 22 -6 52 -39 39 85 16 76 33 80 -61 26 -85 -29 -7 -94 35 11 85 -86 -92 -60 44 41 -14 19 78 12 -79 55 29 47 27 38 -17 66 61 74 32 -70 91 73 29 94 -23 47 -90 29 31 88 -40 -18 -22 28 -43 25 62 -54 8 -90 67 -28 -51 -6 54 -78 75 -97 27 -55 -20 -14 12 12 23 34 87 -12 -64 -83 -71 19 74 4 -21 -40 98 -96 -97 92 2 -28 -36 -33 54 -72 94 41 -92 -25 -8 -91 -72 -57 -68 -87 -30 62 32 8 -4 -40 -19 -60 -16 6 -6 -81 84 -2 -88 81 94 5 -42 92 -50 -1 64 7 -48 -99 67 -78 39 9 -78 6 14 
-27 -78 -1 -23 66 -93 -2 79 -5 -33 -31 93 -57 89 80 76 62 -70 84 -63 3 14 -26 -25 9 33 19 -28 -23 -23 -68 -2 -58 -65 2 -5 52 17 24 -95 -41 -91 -81 64 83 29 -61 -93 -26 17 85 13 45 54 43 40 76 -74 -15 -52 -53 91 -54 -6 57 -93 0 -5 49 88 56 41 -7 -45 56 -99 79 -77 -83 -98 -50 91 -78 73 15 24 61 -91 -75 49 -55 18 2 52 -86 -32 -83 -59 57 86 33 25 82 96 -87 -29 -51 -66 -34 -43 19 11 46 -50 -38 -95 -23 94 20 34 -46 -99 -94 63 68 47 -18 -84 -99 -68 -16 -61 25 -73 33 -94 -28 -45 42 58 -37 -84 67 78 -34 -77 56 -7 43 27 -74 -31 10 -26 -46 56 -81 -12 42 62 99 40 4 50 95 24 56 -65 8 31 61 -3 65 -91 90 -24 54 65 67 -14 -97 53 62 -42 -13 24 -79 70 -93 -15 -3 -5 51 88 16 18 21 -58 -27 13 35 -14 79 -30 -20 -22 -68 73 -27 30 68 93 -39 -73 -6 14 89 -62 -81 7 96 77 97 -68 -61 -41 69 66 99 -31 21 63 -16 69 -88 93 -69 -39 -84 -31 -39 -65 14 -46 -66 1 95 -94 -99 61 
2 60 -1 -33 73 50 -76 -1 90 -84 -68 53 -84 -94 91 61 -11 -23 -83 21 -23 88 -96 -44 -63 37 -19 25 -43 -30 52 6 -91 58 -29 -50 -1 27 -51 85 84 48 -28 9 -15 -10 -87 3 -47 -7 -84 -76 64 -43 64 -66 -52 -93 45 8 -89 -31 17 -89 -14 54 -52 -15 95 99 0 -44 -63 -23 48 -87 -97 60 -22 -3 59 81 -44 24 69 -9 88 38 -27 21 -87 90 -28 95 -81 -21 62 -1 43 30 -5 0 -90 -55 10 42 -94 -32 -45 -42 66 78 -26 3 -28 10 -99 -93 -3 -98 14 71 82 75 99 -94 58 72 43 72 -48 36 12 92 91 -18 15 15 -1 -26 -25 85 -65 74 -24 22 -49 97 -58 -18 -8 85 22 -24 33 -39 -69 -82 -18 -80 -18 -49 -52 -51 -63 -99 69 59 -58 95 -37 62 7 76 -81 79 92 -39 52 -36 -8 54 -79 80 92 13 88 74 -80 -56 81 44 -55 -62 82 46 -93 46 81 34 -9 -22 -56 89 -25 -75 67 -89 -39 71 -47 84 60 60 11 38 -1 30 -49 5 59 94 61 29 72 -31 54 -1 4 -21 -57 21 -90 54 68 -21 -51 -13 75 53 31 -30 -27 -4 -29 -35 -65 41 -72 -37 
-28 -60 -38 -25 7 -9 59 71 7 77 61 -21 -83 -65 -76 -55 -90 -21 10 -15 16 -80 34 -98 80 31 -41 95 -55 -32 13 -19 78 60 48 19 -85 -94 72 -93 -70 77 -83 -46 44 19 7 32 83 -62 55 66 9 -83 -89 4 87 51 -61 -59 69 -40 -1 81 -87 9 19 90 -41 11 26 94 60 -75 -40 -25 79 43 -56 -72 -77 29 -11 -56 86 -83 -51 48 -81 -18 36 87 55 -49 -22 92 25 27 -12 16 29 -54 -84 20 -55 -58 -77 9 87 -23 -2 74 2 -41 0 -43 59 51 -82 -99 13 -58 -73 83 90 75 52 67 17 84 -52 51 -73 5 15 30 -22 -19 -47 51 -84 48 47 74 -56 -41 85 9 -16 -82 60 53 -13 -86 26 -95 75 60 71 93 1 -56 38 -53 30 17 -57 98 -67 89 73 -5 53 -48 -88 29 -51 -6 -8 -99 97 -27 -28 -36 -30 -56 -32 24 92 -38 -34 -50 -68 35 75 81 33 70 -3 98 95 -90 55 26 -26 -91 -38 -67 65 21 -58 -9 15 4 -11 -81 69 72 -71 -54 68 -31 8 -85 -51 46 22 -65 -60 -82 -44 62 -3 14 -51 -38 -75 -64 -24 -57 -14 -70 -28 6 -68 -5 -71 99 41 -64 
96 -66 -90 -72 -48 25 -33 64 -10 8 0 39 75 -78 -52 -29 84 -83 68 -21 -50 47 49 68 65 32 20 -75 -46 -16 -48 -98 9 80 -99 84 97 18 79 37 -34 -27 -88 -87 -41 99 37 10 68 29 -53 49 86 -5 39 -81 82 -16 99 -98 -26 -54 -19 63 12 -23 -28 78 -44 57 -37 -26 84 57 -49 10 87 -79 69 -41 -10 5 -53 84 -60 -35 -79 -45 32 7 -31 -38 -23 -79 -47 45 1 41 99 13 53 -64 69 84 26 -79 -95 -65 23 -1 -42 -95 80 45 -98 85 72 98 -30 -19 -2 9 -59 74 -37 74 -61 -64 -52 -77 42 54 -9 75 99 -97 -49 -80 -58 -51 -62 50 -4 68 -13 -88 89 48 62 33 -92 -2 81 59 -29 -2 78 -66 -10 16 38 -36 -67 -37 53 -4 63 93 -37 -95 73 47 19 -50 -75 60 36 -71 -30 34 -36 -33 -30 3 -73 -76 61 93 -51 -10 1 32 2 5 20 29 2 -23 85 51 -87 -44 27 87 -3 67 63 27 -39 52 45 29 44 -3 37 -14 -77 -3 -70 -18 78 29 -84 -9 -15 47 -3 73 12 -70 69 -34 -67 -17 -91 -81 -50 72 -25 -29 -84 -69 -1 84 -79 48 -33 -63 -58 -95 
-65 -56 -14 -68 -80 30 10 56 69 44 68 -74 98 -44 96 -75 -68 -76 -33 -74 -61 -37 -6 -89 -39 47 -50 72 -66 38 -68 97 18 60 -1 9 48 82 -89 93 -44 19 39 -1 33 70 27 81 96 79 86 -45 76 65 -29 -98 38 28 40 -79 22 2 -13 -8 33 -60 -6 69 -20 8 -64 -86 -46 -60 2 82 -18 21 -42 -82 43 90 21 46 24 5 -32 -93 -82 -70 -92 -62 -39 -61 14 35 -56 -82 58 -52 -27 -1 -53 -97 -59 73 -84 68 96 45 4 59 -71 -6 -99 -81 -2 -31 -15 91 -66 -12 83 31 -6 19 -65 31 -38 -5 93 -24 -67 43 -52 76 -29 21 -51 13 44 -19 -43 95 -47 86 -4 52 55 -55 34 55 -3 -35 -89 -60 76 76 80 19 11 -98 79 -84 -58 54 -41 9 -51 -90 -48 1 4 -74 22 43 94 62 -73 87 -26 -21 73 19 66 21 80 94 -56 7 61 -4 -73 -39 7 90 -70 12 11 -89 20 -3 -13 79 64 39 17 16 48 -56 -73 -36 35 -20 8 -26 79 -88 91 -42 -91 -31 -31 59 -73 -39 14 -81 6 25 15 -52 -88 -64 -72 -74 31 14 -27 24 16 -50 -95 -85 39 -78 86 1 -48 -80 
-74 21 -69 -82 41 -69 -64 17 -80 -18 -75 -4 93 52 62 41 -71 45 -47 -66 -3 39 52 27 -14 3 96 38 39 -52 -87 58 -90 72 -51 3 58 31 -4 -23 -48 26 -48 -44 47 -15 92 90 89 -93 56 79 14 -5 50 -13 38 -12 -37 -41 -59 22 -30 4 -84 -73 81 39 81 9 -73 80 -47 91 1 69 26 68 65 -74 -13 74 17 64 22 56 -46 35 76 -9 -24 -88 12 -6 43 -38 29 -36 -41 -34 53 -57 -74 33 -88 -87 30 92 -11 54 91 -84 14 -59 88 27 36 15 18 -91 -4 97 48 -81 85 -1 35 0 13 57 -76 -11 -8 74 -28 0 27 -11 44 -87 43 -74 59 93 40 61 -30 36 -50 27 10 68 37 18 75 -3 74 64 -45 -18 -89 -22 -34 -24 64 5 -45 76 47 -19 92 78 -26 -42 -29 -48 -51 24 72 -42 66 -56 10 43 -16 -38 61 -39 -96 -18 -71 32 -88 -74 -15 -78 -20 -31 78 89 63 46 6 -65 -88 -8 73 -84 -32 -94 -13 -15 37 -88 -56 -43 -30 -31 -72 87 44 -92 -7 73 84 62 -5 19 -69 93 56 -9 46 -96 58 24 -65 30 62 71 6 -47 16 41 -7 -26 48 59 -61 39 
-27 -84 -87 24 97 22 -24 -87 57 55 -14 68 -16 -1 -19 -98 -94 -51 64 -97 74 -99 -18 36 44 -21 10 1 76 0 -20 -65 5 -22 -61 10 -94 60 -55 96 75 82 95 15 69 57 -70 85 -86 41 -63 70 29 15 30 -9 65 -86 -23 96 89 -46 -70 49 82 8 -38 -26 -9 94 32 -4 -65 78 19 16 96 -24 -98 -72 -39 97 66 -43 25 88 94 -51 54 23 -6 -78 64 29 -29 4 -93 -69 -95 -13 -26 99 -45 -40 -34 85 -1 -18 -34 91 51 -2 -26 -24 -86 -53 4 -9 67 -64 29 -54 -92 -29 89 -73 -37 -18 -40 2 33 83 -12 -93 44 26 11 -59 -46 54 87 4 -54 -38 57 -72 19 -11 23 53 51 7 -9 51 -21 99 31 77 46 -70 -31 -61 93 -9 79 15 -89 65 92 13 83 -65 -14 -91 31 -20 -40 4 66 -73 -16 -62 95 -84 52 -94 -55 58 -63 42 -26 23 40 56 -23 -64 71 48 41 -21 78 64 64 90 -36 -4 -33 -91 12 48 -46 -99 -99 35 -69 -92 -99 -65 -43 27 31 -23 43 -65 -8 -69 55 38 -97 30 7 28 -50 -14 -10 -50 -97 -77 -43 -98 -10 -29 -8 -55 -34 -3 29 61 75 30 
45 15 -79 99 -99 96 24 1 -89 -84 -45 44 -14 -29 -68 0 27 36 63 -63 86 74 46 72 -28 -8 -46 7 12 14 -41 75 51 62 -78 25 66 40 -86 -98 72 79 -76 -30 39 59 -35 58 -40 -31 -46 85 -17 -30 48 -79 -39 -65 -51 -24 45 -97 44 88 33 -31 65 96 79 56 16 -4 16 -60 85 83 -94 -20 -36 -96 -84 64 -73 8 -43 -37 43 -56 -94 -36 81 77 -26 23 8 11 -10 -34 26 -79 86 67 1 -89 28 67 91 -76 3 41 -36 79 -99 2 47 9 -5 -78 -12 31 -31 30 -5 -52 -10 36 35 51 68 44 -8 99 -19 -42 -84 3 10 -6 -22 -43 95 -14 36 58 70 20 92 56 -34 79 21 -61 55 -17 -86 85 29 -36 93 -56 28 28 -2 31 -60 39 -12 -45 6 84 20 -19 94 -81 40 -94 -78 57 -46 -88 81 95 -7 -52 17 98 37 -81 -91 -74 -7 86 40 35 -9 -92 -55 54 91 48 75 61 -54 -78 -13 -30 74 -49 -99 -55 -32 65 -31 61 66 4 -13 84 82 6 -10 -66 -9 8 25 11 95 -80 63 43 78 94 -44 -52 57 -33 -25 -95 -46 54 -3 -55 47 7 -3 29 -84 -85 -27 9 
6 31 -19 -33 58 31 -90 -67 -50 51 -94 -63 46 96 -70 -8 -29 34 73 -87 71 3 -53 15 23 17 17 81 63 -49 0 -31 83 77 1 96 -56 -58 -95 71 -27 85 29 -33 -60 -77 92 75 83 -95 42 80 66 -87 -32 7 -32 -23 93 -70 8 -23 35 93 33 89 -81 -43 -90 -78 32 -70 27 -69 -64 -74 14 -94 -45 37 35 -47 -15 -8 88 -35 19 5 66 27 -33 45 97 -78 61 70 18 75 9 80 -3 14 -73 -97 21 94 73 33 -26 -96 35 84 -20 18 22 -8 -64 0 9 -14 -47 -96 60 66 -78 -89 71 20 -85 -97 33 -40 90 -6 33 18 -24 11 -29 -59 31 -28 67 -84 -15 0 -50 -77 51 57 -10 -43 36 9 -61 -10 -13 -70 4 23 -86 39 -40 -83 -74 -38 13 -2 -39 45 -33 -5 49 28 -69 -73 28 -3 -22 53 -10 -30 95 90 42 -63 -17 -22 -24 -38 79 -76 -18 78 37 37 78 -50 4 -8 22 -43 82 -93 -67 -78 50 10 1 33 -69 17 -45 99 -64 -17 -60 -53 -82 20 83 -81 61 61 2 -57 -3 -98 -26 53 -42 48 -16 -97 -53 -56 -98 27 -3 85 -91 -1 -93 76 -9 73 -64 -4 76 -42 
-51 -63 -46 -92 60 71 -99 -45 -22 -13 82 94 -29 42 -80 34 7 75 20 -15 -46 -29 -1 -23 22 55 58 -22 -69 -11 48 -45 26 42 73 99 -2 84 -18 94 67 -68 -15 -41 19 13 -55 -34 -82 98 65 -39 -83 -87 -98 -85 69 -58 95 97 -96 47 26 -84 46 -52 -24 59 13 -3 0 7 32 -61 -22 -71 -43 -38 90 41 -51 -94 -72 -13 94 50 -41 20 -12 18 88 45 -84 19 99 15 -82 26 -93 17 50 62 -49 -67 -83 -29 -64 81 -80 -81 99 -1 -84 16 -57 23 -27 23 -44 33 -71 -70 -67 95 -93 -16 66 -42 -38 14 92 -4 4 -98 12 41 46 22 45 -43 -13 -57 92 -90 46 48 25 -41 54 -36 -5 21 -11 84 -93 -78 98 48 -96 44 46 -55 4 16 -18 94 72 -35 90 -19 70 89 52 -9 -95 -30 -21 49 2 76 49 -30 -47 46 79 -14 62 -79 -78 -50 -98 -98 -17 77 90 -39 -98 -15 1 65 65 -33 25 13 -46 -88 -52 -27 34 28 80 -75 83 97 88 35 55 -98 37 -41 88 -14 63 23 -68 -31 -18 -92 93 14 -89 32 1 -6 32 54 8 -13 81 -24 11 88 -21 -86 28 36 -94 -90 -15 -74 
-22 25 55 20 38 -39 -70 -60 86 -68 36 -83 -36 -48 -63 -28 62 69 14 -6 12 -38 -15 98 -71 49 99 35 86 -78 82 -18 -57 43 -41 8 -14 0 -38 -62 59 -97 18 -10 -35 41 -7 -28 -3 -88 -21 -64 -45 -85 -84 20 75 -3 59 40 -38 -84 -93 93 38 -70 16 5 -85 84 24 74 -66 20 75 95 98 -90 37 96 -34 94 58 48 -26 9 -30 47 -60 -42 84 27 38 68 -36 -93 -51 -5 -80 90 -56 24 57 22 -11 -54 -78 -11 -69 32 80 77 -57 -4 -45 -71 46 19 -3 0 91 -11 -40 -67 3 19 -27 -96 5 -49 44 45 37 -44 84 84 -49 -62 85 -10 70 77 13 -59 81 56 47 -65 57 -20 57 63 13 79 87 56 -10 1 -2 -77 -83 34 -89 -57 9 11 -60 -72 -12 -18 38 45 40 -87 7 -58 46 45 61 56 -56 -77 25 -16 30 81 -54 63 -89 -88 -85 -31 38 -55 -83 84 47 54 66 43 -13 62 -1 -67 76 63 -23 32 -50 -7 -63 44 84 73 -14 -64 52 -92 26 -91 -77 -23 12 74 38 45 73 72 55 76 -73 91 -56 22 0 -7 58 -78 -14 61 -50 -5 -43 -53 -94 55 -94 -9 94 -62 
32 -83 -35 83 59 -30 30 -38 7 -67 48 -68 57 -44 31 37 -49 60 -86 -59 -26 37 -17 73 86 -29 78 -46 92 52 -42 -60 83 -31 -48 50 -31 -56 41 49 84 -76 88 2 8 -48 5 10 -25 -1 -51 35 29 65 31 48 99 24 53 -83 72 -86 -48 83 -28 -89 -86 -42 2 -15 10 56 89 -3 80 1 76 -41 0 41 72 -28 -19 -84 50 15 -77 67 -80 -93 60 86 -19 -66 98 66 -91 84 -76 15 97 43 -13 64 -50 -63 -86 -96 37 16 -7 -41 60 -34 8 90 15 -82 0 74 80 -18 -24 -62 99 -97 69 -18 45 -4 -29 26 6 -37 69 15 -61 -45 -16 -54 78 -8 11 -14 31 68 -59 -70 50 -34 49 10 -71 -23 54 -62 -77 36 -22 -81 -49 -90 20 59 -41 -47 66 45 -55 -43 70 -38 67 -13 -75 10 -43 -7 68 65 24 47 -99 10 24 46 -4 19 22 -19 -81 27 -63 -11 85 -89 0 -83 -98 89 64 14 63 -19 -49 -7 -15 48 25 17 -7 -76 -46 -50 -31 72 -62 40 82 -93 53 14 29 -11 -72 27 89 40 51 -81 8 76 -56 -41 32 93 86 36 -47 -22 -34 -19 -38 -4 1 19 -24 -9 55 -26 
38 57 -54 38 97 -53 61 -91 70 -31 45 -76 -66 -67 -27 51 92 53 -86 -32 38 73 55 20 66 -97 73 33 -39 23 -94 90 34 -9 -22 -77 -44 -93 22 20 -23 82 -66 -11 -61 -88 -44 -83 -62 13 81 3 -39 6 51 31 49 -9 90 -71 69 20 32 -73 89 20 -28 28 78 1 -96 -94 73 -41 7 -66 60 64 -27 8 42 -18 54 -14 -43 -27 55 75 94 -58 -79 77 -99 32 -10 52 -1 -11 33 82 57 97 83 7 -67 -90 -96 9 -82 37 -79 -58 -73 -97 -93 -75 -97 37 48 -22 98 92 -93 7 -41 -32 80 -69 6 -62 7 39 60 -13 13 -70 -24 -30 -56 25 -93 -62 39 -38 -45 -21 -7 54 59 -10 -43 54 72 -85 74 13 -67 -65 -51 -14 0 -32 90 82 -29 -8 -39 39 70 -89 -76 -41 5 -62 48 9 71 78 -52 -93 62 -48 55 -79 -60 5 60 -50 86 36 -10 -58 46 -90 -45 -40 47 -36 -62 -1 -73 26 -81 79 -31 -61 14 -14 66 -5 -49 43 -3 -29 -39 21 -67 27 47 35 -1 -98 7 82 58 -76 -48 -21 -3 -50 -95 -33 36 10 87 -47 -4 35 80 93 -89 -78 -72 -12 -74 26 -94 94 2 -29 
97 -80 29 27 -47 55 62 -33 -17 -55 -28 -7 30 -3 71 84 -4 -26 -63 -13 4 25 18 -88 81 26 89 25 -67 -88 7 21 84 77 45 -98 55 68 -69 57 -43 25 38 -67 32 40 80 -1 -41 -98 82 -52 -44 38 -15 -52 98 72 43 -61 98 -65 52 28 -37 80 97 78 -40 95 -86 10 -1 16 -28 69 -94 -58 25 -98 -97 -76 39 -64 -82 87 50 10 -60 5 -13 65 -60 58 24 -96 32 -1 14 -28 -80 3 -26 34 -90 9 -3 34 -75 -89 -85 -66 -33 -12 58 -38 18 -46 99 -61 -85 -68 -98 99 -64 73 53 20 -63 62 1 -75 4 88 -78 69 -95 -72 -19 -80 45 51 2 -32 -97 74 -30 36 -69 49 -67 -94 12 54 10 -65 -86 -3 50 80 2 -67 -19 13 25 79 -56 -16 -56 -13 -92 -50 34 96 -12 71 -60 -76 -82 96 74 80 -6 11 -36 5 -15 55 48 12 -97 51 97 -37 51 37 -58 -5 74 44 70 -97 68 74 68 75 18 41 -11 -93 88 10 82 -15 40 15 -15 44 76 12 -10 -5 15 92 39 6 24 63 -6 -46 61 -91 67 80 71 41 -59 -86 -51 69 -94 23 52 -28 66 -5 7 77 99 -70 
46 82 69 52 32 -36 57 -56 -43 -48 -34 -95 30 -34 1 27 35 -8 -77 98 -48 78 92 -32 23 42 -50 -28 11 20 13 -87 36 74 98 -81 -17 -52 -9 85 87 -41 53 22 -49 4 15 10 -9 1 97 79 -90 -82 29 -68 -75 -59 -64 -60 79 -77 -24 -56 -98 -8 33 27 6 -4 -39 -31 95 -63 66 -88 43 68 -66 58 16 -65 92 4 85 -98 -58 3 -2 52 -27 85 85 -65 50 66 10 -99 41 -97 19 -15 -98 -35 -86 1 93 -58 -98 70 58 31 -32 -8 -49 45 -14 7 69 30 -7 89 89 -43 16 -71 -20 20 39 -70 39 37 -12 56 89 2 -22 -70 -98 42 -30 -84 39 17 81 -35 60 77 -34 70 -2 26 -25 27 -72 67 -31 -91 -82 42 48 2 19 14 -78 -54 -50 42 45 28 72 -27 69 -27 68 66 -29 42 19 -70 -41 -6 -75 98 -14 -29 70 22 89 -58 -35 -4 -58 -95 53 -16 75 -81 -13 6 -86 -1 -69 54 -67 72 -46 -9 31 9 -91 -65 9 6 59 50 -86 -48 53 -6 -32 24 -32 -88 70 22 28 -11 20 -96 48 -87 93 8 -51 -28 -57 -90 48 -98 35 -21 -47 -84 -58 68 89 -84 -38 69 
20 -20 -94 13 -14 -89 95 63 -91 -32 -32 89 -68 -56 12 81 77 -26 -11 39 -18 3 2 -71 55 -72 28 -65 -81 23 41 15 -73 -59 -13 -37 -44 79 -72 -61 4 91 -21 -2 -90 -25 -63 -22 14 -65 11 79 1 -72 -70 96 66 -79 50 22 59 63 48 74 77 2 5 -10 30 68 -13 83 -94 24 94 10 3 -88 -83 -85 1 27 -7 -87 28 7 61 -16 -18 74 -29 -56 -94 -44 -15 66 55 -82 -66 73 36 -47 6 -69 13 58 63 -30 45 90 -84 39 -41 -81 98 -50 65 -68 -46 -44 77 62 63 -89 63 -80 -28 3 -79 -65 -74 54 17 -93 32 -24 75 -15 86 -14 -53 7 -60 98 -43 -27 68 -6 -71 24 11 -29 40 -10 -16 -7 16 -3 -29 -40 80 65 -87 -28 27 1 -43 42 -13 22 4 -40 -98 57 -25 30 75 -83 92 -84 44 -31 79 -80 -31 -9 97 -8 62 -68 -7 9 -45 85 7 -10 -65 -2 -16 18 -13 19 41 -75 43 60 -12 38 -60 37 71 -21 -78 -55 -80 -49 44 94 -49 -29 46 -40 -40 16 43 -5 -35 5 84 95 -35 50 -6 -81 65 41 56 70 -9 -14 -78 -80 83 -88 10 -40 72 -52 57 -42 
-66 -76 -45 13 -28 -21 56 96 56 -89 -29 -18 -6 86 5 -39 57 67 -97 -99 -25 2 -61 -87 56 35 -90 -78 -10 -16 12 -63 17 36 -10 -11 -23 87 -81 -18 -71 57 95 -24 14 68 99 -53 -88 21 89 -71 42 9 -12 56 28 -64 97 28 -97 -65 -75 -53 17 94 34 -55 35 64 -33 76 11 -68 -23 94 81 -70 97 42 -34 -79 4 24 76 -7 79 91 -52 -73 -68 44 89 -2 -41 2 -69 -56 45 99 -81 -41 81 -99 -90 9 79 47 93 -62 36 -91 7 -26 -20 26 4 -64 -99 -83 80 53 -86 93 5 41 88 10 -2 29 63 -95 -23 -47 -40 3 -55 35 77 -25 -3 -45 28 -99 -3 -75 94 -70 67 -52 20 65 2 20 -43 66 20 -77 -32 41 -27 -14 72 -95 9 19 40 28 15 11 58 -19 -82 -28 70 4 -51 -27 -93 28 86 -63 84 -39 -68 -3 -75 -54 81 97 64 -70 -77 -82 70 7 -76 -70 -89 51 -69 70 -10 -5 93 42 33 35 -83 -80 52 -22 60 3 85 -73 72 -54 23 77 -17 17 57 4 92 -14 0 -50 9 52 -98 40 -50 76 -15 -86 74 81 3 -31 2 24 -20 -70 33 -20 -38 47 -63 30 
71 38 33 -4 -29 23 39 84 85 98 67 -51 93 -4 41 -47 35 59 55 -64 11 12 86 12 88 66 31 27 -67 -30 84 4 -99 99 -84 10 -25 42 35 -99 25 -17 -54 -88 -25 -54 20 87 -53 -15 80 -22 -34 67 30 3 -18 -70 55 -97 27 -30 -14 -46 23 27 95 98 -79 76 -4 52 -64 -40 70 94 -16 14 14 -69 2 6 -31 -21 -73 67 73 -22 82 -41 23 23 20 19 25 26 -39 19 -49 29 -62 -28 16 20 76 -49 -86 49 35 86 -68 60 -35 67 -78 39 26 -96 99 -19 89 22 95 73 36 -14 -34 33 -16 -32 37 -34 33 5 -95 78 -80 -96 58 -78 -10 13 -75 -81 76 -59 -15 -16 15 -32 -27 54 -20 -49 -53 -71 -59 -99 85 -88 40 59 -42 68 95 13 49 -33 16 -2 70 -13 56 72 -8 -57 -7 -36 -83 41 -15 10 -61 34 81 72 -36 63 81 23 -97 -2 25 -20 27 93 -43 61 16 86 63 42 92 -84 -14 -96 -23 99 47 35 -78 -37 42 80 17 19 61 7 45 78 84 40 53 90 -90 -91 6 -76 -68 -20 -49 -32 -28 -60 -88 -25 79 -21 -95 -48 51 -52 49 -35 38 55 12 -31 70 8 
-63 40 -13 -61 -49 -17 81 -79 33 -91 -57 28 -23 68 -3 90 -35 -37 -86 61 -22 56 32 59 -2 -8 -26 -93 -29 -91 4 89 95 9 -24 -69 53 63 -60 54 95 55 62 -41 -1 -89 7 -11 64 68 -53 81 -89 -98 27 -43 -26 -80 56 -29 -13 57 36 95 92 41 -21 58 65 -14 93 43 90 -94 -94 90 -33 78 16 26 3 15 -85 -71 65 36 -46 54 -34 -50 -90 13 -2 31 -47 29 75 56 73 -3 -60 -71 99 51 96 -9 -30 -99 76 86 50 25 20 -80 -34 -10 -17 -59 75 62 74 -50 36 93 -76 42 23 61 -93 -97 80 -89 -62 -62 -70 70 -98 45 95 -35 -31 -24 -51 -35 68 -40 -70 81 47 89 -67 56 -22 -85 -49 -32 62 -38 -11 -77 -40 -43 -97 -2 -31 51 95 -12 -57 -7 -62 -45 -3 -81 30 -5 8 -20 -87 -86 -41 84 82 69 1 34 -21 23 -44 -5 10 -94 56 60 -16 -48 -11 -95 -73 -11 -32 90 -37 -30 -38 83 -41 -46 84 -50 -33 28 -5 62 23 -96 -82 -37 -4 -61 61 72 56 65 -6 -20 53 93 64 -4 30 20 -96 55 -83 -60 42 32 77 -88 -14 -96 -41 -73 13 -50 1 -17 -58 -49 
18 -40 80 -9 -90 21 18 16 47 42 42 85 24 -77 -76 1 24 -44 -71 -9 73 -97 -85 4 -32 -56 -84 -61 10 -32 4 -26 11 -40 94 72 -32 -45 -46 -4 -15 -24 81 -4 74 34 -86 -95 -11 -61 92 49 -15 -77 -83 10 16 -93 51 83 54 -58 13 -57 19 -27 -38 -97 -31 -58 3 75 -39 -93 -80 -54 24 -75 -61 -61 61 -27 -18 90 -10 -72 -49 9 -58 6 -53 -99 16 87 56 -42 -37 -68 -77 65 1 87 82 73 21 71 -58 -50 64 -13 -91 70 37 -30 95 61 -50 39 -43 -48 58 -71 -88 -98 60 82 -66 -78 -85 -71 -69 71 97 61 -46 -61 -49 6 45 -49 -2 50 -19 -3 -8 72 -29 38 3 74 -13 -81 93 56 96 62 -38 35 92 -72 -47 87 -19 94 36 26 -42 82 87 -60 37 89 39 34 89 12 -54 51 65 25 -99 10 3 -84 -9 2 -98 87 -91 12 -44 -66 38 93 -15 -29 9 -22 -52 -90 42 64 40 -34 -50 88 18 -61 -68 -27 9 23 73 -10 16 -50 -32 71 37 -59 33 -19 -2 26 -55 -71 -35 -1 19 -64 88 91 -25 4 -45 -87 -98 -6 -7 -7 -70 -67 -49 30 33 48 -52 87 -8 68 
-7 53 84 68 -1 -45 -9 69 -11 7 -51 86 -6 92 -75 9 -5 -77 82 -39 87 -9 -68 -10 -55 37 99 53 -34 57 39 -41 -94 -83 85 31 57 -2 -93 -44 38 -46 94 -89 53 -28 8 25 18 52 89 91 20 73 72 98 -35 34 -58 -34 83 -14 -33 -62 -42 -49 -57 -77 -20 30 -30 -9 7 55 96 -15 -29 54 -42 -36 64 20 1 -12 88 -19 39 41 91 -63 -25 45 95 -73 -86 94 -89 -27 -94 90 89 -78 71 4 33 -70 74 49 28 59 -20 29 83 -60 -27 13 -29 -86 58 32 -77 -72 91 -22 39 -2 -40 85 -96 60 -29 -88 84 71 -22 -75 -96 54 96 -62 -46 -33 32 56 72 -76 -92 92 -9 4 39 -21 -36 -20 62 13 -1 -21 67 56 -11 -43 80 -71 -21 74 -62 40 47 -30 -27 -19 -77 88 13 -92 72 9 -12 47 -82 43 -31 19 -29 -65 8 95 -93 -89 10 -13 -65 65 -78 -90 98 -78 78 71 75 78 -5 -61 87 -2 -94 11 40 97 75 -71 96 21 47 -81 76 89 -75 -65 -62 31 -92 84 83 52 63 53 -53 68 -60 31 -88 -86 -66 68 47 64 -99 21 -25 -44 -91 -50 58 -11 21 8 -74 77 
-45 -66 46 41 93 -81 25 -87 -49 -13 -60 -39 -60 98 -12 -64 37 -80 -19 51 -63 -45 58 -57 39 85 40 -6 -85 46 -57 55 -10 58 -31 -29 43 -44 -3 39 -90 -99 74 -20 -90 -54 55 -65 -97 9 -87 -12 98 59 -19 -52 -98 75 -3 12 97 -47 0 -19 -71 38 18 45 -16 90 80 -48 10 81 -7 98 94 -59 -28 31 3 10 45 -37 17 13 -51 -10 4 -49 57 -50 21 11 77 69 20 97 -45 18 -51 -20 4 -32 -61 44 48 -45 82 -50 -22 74 -41 32 -38 -70 1 51 12 16 -60 44 68 -92 15 2 74 -64 -76 23 -16 -92 -77 -90 6 -66 -11 -67 -23 -85 9 -1 -41 -92 -63 -59 90 -30 -28 44 68 37 -91 -20 50 49 86 -67 62 -12 -21 97 88 -8 98 -3 -90 -45 5 -12 88 70 22 78 -23 38 -19 -99 -94 -41 63 21 -75 60 59 79 7 2 -9 40 97 31 -63 -99 35 -53 -48 53 -90 69 -93 -55 -56 50 83 -60 -56 36 84 -27 59 -27 24 -25 -95 -48 86 -40 -14 55 26 -8 11 0 94 -27 -36 45 -99 52 -14 -88 -38 -30 12 6 -37 31 -50 -66 49 46 52 79 -54 -6 42 -89 98 68 
81 -41 -94 18 -49 91 28 18 -67 84 46 -3 95 44 -16 56 -54 86 -84 30 61 25 91 38 95 10 -66 64 16 -69 78 14 -99 -72 88 42 -95 97 -5 36 41 62 98 -79 -93 24 64 -38 -28 -96 72 43 -6 -65 -26 31 -86 92 -28 -69 -47 67 -40 -99 -38 -29 -88 86 47 7 -71 -11 36 -94 47 -50 3 -60 41 -62 -33 -67 41 -60 -26 81 -62 66 77 50 -76 -29 -43 -27 86 63 29 28 -74 0 58 -62 -89 0 -21 0 96 -24 -55 72 32 -65 51 -24 -19 -50 -59 15 -31 84 67 68 -67 55 46 94 82 -3 48 -34 -41 63 2 68 99 92 -92 -70 -4 53 5 -30 32 -4 -7 -99 -8 -65 12 79 -65 -79 13 63 87 20 16 11 -18 95 7 50 -15 -82 -15 -91 2 -87 -94 8 -94 -70 38 38 52 61 -63 -98 -76 -17 -46 15 -21 -95 88 77 88 61 -88 93 35 -87 -57 73 -6 99 -38 32 69 75 37 76 0 -82 9 17 45 -32 -57 -31 -98 81 -25 25 -6 -70 47 84 -85 -61 84 -90 -31 33 2 -43 -82 -23 -1 70 33 -47 -53 40 -67 24 -6 38 45 46 -20 89 66 44 -2 -25 17 -13 87 -78 
94 -25 71 92 56 -65 -86 -47 36 -55 -57 55 -31 18 55 -1 -31 18 51 31 33 -8 67 -19 -31 -18 59 -8 95 92 -11 -48 -35 -14 -16 -65 50 62 -16 -25 39 28 -51 -54 98 35 97 -17 52 -33 18 -79 -66 61 -66 19 -25 35 38 68 27 -38 42 70 77 20 -17 59 48 -46 -36 -67 -99 83 89 28 58 -67 -13 83 9 30 -92 -39 83 73 19 -85 61 -29 62 -77 84 -63 -83 99 -5 87 5 -48 -36 41 -13 -1 67 -8 81 56 28 71 17 55 -59 1 49 -66 -97 11 -53 36 16 -12 -30 -63 -44 -74 61 -73 -39 24 -32 92 -82 -11 28 -59 4 -66 87 -24 67 -32 -74 -18 96 31 16 -47 -49 84 -16 81 44 -85 -18 -46 7 -72 -94 31 -36 34 34 -41 -86 22 -88 -10 51 -83 46 -71 49 -25 -35 10 71 -30 94 59 6 0 -92 81 24 5 93 84 -51 -26 -77 92 70 13 15 23 -34 63 41 39 96 46 80 -79 -75 2 98 -52 71 95 -51 24 -79 -38 -55 60 51 81 83 29 -92 59 33 50 -38 20 30 -44 -97 62 -4 43 -27 54 22 18 -74 -7 -63 67 -15 48 91 14 -35 -66 -34 -30 97 -12 
39 -46 -48 6 3 -93 63 -55 48 -48 31 65 4 -46 -7 -30 -49 19 26 -83 65 34 43 32 -54 57 -51 -88 22 27 -52 4 96 -45 98 -2 -24 59 80 -95 80 6 3 -52 73 -14 82 -12 -10 -18 18 -28 -77 -86 -42 -54 -19 45 34 51 9 -89 69 35 -96 53 -23 -83 12 -30 -68 -87 -78 -91 -49 81 54 -52 -21 58 -87 29 34 -11 54 -39 -14 -16 -87 66 -77 -61 67 94 -64 84 20 3 27 71 12 -39 -54 -54 10 43 84 -65 -21 -87 -35 35 0 -55 -44 25 52 33 63 -28 -98 -63 65 -11 -81 -18 39 -84 51 86 -31 69 60 18 66 75 27 -7 -38 -64 -8 -51 68 -5 -85 41 -56 34 -43 -19 -59 -39 22 0 -73 -19 -68 -93 -53 -76 50 49 70 -55 17 -9 48 -63 38 0 -48 -55 82 51 67 47 97 -37 -97 0 51 -19 44 34 60 -65 -84 -79 50 -71 41 63 47 96 74 -39 57 56 -7 -8 85 36 35 49 19 16 80 62 -97 79 -49 -67 -65 78 82 -95 47 9 -15 43 0 -92 48 -12 -80 99 74 12 68 53 13 2 -76 -61 -59 33 -49 97 41 75 64 -40 19 74 48 -90 -25 43 -5 88 
-97 16 86 95 -26 -22 -11 -77 39 88 -85 18 -32 -44 20 -61 74 42 -62 79 29 13 26 -34 50 -37 80 42 53 -43 27 38 -84 65 59 -58 38 12 25 94 84 5 -25 50 -2 3 88 61 -77 -14 20 -56 -65 -97 14 -74 68 -36 33 38 62 -91 -88 -84 81 47 -85 93 -62 95 41 72 74 80 8 -25 -82 -75 -46 -69 50 70 82 66 -2 63 97 -73 39 72 21 -10 27 60 -66 -93 6 49 26 -78 -82 -69 -36 41 -52 -79 15 84 93 63 87 98 -98 61 -9 19 0 -86 61 51 -55 47 -64 -81 -17 4 18 -4 39 -80 -49 66 33 -19 -99 51 -8 -32 -86 -70 -99 58 9 -21 -1 22 56 -95 4 31 0 -18 -88 8 -16 -91 -87 92 7 -38 -55 2 86 91 85 9 2 -53 41 -45 -1 -8 -7 43 -55 48 -53 -88 -32 -48 84 25 -12 -72 12 -95 82 38 10 -26 52 -20 -36 71 81 -40 24 4 65 -32 72 46 -56 -50 39 -84 -92 47 -40 -14 -7 -78 -4 67 79 -41 -68 49 62 -15 -50 59 19 85 85 62 26 94 75 -81 67 -48 11 -96 2 76 -14 -65 16 -22 -68 -6 -18 -97 39 23 -92 77 -34 -84 
-1 17 19 -74 -46 -86 42 74 -74 50 79 -2 -34 -4 -6 -52 73 -92 -73 -11 39 36 35 -17 29 45 -8 56 18 -54 25 -58 82 -62 -84 -93 11 -41 -19 -32 -37 -90 21 56 27 62 -30 31 35 -92 99 -3 -10 83 57 95 -61 -34 -20 90 1 -42 -33 -72 79 7 84 36 62 -19 -6 33 33 17 31 64 34 -25 -98 34 -53 -63 -46 -94 -6 43 -4 -97 -35 4 7 -52 28 -98 57 -32 71 -47 -83 42 -46 -1 -14 -10 81 -19 -12 25 -55 -46 30 67 42 53 23 23 -44 -34 -4 -63 6 -31 -43 77 -16 93 45 -14 -82 94 15 81 -84 -36 74 -80 25 -62 -20 36 33 -54 74 69 -60 -25 -20 22 -39 -99 -54 97 70 -7 -9 -40 -72 -19 22 71 56 17 61 -59 20 87 -12 -67 -99 21 -24 90 -48 97 -96 75 33 17 -19 71 -62 90 17 -91 83 7 19 36 -31 -59 -38 -61 -27 -34 -49 -30 -78 -23 69 -29 52 90 -43 14 -70 -51 59 -50 96 24 60 99 -71 -93 -11 -9 -52 71 -39 43 60 9 -84 2 -3 49 57 79 50 -28 -59 3 5 71 51 56 -88 -97 -31 51 -49 37 -67 1 -43 -13 -9 -70 75 -91 
-49 15 -62 -44 -52 32 -94 40 34 11 -48 4 -32 27 65 84 -69 99 85 24 67 38 61 -44 55 -36 88 94 -37 71 -4 36 0 81 43 9 1 -30 -12 37 -53 -66 16 -64 -69 71 -18 -87 -52 -13 -46 42 71 -8 7 14 35 71 36 -10 57 57 15 -99 0 -65 4 63 30 46 -89 70 7 47 13 -41 -45 -7 83 66 0 -74 65 -54 44 97 10 -29 -44 -94 -40 -38 -94 92 86 13 -10 93 88 -60 -61 -10 -12 -34 -29 -20 24 -7 -87 76 -52 -78 -3 84 13 -11 -9 94 -57 -82 -85 75 -2 30 -49 79 72 -55 -48 -23 82 -13 39 27 -87 -56 -57 -12 43 89 -47 -95 -7 -85 64 -5 -32 87 -65 -41 53 72 -47 19 -65 8 51 -56 86 -3 15 -37 -54 21 -74 9 24 88 -29 25 -87 -40 -94 22 21 -57 -66 17 17 18 -93 89 -96 51 61 4 66 -27 -57 49 15 -65 -12 -73 -45 50 69 20 40 12 50 -59 50 -87 -52 3 -55 37 -43 7 90 22 -48 -82 -98 -69 39 -71 1 64 -26 -19 -69 -82 24 39 29 80 -44 -27 57 -76 54 14 -11 51 -67 48 55 -45 91 -82 32 -64 -70 38 -34 51 33 -16 
-70 18 -28 23 12 -34 25 34 2 -89 17 75 -47 94 4 83 -94 76 -71 -9 -43 -18 -22 63 64 -75 -91 -61 -3 15 -62 -6 -50 -36 -91 89 -45 33 -32 8 84 6 27 -37 47 -74 -69 87 24 17 79 25 99 68 -66 54 55 82 -94 5 -60 19 -10 -58 76 29 -93 -77 -35 -67 46 18 70 -41 43 36 -90 78 -54 57 -51 96 13 -25 -19 25 26 -69 -14 34 82 51 -16 -73 40 -25 -31 4 28 27 94 7 -4 -47 -5 89 0 -76 87 -53 -93 55 59 71 33 25 75 -6 63 -39 83 65 14 -13 -99 -72 20 -64 -69 -60 -48 3 -91 -70 -98 -71 -57 -83 44 84 -94 50 17 39 52 22 -9 58 -29 -22 68 -23 87 -8 20 84 -94 -61 72 -37 -19 84 -32 80 84 34 -9 24 40 -47 4 70 71 39 -42 -72 67 -37 16 53 -33 43 -55 -95 -18 91 34 47 -6 -57 84 91 -85 15 44 -15 78 -82 -92 82 -69 -24 49 65 -66 -39 -42 70 22 -98 -84 -51 -57 -15 6 -97 -1 38 -66 -63 -61 50 25 -16 -25 -96 -36 -62 -73 -26 -30 40 35 88 -99 81 -41 57 -74 -21 18 -26 -21 -19 24 -5 -88 20 81 34 
77 47 29 -31 -60 1 -17 -80 55 -10 42 -75 46 -68 18 -73 -46 93 55 98 -22 -6 -68 -84 40 81 49 58 3 74 85 13 -98 -96 -5 66 23 -68 -59 27 -10 22 22 88 -52 18 60 52 19 37 44 52 -83 18 -46 54 -55 79 -32 91 97 -91 46 34 -11 53 83 -25 78 -74 -39 -14 54 -58 -96 45 -32 -8 -14 26 53 -52 -71 14 -48 -15 53 48 -47 30 42 74 27 -72 -88 23 69 80 -17 -77 -9 -36 -64 20 -52 -46 -26 -94 75 -92 -3 68 89 85 20 -55 40 -12 45 -49 1 -46 49 -19 35 -31 -59 32 16 -7 32 -2 57 -11 3 -53 46 26 30 41 -10 -84 12 64 -90 9 14 -70 -47 19 -75 -53 40 32 8 -21 -89 30 -26 -23 49 -34 -53 22 -80 -27 -53 47 75 22 -83 -47 37 -6 59 27 -27 -94 -19 -13 71 98 -67 -53 -33 76 52 37 57 70 29 34 3 -68 -46 -58 -33 -16 -2 65 35 -34 -11 -61 27 19 14 31 19 -10 -94 62 -75 7 21 -7 89 -7 -37 -17 87 81 -29 46 -13 -12 -71 -32 2 -15 -35 74 76 -86 -15 92 -20 28 62 -49 66 -90 85 -35 -81 24 56 -9 -3 51 
97 -93 30 13 -91 -85 -71 -4 57 -93 -97 -97 -97 75 24 15 84 -32 -69 21 -29 52 77 70 63 -99 -60 -76 -52 -29 21 -49 -73 30 -76 -84 -67 6 95 -21 -26 28 27 93 46 -65 54 -82 -85 50 -77 26 19 -1 -37 -22 -38 66 21 -91 53 30 44 17 34 -98 -45 65 -88 81 38 -80 -45 -69 -49 -61 6 -24 84 30 -50 88 -51 -95 -2 50 45 -35 15 -71 7 -56 -24 -6 90 -57 -16 -67 52 -98 -41 30 -80 -99 58 7 -10 -12 -22 58 -86 -76 41 89 13 75 78 -73 -7 -74 -97 76 -44 92 97 -51 -69 -88 -83 64 28 26 34 72 46 30 -13 -84 73 -49 -1 -35 -47 -68 20 -5 -1 54 76 -53 20 51 -47 33 -64 -22 -20 45 -50 74 21 -32 -26 71 77 24 4 49 25 -25 78 97 -48 12 -41 18 32 5 68 -11 -13 25 85 96 69 47 -37 -79 -38 27 75 74 62 42 -13 97 75 97 62 -74 99 -34 93 -3 -32 -92 33 -25 -67 -84 -3 -13 52 -64 -37 -22 70 -33 66 -65 96 39 -14 -81 -11 14 52 -72 -11 -36 30 56 52 -1 85 -86 -43 27 26 89 89 -11 -27 -80 27 50 -31 40 -46 33 
18 66 -49 16 34 -90 -10 9 -37 -53 97 28 0 -65 -98 -18 36 5 4 4 -3 14 -13 -54 -72 21 -25 5 -97 -76 -39 17 -60 -76 -64 92 54 -87 -94 -51 -76 37 -76 21 -58 84 48 84 -64 -6 -86 69 86 28 -50 -29 7 86 77 -38 -93 34 -83 -47 28 -59 -27 -5 -40 88 84 13 -46 42 -99 72 37 54 -62 2 58 98 -70 -16 47 -94 19 45 38 7 92 79 -64 3 86 3 97 52 33 -15 75 -39 -10 -83 85 -99 -89 38 84 29 -8 32 87 32 80 -29 -23 -80 -54 11 56 -29 88 47 26 -41 -15 59 -97 86 -68 -19 72 16 -69 -36 95 -84 81 -30 21 81 16 -5 -79 71 35 -19 54 -30 -3 -91 47 -5 50 16 -42 -6 -28 76 80 32 -69 34 -31 -30 61 61 -27 -48 -83 -14 70 54 59 45 -67 54 -88 29 2 -79 15 -28 70 58 -60 65 57 95 53 -62 81 -89 -65 -10 -6 -35 47 -27 -80 36 -96 -70 63 -53 15 -2 -21 48 7 -7 89 62 90 31 68 36 31 4 63 12 11 57 -34 -96 33 -45 -11 42 69 -5 -50 92 -95 -92 45 -10 92 -72 -6 -48 -69 77 -2 -15 24 -19 63 -33 
-21 -94 -6 -77 12 -23 8 90 -45 -32 -57 5 19 -48 25 71 98 23 75 -88 11 44 58 -43 4 19 89 38 -67 -26 88 -18 -51 -31 -51 -30 -67 -34 26 -23 -54 -5 56 18 -97 -70 -15 22 39 -25 22 1 4 -51 64 85 60 -51 3 68 -90 -36 54 -21 86 -75 -98 -11 91 -40 54 34 96 0 74 -56 33 11 -52 21 -2 -9 -97 -92 -51 -93 51 -79 -19 58 -9 -49 27 98 87 82 51 98 42 46 -73 88 3 -38 9 71 -41 -64 -90 74 43 -90 85 29 -54 -85 -97 -88 2 -55 90 6 -80 -75 -61 -81 -9 -86 78 13 -27 -95 -16 -58 -3 -47 66 -34 -56 -17 -61 -71 18 87 -68 -24 -8 64 -31 86 -19 -66 27 -91 66 -9 9 -35 -84 -12 52 -81 -94 88 -77 -90 -94 -35 29 31 15 99 -89 42 -40 -13 7 44 28 29 31 84 -68 -41 -57 16 54 -89 -85 38 -42 -80 -33 63 70 -48 48 42 -56 -14 37 -51 -97 -70 -11 -51 -96 -63 97 -85 55 45 17 20 73 -12 32 -97 52 78 -87 68 24 -49 -67 20 -30 -56 47 -83 -58 97 78 -76 15 -52 -77 -24 -35 24 -32 60 16 41 35 5 43 19 6 10 
-91 -85 -28 -83 36 17 -31 -37 57 76 -86 45 70 11 49 96 -27 55 -30 50 3 -97 -39 83 4 -88 -97 -56 -46 76 19 -27 84 -64 -27 37 61 86 74 -9 -4 -75 -41 -3 -82 2 -38 65 -56 -14 33 89 -41 -13 65 50 -12 -19 88 74 -70 16 71 88 53 22 -88 16 -88 87 95 70 -71 91 -62 72 -51 -29 6 -41 -92 97 -69 -56 -15 -13 51 -44 83 -70 37 94 44 -77 76 -83 -98 83 -40 -34 78 -86 58 90 12 77 -14 -32 -23 -14 -47 -30 -77 -16 59 -75 -89 -23 -1 55 -45 76 -95 96 -18 -22 -7 81 -6 -9 70 -70 -68 18 30 -58 14 77 16 -24 23 73 16 84 -6 -70 -74 7 46 -75 -32 4 8 94 -38 40 39 55 93 67 -92 -89 -93 14 -10 16 -3 41 -85 -17 55 50 -74 92 -8 -47 5 -18 19 27 -83 -38 -2 49 63 -41 -8 9 58 -4 -39 88 32 -92 -84 -13 -19 -43 -80 69 -25 48 -92 8 -66 -4 52 87 -14 -46 6 -48 -77 -85 -93 -96 -45 -63 -45 84 -38 -1 27 88 -28 -61 50 -55 -86 -21 -59 34 0 21 -41 63 41 32 -50 63 -87 18 -68 75 12 -92 -39 72 -8 58 
60 12 -50 29 -34 -59 7 -72 -18 48 -58 -78 46 8 8 -51 39 23 -11 13 84 -82 39 -23 89 21 12 25 67 -7 -97 -82 -40 -69 -30 79 -34 -86 33 90 -42 -81 -35 -82 -64 58 29 -95 91 26 63 -87 -99 -49 -34 -70 -51 78 -37 -17 -82 97 21 5 87 43 48 -29 61 -61 88 7 72 -26 97 64 21 49 -26 -73 38 -60 -37 1 87 57 39 -63 -38 -5 -19 56 -87 80 -36 -96 -13 81 22 -45 -67 -58 94 -48 65 30 62 18 95 -94 97 -52 -86 -41 67 -24 48 63 17 88 23 -17 -65 -46 -33 -34 -39 28 -83 -94 11 45 38 -20 47 -34 55 27 -3 68 -5 16 -64 62 64 -56 97 -32 -33 -12 6 -28 -58 50 -36 77 -26 -27 -14 22 -88 39 77 19 -50 -29 26 46 73 -93 -81 -69 70 -34 -97 61 84 14 59 66 68 49 -11 1 -29 67 27 57 -60 51 -42 91 -76 -65 -36 -52 85 96 -80 26 65 68 57 18 -85 66 89 34 -55 -45 -98 -9 28 -9 29 19 13 -35 -40 87 -17 77 78 71 79 40 -41 64 41 -1 99 28 86 -24 53 -28 -95 -38 70 95 -69 -54 50 24 98 23 67 -97 13 -60 
9 58 66 -6 91 -41 -46 -66 97 34 -8 -80 77 76 -95 24 -38 -69 -72 24 29 -76 -27 27 -52 79 -88 -50 -72 -47 96 49 -32 -45 2 67 -45 -20 32 -12 -41 16 27 93 50 20 -64 1 -18 -6 -85 -48 -35 27 -19 -96 -20 27 11 35 -26 -99 99 -52 44 -9 -87 -33 -27 -75 -84 38 -63 65 -52 17 -42 71 41 24 -73 -43 47 44 -47 -56 42 11 79 40 -11 11 -12 -91 41 82 -78 12 31 83 -72 12 -18 -15 35 -67 -66 51 18 -58 -73 74 21 -87 -51 60 15 -94 92 44 -10 50 79 1 -39 -33 -82 -99 33 91 40 -56 15 88 53 52 73 -66 75 -49 64 33 78 61 -98 -85 89 19 -12 -26 -87 -38 -63 18 -33 59 32 26 -98 -91 88 -4 66 66 42 97 69 -66 -54 75 -20 71 72 48 -40 -42 -47 -20 52 -58 -83 41 -72 52 89 -65 -90 35 83 -62 16 -56 75 -74 16 33 -37 12 -55 -22 31 -69 -36 90 33 -17 16 -2 36 87 -66 39 62 94 78 -68 29 21 83 -25 79 -89 -71 -95 -1 -94 -26 -45 10 -33 40 70 -18 34 -10 19 -49 63 69 79 94 -87 75 -12 31 82 79 13 -49 -8 
-26 53 -5 -80 16 -45 5 -6 3 -60 -38 58 97 -47 -64 -50 2 -3 -96 10 -76 29 -52 93 -70 -73 -93 -81 98 39 63 -75 45 -26 85 33 -27 -83 -78 74 82 -42 -55 81 -96 98 -96 4 54 93 -78 40 25 67 -38 29 -3 56 -79 76 -58 -52 -16 62 -55 -96 17 17 2 78 -12 -69 -34 -27 92 58 24 44 -22 17 -19 39 -21 67 2 80 -15 -50 23 -27 49 60 -66 71 -52 72 93 71 3 -2 -45 55 -77 -95 -76 -51 -43 -27 4 -12 65 -26 -72 93 -74 34 -5 16 6 -20 -67 -63 -52 -65 -92 8 -2 -77 28 35 2 67 59 -7 -10 -96 69 39 32 -26 -99 56 -50 90 87 46 94 -22 -11 16 31 73 95 68 85 -3 -56 -52 -9 7 -68 -51 52 77 -9 31 -65 63 30 -67 93 -29 -50 -93 -38 -60 33 17 97 33 14 85 -58 -52 63 86 -58 -28 -30 80 64 -51 97 -37 5 43 71 -25 -88 -52 77 44 60 36 -30 -75 -90 -70 -86 53 90 -37 17 28 -31 82 28 36 77 78 90 -79 34 68 0 23 55 -56 -65 -44 90 84 -3 52 66 -61 -46 25 16 -41 59 -3 -91 -40 -15 38 19 51 35 28 
64 -99 -77 50 -6 -83 25 3 12 50 -8 36 51 -37 -46 96 -11 -58 10 -81 47 -39 -86 -44 67 -89 88 44 81 -73 36 -99 21 -17 64 44 -15 -64 -61 41 97 1 36 8 56 -31 90 -19 54 5 23 -20 -14 91 30 98 -37 1 9 35 88 -58 97 21 78 -32 26 -60 -73 1 83 70 78 -7 -94 -11 -89 -17 63 35 31 52 63 -90 23 -58 10 55 66 -23 -60 -5 -13 25 65 18 -88 -76 28 -30 85 15 52 86 67 -79 82 -36 99 -83 -92 57 35 -31 -95 73 30 -71 -99 52 -3 13 -79 -29 -66 69 98 -13 12 85 -59 98 4 -88 79 -52 57 41 -36 -90 54 -90 -29 -97 -69 0 -93 98 26 99 -73 48 -78 -19 -96 6 -34 -6 -68 80 78 -84 -58 18 -90 -15 47 40 -80 -25 -75 -64 -47 -70 -87 23 -76 -42 71 75 -92 -3 93 59 16 -83 22 -60 2 84 83 -84 27 36 -74 15 -97 25 83 -51 3 36 -14 -56 -82 42 -28 69 -98 81 -82 88 50 -7 52 35 -61 14 -15 72 -30 52 -85 -25 -82 36 -36 -26 33 -15 29 51 -61 -31 14 -99 82 -58 -31 -47 -36 -95 -63 -45 -91 89 -35 -82 24 34 
16 36 78 -28 35 0 -45 -2 42 40 95 -18 -96 -10 -97 13 -10 35 -2 16 -33 -21 87 57 -61 17 -49 -19 -91 -86 21 30 -17 56 81 15 -36 -71 24 -33 56 91 29 -40 -27 -65 81 -93 4 -28 -44 86 76 -15 67 68 43 15 -9 63 4 24 89 -47 -64 87 78 -85 67 95 88 -49 -51 -4 -76 -40 78 -79 9 79 -6 -5 -71 -67 53 3 -96 93 81 18 -12 -43 85 -85 5 49 -98 17 -17 -32 -42 30 58 -79 44 -44 -58 -82 47 -92 33 -6 77 57 -96 98 -35 -72 -53 -17 -67 25 47 -86 -99 46 85 -71 -48 56 53 98 -39 -8 -76 8 -25 -33 -71 0 15 -79 -22 72 -50 35 11 90 -74 -84 92 -48 54 -37 85 78 40 -60 62 -38 73 83 25 61 -20 -29 -47 -22 23 87 10 1 28 49 81 -98 21 4 61 45 31 -78 49 43 84 -44 -99 -37 76 -18 14 -50 32 36 50 -27 30 81 25 -49 -87 -93 -14 79 -83 -92 -71 30 -56 34 -56 -7 85 25 68 -4 -97 -78 -98 -94 94 85 30 54 36 50 -42 46 -90 -94 -33 17 17 73 75 20 21 -89 47 -31 19 56 93 -72 74 -94 -48 -20 -94 42 
-23 7 -44 96 79 -63 -56 -11 -78 -10 57 -47 84 91 21 33 -29 39 -74 -69 48 -75 -73 67 -40 5 28 37 43 57 2 94 -38 -3 37 -81 12 -50 -76 -88 62 -59 29 -6 -36 -80 -77 30 47 -18 63 -28 -48 67 -76 57 68 12 24 21 -99 54 -56 53 -31 -97 -40 55 20 78 -9 74 48 -2 88 -3 67 10 29 -98 90 -77 -21 -31 -75 60 -83 15 -40 95 52 -8 28 95 -3 -46 56 -22 -8 69 -88 69 5 -4 -42 94 17 -75 -60 -34 97 14 33 97 -3 50 -52 -66 54 53 -82 33 -54 76 -59 65 72 93 31 -23 -88 56 39 31 -60 55 -52 -82 -28 4 1 86 61 63 19 -28 85 73 -54 76 -67 -46 42 97 54 -69 36 77 62 -32 -23 -57 13 38 33 35 -51 -36 -75 -75 24 56 89 -99 36 75 74 -92 -7 -40 -77 -92 -5 21 -91 -7 -30 9 -80 75 36 64 -9 87 -99 33 -60 48 27 92 70 -69 -44 -35 -84 33 -20 -62 33 95 -19 -41 -36 76 -6 94 -93 -19 66 27 79 99 43 5 -18 -84 -42 56 14 67 -45 -57 -85 49 62 -56 8 -61 33 68 12 89 -43 -83 31 61 64 6 -26 -43 
28 -38 14 82 -88 70 6 95 83 51 -7 -82 21 80 -2 22 20 3 -94 98 -88 13 6 4 73 7 -99 33 -81 49 -78 -89 -14 54 36 55 49 -62 -70 -76 17 -44 25 -78 28 62 10 -47 81 79 -41 26 47 -87 21 -15 63 69 26 -69 48 -16 -87 61 -17 -59 -62 13 -23 12 34 -8 81 40 70 95 23 -21 -85 43 79 -91 0 62 -85 -28 -54 72 -31 67 9 -81 57 -37 -81 -12 43 -80 -13 -22 -75 32 -55 57 -23 -98 -97 -47 34 49 26 -80 -40 86 -62 -24 -28 -73 -56 3 17 32 -71 56 63 68 -74 38 34 19 1 -66 -27 -72 99 -30 -82 -65 -26 -96 -65 18 -64 42 -85 -60 94 -31 -82 -96 -6 75 7 -12 -55 -97 96 -21 -69 -18 -62 -70 9 -38 45 27 84 10 95 -73 -49 50 -23 97 -19 -34 -19 -78 72 -64 -33 -36 -46 19 -10 -45 93 43 -36 36 -55 23 46 4 -81 39 -21 -14 28 -45 81 -2 -24 62 58 91 -21 74 40 -49 -49 67 -20 93 -41 -76 -73 84 27 -41 -12 -24 57 58 98 -7 49 38 -78 57 74 75 94 62 74 -32 -9 69 91 -22 24 74 25 -82 61 -56 -40 -89 89 -80 
-60 -39 1 -68 37 81 80 -95 -65 -5 -63 -43 -89 72 -70 30 80 27 96 -39 26 -14 38 68 -67 3 28 -39 -84 -7 65 71 -24 58 -50 32 -67 -15 24 -52 52 -29 64 60 -94 10 30 8 -90 -5 11 24 -95 -96 -95 -30 -8 -64 78 52 2 -49 20 75 22 16 25 -66 4 83 -62 -75 28 -72 -75 75 -28 -18 -49 -36 23 -79 15 -81 -6 -36 -45 -52 1 23 -77 -75 71 58 98 65 46 -95 0 -43 -10 -71 -55 -31 31 54 50 38 -31 -90 -42 -6 27 84 38 92 -93 95 -97 -36 36 68 49 10 -10 -49 23 37 -39 -53 89 85 -24 29 -52 -60 44 36 18 -87 -30 -57 -99 -5 75 -4 52 -5 -67 58 38 46 51 -93 58 5 35 29 -36 -86 -41 -63 90 96 60 -75 -40 30 -3 -79 -78 60 -75 -4 2 -12 -67 -73 10 67 -22 -95 -33 82 17 65 -69 2 -35 53 69 -48 43 91 45 99 -46 -82 -92 -42 -37 50 29 -30 62 80 -64 -8 41 -90 -24 83 25 52 -63 -44 -20 -98 -40 22 81 -52 68 67 32 -7 -25 -71 46 73 97 38 96 -1 -11 62 -39 98 84 21 60 75 -73 76 70 -53 -23 -54 66 -63 
17 16 -99 65 -1 -29 -43 -13 11 85 4 18 82 -17 -37 -99 -34 -48 8 -79 -54 -48 -75 48 85 -54 -12 64 30 -3 16 53 88 -5 18 56 84 -94 -77 46 69 64 44 9 58 99 73 52 96 -19 -62 -91 -73 58 49 -48 -10 -18 -2 -25 81 -86 -20 31 69 -31 39 -68 52 41 54 40 -28 89 -7 -69 3 24 88 48 -94 -41 31 -77 18 74 -70 69 -47 -58 3 78 33 -37 -12 9 38 75 -14 -2 17 12 18 -66 -73 -19 23 98 72 -11 -57 44 21 20 47 -16 -13 64 -63 46 68 -22 -86 -61 -38 -57 83 27 47 49 88 -7 -66 46 91 54 47 21 -13 -76 1 89 -80 -42 -75 29 24 -54 -89 24 59 91 -56 -98 -12 12 -6 -89 -76 15 -66 18 -73 82 72 35 -31 -40 98 89 15 -89 36 -52 -18 71 6 48 -54 85 -14 -60 93 -22 97 58 -35 -12 98 -78 -90 71 44 42 24 60 -50 67 -45 -97 21 -6 -14 -71 6 -83 36 26 -31 -1 11 48 -20 -67 51 -94 -39 51 -7 -84 92 94 -12 -80 37 42 -83 83 58 -43 32 -36 4 69 -79 11 -18 79 -64 -37 94 1 -40 -95 45 48 88 -95 79 -49 
-98 8 -28 76 -82 45 86 67 -47 73 -61 -14 -68 -78 12 -83 -77 82 16 48 15 -83 46 -30 16 90 -20 -67 -90 31 41 20 0 40 -89 41 -60 -99 -58 98 -39 45 -87 27 -6 -17 60 -70 38 34 7 94 18 17 -3 83 12 67 -41 24 -39 44 81 -16 8 16 63 28 38 -38 68 -88 49 -23 -57 17 -91 51 73 -99 63 -15 -36 90 -30 -42 34 -87 -3 -70 -65 -44 -95 -74 17 33 -74 -30 96 6 10 5 41 -57 -63 -57 -92 25 -91 -10 88 83 2 -50 -58 32 40 -71 90 -38 95 0 44 95 80 87 -92 19 33 -36 -78 4 0 -99 -50 93 23 -88 -69 45 -93 -38 55 -7 -58 37 -88 49 78 81 76 -70 -87 94 66 -64 -26 -92 -8 55 -47 89 96 46 -38 80 -71 59 -81 18 49 2 28 -44 37 74 45 55 85 -67 -52 62 17 -25 1 -73 27 -35 18 56 23 -16 -74 67 92 24 -2 73 23 -1 -19 -45 11 -50 13 -74 10 -31 89 -94 -9 66 -79 82 49 -76 -11 -91 -2 -64 -78 -99 66 45 66 -85 26 86 22 -95 -3 -65 -20 47 78 72 -57 -80 -6 -86 -67 -13 67 -31 -47 -18 22 -74 53 -58 
29 -71 -57 -95 -34 6 37 78 58 -85 94 95 -82 82 31 49 24 14 -85 -52 -11 8 41 -8 -66 16 75 26 30 63 -18 97 -49 88 85 26 77 32 -86 -35 65 -17 -46 60 -27 -78 -3 -59 0 -49 -29 52 41 -54 99 -88 -14 49 -66 -19 81 -51 -23 71 -93 21 -39 -79 69 -52 -18 79 -34 97 18 -87 -8 -5 -50 2 72 -14 99 -33 44 86 -69 96 2 37 54 -26 29 -13 -16 -12 16 -73 -66 72 58 -24 78 -44 -4 59 -80 59 -16 -92 -90 6 -46 21 34 -75 -66 -84 -23 -4 71 13 38 -40 38 -85 30 71 -85 -62 -24 60 -62 -64 -87 23 31 64 99 5 72 -75 -24 24 65 82 -79 -80 28 -17 88 -45 -4 -62 -97 -10 55 -70 87 -93 -51 -18 72 -39 45 39 -56 6 64 -94 -52 -51 -42 44 -73 -47 11 -3 52 -24 23 34 -67 76 23 34 76 -54 -63 -41 71 -95 -89 46 -44 11 36 31 -90 -7 -67 38 -1 -14 53 56 86 56 -26 -82 -67 -54 59 9 50 31 -88 -9 67 -63 -13 -73 -19 44 39 -81 -29 12 -59 -84 27 32 -80 -87 67 42 86 -49 57 -42 -20 61 13 44 58 -87 -68 -82 -62 21 
-5 -30 -45 84 91 -5 83 -22 8 -72 -97 -38 57 72 20 -23 46 69 -38 -90 54 43 -96 -27 23 -17 -78 9 13 -70 15 70 60 79 -33 81 -42 -73 41 -63 -99 -50 -88 -33 -89 -46 9 -61 -92 51 -36 47 -26 -6 -2 -4 37 35 -72 29 -57 22 -88 79 6 -4 -67 29 -51 -98 -45 99 -33 -34 70 56 -94 -53 -27 37 -30 0 24 -61 -10 -8 -38 -1 77 -30 -64 94 45 -84 -97 50 -74 12 72 -35 -90 80 46 -99 -67 27 -72 20 -89 84 46 -28 -36 90 -17 -46 19 -26 72 -17 -22 -14 48 60 -3 24 44 49 55 -81 50 59 35 -82 -84 -93 -62 -53 76 -91 70 -34 7 -91 33 -74 66 -5 -2 -21 -79 75 51 -22 -49 -24 80 -75 -29 71 43 66 45 12 61 -35 76 -56 2 -33 -43 -96 10 12 79 4 -68 6 -61 89 69 5 74 -63 90 68 -94 85 -72 89 32 -95 -46 -30 16 -19 8 68 21 34 -42 91 -78 -19 -32 14 -64 81 -37 -6 -17 64 -77 -53 -48 86 99 -55 -46 31 -83 -44 87 -61 -7 -28 98 -74 37 38 86 -3 -18 -43 -33 45 -73 -80 24 25 -27 -21 90 -59 -4 -4 12 -92 94 -11 
50 -18 -98 54 -26 -46 48 46 8 -71 58 46 -73 -86 64 89 6 -1 15 42 -93 48 23 -50 1 1 71 38 -37 -87 39 10 63 -28 -46 78 -87 -5 19 59 40 74 61 93 -32 -7 -59 -82 -5 7 -25 56 -7 26 51 -78 -35 -74 10 56 -44 77 -90 -17 36 28 85 18 -33 -97 -50 -24 2 -27 -21 10 88 -90 -39 -38 -65 -40 93 0 1 -36 -57 7 13 57 -47 61 -9 37 27 -22 -70 -90 58 25 47 -21 -99 -10 -52 -36 -41 -77 -58 -3 -50 -94 8 81 6 -58 33 -4 -72 -53 -44 -1 51 95 -20 -40 -9 -42 80 -98 45 15 -90 -9 6 57 41 -84 -40 -80 29 -13 -49 -4 -92 -10 -44 41 33 52 49 -21 -20 85 -61 -40 -55 8 83 -80 6 87 98 -69 21 98 -50 95 30 94 -46 52 31 -59 14 -90 -92 98 68 -41 60 -8 97 -32 55 -20 -6 -44 -44 -61 -73 18 -64 79 14 -54 -36 -7 94 -80 37 93 60 67 6 -21 6 82 -73 -49 82 47 18 4 73 -55 -4 6 -59 76 62 -92 -39 40 11 18 4 -70 31 93 -53 38 -99 36 -60 8 58 23 3 -17 -4 84 14 25 -78 73 -9 33 -74 20 
-18 -54 91 -71 -31 -65 85 40 92 45 29 -50 -40 -8 -99 -25 -63 12 73 -16 96 40 -6 -30 -42 -30 -98 44 9 53 85 -61 -1 18 49 17 80 12 61 78 -88 88 -57 38 -64 16 99 25 -60 48 47 42 -79 -19 -24 -64 90 57 -68 93 -98 -12 93 8 21 -91 57 -88 -28 79 83 -6 -88 80 70 34 83 -27 -61 -36 49 -87 -45 -99 -7 25 -88 41 64 26 99 -72 -80 -84 77 -65 -45 62 -54 19 63 -94 -56 46 -47 75 -46 6 -37 90 -95 32 -88 32 19 -3 38 25 -52 77 81 -91 71 -87 60 12 -50 26 -13 -46 60 4 56 24 14 -45 -27 85 -17 -46 9 24 -3 64 -13 62 -93 94 -68 60 80 28 -48 -33 26 -54 -66 80 -68 -84 -18 84 -9 -4 -3 -5 -89 -33 -74 90 61 70 6 -74 -73 91 15 86 -3 -46 -41 -28 -52 -60 -30 94 -78 53 95 -47 -42 31 -46 -11 40 -80 77 -59 -37 64 -91 -38 -66 15 -50 -24 -81 10 -56 86 -17 -69 84 -34 -96 56 -96 10 29 -11 -86 -42 -58 -1 57 28 -43 29 34 15 78 -48 -34 68 62 39 -87 -81 42 -24 6 -63 70 -89 20 -58 11 83 6 65 
-69 -28 -98 55 42 -26 -70 58 -65 41 87 -67 80 68 86 -57 19 59 -17 59 -53 -61 -89 77 -91 -26 88 96 48 -12 4 39 -78 -52 54 97 66 -28 -46 33 16 -65 -3 -94 -99 -88 5 10 -44 51 -73 -67 61 -16 -22 41 -71 65 -41 -77 -95 3 -94 -60 77 -7 -24 -32 64 8 57 69 -48 -49 -59 40 53 -23 70 -71 70 58 -11 -97 -73 -79 10 -73 -61 57 -20 -59 -16 85 0 72 52 -21 84 -22 67 88 47 44 9 60 -28 72 95 -43 -90 49 71 48 94 96 61 22 20 59 -6 85 46 -31 -67 58 53 -31 78 -93 79 69 17 85 76 65 -37 30 90 -99 -34 -63 29 21 -82 54 46 -63 -35 89 35 61 -70 79 -3 -79 -88 -59 43 -73 -97 39 2 79 37 0 44 69 39 -44 44 -14 48 66 80 53 -58 -29 61 -58 -16 -10 -40 -82 90 -33 -48 71 -71 12 96 -64 -18 -30 -25 74 -39 93 -4 22 -25 61 59 85 -30 24 -71 53 -7 21 34 58 -25 -83 44 -26 -63 5 -90 58 34 -50 16 19 -47 19 0 82 3 92 -78 51 82 -97 -95 52 76 84 -17 -43 -37 91 7 63 -25 59 -46 74 39 -89 
80 16 -72 25 86 -42 -34 40 -43 -38 89 -82 -42 49 -74 27 99 34 -48 50 1 -72 59 64 -35 96 -67 72 29 23 82 -66 22 -92 86 40 -64 -99 83 -56 8 66 59 -47 52 0 44 49 38 8 98 55 17 93 -66 18 -24 -73 -23 1 25 55 62 -18 -96 -74 99 -8 -61 86 80 -27 56 44 62 -88 -97 -12 -44 -90 -2 49 -5 -39 -53 -56 82 25 50 -50 80 -43 45 -99 90 29 -94 -43 -64 6 84 56 -24 -32 -45 -89 -35 -32 79 -10 -38 12 -67 -7 -33 90 -18 64 -16 24 -53 -74 -67 -19 2 -80 -15 -22 89 -13 78 -60 38 -27 -28 -38 34 37 -59 -40 -29 81 71 22 10 38 52 -35 -68 -64 94 77 36 -22 -69 42 20 34 -51 -8 -4 29 -15 43 -55 -32 -21 -17 -96 28 13 55 42 97 -57 -62 75 -55 -66 -32 -54 69 46 -84 99 -8 -14 -95 -27 -6 94 98 44 -9 -34 31 32 0 88 -73 -81 51 -83 -50 39 -28 -55 -51 -11 38 8 9 56 5 -77 -71 1 -52 -75 -70 77 -85 -85 -13 -1 -55 -30 12 -65 -11 -94 13 48 -98 98 3 50 -2 92 -89 86 69 -82 65 -93 -89 -82 34 79 -77 
-52 73 97 4 81 -58 37 -76 -3 92 -29 -47 -54 59 73 -64 -82 -97 -85 -32 -19 71 -79 20 -51 -95 85 -16 1 17 -43 88 -27 89 8 -98 -23 -88 16 58 -42 41 4 70 -96 80 -14 7 -19 63 79 -98 -16 11 -12 36 -97 -40 64 -78 -6 -13 -67 -86 28 -8 66 -59 99 -27 5 40 9 20 -27 -51 55 18 60 68 4 34 71 47 -79 37 62 90 92 -6 -12 -90 -40 -81 -83 28 -79 -9 5 86 -75 -1 86 58 -49 -10 -33 -40 54 77 -87 -38 -46 22 -32 -50 -10 -77 -2 52 9 97 85 36 9 47 36 93 -30 -39 -95 -68 -92 59 -46 -69 -99 39 19 -29 66 -74 -92 96 -30 33 52 50 35 97 64 86 -10 90 62 14 29 72 26 -67 -58 -29 58 97 -51 15 -20 -32 18 -12 42 77 39 92 88 -24 43 66 26 19 -50 -8 72 -12 19 -78 -30 -78 92 88 37 61 49 18 -96 -32 -7 62 19 -86 42 47 93 -62 94 -28 -22 66 8 -81 -1 -46 66 98 -18 -20 60 70 74 -2 -91 52 97 96 82 97 92 24 -31 -75 -65 6 -40 95 -22 -93 71 -48 44 -3 -56 -19 94 50 35 36 97 48 54 77 
-15 -20 41 51 -19 79 -55 -67 -45 -24 -86 -15 71 -20 69 3 -22 33 -15 81 34 26 44 -90 50 -1 -49 23 -63 9 -77 79 -9 30 94 99 8 83 -81 -91 33 -39 -90 92 52 -3 46 40 -9 -69 -34 -57 -26 39 15 -47 82 55 86 71 95 -27 -34 -58 62 77 53 9 -86 11 -1 74 16 -52 -44 90 -85 -83 -51 3 57 -25 -79 -22 37 21 7 26 17 -36 28 53 -85 79 -5 60 46 10 -49 54 -93 -75 -40 -60 -61 -66 93 17 39 94 78 -48 -35 35 -63 90 8 -84 -50 36 29 -27 75 43 18 98 -63 -39 -63 15 61 36 79 -15 22 78 -87 -56 78 -89 86 -86 -82 7 -20 -54 -52 -82 83 31 -45 21 39 23 -93 -94 -95 28 95 27 -61 39 42 22 2 -85 -16 60 66 33 -23 -1 -2 -14 -74 88 -17 37 65 -47 8 -94 43 15 45 -51 -24 -97 -46 -36 -45 -23 -61 60 -5 6 -76 -67 90 48 69 87 36 -22 -75 89 9 43 64 64 -85 90 3 -29 17 -19 58 84 -11 93 24 94 43 -11 34 -48 -66 -88 -25 85 -33 72 -59 20 82 -64 -33 -38 -79 -19 60 19 99 19 36 88 55 10 37 58 
93 -2 55 -26 -63 -30 -63 15 51 58 28 -83 15 87 -90 -27 -81 -42 -34 35 -7 -60 23 -17 69 -45 88 -49 51 57 16 -73 84 0 63 50 -10 24 -32 47 -78 29 37 66 -48 -86 20 -14 -2 -8 -84 -91 68 89 81 -66 -80 -21 87 12 77 73 46 -91 -66 11 11 1 68 51 -70 78 95 68 35 -65 6 97 59 59 15 -84 15 5 -95 58 -24 -51 -9 34 -28 -46 -81 70 -13 55 63 -60 8 -66 -46 78 -96 28 -28 82 67 -47 51 -81 30 -43 47 1 13 -85 36 -59 -71 -68 -60 -75 25 89 -61 59 47 44 69 -43 -25 49 -64 -70 -16 -81 58 -92 -74 48 73 49 -56 72 81 -16 73 54 45 -41 38 -51 63 -81 -53 -41 79 -92 -21 -84 65 28 -20 48 -47 93 10 -71 47 -23 78 43 -27 -41 -40 26 85 -6 -32 -64 25 64 85 -38 -91 12 -22 66 -68 18 -50 73 7 -15 -33 57 55 -81 -99 -64 71 51 10 -11 26 -22 52 3 73 26 14 -31 -83 -63 -73 98 0 -1 -91 -54 61 -79 68 -50 -36 -84 -36 33 6 16 52 47 -21 21 82 99 93 -97 71 -49 37 70 12 -73 37 -79 -32 -89 -93 -67 
-59 -42 -50 5 60 72 -81 -23 74 95 -53 -5 77 -1 64 39 3 -48 -57 -79 12 -87 -52 43 -93 7 86 -47 23 50 46 64 -46 -39 56 -71 -6 -68 -35 49 -50 -6 -67 -76 -2 87 -67 -11 91 85 58 85 85 92 -43 -72 53 42 -58 37 58 -71 81 -26 43 -91 86 -60 87 48 -23 81 52 38 62 4 -18 -93 -96 -54 -51 68 33 -21 46 -74 -73 -99 -45 89 -9 -31 -87 -79 52 39 -21 -83 -9 84 99 -94 -59 79 -76 -98 -49 -38 11 81 -61 53 -15 32 42 -87 -72 75 -99 -1 60 36 6 9 40 31 -20 -37 -53 -67 -31 73 -61 13 -45 46 -14 -45 -79 -11 80 62 -16 44 -41 1 -27 -9 -87 35 33 -72 30 -64 66 -55 -24 -39 -68 -19 -55 -4 61 -57 -75 46 -36 -15 6 -5 11 5 60 -69 28 -13 -26 -33 -43 50 -75 -8 -75 -17 4 65 33 96 -68 -29 85 -12 -85 43 -43 60 56 -92 -42 -44 -36 -16 39 -71 38 -69 -94 8 -54 80 -27 57 -30 32 -44 59 -64 3 -54 -89 -1 88 65 79 79 42 57 -12 11 63 40 84 -15 44 0 2 -22 -64 97 98 71 -78 -87 -95 0 -64 -49 -88 -78 17 
24 95 80 98 76 8 8 -12 10 85 -51 74 92 -43 -59 -69 3 67 57 -18 64 -22 -43 35 44 82 -23 -89 -16 -41 -58 11 -67 25 94 86 -98 -8 -53 37 -91 -93 35 65 43 -42 -20 90 69 -38 64 64 46 -38 89 -7 18 -56 78 -2 -96 82 -82 -20 48 1 -96 97 35 -89 -43 -22 90 -64 55 56 -1 65 1 67 -2 -83 2 -53 -73 -40 36 62 62 35 91 -70 74 26 52 -49 -73 -15 49 73 19 41 -24 -39 74 52 70 95 45 54 -87 -98 -31 -38 19 18 37 -51 -26 76 -81 -30 17 -62 -28 -71 28 43 -94 5 18 -14 -91 55 -43 94 -43 -69 -47 62 47 30 -98 -3 9 -12 7 96 88 -37 95 93 -28 19 -63 15 -17 -74 5 8 32 82 -23 -99 -65 -47 -5 58 -52 -90 -75 63 51 -42 -31 -15 54 -52 6 29 -32 -98 70 3 56 53 9 -84 9 16 91 92 66 37 39 -86 45 -68 68 85 -97 -76 -51 -98 79 -67 -5 -6 21 -75 70 95 -53 -7 -85 -10 -85 -63 -60 90 -2 58 -62 -94 82 -52 63 -49 96 -83 32 -89 -77 33 72 76 -65 -85 4 -21 74 63 -4 -66 -62 -6 -76 2 8 -3 
45 89 8 -90 77 18 -1 25 50 32 -74 -37 22 28 -45 33 84 49 66 55 -98 -72 20 -28 -7 -54 -98 -10 6 82 36 90 56 84 76 20 -13 98 -20 7 21 -58 82 54 -15 31 -74 -91 -78 -88 -31 40 -62 -12 -18 -13 85 -35 43 -3 80 37 17 69 50 -48 -44 -93 -42 41 -29 96 3 25 97 -27 79 5 -59 -88 1 -84 48 80 -25 70 57 -26 41 -84 15 -38 81 -99 12 49 -87 -78 -25 11 -43 -92 27 89 -30 58 10 92 79 0 -49 22 82 -56 -41 51 24 50 -6 -71 42 23 -84 21 -47 4 -72 74 14 61 -24 40 -98 50 51 46 -23 -22 -92 -15 -96 27 85 -53 73 -90 -2 -43 -29 -39 51 -90 14 70 86 -85 -80 41 52 51 1 -5 -86 96 51 54 -74 -45 -42 83 -9 19 14 -70 -76 58 27 83 44 -70 -83 4 -2 35 32 -57 -15 38 -48 67 -16 -51 -3 -22 -76 -56 -53 -66 41 67 58 -28 -28 24 -44 43 -47 57 -56 -94 -46 31 -25 -63 54 88 -87 80 -87 -11 -34 35 -99 -68 76 95 -81 8 -59 -5 -90 98 36 -64 8 -41 17 67 39 39 32 -27 -36 55 70 -46 -54 -84 21 24 
83 23 -42 -76 94 -39 -77 61 56 47 63 -22 11 90 -5 -39 -29 -87 -34 -2 32 30 -81 -86 90 55 74 71 -84 24 2 10 -42 -8 0 -56 35 -7 33 17 76 -55 28 -82 14 81 52 -68 42 36 -17 -74 -43 50 -28 -14 58 13 5 5 53 -84 43 -97 41 14 48 -65 37 -86 49 3 95 -17 90 7 -39 -91 4 28 -82 9 61 39 85 51 -26 -56 -22 43 24 99 91 25 82 -71 -47 65 1 98 64 71 94 -48 -56 -28 52 -57 75 -67 58 -76 72 -92 74 85 70 -89 -13 34 -67 -82 -25 -4 74 -86 -2 -55 90 -80 36 -1 55 77 35 -38 97 -83 -70 -90 -40 48 -97 56 -39 -64 -94 -87 73 -28 17 69 56 -57 -22 -37 96 70 -47 36 -37 80 13 29 65 -62 -47 92 -56 -46 17 -8 -5 77 35 27 15 29 54 -7 -93 39 -47 25 -73 -50 33 -34 -39 51 -81 -15 -72 -86 67 12 -7 -78 5 98 -81 81 19 -29 10 -93 -29 -2 -18 -83 94 98 -44 -86 90 -98 99 -30 22 64 51 5 81 68 52 -87 16 -68 -84 -40 97 30 -34 91 57 -78 8 13 -32 -39 -82 58 83 95 57 -76 76 68 -88 26 
35 84 -69 10 -29 -75 50 35 21 -63 25 -19 83 -96 80 -25 -3 81 -88 76 29 69 61 42 -44 -55 26 -71 -32 50 -54 -59 44 77 7 73 -67 89 83 -97 -10 -63 90 -25 89 -41 33 48 -20 52 -49 -34 -28 41 -39 -14 58 -29 52 -17 33 72 95 61 33 58 2 65 -78 -71 24 60 -25 4 -70 60 -6 4 -27 -38 32 -70 -65 85 92 88 -53 70 19 63 43 69 90 55 -32 69 -2 4 82 -79 -26 -96 57 -78 -88 -93 -64 -48 -48 70 99 -43 -78 39 55 -35 -36 -79 -8 -64 8 -65 -50 -97 -34 -52 83 37 -51 57 -6 97 -62 -98 12 27 -57 42 83 27 64 24 -13 8 96 2 -52 63 -25 73 -15 23 -54 1 36 -10 -99 -6 73 38 -28 -14 -4 55 6 -24 34 -21 94 -94 -7 -6 -90 -42 56 17 18 -63 93 36 -7 48 -74 -35 95 -33 11 36 14 69 -52 70 35 54 -9 -18 -82 75 -20 -89 -64 -49 -69 20 -50 -9 -24 -53 -40 56 85 68 -37 -26 -8 59 66 -96 30 -58 -27 9 32 -3 -81 -41 -68 -9 -40 42 -51 15 -83 -3 74 70 -12 -55 58 -41 -59 1 31 74 42 -58 -57 -4 14 -88 
29 3 -12 79 95 -58 80 -44 13 -69 29 83 -43 -50 99 24 47 40 -90 64 -69 75 60 -22 82 31 4 74 48 67 -92 53 52 -22 81 42 85 -40 -74 -5 76 -28 36 -98 -70 -97 -42 -90 -79 -48 10 92 63 -84 -39 20 38 -23 96 -13 90 88 -71 18 -70 22 -41 -45 -3 -33 70 -4 76 87 38 94 -25 -79 46 -41 76 90 67 -64 40 26 -33 -76 -58 12 -84 58 -33 -60 -66 -6 -3 85 -65 -97 71 75 80 34 81 -25 -98 23 -24 -18 -3 -92 77 6 2 -6 -42 85 -52 47 17 -98 3 -35 -49 96 65 -68 -26 -86 -62 -64 -72 -72 62 83 2 64 43 -57 -68 61 55 53 -4 -91 83 96 26 -35 51 47 -67 5 47 11 96 98 -59 74 90 -84 40 0 97 93 3 13 64 46 22 72 17 -6 78 55 -46 -63 56 39 33 0 -27 6 2 12 13 -70 37 78 55 32 22 97 -68 67 91 73 39 55 -60 73 -54 -5 57 79 71 3 -17 28 -53 -25 -54 -10 -49 -28 -13 5 81 -51 -14 -32 -78 -92 -41 -76 -92 -57 -65 29 -85 70 78 29 -68 -80 -14 12 49 14 94 -19 -5 23 -88 -7 -93 -49 94 0 
-90 -70 -2 91 60 33 67 -74 15 -76 -37 -81 56 -51 -90 58 -22 -47 51 -51 -92 -96 12 -12 -83 -71 -11 65 -96 -83 -24 -60 -31 90 -19 -29 7 38 29 27 43 6 -43 -36 -31 -56 -25 -98 -37 29 79 -24 -45 -85 40 40 -22 68 82 -5 19 -63 -70 30 75 -50 14 -74 -24 48 -29 84 -3 81 79 47 -97 -63 -5 -37 -92 48 10 -89 43 -14 -71 -76 -14 -17 10 93 -56 -94 34 4 58 -80 29 0 -74 -51 -4 14 -44 -65 4 46 -79 -27 -62 -92 48 70 -39 94 -93 86 71 19 -37 38 35 71 -85 84 76 -72 27 -26 0 -29 -37 57 57 -6 17 49 -85 38 -36 57 82 -68 99 51 97 70 89 13 43 -30 -57 31 -67 -97 45 27 29 -7 34 -14 79 77 7 -15 85 68 20 3 46 92 -11 -38 86 93 -13 43 29 -93 83 -6 62 -49 -92 -78 -74 22 63 -16 -29 -78 -53 -79 -64 18 -15 40 -78 7 85 3 74 75 -38 82 56 -88 52 -71 78 3 -74 -50 -3 -68 -85 31 80 -73 43 -33 96 -35 45 -25 -54 -40 44 92 -9 44 11 -47 58 -83 -5 -18 -59 -97 -85 82 81 -47 -2 -34 25 8 36 46 
-90 -89 70 -46 46 -94 -48 40 2 59 72 -24 91 -57 76 -15 -34 74 81 49 68 44 69 -86 -15 -52 -36 90 36 -57 -42 -55 -27 -70 43 82 -93 -15 -92 -30 -25 -62 -97 19 72 61 -30 -73 -54 -64 26 38 17 -87 -39 55 -18 41 -37 0 -32 25 42 -63 9 70 5 52 73 -90 -40 -84 -19 81 50 -87 -41 87 63 -96 -8 17 45 -3 72 75 47 -92 45 80 16 -1 -63 8 -1 61 2 -53 -52 -72 -8 -21 38 -78 50 -31 -24 -88 24 -28 -62 2 -53 97 -31 3 -98 -32 -5 -37 61 43 -43 91 -98 39 -51 -13 -84 -33 72 66 -48 -41 18 -2 54 -56 -49 -37 -82 -73 -77 -63 28 19 -93 -37 84 -49 -46 -55 -40 38 96 -26 73 62 93 -57 24 -61 60 -76 22 -59 -14 48 -17 10 -7 -85 -61 -37 90 53 36 -49 -21 -52 -20 47 16 71 -15 -32 91 -28 37 85 -19 -12 -17 64 8 51 51 -50 -89 6 68 36 -65 -93 29 15 61 -75 13 -6 -80 -80 57 -55 22 -8 -41 -69 80 -24 26 -23 -31 12 -40 -58 87 93 65 0 -31 34 -10 18 84 43 -90 19 67 89 -82 -23 -58 -56 -97 -72 89 -84 -50 -44 
79 -30 -82 -65 -36 0 -98 95 -49 60 -60 41 87 -10 -63 -51 -35 -9 -49 -95 -46 44 86 -74 4 -93 -57 -61 18 17 -61 -68 -17 -97 36 -47 81 30 0 -82 63 -75 -75 17 69 -38 16 16 -22 -22 -34 62 45 -14 33 -74 -55 -71 -11 54 16 97 20 12 33 16 85 88 -79 81 93 -7 -30 84 -15 -2 -68 -67 -90 6 -64 61 12 -53 76 4 -14 -4 -52 92 -40 -56 -26 -12 -1 79 83 -82 81 60 89 -44 66 -98 -39 -28 0 52 -30 49 79 96 68 -69 -3 -56 -3 87 -47 13 10 42 90 -61 -72 83 -6 79 -68 40 -48 51 77 90 48 20 -63 43 91 45 -40 -46 99 63 78 98 -60 30 -30 -85 52 52 71 -16 59 -32 58 -61 -30 -50 58 49 72 -30 -81 -52 15 -76 -51 56 28 35 87 -18 -9 14 -48 -19 -33 -84 33 0 -16 52 88 88 -8 -43 25 7 2 29 86 39 60 -76 -74 21 -11 -21 55 59 -41 12 -46 -98 -46 46 86 17 -75 -28 -25 83 25 78 96 -47 -73 -41 -30 -31 81 -85 54 -3 50 16 93 99 -31 82 -2 0 -57 91 38 -91 33 -7 91 76 -99 -34 -74 -65 98 -73 -62 -61 
13 22 42 -64 -24 69 10 9 21 -56 -42 -67 71 -69 -4 53 -44 57 31 29 -79 12 -77 -6 -37 -73 -34 20 -24 55 -59 36 -86 -7 74 -85 33 83 -49 55 61 -64 4 -32 -15 -55 80 25 -53 84 -94 -84 -47 -9 81 97 -41 -53 51 -98 -63 -15 43 65 5 44 -23 -61 45 7 82 80 -90 80 -4 83 50 -56 29 -51 50 13 42 -81 47 15 -50 78 -86 -20 85 -98 44 98 -6 -60 -93 81 71 -58 54 -40 92 -12 -51 -68 -24 -85 -82 -58 -34 20 42 9 -28 19 33 31 -81 -77 33 -89 50 40 -63 -91 91 6 19 2 29 15 76 -16 -52 -84 71 -30 -66 -1 84 83 -41 -1 78 37 -31 -43 -17 -18 -71 48 -96 85 74 -99 36 -10 -90 -31 56 -31 -70 -49 43 -13 26 26 87 73 -65 98 90 -27 -42 -61 96 -10 53 -31 -47 5 -68 -34 20 -88 98 28 73 -20 37 -34 -91 -60 -67 33 64 71 52 -21 -84 -84 -6 -61 59 -53 55 -74 76 -41 -72 57 -26 -32 90 85 -7 -72 -58 -70 92 -21 -59 28 -19 -65 13 43 97 4 29 -2 -77 -35 -62 -57 92 68 -40 4 46 91 -32 -15 -6 -65 48 -25 -55 1 
-97 8 -83 81 -32 83 -77 35 21 -74 9 -55 -26 -66 -80 -47 3 29 67 -66 56 51 77 4 -98 8 1 30 -5 -98 42 -6 27 96 16 -87 75 22 32 -12 22 -13 -18 -82 -85 1 30 74 42 -57 45 -4 -56 -96 24 -93 -2 -51 -31 -88 -1 94 -33 99 -28 -11 -92 94 36 31 -17 66 27 -38 -26 77 -40 -91 91 51 -15 61 -2 42 -34 95 -15 -62 -59 -75 -20 -39 7 -55 45 -30 7 -90 16 -91 -32 57 96 7 57 82 60 -96 29 64 -79 -62 -26 -77 -59 52 -53 -8 -32 30 -41 -54 95 25 45 72 48 -8 14 45 17 -32 -69 78 73 10 16 75 90 8 -78 -32 44 47 -35 95 5 -62 -79 49 98 -82 -38 -9 90 81 -47 -72 61 -56 22 -54 30 81 70 -30 -8 -63 -50 96 -36 0 49 18 -95 92 58 -91 33 4 5 90 11 57 2 61 52 33 -83 54 -52 0 -62 54 20 -16 72 -35 44 -87 -78 -67 89 13 -29 -91 -80 -88 -99 56 -87 20 -8 -34 55 -27 14 -75 47 -17 63 -37 84 -2 80 -20 -2 -55 38 64 69 56 68 -69 -77 -85 56 27 90 7 84 -6 -22 -51 89 22 90 -18 75 -89 
54 26 73 -12 26 -26 -18 24 87 25 -53 -37 16 84 76 68 33 98 20 -73 62 -55 17 -62 -57 -47 50 -32 23 64 80 -89 -36 -77 34 -36 -26 22 56 -78 -74 -50 -8 -84 -52 -25 -22 19 35 21 60 53 57 18 -20 -64 -34 -80 37 73 -61 65 -3 45 -19 -39 46 86 -24 -98 -9 -35 -7 -94 -24 76 40 36 15 84 56 -63 49 18 80 51 -62 -2 -14 2 98 -24 37 -45 11 -68 22 -43 25 -21 -75 -32 -42 79 19 -56 51 -41 46 -96 -21 61 0 93 8 -7 48 -4 67 28 -81 15 20 1 93 35 -83 -51 50 -73 -36 29 -41 -30 5 -48 -90 -91 -20 -90 -99 12 -63 -20 -46 3 -30 -20 -80 -67 -44 -37 -4 35 -59 -22 -67 -63 -77 39 -63 11 1 -14 62 -79 -72 -36 -49 -91 -62 -32 -17 -77 -30 -40 -20 -28 -21 77 38 8 5 97 92 67 74 93 88 85 48 -26 6 -51 87 -37 1 -37 -67 -6 74 -84 -87 2 -83 -74 -26 23 -75 -96 93 -56 -11 27 28 91 -3 47 -84 30 78 -28 -3 -48 88 -59 -10 99 48 -98 -94 -50 -7 -39 37 -87 -24 -93 52 -51 8 -36 50 69 72 -73 52 -33 10 -93 
-96 36 60 79 78 2 -3 50 15 -99 -71 2 80 -99 -70 -59 60 -41 8 84 59 81 98 46 -67 -29 33 -30 -85 43 78 -27 -42 54 -91 22 84 -15 -9 4 20 32 8 -5 -31 12 19 81 72 -35 -23 -63 59 -6 -88 41 -97 64 -6 85 -67 -68 61 -99 -54 54 -57 -57 87 -80 -94 -77 -60 -10 -98 72 25 -53 -21 68 -22 51 91 3 -6 22 74 36 67 -8 -7 63 -95 -56 62 10 74 -29 -74 -85 -97 -9 92 -10 -79 -36 69 22 -78 62 -97 -14 95 31 72 22 21 -3 -8 47 -52 93 46 -45 -94 16 -32 13 -30 -33 3 -62 92 10 78 53 -9 43 -52 93 -59 10 -70 -21 19 16 85 58 -90 46 -84 -50 9 69 81 76 -43 -81 -27 -43 -65 35 31 77 99 19 -92 23 55 8 91 1 42 73 -19 56 -39 14 12 -92 -92 -8 -55 20 -3 52 -60 71 93 46 -14 78 15 -70 46 59 -22 23 -69 2 -35 7 -39 52 67 -35 87 -44 72 60 -89 93 7 87 -45 -74 69 -65 40 47 29 -40 -36 12 74 -31 61 6 -7 55 15 93 -82 78 -65 19 70 -44 -6 9 -78 -46 17 71 -50 13 -65 -65 -3 -94 
51 -28 89 48 39 -75 51 98 5 -98 24 44 -59 -75 57 -38 -99 -65 -84 20 -42 -53 23 -78 -50 -45 85 80 54 -95 28 -16 81 11 80 61 -74 42 99 -39 -83 -7 -35 82 66 -9 -62 -45 -73 95 80 -46 15 24 -99 -46 -96 57 -19 -38 -73 -37 92 82 90 -75 -48 47 -18 54 -83 -39 16 58 -16 -43 59 -87 -5 -80 60 -73 -76 -81 47 98 -41 -62 55 19 12 92 -54 94 -69 13 -54 70 -65 81 80 -87 79 -68 -99 -65 66 85 -94 -92 78 83 -6 49 -51 39 -17 20 -51 -12 91 11 -99 70 84 -52 -37 79 -99 -67 4 3 71 31 45 71 14 57 72 -21 -34 -12 -90 96 66 80 3 3 -4 97 -98 48 -54 -68 -15 57 -39 -33 -44 -48 46 61 17 78 52 -46 18 4 -87 57 11 -86 -17 31 -34 -22 -4 -99 -52 -9 -95 -91 -76 92 -2 75 10 41 39 -73 -45 -72 58 66 39 7 -36 87 78 -81 66 27 38 -6 -57 -24 -70 36 13 -82 -74 81 -26 -44 69 -10 73 -64 5 -24 29 63 82 -1 58 87 18 -21 62 -34 -13 -35 -77 -76 -14 -47 -55 -45 98 -49 60 2 87 -16 -82 6 75 -27 -24 -3 
8 -91 88 9 11 55 -57 -72 47 -48 47 -79 -16 57 -24 96 -34 -46 68 33 -84 -45 60 88 -65 -35 90 -43 85 -98 23 10 -62 -84 83 59 -44 -51 58 -82 -35 -90 -66 80 56 -62 -34 -39 -29 53 -28 68 -29 -84 47 40 -90 60 95 30 60 -66 44 -80 60 38 -3 -31 79 -40 -5 52 20 -68 -87 98 67 -90 11 -74 5 -59 -41 -84 -2 62 -32 -19 70 -71 49 -18 -97 -12 -86 66 -82 78 -13 25 -44 -68 -76 -77 78 61 88 29 29 -24 10 63 83 65 -20 26 78 53 16 -33 20 -71 -88 93 -3 80 86 -13 -66 66 -72 -23 39 -62 -74 -21 -51 -96 14 -82 30 -36 -26 -25 -29 -27 95 -18 38 41 30 -85 42 -20 23 -87 7 -78 -4 81 -56 62 71 -96 -6 -55 63 70 -80 27 -49 10 -90 67 25 -8 40 -93 -52 22 -83 76 28 2 -37 99 -29 -86 74 -81 -11 -55 -70 25 46 -56 -33 -48 -87 41 -41 -39 75 12 46 -25 -1 41 14 3 -41 53 33 -30 73 -59 -43 -69 -80 98 88 -26 -76 34 83 -61 -1 -32 49 52 90 65 -87 -1 9 -43 36 68 -22 -90 24 94 -8 44 -85 97 -57 33 77 -52 
13 -63 80 85 36 69 12 83 -15 -93 -56 -33 -2 -23 -25 -70 -48 77 84 30 -45 -83 18 45 -38 24 -91 -71 -9 -19 -10 54 43 89 -35 81 -54 -32 67 -95 -30 24 99 -84 -54 74 82 -29 19 1 -56 -99 -95 -24 19 13 93 17 -97 97 86 12 -94 -17 45 14 0 85 48 40 81 7 38 42 47 -55 26 54 54 -97 -99 -51 -85 -47 44 -3 65 -13 -12 47 -3 -67 -57 -47 -84 -38 -99 -35 58 51 -16 -5 31 -37 -84 -53 59 65 -26 -63 53 -66 70 -59 39 -48 -27 85 -60 -86 97 -2 40 -10 -80 -42 -11 47 70 -74 88 92 41 67 -94 -34 -94 54 24 -18 -27 76 55 37 -89 -10 42 29 67 -57 -94 -24 -83 16 25 59 90 -89 42 -7 -3 75 55 21 -45 25 39 46 30 -57 -27 31 -16 21 -84 13 52 41 -8 -57 -48 -1 -96 -86 -13 -89 25 -45 -29 91 2 -84 31 -12 66 9 -31 96 48 59 -48 -14 19 -23 82 -19 -96 -40 -96 -32 -97 82 -39 15 -44 97 -37 -47 56 -77 -74 -26 77 -40 -28 -98 -23 -5 43 -28 92 90 -85 -47 19 -55 -78 95 30 -64 -13 -97 70 -69 10 -53 93 -4 -57 11 
18 37 -36 30 21 98 -68 50 -12 8 -84 5 11 54 -60 76 -23 -42 -1 -31 -11 30 70 45 2 -66 -73 10 -35 -29 -60 81 19 3 9 61 -69 3 -1 60 -89 -21 -97 77 57 -37 98 50 43 67 -5 -2 18 28 -34 -11 15 34 -84 21 93 79 78 -43 -18 19 94 -71 -15 -95 -21 93 38 -71 -33 2 -39 -13 -31 32 45 -45 98 44 -29 8 -1 -77 42 4 97 -79 83 77 -4 25 -24 -86 -32 26 -91 -67 -16 33 9 43 -83 -12 66 62 46 -24 25 -70 81 30 41 14 75 99 28 -23 -95 -83 -49 -51 -90 4 -54 78 22 72 -30 -89 -89 -34 7 -60 6 36 -4 -44 68 -38 36 64 24 9 -27 -82 79 98 -4 -84 78 -58 -73 -97 -54 9 -78 1 29 -79 -80 24 -34 -98 -38 -5 4 -53 -80 58 88 68 76 -6 57 96 55 21 72 32 -86 80 -56 -71 -82 -81 15 -54 6 -4 73 82 -16 90 -65 -16 -52 15 54 -18 -50 -71 4 -29 26 -16 21 1 -12 52 33 5 -35 91 -64 68 45 -68 4 55 -15 12 18 66 71 86 -83 -51 -80 -30 -49 65 16 -49 90 4 -24 59 68 30 18 -93 47 -14 -57 -67 
70 18 -90 -24 44 -30 56 -47 41 -91 -98 87 55 -71 47 59 -71 52 56 7 -61 34 96 76 64 -45 72 38 -82 -60 54 17 6 -38 -77 -20 -83 55 96 25 31 46 73 -71 76 54 -27 -90 -59 -11 24 -59 -83 -78 36 54 55 4 -44 -68 22 27 -81 54 -82 -53 43 36 -87 1 -73 61 -79 -27 64 -56 14 50 -42 -23 -18 -9 -51 91 -95 -76 -75 -94 -2 7 85 -99 55 3 -33 -84 89 -51 41 -68 -33 -35 -17 -11 92 -84 99 93 -49 -97 7 -51 93 -38 73 94 96 28 -97 -92 -37 52 92 87 87 -46 -21 -98 -12 74 -99 84 -2 96 -20 -32 -29 -39 14 35 81 -4 -63 6 97 -58 -75 -50 -67 82 57 33 65 -39 -47 -68 35 26 -58 75 56 24 83 72 -33 76 -91 -84 29 -6 -9 -76 -87 -91 -24 27 -73 29 -99 81 95 -68 21 -49 1 79 53 99 62 -36 60 -4 51 29 -1 -95 83 -20 -90 -15 -81 26 91 72 -69 16 -32 52 -38 -16 19 -51 -80 -51 -93 -42 43 18 -70 90 46 40 15 -82 40 49 1 85 66 12 2 -47 69 -67 55 -39 2 21 34 83 -39 99 -95 -98 -88 -29 -96 -19 -20 -14 
-71 95 40 -75 33 -74 73 -26 -78 15 82 40 -53 28 25 -13 -95 95 35 -43 -26 20 -73 -5 -69 -77 30 30 -50 42 -24 50 76 3 12 -54 90 -2 -22 20 75 54 11 -71 -76 -20 -27 -14 2 14 -77 -12 2 -77 -21 -46 16 -44 -58 -46 -5 59 43 10 78 -68 41 33 -30 11 26 -64 -15 -68 43 69 -14 8 15 -5 -72 81 -65 69 75 81 -56 53 27 -27 28 33 67 -18 39 -74 -16 28 -13 40 5 4 3 62 -10 -1 -50 -16 4 9 33 73 5 93 50 90 -33 83 33 -98 -29 43 50 87 75 -16 -65 53 -9 69 -44 87 -60 -91 74 74 -29 39 14 57 57 -26 -49 7 36 6 99 1 59 75 -35 35 6 -68 79 66 6 73 -56 -20 -23 -74 95 -44 -69 -42 -82 38 27 0 96 68 -28 55 9 -20 -94 74 -44 80 16 35 -25 -13 -32 33 -31 46 -76 84 -3 19 94 33 72 88 80 -59 55 85 64 -78 -26 -6 54 -96 -42 -94 -27 45 -62 1 45 37 75 -46 -96 -31 14 -97 -25 81 0 -49 -87 -11 -7 -9 -96 13 -75 -57 -62 10 66 -61 -43 64 62 -40 -54 -35 11 -30 35 -15 -76 -76 6 -7 
27 36 -16 -42 -92 78 12 -49 -52 -33 -72 92 5 -68 -86 97 -28 70 73 -88 97 -21 10 -26 -78 -81 -46 -58 26 -49 83 -81 -69 -85 55 -31 -82 39 -16 -26 -64 -21 27 -8 91 -30 5 -86 5 19 -48 -18 -47 -68 33 -91 -9 -90 47 70 -68 20 86 56 -42 -69 36 0 -57 -68 -32 11 4 55 87 -44 -43 38 -30 -50 -76 -56 12 -23 -37 46 24 -31 -10 67 -92 93 36 -92 46 79 58 -56 -75 -35 73 49 -85 -24 -21 17 6 51 87 -86 44 -6 -71 65 -45 90 -27 81 9 -84 66 -86 -61 97 -17 -11 74 -43 24 5 60 74 -86 83 54 10 -69 84 29 49 13 34 80 -4 -60 3 95 80 79 59 89 72 82 97 -41 -4 -8 99 -41 20 29 -36 -70 33 -22 51 95 86 45 5 12 77 -20 -31 -60 3 51 -97 27 -65 84 -4 -85 -74 10 -2 -70 68 63 7 -30 96 -42 -69 33 -22 -37 35 29 5 84 -78 24 -37 9 80 30 21 5 -27 -44 2 -91 38 -53 59 70 -76 94 88 44 72 -79 -25 -59 14 -50 5 73 -20 -13 64 -9 -93 -53 92 38 -70 -26 -44 -79 20 -35 -71 -86 -6 -8 83 -70 -22 
41 57 91 -79 39 8 22 -83 68 -92 -99 -42 50 56 -46 97 9 -49 -86 -60 2 -59 31 -22 -46 54 43 3 71 -27 96 62 -97 75 -56 -96 -35 -22 23 -63 -72 -91 -61 -94 -88 -64 -61 89 -84 -16 63 59 29 72 82 42 -36 -49 86 63 16 64 62 3 27 2 -16 -94 83 27 81 36 -56 59 3 -46 -58 87 94 77 53 2 28 -95 -20 8 -66 73 -15 84 11 40 -62 -10 96 93 -29 61 -23 -62 57 -4 43 38 78 -26 -50 -36 -6 -8 78 51 22 42 -74 83 56 -31 87 -8 -48 83 30 56 -39 10 -18 87 40 -27 62 74 99 -47 68 -38 -93 29 16 58 -3 -40 -4 -72 96 -28 -79 -63 11 5 -39 -16 11 5 71 -98 -45 -50 12 67 19 19 95 -81 -34 63 -37 24 81 -35 83 90 27 -72 -1 89 -97 86 25 64 72 -4 -52 94 58 70 39 -41 -65 -70 -6 -20 -31 -23 43 4 89 54 45 -31 1 81 -52 42 39 -2 82 -86 75 -86 28 64 80 51 24 99 63 -3 18 -60 62 98 48 33 34 -80 -15 58 54 -52 80 3 -54 44 -18 90 -65 34 22 -95 -71 -60 31 -70 91 39 -54 -28 12 -71 
-60 22 45 33 -62 -37 34 -49 -88 73 -13 64 11 63 6 13 75 74 93 62 -25 32 -74 16 49 -84 -29 -72 -25 11 35 39 44 -90 3 76 10 -95 -63 -65 -4 -98 91 -50 26 81 -47 -90 -42 97 -91 -63 6 -72 -62 90 -55 -59 65 48 27 -84 76 68 -42 35 -65 -4 -13 -14 -11 33 53 -8 -77 50 -37 -14 34 20 75 -75 -15 76 29 -49 -14 -64 23 -15 -2 22 59 43 89 46 -55 95 -81 -74 38 -2 -18 -31 -52 -8 -90 38 -33 -33 47 -10 52 -84 73 -71 70 58 -99 26 -31 91 9 40 8 81 -89 -30 -79 -84 44 26 -87 -4 53 29 -13 7 97 81 -35 76 65 98 -41 95 -63 -98 2 67 -74 -7 -85 32 -53 49 57 50 -11 64 -88 -16 82 89 6 95 89 -71 -8 8 9 -21 63 -35 -91 49 43 81 -47 -98 7 -73 -14 -98 -29 -90 -60 -34 35 94 -85 -85 -77 50 15 68 23 9 -83 -56 -36 28 45 -43 15 76 76 45 -64 23 42 62 -17 -20 83 -24 -39 20 -68 -71 84 91 94 71 71 -72 -96 11 51 -21 46 50 81 27 21 72 17 -16 -51 -16 -91 -2 7 81 4 33 -34 5 20 -76 
-58 -90 58 -88 14 -19 -11 -41 -45 -3 21 -91 -3 -84 -97 98 97 77 -88 -75 -19 -75 -51 78 59 19 -72 -44 -4 6 63 -90 69 -90 -78 89 -97 -82 -47 14 56 65 46 30 -27 38 99 -71 47 20 -77 -69 45 24 22 67 25 -38 -15 -56 -55 -41 -81 -5 28 -44 21 -45 5 -82 15 94 -94 21 -51 -26 50 -51 54 -1 -77 -89 -16 96 24 -67 -58 29 -55 28 -8 -9 -66 -60 -10 -5 -57 42 82 -98 42 -86 13 -5 15 94 -68 32 57 67 65 -78 -12 -77 -55 -21 -54 65 30 91 -65 -99 72 88 -41 -15 66 51 -48 -77 74 -82 17 -65 -39 -24 -24 16 44 89 -36 48 6 -28 -81 58 31 65 -81 65 -74 45 -9 85 -2 19 -33 30 43 -29 -63 -20 81 52 76 -93 -18 89 56 75 -86 98 85 -27 65 -48 73 15 49 -97 -70 71 -24 8 -9 57 54 -33 -88 37 -66 21 -5 -40 32 -47 -21 -18 -82 -77 72 -8 13 -64 22 86 9 -71 -47 54 -15 -97 43 52 43 -37 -44 -19 -30 40 32 0 -74 -2 33 -29 -99 -69 99 -56 -14 -14 52 -84 -3 78 -86 61 -17 97 -61 -3 66 74 6 -60 34 19 -80 -76 
54 77 -25 71 -78 96 39 84 -25 -45 20 70 -85 -79 38 -42 -37 63 -18 -65 46 48 -43 -35 -27 -48 -90 92 -95 -47 -3 -90 -5 49 -64 -96 4 -28 14 67 -14 -72 72 -62 16 -33 13 58 -78 -44 -72 37 -29 -32 -50 -30 94 2 -76 33 -82 -4 -87 59 -72 53 -80 -24 99 74 36 -18 -84 -55 68 -52 44 -42 -87 -77 64 85 -4 -3 -94 -26 66 57 -70 19 -37 -20 -14 -17 6 60 31 48 12 -70 -85 52 -3 -80 53 33 28 -65 68 -11 13 80 93 44 -20 5 -86 -90 -60 -32 95 59 92 -19 -65 72 -39 91 -68 -8 -19 38 -65 15 68 68 70 81 -80 94 67 19 5 94 24 -48 -48 13 -29 18 78 68 -16 -23 -82 -87 -34 23 -58 -38 -99 35 1 66 25 68 32 45 83 38 58 50 -65 -64 -74 -44 -14 -8 60 4 97 1 -59 91 36 20 59 -53 -4 -14 -76 -23 55 -74 64 13 -37 -86 18 -38 53 -80 -30 -77 -57 -43 90 -49 -50 -56 -64 -79 -39 90 -71 -70 69 -99 -49 20 -13 -23 94 71 91 -59 39 -31 -94 -19 -98 -39 56 -66 60 -5 9 95 27 61 -63 -84 87 4 -60 50 -78 -26 -53 57 
-96 -38 12 -60 56 76 20 -47 73 56 -80 97 -31 80 12 -48 80 46 -35 92 10 32 78 -56 -96 57 60 37 -52 42 46 -71 41 99 -8 80 89 -16 28 32 -5 92 -78 18 -11 52 -46 42 -70 83 -48 85 -8 39 -47 -4 -82 45 -6 -62 46 -16 -75 -54 35 -79 -41 -65 86 81 17 -26 -88 56 -60 27 71 -26 -40 1 -18 11 -39 10 -62 -50 50 -98 8 -37 -11 -98 69 -59 49 69 -98 -53 -75 35 19 88 65 -94 74 23 -88 7 10 -97 89 -46 94 -37 90 60 27 -68 40 83 1 98 9 7 82 87 -65 57 2 -12 80 42 70 -48 -99 -48 16 99 -42 98 8 -73 -87 24 2 32 23 30 -17 -21 38 31 2 -26 63 -71 -39 -40 8 62 -88 -42 63 -53 39 46 93 29 81 19 43 42 82 29 -22 -72 -16 -56 84 -94 -58 -85 5 92 -5 3 7 69 62 -78 8 -32 83 -72 -45 -67 -66 -20 -72 53 -41 10 -90 39 61 89 -50 -22 -64 53 46 72 -14 -73 -52 81 42 -37 4 -37 88 33 -14 49 -17 64 83 -84 43 -83 -66 0 18 -67 16 19 -12 -51 68 85 94 76 -7 -25 11 31 -80 -61 18 62 
-64 69 20 -16 41 -17 -44 33 -43 6 -65 -10 -46 -23 -24 9 64 -24 48 79 21 20 46 90 -76 56 -77 -62 19 -65 13 68 -5 -84 52 27 -18 -96 -40 -71 -5 -22 -11 25 10 18 -42 21 -65 98 43 -85 72 -49 54 5 12 -46 41 56 56 3 59 -18 18 19 -78 43 -68 10 33 5 64 67 -69 76 -97 88 38 -83 88 38 52 48 -62 -93 -70 -43 14 99 32 87 24 73 69 28 88 -36 -17 -56 60 -36 89 81 -58 38 -34 -36 77 -52 -31 70 99 -25 98 -25 -27 48 -41 44 -68 -73 -91 32 88 69 -96 66 -64 62 0 68 46 23 60 70 53 52 46 64 29 85 48 88 -14 19 22 -53 50 63 -87 -70 12 -75 -41 -15 -65 -21 99 -19 2 20 16 -82 -49 -27 84 51 -65 -2 1 -76 92 -79 56 4 -54 -57 4 -85 -49 35 38 -28 81 50 86 3 22 -15 73 21 -92 -57 87 -43 -54 -4 -83 60 -98 96 -60 -20 -11 67 -87 80 24 -86 -92 -8 38 -89 -72 91 12 -16 8 -28 58 0 -11 -69 -78 -71 -49 15 -81 2 -11 35 -83 -38 -15 -99 12 69 89 9 -24 -37 -58 -14 53 -33 -14 -29 -13 7 
-15 -58 62 -68 -45 84 21 73 85 78 -69 -99 81 -61 -80 -62 -63 -85 -94 -67 67 -21 -62 -16 -8 -66 -84 75 33 55 -27 61 -42 -9 -33 -47 -40 17 32 0 53 -30 -38 -7 49 97 30 30 75 83 57 -74 6 8 91 -69 28 -30 -72 -31 98 86 -23 85 11 93 16 93 -64 28 26 63 -40 -65 98 46 -35 67 -51 -90 94 -38 34 47 81 74 -70 88 26 57 -34 -21 -40 -99 55 78 45 52 -33 -16 -35 -89 53 -54 -10 -83 77 21 -89 34 86 -26 -36 67 -16 -44 11 54 -73 73 46 -13 22 98 72 97 42 -95 39 32 -44 -83 4 89 75 -8 9 -43 78 -60 -85 -56 -32 -49 -62 14 32 -24 -6 -13 68 25 92 -86 67 47 37 39 -48 87 49 96 -36 -22 91 84 -98 10 -39 57 -70 89 85 -91 96 29 76 -90 16 90 41 71 51 85 -86 19 -83 77 -64 -81 -89 83 78 2 86 51 12 42 -80 -63 1 48 -30 19 10 -68 87 -4 57 29 21 83 -90 -61 21 54 6 -81 -32 36 -73 -46 23 8 8 68 64 15 -38 -59 30 -94 98 -9 -83 8 20 -17 -64 33 36 71 -24 -70 34 46 -99 -5 79 -14 
-72 97 -82 62 -24 -25 2 -88 -51 12 81 -78 45 43 34 -91 -64 -72 -72 -73 15 -17 46 -99 -10 3 -70 18 57 35 -81 25 16 -32 -42 -77 30 -40 32 -25 -27 -21 -73 -46 90 8 69 -14 36 -17 -41 -11 14 19 1 76 19 71 58 -31 -92 30 -74 3 34 -51 -21 -24 -36 66 -47 2 14 -84 65 35 69 54 -57 -95 -59 -95 -51 92 -69 46 -38 54 -70 33 -40 45 45 -35 -21 -17 93 69 58 -41 65 -71 -39 -40 64 83 9 -6 -66 96 73 -90 85 -45 -53 -77 -57 -40 -2 -15 -98 -85 -13 -41 43 85 -30 -78 84 21 18 -94 -63 -90 -62 -17 24 -58 -48 87 79 -19 -41 72 17 -10 -49 -74 75 -77 61 -85 27 -61 -30 44 -12 -31 70 9 13 -39 91 77 24 -32 -29 31 -90 11 -37 -1 79 15 -89 29 -71 63 -34 -20 65 89 48 55 -87 -9 22 71 -57 -12 -5 -7 -6 39 -6 -35 86 -76 -34 30 -85 8 -72 -85 24 -30 -82 44 61 24 -54 -10 27 -52 3 -24 74 19 -68 -31 85 -90 8 -78 -10 -64 -14 23 63 62 36 66 81 45 8 -24 -86 75 47 -55 -35 -17 58 -42 -75 45 -20 80 9 -34 
35 30 -94 -34 -82 -65 75 59 -61 -66 7 -4 -23 54 28 96 47 -42 -75 -37 -83 -12 37 -19 -52 -85 96 58 -21 -3 -7 38 81 40 7 49 10 70 -29 -51 3 -57 79 -66 -3 -60 87 -1 98 61 -48 -11 83 -7 -11 54 -62 53 -69 62 82 52 79 38 30 -46 -31 -85 -13 63 -89 5 -54 -75 24 12 -19 -37 -31 53 96 -13 -2 40 -78 -61 -90 34 -33 -4 -7 58 -19 -64 -29 -36 -77 81 -46 -86 92 74 -95 91 -59 -16 -35 99 96 -72 31 -44 -12 -6 -85 66 17 38 1 83 -83 -70 -40 -88 48 -35 -53 7 -56 99 -99 -6 -81 29 13 -66 -22 -81 0 -74 -80 65 -56 -70 -2 -26 -3 78 -98 63 -89 -42 16 -68 26 -51 0 85 -1 -41 93 -87 -71 98 -62 -50 -61 -13 -8 92 12 80 -92 38 -46 64 -36 -88 53 18 -16 83 64 78 -92 -84 -42 94 -98 9 33 70 -85 -12 -64 33 -35 -47 97 -98 -3 -38 -6 21 -68 71 90 40 4 89 5 -44 87 62 -63 -74 -90 85 -93 0 -39 72 66 -10 30 88 66 -1 95 -84 86 -7 -46 81 -17 63 74 16 28 -61 -20 86 86 23 48 -6 -89 -22 -45 -57 
-67 -85 -66 -89 95 93 11 74 -23 58 40 -52 -54 34 99 34 -2 -14 28 88 17 99 -31 41 -24 -50 47 -96 19 -89 56 18 11 82 -79 -79 -38 88 37 -35 -31 74 50 -13 29 66 87 32 -96 99 -98 67 91 -71 57 57 -1 -7 -56 -26 70 -9 -95 73 -38 75 -97 -4 21 76 -95 13 58 99 -6 -66 71 54 -19 -17 8 40 81 94 -5 91 13 -68 -6 72 -53 -46 -12 -47 70 -37 -16 -3 5 58 8 -45 19 97 38 -13 -50 -83 -17 96 56 90 67 -24 -33 70 -14 -83 16 -39 -89 37 71 87 74 -9 2 38 -78 79 -33 -75 36 83 0 -7 81 -16 -56 -39 55 84 69 -79 -51 -64 -32 63 98 -70 -75 0 12 67 84 -86 9 93 -36 -53 1 15 5 -25 62 19 79 -94 74 -68 12 -79 26 41 -78 68 34 12 -24 -32 15 -16 76 69 5 69 96 69 -13 -17 94 -34 90 -38 -49 -45 -40 46 34 69 -51 71 72 -53 -54 -16 -72 -40 15 -41 -38 -93 -68 -70 90 18 46 -54 -38 85 46 -93 81 1 -27 72 -20 99 -21 -86 54 -54 -52 36 -80 17 41 -74 -53 48 98 60 -94 99 19 79 60 -77 1 65 
84 -12 6 -90 -41 -79 -56 26 -53 79 16 97 76 30 -37 -10 95 8 -10 -58 -16 -51 1 63 3 -2 99 -59 30 -44 50 -79 11 -31 -3 32 37 89 10 -96 52 56 81 4 -84 41 -73 28 88 24 42 -95 59 41 19 -25 62 10 38 18 53 -10 84 69 36 -22 -70 -23 41 99 -41 -24 -22 23 95 -31 -67 -70 -43 -30 -2 -2 35 14 2 67 97 66 -31 -87 12 12 -68 -79 -91 -66 -67 -69 92 43 41 -26 89 -86 82 3 26 56 33 -57 13 -32 -64 -41 -89 2 55 -5 24 7 89 -25 44 -50 -56 -55 40 61 85 -94 -45 58 -13 98 -55 -86 4 47 85 59 -61 24 34 -96 94 -35 62 -7 9 -40 33 57 66 95 -62 -76 -17 17 -27 64 92 7 96 -86 -26 -48 53 -29 -73 -32 67 -98 -87 -57 74 51 -56 -29 -73 -91 64 -10 6 77 26 3 76 88 19 -10 -14 -49 -36 -95 -54 28 43 -86 47 74 -19 -57 -56 -98 32 -33 97 85 -31 26 53 67 -97 -57 2 -80 36 -13 85 -6 -97 14 -70 57 -77 31 -26 -48 -85 54 12 11 43 42 -70 -27 -11 60 46 6 -70 78 38 49 -52 38 59 -29 48 -31 
40 50 98 0 40 -82 71 -23 -99 93 -13 9 -58 29 2 35 24 26 17 -52 46 -56 69 -99 -77 95 -90 -6 -4 9 87 31 -7 2 -52 20 -70 -9 -8 36 89 63 -60 -90 -57 38 25 -15 69 -32 -34 -16 65 26 43 98 59 46 -97 -46 9 9 63 17 42 51 4 43 55 3 76 -10 17 -72 64 -18 -29 14 91 51 18 33 97 -46 50 -26 -84 -28 -83 67 58 93 75 8 94 -64 0 64 -31 -62 -9 8 64 56 6 88 -2 81 -43 -11 62 89 -60 -14 -50 -63 -69 -93 32 -17 -61 -76 -11 82 84 42 -86 88 -11 38 -44 -71 -49 -79 42 77 92 4 -12 -39 -54 64 -58 -17 80 -14 75 41 -55 3 20 -42 -49 -26 -85 -45 -97 6 -68 10 -87 -36 21 6 65 -12 -92 59 -44 1 99 66 30 -68 -53 -87 66 -9 42 6 46 -92 -18 82 -43 -95 70 -28 44 -74 40 -7 -14 28 -93 -76 -89 -85 -95 -94 -9 -2 70 9 77 -50 42 23 -98 85 -42 -69 97 -74 35 41 -61 -63 37 -41 2 21 8 -37 4 -52 93 -4 -93 7 22 -52 -30 -90 56 -39 -61 2 69 16 36 18 81 79 79 91 -90 14 -73 81 
75 -31 -19 -88 84 73 -60 -31 -55 36 53 29 -5 11 44 -86 23 -9 -91 -93 -48 -37 35 -3 14 10 78 -97 10 -58 61 15 -76 -49 -32 7 64 -28 12 -66 37 -52 -2 77 -28 86 12 -81 82 63 -72 5 -44 -41 40 -37 38 -87 32 53 -38 -72 64 9 0 85 57 51 -46 71 87 -56 91 2 97 -24 -20 59 -18 27 25 36 -18 38 28 -4 -27 -82 47 -64 -78 96 -5 40 -99 -68 2 45 -6 49 41 77 11 33 -91 31 -42 11 58 44 -87 -62 -12 -66 39 75 63 31 66 59 16 -7 -27 51 90 -91 -16 -88 -27 2 98 66 90 -4 71 32 99 -38 94 -67 60 -81 -63 12 -78 8 -90 -85 30 -18 69 47 -71 -38 -71 0 39 -10 37 76 -32 -46 -60 99 -52 56 72 32 25 18 5 -48 48 55 -29 73 -79 71 50 82 -83 -6 39 4 -15 -55 -28 83 45 40 98 -53 56 -1 65 -58 3 -77 62 -81 56 53 -36 10 -98 -77 39 -59 -40 -97 -35 -96 49 -21 81 -16 62 76 -65 42 57 -25 -16 41 50 -8 -67 47 -75 18 69 -89 44 15 26 -89 -92 19 82 -36 92 -94 71 29 -93 6 13 98 -16 -80 
-38 10 41 -59 90 5 45 22 -83 64 -2 -4 33 -48 -16 80 24 52 36 6 86 21 -16 -83 95 -91 43 45 98 -7 -15 -65 42 -83 -31 -87 -9 81 78 5 33 -25 -85 70 -58 -82 17 58 -95 -35 -64 38 80 -15 -20 -1 12 -15 93 26 -88 -93 -18 9 12 90 29 -39 -93 -24 -64 85 14 -46 50 -44 91 12 34 -84 -74 -94 -2 -31 75 -73 -94 47 -91 -99 -30 -25 9 74 -32 59 19 -14 -45 -81 37 -12 -52 -27 -32 38 -75 -76 27 35 0 52 -7 -6 31 -53 62 43 64 -84 -83 21 -1 80 -76 -7 -50 31 -9 -78 92 -82 28 83 -76 -63 50 -71 -63 13 73 -17 28 96 -78 13 -12 -53 6 -69 -28 90 16 46 54 27 36 24 14 -31 34 77 66 -21 -29 -47 86 -57 -3 -78 96 87 66 46 -89 -95 -91 74 30 43 -10 46 90 -48 95 71 17 61 38 -9 -75 -56 -98 96 -86 28 70 -49 70 -14 52 42 96 -91 87 78 53 29 63 -47 3 71 8 -92 -39 -23 26 -14 -13 -7 2 -89 61 -78 -10 18 18 78 -92 30 -75 -40 46 -21 -28 68 -67 64 -61 -15 72 84 96 -36 30 32 70 -63 57 73 
6 61 45 -68 78 -99 11 10 42 43 -21 70 -26 -17 -85 14 38 -80 -26 -18 63 50 69 36 45 79 -55 64 -81 -98 84 18 -6 -67 -69 -68 -86 37 -79 36 -5 -68 -41 79 23 72 -90 95 91 -22 -36 -61 3 65 -99 -97 -2 75 13 -23 -49 -31 -85 30 21 -28 1 -18 47 -77 -78 57 -37 48 -97 -3 92 73 -71 30 -63 -13 35 -26 79 99 57 -25 -19 36 15 7 -43 -69 0 49 99 -29 -89 84 -26 -94 61 27 45 58 -91 23 78 59 -85 -41 63 -9 99 52 -41 -15 -54 5 -99 -55 -96 -13 74 75 42 10 -77 -47 93 -95 -65 33 34 98 -43 -8 -10 -45 24 -64 -77 78 -98 -11 -86 71 -11 -85 14 78 8 -56 16 -56 -79 58 -82 -21 -4 -98 30 36 47 -20 -85 18 20 -91 70 51 -80 35 54 -79 29 -50 -54 -79 -73 -86 -40 -61 -30 -59 -68 -31 -76 -44 17 -50 -98 -36 46 67 45 51 19 62 40 93 54 35 98 52 56 9 -28 66 -20 -44 -55 34 -76 -73 -5 69 79 15 57 15 -22 -21 -27 -17 -86 -82 -62 49 -19 -96 -33 -67 -43 -44 42 -21 -77 67 -3 30 43 -9 93 -42 94 47 -27 95 
-4 -36 -24 39 -50 -13 -50 -36 -84 34 16 69 -56 -56 97 -29 -24 60 -90 -32 24 77 56 -39 -58 -91 -31 62 -95 -36 73 14 1 -40 11 -69 -6 -47 -11 -59 -17 61 -84 35 97 44 -62 -18 18 -74 75 4 -21 -48 42 75 -70 -19 -21 -45 -97 73 -56 -21 60 -55 42 21 18 -11 57 44 90 -28 -49 38 10 2 77 -28 -96 -12 54 96 -15 67 -3 17 -95 12 79 71 10 33 -23 44 48 -80 -39 -63 -92 1 69 34 -6 67 -16 60 31 3 48 -92 33 84 45 -44 83 61 39 60 77 69 -29 10 0 97 -19 -43 -45 19 4 65 63 26 -50 -34 26 -89 87 -19 87 -33 -69 -16 -81 -24 -7 51 99 33 -98 -91 40 -51 99 66 23 -86 39 94 16 -97 19 94 63 94 38 -77 -97 64 14 -89 -49 -60 82 -40 50 -43 52 -50 31 80 -4 94 27 -25 57 -38 -59 -4 -82 -69 -21 93 71 -64 64 -98 85 86 -20 83 -70 -13 -91 98 -60 -44 34 -19 56 -87 60 94 78 -86 55 67 48 -15 63 49 -7 99 -96 46 -34 67 -63 69 54 -68 -2 -79 -57 -90 91 -51 87 56 -15 -68 -12 -35 -53 -37 -14 -45 -82 10 
25 49 -56 -20 53 1 96 9 -76 61 64 18 -12 98 73 -11 46 -57 -56 -75 54 -94 -2 25 -94 -40 96 36 -98 -95 -77 49 -52 99 -18 84 -96 -7 -26 26 45 -80 6 95 -57 -13 37 34 41 -88 -44 -9 48 -86 -51 -65 -50 -19 91 -6 -47 14 88 -41 -6 -24 91 -6 22 1 4 -61 -92 73 38 -22 -82 28 30 -6 76 4 -71 -25 91 51 91 -66 -63 -60 98 -20 13 -39 14 -89 84 81 31 65 -95 -24 -40 -84 -31 48 80 -59 -73 -52 -25 -63 -86 -28 44 96 15 -82 -74 88 -34 -22 -73 -71 -96 -82 -55 3 -48 47 -60 -82 -10 99 -1 -77 -99 66 98 -15 -3 -32 39 -6 57 -6 -69 -24 -1 -57 63 -3 -54 65 29 -23 -12 -44 -96 65 77 -65 -69 -32 -3 48 -76 -12 -16 -18 -95 43 -35 73 34 93 -37 12 -7 -42 37 -16 29 50 -1 2 -90 51 45 39 -39 -76 19 -32 -97 27 -10 -70 47 2 -84 -60 21 -25 18 77 22 -43 -40 -2 -48 -78 62 64 -73 -28 60 83 -19 80 0 32 29 -69 -51 -68 -3 -30 45 12 64 -82 -64 51 19 -95 83 89 39 -30 -73 85 -95 -63 29 -35 -28 77 -56 -98 
-97 48 -78 90 -60 -96 50 43 1 -66 55 -73 -20 -49 32 55 49 -49 -28 48 36 -86 85 -27 -72 -60 31 99 -38 -52 77 8 -20 -57 -42 0 32 -13 52 12 16 50 52 1 46 -88 3 -14 -95 29 -94 -78 -56 98 -58 50 78 -73 43 -90 -63 93 31 54 32 -59 -62 -22 24 57 -35 -88 -79 -84 17 -10 -40 -59 61 -91 93 -84 -81 40 -62 -36 -59 72 59 -41 -80 1 -82 -50 -9 -15 -12 17 -31 68 82 -15 -58 45 -26 53 -53 81 -1 -24 97 -17 35 -82 56 -38 -28 -56 78 25 19 -42 -72 4 37 87 -45 -25 24 78 -29 12 -49 -31 -49 77 -54 -16 -88 88 20 15 82 -2 -70 71 -86 11 -85 -62 28 -13 83 -92 -53 50 8 1 -68 28 30 24 -57 -21 -45 4 -95 37 -13 -43 64 55 55 -81 -68 -94 -44 8 -39 4 78 -28 76 -67 -40 -10 -66 31 -78 51 77 -89 7 83 95 -32 61 -49 -4 -87 -38 83 -96 -11 55 12 -25 85 69 22 16 -78 90 3 53 68 -66 46 60 -66 48 -74 94 -50 -65 -51 -14 7 87 61 -39 -74 -90 -61 5 -10 78 80 18 82 9 2 -89 39 21 48 70 95 -64 50 
-24 -91 -96 42 -38 -28 -27 41 -15 21 26 53 -47 56 -80 91 26 -8 32 38 16 -65 23 -31 84 63 54 -76 -82 -59 -55 -97 10 2 -16 -54 7 97 60 -88 7 30 -14 40 65 -17 -74 -24 -32 86 0 -67 -64 45 -61 3 61 60 -46 -29 64 -33 -16 35 -28 21 -36 48 -31 -58 -84 38 48 82 -14 60 -57 78 -94 -46 45 -3 -19 3 87 -23 98 -17 -23 62 -5 -1 -7 92 54 -61 -52 -62 -36 -46 0 17 -98 -36 -18 -10 25 19 -29 80 -47 -85 20 11 18 -48 -4 -76 88 -85 -91 -72 -99 -60 64 68 4 37 37 84 17 62 62 -68 28 26 27 59 79 16 19 -48 4 79 -5 -91 -1 78 -68 -93 75 -66 -50 -55 -97 59 -16 76 -72 -51 -46 -41 -63 38 -66 -11 18 27 -50 28 -91 16 98 89 44 64 92 98 -71 11 -88 -86 -64 -28 73 97 83 19 6 -76 99 -48 22 -48 46 -58 4 56 -94 -40 -71 61 -19 -93 -30 48 -32 -52 -24 -43 51 39 96 88 -5 -43 -69 -65 -33 72 -6 -84 36 59 -86 83 -84 25 -60 93 37 19 20 -45 10 45 3 15 -16 -62 -79 -49 63 -84 62 78 88 -55 50 31 
-7 -59 -40 53 -96 7 44 5 -38 -59 89 94 7 57 -38 65 26 -21 -19 71 80 -95 18 -22 -31 -76 61 86 -32 55 -25 59 -90 2 -7 98 -20 -67 -90 -5 -19 3 12 10 -14 -73 -32 45 -30 -77 36 62 25 -21 36 -33 20 8 92 -52 -40 69 -72 -12 -17 -30 62 -22 -79 -35 18 96 14 -81 -52 91 -8 72 -65 -88 -42 15 -90 -72 95 -42 24 6 48 -92 35 61 39 32 75 79 -13 82 84 -21 -39 -37 90 -21 81 61 13 85 90 -63 34 -25 25 -4 87 -31 19 98 -27 15 -3 27 48 53 24 49 65 26 77 -27 -13 86 49 50 60 10 -16 65 73 -35 -11 -42 -79 -89 47 64 -61 54 30 -12 25 -59 -78 97 -33 -21 -17 -44 -43 83 55 -58 -92 -20 -85 78 73 -82 98 -40 -62 -67 44 -33 -74 20 83 82 -90 8 82 8 64 95 -9 -19 -92 -76 93 -80 87 4 -34 81 -66 -32 -72 -39 21 61 -82 -96 96 23 -77 -69 -4 38 -98 -25 -9 23 -95 -61 -78 18 86 -66 -66 1 45 97 10 34 -30 15 31 -11 -90 74 8 -37 45 53 49 32 7 73 19 -9 50 -4 -10 50 -63 19 -91 10 -66 -58 
-15 -45 -24 -17 20 -84 70 28 -90 10 -76 -10 -49 -29 -2 92 -88 -17 55 -52 34 -63 -8 -5 -12 5 -65 21 80 3 -94 -11 15 24 2 60 27 88 -80 -66 93 28 -52 -56 44 -2 -63 -99 76 62 -59 -94 22 94 31 85 15 99 -35 -90 40 25 88 -81 57 11 -50 10 86 -47 -52 -56 51 1 71 99 31 -80 -63 -46 82 89 -87 26 -22 -18 -76 41 48 -92 74 -87 1 -2 13 -28 23 79 95 -88 65 -60 96 -3 -2 51 -36 -51 -1 41 -80 -77 80 40 4 -82 -24 8 -66 -34 -59 -37 87 -77 -9 9 -12 -82 -96 89 91 37 44 -91 86 28 94 -5 6 -18 46 94 -82 78 -30 -77 88 -80 -98 -51 -28 28 -39 33 8 92 -83 -95 -96 -78 -97 -71 38 -11 50 14 -47 35 48 80 26 -49 20 -91 10 -53 -8 41 90 -37 54 -60 62 54 -80 -89 -45 -95 28 -38 94 12 -96 -81 -54 99 -79 -93 -90 -54 -22 -84 97 67 -88 11 -78 56 -63 -71 43 -20 12 15 7 71 -22 -46 88 37 -7 21 9 12 -66 -63 -61 95 -94 68 81 81 -51 5 -62 76 -74 86 21 -72 -61 -52 27 -39 99 -99 56 -35 39 -51 
-48 -35 -48 18 7 -57 -97 29 53 -33 -63 75 39 95 38 16 -21 49 12 54 -73 78 -55 -44 -97 28 53 -46 -96 19 -45 -24 -1 25 -70 -16 28 84 -4 0 40 99 -42 -68 2 34 -63 -21 -34 -12 -68 58 -99 89 -17 -93 40 96 -46 -37 -44 -21 -13 -53 -3 -50 28 -21 57 -84 79 -49 -40 75 -79 72 32 10 79 19 87 89 62 -59 50 68 90 49 60 15 31 76 66 -79 77 2 26 -65 28 92 -76 -88 -34 -53 -12 5 -70 28 -94 60 -17 90 -87 79 55 -93 62 -11 53 63 -42 91 -9 -61 -67 47 49 -88 -57 36 -10 -89 40 -60 13 -52 -58 -4 -37 -42 44 86 -94 -88 57 -52 -21 56 -61 83 2 56 44 30 -46 -42 -32 24 -65 72 54 42 -80 -19 -71 1 57 75 -44 81 -53 -17 48 55 -76 95 47 79 45 -16 -77 50 13 32 -60 -3 -15 36 93 -18 -85 -86 -91 69 -30 -52 -44 88 81 -51 9 29 20 -77 31 -7 54 -50 -10 -13 -55 -83 -94 -86 -25 -43 47 23 30 40 81 45 -21 -41 35 27 -95 -50 -62 -8 82 15 57 -68 67 -43 84 54 -4 14 -30 48 -82 -26 -40 -36 57 25 79 66 
45 -69 11 -65 68 26 11 92 -31 25 67 -33 -1 84 -95 79 52 -39 15 -74 -71 -78 -79 -32 -55 -93 -67 83 39 -4 -4 -52 -66 99 13 33 -2 97 -77 -33 -49 -31 -82 60 -14 62 1 24 82 -26 -61 21 39 -64 -49 -19 89 -40 56 20 48 57 3 -48 12 99 -8 53 -1 -81 36 84 -81 -57 -26 50 -57 17 39 -84 82 -3 -47 17 65 15 19 -15 93 10 2 49 88 89 84 24 -58 -21 35 -96 -87 62 -67 -60 -45 3 -34 44 -18 -19 96 96 -82 60 -1 54 22 81 -9 72 -23 27 26 -24 47 -60 -62 -25 -71 -50 73 86 -72 -69 -30 -43 -47 -97 70 12 -41 -54 -43 41 3 91 66 67 70 -47 51 -2 -92 78 -40 67 86 -51 -94 72 -73 53 20 -30 44 90 18 -44 85 -46 45 -81 13 0 -78 18 30 -23 -11 -13 -84 7 -40 49 -69 -7 -49 -79 -16 87 -89 -81 34 25 30 -83 74 67 62 -48 5 -96 24 58 92 64 67 -41 -29 -32 -20 -60 78 -79 -12 37 37 -38 54 -5 -5 -44 -13 -23 31 -35 -93 -51 -22 86 63 -41 -25 -77 55 -77 27 17 52 -9 -55 14 31 -16 -43 -1 57 40 -34 7 
-22 79 -12 -19 81 38 38 1 33 23 59 -1 32 -15 8 80 -35 -69 -76 -96 47 -29 -53 -45 47 35 29 -90 -68 -4 -67 -22 -66 23 -23 -45 -12 91 -71 -42 -30 89 -31 88 22 30 -9 10 92 32 -96 -4 -1 -49 -80 -68 -86 10 -82 14 86 40 32 87 -79 75 -79 -35 77 -79 48 87 -77 92 37 -67 -66 -37 27 -31 -44 36 -36 -72 -28 -86 86 42 25 84 59 -93 47 -31 -24 44 -22 -57 -6 -7 35 -31 28 5 80 39 -62 -63 -22 44 97 49 -12 -48 -81 97 -60 -31 80 21 -40 -36 -33 -59 -84 -91 81 52 60 -67 -21 53 59 82 40 -41 -61 69 93 5 -51 -1 63 34 63 48 -8 -1 -78 90 -52 25 4 19 37 34 -26 -17 83 11 -98 76 8 -81 57 96 71 -48 -89 -18 -62 1 83 14 63 -58 -28 -75 -46 87 -83 47 17 -90 92 -54 -57 -1 14 -24 -72 50 13 -59 -44 59 -81 45 -13 24 52 -28 51 87 -2 71 50 79 17 40 53 47 -30 70 -42 -40 -61 -28 36 78 77 1 38 -70 85 82 -85 42 -88 -41 -2 40 1 31 91 53 -44 83 54 -79 11 54 86 -72 -93 -78 -78 89 -31 53 
16 -55 -17 35 -78 35 -75 -10 49 -69 17 -71 -70 93 37 14 63 52 -67 -43 -15 -31 81 -47 -72 4 -4 24 5 -92 -80 8 -74 30 60 -83 25 -16 44 82 -57 80 60 42 19 -23 90 -30 -83 -67 -51 -69 35 88 -66 -83 63 -18 20 62 -15 -80 -24 51 88 -1 22 14 -54 23 -57 -94 -79 78 -85 -82 -87 -23 -66 77 16 -28 4 35 -63 -93 -13 59 59 -69 7 -80 -17 -7 -32 -7 42 76 25 -41 -41 -41 92 -64 -11 -56 97 -32 72 -59 -81 -87 2 10 -54 -34 41 12 -94 19 29 81 -33 72 0 -41 -95 -94 -66 -82 4 -25 83 96 -51 -23 31 51 -28 66 -92 80 -88 -88 64 -17 65 15 -28 -42 -66 -33 -38 92 -49 -7 49 76 40 -8 -75 -60 73 -47 -44 37 11 97 14 79 14 -47 -97 -28 90 43 68 -77 99 68 -29 58 -41 1 -71 53 -9 -47 23 33 -56 -18 -13 -78 -6 44 85 -57 91 -39 -21 -70 -52 -39 -42 82 -54 66 28 91 33 -57 21 58 -83 -49 13 -50 -99 -51 -39 81 26 3 -24 6 -93 -71 -1 70 -86 25 48 1 6 84 -83 47 79 7 -31 -22 -38 49 -10 -71 -12 37 -90 -70 
-64 -25 46 35 15 -87 -46 33 -71 -49 -33 43 -17 80 -43 -9 69 52 36 -74 -58 88 62 35 27 -5 -47 -60 67 81 -7 -31 68 88 77 69 16 -40 66 66 92 47 6 42 -84 -89 -81 89 -2 -17 -12 75 -41 -76 25 78 84 -15 0 -77 -40 -34 -83 7 -88 9 62 57 43 -5 -64 -60 -57 -45 77 16 -26 -39 -38 50 31 62 -13 -50 5 -73 -14 86 33 -49 -34 -61 -16 -31 13 11 -71 -83 89 -34 29 60 0 -92 1 3 -41 5 64 -58 -76 -10 -81 -65 -7 99 -66 -27 89 -69 -47 88 33 -57 -28 -37 -39 -86 -38 55 -73 -9 16 -5 -28 -70 -29 -82 -31 -53 75 -41 -77 53 58 43 -85 -33 -24 -69 -45 49 -98 54 -6 -12 -68 19 -15 74 29 66 22 -39 -41 -31 47 -80 -67 23 -26 8 7 44 89 -50 93 -43 -61 94 76 -64 -50 39 -82 -31 -77 23 -13 67 56 15 63 -14 99 63 57 -54 99 -42 -51 -97 54 -82 37 -36 35 -51 -20 -87 64 -15 26 -17 -78 62 18 16 36 23 40 38 -44 -46 -24 43 32 -83 25 -47 80 -45 -9 3 -98 34 57 75 46 -51 -82 -61 34 37 60 63 61 41 -2 -27 
34 62 -95 54 80 73 -74 2 -95 99 22 -55 22 -86 12 35 19 80 71 66 94 79 87 -7 8 13 62 97 -93 63 34 81 -40 -24 -26 -99 -96 48 -19 16 13 23 -82 75 34 -64 -56 -96 -75 4 -3 89 -43 99 -17 -36 -46 -97 91 -64 -56 -89 80 -89 -65 96 21 -38 -87 -15 -8 -93 1 -74 -34 91 -91 -49 95 -89 13 -81 -4 24 95 62 75 -63 54 -7 -77 23 -1 59 -64 94 30 -84 64 -52 7 -48 53 -45 55 -58 60 69 47 -81 -42 86 -40 -34 8 13 -85 -17 83 -12 -95 -67 42 2 -83 -50 48 60 58 25 -32 98 99 -87 -26 36 -88 -99 12 -50 -67 26 -66 -76 -82 50 22 61 -98 -91 37 -72 45 -65 -19 -89 -50 -81 40 -33 -19 -90 41 -81 -87 -70 6 27 -83 63 -58 -65 -9 -43 -62 -88 56 -28 4 -31 -49 45 80 94 30 -29 -15 -21 -99 -68 -13 99 -96 17 42 38 -16 88 -19 -5 96 50 83 87 63 -42 62 -64 84 -41 99 0 -92 98 -67 87 -44 -86 76 -28 -85 50 -65 9 78 91 -95 -46 -68 -90 45 71 89 -19 -82 -65 1 -27 -83 74 -70 5 31 -53 -40 1 31 -30 69 -7 
-73 47 85 94 48 -27 36 39 76 87 -19 74 56 -16 12 67 -30 67 70 -29 17 73 -4 -71 -27 -68 43 -20 -77 68 27 5 -85 91 48 -78 -64 -1 -78 -72 -17 61 -24 25 -82 -11 -70 19 77 3 15 -45 -70 3 32 50 -60 71 -28 93 65 36 31 41 -62 -77 -12 77 -14 91 91 -9 -33 87 -97 99 -89 6 -16 -23 -74 56 -8 -48 65 -1 67 -87 60 -54 37 -35 -34 -10 33 -46 68 17 -97 -60 29 48 45 -45 -57 -87 92 -64 98 84 -69 -93 -22 5 -30 90 14 -8 77 24 -90 -1 14 -27 -91 43 58 91 93 -80 -67 -16 15 -67 33 -25 77 11 92 62 -13 -1 70 5 -58 -47 -2 56 76 -93 50 -9 40 67 -48 0 24 -28 -51 99 -22 32 32 -89 1 68 48 -29 47 -83 59 -26 -2 58 -82 32 40 -62 4 -98 69 1 -82 -87 -79 53 -84 84 -45 -53 -42 52 65 -45 -30 -80 24 -91 -37 25 40 31 97 58 -70 -35 -4 -22 7 -77 60 -94 52 -8 92 -16 -5 52 -85 98 -10 67 83 -81 -52 17 -8 37 -98 36 63 46 27 81 -10 67 -40 -51 -87 58 -45 68 -80 44 -68 -7 67 31 21 -41 
39 74 64 -36 -63 -34 60 -57 23 -11 29 30 -20 -92 19 56 -3 -82 -19 -94 85 -13 43 63 15 -79 -7 -19 -55 -92 -63 59 56 8 23 -72 11 21 84 53 -65 -74 50 -3 -43 45 79 77 -6 82 -5 57 10 -91 -56 -72 -11 -28 -31 -71 -89 -35 -74 37 14 -77 -37 -19 6 75 -51 0 -56 30 -83 -91 -82 -9 45 -7 68 69 51 91 62 -8 40 74 -99 -9 36 3 91 47 83 -24 38 -60 85 7 -94 82 93 92 15 -20 31 -70 -70 -95 -63 -85 -14 13 -21 87 33 -91 -36 48 16 7 18 -97 -37 97 -51 -51 2 76 -88 85 -95 -43 -61 40 -79 16 -95 21 74 -90 83 -51 -74 11 50 -8 -13 -46 -12 54 -47 5 48 -14 -53 86 -21 94 -11 -90 -64 91 9 -88 82 -53 -81 -60 -36 -57 46 -43 -70 -68 -56 57 -11 -57 -60 52 -29 94 69 4 -22 -58 9 80 71 81 -34 -84 36 30 40 52 -98 -87 -58 -16 12 47 -48 -37 97 29 -88 -27 24 -56 49 -39 -57 -31 75 -17 33 56 -5 42 40 38 39 63 -65 -33 96 -82 22 34 68 75 -99 -50 42 -63 -77 69 -86 77 -31 -74 21 -68 53 67 -45 -48 
19 -58 -36 -36 74 92 66 19 -68 -33 89 4 -21 0 -75 38 57 -4 -85 -81 51 -57 -91 51 -53 82 41 -24 -40 -17 40 -52 -76 -57 -14 -1 79 98 49 -54 -25 20 9 -24 19 -98 16 -7 25 -72 48 -88 45 -65 7 5 62 71 -96 72 -99 97 9 38 44 63 10 -2 6 -93 0 35 57 49 -74 -11 -93 84 -73 -47 -9 80 -69 79 -90 -4 61 75 -3 11 86 90 94 61 84 53 -10 40 -65 -92 46 30 81 -93 -49 -95 55 96 -19 97 51 -38 56 -79 -1 -50 -37 2 -63 34 12 83 77 -67 -63 -17 -31 -81 -47 -64 -1 -97 46 -20 63 76 7 30 24 47 -40 81 -1 95 -33 44 99 77 37 28 46 76 82 -67 -22 -71 3 37 -88 -12 33 76 -8 -14 22 -74 -1 89 -44 -63 75 20 77 -95 -7 56 -85 -92 26 50 -59 -55 -52 97 95 -2 -99 39 -18 -9 -94 -20 -85 -83 46 58 -90 36 84 55 -93 62 -73 -43 77 37 -2 -91 2 31 52 14 -3 82 12 17 -84 -17 -28 -81 8 9 25 -25 -77 44 -91 -17 18 -59 -69 -90 16 -27 -21 25 -49 -60 -5 -53 -85 -1 -69 -52 -91 -31 -46 55 -11 52 
65 51 62 -81 22 13 97 -29 -64 -81 -23 -67 91 85 -49 -35 -92 -41 -1 70 -91 -38 49 -79 25 -76 88 -70 -31 60 -60 98 -4 17 34 -58 62 34 58 7 32 52 -15 -33 71 -20 -41 -69 72 -80 -95 82 -55 38 45 -94 -88 44 -69 -50 -68 41 -96 14 -72 94 -3 97 -76 4 4 -75 -18 67 95 -6 -18 15 66 91 -91 30 62 -39 -14 26 -8 -76 -85 -26 75 11 -4 -30 63 -50 38 -81 68 67 -5 -79 -89 92 47 10 69 26 83 -20 78 -3 -68 -89 46 16 63 3 90 6 -30 6 6 26 -71 -18 -18 -80 -19 94 77 -72 79 75 69 -60 -30 -45 -18 8 -18 22 -87 60 -62 79 8 -42 -49 8 51 -17 23 -69 54 34 -92 41 -68 4 91 49 34 -48 -8 -10 81 27 -96 -61 19 11 -37 56 0 91 64 77 81 -43 37 -22 -99 12 -96 -33 -70 72 -77 -57 34 7 -83 43 59 -59 -39 14 -5 43 -52 -36 -52 -32 -77 21 -49 26 68 14 43 -22 57 -55 -90 -21 49 -37 -10 -27 -21 39 53 66 15 32 -12 93 91 -69 -95 73 17 58 47 10 -95 -45 84 0 -20 93 -83 -16 21 -31 -4 -33 -21 61 
-31 -36 27 -81 -63 -88 92 67 -35 68 -95 11 82 63 -33 80 -24 63 98 -75 -94 -59 -23 -53 37 -65 90 8 -78 -12 -41 -96 -85 67 25 60 7 -62 65 95 -16 57 -69 29 -18 -41 -63 -15 -30 -85 -94 -42 93 -91 -82 35 56 49 35 -86 28 -84 -2 91 -80 38 -48 -91 35 68 -67 92 84 43 48 52 34 95 -58 22 -20 16 -60 -87 39 23 -62 50 66 11 -27 36 36 -46 -14 55 -9 90 -74 66 -31 -44 -31 -69 14 -57 14 -90 -17 -56 -53 69 -66 14 27 10 -16 -63 -14 44 -59 -34 -33 -48 -19 -97 25 -76 -86 -96 78 -93 -62 -19 -71 44 -28 63 -69 60 17 -33 57 38 73 85 -59 98 -54 94 -42 -98 -67 -11 25 -65 7 -44 30 -82 -82 83 89 23 -19 -77 -86 96 0 -19 -22 -7 42 -42 -4 -3 -46 66 -68 58 -80 -62 27 -2 9 84 -31 87 -26 39 -5 91 80 -99 -82 -22 54 20 -94 -85 51 -71 85 90 69 37 29 -86 -94 -6 -69 -70 16 39 -20 -57 -86 -82 33 -59 -14 71 57 -75 59 -47 65 91 -44 -25 -38 86 -70 5 -7 32 -39 59 35 50 43 -37 14 -17 -9 -35 16 -95 -32 84 
-3 -75 59 -97 38 62 -47 -97 -84 50 -4 -46 87 30 79 -96 53 -71 -43 -63 -26 -34 57 -68 5 -82 46 77 13 83 77 44 -80 93 -9 -21 -32 -89 45 73 63 -31 -65 -84 35 -8 -6 -20 97 -15 9 -21 14 -86 -49 -75 70 -3 -39 3 -73 -93 -10 50 -61 -64 88 72 90 38 62 -83 -16 -10 -26 -48 -99 -83 -55 -80 -31 33 -17 -41 73 45 41 -42 -74 44 28 29 -71 -35 33 -48 -63 32 40 -45 -6 42 -25 16 30 -48 95 80 60 -26 -18 70 -7 -62 -78 -88 -52 5 23 -89 96 -86 53 40 67 -53 46 62 78 -7 -87 -74 16 -47 70 17 -97 -9 -4 50 35 32 68 42 -29 -76 -85 65 -87 -64 -27 -74 -11 22 88 -19 -62 -35 -81 -43 -61 -8 -47 79 -30 22 78 91 45 70 -51 -60 27 55 15 42 -14 46 98 -18 -12 75 -57 76 21 79 30 60 13 -33 -21 71 -27 -99 -15 -94 16 72 -89 10 49 -81 7 20 49 36 9 -62 -69 -77 -78 16 -60 23 33 96 90 -36 -45 17 47 -9 73 -27 46 -52 13 27 61 17 53 4 -81 -45 3 28 61 -3 -49 61 -88 -1 10 -13 16 8 55 -85 -27 -90 
51 -15 71 -24 -42 -42 -92 -3 -44 58 24 -1 -87 36 -62 -99 83 28 35 -77 -78 -62 -16 83 -95 -93 73 23 -64 -75 58 -17 87 25 -68 -47 36 49 47 -63 40 12 34 -7 -68 -5 -2 -98 37 -51 -46 91 -88 92 -57 83 -75 -13 -84 88 -23 -20 81 -53 -56 -1 18 -16 -43 -63 -30 20 -55 28 38 67 -59 36 -55 -64 36 47 -51 15 -39 -92 1 -70 33 -35 93 -79 63 0 -11 -7 13 25 0 -40 -52 -32 61 -70 53 -23 -76 -14 10 -27 -37 7 94 -92 -37 97 86 -99 -19 -78 -90 -23 36 -1 54 31 -58 8 67 22 -40 66 -51 24 48 -90 -64 -7 -74 76 -7 16 -82 -47 8 -22 -49 41 18 -87 53 -84 -57 -47 -15 -35 -72 48 44 41 58 36 -8 -80 13 -22 75 -34 70 2 26 95 -80 -91 22 35 -50 36 14 41 -68 51 65 -65 -98 -48 61 -42 -97 -42 82 -95 -17 -91 72 32 39 35 29 1 48 -4 -47 94 67 -82 34 15 -58 57 -2 58 -18 85 11 29 67 95 -69 76 -22 -8 -80 -27 17 11 -82 -57 -28 61 77 -50 42 -37 -89 -44 -42 44 -75 81 -84 74 97 81 36 -22 98 -55 34 -95 
7 49 -65 -83 99 -83 49 -91 -70 90 -66 52 0 36 67 83 52 -11 28 81 75 52 48 -80 -17 -72 8 90 12 58 -24 90 -85 -96 -70 88 -89 -31 14 34 51 6 -37 66 55 -14 -12 3 9 68 -43 19 -52 43 33 -44 72 -89 -11 -23 -81 41 -89 -36 90 91 99 -2 -77 -8 93 -54 -26 -16 6 24 -19 84 -88 32 91 -38 72 -87 83 -5 -61 4 62 40 -81 58 60 59 -96 -36 51 -36 28 62 47 -57 46 62 66 -51 -73 -91 -71 -87 -73 71 89 0 13 9 -96 -50 -52 18 -5 21 -20 83 -38 43 65 59 -73 33 -56 27 12 -57 77 2 -87 -12 29 32 -73 84 32 86 69 12 -69 86 40 -92 -44 79 -72 -78 70 -8 26 20 -48 12 58 -24 -11 35 -44 7 -95 -22 39 -50 1 -97 -48 -30 76 -25 49 -81 -42 52 6 98 -97 -68 -74 -28 -67 -74 -67 -26 33 -84 0 94 17 -41 31 -84 -40 -68 54 -22 40 91 -10 -93 82 92 -79 -59 -64 9 -76 -16 42 -86 -63 31 86 -47 -87 60 -43 -7 -81 56 -7 -67 -65 -58 -82 69 -23 49 -7 32 -89 -72 55 -73 -11 -74 88 -11 -69 -80 6 -37 54 55 
-99 72 -63 -11 -49 -70 -74 -42 -69 -48 43 -76 34 55 -27 97 14 19 59 -41 -88 93 -91 82 84 21 -87 -44 -58 77 48 95 55 75 -9 37 86 71 -51 -10 21 10 12 61 -56 88 -46 24 41 77 -5 -42 82 -62 -57 -80 37 -72 27 42 -95 -82 -27 98 -58 -47 74 -91 18 -38 -78 -92 -32 -38 -25 -18 60 25 -89 89 -11 29 -45 44 -26 67 -98 -28 -93 62 51 -47 65 7 21 40 -1 23 65 -62 -90 6 -69 -40 -78 58 15 76 -22 -78 46 -17 19 88 -10 99 -90 -48 9 -63 -33 -25 -94 -37 -93 -2 5 -74 45 -65 -14 -45 -29 -60 70 27 75 14 90 -32 -1 93 42 93 -62 70 -37 -33 -12 58 -34 74 -64 -58 54 -27 23 72 -54 56 9 -4 5 18 60 93 -18 18 73 -64 -91 -30 12 -78 -5 36 -1 -85 17 56 -45 -19 88 -56 -24 -30 44 -87 -78 7 11 -37 -67 48 40 -51 -55 -74 -79 69 68 -2 -81 -37 11 -85 9 -78 -99 -41 -94 -66 69 45 -32 -6 99 -2 32 -57 -42 41 -20 -62 -93 59 83 -68 41 -41 85 80 -7 -35 -14 -14 -26 -24 73 -41 53 2 -70 -67 -96 -30 -53 -92 29 -44 
-10 -13 -5 -53 -20 -96 61 60 8 -86 9 45 -43 -83 -40 3 -80 -20 -11 -60 -15 -18 -18 -91 -64 15 6 -62 41 62 -2 -95 -34 61 -54 -48 15 -56 -20 -56 -99 -64 87 32 24 -67 61 4 77 -26 -9 36 90 -74 -79 -65 -84 -96 40 62 17 -4 -44 -96 87 16 35 86 -29 -27 86 -65 -6 -64 96 29 -6 -14 98 54 91 31 93 89 79 -49 88 69 -59 17 49 -83 51 -52 94 4 97 58 -67 -94 77 65 53 50 64 16 34 74 48 91 -76 -92 77 45 -77 -78 -78 -86 9 94 -39 -63 -81 -63 -1 44 55 -13 16 -36 20 96 -23 -4 64 38 35 37 77 70 -83 -37 98 42 95 -67 -49 16 -67 35 -7 56 8 9 -17 90 -2 -17 -12 33 9 64 -73 7 -10 -37 83 -90 -24 95 -83 -20 7 74 97 2 -50 46 95 52 -92 97 -76 -4 54 73 22 71 -73 19 -42 48 55 -74 -7 46 53 -1 -16 69 35 -91 -46 -37 7 -3 -92 -76 -7 95 -12 -93 -79 -20 67 18 -42 -2 -72 -96 80 -96 -58 -64 78 -59 5 89 45 28 23 53 39 28 -96 -91 -50 -67 -38 75 -77 24 -30 48 -10 -12 69 88 -16 83 
36 75 -34 20 -39 -73 82 -1 63 72 -7 74 -31 -74 97 -32 59 36 -52 40 -61 -12 -85 1 -35 78 -50 -7 85 36 11 -78 65 -64 34 -88 86 -82 -48 19 -88 -74 1 -12 32 14 -73 70 -38 90 59 -85 -35 -80 24 25 73 61 43 26 53 87 0 -61 -87 -37 82 83 96 -3 -22 -52 75 43 -13 -18 73 40 -73 -94 63 83 89 43 75 -7 -12 -73 -24 -13 62 -50 -47 -72 -78 -14 -15 -36 -11 71 86 51 6 -38 -10 -50 81 33 -2 57 -92 -57 61 -47 -79 75 -45 -8 -49 30 65 45 -56 -11 80 41 -40 78 -62 9 -24 -25 61 30 21 -66 72 29 27 80 -45 -88 27 10 -32 32 49 23 -70 29 75 22 -19 -48 -99 -5 -25 -93 44 -7 2 33 -53 52 -60 12 88 99 -17 -2 44 24 9 -19 -14 -99 -96 -78 -84 -71 -89 -52 -68 -48 72 18 30 -82 91 64 49 5 -5 94 15 -70 86 69 88 55 -36 -99 -96 62 -63 -28 35 -32 -92 79 41 -70 51 53 -27 98 6 89 38 68 59 -12 -2 17 -95 -80 41 -78 -88 73 -88 28 -32 -91 50 86 -43 52 33 -2 -75 -39 93 -6 -51 -87 -5 -30 23 2 
-87 55 -42 8 -10 93 37 -38 -36 47 -63 -46 61 8 61 -9 9 85 72 -81 54 -63 -49 16 17 -84 -81 89 9 36 12 56 -83 -86 -89 -12 4 -71 75 69 -64 80 -68 41 -13 -55 88 -18 53 78 -4 0 52 91 25 -38 37 54 -82 76 -96 -2 -92 81 -69 -23 86 -81 -33 -20 -51 -44 55 95 -90 -9 17 -45 -59 39 -65 -22 20 52 56 69 -32 -27 59 -3 -52 93 -86 -17 91 -97 -89 6 -32 -12 -50 0 -33 -73 33 -5 64 -77 26 -21 21 55 15 -73 -50 -40 -86 -31 -91 89 -68 94 -5 -39 -47 -50 -77 75 28 -74 82 -21 -97 -29 16 87 -75 -23 -32 86 -32 59 45 48 71 -36 -98 4 78 -12 91 -55 50 -75 -47 -42 14 18 73 82 62 -44 4 -63 -78 -31 30 68 65 0 40 -73 9 -71 -24 -35 -41 23 39 62 21 -49 7 -31 91 -36 31 92 -96 -62 -72 5 77 -55 19 -96 50 -30 -11 34 -64 -76 -54 16 -72 84 20 18 -55 69 -94 6 -43 -86 -9 56 -59 -16 -51 37 -26 21 49 -17 -54 -95 59 -83 75 -26 -15 8 31 30 59 -8 -19 -12 30 14 42 28 88 -95 46 -41 -42 96 33 -84 
72 -73 -13 -58 -19 87 21 -58 35 75 64 15 -44 -57 57 -30 5 19 -93 -5 40 21 12 -79 22 -44 62 68 2 -28 -53 57 81 90 -78 5 -87 55 3 61 -95 10 96 86 83 -78 -1 86 -16 -8 55 -44 -7 38 24 65 -13 21 58 -83 -4 -36 7 -67 -33 -79 31 76 78 12 68 93 -62 77 64 78 65 89 -13 84 43 2 -15 -47 82 -74 -2 9 41 21 99 74 -7 17 85 96 99 74 51 -82 -42 85 73 -98 48 98 72 44 -90 -13 -33 -99 78 2 74 94 -57 7 -4 -71 -43 -57 62 77 89 3 -69 -2 -37 66 -69 -80 -55 62 -42 42 -68 89 38 65 -62 18 -40 -33 93 73 42 54 -75 -65 28 -38 84 98 -94 20 98 -78 -95 -15 84 -56 94 38 -55 -72 68 35 -71 -69 25 -13 -18 -84 2 76 74 -39 87 67 -45 89 -84 10 -45 -65 -70 29 8 -28 51 97 -93 18 -17 -80 -91 -73 33 -37 23 96 -26 81 -77 8 -60 -15 51 -61 22 -69 9 51 93 5 75 22 -16 59 -79 -54 23 7 -16 -74 -87 46 -34 -98 -40 70 -17 -11 -27 -81 86 86 -96 79 -31 -57 -62 70 -26 -76 -59 -30 2 -70 
-71 -39 -81 99 20 -52 47 -98 -51 -77 28 22 -31 98 85 10 -10 96 -25 -63 -37 -92 82 -27 71 -55 -85 -56 -81 -38 3 87 38 -52 -72 -50 -77 -85 -56 41 33 22 -82 -75 -9 -49 -79 88 71 -89 7 -57 5 45 -40 -44 6 35 9 77 96 -68 56 58 -2 61 -10 79 20 -66 -35 39 -76 -24 -34 -96 -95 92 -9 -51 76 -50 -21 -52 60 -34 83 -52 2 59 82 83 -39 60 -78 -70 -93 -92 -77 -3 19 -9 47 -83 -80 45 -43 -15 -65 -48 45 -22 75 -32 -69 62 -94 -94 45 -62 2 -43 71 -79 -59 89 5 54 74 -81 -75 9 34 -29 -92 22 -63 -9 -19 57 51 -80 -55 92 18 80 18 -13 -68 -4 86 -93 -41 -29 90 72 13 59 23 -87 25 -41 -94 15 62 -79 41 -28 -99 -3 -22 69 35 15 -3 -61 69 30 -91 -43 72 -3 -43 98 40 33 -96 22 -35 35 -60 -18 -38 53 89 46 -21 46 -77 41 84 15 -67 34 14 -44 87 -42 -63 -9 -21 65 -55 32 54 87 23 -90 -83 -19 66 50 29 -64 -34 57 13 -4 3 -14 73 34 -28 23 -58 -38 -3 -49 -51 -78 -57 34 -76 -62 -93 52 89 -23 31 -74 
-17 20 61 29 81 41 64 -12 -77 87 -96 -59 -75 19 -5 96 -50 -77 -64 -24 -41 -6 85 -78 13 59 -2 -26 19 -2 70 -27 3 -56 -23 -73 -5 96 31 91 -20 -63 -75 -60 -43 -8 62 -62 75 -83 -2 34 -60 -61 48 -81 31 -18 4 7 -89 46 -44 33 -13 -50 -80 -72 -14 96 -80 43 -10 -41 -9 -92 94 13 -36 13 89 73 92 25 95 -18 -80 -88 73 -84 -75 -10 78 -55 48 -77 59 -35 -60 -20 -88 28 -73 15 73 97 42 65 -92 4 34 85 72 -14 -55 -58 9 -58 6 21 -52 -65 -32 -7 -50 -19 -9 -49 -76 46 99 59 10 79 -69 75 -5 -42 26 -4 79 -52 20 79 81 -91 23 9 -93 -30 -41 -70 -91 -22 24 -20 63 -96 -96 -10 63 -87 -57 37 33 29 21 -15 96 73 -94 46 72 25 82 81 24 89 78 -52 -5 11 -95 81 -75 -25 -70 79 -62 55 -83 9 -61 13 91 -51 -89 -77 -98 -61 37 -90 -76 58 61 79 -7 8 -16 45 4 -93 61 74 -77 -50 7 -11 -2 -21 -62 44 45 -61 57 -9 -21 57 83 -68 19 89 -15 -8 -1 35 -66 80 3 71 92 81 -26 62 -61 -37 -35 -30 82 11 
-44 66 6 75 45 4 41 -46 53 -11 -91 -42 -97 88 21 43 0 10 -46 64 -22 -21 -74 -95 42 -42 37 77 66 9 -14 29 -55 88 -1 12 -45 -3 87 69 40 -2 -82 33 25 81 73 -85 -61 -85 -30 -7 59 68 -95 13 -59 28 12 11 -60 25 70 24 47 21 19 -85 -44 -67 -91 -29 -56 -96 27 -16 6 -22 47 -15 38 37 -62 27 3 -94 32 38 79 -60 35 -41 -89 12 -2 42 30 -60 79 -24 -90 62 -72 -49 -17 20 -7 -33 10 -16 -38 35 6 -31 -3 54 -21 20 -47 -62 18 53 -79 40 -83 -13 75 56 69 78 -26 48 25 -8 83 -33 -78 21 88 -66 14 -2 83 99 23 56 -71 25 98 -98 96 -67 -8 -39 64 -29 42 -68 59 -28 -46 36 74 -21 56 31 23 -29 1 -52 31 31 -56 18 -12 81 85 -51 29 19 -43 -61 -1 -92 49 15 -95 64 -17 57 83 19 -45 39 1 -52 35 45 -90 -22 10 66 -16 -62 -1 -64 -33 -55 69 52 -93 -19 25 -53 -20 8 -81 64 -3 -39 48 -61 -9 -37 84 -55 17 61 7 66 17 -67 -50 74 21 -74 -5 72 -47 -18 -7 71 81 -20 56 38 -65 44 7 -12 
-63 31 92 -89 10 -41 37 37 33 22 29 21 -2 -25 34 32 66 -4 -38 46 64 -50 26 74 -14 85 79 -46 8 84 69 92 -29 42 49 72 10 94 53 32 5 -70 39 -67 19 -28 89 93 -46 80 -62 -97 58 65 79 88 32 -40 73 -68 -12 -69 68 48 -11 24 -2 17 43 51 50 72 67 12 -12 51 91 -75 -46 -90 29 -27 -24 -17 77 75 78 40 80 -69 24 37 -24 46 51 20 -73 66 33 -97 -63 -24 26 -1 67 91 -99 -8 6 92 -56 95 84 -71 73 -71 -27 -75 -40 -49 32 50 -65 32 51 22 7 71 -99 -75 -10 -84 99 9 -74 -53 -99 55 88 -69 0 0 57 92 24 -65 43 -63 -91 17 -58 3 -95 -96 -46 -25 75 -85 72 91 70 13 -80 3 -80 20 -94 80 -29 52 3 8 88 97 -96 -92 0 36 -92 40 96 -45 51 75 -39 -61 -28 -47 86 -94 -3 67 -23 14 -48 10 -35 -58 -1 61 63 94 -89 -75 67 -98 38 -94 -57 12 35 95 -73 2 65 -56 -92 -69 31 15 -32 -92 8 -53 74 66 30 76 47 -29 -79 -89 11 -12 90 -55 -23 -78 -38 -46 27 -32 76 -9 34 -49 -96 12 32 -82 
-86 -91 52 97 80 -22 -7 42 40 -27 24 -37 66 15 -44 3 -33 94 -30 65 -78 76 -59 71 90 -88 33 -75 -34 -18 -64 -65 84 4 46 -87 0 -36 -56 -59 -49 -37 69 -28 -92 -11 -47 70 -23 -35 -20 35 -24 61 -47 88 -49 3 -81 -26 -68 -86 62 78 -47 -23 42 -13 32 -55 -15 24 -59 9 -3 48 -4 10 -27 -80 36 -95 -80 -71 -3 61 -92 -88 76 -90 63 79 93 -99 -30 -94 76 56 -29 16 55 -15 19 84 -63 34 -62 35 31 -48 95 74 -60 31 76 41 3 -10 33 -36 -99 -34 -46 18 -46 -4 -3 -25 -45 38 16 91 93 -22 61 -24 8 57 -65 43 55 -19 -86 53 -37 84 -10 -72 24 -78 66 -69 -66 -58 53 28 31 84 -74 35 36 16 -64 -97 -17 -16 -93 80 -93 59 73 -94 59 97 1 -27 -74 40 -90 75 -98 -36 -75 -40 -35 33 72 11 -13 10 51 33 -86 41 -64 65 -94 87 -5 44 -70 -13 21 -75 43 -6 -90 -56 -6 -35 -6 32 93 49 38 61 -69 -1 35 64 94 -17 -84 -88 -7 -69 0 59 -76 5 78 -24 -82 -53 25 61 23 61 35 -60 14 22 -13 75 64 76 16 -91 -87 27 
11 14 -22 41 -28 9 -42 -3 26 28 43 -53 -44 46 58 72 -90 6 -41 -82 -44 64 -25 7 -59 10 -37 37 47 -31 4 -65 -19 -49 -64 49 -11 -7 -25 48 -42 -93 85 23 -60 22 87 -68 -54 -88 -43 77 28 16 -52 -58 -44 -25 -51 -46 98 40 -85 35 38 23 -54 -28 -25 -5 18 -13 -84 31 81 34 -14 -3 82 -16 -15 62 3 84 -80 -44 84 -57 -25 99 -9 76 48 -15 93 71 -76 47 67 66 -75 71 77 -53 68 -4 10 -52 -36 65 -63 -79 54 3 28 -21 -55 -26 9 93 -10 45 -55 -46 91 -77 8 13 22 -36 -94 -46 -59 78 -45 23 -36 -5 -71 -42 56 45 88 -73 32 -59 41 -36 -70 -41 99 -31 37 2 -63 93 -1 41 68 -70 -34 48 -57 17 39 1 -70 -59 -73 81 -94 87 24 88 -78 -48 -97 -53 67 -64 16 56 -57 -91 67 88 45 -96 -13 -80 97 -18 -35 -34 74 70 82 85 97 53 -3 39 91 -8 7 72 98 -27 -97 85 -59 22 -80 12 2 81 -59 -45 90 -51 -14 3 -2 -35 -57 -18 75 87 -87 -26 28 10 59 -18 -20 -47 -74 73 -39 63 -91 85 42 -87 6 -98 25 83 -34 42 
41 27 -27 -70 86 97 1 89 2 6 -51 -94 -92 -44 -90 -50 12 81 11 94 -68 -73 -19 5 33 60 85 -75 -97 9 27 -74 10 32 35 -63 -44 98 -44 11 -15 -6 -7 -20 -66 67 -75 49 -25 -81 -59 68 -24 27 -42 32 53 78 12 -50 5 48 -73 41 -75 -48 -27 53 -54 -19 -1 63 -96 -87 88 28 -17 -54 -6 -20 0 -33 40 -74 -58 -73 54 80 -80 78 90 37 -85 83 -91 -47 -12 -61 -33 -26 10 -80 -26 28 51 54 -73 9 76 -41 -81 -29 98 27 -57 -76 19 -52 -65 63 -68 67 65 42 -40 98 61 22 85 -30 -90 -12 45 -14 29 14 -3 6 47 78 -16 -31 78 -18 94 59 1 -17 16 -89 -26 21 0 -54 -66 87 15 -33 58 -62 47 -9 70 -20 31 16 -35 -72 -75 -14 -36 -14 -48 -67 33 99 91 -12 5 86 13 -3 -74 -75 -21 -88 -68 20 -98 -2 15 -79 -83 40 -29 98 -43 70 24 -63 32 -94 -27 79 -27 -28 54 76 71 98 -68 -53 -91 -49 -76 -60 72 61 -54 18 51 -75 -43 -15 14 52 37 -47 -42 -91 30 5 -76 -93 -50 34 53 -98 -5 -11 -37 -91 -67 7 11 13 81 26 94 48 
-93 -11 -23 -23 -39 73 9 -78 80 83 49 -80 53 92 90 26 -53 -12 -54 -98 -49 -85 38 96 6 -32 -92 -14 -43 -55 5 93 -8 35 1 83 -54 -5 -86 44 21 -40 -73 -14 -59 -44 96 -1 66 -57 12 -22 64 56 -80 34 -2 -68 0 33 87 47 -23 -23 23 -11 -4 -67 78 17 86 -92 -39 -89 28 89 53 10 56 -79 -15 28 98 -96 -7 83 37 -73 -69 -7 33 -47 -10 17 -4 42 -65 12 -22 42 -30 -61 35 29 -87 -3 7 -95 -70 72 -40 49 94 -96 -9 -56 36 -76 -96 -61 8 44 99 -35 95 -68 -6 63 -24 61 -93 27 -56 87 8 -44 2 -57 -4 69 -43 -50 79 72 -34 23 25 -7 8 -30 42 -1 -56 -95 38 -76 77 -1 -20 -90 40 23 -41 63 -30 -80 -61 -3 66 -2 71 -82 -34 -16 -37 -93 81 -94 -50 42 -30 -57 -76 -1 -99 -73 32 -89 -75 23 -22 11 -1 -20 -79 24 -67 20 99 26 -74 79 -75 13 -33 -93 -25 -35 -95 -2 -10 -86 -42 -41 -38 -76 18 53 -55 -29 3 -63 -44 29 37 75 -9 -55 26 -28 -85 76 -26 -37 -9 -52 -49 -16 -44 23 76 74 -14 56 57 -1 52 -76 83 26 
-16 -23 -7 -65 95 52 -12 -16 49 87 -42 -47 83 -55 -12 19 -82 9 19 8 -39 -49 82 -25 -78 -51 -66 -95 -96 42 -6 -15 38 98 -48 7 -9 67 -7 -90 -80 80 13 1 -12 -76 56 86 99 -18 -13 35 -11 -85 58 65 -72 -35 94 -86 34 21 -39 -6 75 1 51 75 -20 21 -25 -83 39 -21 -7 86 85 70 -87 -5 11 13 48 -84 -14 -87 -19 -22 80 -23 96 -7 -90 96 -24 -17 74 45 42 55 16 26 -30 -68 -9 69 75 -25 -17 66 69 -29 -62 76 -90 97 -88 -33 -57 4 70 82 6 38 9 1 74 -56 94 -45 53 -75 -3 -46 -75 81 35 -69 17 25 31 27 86 -95 -22 45 -11 23 67 67 80 97 -3 10 -61 75 21 29 -62 -4 73 16 60 -8 -33 -27 99 17 -85 -26 88 -4 -7 -37 -97 -53 -92 19 19 65 -94 30 -89 -55 -24 52 -13 -8 -82 39 27 -9 28 77 83 -40 -85 -52 -66 -80 49 -28 73 39 -22 -23 -98 -20 52 -5 -23 -74 87 -99 -71 91 0 63 -43 6 79 50 50 -27 -78 16 -77 61 -25 41 46 -30 72 -75 -2 -32 -26 6 -20 79 80 -2 -47 34 -44 21 76 -53 8 -75 
30 62 -31 -88 27 50 -4 -61 -40 59 96 -27 33 73 95 -69 4 -4 -84 78 -54 -80 73 83 80 84 -69 -38 72 49 -48 -50 -93 -96 -7 -31 -44 61 -26 48 16 -90 -93 32 -60 66 -25 50 -54 61 -49 -79 -77 -31 60 -64 77 32 -22 -75 19 -67 -72 12 -70 -65 37 -72 13 -27 53 -88 -99 33 -88 -69 -12 -85 49 -94 -78 33 -28 -45 -57 -43 78 66 -31 -39 78 3 -72 -72 -20 -51 86 88 68 59 90 78 -17 -78 -7 -21 30 -54 -87 47 3 15 9 -23 83 -99 -46 11 50 85 29 19 88 58 -77 -40 97 26 78 -37 -3 -5 -8 4 -79 34 -75 92 -8 52 95 85 -7 -7 67 86 -64 -98 -52 56 -94 30 43 82 14 -92 -25 84 15 -60 -14 80 15 -68 -37 38 -29 -29 37 -17 76 51 28 50 -1 -51 -2 -48 60 -63 -37 74 55 36 -91 -43 -63 5 -34 -47 80 81 -63 98 -75 25 34 61 -82 78 -81 51 -29 -26 -81 -43 -61 22 -48 -41 0 10 83 -84 -11 -1 -96 -23 87 27 27 10 -81 70 -33 64 -59 -71 78 89 89 68 0 97 -87 14 85 18 -55 -18 56 22 42 89 39 -43 -55 -23 -48 73 
-27 83 -68 99 -30 90 -36 94 93 -9 -52 61 98 82 97 -16 14 -70 -42 -28 -37 24 -47 -80 -44 -28 -61 35 35 -73 22 39 -85 44 33 -6 19 86 -77 -38 21 58 -58 47 29 87 2 34 -62 -29 14 89 -49 -24 60 91 -14 -49 70 -12 56 -37 -72 -3 -20 77 -1 -7 -3 -99 87 38 -88 70 4 -17 -83 17 84 -96 88 19 43 -97 79 93 -21 -94 -72 -52 36 46 14 33 64 -69 -86 44 74 60 47 68 13 24 95 65 -7 -71 -59 -36 93 38 20 -14 12 -60 -69 62 87 62 -16 -20 -51 -30 -72 47 4 -45 74 -95 83 -44 56 -42 35 81 53 -28 77 10 94 54 93 -46 -39 10 4 -76 33 62 9 -80 40 94 -99 -19 96 9 34 45 99 -22 31 99 -4 -36 66 37 73 89 72 -52 -86 -94 -73 21 24 61 78 -26 -71 -29 80 -30 -7 -30 29 -34 -37 86 16 41 -94 15 -34 -88 -22 43 66 -22 -6 72 38 -75 17 32 79 -54 64 -62 -60 -59 -96 94 19 30 84 -26 -81 71 52 75 -68 -89 22 -71 -16 69 -70 -82 -93 -79 -70 -59 -49 53 -99 47 -47 93 17 -67 74 1 -75 32 50 -82 -28 -88 
-67 41 99 -65 -66 84 -76 60 -40 -82 55 2 40 -54 9 -54 94 41 6 -76 -8 91 98 -31 80 62 -30 83 51 -25 53 77 14 -51 -15 -14 26 55 98 -85 81 59 42 76 -37 -4 -27 -37 -64 61 -77 63 24 -34 0 65 1 94 96 -92 73 9 11 -68 -49 -4 6 -85 56 -20 -88 24 47 -36 52 81 84 -60 -94 34 -82 76 -18 -34 51 -64 95 70 -75 -5 -89 -5 -49 -44 4 -37 -89 46 1 31 -81 -59 -55 -47 -62 93 64 -12 -5 46 -25 96 66 -81 66 24 -7 17 -96 62 53 -7 25 -71 27 -53 69 89 38 -39 88 12 87 87 53 24 76 -92 -68 -72 -6 -88 25 -17 -18 78 -67 63 76 22 -44 78 -98 45 4 -9 -39 42 -73 -9 -5 -4 67 31 79 27 -91 60 33 -72 -77 65 95 -73 47 -47 -85 42 19 3 -89 91 -71 -12 30 39 20 -42 -13 33 38 -22 85 2 16 85 -72 -98 -4 -89 92 6 53 -11 93 -52 -23 -35 91 95 -89 -77 83 -38 -21 91 -22 -78 62 -97 57 37 14 -79 59 95 91 -59 -24 -90 77 55 -17 54 81 -13 -41 -43 95 -61 -14 47 2 -65 95 -34 -58 -21 62 -95 
-71 -7 31 37 -57 -12 -86 52 60 -13 -53 -82 -8 -65 78 -17 -18 43 -23 -65 34 24 51 -90 37 -86 -41 -99 -68 77 49 62 98 26 18 10 -8 43 24 -89 -92 48 -57 50 -70 -44 -66 -37 -63 -98 78 -12 30 -68 54 -50 36 -39 -66 -46 -58 35 15 -69 -4 95 -30 -3 73 46 79 41 92 -93 -22 -36 -43 -52 15 -38 11 5 -94 -43 5 -64 71 -30 -34 -58 -78 47 47 70 -52 -90 58 -76 -47 -35 -18 52 80 74 21 -91 48 -24 19 43 34 -57 81 89 80 74 23 72 -41 97 74 -48 74 31 -3 -42 18 -74 68 -70 -55 -53 -10 12 72 36 -19 97 60 0 74 0 16 -67 -29 -13 4 36 98 9 87 -9 -48 -86 -10 -51 24 38 38 35 -46 -40 38 37 46 40 83 84 2 78 -37 80 26 71 -35 85 46 -39 -8 68 -81 38 5 -28 -63 45 39 43 -94 13 -64 27 -10 92 35 -75 -19 78 -85 -97 -2 83 24 55 -8 -58 -3 19 -44 -31 -65 -9 -12 85 -26 -43 -86 -2 47 15 96 -51 17 15 -3 -34 -82 95 -94 32 88 -94 89 44 -46 -41 -99 -76 73 80 -40 -2 40 22 89 -95 -34 -10 -87 -19 
-53 -33 -65 70 -34 -22 -59 47 48 98 7 -31 30 -29 13 52 -26 -44 94 25 69 79 -3 64 91 -25 83 10 -64 -19 41 -31 -85 -8 31 -31 -84 22 0 -32 -32 77 20 -13 -48 -29 -15 27 88 72 -6 -50 -26 -47 -48 14 -81 -10 -88 80 14 -34 20 -37 45 48 16 62 -26 -16 -34 55 64 -95 25 -55 40 -92 -36 -76 78 -1 32 98 84 -31 -12 -12 -2 72 -75 23 -20 -22 52 -4 9 89 -6 -67 98 29 -24 -1 -99 51 -85 64 63 46 59 -82 -29 17 54 -32 -52 58 82 -45 53 90 24 -25 -11 48 15 62 -10 -2 18 57 89 -81 -88 -17 24 47 -72 -2 -32 -88 55 87 38 10 53 15 88 79 91 -16 -82 38 -79 34 -22 -67 -65 -14 83 -15 -49 -58 63 10 -64 21 24 -46 -20 24 -54 29 17 -64 1 -81 32 -71 -57 88 -50 35 71 -23 71 63 -70 53 -82 84 -35 59 -62 54 44 -11 -45 -42 72 28 71 -13 35 -19 -43 -68 -44 -49 75 91 -6 1 70 -33 42 -42 13 -47 70 25 -55 42 21 24 68 28 40 6 -41 -2 49 -77 75 -42 -12 -48 -37 -96 -18 39 -55 -17 39 -2 80 0 67 34 
26 -44 -58 62 14 -31 21 78 44 -10 -97 -63 77 -22 18 84 15 -28 66 48 5 44 -66 -83 -52 -87 51 57 85 -83 98 -15 75 -46 -70 -94 -66 -62 -24 17 -19 94 -72 56 -76 93 86 -42 56 91 46 -87 0 42 47 -26 6 -51 51 -53 -62 -4 -1 51 -68 -6 65 90 59 52 11 32 4 -70 -6 -32 -77 -28 7 -83 49 10 -50 -21 6 14 6 68 -13 -73 -93 -95 -99 13 -53 -63 -17 -52 -39 20 90 -23 -35 43 -80 -90 -42 -63 -89 69 -87 64 50 -16 -23 12 -35 -92 68 -83 35 -24 -72 90 -15 -96 29 -56 28 -13 -61 -45 73 73 -13 32 -52 76 -81 -44 4 4 47 97 -67 30 -26 -95 95 -37 74 33 -91 -13 -59 0 77 35 -18 35 77 -23 -30 20 0 64 8 -21 52 -30 92 18 -3 23 -30 -22 -19 -5 34 80 -38 -14 43 61 -20 -51 16 53 82 70 -82 -98 22 77 -64 2 -56 -30 67 56 -56 94 72 -24 98 4 83 -6 91 88 95 24 11 78 -26 40 97 11 69 68 -88 98 -4 99 -99 -52 -35 85 52 39 54 -97 12 -86 98 9 62 -14 36 34 39 -50 -57 -50 -37 34 -23 3 57 18 
-70 57 -40 -91 -44 -23 25 75 96 -84 -43 -51 36 83 -9 -79 54 32 -12 -97 57 -22 81 45 -61 -64 22 -51 -58 -84 68 -19 71 -35 31 48 -84 80 -8 -93 16 -67 33 71 59 -41 -37 -27 71 17 53 51 88 -97 -49 7 91 -14 -63 8 -64 4 84 2 -50 -5 -54 97 -94 86 9 -13 -76 -24 68 79 14 22 -44 -45 60 1 -84 -39 49 82 -5 -40 57 -29 -65 95 76 22 5 -51 -4 82 -67 -3 69 -66 -38 93 -69 11 -3 68 38 92 8 -18 -24 -51 -19 52 -96 -13 -27 -73 -64 22 -78 -7 -76 -77 76 -83 -42 89 -96 -82 -73 86 17 26 -73 0 31 -32 -16 -14 -28 -2 -44 -45 62 -89 65 80 57 91 74 -69 -49 -25 -50 54 23 32 -41 76 -21 -74 -85 -56 84 -49 47 -31 63 0 -55 -85 -22 42 -88 -88 -76 -49 57 23 97 1 -68 88 88 79 73 -43 -16 -19 -98 97 27 -16 -20 94 -45 -69 76 69 65 -48 -67 -48 -28 -83 5 -31 -62 81 -15 -61 91 98 79 78 75 -92 61 -28 -92 81 -62 70 -3 -52 -86 -70 33 -78 -93 -13 87 -95 -2 -31 -92 53 -92 -56 -39 43 -72 -53 48 -11 -64 84 
-61 88 55 99 -44 78 -71 -91 -86 -27 -43 97 -66 -22 78 65 -74 -96 -23 31 88 -20 71 48 56 4 -49 29 -9 -26 96 -53 -20 81 -86 3 -27 80 -84 -11 84 -24 59 -21 84 49 46 -85 55 21 81 68 29 -82 -5 21 38 93 25 95 85 -83 -63 41 -21 -26 71 77 -56 -41 -81 -52 -41 -99 86 82 -74 -21 -92 71 -35 93 36 -64 55 53 87 67 -4 72 -27 52 -87 -90 -54 68 65 18 75 -89 3 -52 6 -45 -65 -10 13 -88 45 -91 73 67 -44 54 80 -45 41 1 71 50 -98 63 -8 4 -1 -57 57 59 -21 26 -12 87 29 -25 -45 39 -44 47 61 -99 41 7 1 34 71 -4 -37 -24 6 -61 -17 99 70 85 -72 46 -51 99 -14 -25 72 -26 -85 -78 -86 66 57 25 45 -95 33 12 57 74 59 28 -26 -91 -53 -25 -87 -60 -31 71 -37 -15 5 -58 46 27 -45 36 -23 -67 9 -77 95 -57 50 4 -97 90 41 5 -80 6 -67 -29 0 -54 8 62 5 38 89 -48 -11 -27 93 -87 56 -65 -96 -69 -64 69 -66 -4 22 -46 50 -75 43 97 47 34 62 58 12 -88 32 22 34 7 74 99 50 -75 34 -45 
-25 -21 -47 -72 83 4 7 -19 2 -89 25 -54 85 68 60 45 -79 -17 69 50 -59 29 35 -49 90 -26 54 83 -62 -34 66 65 -54 -45 -7 -59 -77 68 -73 92 -32 96 45 61 31 -24 -40 17 -85 -69 67 33 -63 33 -16 35 -41 -73 94 -19 82 -16 62 1 78 -15 -88 -62 99 61 43 59 -31 -19 -98 4 9 -79 26 -75 -74 86 -67 84 -68 92 66 79 -4 22 -47 -57 -74 -52 80 -43 -38 9 -80 -23 -66 -80 -16 -35 -81 -16 97 40 -16 -30 88 42 30 54 82 -23 38 -26 82 50 73 14 71 85 -40 23 58 -45 -40 96 -22 16 -73 41 -12 -77 -89 -8 -57 -67 35 -79 -74 74 -50 35 84 -18 12 41 46 -60 41 -82 -34 -49 -82 -29 77 46 18 45 57 37 24 18 -24 -57 20 -47 96 73 87 -36 59 87 -80 -41 -85 -2 -10 -82 -17 -93 -70 78 38 46 -85 -51 -99 45 -72 49 11 -78 19 40 12 -72 -35 7 96 83 -88 -44 24 -90 20 15 31 20 87 24 -70 -63 13 -29 -38 -25 -89 43 -98 -71 -74 98 -99 -87 84 27 -92 -53 42 30 92 78 56 14 -32 -68 44 -71 37 6 65 -88 -62 43 -53 65 
94 -34 45 2 -64 -96 -40 -21 69 14 -31 93 -48 28 64 88 -87 -60 51 52 -17 -25 96 -52 16 74 -69 58 3 5 -37 -39 72 -51 -96 -96 0 -63 94 5 72 -71 3 -53 -84 -35 20 -88 67 -92 71 -22 -25 88 -4 51 -6 42 -63 -62 68 31 75 52 9 11 -18 23 -25 -41 -33 23 10 -80 30 96 -21 -21 78 -39 -57 -80 3 32 63 84 -60 82 12 -46 -85 23 87 -46 75 -68 -36 6 -41 -39 -49 -3 0 3 -2 -54 -63 -90 71 -13 54 -42 5 76 -19 -87 -88 -62 -97 79 -75 17 9 -20 28 40 1 51 -54 81 90 -82 98 40 58 -84 92 -71 58 83 -68 67 75 21 1 -93 -84 52 -4 51 -24 75 -4 67 11 -63 70 -81 69 60 37 -51 9 20 67 41 53 60 -98 87 -92 -88 44 -68 48 -69 21 36 98 8 5 -74 91 99 -29 38 89 -48 72 45 -57 6 -62 13 65 -6 51 -87 -56 -5 -92 69 44 18 -89 -16 58 -70 38 52 -65 70 -91 -44 -35 -23 -58 90 -73 13 -28 -27 63 -73 -42 44 -15 24 59 -1 65 79 -58 82 6 -46 -93 -10 -30 57 -99 -94 -61 -11 -47 33 22 63 9 -51 
-17 36 -79 -51 52 -72 19 39 -59 93 45 -60 -66 64 47 -34 -90 68 23 15 27 14 4 -25 75 44 -69 -55 68 41 23 33 -33 -66 79 -14 -91 -92 -74 -41 18 45 -91 68 -21 -36 -56 -12 -81 -31 -5 16 53 98 -42 -65 83 -88 -19 -27 -46 -8 45 -8 -37 80 92 57 -52 -38 89 -7 -53 54 27 82 6 -9 34 -88 -89 -70 -30 49 51 -63 -85 22 -48 -4 56 97 44 55 15 37 -28 -19 14 32 -74 -86 -60 93 -96 23 -74 -24 -63 84 -2 -3 71 86 -22 65 -64 -50 -90 39 46 99 53 -75 82 -30 -45 -57 35 68 43 75 47 -82 -18 -24 46 51 8 39 69 -87 -71 65 -97 -96 -8 42 -1 90 53 81 -87 17 83 -40 -12 70 27 -21 -87 -95 -5 47 29 -76 68 -17 -91 -34 -43 55 -50 -58 -3 -32 -48 -93 -4 -76 50 -94 -61 72 -59 -57 67 2 65 84 12 43 -60 47 93 40 -97 -58 62 88 -61 -76 -66 39 -32 -35 54 -81 10 19 56 15 73 4 -30 -98 -29 -69 -61 13 -73 -60 33 66 30 -81 -23 -28 8 -85 -90 -38 30 -54 46 -33 -38 -27 -36 94 49 94 -16 49 99 60 30 -49 -50 32 
48 -81 97 88 25 -62 14 0 30 58 67 44 31 33 -12 -85 16 -21 79 -49 3 -34 87 -21 3 -77 7 7 14 -99 -58 94 19 4 -48 -17 7 -23 -35 39 -86 75 45 -1 -69 96 64 -28 41 43 -17 14 -75 -98 -79 48 80 -38 -14 -92 98 59 -14 -41 93 -13 40 68 4 -1 66 43 -27 32 25 -29 -13 42 -42 -6 1 89 -21 -60 32 98 58 78 -66 -12 4 -43 -64 96 -95 -2 -79 78 -42 -14 -9 -16 19 82 93 -35 61 85 63 55 77 50 -13 78 -44 -31 -95 49 -78 35 22 51 -56 10 60 47 31 45 -34 54 17 -91 21 72 -99 -44 -23 -63 -6 -68 -36 -50 -54 72 -98 -67 44 68 67 -58 -88 83 86 -36 -1 -82 -50 39 10 65 -29 -82 -28 69 27 -33 35 -72 2 43 -93 -45 42 -29 -1 54 62 4 -43 72 -7 61 -59 51 79 36 9 -72 98 -35 -1 -51 26 -99 91 -36 85 -68 58 -78 95 -59 60 3 61 -75 -16 -12 62 6 -81 -60 99 -11 -98 93 98 73 -8 -50 -58 13 69 -80 -34 -1 -45 18 22 -2 -81 59 -6 -17 98 -16 0 -87 -39 -8 -88 82 -1 -38 17 -1 67 30 -10 -92 
15 89 -2 -67 -63 -6 -29 38 55 -80 -61 21 10 -10 -18 18 -24 66 -20 -1 35 -85 95 73 -87 22 -13 -68 87 74 -58 70 -79 -19 -6 -31 32 -14 -98 -62 -2 20 -48 87 -92 92 24 -76 -42 82 3 79 93 2 -18 -88 23 -61 -67 -13 -74 -95 90 -80 66 -78 6 -68 -39 -95 29 -19 35 -3 -11 -18 29 8 26 -60 90 63 -48 75 65 27 15 -37 -63 53 -12 -4 -76 58 -15 -89 -14 6 -12 -75 45 -46 40 -53 63 59 56 -21 42 -24 -89 -65 67 31 51 7 -5 26 51 -47 -93 -26 99 85 -63 4 51 -72 -71 54 -26 81 50 2 96 -90 91 -54 -23 -11 -11 92 78 9 92 -60 8 -12 -28 -35 97 -94 32 -97 -40 75 65 8 -1 -50 -10 18 75 96 -10 -20 42 39 43 57 -87 80 -38 56 9 89 81 6 10 28 -70 4 -99 5 -74 -30 7 -49 -76 63 -55 -14 -27 47 84 97 53 -54 -66 -63 -48 -12 -23 20 -38 91 62 -67 -2 -93 -80 35 -16 -97 23 65 -22 -95 94 -73 -96 91 21 8 -67 -52 71 36 13 -45 -27 -37 -35 -68 -40 -64 -94 18 74 -9 -16 -82 80 -55 94 11 -28 -4 26 29 
16 -21 -24 13 -27 15 -33 -72 -79 32 85 -74 -94 -24 -57 -57 65 -17 -46 -79 29 14 27 -25 -84 -79 1 -54 69 4 -48 -70 -17 -88 92 -60 23 40 -48 -12 -7 29 -2 36 -41 62 -10 -63 -26 84 46 9 -9 -86 26 -55 61 90 87 52 -20 -76 16 -12 -50 -40 -17 -81 8 73 77 58 -69 2 59 -3 38 5 -76 28 -85 -78 -97 94 -32 -39 62 22 31 -56 53 3 -83 -47 -6 47 -49 -78 -44 -80 41 2 -85 -67 -10 23 23 -86 -4 -48 -57 -8 62 71 -44 45 -84 -73 61 66 19 66 41 2 -30 -16 -27 -50 -34 88 -99 -87 51 12 9 0 -98 -74 89 85 -37 74 -44 -67 2 76 83 62 66 75 58 -72 32 71 -94 46 -89 73 17 61 55 -85 -51 -73 -21 49 89 44 77 -29 -29 11 -52 44 -81 83 0 -28 8 -58 -66 -31 6 57 -45 5 -49 -66 -12 -26 -27 -51 -43 -46 84 58 43 88 -72 -20 78 -14 24 48 -93 94 31 -59 2 24 -33 7 42 -70 -33 -32 -48 -60 -77 -15 -4 -2 64 -92 88 -81 -4 -4 -59 1 78 -17 -59 23 -79 -48 9 87 -57 -70 95 61 -91 46 -67 45 47 33 66 43 
15 -13 11 23 27 24 -54 84 24 24 -81 23 70 92 -85 -99 43 7 -33 -20 -55 -61 53 -59 94 42 -47 30 -63 21 22 -86 1 57 52 -44 44 54 -26 90 -48 91 31 81 83 -56 -5 63 -44 -39 -25 92 -23 -82 -10 82 -37 -92 -66 95 36 -32 21 -21 -34 38 86 -70 -54 -55 26 -62 76 8 81 71 5 33 -76 -79 63 21 37 43 89 79 -33 2 -63 17 -83 -53 56 -34 77 95 39 -95 91 -25 -63 -93 -95 -9 5 -87 19 -88 39 -78 56 -90 22 60 -26 9 -86 -34 -76 -88 11 75 90 -11 -42 40 85 16 -2 -41 -8 87 4 11 88 -91 -71 7 -62 87 33 -37 25 30 63 13 81 -68 59 50 82 50 33 47 55 -15 -57 78 -49 -14 0 33 59 21 48 -69 -63 -21 -53 -43 10 -88 14 -90 -58 -21 -65 -58 4 -85 47 -70 73 23 25 -35 90 -68 -69 -37 -8 -48 46 89 41 28 80 -71 -43 -14 -61 88 22 -72 56 -24 -1 -53 91 -27 -5 -43 -20 3 9 -72 57 -17 88 51 -51 38 8 19 50 84 34 56 25 -67 -3 79 31 57 -92 -28 11 -96 -66 -44 40 28 57 22 -63 -73 13 -40 -88 57 
-46 -71 73 45 8 -76 -28 38 78 81 -81 -1 -76 98 -4 -17 7 -87 -90 -33 -37 -79 63 92 72 -98 -21 24 88 11 15 4 -63 -85 -42 55 -51 95 19 -35 95 44 43 48 76 -15 -84 45 -52 -21 97 -34 49 56 22 10 65 -52 9 -55 -83 -1 -24 -31 35 52 37 67 65 62 41 -56 83 45 61 -73 79 -96 54 23 -36 97 30 96 -99 4 24 93 -56 -56 -17 66 -7 -59 46 93 55 81 56 75 7 -17 5 -18 -78 81 12 12 -35 -78 -11 87 -97 88 -57 21 -94 -99 91 -88 -43 35 92 -99 -40 15 -9 -85 -47 38 8 -62 -34 38 -15 -52 34 46 51 -55 49 -4 72 73 26 -63 -83 -72 -72 45 90 34 37 -69 -15 -50 0 94 88 99 -36 -76 -71 -24 81 -19 -29 -91 -74 -3 -23 94 -77 -18 -93 14 -58 -11 80 66 -17 -97 65 89 59 33 79 -84 49 17 62 -23 -3 94 -30 -30 40 -81 66 -10 44 -49 99 91 57 -35 -62 -65 -65 86 -60 -47 28 97 41 -95 48 42 -87 93 51 -85 82 71 -18 78 -5 -33 72 -75 82 -81 52 -44 -21 98 6 58 59 58 -29 35 48 29 -33 16 -44 -99 36 86 
-69 42 -38 -52 96 37 -12 91 -23 73 89 35 -50 78 -42 21 17 3 -3 71 8 70 -41 -65 2 1 -83 10 58 28 -61 -9 -40 -83 18 42 34 -9 -35 -16 71 -6 13 -18 -29 53 -19 -13 63 -40 74 -23 -98 51 24 -18 -21 -97 73 -75 46 -98 -51 -57 5 0 70 17 -66 44 10 33 -54 -40 -87 -75 33 -47 -45 -12 79 49 91 -92 -30 -54 35 2 -64 -34 -22 35 -9 -4 72 -42 -81 39 -21 54 -51 -27 -34 80 -88 -65 69 -13 66 85 -9 53 73 -52 50 29 89 27 -59 50 9 83 52 -22 15 50 61 15 -3 43 18 98 11 81 87 -73 61 75 43 -80 -18 20 13 45 -36 -2 98 -66 -85 28 -97 10 45 -57 -72 21 18 -2 77 -11 -83 81 6 -7 33 1 -27 -62 -67 1 -59 -28 -65 55 -39 -14 -82 -66 61 -24 13 81 -42 62 72 30 52 -6 79 -30 99 -83 66 -45 -23 71 -96 28 38 -25 -23 -4 15 88 -74 86 -86 59 -53 87 -89 7 -68 -18 96 82 31 93 -50 21 -12 91 49 -68 14 -5 -91 -99 -41 -11 -93 -5 -45 4 61 -92 70 -63 -31 -53 -24 -81 -36 -92 -5 49 -86 -92 -93 6 
24 -76 -83 -48 61 -5 40 -74 58 8 -18 -98 -50 -16 76 99 93 30 -4 26 -34 25 -93 19 18 53 -23 71 -45 72 -71 -89 -41 85 -51 -66 83 -35 5 66 95 85 -66 52 86 -43 61 20 64 25 -92 38 27 -33 -44 -27 16 51 91 27 -90 72 44 73 50 -82 12 -49 8 -5 -54 70 -32 -14 86 -16 -88 -42 78 97 11 81 -76 -19 17 73 51 30 -20 -66 4 29 81 -32 -92 -43 -60 63 -52 -19 8 68 81 49 -27 58 95 -27 -33 -72 -61 61 -19 92 9 -3 -51 -57 -99 99 -56 98 24 -18 -82 -87 -45 89 14 -73 -23 59 -64 -2 9 -89 -51 14 57 -43 74 -31 -32 -31 -31 -92 -26 -43 -87 0 58 88 21 -28 39 -13 -52 25 -65 -7 -59 74 99 -43 54 90 -28 28 83 -6 -83 -65 68 13 71 -60 -87 11 -60 -76 79 -31 56 -99 -63 9 -83 -56 43 -16 -92 -81 -1 35 92 -99 40 -50 -9 -33 -92 -32 -68 34 61 22 -68 24 33 -88 76 -40 98 2 -61 32 31 95 -97 78 -44 98 46 -86 80 -98 50 -81 -18 9 1 90 34 2 70 50 -21 52 11 -1 -40 81 -3 56 31 12 64 -88 54 75 
91 13 -13 -26 -97 21 -45 60 -26 98 49 -69 -16 91 86 -9 -49 -99 91 -11 86 -26 -64 -42 -37 65 19 76 -31 30 -30 27 18 34 -22 -24 -57 13 6 62 49 -9 88 -61 31 56 -99 -75 30 -30 18 81 44 50 -47 -61 12 -31 -51 34 35 -61 20 56 -64 88 -78 -30 -57 -75 96 85 -97 8 92 -46 82 69 -7 23 85 -95 -13 -59 18 62 11 -17 97 12 54 85 -41 51 -5 97 8 -80 18 -87 61 -80 35 73 -56 -38 68 59 -11 77 25 -63 1 10 40 7 -78 -28 -73 15 16 -31 46 -69 -53 -19 27 -22 43 -65 -49 -72 -36 91 -24 63 -41 -11 -34 -33 -20 -45 3 76 -90 -8 -33 82 -87 -64 -74 -13 77 -58 49 93 -81 66 64 -39 95 -65 12 31 -32 61 -49 -12 -85 24 -50 83 65 40 80 16 -77 17 -34 -66 61 40 47 79 -28 30 -65 -67 41 43 -67 66 -1 -83 -22 3 -99 47 74 75 23 64 -2 -85 -97 -66 23 -41 -70 -19 52 19 20 -96 77 -29 -32 61 50 -36 -75 -89 2 79 -98 76 98 -82 33 -2 -63 54 -57 35 -36 -75 -76 97 -57 69 -66 -92 -84 98 82 69 -52 -34 46 -7 
25 69 -37 -71 -6 -53 -71 67 40 15 -47 55 -57 8 44 -76 -17 77 10 -8 -37 78 -16 85 -4 -44 -7 78 -65 1 32 44 34 25 55 -46 -98 -89 50 11 -53 95 25 -41 -92 57 -56 49 4 -36 -44 69 86 75 -25 63 -56 74 4 68 -72 -26 67 30 -68 -95 87 38 69 44 86 85 42 -12 -74 43 -4 12 -31 -76 -14 -63 -68 -18 -5 -87 -87 -78 -46 -35 -50 -95 96 79 69 30 -84 -58 -14 -35 -14 48 31 -63 28 19 -22 -95 48 48 29 -74 -99 46 88 42 -80 -59 -16 66 -30 -33 -23 -18 21 -61 68 50 65 2 59 44 -48 52 -71 3 -45 10 18 -62 -15 -30 12 -43 0 -29 90 25 97 3 21 37 12 50 75 25 -38 6 -58 93 72 -89 -6 -85 13 83 0 52 -53 11 -71 63 7 11 -84 -13 -51 19 -18 -99 -17 -91 -32 -34 -18 13 19 88 -73 29 -53 25 -93 -76 -77 13 30 64 -21 50 -53 34 -98 -66 60 -33 -13 44 88 61 -83 -95 -92 -41 -51 -18 58 -49 -43 86 -1 -83 49 -25 -49 60 -44 38 -57 -56 45 24 -27 -10 -89 -70 -97 63 51 90 -23 -70 -36 -1 18 21 66 10 -99 -15 
17 -1 -55 9 -1 64 -67 34 -14 16 32 -97 91 -5 -10 83 42 93 -30 86 -90 12 -86 -47 -30 -57 -63 -77 -65 -95 -87 -63 -89 -2 73 -57 -11 -53 -72 -78 82 -94 63 -47 56 -17 -23 14 26 -69 -85 -12 81 93 -53 -44 -39 24 -98 54 -50 -85 -20 54 -77 57 40 -18 57 -61 23 30 27 -9 80 63 -76 68 -11 46 -25 10 -2 79 -73 -51 4 -7 -58 -75 25 37 -48 19 -70 15 -12 6 50 -46 -43 -49 -82 91 -83 -47 -64 -29 57 61 -37 70 -22 94 28 -96 -78 -81 89 13 32 59 38 51 93 -6 72 59 -46 75 -18 -85 -48 -43 57 -60 -43 70 -34 38 -2 -98 -20 76 37 -54 27 31 53 11 89 62 -6 36 14 44 40 75 -5 -77 -23 -45 -69 -50 86 60 -34 99 68 16 -16 -10 -64 -8 -66 81 0 -16 93 61 20 91 -34 80 -28 60 -94 54 -31 -35 33 37 -71 -2 68 -26 48 92 -19 61 84 -73 82 -82 -29 -5 -66 -3 94 -38 7 91 -32 -41 30 39 86 64 -54 -47 -29 -44 64 65 59 87 -19 -2 -27 -51 -16 9 81 65 33 4 -17 39 29 -34 61 91 -40 -88 23 2 71 5 -93 -21 
-22 38 -84 7 50 95 -1 -31 65 -71 41 52 5 24 -80 28 19 62 97 -21 20 95 18 -15 21 77 21 12 -43 6 -87 61 59 -94 -82 74 92 -86 89 -83 0 33 15 -43 83 16 99 3 40 -63 -47 1 51 49 -3 -21 9 -95 -86 39 -31 32 96 34 61 -20 -61 -93 -25 69 51 -66 -59 11 32 10 -58 -75 -27 -89 -97 98 33 20 78 -73 75 10 86 -60 -40 64 -2 40 98 -53 66 -87 -79 47 96 7 -81 19 55 56 -56 90 -88 -82 -67 65 96 48 -65 -54 -62 -83 -90 8 26 25 3 -72 19 10 2 46 -33 -13 46 -25 63 -67 -96 36 -74 -76 49 73 71 -7 21 -89 55 50 -31 82 77 -88 1 98 17 -36 -68 70 82 23 -61 -92 71 -85 -50 90 33 -50 -3 -26 13 -66 24 -41 -21 -22 -9 88 94 -69 -46 2 91 92 -35 -61 59 -11 75 -75 -14 -81 17 -32 -33 -30 42 61 -96 -77 39 20 -78 99 57 -52 72 -6 -91 99 -62 78 92 -66 -12 72 63 -21 32 98 82 -78 6 -99 -7 62 -15 56 47 18 55 13 45 91 -61 0 -14 -33 -66 -7 19 -90 -9 -89 30 37 -81 96 68 66 26 49 
44 -47 -36 69 -65 85 3 -95 -66 83 13 11 12 -35 28 -92 -44 -58 -43 -45 11 11 6 7 61 -63 47 -34 -67 -88 -53 -36 95 -91 -36 20 21 -3 -20 -55 -16 -87 50 69 -85 -50 33 -10 -39 57 -49 91 90 29 79 46 -11 -83 -46 49 53 19 42 -77 22 4 50 -23 -52 18 -48 33 -74 88 -85 37 -93 80 11 46 41 -38 69 -26 39 -84 -13 -69 -3 -9 27 11 -58 91 43 -25 -82 54 18 60 -82 98 33 -77 0 56 -95 -9 -11 -74 95 -30 79 -32 79 -62 85 85 -17 63 49 -29 -64 9 21 -41 91 -73 -8 -65 72 21 50 -81 85 64 -41 -8 -71 -96 8 -20 36 18 10 -84 91 -52 -96 83 -64 -59 -44 62 96 -35 27 46 73 82 -36 -17 97 -97 -91 -46 51 -66 68 65 -26 -86 -79 -67 59 8 7 40 -37 -4 13 -85 59 88 37 67 -64 94 -58 -22 -44 -23 0 1 58 -85 35 74 81 -26 -95 42 42 -82 -65 -62 -62 -77 94 -91 99 39 -86 -84 -20 62 61 49 93 -20 57 -95 -82 -27 -20 -81 65 -40 87 80 -57 -81 -40 19 11 -88 96 13 -9 -28 73 -52 -18 -5 83 18 68 -86 40 69 
88 -37 -84 39 18 -6 -38 -72 39 -29 97 -30 79 4 -30 88 -25 50 38 35 16 -5 59 -18 -93 11 46 16 -24 -11 -99 -16 -11 -53 -99 -7 61 -5 -18 -50 -84 44 -53 66 16 -44 -83 2 -96 -78 -99 79 -44 -71 10 97 -86 -2 -28 -98 -34 64 -51 -89 2 0 -22 36 -69 93 58 -96 -24 38 29 -41 87 -2 -40 -87 -18 6 5 16 -98 -64 0 -23 -75 27 -55 -77 -18 12 65 31 84 -48 -41 39 54 -33 -16 36 46 -29 -84 31 -22 -82 -24 30 -61 -51 -83 43 88 12 81 -36 5 -65 91 -69 45 -66 -83 56 75 -4 -34 65 73 59 -64 -78 31 94 24 -6 -85 -68 -52 29 49 90 -82 23 -36 -21 17 -67 99 -82 -14 35 -76 25 -56 -43 -46 18 -33 -28 -89 -93 -66 0 50 85 -47 -41 -62 16 43 49 70 -1 -67 80 53 90 84 20 -33 -63 -83 -56 63 46 -97 -96 -18 -62 -21 84 -35 76 43 37 -99 -13 -57 95 -32 -20 -59 22 33 74 -68 69 -33 -41 73 -42 44 -87 81 -41 58 -13 59 59 99 34 -6 -80 -18 -36 44 -2 -9 2 -48 38 70 -8 27 10 -16 -57 -68 -95 -14 96 84 72 47 65 
59 -89 -87 63 -6 52 59 -51 -14 58 53 -5 -38 40 12 -37 45 82 -11 -80 8 5 -16 -70 -71 98 11 -90 0 90 -96 41 -60 -38 -22 -77 0 38 92 19 40 -57 -49 23 -68 -79 -2 -2 72 -13 82 55 31 -6 37 53 -34 25 -48 99 12 -4 88 51 -72 67 17 -91 80 -32 -90 82 89 -54 56 -67 71 -77 62 0 58 -93 -80 -75 -41 -39 -41 94 -4 -11 -4 -68 94 -95 22 67 5 -85 6 59 -44 -76 -31 64 -24 -31 -33 35 75 -7 -67 -44 76 -8 -50 81 -37 -50 -86 -67 86 -45 16 -34 -68 -70 5 91 0 -16 1 -25 53 -84 71 -6 -75 43 90 73 20 -59 80 14 -91 56 -32 40 -3 4 76 -58 83 83 23 -75 -78 -90 81 -45 -13 -47 -64 -46 -17 16 33 -76 69 60 46 18 25 37 -75 88 54 40 47 -53 -72 -40 -97 55 13 2 -87 29 41 15 -25 -17 85 -39 -43 -78 -1 28 -51 5 59 -24 70 68 -11 -49 94 51 57 -51 -58 -26 -2 51 -75 41 78 -4 -76 -74 -88 77 -42 -1 63 -55 -43 -99 -63 14 -10 84 55 -56 -60 -78 -8 77 -98 74 36 50 82 -74 -35 39 24 91 -2 -52 
-26 24 4 -75 -88 54 -4 -96 41 75 75 -98 -55 -95 62 41 -86 35 -41 10 0 91 -38 -61 -84 -99 97 82 91 32 -67 3 -69 99 96 -84 64 97 -57 29 -71 -8 74 15 10 -97 1 80 -70 97 -73 4 -73 -4 -85 8 -36 28 46 -63 98 47 25 -31 2 -47 -48 1 -75 36 -60 -86 -52 94 37 71 -3 80 36 65 -62 -43 45 -89 27 -87 -48 -88 97 -68 -95 82 96 86 62 -84 11 15 40 -3 80 12 3 -59 -25 -80 50 -14 -4 66 -23 65 -34 -38 -91 -92 -71 -2 48 -99 -67 -3 79 -66 -52 59 13 42 -6 14 -52 49 -4 58 -72 28 99 37 -24 68 42 -79 15 10 57 -48 -40 -27 69 97 -46 -46 -37 40 -43 98 -73 -26 88 12 -1 -28 -93 -37 17 -92 22 -50 88 -90 55 90 51 -70 -16 92 -2 66 20 12 36 27 -68 46 96 -26 -97 -20 -77 0 15 14 -48 9 -8 76 36 52 -96 -52 54 97 -22 89 -48 79 34 35 56 71 86 -10 -42 -41 26 17 -14 4 -6 -21 -30 2 28 -31 -74 -61 -7 -80 22 -53 -26 -74 58 55 78 29 82 -17 91 90 -90 95 -60 -60 45 96 -8 33 97 35 
88 90 -86 74 80 60 6 72 -53 23 91 12 -55 45 -28 67 1 69 -5 -52 -4 -29 50 31 -61 19 -80 8 97 56 41 65 22 -27 -53 8 34 -67 91 -50 -1 42 -94 93 -95 70 11 -85 -26 99 -9 -21 -99 -13 -83 -67 -49 -84 18 21 -10 -21 -23 56 -56 14 -60 20 -4 93 92 71 76 96 73 -64 59 -45 75 72 67 71 44 44 68 -89 -43 83 29 -18 52 27 27 89 5 -67 -85 62 44 -37 -77 46 64 -30 -47 -31 14 -23 57 -13 72 -20 66 66 15 7 78 -90 -98 -70 0 97 -50 12 -50 -61 -24 47 41 -35 -44 -23 -52 -42 75 7 46 -29 94 -47 -74 -86 -76 38 1 28 -96 -41 -46 -51 25 -54 -59 70 -17 61 -58 -62 83 48 76 29 49 -94 -18 -77 -59 36 88 75 -40 -39 7 -55 97 77 11 -37 58 88 -37 53 -52 -31 -97 40 36 -49 -99 29 2 81 18 -39 -19 -51 -81 -35 88 13 -13 52 67 60 20 89 -59 -43 -44 -60 -26 78 -46 -87 -95 1 -80 74 7 -42 -98 -49 19 -11 -20 -10 -50 -59 -38 -28 -43 -17 -99 -66 88 8 -1 15 -53 99 -68 -45 91 -89 -46 79 73 3 4 -97 
73 -82 2 -95 -35 38 -83 14 -96 7 29 25 65 89 -37 81 38 -78 87 53 86 89 -45 69 -71 -73 -30 -35 45 -99 81 -16 -44 30 -98 18 -48 62 98 58 66 -27 82 71 77 41 88 52 78 -51 76 -1 -56 -61 83 -60 -48 97 53 -85 -41 48 -12 40 55 57 -53 -48 38 57 -92 9 -56 -43 63 -83 -61 -27 38 66 -83 -67 -64 41 -82 92 -45 83 -95 24 -30 -68 97 95 7 -76 -12 -75 66 -41 91 -88 38 17 -14 -92 -40 32 70 -85 83 -62 -58 79 15 99 -52 21 54 -50 -56 -64 -69 -46 -44 55 -66 78 -20 -15 -36 -44 -4 81 -36 93 55 70 -60 -49 41 -6 -55 78 84 23 43 89 57 93 45 -19 -29 -41 -9 -90 -89 -96 -57 -50 -64 21 -10 -76 -21 47 -61 48 95 -82 -52 66 99 -97 -17 30 24 -37 60 -78 81 -94 35 -49 -96 -85 -79 58 14 -90 56 -93 -92 -21 77 -96 80 -13 -74 83 59 19 44 38 -93 24 77 -73 52 -75 19 34 -66 17 -86 27 66 -14 66 -9 -66 -92 -62 -14 -40 99 1 1 88 -90 -62 -66 48 -94 -69 -14 -66 39 18 -30 6 -36 53 64 5 -49 81 41 2 -13 
24 24 15 -39 -31 81 34 -80 -84 48 1 -16 31 -7 -24 7 93 91 0 60 -96 18 -66 -34 8 -22 -97 57 -15 -46 61 93 32 -61 -50 26 39 22 88 73 -43 75 -37 75 -24 -12 34 -22 61 67 -62 92 18 63 97 44 -27 -66 42 -83 50 -79 76 43 44 44 -90 26 87 94 89 22 38 41 -3 -53 -12 39 92 39 -58 20 -76 -27 86 26 -94 10 85 90 -11 5 -51 -40 -41 3 -9 46 76 -24 95 49 18 56 -80 -99 -59 54 59 -71 -29 -93 23 -78 -53 30 82 86 45 -32 62 65 -16 28 63 19 31 37 -17 46 47 -76 91 -32 -65 31 -60 -63 -23 84 33 -96 -36 -77 -28 4 -58 -40 90 90 15 54 -70 -59 18 53 91 -24 -37 -96 42 -57 -37 9 19 58 45 -39 15 29 33 -46 60 3 47 -6 -97 -39 58 19 -91 77 -71 -34 -36 61 90 -88 -90 -30 -30 -75 40 -40 44 70 -69 -73 -33 26 -22 53 -17 7 7 66 8 -73 -28 -48 -11 92 -87 18 -92 28 -50 99 -52 61 -95 -64 11 50 90 -79 58 42 59 39 -69 34 -28 81 -20 84 51 59 49 15 51 -70 -94 26 -73 -56 -41 -1 55 -75 
17 -7 -87 -61 -4 -73 86 44 -16 -49 83 -6 46 -45 -83 -21 -77 -10 83 -54 48 -10 -75 -23 -4 -99 18 -50 29 62 90 2 69 88 77 38 -91 29 -31 -57 13 -9 62 -18 -30 56 48 76 -77 -44 38 14 99 7 86 -28 57 87 -31 59 81 32 -20 58 23 96 -73 -42 14 64 -10 28 16 -17 -34 -6 36 -35 -87 31 37 41 33 21 -28 -82 82 56 98 -79 -61 92 89 85 -40 18 74 -7 -34 14 57 31 -20 -30 77 43 10 11 -7 5 -95 33 70 74 -38 -18 49 6 29 -34 10 -98 -1 65 -24 -38 -86 65 -33 -83 76 57 61 28 18 -28 90 -83 -8 -51 -67 1 60 -2 35 -94 -36 43 63 49 96 -33 28 -46 3 -79 70 -38 36 -83 -12 -32 -9 -4 62 -89 26 -36 33 -87 84 -17 -39 -69 -65 -95 95 19 -40 -55 88 53 -37 -77 66 -96 -19 66 -79 83 -31 16 39 12 18 -62 41 36 40 71 -43 -31 -90 -49 -70 10 -12 -4 24 57 -86 92 12 -79 86 22 51 0 10 40 -50 21 -4 68 -99 73 44 -83 -73 55 -58 84 -3 -14 -68 21 37 10 -68 -89 8 30 -95 -48 2 -14 -94 -14 57 -72 
79 39 -71 29 -80 44 32 73 5 97 -75 46 58 -79 97 25 -68 -44 25 72 -79 81 46 -94 56 -14 38 73 37 -2 -31 -72 91 -8 -26 -6 -16 -24 -95 -34 80 40 -78 -14 95 27 19 46 -67 -84 49 92 90 5 17 84 70 -81 -22 41 -56 35 83 7 59 23 12 -39 -55 88 3 -4 -37 -98 -51 -54 -60 47 63 -31 7 55 -53 67 -46 -28 -57 -7 96 -62 -38 -90 67 -60 -21 -64 -90 -16 52 -58 -59 74 90 -93 -10 -34 51 -41 -77 20 82 11 3 57 -38 89 3 5 61 23 -72 26 5 -8 -38 81 44 44 16 -76 -84 -25 87 83 77 -63 -54 -85 -49 -44 87 46 4 -49 17 71 22 76 -88 54 87 62 7 96 4 34 -39 91 16 26 -3 87 -33 -4 12 67 17 87 -73 -41 -15 95 58 -42 -97 64 -10 -95 -65 -85 63 65 17 24 -48 -76 -65 76 45 67 -26 -61 -17 49 -14 -97 57 34 46 -11 10 -30 -98 32 -97 45 1 -11 42 -38 -18 45 -44 48 56 55 27 -55 -14 -79 38 32 12 66 -48 -88 95 -46 74 58 -90 -98 -18 -49 -71 -16 3 -67 -68 57 73 45 -4 80 -68 -61 -41 62 -53 60 
90 66 12 6 -96 -75 -75 -93 -98 39 -35 8 33 -21 11 33 -95 63 -78 -94 6 33 -37 84 -45 -12 -86 71 -44 48 -2 -35 60 -93 16 5 -32 -75 -96 -4 84 -56 5 82 57 72 -22 8 -49 13 -72 42 17 40 -31 72 -88 -32 68 44 -39 45 -80 84 -77 -1 14 41 1 -29 3 70 -59 15 53 -58 -34 -69 73 -65 -2 -63 10 21 -98 -32 -72 -4 2 49 10 47 -37 -83 -42 38 -85 63 14 55 15 -67 -16 81 -89 29 12 -90 87 -71 -63 -4 56 -31 67 -87 -57 -2 56 40 -92 23 -67 1 32 -48 8 -88 21 -19 -62 -16 98 42 -15 -21 -84 -73 -34 38 99 71 -81 41 83 74 40 -13 -97 -56 83 -81 54 -23 74 -42 50 70 -54 -86 -29 -5 -49 -40 21 -40 -76 -25 21 7 41 -91 23 -72 15 -87 49 -90 54 -27 24 -20 -82 -59 14 93 -14 30 -86 87 20 56 -28 -84 66 -88 97 41 33 8 39 -63 80 99 92 94 -64 -16 0 30 11 -3 28 45 -88 77 -28 51 65 -75 61 -17 66 74 48 -91 76 -35 -13 73 -12 16 61 -58 -98 -15 89 -3 -31 90 65 21 -7 -84 -86 39 -66 31 -8 91 
-45 -51 13 97 94 34 -36 -92 -47 -29 29 -63 45 -70 -75 77 -93 64 71 23 -19 -4 -15 94 -73 -20 -41 -43 -39 -37 -49 18 76 1 -32 -66 -38 0 33 7 -88 -20 43 74 -26 78 77 -38 -62 -29 -22 -7 86 61 -88 26 51 -29 -9 24 18 34 71 -69 31 -88 72 23 -96 28 -85 -3 -51 -29 -73 92 53 -15 -18 43 -46 66 -40 85 43 41 9 86 52 -69 45 -38 44 -1 -12 25 67 -28 14 62 -64 -92 -52 -36 40 50 -9 -38 78 36 -86 -69 91 -93 47 -23 -75 -43 -77 -87 -70 -35 -25 -13 86 74 14 -75 10 4 -35 41 -80 20 14 21 6 57 -42 79 21 15 25 -69 -67 -24 -50 -94 -87 20 41 30 -7 43 -28 12 42 -58 77 84 0 24 40 -88 95 12 78 48 -86 22 96 5 -99 31 -50 45 -27 25 -12 73 -27 -90 -97 68 -67 -6 46 -22 -14 74 -83 53 -47 -20 -32 -7 -51 -74 -84 -48 10 -27 -46 -70 -20 -74 66 -94 20 -69 31 -23 -87 -37 -79 79 83 44 -47 -10 36 80 16 10 33 -55 22 92 -53 -70 46 0 52 -63 -41 4 -97 -65 31 -97 -5 98 25 -57 -13 -16 -10 15 -40 83 
-76 47 96 92 -60 29 -17 -76 21 54 64 -9 6 93 -88 -68 16 77 92 24 -83 61 -72 -3 -3 -74 96 -96 -50 -78 -10 63 -60 -19 42 42 64 -52 -7 -15 -1 78 -72 8 -61 91 -94 -92 -21 27 84 -45 4 -34 31 93 -16 -24 -77 -86 -12 9 47 63 -10 -19 66 -14 46 99 96 -10 66 67 6 -65 5 18 -3 -57 -23 91 -74 84 -11 30 96 -86 -29 -91 -77 71 34 47 -83 -39 -52 -64 6 47 20 -87 41 65 80 -52 79 61 -91 -74 60 -88 89 6 42 99 45 -36 -39 -18 87 -33 2 96 -33 -29 -37 -40 27 -39 10 76 66 -23 20 -3 45 75 44 4 -32 97 -49 84 -63 4 -24 80 28 -93 -95 83 12 87 -87 -98 76 75 -69 64 -73 -62 75 -78 10 49 -62 -29 41 -27 -25 41 45 -90 34 61 -44 -55 -25 40 69 93 -9 -67 29 40 -83 -69 -69 88 8 -63 85 -93 -90 23 26 42 -54 -34 98 -78 54 -19 -52 36 -74 -97 -5 -82 -60 52 47 -77 62 41 43 21 -77 -43 -87 29 34 36 92 5 -1 -46 97 -28 -92 23 -77 -34 -16 94 32 -20 80 -67 -21 -91 13 -14 -13 86 69 48 -33 56 
19 16 -49 83 -46 -48 15 66 11 -51 -43 -58 1 -85 34 -86 -91 -85 -67 72 5 -61 -84 66 -83 40 59 -26 79 57 -8 0 8 71 -83 64 95 69 -69 22 -76 -96 -54 26 46 -60 98 67 -51 37 27 75 49 -95 25 33 20 9 46 4 69 32 57 -61 3 16 96 12 -34 35 65 93 95 43 -47 -77 -86 62 61 -39 -56 53 -24 -88 75 -60 69 -51 -64 18 -58 24 65 -65 47 52 93 -58 -77 -66 -82 -40 -11 -61 64 58 15 93 -19 41 11 87 40 -49 -18 1 -7 21 26 50 60 -15 22 44 3 53 -7 -51 20 -68 -94 -5 -52 -52 85 37 78 98 44 31 -57 31 53 39 -98 -87 -68 -7 -44 -16 -47 68 30 -40 -26 -97 -2 -58 -65 2 33 -64 -96 -73 -32 -97 17 -94 34 -23 35 53 3 -85 35 -31 98 -16 -81 29 30 -6 -83 29 -1 53 96 2 12 -51 64 11 -37 28 -83 20 66 51 -74 -50 7 -96 -7 46 15 -29 -47 -75 53 7 -13 -47 -4 14 1 57 -37 -94 35 40 -13 83 -20 75 83 16 28 64 -19 89 32 7 -18 16 -65 -81 74 76 -53 53 96 19 -76 -36 78 -65 30 37 -33 86 
47 9 -90 19 96 53 51 35 -69 76 -41 38 -31 80 61 -18 93 15 -8 -30 34 -73 7 -79 -5 96 17 -24 45 17 99 28 4 -67 -56 93 40 -34 -32 16 67 -31 -40 -82 -82 -5 -11 -2 -23 -96 -45 -17 50 -50 73 -61 83 -56 -8 86 97 74 28 92 -79 61 -31 37 48 64 43 20 21 85 58 71 66 80 -43 -9 -91 -16 65 47 -28 20 -34 -34 78 -4 35 13 -14 -84 2 -31 26 10 -90 43 -27 31 73 35 58 62 -27 -20 -45 -47 68 15 -43 -47 -62 -48 57 -66 1 24 85 -93 20 -38 -80 -57 47 78 -39 22 69 -30 -56 -27 95 -19 -10 35 -65 -21 -2 0 73 54 67 1 -37 -45 -25 -18 71 60 89 -43 70 -63 -77 53 -30 -31 -86 36 -70 2 -96 31 -8 -95 -27 -34 -45 71 -39 32 -32 90 2 -51 -18 -30 -59 -50 52 -43 -49 -75 16 -62 30 -91 -45 51 15 -46 -47 -11 8 -29 94 50 -91 -86 23 -12 83 90 -7 30 -1 -88 -55 -87 -16 52 -4 53 15 -50 72 -41 -43 64 -99 0 -55 -93 47 -27 -42 -75 45 -76 47 33 -92 -78 86 -19 -31 -19 43 -97 -83 -43 76 -62 66 86 -32 69 
31 -7 28 -27 16 -48 -6 -12 -35 -72 -68 -16 -68 26 -19 -90 -42 -74 -96 70 96 -26 -68 -37 5 -59 -60 76 77 -9 43 14 -70 24 52 -84 24 37 0 -14 -28 90 58 -63 -44 -77 -15 22 99 -78 80 86 20 -24 8 -38 -33 31 -28 41 17 95 22 12 -82 -30 -20 3 -39 -14 78 -79 46 91 74 3 29 -26 77 12 -25 -45 -90 55 -35 10 28 -66 -63 58 -16 96 56 -75 -38 -80 58 76 -23 -24 40 -78 24 -96 80 26 64 29 -87 2 90 18 66 2 -40 97 -65 -99 93 7 -40 -86 1 -64 -57 65 1 -42 60 -17 -47 1 -79 29 -22 80 76 -18 -8 89 10 92 -64 74 -25 -31 16 30 -21 63 50 72 65 -48 -7 19 6 34 90 40 10 -6 -37 11 -22 24 -38 -44 83 -19 34 91 39 -7 68 -89 -57 -42 7 32 60 45 93 -82 -10 56 -59 98 84 77 59 -88 43 -58 12 33 94 -47 74 -1 -69 -96 -22 -32 -37 -18 25 19 -73 -3 8 46 53 55 -38 24 -80 -93 -28 -44 64 36 83 78 -62 55 -88 56 68 -12 27 -26 90 -41 -41 17 57 62 -45 -12 63 -19 -93 -24 -56 99 72 -27 83 -21 
30 -64 -55 15 82 12 53 -43 24 33 10 -34 11 6 19 89 -10 98 44 -95 84 -98 -66 64 1 20 35 44 56 36 -42 10 65 81 -29 -87 -73 -58 -7 2 -78 78 76 -15 31 -14 13 -36 29 99 89 -27 53 -61 32 1 -60 -56 68 87 90 -14 66 -66 45 -73 -34 25 93 -69 75 7 -10 68 -65 -59 -31 97 85 -87 -82 6 9 -5 -84 -25 96 68 -88 -63 38 20 96 -44 42 14 13 -29 -68 -88 10 66 -71 -84 26 -22 -33 -75 -80 89 -40 -3 -95 96 60 25 -64 49 47 78 -11 -45 47 32 -56 39 -34 41 26 -56 -14 -75 -87 5 -39 69 -25 8 64 -47 57 4 -59 -60 -12 81 81 51 58 -37 -16 35 -11 46 44 -92 -87 -39 -35 72 -44 -65 87 -51 -82 -41 93 -61 58 -10 35 43 -95 -19 41 61 -24 -32 24 -82 39 -56 -19 75 7 25 93 91 28 9 -56 88 17 64 -89 61 91 -92 28 -76 -21 -81 -2 74 58 -12 60 -58 91 -79 83 71 -18 -80 -37 -6 83 -67 35 94 -2 -33 -80 3 -30 -51 -24 6 -26 -10 -91 17 -83 -51 -18 -81 64 23 35 27 -99 5 -30 -50 67 -89 32 52 7 -93 
23 22 72 -87 91 59 -10 -35 -85 -81 52 -91 -4 11 68 66 65 -20 15 -86 -78 22 -81 47 38 -12 -43 33 -62 -95 -22 -85 57 -26 -83 85 99 -39 62 55 -63 0 29 -2 -74 93 -30 86 37 55 -53 -19 51 -37 4 -32 88 17 56 35 72 -63 75 -49 50 48 -60 -40 -30 75 -79 -79 -33 44 82 81 -84 -87 -91 53 -68 8 -91 -23 68 16 95 -13 -33 -1 -13 91 -58 62 56 -25 -41 3 -37 98 99 97 -25 -38 -24 43 71 20 -37 46 -17 -93 97 27 -38 16 -1 -60 77 16 -33 22 -21 8 99 57 92 -93 55 -74 90 31 -61 54 50 -59 -89 52 2 31 -93 -62 -31 14 -71 -99 -84 41 -88 26 -86 -1 93 38 76 -49 77 28 33 31 -12 -31 34 -82 -88 99 49 -20 -33 54 89 96 -96 22 56 41 -5 -57 -11 25 -78 93 -20 41 -70 61 -63 50 -81 9 75 60 -14 79 -78 75 92 50 87 -33 -16 27 -35 94 87 -2 46 82 -15 -68 16 -96 -73 -44 63 77 -92 -96 29 -2 47 -36 93 68 -76 65 25 55 -70 53 25 -50 -85 -53 -63 65 -31 95 88 58 27 -25 -25 -93 -68 -41 -33 70 -99 -98 
-98 -17 -68 51 41 -40 56 66 94 -29 56 -17 72 9 24 -84 59 -56 41 5 -57 -75 99 -25 -77 93 -76 -91 -30 -54 30 -8 49 23 -47 -38 85 2 82 15 30 -38 15 -89 -20 49 91 35 0 96 -24 -53 -86 -73 25 96 -2 88 -64 73 -34 -6 65 -27 -89 29 -62 -19 5 25 15 -91 -60 -68 -74 38 -18 75 73 68 -29 -16 -44 -63 -11 75 4 -31 81 -58 46 -80 -74 -68 19 38 7 -55 -39 -80 59 85 45 -59 12 13 25 -41 -79 53 -29 37 -68 96 77 -80 32 77 18 -51 69 1 -20 -27 33 -94 -50 -91 -65 76 -59 -76 -15 72 -57 98 -82 -97 -72 -65 55 -24 -97 32 54 21 15 -96 -14 69 28 56 2 -90 -27 91 86 26 -38 -94 -27 21 41 63 -67 -32 -75 34 67 -9 89 -49 -79 3 93 0 -78 37 -43 25 -58 81 -27 -94 68 8 -92 60 27 31 8 74 10 12 75 -58 -69 52 -80 -8 90 98 86 59 68 53 84 -44 64 57 70 17 0 -92 -30 -91 -1 -4 -21 -72 78 22 17 -73 -49 -27 -37 -45 20 34 36 84 -42 75 -65 -94 -76 10 -70 -26 -44 88 -99 -59 10 -96 52 7 -59 5 
93 -62 -59 62 -36 35 41 -75 9 30 56 50 27 80 -78 -67 31 -1 -71 -83 59 -11 87 -33 -26 -11 97 56 -38 2 50 63 7 -68 -7 -21 71 -99 11 -80 27 21 -94 0 93 82 -21 -21 19 42 69 -85 19 -62 -44 23 -72 13 70 45 -46 93 99 24 -82 76 -36 -40 72 -44 65 36 -55 -85 -19 16 14 -14 -61 -49 -13 71 78 40 66 14 10 20 -22 -3 12 -17 -1 74 69 -92 -64 -61 -77 -44 15 26 91 -14 2 90 -28 -81 12 85 -41 82 4 48 99 93 36 10 -93 80 -12 -16 88 75 -23 71 89 -40 -46 -55 21 80 -76 2 -79 36 85 -74 52 -33 26 67 6 -32 -83 64 91 34 10 -87 -13 23 1 84 9 -43 -52 68 33 59 41 -81 -43 78 -62 -98 -4 -43 -9 59 -63 -92 -94 -50 -6 32 83 -58 23 55 -16 -29 -2 29 -97 66 -36 -41 18 -18 -77 43 47 78 -29 -81 -26 -60 -24 11 -36 -76 87 53 78 -53 50 -4 -23 -35 76 -91 -2 98 -95 45 27 30 -44 44 71 56 -11 48 -66 -92 54 5 -4 59 -71 -42 93 -48 -85 81 20 -66 -86 -59 49 -56 -86 43 -62 -63 -51 -89 -45 4 
-69 65 41 65 -54 38 41 82 -61 33 -55 1 3 -82 -83 35 -29 28 52 -18 -64 -85 -3 89 -59 5 -65 -10 -81 -39 -23 -55 -16 -88 -32 45 -18 -61 23 9 -27 62 10 -35 26 -92 -53 -68 89 -40 -60 -40 13 -77 29 -60 46 99 -31 89 -52 94 30 8 -45 29 -56 -38 -30 -27 -88 -43 -18 -18 -40 16 -94 -91 -55 -10 -17 -94 29 63 -77 -63 69 27 -6 -2 -71 -1 -85 -27 -99 8 28 -39 -31 -24 -9 -8 -14 58 4 -90 6 82 26 -4 51 92 -23 -7 -89 85 -79 90 -49 81 95 -1 84 -55 -87 -47 80 23 69 81 25 -22 -59 -55 -30 -27 25 58 74 85 53 7 -16 48 9 39 22 15 -58 -55 -46 -37 -57 -35 83 77 47 -46 -17 62 21 -73 4 -79 60 73 -99 25 -26 72 70 78 -1 76 42 -3 -38 31 -87 -32 66 -43 73 -9 -63 53 22 83 -99 -76 -8 61 -93 -7 -86 -45 -62 50 59 66 59 88 77 -92 -48 34 36 -62 -2 -20 46 59 -13 15 79 -51 28 -84 40 -94 4 -91 -57 87 -38 74 72 -44 37 -89 -25 78 38 9 -40 -49 81 -61 89 70 26 -7 -71 -2 -56 -30 -76 18 -22 -32 
-77 87 97 -20 48 66 -32 -4 42 -68 39 -80 22 39 -55 -36 93 -85 36 11 36 -79 99 75 48 21 54 31 70 -93 -40 56 36 99 70 -24 99 -75 -15 8 36 20 -33 -30 21 56 -43 46 -35 98 -55 -30 27 76 19 -5 5 -35 -83 41 -37 -81 93 -12 -75 -59 -43 -41 -65 -17 -48 -75 -24 -49 -9 -17 -96 30 -64 -22 -90 -63 -54 -39 52 55 64 13 44 -76 7 71 -45 87 45 66 -21 73 69 92 -29 22 21 -8 95 -13 28 45 -19 -7 -45 43 40 -12 -74 26 89 -26 -9 22 -10 -74 14 -47 -84 -23 -42 -45 -32 23 -66 32 70 -44 91 -53 -56 -81 72 -63 12 -27 -38 -45 -83 -58 -83 -30 87 -60 -26 9 47 58 40 15 92 -55 58 18 -26 -23 -46 -2 75 89 6 -38 46 -68 -67 -65 -67 -73 -79 58 76 17 -38 28 46 60 59 57 -68 4 -68 82 44 79 47 45 57 -15 80 -28 7 61 87 97 -89 -59 28 10 -74 -62 76 -11 -96 -39 -80 -72 9 -98 -22 -53 5 -20 -51 10 -89 -69 -92 -11 -73 92 77 97 -68 -96 4 50 -45 58 -7 -99 86 -42 82 84 27 -16 -75 -36 -1 -39 -61 19 9 -74 
-36 78 74 -21 35 -32 -66 75 -14 -52 30 -21 -29 76 -91 58 72 -98 -45 62 -60 39 -8 26 58 -10 19 -67 27 -88 -68 -19 61 -65 -98 98 -32 -77 -55 -31 -72 -5 -74 -22 -51 60 -50 -89 -78 7 -82 -10 -70 -86 51 88 82 89 -83 -28 -54 91 -61 -54 7 -79 -65 95 62 31 -64 -59 -31 67 90 53 -89 -82 33 -87 81 -94 -59 13 -56 63 -27 35 -29 -90 -13 -37 5 -79 -24 17 -91 5 94 -31 81 -40 -1 -46 -75 29 -26 88 41 -8 -36 93 -35 50 37 -72 -45 -60 36 -5 41 59 34 -80 -2 -75 -98 55 -43 -79 83 -84 -62 77 3 -35 -48 35 7 95 71 -77 -81 -56 -64 -80 -70 -71 79 -45 -99 88 92 -90 -87 -80 -6 -9 18 -20 18 -36 -19 -73 22 -23 -4 -70 -44 5 63 80 -53 -88 -73 15 99 93 -11 72 49 86 72 -97 70 61 53 -33 11 36 -57 43 -92 60 -20 -9 70 -50 -59 62 54 87 -1 -18 21 -8 59 -10 -20 -25 97 12 -61 72 99 17 -3 11 -1 63 -56 6 -61 -41 52 -39 -79 25 31 -84 43 -22 42 -72 -87 65 -2 21 36 15 40 66 50 61 -30 14 -19 76 -26 18 
8 -59 -98 -57 -20 -31 90 -15 -46 -58 -67 24 22 82 63 -2 84 -8 -9 -41 21 94 -40 99 -46 -2 -23 -25 -42 52 -81 -97 -85 -76 71 -81 19 44 -60 -58 -58 50 16 53 -89 -19 -62 -64 -28 87 -71 -12 -42 -99 97 -99 96 -5 -58 -18 -14 48 90 49 68 -64 -14 97 -8 87 -1 74 -70 -12 -65 10 -14 7 99 4 14 3 15 -8 -98 29 -44 57 9 -43 -11 23 -1 94 -37 72 -4 26 58 77 8 -6 10 52 4 -11 -46 -69 40 -44 62 -34 94 57 5 -54 88 -55 -82 57 71 -21 -76 -18 -90 -48 88 -54 69 45 -20 16 -40 -76 63 -90 -31 -51 18 15 -93 84 18 77 74 93 -6 57 65 35 45 12 -26 91 -36 -92 78 -91 32 75 41 34 -77 34 -81 -35 58 -92 68 26 -49 90 -64 -18 -96 -42 64 20 26 28 25 22 12 0 -14 -85 7 7 41 50 40 28 -88 -33 68 16 -1 -65 -22 4 -69 43 -11 82 55 97 71 -10 17 -60 92 57 8 86 40 -7 24 70 94 -12 -81 -8 33 -66 -77 75 79 74 31 -21 -52 -80 93 16 48 10 37 -57 16 -16 67 20 59 37 33 7 28 -7 50 39 
-50 -84 70 -56 15 -50 32 58 -34 82 -44 -91 -93 3 9 24 -76 55 -30 93 -86 -21 60 22 11 91 31 23 87 31 -62 97 -28 -44 -91 -22 67 -66 -92 9 79 -54 94 -71 73 -32 -93 11 21 31 52 53 85 -87 21 36 -94 -94 -89 38 76 33 7 -79 42 -33 -47 97 84 34 -2 83 -11 -2 79 -94 10 21 -3 -21 29 -24 60 56 -67 17 89 15 -17 61 -38 18 65 21 23 -90 53 38 -29 -35 -94 33 -70 -35 -61 68 -10 38 95 0 2 -3 -88 28 18 -4 0 20 -87 -89 28 36 -13 -76 70 49 0 -70 44 -45 44 -25 -82 3 -89 1 -12 14 -49 -84 51 -29 22 59 -85 19 -5 -34 -18 -57 -11 0 -26 68 99 45 -80 -5 59 42 -2 -5 30 -15 52 -16 -7 3 7 58 -2 61 79 29 72 27 -39 11 41 -80 -85 -26 -74 90 95 93 -6 4 -13 -95 40 -97 -21 3 34 44 -13 -23 -60 -24 13 -18 15 -7 60 32 78 -48 54 -38 -17 72 -85 60 45 53 83 77 75 13 -72 -18 89 -36 -70 50 -59 3 12 10 96 -81 34 66 -1 91 19 -66 -55 -46 -57 -10 94 38 -19 -86 -21 -47 -26 14 
63 18 73 -4 3 9 5 -28 79 -96 96 -56 -80 98 -86 19 -77 64 -4 -81 90 10 55 -88 29 25 -79 75 9 -15 13 -74 -13 27 -30 -55 88 79 -26 30 -41 -82 21 0 45 -93 -30 -22 74 17 43 -70 -20 -37 33 39 17 -97 21 45 58 -59 62 -2 -75 -25 42 -12 33 -50 14 53 68 -50 -85 -39 86 -67 -61 -90 -13 -15 24 76 -78 -81 60 -21 -61 70 -82 -41 -34 8 61 -87 65 -5 59 -85 -31 -76 55 28 -59 29 -17 39 39 -39 96 75 -94 -69 15 -37 -63 42 -61 35 -84 59 55 -93 81 -99 -38 46 43 -53 5 9 -60 30 98 -93 -43 -17 -20 79 8 -95 71 -98 -78 79 -28 20 -38 -35 78 73 -15 59 27 15 67 -1 61 71 7 23 73 53 -28 33 -36 69 8 -32 70 -47 80 75 -35 -89 -27 -13 -70 -89 -90 44 -31 -79 95 58 -96 -31 33 9 -62 -42 82 9 73 -10 1 19 15 -75 34 68 96 -42 -79 44 96 -82 41 5 2 60 73 34 48 -98 -91 39 -97 -50 -67 36 -87 -29 44 20 91 -75 -57 76 -40 -21 18 33 50 -40 38 45 -8 34 91 12 49 -10 -74 -46 31 -29 63 -85 
-12 -96 32 -21 -77 69 -91 -33 27 -7 92 85 -12 -34 57 71 1 -17 56 -23 -71 -63 -5 -49 -56 -20 50 15 46 42 47 60 -67 -64 -21 64 -18 -22 7 24 -7 92 -75 -75 -33 -17 26 56 96 16 -87 -68 -8 -3 8 -39 35 -55 11 25 34 61 -76 44 -73 -84 -69 -14 -82 -86 -83 94 -88 82 91 -67 -90 89 -18 57 -35 10 -13 66 84 80 -38 -25 91 -41 -49 -10 -53 3 73 -98 -29 -57 27 95 -97 59 60 77 -11 -81 27 -20 -90 -26 -44 -62 -88 77 -26 63 -83 82 4 57 85 -77 59 -23 84 69 51 -6 -57 77 48 9 -11 26 -93 -67 -27 -78 74 -69 4 22 96 24 -9 -40 13 5 14 -3 57 0 -59 -26 -96 -19 91 26 60 81 69 10 26 6 40 51 36 -48 92 35 27 45 -87 -21 62 -92 -66 31 23 33 -19 -25 94 -8 -7 71 30 62 91 2 17 48 55 60 -98 -40 1 71 75 21 -12 39 52 -85 97 -45 -42 38 17 88 -97 22 -32 4 62 17 -12 74 -99 -59 22 87 81 47 -49 -90 62 7 95 -81 -36 23 -84 71 -32 -76 -98 22 1 65 64 32 62 -96 2 27 92 -10 -45 -64 
85 1 30 69 -6 -44 19 68 76 15 23 -14 19 34 71 99 -32 -79 13 -52 55 32 -20 50 25 11 -73 -47 24 84 -70 -27 3 88 79 30 -58 -19 68 11 88 -88 -33 -36 74 -4 -63 -77 93 18 67 62 95 -90 77 -98 26 69 -3 -80 12 73 32 -70 -17 -87 -58 -52 22 62 -12 -26 91 -46 -13 37 71 -87 1 99 98 -80 -24 -7 76 -64 17 -32 15 67 77 -38 57 57 -73 -18 -63 44 71 96 -86 -1 76 -45 -78 -71 -44 21 -67 -20 -31 20 -19 -70 66 -72 -66 73 -59 61 50 57 -86 -60 -63 66 -45 66 18 -18 -67 45 -60 -14 -19 -18 -2 86 25 -42 94 -5 23 35 53 -53 77 -50 46 16 -66 27 41 85 -67 -53 75 -7 74 82 96 25 72 61 70 82 27 -88 -18 -62 27 56 -29 81 24 -7 73 -3 -40 -91 -92 54 27 68 70 -71 -30 36 -55 59 -15 26 -49 64 -87 -27 53 8 20 30 48 -9 71 17 20 24 -85 -30 -89 -28 -56 11 54 71 -68 -48 71 92 11 92 -7 16 2 -12 74 -12 -42 -31 18 79 -24 -79 -47 -51 -51 -94 -50 -61 -85 5 14 -44 71 97 71 17 38 -58 -46 78 
-84 27 51 10 51 -44 -60 -55 56 70 70 -57 -8 58 28 -21 -8 14 -21 71 57 33 13 -36 -69 -32 54 34 83 -3 74 -83 93 -17 59 -17 6 11 -68 15 3 59 29 -93 43 85 53 -25 -48 1 -95 -5 -13 -47 -19 8 -9 -79 14 -5 13 37 -97 -99 99 -69 -62 -59 -49 67 -53 -58 5 15 -39 7 -15 3 -12 -38 53 17 -96 -54 94 89 -29 93 -2 -53 70 -97 57 82 86 53 99 -63 53 17 -85 -68 62 62 15 -89 43 -55 -49 -88 -97 -42 -62 -88 -2 22 -15 65 16 -43 -88 71 59 86 55 -89 53 -9 -61 -36 85 -57 9 -91 -68 -90 -67 82 32 16 -48 70 -19 -18 -11 93 56 52 -60 -65 60 -4 36 74 -8 74 59 -2 8 -70 76 69 90 -24 23 -4 -9 81 -64 97 -68 -23 -51 -96 -81 -88 -61 70 59 -5 -78 -92 -36 72 -43 -93 -71 -76 67 49 71 10 -17 76 -92 -28 24 92 -12 -99 -51 15 57 -16 -20 -69 -9 86 -68 -22 -98 1 37 -35 -40 41 4 9 -25 83 -41 -69 75 -27 75 33 -48 -83 94 52 -20 24 -26 -71 -97 -15 -38 -33 52 -87 55 -20 55 19 -58 43 0 -44 53 -79 
79 71 22 8 -38 18 -85 86 19 -12 -75 -35 74 34 26 -44 74 -6 24 -76 4 -13 -53 4 -95 62 -33 -23 -55 -2 -75 9 40 62 -40 4 -77 78 77 -54 84 -38 89 -54 -45 -22 3 -86 93 -48 -91 7 57 38 -13 72 -51 3 58 -34 -98 78 56 -60 99 28 88 8 58 -55 18 79 34 78 39 7 -47 97 75 46 -9 -6 -30 53 -61 -75 -32 38 63 45 41 35 25 -95 26 69 79 73 -66 71 52 7 1 55 -64 -30 -28 -76 -23 -37 31 -38 -88 -76 42 61 -49 34 -34 49 -95 -14 84 41 47 -90 26 -13 47 27 -30 -60 30 -83 41 -63 34 -65 -36 32 -84 -58 68 -37 -21 1 -94 58 -21 80 63 82 -25 -44 39 -64 13 -71 62 -21 -85 -16 82 55 32 -79 96 82 -46 65 37 -34 -28 -69 67 -84 28 84 85 -98 85 44 92 12 87 9 -35 98 78 52 86 -42 -24 33 38 22 77 -5 2 -55 -34 47 93 52 -10 87 49 -86 77 -38 53 76 -88 31 -37 71 36 1 -62 7 49 -27 -72 -1 -32 59 -54 76 -35 46 -56 9 53 35 -20 -82 -1 -32 -14 16 51 16 -42 -33 12 79 -1 -6 61 46 
44 34 -27 -92 95 76 -57 11 -69 12 70 -25 -83 54 45 -26 23 15 70 54 -76 43 -8 92 30 47 -13 22 69 71 -86 55 51 -19 12 -59 -87 -11 -4 -35 60 -10 85 -55 62 -45 81 6 30 27 55 -40 -6 -91 51 33 -21 -40 -50 -48 54 95 -10 70 -63 12 41 -52 -21 -98 4 -73 -49 -69 10 -17 -65 -52 18 4 16 -66 -17 -38 2 -41 -38 9 -7 -25 -74 -38 -86 83 2 59 -42 -13 45 -64 -25 74 87 -35 -38 -82 95 -21 33 -32 86 -99 -51 -59 63 -71 34 33 -97 52 4 -12 -82 -61 22 18 38 -78 53 61 -74 40 -6 -6 -52 -54 2 65 33 82 72 -89 -33 27 -64 -46 -46 -5 -75 69 28 58 27 -69 -89 31 96 -25 34 19 -29 88 -41 59 6 -21 65 -7 -11 -84 -36 -91 -25 34 -18 -24 -34 -27 -46 91 -84 99 77 54 86 23 66 51 3 -5 38 41 -60 79 70 -11 -2 -89 98 -34 -11 39 6 66 -54 93 -96 68 -25 -42 10 74 -69 -15 29 -75 87 52 61 7 -49 80 -59 75 0 14 95 -50 -35 98 -48 47 78 37 -9 95 -65 70 16 89 -24 -32 -16 -65 -90 17 -86 -45 80 34 
81 -32 -36 -71 -48 3 8 30 51 62 -16 -54 -89 86 -51 -61 -4 62 -28 -20 46 18 -69 -44 46 54 66 48 4 88 -72 -53 -38 66 10 -66 -79 -98 -40 28 66 -92 9 23 -29 -74 34 -62 13 33 97 -71 36 -36 -57 -93 15 78 94 -39 19 -64 -27 62 -18 99 4 -81 12 -20 -63 74 -20 -3 -57 -74 -92 6 52 -13 -57 0 99 -12 6 33 -68 96 21 51 -31 67 -8 33 -31 -50 -68 55 7 -64 -97 -28 95 -5 80 -95 96 13 -56 95 -72 -61 -1 -48 -21 58 -43 58 94 -31 40 -57 -57 41 -67 -86 17 10 -15 -77 -43 -1 -18 12 6 -22 33 -3 -68 73 -54 -42 68 72 44 6 -53 -65 -67 3 41 -74 -37 -13 81 -80 -34 38 31 -64 90 84 7 86 -48 93 -81 -24 -50 40 52 59 93 -46 94 29 -83 -56 -37 -90 91 27 59 1 -13 79 -4 99 -73 1 -64 -16 -23 -16 55 -61 92 -59 -39 -97 -13 -69 -57 17 79 39 36 15 37 74 -4 -95 -29 19 -81 -76 96 46 44 12 31 55 -65 -26 -45 64 78 55 -67 -60 8 -31 82 21 99 23 42 32 -60 -3 69 -29 -36 68 -45 62 66 51 -18 -25 
-69 -87 73 50 -19 87 -23 93 -68 35 -90 -60 13 12 84 -66 -33 -84 33 15 -7 -95 56 0 62 -19 6 -29 -37 37 -16 16 -98 -45 28 -34 34 -63 -89 39 -47 41 -24 -15 76 -31 89 16 -68 -38 81 63 -67 30 89 -6 -33 -82 -4 87 79 97 -48 50 -48 -11 -86 -91 -60 28 -64 -70 87 -7 -4 -18 -90 70 -29 11 -3 -7 -4 51 -25 -38 -96 44 97 49 -18 16 35 -54 50 83 -42 24 62 -17 83 30 76 55 -36 45 14 -98 36 -25 -85 -74 -26 -64 -35 46 79 50 14 -91 87 -25 61 25 59 54 23 55 4 37 51 89 -67 -91 71 -30 21 -88 -82 -25 61 39 88 96 22 77 -44 -19 -47 -58 47 3 50 -9 48 -22 -4 62 -9 -33 -9 28 39 -75 -32 57 36 23 -22 2 -90 30 66 -84 35 -12 48 -64 -84 -20 -85 46 11 9 -90 25 -68 67 -98 -32 -77 12 94 -33 28 44 82 -32 -64 -41 98 -43 36 25 14 83 -53 61 -30 -73 -96 -98 -36 -66 23 2 -63 27 84 15 43 -66 -34 52 40 -22 65 5 45 -41 -23 -14 -5 -21 -73 -22 11 54 59 39 -18 23 90 62 -22 6 -84 55 -52 -16 
55 4 -31 -48 -22 6 96 86 -85 87 -26 -22 82 -92 -45 -35 -81 -26 -87 99 -76 -91 95 33 -39 45 -20 91 -34 36 -93 -26 -26 15 -29 41 66 59 14 13 48 -27 -68 -63 17 -77 -52 -23 -69 -46 -82 53 -67 -18 -2 55 -88 -41 -61 -82 30 10 -13 37 -53 91 89 -14 -17 -76 19 -26 -16 -66 -71 -91 -5 93 -46 -97 -5 -7 37 -84 62 -94 -75 -44 -16 -22 -30 -28 77 35 43 46 -5 70 -25 63 -78 -25 87 78 90 -24 51 -2 -60 11 35 62 -13 -38 -36 -88 64 51 -11 92 -66 69 67 -96 55 -33 -57 -31 -14 53 -40 -17 -71 -83 4 69 -90 99 67 67 91 -4 -3 -63 95 -75 -66 30 -61 57 -83 -13 95 -2 -95 -7 -41 -9 97 -68 97 -63 -14 81 24 -16 -97 -85 34 -34 89 13 -67 29 -75 -30 90 77 63 90 -68 85 -21 -74 -17 -9 -32 17 28 -45 -1 29 -46 14 -57 57 11 72 -74 82 31 -34 -89 -41 58 91 -83 -31 52 10 79 72 -68 32 -72 -46 85 -62 89 -20 80 -33 17 46 93 -27 -3 -27 -65 74 33 -1 50 -45 -66 -77 45 88 83 -98 -92 41 -74 -79 10 -14 -73 81 11 -10 
-88 -85 -84 66 3 68 32 30 -2 -13 22 -56 -74 -11 20 -84 -23 19 47 58 80 98 96 -47 21 6 17 -99 -48 -52 -57 -38 -41 -48 -90 -44 86 73 -67 -66 5 -47 12 98 -79 -60 -21 93 -61 61 -69 99 43 -77 -97 -8 -67 64 45 -77 -10 86 -90 64 -32 50 85 64 74 5 -64 92 23 20 23 -50 12 99 81 63 -10 22 76 -26 -79 95 57 63 38 -72 37 -3 -23 -5 56 36 86 -68 -86 19 55 -34 29 -88 71 -98 18 -92 -60 13 60 62 -10 -96 -25 40 71 -30 -62 71 -5 -79 -21 -2 -73 66 -31 -54 75 -53 -91 -23 -6 23 -22 -9 -86 70 -60 -89 -74 -78 -42 -74 3 5 -36 -82 68 58 -33 -86 -58 -1 37 60 -69 54 -50 59 -92 8 -36 -47 -61 6 -71 -5 59 97 -22 90 -67 28 -1 -54 43 -80 -40 22 -34 -92 13 19 26 -49 23 -84 -38 -55 76 35 -30 57 18 -36 80 -27 7 -16 97 50 -33 -89 8 97 52 16 68 72 61 -34 27 23 57 -54 77 52 -7 91 -63 85 10 -69 60 67 -74 17 87 78 -85 10 -36 -44 53 97 -59 -7 -98 23 -82 -85 74 89 -5 6 -75 -89 -64 18 
-81 44 -14 -17 -77 -4 56 38 -83 -13 -86 -28 4 -74 4 73 -36 39 0 71 39 -15 41 -69 55 -70 93 88 -43 63 57 -16 15 93 -81 -21 29 80 -19 66 69 -60 -14 66 -66 44 47 88 -63 -17 -62 -15 73 -22 -97 28 -97 86 -42 -69 -61 -49 -94 52 11 88 -42 -94 -71 93 71 11 -93 74 -54 -62 -52 75 -70 -14 57 -21 -21 16 -76 79 42 82 96 22 -97 -43 -33 -23 27 22 14 4 4 -37 63 9 41 -39 63 -17 48 -77 -66 -10 38 42 -11 -66 98 -54 -46 26 -50 -3 -38 59 -79 -49 50 -53 46 52 -90 81 37 40 -81 -5 85 31 22 54 92 -79 89 23 -97 -99 41 85 -50 44 -22 -50 58 35 70 -15 20 -72 -85 58 0 -2 31 -42 48 -72 98 15 11 -31 -90 6 -41 -4 -5 70 0 30 36 1 -67 17 -83 47 80 -40 38 -16 17 65 -8 -93 71 12 -41 -71 -88 43 -18 29 -96 84 32 -46 -63 39 75 -41 18 65 -25 -89 -11 63 75 44 -58 92 61 -35 -55 36 99 81 -12 8 -20 23 -89 -32 -72 62 -71 -84 8 5 -67 38 -1 -90 59 67 38 -94 79 9 67 -7 -18 54 -17 -94 
-20 9 -37 -30 -42 -70 -33 -68 -57 -24 74 64 -5 -38 -95 67 -71 10 18 -60 38 -73 -14 73 38 -85 22 77 82 93 23 40 -89 -17 -47 87 68 -51 -31 73 -18 -92 5 -81 96 87 96 40 54 67 -40 -70 -52 30 -43 32 -18 -68 -87 76 8 20 -85 68 74 50 -43 78 -47 67 79 -6 86 31 -50 -34 32 50 9 -44 -15 18 -99 -44 -73 -3 -65 -6 38 42 -42 99 66 9 39 86 84 2 -28 49 -77 -16 40 -92 -12 40 -80 -53 18 -27 -91 40 -59 -34 -40 -44 -73 3 17 34 80 -9 89 48 -20 61 85 51 -98 -11 -25 -29 -98 89 38 -48 35 -68 34 63 16 -60 -21 49 87 -21 -96 -2 44 56 -52 92 -70 21 20 24 15 77 -5 -83 32 60 55 74 94 8 -93 -69 -14 -8 61 48 0 -5 -19 66 5 86 77 79 -76 -71 -19 99 17 -66 -27 55 -82 -83 -52 97 -5 26 -53 -12 -17 59 -77 -25 -54 -60 15 91 20 -51 -14 40 86 -54 -59 -76 86 18 85 -79 -78 -39 -50 -32 -86 3 42 7 -13 59 -35 2 -70 -79 76 78 -32 -79 20 -15 76 -93 -20 -21 67 45 -4 54 2 -45 7 -54 -99 -35 
