500
-18 -40 -46 51 -68 51 -26 88 -65 -25 79 16 -74 71 -16 86 -8 -98 94 80 -98 -46 34 7 -3 87 85 -47 -99 2 -11 -80 39 -19 73 -86 -96 -40 52 49 -84 -37 -59 52 -93 22 -84 12 -96 21 -2 -43 -67 43 -47 29 -13 -56 67 -13 69 -85 -2 -12 -6 29 -39 -5 -90 -60 -24 25 -8 -86 58 36 31 47 -23 23 -74 -21 -46 -19 -4 -70 -75 -42 48 14 68 -66 66 -41 81 28 49 -9 55 78 -91 23 15 40 -73 27 -9 -11 67 10 -56 99 -47 57 9 -17 38 -57 -72 -36 -32 -37 -16 -2 -81 97 52 -99 -10 82 75 40 34 -28 -13 -55 66 -30 44 29 -40 38 -66 -17 -10 6 -46 22 -15 74 17 45 -17 -12 61 77 27 20 69 30 -23 48 87 52 68 75 -80 -46 1 -65 -65 38 37 -13 78 -87 -43 32 -7 -82 5 -86 61 33 40 -51 -43 -99 40 -51 -96 2 22 29 -99 51 -95 87 54 43 -31 -87 60 -9 -63 -25 56 87 17 10 76 -13 -83 45 74 -81 63 -34 -60 25 53 -32 72 97 43 29 -63 2 81 -42 -22 86 -16 88 31 -40 -59 -82 24 73 -84 73 -33 43 -20 -86 82 -13 -39 21 27 39 74 87 39 94 9 -19 33 32 -15 95 22 -82 -90 -89 0 -21 -19 58 17 -73 -90 -46 39 -73 -95 30 57 -44 15 30 -21 -45 20 -83 -55 67 -68 -53 37 30 -89 -24 66 68 -81 91 3 -20 -34 35 -50 3 34 -89 14 43 -22 99 53 36 -41 -33 -30 20 -9 -7 -55 -15 3 49 74 -84 -62 67 69 -35 98 2 21 53 51 -48 84 -47 -96 65 25 -40 -2 22 -3 4 99 2 53 41 -67 -84 7 -87 -72 -57 87 -96 -78 37 -66 -70 -85 12 -89 -11 36 -94 93 56 -87 3 -49 4 -55 95 -98 61 -6 37 27 -78 32 81 -89 11 -11 -55 25 -30 -37 11 41 -19 -55 87 13 5 35 -77 -3 23 -33 -95 -49 69 -89 11 -78 -90 -90 -32 -30 -73 -5 -52 47 5 -17 31 53 -12 -56 48 -10 99 81 -78 -55 15 74 26 92 -77 -47 12 -6 -58 96 57 -42 77 -41 -47 40 19 -31 -98 21 -88 18 -87 16 61 -76 67 -15 96 -6 71 -64 -39 -43 -98 -41 -9 67 -34 -2 -27 22 -14 58 -12 -29 -53 5 -12 16 -73 -15 -19 -83 22 -31 -80 76 -82 -85 9 -3 -44 29 82 -64 29 51 -44 24 0 -41 8 
47 10 83 29 15 33 -84 -80 -26 -65 -34 90 76 -70 -85 -75 19 42 -55 -93 54 55 14 -20 -94 -46 39 -88 42 -55 84 55 48 -61 -28 -50 -55 91 99 -2 65 -98 7 14 79 61 -66 65 82 17 -13 87 -29 49 89 84 76 80 6 45 -73 93 -70 85 -55 43 74 -4 -11 -3 95 -32 -45 -69 -36 20 -50 -25 -13 27 45 10 99 77 70 77 71 55 -30 12 44 -93 58 69 -74 32 -97 -8 23 42 24 22 -73 69 -47 -11 -98 -58 24 91 -19 -8 -6 -78 -48 32 -85 74 -82 -20 19 78 -72 -56 -69 88 54 59 -65 -19 59 -7 -93 32 89 39 16 -95 -31 38 20 26 34 -30 -1 -21 94 3 51 -94 66 43 38 74 -91 32 17 -33 40 -43 33 3 40 -20 -63 -42 -37 -23 14 -31 56 68 35 -75 -56 1 41 5 89 71 -63 -35 -96 60 86 -77 54 9 37 45 18 13 -32 46 -99 -34 -5 -76 4 -57 -3 -62 -64 -50 76 -6 53 86 -52 -46 -23 -53 75 42 -42 -60 -65 -60 -95 9 21 64 -59 11 88 96 -13 8 9 -15 -50 94 58 -41 -76 99 -1 -95 -12 -8 -77 40 -55 36 -51 -9 -27 -47 2 43 87 -72 48 91 -96 97 56 64 60 60 16 -8 -52 -47 70 46 83 94 -97 -77 -86 -88 19 10 58 -27 85 58 36 2 16 8 -96 -42 40 57 -53 -85 47 -72 25 40 -99 -11 27 -66 88 73 25 8 66 -24 -53 67 -65 68 -4 89 -74 23 -16 -49 20 73 -66 -12 98 22 59 -2 82 -75 67 26 -6 21 28 -53 -57 -22 35 9 -51 -9 14 45 79 86 -17 78 24 -10 -73 90 -96 9 -93 -65 -27 41 -26 48 -41 -45 50 -10 71 57 -62 2 -21 93 81 -36 55 18 -13 -7 -90 -71 -77 -71 -87 -5 -6 10 -68 46 95 -54 -76 -34 -97 -3 -8 -83 -82 6 -43 -67 87 0 53 -50 76 32 -64 -91 -47 22 -7 -9 -69 59 -97 72 -78 -71 -47 10 -13 -71 58 -24 -62 0 -61 -97 -42 -95 -83 9 23 -58 68 3 13 -61 -15 -25 8 5 77 63 4 50 85 -87 -5 -41 -9 -8 78 88 59 -18 50 46 1 65 72 -52 -68 -21 -33 -12 -92 -91 94 -31 47 55 -2 -23 -43 -69 81 -88 64 75 -23 -89 53 9 -53 -7 61 -44 -44 84 97 25 -89 -37 28 63 89 63 97 49 7 -28 -58 -77 -89 -63 -64 43 -82 16 
-45 -89 -22 -44 -77 10 -83 38 -27 -67 -82 29 56 -6 -70 0 78 12 40 -79 12 -62 44 24 2 75 81 43 -98 -87 79 99 52 35 -81 95 29 4 57 -17 -48 9 10 21 20 -18 2 77 -67 -27 80 75 4 81 50 34 -58 -59 -74 21 -16 -88 -55 -8 31 59 68 -40 -85 -68 -83 16 -66 12 -78 30 40 59 15 -26 89 -46 -50 -60 -61 -14 11 -63 -14 12 4 -45 92 77 -96 -47 -56 -77 39 9 -31 62 -77 20 -34 31 84 59 18 95 63 31 -41 -42 3 20 -72 -51 63 -37 5 41 22 92 -16 -92 -39 -61 23 -39 -77 64 90 57 48 -23 76 16 -55 1 98 85 -8 -49 60 -12 -62 54 -72 0 -49 43 -84 44 32 -88 -73 31 66 -65 -52 -94 -39 -90 -39 -87 80 28 4 -18 94 49 7 23 56 67 31 -95 -1 -60 74 99 34 -67 -51 33 98 -14 -32 -62 48 21 42 84 -64 27 -94 84 82 10 -64 -62 5 -42 -20 -36 -75 75 -49 35 -89 -60 84 64 83 83 45 16 31 50 -64 -18 -52 41 10 -46 43 -76 -38 23 66 -74 -31 23 25 44 34 89 -56 -32 -55 -35 -57 78 -15 -85 -51 -21 -73 62 -13 2 34 -89 -48 1 66 33 28 -59 82 45 55 -63 -85 -27 -15 -80 98 -85 -60 30 52 80 -23 73 -18 -73 95 62 26 -28 68 -30 -83 68 -8 69 6 -29 -88 -89 -71 -73 19 -97 -37 -84 -9 92 81 83 -47 45 26 -40 -91 -58 -70 -89 63 8 89 7 -77 -25 -54 -68 -52 43 3 -56 -7 98 10 38 71 -22 14 -19 -34 -98 -63 32 34 26 -6 44 -87 -3 -7 3 -58 51 -91 90 -57 4 -66 -33 -22 16 78 -7 -11 -4 81 18 75 80 -47 22 -91 46 -5 -4 46 -53 1 -26 39 42 -84 -63 -36 57 55 76 -63 71 68 41 -15 -89 97 85 89 -9 78 96 36 89 -29 24 99 -11 -94 -62 68 -56 68 47 -43 -15 88 41 42 -78 13 82 -12 87 -15 16 18 -55 38 55 34 -96 -87 99 -28 -19 -25 35 28 -44 90 84 -12 51 -2 94 9 22 -51 -26 -97 -34 43 17 -70 -7 31 80 -59 32 -74 61 41 47 77 -82 50 26 50 97 1 0 88 -10 -27 -2 -96 7 19 -85 -23 56 84 11 56 58 3 22 1 23 92 51 96 -5 73 29 -23 -98 -86 -75 -3 -83 -67 -61 -51 5 4 7 76 7 91 -79 
-97 -62 69 -94 72 40 1 -92 -66 90 27 39 65 -60 40 -43 -4 -66 -46 8 -10 61 87 -49 99 -56 9 -66 56 -89 74 61 -36 -3 -45 59 24 -70 56 74 -86 -71 45 -67 -71 -86 -70 -37 -37 89 -95 34 -78 94 -61 -88 -50 -51 -73 59 95 -67 -37 -16 -18 10 50 46 25 -44 -82 -19 -61 -23 -9 28 -40 -7 76 13 -44 43 -84 58 58 -22 -92 -73 86 -41 -27 97 90 12 -36 33 -46 13 9 69 -98 75 78 -22 52 6 55 -14 12 -83 -39 32 94 63 80 -35 49 64 -37 60 75 -27 -18 -12 -17 21 30 52 59 39 99 28 -75 42 -87 -85 78 47 -90 -39 -82 20 -57 42 80 79 -26 -67 -10 -27 -53 77 62 56 -72 -30 -36 95 61 41 54 -80 0 -17 8 -61 70 0 -50 -71 -97 7 23 -96 -73 -39 59 19 -20 -30 -49 -81 53 -32 39 67 0 -25 66 -38 35 35 8 -57 69 22 -15 -89 -48 9 50 8 -4 2 -82 -40 30 -63 -41 -60 98 50 52 -90 -47 87 -24 62 1 31 -29 81 76 -39 -96 -2 80 -65 -5 -35 -35 10 70 -29 32 59 -27 47 -17 10 82 25 -60 -27 -73 86 62 -48 -44 -43 -57 63 5 -27 -13 -91 34 -99 -50 0 93 -28 -65 -33 -49 -99 -3 -84 70 82 -70 -78 -86 -76 -6 -32 -84 -17 -57 -92 -91 64 -12 -40 6 22 -18 66 74 64 7 -3 46 -2 95 7 10 7 23 72 71 48 90 37 -82 78 96 -39 11 -71 -95 -71 7 30 -93 36 -74 -59 -41 -17 77 -37 -73 67 67 -29 -37 20 -54 -35 -11 62 83 55 -33 23 -65 -70 -36 -26 49 52 66 -45 -59 22 84 37 28 -28 88 35 7 -1 -68 43 82 -50 62 -8 -99 43 -13 -22 -6 -57 72 -30 -78 -88 -11 56 41 -59 96 -48 -93 11 -80 72 22 18 26 98 75 -24 54 60 -72 -80 67 70 -2 41 53 -59 2 -51 -1 66 78 56 -21 88 -82 -20 -60 -19 -47 91 21 11 63 -19 35 75 73 -46 7 -56 -46 -3 63 32 73 -47 36 37 19 -97 -47 65 -16 -76 20 -20 -82 82 21 69 35 24 77 19 86 -43 -4 32 -31 -9 -82 85 23 94 81 -48 7 36 0 47 -63 -34 18 78 -67 -64 76 -65 -73 26 46 -63 26 96 57 91 73 -95 64 63 -87 8 -76 37 -87 52 99 -3 -74 -56 -49 -19 90 94 91 49 -6 -21 60 -79 
75 -84 63 66 41 -73 -57 54 48 46 -56 26 -36 55 -26 -19 40 41 39 31 68 -9 -24 11 -4 -90 -52 -49 -45 0 93 -66 76 53 68 39 42 -73 58 -39 18 -70 -49 -59 97 -22 99 -72 10 -40 37 18 -12 -45 42 6 83 90 -88 50 41 10 -86 -67 17 68 70 -5 -28 -26 76 93 98 -31 12 -77 -67 18 9 -15 -68 -29 40 -56 15 -55 60 63 25 -17 48 -90 -1 -52 1 -93 -98 -11 89 38 15 7 84 -35 -76 -27 3 -82 67 -53 -43 -45 98 -37 -57 -36 -7 62 22 42 75 -9 38 57 81 81 -17 -61 -23 -98 93 36 74 -41 -90 49 -34 13 8 -35 80 -71 76 69 -85 92 -82 -76 77 72 -69 -34 -67 -13 42 -19 -77 77 35 9 -62 26 -7 19 26 26 -3 -82 83 88 -72 2 -71 -73 48 -11 97 -25 -50 34 70 5 3 -47 -57 34 30 65 3 -6 8 59 -9 -23 48 -89 -3 4 69 -32 43 -2 6 61 -51 -32 -36 71 9 87 -30 -63 -48 15 0 16 30 60 -78 -10 48 88 -32 -4 -12 28 -71 -67 -44 10 -72 -36 -8 63 34 4 -13 69 -71 36 -9 38 -76 -34 17 -77 -35 1 31 -78 -21 64 -37 78 -9 83 -40 54 52 67 -80 31 53 96 56 75 15 -78 -59 51 -74 -35 31 31 32 -48 -62 -56 82 45 -39 -62 -55 29 32 -54 36 -45 52 -10 -21 -5 -48 -85 70 -81 8 82 -37 66 16 -77 18 -99 97 -67 64 90 98 90 -48 -83 81 -42 -25 50 -82 -67 4 -67 -79 96 87 91 -41 34 21 -52 66 -67 -91 54 64 -39 14 -15 -65 69 1 -64 65 -98 -80 -53 -33 -43 -30 -75 -4 80 76 41 67 36 28 -41 28 -38 -45 -5 -40 0 -43 -69 -14 -97 69 -13 3 -33 38 9 -20 -85 10 96 38 -24 43 79 -44 -43 48 62 39 64 70 98 93 -66 -64 -98 66 -10 29 -97 58 80 84 -28 4 79 -20 -10 32 60 60 -46 93 52 -78 -97 -69 -7 59 -57 99 31 25 -26 66 -21 -91 71 -60 -65 55 6 -61 88 -94 -32 24 54 45 56 -9 68 52 4 45 -51 76 -55 33 82 -70 -73 86 -15 -16 74 -28 -78 -39 71 -16 -68 -83 -26 62 55 -75 -35 -8 5 -1 81 3 -5 -18 -39 -16 -39 -75 -13 23 -19 89 -51 -46 -32 -14 57 81 53 -72 97 43 72 35 -32 45 32 78 -19 -52 39 85 -33 
-71 -41 -76 35 -21 -89 30 -93 39 41 -15 46 97 -47 -54 3 -90 -77 57 38 78 -88 -18 -21 81 70 -13 0 -18 -7 -39 -23 -58 11 -36 -68 -53 85 -30 72 -2 76 4 80 -37 41 60 27 19 76 75 83 94 0 70 93 -54 82 77 31 -40 31 25 6 59 -5 3 -13 49 -34 -2 88 -69 98 -49 12 -28 63 5 2 19 58 -12 -85 76 82 -37 93 56 -92 -74 -83 60 -15 -37 -88 79 17 85 97 27 28 -18 -82 -88 45 -93 26 -71 46 -68 33 28 72 -54 -89 -12 -30 1 -75 13 -15 54 57 43 -56 -68 45 45 48 2 56 -66 15 -63 84 -4 -14 -34 -57 -53 77 -56 55 82 -80 48 13 -94 -68 -63 92 58 80 -71 86 -88 61 -29 -14 -86 -80 24 -47 2 60 87 13 17 -14 -32 74 -13 -24 -49 94 57 63 69 -8 18 -98 70 -64 18 90 30 -69 -16 20 68 14 -48 59 -99 -93 41 96 6 21 -9 37 32 -37 -10 89 12 78 13 -36 -66 47 26 -56 -22 85 94 -94 -83 14 -44 98 21 -98 9 25 60 62 46 50 -57 -13 -92 -69 -41 -87 73 26 -67 27 52 74 41 75 10 48 -16 4 2 -52 92 -78 -32 -29 38 50 -23 -96 11 -66 50 -88 95 22 5 -17 23 58 69 -6 -5 -8 58 47 -61 -2 97 5 -40 49 -30 -35 9 70 -58 -25 10 91 -3 -25 73 -10 5 -66 -60 -69 -97 -23 48 -37 -77 59 27 50 28 63 -11 -95 -7 -3 -79 72 5 38 -72 -95 -21 -25 -94 84 -15 -15 45 67 -96 31 31 15 62 88 72 -48 22 -48 -60 44 2 95 -38 -22 -86 68 26 -43 -42 40 60 -37 -42 -99 -27 56 -26 9 -60 -36 -79 48 -64 70 -7 -42 75 46 -63 0 -81 -21 66 52 -24 95 58 -68 -82 81 -70 -23 -41 -51 -63 -56 71 55 39 47 -85 39 11 24 36 57 -17 -46 -14 -35 15 58 30 87 88 31 29 -33 68 88 49 53 64 -19 -9 -6 -46 22 75 30 -95 -99 73 15 -28 -5 -76 -35 34 -93 10 -14 50 45 87 -34 -19 -2 -2 61 -33 -26 -47 -25 85 -86 4 -7 26 -13 2 92 5 29 -68 -22 49 60 -63 10 -7 -24 -98 19 -50 8 -83 39 -99 -23 -29 12 -46 -50 38 -20 -38 -32 -11 -64 -50 83 16 -19 -47 23 86 -27 67 45 27 -94 16 -14 90 68 -2 -77 19 27 -80 58 49 -53 
78 -91 -68 -37 -24 -3 -49 42 98 18 -37 -2 12 70 -56 79 29 -25 24 64 -88 21 21 -97 -71 -39 -18 15 19 -8 82 91 -35 71 2 -86 -76 -16 41 94 -38 -39 96 76 -48 85 -9 68 -82 -65 38 -13 -72 -37 18 -17 50 25 -69 -19 -37 58 -5 -33 87 -77 31 -15 -91 41 21 36 72 -54 21 -25 -74 46 -5 8 -39 71 56 -54 95 -45 -49 70 -13 79 74 1 91 65 -8 -12 95 -58 80 95 -47 -56 67 40 11 67 16 83 -3 -7 -66 -69 33 -2 14 -32 25 -64 99 18 73 -50 -31 45 -75 -47 93 67 20 -64 -42 53 -11 -71 -99 44 1 16 -24 21 11 95 -3 -39 -13 -79 -9 -86 -30 41 -40 -23 92 -75 -86 -19 -35 -79 -4 14 -63 -89 -51 -99 -73 -36 55 78 47 79 -59 -96 -78 53 57 -11 56 -92 13 6 -35 70 37 61 71 -45 -47 37 21 -34 -57 -71 -97 -66 87 41 56 9 77 -60 -65 7 28 7 -69 26 -70 -66 51 90 53 -38 -45 81 -14 -54 81 -76 79 5 87 -52 56 14 84 0 83 41 -19 24 -7 -84 -43 76 36 -96 20 -27 -90 -59 98 -3 -39 -72 1 -69 69 1 -23 -29 97 -93 65 -12 5 -36 29 -30 61 27 -50 -36 39 -74 58 95 -90 -70 83 -22 -94 -10 -35 83 -66 81 8 -61 32 -37 56 -29 90 -76 39 -62 3 37 -69 95 23 23 -10 -89 66 53 91 1 -63 51 59 -7 -30 84 -64 -63 -19 26 -9 -48 98 -7 -72 58 -47 71 5 44 -58 -80 27 29 -14 83 -25 74 5 76 -42 -6 87 -7 -67 92 -31 59 -62 70 -9 -2 16 -54 -30 -49 -83 -38 60 55 -63 -51 63 -71 69 83 44 -42 -41 67 -69 0 69 -66 9 -20 2 86 -18 46 -55 -4 -1 -74 -74 -38 95 -76 -9 -56 -64 -51 54 -43 -50 75 -78 -34 -29 22 38 91 -3 60 18 78 95 62 -56 -24 33 -61 45 87 -16 -29 5 35 70 -36 32 -75 43 51 -41 -31 65 -64 -39 48 -46 -47 27 78 -94 58 -91 17 -48 -9 80 -39 92 -8 -30 -88 -60 54 -9 62 99 -49 -32 89 61 90 -38 -50 22 -88 9 -35 58 51 -86 27 35 19 91 62 64 -59 -19 -98 76 -41 98 -30 3 -73 -5 70 68 58 38 19 84 27 21 -9 -25 -95 -67 -55 -39 -82 1 -73 44 67 28 -71 -2 -15 -8 -77 -19 18 54 86 60 -98 
45 -50 -55 27 -5 23 -52 47 8 -86 -43 -91 46 -53 -45 46 -28 -34 72 22 29 55 -70 -40 -26 77 78 -19 41 87 7 -76 11 52 -96 22 -97 7 36 -32 -95 -63 83 -51 -23 -74 7 28 -46 -73 -64 -2 47 -53 48 -3 -99 80 -75 86 41 56 19 29 10 59 4 -92 -60 72 12 36 6 -61 15 -54 -5 98 -98 17 -13 55 -3 8 -50 -98 23 -11 -11 42 -49 -63 83 -56 20 -45 -60 46 -20 -24 -72 -83 -52 -74 -12 -69 23 -84 87 77 33 -72 90 61 33 23 -83 16 1 -73 37 71 70 95 -91 91 -58 -4 -58 86 -19 15 4 99 -66 7 -28 49 -74 -30 16 4 -59 -94 63 -21 30 -85 39 -85 11 -39 88 -62 72 23 35 -92 0 -55 5 -18 -34 41 82 -24 2 81 55 -37 -45 50 -74 18 -20 -9 -49 -23 -76 47 -78 -51 -42 8 99 72 95 7 31 -6 -47 25 30 65 -88 -30 56 97 -1 45 52 67 -48 -6 2 -15 -85 -79 -91 83 -8 15 14 3 94 78 -62 -28 -44 -98 -26 16 38 -45 96 -6 67 -58 1 12 -84 -44 20 23 -26 66 -51 34 56 60 73 -75 -6 -25 14 88 -49 10 52 57 -52 -81 -79 -99 42 12 -69 92 -99 61 99 -5 23 34 62 18 88 98 -86 26 -70 5 -39 -14 35 47 -71 79 -61 6 -65 82 -86 -30 -25 37 93 -91 -96 13 -46 -69 51 -80 -62 -69 62 -96 42 -55 -46 80 3 -87 -1 -48 32 -87 13 46 13 97 -74 -70 39 -6 -47 79 -64 48 99 2 52 -22 1 -13 -44 -8 82 -8 -69 -38 -90 47 94 -31 60 -32 -18 -52 -33 -79 -56 13 -56 12 57 -42 49 74 -76 66 48 -95 96 -4 -62 -73 -81 -74 30 59 -76 65 -68 -26 -37 55 65 -92 -41 96 69 99 44 -92 18 0 -86 -6 -28 67 -41 25 -74 92 3 7 -37 0 80 69 -73 78 74 -67 -48 -97 -83 86 -87 -23 -81 -76 46 -27 -91 -33 94 99 -34 -70 -59 98 86 -47 -46 1 32 -72 -41 -71 41 -11 -95 -51 -21 73 78 3 -57 -1 79 41 -39 31 -64 60 10 -60 94 -92 -82 -48 -45 -64 -32 -29 0 -6 -9 -96 53 96 80 83 76 -98 -84 24 0 43 -27 -33 23 96 -1 45 87 79 -98 -64 52 -47 84 -53 -73 -56 74 29 -24 -99 98 -88 85 85 89 -26 66 -38 -29 -49 -15 52 17 53 -20 1 25 24 
96 7 12 27 -16 92 -69 94 -55 85 22 -91 42 74 -14 23 75 4 38 51 79 84 48 48 -53 -77 -97 20 98 8 -89 -81 7 18 -80 -16 16 -88 60 7 15 -84 -89 19 -63 2 -34 71 20 91 -89 63 31 22 62 8 46 8 62 -8 -92 -32 72 -22 38 16 81 71 -14 -72 30 -79 52 -80 47 -67 -23 97 92 -13 96 -17 36 -76 83 -80 5 85 86 -7 14 -11 46 60 7 80 -9 -99 -35 -84 47 -82 5 -27 -48 47 -46 -84 60 -94 -29 61 -5 42 -43 -26 -89 -80 14 28 54 90 -48 -8 67 58 90 66 -88 33 -14 -26 -69 -78 30 -73 -79 -91 -34 0 -72 30 81 83 51 -37 26 -14 35 -38 -23 16 -87 -25 82 -53 -31 1 -23 70 -43 38 -96 63 79 -90 -37 -91 78 43 -37 -22 -32 -59 -16 -63 47 98 -56 25 88 -21 -77 -77 4 -80 -39 95 64 -79 -67 59 -65 -65 91 -33 48 -86 -59 7 59 53 -29 5 15 35 -78 1 -57 2 -43 -13 -49 35 -38 -14 51 -78 -50 -28 -91 -85 -94 26 -41 -59 1 94 42 28 46 10 7 72 28 -67 -50 -25 -55 18 -55 22 55 -67 78 -77 17 6 -44 47 96 -55 -28 -62 -13 -71 -73 0 31 -46 -94 77 42 61 -87 92 -14 40 -37 80 -15 93 39 98 -23 -54 -24 31 89 10 -70 18 -10 7 -96 -52 -52 86 46 -12 -9 11 0 -51 -30 -59 -54 -95 -91 38 -39 -61 -12 -38 -10 -27 -61 14 -7 -57 -7 -10 -98 92 -33 -17 -69 24 -27 -86 -93 -92 37 99 64 -78 81 -14 -76 -38 70 -3 27 -70 -24 -81 75 45 -29 80 -7 -28 -46 33 42 52 44 59 -73 49 58 55 72 24 72 79 83 75 43 97 40 -89 28 20 -42 -35 -14 -45 -49 46 46 -79 82 28 12 55 -30 -57 -18 -81 78 -37 12 51 25 -67 11 -93 23 -48 -65 74 3 -4 14 -98 -70 -50 -69 -38 -14 36 20 6 -51 82 84 2 -52 8 -45 -61 -49 -98 -77 5 88 25 -21 -99 25 84 -87 10 -35 -9 -55 70 -36 -14 7 -13 63 70 26 -96 -74 -30 35 -18 19 -49 -51 61 -45 67 90 47 35 -44 51 8 79 8 -51 -40 -73 -67 10 47 60 -96 20 -88 -25 66 10 8 -75 -81 76 -3 7 -60 29 -12 15 54 29 73 -53 -28 44 74 -45 49 -42 9 -1 -16 -50 -17 67 65 -10 -88 94 72 -70 13 
-29 90 95 16 44 -64 75 -14 -34 54 63 -60 -46 53 -9 -27 65 -68 3 4 -61 40 -18 -8 -58 -41 15 -75 -92 -69 -44 37 68 39 -7 -34 -20 99 -24 83 91 -78 64 -67 32 -93 1 70 -63 42 -43 23 -49 -76 69 16 -42 4 -61 -82 79 -53 71 99 -66 48 17 71 -28 -16 35 -63 -82 -94 -82 -32 -65 36 -70 -33 10 29 -25 -96 17 -11 -12 28 97 -53 -48 -45 54 89 -60 44 -72 -1 95 -79 93 7 -31 32 20 52 50 -12 -71 -59 -18 -45 -31 71 -44 49 31 49 -6 95 -8 0 -10 -73 55 -78 -31 14 -74 -33 32 -5 61 -19 -28 86 -50 3 -27 35 60 49 -31 -42 79 8 -54 89 69 -19 -46 -18 -18 -33 2 23 83 5 -86 47 49 90 -87 8 -92 49 -17 -88 -27 -70 6 -89 -44 53 -14 61 49 -57 -66 84 -83 -73 81 13 57 -82 82 61 55 92 5 75 63 -96 -98 99 41 81 25 80 -65 -4 17 47 86 -28 -60 -20 36 41 -9 -76 -59 87 69 -54 -14 49 3 20 64 71 -42 -4 -18 2 -25 -26 -84 12 -72 -3 -76 33 -47 -95 33 -45 81 57 -25 64 68 59 19 61 -44 -37 -88 -43 84 -24 -84 86 -36 66 62 -86 -12 -36 -98 -97 -63 -40 -55 -67 38 41 94 80 75 1 -21 -97 -7 -96 -58 -90 -6 12 96 94 58 98 -70 82 -42 -25 73 -40 -57 99 79 14 -90 31 -22 47 -89 42 -55 -44 -67 12 10 -24 -60 -97 12 -45 -22 3 -88 -17 68 56 -61 -69 92 37 33 56 -14 -29 -93 65 -17 -98 52 61 88 57 38 -14 11 -78 6 -99 29 -7 -19 -82 51 7 -94 -66 4 80 17 33 -4 67 4 51 -54 64 23 42 37 -43 42 -80 -99 63 -58 35 -57 -75 -46 -48 -73 -56 -91 -21 36 -8 -56 -73 36 28 24 53 43 -93 26 -12 59 31 -19 56 -31 -53 -2 31 -43 66 -64 -33 -24 -24 -52 72 -22 20 -96 -85 -33 23 2 66 12 54 60 -15 21 26 -79 -31 -87 -51 -24 82 18 -84 -46 66 76 37 -55 37 -92 -4 1 -67 -59 -18 -82 99 23 56 -33 54 -7 10 9 -50 64 58 -45 -35 36 59 -15 -40 -28 71 53 91 -38 -27 -61 -33 73 -2 -97 -4 -14 83 18 -30 -67 18 -26 -77 -80 -24 -4 66 -82 -67 -93 -64 -93 99 -37 55 -38 -83 87 34 -74 -97 -64 -60 28 93 19 57 94 78 
-83 22 31 -77 68 -35 -56 -8 61 47 -60 -57 0 -23 12 35 45 -69 66 -82 25 22 93 -51 -67 65 68 89 99 -25 -2 12 -31 85 71 85 -55 70 97 64 -42 70 -32 73 -92 -24 55 61 12 -54 -25 35 81 -92 68 -68 36 -79 -28 19 -63 1 -32 29 -19 48 17 -18 6 -76 -42 -38 -51 40 -81 77 77 83 -50 4 23 -13 -74 61 51 -59 -63 33 68 72 61 16 -29 50 26 35 1 -68 -24 51 36 6 -85 11 80 -8 54 -1 71 -88 88 -83 82 74 33 16 -91 35 -73 -70 97 -43 -62 -93 20 -97 5 -34 -11 81 71 27 66 -71 -28 40 -91 -42 -16 47 98 5 10 14 43 17 -41 13 72 29 13 -71 99 -66 83 12 81 -3 17 51 -45 -22 -95 7 39 -36 77 -30 34 -39 -71 -8 -53 35 67 76 -64 25 -89 66 9 -37 51 -32 -97 94 -7 -45 -67 -29 -15 18 17 92 -45 51 8 -87 -75 16 40 25 -14 -32 47 2 -43 -88 -32 -29 -92 -52 94 68 -24 -57 -24 58 36 47 -6 -78 -19 -45 -57 -39 -19 -86 74 -93 21 -39 86 -31 4 -62 80 -97 -78 -44 -3 -13 48 -5 -46 -91 65 -82 -28 43 68 33 -62 12 87 -18 75 -18 23 45 -14 74 86 -54 -20 72 -92 25 37 -70 84 76 -10 3 -88 40 -10 -92 80 47 -15 -7 20 86 8 -68 -67 -22 73 16 -2 -72 -66 2 -16 74 39 12 -99 -80 87 -62 -86 -32 -39 -55 88 12 -83 -46 56 -16 -43 -84 -33 9 34 -34 -42 -79 -93 -13 -31 3 23 11 -7 15 -37 -7 -1 -64 -19 -88 23 22 36 -1 -18 -65 -36 -71 -22 -56 75 81 65 98 20 -2 -50 82 -75 -53 -54 76 4 14 3 64 94 18 33 88 48 31 -28 -8 54 18 6 60 5 -20 43 -28 -24 -44 85 16 85 -92 -92 31 -11 -56 17 -83 8 -10 -84 14 24 16 -90 -48 -71 5 -65 -73 -34 -20 57 71 -43 -86 -74 -59 -64 1 74 50 61 31 -89 98 74 23 82 53 76 -90 47 19 -13 -86 83 62 -90 5 93 -92 -96 -6 42 80 -78 69 -19 19 -52 7 25 -12 24 -91 -17 -89 -68 -44 -9 -21 97 8 -7 -70 64 34 88 55 59 67 -86 40 -25 -36 80 28 -25 -21 -91 8 48 30 -54 -24 29 3 -38 -77 29 -21 0 -51 -60 -81 90 27 -15 -38 3 -74 -45 86 4 -5 2 -10 -96 16 
41 -95 89 -68 56 -17 -80 -8 -20 44 29 -45 12 58 49 -19 -19 66 -40 85 54 77 -81 -36 21 21 -77 6 53 -30 58 -21 23 38 47 -82 -99 -87 45 -23 -44 88 -84 -81 -30 -47 -43 56 49 74 -33 -89 -41 23 74 -39 -3 95 -31 2 -90 -5 -33 -55 69 -33 -11 -18 88 -74 34 97 17 54 26 -40 -27 21 18 -83 80 28 88 -65 -38 -28 -15 -69 -70 -74 -9 73 63 -47 66 35 -25 74 63 40 -24 -6 7 85 69 -7 49 -17 5 -52 77 -65 -73 8 49 89 41 -42 -20 53 49 58 49 -60 -12 -7 72 -61 -21 72 -32 -28 -38 82 -98 -96 66 80 18 -10 25 80 -79 -89 85 -41 50 -67 -46 -53 2 4 -36 -97 15 20 65 -70 -20 38 35 2 77 16 93 84 -69 71 -61 -42 44 12 -23 31 -48 -57 98 -46 -26 -13 -31 95 71 -46 -72 -4 -93 -42 -4 -96 63 -57 -57 -98 -20 -24 62 27 -77 11 60 61 51 42 45 -60 49 90 19 -74 46 1 67 -38 86 36 -27 -57 -44 -39 53 -78 73 28 -55 5 76 82 72 63 49 -31 -76 -43 43 35 -69 8 -27 41 -50 7 -23 23 -57 30 -38 -54 46 -64 4 66 27 -18 44 -35 -67 -61 45 -3 -92 8 95 87 -4 -62 -29 -87 -89 -98 94 -87 37 -7 -50 -71 3 -87 88 10 -62 36 -91 74 85 15 -46 -15 -91 -3 -20 11 -69 7 -71 9 -9 29 61 17 42 -53 -68 -13 6 3 30 22 -34 21 4 -86 85 32 4 80 -91 78 -73 16 55 -2 -16 -24 -50 -65 89 -65 3 -15 89 -3 29 1 81 -94 94 25 30 -96 -4 -40 58 -89 38 -26 -30 -58 -43 -38 -35 81 66 -39 -24 -93 19 -6 -64 95 -95 -49 43 54 22 -17 20 7 -78 38 38 3 -94 65 -53 10 -74 -90 -98 79 66 -20 83 -31 -51 28 85 -85 -27 51 -31 19 -52 -60 53 92 14 -58 -98 -73 -50 -45 24 -86 16 -67 45 54 -77 -53 -31 -57 59 -85 -87 -38 90 11 52 73 24 -97 -30 -5 -38 27 -67 -25 -19 -79 28 -72 20 79 37 -78 -36 22 -60 -84 -84 -8 25 -56 -4 73 90 -97 -13 45 34 20 -36 -63 -66 -58 25 13 -93 63 7 27 -20 36 89 -86 70 13 97 -76 98 -40 39 77 -66 -10 -12 28 5 -66 53 63 -4 84 30 9 -68 7 61 98 11 -55 27 29 -51 -93 -42 -43 -2 1 
10 87 66 50 4 -31 38 20 -77 -55 54 90 76 -4 -81 -37 40 -31 -83 -30 -97 -56 94 38 20 -40 73 -42 4 35 -28 -74 -58 28 1 -55 34 23 -40 -2 -64 -13 51 -93 28 -99 -73 -88 56 -7 -80 34 32 -61 -44 58 -60 -88 -94 37 -78 38 90 -6 44 -11 75 30 69 -69 -64 53 7 -20 84 75 -77 97 26 16 -12 -9 -81 38 -24 4 -68 -52 -73 42 -58 20 -17 50 -1 -28 -16 74 70 -8 -43 -91 77 -55 96 77 -75 56 21 37 32 -9 -78 -68 -31 -90 -26 -11 -21 79 -38 -96 24 78 -29 20 86 -77 -63 -13 -83 73 -6 -97 -87 -74 8 31 21 -65 -35 -35 43 49 -9 -18 71 12 -23 -63 62 -78 -60 -89 75 13 -84 91 23 72 -73 24 -44 85 -13 -77 -87 78 62 -80 35 26 -95 56 -99 96 -23 36 -24 -65 49 22 94 -28 -64 8 95 -11 -41 -64 89 -57 21 -56 -59 65 -8 -26 -35 -17 -45 -47 -92 -57 -92 14 58 2 -97 53 -91 -37 35 80 -2 -43 68 -64 32 -68 -43 24 -19 17 70 -30 -93 11 40 -76 -36 45 28 66 -10 -9 18 71 51 -2 40 -81 -90 76 90 78 45 -35 -28 -38 -88 62 11 -49 3 75 -98 53 -36 21 -55 -98 -45 -29 72 -5 -17 -91 -74 -74 91 12 40 47 31 -45 83 43 -81 -83 57 85 -96 32 65 -88 9 59 -81 74 -94 -48 95 -33 -74 92 54 -63 -68 60 33 66 71 -65 -69 -79 69 36 -5 -68 46 -44 -19 -33 62 -76 -19 30 -3 74 43 -23 -64 92 0 -91 12 -95 -12 80 -43 -25 -10 48 -37 84 -12 12 37 55 -14 97 69 -70 48 -70 -84 43 -72 22 -87 55 -26 98 -62 25 3 -89 -39 66 0 17 -68 -56 90 -44 -51 -55 67 -9 88 47 -6 90 42 -91 6 26 73 65 58 -61 -22 -36 51 42 -61 30 -29 87 -2 -4 -4 -71 -63 -48 8 66 27 -41 67 56 59 67 71 52 29 -72 51 -95 91 -45 -99 21 95 59 1 4 50 16 75 -54 31 -55 59 60 1 -51 62 54 4 66 68 4 -2 10 -16 -8 44 51 25 9 -62 -21 99 -25 -20 97 -8 43 -75 52 -61 60 42 -8 55 -11 31 -19 85 59 -30 -28 -72 24 -34 -76 73 46 -23 -27 79 -19 -76 -38 74 -29 93 61 -28 83 94 -27 27 -5 31 -89 26 86 14 -14 21 -54 -42 71 84 -27 -33 26 
-70 -53 -1 15 13 -13 -89 91 27 39 -24 -37 2 -24 -92 -25 -80 -16 72 -94 -73 -15 -52 4 60 -89 14 -5 -45 -37 88 92 -11 20 -42 -5 -61 -74 -97 53 -63 6 45 -87 -13 34 -14 16 39 -16 -9 9 25 47 -22 -35 -27 11 -69 64 2 41 -39 -4 -69 -7 51 29 81 93 -81 95 31 -38 2 -84 15 -99 -29 -50 59 -51 19 17 -97 -33 60 -36 -93 -98 -87 -99 -65 47 93 -27 -52 49 -48 -7 -24 -21 53 25 -87 -75 -45 71 81 15 -90 -72 26 32 72 87 -81 96 -98 59 -9 98 -90 84 -27 20 -55 -45 -52 37 -52 -75 6 66 18 82 33 42 94 44 -34 12 -68 -5 -94 -20 76 72 12 -78 13 70 64 -19 -48 93 -16 -75 48 34 15 70 -62 93 -67 -93 67 -65 88 -75 24 -8 25 -77 -87 -40 -97 1 -95 -9 -99 -12 -75 46 80 57 81 -97 15 54 -46 2 81 -78 33 -69 -36 -91 -63 -54 89 -21 92 -30 59 38 -61 -7 -60 -33 -92 -47 14 36 -22 -68 -96 -36 86 -87 23 -96 86 76 56 94 92 -38 87 12 37 -25 23 73 -73 62 -82 -18 -21 28 49 78 50 34 -38 71 -75 35 -86 -63 -33 -44 -53 23 86 39 29 -47 -80 76 -66 21 -71 44 -76 -62 -34 48 -39 40 77 29 -89 66 41 71 -65 29 -2 24 66 67 4 94 -31 30 -61 -99 1 60 63 -7 -84 0 52 4 4 -33 -2 3 62 90 -41 -14 -20 -11 70 63 98 36 -91 1 -36 -83 21 -48 -13 -64 -24 -99 -47 -29 20 -73 89 -57 -77 70 -10 -49 85 -33 7 12 95 -13 30 -98 72 -27 1 86 46 -42 -76 38 57 -21 8 81 -59 -27 -86 40 30 53 94 39 5 16 -78 -61 41 70 -40 74 -97 15 77 -10 -6 -8 -97 33 82 -80 -95 -85 96 -74 -45 70 -11 18 86 -51 14 45 76 9 -25 49 13 -84 87 80 65 81 -57 17 49 97 -69 -60 -92 -5 99 -60 48 92 67 -29 59 -31 -43 -37 -75 -90 -30 69 33 99 -79 69 -70 -11 -5 -14 -20 -37 -8 35 -13 69 52 0 -99 -49 -75 34 -59 -20 -85 -81 1 -27 25 -38 -7 -72 -22 -74 5 -45 75 7 -86 -2 -56 77 5 -23 36 5 -88 11 77 -82 79 -58 64 47 -52 45 -77 74 38 71 -79 3 -33 -58 -71 -93 -55 81 22 -44 -13 -87 62 -62 23 48 -56 95 -42 87 71 0 
87 -61 40 -13 12 -41 61 -32 -56 52 -82 33 -30 81 -7 1 -15 50 -48 36 -50 -36 -43 -20 94 27 58 -99 -31 -68 43 -14 13 -23 -83 -44 59 -86 -24 28 0 99 33 -38 37 10 -48 -40 -30 -42 -64 -64 48 -88 48 47 -74 -39 -59 -21 36 34 81 -26 -11 19 38 20 57 -32 59 -89 69 55 99 -4 -18 50 -63 33 58 -34 -7 -36 42 45 99 -57 69 92 -40 53 31 -50 -44 91 65 23 30 74 -43 -23 -85 -30 61 -36 -40 38 65 -78 86 28 53 95 20 -1 -64 -16 22 35 -10 -73 -99 6 4 31 45 -35 66 10 -72 43 -50 56 -39 -79 -70 -8 3 21 60 7 -44 -81 3 -97 -74 -53 48 7 6 54 64 33 90 -51 -16 90 10 -85 -69 65 -86 -55 78 -81 26 39 -59 -91 33 -31 -82 -49 -23 -27 -63 -66 98 -58 73 60 -12 92 -84 42 72 25 43 70 -11 -44 -88 -67 48 -36 -38 -61 20 33 75 -59 -70 -59 -98 -7 -5 87 -4 64 -60 -54 89 15 -17 -63 14 -21 -68 5 38 -24 69 68 37 22 74 44 -2 87 63 -93 90 -20 -13 86 56 -29 -65 -75 -99 38 -4 20 -50 8 84 -62 7 -67 38 21 0 -58 78 -74 -14 72 -56 92 -34 64 -42 23 59 -21 -22 -11 -62 -18 66 37 81 55 -39 -80 88 -32 -66 -57 54 56 35 -96 76 30 61 98 -55 -52 -45 -86 22 -35 -18 -88 -37 21 -45 59 -53 -12 -59 78 85 -85 5 -38 53 23 -85 -39 30 28 48 -21 -77 35 -59 54 -51 46 -47 5 36 81 -38 -73 98 51 -19 2 66 13 50 -70 35 76 -20 93 -97 97 93 -37 53 -73 -51 -2 45 -55 50 87 79 94 -71 -37 -78 33 2 -76 -58 10 1 86 -13 -55 -28 -32 -31 64 -51 24 8 -26 81 17 22 22 20 14 59 75 -61 -78 -72 78 84 11 -91 -94 18 50 14 -98 39 77 51 62 91 -4 -99 -2 -12 27 -79 -31 35 18 80 -82 -43 -28 -39 74 97 -87 67 -85 -95 -65 -63 -25 75 82 13 58 -72 -30 -91 -22 8 52 28 -8 -14 -64 36 58 56 -40 -49 -56 2 -87 -10 -81 34 41 -84 51 81 -48 -7 51 49 97 21 -58 -16 52 -76 -32 1 -67 55 23 -22 79 64 80 -6 -70 -64 -42 76 -92 -98 -88 65 55 70 62 -10 38 -92 -61 -41 -73 -37 77 -66 44 -92 98 94 64 -61 65 76 85 
-39 6 -89 45 -82 18 -21 -9 96 -44 -11 60 -26 53 83 3 26 -97 -27 -93 75 -16 -83 93 48 37 -7 -97 9 21 -60 76 -75 -67 -56 53 23 -91 55 -42 84 12 81 -6 -19 56 94 15 -61 72 5 -6 -91 44 -48 43 -18 45 -55 -1 -21 -12 -25 68 3 19 -21 -5 91 -57 -2 34 25 -90 -34 90 -39 -31 99 7 82 39 -87 -83 -74 -95 -63 99 -78 44 -55 -64 -61 -6 65 42 88 -44 51 75 75 30 44 6 54 -65 76 11 26 -50 -75 -59 4 -75 -33 90 35 4 -84 33 63 90 68 -12 25 -71 -91 -57 -13 -39 68 -3 40 -56 45 25 90 -29 -73 46 71 19 71 7 32 -87 -80 98 -76 -18 77 -26 -90 30 3 61 87 79 -54 71 -52 -18 89 -47 -37 -82 -72 -64 29 -33 44 50 33 -72 56 -40 74 -87 -66 85 61 -64 24 16 15 -90 47 92 87 58 -32 -33 2 -36 48 39 -66 50 -33 -52 9 -69 35 -92 97 22 -60 46 83 -98 -17 25 -43 93 37 16 42 -32 -20 -23 -35 -55 -93 57 23 44 94 41 -46 -34 52 32 -47 1 48 60 28 -89 62 79 -75 -84 -9 -81 -28 -52 11 59 -97 -24 -75 -89 -24 -54 -89 67 -63 92 -78 43 5 -45 -50 -12 -40 -21 -15 -13 34 -67 -87 32 -25 -77 90 66 42 51 -82 60 18 97 -47 -20 -50 -4 72 88 -27 41 -95 26 -17 -31 37 -87 -90 60 -48 -78 -95 19 -13 -24 -74 -48 -40 -5 86 -46 -57 -37 -10 95 81 37 -33 93 95 -29 14 -52 27 65 25 20 -26 -71 -9 -94 -61 -2 74 35 64 74 46 26 -40 -71 -67 66 -49 7 66 -7 69 -35 -49 -33 -99 -72 -82 70 22 -2 -15 -12 97 -73 -23 36 -52 -88 89 -29 69 -75 51 -32 61 53 56 63 19 -71 74 10 27 6 -61 -61 81 -64 56 -7 34 -41 94 74 -43 87 83 35 -74 -78 -55 83 70 -50 -97 59 48 -83 44 82 -30 91 86 95 -58 30 12 -72 -18 -1 47 98 86 -89 -37 83 -17 92 -28 83 -99 -87 77 -46 18 3 74 -20 -17 30 -67 55 -27 23 -46 59 -56 9 -33 -17 91 20 20 -39 -53 46 -85 12 82 49 -48 91 42 3 39 95 6 98 84 5 74 67 -2 45 -58 13 -91 -23 46 5 -24 -51 -23 61 -49 89 66 -80 -82 52 -23 28 -91 94 4 3 27 19 8 17 32 3 11 -2 
-98 41 3 -85 26 -16 -58 46 61 -3 -49 83 60 51 -96 -18 -12 -74 -1 62 43 63 49 89 83 93 11 -34 -4 -90 -40 -46 78 31 97 -59 30 13 -68 -80 87 -36 7 75 -49 -56 -67 -86 -81 85 -37 82 0 92 -11 -69 32 -46 81 -87 -33 -13 99 29 -53 -68 -22 3 88 57 67 -22 -34 16 -48 -13 -64 61 40 22 82 45 25 -20 -61 75 -90 27 -60 29 -38 58 46 91 89 15 -96 -80 73 41 16 -90 75 -63 -77 -21 67 -2 -95 -41 -10 -20 -34 -19 23 -58 -5 34 -17 41 -13 77 12 97 49 -54 -64 61 55 -95 94 23 72 87 -35 -62 -41 10 -82 -13 65 -77 94 87 -99 64 -59 -81 -47 52 53 -3 -67 54 -67 20 -29 -2 -79 -47 91 -78 33 15 97 -27 89 20 -75 62 13 -76 -66 -33 75 -59 -70 -1 -92 -43 40 9 48 -51 51 42 41 46 -15 28 -59 99 -54 -63 23 -91 42 -54 81 -80 48 15 74 11 73 35 3 -34 77 12 65 -69 0 -18 -93 -88 -76 -11 64 27 -22 -56 -95 75 61 47 -55 -37 38 45 53 65 71 -51 -30 11 94 66 92 17 12 -1 -99 10 18 42 -19 65 50 -30 76 -96 -51 -82 1 82 -66 -58 -40 -72 -72 41 -5 54 -21 2 46 -16 50 63 -28 -21 -85 -19 -20 -3 61 57 33 -49 -93 -79 32 52 74 -20 97 -47 32 -25 -26 -81 -64 33 -88 -95 4 43 -70 18 43 90 12 32 79 -22 83 -13 74 -43 -91 -61 -53 -23 -38 10 45 93 71 14 74 95 38 -54 61 -18 19 4 -40 71 58 32 -49 -59 68 -17 -86 -66 -64 -29 50 68 62 -38 6 -66 -89 75 -3 85 17 -43 22 -17 86 50 -45 -90 77 99 -31 14 16 38 34 4 4 -62 68 61 7 -29 25 44 -37 -18 33 51 69 -90 46 -92 -28 99 17 43 60 -33 -26 38 -69 -32 69 -72 2 81 -2 -69 -35 31 -90 31 -20 -30 -50 -63 -43 -10 -48 -18 41 69 20 -22 53 58 -85 -52 -83 -74 -74 -85 97 79 9 64 -44 97 -8 -95 -92 25 -19 -21 86 -87 17 59 70 -58 -64 45 -92 9 59 40 57 11 15 29 90 -77 62 -47 -23 -60 50 72 34 -10 80 33 0 46 4 -32 32 43 71 -78 11 83 3 19 31 78 15 -95 -75 97 -69 -51 -36 -21 -53 -43 48 10 99 63 71 87 -27 25 24 -17 -48 58 72 30 
65 27 95 97 -51 -55 -81 53 -11 -92 -54 87 -14 -35 63 14 -9 -1 -64 -15 45 -56 -85 17 -45 -19 -25 -49 -32 -29 73 -24 -68 -54 54 22 18 62 23 10 57 -18 86 -88 87 63 61 -90 50 75 -56 52 85 -52 88 -98 30 -68 59 96 -18 92 48 8 -17 39 -36 62 32 70 77 -82 9 56 60 65 -83 27 -23 -24 25 -17 -79 31 65 -90 -67 -43 -89 38 95 63 -33 3 -45 85 44 66 -85 -82 -7 66 -41 41 -50 57 59 5 -62 -30 -92 86 -2 -22 -71 -29 -57 -79 65 -36 89 -11 -83 56 -58 -55 96 -71 -81 -83 73 -16 -53 -58 -42 -57 92 -29 21 17 -76 -4 -35 -57 29 -21 -91 12 54 -60 49 67 -29 69 98 -25 -95 90 -9 22 56 -59 88 -48 -80 -83 -88 80 -33 -19 -37 17 97 -55 4 -58 22 -30 15 -72 -85 -82 -6 -30 72 -38 32 16 98 -57 -33 77 19 18 -47 -59 -16 77 68 73 77 -1 47 15 -74 48 -39 -19 -68 -71 -53 -13 -45 -62 20 7 -43 -58 53 72 80 62 99 -30 16 91 5 -30 -75 34 23 -29 -86 -65 51 -82 55 1 -17 45 87 27 -50 -47 46 9 -70 75 -99 -51 -22 -68 -13 78 -56 5 -33 99 63 14 -94 63 -83 51 4 -43 28 63 -24 27 -36 91 66 -96 80 88 -23 -60 70 35 25 52 -34 -54 -1 -54 -69 -85 -95 -22 -40 -48 -64 -31 -97 87 -70 99 -22 14 93 -52 77 31 -43 -11 -57 78 -21 -3 67 41 31 50 -76 -41 10 16 41 -72 -92 -79 -64 84 -61 86 12 18 -88 -8 49 -99 -8 -21 -25 -58 30 -21 88 44 -68 -20 -40 78 65 -65 39 -86 -39 -31 66 -28 35 54 -19 78 80 10 -43 -60 -46 -8 65 -56 -34 -68 -79 -69 -3 29 9 -1 24 17 63 -40 -13 -36 -25 50 36 -51 77 -67 57 -98 97 29 -91 66 61 49 39 -13 65 64 -41 -52 59 -66 -47 28 15 53 95 31 -90 62 99 -13 76 -33 -66 92 23 59 -9 -87 97 -4 -49 -91 -5 -95 -6 59 -34 10 -43 -37 -54 -85 -30 -11 26 78 -40 -59 -91 -10 89 54 -34 -37 -67 4 -65 -99 -37 68 -56 -2 44 55 -27 89 25 23 -37 27 -5 -88 -50 -66 -33 -10 -92 44 78 -6 15 45 -48 7 81 -40 -45 -54 51 28 83 76 6 84 73 85 -43 -45 -79 18 -66 -13 -48 -80 51 -52 41 -26 72 80 
93 -31 63 90 62 87 3 -17 -31 44 29 49 39 -89 70 -65 37 -92 55 13 44 -17 97 59 85 46 -20 -57 3 -59 11 -52 -42 -94 98 86 -89 62 59 -52 -9 21 -66 -3 29 -64 -65 -76 -23 -41 52 68 -59 50 22 -88 -98 79 6 -1 -26 91 94 -99 70 -28 -17 -45 29 96 56 67 13 62 -88 65 99 -15 8 54 -84 73 82 -38 0 16 87 -97 -50 -67 82 -39 58 -46 -28 91 -57 67 -80 -87 64 -50 80 -16 11 81 54 81 9 -52 -21 27 -14 -52 -44 22 -7 71 86 88 25 -14 -92 -97 -65 -84 37 36 66 -47 -6 8 -90 -89 96 -96 1 -78 64 97 92 -18 17 37 -95 9 29 78 -66 -63 22 24 -28 80 -8 57 -3 -33 -33 75 44 -16 35 49 -30 0 81 -8 50 87 60 -1 68 37 -98 41 -37 -58 -59 -77 18 62 46 -44 9 -14 -9 -42 85 87 -20 -16 -8 -85 20 -57 95 99 92 -20 67 82 37 -36 -35 59 -40 28 33 -36 -62 40 85 93 54 -35 -62 -66 -27 98 17 -77 43 -38 72 91 4 -45 -83 16 0 27 10 1 4 68 -75 -74 63 13 -34 -44 16 14 21 72 -44 -46 4 88 21 0 -8 -20 2 39 25 -7 -13 50 -24 24 83 -15 -53 4 47 82 66 -26 32 -91 60 59 -83 -79 -42 -31 -63 -72 -34 -61 -40 18 -16 94 46 12 37 -42 -83 88 -72 59 39 74 59 -85 -66 6 89 -61 95 55 -76 13 -76 4 74 -49 1 52 -39 39 96 -2 17 -34 -86 34 7 -76 -48 -42 -61 -14 40 7 -24 -49 -90 3 8 82 97 24 79 -51 -62 -2 -7 45 92 53 -27 -61 -49 83 27 88 -45 -42 -52 21 64 -23 24 -3 -62 -74 -99 58 -99 -3 -54 -68 26 15 -38 -2 70 -63 -16 -55 -28 -44 -34 49 -79 -84 -72 86 62 -69 -83 -89 -93 -42 -25 -51 -2 1 87 48 -25 10 73 8 82 -77 50 84 -87 13 29 71 -58 79 13 -88 14 -36 11 -21 80 -4 -50 -17 -59 78 -37 94 -35 33 35 58 19 24 74 95 82 -62 73 -3 -67 -14 23 -28 -79 38 -29 62 -77 -76 84 -17 -72 92 -3 23 42 9 73 80 62 54 19 -41 60 -13 9 -24 -16 16 -66 51 -53 -25 39 61 36 10 5 -98 -51 -10 67 -92 3 -77 -14 80 -98 -81 -32 82 -8 -12 97 11 7 -60 54 -44 -38 71 -80 -37 51 -70 
-68 -53 -33 3 61 90 72 54 55 27 -14 16 90 64 -48 70 -44 9 -63 55 -95 10 -20 86 30 75 65 -81 90 38 -49 -39 63 98 65 50 -68 87 86 -99 -7 -54 -32 66 -68 81 -28 24 -7 28 23 -24 -10 9 -20 59 2 -99 -40 -5 26 -84 99 -57 47 -17 -34 20 -12 78 -66 9 3 -5 51 64 -25 36 -43 35 12 -96 -75 94 13 62 -47 -9 -50 63 -80 -24 13 29 29 44 73 -3 -18 72 -86 46 -37 92 53 -98 -46 26 -2 24 -89 -13 -71 -5 60 -80 -52 15 55 -31 98 -12 37 90 -12 -58 86 0 43 -68 -94 64 -30 -30 7 88 91 -75 -64 -65 93 75 51 61 32 60 63 56 12 44 -73 -82 -83 -37 -55 -65 -70 -55 93 -29 41 -26 73 15 67 24 -24 -98 44 -17 72 -3 -4 10 9 0 -70 -83 -23 74 -61 -77 -51 -15 -11 74 90 2 64 -7 87 -54 -7 40 37 -94 26 43 -8 60 -47 57 -16 -11 89 -82 93 -91 5 -21 57 99 -95 18 -81 -48 77 -66 -65 76 64 -30 -83 -54 7 -90 27 -52 46 -70 -74 -72 99 61 -96 -23 68 -56 25 54 -45 -74 41 -39 -67 93 44 25 -9 17 16 -89 -18 22 43 20 -98 90 17 -84 -92 -23 -10 -41 -50 -32 10 -75 -59 99 6 -64 -80 92 77 -89 92 43 -54 43 -18 63 85 -53 -86 26 74 -19 -57 87 63 77 -31 -58 78 39 -52 13 92 27 25 -74 -83 -56 89 84 -75 -99 31 -45 56 -59 83 73 42 -71 1 -16 95 1 -91 -1 -34 66 -33 -20 -35 -49 -85 28 -43 39 89 -42 -18 35 32 31 -40 44 42 -18 -44 -56 41 -89 60 92 35 -36 73 84 89 54 3 -58 -48 -27 35 -29 54 -23 85 79 -57 -6 -91 60 26 -72 32 17 1 2 -30 47 -85 33 -3 37 49 -37 -81 -70 21 -53 68 62 21 -1 -48 5 -55 -52 -28 -38 -87 28 79 -33 -68 28 -58 56 25 94 34 4 -61 -36 -13 -74 -9 -29 -44 -1 18 94 0 79 49 0 -7 54 -51 -40 -73 -4 99 50 92 -3 -13 53 -34 96 12 -3 -99 -2 -67 21 -90 -50 -14 45 -78 -17 -90 49 -85 75 24 -88 48 20 71 -37 -65 -11 -79 46 -44 22 8 -18 -5 -99 41 -24 -69 41 88 -17 -72 61 -59 -98 -36 -65 -98 89 9 94 -88 68 -46 26 -36 -30 -71 -25 -29 -69 91 -55 -7 59 64 -71 
-34 98 -35 -91 -83 92 -56 -21 5 -16 45 69 -18 88 90 10 -73 -4 90 98 58 51 -78 84 90 -50 -64 28 -82 -75 23 0 25 88 59 5 -29 -77 11 45 -89 5 71 98 47 52 -83 59 -8 86 51 86 30 13 71 10 34 73 -66 31 68 -54 64 33 98 3 79 31 -17 -27 60 37 33 -66 30 97 -90 -86 -82 -28 -53 -5 42 7 -64 -82 14 -56 66 72 77 -57 48 -46 62 -91 47 -42 -28 48 66 7 -32 90 61 70 52 -98 -40 68 9 -88 -59 -97 16 36 -55 -37 -66 -32 98 46 40 47 -97 43 36 1 -89 69 -40 -51 -87 52 -45 -94 -70 -88 18 -23 -33 40 -19 -1 36 -12 4 46 70 4 -43 -68 -43 -47 -93 -8 -9 -97 17 -84 -91 47 83 -13 -9 -6 58 -55 -47 82 83 84 -54 17 -26 56 10 91 -83 7 39 93 92 -24 -90 -48 -94 52 -16 18 -82 85 38 -70 -76 46 85 52 57 -35 89 71 85 16 24 49 3 -69 -51 -81 76 51 90 -51 94 10 -60 -6 79 2 0 -63 -8 41 -56 17 11 -28 24 -26 12 20 12 28 -62 -75 43 -18 32 -34 -81 99 -48 70 -23 -53 -5 99 -57 93 85 -27 68 3 45 74 48 74 20 -27 82 99 61 60 39 -33 -95 -74 22 -10 37 70 99 -68 90 -78 -37 60 -26 9 -74 63 -11 64 -1 21 90 41 -45 61 -29 21 -19 -31 -42 -69 -67 27 58 -36 27 -89 72 -88 51 38 -79 24 90 -6 -46 -67 8 -25 72 2 -20 -72 90 -43 -89 67 98 -18 19 49 -69 -28 37 15 18 13 -33 -89 5 56 -88 -28 15 -41 -83 -87 72 93 24 98 -40 -60 -89 53 16 3 10 42 -19 19 -58 -62 -41 -45 8 65 18 11 -66 20 -20 97 -72 83 91 4 -90 43 -52 74 49 98 23 -4 6 -73 55 -78 60 67 9 56 -58 26 95 -53 79 38 35 55 -69 61 24 60 -1 -82 -52 64 -83 77 -62 25 -55 35 49 52 -75 -66 6 83 -87 20 -78 -84 55 37 -58 -25 -69 61 58 -58 71 57 -90 -4 -68 15 -70 9 -34 -97 -46 -13 77 32 98 -49 -29 63 79 89 65 -28 2 46 -34 20 48 97 90 54 94 -38 -81 89 -48 -12 49 45 -76 70 61 -2 -85 -99 -2 76 48 29 -37 -39 32 36 -70 -10 -55 61 1 89 38 3 -70 69 90 33 13 38 81 79 49 -57 -99 -91 
-76 43 19 1 -32 14 54 56 96 -62 99 -84 28 73 59 -64 -62 -45 86 5 -1 84 -60 -27 -61 -22 -93 77 79 34 -26 79 -19 -87 14 18 -39 25 17 29 81 99 63 82 63 -53 -67 -59 -71 -80 -90 -81 95 -58 84 -41 -4 45 -17 -48 -1 45 5 -97 -87 7 56 -22 -2 80 -84 -27 6 15 51 54 50 -66 -35 43 39 -46 -94 48 -69 78 -22 66 62 -92 76 -99 -90 -38 -67 -74 -26 -71 -17 -61 77 -50 78 10 -63 47 -62 45 -18 83 -98 -94 -16 18 16 -65 -8 -69 85 -70 -5 -39 -32 84 97 -99 -23 -8 65 69 44 -83 44 66 42 -41 -12 26 -59 29 33 -21 34 86 -15 7 66 -58 13 -74 -49 83 96 -5 49 27 91 39 -99 -92 69 -47 33 27 -76 -11 91 -67 50 -28 26 12 21 -4 -65 39 -84 -58 -44 65 -24 -43 -1 88 48 -1 58 82 -1 19 80 43 45 -99 -40 12 -15 -58 55 -59 -68 37 37 93 79 -26 -15 48 23 -94 -67 -68 -94 45 0 68 -88 -45 77 98 -91 10 -25 -71 -33 93 -23 -87 10 10 -87 88 -53 37 97 70 -17 79 -85 26 70 -20 57 -75 -58 -60 2 42 61 -24 71 85 -45 -87 -82 58 51 43 -82 62 95 -57 -17 -89 -6 47 77 35 -44 -56 66 -86 66 -27 -66 -4 69 -12 -67 -5 -84 -31 82 -50 -85 87 -9 88 96 -76 -39 25 -85 -49 69 -96 -52 -57 -9 -24 -65 -7 -8 -51 -69 90 -85 -9 -82 -2 1 -64 74 40 31 30 15 92 87 -95 -54 -96 95 -4 53 -27 -17 61 -69 -11 0 44 33 50 60 65 96 -66 97 -15 -36 -25 91 -94 48 -46 -82 21 -6 80 47 21 -44 16 -72 62 12 -54 16 71 -91 -81 76 84 13 -1 -17 -40 42 31 58 13 -71 -81 -28 -90 -6 73 23 -12 -99 -64 55 -17 61 22 7 10 68 -65 77 -16 30 -73 8 -93 12 54 -48 89 27 43 -80 -58 -84 91 -49 45 -86 -42 38 -48 -35 68 -23 28 -23 12 92 53 -53 -1 82 81 -47 0 -8 82 18 92 37 -57 21 -41 83 1 70 -46 21 -92 57 25 -65 98 -5 87 22 92 62 6 94 -98 83 63 93 -60 49 -8 39 -54 -71 -81 56 35 40 93 -38 -84 -15 25 51 -13 -14 94 -36 -89 45 -70 -53 -58 -76 -47 0 94 -38 46 -78 -37 -63 16 39 59 -47 -66 37 -19 14 28 -15 -95 
-33 23 -75 4 -28 43 -80 99 17 -73 -13 -30 -55 62 7 1 -90 62 -11 -14 77 -82 -37 16 -50 -64 23 22 50 -59 -12 -48 99 -72 2 -25 2 -52 14 71 -11 7 -76 -68 92 -57 -71 17 34 -43 -6 7 -85 1 57 -29 -47 -82 67 27 -96 -1 91 -65 47 -86 -10 76 -90 11 66 61 -47 -38 16 80 -25 -68 55 -97 90 -97 54 50 70 -32 -16 40 -22 2 36 31 -29 41 26 -37 -14 85 10 -83 39 99 44 4 -54 46 73 -35 48 92 -42 49 75 67 -41 -95 -56 -82 83 -30 85 -27 76 -36 -32 94 1 39 4 11 -73 65 -88 75 -72 -75 -14 -93 -89 26 82 20 85 72 36 -48 -19 -11 -16 -56 40 4 -84 76 11 -84 50 -80 -95 -3 37 52 17 -11 -34 64 -25 15 -64 -9 -38 7 90 -27 99 88 -6 -19 5 -49 -53 1 21 -53 -47 -41 80 75 23 71 -93 98 -3 34 41 48 -51 -14 -76 -40 -31 5 -64 74 -68 -64 -58 -94 22 -20 -5 -69 40 -91 68 31 63 56 65 -75 69 33 53 -99 -86 -87 32 -32 56 -42 -7 8 42 -80 -44 94 -20 -42 -34 31 -99 33 59 -97 -20 -52 -92 55 90 -62 96 -87 83 -48 -62 -75 -12 -30 -25 -99 -6 26 -56 -29 -45 -33 91 26 -79 84 71 -67 -73 90 -80 -67 63 -5 6 -24 -9 -33 48 -22 75 -95 -34 -14 74 86 -4 -38 50 96 85 23 -48 -90 89 -73 84 89 36 -92 -27 94 -88 53 -35 57 -21 -83 99 -96 73 92 -36 95 90 64 -64 5 -97 31 87 -58 -60 -35 -73 -94 -23 80 -85 8 -15 82 26 52 47 -77 -59 -64 -11 -39 0 -95 -58 -75 -84 -8 73 -99 47 61 -83 80 85 -6 -27 30 -51 40 -6 -62 -33 -60 55 -52 53 -34 87 29 92 94 -58 -46 -83 52 96 -33 10 -76 -39 -2 66 57 -66 -18 1 83 -68 12 -62 -3 -7 -93 43 -20 -69 86 -2 -98 3 24 31 -5 -44 -28 -75 95 63 -52 38 85 -61 24 -40 56 1 -34 -97 -33 43 1 53 -12 37 28 -9 -49 36 -19 -81 -81 -22 55 -49 25 97 54 -57 44 -86 86 -29 -70 75 73 74 -85 42 95 -26 -67 10 51 39 86 71 -28 -29 72 83 7 -82 9 -57 -36 88 -28 43 -67 67 -30 63 -99 -42 41 54 69 71 23 -8 -72 -92 -70 83 42 81 -36 -80 -32 -11 93 58 -29 12 23 -26 24 
61 -52 84 -27 -22 -60 74 68 -72 -66 -34 34 54 -36 2 -18 -21 38 58 19 82 85 -52 10 95 -39 92 -25 63 -57 27 1 -65 -68 55 98 -3 20 -76 98 -78 -16 -82 17 -91 -18 -35 73 -27 -68 13 56 -13 -86 -62 -78 -76 11 65 -51 -21 12 -64 -38 83 29 73 -69 27 68 -4 -70 27 28 93 30 -35 -78 -12 -17 -11 15 33 -77 -13 38 85 -45 82 -16 68 -81 44 -61 -53 -4 -72 73 63 -78 15 75 -39 -6 -22 -96 91 -86 -68 -47 59 -19 38 -45 20 83 -13 -86 -72 -76 27 -57 -61 75 60 25 -14 26 -63 -35 -99 17 23 24 -39 21 85 -95 53 6 99 -90 -23 -92 -90 13 20 99 -62 -77 18 73 61 17 -75 -97 5 -98 -74 5 89 -4 69 -73 -43 95 -42 -30 40 -10 -63 6 1 -45 84 92 -92 -85 92 28 -99 -24 54 10 64 -4 21 -84 -32 63 -83 -21 12 -77 3 -13 -97 -66 -80 -39 48 -83 41 -25 85 -20 8 31 47 -86 -26 88 -14 -83 80 35 96 65 -29 56 -46 -67 -11 89 43 97 79 33 -9 -90 32 11 24 35 82 73 -89 7 -18 -18 -76 59 16 61 14 45 -47 -53 -68 76 -73 -34 12 -70 51 -23 98 1 87 61 0 -8 22 32 -69 -42 53 18 -50 52 -10 98 42 -2 -18 -41 -82 64 71 39 54 5 -11 -89 36 69 94 41 -57 43 29 -35 -48 78 -35 34 -90 -40 92 28 -80 -70 92 -39 89 -29 -86 22 11 0 52 -98 60 92 -65 -78 -32 -38 -82 46 -15 32 -12 -70 -17 -72 -50 -79 79 49 -49 81 -15 -19 30 48 -68 -51 -3 -15 51 77 -10 19 -5 -25 22 -73 -6 79 67 -14 79 33 -10 -92 -58 30 -57 -42 -56 24 60 53 89 75 24 -63 79 98 -97 15 -23 49 56 41 15 -49 55 15 -52 93 38 -52 -5 46 10 -55 -78 2 54 -91 -89 -49 -3 -21 19 -50 -94 -41 23 48 -92 37 -95 0 37 -23 -79 48 51 -96 -93 1 -1 49 -57 -68 32 51 -4 -8 11 -35 -25 18 16 -8 -55 -69 -81 -48 -35 -42 -94 -55 -4 -60 -69 -66 93 25 36 -59 60 -4 70 -28 -17 -56 56 -3 17 75 -49 -52 -95 -50 -13 55 79 79 55 40 -45 45 67 -79 -70 10 -54 47 92 -99 53 36 47 -64 -19 90 21 70 -40 -83 82 -74 23 40 50 63 -78 93 -52 -85 -83 -18 86 -70 -90 49 
89 82 -27 14 59 89 89 -70 16 -61 7 -54 6 23 -34 -27 71 -57 -11 -78 74 72 -84 -7 -10 22 -12 -35 -33 21 96 -92 -22 -46 -19 29 -23 3 -57 -77 -38 -79 -29 -30 3 -85 -90 26 38 -8 25 -99 -48 -48 73 3 25 -19 28 -62 49 63 35 -98 73 20 18 -18 11 -83 -41 -54 -74 -75 -26 93 -13 -84 -25 95 19 -1 53 -85 -31 8 46 3 47 98 78 -55 32 59 16 2 -98 72 76 58 37 97 -37 24 -73 -9 -6 10 -20 63 20 -33 -37 86 4 64 60 73 32 -32 35 14 -7 -6 -7 74 4 6 -99 -34 -35 71 -88 14 58 17 -35 -44 93 -25 -18 -78 -13 53 -71 38 24 78 -63 46 -92 33 76 27 36 -12 -10 39 -87 75 20 -53 33 0 4 59 94 -60 19 50 8 -59 -93 50 94 62 25 -31 7 49 22 18 -39 -33 -26 -98 86 -7 56 78 -66 0 55 -4 -86 51 -73 88 -67 -91 -22 -31 -42 17 46 71 39 65 3 -78 54 96 56 12 -38 -36 -27 -5 -99 -29 12 45 73 0 50 86 -83 58 9 91 -85 -3 47 67 -96 17 5 71 -64 -34 -72 1 17 -29 87 -22 89 48 33 -4 -18 -88 47 -10 14 57 91 56 -36 86 87 -84 -6 -18 -57 -33 -42 -88 -30 64 -29 24 -90 -90 26 -14 77 -71 4 74 93 55 47 -32 71 25 -80 48 45 -63 59 -35 -84 71 70 -71 -43 -53 -26 35 -33 -73 15 -67 -28 11 -47 16 -98 74 44 57 -60 -16 23 -10 36 59 31 14 25 -43 82 -53 -43 66 -11 -65 -33 -48 -46 -50 7 -1 83 80 50 -2 -46 -36 79 20 30 44 -65 -8 -83 -11 7 62 5 -43 56 8 -72 -79 56 70 7 61 24 -11 -90 -81 -54 16 4 17 -73 27 -5 98 46 -34 56 41 21 17 -50 6 -37 0 -26 -92 76 -23 35 -1 -32 -84 -5 64 95 -72 67 -40 82 41 15 57 -38 -19 56 -84 78 -24 36 -46 -78 -6 85 -23 -7 -31 -50 64 -65 12 -78 -7 -39 96 -96 -6 59 32 67 60 -35 68 37 -57 -40 9 -5 6 -97 -25 88 47 -62 -17 -96 1 34 -71 -40 -20 62 -7 -12 76 82 37 25 -67 39 30 92 99 51 -44 -64 44 -90 53 16 -75 -45 86 16 83 81 -21 60 -60 67 96 41 -24 0 60 -24 51 -39 89 4 56 -62 -22 74 52 -86 19 -78 30 -25 -14 67 -79 
-82 -40 -99 53 -51 35 93 -48 -12 92 -21 66 69 -49 -25 -52 0 5 26 -96 -93 62 20 -73 -30 -25 84 62 98 8 48 -58 -78 -90 -33 -21 -24 -66 -50 22 3 -6 -98 -36 -29 -70 -45 94 -80 58 23 44 5 -70 -46 -44 16 -1 -6 67 71 -81 64 94 -59 44 -10 -25 48 -10 -8 -33 32 8 17 73 -84 61 -37 -20 18 -9 74 8 -57 27 40 2 27 -3 30 65 -5 42 -96 -82 -72 69 -48 -13 96 45 61 -36 40 74 81 32 30 66 -7 -76 -30 74 71 21 70 -9 63 -40 26 5 -77 -91 19 35 -33 43 -49 -49 -82 -9 30 70 -56 22 38 -75 -5 38 86 -66 50 -60 99 -94 -16 73 -11 -7 -54 -48 -53 -12 -56 76 -64 82 65 -63 54 -12 -36 -77 4 32 -95 -24 -49 88 4 -80 -34 -86 21 6 -91 -54 62 -16 11 -3 -38 -73 34 -28 -86 77 -14 30 -41 -47 63 5 -86 -51 86 93 88 92 13 90 -99 -67 -1 -18 70 -4 -56 -80 -33 -1 91 -36 -72 -67 -84 -20 -69 50 -12 55 83 16 -18 23 -66 63 58 80 -81 -1 -93 -82 89 -36 -38 49 -25 -56 -67 13 -27 62 -97 -82 -59 47 62 30 -96 27 7 -69 89 -59 59 61 72 26 12 13 99 21 27 86 -79 -71 74 16 -9 -19 -85 7 -99 14 26 10 -22 -93 58 -62 -42 7 87 90 40 39 -9 -67 -77 24 -46 -90 -53 -22 -52 -24 24 -95 69 -82 53 -64 -26 -52 50 -13 23 -78 25 47 -65 45 29 80 52 -35 76 -78 -14 -21 90 6 0 -18 -12 51 88 -38 -25 -69 -71 -85 43 -70 -91 -57 66 -53 35 -1 19 -35 97 -40 -1 -97 -97 -85 -47 -42 30 6 -72 -49 -84 -27 30 -80 -85 80 -37 -55 8 -35 -12 -82 29 93 72 86 -18 47 -94 -14 72 17 29 25 88 28 -32 82 -43 80 -69 -66 44 87 26 90 -64 -34 -81 44 -85 -45 61 11 -42 33 7 -37 -36 68 44 -67 89 79 24 -40 35 56 -30 56 -86 0 9 57 40 -76 8 -32 -22 46 58 91 95 -34 47 22 96 56 20 25 -9 -5 74 -10 31 -58 39 -18 -48 -52 15 73 -44 23 86 -12 -62 14 -44 -84 -24 13 72 -92 -83 -54 77 -76 27 -14 70 -43 -79 21 -88 -96 89 -6 4 -69 21 -89 42 18 -78 72 97 88 84 81 -8 -69 -88 -45 65 81 -15 -31 -36 51 -26 -91 3 -67 
-76 69 -45 50 -32 20 -3 7 -57 18 -67 77 27 -68 -77 -49 -59 48 53 36 -53 86 -44 -40 88 -96 -73 36 12 -93 -64 -40 83 -74 12 -31 -47 3 40 -93 -7 70 52 62 2 -86 54 -73 10 31 87 18 88 -45 -62 -80 -7 82 3 -62 -7 58 68 7 60 -28 -27 27 39 -15 39 -45 97 0 -94 13 -46 -6 65 67 -87 10 -75 92 -78 35 23 37 -87 -32 -27 -84 -54 -96 79 3 -37 -81 71 -45 3 -62 -93 41 23 65 16 69 36 13 8 50 -89 27 -62 38 13 -71 -36 12 -27 18 98 85 16 46 -6 -25 -57 73 20 45 65 98 -29 15 -15 -11 49 -68 -83 3 -54 -15 -19 -80 -87 -70 -93 -94 -72 -87 77 86 -82 -71 -74 83 -84 46 67 -63 79 87 95 31 38 22 -23 22 84 -6 -94 62 22 -60 -54 -12 -85 3 -7 26 -38 96 42 88 -16 24 -24 11 -39 35 48 76 54 98 -61 95 62 -93 -27 79 80 16 29 -51 58 82 73 -71 24 -78 41 -51 -8 90 -68 3 -7 -89 48 -46 56 -11 -91 -17 95 58 87 48 -59 72 58 69 7 -82 90 17 24 75 -56 -33 -70 -82 66 -6 21 -88 53 3 -9 90 -63 -38 11 -15 52 16 99 45 14 -26 50 -47 29 31 48 -16 -60 -47 -34 8 49 -76 -65 -87 63 12 68 9 95 -6 99 29 78 -47 46 -72 -3 -74 -24 -38 -32 -46 -83 -54 67 67 -1 -74 -61 -97 -56 -63 -71 83 88 59 73 48 94 -6 -75 74 -13 85 94 -29 -6 -47 -99 -4 -85 11 45 -68 7 8 58 7 -64 19 -38 74 96 74 35 -75 -80 76 -19 77 -56 41 -14 -61 -63 -16 -19 -76 32 -42 40 -30 48 89 -9 -86 2 -69 6 10 12 -31 -3 8 -90 3 -3 57 -98 39 -80 5 3 -49 -26 -54 -27 9 -84 46 -47 2 2 -13 57 55 58 -31 66 62 92 -32 60 -92 77 -96 -53 61 24 17 -14 -77 -67 -71 6 -43 90 -18 -63 76 -80 38 92 43 18 -17 -32 -1 82 -39 38 -17 77 28 -5 64 81 90 -15 -45 -93 73 73 63 -88 11 33 52 -79 -4 79 -70 -70 -6 1 -3 -33 -43 -48 37 -59 16 -31 34 -32 -59 71 -35 67 95 12 15 11 -45 75 -38 -9 79 -24 62 93 67 0 8 58 -62 -27 80 39 -98 61 51 -38 -74 -75 -10 -50 47 95 96 72 -92 96 -60 -48 52 -84 77 
21 -49 -60 -28 83 69 -92 46 1 89 -84 67 5 75 24 -50 -17 -60 -83 47 -80 87 -49 -91 -88 -23 -13 -83 -77 89 -3 34 -38 45 -92 -5 78 6 26 -55 29 -4 -49 98 14 -4 -15 -62 -46 -92 34 -93 90 -5 -66 81 -17 -50 -91 -31 27 48 -66 86 21 -28 -58 44 46 -57 -76 28 -72 -63 -56 76 60 -88 -35 -16 -61 5 -86 23 50 -31 83 -10 -7 69 -31 78 -49 42 24 -16 50 8 -79 -73 -1 -56 49 -78 62 -14 -26 63 53 1 -1 17 -86 5 -62 88 -31 1 -77 39 -38 -93 -50 -76 91 45 38 -30 83 23 62 11 62 -70 -6 8 42 12 -2 85 77 -29 -1 -1 99 76 98 17 60 80 -15 60 -42 -36 51 80 24 30 -35 53 -68 84 -64 95 72 89 -99 -94 55 15 53 -65 66 -12 92 -82 -35 -16 4 -44 -14 -8 81 -16 -42 2 -52 -48 38 30 1 68 -83 -80 -13 75 48 6 52 -78 -60 -11 -10 -39 -69 85 -48 56 87 21 7 15 -13 49 -28 -97 -80 50 -3 37 67 75 -39 -50 9 54 8 8 -14 -10 -52 -3 -92 -10 68 -55 -37 92 -7 62 95 76 5 -67 12 29 25 69 -83 -72 -34 -69 94 -10 -1 -75 24 -57 3 -90 58 -50 31 -99 19 -60 31 97 32 -37 -21 12 -75 -97 -23 8 62 -30 -41 -31 -71 52 -97 59 10 -71 20 51 24 -31 56 -34 88 55 23 98 -19 19 31 -75 -79 -17 -44 78 95 -20 45 -94 47 40 36 46 -14 38 -67 75 87 -90 -60 -51 46 -23 65 -14 76 -60 -4 -51 -56 -60 -98 26 56 -31 -91 -6 -32 53 12 -16 -76 3 65 42 96 28 -70 62 44 78 85 -1 47 -58 70 77 -66 -36 28 42 41 8 21 -99 49 -3 -93 57 -46 -72 93 -37 -39 19 66 62 -85 26 -22 -1 -89 -24 -68 15 23 -98 59 -91 20 20 80 64 -86 -72 -86 75 -49 7 -37 -73 -27 5 -17 -70 72 -88 72 40 72 -99 -26 26 -37 -58 -36 -30 -47 -45 -32 -87 6 60 -73 -70 -81 -3 -83 -94 -7 3 37 -41 -7 18 -12 -72 -45 29 -4 5 -83 47 -38 -20 -10 42 81 0 59 0 73 -51 -57 -98 85 50 -76 -88 -21 -90 -78 -18 -98 4 95 -41 27 -99 11 55 -37 14 -95 59 -69 -70 27 73 62 71 12 58 -63 -24 -74 22 -46 -70 45 27 -4 -31 -72 5 6 75 70 83 -34 -47 
29 63 -89 23 -60 -7 15 -99 -47 27 31 -21 61 -46 -70 -88 95 29 75 -29 -27 31 9 -74 48 -5 -51 17 90 -89 81 19 -27 -71 -11 -52 38 96 -37 20 29 91 -75 -52 33 -33 -34 -27 41 -7 74 7 -83 72 -61 -80 31 6 -62 33 -92 88 -68 -72 54 -83 -40 -65 64 85 -1 -27 93 -82 23 29 -65 -88 -87 -63 -3 -20 -15 30 -7 -39 -16 -80 72 83 -71 -41 -83 -7 -50 6 62 -40 -69 -41 -76 68 31 10 97 17 -43 39 -46 -4 -91 9 -26 -15 -77 64 -34 -95 90 -11 -53 73 22 -76 93 -68 -78 73 98 -83 -42 -42 -95 -50 -90 76 37 33 98 -42 -13 -44 44 -39 -35 0 -52 -39 46 41 -51 87 -60 15 66 88 -72 6 -29 -17 46 -23 -93 30 7 31 99 -53 90 -65 34 56 46 59 -48 -11 8 10 -68 -64 90 34 -3 71 -16 79 52 -92 19 -86 39 13 -36 -8 56 42 76 -58 -57 91 12 91 97 41 -78 -31 -55 55 -14 -68 94 31 65 11 17 93 -9 28 53 65 14 14 13 -61 26 74 -35 -52 69 42 62 -56 70 -1 98 -24 -16 8 -52 17 29 -55 67 54 -13 -35 70 66 -80 -42 19 -57 71 64 56 98 50 2 -62 72 -74 87 93 98 -22 15 61 22 47 -35 -98 -40 44 -45 93 40 -19 13 98 67 -94 24 -19 -52 -69 -51 81 61 37 -53 23 29 26 93 -50 47 29 -38 91 -28 40 89 86 -67 -79 67 30 -78 87 5 55 3 64 46 -86 54 -25 16 10 21 95 76 84 -1 67 7 24 44 -39 -11 34 -89 2 27 1 12 -9 -19 -56 57 57 -81 -92 -60 -42 -27 74 -71 -98 -57 -87 6 49 -45 -69 56 56 -94 55 37 93 -24 85 -46 -47 85 -46 -94 36 -77 51 -95 -45 -5 -34 -90 -72 14 -71 -64 -81 -65 4 2 -34 -57 48 40 -84 60 63 -59 -77 64 -12 -20 -42 36 -1 -49 -53 -81 -88 15 25 -63 -45 -28 -39 -23 24 0 15 60 45 -40 95 -73 -63 -51 76 71 10 93 -8 -72 25 31 -71 -20 4 -24 -72 55 32 -95 21 -91 13 84 -46 -69 54 12 90 -14 -58 -6 65 -6 -90 -55 -48 3 74 68 88 30 98 -90 22 76 48 -87 -38 81 -2 49 15 -60 21 -37 -12 7 -10 -44 27 -97 14 -86 -52 24 91 89 0 48 -90 62 -18 -96 -82 46 -93 19 -43 -84 12 9 72 88 
-81 53 -57 89 53 -1 15 -89 -51 -65 -71 -45 -73 26 -46 66 -76 -6 51 -92 86 4 73 -95 33 94 -98 37 88 46 1 91 -41 -64 83 -92 -14 -35 60 -13 27 -67 -41 53 -96 74 -87 -4 7 -42 -19 -8 -7 55 36 -92 27 53 67 93 -24 -70 5 90 9 -65 99 -44 -65 22 69 -77 80 13 -1 -29 20 -98 62 88 -21 53 -76 4 75 -94 22 -90 -36 -93 -84 -70 -22 -75 -12 78 -13 -3 -78 -63 30 87 -4 86 -28 83 16 34 67 38 -85 52 13 -8 54 -72 83 3 57 -74 95 -3 -78 -49 -95 -39 -70 78 -9 61 96 47 43 3 -57 74 76 52 59 -69 80 12 -13 26 -3 8 22 39 -50 -11 -16 -66 54 61 41 60 15 28 -42 10 97 65 48 46 63 -57 21 46 -51 87 -11 45 -59 11 14 -23 -68 73 25 49 -18 -98 -12 75 -16 98 -91 -75 81 46 -55 -47 29 72 -53 -9 88 -56 92 -75 -8 -47 12 57 -91 87 -58 32 61 15 72 93 2 -27 2 -80 9 -27 34 -96 -13 0 -88 19 -45 -53 -25 -99 96 -31 93 -7 -16 9 81 8 91 87 61 -47 11 59 -78 4 -53 -32 -30 -1 31 8 13 -80 -7 -67 86 15 88 10 -72 86 -20 -19 43 -34 17 12 -37 -96 41 -12 -55 57 -15 -37 72 -23 -6 -89 50 76 2 -74 49 -6 10 -47 -86 42 23 -19 80 -38 -59 67 -95 52 96 47 -35 -89 -45 94 -93 97 32 -58 -27 37 -94 88 -55 73 -87 40 25 -26 58 -36 51 98 64 -22 -14 30 28 50 53 90 73 62 13 26 -54 -91 11 -15 48 -57 83 39 18 -13 37 11 71 -67 -29 72 70 63 -34 78 -34 44 77 -39 71 -58 77 82 -89 0 -24 -59 -99 60 -1 62 -91 41 75 64 -15 -49 -80 -61 31 -22 -4 60 28 15 7 -29 -9 86 -66 50 -57 21 -19 -75 84 -65 2 -88 24 44 24 33 0 -89 35 -41 -32 56 3 -64 -76 -55 88 9 21 -89 67 -71 -84 8 11 26 98 95 -92 -57 49 1 -14 87 -37 80 -12 31 22 -49 -75 -3 -22 40 37 40 61 67 -19 83 -79 -98 -13 -1 -37 -25 49 -22 35 32 -49 27 -93 -3 99 49 77 -79 -65 86 54 26 -12 16 -63 -96 -75 -76 -67 -90 22 10 44 -62 -49 -7 2 80 -5 89 33 96 -51 -40 -65 -85 -2 -60 -24 -85 56 -11 -46 -72 81 -50 
79 43 -93 -48 74 -40 -32 80 -45 -35 24 -49 79 82 11 -90 81 17 87 89 -6 78 -56 61 43 68 -42 27 91 -23 -60 -41 -48 49 41 52 69 41 -75 80 -6 57 82 8 89 2 -61 13 19 49 28 59 -10 73 82 -49 -90 -75 -11 51 -49 26 43 -98 81 -21 -1 50 11 -30 76 -42 -50 -49 -49 61 -28 -15 -34 74 -8 -21 -18 6 71 -53 -96 -31 54 15 -89 -59 -73 -11 84 -68 40 -52 -4 64 -26 24 84 89 -11 -21 -4 -27 44 44 -43 -5 -68 -12 36 99 -96 75 -89 -24 -1 71 -99 -62 -6 -27 -96 98 45 0 58 44 -56 -55 93 19 -76 -63 1 30 3 -12 -8 -29 10 55 -41 -64 -72 32 -49 -6 -20 20 77 45 -93 84 85 81 -39 48 -38 34 19 5 -77 -21 79 16 -42 21 -6 83 94 29 -84 18 -2 73 -35 53 86 5 -55 50 -25 96 -68 23 93 55 96 61 -41 42 77 -64 -60 -31 94 -65 -59 91 73 -68 35 26 -20 47 -55 -31 -49 -98 56 89 88 13 72 89 47 20 4 -44 -58 -60 -84 38 44 67 -75 84 51 -56 34 87 6 59 -69 47 47 -92 5 -93 -69 -62 12 24 -17 88 -72 -19 77 34 40 83 30 -20 42 21 86 -76 70 -85 -53 88 3 14 10 57 -25 72 -56 -41 -4 -66 -68 -81 55 13 -84 -13 46 92 94 -46 37 -32 -57 7 -36 -48 21 92 -87 79 90 -58 -42 -93 76 45 -90 46 -62 26 -51 58 24 62 27 -43 83 80 76 40 -54 -69 -26 98 38 -90 -17 22 41 89 -62 -41 -98 9 87 -36 -20 -61 88 73 -55 60 -28 54 -8 51 -79 51 -4 -63 81 5 63 43 45 -3 -9 37 15 52 -77 -38 -26 33 -86 -11 -71 12 4 48 11 22 62 -57 -13 -79 -68 -40 -64 -77 11 54 3 -73 -81 -31 55 -54 -18 4 -11 -44 -50 -50 63 8 -25 42 -39 -91 80 -51 -10 -10 95 19 62 -43 -79 -5 87 -40 -68 -8 61 -23 -32 -22 24 -10 -88 -50 -23 -53 -11 -42 -72 -47 -91 -73 13 -62 51 75 -52 -29 98 28 77 21 79 92 -61 46 5 38 91 -44 -90 72 -19 -62 55 80 68 64 83 -46 -99 99 52 -3 56 15 -58 -72 90 -79 -30 -27 -7 -65 -92 -16 62 27 -9 11 -63 26 -43 -85 -95 27 0 -69 -41 -21 58 97 62 -24 57 -64 -55 -49 18 0 -34 -43 -77 -15 -20 16 
87 -5 -90 -21 31 59 57 46 32 31 -19 -77 -17 -39 95 55 49 81 37 5 -47 20 -60 -81 -4 49 3 -38 -53 -75 -45 12 10 49 -53 7 -90 57 -10 -29 43 -56 -54 -79 83 98 -65 -43 37 -72 -69 41 14 -74 -11 -79 34 29 -25 -90 13 48 -17 99 -20 65 -82 -88 -75 79 18 -18 69 36 15 79 -40 63 78 40 -15 -17 -7 -36 95 -78 -21 -13 -60 22 5 75 -63 -57 7 16 82 24 46 -11 22 -74 -96 -40 -25 23 79 19 53 -92 78 25 33 -3 -46 18 96 9 -54 -21 30 -95 -43 -40 45 -78 47 -69 46 -98 -33 31 -77 -8 23 80 -66 78 -19 55 47 9 27 59 98 -25 89 -54 98 47 -62 -80 4 -49 -90 -40 47 -36 72 -27 -19 -61 -3 61 63 8 -38 80 33 42 34 -66 4 9 32 -77 -51 -78 -47 48 90 94 -51 61 -62 -35 -45 -31 96 -24 63 -97 -25 -29 -71 -72 59 27 -78 -7 7 80 39 30 36 15 14 23 61 36 -87 -76 -87 -60 -82 18 -46 78 -3 -23 -9 -75 11 40 29 26 -30 44 -30 34 -87 80 99 25 70 80 -37 58 38 -4 93 -17 15 67 -86 -37 -69 -32 21 18 17 68 -24 -88 55 71 -11 2 6 -13 -31 77 96 -32 -64 99 -47 -16 -12 36 48 -27 80 85 -15 68 89 77 18 -83 86 -24 77 24 -56 28 -53 44 14 -14 -65 -39 74 -1 41 -88 54 -5 -81 2 90 40 3 -15 -29 -69 93 -52 -49 -9 91 33 77 -62 -14 -12 29 33 48 33 -89 63 69 -67 86 -95 65 -7 -31 -72 -49 -38 96 -42 71 -47 93 35 -42 86 -17 -60 -60 -85 32 -48 30 65 -51 10 3 11 -72 -18 -69 32 -85 95 -37 -75 45 -23 -92 -84 78 -59 -97 -35 21 45 -57 -38 -79 88 97 -9 -95 -3 43 -9 -68 42 67 45 96 20 -77 -48 49 2 10 49 21 86 62 12 21 -66 24 71 -26 69 88 -51 -57 68 -85 -18 24 46 69 -71 -16 73 -92 99 -41 48 -6 -53 24 -14 93 -62 19 60 99 -35 88 -54 -23 -53 84 -55 -84 -19 75 36 16 42 -32 70 32 6 26 -23 70 -99 -97 2 -96 -33 23 67 -85 -11 -61 -33 -84 -19 89 48 -18 -98 -5 -30 27 -41 -10 11 41 18 25 33 -61 -87 -42 87 -17 3 95 80 -39 -7 -60 -69 50 99 59 2 -45 -35 80 42 3 -61 -67 -26 -32 9 
67 -57 -22 54 64 97 1 -35 -9 5 81 57 84 -56 -50 99 -21 -74 94 -70 -30 -41 6 -84 94 -11 -48 -42 96 -82 97 -44 73 -23 -44 -76 -1 20 -83 -21 -18 -11 -46 78 61 46 3 58 -6 -74 -17 -36 -89 92 71 -71 -53 82 20 84 -62 -48 -80 -81 -52 -79 51 -38 -76 86 -8 -3 -97 96 -73 42 64 -91 -2 3 84 -61 67 -78 30 54 31 -5 30 -90 10 11 -50 95 -49 45 80 44 -45 -67 -89 45 -50 91 -33 46 78 20 45 -23 25 -35 -75 98 -26 -53 -76 89 -89 -64 49 53 -63 -9 -60 91 -77 -85 35 -53 35 31 78 -90 -13 -34 -96 87 -36 47 66 96 -14 1 -93 -65 14 -51 32 41 17 -68 -44 -39 29 -27 -40 18 -24 65 -39 90 73 79 -75 84 -83 81 87 63 -50 54 -96 -28 -4 -66 -1 -91 -92 -2 -90 82 1 65 14 74 -5 68 -89 -56 -66 68 48 0 -4 -69 -73 -91 96 -67 -61 81 16 -67 -21 -27 49 14 82 -58 54 -70 90 -87 -72 -91 0 -36 86 85 69 2 -39 -79 -65 -72 77 -2 -61 44 97 -24 -11 -90 -42 71 91 -71 -46 -12 18 85 -68 70 85 95 6 65 -65 64 -30 59 24 -11 38 51 38 57 -65 60 -69 22 34 96 -50 -20 -89 22 -42 1 -6 97 -87 54 -32 47 53 -9 -75 -31 -47 -62 56 -76 14 28 90 -84 21 34 0 -10 50 -35 -97 74 47 -79 -40 32 66 13 68 14 -14 -43 64 -20 63 -48 -79 -51 -96 76 35 39 -14 42 -76 68 57 -35 -83 22 -43 -75 -23 -13 82 87 -64 -23 25 49 89 -93 99 99 -59 19 -99 65 38 -38 11 -98 77 -69 -64 79 20 -43 36 19 73 -45 90 19 78 6 -94 -33 -51 95 17 -9 -88 -98 35 -17 -77 10 -73 76 72 61 -50 -37 32 18 -98 -80 11 -8 91 98 74 -51 2 -42 39 0 12 40 52 54 72 -84 72 -38 -54 -94 19 29 81 -5 -38 -67 -99 -59 -39 -50 -93 70 70 14 -66 -37 -1 60 23 -84 -95 66 9 51 -17 -47 65 94 -80 6 -97 93 53 -19 21 -41 -8 85 -36 44 -64 -62 78 -31 54 93 -76 -30 -58 -90 -4 -72 64 -68 16 -61 18 -18 -80 -3 -51 -15 85 -32 57 63 -23 -97 -8 61 15 77 46 88 64 49 -37 -7 65 74 75 -58 -54 93 -8 86 -1 -25 51 97 2 -46 -69 13 -11 -53 75 -92 
-38 -44 8 31 -90 -93 55 -60 21 74 -59 -23 -58 91 51 36 -61 -92 -99 -86 -96 -44 -77 83 57 93 -14 99 20 46 -99 37 33 -22 26 -6 -52 -4 -57 56 -50 -66 15 0 49 33 -64 -34 90 -73 86 95 -13 9 -52 22 14 -63 -19 80 97 73 4 74 95 90 -85 -86 -56 69 -35 34 -98 -17 90 -85 62 -27 70 -68 26 38 57 8 20 58 -74 20 -90 70 -9 91 52 -97 1 68 -34 13 89 46 91 -17 -75 30 36 -96 17 -63 36 49 79 -34 21 56 67 57 -49 -43 -69 -48 93 7 41 -38 95 1 -11 99 -94 55 -24 12 -39 -14 38 -36 27 43 58 -88 71 -6 -2 61 57 -74 -18 78 -26 -49 -15 49 -37 -74 33 83 17 -35 75 9 22 -70 14 -4 -27 -76 66 50 -71 9 -45 -88 -87 68 -59 -23 34 55 13 68 -69 85 55 -87 -38 -68 -51 78 52 -11 -18 1 3 72 -79 7 -11 -92 51 70 -29 -62 -70 38 87 63 -98 28 95 -21 -80 -79 42 1 -9 98 -24 -74 -17 -3 15 61 -28 -92 49 -14 93 23 -13 -27 43 -38 32 -36 -50 27 30 -99 85 -34 -38 31 4 -42 -93 67 49 -70 74 73 8 53 -98 -33 -71 60 5 -34 9 -87 -79 88 -89 30 -96 -51 -7 35 27 94 -88 32 71 70 49 -1 -31 47 -97 91 36 2 44 21 -50 19 9 17 28 -28 -42 42 59 82 -3 72 87 84 54 -77 74 -42 79 -99 35 23 50 90 -13 -96 -31 97 -45 0 -10 -93 -86 -72 49 31 -76 -40 39 6 -83 -19 -74 51 -1 25 70 -27 12 -3 31 -60 49 8 82 43 97 -9 78 22 34 20 21 9 -76 -67 34 -13 -59 11 -98 31 51 71 1 90 -99 -47 -9 -31 -71 -16 23 81 18 7 98 -37 82 -3 -59 -27 -8 -57 -4 60 23 -66 25 -3 42 9 5 -30 -64 -95 4 11 -35 -19 46 55 26 82 57 -47 94 64 -1 -83 38 69 76 82 -9 45 -82 -49 -31 -37 32 69 34 -38 88 -94 -45 92 64 60 -56 -49 78 6 -53 -76 15 10 75 21 95 3 -29 84 20 49 -25 -66 0 3 97 -20 -59 40 39 73 -96 -50 72 46 -78 -17 -96 -33 -57 22 -80 -3 -9 71 5 -86 44 15 -66 -82 -80 -67 -69 -57 -62 33 -10 72 51 -87 89 79 -53 -23 97 -99 61 89 89 -72 -28 4 13 -11 24 -14 38 40 -15 42 
93 -97 67 20 26 -62 -30 22 72 59 -55 -19 -68 -91 -5 91 86 -76 -82 -86 57 62 -20 11 13 -83 -34 31 -89 29 64 3 -5 -28 35 30 75 -88 -48 -87 87 88 10 -30 87 21 -95 27 7 -20 -66 87 76 64 -75 -65 80 -76 80 45 -64 -29 -87 44 -37 -13 6 -24 70 -79 -54 74 18 -32 -14 -32 64 6 10 77 5 -7 -98 -59 -3 -48 45 28 90 19 47 -36 75 18 36 -57 -34 3 -21 33 -84 83 30 -90 96 38 88 91 -56 -21 59 -32 75 -50 90 -37 -87 -56 58 -95 -35 -61 -46 -46 67 54 -42 38 -46 6 -38 76 94 -19 94 -86 67 33 -51 -48 -79 -79 10 -15 55 -96 -19 9 30 -17 93 75 70 16 35 -61 97 -45 74 32 -11 46 -23 5 -62 -76 -90 79 -80 -50 6 -73 -29 -58 37 -88 -36 98 -62 93 -64 13 25 -51 20 -21 73 12 -69 62 -1 -12 44 32 -74 -52 -45 18 -77 -39 89 -18 -18 85 -86 12 -9 28 -69 -90 -68 -72 -5 -28 -57 27 5 86 -4 -44 42 -87 89 65 74 4 54 0 -32 -36 -4 -56 58 -81 -56 -5 83 -99 2 41 -1 43 18 -80 85 -76 13 -25 -2 56 8 54 -44 38 -83 55 11 65 22 82 42 62 1 -93 -46 -56 -96 51 57 -98 81 87 -10 -68 60 39 -2 -2 -51 21 -53 73 63 83 -93 -35 62 -91 -34 -20 -32 80 26 -62 -43 24 14 -28 20 79 62 -22 50 0 -27 71 -61 18 -99 -12 10 -45 -84 -85 58 -84 -25 -47 -12 5 97 -91 -24 -27 12 14 97 36 -7 -88 -71 -66 -33 15 11 -24 -72 -45 9 -47 78 80 -67 -71 -53 22 -31 -79 87 -80 35 89 74 10 10 -96 69 -24 -1 -24 22 -63 15 97 89 -34 -57 -95 -52 -64 -25 98 -11 -76 -64 -75 -73 -35 54 96 84 47 25 1 79 -32 45 -22 51 -95 52 -93 12 -52 7 16 -76 -92 -92 39 38 31 85 75 74 -34 47 -46 56 -23 47 69 -16 -84 57 -60 -57 63 71 -69 54 -56 59 -80 52 -91 -19 -34 12 52 -24 65 50 -77 2 1 21 -20 44 -9 -18 85 31 -36 -17 96 42 71 69 42 88 56 86 33 -98 71 77 -20 23 51 8 4 -33 -40 80 -50 65 86 27 69 -19 -96 -71 49 -35 -3 58 27 -28 -78 -86 -89 -23 18 69 -26 6 -87 70 -84 33 -62 11 30 -89 -3 71 -16 27 -29 
4 68 56 -9 -33 20 22 -48 -99 -60 50 47 42 4 30 -31 37 97 81 -46 -74 1 58 -79 -99 -72 -15 -52 -52 27 55 -8 -91 7 85 -19 81 -51 -13 -28 43 -71 92 -34 -2 -13 18 -39 -62 -2 45 6 47 -15 88 61 67 -43 -22 78 74 7 59 -18 76 -25 92 -36 -34 -19 -74 29 69 19 -72 25 -25 54 -72 73 -38 -69 96 40 89 -58 -4 -89 -50 -30 23 18 0 51 97 69 24 -72 -17 58 32 -77 47 -74 69 -39 -4 1 -60 62 -46 -51 14 15 -86 -9 -49 78 -4 -78 96 86 71 25 51 -55 -27 11 -21 -53 7 80 65 -21 -91 -39 52 38 -46 34 -22 63 -93 -5 47 -36 -14 87 -93 -5 -14 -28 -97 85 -53 -15 66 7 -33 -6 14 -87 27 8 34 -52 12 -5 68 -4 64 91 -51 -94 74 -22 -10 23 -52 -11 15 89 6 -30 10 78 21 15 -4 83 -24 34 -83 98 -80 -86 83 91 5 -83 -52 40 7 -94 -39 -98 92 27 84 -36 -16 -83 -22 -45 -88 -13 -26 34 -53 -73 37 -51 -28 42 -16 -23 -28 34 -62 67 -52 -87 -97 -91 -59 34 -32 -45 5 -30 86 -46 86 -12 10 -86 -98 -10 -75 55 55 28 34 40 9 92 -38 -53 18 -99 -29 -3 -86 -69 -12 64 -32 1 35 -97 7 -4 -70 93 63 -52 -94 -49 56 41 -23 37 88 57 8 -6 19 88 40 -62 -95 8 -3 -72 -12 -53 -95 -28 -61 25 8 -89 -29 -13 -73 8 -67 41 -96 -87 66 99 88 74 -63 46 -39 -95 14 -37 -78 7 23 -54 -53 39 -65 34 -65 85 -19 85 44 5 -87 58 37 -79 59 71 -42 -91 -97 18 -72 -79 -33 56 6 -69 -49 -57 87 9 45 -65 -71 -94 -2 96 6 -74 -97 60 -54 10 -5 87 -67 49 89 72 -69 -21 15 81 -53 60 -40 -20 -97 28 67 86 66 -7 -11 23 30 -36 -99 -2 -45 9 -9 55 96 -55 -3 -24 64 9 78 41 2 -42 0 68 -27 -27 43 4 -77 -54 9 -52 -34 72 -51 -46 51 45 45 98 68 -21 12 4 58 89 -29 -70 -71 10 28 -64 -6 75 -67 54 15 1 -44 77 51 96 -26 -26 71 88 35 -98 39 -86 45 -78 -56 76 12 -61 -95 -76 -14 -25 66 -75 22 -54 -24 26 33 77 60 -49 -18 -86 -80 -44 -32 45 -17 77 -99 2 18 -7 -71 18 92 -62 -20 -14 88 52 55 -94 -65 23 86 -46 
-72 30 67 -63 -58 89 85 52 3 -4 11 67 8 8 15 20 59 -97 -65 -95 2 -6 -12 -98 43 12 -61 78 34 -99 -71 73 -55 -92 15 -5 70 14 -24 -2 -43 -50 69 -88 -92 -93 -76 18 -54 -75 -18 57 -59 8 -15 69 -87 -66 -59 -56 -23 -47 -65 -87 -99 3 70 -23 -27 -84 -23 17 82 80 53 -58 83 66 -81 -48 -92 72 -65 50 -43 -64 -1 38 -43 -54 -88 47 88 34 35 -21 -20 -4 -34 38 -48 50 -44 5 -72 45 -47 -45 -17 41 -29 7 -46 -47 4 83 77 65 4 50 9 -96 -16 -99 74 -3 -90 3 -52 -44 -11 27 91 68 -72 -48 17 -98 -93 41 35 -85 -70 66 5 -31 13 56 -25 10 -77 -20 21 60 98 40 86 90 -86 17 81 -46 -32 -42 51 -49 50 -53 58 96 62 52 47 30 61 41 -39 54 62 30 -32 48 -48 -7 -79 -2 11 -31 -81 -43 16 -55 -95 -82 -57 5 9 72 -36 -30 -65 12 -85 -61 -63 -68 -28 70 -32 70 68 -40 -46 55 -95 22 -52 -40 87 16 -50 35 65 76 -81 -92 35 39 51 -60 -79 -30 43 -44 37 -55 -62 22 84 -75 84 8 90 98 -57 98 6 27 -10 -79 45 75 65 95 -10 -72 -61 -86 -87 26 -90 -15 -16 -14 94 99 84 12 -6 34 31 68 -51 53 67 59 -76 -21 92 -70 -86 -86 6 68 68 -98 -4 -88 92 -79 -13 31 30 -93 97 -45 42 76 -79 44 96 98 -7 -4 -22 -75 19 88 66 -44 13 -51 29 -93 -22 79 -63 80 -97 -61 86 41 -51 -56 -93 -71 82 -23 -43 -17 90 37 14 5 27 30 99 -3 -90 -9 -83 -45 96 -68 27 -75 -22 21 32 -13 8 12 6 -81 -29 -46 -61 -58 -91 -18 15 -23 85 23 -38 -58 74 -74 -42 -85 -83 2 -64 28 17 88 46 -74 -97 39 23 -25 25 -34 -17 59 -98 74 45 95 -45 -8 -85 14 9 56 67 -41 82 -3 39 -21 -37 -12 96 24 -4 57 -66 61 -5 -98 -37 -76 -59 64 -6 -36 4 -45 -11 70 -51 62 -76 44 -24 91 39 -98 15 -12 77 -43 -18 40 -51 -12 65 -91 52 14 -90 80 -54 -88 -40 0 62 64 20 -64 43 -58 30 -56 -38 80 -87 45 -38 78 -84 4 -81 10 -9 83 27 -40 -62 72 76 61 47 3 49 77 30 92 -9 -81 -29 -13 63 -85 81 12 59 65 96 -7 -31 59 38 -16 54 -37 -51 2 
38 -90 -64 -59 -9 -57 22 62 61 90 -20 92 94 -51 21 -89 -53 -76 2 -55 91 -65 78 45 -31 77 -17 -41 90 34 95 -21 6 2 65 -62 97 -74 -72 81 -50 -53 -20 -85 65 -25 84 -65 -92 -34 -97 -23 -84 90 25 -64 -78 -38 -38 -10 8 -25 83 89 -1 -1 74 -86 -60 11 -65 -88 59 -92 85 -32 -87 -57 20 -82 -63 -34 -96 -91 98 63 46 33 -37 72 -65 32 -28 63 -23 -25 -67 -75 59 83 -91 -74 -40 32 -16 -36 95 88 87 -4 -35 14 -62 -87 6 -31 -13 42 1 63 7 -39 73 -59 -77 40 -81 37 97 -69 -74 90 -93 -73 68 86 95 31 -48 79 -46 5 2 -58 61 -75 26 16 -25 -49 24 -82 14 45 28 -71 -83 43 -67 -93 35 -98 -3 -59 18 64 69 79 76 93 11 -32 -10 -25 27 43 -32 -85 -10 -64 -99 -94 -67 -17 -72 -62 62 41 -16 70 -13 44 -69 46 -63 1 37 55 -16 -87 58 59 45 15 -14 99 81 97 -33 -9 -65 -87 -85 -48 -46 -58 63 -22 49 -46 74 49 -69 73 -53 39 91 -62 -62 76 47 49 -50 34 -99 41 -90 -27 20 40 -54 -6 47 -42 82 -1 62 -28 56 -94 13 32 -22 -93 22 46 28 84 85 -23 -59 -99 -94 49 39 -11 -28 31 -89 -81 -90 -28 -97 22 57 -87 -22 -48 -23 -52 -82 -80 52 78 66 94 -63 -23 -35 -86 -44 -93 44 32 85 35 -7 86 -1 64 48 53 28 -45 84 -92 -26 -85 26 44 97 38 -98 82 80 -83 22 62 -42 43 -10 -14 85 -53 94 -33 -9 23 -74 20 2 49 29 -42 67 -52 49 -59 22 -71 92 -95 -32 -89 -86 -81 -43 74 41 -77 51 -81 -14 28 -65 76 -19 67 41 -5 -4 80 12 -76 6 -58 -66 71 -67 -54 34 18 91 -41 -53 -8 34 15 -47 -32 34 -18 -73 37 12 -41 46 -93 41 88 -68 92 7 18 72 57 44 -89 7 -57 -80 6 -74 73 50 94 -64 73 -74 23 18 -20 -46 -55 39 64 42 -41 40 76 -75 -15 -94 88 -53 48 41 -24 53 33 19 -59 -95 -66 22 83 40 62 -16 -91 -40 -13 -17 -12 0 -89 -6 27 93 74 82 -79 -8 37 19 -17 -92 48 -13 -24 -9 -59 -89 -59 -36 72 -70 -5 45 10 -46 79 25 15 22 -99 19 -94 69 48 -36 -54 19 -62 -82 -77 -61 74 -98 -44 -74 -90 -9 -10 35 -19 82 93 67 56 
30 76 -16 64 53 78 58 51 -95 24 93 81 97 -58 39 -14 -44 -86 11 -46 -84 -24 84 61 -30 6 27 60 -39 65 -3 72 71 1 30 -96 87 11 -43 -59 59 17 -27 -27 48 95 15 -44 72 14 63 -22 -17 36 35 77 88 6 65 -58 77 -83 30 -50 89 52 56 1 -48 -26 66 28 67 -31 25 67 -45 -32 95 98 77 88 -1 -68 -80 -68 33 -32 84 69 7 17 -41 40 -44 20 -12 -43 -26 -12 -84 58 10 72 91 23 50 -62 -5 -17 -91 28 30 -69 71 93 -84 -13 75 -30 -54 75 -75 -25 40 91 -91 -88 -87 -24 -92 -6 -38 20 27 -75 72 -78 -11 -80 -3 26 95 54 99 -69 -58 -92 76 -16 -94 -49 37 26 -32 63 73 -11 36 -51 -77 28 -74 -90 -16 7 -98 67 -1 67 -66 -23 33 46 44 -83 -31 74 -46 45 86 -27 14 -59 33 -74 30 96 50 -22 -36 21 -9 -33 -21 53 -11 33 95 10 -94 -6 51 -95 -45 56 86 50 -34 77 -70 -58 -57 -4 -96 65 60 -96 -43 48 16 34 -68 41 69 36 -39 -91 97 39 18 95 3 -37 57 -75 61 61 -99 -14 -1 -84 -96 59 86 -40 89 78 -48 18 66 58 -10 -69 -75 90 86 78 -87 -12 -59 28 24 91 85 97 12 90 93 -67 46 -49 -47 96 -12 -41 -60 -33 33 98 -9 -6 92 25 -96 -33 6 -57 86 65 -46 -37 63 68 -52 -3 -79 -81 54 15 42 67 25 66 -38 -76 -23 -38 37 -86 -59 -61 -29 -51 47 -55 -62 41 -13 -65 91 -36 83 -60 -12 87 -98 -93 -71 10 -63 77 10 61 88 -48 5 26 9 -47 -42 -38 96 -93 64 62 -44 -90 -16 -21 21 99 -30 70 -21 -18 85 11 11 -56 -28 81 90 -50 -57 -28 95 -13 -29 -99 33 45 -72 66 2 -58 91 -89 -9 39 -23 -67 13 99 -33 -57 -67 51 -95 -40 -53 -7 89 42 -41 67 -98 -16 -77 49 -2 -32 81 -18 19 46 98 77 48 67 -1 -48 -97 -10 7 -41 44 2 -87 72 39 -83 -5 39 -94 -6 -1 -39 58 -52 -76 -23 2 49 -69 -65 15 -17 -21 -23 -86 -34 45 93 54 30 -2 -2 -61 1 -98 -67 63 -73 49 90 86 -94 -55 -73 -34 40 -69 40 -57 -41 33 -95 80 85 -89 -1 45 38 4 -61 42 61 -9 -32 -96 16 -39 -54 62 32 -46 -77 -57 69 -54 18 -44 36 56 2 -37 -93 -8 56 
-45 94 42 65 -23 -25 28 -10 -15 -44 70 44 34 -10 97 -75 -31 71 28 3 35 -88 -39 -76 68 -29 23 -78 -84 -33 -46 47 30 79 1 -7 89 67 20 -16 -83 -86 1 -95 8 -5 -1 -23 94 -58 73 98 -32 -82 -35 88 -70 -56 -95 23 33 -58 -55 35 70 -31 95 29 12 66 23 81 -18 66 -39 51 80 98 30 -28 -71 73 37 2 -76 -29 8 -9 6 49 -86 -43 -6 30 -64 -63 24 24 -24 -84 17 -15 30 -59 -93 -61 3 17 85 28 -31 8 74 26 76 71 66 16 88 -62 12 44 14 -62 -78 25 -22 98 -50 36 -91 23 23 34 -87 -16 -73 -80 -4 31 37 44 6 81 -19 84 -36 92 3 61 84 -2 -24 16 -21 -58 53 50 3 31 -48 -12 -95 20 -4 84 19 -7 60 -6 88 19 -5 67 11 -52 -57 -66 82 -53 -78 43 84 -65 -31 -21 -3 42 -61 25 85 5 -84 -71 53 68 12 6 -21 48 -99 73 -26 66 -68 -53 1 -4 -34 -82 -38 -53 57 27 57 -57 -23 77 66 73 39 -69 46 -11 37 -99 -9 -38 61 -72 -98 58 24 -64 89 23 -69 -2 68 -26 37 -86 78 30 87 76 -83 -86 95 -79 66 99 62 12 55 46 91 -55 33 54 46 -24 -93 -40 51 17 87 -32 57 -72 55 59 -11 -76 52 -31 -60 -86 58 -36 71 -25 21 -51 93 -92 26 -63 -99 29 -93 63 48 -58 61 -80 47 87 99 9 86 -26 -52 -6 -35 15 -15 26 -84 -72 -46 41 92 42 -99 74 66 -13 82 -17 -67 -15 84 1 61 7 -88 68 -8 -25 67 16 40 -29 78 79 -44 -18 55 97 34 -34 22 -9 -8 48 22 -36 -39 83 -36 1 -33 38 54 -89 -74 -45 14 95 -90 -93 81 23 -13 14 -8 50 64 18 -10 -28 24 8 28 18 -13 -15 -21 -4 64 -44 -44 -94 29 79 -21 64 60 -40 75 -9 -61 -96 -24 -41 -92 -70 44 0 -26 -23 58 70 -7 -39 81 27 69 38 -86 -18 49 28 -46 -27 58 59 -95 94 -4 -72 77 -97 -6 49 64 -86 94 5 7 -80 76 -92 80 41 -36 -71 -27 79 13 -10 46 93 32 -80 1 41 37 60 -46 -67 43 27 -50 -54 -29 92 74 8 -46 -9 61 28 80 -10 16 94 -64 76 -30 5 35 -48 10 0 -28 -22 86 45 -4 25 -71 69 -41 -43 -99 60 13 -26 77 58 -65 99 2 -90 -61 -2 -24 -63 
88 99 -45 -8 -66 30 49 -2 -55 -52 76 81 11 93 45 -40 12 6 16 -50 38 -33 -40 -89 -63 6 -30 -91 -17 -31 -53 39 -86 23 20 61 19 -71 22 15 3 -31 52 10 4 0 -3 23 51 0 65 83 14 70 16 -28 36 -82 -81 -69 -9 3 -68 31 15 67 5 -10 -86 -54 66 72 -85 43 -93 -13 9 -55 91 36 -30 23 92 87 19 82 25 -53 20 97 79 -85 -79 -3 73 43 44 47 30 60 19 -90 63 -44 22 -96 10 61 -95 -15 47 76 41 -45 -43 89 45 -71 -91 -98 57 11 31 92 -93 -93 1 -36 95 -91 -40 42 -82 43 -91 -53 50 76 16 -85 18 -21 62 -19 -82 72 61 -23 -70 65 68 -3 28 48 31 -76 -68 88 83 -88 -20 -74 -64 4 34 34 43 20 -97 -48 -81 -10 -12 43 -51 85 -36 47 90 -1 21 73 52 25 -74 66 -51 -31 24 23 37 -96 16 -98 -84 47 42 98 -77 -17 62 -84 -71 91 -37 -39 -70 19 -75 16 5 -32 -16 -64 18 -59 -79 -19 -68 -54 -76 -8 61 -16 39 35 68 28 60 -88 11 3 57 82 68 -11 8 -92 -26 -28 -78 -26 -17 -7 -76 -39 6 -76 -99 -96 -56 4 83 -65 30 91 -72 57 -25 -27 -14 -51 54 -54 -71 98 -28 11 99 -76 -70 -98 -9 -86 8 77 -70 53 68 -10 -74 -55 90 -12 2 57 96 -4 7 89 94 -2 29 80 10 -96 95 -66 84 51 56 43 58 -76 -51 -40 83 -76 -1 -85 -64 -22 42 -57 26 -94 -43 -42 30 97 -84 -80 36 -79 -21 -96 -18 65 -42 -41 1 -36 81 98 -34 51 -79 95 85 58 -87 -26 17 -40 70 -4 82 -73 -61 99 9 89 3 64 15 -83 -62 14 -46 -17 94 73 -8 -32 20 49 6 61 14 35 -25 41 28 -8 1 -99 -54 68 -62 50 -16 73 92 -39 64 -32 65 -9 53 69 -15 -29 -6 35 8 43 -33 -15 -57 25 -86 -45 -79 -8 83 -11 -75 62 48 52 -51 -95 -92 0 86 -1 -56 5 95 48 -15 55 -48 -28 -70 4 -53 -67 -75 57 88 -91 85 93 -25 -4 -6 49 99 5 3 -98 -48 -53 -30 -3 -61 -15 -72 13 29 -48 -28 -48 8 -41 82 -70 -81 8 -55 -52 -35 -90 -27 19 -2 31 54 -79 53 -21 83 33 63 64 79 -25 -52 64 82 -44 -64 -70 -33 -59 53 0 79 29 -23 70 56 -67 42 52 -67 96 -68 -93 
-58 -55 -74 70 8 60 77 38 -12 43 22 77 -11 -2 -38 37 -99 -6 65 60 -4 -87 -9 84 -63 18 -64 -7 99 -49 -68 -73 -25 -6 66 -12 -60 -7 2 15 28 -28 16 91 5 95 -65 93 16 14 -98 -68 -47 52 -94 -91 -93 7 -61 15 -11 4 97 -43 53 68 40 -56 21 99 -11 -33 44 -4 64 -59 1 68 -38 14 -63 33 -99 -29 -18 -81 14 31 -67 -36 91 31 -37 76 73 28 -76 -35 92 38 -25 -18 71 98 60 8 44 18 -39 67 -39 75 -70 80 10 95 94 -24 -43 -96 30 -53 48 51 25 -21 52 64 -23 11 9 71 -97 -29 -39 -92 -54 -31 -17 14 -19 -97 62 -16 -90 46 59 -79 -51 84 50 7 -10 -52 -62 -21 30 57 38 20 -83 -8 -74 -60 83 56 -19 57 14 30 -15 -84 -63 49 -56 7 -95 15 -44 22 -20 35 23 -16 -16 17 -93 81 9 -18 -85 12 25 27 -9 -98 -21 26 2 -95 -37 -55 -32 -63 82 44 -37 -21 53 -63 21 6 72 13 20 -28 30 -63 43 -76 -95 88 -24 53 -99 30 31 -25 92 -67 38 -98 -69 -78 -72 -12 51 20 20 25 6 90 53 -26 87 -66 62 7 57 -51 52 29 -92 -92 65 -81 -18 -89 -49 12 -90 21 53 -69 36 38 5 12 56 38 97 -31 -4 -52 64 57 65 -26 -83 19 -25 -38 -20 -46 -13 31 -29 12 -43 -28 2 -43 28 65 19 -28 -20 -36 24 -25 22 24 -11 -70 -35 -19 13 82 -41 -25 -35 33 -61 9 88 -52 -42 -17 91 -32 26 -83 49 -82 23 38 -77 31 -95 -35 83 77 -79 29 99 -12 -30 -81 69 -95 -30 -96 -68 -28 82 56 -15 25 14 -53 38 -19 34 -27 34 -36 -16 40 95 13 69 38 -37 14 35 -29 48 54 45 92 16 76 73 -7 -43 53 51 62 87 27 -72 -96 38 10 -61 35 -85 -3 44 -33 84 -85 42 -25 -79 -25 94 95 0 -65 -60 23 -86 44 95 5 56 -9 72 -83 -38 24 51 -37 61 43 78 57 57 78 -80 -23 -88 32 -28 -38 -36 -88 -58 -92 -1 -67 -88 32 -95 86 -94 28 62 -6 17 40 51 -79 -15 30 -41 30 35 -9 -89 98 35 25 14 23 -80 -84 -93 72 -3 -86 -98 45 2 35 76 -27 85 -53 -50 35 -63 -22 14 -25 -96 -59 -75 -49 -95 -84 0 45 -3 -5 -92 39 -7 15 -19 -63 60 11 -92 99 95 9 -72 -92 
-2 -21 -93 -85 -72 8 51 83 32 -75 -33 -54 -37 -93 -1 67 -77 -33 -13 65 77 -30 94 -56 -21 95 -99 86 55 -5 37 -78 51 -66 67 -69 64 3 46 98 -94 74 -25 -14 -6 37 -8 11 -25 14 59 43 -94 -51 35 96 -23 -75 40 89 -8 -38 -71 6 98 84 -20 8 69 -35 -41 -95 -29 79 -19 72 -98 40 75 -49 97 9 10 17 54 51 71 26 -74 -14 -34 -42 -70 -57 7 -81 -30 32 69 36 43 -41 95 15 -76 -41 31 34 28 -85 93 56 -53 20 -61 -13 15 -24 14 61 8 94 63 36 68 31 21 -24 -54 -88 -25 65 0 -23 -23 -94 -30 -75 -16 -4 99 49 35 -71 -44 41 -42 -12 57 -56 -43 91 -11 -4 -70 -37 57 -15 66 -6 17 48 -53 43 64 9 -67 80 94 -11 -24 46 20 35 35 61 -60 -1 57 -53 28 -22 70 36 8 -35 -23 6 -12 -42 49 -52 86 32 -18 13 74 42 -91 -58 -70 21 90 -99 71 -77 41 46 24 14 -93 86 24 -38 6 -21 -12 -63 92 -1 2 30 25 -88 36 50 24 46 49 -11 -5 -17 20 -42 91 -94 -82 25 -54 -94 -19 -62 -79 62 -15 -26 93 -39 -40 46 -86 68 82 -52 -7 -81 62 82 -40 -89 -16 -41 92 66 -46 63 85 -96 -1 -15 54 19 94 81 -70 23 28 87 -60 -9 -59 -46 -46 -96 -72 51 31 34 72 40 -41 4 -13 -73 51 11 35 62 -6 30 2 -27 86 -64 95 88 39 -54 55 -24 34 -28 51 -83 72 23 15 75 97 85 -48 30 1 -49 81 -73 -67 -64 -56 -56 84 -79 61 -41 38 26 94 -4 -97 -94 -56 37 -56 -32 -2 -11 -55 -24 -1 21 -37 -73 -99 88 -56 -60 67 56 8 -14 8 -39 -98 -95 22 38 -79 97 -21 -96 -82 5 81 67 48 8 -2 87 -11 71 -83 -52 9 -23 30 46 60 57 -7 9 -36 71 67 -40 71 5 41 36 87 47 -48 -90 32 -89 40 -75 -59 -52 -86 -11 -98 49 -20 -19 -35 -49 32 -2 -97 16 -52 -58 -33 -70 -58 -16 96 78 -76 -91 43 5 -74 -29 67 -84 -98 -3 -43 74 -13 3 -7 79 -81 -27 -28 -9 42 99 99 91 5 7 -7 61 -39 -62 -39 6 52 -60 32 -4 -74 44 -6 79 -73 -67 -17 -97 -28 32 -12 92 -31 -28 -83 3 -24 -95 26 -10 15 18 -99 -3 -96 -8 -6 -97 -11 -57 -83 72 25 10 61 87 
21 -21 -20 43 2 -25 86 49 -48 23 -34 -77 62 27 74 -22 -57 -81 24 -39 -9 -26 -62 -91 9 60 34 -81 10 -50 63 -77 -60 43 57 3 -10 -6 -28 72 63 99 -35 -85 43 78 -25 20 60 -19 45 -58 28 44 13 61 97 97 69 -22 -91 -62 75 62 80 -37 4 -81 28 -85 3 -19 81 -94 36 -29 -29 -3 -57 -23 -41 8 -9 24 -5 26 -82 96 91 54 -12 -5 -68 47 -85 -52 -45 -94 19 -45 -11 -45 86 23 94 -61 53 -19 11 -79 71 -65 72 63 37 -79 51 -62 -32 -26 -67 62 97 70 66 10 -51 -83 -81 31 50 -28 -80 65 73 9 -95 93 96 -3 -91 -20 -69 12 -54 75 34 40 6 -8 -48 -46 -52 46 -11 71 -50 23 22 -1 42 -33 -78 -5 -15 -9 30 45 -41 61 -5 99 55 -30 -92 24 -27 -35 48 21 -24 -67 -58 -11 40 -72 -69 27 61 -55 -74 -9 -92 -67 6 75 -7 -60 -34 1 18 61 56 64 87 12 -70 -55 -74 -81 23 64 -73 -35 20 -2 92 25 1 -71 -8 96 -5 51 9 10 19 29 65 -19 37 -26 88 -89 2 32 86 93 74 48 86 49 -17 -68 -63 -43 84 58 -32 -81 29 63 50 61 -21 97 20 81 -42 34 -33 -85 79 -42 20 -49 30 37 -18 63 30 99 -80 3 94 -50 -73 -93 -25 -54 -92 -83 -14 -53 -81 20 -26 79 -5 19 98 -37 45 2 7 -91 -86 -76 20 -56 82 96 -35 -34 -65 -49 10 73 -66 72 79 64 64 -75 56 -75 -70 14 84 43 -37 -40 -6 -80 27 -98 13 -54 43 33 -4 45 72 34 57 -63 -48 -71 54 20 -27 -90 64 -84 39 -24 -28 38 -76 14 99 -6 5 -94 13 -99 -52 66 -27 -49 -68 -57 -5 -3 18 -86 -31 2 -27 32 -32 69 37 5 10 27 76 -97 74 24 -75 54 -50 37 -25 -82 -65 -64 91 -55 35 -33 -50 -83 0 -48 32 97 36 -20 44 91 -96 62 -98 4 7 25 68 -72 -78 -83 0 97 -86 -95 45 -12 18 14 54 -82 -99 -65 42 76 -61 88 5 81 11 51 -8 -6 26 -60 -84 -49 26 95 19 -57 13 -23 62 35 -51 89 29 36 0 22 12 89 11 88 4 -58 86 -47 73 20 -10 90 20 92 -85 -1 13 -49 50 57 -22 96 -3 -37 -59 89 25 -82 56 46 33 75 -16 -33 89 -39 -58 28 63 -85 86 -64 17 -62 46 67 24 39 
36 -28 -57 -45 -27 3 66 -5 37 76 58 75 -35 64 -55 -16 40 -85 73 44 72 -85 35 -22 6 -26 12 -7 -99 -3 24 18 76 44 -21 63 13 71 94 22 72 10 41 -55 -24 -3 45 54 -43 27 41 -70 -6 -26 48 -93 -95 -54 45 87 59 19 63 -76 -64 -72 -88 88 -48 -27 98 90 75 32 50 70 -46 -49 -78 25 28 61 88 35 -50 -90 -41 26 -94 59 -72 80 -90 69 -96 -92 -72 44 41 -38 23 -24 42 74 55 12 37 -39 -56 89 42 -9 -10 40 54 75 96 20 39 -40 38 -84 -48 -6 86 12 49 -51 -51 13 81 -19 37 76 -97 78 3 85 -97 -48 36 -90 19 17 28 -89 -75 61 -31 -66 36 91 50 47 -41 12 -63 42 87 55 2 -86 88 -64 -78 0 -64 -98 84 49 -45 8 33 37 12 56 -96 85 -38 -34 81 -58 47 37 63 -19 63 15 -15 -53 84 66 75 23 67 -18 44 -63 76 -28 47 -41 -14 -73 -82 25 57 32 91 39 -87 -75 60 -5 -88 -28 -83 -26 65 -88 -63 -86 -17 50 1 13 35 -97 -44 3 -62 -53 19 6 67 62 50 90 6 89 -86 -92 64 -31 -88 -90 -48 35 23 -55 38 43 -56 -78 -59 35 53 85 22 -23 -14 -88 -53 -18 -30 -28 -53 -62 -29 -89 -77 75 -63 25 -80 -41 -44 98 -35 -70 -85 8 5 -25 -66 16 -6 14 91 37 -66 46 -25 -27 76 60 -81 -97 51 34 0 96 -51 61 -26 -15 -74 51 20 -33 31 -81 95 10 -1 -95 17 -31 -11 -58 83 -5 -41 -84 76 25 44 -7 62 41 89 -71 -31 -16 37 17 17 -88 12 -35 -82 -14 -91 29 54 -79 -64 58 16 15 54 2 -22 13 97 18 25 -32 48 86 43 26 -86 -36 22 39 90 10 -98 60 -18 -20 37 -47 33 -17 -77 -22 6 24 -69 -81 -2 -59 -32 -55 96 -50 -68 99 97 80 85 -44 -10 -25 -50 58 -46 -69 -85 12 -77 75 78 63 -78 66 79 -53 -51 89 7 -91 -95 67 93 -96 -87 -64 -45 45 -52 -60 -12 61 -4 28 -77 31 19 -27 -16 12 -2 -9 -8 -26 35 59 -51 -13 -84 96 4 6 73 -79 -26 -2 -17 -37 -35 92 -31 59 -1 -32 89 -47 -45 15 -40 21 83 36 -81 27 -30 5 48 -28 -66 56 70 58 61 -37 14 -66 -59 -65 -41 49 -55 -6 72 66 -55 29 40 4 -25 58 -76 -10 -97 -13 74 -18 
-16 71 -18 42 -50 -27 -78 -54 -38 -72 -16 37 -95 82 -97 -26 -76 -38 -14 11 -35 62 96 2 89 6 9 -42 42 95 66 -48 -12 85 -64 -59 -40 18 56 -39 70 -89 -80 55 22 -64 -44 -56 -91 6 49 -88 -25 -51 -14 64 51 99 57 32 13 59 -90 -10 -89 -47 -45 97 -29 70 -55 -1 60 50 -31 -23 -38 -10 5 -69 22 64 12 -53 73 -39 51 -65 58 43 -77 -52 41 -98 -34 -15 64 43 -38 -28 35 3 66 53 -12 81 -40 87 -28 66 17 2 95 4 -92 58 -62 -95 43 54 89 4 7 71 -2 -90 -62 -18 70 -76 30 53 -14 84 -20 79 20 -63 -69 97 79 -15 -94 53 9 89 43 15 87 -85 63 -41 -98 -55 -12 -71 -66 32 15 59 63 -46 40 -73 36 46 58 -4 -95 10 70 83 91 -43 -72 75 86 45 -57 -50 -40 -81 21 -51 97 -45 92 12 77 81 -73 -9 -42 -42 21 7 -91 16 -49 82 99 22 -25 -48 -6 60 -45 -42 -35 -72 74 93 34 -23 -26 -50 59 57 -42 -93 -29 -2 15 44 49 23 80 -64 -26 50 55 -85 -90 -40 56 -33 -49 -34 70 15 -6 54 -16 -97 -31 9 -9 56 14 66 -31 26 2 -14 -28 51 74 -36 7 -79 -85 -64 48 -35 -47 3 3 94 -27 -56 37 -5 -30 4 -32 -3 -62 67 89 -15 -97 -3 54 83 71 -89 32 6 85 -75 64 -71 -9 -81 -49 -65 92 63 -13 -74 -83 -10 -38 -61 -66 87 -72 27 -41 -70 96 86 -88 -11 89 18 -9 -99 -89 64 48 47 -1 -41 -21 45 -2 20 36 46 54 81 85 97 99 50 -94 8 -15 71 27 -27 -80 -61 6 -21 -36 -66 -47 81 -67 -54 -28 0 -97 37 -35 22 -31 48 -58 -80 67 -53 92 -78 -83 29 86 1 2 38 -12 32 12 -51 -70 -31 -24 93 -71 -95 -26 -3 -88 -84 77 -48 14 16 57 -58 -60 -18 98 0 -67 -85 93 73 53 29 55 -3 -5 -56 39 -47 74 -47 -27 60 2 21 -82 63 -29 -78 41 55 -95 61 -65 49 80 60 -32 20 -21 -76 -80 5 -34 -80 35 -18 -82 -63 12 18 8 -10 13 91 34 -58 -5 -49 96 -57 54 -71 -71 -83 18 19 -14 -22 -93 74 -82 -9 -98 81 -39 26 -91 54 2 -97 22 -95 79 0 36 4 3 -25 -82 -39 14 97 -75 -19 88 73 5 -4 -69 18 92 65 79 90 -46 -16 87 99 -76 39 
74 -4 -94 70 17 -33 -76 -19 -73 -44 73 25 32 -97 7 -81 33 -50 4 81 -36 -69 -85 56 -92 -78 73 92 41 21 73 -77 7 -31 -23 69 -71 2 40 34 7 -80 67 -28 32 -65 67 -56 -8 94 6 -53 -16 58 -89 73 26 -84 68 15 30 -1 96 55 52 -36 -34 16 99 81 -39 3 24 -40 -89 55 -50 -32 -50 87 -94 -81 75 20 -70 74 -38 -30 -28 -34 26 57 43 -28 12 -51 -28 59 11 -11 -6 42 -59 23 -65 33 98 30 -42 -27 -87 8 -40 28 -39 -39 -74 -21 28 30 -9 28 -20 18 -22 -59 49 77 -23 -74 68 -37 -8 -17 46 -72 77 95 -62 -57 14 -86 -39 -4 -13 92 -45 -74 -60 -28 84 -32 44 -14 -25 59 -19 -31 -15 -54 56 95 34 7 49 67 23 -24 -96 28 -54 70 53 18 -91 -97 -66 -90 28 32 -83 46 48 -74 7 54 4 -91 -23 -18 -57 -47 43 -34 87 -47 -31 -13 -35 -73 -27 -23 55 -14 -10 -88 -81 9 -76 -59 34 93 49 -76 52 -59 62 -90 -62 50 69 36 57 -6 85 -3 -47 64 65 94 42 97 -36 81 -58 -40 -17 79 97 90 -73 -91 34 19 -24 57 -26 80 -90 24 -74 4 7 47 -58 -73 -89 41 31 97 -32 74 39 38 -5 -53 95 88 40 -62 -32 88 91 66 -28 80 -20 -39 -96 -25 26 64 -4 -19 54 -4 88 -28 -44 -51 8 38 83 71 85 -7 -31 -94 -47 98 13 96 61 -31 79 61 69 -20 60 12 9 -50 68 30 59 -44 51 -74 5 -20 -94 34 42 -97 -70 94 55 35 96 18 -40 15 -69 -36 -11 -68 65 -61 93 -20 -9 50 -59 26 -62 -20 34 1 -48 73 76 28 -41 5 42 -63 -59 14 38 -66 36 9 -21 -44 71 10 43 2 -63 71 24 -26 -7 42 -40 -12 50 -98 -11 82 -44 8 98 -41 89 33 -72 80 -7 -36 1 87 -39 -66 14 -65 -41 -35 -72 -31 -42 94 -12 18 2 22 70 -17 65 47 68 -4 -24 91 82 -24 -12 -48 97 37 12 -63 -76 58 -47 38 18 63 25 -41 91 51 -25 40 58 -5 63 14 26 -81 91 -68 97 -33 -31 84 -18 -22 54 57 29 -62 -35 -5 64 -98 74 38 -43 -52 21 -18 -71 96 12 -63 50 19 4 42 -6 -1 -55 -3 -85 -18 7 -58 -98 -40 3 -25 -52 -53 68 56 -38 37 -97 -95 6 24 -62 -47 -84 -85 5 6 -72 34 
94 -74 82 -72 -40 -49 35 59 -61 -54 -47 -52 -72 58 21 -81 -17 -94 -35 -18 56 -57 -44 22 -50 -14 71 11 -63 -66 68 10 -81 -56 17 31 -22 24 55 -23 -74 -21 63 62 33 59 -33 8 82 -79 -95 77 -63 -82 7 -96 -59 -71 -37 54 -30 69 -74 84 40 -92 65 -62 -43 -83 -16 11 44 -17 38 51 -97 -76 -21 -68 -79 -55 89 98 57 59 42 -75 42 -47 -32 76 -23 90 -32 84 2 91 -24 -99 99 -79 41 66 -52 95 29 94 -31 -7 -3 32 29 13 41 -17 -24 -9 22 37 -35 -37 11 2 79 1 9 -62 -8 94 -24 70 -14 -7 -5 -59 2 51 -65 -66 -92 6 -24 85 -16 -41 26 -41 -37 -67 -15 -43 -71 -11 -36 -13 41 73 75 -67 -22 -17 41 27 -21 83 -44 -67 20 47 -70 5 -93 -38 80 -40 77 -53 -8 90 2 -32 -82 -40 6 -72 -26 19 10 -29 -62 -79 -28 83 -45 -85 15 6 49 31 -7 -56 70 41 1 -8 21 89 -87 -1 95 67 57 -93 16 -47 -91 69 -62 42 -91 21 47 48 -99 51 -17 -98 -51 -94 14 -7 90 -7 92 71 70 85 -76 -65 3 71 -90 7 69 -41 26 3 -69 98 95 36 40 -52 68 91 3 73 -63 -76 -54 53 66 0 62 47 74 21 42 33 -76 52 -88 45 84 60 94 59 -31 -54 11 -35 -31 71 -45 4 -57 -77 94 62 40 10 -53 -18 33 -67 39 20 -87 -24 22 17 -97 -36 -88 -64 15 70 -36 75 80 -96 -65 80 88 -17 -87 -31 92 43 -93 -70 60 87 12 25 26 31 -72 88 -89 53 -39 82 -44 84 54 14 -20 -88 90 1 74 -96 67 51 68 -30 22 -45 84 49 80 -20 -18 -24 41 -25 97 -97 -52 88 53 -3 -12 -59 -75 -8 -92 87 -3 19 1 96 14 -6 18 15 65 -9 37 2 -99 -32 -93 -16 -70 -7 -16 -47 47 43 -99 -77 72 50 81 94 -72 -39 -53 -45 -97 -9 65 78 -31 -7 42 35 -16 -98 -44 13 -67 -78 -83 -95 -21 20 -33 -57 21 51 -35 86 -90 15 -5 -22 -35 -40 31 11 75 -10 -98 65 93 -57 43 -91 -60 -78 23 18 -81 59 -42 -97 15 -36 29 -72 -22 19 -36 74 -10 -74 65 21 -19 56 -71 48 -92 5 -96 -99 -49 49 -32 23 -7 30 -68 -20 11 -37 -76 -66 68 30 -76 16 22 -67 36 40 78 -22 71 48 -68 77 55 53 3 -77 
49 27 -82 -51 -58 -32 -46 -94 83 -14 -94 41 17 83 -80 -14 -17 -18 -64 76 31 1 -42 -72 -28 14 54 14 -61 -57 47 58 91 13 52 40 72 -76 -25 -15 60 58 -89 67 -41 99 22 28 -83 -10 48 -37 44 -30 -46 30 -26 -63 -1 87 18 -37 2 22 30 26 21 -51 44 2 22 72 -41 10 84 -26 -91 59 47 -18 15 -61 -97 0 16 -42 72 34 -5 -39 -41 -55 -18 -45 -24 -12 -20 27 -26 65 -10 42 9 -3 52 -82 91 59 -56 -32 76 -30 13 -11 -82 91 -64 35 -67 -14 -1 97 -58 -1 94 22 90 -41 29 41 3 8 83 82 57 19 -73 -76 80 49 -81 95 -63 73 25 96 62 -94 -32 70 29 92 -5 81 -98 -44 66 66 81 -33 -80 86 -51 -41 82 86 -93 -39 -51 -38 76 -34 1 37 -65 9 79 77 -19 71 59 60 8 58 -28 49 2 86 -78 -19 -41 -60 98 -85 -71 62 -78 -50 -29 9 -2 -35 -81 -6 5 55 -10 49 -83 79 -2 46 0 -71 -76 -50 -35 -72 89 89 -70 -75 17 -34 64 3 -57 89 -85 -37 13 -91 63 -73 57 -53 55 -60 34 34 54 48 -81 -81 28 -1 45 -5 -13 -22 -46 -40 73 53 -40 34 -43 26 66 -89 23 79 7 -94 49 -30 89 66 -10 7 12 97 57 -80 -40 71 -40 -11 -81 51 -34 -14 -1 -77 -21 47 36 91 98 55 -77 89 52 -87 8 -63 -95 80 25 -41 93 40 -53 -65 69 29 82 -16 57 12 -29 7 71 3 -94 96 -12 -12 -87 -85 -12 87 -52 -45 54 75 80 -29 -42 -91 19 59 -37 81 74 -61 81 -25 -70 -34 95 -24 -25 45 -77 -57 -30 -37 86 -51 -71 -20 -92 -14 55 61 58 -24 37 73 -18 28 -27 -37 -93 37 -24 -68 -70 82 -45 -47 -39 -14 48 43 51 45 33 36 -28 1 39 -13 45 74 39 62 10 81 -31 -63 -1 81 -68 97 -53 10 -87 -37 -40 74 91 46 -79 12 -11 -89 98 -50 -55 -12 -75 10 12 4 42 8 -93 39 98 -74 46 17 73 -28 90 -15 83 -36 -42 45 35 69 -49 -25 20 82 73 -83 -47 90 41 -10 -68 -93 -40 -11 -86 33 -58 -98 23 -97 -81 -1 -16 61 52 42 30 -74 -2 -44 -7 -21 -39 -37 -49 22 -10 94 83 -38 -67 -27 32 -52 75 1 -78 -2 -90 -78 -65 3 -20 -70 -45 46 -97 50 78 -15 -2 98 -12 49 -44 67 
-17 54 41 39 70 -76 41 98 -27 54 94 -8 43 8 -79 4 24 -53 39 86 56 82 5 17 35 93 67 41 17 -16 55 36 98 -4 73 -90 -60 -3 5 -41 17 76 37 76 32 34 -36 12 66 -18 -82 -25 -63 -11 -65 -16 83 -67 -2 -20 -10 -48 -80 -19 62 -72 -53 -41 31 -1 73 -93 69 59 65 0 87 -90 -24 39 -55 -46 -20 63 26 -19 81 82 -79 -88 -75 73 64 49 24 -87 13 -75 1 69 -71 76 40 -10 17 46 86 3 56 61 -96 -57 -9 35 -61 -16 -3 69 -22 -55 86 38 -3 -89 43 -96 -11 68 7 -8 53 21 61 36 46 87 -9 5 -42 20 -36 -84 -26 74 -85 63 -16 -6 36 60 39 30 -27 47 -91 -25 -93 4 -83 -86 75 64 2 88 -26 17 -89 41 -95 -96 11 -49 82 91 27 15 6 70 -78 -16 -22 -43 24 -40 11 -65 32 -21 -51 -99 50 -56 98 71 89 -93 54 -46 66 -14 -20 -29 -7 55 59 -62 48 43 -1 -49 -35 7 97 90 -30 -80 82 29 -45 -68 -23 75 -84 20 -68 5 -28 11 4 -26 25 -45 -47 32 -4 -41 -73 1 -32 -69 76 -6 -55 74 -11 -78 -69 -78 45 54 7 -60 -90 3 51 -39 -50 -78 50 95 37 5 43 76 7 -26 -8 46 -42 87 63 79 -70 21 -33 98 -46 -93 -33 -56 71 -74 -66 67 -22 -42 6 -48 32 -62 72 19 13 99 58 -93 -97 -53 31 -68 -59 1 26 -78 98 -85 87 84 8 -35 88 -11 -21 27 -42 -52 60 -61 -58 3 -24 35 65 67 37 42 -48 34 45 -37 -90 -72 -89 -58 88 -15 35 83 -30 -67 -52 12 -81 93 -36 2 -83 -96 12 12 -98 -42 22 -79 0 -42 -7 13 85 7 24 96 -32 -26 -55 -95 -99 -42 -29 -63 28 -90 12 91 -42 53 1 -46 -76 91 -64 37 73 20 -9 34 -4 -98 12 -80 -34 3 2 85 97 -26 -29 79 -77 -40 -18 -56 86 -26 89 43 -15 -37 -20 -12 -26 28 -86 68 -78 -43 16 9 50 74 -61 67 47 -36 57 63 62 58 23 -79 92 6 -76 -97 47 -19 -22 -97 60 -57 -98 0 7 -74 71 90 59 30 76 -57 -95 -54 -8 -45 -73 58 -19 25 44 -77 -12 11 -36 71 -33 75 28 83 55 -97 -77 -56 -55 -49 43 94 51 -48 -86 66 62 60 -16 82 43 14 18 86 75 95 99 -44 61 -71 -33 -35 56 -14 89 -72 
81 2 -10 80 3 -4 46 72 -64 94 52 51 -87 51 -12 13 -63 -64 -56 76 23 -71 -30 -88 83 -85 13 54 -13 -46 -93 -8 -9 -40 25 -38 -52 88 -6 26 -74 24 61 69 8 -1 -35 28 33 75 73 84 -48 -91 2 -94 10 -61 -41 5 64 92 99 -86 -99 60 -62 93 -38 -91 77 20 -69 -90 -65 99 -85 -82 -92 -17 70 -18 -10 -3 34 79 28 80 -91 -98 4 42 -92 -17 -98 29 -28 -16 -84 -57 75 66 -34 -54 40 -19 80 17 -97 -51 22 -41 35 -64 88 65 24 17 -44 11 -44 -36 -35 91 46 -69 91 -97 78 77 93 -59 32 -98 5 -77 -9 64 -12 60 -38 -36 -7 2 22 -55 -24 99 -14 92 -92 -34 46 83 1 36 59 39 58 59 -59 13 19 -54 86 17 92 38 -36 -17 23 28 -75 98 -16 -80 43 81 70 7 99 71 82 -22 -17 -54 -46 -74 -98 7 9 -11 -8 -74 -82 48 -60 75 67 70 53 20 31 83 -62 81 -95 83 -48 78 6 -75 -14 50 -39 -93 17 -97 7 36 -26 62 90 78 -91 -52 -39 97 -64 71 -85 28 -3 -75 -63 18 -10 -27 78 91 -83 -1 -39 84 49 -80 34 -89 44 31 -42 75 -75 29 65 5 -49 73 66 -92 -63 -5 99 16 -17 -95 -55 -79 -12 93 40 -25 -47 -32 -8 80 72 34 75 -92 72 6 85 -88 -19 -74 -92 82 19 25 -35 -11 -86 -37 -33 -32 43 -99 5 39 79 29 3 55 50 -25 -31 6 -51 76 -66 47 -44 98 77 -91 15 35 72 47 65 56 -1 -54 82 25 7 -18 -15 45 13 -12 -72 -42 -73 -45 -16 67 39 -21 18 60 6 41 63 38 -29 61 78 -96 24 68 82 81 -11 13 -26 -43 -12 -84 -65 71 -56 9 40 -10 51 56 -30 27 -32 -51 1 -8 99 28 -61 -44 12 -8 70 68 -91 11 45 11 38 -11 97 64 26 56 -7 37 -14 38 -29 31 27 37 7 29 58 27 -4 9 -29 -21 -24 42 -5 86 -1 68 -49 -32 41 -47 59 30 8 50 -85 -10 -24 -67 4 -24 -13 -86 -13 74 -63 -22 -34 87 80 -20 -13 23 77 -49 61 92 -79 -99 54 60 2 74 44 60 -27 -54 -72 62 76 -58 -54 -47 -1 3 5 -30 -18 -93 21 -33 45 -35 60 57 -6 -3 93 54 5 -39 -64 -25 40 9 -1 -36 38 43 83 -19 67 -88 -31 60 33 57 -94 -43 -56 44 -95 -68 
58 89 -83 4 -10 -40 -9 -21 65 -94 54 91 -88 49 8 55 96 -33 16 -48 35 85 43 18 -41 31 -12 97 1 18 -95 75 5 -58 27 16 -95 79 -4 34 28 55 -46 87 87 -47 -32 75 19 1 -33 76 -88 -97 -47 44 93 10 34 16 -84 47 60 -10 -57 -30 75 10 94 61 -99 -48 -66 -75 -79 1 17 4 53 -69 58 27 61 -51 -60 -69 27 -15 66 73 38 -32 26 83 16 95 -19 21 -42 -72 25 69 -27 -42 0 -41 54 35 -4 -47 -11 22 42 -11 34 -3 -56 -66 -59 47 17 96 -62 33 -83 5 -29 -27 71 -64 -17 -56 77 65 -41 44 24 -2 -67 20 96 9 40 -20 47 25 -98 -58 -76 71 -18 -64 67 -48 17 -73 83 89 64 -98 79 86 -60 -4 -58 75 20 -39 -17 -55 80 15 40 -20 -45 -68 -71 71 -44 -1 65 33 -84 -82 -17 -93 -90 54 -63 72 -19 -12 -16 -29 94 -87 23 51 -70 90 -33 98 36 43 59 1 91 96 -14 59 -27 83 -9 36 56 -44 44 -42 -77 54 -1 88 89 -30 7 -48 -72 25 -28 -56 -61 -24 -23 86 13 90 32 -64 22 60 34 -18 3 4 -22 95 -73 41 -93 97 -20 -73 -95 1 32 -55 20 -78 63 88 17 -37 -19 58 61 0 42 35 82 -85 -1 37 -68 29 -87 64 75 85 66 -4 9 -85 82 98 0 -66 -67 -24 69 99 74 -45 -99 51 63 72 45 59 29 -10 -20 -74 84 -63 -84 51 45 -67 -83 -52 23 2 -31 -6 43 29 79 10 -4 20 -82 -29 -56 40 -57 78 77 -84 -63 11 -37 -40 -58 87 21 96 -61 32 92 38 44 14 -38 72 -20 -20 91 4 -19 12 -29 -70 -27 79 1 -77 46 -90 -74 -83 52 67 -91 45 -38 -84 -35 85 62 12 -46 40 -17 18 55 50 17 -83 63 8 55 52 -49 54 -48 -32 -77 -58 88 9 -12 96 91 -30 78 -22 81 54 16 33 63 34 81 93 -97 84 26 5 -32 -89 78 52 -32 -25 43 39 -45 -27 -71 66 -6 -35 -74 42 -4 -13 -36 -81 -78 -55 88 99 30 64 67 -84 -52 2 73 37 -34 -6 1 -22 25 82 -31 25 59 94 -79 97 -63 31 11 -99 -44 51 -65 55 13 86 -91 5 96 1 -15 -14 48 -44 10 9 55 -4 41 -78 -13 9 -74 -18 -10 -6 77 -7 -69 -74 -4 -16 7 90 -26 -59 2 -20 80 -30 -25 -62 54 80 
-23 -73 -6 -54 -71 78 19 -82 -16 -15 -8 -26 -18 -2 58 -55 -93 91 45 -36 28 29 9 21 -22 52 -44 -27 25 97 -94 3 -47 -43 61 36 -11 -5 -28 27 65 -98 58 32 -16 -40 67 -28 40 -95 70 76 -50 -14 -84 40 -54 -7 31 90 -81 -34 52 55 -26 19 64 -38 20 -38 79 8 -76 46 96 -55 -10 -71 -10 56 84 -67 -8 51 7 10 -19 -95 -46 -45 83 28 -93 -44 15 -33 83 15 -68 -30 52 -5 2 48 -35 -30 85 65 42 19 53 75 -26 78 -52 -14 87 13 -29 81 31 -47 99 53 -47 79 65 95 -94 -92 4 68 89 -97 -54 -38 -29 20 87 -88 91 3 35 70 21 35 -49 -67 -12 -98 -3 -63 -81 64 -50 -70 64 74 17 31 42 -75 36 95 -11 -44 -72 -3 -24 3 -88 25 5 52 -11 42 -82 93 -38 -19 20 -21 50 61 -65 -38 45 51 31 77 -35 -77 -58 -45 61 -17 -17 23 -88 26 54 -9 -90 50 -42 0 -18 91 -65 74 20 42 71 76 -64 79 47 -18 11 38 19 86 15 18 97 -51 -74 94 -49 -99 -58 21 61 -15 -85 -13 -24 -57 -40 77 -77 60 -21 61 10 89 0 -24 66 56 -44 75 -23 93 20 -7 50 -79 -47 90 81 -86 7 -20 98 -86 -30 70 -4 -96 -49 24 44 62 -32 78 -48 -91 8 30 -16 -21 62 -88 -38 89 -21 84 -15 13 -51 -12 -52 -14 42 -67 -19 36 -66 27 -69 -28 -76 52 41 22 -1 29 56 86 -68 88 -31 -60 -74 -80 12 58 36 -40 66 99 -72 -93 33 33 -72 71 98 6 74 -52 -56 95 -4 42 -31 -57 27 10 -71 -93 93 87 -28 58 24 -25 14 -84 -52 49 39 -20 -12 -75 65 -98 23 -52 26 9 77 -47 -25 88 96 -29 -73 -42 -45 -49 -45 44 -42 -71 -79 -18 45 -24 28 37 17 -54 92 -80 -96 17 -47 36 34 -54 48 89 34 58 -58 90 37 -86 59 -72 29 71 99 -25 -62 77 -11 87 -43 -78 32 -69 -42 -63 -5 44 61 -78 -18 72 80 10 26 90 53 -91 78 -92 -97 -27 27 -22 -87 -40 -94 -98 -76 93 63 83 -60 37 45 -37 98 -61 -38 9 -71 6 20 -86 -42 50 -61 48 -11 -88 -71 72 -5 13 1 29 75 96 -38 -44 -46 -34 -56 -61 -15 -23 71 33 -87 32 -12 -67 -15 64 45 -78 77 -64 73 -2 38 -97 83 46 27 -4 -2 62 5 58 
-29 66 -57 -86 9 -50 -34 27 89 -33 19 59 -86 62 -78 -76 16 -10 -6 -35 -34 -30 13 15 -88 87 -75 45 -54 -76 65 -80 80 23 86 49 -52 -54 99 -32 56 -12 50 -41 21 -26 41 36 69 73 -58 67 -4 54 -61 10 28 51 -42 -21 -44 53 -33 -19 82 12 -8 -82 -34 82 17 74 -87 48 -84 31 45 -93 62 20 -77 -78 -97 2 -11 -60 -17 79 -38 -14 -55 -21 -20 89 32 40 -48 15 -52 89 -88 46 -40 -14 41 94 -60 72 94 28 -20 -79 -63 -50 -64 22 -49 44 -4 -91 18 -61 49 58 19 -69 -70 -74 -28 -55 -81 35 12 -81 -83 36 6 -62 -8 -26 -73 -30 3 14 54 99 -19 -57 -65 -88 39 80 -48 82 44 -77 -13 4 75 93 74 -92 84 52 10 42 88 -10 -50 51 20 59 77 24 85 70 61 43 55 11 -98 19 -15 -60 -39 56 -13 41 41 3 -39 96 -31 73 -99 65 24 -41 89 40 -7 -31 52 -55 -6 -52 -73 89 -75 -86 -75 33 -4 38 -77 -7 89 93 -56 46 52 -53 26 47 -54 7 -92 97 21 -62 78 73 -29 -43 -6 -57 -28 90 -94 -32 56 42 96 -85 73 -99 15 -22 -39 88 -73 -2 71 -16 -74 92 -61 70 -81 69 79 -91 28 75 95 73 -33 62 82 67 82 96 -85 22 -38 -79 -32 -63 -92 59 45 67 95 54 -5 -6 -12 -64 -69 21 -37 -75 55 1 -79 61 93 43 34 9 45 20 -9 97 70 -27 54 80 26 73 -74 -99 -75 -18 -45 -66 -36 50 -42 -85 12 -56 -52 -89 -14 -63 88 -62 -63 -83 73 -82 25 23 -15 -47 -60 79 -78 51 -90 31 -63 -9 93 -15 -45 53 -33 24 -75 59 -8 -12 62 30 88 35 6 46 -92 -57 -92 82 -99 8 26 -57 50 -77 -9 53 -78 -75 92 -17 -42 85 -41 -79 37 -86 -76 -37 -79 33 -95 -14 -43 13 -36 -48 70 96 41 97 -73 -24 -46 43 -21 12 33 4 -52 -63 18 26 39 28 -25 -54 53 48 -63 51 96 83 19 42 -34 -22 -72 -13 69 86 -79 -16 6 -83 -42 56 -54 -16 35 -85 -81 -26 23 34 -33 82 -40 30 7 18 89 -26 -6 78 -35 92 -66 38 12 43 -77 13 8 -75 -46 21 37 16 81 75 59 93 76 9 26 -55 -45 47 77 39 5 10 -10 13 6 14 -88 -8 61 -36 75 -24 99 -25 -89 66 -36 -60 -62 -80 -32 -20 -17 10 
-89 7 -40 63 58 -80 -23 -66 -71 -58 -11 79 97 20 -90 93 -6 -82 -10 70 -86 -3 46 52 75 -14 -49 -8 95 59 -39 98 -45 -67 35 54 -86 90 -85 -30 41 56 -15 -22 85 19 19 -24 21 -71 -26 40 -76 -95 -19 20 -26 4 -84 86 0 -65 95 20 57 10 -56 -54 70 14 -35 -31 51 62 -45 -53 -37 -67 -84 -15 80 20 57 27 -66 -85 -42 -63 59 32 79 20 66 23 34 0 -89 61 54 -4 -11 -60 -58 -88 -19 63 -46 -84 -99 74 86 90 88 -56 -51 4 -71 43 -31 -1 -26 -28 -93 -27 56 70 37 -42 -12 -97 16 -41 -23 -86 10 75 28 24 -80 -88 -81 23 97 96 71 -85 -95 39 71 98 -52 99 75 53 5 85 44 87 -24 -22 4 -52 -43 81 -14 -22 12 -32 -25 -91 -69 58 14 85 60 99 38 77 -9 93 38 -46 43 -41 97 -30 62 -71 17 79 69 -29 -74 -62 17 -24 15 34 68 57 -23 6 -50 -26 31 -35 -34 -40 -91 -95 89 -36 83 78 -48 -71 -43 12 44 -96 8 -87 -53 -55 29 -55 85 -49 -90 -16 47 -23 -91 70 -51 -92 -8 92 19 -35 -84 -67 92 69 -92 70 45 -12 14 -71 -69 -93 -37 51 52 4 -98 -98 -9 -58 -40 -10 92 -14 17 -81 46 69 97 -36 34 36 4 -40 -96 -71 -8 -78 -91 12 8 68 -20 -72 73 -46 42 14 44 -61 -20 -19 -99 -56 32 43 1 27 39 97 -4 69 -26 51 -36 -87 43 22 61 89 -58 -26 -75 -93 62 55 -90 9 51 -62 5 -86 -23 -69 49 -69 -30 -66 0 72 73 -5 -18 -37 12 56 98 -84 -27 58 -46 26 -45 -61 -71 -16 62 -59 88 67 92 99 43 -51 -17 80 32 -30 89 72 4 -77 -96 -71 60 -75 71 -77 -41 20 36 -88 -46 46 38 71 -36 33 -58 60 -63 44 -7 53 65 27 83 18 56 -60 -79 -94 -23 -21 -34 22 15 -34 81 17 5 8 -79 -53 -9 -75 94 -36 21 -80 -59 59 -35 45 58 -19 88 -72 -30 -40 42 46 72 37 67 -98 -91 -98 13 96 -10 72 -54 58 62 29 41 36 -94 36 2 36 48 -60 -73 45 73 29 -91 -39 18 15 21 95 32 -94 1 17 57 16 -70 49 20 -84 65 8 39 -15 -73 15 -68 7 54 -29 -68 -64 86 77 36 38 37 -37 -52 -73 70 87 34 -92 14 -24 85 50 86 92 -57 1 -34 28 -21 2 
-20 93 -20 -43 39 42 -64 -24 25 -28 23 -53 -38 -98 90 -70 47 83 58 72 -10 29 -54 45 -12 85 74 -52 24 -49 86 33 -18 95 -64 -74 63 -35 -49 20 -33 86 56 -81 85 6 -8 90 -77 -58 30 55 -9 89 2 75 -87 -46 -58 -64 -69 68 45 -77 91 -85 -34 -80 12 47 84 -79 -19 -21 -97 83 -14 -98 74 -29 -89 50 21 11 61 62 32 -24 54 82 -46 -90 -43 6 85 81 -19 -33 -20 40 16 -71 -17 -37 -14 -68 11 0 -42 76 -24 -39 72 -8 47 -13 19 53 91 12 -79 54 -68 40 18 -19 -15 82 -99 -66 -99 81 -12 44 44 57 75 -42 41 -11 72 80 11 80 -18 12 5 -73 1 -39 -84 10 -6 -20 40 -2 -58 -57 -70 -7 80 -40 65 -61 82 -42 10 -52 59 -65 -2 -2 -84 -6 -24 -87 -8 85 5 -62 -16 12 52 94 9 -33 59 13 3 -31 -77 -24 -71 -83 -45 -2 36 30 33 71 56 -67 -99 74 50 92 75 -64 -99 -83 -33 -42 -6 33 62 15 72 -82 -88 77 -12 -1 -88 -43 34 6 63 10 29 -52 -51 -39 -99 86 -20 91 -48 46 -1 -11 86 6 24 82 -97 -89 -81 -45 8 -68 3 81 63 -98 -15 -41 31 26 32 -45 90 -4 0 -88 -63 -74 11 20 77 56 -90 77 -93 48 -8 -91 27 60 6 -8 -48 36 -53 -56 -27 75 -81 33 0 38 -21 -24 92 -9 -85 -82 90 -23 50 -72 61 -82 -80 -33 29 1 -40 57 62 -40 -77 96 17 -77 -26 10 -25 48 28 -73 -68 -37 -30 -90 21 -60 -38 -2 65 94 -99 -26 -84 90 87 -17 38 86 -32 51 -50 -48 -53 72 -36 -57 57 -7 39 9 -87 15 65 54 -51 24 40 -83 25 3 -55 -70 -27 85 -31 94 81 -47 -39 53 -68 -31 -55 38 32 84 -68 -19 -14 30 -84 -55 -21 -96 19 25 72 81 95 -78 -66 -54 56 -3 31 15 -8 -85 -17 -72 -64 -85 48 -76 15 -47 -50 60 40 -21 23 22 -2 36 -83 93 -11 -13 -90 -57 42 18 -3 1 42 70 44 -55 3 -69 22 -9 -48 12 -6 -12 -94 89 79 21 -82 78 -17 35 -71 -72 25 48 -50 45 43 93 -84 1 67 -27 57 -10 -68 -44 -67 49 -94 53 39 -52 -78 -69 -58 -93 81 21 43 83 89 95 -74 -7 88 -5 -75 -31 -67 53 64 -74 12 -37 99 54 -42 21 23 -22 86 56 9 -76 -67 85 
27 -75 -37 8 -60 57 -20 58 -9 -66 -38 -11 -21 -79 -14 -98 -50 -25 44 31 -51 95 -67 -56 -36 -52 97 36 -14 68 -59 11 -86 -73 10 -42 -27 -3 -97 -58 99 49 -80 -86 28 -4 88 12 77 64 -79 -61 30 71 -56 -42 -44 56 -51 58 71 39 -62 -99 -3 -44 -81 76 -40 -41 -80 -6 12 -34 45 15 96 84 -62 58 1 -96 80 4 12 -61 93 59 -20 -5 -2 84 -50 -42 -7 37 50 55 -67 -65 93 -72 39 91 -5 -92 -31 -27 -76 4 -20 -60 -16 63 -27 -21 -53 -19 96 4 61 -14 15 -27 79 73 -6 -63 -36 61 -89 -70 -55 86 -51 6 35 92 67 21 -41 35 3 -79 -63 47 60 -25 -71 77 -54 -86 -59 -21 -84 -57 36 -35 33 78 -62 71 51 88 -66 14 14 7 90 -63 61 -34 33 -76 78 91 -51 -49 18 2 99 -95 -20 72 1 -14 -38 -24 38 -59 -44 -98 -51 -83 39 67 57 83 14 58 -95 51 85 33 87 72 -47 -25 91 68 65 96 46 1 -49 -76 7 16 93 18 84 -94 -52 -58 -41 -46 32 -48 -40 -2 5 -47 63 -25 20 84 -88 -48 -12 54 11 87 -94 -8 -65 33 22 75 33 8 63 -90 20 -42 -56 -35 36 2 -62 -76 62 56 59 -87 64 -24 25 -58 73 -41 23 -89 1 27 -19 51 -89 -1 -96 32 -62 95 -96 54 1 -6 90 -35 -33 78 73 60 36 19 -9 -9 -79 -11 72 -10 -16 -44 45 19 -63 35 85 -1 33 24 51 -73 86 -60 -73 16 32 -27 -54 98 -21 -6 -28 0 -8 45 30 1 23 72 77 -92 -96 -70 -81 -50 68 52 22 56 5 29 67 54 -40 2 -10 -8 26 47 -51 19 80 90 -24 -54 25 85 83 -79 9 84 39 6 5 -66 -12 -28 28 -46 8 73 -89 67 -35 7 -47 -66 95 72 12 34 16 -58 -74 -29 -91 -71 75 23 6 20 -41 9 -99 22 -97 81 -56 -86 -39 -61 71 -3 9 -83 36 4 35 55 -74 -24 64 -54 9 -24 83 -98 6 77 -73 -63 -70 68 3 29 -51 -74 -4 -49 87 -32 55 71 -77 -65 78 -47 -11 29 -41 -56 42 -81 -32 -9 7 -3 -35 77 -18 -53 11 98 -67 63 -18 -12 -47 -88 -6 -19 -65 23 80 13 80 24 72 16 -59 -40 54 42 86 -53 -45 -27 27 -92 95 23 -37 -77 4 -87 40 99 48 -8 -42 -59 -84 7 79 -4 -15 -49 78 31 
-12 -61 22 -94 99 -12 -89 0 -96 25 -93 -28 -86 -9 90 -47 29 43 -44 31 -65 79 -41 2 -36 58 -5 34 29 70 -69 87 6 19 -90 3 47 80 46 -18 5 76 -44 -48 -31 -35 47 81 -78 -46 -71 9 20 12 -41 -87 -16 31 35 45 -14 19 -74 -51 85 15 25 18 -32 18 -93 23 -39 -16 -97 -29 -75 -10 0 48 29 -34 87 -49 61 19 -24 -15 70 14 97 -98 74 -94 38 71 93 -51 70 78 -93 26 -20 88 -14 -62 82 -85 87 -92 -8 -44 -56 67 39 63 -4 56 41 -35 26 -41 -41 36 26 36 -18 4 83 38 -40 77 90 -76 -95 -33 75 53 -86 97 14 85 -55 1 40 40 72 53 5 10 62 87 -97 -53 76 -20 19 -21 20 -6 -51 30 -47 1 -76 -71 -70 -56 -62 41 94 65 37 92 62 -55 68 -72 19 56 -82 29 -36 23 -4 -13 -80 -43 -57 -35 -38 -85 -35 -67 -11 -68 -73 54 -18 70 57 77 64 58 3 88 24 44 -39 -28 -75 -97 -57 -10 11 68 49 21 -29 23 -68 20 92 5 52 85 85 -83 -5 42 69 89 -99 66 -55 11 -63 98 -8 -16 26 8 -21 -81 -67 31 -48 81 -82 -84 -9 -3 -31 -34 -18 -68 -89 88 75 94 72 98 78 -88 43 40 -62 90 -91 -57 71 79 88 -64 55 60 51 25 12 85 -99 2 18 -11 81 87 6 56 84 -61 -1 38 78 87 40 -64 -22 96 -78 89 -29 -29 -18 73 -51 -18 99 -87 -20 -32 29 -68 -54 -58 -26 75 73 66 92 38 34 95 -20 13 -82 8 68 -2 40 -75 -11 -34 -50 -72 52 -60 -13 -29 -57 24 41 54 -10 99 -21 -77 -11 -38 1 44 43 31 61 80 86 -86 69 49 -48 24 11 80 -88 38 -75 21 29 -52 -34 57 90 -95 6 -59 22 32 37 -68 -59 -17 93 95 -56 20 -16 78 -1 -2 -8 2 -39 -27 53 45 -60 55 -54 -79 -65 -72 22 53 66 25 -44 79 3 -65 6 14 -15 -99 -39 -47 -46 -51 -70 68 -55 22 59 -85 -23 96 40 99 -63 -70 49 -40 -63 -59 76 -94 66 21 -47 -13 21 -24 81 16 93 -26 61 79 -82 -7 73 -40 -38 -35 88 -99 -36 12 23 -82 43 66 -20 -67 -50 -57 24 88 -95 24 38 38 -23 -48 -94 43 -20 91 30 -62 -45 24 37 -8 -97 -24 10 -64 -41 30 -97 36 83 -97 -3 97 35 -14 10 3 5 -72 
98 7 -83 22 -98 -71 -95 -96 14 48 -2 9 84 -69 96 -39 -66 -9 -49 25 88 -77 21 -98 72 -91 -68 -48 24 49 -62 -80 -67 -2 -32 -90 1 -27 -58 89 75 -4 -73 -57 -3 8 -44 -10 14 33 4 33 -94 -27 -29 93 87 13 58 18 32 -45 -47 -48 -81 -26 -64 30 -81 68 44 25 52 94 -32 51 65 -84 -34 -37 -79 -42 -2 -13 -11 44 -9 0 40 57 -20 -9 -81 44 -89 73 81 -37 -97 -34 13 -29 -89 -17 -34 -12 89 -12 25 74 31 10 98 58 -45 48 87 -9 21 -25 -28 83 73 -28 -59 36 -46 -40 90 54 -33 -74 22 -34 49 62 -54 47 10 -95 61 -96 -1 87 -91 87 -21 -59 -4 -70 10 -66 -30 -72 -5 93 -60 47 35 -83 -5 68 -28 -52 -2 1 54 -72 -29 -26 -9 -22 68 81 -72 -18 90 -69 -81 18 21 -28 -79 86 34 87 12 -19 -67 -13 -12 13 24 -47 -29 -33 -96 86 -75 69 62 0 40 85 -77 -48 -42 -87 27 0 36 -5 49 -39 -70 -60 79 -73 8 92 -15 -36 -9 -55 -82 -16 -34 -53 80 30 76 77 90 -49 47 -69 9 -14 -93 54 83 -28 71 -48 -53 65 25 -35 -5 69 76 -21 6 -53 -32 42 -3 37 37 13 -83 97 -61 -98 -96 48 -22 -87 28 -82 -62 18 1 -84 -23 -73 -43 54 6 -76 -13 2 -79 89 84 -31 -76 -10 -41 -86 -55 -77 47 21 -49 -12 -72 44 -57 -71 -74 77 28 -27 -96 32 -80 -9 36 21 -47 81 -29 7 62 33 90 56 72 42 18 -54 -74 58 -48 -4 97 12 38 86 68 36 93 58 34 -15 24 -14 10 -24 -78 58 24 -8 44 -37 -34 -82 -62 -98 -23 -53 96 -7 -35 -32 89 9 -88 14 18 -17 92 -9 -98 -18 90 -50 -22 99 -94 78 -4 -14 -74 -91 81 11 40 -54 53 -77 78 79 98 -87 -7 -39 31 -86 -62 -75 34 -58 -35 -26 -34 -36 77 -73 90 30 10 -78 85 21 -93 -86 70 -45 -91 -53 41 70 -35 -88 -28 -42 85 41 -71 90 -68 43 96 29 -86 66 16 -80 87 0 -66 93 4 24 64 -91 -36 51 45 -7 7 -17 -45 87 -32 -52 48 -24 -2 -21 -88 50 -71 26 61 42 48 42 -40 25 93 88 59 -64 -15 69 52 -75 39 -5 -49 -12 -83 9 26 -85 -34 50 -35 78 96 -31 21 32 -20 31 97 -25 23 -26 -48 50 -51 69 64 -67 -76 -30 
-52 72 87 48 -87 -68 -36 -54 -4 22 -16 -87 77 37 -36 -28 14 3 76 -93 -47 16 -96 27 56 98 -19 -15 -9 55 75 64 30 84 -56 -59 36 -58 -44 -61 -77 -58 -74 -76 50 -44 -9 -23 90 -3 27 -67 89 17 -31 -69 54 -3 69 -28 63 -63 -28 -75 20 91 -15 36 4 3 -23 34 -93 2 -92 34 -5 -66 -16 66 96 -27 -83 20 12 25 45 -88 36 -26 -32 -4 13 8 23 -51 -43 83 72 -77 78 92 59 -95 -37 -7 -76 -38 -62 -71 -40 23 -9 20 -89 -30 75 16 -31 -45 7 -16 45 52 90 92 -12 31 -80 -84 76 87 36 -80 46 -15 -49 -99 -84 -86 -53 -99 82 -12 46 90 -13 -47 -58 29 -75 -54 -52 -90 -51 99 52 13 37 96 39 36 80 -88 31 -14 59 -61 -90 -93 37 -71 5 0 -73 67 -20 65 -65 -36 -77 32 40 63 22 -34 5 -74 -28 52 18 32 19 92 48 -58 62 -74 37 -70 59 -76 -12 10 8 -26 -50 -5 -45 21 24 -37 -26 56 -10 -18 38 -38 -46 78 -32 91 57 19 82 -74 21 -52 -89 33 -75 -56 -4 58 80 -13 -38 -97 84 -64 -87 32 70 -64 33 -5 -3 -61 49 -97 -55 -62 3 3 32 68 91 38 55 -65 1 -68 16 69 -35 13 37 -11 56 -75 78 14 -90 97 -34 36 80 2 25 68 -45 55 11 -23 21 60 93 -43 26 -2 82 1 -63 -89 19 86 -80 87 64 -98 -80 -24 -42 53 -87 -49 -46 -91 -57 30 -76 -66 -33 -50 60 -98 76 63 75 19 -24 35 -82 8 -31 -82 50 -61 -70 -91 42 45 -99 -12 92 -95 2 51 17 30 27 -39 -52 -74 78 46 16 44 4 74 20 86 76 -28 -82 43 -73 97 -89 0 42 -31 -65 34 54 88 -63 -20 35 -78 22 -30 -80 1 -30 -1 58 -68 -53 32 -47 86 -81 89 44 -37 55 96 -47 -74 7 72 85 18 47 45 19 -66 18 -75 -81 81 -20 -69 -16 92 5 -64 56 -9 -2 -76 -88 19 43 -16 -93 -40 -19 -86 34 71 31 53 -69 73 -96 81 10 -24 -53 -58 3 -24 47 7 -34 35 18 -49 3 70 -1 74 56 -75 8 24 -63 -92 -43 -60 70 -64 -49 4 -37 14 99 -84 -45 -69 78 0 83 -81 -74 60 53 92 -18 18 5 14 53 -2 -62 -84 -93 25 -78 -54 59 -17 10 -22 15 13 -52 -88 50 -58 94 -91 -86 -37 72 79 -67 -24 
-51 -8 -48 74 -49 58 13 42 -49 99 -19 32 26 14 -24 -56 -25 56 83 67 94 -29 -23 -78 50 82 98 -10 -13 29 -7 73 2 56 61 -46 -96 -27 -57 -20 73 -86 17 52 61 -88 73 89 5 -40 28 -86 58 55 -80 43 87 -45 94 4 31 -2 -85 32 72 68 -78 -13 -87 -81 52 81 -6 -6 -52 -78 83 33 -67 -21 -16 1 68 -70 -57 94 -7 -9 -16 -41 -29 88 -16 79 50 93 -1 76 92 -4 0 -10 29 -19 -85 35 49 -92 64 38 11 -62 -94 -38 36 -11 94 11 -8 -51 97 -14 -53 90 71 96 97 -5 2 57 10 -94 -28 8 43 -60 80 63 15 -96 17 46 47 51 15 14 41 -7 39 59 -75 57 -35 -5 52 86 -35 0 -97 -26 -53 -18 -75 -71 10 57 75 -17 53 -34 79 -99 71 41 59 -99 -69 62 7 6 85 87 79 89 35 -63 -71 -85 47 72 -14 88 75 86 99 -19 -57 83 50 -37 -30 27 -41 -15 -67 2 74 30 -13 5 1 -77 -17 -60 19 -85 70 94 33 -90 16 -76 19 -97 80 -66 75 2 46 30 42 31 83 -8 -20 6 87 -30 70 -51 30 -61 -28 -67 -70 57 -74 28 11 -55 33 35 -52 26 83 1 -39 85 7 30 -28 35 69 -35 23 -63 19 -24 67 -84 35 -10 19 87 -53 -77 -31 9 54 93 -89 -39 -58 18 96 -17 6 68 33 94 60 0 23 -33 93 40 65 66 -39 -65 -15 73 -33 54 25 70 32 -63 -75 -39 -55 62 1 12 -83 78 31 56 93 18 -7 -87 -51 72 8 -45 93 26 -1 46 -94 19 -4 4 81 1 -36 37 -53 -10 -3 -59 -56 -11 94 29 -1 -64 28 41 -2 60 43 89 63 -27 -78 -75 -9 -11 59 -59 96 -71 37 -1 69 -78 -68 -66 20 -80 35 -28 14 21 49 -59 39 3 -50 -72 -13 97 -28 98 8 -76 -68 -69 -79 91 -8 8 -8 -77 24 -53 35 2 -62 -33 -68 62 64 75 -3 -65 -32 69 32 -76 -33 32 -65 -1 11 -52 -1 -26 56 25 30 58 -8 -30 60 -38 50 -70 30 -10 36 -60 36 -85 25 -68 -52 -66 66 -66 -11 -98 -37 5 67 -7 -97 -29 67 -64 90 -78 -55 -24 29 -58 -80 -36 -10 94 50 -70 -6 -14 36 70 34 19 -4 -10 6 50 -68 -93 1 88 -47 -60 -29 97 52 -16 9 -72 -28 -39 -77 38 -4 -54 96 -85 38 29 -43 -99 -88 -45 
58 -54 90 98 94 -5 26 -65 -9 54 39 -7 -80 -11 -57 -9 98 16 30 -42 -63 34 -69 84 1 -71 80 -9 51 8 59 17 -27 46 51 87 19 -57 55 -55 -45 -60 -12 4 -40 -33 -61 -77 26 -45 47 76 47 -33 43 -12 48 67 12 79 -87 93 15 -58 99 -78 -80 78 -88 -6 -57 -74 92 -91 -60 -14 22 82 -80 -25 37 -26 -97 52 8 4 -67 26 29 63 13 -76 26 9 -65 37 -57 31 76 22 -49 48 -38 29 -17 -79 46 -86 11 -17 -90 40 23 -36 84 -81 -44 -92 76 -2 -88 39 -58 -88 -78 -3 -87 43 -20 -99 -17 -98 -39 66 62 35 -12 65 -60 -73 81 -88 78 38 54 82 27 5 70 37 -33 -68 -86 -84 68 -2 -27 34 -6 62 75 47 48 -74 -55 5 -57 86 42 94 -70 -76 94 40 -55 -13 -86 12 45 1 -22 -53 -28 -48 27 -57 11 -35 2 -45 -31 27 -2 -11 -40 66 18 15 44 22 0 -43 8 -30 96 4 -96 64 30 -99 -2 95 -49 -79 -58 11 27 -99 1 21 -57 -72 -28 29 -98 -98 14 59 11 -86 -44 -91 22 61 -90 22 -22 99 -36 14 12 23 25 -96 39 37 70 25 -67 -38 -55 75 -27 -87 19 -7 -83 -40 -73 68 -4 -89 11 -22 52 81 -16 -63 -60 22 12 6 -21 -15 11 -62 74 -27 -35 73 -58 -33 96 -70 -14 68 2 70 -46 -66 19 21 -40 78 91 -44 78 19 57 63 30 -9 -52 -27 33 53 54 -61 -66 66 -87 -72 -99 78 -7 83 -81 -53 94 -90 -98 -12 97 5 68 86 -44 63 0 5 -30 49 76 92 85 78 -83 92 62 77 5 -18 78 -7 98 61 -22 -70 -44 98 15 54 94 84 42 73 67 1 -23 -48 99 33 -24 -29 -47 -60 -52 46 23 27 26 21 -78 -81 -92 34 72 -59 11 26 -8 69 -37 -56 -85 -87 17 -27 14 81 -63 -97 -99 -40 -61 -3 -89 -56 7 -34 -11 46 -53 -70 32 -67 -76 -20 68 -64 -2 24 -96 65 79 -20 55 93 -72 -52 12 -81 33 -42 -25 -97 -64 -69 -86 -25 -54 19 -36 -66 -95 61 -5 80 -71 54 -16 64 53 74 -56 -41 -11 -4 -77 -90 97 68 76 98 11 -77 75 -89 57 -66 42 -96 -6 86 11 71 -73 39 50 -54 74 -23 91 70 -24 87 -52 13 -6 -83 34 -30 -10 -94 69 -65 -44 98 -4 -40 8 -67 -50 57 -8 8 -95 -34 51 -90 
16 39 -14 -37 -22 -36 40 -64 60 -42 -58 -33 -44 16 -47 -12 97 72 -96 -50 -86 -44 99 -51 73 98 -5 57 -3 57 -69 20 -45 5 -94 -8 8 81 68 56 74 -82 25 -3 29 52 -60 76 49 17 -99 34 -83 2 -70 -35 27 82 -63 66 24 -88 29 -56 -23 80 86 -62 -74 -44 -41 -20 26 79 52 -42 44 -58 -74 -38 -77 73 72 7 -61 -4 35 -5 -60 59 28 30 95 -39 89 18 -29 32 -73 -30 55 -83 93 2 0 -42 -93 24 37 14 90 -7 95 -63 -41 21 -40 96 37 -52 -83 10 29 -25 -96 95 -1 77 -61 90 37 85 -33 88 -4 -21 -73 67 -46 2 87 -7 -36 20 60 37 -24 -10 72 61 -32 95 -23 -88 -91 21 -80 72 -5 -85 -73 79 44 50 7 58 6 -3 -88 -87 -29 62 -77 -69 19 -17 19 62 -44 55 15 -26 -64 -62 -14 69 51 53 -74 -25 -74 90 -39 21 -18 -15 39 -57 72 -95 -87 -67 13 2 -18 -57 79 -75 88 -33 72 -77 -95 -16 67 71 -80 -82 -14 -83 84 -50 -86 -11 46 66 34 43 36 -12 -40 46 -6 92 -49 48 17 -59 40 -88 30 31 49 -73 39 -33 96 -78 2 87 -12 -48 70 73 -32 -37 -30 -40 -6 -57 83 35 -24 -6 70 -47 -3 57 -41 32 83 40 -82 -68 -47 31 -42 62 -95 11 -30 5 -55 -3 69 -50 -28 54 26 -87 69 25 48 55 -24 -46 -34 73 -20 -85 -17 -14 64 -94 4 -56 64 -37 53 -59 -79 -43 69 -41 -45 53 -15 47 -43 74 26 -73 81 2 -27 14 93 87 84 7 71 2 48 -32 -77 -3 -11 -64 9 -58 -44 -3 -81 70 61 -32 65 -50 25 29 32 -75 91 4 -6 -61 -51 -57 74 -74 -55 36 -75 -3 87 -61 5 31 -48 -94 25 20 -52 26 81 94 21 -88 -65 -56 50 -46 54 71 57 73 -81 -62 -87 -70 -55 89 -25 39 69 5 -50 57 -58 24 -51 47 98 -53 -46 85 -56 68 -68 67 33 -76 30 11 -42 -55 -63 -6 47 -7 -88 64 -57 32 -17 90 -16 27 59 74 39 -49 17 -49 90 94 -55 24 48 -7 92 -93 45 72 -19 -15 23 2 -10 19 -18 60 -92 -38 52 36 90 60 91 -36 91 73 20 18 -27 69 12 71 -60 92 -47 97 48 98 65 -63 32 -79 -57 -70 -78 67 -62 -5 42 36 -64 13 -1 -52 25 -58 -35 -67 81 -72 77 51 85 -24 
1 -1 25 39 -79 -27 1 -41 91 61 -43 -88 16 -15 76 -54 -34 -39 -65 -31 52 -51 -31 -84 -25 57 37 -57 -96 72 10 74 -95 -16 -18 -24 78 -12 -91 74 -20 -20 51 92 72 -55 -27 89 -87 6 71 71 -89 -80 -18 6 0 -14 -90 90 -59 -92 33 -8 71 16 16 -44 5 -64 53 -16 30 -24 -46 47 -68 -12 -53 -31 -41 40 -86 -10 -55 -19 70 94 94 -84 70 28 53 -74 15 -17 36 -7 2 -8 26 -1 -85 19 87 80 76 -21 -50 -53 -70 -48 -37 -9 -94 -51 -95 -83 52 23 94 42 -97 38 85 90 93 -1 46 74 91 61 -18 92 50 68 43 -81 -25 -12 61 50 0 -28 93 -16 -91 -61 52 -96 93 -1 82 -45 0 37 63 31 86 22 59 -50 -17 -97 24 -8 33 55 -97 45 16 -63 -19 -9 -85 -10 -34 5 -7 -20 -35 -16 37 -75 50 -91 -95 -34 -77 -31 89 -74 15 38 -11 81 19 69 -23 -5 -86 78 -85 -85 0 -10 -90 -2 -92 39 -25 53 -71 59 73 -2 -30 -49 38 -1 -88 -75 -52 -49 95 -46 -36 61 10 27 79 -66 -94 32 64 -22 -74 65 -98 -51 -40 64 85 -95 10 31 -64 -20 -72 59 97 4 60 -20 47 96 -68 40 -22 68 -46 -37 15 80 -47 -85 -62 74 74 28 -48 23 -58 55 -34 -93 -10 -6 -26 -7 54 -58 -4 11 -91 10 -75 -5 -66 -96 -86 -43 50 34 5 72 -89 -69 84 -83 10 -46 0 35 52 -82 5 61 26 -28 81 -78 60 -99 58 81 43 91 -8 -95 -45 79 63 12 84 -69 81 -90 77 82 70 45 10 -85 1 89 68 -51 -65 68 56 51 -36 16 -33 35 87 -29 -36 91 -59 -19 97 32 3 12 -51 72 -42 87 -66 -35 5 -34 62 -22 -15 58 -52 -88 -95 -12 -2 48 -59 -48 -89 -27 32 -3 -52 -58 -54 -59 39 -45 -17 99 -18 -62 -41 0 -64 -28 10 76 68 -61 64 39 26 33 4 -22 -55 -24 75 -97 71 -62 -77 -92 54 -97 -77 -66 41 -95 69 -87 38 70 88 -2 -79 25 21 6 -92 -10 -37 -39 -47 -2 71 90 -25 41 46 -62 10 84 0 78 -82 -35 3 66 8 64 6 -81 -51 -57 97 2 -94 42 -16 78 -91 52 18 -18 22 24 -41 7 9 -86 -58 20 -67 25 -84 50 23 -19 -6 13 89 18 17 15 -11 23 14 22 86 2 -5 -83 -25 42 -90 20 40 -10 -73 -94 
13 -8 -2 -54 -43 39 -62 -9 30 -68 -80 -61 -50 73 4 60 17 -25 -53 99 -95 81 90 99 -75 -59 -65 25 60 -29 53 -7 0 -60 -70 3 -19 -64 78 30 47 -70 79 43 31 -61 17 -59 2 57 16 40 -87 52 -77 -23 22 -78 1 -89 -18 -29 91 -94 94 -53 62 44 -51 -19 27 -71 -39 -54 -12 18 -46 -85 -19 -24 91 -6 -44 11 -88 -52 -44 53 -23 -42 91 14 83 -77 75 41 -64 -65 3 -49 48 -90 21 10 -29 17 37 -81 54 99 38 45 -53 -31 -21 7 13 -67 0 -65 77 80 -58 41 19 -45 -81 95 72 83 -27 -99 -84 -85 45 90 -79 42 32 96 -23 -80 7 -10 -60 -37 42 -13 -25 -34 10 52 -74 54 -37 56 27 -73 13 58 -32 -92 -67 99 32 55 -41 20 -30 47 58 64 -50 65 52 15 24 18 -15 71 68 -66 21 2 35 -27 43 87 55 91 95 14 -2 46 -6 49 56 -84 -94 -61 -79 -76 -54 32 42 87 -47 23 62 -25 -11 77 -57 -10 -51 10 97 54 -45 60 33 -34 -14 -54 -17 4 -52 15 29 79 -96 22 -45 23 69 39 -28 1 -36 7 -98 0 -16 -16 93 80 -17 -72 -80 -17 78 -73 65 -3 44 -2 -10 80 -71 -43 34 -76 -81 4 36 26 84 86 36 -51 -45 -4 96 59 45 -66 61 -53 0 -27 19 -94 -56 3 -93 -43 -19 -55 -1 -98 83 65 5 -45 -68 -19 -96 79 -74 2 -88 5 -58 -90 -16 -90 59 30 35 -72 -51 -77 92 97 90 99 87 84 -83 54 34 -38 -92 91 -18 11 66 15 77 -79 73 -84 -15 37 19 97 76 41 -72 7 -20 91 60 -79 84 31 4 59 -13 -54 -81 92 99 79 -94 17 -77 56 -75 -6 58 -46 20 -86 -43 -89 91 75 69 73 27 -40 42 34 -88 -64 -19 -95 51 -49 -39 37 1 -14 -20 4 -3 -14 -38 -14 -9 36 55 -90 5 -85 -24 84 13 -16 -96 18 -48 80 79 81 91 -33 85 -84 10 -61 13 49 -13 93 38 -53 47 38 81 23 -40 -44 -4 -18 -56 64 32 -50 -83 -72 96 20 -95 57 -5 89 2 -23 78 -78 5 20 -8 4 50 -67 -51 -83 -68 -23 -94 -12 73 -70 -86 -39 35 73 98 -44 76 -91 13 83 -97 -61 72 41 56 25 84 -87 38 17 58 -83 40 53 -33 49 -59 31 -23 -36 -83 97 -40 99 -45 81 -8 -47 -14 -45 65 77 -93 -61 
41 50 81 63 -56 -64 -75 -82 86 -66 85 99 -8 11 43 -4 12 26 24 -39 -5 45 -75 -12 -90 49 13 -73 -25 -68 94 98 9 -40 -17 75 -60 40 94 70 62 -5 -69 77 36 65 87 -39 -25 -17 -58 -17 -73 -24 -21 56 92 -47 -61 -22 -89 39 -15 24 -5 74 -53 -61 71 -66 53 -13 17 -26 -5 90 92 66 66 -88 76 -28 25 -76 -90 66 31 -20 97 -35 -41 -40 -45 -10 -88 -54 1 95 -99 -37 47 53 54 -59 -37 68 46 3 -68 -63 -14 -4 40 -10 -22 -92 8 -50 6 15 57 -17 12 -47 -32 -98 21 -5 5 -15 -9 -49 88 -33 -37 -31 89 -58 -68 44 -29 -7 -1 -9 98 -99 -81 -50 1 59 44 -21 85 -33 -15 64 -76 -46 -63 63 31 -96 39 -64 -2 -29 59 -62 -99 -82 42 2 72 -55 69 -29 2 -41 40 -98 -20 87 28 -83 -59 73 -90 -33 40 -75 98 -62 84 73 12 -20 87 -44 97 74 10 51 -84 98 78 -98 -25 36 -57 18 -47 -31 80 -73 56 40 95 54 95 93 49 51 87 -98 80 -90 -41 -92 -81 77 50 -96 81 -9 -30 -19 10 32 -95 -14 92 60 -59 61 18 -6 -96 -12 0 -9 67 -25 -5 -31 -33 -64 48 94 71 -94 30 -47 -35 -89 19 -16 36 -7 -66 -96 -72 -86 -62 -2 -29 -88 23 -28 92 27 -48 92 27 -97 33 -23 78 -87 -5 -30 -43 -76 -61 -72 -30 -54 -89 -62 86 -24 -37 77 -9 -59 9 -62 23 -50 35 5 90 -79 91 99 -75 -67 -33 31 -25 71 43 -59 97 74 75 12 -61 -45 -46 -43 -23 64 54 -22 -11 89 17 -18 87 -28 -93 98 -89 -71 75 13 -81 80 -89 23 26 12 24 -58 -6 31 -84 74 -42 -90 -5 74 -90 25 -51 25 -38 72 49 30 34 -1 -61 -77 46 -60 3 32 -83 60 91 -29 75 -35 18 35 -46 32 -83 -83 60 15 -11 -82 95 -81 27 -32 94 33 -89 -90 -53 -51 75 9 -65 72 89 82 -27 81 -16 20 -19 -14 -51 15 -99 77 -22 -63 90 -30 6 -86 95 35 -13 85 -17 78 45 45 -14 -96 40 -49 95 6 -74 20 16 -85 -28 49 81 -35 53 69 35 61 -86 56 39 34 95 82 -55 93 36 51 -25 -55 15 -78 -72 -28 70 71 -76 -83 16 98 -7 28 -46 -71 60 83 81 47 38 -92 -15 66 42 -32 -48 -26 28 -90 96 -63 89 62 26 88 90 94 
-17 -42 96 -56 -86 31 -75 -83 8 61 -55 89 96 -69 -63 38 95 83 48 22 -86 65 -56 61 -67 -60 30 25 -4 -42 75 -28 -95 -76 -97 54 -53 -73 50 -26 57 43 -21 24 5 29 36 -97 63 -49 -46 80 -97 34 31 21 27 -76 -89 56 90 68 94 1 76 80 42 -21 90 -39 81 20 69 -66 15 -43 -38 -21 54 -87 -46 -85 -2 53 16 17 -85 26 37 11 -6 8 -81 25 37 -57 -80 2 -38 77 34 -33 -51 -92 61 -76 -79 -11 33 -50 -77 -91 73 77 -99 82 -67 78 25 74 67 -9 -50 -38 -64 91 -59 -79 32 55 54 5 -21 -24 57 -84 25 -3 40 -16 -69 -97 51 29 -18 6 -7 4 42 -50 77 -73 0 -89 -1 -39 45 64 -10 83 60 73 -6 -87 -95 15 25 85 67 0 1 31 79 66 60 40 -57 63 89 -49 -86 22 -5 -93 98 -50 -28 13 -73 -68 -88 -51 26 18 -5 46 -98 -92 20 23 8 -23 38 -12 -49 -72 -13 68 7 75 -55 -50 -36 15 52 -32 6 15 -87 -47 -92 15 -85 56 -65 45 -45 18 44 72 17 28 45 98 5 68 -6 -29 79 9 -2 62 -4 -73 -14 -87 63 91 75 11 10 -23 94 -37 84 -18 -98 -28 -15 -3 -85 -76 -57 97 88 1 93 52 -30 -58 60 -88 55 42 26 -32 21 -39 -7 -45 -26 -30 -66 -84 -96 19 -13 59 88 16 5 -80 10 4 63 56 -37 -84 47 82 -46 51 -61 -72 98 28 -37 -12 -45 67 83 -68 -52 -80 31 88 -64 25 70 -82 36 -13 17 -51 -60 -13 61 27 -65 -1 85 -3 -65 37 -67 -30 22 -39 13 -67 -81 -64 55 26 -44 18 62 -82 31 82 -76 19 -69 24 -98 76 25 7 97 27 -12 9 44 60 10 33 4 46 38 45 -70 -25 92 -67 -90 0 -64 20 66 -18 -52 91 83 53 -60 64 -49 -73 35 -3 14 -32 16 -35 -99 -31 -6 -30 64 -8 0 82 13 53 -35 -46 -75 -81 71 73 31 -41 87 -54 99 69 6 39 -63 82 46 -51 60 59 -43 -56 46 50 76 -26 -97 -59 -56 1 39 64 73 92 -6 -65 -9 56 19 23 96 3 68 83 -78 75 42 24 53 -15 -96 73 65 25 86 -11 28 98 53 55 82 -72 65 5 -69 99 88 -95 37 -22 -26 -24 -63 17 -37 5 -77 30 67 61 -38 -40 -46 -56 -28 78 -29 -95 65 -5 -3 60 75 48 97 -34 
-99 -6 -8 -25 -3 -93 -81 -19 -54 1 37 -93 92 -44 18 -67 53 -14 -31 33 -47 -25 60 -59 -15 -88 93 -25 95 -51 -51 -67 -11 -13 -98 -76 -28 43 89 99 -89 -99 -43 89 -41 -33 -15 73 60 -94 49 67 -67 -90 -68 -60 -40 88 49 50 94 -59 -19 -13 -83 86 91 24 -92 -83 67 22 -7 -9 69 -48 30 -92 1 78 24 28 -21 -64 -53 75 39 -93 78 -34 -18 -36 -66 -67 35 -25 -20 31 -83 -21 -4 -84 -88 -66 -61 72 -69 -81 -9 84 -85 43 98 53 -49 -47 76 62 48 74 73 -88 87 -42 -8 28 -36 38 58 86 12 -12 -60 28 96 48 -63 13 -90 49 -24 1 -83 22 86 -55 -28 -66 49 55 -29 -28 -10 21 -21 35 -43 -3 -99 78 75 48 -45 76 91 -29 -93 10 86 72 -8 24 -36 -46 80 -35 33 -68 61 53 -29 34 -32 91 -13 -80 10 29 96 0 -79 -39 67 -92 73 -29 -86 -12 -93 25 -61 -91 38 94 -24 39 90 -14 98 -97 50 -82 61 42 -59 20 -65 -35 15 69 57 -3 -82 -17 -85 -80 38 21 -20 -78 74 64 -48 41 -76 1 -49 11 -24 -36 -47 9 -81 92 -83 51 -58 -24 -51 -28 -24 -87 -65 75 -72 -1 -53 -67 -2 -56 -87 74 64 -77 -34 -81 67 -81 -61 90 -20 66 -85 -67 -79 -91 50 96 31 69 58 -44 -48 -54 64 -15 -2 -36 70 -73 -16 17 45 -55 80 29 -1 -81 -98 47 32 -41 -43 31 13 -49 -73 -10 18 75 18 44 -62 57 82 -14 33 5 -10 61 -95 76 -28 14 -44 -37 69 -27 48 -51 73 84 41 -41 -25 87 58 67 -48 60 88 80 -9 -62 -90 83 -15 11 -63 12 46 32 -17 19 16 4 5 -48 58 -26 -41 -21 -92 24 17 32 48 93 -96 19 88 3 42 -66 -18 15 -62 -33 25 29 -82 77 -15 -11 -53 -77 -84 -48 62 66 87 77 83 -93 5 89 -6 -86 3 -60 -82 4 47 63 -26 -12 37 -92 -30 -95 -89 78 -99 0 40 63 -44 -53 -47 -15 -87 -12 9 97 93 -39 -16 -69 -84 2 10 77 -19 16 -56 -82 90 -78 15 -61 61 23 -35 24 -82 43 54 91 -54 -16 84 -71 50 -71 19 -62 36 -34 -60 -37 -27 -42 -79 -14 84 43 44 5 -89 13 -80 -69 -80 -23 -76 28 -17 -66 -48 -1 97 56 16 -99 -48 96 -70 -65 5 73 46 94 3 37 -2 41 0 72 27 -10 
65 0 34 -67 91 17 65 -51 -42 -8 69 -55 -93 -22 -69 -83 70 28 96 -13 -62 33 89 -66 -44 27 -81 -84 13 16 -18 -94 -34 18 -79 -42 -93 -9 19 6 -54 0 24 48 -86 -36 26 20 -91 56 22 86 86 56 3 48 25 42 38 -89 -15 -14 11 75 2 63 -45 -85 73 -60 -44 -16 -35 6 -91 -8 -30 -46 -24 85 76 42 21 -74 84 82 1 -32 53 -75 57 22 92 -45 29 -12 9 -69 -75 -60 -55 -96 60 93 80 -81 97 -46 -91 84 -64 83 -99 -88 20 87 6 -17 -29 -81 -9 50 -45 -55 24 24 31 -39 1 6 28 0 -11 -19 -3 43 67 41 -88 75 74 90 6 10 85 -17 24 55 -26 21 84 26 -26 -13 59 -1 -86 24 -43 -60 -26 76 -53 -40 -17 71 -24 -96 15 8 -51 58 57 -32 33 -39 -85 39 -13 71 -41 -73 -8 -28 45 99 40 3 73 50 -41 -31 33 56 -95 -90 19 -2 -48 -93 -10 -18 -47 -30 -40 -93 76 60 -82 -6 6 9 -27 23 87 6 -38 83 -83 4 -4 57 2 50 -2 53 -62 -30 34 -82 27 -19 -25 -78 17 37 -69 28 72 -7 -65 19 -74 -95 76 -37 47 3 -4 26 51 11 -45 -69 -2 -46 -1 -25 -36 -42 11 -19 50 19 -5 -18 -91 -81 -36 -18 -26 7 -11 86 67 89 42 -6 22 4 62 82 20 -3 -1 85 69 -59 81 -78 46 -79 -86 -65 12 -59 -11 -21 11 -99 -98 81 8 -85 12 95 -99 -11 -43 -37 -87 -57 54 -1 -53 94 -40 65 85 -28 0 -76 -74 -68 14 -79 -81 29 -59 -73 52 97 -38 33 85 89 -14 6 39 -71 82 42 99 -17 -84 -12 -37 69 -88 8 62 33 -41 -59 -43 -38 -32 -55 56 -4 15 -33 -94 -77 77 76 -73 67 67 -23 -22 -8 -2 -64 -28 -80 31 -78 17 -87 -90 -83 -40 76 -61 62 38 12 74 73 -12 -83 -44 -96 -8 -51 91 42 64 79 -72 29 23 95 -9 74 -1 -92 34 69 2 -19 54 55 17 -52 33 -92 18 -21 13 -95 -42 -39 -50 70 -57 47 95 27 -85 -13 -49 44 26 -18 -3 -46 -67 65 -63 96 21 -75 -40 -48 -44 -10 -17 21 -47 52 -27 96 20 60 -34 64 69 -85 91 57 33 81 31 -32 51 -43 -70 -2 0 7 61 -3 -5 24 18 -72 -26 40 -27 -52 -86 55 -5 -95 -88 45 17 -57 96 15 -70 18 59 13 -20 7 -89 23 
18 92 43 42 -21 93 -82 56 0 36 -53 -99 -32 -41 49 -31 92 47 -22 -92 -37 95 92 -28 36 -6 44 66 -17 99 24 -53 -67 -81 47 -89 -94 -28 0 25 -75 -76 32 -1 -20 -76 -74 74 -71 -30 -21 66 44 38 75 -29 85 62 49 18 8 -22 96 -80 -8 -43 -53 -19 -96 14 -3 33 54 35 68 -4 63 39 47 -53 78 48 -44 38 11 -50 -63 -39 -70 -33 84 74 1 -30 40 -34 95 12 -45 49 79 -1 10 -57 97 75 33 -87 -78 97 70 -11 95 -77 24 35 59 -59 -80 -11 2 -89 -29 -61 20 -67 -15 71 51 88 92 -57 -80 -36 17 -85 76 13 57 65 -96 20 -5 -97 -87 25 -18 32 33 47 76 59 47 -40 -58 75 -96 -79 -66 -17 -17 -17 -2 -15 24 12 -53 3 -75 80 12 2 -66 -72 33 81 -90 54 40 32 -45 -95 6 78 53 -89 -88 -86 68 -82 42 12 -74 93 -77 -6 -28 43 -62 -40 24 -96 -81 97 -77 -1 76 -48 -24 -32 -45 -64 92 74 -81 -23 -8 -47 71 -91 42 33 5 -36 -40 -60 59 82 -81 -50 71 98 -69 -28 74 88 19 -55 -38 36 51 -79 25 -62 -41 -18 41 -18 77 9 91 -52 -63 -90 0 8 79 -21 18 62 68 89 -85 27 52 37 56 -54 90 69 73 -50 -17 -2 33 -70 -86 -84 7 20 -94 -4 58 -54 -96 -16 -48 10 57 -76 83 38 -61 -52 -25 -13 37 -19 -78 -71 45 76 73 4 -64 -53 -27 98 95 92 66 -90 47 92 65 46 11 20 60 -71 44 86 22 -54 -45 71 -26 -23 -82 -53 7 -67 41 -7 36 10 48 -25 49 -73 90 -73 -52 33 -74 71 -43 -43 38 -17 9 88 -28 40 14 -52 -73 73 -20 -38 33 74 -7 -56 14 -85 -82 70 -23 22 79 -73 61 90 -76 2 3 38 -14 -52 10 28 22 -26 -50 22 -16 -94 40 -40 -60 -66 -25 -35 -25 -87 11 62 15 -15 -47 88 29 -93 83 -10 16 58 -8 92 -45 -18 64 43 8 -99 68 -3 -67 42 -5 -1 79 48 -90 82 58 86 -72 56 -89 -83 56 -96 -59 -30 14 27 -12 -63 49 -68 -58 -76 -15 -23 -49 12 -71 59 78 -59 2 -10 -95 24 -84 -44 97 -58 -32 -25 -73 -8 -57 -6 3 -83 87 -5 19 70 -89 -89 40 -7 1 41 -83 80 -21 -99 -83 83 52 -74 -68 73 -13 -94 -44 -85 53 29 68 29 -14 -51 -48 41 
-84 88 -99 -12 92 -80 20 44 -12 -23 47 -25 -22 73 21 46 -84 64 92 -26 -39 -81 -22 73 15 89 85 81 68 18 0 2 27 -40 99 -20 22 -27 64 26 67 55 99 -72 -67 -8 45 -97 9 -76 61 -4 54 -92 -13 -85 61 26 8 -41 51 48 -25 86 -74 61 35 -34 -94 18 -27 -16 72 74 43 -1 28 -64 55 87 59 86 -73 41 -67 -81 20 30 -82 -97 76 37 42 81 -18 11 96 38 -67 95 -3 61 -49 55 14 -37 -74 -55 95 -88 -69 63 -24 62 58 41 -29 55 -9 -25 85 44 78 -12 -4 91 6 -13 -62 -68 34 79 61 42 89 -55 86 -86 -60 17 -56 -12 28 -9 -90 92 35 -47 -11 20 -37 -66 47 39 15 -22 -21 -23 -88 -10 24 -85 58 59 -90 92 -47 50 -6 43 93 98 30 32 -15 60 61 78 -84 34 56 46 6 -81 62 -58 97 69 -97 -30 41 23 -22 20 72 4 -2 -58 -77 0 85 -63 3 -35 56 37 -16 -44 -56 52 39 35 84 91 -59 -94 -95 -3 85 -46 -8 94 -50 -81 67 -56 86 -86 31 47 -77 50 24 40 -31 22 35 -5 -46 58 -87 40 24 -64 34 46 0 33 -8 -18 -52 19 -82 39 7 5 73 44 -9 83 89 -69 -40 87 -14 59 33 -26 -37 24 36 -88 -30 1 33 12 -90 -71 93 -66 57 2 2 15 63 -44 61 42 88 -56 -44 -97 -97 41 -84 26 -9 97 51 84 -58 -26 -16 88 35 18 -25 37 -39 -46 -54 6 77 -40 44 -12 -75 -75 36 -50 -81 -73 31 57 -91 -42 -45 79 -93 55 28 -86 -6 88 95 -11 -66 42 40 11 18 64 -42 73 -57 83 -50 -54 -25 87 5 9 14 3 77 -1 -71 -11 52 -49 -87 -39 -90 52 -85 -58 -48 44 -58 82 -39 97 25 68 12 -74 -12 -65 6 61 2 -84 54 1 72 49 -99 -62 -40 -94 -4 -21 -99 -96 -11 51 15 37 76 -18 44 79 18 90 -98 98 69 -21 -72 1 44 -68 -27 77 79 66 -30 4 -76 -19 -18 -58 -80 -71 7 -93 -92 92 -82 6 -61 91 9 35 -95 77 83 20 37 15 -77 -31 46 -78 99 -31 -75 -26 95 68 -24 65 -49 -76 -31 59 17 -16 49 -13 90 -56 -44 -43 46 -53 58 -91 -18 28 34 -93 -86 -17 -63 88 38 50 -88 58 17 -96 36 -42 3 -54 37 -3 93 14 -54 40 47 73 89 59 80 78 -67 66 
57 -90 58 93 -47 -77 50 -79 -38 43 -23 81 -52 -31 96 -17 -13 26 95 -7 -89 -61 -59 55 17 15 47 41 -51 17 54 -73 15 52 54 -23 70 -75 7 1 86 63 -1 34 15 -14 -41 36 63 -83 60 62 -9 93 -75 -4 3 52 81 -23 -1 82 -98 26 4 35 -87 -15 78 58 -32 9 7 26 5 3 -76 70 -29 -32 -93 -38 -4 49 98 80 -68 57 -74 60 -6 -99 94 56 -38 -65 89 -96 68 -22 -35 -79 -92 -13 -35 40 36 -28 -42 -63 29 -72 -30 -96 -90 95 -17 -42 75 -73 15 47 63 -57 75 -83 4 -17 46 29 -29 -89 -98 -96 -52 5 46 10 -59 18 -19 -40 -26 27 84 -53 24 -32 -33 -15 -47 59 81 -49 45 -4 29 -96 73 -72 29 46 13 99 -99 63 -46 29 53 -95 -83 51 38 -23 -75 7 -72 22 -28 -65 22 -50 -33 -66 -19 -99 -89 -16 86 -82 97 92 -27 -78 69 90 -42 -81 -60 -10 29 18 42 74 -50 88 -52 -30 -42 -72 65 -46 -34 -34 5 -4 -51 27 43 -8 93 58 -53 29 56 14 26 -72 45 -17 -4 46 0 -21 73 53 -16 58 54 -83 -57 -12 99 84 60 13 -36 -81 65 53 -29 0 -58 21 -93 50 -93 80 -87 15 50 99 -39 -82 35 -58 42 -15 55 44 66 73 -99 56 77 78 15 0 88 2 57 -35 36 85 -33 27 72 -34 60 5 43 -81 35 -27 17 22 52 -78 -2 -41 -78 67 89 -35 -44 -84 82 50 -83 -38 34 -20 32 76 -76 20 -48 30 89 -52 -30 69 72 -29 -88 -93 93 -61 -52 68 67 96 56 -55 38 -54 -49 -54 11 -54 -34 -68 2 78 73 -32 0 -60 -9 -88 -56 -3 63 -50 3 61 -30 62 66 -58 -73 -76 -77 13 -22 -43 -26 -70 -95 55 39 -62 8 5 -58 20 -87 -54 -87 -60 26 15 -95 11 -48 -13 -82 46 78 -66 22 68 -22 25 -86 21 49 -22 -95 63 15 79 88 28 3 72 79 24 59 -20 -16 16 -88 -53 51 -84 -44 -17 -24 76 19 -56 60 53 -65 -92 -59 -71 -53 -53 -18 -14 -71 53 25 -16 -44 21 55 6 4 -32 84 -10 76 -23 75 -1 42 -66 19 64 19 -89 27 59 -58 -99 44 -93 -8 -70 39 -32 67 72 -70 -2 -86 67 54 41 -52 -61 30 46 2 -96 -48 45 -41 -99 32 -48 18 -20 -18 10 -8 63 15 -46 20 -76 -79 41 34 93 93 -39 
41 88 8 38 71 50 -16 0 78 -13 -70 3 -36 7 81 -87 2 -37 -6 -5 54 -14 54 33 -87 52 -48 2 -54 71 -45 -73 14 92 -8 -68 -65 -13 -13 27 9 83 5 -85 29 -96 43 -56 -65 64 81 -70 -53 -17 -92 -65 -7 -28 -66 7 -38 90 31 -25 19 -49 97 -48 -55 98 -42 -66 75 -19 55 50 -27 39 -58 78 29 20 -60 -41 62 36 71 79 -97 65 82 -24 -44 28 -14 83 23 -6 92 27 86 -3 30 -45 7 58 -31 -86 -76 -10 12 39 6 26 75 -6 -21 -77 -18 -16 58 46 26 -76 49 26 92 61 -93 85 91 -86 -76 -46 18 87 45 -39 45 34 -9 61 36 -82 -32 10 11 -96 -86 11 -41 -73 58 -44 7 -37 5 89 -26 10 -6 83 -45 63 66 -91 76 25 9 61 -66 37 -69 -43 9 28 -68 26 -54 -77 3 71 66 -51 77 32 76 -98 -31 17 -69 -72 -11 39 90 90 -30 57 42 90 97 -3 91 -22 9 -26 3 -82 88 58 -40 -21 88 -1 -20 -12 -62 -90 32 42 65 71 9 42 43 4 47 40 -63 -70 33 -97 88 -69 58 -58 6 -61 -94 29 80 -43 10 98 -67 21 -78 76 -91 16 -44 49 62 -23 68 77 -47 21 -74 -81 -84 -19 -89 -92 -58 92 -82 42 14 74 79 35 -8 -37 -64 -65 3 -41 61 75 35 45 -65 86 -91 55 -22 -80 90 -66 35 -40 99 -67 83 49 -8 -97 34 88 -28 -1 38 -99 -45 -17 51 -28 -50 96 -87 77 78 17 73 -56 65 -44 90 17 14 -90 31 95 59 -99 -97 -32 88 -84 50 -14 -69 -72 -30 -43 13 -83 -46 -11 69 45 1 -63 -22 82 87 -27 -92 57 -99 47 -11 -16 -16 88 15 -6 68 -69 60 79 86 2 -80 70 11 30 56 62 -81 61 36 18 65 2 -83 -12 -95 -41 -79 1 -81 50 -73 50 -26 -9 -36 -78 -38 34 47 70 77 -32 14 -33 -89 -94 -46 46 -35 -40 37 -49 59 -15 -8 -57 66 -89 -30 25 -2 29 54 -67 94 -40 17 -15 -28 73 -94 96 38 -57 70 -47 95 70 -46 -41 -71 -49 38 -88 11 95 80 16 -9 5 32 96 -61 82 -25 52 -80 -93 62 84 -97 -62 -3 26 -6 14 -79 -42 5 -97 -49 81 -80 63 52 31 -35 33 -29 76 -22 42 -1 -24 -43 4 -60 25 99 -91 -32 -86 36 -56 -63 -75 -83 34 47 42 27 78 15 -36 -3 -42 
4 -31 -23 69 98 53 -60 57 7 22 -59 -49 44 62 -98 -59 49 -37 2 40 46 -14 56 84 40 -2 -41 35 69 -50 -34 -80 63 -22 -18 29 -58 4 -1 -23 36 56 -3 -90 -36 38 66 -63 66 -79 -92 69 -35 0 10 -62 5 -60 78 -26 -56 -90 -24 -67 -18 -23 -72 -94 -37 -14 -40 91 -17 -39 -23 28 -47 23 -48 -5 91 65 -60 -94 38 85 55 69 93 52 -59 -74 47 44 -12 -56 -48 -53 -28 -15 -1 -20 -97 -11 -78 -50 7 85 -22 84 -73 -89 -24 77 31 -17 -67 25 79 -22 35 -22 51 -52 -28 -46 -87 59 83 62 23 -16 67 -99 -8 18 35 96 -33 20 52 -52 39 -29 19 -35 62 -35 18 -5 -16 -70 71 21 -77 62 -47 -38 -64 19 -2 94 -3 -20 34 -12 -68 -44 -42 4 8 -64 35 72 15 -36 29 -72 -78 11 -82 35 82 15 -42 19 83 53 4 -74 -9 56 -40 13 91 -50 -60 -51 44 -55 -99 8 -34 -36 -38 46 -72 35 -70 -33 -20 -87 28 -83 99 23 29 -64 74 -66 -79 28 -42 99 82 -19 -15 -38 75 82 -74 -47 54 -31 -47 -68 -15 -17 -70 -36 -44 9 21 -47 -71 68 -91 -27 -2 -2 47 -54 -59 -81 -6 -26 57 21 98 -16 -27 18 -9 -19 -79 79 94 -36 -33 -4 -15 89 -12 -20 -27 -86 -22 -81 -73 44 24 28 34 93 18 39 -62 -66 -46 26 66 11 15 48 61 55 -85 -74 -71 -54 81 58 4 -20 20 64 -22 -62 -88 26 -82 -87 -22 -22 12 80 84 -37 -28 62 23 -56 3 67 93 61 -92 36 98 25 -60 -73 -49 75 44 -34 25 -22 -79 -68 -22 74 56 17 -89 63 -29 98 -84 -77 25 72 -41 -11 -97 -60 14 -60 -21 73 46 23 23 -17 -24 77 -28 -56 -46 98 35 29 74 -55 67 -41 -81 26 47 -22 3 83 -26 -94 38 37 -30 -22 95 -35 69 18 -90 94 88 -45 67 -38 -63 34 -62 -67 34 -72 72 -17 81 -32 12 -60 -76 37 15 5 -96 -66 -20 92 22 94 33 76 54 -51 -45 77 -11 47 -81 19 32 -9 86 -14 -92 88 94 -72 48 -95 -88 -59 26 27 65 -23 -83 89 -49 25 92 30 -94 13 -49 -95 -42 69 61 -44 -66 -65 31 61 90 87 -7 67 -29 49 -8 -10 -15 -42 -72 -5 -84 16 56 2 -37 29 88 -44 32 -90 59 90 79 -32 -18 77 30 59 -14 -78 -49 0 39 -85 
-84 -55 -48 8 44 52 17 17 -27 -63 -84 -70 -58 97 -66 70 -17 -39 -41 -63 -15 65 46 -33 -30 -62 -40 13 -84 80 9 -87 -16 -58 -20 41 -49 -52 23 -70 -44 16 -34 27 56 86 96 3 -95 -40 -94 -26 59 46 89 11 94 43 98 -62 10 15 76 -30 81 -36 71 -4 -58 -38 -42 68 28 -74 -44 -56 -8 45 -77 79 -77 93 -30 91 -5 -69 29 -41 -8 -85 -44 -7 -91 85 94 -40 -44 -69 36 81 99 9 -22 -5 68 65 -85 -40 -58 23 -91 -82 76 -53 -34 76 0 60 63 55 30 82 -97 -95 -4 38 -70 -15 2 -44 -37 -72 23 67 52 36 -2 -31 19 -16 15 59 23 -97 51 -35 57 77 60 -20 -67 38 -46 10 -15 -34 35 77 -71 -92 61 19 86 2 -46 40 -37 12 -77 -39 54 -47 99 -71 -14 -22 -25 -10 16 72 75 -41 58 78 22 88 -68 26 38 -57 -19 21 87 24 -81 -71 47 -34 -95 -25 53 30 22 -34 -7 -70 61 -80 27 59 29 -65 -11 -3 -58 42 7 36 14 -99 -72 -37 56 -17 78 8 -12 -37 -30 74 17 71 -80 93 -66 20 10 27 59 65 27 74 96 -29 57 -43 29 89 -10 -28 -81 99 69 -65 -60 77 -53 4 -36 -9 -31 -8 51 8 94 68 80 8 41 -21 67 -87 -21 64 27 43 51 -37 -88 -57 -31 4 -57 30 80 -18 -42 18 -82 36 65 -76 70 -58 -25 -74 -70 62 -98 -83 22 9 55 57 60 -12 -19 -85 -14 68 -71 23 -15 43 -69 -5 -46 24 -13 16 -74 -2 -78 -94 77 9 97 -11 90 -19 -88 27 -62 66 71 -8 33 -66 -72 -24 -11 -7 29 -89 -7 57 71 57 60 -92 45 -23 -45 -94 44 -24 -89 -58 -56 -70 20 -8 -25 -77 82 -35 -93 -96 34 50 -19 -86 32 -87 -22 -48 58 81 -33 -22 87 80 98 -32 99 42 85 68 -70 -50 47 -27 75 -7 32 -57 65 -86 99 73 49 18 68 -90 72 69 82 -14 -37 -58 99 14 97 48 -5 -47 -32 -48 -84 -54 79 -27 -42 -93 -7 10 -30 -9 73 51 4 15 -25 45 -66 -90 -29 34 -2 -51 63 -69 94 -16 69 -85 -9 -6 78 -92 -54 -64 14 -54 -31 14 19 -66 -43 -64 5 -21 -17 68 87 71 61 86 -91 40 58 -61 31 -66 59 69 89 -89 -44 -21 65 -21 3 59 34 1 -77 76 49 -20 37 6 73 25 13 72 43 -38 84 44 
-26 -16 -58 17 -82 35 -88 -52 96 64 -93 26 6 29 -73 35 -46 -69 -64 36 89 96 70 59 -62 -82 16 -41 -57 -20 46 -51 36 88 9 8 82 -87 51 57 68 -65 5 -50 -41 54 -34 9 97 58 -59 -4 -8 -38 -73 -16 33 44 61 23 -1 -82 4 -72 -54 43 -36 97 -61 40 86 -66 -99 72 -41 -73 93 -23 -79 -43 -29 -32 -50 92 -78 -21 -44 31 44 -12 29 56 7 30 -36 5 -4 -4 57 -34 70 22 -92 11 -69 93 -45 96 -41 -17 -3 20 58 -90 51 19 -44 16 53 11 -35 -68 12 79 4 99 -61 -98 -6 -39 -48 -75 -87 57 -49 -54 77 -56 -74 -39 83 -80 18 96 22 57 15 -29 -49 -61 -5 -34 38 48 -16 -58 74 40 23 33 -7 78 -11 -18 11 -60 -70 31 40 95 -48 -84 -92 32 84 51 -94 53 90 35 -57 72 -98 -32 -49 -88 -72 -12 -50 27 58 -23 91 -48 -8 -27 24 -5 38 -83 94 -47 -78 55 -81 28 44 -89 63 64 70 -72 -54 72 -28 50 -98 -46 -25 60 -61 -35 98 -59 -33 49 -7 96 57 11 16 86 29 -20 6 36 -84 8 88 63 -37 -77 29 -3 -46 -10 19 -58 4 73 1 -38 -70 -46 8 27 9 33 -94 -20 -7 -98 15 -18 -53 -27 56 76 10 -62 23 59 -17 -79 -81 17 8 -60 69 -65 -50 95 97 -7 -75 -44 64 -30 -11 -40 54 14 93 -20 0 -57 -5 -79 65 -44 93 44 0 13 17 15 -30 -72 -8 -35 91 -51 73 -25 97 16 38 -69 27 63 -12 -48 45 84 3 19 81 6 33 11 43 -48 -31 18 48 68 -62 -42 -37 94 -94 -30 -62 2 -39 -70 48 -79 -38 99 -3 97 -65 57 28 -94 73 57 -19 -97 -98 -41 -58 -29 84 -56 11 -72 -72 -37 19 48 -8 57 68 72 -94 -93 11 95 -97 12 -43 92 1 56 99 -44 -27 60 -30 -74 17 9 60 14 70 38 -57 -4 84 41 74 -52 7 56 25 -96 -82 -19 -76 -44 -24 -51 -98 31 74 -76 35 10 -52 -12 60 65 -20 -65 -21 44 -1 -88 -88 -32 16 -68 78 -85 88 61 -36 -67 -17 25 70 14 -52 -15 -93 -8 85 97 89 -64 -44 -66 -53 73 -36 -94 22 -10 -75 36 64 -31 44 -30 -9 32 16 -38 -16 -42 1 -93 84 -56 28 -76 -77 81 -52 75 -70 32 67 -16 2 65 -72 21 58 -60 -54 14 27 89 3 87 53 -52 
18 40 -70 77 51 87 73 -82 70 99 -16 37 16 87 -32 92 1 20 -54 52 -62 -91 38 11 75 -88 -27 -86 40 10 -17 68 98 46 -6 15 -8 -38 26 -67 -23 -24 0 25 -39 93 -36 9 -81 -78 -26 71 -24 -75 57 86 -96 -77 16 53 -53 -5 46 34 46 -13 48 -74 59 51 13 -47 27 -56 30 -95 -36 -22 22 33 95 29 98 -73 -64 91 89 74 1 -95 -43 -46 -38 92 -13 -87 92 4 41 58 71 73 45 36 81 59 -58 34 -13 26 -7 -19 -79 -53 8 -84 -44 21 -12 -84 -84 -25 69 85 36 19 29 65 -22 29 2 -39 88 -60 -48 1 -20 -28 86 1 36 49 7 -37 25 72 -60 33 89 60 19 -89 -90 48 -23 17 -34 -50 8 19 -37 -4 -93 6 -47 94 -96 99 6 -73 89 -45 98 -10 -62 -81 -43 70 6 -99 32 83 -3 56 -43 -96 -87 77 -7 -74 38 62 14 96 -57 0 19 -23 -47 8 22 -99 60 -61 -61 -15 -59 85 -27 -71 -64 -95 -71 24 76 -86 -54 46 -10 28 72 -85 -18 -89 14 52 42 -90 85 85 -36 -30 73 -69 -15 27 -99 -33 -16 -6 -87 -31 66 -7 -31 17 94 -62 -60 -19 3 -10 -60 80 -88 -22 89 48 -49 62 -68 52 12 -12 -86 -16 -71 -9 43 64 -86 72 59 41 -48 9 -14 -12 36 15 -81 3 88 -86 -25 -16 -20 -27 -53 65 28 -48 -17 -31 -13 94 79 90 35 28 -66 4 54 44 74 -11 22 26 -70 63 95 -8 40 75 65 -87 1 48 -47 35 -61 13 44 -36 -25 56 -75 85 82 9 -2 -99 56 39 78 -4 1 -12 -78 13 -75 94 14 -55 -93 -47 96 -68 92 91 73 -3 63 -3 50 50 92 1 70 -81 16 -40 -83 66 -63 19 68 -24 -73 73 -26 -98 79 -69 -55 -19 34 -77 90 7 31 61 -2 -77 -35 -81 40 -76 -37 14 18 48 -47 93 42 12 83 -76 54 61 51 13 -21 -81 -56 16 -14 -99 52 -67 38 -57 -18 -32 64 -97 66 8 22 57 62 -93 40 23 -55 -42 -30 -15 49 -73 -54 -40 -45 35 85 -79 -84 56 -14 67 -33 -72 71 99 -46 -49 86 -6 -31 -41 85 89 43 15 23 -43 21 -41 -29 65 31 65 -69 -60 60 30 55 -74 39 25 -66 76 98 45 -61 4 -66 12 -41 -53 -10 -6 62 21 6 75 -5 -78 58 36 68 26 76 40 -58 34 -90 84 -7 -17 
-64 18 33 82 79 -43 65 -54 -42 17 -79 72 20 -3 66 81 29 16 67 89 45 -76 -41 4 73 -52 60 -97 82 -53 -48 -97 8 -3 34 4 56 -73 89 -23 -30 -42 -40 -19 68 -18 21 -72 -95 97 29 -6 17 -50 88 -35 91 11 -90 -96 10 97 61 57 -28 -80 98 55 18 -51 -70 -91 97 25 6 45 -80 -41 -2 -84 -63 -91 -52 -71 -80 -26 47 -96 -86 52 63 -45 34 11 1 48 -15 71 -66 13 69 13 -18 52 46 68 -62 63 71 66 -54 -39 -60 -35 38 86 -52 -83 -96 -22 -99 86 -96 6 -57 -44 58 -91 -79 2 -73 -50 -41 -94 -10 -55 -35 72 -23 -65 -65 39 -37 10 45 47 -74 19 -61 29 -57 -26 59 -72 93 -31 34 -68 3 32 30 -10 10 34 -52 9 41 -44 -81 -56 29 -18 -99 75 88 -94 26 66 51 -23 44 -42 -76 -27 43 -84 -89 -18 -10 -66 -51 -26 -54 40 64 62 76 -35 -95 -52 16 -75 -60 94 -62 -99 44 -17 -95 -75 -2 -92 61 -57 -45 89 83 -11 -26 -51 -64 20 89 54 10 91 45 -71 -33 80 25 14 76 49 -28 56 -8 37 30 10 77 -74 30 50 33 90 -44 -72 -75 80 51 -66 -92 -88 98 20 79 73 -11 22 -49 -6 -70 76 37 15 64 -53 59 -63 -7 -16 -7 -36 -42 74 -19 -99 58 -6 -42 -14 55 -34 -11 -11 -4 -85 -11 -83 81 28 5 0 -41 86 76 49 -29 -56 -21 -21 89 60 74 0 70 15 -93 69 7 83 -48 96 46 -32 -23 -34 -56 13 19 76 -19 -73 23 -70 60 89 -46 40 -11 -19 -29 -58 24 30 -73 -11 -64 0 -75 89 94 95 -78 0 27 92 46 -52 52 82 -36 72 32 -5 6 69 65 31 74 10 95 30 32 62 -19 40 -67 13 1 53 -6 47 21 17 62 12 -50 56 18 -92 -86 -78 -5 -45 -80 -60 4 -25 84 -52 87 -97 15 18 -60 43 -45 -60 -80 -45 -7 -37 -13 28 37 3 -52 -87 42 1 26 76 -72 24 65 -99 -57 94 -87 -74 -29 -26 24 62 -50 -94 -16 -19 -45 -65 -35 -44 51 12 87 -89 4 -30 -3 9 81 -98 -84 -51 -22 -20 -94 -50 81 89 71 -1 -72 74 94 -37 -18 13 -32 -30 2 -70 -13 21 -7 45 -73 -97 61 60 76 -61 -79 94 -86 -49 88 73 26 -60 60 53 67 -63 -33 41 -48 -60 5 24 -61 -35 61 60 85 85 -16 -63 
-20 76 31 -82 -38 -63 29 11 22 34 -99 87 -84 35 -52 74 -65 73 -18 -37 30 -10 59 -14 -76 -17 -85 -48 7 11 64 -75 37 -33 76 -57 78 -37 -49 -20 -39 -50 65 97 -24 -69 94 70 -51 73 78 25 77 -26 -68 -25 -3 -93 17 -67 -57 57 92 -59 -67 34 -23 -30 29 -90 -19 -44 -43 -25 49 12 54 51 -4 -76 -96 -68 -94 40 -48 80 85 27 10 10 -91 89 63 81 69 81 13 6 56 59 -5 -68 87 -73 86 50 -73 -34 -21 81 26 75 33 -95 62 -81 -42 -37 -67 -54 -6 -99 4 -60 51 -69 -59 5 5 -64 -82 35 4 -88 -12 -92 3 47 56 -11 21 -29 38 66 88 -88 90 -2 -19 -65 -37 -42 27 -88 1 94 -97 54 3 64 14 -60 42 84 -68 -6 15 75 74 31 -61 77 34 -68 -34 -69 63 66 77 -20 -50 39 12 57 32 42 72 62 58 94 25 42 -9 -1 58 -43 94 -11 -25 37 -20 -68 -44 52 46 35 88 1 66 -51 -8 -72 -93 50 -5 -68 -88 84 -59 -85 -60 22 -6 84 65 -45 -58 -37 -7 33 -44 -38 45 4 -99 33 -63 20 95 -99 -16 -70 81 68 -58 -64 -91 -34 13 -40 72 -47 -55 -60 39 32 16 45 -56 -23 -95 58 59 50 -93 -30 -86 34 27 18 89 -45 14 -21 -62 57 -13 59 -44 39 -3 -79 13 -95 -12 8 -94 23 -3 37 -3 35 -46 -71 64 -73 48 79 -54 -99 86 90 -10 48 -63 -70 -34 -22 89 48 -43 -7 38 80 -79 -71 -41 -11 13 22 -57 93 -19 -62 -91 35 -37 -16 1 -91 -37 38 -4 -41 56 27 42 6 51 77 74 60 12 32 86 16 -34 -54 -4 36 -67 25 34 -27 -83 -87 -15 32 26 40 -62 -32 74 81 14 -53 -35 -97 67 -98 89 32 82 45 96 -73 -57 98 -68 -27 81 34 -90 57 -37 30 -24 16 -23 -98 71 11 81 -42 -64 -37 -18 33 1 -85 -73 -99 -76 -52 28 86 69 3 -18 -36 -51 56 -89 61 -62 -94 -64 81 7 -65 -73 -43 62 -26 -35 -19 -48 42 -16 64 63 -72 51 16 -57 24 77 -8 -68 87 28 42 -42 4 92 63 22 -14 70 73 72 -15 -15 -27 -26 -30 -33 -69 -66 43 -49 -53 0 -89 -87 -5 80 -40 37 35 98 -97 -49 -40 46 54 13 -89 49 77 -69 -51 -22 46 -48 -14 61 67 -20 97 44 -83 -74 -83 67 -79 98 -23 -49 13 
30 18 63 -68 -69 -60 -20 6 -26 69 -85 -13 59 45 -55 -43 -63 30 58 32 -58 -97 55 -21 65 -60 -65 48 -25 29 46 -59 22 5 -64 21 -70 65 7 -43 -15 5 62 86 44 95 -63 -12 98 -66 -24 -9 36 -39 20 -93 -28 -23 19 77 -47 -48 6 -7 29 -9 32 -19 18 85 -83 96 -93 -90 -51 -25 -78 30 0 -94 -93 -10 -25 -32 26 85 1 72 92 -81 82 -43 -42 71 -54 -17 41 -37 85 -19 51 -59 47 -19 -26 36 41 80 -28 -93 -75 37 -58 -50 93 83 52 16 77 79 -13 52 99 61 25 -22 -3 87 -36 -91 -27 23 -74 -93 15 58 -62 38 -45 60 52 -85 -85 -59 98 -33 48 18 -31 90 -63 24 -6 59 -77 65 -95 -10 -97 -22 -51 -60 -15 -64 53 -19 -16 77 60 94 47 71 70 -30 50 69 51 -82 -31 -51 12 -92 16 -98 99 17 19 2 58 -43 84 89 58 36 -43 46 -44 -36 -7 10 -18 -85 -40 26 -23 51 -39 -94 52 -57 -3 -49 58 62 28 -66 -64 67 -65 5 -8 -10 -23 -48 1 35 72 41 -63 -19 -34 63 -9 69 75 73 -96 2 -45 26 67 -84 88 -6 -31 13 -97 41 -89 -55 92 -36 -5 -6 92 -74 -66 -93 -77 -28 10 87 -99 3 87 61 -7 -15 24 60 -51 -27 -24 34 75 8 -88 13 -90 -30 80 -17 -4 70 -68 72 -41 65 -12 79 -83 -81 -96 -65 11 -42 49 -14 -12 32 29 59 12 -16 31 -38 -61 22 39 -22 69 98 15 41 96 75 46 57 -21 -12 13 -17 6 -11 -77 -30 54 87 -32 68 17 -84 -80 -39 87 -10 72 89 3 -40 81 86 80 -33 -73 -87 54 93 32 -26 -27 -58 32 -27 22 -77 -46 -96 -65 44 48 66 -19 -37 74 -8 64 18 -86 70 74 39 77 -21 -81 -57 -55 49 12 67 23 -18 -97 2 -81 -66 77 -47 -4 -27 36 46 -61 -5 -6 65 55 39 48 -5 83 89 35 -90 -83 93 -26 -43 -27 32 -78 -30 -63 98 10 8 -77 -53 93 75 25 -52 -46 -60 1 2 -17 76 1 -13 86 -61 20 57 49 49 66 61 -85 -94 97 -26 15 69 1 6 19 93 74 89 -59 -83 -67 -75 96 -1 -87 -37 20 14 28 -19 -25 32 -53 83 92 31 -27 -88 88 -90 49 46 74 -69 90 -85 -69 -44 48 -99 34 -2 51 -4 18 61 -76 -51 -77 54 -32 98 54 87 -74 -62 -48 -75 
-73 -64 -75 -77 -61 21 -45 -54 57 98 -43 54 -32 -18 -65 70 -34 -14 18 -6 4 -37 56 74 95 -59 -58 11 69 -13 -38 -38 -67 20 -74 -8 54 -69 -6 71 -64 -41 57 12 0 64 15 46 -31 44 -57 27 30 -1 63 -23 1 -90 72 73 67 61 67 3 -24 -19 14 -6 -2 -65 -59 25 69 -38 4 -54 -43 76 61 67 0 -81 -16 84 -71 -15 -67 27 -81 3 90 -93 -10 -17 95 73 82 95 -81 -30 17 -9 -42 22 49 -99 -18 2 32 6 -61 -93 -88 18 -54 -79 1 -25 -67 -11 -5 11 52 -28 19 -25 -49 -43 -68 -93 -83 -78 -60 -81 86 38 45 -34 -79 91 -69 -94 -74 31 -65 -50 -88 -80 -1 -47 -56 53 24 54 95 27 -18 -81 16 -63 41 83 -35 79 37 1 -87 79 74 75 -37 -48 -65 22 -88 3 14 -87 44 -40 51 -99 60 -94 44 -15 34 59 19 -38 89 -9 -20 91 -34 -95 94 -84 -96 47 -69 79 -3 84 -24 -65 -1 81 72 40 50 84 64 -75 53 -69 -61 48 -35 -49 50 44 44 -8 92 -5 -33 20 -55 68 70 73 55 20 58 21 31 14 35 89 -53 57 -15 -37 60 -67 -25 72 40 85 59 12 -92 -30 -31 -90 38 -85 93 78 62 64 -29 -16 2 73 58 -16 -81 29 82 75 -83 -47 -18 -38 -94 90 22 -93 -77 69 39 -15 2 73 98 9 -11 39 88 26 37 -33 -91 34 -31 -61 -8 33 -25 10 -52 53 -23 -88 -13 79 -88 95 72 -96 -56 33 -31 38 -10 16 12 -81 -39 19 -32 -24 38 -94 1 -23 69 -18 -4 -83 46 -80 -83 -1 33 47 -43 -62 -31 -27 13 95 36 72 -72 -28 -91 -77 -31 -40 82 30 97 66 79 -63 -25 58 58 32 23 16 91 45 20 -82 -93 -63 65 -73 -49 12 15 11 -18 13 5 81 -27 47 -93 21 -3 -17 54 66 21 46 -93 89 8 -22 -31 73 49 -60 36 -91 -8 85 92 62 37 -36 -11 75 73 -57 -29 -44 -22 -93 -92 -49 -75 -21 93 -27 -97 -49 14 42 99 -96 10 -71 -97 -49 88 36 70 -72 -30 -77 -74 -92 -69 75 48 -55 8 -51 96 -53 -63 91 -67 50 85 -52 75 -39 -1 -81 96 27 67 47 81 21 -87 -74 95 28 -29 -15 90 52 -89 27 26 34 -88 -23 -52 74 -98 17 1 -39 43 -19 3 50 -95 -50 5 -42 -57 62 -70 -41 -75 -35 -62 -54 -82 84 
-82 4 15 -23 36 82 88 -82 -69 -4 -75 66 21 0 -72 24 -69 55 57 61 78 -31 49 98 34 96 84 38 -22 -29 -91 -42 43 29 74 64 23 -36 -43 -54 90 75 -61 -66 -70 -11 -87 -9 13 -58 -74 -56 -50 61 14 -22 -37 -33 31 -8 -90 52 -9 -36 75 58 -2 61 -27 -55 -49 -69 50 76 25 17 44 10 48 94 52 70 -6 -86 96 -97 74 -49 -70 30 20 34 -59 73 88 31 9 84 42 34 -11 86 -19 -28 79 -42 7 -62 62 74 -65 -95 97 0 89 -13 -89 -47 80 32 59 75 -19 5 -11 -25 73 44 12 95 -58 -56 19 50 -28 -70 -39 -62 -76 -51 -76 -76 -20 -40 -94 81 -78 -61 -39 67 31 -2 -10 21 -75 -97 19 97 28 -77 -97 9 44 -85 -14 -45 60 29 -12 -97 -41 -67 18 -39 9 22 84 63 75 -24 -69 -32 -64 52 73 48 8 -41 43 42 49 77 75 -61 -25 -31 -1 -14 -73 56 -32 -5 -91 1 -22 52 -11 -47 20 26 -48 66 15 99 80 -35 39 -65 -65 97 -17 71 -90 16 -94 -73 -25 -46 8 55 68 94 21 26 -84 25 15 -7 -97 -23 -57 -92 95 8 -77 -91 35 -1 -71 52 -48 9 74 46 65 11 79 12 27 -49 -58 -61 -76 -12 -21 64 -66 -89 -77 42 -57 -55 61 45 -69 28 3 -33 -20 46 98 35 -12 -58 65 23 49 -37 -68 27 -4 -1 -21 -60 13 77 51 -89 -69 -80 -61 50 -84 70 32 -28 27 -86 -7 45 39 28 81 -82 49 43 18 51 73 -67 40 5 91 -97 7 26 -65 -67 30 92 86 16 -54 68 39 65 24 15 36 85 2 -27 19 -36 -9 -9 22 -43 -29 -87 -37 80 -38 -31 70 94 94 28 -31 20 -48 70 59 -79 6 9 79 -64 52 30 -49 -11 -79 -86 4 -32 -13 -55 71 -49 -57 50 23 58 36 8 33 -95 87 -96 4 33 98 96 -13 55 -36 -22 79 51 -89 72 48 -31 87 -46 25 -19 -61 -2 -26 -71 -1 -31 -97 -48 -88 73 27 22 81 -58 11 -36 -71 88 21 -66 38 80 29 -57 -31 56 13 63 -49 49 -77 -90 -33 -35 -13 -47 -17 -29 -3 -61 17 -21 -21 35 12 23 39 32 19 92 -10 35 -37 15 62 36 -19 27 -54 8 70 -53 -46 87 33 -11 -19 -84 -15 -47 -84 95 -40 -67 28 -38 -1 96 82 86 -78 14 -64 -3 -81 10 -71 56 77 -42 90 -99 
56 56 -81 12 13 77 -32 70 -59 75 11 -8 62 74 -8 43 5 36 81 -61 -33 26 -86 91 -71 -44 -78 87 -31 18 40 67 27 -80 -35 -56 28 96 -21 36 -35 -40 -14 95 -44 -63 36 91 -92 48 -77 95 68 -39 58 82 65 74 -53 45 -56 40 -3 -69 17 4 51 36 45 -87 -80 59 84 -43 83 35 -12 -16 -64 -58 -38 64 -95 94 48 48 48 97 -22 -86 -76 73 4 -14 44 75 -97 -24 15 -59 -53 52 -26 15 -26 82 96 2 -52 75 79 -73 -65 -51 7 -99 42 45 -90 27 97 85 -84 -56 64 -55 77 -83 -58 95 -89 -61 -11 -29 75 7 17 11 -38 85 -60 -67 70 75 -92 25 18 -90 34 -92 -53 58 97 -2 1 -74 18 -62 -62 -37 -95 19 -2 72 11 -12 35 38 -20 17 97 0 -19 73 -13 -86 -60 17 9 78 -16 49 75 -62 34 -12 68 52 4 -20 -56 -45 -59 -1 -45 -53 98 83 -57 -64 6 33 -69 26 0 -56 -74 59 4 -27 63 -73 -35 85 28 -89 72 -78 -46 -19 74 -52 97 59 -88 -48 69 -69 -87 36 -33 -39 85 -10 -94 -61 38 -14 55 -35 -83 73 72 69 31 -45 -54 -15 93 -7 -29 71 60 -16 -57 75 -8 -80 -23 -46 30 17 89 -66 53 15 -60 77 -84 -26 -37 -93 10 27 13 20 -52 -3 -18 -6 -46 60 48 39 38 22 37 29 0 9 -78 -91 72 61 -27 -28 -8 -36 -97 71 33 -61 -87 60 59 5 4 -16 -9 11 38 -60 93 44 57 35 -69 -3 84 -24 -63 -75 99 50 39 -65 89 22 28 21 5 53 35 -20 -20 95 86 -93 -89 66 -47 59 93 -86 -6 -72 18 34 -26 -98 2 1 47 29 47 -3 46 -3 -10 -7 1 33 -61 -86 -53 -11 -13 -86 -40 29 11 -2 -64 -1 74 41 -14 -46 -39 -23 47 -72 -83 18 -46 18 -18 -70 50 -63 -90 89 63 -90 -57 40 39 -80 37 -91 60 64 -4 8 21 19 -82 -59 -22 33 -5 99 78 -6 -28 38 -71 46 -65 -10 -76 -26 90 79 -52 90 64 50 94 -9 -24 38 13 -33 -30 -46 3 -98 -25 60 -10 0 -21 66 -26 -50 51 33 -46 68 15 -49 -82 -78 -10 90 96 10 35 -11 75 83 -3 -42 91 20 46 54 -76 92 9 12 -43 21 46 37 -49 -28 -76 -62 55 -35 -55 12 -71 57 -56 -48 -65 -34 -4 -68 55 71 -94 14 -55 -96 20 27 
68 33 -6 -30 -10 -7 14 3 7 -32 99 -82 44 79 -8 72 97 -78 -33 48 -71 -82 33 -18 90 -39 55 55 72 93 -99 81 -97 94 53 -65 -17 5 -27 47 -14 -91 38 -36 -29 -47 35 -9 81 -85 -47 -68 62 20 -84 8 78 85 74 21 83 59 -28 -73 -64 -89 -80 7 -60 11 97 -46 -88 92 -59 34 70 -79 34 55 -86 34 -56 48 29 -42 20 -28 33 -24 8 16 99 69 -65 97 -6 -25 71 46 -91 93 38 65 -16 13 -41 45 20 48 95 -17 -59 -57 56 8 -33 13 73 -2 12 90 -89 39 87 -79 99 -38 79 -85 -63 -56 -12 -2 -70 87 -80 94 54 -54 -57 -5 -64 -10 21 -40 -42 48 -69 -6 78 -25 51 -47 49 53 -70 3 -10 46 39 15 -48 85 -15 -1 45 -44 75 -43 67 -22 76 85 -47 49 -7 73 -9 36 -49 -26 -80 85 -98 78 41 -19 83 -93 9 41 -30 28 -32 19 22 99 -57 -31 -73 15 -15 16 37 38 87 36 75 62 -86 -65 -29 -46 -42 9 25 -19 43 -21 57 -53 -92 -65 78 96 47 -11 -2 -34 58 55 -75 15 8 93 -47 35 30 -18 62 39 93 -63 -19 63 -96 -12 -70 -29 -36 27 1 -97 44 75 15 98 -1 -64 59 -74 -94 35 -34 29 79 8 64 -79 -53 -47 0 -92 -18 63 84 -36 -57 92 -31 18 -81 74 -89 84 -5 -92 14 -30 46 96 -1 -94 -56 96 61 61 25 54 58 -66 -47 -26 39 -28 -30 98 27 -23 -58 88 10 -41 -93 25 30 63 12 39 86 -91 86 68 52 -44 -18 53 -65 -91 -52 86 67 -89 39 99 50 61 -1 -77 5 86 47 -92 31 -45 -64 18 -85 5 94 -94 -44 -20 -99 13 -27 -72 -30 82 85 -98 -34 -9 70 83 12 -51 78 -62 21 43 57 74 17 -94 -76 99 -35 86 -33 73 -13 -92 58 41 80 -14 87 -66 -60 -11 62 95 5 13 23 -55 -44 -31 83 -44 2 0 69 49 88 6 92 15 92 25 -35 93 -85 -60 -58 13 32 9 -29 13 -65 77 -73 10 75 32 64 -13 -33 -32 -64 -65 -80 26 39 50 -20 24 -14 -83 -99 58 3 86 45 -8 -66 11 -29 62 -86 3 11 11 48 28 -4 -48 -90 -39 88 52 -46 88 -37 -15 79 -87 84 -61 33 -46 -84 -93 -47 2 -38 17 10 15 -72 24 47 70 38 -49 48 61 -67 -25 -14 80 -92 -44 -33 28 2 -32 
10 0 79 -41 -24 1 77 -12 -67 -11 60 -2 55 1 11 68 84 -23 30 86 -77 82 64 66 -98 -41 -40 43 52 25 -15 -36 35 6 -17 56 -65 63 -64 11 -27 52 78 -52 68 -63 75 -70 51 11 -53 -30 -83 -71 49 -49 -23 -65 59 40 -4 -49 -60 -10 69 84 -35 96 -57 75 56 -12 16 65 -27 38 -40 57 55 -92 84 -3 95 49 50 97 24 52 44 11 97 -32 -99 66 -95 26 -60 55 68 42 -54 -33 81 19 -15 95 -26 74 87 58 28 -70 36 15 61 -64 61 18 5 88 -18 -15 47 77 -22 33 -65 -51 -79 65 86 20 -65 -3 0 -95 -19 70 59 86 -78 -36 88 86 -66 77 -92 1 -71 -19 87 7 -86 51 25 -16 87 -25 93 -6 -4 56 23 48 79 -44 -52 -59 16 -82 20 5 -23 -71 -59 29 53 -75 46 -85 -53 -62 45 -16 76 -66 94 61 -64 9 59 -35 64 -97 94 -20 -3 -42 -62 -14 19 89 -7 -13 78 -97 -32 -91 48 -39 -33 41 -78 38 -1 92 20 17 66 51 70 -82 -78 -44 4 71 -70 92 83 -82 -3 -74 93 -94 -72 17 -28 -35 33 -32 -46 52 -31 41 -29 -38 -51 34 -61 17 94 52 -42 76 -82 26 70 91 37 94 -87 79 31 77 -75 76 -83 46 38 55 12 14 -18 -7 37 -62 60 45 -94 73 74 -22 14 -71 -95 58 -40 -1 -34 25 -60 57 -28 12 25 52 -89 -22 69 52 -87 -86 -74 -50 -9 41 97 50 -68 94 27 -96 -22 73 72 40 1 -33 -22 -77 -28 60 34 -52 62 -47 -24 26 -41 -84 -95 41 73 71 -58 40 -48 51 -45 -74 42 41 17 -87 -82 70 -7 -91 -86 -35 -21 11 -50 -18 -66 -39 -39 62 -39 1 26 -77 -45 52 -92 58 39 46 81 -62 28 -58 93 -53 60 -79 -61 3 -17 -47 -45 13 -86 40 72 -96 -2 -10 92 35 -65 11 46 -38 -36 82 -79 -68 -55 91 -22 79 17 -28 99 -67 -51 -26 -4 -37 -7 18 85 67 82 82 26 -65 -70 21 -4 25 66 52 -65 -75 -42 -40 60 13 -4 62 79 51 -36 50 53 55 93 16 29 -24 -79 47 41 80 -6 -97 74 -19 -85 -61 -14 -16 3 80 49 33 -29 10 -11 19 8 74 76 -43 -8 -23 -71 95 -87 86 -47 -74 7 14 -57 65 -93 99 -5 11 12 54 25 -10 4 18 -69 -95 -80 52 11 61 13 -62 -31 -39 36 -23 
9 30 -94 -80 -72 95 -24 -80 17 99 -44 -36 -55 55 97 -22 -78 -78 -58 -53 94 -49 66 68 15 -19 -14 91 1 -40 -22 41 -39 -32 -15 14 -37 -38 26 57 9 -10 90 18 -74 -59 60 13 -70 -18 -97 -20 -27 -86 82 4 -67 83 47 -58 0 -22 -88 -12 -41 10 75 95 -89 65 39 91 38 5 -62 79 -14 87 -66 -41 -51 39 -85 -10 40 -68 -9 32 74 68 64 50 36 34 9 -1 -39 -10 -20 -80 71 -59 -25 -26 72 74 -63 -73 -48 -18 -39 -20 58 24 -42 16 -45 6 21 -43 64 96 51 80 -39 -54 -76 18 -33 -64 48 5 -77 53 -63 -42 -7 -7 75 -97 -34 -28 -64 -1 -84 -71 84 -10 15 -69 86 -56 37 -6 -34 -12 2 -9 -81 18 25 70 42 33 -78 64 -89 -78 57 83 -49 -21 11 65 61 39 91 -59 -36 74 36 -33 -90 -79 -22 -18 -87 91 -32 -90 -62 2 -37 -53 4 46 -28 -36 92 -24 -29 -3 -26 -43 -13 -64 22 -51 -65 44 78 59 78 -98 -39 -21 45 8 -57 8 47 -93 71 -66 -80 -84 -81 51 89 3 -41 60 85 49 -33 64 -96 51 -21 -58 42 -46 52 -98 46 -17 56 -95 46 21 -82 -18 7 -19 88 73 80 52 54 -51 -63 31 -68 74 -4 82 -97 29 84 74 41 -7 54 45 59 46 24 60 89 -19 -31 27 49 -48 -74 60 -97 -22 74 -34 -46 4 20 26 45 81 -54 3 -41 6 31 66 -2 -27 -8 -44 17 -90 75 41 -31 -15 -24 96 22 20 -4 4 40 33 47 -76 -89 -90 27 -39 12 -90 -43 -86 -1 -90 27 -51 -88 47 -77 54 -10 -70 -22 30 14 -8 15 30 6 -78 56 -70 43 52 -12 -6 92 -78 -44 70 -41 -54 29 -22 29 -45 -69 40 -68 14 -43 -96 -79 46 19 60 -43 37 73 90 -21 -52 -78 89 -71 14 63 36 85 -75 -15 -80 -41 -58 -58 90 68 51 -18 -79 -51 -35 -14 61 98 -43 -65 95 75 -13 -77 68 1 89 -11 -7 -6 58 -43 41 82 33 73 4 27 77 55 6 -51 3 67 33 -67 19 82 85 -41 -76 -95 93 -73 70 -23 -48 8 -33 -32 -50 84 -47 59 -4 26 -75 89 13 -5 -36 -92 -56 47 43 -81 -50 67 -5 94 58 14 -26 21 75 14 10 32 56 -46 28 77 -6 -78 96 -54 -51 68 -97 16 -35 -27 -96 16 -15 -46 -30 46 -27 82 71 -16 60 -7 90 
23 -74 -13 26 -72 -38 -68 17 -14 94 42 48 99 -55 -90 -95 -52 -58 14 -33 11 73 6 7 -60 -68 -80 -77 92 33 33 -40 96 -10 -93 -98 -51 -24 -81 -91 -60 78 -74 0 52 88 61 -39 -39 88 54 -17 -33 -52 16 -56 -66 -78 -67 -14 75 -83 86 25 4 77 45 -18 28 -63 -31 37 96 -31 -66 -31 -18 86 49 63 -92 76 40 -55 -59 77 -52 -2 11 -38 -46 63 -36 -87 -16 29 22 -73 92 39 -55 9 16 -97 -73 -12 -28 3 41 36 8 36 19 43 -69 -59 -36 -7 -93 -52 66 5 97 -17 38 81 -32 -58 72 2 11 78 -79 90 -60 -35 82 18 26 47 -98 32 -44 -70 -25 -80 31 89 52 -46 11 70 -29 -67 21 3 22 -49 94 28 -10 -30 -19 -2 26 -61 -33 -85 57 4 -39 -59 10 30 -79 -41 99 33 -74 3 -70 85 -72 69 -88 86 -5 -54 -47 42 99 -15 -11 19 58 59 -89 -27 67 -61 63 86 -80 -47 -7 -81 -56 -33 96 -92 -54 59 -32 36 -67 12 -80 73 -98 -74 47 72 61 70 -5 6 -86 86 -66 -54 25 -16 18 2 -8 -86 -10 -88 -56 92 -87 -71 98 -4 -80 57 50 63 5 -39 -27 -42 34 90 76 37 -20 -85 28 66 36 66 -30 95 90 -48 13 -48 -81 88 -10 37 79 77 -59 -85 -21 -10 49 -53 -41 -55 -18 16 -45 -64 -86 -64 -37 55 30 81 5 12 -22 80 92 -5 -35 88 77 -12 91 0 36 64 -28 78 -77 7 -87 -49 16 20 49 -95 29 -17 27 44 7 -60 28 42 5 52 2 42 -51 57 41 -22 -57 15 8 -60 -63 -70 41 -20 -94 12 99 60 -9 42 -24 -76 58 63 -53 4 -45 -62 -59 90 -20 54 11 44 -34 -7 -20 -33 -95 33 -26 -21 -20 43 -61 76 -4 -32 -49 -45 11 61 -92 68 86 76 82 -48 95 83 -32 62 -12 13 51 49 25 -83 67 33 64 -95 -91 3 76 -97 -61 49 -94 -97 85 -57 -83 -74 2 31 -61 45 -11 54 31 72 -13 -42 64 -80 -85 47 -10 -59 -64 -17 -31 20 71 58 -14 -64 57 14 -5 -95 69 -38 -6 -55 -37 68 86 61 -30 -92 72 63 21 -63 -41 -37 -62 -77 -96 -28 94 -82 -54 31 6 23 -89 -35 -8 -19 68 59 13 -85 -94 -43 -92 -73 -89 73 70 2 49 11 -25 57 -1 -8 -60 58 51 49 0 -31 -99 -11 -69 2 32 77 52 -14 
43 -85 -94 61 32 -69 32 53 -90 95 84 58 99 -1 96 -59 -42 -81 83 -1 -32 2 -13 99 52 69 -55 -3 46 -46 -41 -99 15 -52 -49 31 60 96 -55 -9 88 -63 84 25 73 -26 -86 34 -78 -15 76 -81 -99 -4 4 -38 -2 -19 93 -93 28 70 -86 18 -5 31 30 9 60 -51 -67 43 37 68 89 16 68 -55 35 83 22 94 39 18 6 -14 78 -22 49 25 -96 -11 31 -30 -70 0 -30 34 -30 -53 -52 40 94 76 -79 -41 62 -29 -39 -19 -55 -71 -95 -52 42 -2 -44 -7 -83 61 93 35 -24 -65 -47 53 34 1 41 87 79 -42 81 -75 -54 -80 18 4 -19 61 -60 19 -56 -93 59 -26 95 -82 67 -33 -97 22 66 39 -72 -72 6 51 64 6 87 50 75 -15 69 82 75 33 -14 -3 99 86 -27 -81 -57 -17 21 63 92 68 36 -81 35 -99 -51 61 -12 -83 47 -40 -62 28 36 -86 -42 -2 -36 54 22 -31 65 -74 85 -58 73 8 -1 20 -92 -29 4 35 71 -77 -8 32 35 52 64 -56 48 34 -81 44 -74 -6 4 -68 -5 -17 2 -21 -65 -25 -44 17 36 -61 49 -91 12 -21 -51 -32 -39 49 -5 -19 63 95 9 16 22 60 -50 -74 -95 -58 37 16 42 0 -88 74 -73 -74 -65 68 31 -36 -91 -33 7 -98 54 -22 71 97 79 -58 20 4 90 -33 -32 21 -14 40 38 -2 25 -23 -40 -30 -75 30 -53 -49 -4 11 10 62 71 11 -52 -55 -70 -63 -52 -70 -40 -63 67 -84 -81 61 -77 92 -71 -15 35 -62 19 -32 51 -46 -37 -81 16 91 -10 -9 -95 74 -86 88 -2 -86 65 15 -84 -62 31 19 -49 -99 -80 -6 -25 47 90 53 49 -5 -55 -92 -3 73 93 40 2 -20 -19 47 22 -93 19 3 35 74 91 77 -52 39 98 2 59 26 61 -48 -76 -76 -1 -33 16 67 9 9 -73 -87 61 -78 -50 -18 -21 -80 54 58 -12 -6 -82 -43 -76 -47 59 19 47 -3 -40 85 62 21 13 83 57 -57 -19 49 98 -20 -55 -81 25 57 16 -12 73 -27 0 26 99 58 14 -48 19 29 -20 54 -24 11 68 68 50 49 2 90 18 -38 -29 95 -23 -40 71 2 -45 99 73 20 -35 2 -92 35 -91 26 -60 -20 -16 -71 19 54 -5 12 -89 -37 -99 -21 26 -34 -89 -33 56 92 -43 -18 -96 -65 34 66 -31 96 35 34 -64 -26 -14 -46 22 24 -32 31 
-69 53 -40 -69 -6 16 -35 -17 68 63 -23 -3 88 54 27 -90 85 84 -7 -64 2 96 -56 -80 90 -75 -19 -6 -30 64 0 15 -19 20 6 -5 2 -59 -56 -70 24 -4 74 -81 -36 -75 -9 34 40 82 -94 51 -23 30 -37 76 90 36 22 -69 67 -59 -9 54 83 -85 82 -71 66 -90 -51 -16 99 -23 -64 -36 25 42 63 12 38 22 60 -17 82 35 -23 -49 31 -86 -84 -93 47 25 60 83 62 95 15 17 96 -40 -94 5 17 12 41 -10 60 -57 72 -74 -8 57 -45 -69 -48 46 -48 -50 -9 30 -52 32 21 -49 10 2 -76 -85 42 -27 -17 -11 16 82 -60 -30 17 -45 -96 25 56 89 -69 74 37 -76 -2 -7 -72 -90 22 -79 -48 -26 -54 12 -82 -62 -17 -10 -47 75 -73 -41 -36 -66 81 -18 -32 -25 -32 -52 -64 45 -6 19 33 87 76 -65 -37 97 29 45 -28 -99 90 -97 10 48 70 -67 75 97 -24 -39 44 -93 -35 43 80 -3 46 -32 -24 31 33 -30 -56 -90 26 -7 -9 8 91 -68 -1 -62 -96 -26 -8 -82 -6 16 87 -92 -43 -53 98 -88 28 -57 -52 -68 43 3 -79 -19 79 -70 -12 39 -68 -47 92 34 0 32 36 44 13 44 -19 29 -57 -20 -54 -64 9 -66 -20 -45 85 -67 49 -18 -90 -97 -6 -76 -54 36 -72 -43 52 -7 -38 61 63 66 -35 -60 27 -75 -94 -39 14 -47 18 -23 -17 -69 88 3 67 -4 71 51 -91 -91 31 53 -47 -49 4 -29 97 23 37 -60 -35 12 81 -26 -3 -42 41 -15 90 -1 -46 -77 -21 13 35 55 12 -89 49 -64 82 -5 -53 -10 -62 67 -62 18 20 -50 36 -52 -33 -21 -42 -10 88 -52 76 6 29 -91 78 21 71 49 45 5 74 -20 29 -5 -13 -70 68 51 -19 42 -3 -2 88 71 -42 -6 -85 70 48 64 46 -41 -21 20 -65 3 -67 -42 50 -93 87 40 -13 -24 71 84 88 -56 -62 51 11 59 -7 -25 79 20 77 -52 -38 -80 84 31 -5 -10 -72 -10 -43 -3 -65 -92 -48 -89 14 -86 -72 -70 -19 87 -33 -69 -27 31 -67 -33 -49 -93 85 87 17 43 -89 91 -54 -42 35 97 -18 -28 -41 3 -84 9 -77 -79 84 -61 -78 -65 -92 -14 -85 -86 72 62 -34 -60 -26 -19 -90 94 13 9 -59 -56 54 5 -82 -64 -53 52 -18 -72 -80 -99 -44 -77 42 -8 -29 -52 -50 -78 -62 -22 -53 -21 -24 -49 -20 80 
3 60 -22 68 -53 32 -85 -36 -98 -46 37 -53 48 -57 -65 -21 24 -36 -94 -87 -75 55 16 0 85 4 -80 45 -60 -98 -35 52 61 -69 -94 -56 65 -29 42 -79 96 65 18 65 90 13 -34 4 -53 90 -26 -30 79 -62 94 -44 56 2 -6 84 -52 90 69 37 23 -18 1 -18 82 -25 97 -75 -14 45 64 -85 87 -33 91 99 -79 8 -40 -72 -91 7 -13 -47 -75 -21 51 86 66 -58 -84 6 78 18 -49 31 94 -15 89 -79 -95 62 31 -35 -67 29 7 -49 57 -45 55 -88 -2 -64 -93 49 78 -63 -14 -64 -53 78 -65 92 59 -25 50 -36 -89 8 -31 16 27 -49 51 48 97 87 84 72 44 29 -71 12 -20 -7 -54 69 18 6 -30 -56 82 -80 41 60 -22 -19 77 19 -78 -92 -97 -52 -20 7 6 92 -37 89 -23 -58 17 -75 64 13 68 44 11 -4 92 -86 -74 53 -56 77 26 99 25 96 -46 -71 93 83 68 14 32 -78 -14 -14 27 -19 -53 -68 -43 65 -43 -4 -80 16 18 -90 -41 -18 48 36 53 -36 -40 98 39 42 14 -79 -26 -9 -9 77 -36 49 -37 50 97 -96 -60 -89 -42 4 -19 70 -96 -34 32 -13 55 -69 -49 93 -91 48 -73 -92 36 4 73 -13 23 87 7 95 4 72 -79 99 95 -7 -22 -22 -42 90 56 -24 36 12 61 32 -66 7 -12 -79 -16 -65 88 -61 78 27 90 81 -54 87 -70 -80 94 -62 55 -88 -77 -17 97 -8 -57 3 -16 80 -88 -63 61 -52 56 -79 -2 -89 6 85 -47 -98 -60 21 39 54 26 -27 -76 34 85 -82 -23 -40 -10 2 79 -22 77 -53 -26 -18 -95 -82 65 63 66 -88 -39 18 8 93 -26 -1 41 -42 -97 -17 -4 51 27 -51 11 -47 -28 -53 -43 -93 -83 -79 -95 -7 -15 40 -97 -5 56 5 50 -51 5 -40 73 16 86 65 -17 71 12 -90 -36 27 -39 5 81 -91 75 5 -7 17 15 34 13 6 -13 -88 -95 69 -42 -38 12 -70 -63 16 62 36 35 29 10 58 -89 -94 85 1 -77 -91 86 46 -67 94 -16 -82 -5 -37 -27 -18 96 80 87 41 -91 18 -4 13 -90 -38 13 -64 -22 -84 -53 -55 22 -65 28 2 -7 -12 63 24 -63 7 59 -82 -47 46 -3 -89 -91 -73 77 -64 -72 20 -39 90 21 70 13 23 87 46 64 20 45 59 -26 -77 -7 -60 93 97 -42 94 -9 -6 -66 -80 79 -90 98 62 
10 -87 44 -22 -20 -20 48 40 58 5 12 37 -54 32 96 -27 14 -83 -38 88 -94 -18 -52 71 70 48 -7 48 -7 31 18 58 1 -13 -99 -69 -31 96 -83 2 -5 -18 -52 1 87 -2 35 61 88 68 79 -13 -62 -77 2 16 96 47 -68 -74 88 -15 35 50 13 -22 86 -55 -41 -85 26 -85 -86 -14 36 14 -38 -75 66 -60 47 -9 74 83 -55 -38 -37 -31 -85 20 99 -58 97 11 -73 3 -14 93 2 52 25 -24 -8 99 80 -92 98 46 -42 84 -58 55 -11 -40 -45 -75 59 4 -48 -1 83 56 -77 -19 -70 79 85 -91 -93 8 -72 -89 -44 81 -88 -25 78 -29 34 97 41 77 -40 82 -11 45 73 82 -9 15 -32 -61 -58 -89 41 26 75 22 -19 -76 -59 -10 22 77 -14 30 -44 -14 67 61 89 63 25 35 28 57 -30 -85 -70 -38 30 -43 -39 -19 72 63 40 -46 -64 1 -38 -34 34 37 -75 69 -7 80 43 74 -78 57 -11 -62 32 82 -62 45 32 31 -99 60 -20 -78 -47 -49 -28 -4 50 70 26 -93 58 50 -23 -55 20 -34 -94 -44 -92 14 92 37 71 71 -98 9 -43 10 -10 53 -90 41 89 -3 -83 -32 -85 49 -50 -89 37 90 44 85 7 -29 -96 -55 28 -90 25 69 -54 4 18 -15 -17 -70 -36 10 -31 -97 -38 -7 -14 64 -97 -21 88 -42 27 -26 -22 35 -94 12 72 98 52 76 -24 -12 20 6 -42 -37 -74 88 -62 93 55 -69 76 -37 -61 -94 10 -61 -94 29 -6 -77 51 53 -34 87 44 64 -32 -90 22 -70 -52 -33 -73 14 -14 -25 -29 -42 -59 -57 67 89 -4 -55 -66 -9 -51 -40 71 -7 -22 -62 4 -28 97 51 2 -93 67 -84 -21 -31 -81 22 -70 50 -2 99 71 -3 12 48 -80 97 -10 -40 -11 -37 31 65 -49 39 98 -5 11 -18 -82 -2 6 99 59 -42 -29 -48 -24 -80 -46 31 -57 -72 -38 40 -47 45 9 63 -96 45 90 -38 6 54 -20 98 -75 -51 79 98 14 -73 25 31 -58 3 57 -66 -11 25 74 -31 14 -24 -77 15 6 -38 13 56 -42 -99 -29 24 -73 -76 -62 1 -57 -21 -37 -35 89 98 -23 -13 92 -50 42 0 2 31 -90 -92 52 92 -24 82 0 -40 19 -22 87 -44 -26 82 31 64 16 2 -51 67 -43 -13 92 -97 -12 -52 -63 94 -55 -68 43 28 -43 -83 -56 -80 -37 -39 2 60 -69 22 6 -97 58 -35 
67 -69 86 -79 48 -81 38 1 16 60 2 -10 11 57 -73 70 -83 -32 -70 31 84 30 63 -65 -3 13 -7 14 -60 95 58 -72 -35 39 -34 5 -1 -95 65 -61 31 -47 37 -47 97 -7 99 -78 5 -69 16 -85 -80 58 -58 50 79 -36 67 74 -39 85 25 -8 94 -98 19 -65 -67 -75 -28 92 25 91 60 38 25 49 -17 -47 -61 62 -47 -7 -61 -97 -61 -84 58 58 91 -48 54 85 18 -60 77 93 19 16 96 72 40 -79 -72 -82 49 77 67 -96 47 -5 -71 -34 88 52 11 -13 75 -31 -79 99 -48 25 -83 -96 46 -17 45 52 -46 50 -18 -92 30 -93 -84 -67 -69 63 77 -39 -96 -25 -38 -88 49 44 -15 -65 53 76 32 88 78 36 24 10 -71 -38 43 76 26 -62 -74 -17 -85 -33 -54 -30 -94 83 87 92 44 -20 71 96 77 -50 -46 99 -18 -66 71 88 -18 22 33 8 31 80 94 62 -19 -62 46 -86 11 -89 -48 -10 -9 -73 -88 95 -89 -72 -61 -17 -43 -23 -9 91 55 -67 -35 -39 49 49 44 24 -68 -29 1 36 -90 -58 38 -87 -13 45 -18 83 16 -64 71 98 18 -34 -44 90 20 -37 -51 -10 76 -38 -52 -43 -50 -54 -62 52 -46 -39 -54 16 -15 2 45 -80 -17 -93 -69 70 88 -41 -61 -43 -36 -62 -39 -60 -55 -90 -8 -68 -70 -63 -28 -70 98 -31 -26 78 -99 73 -43 88 -9 -66 -14 72 -43 -9 3 -33 -72 -2 -5 57 91 47 -29 44 88 -87 65 -79 -91 4 96 59 -13 7 57 -44 55 -36 -26 -70 -77 -84 30 -30 -55 93 50 -84 -65 22 -98 47 88 -3 -17 -18 -48 32 -42 -48 58 6 99 -11 56 43 72 61 -88 -86 50 -52 -11 86 54 75 -7 36 -28 -7 -80 -36 33 -29 55 50 -27 -8 -81 -45 -29 18 -37 -54 0 21 22 22 -49 -94 43 34 17 -51 -54 82 -81 -89 95 72 -24 -1 41 -84 77 -65 -92 -34 95 42 -85 -1 55 -23 90 56 -70 59 -49 -81 68 57 -95 -66 86 -2 25 -97 61 63 -73 82 -81 -65 69 66 98 -90 -31 65 18 96 14 -22 2 -54 -79 68 -63 66 -17 -63 46 19 94 47 -19 24 8 41 -35 -82 -96 -22 37 59 -12 -32 75 -75 -20 -32 -80 -16 -96 -1 -14 37 -56 73 45 -67 77 -25 86 86 -44 -91 -61 -47 19 88 -41 -17 -9 31 10 -34 57 0 99 9 90 53 -39 -74 -53 1 
-41 29 65 59 -10 83 -67 95 36 -48 48 11 -93 -95 64 -3 -47 -31 -33 -55 98 39 20 -25 -26 51 64 64 79 -59 -11 20 -80 93 1 -26 89 -66 -2 -75 -11 -31 72 14 80 -5 26 -51 33 44 -47 -17 75 -5 95 -4 -53 72 -55 -27 -74 43 86 -84 -88 -69 -53 66 39 -36 0 48 82 -44 13 70 32 4 1 -45 -66 43 -47 39 -41 -56 -83 -66 48 86 -81 -87 -3 -22 -25 50 91 40 -88 10 47 -17 -56 -51 35 -76 -70 28 49 39 32 -12 -32 60 -21 -29 -54 -73 -5 -49 18 -31 -78 -84 -98 16 4 -57 -73 45 -19 -25 -33 -69 47 -61 -56 82 -36 99 -70 5 -26 -14 93 52 -7 62 80 -86 56 41 -24 -4 33 40 28 -40 0 -56 -65 -30 -75 30 -35 73 8 27 -49 -96 -64 -9 52 1 26 -88 -84 -26 35 29 -14 4 -97 93 -44 -97 14 42 76 7 -64 35 75 -33 -14 -63 -81 76 69 -18 -86 -14 -57 40 -93 -75 68 -38 16 -93 23 81 -4 -42 17 -39 -99 -47 -32 -29 -71 86 -68 91 20 47 90 20 -44 62 86 -61 -68 60 97 12 28 -69 -7 -41 -39 62 87 -74 93 65 -37 -78 -63 -58 -54 -90 -91 -16 54 83 23 89 -23 -32 -22 88 62 58 -48 -14 -76 35 -66 -90 -28 -45 88 -83 -27 31 36 80 -86 88 -34 58 78 -34 -12 88 -23 79 -17 -36 -73 97 -64 71 76 -2 -97 83 23 68 -82 8 -12 98 -77 71 -96 95 98 -48 55 -1 71 89 43 12 52 -22 -6 41 -92 8 36 86 -43 -74 -45 -87 20 -65 -52 -38 -81 -91 39 -97 29 -6 -87 -87 65 24 -10 21 -85 -50 58 -50 -37 98 72 -37 -77 83 15 -88 -49 92 4 -15 57 55 -77 0 58 -49 -68 -28 86 78 -85 38 99 -96 -73 -46 69 -51 -38 -24 96 88 -6 64 62 -83 -84 43 5 -55 -57 -41 -56 19 -10 -38 34 71 -44 -56 21 -83 38 -8 13 -5 -42 -44 -43 -72 -67 -84 9 48 -46 63 76 31 5 -18 50 48 -32 -55 56 64 3 -15 -10 5 -54 -51 70 95 -45 -12 -71 94 -79 17 42 55 -38 24 98 78 91 -26 24 11 95 55 1 -97 22 77 83 -42 -40 -90 -15 13 -55 -50 -82 -3 18 4 79 66 -70 -44 -96 97 56 54 15 71 -40 37 -55 37 -53 24 15 63 -72 -9 27 -70 71 -68 -14 87 -52 68 26 66 -9 -86 
-52 99 -17 85 -34 13 -33 52 -19 -17 57 -8 -73 -48 61 7 28 22 -12 81 -66 71 -36 15 -55 82 -41 58 37 77 52 -49 61 -87 -47 -50 31 -39 -9 -40 70 31 27 -62 97 -72 -42 -44 -42 -5 48 -28 29 70 4 -50 52 47 -72 34 -94 2 -76 -20 56 89 -7 -12 83 25 -97 84 -67 98 60 6 37 66 -37 -18 -34 -4 35 -82 -14 77 43 88 84 -39 84 9 31 5 -60 31 87 -59 4 2 17 -46 92 91 -68 -72 -40 87 -97 -1 -47 28 61 99 88 -67 56 39 -58 80 -6 -68 71 86 61 47 49 -43 84 40 29 23 -94 -41 -40 79 75 59 -60 -95 28 17 14 65 -36 -21 27 65 2 -36 -27 70 45 -68 76 5 -47 88 -52 46 -41 24 -70 -23 -63 -20 -14 -92 -46 26 -38 73 -71 76 -84 -40 39 -99 -53 -79 35 -76 92 -33 -49 -75 99 -70 -23 14 4 78 -3 -9 -28 85 76 19 63 -2 67 -39 65 43 97 -69 34 6 33 -5 92 -62 -58 -16 62 -95 66 74 22 -80 -16 -93 7 -69 -62 36 -25 -64 1 -58 -37 -66 94 -9 -96 86 10 57 29 66 5 55 -81 -85 25 75 63 51 -70 7 67 -66 -61 -21 21 43 91 -16 -34 -60 38 -58 -62 -69 96 38 8 -24 -83 68 -29 91 57 2 92 -50 98 -77 85 1 53 73 74 25 -86 -29 -79 19 88 52 -80 9 21 -58 -18 96 -24 88 -77 -87 -18 -32 -56 -67 -58 20 -36 -37 21 -19 -2 -90 1 27 27 -60 98 20 -69 87 -1 57 -44 82 34 -5 -26 -95 84 -12 -63 -75 18 25 41 69 50 90 -43 45 98 -99 16 32 -87 -56 54 56 -74 -74 -47 -22 9 76 75 -6 72 83 1 -79 19 -83 88 7 14 -30 -92 -57 -39 -79 47 -22 -51 -7 -98 -15 -27 -33 33 -16 74 83 35 -22 83 52 -44 -58 -91 -16 -35 11 23 -88 90 -87 -61 -72 -70 -42 -40 17 16 -27 36 -31 29 77 -51 -33 50 -45 70 82 -30 -59 -35 52 21 20 -35 3 -22 -66 48 7 -60 92 7 23 -27 -52 -21 12 62 72 69 -68 51 52 -16 10 6 -95 84 -22 33 81 42 -57 -90 83 -27 42 -32 10 32 37 39 92 -53 -93 49 41 -68 71 -4 80 4 -18 34 77 69 24 15 -9 1 19 40 -90 85 -81 69 -49 -90 -64 -62 59 -47 93 78 22 -3 -42 -13 -2 -23 -47 -93 -39 
-24 16 -11 86 -26 -63 1 -59 15 -17 -42 -33 -92 35 30 69 68 -91 40 61 -30 0 21 20 -89 87 20 -62 -83 11 27 -22 29 -8 5 -91 -87 -67 -31 -29 -31 46 -38 19 35 15 65 49 -82 -81 -29 91 88 -26 44 -80 19 0 1 78 -65 64 7 88 -7 65 53 66 80 -70 70 63 -49 -23 -91 -1 -24 38 -70 -4 -27 50 -92 -11 25 -36 6 -16 32 -2 57 -68 59 -73 38 80 6 -81 -84 45 -81 41 -66 96 -40 8 -65 -64 79 -50 55 45 -3 -79 36 -45 76 46 -26 -95 40 46 63 38 -99 73 -72 36 52 32 -12 30 -88 -94 68 45 -90 -97 -80 15 -54 57 86 94 -3 72 28 86 -80 95 -37 5 46 -32 42 38 -23 42 26 68 -39 -51 8 32 60 95 -71 -90 24 83 -42 -7 -51 63 83 3 92 -87 26 -23 8 -89 3 34 97 54 25 63 55 -32 96 51 9 71 -67 90 6 -89 48 56 44 -94 89 -18 -20 -67 -19 59 50 -90 58 47 43 -42 -67 39 21 -9 -73 10 -52 47 -83 20 -13 68 -75 10 -91 -19 42 13 16 50 -34 -74 40 94 -70 51 13 62 30 82 38 31 70 94 91 -11 -63 -63 -20 72 9 -22 -6 67 -36 21 -96 -4 -67 3 -28 -70 -81 -2 44 -94 -42 -77 42 98 -75 -38 -14 -81 15 -26 -40 -73 60 -69 -12 32 -25 18 -23 -71 39 -78 37 44 -40 13 52 19 24 68 85 -15 -93 -79 -95 7 -59 -5 -75 -60 45 9 57 9 45 -24 -77 44 95 65 64 39 88 -66 74 -58 -26 -10 -21 -79 -93 -33 -30 -50 29 -19 -49 -25 85 -10 69 -58 -82 31 -70 -28 -9 18 -23 -45 62 -60 -40 51 -7 -23 -46 -98 -30 -21 51 34 -66 -46 16 -58 -74 73 -25 -84 -84 45 86 -31 -1 97 -35 11 3 -34 62 6 -18 -41 81 75 -19 -65 -6 -3 26 54 -50 21 20 -12 -13 38 74 62 18 8 -69 90 17 -6 -58 32 -67 -80 -63 -44 -68 -95 -27 66 93 87 -38 50 28 -32 -39 -15 66 74 -40 -81 94 -94 -34 41 -98 26 -87 87 -50 -82 70 17 48 20 -74 22 -17 16 -33 38 -94 -7 51 -1 -66 78 -57 -31 -29 -22 25 28 -6 11 -28 65 23 69 -14 23 18 -94 -74 -1 37 -35 -19 95 63 -27 -28 -56 7 25 -82 85 35 -74 18 -98 -52 49 35 94 -14 15 -60 20 -38 39 23 -16 
2 -82 60 -46 9 66 62 -69 -2 -1 77 -50 -3 79 39 -93 -99 -33 -21 -28 -74 67 -45 -77 20 -90 67 19 74 -40 42 80 -5 -23 39 -46 46 -31 6 -80 -12 -84 52 -80 -75 -18 -28 90 -54 56 29 66 -52 -61 -39 17 -44 13 -40 6 98 -75 73 -75 -67 -98 41 31 82 -89 62 75 -47 -58 -56 9 82 87 -47 -37 33 -22 53 -32 33 -32 -90 39 32 -92 -94 -47 82 -50 -41 88 3 -28 54 50 27 -6 94 -86 -13 90 11 6 8 12 97 -57 67 -24 16 86 -15 -13 68 -48 1 -96 -62 -71 55 -14 86 -94 -34 0 -50 -30 37 -85 -89 -26 -35 -29 59 -73 21 -29 1 12 69 26 23 62 46 -42 -79 77 -7 -23 -33 -35 -42 42 58 71 -34 -75 74 -23 -18 32 -2 27 -59 -78 42 17 18 -97 70 -83 -94 32 -3 31 44 37 -41 35 52 -37 52 -80 -24 -73 87 48 -10 13 -11 24 42 -96 55 -57 13 76 -77 17 -58 79 -9 29 -48 95 -61 26 -18 46 89 -61 0 28 -70 82 10 -94 -66 -10 -61 -69 3 -43 -20 80 -69 79 62 98 -56 98 -20 37 -70 21 32 42 -72 -93 -22 68 98 66 39 -68 -51 -92 -62 -86 -31 15 93 72 98 -16 -67 -25 80 -35 13 -86 94 -73 -31 -30 64 -76 83 -34 56 31 60 47 -84 57 85 -35 6 5 83 11 -24 -63 -88 25 10 10 21 -68 43 86 -32 44 42 64 -11 4 -80 -1 21 20 95 -82 -95 -75 -47 -20 96 80 74 -44 16 54 86 63 -34 -90 80 -31 10 -45 -32 28 78 9 69 36 -35 -74 30 4 -61 88 94 48 97 -96 32 -66 -54 28 8 29 86 94 43 69 -59 -28 -65 -41 -91 -19 85 67 71 -81 67 -71 69 -12 -54 60 43 -85 52 2 75 -16 -11 -23 -48 19 73 -6 22 47 -66 -13 98 -10 6 -30 -91 -60 35 46 -77 17 -55 58 -12 35 29 -19 -77 42 42 -15 -85 93 70 -64 12 -7 15 -84 -69 23 -73 14 -52 69 -54 24 -89 90 6 -30 -79 9 -50 -30 -82 43 -81 -54 72 -58 87 -34 76 -43 6 -75 4 -46 -8 86 99 63 -64 -23 45 -87 79 -94 -2 -45 65 6 -5 -4 81 -94 -33 49 2 -38 -25 11 20 76 -71 -39 -1 -37 49 -34 -27 -37 60 69 18 64 56 -49 14 -38 96 -14 90 81 61 7 82 69 91 20 77 -1 82 48 21 -54 
24 89 5 91 -82 -42 -59 96 58 -60 -85 26 -38 76 -96 33 -86 30 -92 23 -57 -64 42 -40 27 54 90 56 34 -89 80 29 92 -15 51 50 22 -13 -40 67 -16 -98 42 -23 -12 -86 44 -74 66 63 86 -49 -23 4 -71 -28 85 -91 -68 -37 44 -81 6 14 -27 91 50 9 89 -94 -98 -47 -26 -22 97 -72 72 -53 16 73 -44 59 11 15 -53 27 56 64 29 5 -30 -91 41 55 -54 82 22 -23 -75 33 26 29 -79 58 -54 -77 -77 -19 -67 -10 73 5 90 -15 11 -71 14 87 84 25 -73 26 -78 -88 -68 33 63 -89 -26 74 76 14 -82 -63 -16 52 -8 -50 -25 -60 66 -78 -46 81 94 4 -39 33 54 -73 85 69 32 -81 48 24 1 28 2 71 -61 79 54 -56 94 68 -64 -33 55 -64 -80 -99 13 13 5 88 -96 -57 81 -99 -12 17 12 -90 -91 91 90 -77 -18 -57 -51 -95 77 -50 17 39 67 59 -98 -73 -78 21 -95 -78 31 -66 55 44 31 24 -62 -4 -20 -41 92 86 31 83 0 48 53 10 -29 -29 -73 -94 -61 83 -8 9 83 -45 90 9 23 93 -47 14 10 -4 39 66 -21 83 -23 -51 -28 -29 -10 26 10 4 37 59 80 2 4 -37 70 20 -64 79 32 37 40 -35 45 67 -74 -19 -77 -47 67 82 -72 19 -95 46 -94 -37 19 -16 99 23 -63 50 37 85 71 -1 78 -46 13 -39 43 -80 94 14 90 -12 7 25 59 18 34 16 54 -40 -68 41 -38 -43 -67 -52 -75 99 1 -65 -54 -59 70 89 37 21 52 5 23 -85 23 15 88 -99 -31 -70 28 60 38 72 43 87 75 -19 -45 -55 -10 -26 23 -10 -75 -69 -9 -16 56 -29 38 54 -8 94 92 92 -24 -47 -85 75 -36 78 -11 41 23 -13 57 82 -68 -85 -24 79 29 43 74 16 -19 50 34 60 62 -24 -83 46 -49 -92 -14 88 81 76 -75 14 -79 -87 -24 87 -22 23 -63 -15 -58 -48 66 78 -64 -61 -23 -74 89 -99 -49 -92 35 -34 -13 -47 91 -14 -87 -33 -85 28 86 47 14 5 -96 -46 8 -26 -63 1 59 -4 77 85 -92 -33 35 31 82 86 96 96 32 66 42 -39 26 63 -35 -44 -41 -83 -21 67 66 59 34 -42 57 27 -9 30 82 -50 6 -56 52 -34 36 72 -29 -58 -27 93 92 -71 23 18 10 74 -20 -24 17 -23 -70 64 -54 38 40 -21 -10 -30 -22 67 
-7 -26 -5 55 59 -97 -21 -47 11 -6 -44 -9 -35 70 80 -32 -56 -54 -60 -20 0 39 11 54 98 -30 -58 -74 -23 -85 -77 -61 80 97 -66 54 -3 7 -57 72 40 35 -25 46 -19 70 -87 16 -23 1 -25 81 -70 -66 -28 -49 -49 10 37 -63 39 38 -71 -35 16 7 -9 69 -21 38 -50 -9 73 -13 99 13 -21 36 -36 -68 -31 27 90 -43 78 -52 42 98 39 -23 -97 -21 -27 -21 46 95 49 -13 79 -9 -35 16 37 34 -94 31 79 71 -83 2 22 -19 -41 72 42 -87 95 -31 1 -66 -51 18 63 49 -44 39 -61 -22 8 50 60 7 28 91 -12 88 -90 14 12 -99 -74 -62 92 56 98 -84 -71 -49 7 -55 -99 -7 -90 11 -79 -94 77 -85 -53 85 36 -59 4 66 83 11 -70 68 -28 -23 -60 74 -79 69 -14 14 -81 -4 60 -32 89 -48 10 39 -69 95 23 -62 -58 99 92 56 -81 -71 -68 -52 30 -16 69 -80 -43 90 -17 -6 -9 21 65 7 62 17 98 24 62 65 -57 -3 -66 -60 -67 94 62 -51 7 24 88 82 71 -7 12 -53 -40 82 44 -11 9 92 -57 81 -97 82 -46 -55 -23 -58 24 86 -9 -42 -47 -59 21 24 -67 -51 -62 85 -41 -67 -64 -28 15 -99 33 28 -10 33 99 96 -40 -68 83 52 -7 -60 -20 -92 54 80 -6 -95 -66 -41 76 -65 -39 44 -56 97 -78 71 44 84 -57 -25 3 53 -4 -85 10 97 69 50 5 -45 96 92 69 66 75 41 67 50 -63 -81 95 -69 64 47 92 16 79 19 -1 26 -57 94 56 22 -20 -11 47 81 17 46 78 58 22 23 20 64 -9 -41 11 -28 -67 69 22 -53 75 94 4 22 -84 94 15 -78 5 -18 -67 90 -99 71 -5 -71 -80 -12 61 -4 43 -52 17 38 19 19 -34 8 5 61 13 78 71 -77 -26 64 -40 77 -81 57 37 -47 -20 -21 99 41 -84 -49 14 10 -15 94 78 9 -71 89 -47 -63 20 -73 19 -63 -93 -14 -91 61 -92 -17 52 11 16 17 58 53 25 -98 30 -93 -49 -44 44 -94 -32 -91 92 -51 32 -49 -99 90 -58 57 15 67 15 -44 88 37 -71 -17 14 65 90 78 62 -73 -23 -27 56 -62 -77 46 3 66 69 26 28 36 19 -18 14 -82 -21 -39 -50 90 68 -93 94 -95 -30 95 45 -56 -59 -49 -39 76 -45 -70 -10 68 65 19 61 80 -39 61 74 70 60 -95 
-39 56 55 91 -44 -30 -62 51 51 -16 -24 54 58 -59 42 -29 -91 70 90 13 22 -39 91 -96 36 61 -70 55 1 45 -63 -62 -80 4 44 -66 -53 65 -90 97 -65 54 39 13 -57 17 19 -30 -91 70 -71 18 53 73 -73 23 -10 -11 72 85 21 19 -87 -6 -21 -12 30 -64 82 66 83 52 28 -41 -2 -37 38 60 37 -55 -61 -31 -39 42 -31 -73 41 -4 32 -28 -33 -16 61 44 -6 85 77 98 -90 38 32 -8 35 14 -68 69 -99 -82 -7 21 78 -80 93 54 90 -58 93 36 54 4 49 -87 3 -50 28 36 -64 -17 65 88 -75 -52 -82 56 90 -19 21 89 77 -73 36 -20 -63 82 -23 76 -35 70 69 49 -73 -7 42 42 47 -56 7 -28 -30 22 -99 37 65 65 97 -64 -83 44 -13 -86 3 -71 -24 78 17 48 42 -18 45 -56 48 6 35 3 57 -74 -83 -44 -71 93 8 -32 -72 25 64 21 -82 -29 -71 -74 -35 -97 31 95 -68 56 -62 -70 52 45 74 38 -37 12 34 -31 52 -81 -30 3 -29 -30 43 79 -69 -9 69 74 -36 96 89 -24 69 13 -71 95 -61 -85 -71 -65 82 -62 3 65 -8 -35 57 -10 -35 41 -18 -64 87 34 10 45 11 70 -93 48 -62 43 -95 -25 -71 60 -58 88 -59 49 -99 -33 -10 61 -67 -43 90 94 -15 -6 -21 -23 3 96 -52 -21 -8 -81 -87 -72 14 -73 -13 -62 25 -3 14 -72 -5 1 -3 -80 -91 93 -58 -56 -27 16 -70 -39 41 4 -9 70 31 -8 66 29 -48 45 26 -42 -91 -11 -97 38 -15 82 -20 -42 92 -78 -56 -86 88 74 84 -22 -19 -98 23 48 -68 -61 76 62 -55 91 -63 71 -69 -62 -78 84 55 -54 56 60 -72 -36 -10 22 -15 33 63 15 54 36 12 83 26 -95 66 -90 -26 -51 22 -43 -35 25 -35 -13 47 -1 -51 25 -4 -65 66 -79 -57 -62 54 -12 -32 -53 -46 73 30 64 95 47 -7 -53 67 21 -37 77 -4 19 -72 -78 68 55 36 -68 -98 -37 86 -75 -71 -6 66 -69 -36 54 15 -94 -78 -72 -75 -57 20 -87 41 -24 10 -7 42 64 9 45 15 2 13 -52 41 67 89 75 94 -88 -47 -11 81 96 87 80 -18 46 -13 85 -78 -49 -16 56 11 -97 -5 -38 32 79 -79 93 -47 -79 8 -63 87 32 63 1 -68 -77 -40 73 47 -47 -27 -12 67 -62 83 -87 85 -71 94 -19 90 3 
32 60 34 -12 -30 -52 -51 24 -24 85 12 -51 24 -90 -6 -54 -49 11 -28 -88 14 -39 19 40 -10 -26 -41 79 -91 -10 77 -88 -86 18 27 -49 38 61 86 23 -47 -76 64 35 84 34 83 -1 38 95 73 83 -82 -85 59 -20 64 27 96 -95 -40 -89 -84 95 7 -41 70 24 56 75 -68 58 18 -92 -27 72 -68 66 86 -70 -18 -50 -83 6 -31 25 -38 10 -22 29 69 65 96 36 98 50 61 -61 -99 29 -67 -99 60 31 32 88 12 4 -94 -35 98 79 -79 -8 -52 46 33 66 41 82 -87 -4 -77 52 11 -13 -7 97 70 6 70 -53 -45 -28 -69 -60 36 52 -64 -65 -12 80 95 21 -96 37 -45 1 -45 3 27 41 -36 -58 -17 -80 -90 -85 -84 58 -56 -59 74 -13 -77 -10 10 -56 -20 -92 -90 1 72 96 68 89 96 95 74 95 89 -66 -72 96 -59 8 -76 84 -91 29 -71 49 32 -83 -44 -75 16 -17 -20 34 61 28 -88 -33 35 22 -51 -86 39 39 55 -15 -93 -48 -36 -48 29 1 28 -75 -93 -58 38 -52 68 -29 34 28 -73 40 66 -38 -9 -15 -64 25 61 65 -49 21 54 -62 -9 86 -79 80 -30 73 -2 -78 -72 -86 -88 57 65 -6 29 71 -87 -69 -74 -82 -89 43 58 9 -84 -69 -81 -39 -98 99 42 -11 56 46 25 -64 -10 91 -77 98 1 -42 -19 41 -26 59 6 -20 -64 91 -4 96 -37 20 -2 -4 68 70 -50 -26 -95 1 84 52 -97 -60 -39 65 83 63 -69 -8 -32 -79 -52 -44 10 -25 -64 -13 63 69 35 -77 23 67 -75 -30 90 56 -53 98 13 -61 -29 -16 -5 -60 -20 -52 -79 -55 -75 -10 95 99 92 -4 -36 3 -2 -85 -1 -18 50 3 -33 53 64 81 22 -65 13 -75 21 -45 74 -97 11 -88 -20 53 -81 -16 -79 77 68 19 -57 14 -29 -98 22 -22 -73 -21 -36 9 17 -58 90 14 -17 42 -35 38 7 55 -53 56 -91 20 -27 -84 -94 -5 -84 -32 44 98 3 60 49 -78 -50 -9 43 -95 7 -62 10 -72 -11 -87 -26 -52 -70 21 -74 8 -17 21 56 -10 79 -65 -75 19 82 -31 61 -78 90 49 -42 -52 -36 27 24 32 62 -80 -73 33 -10 -15 72 49 -51 -83 -56 -57 -41 -95 -32 -91 71 36 29 -6 -90 54 -94 33 70 21 -62 -43 98 -43 -42 -2 52 11 94 44 -97 98 -30 -93 41 99 41 -47 30 -59 -28 -38 
-39 -59 85 20 -3 -11 -92 8 51 -52 43 -44 -35 -84 -56 66 16 67 -82 41 -17 -78 37 -91 75 70 -55 27 -3 -38 9 27 11 -99 -27 -41 -77 6 -57 -82 -77 -70 6 -82 86 96 95 -1 -96 2 83 70 0 47 -77 7 27 61 -73 -17 -92 60 98 17 -73 30 49 37 -89 -5 -97 -7 -47 63 36 38 99 92 70 -14 44 -71 -44 69 36 -2 -44 -83 -78 35 71 1 51 -74 -63 65 -5 -28 20 -92 -99 -19 -47 96 -78 -93 -39 79 -48 24 9 47 80 87 45 -59 -49 96 77 -20 29 79 8 89 -31 -23 -29 75 -54 33 1 -12 73 -88 75 -13 54 -52 -54 33 -28 7 -6 -35 98 49 -59 82 -19 -77 -92 -97 -69 -53 -20 22 43 28 55 -23 90 -87 -12 57 58 69 -70 -15 24 4 -24 -80 -67 21 54 -52 99 -21 46 56 -52 -78 13 87 -77 -13 -91 65 38 23 -72 -5 -82 -25 -77 -10 -2 -5 -77 -27 82 21 -87 -13 -78 -26 33 -29 -4 -93 -26 -84 47 -66 38 -35 79 -57 -5 -83 29 -32 68 -16 32 47 25 90 77 -39 -62 -4 59 8 -39 -20 4 -97 -15 -29 -52 55 85 83 -75 -71 -91 -6 -12 21 53 -97 71 -2 -27 27 -53 19 -69 93 -1 -98 5 -5 98 -96 10 72 24 42 -90 -21 25 45 86 -62 1 6 93 -2 12 -43 42 45 -67 45 79 -93 -44 40 82 27 -28 -53 -97 75 -80 39 90 2 -62 -47 -46 -76 10 92 -36 -43 11 -74 9 -38 98 83 -65 -72 -42 -99 -91 96 -66 -75 -59 -50 -10 -44 85 -97 27 14 -85 66 -52 -72 -57 -40 67 76 46 -20 -63 -21 18 -33 -95 -72 -87 -35 -59 90 -73 35 64 17 -90 83 89 50 22 -29 -99 17 -61 -71 38 -81 48 75 -62 3 -53 11 -61 52 94 -77 1 -54 -90 66 53 -4 74 56 46 -11 5 10 -47 15 -6 -61 -69 -28 99 77 -31 11 -12 18 9 11 19 -54 88 28 91 -32 67 -9 -2 -97 -22 -64 -88 56 -42 40 -11 10 43 -38 25 -38 91 60 14 -30 -54 81 90 99 49 31 -33 -20 38 -17 76 -62 35 -23 68 -23 -86 -50 7 -38 -78 37 -29 -8 2 -65 -43 86 -65 -70 -25 83 -42 74 31 59 3 -73 -96 67 86 -8 60 96 78 -51 88 -48 -32 79 -59 -74 -94 -95 -62 25 49 -94 -27 -5 -76 -45 -43 -1 -33 59 -34 -1 -69 88 25 -70 
-25 -76 -66 -62 -51 12 -28 -80 28 27 42 67 -73 98 22 -56 -81 40 5 -74 -99 -92 80 -75 54 -32 61 -13 1 -97 68 -86 93 45 68 -16 -87 4 -23 -64 -36 22 -16 -1 -24 4 -95 -54 -78 -29 -4 16 87 -45 -56 -38 -59 64 95 -85 98 -47 -80 -70 78 15 -88 52 15 -45 -24 85 86 -40 -81 96 30 66 -58 -14 16 -11 -99 33 -47 -8 -42 -89 -68 -60 63 40 21 15 11 51 76 27 -71 59 14 27 -13 82 -43 61 12 -37 -95 -67 39 -11 73 48 22 40 77 45 -51 66 40 -19 -98 -83 7 67 -80 -20 80 -67 57 13 46 -91 40 68 -88 79 -27 35 0 -29 47 -31 10 -97 -61 -74 -46 2 83 18 -4 -95 92 57 -53 10 -33 -20 64 -86 -14 19 93 86 -23 16 -64 -38 -6 -25 26 18 -40 -94 -13 -37 46 11 55 13 -54 -80 -96 -43 1 9 -92 11 22 14 -87 13 -52 14 -16 -91 -12 -7 -75 -81 9 73 72 -95 53 74 79 -27 -51 48 97 90 63 -45 52 -87 69 11 -1 31 -32 69 88 -58 53 -38 60 -81 72 30 89 89 -31 53 75 -11 14 -86 -58 4 64 12 45 -22 -90 -66 38 8 18 -68 -17 95 -38 -99 -30 67 29 -79 -91 57 -88 -13 -50 76 98 -2 16 29 -56 89 73 -10 91 -86 -25 77 -27 -36 -92 10 47 71 62 22 45 86 -86 89 -56 -85 -41 -72 -69 -49 -59 77 39 88 -11 -26 86 96 21 61 7 -11 -57 58 -50 49 16 82 38 89 21 30 4 -28 -80 34 14 -72 26 -7 35 -93 9 84 44 -67 -68 39 -98 62 -92 -56 -2 -97 -85 -18 86 22 33 -19 81 10 -45 -70 35 -3 -95 -7 -65 42 32 -85 -56 -65 -53 -45 -89 35 99 33 -73 -61 -29 92 66 19 -27 -25 -27 10 9 61 -51 -46 6 -5 82 97 25 -14 15 34 -51 -50 -82 -54 -8 8 -83 -69 -10 29 44 45 -40 26 -38 -4 43 23 13 36 37 7 24 -66 94 97 -31 37 -43 -39 -27 -25 -76 -50 -32 -56 96 24 -48 -85 -55 94 -50 -74 -61 55 42 52 97 -87 87 -44 57 29 -95 61 -11 34 63 -57 -49 -2 76 34 -46 -35 -83 31 55 -87 -13 -20 -44 27 86 22 80 -41 13 -28 20 -45 92 -82 57 3 -3 -55 -99 68 -53 -93 -96 35 3 9 11 -96 -69 -63 44 48 -65 15 58 -47 40 72 -61 39 60 -33 
-58 -75 68 -34 1 -67 -76 19 23 -9 -54 -88 93 -56 -88 -7 -83 73 -10 21 20 -69 -8 -63 -66 61 12 -23 -84 0 47 -55 -94 -71 -65 41 -34 18 -14 16 -8 -77 2 39 -90 -79 38 -25 69 -22 -45 71 -84 59 30 25 -90 69 13 64 54 68 -83 -23 -65 -1 -42 -86 -56 55 96 -35 25 44 -2 1 -81 96 98 38 48 -86 -37 -93 -23 -7 68 -77 91 -41 4 94 46 72 -40 94 94 32 81 -18 -96 -32 -86 54 -80 -63 33 -64 -63 -73 -43 -32 10 42 32 41 -37 23 73 -33 -34 38 86 52 -36 -33 75 27 -99 53 62 -58 -73 11 -25 -30 -18 38 18 81 90 -4 84 -96 92 -80 -74 16 80 33 21 58 -3 14 -87 90 -12 -33 45 66 -21 -49 71 -17 9 -99 99 -39 -98 -78 74 98 84 -43 -96 -48 76 99 21 -62 45 -94 -30 60 30 -13 10 -13 15 89 63 0 1 75 90 60 -10 -51 48 -94 11 18 6 -49 5 51 46 48 -8 -4 -95 -60 22 49 54 -1 87 55 -14 -49 -13 -58 -65 -24 -47 38 48 -45 -45 -69 -69 -23 91 22 92 27 -17 54 91 89 -22 19 -20 -13 -48 71 90 -71 -96 44 -69 19 -43 -4 77 -26 -70 -18 18 78 -96 -49 1 44 -34 27 28 12 -4 68 97 5 -43 43 -75 72 -44 -27 -96 -1 62 -89 -56 -8 25 52 -78 -65 10 -88 19 -62 80 -90 60 -60 39 -82 53 88 -3 58 -66 13 26 -62 -35 -50 -64 -47 4 -7 55 71 2 33 70 -25 45 29 46 -38 84 70 42 -33 -11 -76 29 44 85 0 58 53 16 34 -2 -33 8 70 -28 -63 -25 -18 -42 74 98 -1 -49 23 36 57 -57 60 -74 41 -8 82 11 -46 -35 84 -77 -81 91 -56 -92 17 -70 58 -29 -84 -77 -19 82 7 -46 -71 -95 -21 -31 52 30 46 -21 67 66 46 -88 11 -35 81 -12 46 42 46 58 81 49 -63 59 68 -18 -72 92 -61 -62 68 -58 41 36 -45 9 44 -26 -78 -54 35 -90 -90 95 -33 35 57 -48 -66 0 16 30 -51 -40 -2 66 -83 -81 -21 -33 55 30 -72 -1 11 55 7 67 48 93 -28 84 83 4 16 -50 32 -50 -75 -41 12 33 20 -8 91 -26 -28 16 -16 -63 -96 74 44 -71 -21 -17 -28 70 -89 50 -93 95 43 12 57 -22 -84 63 79 -13 90 -46 11 54 16 -90 49 -97 54 -53 -84 68 -34 
-75 9 83 43 -4 -19 71 70 -87 -77 98 -49 59 -68 73 -78 -68 45 -35 -10 61 -14 -75 -78 -8 -42 -96 72 13 17 30 -9 73 53 86 -96 -82 -38 -13 -82 -79 66 32 -65 -64 -55 73 -95 -32 -68 -80 -44 -12 -74 -83 -47 -38 84 14 14 13 -9 12 -33 -81 72 -54 -93 10 -35 -99 50 53 98 -26 -2 63 62 -86 -95 -38 67 30 16 15 -54 -18 -48 55 -44 83 98 59 70 21 46 -22 29 14 95 46 -29 -31 26 68 -86 11 -25 -23 49 -62 51 15 -90 -44 -40 6 -43 -47 59 -48 28 -92 -25 -90 -53 73 10 6 78 -78 8 45 -43 28 33 37 0 -85 -73 -78 -68 -98 -92 79 -87 33 -59 4 2 6 44 -21 23 26 51 33 46 1 65 77 -94 -18 11 5 28 63 -46 -58 -92 -70 78 61 -72 -23 -3 -54 -74 -52 7 -38 49 -2 38 43 -78 60 -34 12 -14 -88 -80 -91 58 -84 -98 36 19 3 -97 77 -18 -17 82 63 -11 -55 -59 -10 62 61 36 -53 -66 -4 -66 -39 -32 43 -77 10 -86 60 -94 -4 15 -6 37 -39 27 -77 85 52 -98 -52 -42 -17 62 67 -14 97 96 82 -65 -61 81 16 -11 0 70 85 84 33 -24 49 54 15 -21 31 8 50 78 42 8 55 4 -25 79 -85 -44 -48 -55 67 67 0 -26 -38 -15 18 87 66 -2 -86 -87 67 -22 91 -40 21 87 -79 31 -49 63 -5 -63 51 -44 28 -7 -65 -58 16 -74 77 71 -52 -17 -45 63 -91 -54 -80 49 -4 93 79 -78 79 42 49 70 -28 18 23 -2 94 35 -13 -45 86 65 34 18 -38 63 -49 -60 5 25 -98 65 6 -26 92 52 -50 81 81 -60 -80 19 -89 -10 34 -88 75 31 -68 93 -15 -72 2 30 -21 -82 32 -7 -42 98 -68 56 29 -61 -25 10 33 97 -63 -43 64 -41 60 -26 65 -34 -92 -48 25 -29 43 67 -49 -7 44 -82 49 95 -48 -26 78 98 31 -5 82 23 92 -75 36 -62 64 -37 -69 -31 33 -55 86 53 -63 69 -30 -42 -20 72 33 4 95 -15 40 9 57 96 76 -41 -47 58 48 54 48 81 -93 -76 -80 -96 96 23 48 -58 55 -36 -55 -36 -11 -75 38 55 29 -59 -19 51 -78 40 29 -51 -42 -43 -37 -44 26 32 77 9 96 -69 36 83 90 -31 -72 61 -30 10 33 24 4 4 -8 58 -21 -21 6 -32 -87 -96 -35 79 -91 -31 68 28 
95 19 27 62 -97 -99 91 -35 -47 -16 -29 -28 73 -36 -82 -57 -16 -78 95 17 36 -44 22 12 10 -93 -97 -67 94 -2 89 -21 -85 -61 -40 94 -64 35 -23 -91 -29 -24 -41 29 52 60 59 33 -55 0 16 -99 68 40 94 93 57 -46 30 -83 -74 -89 61 5 56 46 13 -13 -80 68 63 36 -56 45 -49 89 42 -4 -68 -24 78 23 -34 -30 53 61 31 80 75 -54 78 -66 60 -97 -36 68 -64 55 -59 -18 -46 59 -68 33 -84 25 18 -28 88 0 21 15 28 38 36 -83 82 -87 -76 -59 -1 -21 -5 -82 67 32 -78 -41 82 79 -28 86 54 1 -19 -52 45 75 -87 -11 18 93 24 87 75 88 64 -69 -39 16 5 -63 10 11 -66 -37 -38 20 -59 29 73 24 84 70 -53 11 15 -11 -64 -46 -69 83 -31 -37 -79 93 -45 13 34 -40 -63 -79 -77 25 0 -2 -67 -8 -61 49 36 -5 60 62 -64 -68 -61 -60 56 -4 35 -55 -85 94 57 22 32 -36 42 47 75 50 -93 -91 70 60 -91 22 41 92 -28 99 39 1 -21 25 -7 29 -86 29 -63 -95 -93 -2 -78 -44 47 -51 29 -9 -39 20 -5 78 10 -80 -79 -75 -14 -36 53 47 13 -56 -74 19 8 7 72 -45 3 -11 35 11 24 56 -50 32 81 -53 59 93 -86 26 81 14 37 28 91 -2 63 33 44 -65 -4 21 82 -13 -94 34 -67 58 -82 -12 10 -89 -27 -6 14 49 15 20 18 92 15 87 -33 57 86 -99 -54 86 18 31 31 61 96 31 -23 3 9 58 80 -10 12 -73 -69 90 53 79 8 28 -52 32 76 32 93 21 98 -29 36 2 61 95 -97 27 -85 97 -60 -63 88 60 -97 30 34 93 -44 -37 80 69 -56 44 34 88 27 -88 22 -77 -47 42 -66 14 12 55 -39 -42 21 84 6 8 -4 27 -23 -16 -50 27 -7 73 -69 -11 87 -4 -98 16 14 -25 -21 -88 -78 67 47 25 77 72 -83 -82 -22 -32 53 -73 96 56 44 -74 79 26 91 -75 33 -68 28 24 60 -20 97 51 -59 64 40 86 49 -65 74 -88 77 -1 99 38 61 -83 57 10 -11 -68 -85 -86 -86 68 49 -75 -23 -97 55 84 -15 91 79 69 -41 30 96 16 29 -46 -87 -99 -34 4 91 66 -97 -40 7 -16 30 21 -52 71 75 -46 -76 27 61 44 -70 -18 -71 -31 -90 -81 24 -27 -56 -55 33 51 17 58 -84 -4 
-1 -91 75 78 -79 -39 -81 -59 -72 6 40 92 -74 29 66 47 17 -12 -97 8 -38 -24 -97 -45 -43 45 -27 -20 23 42 -18 -19 -90 71 -36 -47 -74 -82 91 1 -45 -78 30 -82 -18 -81 -15 96 -73 -92 64 -31 57 82 -25 3 26 18 45 59 -52 -24 31 -9 24 -11 99 -44 -65 24 70 76 -93 85 11 96 -70 -50 92 -59 -19 -61 51 -26 -6 72 35 39 -49 29 55 -31 -84 44 -58 88 -80 -42 25 92 -31 47 -80 70 -92 26 96 -79 -13 -92 5 23 16 76 45 -92 -50 -88 20 -50 -89 -94 90 82 -32 26 73 -33 88 -63 95 -5 -37 84 -14 -84 -74 68 13 50 -52 -99 -44 84 -88 44 -90 86 84 94 14 45 -1 -64 -85 72 -10 33 62 77 -65 -52 14 59 30 27 24 -93 -90 66 -35 -31 -77 39 54 -41 -5 -39 51 51 0 -23 -19 70 19 5 38 41 47 -96 91 -93 -93 9 93 -24 -3 95 7 34 -12 69 34 59 -68 91 -44 -21 -28 10 91 -25 11 -22 -35 -3 90 -71 52 -18 -83 71 91 98 35 -67 60 -1 -64 -25 -19 -15 68 -9 -81 66 -25 -42 -2 37 61 -30 -71 -73 -51 -86 -47 26 -24 49 -40 56 21 -98 70 -4 60 62 -79 -54 31 11 -59 -59 -31 -62 60 96 32 -66 59 -75 -72 12 -59 -63 84 60 13 54 17 -25 -25 51 -38 -47 48 -97 -30 69 25 -7 -20 -55 95 -85 89 -51 -85 85 61 -90 -97 -8 -52 -25 -78 66 73 90 -41 -59 69 -29 59 -16 -77 -17 58 -48 -4 87 72 17 -9 48 -70 -55 73 -77 -53 -1 2 -28 -33 88 76 89 5 2 13 75 15 -25 -34 37 -15 -32 -3 73 13 -26 -47 47 39 54 55 -77 11 37 12 21 38 31 -31 70 36 -42 49 51 75 -2 -82 79 88 -58 -12 34 7 -54 -76 -92 39 -41 29 74 -20 -96 -61 29 -84 88 40 5 14 -61 -74 83 -90 -94 47 17 -38 67 -24 -38 -37 -80 -72 83 -12 -45 88 93 4 62 -68 24 29 -5 -11 94 -99 95 8 25 -88 -25 81 85 63 2 -35 72 -95 -80 92 -85 36 20 88 38 6 -70 56 37 -72 0 -59 -53 69 -14 -66 -28 37 -52 76 33 -85 87 -43 79 55 -56 7 33 23 -38 -51 -77 49 -20 -43 77 19 -34 -29 73 38 -81 54 -42 60 -37 -57 -87 8 -33 -15 -26 87 -79 50 -1 -80 58 93 -23 -14 28 
-59 33 25 -98 -5 -19 -5 -76 -44 0 -24 60 -22 -37 -94 -90 35 30 -94 -34 -14 -76 37 15 -89 -28 -97 -97 -81 46 -64 -83 41 -42 -3 -85 44 -14 -18 89 -85 -57 62 95 67 70 58 -96 8 98 -94 57 47 85 -14 8 -71 -11 68 -5 -37 41 -34 52 5 70 80 -87 -6 61 -89 49 -7 -43 32 -10 55 45 -18 54 -95 88 -72 50 -21 -74 -32 29 -57 -94 -47 16 -52 -37 -22 27 -36 -60 -1 17 -89 39 50 -51 -13 28 -37 74 -80 53 86 97 -54 35 -96 -87 -31 -28 -37 -25 -98 -32 43 -55 40 71 22 56 96 -70 -41 -87 43 -54 -45 -37 68 69 80 40 19 51 -71 -66 -66 -98 -22 -22 56 -48 29 33 -65 -43 -29 53 56 -43 28 -76 27 -63 -88 -21 -52 -62 -9 96 -10 -9 87 74 -41 -70 74 92 -84 45 -91 -59 55 -15 37 -41 19 45 46 -23 -78 -60 69 -30 -41 -85 21 27 -35 32 -65 -82 -50 -35 35 -5 -81 38 40 -4 -82 87 -2 -9 94 -13 6 -66 40 71 -8 47 -56 2 -34 -30 7 84 -71 -40 77 45 44 22 -7 -41 -14 -19 -2 57 -49 33 12 -19 29 16 79 -61 -36 -33 -65 -66 -58 -42 73 -11 84 56 2 -72 23 -85 -84 -14 -13 -31 7 4 -51 39 68 62 80 19 49 -65 -5 -68 31 13 20 -33 -55 -73 -87 98 -92 6 69 61 -51 -80 -94 53 21 -71 -21 -53 -4 -7 10 74 -81 -74 45 -66 61 26 -27 16 14 48 96 68 -34 9 64 21 23 90 -86 -88 -31 -63 -10 34 50 7 -20 -94 74 82 2 21 -85 -85 10 50 -77 -6 -21 -24 6 -56 -8 38 0 -65 -98 41 -89 74 -48 -37 93 46 -97 15 -30 85 98 92 2 22 -27 42 -63 -41 18 7 -43 -30 -18 -51 31 62 -78 2 32 -15 -55 -98 38 52 -65 0 3 -20 81 -20 -7 25 -80 49 53 94 -87 61 -27 -15 -8 -63 -69 84 24 -99 -42 95 42 52 24 39 -8 43 -13 48 25 -29 20 -67 43 8 -88 81 -25 14 -53 -26 -40 -99 -2 47 0 1 58 -3 97 -42 -30 -3 -73 40 -15 -29 -81 1 -84 81 62 -16 -84 93 -14 -57 -35 -26 75 -12 46 -65 -69 9 24 -69 -11 -76 -66 28 -63 12 27 -17 -42 -18 -32 -16 81 72 31 -98 34 47 -28 -85 -81 -11 -96 82 45 0 97 -91 -12 0 50 81 -15 -72 -72 27 -39 -82 
3 -66 65 -12 75 78 50 -81 -81 52 -59 61 49 -20 -3 -84 55 51 -81 -90 -44 96 -94 -18 -84 -58 -38 59 -9 42 -72 89 19 55 -7 -2 -15 49 72 28 9 -58 -74 90 -76 -3 -11 51 0 53 -54 72 -76 -44 71 -41 -25 18 36 -66 55 47 79 38 38 87 26 -83 -43 19 -59 55 -21 -29 81 93 81 7 6 90 22 56 53 -63 15 -57 19 31 94 76 7 55 30 -52 2 -27 6 -38 -66 -60 92 -23 -4 79 -49 74 -22 -71 -79 47 -90 21 -9 -41 -85 -16 -41 -25 94 -6 53 14 17 32 4 43 -37 -5 -21 8 29 30 78 -29 56 78 -39 -22 -3 12 21 80 -29 -6 -47 -12 -50 -77 -71 -99 -11 72 9 -75 -46 93 -21 96 -96 -28 -6 83 -30 -23 -89 46 -47 -7 -44 73 69 -73 6 2 7 -77 -66 32 -78 25 -59 94 7 55 -35 27 -12 -30 1 66 -82 63 66 -90 27 1 -38 44 -70 57 -71 14 -65 79 79 34 -84 84 -62 44 11 -9 -71 -3 -2 -41 39 8 97 -47 96 -25 -93 62 -76 3 86 83 55 -64 42 -64 52 -85 79 46 23 64 5 -17 -50 -95 -61 17 69 42 91 28 -72 80 11 -39 70 38 -80 -79 6 75 42 -98 -9 -49 -39 -76 13 85 71 93 -66 -28 -68 -45 65 -42 -91 -71 52 -72 -37 6 -98 53 67 -53 42 -64 84 87 0 35 -62 94 80 -12 31 -57 73 35 86 -15 -50 -96 29 28 28 -58 2 -19 -53 80 32 -69 18 -2 -50 18 -91 10 9 41 -30 -14 27 68 83 69 -51 13 12 -66 -14 48 59 64 44 -3 92 -6 -87 58 1 -79 -67 -66 42 -84 -42 -79 12 66 -20 22 28 29 -88 -15 70 -51 85 48 -16 -55 -29 -27 28 -76 -63 16 92 -90 15 72 41 67 -23 44 53 -63 -67 -44 73 -30 95 34 -2 58 3 -25 92 -24 93 58 57 32 58 -57 0 79 -55 -62 -26 -49 -39 33 -57 3 90 -10 -25 52 -68 -77 -4 -81 67 -24 -51 99 -71 59 -22 29 -94 18 -54 17 77 -93 35 -7 -80 40 64 -27 82 45 -44 1 -56 55 -87 52 22 -16 60 -97 -47 42 -4 -26 -75 24 2 -17 -70 -4 78 53 68 39 34 54 -75 35 -65 27 -10 -90 -87 69 -46 27 82 55 -49 -1 -76 -88 87 58 -32 97 -92 86 19 40 56 88 -74 23 -49 15 14 -85 -31 59 -66 96 -91 -11 
25 -58 81 -18 79 -95 13 -80 93 -71 22 75 -63 14 -56 23 -69 67 -78 -42 6 72 -7 68 37 90 -58 15 -6 90 72 9 -52 80 -95 -38 -55 46 -21 -70 -79 65 -17 -90 90 -65 -27 40 15 59 -93 -41 19 6 -62 -70 9 -41 10 32 90 46 -70 -8 -83 -51 74 -28 32 -84 34 -26 69 99 78 8 -7 62 82 -92 -69 75 4 -55 40 95 11 -41 19 -41 -46 -63 -22 -64 -58 -13 80 66 59 -87 9 -51 -23 27 48 0 -39 42 56 -5 -92 92 -17 -34 87 63 -74 5 -83 13 64 -6 99 52 56 55 -83 7 -33 -48 4 -87 -79 -25 15 -40 13 2 -36 -16 4 -2 28 86 54 -18 -25 91 -89 63 -30 -25 -76 29 -79 -6 -93 -35 -61 96 14 52 1 -70 -76 -45 40 72 31 -65 30 -36 71 -71 34 13 75 -96 32 -96 75 -72 33 28 -44 -43 31 77 21 -46 40 -8 -24 78 21 85 89 -91 18 -40 84 23 52 -56 9 -27 -66 27 -47 -98 -97 0 14 -17 47 46 -38 69 -69 -89 4 41 65 -6 -83 67 47 -69 -64 -14 -2 -21 -68 88 65 48 9 48 7 -25 -24 16 -91 -21 99 79 99 -61 59 -82 61 67 -92 41 4 -99 14 -11 8 -24 -43 -63 39 51 -87 -52 52 -35 -86 67 -47 69 77 11 -81 68 -50 61 22 -29 -56 -17 -55 -53 92 97 -74 1 -42 72 -20 32 27 35 -53 59 76 14 7 74 74 71 79 83 38 49 -52 -75 -38 36 -73 40 87 11 -85 -19 37 16 45 86 82 13 48 2 1 86 73 48 -78 97 4 55 -43 97 41 19 81 86 -43 -99 -20 39 73 75 -55 -59 52 94 -5 66 58 40 -96 -37 -84 -47 44 25 -85 93 -9 66 -69 -50 7 -88 -27 -24 79 79 51 41 27 -30 -70 -35 15 -25 -83 -89 0 44 68 40 -17 9 25 -86 37 -86 48 31 -60 56 84 91 -20 10 -48 -53 -50 -91 83 28 -95 -77 46 26 -91 -22 80 13 0 11 -68 31 -75 -34 37 -57 -97 78 -3 -71 69 62 -89 -83 -53 85 5 24 -81 -14 -16 97 60 -78 -81 74 19 77 -74 16 53 -42 44 -18 50 -92 88 -5 12 42 -38 13 -73 -55 0 -49 -46 -43 -95 -74 -67 -80 98 -80 -80 -13 -12 18 -19 -70 51 95 64 0 18 94 56 -91 62 52 -17 -13 -43 -57 -94 -44 -44 -49 31 -25 33 0 42 -21 -19 -8 
24 -67 40 -2 77 -78 -1 56 51 54 -58 -66 20 36 53 -70 76 27 8 -60 -23 15 59 -94 51 -48 -78 25 16 32 67 -25 91 -96 -57 49 -97 -33 -9 0 77 -36 -13 23 65 86 -27 1 -67 7 -45 -81 -41 -99 6 -37 68 94 43 -59 -66 71 -61 -40 18 -91 39 -98 -35 -23 -6 -77 50 -33 0 -83 -38 54 -61 3 -26 95 -17 26 48 53 -30 -99 -20 75 22 -15 52 22 -9 63 -51 81 22 48 85 -7 57 -81 -72 -33 -24 -66 -78 -72 85 -30 -1 -5 22 -32 89 -86 4 60 -70 -39 89 86 11 5 93 -32 -61 -43 -71 13 -72 -85 -29 43 41 61 -78 -46 74 91 -41 -36 54 68 82 17 37 47 -26 11 -23 -54 -40 -57 93 3 68 -16 -44 61 6 12 72 -24 74 -87 38 76 -10 18 -7 59 -84 -55 30 75 -81 5 25 84 91 85 89 -45 24 -58 -39 -73 78 -16 16 -16 -80 95 74 -64 -14 -91 -56 35 12 64 96 8 -3 -34 64 -95 -98 60 35 49 -87 46 16 -90 89 37 -76 -48 -34 4 -20 -19 74 -62 6 -47 68 -94 31 -44 98 62 -85 -24 -84 -23 73 -28 9 9 92 96 -58 -50 -49 -8 -30 10 -65 47 56 -24 83 -34 91 -20 -84 43 97 11 -50 -79 -27 5 -39 -68 3 -42 19 26 -97 35 2 -22 27 -52 -64 -84 97 72 -71 -87 83 59 81 -17 4 88 -35 25 -70 -42 -69 5 38 -78 -11 -94 0 -83 -89 75 -79 25 -49 38 -36 -41 -11 -78 -20 -2 -49 -23 64 -22 -29 73 -10 -38 94 -25 31 -23 -85 16 43 -68 69 -75 -7 -43 67 -9 14 89 -99 86 25 -7 43 -86 72 -12 27 64 22 82 61 73 41 -7 -42 98 16 -6 25 -43 15 -15 50 -56 18 -53 55 -91 82 36 61 -73 32 90 75 -75 -91 -57 94 61 66 -43 42 -51 -39 -61 55 65 44 98 94 22 -74 -70 25 -20 -15 -84 87 89 -33 -97 21 94 16 -10 -23 -81 -33 -78 3 50 -87 76 -18 -7 98 -17 -3 -60 87 8 70 7 97 41 67 -17 20 53 88 62 -10 20 16 -16 88 -79 17 51 8 -51 50 -23 95 14 61 31 83 74 40 50 -71 -64 -55 -31 -7 -43 96 -39 -6 -17 95 13 21 19 -73 -78 -93 14 43 79 -64 -56 43 -84 23 38 -25 -51 -44 -12 -44 -13 32 58 88 24 90 11 75 -80 -76 -46 58 -7 72 24 
10 -38 74 -41 84 16 -66 -11 37 69 -14 -17 -72 -38 35 -69 -40 68 8 -20 -12 88 80 99 -49 60 37 -23 38 49 39 -78 41 20 72 75 15 10 -1 -71 -1 -95 -47 -28 -29 -52 -10 71 -20 75 11 70 -29 6 -69 82 -23 -20 -89 97 78 92 -41 95 36 78 -70 -86 -47 2 6 -31 -59 16 -95 31 4 -19 30 -61 -9 -14 75 57 13 -53 91 -86 57 -60 -3 -17 65 -42 17 -44 -6 -88 -45 -17 64 -72 -23 -54 -12 -71 -99 10 35 63 -85 94 13 -25 -19 36 70 -50 -43 44 72 -6 97 69 63 16 -55 79 88 89 64 26 93 55 78 58 -21 -38 -50 -7 -12 -71 79 61 -22 75 -12 61 10 -23 65 87 17 -6 23 83 -79 94 17 -65 10 -20 60 78 31 47 90 -66 -4 32 -65 88 -35 36 -92 56 65 -13 34 -50 12 -77 -96 18 -2 54 0 -80 -71 21 -74 89 -40 11 -47 73 46 27 6 29 36 -15 -45 -31 -21 -21 -71 -71 -36 -62 70 -50 36 9 -29 -24 -99 -49 -1 -37 22 -49 -31 6 -16 78 -34 -95 -46 50 -38 97 -58 -6 53 71 -43 74 -51 19 12 83 -72 69 -47 -77 43 59 -11 -77 70 -34 -80 99 -4 -26 -89 -67 68 -36 16 32 41 -12 66 -38 86 -6 6 -94 -10 -30 -74 43 -86 15 -54 -57 46 66 -92 -62 -58 39 49 15 -66 -18 -57 -73 44 71 72 85 8 -23 76 -10 -76 -37 77 -18 17 -86 -68 33 -48 -79 -21 -52 47 88 79 -40 -44 -8 86 39 -13 -22 0 -61 -45 8 76 -15 38 38 -47 -27 -88 35 -32 80 -58 15 -94 62 -89 83 -5 76 62 -85 -92 -50 65 -4 17 -88 41 9 45 -22 6 53 27 36 -14 41 -14 -1 77 28 54 -97 24 68 33 4 2 95 -85 -3 -16 27 39 -71 40 -16 8 -34 59 81 88 -17 84 -19 -98 69 -82 85 -19 92 -71 -8 94 13 -68 -38 -51 -71 -82 -19 -92 -24 -12 8 -98 47 -11 -16 71 0 19 -99 -80 85 23 -6 -77 -85 48 96 54 -66 50 70 -45 42 15 -52 -71 34 -35 -12 -83 4 -8 -1 -31 -11 39 57 -67 4 -24 -1 38 17 -66 57 93 -1 -65 -33 -30 -65 38 -32 18 77 -30 -93 31 -19 -5 -1 70 73 62 -96 92 26 -72 -44 95 -99 -69 4 58 34 72 34 -2 -60 82 -52 68 36 -28 -46 42 6 37 81 -41 25 2 56 
73 99 75 -10 -29 35 5 -70 -24 -59 32 41 -26 -72 -23 80 -71 89 9 -12 71 42 8 60 -98 44 3 78 -4 -45 -2 97 75 66 55 87 15 81 31 59 -31 -28 -95 -2 -44 78 -6 -81 26 -75 42 0 11 86 -88 15 48 4 2 0 69 -51 -63 -41 73 81 -96 -77 -52 28 -16 -15 -83 35 -11 -9 89 -65 -45 -39 -56 -77 60 -11 -96 28 67 39 -89 -43 43 -91 21 -15 52 -30 -88 -79 70 -84 4 -62 -16 -87 -93 -30 69 -35 38 70 -36 -79 -86 -47 -51 -75 70 60 -64 -13 35 -92 -46 -35 69 -29 -6 23 8 17 15 51 66 -2 95 9 4 77 10 -40 -22 -9 -57 -61 14 82 76 72 -48 -97 -13 6 10 -13 36 92 15 76 84 -93 99 69 78 76 -71 59 -1 2 -78 54 88 -85 66 63 88 51 -33 38 22 -7 96 4 -92 5 -64 -75 72 -92 -96 64 -69 -27 -35 -96 13 32 30 37 54 -82 19 -75 -75 -5 -98 -17 15 -9 -57 14 45 10 -99 10 -3 -8 -38 -23 -7 60 89 30 -49 68 97 10 -83 -75 -11 -93 96 76 97 -87 22 62 -67 -24 77 53 -43 -69 82 10 7 27 97 68 81 -5 -62 -42 -87 63 -92 2 -98 7 35 53 72 40 44 95 -58 34 -39 9 -15 -70 -20 27 71 -30 86 -91 36 94 65 33 65 97 60 -91 -45 -83 -89 79 27 -25 89 15 -77 -60 91 86 46 -96 67 22 -68 -72 -29 66 -9 -21 -48 -84 -12 -24 -97 -21 1 -72 -6 46 -90 72 80 35 -95 58 -49 35 97 35 -86 59 87 62 -52 50 22 -83 -87 -45 5 -3 -78 70 -24 -32 90 29 18 -8 -83 67 53 5 19 -99 77 -70 -99 -31 63 88 -67 -82 50 -83 -47 72 88 -27 12 -97 42 63 -84 -22 91 27 56 -63 28 -6 87 -33 -96 -8 74 0 -67 -76 -34 -99 4 -15 -85 -72 -97 -67 -85 31 74 98 87 84 16 -56 -63 3 73 -25 -93 -51 -82 32 -25 34 95 99 71 23 38 40 53 9 80 11 -95 -80 -77 -91 74 94 -34 -38 -27 -30 15 -65 62 6 -30 26 -40 9 25 2 -4 -14 39 60 -18 20 -59 69 82 -30 -37 -18 94 18 -97 -97 22 63 66 -40 -21 58 -89 59 -13 -57 -55 -73 13 26 61 59 -87 38 -8 68 -76 6 99 4 -15 -45 -26 -94 89 -23 12 -30 27 33 56 -50 30 77 83 7 79 2 
7 83 78 -2 56 92 -33 98 57 46 26 89 18 26 -94 32 76 -12 -29 46 68 95 34 -71 60 54 63 -15 -38 -74 -9 63 77 -33 -89 26 -52 -85 76 -91 -81 47 -32 9 -17 53 0 30 14 -35 37 40 65 -7 6 -96 -81 56 -41 -33 85 29 -14 38 -78 43 -55 37 -13 4 44 -97 -96 -14 33 0 -78 -73 39 9 44 31 60 -1 46 -97 -20 7 -17 -65 -53 -26 42 57 -61 68 -46 40 -36 -14 6 36 -54 -56 53 -26 -6 -74 77 -46 69 -76 3 -84 -36 60 32 -67 74 -16 -85 -67 -67 -84 -71 83 4 53 -33 84 92 -7 -52 -54 74 -8 -13 -17 28 -55 -60 36 19 23 36 -60 -54 57 -47 -86 20 -56 92 -46 -95 67 -43 38 15 -71 -71 26 -61 -61 68 66 -1 39 -28 49 -5 -21 41 71 29 -79 7 -45 20 53 56 -54 -40 22 4 -34 -7 64 -83 52 86 52 -8 -82 55 67 70 58 35 33 -80 -60 -99 47 28 86 51 60 87 -59 11 74 -98 -14 -82 -80 -82 -2 11 -92 -21 49 9 83 86 68 -61 -81 -33 44 47 -42 -81 12 -38 -3 -73 -29 -82 -21 30 8 88 -26 -44 57 -73 31 80 -57 -85 90 25 17 -79 -93 -81 -79 -35 60 84 12 41 -46 -25 91 -57 36 76 76 -62 -23 98 -4 -96 99 5 -90 -98 48 -82 86 -58 70 49 -61 39 -29 -89 43 -74 26 -69 11 37 63 71 -69 85 71 -7 17 -96 52 -60 -62 -81 35 10 90 -31 -42 -97 -19 -60 2 25 -73 -72 20 63 -62 89 40 -12 84 2 19 33 -58 -20 -31 41 4 17 -38 -26 -1 75 52 46 75 1 -90 86 -27 -95 66 -94 -44 -38 96 -45 31 69 94 -9 7 47 -81 70 -60 -41 -39 29 -24 26 -38 -62 6 -72 -77 34 69 83 81 32 69 -23 75 88 -4 -71 0 11 -53 -40 73 46 14 31 23 -31 61 -30 -27 78 68 26 3 13 -87 -25 -86 6 -60 -88 -51 -50 -58 41 3 20 82 -37 97 -96 -26 1 92 -87 5 90 88 95 44 -28 -41 -44 80 55 -69 92 71 64 -12 -26 83 63 82 29 -8 -2 -80 -10 42 76 49 15 60 -23 94 56 74 -26 -35 -6 18 69 37 76 3 35 -46 -82 96 -14 -63 -69 92 61 15 -30 -52 -40 -10 66 -98 -38 13 42 18 -46 -79 59 46 -88 -65 -77 -87 49 89 -36 -39 29 46 7 -3 12 -18 
-87 23 -26 41 -14 2 47 -57 -99 12 58 41 59 -12 -59 -94 82 -60 10 -93 -83 49 39 25 -75 71 -18 -62 57 -87 -42 39 3 -74 80 -48 -61 9 -66 69 -82 -73 81 -52 54 -25 -38 79 -3 -95 -10 21 -72 -52 49 48 42 -16 49 -4 81 -22 -79 -78 -70 46 -58 -31 -68 86 33 89 -7 -78 29 -22 62 -90 -82 38 -11 17 51 -21 82 56 35 59 47 6 3 9 -65 -11 73 70 2 94 -70 -58 -17 -53 39 83 -21 7 -25 6 -39 54 57 70 88 20 -62 44 -44 20 -35 -9 47 -86 22 -64 52 73 6 -43 40 -90 -37 81 -42 -35 -6 -33 -92 -13 75 1 10 66 -26 28 -27 -20 9 43 33 10 -50 -65 64 -60 -31 90 -84 86 50 15 -23 -75 -94 96 31 -22 83 -57 -77 -74 29 93 -21 -65 -59 -7 32 -34 -32 33 48 -69 -81 78 -33 50 -17 20 53 13 19 -27 -75 37 -32 -75 25 -45 40 -16 16 87 -49 46 86 39 -24 75 99 -31 -4 98 -86 80 8 -92 2 4 84 -31 -29 99 70 -76 -91 -61 37 -69 -59 -75 8 22 22 -69 -36 -83 61 94 -22 16 -75 -84 24 -47 51 -49 -97 -64 -7 90 -95 71 -45 -10 -25 53 64 -82 17 -89 26 -88 -55 18 25 -25 75 53 11 5 -76 -18 99 -75 -75 7 -1 35 -34 39 79 -69 86 -35 -64 -77 -17 -86 -23 -7 20 89 -26 -61 -45 -37 83 4 34 -90 91 10 1 -27 65 -22 53 -33 -59 -50 -25 56 -87 69 21 -22 24 66 90 -51 -59 -89 -27 54 -10 -45 19 77 -27 -3 -62 94 -30 -59 82 81 -28 -14 41 32 -32 -22 -16 54 -12 -82 -87 69 -90 -16 -27 -31 97 79 -51 -46 -76 -27 -69 76 -21 -71 -39 48 -44 -39 -21 31 17 -75 -66 -31 91 63 61 -68 -18 82 39 94 -4 -30 50 -55 -98 38 31 -98 8 68 -99 37 33 -97 91 39 78 92 -14 40 45 -38 -10 -30 29 79 -47 80 83 98 98 -64 -3 -88 88 75 -16 -79 -13 -29 -16 -86 -54 3 -19 18 -69 35 6 24 -57 90 77 -69 78 -75 16 28 18 55 -8 -36 62 41 6 -39 68 -9 25 57 55 -1 41 -93 -33 41 -87 -93 -43 -39 -75 -29 35 -7 -16 -74 83 84 -72 -25 96 -26 -79 -62 -17 19 31 -67 -86 -51 17 -26 28 52 -52 -20 7 -80 -37 56 63 -25 -5 11 -7 53 -54 -30 99 -69 
23 46 -95 -15 -3 77 -7 41 57 36 -37 37 -70 58 -27 26 49 56 -75 32 -18 23 21 -70 92 86 28 74 -12 -50 -98 38 -61 -33 -92 -71 -75 -32 -30 -25 -85 9 30 -93 -87 96 36 45 8 58 -12 -65 63 90 14 -92 71 -67 95 20 51 -52 -58 -51 90 -12 -21 80 -13 -76 -63 -84 -50 -79 81 -31 27 66 46 63 -6 35 15 -50 81 4 -28 85 33 83 32 85 -80 42 -44 29 73 91 9 4 -18 54 -71 -9 17 34 -44 -67 49 11 -92 -3 -41 -98 32 -41 89 -30 36 4 -76 -66 83 25 92 -27 19 77 -71 -12 31 -99 85 0 61 -47 -47 -56 42 3 -67 -96 71 -9 -34 -35 80 6 51 61 -38 99 66 75 -21 92 -22 76 -42 -81 -59 52 -39 -7 -16 62 -2 -78 -94 -29 73 13 9 -23 -64 20 -7 -3 -53 99 -21 -56 50 -31 -98 26 -76 -32 99 84 75 11 -20 -15 -78 -62 13 -61 75 -91 68 -33 -71 24 59 -6 -24 -45 -72 -36 95 9 -4 13 -53 -91 44 -29 3 -37 -40 -7 20 38 20 19 -80 86 85 55 -20 23 81 46 99 63 -25 -84 -49 28 -94 29 -61 -66 -61 60 -23 -26 24 86 -84 84 -28 -75 -76 -85 21 -20 39 19 -39 -29 78 69 -36 -82 -44 -17 90 29 91 -97 39 18 -98 35 22 73 -53 52 -49 82 -95 -34 62 -68 -10 -82 -15 27 -88 11 -23 -31 -53 83 -85 87 -51 1 57 84 47 -65 88 84 -48 36 41 -32 -62 58 -22 -7 -40 -60 -62 64 -91 19 -37 43 -22 -31 -82 64 43 -8 42 -76 -59 -36 38 96 -55 46 59 -20 72 91 -97 -76 -86 -64 -95 -13 82 -32 83 -33 44 20 -19 -87 -40 -40 12 66 -97 23 -27 -9 73 78 -26 74 -11 -80 -64 -17 -8 49 92 -84 -82 -75 46 91 88 -96 30 -53 -24 18 -18 -22 -7 13 5 -18 73 97 -28 -20 -99 49 -15 23 65 0 82 -29 50 -77 10 -86 4 30 -41 -69 -63 35 -44 39 29 7 85 46 -43 -10 -50 79 -17 98 -43 -18 -78 11 -29 -57 4 28 -92 12 -65 83 98 85 39 80 -85 -76 0 -57 14 -56 6 10 -77 -15 -55 -22 80 89 72 6 22 -52 -17 -8 -56 97 48 -90 68 41 10 -63 -17 -74 -96 -60 31 -44 -67 -30 -58 -45 -10 -55 -27 -5 -5 29 77 8 -73 -36 -95 23 77 -82 29 12 -12 -91 -68 -11 -78 -20 
66 -8 -44 30 2 -96 -69 90 -81 29 -56 91 -39 3 -43 23 66 21 77 8 58 -46 73 75 63 11 -43 -10 45 -21 -7 76 -5 -26 -33 4 39 42 71 -93 -27 -78 -26 -39 -77 -1 95 -65 84 -17 3 74 49 -57 -77 -85 63 -58 36 74 0 -65 93 -84 -1 85 54 77 60 42 44 48 -24 -88 -66 -41 -60 -32 87 39 84 6 -7 57 85 -7 -13 -17 -42 -81 52 -15 37 -29 40 84 19 74 80 -39 -98 34 -48 -88 -19 78 -42 -79 9 91 -46 -97 -5 -63 16 -49 92 35 -25 -78 -12 -14 44 38 -26 67 -7 -1 39 -52 -11 61 -92 15 -91 50 16 96 -77 -24 37 14 62 -13 58 -54 -77 42 -95 -6 -60 0 -25 -20 63 -89 -59 1 59 -30 -40 -25 -67 -51 -62 -25 -92 -14 28 34 -12 18 -22 -91 -7 54 97 2 -28 49 4 60 -50 -80 -16 3 41 -87 -20 9 27 -61 -9 92 13 -46 29 35 89 -69 72 91 -11 37 -37 79 71 24 -88 -64 37 -81 50 18 16 -56 -5 -49 -79 -20 -86 -9 27 74 57 -40 76 -28 -67 -89 5 -70 -85 62 -90 52 -95 22 -30 -82 80 -90 -61 91 84 -19 30 94 -35 -17 56 12 10 -23 70 -23 61 36 -18 -8 -23 -86 20 -77 -28 -64 78 42 93 99 -93 45 -36 11 -93 -93 58 -74 31 -36 99 55 -48 -62 50 -74 -17 -59 84 -24 66 35 -62 -49 -23 79 36 -32 -97 85 66 66 -88 84 -99 -74 -13 -2 36 90 1 97 -86 -83 52 -18 -73 -75 -1 -43 -12 28 15 81 -97 -6 -67 61 -51 72 3 20 72 10 26 74 7 68 35 95 -4 44 2 11 -97 -84 19 -1 -22 -75 35 -21 -53 -28 -77 78 71 75 23 -34 59 93 78 -19 72 78 41 16 47 50 55 24 94 18 -23 -21 -57 -72 -76 70 -11 -61 86 -78 -21 -84 99 -5 91 88 -71 -19 -34 72 41 -1 76 -51 -44 -61 30 74 -6 39 -66 -96 -54 37 19 24 -16 42 -10 -25 -41 -69 84 31 65 37 -13 -7 10 -7 -21 45 16 -65 -64 26 -83 -98 -56 78 80 24 28 56 74 -77 99 6 99 -10 -10 -29 -59 46 -94 82 -44 -30 -38 -58 -93 48 -12 -89 6 -55 82 49 18 61 21 -73 86 -40 71 -37 -57 -73 62 -63 -23 15 -87 62 -4 5 69 33 -17 52 -66 17 71 -40 -72 96 28 78 -3 15 -36 3 11 79 -68 -78 
71 35 76 -88 99 10 8 -80 -9 -24 -96 -94 -25 -90 39 -89 65 97 -33 -35 47 93 -23 -48 68 50 72 -62 -29 -9 82 14 -54 18 -54 30 -19 12 -7 -69 -27 -94 -79 77 -59 -70 95 -4 98 -75 71 67 -95 54 -40 7 1 79 7 44 6 49 81 37 59 -19 -32 -1 -10 -6 -54 41 51 -95 -17 10 -74 45 69 56 21 34 -58 31 -27 62 31 51 75 -46 -23 -8 1 33 -46 21 24 62 37 -35 -11 70 27 -64 -2 91 -26 25 4 -66 89 3 0 92 12 -84 -96 60 57 -81 89 56 4 18 85 -79 1 91 -38 -10 -4 -99 85 84 -58 0 97 45 54 -64 95 71 33 -22 47 -37 65 80 -4 57 -84 -60 83 -37 -77 50 -32 18 4 -62 -91 -43 98 13 34 -61 75 -23 13 73 -2 -78 -34 -71 -80 -52 88 34 27 40 -74 -79 -35 74 -57 -19 -87 -83 5 -39 24 -58 12 87 12 68 -33 -63 91 -24 -10 15 -75 57 27 -28 51 -19 29 27 36 14 81 51 -24 46 0 14 -99 -61 -6 -89 69 -83 67 -35 81 -5 -3 -27 -66 -67 -18 37 -99 -22 0 -70 73 -32 84 -7 -20 -24 33 -91 62 6 -33 24 92 1 -14 98 91 39 -86 -96 -68 85 -52 75 90 15 56 -31 -64 17 -76 -73 -88 -97 51 -93 -45 -67 -6 85 23 68 69 -25 -29 -51 69 11 -77 48 -96 79 68 -73 -41 64 63 85 61 -97 -10 -63 -55 -49 -96 69 -28 79 6 -13 -42 99 -70 43 -91 -45 32 -5 52 -65 5 42 -98 64 72 69 11 90 33 33 -44 -8 -36 59 59 -80 0 -84 -67 78 -78 4 96 66 -63 -30 -65 50 -11 -92 -17 83 -2 86 84 -39 74 91 -66 -99 -6 -20 -54 -77 40 5 -94 -56 -35 54 2 5 37 77 30 97 -56 -83 43 -57 -40 24 93 -66 36 -62 -57 -66 16 4 69 -28 -49 8 82 -29 -52 24 -93 64 38 58 -41 -46 -32 -70 -45 -99 -5 46 40 -25 80 -26 -76 27 2 -80 12 6 -82 -90 3 41 -78 30 -4 81 26 -72 -10 53 77 -70 27 -51 7 -87 -84 -21 -49 20 -19 23 97 82 -3 -37 -11 48 7 69 79 8 37 -89 -63 -13 30 -75 97 22 70 10 81 35 -52 10 -72 -58 -66 30 -54 -6 -37 87 37 -94 -52 -60 37 -96 -45 -58 14 -4 -19 43 -93 49 -95 -32 57 45 -97 -35 62 -99 34 -47 49 28 
11 17 63 -47 65 99 5 -38 -79 -48 -66 -40 -70 -98 -87 64 95 31 21 16 -76 73 -47 -37 -43 -60 47 -49 -16 -9 -32 -56 62 94 -1 44 -54 -78 50 63 -22 54 -58 -75 -17 94 46 35 82 62 -53 -83 -33 -33 -92 -98 -50 25 73 38 72 65 29 23 -19 17 -6 44 -92 75 39 -79 21 -33 73 63 78 -9 98 -42 91 -12 99 76 25 -96 57 20 -26 -32 58 -88 21 -89 -78 34 -27 66 34 -41 -35 -52 -21 -61 -64 69 -48 -59 29 -6 31 45 53 -77 -96 -86 -60 -2 83 -29 37 -17 -2 -53 -5 -72 14 -33 -44 -78 54 90 -17 52 -41 19 52 73 -53 -54 -44 99 -46 5 -58 -92 -67 13 -72 33 16 -29 59 77 -32 -47 -58 -89 20 -20 95 54 -2 36 65 -31 -54 90 13 84 -28 37 95 99 -81 -24 -90 47 38 -14 -80 -84 -38 -69 5 -79 -10 -34 -79 51 -64 -8 1 69 90 -45 -31 68 -78 -85 38 3 89 -70 63 52 60 -75 25 45 84 -59 25 83 -93 -75 85 -18 30 -83 34 4 -35 18 -5 97 -98 -96 -43 -79 -56 79 -3 62 39 -30 -14 -58 -75 46 65 -4 81 -52 -1 -96 50 -11 91 -12 -64 33 -33 16 62 34 -86 68 13 34 -58 91 -48 -64 1 -45 -26 1 -97 14 -64 -33 -77 58 -82 39 43 6 3 56 -74 -2 -35 -28 -85 -65 56 46 36 38 23 60 81 7 -36 62 11 -29 -75 28 33 46 -67 72 68 -11 93 -56 70 82 -77 88 3 -1 -10 86 -14 -1 58 25 90 58 4 -74 -87 91 -57 6 31 61 69 -49 -91 -56 30 -85 17 71 -8 86 -90 87 -21 9 -14 -92 27 25 -64 -86 -8 -32 -17 47 -90 -64 84 -36 -2 -66 -88 41 64 -34 40 -59 -42 73 -68 52 71 -11 -37 -28 87 -28 47 -30 39 65 96 -89 -9 34 -2 -19 -27 25 91 -95 50 51 15 -79 -19 98 51 70 58 -45 21 -59 5 65 -49 -52 -89 91 -61 92 3 47 -85 18 -60 15 66 -99 -28 25 -58 -7 -31 -80 -47 -27 30 71 75 22 18 -3 4 75 -56 29 35 90 -79 48 -6 48 39 -93 16 -71 -71 -71 31 -25 33 -71 21 34 -33 -2 -88 -2 -23 -98 96 86 71 68 49 -10 52 20 -40 -60 -62 80 -76 69 81 76 71 -72 65 89 -83 37 -42 -40 96 -35 4 43 59 -4 -7 -99 8 -50 62 -69 -33 15 39 77 
-86 93 61 59 -49 -16 8 16 -68 32 67 -90 -77 48 -37 -32 -87 -17 -82 -94 -57 -40 63 79 -52 89 -15 41 82 76 94 -67 64 82 69 83 12 -48 -20 17 25 -14 2 -40 -34 31 77 -31 -7 82 92 65 86 -56 -12 8 -29 -15 -25 23 33 -38 20 81 92 31 86 -52 90 58 -32 64 27 -69 10 -24 70 74 9 -62 42 53 -7 99 64 3 -23 20 -25 -94 49 57 35 56 95 -18 -9 62 -85 77 12 55 -44 -25 -8 4 49 -76 -22 -9 10 -51 -58 81 27 12 90 -18 -79 14 -98 55 -96 25 18 73 -51 -79 -68 90 -31 -9 51 20 73 58 21 70 88 -3 71 -73 16 -96 20 81 84 38 97 60 54 -85 10 96 -19 -98 89 -12 17 81 66 -35 -54 37 -71 29 -72 55 -74 60 41 -49 -16 22 -97 -2 -15 -35 66 -25 -7 -57 94 -58 1 22 0 89 -64 -93 86 74 -8 -74 19 -4 8 -47 75 -65 99 95 -98 -94 -76 79 -37 59 56 -29 -49 48 -66 -69 34 14 90 22 -38 22 91 61 -45 76 83 -55 -94 6 -33 -77 83 95 -89 -36 -56 -57 14 -35 33 -56 33 68 0 47 52 -76 13 12 -61 14 -54 98 -65 -49 31 23 32 55 -58 39 -2 68 -3 32 -21 -83 -82 -95 89 73 -38 -63 94 24 17 -11 -5 80 51 -89 -16 45 42 -60 89 -1 -63 15 37 86 70 93 67 -17 -56 -65 99 -71 55 -2 99 60 13 -49 64 -4 87 54 -78 90 -19 46 48 -41 91 69 28 -36 -25 47 -53 -2 -19 63 60 -14 -7 -44 46 -88 -65 58 -29 -86 -74 -2 78 -56 -92 -81 36 -27 46 -10 -74 -73 7 -30 -68 60 59 11 -13 -56 -88 -59 36 -7 95 77 -24 -35 77 85 6 15 -78 50 -13 -50 52 88 -74 9 35 -66 -3 -16 -80 20 96 36 -83 26 -37 -59 44 11 -97 51 -52 -89 87 -75 20 -29 -39 -57 33 -91 18 -34 46 30 -51 8 -47 -92 18 28 -96 96 65 -33 19 -90 -8 2 40 57 78 69 -74 28 26 -49 -90 -28 -36 -63 -95 3 -21 67 87 -91 -81 -88 -53 -37 57 84 46 35 88 -75 -15 -93 -94 70 40 90 29 82 83 -32 18 2 -27 40 60 -33 -4 -5 -76 -6 58 -84 21 -81 -90 -15 -37 42 -84 -95 70 -23 -90 -42 -19 81 -4 -47 66 58 -45 92 -65 -36 50 91 4 -2 42 -92 16 16 50 74 
90 28 -48 86 94 54 89 -68 -47 -14 -94 34 -62 37 8 45 14 -40 87 -1 26 -80 -6 68 -68 -8 -73 -76 4 -2 -32 -31 74 -31 -11 11 -73 -68 26 44 62 -54 -39 2 78 68 -79 69 -59 -56 38 -90 -78 81 67 12 23 -27 -55 -74 10 0 -2 78 98 -6 87 62 45 87 64 -72 35 -22 11 90 84 31 -75 18 -37 98 -87 9 95 -77 -52 57 -93 -40 5 89 5 -54 68 -86 0 90 -74 41 -53 -75 -47 33 21 0 -64 90 -53 -18 -44 -84 40 -27 28 48 -64 -85 -73 -98 53 -30 -41 21 4 -45 56 79 -3 38 -7 -90 -23 46 53 40 83 -76 28 -45 -28 -30 30 -51 -19 -85 -20 -62 77 -77 36 6 -84 -55 8 23 69 8 -17 10 -47 16 -9 -71 58 48 77 -77 -4 -7 -72 1 -87 -91 -23 -65 -95 62 46 -50 -2 75 -73 59 -8 27 96 25 40 -50 83 36 -90 -6 37 51 -41 57 75 19 -21 47 -47 40 29 39 -99 -83 -91 -44 -22 -79 24 30 58 -84 91 85 -83 -79 72 88 69 50 23 10 56 62 27 -70 49 96 -99 -15 -32 -19 -33 0 -10 36 -61 -6 78 -16 60 -91 36 54 69 -80 -96 32 -36 56 -64 42 92 94 -76 -24 -8 -83 -56 -50 70 38 48 -39 14 -41 -90 -5 -15 39 59 99 55 -42 79 53 96 -77 41 -21 25 -46 87 28 32 73 -8 -34 -41 -68 -81 5 48 -34 84 -55 -27 11 71 -72 -50 16 47 -10 73 -42 20 53 -15 -46 58 7 83 75 7 -77 67 -30 24 -29 -53 -48 -56 -84 -29 54 -90 -71 22 -84 32 -5 -18 -21 -88 9 -45 15 -32 21 62 64 -38 -5 6 -23 -7 67 -63 69 1 -42 86 15 3 -34 -45 -10 -28 70 55 27 -38 53 75 -23 5 71 55 34 -21 -43 35 -29 40 -86 -90 10 21 -97 24 -80 -24 -9 23 23 25 67 95 -14 -68 24 -55 -38 43 56 72 -76 22 -11 41 -85 -12 -47 -79 49 -75 32 23 58 79 28 93 -2 87 28 -88 7 83 -37 66 51 60 6 75 67 4 53 -76 -74 6 -64 -40 -50 11 -67 -83 -57 60 -20 20 -2 35 8 18 42 82 -8 23 -7 2 90 -76 -10 43 -72 -56 84 51 -76 96 88 -55 45 -32 99 -59 -85 -66 19 -93 -48 -46 -97 -96 -97 -77 57 -77 31 4 2 79 -85 32 -62 45 -69 -41 -49 -62 -94 -34 -21 -29 85 
-63 49 -49 -52 -71 -88 -1 37 56 -27 42 -1 -92 -29 47 61 15 -12 93 67 -61 90 -25 -15 -88 2 -37 5 25 90 -35 -84 -15 -51 -40 41 -31 -18 -45 -47 74 -56 90 17 -82 45 -24 23 64 95 -29 71 33 -26 -45 -41 -32 32 -28 -81 76 49 87 -40 5 76 98 -30 -31 51 68 -85 64 73 -34 -32 -54 3 -92 88 69 -63 -85 82 86 43 54 11 75 -32 -45 43 99 -56 40 71 77 39 43 -65 87 8 -85 97 63 86 -1 30 30 28 -80 -75 -5 48 9 83 -18 17 85 2 27 62 48 2 58 54 75 -2 -81 -25 -48 -33 0 67 13 -24 20 35 -2 73 -10 -29 35 27 -14 -33 15 -46 -18 73 -56 -49 62 34 0 -19 92 -70 54 -83 -36 -50 58 -6 90 -92 -35 -16 63 -33 -15 67 -48 6 90 56 31 -45 42 -65 -6 -77 -1 -92 -2 62 -92 -3 -80 43 -11 -97 26 25 -54 -94 -12 68 -20 -15 -34 -7 -4 74 -38 -27 66 -34 -33 72 12 32 39 70 -28 18 -34 55 -58 94 41 -1 -36 58 -36 -75 71 87 38 86 84 6 -50 -47 76 -12 -94 41 91 74 74 42 -77 -56 -82 17 58 56 74 -83 -42 -53 66 62 81 -19 15 -31 -88 20 97 26 47 36 -53 84 85 -3 51 -25 -28 -72 80 49 -79 -66 -60 58 2 26 79 -51 19 -9 53 -36 54 99 62 -58 16 82 -2 18 51 95 68 -50 -38 -81 46 68 -73 -32 93 6 -35 -39 -68 22 24 93 48 -20 73 93 -29 95 75 -62 35 -47 17 79 90 50 93 29 -61 -22 57 -66 -84 76 -77 -67 -70 90 91 -55 31 -71 -39 55 95 -97 9 -52 -98 43 80 -86 -89 -88 25 -86 34 42 -87 -18 28 -75 1 -82 64 -49 67 -10 56 74 -48 36 86 -72 -7 -66 47 -61 -69 13 38 57 -45 9 -92 -12 -38 48 -66 -88 -69 -7 -15 11 -97 -23 9 -92 87 3 49 59 -58 -51 -6 -31 -20 -16 -24 -96 85 -25 -43 -17 -70 -30 -40 -54 -36 47 75 35 -20 -4 39 -83 84 -22 -86 88 50 -4 -67 74 -65 22 -39 59 61 89 -68 76 2 81 9 -70 44 -31 -84 -50 45 96 -10 -14 -95 -44 -69 51 14 18 -12 34 -94 92 -93 80 -47 -39 42 71 -12 94 -53 1 88 79 61 1 87 75 -69 23 33 84 55 68 -35 -1 -21 91 37 25 -47 14 -53 -24 88 33 -38 -33 
-63 -60 -10 -59 95 -51 97 -59 22 29 61 -78 77 -14 -99 -9 24 -20 95 16 -50 -95 -18 85 43 -43 -53 91 38 18 9 68 -75 -73 -22 -68 34 51 -71 -62 52 -23 -90 -99 72 -13 98 -40 36 15 47 -10 56 22 -49 50 -63 -76 -40 -84 94 -19 84 56 -70 -41 -58 -66 64 40 91 -99 84 -63 -73 37 79 -94 -39 -35 68 -67 -19 -64 88 -95 -69 68 94 -94 49 19 -88 65 -7 20 -78 -41 15 -24 -67 39 44 25 -31 60 -50 50 -28 82 -38 -59 -50 18 72 -36 -50 -57 -83 -85 88 85 27 71 53 76 17 -58 -82 -91 79 -83 -34 -95 -75 2 0 -99 29 -44 6 -13 58 -80 -48 -47 40 -54 -77 -78 -14 61 -66 -20 -18 99 62 -50 54 34 -19 55 26 41 2 84 -53 86 51 2 95 -68 -52 86 20 28 -73 -51 19 51 2 90 -40 -57 -38 97 18 97 -3 16 77 6 18 -89 96 67 59 27 -61 23 -91 37 22 -84 10 -25 -38 89 -94 80 -47 10 -38 -41 6 90 -51 11 -83 -46 26 1 9 61 49 43 74 73 -65 -93 75 60 71 13 -34 -53 50 -22 -57 -44 32 -51 66 48 -44 -99 -29 -5 -84 -43 -62 -16 30 92 48 -33 -57 23 24 -99 72 95 75 71 18 -71 92 21 -25 81 35 41 -38 21 -70 23 -83 85 48 -21 63 99 23 -65 -62 77 8 -14 -57 78 -44 86 26 -41 -61 92 70 -21 49 -98 -67 -66 -74 -76 63 -41 59 19 22 -56 -25 -5 -95 -2 -9 -83 -79 68 -86 75 74 36 25 -4 65 -6 9 56 -1 23 27 -23 -13 -17 -21 76 18 83 -16 -50 97 -29 37 89 -67 75 -60 0 64 42 -66 25 -58 -82 65 25 -31 -40 45 58 -48 -19 -34 68 46 66 -28 1 84 -16 -89 26 12 -11 -70 -63 18 17 -20 -48 -31 -95 -79 49 -6 73 -8 66 97 -56 -51 -45 58 -31 14 89 -2 90 -39 -38 -29 -26 -72 -46 -52 18 31 -88 -53 38 -96 36 76 -42 -64 62 59 -82 -2 -28 -11 96 -31 -35 23 33 69 -15 -90 87 13 54 26 99 66 67 1 5 -6 79 -54 81 -23 11 -55 -37 54 5 80 -74 89 25 -37 30 -33 -60 -64 15 -93 -5 93 84 77 65 -81 0 -28 63 -22 29 -44 -61 27 19 16 -68 -24 81 31 -17 44 36 17 72 48 88 -48 -43 57 18 -19 -77 41 38 48 17 21 -21 -29 -63 
-1 30 -7 -51 -89 -11 -17 -50 -50 -64 -35 -72 50 -17 -54 -14 -78 73 -59 56 -31 10 26 66 24 39 -35 88 -41 -65 -68 -23 97 -57 0 64 96 -14 51 -90 -38 -55 -31 -64 -22 29 51 72 39 53 -31 42 26 -47 -12 20 25 -33 -54 24 -68 95 -63 -99 -50 32 83 -64 -66 -62 -61 21 85 53 34 -65 84 36 -11 -4 34 92 -55 -53 98 -63 25 8 -58 -98 55 -3 55 -48 -50 56 83 92 26 45 79 -98 -89 -10 -94 -59 32 74 -59 -77 95 -80 -77 -86 -6 97 -31 51 43 15 48 -17 -29 10 89 56 11 86 64 -86 90 -98 39 -6 -21 81 -13 9 -21 9 95 74 -84 34 27 -93 -15 -15 -69 -23 -41 -9 0 -51 -18 -40 -93 25 40 -2 -21 -51 87 -24 30 65 99 -5 -58 -70 -29 15 13 4 12 93 -10 54 68 -70 58 -5 -31 -20 28 -68 -76 40 26 -64 -29 -41 -47 45 39 -29 49 -42 -25 53 23 32 49 2 66 22 -45 13 27 -64 -62 15 -62 46 -52 55 82 59 43 -56 77 62 -52 -99 -39 -18 -88 82 5 -24 -78 -54 70 -91 1 -92 76 -34 -3 -59 70 -6 34 -49 -65 66 50 53 -49 56 3 -14 71 7 62 -85 90 63 87 -63 -13 24 -2 56 -37 80 -39 32 -89 -63 2 -84 28 0 -55 12 -8 58 -22 -29 7 -90 73 -84 -68 36 85 58 73 -74 23 55 -72 66 13 -3 -38 -64 73 37 79 -36 46 74 56 -13 -66 34 -98 82 -24 -28 -66 -64 9 44 90 -56 -2 -50 88 3 59 -10 -59 62 51 13 -93 -81 -35 82 -58 8 18 -82 22 51 -54 18 99 -3 -95 -23 60 -21 39 43 98 -79 64 36 -40 -14 -54 -12 -15 34 78 -94 84 7 70 87 35 -43 -46 -25 -92 85 73 57 67 -10 -99 8 29 14 9 18 14 86 23 -72 -42 34 -19 -75 0 68 72 -89 25 40 -91 70 -57 -39 -33 -64 71 43 84 76 1 -23 -85 -87 -6 78 -26 29 -55 -43 96 -69 63 98 6 -93 -31 -88 22 -42 -94 52 -58 9 -41 32 -16 -12 -14 -58 -38 -37 5 -62 -24 34 88 -64 2 -94 41 41 -83 -22 -26 -7 -57 0 -11 -25 -2 7 83 -60 44 -20 25 -17 77 15 35 -5 34 30 -33 -20 -72 13 92 -49 -90 38 -99 -83 -5 37 -38 -69 59 -97 68 64 -52 -89 -38 -4 37 20 -70 -50 65 -72 50 10 -26 25 
-48 9 24 53 -36 -53 -12 45 -99 17 -75 32 14 50 -30 -58 -71 -19 98 -46 53 -90 20 -70 -94 0 -89 -64 -93 -74 -64 -13 71 -77 -68 53 42 76 -55 39 -4 42 -27 -80 97 20 -34 -63 4 -9 -41 49 -13 -32 39 -62 31 -1 -9 -58 -6 9 84 53 15 -49 65 7 -25 23 99 34 -76 87 -42 -48 -45 -26 87 73 -25 -47 -21 -59 35 -85 87 -97 -35 -63 29 11 79 55 -2 56 -14 -14 -18 69 59 -68 -84 -66 -69 -92 -92 -58 47 -30 -83 -33 -33 -76 92 -68 -16 95 98 46 76 3 26 40 -23 -75 -65 57 33 -20 -80 30 38 10 70 7 43 -10 -69 0 74 -66 51 -76 84 21 -24 23 -3 -86 93 83 -84 -85 63 -45 80 -63 29 15 51 18 63 35 98 -5 -14 87 -66 -49 -54 -67 54 -84 36 85 13 27 -79 44 87 39 32 -38 -54 -14 32 -27 -39 76 -34 47 46 44 8 62 -60 -48 99 99 -78 -65 87 41 48 -34 89 17 14 51 93 -78 -24 -64 23 -10 -59 58 39 79 36 56 37 36 -60 68 97 -13 42 76 -9 68 -29 -52 32 -77 -37 -73 -85 -81 64 67 12 -57 32 -71 54 37 -79 -29 70 85 -96 -82 -47 30 94 -40 -48 42 -2 27 53 44 90 60 -60 5 86 -26 25 -53 -16 43 -64 25 -61 73 59 -62 86 25 55 32 7 -34 -36 32 -11 -14 5 30 -89 55 -38 -22 -62 70 -20 9 17 7 12 24 43 10 5 -84 -46 89 -16 21 -50 50 4 57 -31 -98 70 82 14 8 -96 -25 65 78 0 -23 81 -25 67 -45 -67 60 82 -96 87 61 -27 55 -13 -43 -81 -20 1 -62 -60 -7 -79 -47 83 -22 7 18 -93 69 -77 -57 -1 -18 1 28 0 21 -74 92 52 -36 7 20 -63 -83 -12 -15 -98 -67 46 -88 28 -32 46 13 27 -53 -18 71 18 -68 58 -46 70 29 24 -49 -17 86 -2 -5 -46 81 76 37 75 67 23 -53 -17 98 0 -12 -80 74 36 -30 -62 47 -67 82 56 10 -38 15 2 50 56 -8 -28 55 66 51 93 -38 77 62 -88 35 2 10 91 -10 -42 -19 72 32 97 -92 -3 33 -32 98 -17 -83 98 94 -68 -62 -16 -70 65 -3 25 79 -70 72 -92 -96 47 -18 -51 70 -30 80 -5 32 92 57 -52 -96 67 -48 38 93 -26 -42 47 -47 5 82 -62 -62 -26 -57 82 88 -6 -23 -89 35 -34 27 
65 89 38 -59 98 80 -69 -71 83 34 -45 15 77 -95 17 69 35 79 50 35 -41 -15 -41 -49 24 -48 35 69 6 -8 -40 -79 0 -45 -5 -93 -97 -73 86 -79 -18 38 80 -1 63 -35 -20 17 -2 30 -26 45 72 -95 -46 -21 -49 -61 78 -30 -37 -93 3 -22 -20 20 -45 72 84 34 1 -62 96 49 -57 -96 -48 38 76 60 -78 -46 27 -10 -54 -10 43 76 -60 47 -38 63 59 36 15 7 77 30 -91 -37 -97 -71 -3 46 -69 -71 -14 98 79 80 -70 25 99 -71 7 -92 -40 -1 -78 -73 -19 71 71 31 -44 39 -71 45 13 -70 -6 -66 -71 -67 -56 7 -35 70 -65 -91 96 48 46 -37 -58 -38 59 -66 -58 -47 31 37 -87 68 68 48 -42 99 85 27 84 55 -39 33 -89 29 53 -55 -76 61 57 -41 -38 22 -57 88 35 -76 -61 -98 31 -3 -43 -50 83 89 -36 -12 -53 -67 -88 -84 -32 78 38 75 -88 66 21 81 47 17 -28 -30 -50 16 -52 46 81 81 -51 70 13 -55 34 30 88 51 45 -51 55 47 42 -96 -79 -6 -66 35 -93 19 84 -68 19 -13 -95 90 -19 -95 6 -23 91 28 3 -3 -16 -63 6 11 35 -70 81 64 -8 85 -76 -55 45 -71 -31 -17 -85 59 29 42 -29 -56 96 -35 19 91 69 -82 59 -44 -38 -67 22 -25 31 -80 11 -33 -82 92 43 -53 19 90 23 5 11 -47 -62 -46 -14 -80 78 -73 67 68 76 -23 40 -69 20 52 31 93 -83 -7 80 -57 80 -71 81 87 12 63 2 21 -85 73 5 73 86 1 31 -32 -37 -31 83 -31 76 -43 31 -20 -73 31 96 -11 34 51 -65 -33 23 -18 -89 -64 -56 62 -43 -88 92 -17 41 -31 52 25 -14 87 27 99 -44 -65 55 -45 -99 -78 -26 -59 -76 91 -9 5 58 -28 -5 22 -44 17 -2 98 50 -33 -24 -24 27 96 40 49 -46 73 -17 78 -93 -74 -39 -41 -14 -27 -64 -48 88 -29 -87 44 57 -97 67 -63 -20 -60 -87 58 -75 -47 -36 25 76 -63 -35 23 -18 17 -74 -8 41 66 -12 19 38 -81 -98 37 -86 92 -26 -51 86 -3 22 78 28 77 -61 -44 -95 -65 -33 -36 -80 3 -76 94 61 37 -74 -75 74 42 -22 48 -44 -98 72 94 -65 15 -9 96 -22 -76 -45 64 -46 97 -94 67 59 -63 74 89 98 -95 -10 71 0 86 -32 89 -65 -96 -50 86 -22 95 91 -46 -33 63 
28 62 -23 47 -60 -30 -41 -38 23 66 4 15 -45 29 99 -54 18 26 82 -59 -50 28 94 -71 35 38 -41 -30 -80 -94 -96 -78 -70 81 -59 27 29 1 -77 -1 12 88 99 -15 -76 72 89 -8 41 26 71 10 14 79 43 24 -55 -61 -97 -43 -39 -97 -82 38 -81 53 7 -47 57 95 -63 96 -26 -2 51 29 -59 -31 -85 6 5 68 77 -3 16 42 76 -72 -96 80 85 -83 65 -39 -6 91 -4 72 -74 9 -32 51 -24 39 -78 -79 -19 86 80 0 -33 -18 99 -55 90 -33 57 -19 41 -63 -85 23 -65 -60 -5 -40 -69 -81 77 95 -75 76 -48 61 88 39 48 -20 -48 63 61 43 50 70 -35 -88 -88 -49 84 19 -73 -85 -43 -78 87 79 -41 -27 6 -76 54 9 -87 65 -21 -83 73 -59 -76 29 -91 94 47 -30 -19 -8 80 19 87 5 91 13 -62 18 -5 -9 -71 17 -55 4 41 4 -66 30 -58 -18 66 70 5 17 -99 -85 7 -58 -83 47 -79 89 -22 -86 44 17 -83 12 -46 99 35 43 -13 -2 53 -14 -60 -45 -99 -99 -54 60 -59 -98 -27 -33 -92 12 -48 -1 58 7 -86 -61 -36 37 -44 37 43 61 72 42 -71 88 -62 94 -36 -87 81 -70 -14 30 2 32 -88 -77 76 54 54 -37 -11 -47 43 -91 -55 78 -74 96 7 9 4 72 -67 -43 -91 -4 70 76 -66 44 -73 50 66 -47 4 -9 -3 -93 32 -93 96 2 48 -79 17 -59 81 75 64 57 59 -24 -94 -52 55 -15 -80 32 83 -58 2 32 82 -3 -68 -64 -13 -75 63 90 -37 -22 33 93 2 49 42 87 4 57 -43 -48 -74 -60 40 -78 38 -37 19 -73 24 -14 52 -7 35 12 83 -28 -67 -14 90 -30 75 87 -88 -70 3 47 24 64 -65 50 95 71 -39 -65 73 89 -39 23 -25 -62 -49 -2 -54 -95 80 -95 -64 53 -93 88 -99 -25 -79 80 -43 -64 -50 54 -83 -20 47 -25 83 -97 65 89 -80 -55 -88 60 70 -15 3 -1 -7 -57 -70 -25 81 -34 46 -24 31 -7 -4 34 42 -4 85 -97 -84 -59 -76 -84 39 66 20 94 -61 40 62 65 99 -80 -70 -97 14 75 -93 88 -39 -41 40 20 -1 46 76 -79 84 -8 69 -11 66 -86 -41 -83 -76 -26 -47 -62 69 61 -6 -75 -30 -14 93 53 9 -62 -55 5 -74 8 54 90 -37 80 17 -59 -20 -1 -32 -61 58 -70 -37 -12 10 -98 2 -32 
95 -47 36 87 34 -39 -61 -42 -42 23 61 -84 -27 89 -65 -49 -66 -93 -47 -9 -62 -42 -70 74 28 15 -45 33 21 -12 -81 31 -85 -74 61 32 90 13 51 87 -48 -43 14 -96 14 -94 70 -6 96 -67 96 -2 78 -64 51 80 22 60 -96 -81 -78 -33 67 -65 -62 47 89 -1 -17 42 99 71 -5 24 -89 85 4 -45 0 -24 84 27 75 -83 -95 0 -95 1 -64 14 -14 -58 -74 -31 24 -84 -49 -12 -47 -75 70 78 -38 -27 6 -90 68 -62 -56 66 72 15 -25 -12 -6 -1 28 -59 -58 -21 42 91 61 25 22 52 -88 -25 57 -57 96 -25 87 80 -68 -52 -55 90 87 33 81 -71 -16 -74 92 76 -97 58 -24 15 28 -78 59 -96 67 -8 -83 -60 -68 73 -62 37 45 -55 17 -66 -20 47 -43 -24 -24 42 -21 95 -25 17 73 15 65 -63 51 10 -91 92 19 -12 -46 -42 92 -50 31 68 -83 58 -66 -9 18 -10 90 -44 26 35 91 -6 -93 49 98 96 68 -10 25 -27 73 -94 73 -9 66 78 -51 69 77 -7 -96 -18 34 -75 -88 35 -32 60 -7 -82 -77 -67 3 -49 50 -64 87 64 5 -16 4 69 -95 11 90 -59 -10 -92 -37 -31 -20 -20 -12 -71 -25 -52 -58 90 -17 -47 -38 4 57 -1 24 67 -25 92 -45 -81 57 -94 36 21 53 -33 76 32 -41 1 -18 -8 -46 83 68 -77 -65 -30 62 4 -37 -61 86 53 -44 -42 81 -3 23 58 -76 86 44 62 -33 56 76 -58 -43 -86 -78 14 72 39 -1 -64 77 3 25 -37 61 -84 -13 85 -65 62 56 -70 -83 87 51 97 32 22 -99 25 58 29 -94 32 -59 65 -62 -3 -86 41 -39 35 89 -26 66 26 69 -5 -24 -13 83 -7 41 95 79 -84 94 -61 -71 79 70 -44 -86 24 -10 0 -87 -3 -17 66 -69 89 -69 74 -72 3 61 -76 -33 -91 -98 -98 -6 35 -92 -96 2 -44 -99 -28 10 -96 -90 -49 -49 -46 85 1 -96 47 73 -70 -38 -29 45 6 -39 18 -77 80 -90 18 45 84 -63 9 97 -75 -5 41 -71 49 15 -93 -43 98 66 -36 0 -80 93 -85 9 94 -77 -31 22 50 36 43 10 -17 1 46 68 51 -5 95 -35 -68 47 -94 86 21 33 59 -72 20 37 -43 -83 -95 -63 64 33 -73 76 64 23 86 12 -1 -5 50 23 13 -56 -85 -67 -93 43 -45 95 -92 -75 -68 -38 -35 49 -6 -81 -64 
65 -34 -29 -11 -31 -9 97 -70 55 -10 96 -96 -69 -38 -95 -98 91 -18 58 14 -21 91 86 -95 40 21 48 53 64 -32 -89 -70 53 -25 -56 -60 19 -85 6 -63 -92 -34 -26 65 -20 57 53 57 44 25 93 -44 -3 32 47 48 10 59 -52 51 91 13 93 -68 71 68 15 -62 31 52 37 20 11 -51 72 96 18 -57 86 -80 -21 77 37 -37 35 -3 18 -13 -8 11 65 48 97 65 -39 97 -46 -23 -39 94 33 88 -98 75 46 68 -95 97 35 20 -95 93 -14 33 -28 -37 -57 67 -16 -69 -80 38 -49 -38 93 56 17 78 -22 -38 31 -47 96 -95 -8 93 3 -16 -74 68 -67 82 86 10 1 -82 -13 46 -49 -10 8 53 41 -35 32 7 3 -19 47 -46 -62 -56 25 83 75 43 -87 29 -14 85 -63 -27 -77 -75 88 -69 -59 85 55 0 67 -29 -96 -43 -18 -56 18 -40 63 28 -86 -33 -60 -90 88 86 68 -89 79 0 79 87 -48 -65 66 -68 -19 12 32 -47 27 -29 -53 -51 91 71 84 56 28 93 24 -82 93 -10 64 39 -24 61 -49 -93 -78 16 77 -95 -3 -26 2 23 45 43 -51 65 97 -63 22 -78 -59 -7 63 -85 -6 -25 -53 30 8 57 -89 -88 -9 -3 -86 30 -51 -11 -45 -19 -21 -59 80 44 -89 -95 77 -35 77 40 -93 18 32 75 85 -7 -70 70 6 78 92 32 -12 -35 49 49 58 73 13 -13 -68 -47 -50 -21 99 37 83 -91 -17 -79 -13 -20 -75 -36 27 -27 -40 25 -75 -61 20 -99 58 74 49 33 10 3 -65 25 -18 -87 9 55 -29 -68 -98 -28 83 -5 76 -65 -7 24 -84 10 -68 32 9 80 -49 35 -10 -1 -34 -93 31 -51 81 -62 69 -62 67 26 98 51 -12 68 -91 17 42 -65 81 68 9 67 28 8 30 98 68 -49 55 -87 -39 7 89 12 -22 72 16 94 34 56 29 21 90 -32 -44 23 -11 2 -26 -7 35 -21 94 32 58 68 22 -89 86 92 36 84 -45 16 43 -95 50 26 44 78 -18 93 -30 -49 -10 26 42 -10 56 18 -34 64 18 55 -14 70 49 99 17 37 56 -38 -34 27 -23 -80 -75 -71 52 28 12 -8 -87 86 8 32 -86 42 28 -6 -62 21 -10 7 -40 79 -31 -35 88 -63 71 -57 -51 5 65 47 -56 67 -22 53 34 -39 -25 95 68 3 -62 -23 -43 -35 41 -44 37 92 94 -25 -34 30 -62 -7 
41 15 -80 -77 51 1 -99 79 14 74 57 -50 93 -99 69 -49 -60 -59 -99 62 -7 69 85 24 6 -20 74 -52 -77 83 3 -4 89 95 -89 -36 93 -76 -82 -45 -68 -47 30 -21 39 52 -23 77 -72 -7 -82 -8 77 -40 46 45 77 -41 -63 73 29 -56 18 42 -11 1 5 88 -13 -58 -94 -1 81 -25 44 67 -7 19 -8 92 -50 -17 23 97 42 -28 -44 93 -10 -33 34 -10 63 42 -82 97 -53 19 -26 75 19 21 3 -97 -36 10 -8 -28 -12 -2 -46 -23 -36 -73 -71 -57 33 34 -12 6 -64 4 -1 36 48 75 -19 21 -55 -33 71 69 -74 -10 26 49 -76 -76 45 -57 -94 -16 49 6 -88 -27 -41 -79 42 8 0 -83 15 -66 -55 -24 -79 69 -99 39 79 -78 -38 43 87 -61 -63 -79 83 42 -13 -7 70 98 -56 17 -89 -70 -81 -17 39 79 -6 -81 -26 80 58 -61 -4 -90 -86 70 92 -42 54 0 66 20 42 26 81 23 17 99 -79 -72 46 12 -7 5 25 49 -91 99 49 4 7 -33 79 15 35 80 71 -5 39 14 -28 36 -67 50 63 -94 -66 -15 74 -66 8 -82 -17 86 -97 64 -28 63 -23 -17 -73 -5 18 -92 88 -9 -22 59 -97 -75 18 -47 18 14 5 -93 -2 -73 -32 -90 -16 -69 -5 -86 -78 33 30 40 -64 67 21 -94 -2 71 27 -48 47 82 -55 57 84 67 43 -28 39 21 -17 63 -73 87 25 -92 -23 -47 57 -45 -24 -61 77 58 -94 -1 -73 -95 -18 -85 29 -60 -3 2 -33 -57 -96 -74 -92 -72 96 -22 -58 55 -60 15 -75 86 -29 28 84 75 9 56 -75 41 -55 26 93 -51 -58 97 68 43 -10 88 -11 49 60 96 -20 75 -70 -35 -62 83 8 -36 -65 14 -45 11 9 -25 -40 64 -99 40 -67 10 -98 0 88 92 99 95 92 -86 68 -27 2 76 11 -71 23 93 6 7 -87 20 -36 56 69 -14 77 12 -18 -62 44 35 97 43 -90 86 43 -3 58 -74 -85 75 41 -96 -13 53 -69 1 -58 36 94 -48 -15 -36 -95 -27 -68 -66 -84 -56 -27 16 43 69 73 -87 -15 28 -25 73 -75 93 15 68 -11 31 85 -18 48 65 63 95 62 -97 -36 72 26 -78 38 62 63 -78 -90 65 -40 49 -20 -31 -86 -24 -2 -51 -76 85 97 17 -92 -61 -17 -23 50 27 -90 -65 17 -90 -63 -16 -87 -13 98 78 -96 -40 -83 16 38 75 10 -10 
56 9 -96 6 61 53 9 9 -31 -63 43 -18 70 -82 84 -17 42 -52 70 34 57 -14 35 -84 66 69 63 -40 36 -88 -27 -13 88 72 -33 -1 -76 -57 11 92 -7 -66 -94 -29 21 98 67 28 69 61 -57 -12 -64 -6 48 -61 27 -77 97 -47 22 -15 24 62 -69 -30 5 36 6 96 46 11 45 34 -41 13 -5 61 85 91 75 84 11 37 67 85 18 72 -92 -12 -20 77 -89 -82 -4 -51 15 -31 -19 -5 -81 -82 -67 74 37 -62 5 -59 63 -40 46 85 16 -83 80 -61 -49 -71 -29 -60 -58 62 -49 -19 -4 -73 0 77 -46 67 72 -89 51 73 37 83 -74 -58 -77 14 76 75 66 -46 27 53 -34 10 65 54 12 -8 10 -58 -3 72 85 94 -38 -28 7 55 67 -17 -96 -38 69 7 -86 1 5 58 63 -45 -53 -62 89 49 30 66 1 59 58 -24 38 79 -18 -10 -37 95 -47 54 76 -77 -31 41 -43 39 20 -96 -17 6 -45 57 31 71 94 39 28 -8 47 16 -71 -67 40 0 63 -70 -82 67 -6 -63 55 -93 -87 53 -76 76 -62 -38 94 -68 -39 -29 89 27 -30 -38 68 88 -15 30 4 0 -70 -8 -98 4 -29 5 -40 -66 -10 84 -33 76 -89 -38 90 -24 17 -21 -26 11 -12 43 7 80 45 -41 -31 13 77 43 99 52 66 86 63 22 -43 17 13 -84 73 5 60 5 45 -45 -24 -77 80 3 84 -41 51 97 -18 -45 -63 59 -22 37 68 -30 13 37 47 60 26 -82 63 -61 -76 34 79 23 -9 29 -61 6 99 -72 58 78 -64 18 -84 -64 36 22 37 51 89 12 -30 80 36 -84 91 87 -96 50 46 3 87 6 -42 62 92 -84 54 17 -77 -33 -7 -92 -86 63 -75 27 -64 78 -84 56 -91 18 -95 -27 71 75 -2 2 -43 -57 38 -89 -23 -21 -33 -94 43 -6 -93 -50 -76 -90 -26 -75 83 -2 -62 -34 -72 86 -9 -8 -78 -32 -94 -90 -32 2 -55 -30 -12 78 87 -46 10 -72 -51 1 68 24 53 -37 -75 -10 -65 92 56 -45 -12 -56 3 35 59 -33 26 -68 -77 14 56 9 -43 -47 -49 -95 18 88 -45 -9 -79 58 71 -74 30 -54 26 69 -76 -30 -9 -38 -41 -52 -98 78 26 91 66 -51 -51 5 9 -25 -29 38 73 97 -30 0 53 68 -51 50 -30 47 22 -83 -56 -94 -34 44 -78 75 -88 -38 39 -68 -83 -66 31 80 -45 -1 47 69 
-31 -19 -1 95 59 36 30 24 75 -56 -40 -95 56 87 -64 19 2 -66 32 49 86 97 46 -62 -4 61 -77 22 28 41 4 -36 -88 -71 50 33 50 7 -46 -51 -8 -96 -18 37 76 2 -57 26 15 -16 -18 0 36 63 -35 70 -91 -97 22 96 98 -96 -9 87 9 -41 -38 -58 83 53 38 99 33 -44 58 -51 67 -3 -19 -94 35 3 -18 72 -40 30 -17 68 -51 -52 -43 -11 10 24 64 33 -85 76 79 12 16 -92 47 26 -85 -9 20 42 -70 75 17 -68 6 -4 -17 39 35 -35 -98 26 -80 -49 33 81 51 -33 30 24 -76 85 29 68 81 -30 -47 -92 63 90 -84 -55 -58 98 92 -58 -83 -36 -50 -28 18 95 64 -58 72 -74 -30 51 -41 27 -30 -21 -81 -15 49 -39 26 -99 -60 19 -48 -62 1 48 30 -73 62 69 -65 -99 61 -98 -86 -85 99 36 35 87 96 -63 -22 95 -87 44 21 34 -74 35 41 -46 -59 67 -34 -59 15 41 -37 15 63 -57 73 -65 42 90 34 -92 -22 95 -49 43 -40 73 4 -7 33 -3 3 23 -80 3 -33 50 -99 -81 5 -27 -93 40 -41 14 -92 -48 -7 -82 93 96 76 93 83 -63 6 61 47 28 42 -2 -15 -23 12 5 42 68 -47 36 42 -64 11 -98 -93 56 77 -28 90 -14 -67 35 -99 -94 47 82 78 4 -97 -58 61 -8 11 58 -34 -48 -23 95 48 66 -5 89 -66 -88 -24 -75 54 0 29 -71 -18 92 42 -66 89 0 -68 -49 -95 -31 -14 79 -18 -9 75 47 56 52 -60 70 -28 59 5 49 -41 -66 0 -32 6 -59 -99 58 35 -47 -80 -13 34 24 29 -31 51 68 -19 -67 -61 74 -22 99 -53 -27 -14 -97 -7 8 68 82 -89 53 99 -46 27 -20 23 -74 -86 5 8 -34 -78 53 -49 2 19 -97 -75 89 69 -8 -25 16 -59 35 -19 30 -29 -98 -79 23 -4 -51 -65 -66 64 -21 -22 -36 28 56 -69 -27 -49 -77 20 -19 -15 97 35 -4 -72 54 -98 57 21 -76 -96 82 -22 89 74 30 -98 64 78 -45 9 30 -11 -70 65 -63 85 -96 -68 -34 -59 -37 -55 -90 42 -99 10 -1 -94 -54 50 20 -87 -44 98 20 89 -7 -76 4 -50 60 -36 -79 -74 -86 -71 -24 -77 -84 91 76 -7 -64 34 26 -80 -91 92 -69 46 -63 -31 67 76 4 96 -98 -96 -4 -90 68 80 22 47 68 -28 -2 0 66 -66 97 -4 -86 
-28 15 4 28 22 58 -33 47 31 77 64 -29 -22 -84 80 40 -99 55 46 53 -19 75 54 -16 90 -2 -64 -74 57 67 30 -37 -14 -19 -49 -6 84 48 -99 -92 10 -54 -31 66 -87 37 -95 -30 -23 -87 -61 -15 8 -16 -6 11 22 54 11 39 79 -31 -12 -60 -80 -58 50 -36 18 -27 -90 -31 -17 -83 -72 -81 86 -21 -28 55 -57 -91 67 -15 29 40 20 -13 -45 -93 43 -81 -37 12 76 56 -93 -67 24 7 -84 -74 85 50 -9 25 65 52 89 -50 -38 22 -81 -87 -73 71 94 68 97 44 53 -45 -70 -94 -16 -64 -84 86 55 -11 4 88 -85 -9 69 -67 -9 -29 52 -41 17 17 33 91 7 -79 90 22 98 83 75 78 -3 -4 46 -31 -3 71 -62 33 58 6 -60 -64 65 52 45 27 -81 -19 38 21 83 -20 -41 -85 -49 -72 11 46 -21 -97 76 -49 -88 89 50 -91 -28 17 -79 -71 -14 -59 -79 39 -71 -78 79 -94 21 -53 51 54 78 98 55 -94 13 -78 20 -82 55 -67 38 -54 -99 24 8 21 55 -35 55 -98 17 -52 52 -81 -16 -60 48 37 -8 87 0 -98 -27 96 53 -91 -36 88 -71 -99 -41 -19 43 -19 -20 -82 -64 97 -94 35 -56 42 -18 -21 -15 -77 81 43 -26 54 37 -47 4 36 -19 26 -37 -73 -47 76 93 93 -33 -19 -76 -63 -55 81 57 90 29 77 70 -61 -46 44 49 27 57 -35 26 17 75 19 62 25 33 -64 4 -71 -88 -4 17 -45 4 -68 -82 53 -95 -40 -53 50 -89 -60 -5 -62 51 18 -81 -26 56 -98 52 81 69 -38 54 0 35 3 13 -21 81 18 14 -94 -94 25 15 69 79 -8 56 55 80 63 -42 85 -92 -27 83 66 -62 -26 45 99 31 -18 71 -78 -58 -66 -96 35 18 -86 79 63 18 50 15 -48 67 9 -85 14 48 86 -53 -10 -66 -25 42 35 -61 38 80 -46 -49 -53 16 -89 -49 97 -1 20 55 45 -47 41 -63 -8 63 -37 -17 -22 0 63 -31 -91 -40 85 51 19 43 41 10 77 -26 20 -73 49 -62 -80 -25 60 -93 19 -94 41 -13 -51 34 -36 52 -6 -83 -77 67 -97 44 92 8 -26 -34 30 -56 76 80 67 24 37 -24 -51 34 -70 -95 -19 44 78 -70 -10 79 -77 -3 75 -49 -34 4 -3 84 -72 -13 -68 -82 -51 -42 -70 15 -42 -7 -81 -57 43 90 96 43 17 -56 18 -25 74 63 44 -56 -1 
-45 99 11 -37 97 -45 32 29 -41 -21 55 -66 -43 -33 10 1 -99 -1 -82 -32 -88 9 53 21 7 56 -60 45 27 17 33 38 21 70 27 97 91 7 38 -5 96 52 -62 15 0 -79 88 85 70 76 86 -94 -11 -5 97 -56 -76 -24 -3 58 48 53 19 2 -50 85 9 -22 60 97 -26 -93 -14 -36 27 -23 -24 32 93 50 17 -88 -72 -87 -79 32 87 -51 -99 -76 -54 12 71 25 -17 10 -56 -29 -90 40 58 -35 -10 -55 -76 -76 -70 29 83 -60 -52 -36 30 -70 -63 7 18 21 14 29 59 -28 -67 -34 -51 3 -48 79 -81 17 -38 20 51 75 -14 -18 -81 2 66 -53 33 77 49 -73 48 82 20 -29 -32 60 14 75 -36 -77 -15 7 -17 -85 32 58 -99 -27 -54 -53 -15 -40 70 -10 94 -1 68 66 -85 71 14 -2 54 54 -38 -51 -25 -86 -29 4 27 -26 6 53 -12 22 11 87 97 -78 -79 10 -81 -56 98 35 84 45 47 20 64 -52 65 69 -54 56 93 -21 85 2 46 -36 -94 -13 49 -80 21 -84 -46 -61 27 -63 21 -34 87 82 -60 -54 -31 -2 -72 68 65 -5 42 -74 -70 -37 26 64 -73 12 -52 -3 -29 -48 -24 -18 -79 -88 2 79 -78 93 0 -3 43 94 6 -88 -57 -87 -21 36 11 28 61 49 -4 -23 50 -31 -30 93 63 -89 -95 -13 -70 -88 -94 60 -18 -60 58 57 18 -17 -87 -42 60 -44 -24 -93 16 44 -91 -6 -81 19 42 -35 64 88 1 -8 -76 72 -99 74 -67 76 38 4 -71 -22 93 -39 -82 -34 -61 -84 -60 -73 87 24 1 41 78 -99 91 -93 -50 -11 -80 43 52 -87 9 13 1 -7 19 74 27 -85 23 15 -71 62 85 -51 75 8 95 -30 74 43 41 4 83 83 -68 82 -25 41 -57 21 -68 59 10 -40 26 47 34 -3 -38 29 -73 37 -21 -48 -11 32 -13 0 -7 -8 -88 0 56 8 -61 11 -58 11 25 -28 5 35 -37 -36 97 -98 -92 6 -92 33 42 44 -20 55 -93 13 40 80 54 -75 41 65 90 62 45 23 -36 -54 34 54 48 99 59 -3 48 -45 -80 -10 24 -96 -92 67 -85 54 -65 46 84 93 -3 49 36 5 61 22 -57 -8 86 -19 -2 11 -65 2 41 2 4 46 1 22 73 5 0 97 -80 14 -62 14 90 -52 -5 36 32 62 0 63 -43 -10 51 -51 69 -90 -12 62 -86 -60 46 -13 -50 -49 
15 18 -35 24 -94 80 -26 -51 -81 10 89 -7 40 80 -73 66 -68 -15 42 -4 -92 -46 -35 1 -3 15 -10 -16 17 -42 -48 -90 62 -7 -51 20 -11 69 -19 -89 -94 56 -76 -87 -71 -6 11 -89 -8 49 42 -42 51 89 87 8 -70 -18 -8 11 87 -52 78 -51 -37 -9 57 -6 80 81 -6 -34 -69 29 -5 65 -49 8 -40 68 -76 -1 -38 26 65 -96 -99 -21 73 -62 -38 62 -29 -83 -55 -7 -86 -15 70 -22 52 -8 82 -53 -66 2 -81 -27 42 -52 -6 -23 -87 39 -44 47 -84 71 -58 -7 -41 -79 20 72 -42 -42 -21 59 -43 79 43 96 91 75 -74 -21 -93 44 55 -15 -82 37 -54 39 58 -30 -81 95 -55 -4 -32 89 -33 95 36 -60 -79 90 19 -69 -16 -28 48 -26 -36 67 15 83 13 -48 -22 16 72 -41 -71 80 40 -77 -39 -60 -60 13 74 6 -15 25 21 -5 41 -69 -15 82 61 -43 -99 -72 15 99 -74 44 2 -81 8 8 -24 62 67 94 -16 -45 -60 47 3 50 41 -25 16 -63 -64 58 -49 90 -59 -44 -29 -74 30 38 -30 32 39 78 64 3 7 -68 84 -45 33 -97 58 -9 -78 -20 16 -99 59 57 -88 47 82 -16 57 43 29 -47 6 98 76 16 -3 -78 86 -42 39 53 -11 55 -39 -89 42 22 80 78 -12 63 -30 18 -3 12 96 42 -88 53 15 -7 7 -29 -27 22 28 67 -86 -45 10 24 -55 -79 -25 73 83 -3 -75 -70 -86 66 -35 50 -29 -79 70 -43 -88 0 -44 -88 -75 -60 44 71 57 -24 82 93 -87 -87 -34 -90 42 -86 69 47 -92 77 -80 -64 64 -3 92 -76 -28 53 -92 41 11 -4 87 31 64 78 -79 -57 -45 34 -14 91 -30 -28 53 14 -24 -62 -14 -3 -64 12 -50 44 21 -26 87 -38 -34 -75 -49 -21 92 -33 63 49 93 -1 96 -95 77 -2 30 89 -28 -91 -78 27 98 96 -79 40 -82 -76 -51 22 -85 -33 -53 73 0 -92 -17 -92 -33 -87 49 96 -83 88 -20 38 80 -65 -82 8 -16 -45 -39 6 80 -47 78 -9 45 -70 -5 64 -73 -63 -50 -5 93 35 -60 -67 -42 95 25 68 17 64 -13 54 -68 38 -35 0 51 -55 -22 -98 -34 -65 12 23 92 11 -87 -3 79 45 -83 -39 -17 -64 97 -14 -30 40 49 -46 -9 -30 -49 -41 46 -35 35 -21 -1 -95 -9 27 -17 -2 87 -57 -55 10 8 73 46 46 82 -35 
-85 -97 -53 -39 16 1 -71 -26 14 -19 -20 -12 -49 -31 -66 -44 29 58 95 -8 -66 -39 81 -83 67 -33 -4 45 74 23 28 -35 -85 -44 -75 50 93 94 -55 -90 -93 -66 0 72 -48 98 16 -32 58 -43 1 36 70 38 -14 74 -95 48 6 -43 -73 -75 -53 16 -12 46 -53 73 -27 99 -72 -29 68 -7 78 -28 -66 -2 48 19 48 18 -37 25 -44 -27 67 -91 12 -48 -86 -49 12 91 -88 0 -13 -78 -59 12 75 57 -80 -1 -54 -77 -38 -55 27 -91 -58 6 72 -16 -84 -75 -66 -95 -57 7 -74 -28 5 -2 50 -70 -61 95 8 -12 -19 11 -67 6 43 -3 32 79 78 74 75 66 20 54 51 -72 72 -73 -76 -96 38 -78 -40 -71 -18 -35 74 -27 -5 44 -72 -82 20 46 -10 44 97 -70 -68 -50 -65 77 -97 -30 -45 -79 17 -15 60 53 -38 -35 -71 96 10 -26 88 81 -37 84 -78 83 -65 -21 23 -15 3 3 28 59 25 83 48 95 -24 -20 -38 -75 -18 -44 -83 87 -8 83 65 -58 14 57 -16 5 -92 -75 41 -53 -3 -34 -30 -5 41 38 -4 -60 78 -41 -48 -29 77 54 3 11 -63 -34 -41 -20 76 -83 48 96 92 -15 6 -43 13 -52 23 -72 -5 5 -17 70 22 -28 -95 -40 31 50 -12 -95 99 -54 53 26 -81 73 51 -31 -81 -86 20 27 10 32 -95 54 -39 4 12 -49 -11 17 -1 34 -95 86 -62 66 73 -39 -20 60 48 -62 98 -93 9 62 69 -3 -65 57 -61 96 -24 -67 40 -90 15 74 38 -28 16 53 -99 74 95 -71 25 38 36 24 96 -99 42 -27 -61 88 -63 48 -97 28 -10 -76 -28 97 -85 81 58 -36 -51 -65 4 39 95 92 -17 7 50 39 -91 82 -66 -99 -14 -87 46 -7 52 -97 -58 -58 -15 63 -8 20 -96 -15 62 -58 -57 22 -16 89 -37 -35 91 -89 -48 9 -2 21 11 33 -41 -83 41 84 3 -67 -3 -24 46 -83 30 -7 97 48 59 75 97 -32 -38 52 -15 40 45 -9 45 77 -72 88 18 10 97 91 80 -10 68 -38 -98 -7 11 30 47 76 95 6 -28 38 -86 -18 -49 -56 -72 -19 65 -51 -72 54 -20 27 -24 -52 34 66 15 82 -83 37 20 -76 -21 -34 8 84 -76 50 -78 -12 -4 17 18 14 -73 -83 -2 35 -17 -89 31 53 30 -76 -90 -79 81 -84 -43 65 -70 -94 -72 -90 -86 -88 -80 -81 -98 67 -74 50 
-70 -58 -61 -89 -87 64 78 2 75 78 -8 50 43 58 17 -98 43 78 -7 -8 -38 33 -98 20 34 -52 17 77 -85 83 71 4 42 96 53 37 -95 24 84 -35 -74 70 -75 4 -22 53 2 -52 46 70 74 -90 33 -74 63 -79 45 57 -10 -68 80 -15 -66 -45 -12 -37 -49 -75 15 31 12 37 28 98 21 35 -26 -76 48 -55 -2 -61 30 31 -54 -51 17 40 99 -50 3 84 94 53 -30 37 -7 84 34 -68 -1 -16 3 -41 -74 -25 -46 -41 81 16 15 -57 -82 -76 -96 -70 -56 -4 -90 32 -72 -65 36 -34 96 32 -87 -54 68 67 -14 -20 60 41 -55 -98 70 36 8 -45 -67 7 45 20 -62 -69 16 7 -79 92 -99 -15 -92 -19 -55 -30 6 -72 -25 -56 69 47 -34 20 46 91 -62 -67 -35 -50 -52 97 2 -32 -44 -49 -97 -75 32 -37 80 -74 -35 11 60 53 1 50 -76 10 -82 -83 95 88 82 -35 -83 -47 -40 15 18 -20 16 23 13 97 -85 -62 -31 68 -31 -10 6 -22 -47 -78 -12 -85 20 62 60 77 -22 -16 94 -83 -14 -44 13 -93 4 72 -43 52 -64 64 65 -7 98 -54 -59 -78 48 -19 61 -6 -5 23 -62 -80 32 -50 -59 57 75 -42 -75 -76 -57 34 -80 -38 7 -6 84 21 -25 -15 -92 -87 -34 38 -3 -31 43 53 -14 -18 -95 -15 5 23 -56 92 68 6 5 15 90 25 -36 -70 2 58 -80 94 16 4 -52 -91 -68 45 52 -28 35 95 71 -44 -30 78 35 37 -73 39 9 28 58 -24 -23 96 -55 -62 -61 75 4 -69 -31 -11 -50 -17 -54 55 -90 39 39 66 -4 -87 61 66 -21 17 90 -91 89 -85 92 57 -94 16 79 33 -51 -96 -95 -6 -84 -92 -1 51 -8 -3 -56 75 -5 -57 -42 70 -71 -37 88 -8 -40 57 49 87 57 -79 -59 -21 -16 -31 80 -43 -55 96 -26 -23 -28 51 -70 18 95 87 58 47 -85 -3 45 29 -64 -17 41 -31 -29 -8 42 26 -26 62 -87 86 -18 8 -41 94 23 -48 76 6 54 82 93 -76 -4 21 86 12 -19 40 -44 17 92 -94 20 -72 -84 8 6 73 27 70 43 -32 30 38 43 34 -84 33 -48 -39 24 53 -29 -34 -62 94 -27 -93 15 39 88 70 58 -73 -61 98 78 20 27 72 -79 7 -18 -24 41 -45 70 59 -63 34 -47 -47 54 77 -14 32 11 66 -60 97 -48 89 55 54 -66 38 -78 -63 
-10 74 70 -36 68 -71 -73 24 40 -79 -75 -49 -88 45 -23 49 31 64 43 -85 22 26 87 -19 -95 84 -54 -2 -65 -39 -27 60 -44 78 -87 -18 -71 88 15 56 -38 90 35 -14 -21 17 3 87 18 -80 59 26 85 57 64 -20 99 -23 -2 25 55 -56 45 -79 -1 3 10 58 10 -64 3 -23 -77 19 -19 68 -77 -35 86 63 60 -55 29 -50 96 -26 63 -50 -58 52 -7 89 -62 34 33 -73 54 78 30 87 62 -19 56 -10 19 -80 81 67 -93 31 -36 -64 -87 -30 -37 -42 -68 50 23 -28 -49 55 -9 38 0 -61 -87 -14 -36 -64 -10 -8 -49 65 19 -8 -10 3 71 -54 72 90 -83 24 -21 -43 12 21 42 -40 -38 92 -44 -70 68 19 -25 94 71 -98 -43 -68 -85 58 51 25 17 -91 23 -57 98 95 75 -57 -26 16 -92 58 13 76 64 36 -88 -14 33 -55 -90 3 -28 -65 -90 -95 -31 -47 43 65 -12 -41 -80 29 84 9 -12 73 -51 55 -27 -45 57 93 -57 15 -59 75 -86 89 -28 -98 15 -4 -50 -42 -24 56 51 81 96 93 28 27 10 -59 50 -2 -21 64 -93 18 -32 51 -96 -55 -7 -35 64 70 -42 -64 7 -3 95 -38 45 -82 -41 -19 99 -69 71 -20 -46 -12 50 -12 -84 -94 54 -53 8 -43 -41 75 -36 18 -31 80 72 -56 46 88 84 -44 -59 30 -96 38 99 -69 -78 40 44 61 -11 -5 15 17 46 54 -53 -35 24 -12 -46 29 3 56 20 11 -86 78 58 2 -68 -34 89 24 23 67 -20 53 -28 80 38 -98 77 -71 -42 -35 -6 30 -3 -77 -93 27 -24 8 -34 58 -25 -31 -15 -77 89 33 53 -55 22 -3 76 19 -4 -5 19 -82 -43 -38 67 67 -56 0 19 -52 93 -77 -82 -82 -2 5 -91 21 -56 -71 -73 -16 42 97 -66 4 33 97 -19 33 92 94 74 14 46 65 57 86 -14 -79 29 -81 4 27 33 32 -2 -26 -67 73 -22 -37 92 -31 -95 -60 -28 -13 31 -28 -29 -84 88 55 -4 27 33 64 -75 53 -25 -46 46 -85 44 64 -58 -60 39 33 54 2 -54 -95 -50 -23 5 2 -58 64 68 -40 -10 64 -48 -58 -43 76 -73 -94 58 -31 81 21 0 39 70 21 -22 -62 -72 -4 66 -7 58 82 -56 39 -45 21 66 69 -56 31 96 10 -5 48 -28 11 9 -99 93 26 -46 74 4 -75 -44 49 -12 53 -50 -30 9 -41 76 -78 
98 -20 -92 -37 80 -34 2 52 -75 9 11 32 39 11 -87 -12 -90 82 56 28 82 63 -15 61 -4 -91 3 93 34 10 -98 76 -48 -43 34 22 31 -88 67 -82 -43 -83 70 -86 -2 -17 -52 5 -29 58 60 25 -29 80 -78 -64 -57 -77 64 3 -59 -14 53 30 86 52 -85 25 -55 -5 -89 84 -11 -84 -75 7 -62 29 -29 -50 -88 68 55 38 -15 -73 74 -25 11 -90 -74 90 39 -13 -75 95 -68 -53 -59 -42 93 33 -21 -94 59 51 2 56 58 51 51 -19 87 -42 6 3 22 -49 -35 49 97 13 -78 -14 86 -88 57 81 95 -17 52 -30 61 -27 66 32 55 -34 79 34 73 76 68 -44 27 -33 92 -50 87 31 61 -12 -55 39 -65 75 82 -81 74 92 30 98 -65 -26 79 -46 50 72 -90 96 -57 80 73 -5 -16 26 -91 -2 -30 5 -32 -26 -89 -83 -59 -76 -74 -25 -55 -36 8 -6 -94 95 84 -88 -44 -18 -53 3 -1 -56 -71 88 -4 29 -29 -92 87 -49 -89 57 97 47 -61 -9 -79 -2 67 -66 -99 -2 -97 -50 63 36 -55 -49 15 59 -75 93 -53 -65 -19 57 26 -73 81 -56 98 52 -3 -40 -48 50 51 -3 29 -79 -53 -41 -46 -30 18 83 97 -20 -27 27 -43 -21 26 42 -44 94 -72 74 -8 99 -88 -26 -11 -6 -75 58 59 -89 -35 12 -7 82 27 -44 -41 21 -41 84 44 -84 35 -98 -5 -64 -24 -22 -57 -20 71 59 -96 -44 -59 -67 54 -5 67 -2 52 84 -57 -51 -81 2 -12 58 81 91 -59 -65 -14 27 80 -34 56 -85 -89 -10 -65 71 62 28 13 32 -10 53 31 5 -53 -16 16 24 -4 -57 -46 60 -81 -37 62 -17 -74 -85 53 29 0 -27 46 35 -87 0 5 -19 98 -41 89 -5 96 -72 -93 33 -40 -83 -55 45 -54 97 30 33 -79 -71 94 -43 89 -68 -47 28 -31 40 48 10 76 90 73 -14 55 -76 77 38 40 48 44 89 53 -5 -55 -75 92 -58 57 94 43 43 -54 75 20 -75 39 -1 36 -88 -73 -53 42 -95 38 88 -48 91 36 20 82 63 -79 40 -81 45 -28 36 -50 -97 55 79 -51 24 30 -73 -83 -7 -21 -27 66 -37 -74 82 -69 51 -21 87 24 -69 70 62 28 58 -74 87 -74 -10 -43 81 44 -97 26 19 -25 85 -57 28 57 -1 16 49 -63 63 67 -14 74 32 16 -85 51 66 -4 -55 96 -59 -39 -43 56 47 
-55 92 47 -42 -51 -61 -58 1 -11 28 69 -98 -89 52 -63 -20 -49 86 82 -85 55 26 24 88 9 -85 52 -16 40 40 41 -2 -39 30 43 -18 -83 -69 15 44 -77 36 55 21 -68 70 99 -24 -42 75 -84 -7 44 -56 17 18 20 11 -60 -41 24 56 20 -81 74 51 62 -13 1 -55 -28 47 73 90 65 -25 63 -12 -59 7 48 -92 73 -9 -22 -16 44 35 -85 73 -52 -5 19 -78 -53 -84 67 -26 80 -58 -15 -3 69 7 87 92 -36 75 -66 -47 -14 -71 -40 -65 7 -70 29 -9 3 20 27 65 11 -80 42 12 54 56 36 14 86 50 -34 -37 -24 16 -81 7 88 -2 83 39 -91 89 12 -33 44 56 84 9 3 76 70 83 78 -76 -41 -96 54 -93 54 -17 81 -59 20 48 -26 -70 -95 -6 64 -21 -31 53 -75 68 -33 80 -9 -83 75 5 97 75 3 -48 44 -42 -55 98 70 -8 -92 19 -55 72 -65 -77 -43 31 26 73 54 86 87 -71 68 -60 36 15 3 18 -85 15 22 49 -38 -43 80 4 24 28 41 0 -36 59 36 69 77 51 99 -33 -23 -68 -26 82 -14 -4 46 -59 6 -98 -90 97 90 0 -79 -75 64 48 -94 7 64 56 48 -80 33 -98 -6 -85 -70 91 53 -53 97 -16 -53 26 -11 -86 48 71 -20 71 -43 53 -60 53 86 -74 -59 37 -16 5 -20 -63 -12 -39 -27 72 4 88 81 35 83 8 40 -96 -90 4 -67 -63 -56 28 -29 50 69 -52 -87 -7 25 -27 65 -2 -5 -66 -3 -42 -32 37 -46 96 -5 -32 -94 -65 -65 18 35 98 13 -66 -99 51 -55 65 -29 25 -84 71 35 38 53 12 26 68 91 91 56 0 41 18 -8 92 -24 -43 -46 -31 30 -60 94 -30 -46 27 22 -32 14 7 20 -21 -21 10 -85 -67 -99 22 -10 47 -22 -60 76 11 6 7 15 -25 36 90 21 50 5 -34 74 -87 -94 -6 5 64 54 -98 2 26 20 -20 -61 84 41 -55 36 62 -32 -99 -48 61 10 -65 63 54 77 -34 16 83 -24 51 76 -10 -10 37 -64 -21 -14 93 -84 74 13 93 4 32 98 -53 -44 -27 -79 92 -37 89 76 -39 26 -27 77 76 -37 -29 -64 -20 -84 -78 -60 -10 16 -56 5 25 2 95 -55 89 -77 -91 -95 95 -11 31 -88 -68 98 92 -24 7 33 96 97 -56 -73 9 -41 30 -80 93 34 -83 89 59 55 -99 -50 -77 -53 -60 
17 -90 -92 84 83 20 91 60 -9 66 -43 27 -68 -75 -56 -15 21 27 -3 -21 -5 -47 32 -27 -85 81 25 18 -38 -15 -36 42 -7 -41 30 37 36 51 91 -49 -9 1 16 66 10 20 30 -19 5 -86 81 32 -38 8 -96 -50 29 99 16 40 -50 42 88 91 -70 -88 80 -93 89 99 -45 -92 -42 -51 27 69 -60 70 -9 7 85 20 -8 21 82 33 32 -5 -51 -68 -55 58 9 48 -46 79 23 83 6 7 64 1 6 61 -4 27 77 74 -30 28 -66 -30 -89 -39 -17 78 -64 61 80 -45 -97 -75 1 -7 -57 87 -55 26 -20 -13 38 17 -40 -77 45 38 59 -54 66 84 -4 -24 -87 3 45 80 -8 93 77 -9 -10 38 -35 -46 57 -73 70 38 55 45 -47 64 85 44 -43 -41 88 95 -56 -55 -28 -70 -42 -9 63 -63 97 50 99 -10 -89 48 -18 -50 -9 24 1 39 22 -90 -42 -50 -60 85 69 -44 79 1 -38 -15 27 61 -81 69 -90 13 -67 97 56 -60 0 51 -50 -78 21 -45 12 70 61 -63 73 -92 -58 -85 -80 17 -11 -14 -66 1 -28 -45 64 -72 44 59 83 -23 79 -26 21 79 2 -10 -45 -38 -43 16 -24 22 14 -75 14 -36 -30 -59 49 89 59 -72 -99 -23 37 15 -7 -29 -36 -47 -42 16 76 84 7 -69 88 15 0 -15 44 -72 -61 71 -83 -64 11 -57 22 -70 -3 -8 -95 71 12 7 89 -59 -75 82 -92 95 -76 -10 -27 41 72 81 -7 -35 4 65 88 -92 -62 75 -30 64 -54 -32 -45 74 14 13 30 -63 -58 -35 5 -69 -46 15 -18 -67 16 22 -32 22 -78 -81 -73 -26 -2 10 39 -58 -10 -51 -79 -97 77 95 -95 66 -74 -31 19 5 78 55 -59 18 86 50 41 2 54 33 -64 97 -27 -45 -21 72 60 86 -73 -92 24 73 62 3 44 42 21 92 -60 72 2 54 -13 -58 -68 -2 -92 -67 17 71 30 69 -34 36 22 -31 -80 -83 46 90 58 -86 -51 91 -32 83 -68 -14 64 -32 43 -2 -80 91 83 21 92 24 -84 71 -11 -60 53 41 -42 34 -88 -1 -71 -69 -9 84 -45 98 -83 41 21 -45 3 38 9 -62 -66 15 60 -47 -43 -49 16 -49 52 -67 48 33 -58 56 93 -81 64 14 68 31 44 -11 -50 -38 -71 90 86 -74 34 -98 -91 76 89 -7 59 -96 -87 -82 -22 -75 -25 51 -35 7 96 -48 -35 12 78 -23 -54 -37 
-67 -11 -11 33 29 -65 41 65 -84 77 95 -47 -32 -74 95 37 -98 -29 -73 -9 -15 21 -12 14 95 23 -23 -69 4 50 -86 -29 95 -2 -35 4 43 68 -92 8 -87 -6 47 -33 3 -62 93 -55 -15 -44 95 88 -36 98 -86 -99 95 33 15 -11 -69 56 3 58 18 60 46 -72 -90 -87 -14 -50 74 77 -13 -53 14 83 -8 45 6 -21 61 -14 -30 -62 -51 77 -33 4 -25 -4 -69 13 57 59 -99 -53 -49 23 -57 83 57 46 93 82 -48 16 -8 79 9 -78 52 79 79 81 -88 -13 47 49 93 -44 32 57 55 68 67 -29 -15 26 -58 67 38 -70 -83 20 -91 92 -75 61 -87 -95 39 -83 56 -46 20 2 5 -42 42 85 34 36 -89 -92 68 33 36 -49 96 -4 27 3 71 59 -99 85 -31 -13 33 -68 -6 67 -7 -62 64 33 29 71 -16 -43 -87 17 65 -11 76 43 43 -87 -87 -78 34 16 27 -64 96 78 -38 -44 -91 42 83 -93 35 72 -76 -12 -30 74 69 -92 88 20 -85 37 39 -45 76 57 -30 -25 56 -32 49 -26 -92 -3 -54 53 65 -94 2 -72 31 91 81 18 98 98 -23 96 45 -40 11 -86 -80 33 -76 2 70 39 83 -48 41 1 -32 89 -17 17 -34 47 -15 -95 -30 45 -27 -42 -44 -66 -68 -69 -66 49 -57 -30 84 65 -56 -6 61 63 29 -93 -72 38 -79 97 62 -25 -22 53 14 -79 -87 -47 -84 -76 -45 69 -71 45 -19 -24 71 78 26 -87 -43 -34 16 62 -23 65 6 5 97 21 91 -38 53 -25 27 61 -73 62 48 -54 -13 -45 -33 90 -20 38 -49 84 -68 58 39 56 -77 -32 44 19 41 -2 62 -21 -36 21 32 60 -94 26 18 -43 54 -79 -61 8 -93 -73 78 -23 -61 64 -40 73 -98 -75 72 32 -13 87 14 1 3 -20 74 32 -57 17 -35 26 93 -67 44 86 -73 11 79 26 -83 90 -28 -85 -53 1 2 -13 15 11 -40 -32 69 -65 -74 -90 57 -71 -1 0 99 -11 -5 -85 -56 23 13 24 -16 -90 40 -16 -98 25 76 -79 54 -75 22 98 85 -86 82 85 -68 50 57 77 45 18 -64 80 -57 -26 35 15 -43 91 -86 -89 47 -14 74 26 -77 -29 -35 39 28 38 -93 -23 -95 21 -30 38 -80 -28 -98 -70 -14 23 -3 96 -41 -59 -53 -21 -51 -73 -54 -91 49 -56 45 -72 91 -31 24 11 79 75 -44 -46 -25 54 25 -93 
89 97 27 -77 79 47 45 -92 -49 54 70 19 45 -20 -78 -50 -97 10 96 92 -37 51 53 -61 -68 -36 17 58 -18 64 68 2 -59 87 -50 75 -95 -80 83 -5 -36 75 25 43 -46 98 0 -74 31 13 49 19 5 47 63 23 21 96 -51 -54 -77 93 -2 -3 89 67 -66 33 17 -63 -70 74 -42 -41 43 -10 27 58 83 -44 40 -92 73 -30 65 -18 11 90 95 -72 21 36 -31 -81 57 -73 -71 22 -82 75 -44 -13 80 86 -62 -9 34 28 61 98 23 -74 -22 -23 15 -96 -31 11 67 -67 17 -27 -79 -21 -55 41 -31 -77 31 66 -76 -94 -31 24 45 72 -47 -14 55 -48 -97 54 81 14 -59 -99 -65 -59 -11 18 -53 -30 92 -54 -59 50 -83 95 1 -54 15 47 -83 -6 83 -6 13 -36 34 20 43 -11 -26 23 0 -39 -64 23 -96 29 -90 81 45 50 8 -48 58 23 -5 -24 -31 -82 77 4 9 -29 42 44 52 60 -8 -99 -54 -7 -56 -37 0 5 85 81 -58 83 28 76 36 -14 -37 -36 -73 37 8 -26 34 -7 63 39 58 95 31 -21 -25 87 79 28 -9 47 -74 97 -86 14 21 10 78 42 20 75 -61 83 -67 81 82 53 25 41 -33 -48 60 52 -65 -76 -50 1 -60 -1 -69 67 84 66 81 45 54 83 -44 -61 -43 11 -57 -54 -81 80 77 67 69 -64 -36 -4 -45 70 -61 -61 -12 -91 76 42 54 -86 93 -53 80 59 85 19 -53 4 -52 -5 34 -10 95 15 87 -58 65 11 48 39 53 -83 -71 -77 77 -14 -19 61 67 30 35 45 26 -13 42 62 54 -37 -5 -69 99 98 44 -61 92 11 -96 -4 10 3 -78 -49 35 9 31 45 38 16 20 29 27 88 78 -96 34 -25 -18 11 21 -53 -50 -20 -39 34 1 51 -5 -81 -97 -65 9 -10 7 -48 97 -54 19 -66 92 -89 -40 82 -94 -65 61 93 0 23 -11 -65 -70 -91 39 32 -70 49 -69 78 39 -75 -34 10 1 -80 -30 -45 -59 57 -72 -16 92 81 -68 -78 29 -48 -62 49 55 -89 99 92 -97 44 -95 61 45 -15 -59 71 -22 7 -10 37 -28 65 83 97 -23 -61 6 84 -63 67 15 80 -92 -15 9 -97 -91 -57 28 -95 -25 78 1 -61 -72 80 80 -23 -58 -59 -53 -71 87 99 -31 -49 -1 49 -87 -45 34 73 -98 50 91 5 -10 11 48 -47 -95 90 -37 69 -5 97 -87 -95 -52 -99 
-27 31 90 92 92 21 -72 -86 43 -91 55 9 -25 -37 28 -46 49 -85 5 30 8 -91 66 62 -7 1 32 0 -90 19 19 -20 93 44 -47 97 44 25 -61 12 -6 98 -15 25 60 0 -90 76 -41 81 -73 45 -32 -32 66 61 -94 -80 -63 -61 -56 -84 -15 -18 -95 77 80 76 -22 -29 -72 -28 -18 -1 0 9 37 39 76 -1 -90 -70 -27 -30 21 21 -62 -39 -80 69 15 -32 21 85 12 -97 54 -43 -39 -75 42 45 -33 11 -87 -18 77 -70 -99 -66 1 -69 39 18 -26 13 -96 -46 -10 -7 33 88 -85 -29 -11 77 81 -35 35 -32 33 98 99 97 5 -89 76 -46 -60 -16 21 67 -28 45 64 98 -28 80 2 46 15 89 22 78 32 -7 10 38 53 -44 -14 -5 78 17 54 41 7 17 72 12 -10 -65 -47 83 -45 10 11 51 87 -93 12 -24 79 73 -22 70 43 -90 92 -88 -66 27 23 52 91 0 62 -17 80 -97 -52 -15 41 -98 93 23 61 -76 -44 -44 57 -12 -57 -51 67 2 -30 23 -32 26 -42 -99 -61 89 47 13 -53 -13 -12 28 80 -30 59 -35 -11 41 17 55 82 44 -49 84 27 51 49 99 70 24 44 92 39 7 38 9 -97 83 -3 -48 -70 -44 -58 76 -59 -82 -54 -95 5 -2 81 -54 22 -71 96 -93 -43 -81 97 26 65 -79 96 -35 37 16 13 97 -68 -86 -68 -68 -60 42 -52 -44 7 7 -9 86 7 -83 88 -77 96 96 3 20 18 -27 36 -76 -31 34 0 -82 -47 -86 -60 -40 83 -87 -50 85 -45 78 75 26 -94 -5 90 -11 62 37 -48 9 -65 -40 -72 19 -6 29 -10 46 -86 -65 72 30 -76 -83 -78 -16 -40 43 -1 -64 99 -8 40 -94 74 -65 -80 86 -21 -37 -34 26 -23 30 -91 93 -51 -2 -3 -20 -23 24 13 39 34 79 -90 -45 -27 -37 7 72 -89 73 3 80 30 -93 65 -83 47 -77 68 54 11 -21 94 29 -39 -51 9 38 -83 -2 32 14 -22 78 -34 -14 18 -42 10 -55 68 -89 -96 26 -30 22 96 -56 36 46 -86 39 35 -25 13 8 47 51 88 -66 -34 -83 -14 19 65 -44 -69 -15 0 79 -37 0 3 52 -3 21 -32 22 24 -34 -73 21 -71 54 62 -51 -27 -59 -20 -98 -56 -29 43 66 43 45 82 -83 92 -74 -30 -62 -7 -54 20 -57 -88 -66 47 76 -93 37 46 -99 -6 -31 50 -72 -74 -65 4 -7 
-68 -83 7 98 20 17 30 -6 -16 -27 -7 42 77 -46 40 -10 -70 -36 40 -18 -83 -54 66 32 98 -83 35 -99 6 90 -21 -87 -82 72 -1 -39 -90 -15 -79 -83 -17 -40 11 -70 -94 57 -71 96 -29 -25 60 35 -63 -57 7 -72 74 90 0 -48 58 41 -24 -53 82 62 -96 93 84 -4 44 44 -84 -24 47 -34 -54 20 31 -71 74 91 -35 25 29 70 99 58 72 80 74 -4 38 -53 14 -57 -15 -89 86 36 96 93 41 29 52 -21 -63 -54 43 -67 -96 47 -80 34 -38 37 -96 -94 -13 -5 -49 -58 -68 -89 84 97 -77 41 97 -98 -74 -45 79 49 25 -43 -92 -81 -74 28 92 18 49 44 37 -14 -1 53 -19 -50 -73 -67 17 -78 59 66 -20 45 -56 16 70 -83 77 47 9 98 -6 5 46 8 -58 -66 -35 91 -15 5 -68 -8 -92 19 60 37 -15 -32 -45 -2 -43 66 84 -60 67 -66 -66 99 77 -62 42 6 22 -17 74 -10 56 77 -21 -99 -28 -87 90 95 -71 -92 55 62 -88 -43 95 78 -63 8 73 -9 93 -41 -38 56 8 82 -86 -70 62 -5 -19 -63 22 -93 97 -79 16 -21 44 -68 -16 -79 58 49 0 -82 16 -67 54 -49 -67 -61 -97 84 78 56 30 -35 6 -41 84 41 -3 48 -64 -40 -69 87 71 43 -93 68 8 25 72 18 90 97 -60 -74 -18 -17 29 -81 -79 -68 50 28 -83 97 -53 46 64 83 70 -78 40 10 68 70 36 -89 32 1 78 -53 82 -16 -99 -91 67 19 69 92 41 62 -15 17 23 -32 53 89 74 -62 -5 47 -11 -51 -74 -77 10 65 90 78 91 -46 22 -89 49 -39 28 -11 -85 -30 -55 23 25 97 -50 25 -76 -68 -94 -21 -91 -23 80 87 -5 -14 -74 59 -30 63 -45 -57 -66 14 11 35 -83 89 84 8 -27 64 -18 -45 19 80 75 60 -78 -97 84 -32 15 -31 71 -14 33 -50 -11 12 9 53 -97 -72 -81 -66 28 69 72 -28 25 -1 49 52 35 25 -30 -69 39 -68 37 -3 14 -49 69 49 -5 90 35 22 -60 66 31 -48 79 18 54 -77 -63 -9 82 7 19 19 -71 -57 -96 -65 -58 96 -70 71 -2 58 62 54 -70 -51 -37 42 42 42 20 6 54 -63 -83 31 60 -77 -55 7 -40 58 -87 28 -90 -55 -68 -50 -91 -45 47 -55 -18 57 11 -33 30 -75 25 45 7 52 79 -22 -56 -80 -14 -54 -98 6 8 -47 
29 -17 36 74 1 -72 -54 29 89 -53 -94 43 8 32 55 71 53 35 51 -68 63 16 -84 -45 74 70 74 34 -11 -28 -40 -39 62 -32 -73 43 58 90 48 -37 83 39 -34 89 -54 -54 -65 47 -7 -68 -80 33 57 33 -62 -60 1 -44 47 -65 46 15 -86 -8 -57 -5 4 42 52 92 21 -99 -64 65 30 34 -26 91 2 72 88 -7 54 40 12 -5 36 -98 -73 -61 -17 -88 -89 -72 -6 -97 66 -23 98 12 62 -7 62 26 71 -13 -15 -74 -14 92 -44 -50 26 63 -38 73 66 55 45 34 97 45 -95 60 62 96 73 46 -58 20 -13 -78 81 -22 -23 80 92 92 -8 38 -14 34 39 -86 -64 48 22 84 68 -32 -54 95 73 95 51 -28 31 -94 34 -61 -76 -36 -72 -30 82 28 53 36 -84 -66 -37 -55 91 -3 43 93 -3 -18 -33 51 -83 -56 -69 5 60 40 2 -67 -10 66 -26 55 -55 38 -13 -18 -48 57 57 30 -31 -6 84 -20 65 58 -29 49 32 -37 4 -18 81 -73 73 -18 41 27 19 -75 90 -45 -65 -94 52 -61 -85 16 19 -96 -99 91 60 -50 92 40 51 90 36 -98 43 82 -47 -85 20 -12 -10 1 48 62 -88 92 -1 7 37 23 70 90 3 23 -4 -62 -26 -52 43 73 65 -80 36 -36 1 2 -55 96 -18 -17 -35 61 -20 -59 -44 18 -36 79 -39 -75 81 -92 70 -19 92 -15 -30 58 81 86 82 36 -37 38 -78 73 -95 62 97 91 -64 83 -72 -55 -48 35 22 -37 76 18 -68 1 16 21 -97 -42 33 46 -56 94 -93 -39 -9 -97 -41 -19 53 81 0 -42 42 12 73 6 32 29 28 18 -54 23 92 -56 -19 -5 -3 52 -3 34 -40 45 -36 67 -56 -14 25 -68 -32 96 24 43 19 63 -36 70 -2 -93 -83 37 11 -80 74 -72 69 50 -41 62 -69 54 28 17 13 -82 59 65 -99 70 -43 48 -10 25 7 77 -94 -25 -40 70 61 -32 -1 87 47 -70 3 -72 78 28 91 -49 1 42 51 -90 -49 -38 -99 -31 32 86 -1 -28 98 -92 83 32 -51 59 42 14 -43 69 72 -42 97 2 -98 76 -65 -2 53 74 69 -5 -34 45 74 39 73 -74 2 68 15 82 -83 -89 -81 84 -13 -94 0 -34 62 53 45 91 66 53 54 85 -2 -91 97 -93 13 -16 -16 -47 32 -28 10 -61 90 16 47 91 77 -35 87 -61 -67 -61 2 -16 29 -77 
71 61 72 28 59 -69 44 71 55 -82 -14 47 31 88 16 78 -14 81 -77 -45 46 -94 96 29 79 32 -18 -60 -4 -74 -74 -21 85 -33 -86 -31 27 -19 -74 27 71 -24 88 -18 80 -27 -97 -25 -10 16 67 73 79 28 -35 26 -40 -4 8 56 44 41 -37 83 -2 39 66 79 46 73 41 78 4 9 -99 -50 79 -10 -26 36 -8 73 40 -10 -9 88 21 41 -23 55 -37 -68 -81 45 34 -5 -99 -96 -48 -9 49 -31 68 -41 86 -57 -52 -59 25 -83 62 -63 72 -24 -27 -45 -60 50 84 -81 -44 34 78 -98 39 -86 -91 -31 -3 -85 7 33 -48 -40 99 -37 4 30 -99 -92 27 -5 78 -21 90 -24 -63 -92 61 67 -16 4 -99 84 -68 2 -64 18 -94 87 5 -42 -56 -35 -87 67 -97 -52 -51 -78 -22 99 -28 -73 -56 -39 86 56 86 22 71 28 95 1 -2 20 -20 95 -13 61 -49 -70 86 -87 89 -28 70 -90 -72 -1 -37 62 -59 -7 -7 80 -70 -91 -54 -71 -78 34 -68 79 73 -21 -58 -15 92 -58 81 -59 -78 -28 -86 54 -17 71 11 30 -32 -33 -69 94 98 28 71 16 -84 79 -2 33 87 40 -16 -36 -79 32 75 -15 -48 60 89 81 -96 -81 10 55 -23 41 30 -93 -34 -3 -15 -11 39 -58 29 92 61 -42 87 72 41 35 15 -42 49 89 54 -43 -16 2 -74 -94 -1 -32 7 -17 33 89 -61 10 8 -71 -95 -89 97 -33 74 -5 -58 -73 37 -54 53 -28 -11 -71 -47 38 -22 -38 30 -51 -50 -34 -81 82 -15 -33 -3 54 -76 -60 58 32 -21 89 -48 -37 -12 74 74 -70 48 -52 -58 38 52 8 -63 -69 61 -4 -58 -25 -31 8 -79 -9 66 -66 -76 1 87 -41 -38 -60 77 85 -37 19 67 8 -77 -61 -31 -32 -68 -86 62 -76 50 -88 95 -84 -15 51 -31 -89 -56 -90 23 -61 14 -41 -88 -73 -23 47 48 -84 -99 -9 -79 4 98 -44 91 -39 67 -90 -77 -1 91 -42 52 -96 -96 46 -86 76 4 -41 72 31 -50 -16 -80 31 -94 44 -13 0 80 91 69 -1 -41 13 24 -59 -65 -38 -85 19 -63 77 -50 -56 -78 -78 -51 -91 63 -51 75 -74 89 99 -47 54 97 -15 33 -52 35 98 78 -7 3 -94 -51 52 65 43 -98 -99 7 -98 -83 12 73 71 62 5 97 55 -60 -1 73 19 -39 44 -20 -49 -26 36 -27 87 -37 -20 -51 -13 99 37 -61 -52 
-11 85 -62 -38 -70 79 75 -84 24 -44 94 17 -47 20 85 -42 9 -90 -5 -13 -26 2 47 91 -85 -47 54 -88 18 29 -86 -95 -1 80 -91 -49 77 -16 -77 -28 49 86 -14 -66 -84 26 -76 -46 72 -46 -6 -32 -23 45 25 -87 -96 -37 -73 27 -40 30 25 -33 62 -10 -22 -9 93 -44 -47 54 64 -86 -82 -67 72 -22 -70 12 -27 11 44 62 -25 93 87 -25 -53 -7 50 -90 95 -33 58 -46 -41 -23 85 -34 23 21 -14 4 -24 18 -83 -25 -19 37 61 99 -87 -23 -45 -62 3 5 26 71 -27 24 -75 32 -96 28 -61 -18 -88 4 -18 -11 93 3 55 -41 -63 -90 18 46 -21 -42 85 -55 4 -55 19 21 -57 36 -22 20 -40 93 -8 98 -20 3 -56 -8 -75 -41 30 72 43 -13 3 88 -55 93 8 98 -17 -44 50 38 9 67 71 -96 -77 -31 94 2 -75 -25 43 -94 94 5 91 -43 -20 -4 73 -82 -11 53 88 -14 -23 4 13 -91 23 47 -51 99 64 30 28 -61 50 -85 73 -36 5 -34 -54 80 -65 -54 -50 -54 -26 62 -32 -4 -38 -53 -22 13 58 7 41 -46 38 -27 -13 15 88 -22 84 41 -56 -84 86 77 44 27 48 -53 30 66 30 -78 44 -97 -87 68 -32 72 88 89 -79 -73 49 -62 83 -61 -19 92 -87 -79 46 24 70 75 -75 13 2 -81 -89 55 92 3 -11 13 -18 -76 -11 -71 -67 99 -21 99 82 -14 -64 59 58 78 -35 10 11 -4 2 -7 5 94 55 2 16 -74 -93 -77 9 -13 -35 -93 -51 -72 89 -1 -46 93 26 -43 37 -63 -54 83 -90 -77 45 69 42 69 -84 19 -26 2 22 38 70 65 87 -42 -17 -86 -92 -78 92 -87 -15 64 46 -21 79 -63 55 -74 71 -67 26 62 -53 69 -28 -61 98 1 -86 88 -14 -54 -7 81 -82 68 60 6 -24 -59 69 72 -71 70 2 14 -61 11 -8 -37 50 -37 -86 -44 -63 -25 80 -71 -57 -66 69 -91 -15 45 59 -84 -58 -10 70 84 15 72 -16 64 49 61 -8 48 81 -20 -55 -80 -34 -43 55 -83 -38 -91 95 94 49 42 72 12 -64 -50 -9 38 -18 -48 83 32 10 -12 -82 7 -44 -26 -32 -1 -69 6 -77 -67 47 -6 -22 60 50 91 54 19 36 -22 62 78 -32 -29 22 48 73 83 -47 -8 26 -75 -68 82 70 -22 59 40 -11 -50 -82 -68 -64 -16 60 -37 -93 -27 -24 14 -70 89 
24 48 23 49 31 -58 -68 -60 -91 -95 76 12 1 2 -38 -64 -92 14 -94 97 97 -91 -47 62 51 -71 49 97 57 -75 -29 -42 57 -8 -75 -45 -55 -25 -51 -26 28 40 -81 11 13 -62 8 -59 -64 87 73 -32 11 52 31 -70 21 59 -58 -25 73 -80 -53 55 -94 -89 -30 -48 -2 68 65 -1 33 -68 56 -24 32 58 70 -18 11 92 -33 -26 51 16 50 49 79 -83 -5 73 -84 -33 -11 -48 94 -1 74 -65 76 6 -98 -6 -39 -95 6 -8 -95 -69 87 9 47 -78 5 23 -74 46 -98 -87 53 -71 30 28 -84 95 -25 -86 58 -17 28 94 -90 97 86 98 89 -48 94 -25 -13 -20 9 -63 68 64 -48 -77 -81 -81 22 -26 -56 -84 17 -33 56 -69 64 -97 -53 -84 -28 -84 71 52 63 80 -52 58 -2 -66 -50 98 64 -91 80 7 54 -29 96 -60 -4 -16 -63 95 2 -86 29 -39 -42 41 -47 -20 -79 48 -16 40 24 71 -26 6 3 40 -24 -95 -34 94 -66 96 99 98 35 -56 18 -78 -74 -52 -22 -10 -26 3 38 17 52 88 38 -30 -19 92 -30 -35 -79 -92 76 97 26 77 99 -35 -75 76 -42 64 26 94 -35 61 -79 -50 16 -56 73 3 34 -53 -3 83 33 -13 -92 39 -86 18 -82 2 -71 -65 42 -35 -66 14 -69 20 -88 57 -62 18 -77 40 40 38 71 22 26 -29 85 -27 -14 68 27 -98 -77 -29 84 -84 9 -73 84 81 76 38 82 -30 -62 -71 54 -40 83 70 -9 -7 -81 15 38 98 42 42 -53 -62 63 -57 20 13 97 -92 -79 -27 18 -86 81 23 -38 33 -28 53 -84 68 -41 87 -42 4 17 82 33 10 94 11 -24 85 48 45 52 2 -41 -18 -50 65 8 0 -54 -9 70 13 44 -51 -27 50 -58 30 -54 46 35 97 -9 99 44 83 95 25 62 -37 -30 -73 88 6 68 -34 -26 56 78 -96 -92 -19 76 0 46 -22 -63 -27 10 -61 -54 -57 -33 -38 -15 -1 -79 -45 -23 -30 -84 67 -99 -89 23 -93 -79 16 -21 -46 8 -47 61 38 76 26 73 -88 -5 -68 92 44 37 -23 51 2 14 -36 13 9 18 -31 -6 51 45 86 -51 -11 -34 16 -47 -38 86 -22 81 -23 -9 29 6 2 -45 64 4 63 -23 -87 99 86 -24 6 -18 27 -87 45 4 -98 -49 -24 -61 -70 0 -56 63 80 83 -92 20 -56 84 47 -26 97 -94 72 11 -29 67 74 
-34 13 -89 -97 4 51 -99 -22 98 -4 -20 -6 -86 6 -34 71 55 -96 -21 -37 -27 -57 36 -58 16 -25 81 86 88 8 -44 85 23 40 73 56 -33 -80 98 -83 70 -91 -93 -14 38 87 17 -31 -79 -43 34 -2 84 -86 -62 74 88 -57 -3 -1 -11 75 37 -6 82 23 63 -32 1 0 -28 99 -33 79 -83 -41 58 41 -78 34 98 -41 54 92 12 -15 26 33 -11 -99 -23 -67 49 -61 -81 14 73 81 -39 99 -46 -78 -5 -3 7 -58 10 81 95 -6 -7 95 -62 -40 -74 -41 -78 21 84 -30 28 82 93 -29 -19 -43 85 -11 34 -5 56 10 50 -89 60 43 -72 -9 64 88 -79 7 -44 76 35 -61 -54 -64 -37 78 -27 -66 -34 47 -35 94 -55 -47 -29 56 -14 -59 -79 -47 26 56 0 34 -25 53 35 -60 81 -1 82 63 31 2 -41 -75 -71 8 -33 -67 -63 -46 21 -86 77 12 16 -17 -8 -43 4 12 -1 -90 62 -7 -92 -51 94 26 -92 21 -12 -95 -51 -78 -47 -10 57 61 -46 -60 -75 18 -95 -67 -36 -50 14 -34 -37 -54 -97 -33 63 82 40 -93 -2 96 90 36 36 -15 -30 10 -80 -5 -67 -38 -98 81 -33 -43 24 58 70 85 99 41 33 -37 -12 3 24 92 95 50 7 -73 -34 -93 18 82 24 -67 -62 -46 -74 -81 -23 92 58 -90 50 14 -24 83 -14 70 95 -39 -45 -36 71 -44 -76 27 -52 21 46 95 40 -77 83 -87 0 33 12 7 -76 -85 -86 71 39 47 -72 40 33 34 -1 -54 71 -24 73 -81 59 93 99 -97 53 -6 -10 91 30 -51 42 -35 10 -79 -7 -1 -82 6 -83 77 -2 -5 5 -78 28 45 -65 68 62 19 95 6 -20 -99 0 15 -42 32 79 81 59 53 -76 -22 10 -41 -38 -7 26 7 -30 -79 6 46 97 45 40 48 99 88 -52 82 -58 -31 -26 -76 14 92 -79 -5 39 66 -39 97 41 -17 4 -96 -58 -55 9 -69 -62 -24 41 -41 98 91 60 39 9 19 54 -43 74 47 26 -92 80 85 44 70 69 9 82 -59 -82 42 -92 44 -28 -27 79 -83 32 -88 -1 86 -14 -96 -9 -59 -72 -95 85 -41 -93 -95 34 -78 15 45 -54 43 -16 -33 84 36 24 46 -53 -71 -96 -40 -46 35 -59 91 84 42 -55 -47 48 -63 65 81 60 71 60 -25 -57 -30 49 -81 19 94 -56 26 71 37 41 -19 63 38 -2 -48 -65 21 -99 -89 
-51 39 40 76 -39 77 44 -80 41 3 -26 -20 8 -18 22 -53 -25 64 -79 -29 60 -79 -69 62 -89 -22 -67 -47 -32 -67 91 -9 91 18 85 4 -98 -61 31 14 69 -71 92 77 -1 84 55 67 32 -6 -34 -54 -82 -70 68 3 52 88 -6 -67 -88 96 -91 -81 -12 -86 38 29 92 -37 6 -7 -31 15 79 50 64 64 -51 -19 -10 48 10 -74 17 -98 -29 -58 33 -32 82 26 71 33 24 -26 94 -73 2 73 65 -17 96 -22 72 94 73 -23 -4 -90 49 -51 -38 -74 64 -19 -18 -64 -27 -82 -22 12 -87 -75 62 -76 56 -64 -86 50 93 22 -3 98 -94 -81 26 -73 28 -98 37 -1 -19 -69 -93 -82 82 -55 79 -2 19 61 -77 79 75 -48 81 80 -96 76 58 74 -93 -9 -19 -62 -81 63 56 -67 -91 -37 4 -24 -86 -86 91 -20 -98 12 24 -21 -68 0 81 23 41 -5 38 12 -56 31 55 54 50 -12 85 -11 32 87 -32 1 24 -8 29 12 98 -19 -97 -3 -99 74 42 32 -51 60 -82 -39 96 35 -48 21 -35 -69 12 37 -56 -79 93 73 -44 30 78 -54 99 -78 23 -56 -2 45 -99 -18 -60 -14 6 41 -15 -72 -64 -62 2 84 23 6 -97 4 78 1 21 56 -99 70 12 25 18 -26 5 42 9 0 86 -84 28 10 90 -38 98 -46 36 50 23 61 67 -85 -34 -3 40 39 -78 53 60 92 46 -74 1 37 62 94 85 -58 -77 -60 -80 29 71 -46 40 -18 86 44 -91 -26 -22 -96 -54 63 -62 -48 -65 -77 48 96 -81 -44 -82 -89 3 -9 65 41 -28 39 78 -79 -5 -14 -3 13 83 -80 -90 51 88 73 46 97 41 29 76 -44 93 -31 17 30 -66 69 -52 30 44 -23 61 80 37 46 -95 93 26 82 -50 52 66 13 -41 -26 -58 -50 50 70 -37 -62 98 25 -29 54 94 81 -11 -49 15 -52 29 -88 65 3 65 -27 72 71 6 42 -77 63 42 -5 -66 -56 -20 -95 -74 -18 73 -51 -32 39 95 85 63 74 44 15 -23 58 77 9 1 0 -77 55 36 65 3 -45 -48 35 79 27 -17 -50 -6 -69 56 -13 73 -20 25 -61 12 66 81 -37 9 -29 4 83 -83 -87 -92 57 87 95 27 -54 36 2 -79 -48 -73 33 -34 -17 -13 -80 2 99 16 -20 59 -7 -57 92 90 -38 4 -41 44 77 24 92 -64 -44 -18 -9 -79 -17 0 -3 -43 60 9 36 
52 91 40 58 36 67 96 -8 -96 69 57 -41 8 -52 93 -53 92 22 -44 -15 81 -63 42 -67 42 -27 -64 -17 37 2 -98 82 -2 56 -17 29 13 -35 -9 26 36 -38 70 22 64 -70 24 64 57 92 -55 -14 54 -91 51 -58 26 -91 31 29 -85 17 -81 54 62 -81 -78 -57 -37 62 -13 -84 -83 -4 -92 1 -63 -23 -47 -60 25 -3 -95 -77 10 -93 1 -64 -45 -22 20 -32 54 4 60 -11 -42 -83 43 -59 31 -41 51 59 49 90 -23 -24 15 88 51 -38 61 -94 28 -17 14 27 -33 -4 87 -32 48 -1 -29 62 1 27 38 17 12 -8 -57 51 -35 86 -82 28 -38 -8 0 -76 -99 81 11 -86 54 -15 -18 30 33 29 65 -9 -60 10 87 16 -34 -67 -27 -17 -25 -36 -3 -2 52 -80 -82 -77 28 54 -93 9 30 14 99 -81 1 -91 70 -59 -99 40 -93 24 1 58 7 86 54 -98 -59 -27 21 17 80 -81 -82 -22 25 -53 -47 0 61 -71 -19 -98 -4 -59 31 -37 86 -24 12 -1 76 -94 12 91 -18 92 47 27 -97 74 -79 75 -83 -3 45 42 60 -63 58 25 -29 65 -27 -82 82 -65 54 -12 -53 83 89 98 -48 5 37 -42 -28 47 72 26 -71 -94 -11 -42 16 -55 0 59 90 -7 -52 25 -80 -2 -93 63 -12 48 58 -83 -52 -58 71 -32 90 -49 -48 64 53 -40 1 51 73 11 21 -84 62 -62 -46 68 95 11 -33 -77 -29 99 93 -97 53 90 45 47 97 21 -95 59 -40 37 -24 -85 -54 -98 51 -55 31 2 91 -41 -78 80 30 5 99 13 78 -64 -29 73 57 -37 64 -63 28 38 -14 -75 82 -10 74 19 -57 45 82 73 55 -15 78 80 18 -5 39 -63 -36 -32 -26 -45 54 -86 -61 -49 2 66 -78 -77 99 -21 -86 -83 -85 8 -70 -17 97 -52 -58 -61 54 73 6 47 35 28 -29 -62 98 18 -31 -82 13 66 80 28 -55 -3 -98 -21 98 -13 -41 -8 -82 -11 -68 -59 -99 17 -17 90 38 9 -20 -33 -14 89 -78 42 -5 -87 -85 -85 -48 99 39 -6 -21 -29 -68 -33 8 -57 49 -62 91 -97 65 -30 87 73 -24 -83 9 22 -52 -38 -70 -91 -63 68 -43 -28 -47 85 -51 -51 -22 -65 80 -37 45 76 93 -44 23 -58 -86 -49 95 -57 -57 -99 -62 -64 -21 37 -30 89 1 -91 -87 35 -97 -58 4 -99 93 -19 -31 0 36 -20 59 -41 -37 97 
-38 -84 -60 29 34 -74 95 43 -5 -74 -22 73 -49 -67 15 -57 -10 -46 27 68 -98 94 -45 -80 -4 68 -88 -76 36 -69 -29 -64 65 -28 -60 -2 2 51 -81 -56 -9 64 41 -18 -25 -64 2 93 -45 -35 -60 25 -7 -74 -86 58 -41 12 -15 -75 -51 -96 -46 -64 -25 82 -37 -56 38 45 68 -60 14 -77 89 -27 -26 -56 67 72 -94 74 -4 -18 68 53 30 -21 65 -97 -51 8 19 47 24 -78 44 82 -65 52 -45 -37 -55 -68 -6 -65 -14 -44 -76 -74 -1 87 -80 -52 28 3 99 -67 43 98 -93 69 -28 33 44 0 -26 15 -58 68 -70 2 13 -78 92 48 46 -68 74 -66 -22 -83 60 -26 -12 -19 -50 50 -96 -57 -27 60 50 43 -94 -52 70 -6 9 -97 47 -63 -98 35 -80 -96 -63 -18 60 71 -91 -60 6 11 -68 65 79 -35 -47 -21 -57 -1 50 -63 -23 -53 9 3 -78 54 14 -36 -79 -91 79 24 94 18 -84 52 40 -91 -7 -96 -77 36 -31 -77 76 87 43 -56 59 -60 -81 97 80 -35 -41 5 1 -59 85 7 99 -64 -89 2 67 38 12 77 -97 -4 39 -85 19 78 -56 70 -93 64 -96 59 74 70 -99 -59 0 15 -91 63 24 69 65 6 33 99 49 32 82 62 -45 -97 -57 -54 -25 94 35 22 35 -71 -56 -57 30 69 54 21 -68 92 88 74 23 -22 -46 56 -56 -40 20 -55 -34 73 30 -10 20 4 -96 -99 71 -74 -45 14 -92 -54 74 95 -1 -52 -21 -43 -40 77 -57 -82 82 -88 -3 -87 53 -32 -64 8 -57 -85 -86 -86 26 -48 -96 65 -51 -79 9 -71 -99 -66 97 -38 -68 -36 73 -99 -54 45 5 -87 76 -7 6 -88 -58 21 -32 93 6 38 -87 -10 10 78 -90 -92 -31 -47 6 -30 -34 -1 -78 -26 28 -50 10 5 -5 -86 99 26 -57 -22 15 -78 -97 75 83 64 -4 -41 -11 -31 80 15 -66 24 -22 60 70 7 5 79 -26 -38 -99 -34 36 -46 94 91 27 -47 -35 -16 -33 -58 38 -85 30 49 -34 85 82 64 -35 18 -98 74 -38 -89 -98 -99 -72 7 -77 15 -91 -30 -16 24 -27 -49 -97 49 -97 -41 55 32 3 20 -66 -31 -19 -78 44 -46 0 -23 -83 -19 -11 -4 46 -89 57 -24 81 89 91 13 -6 -41 -89 95 86 -64 -67 78 -85 -83 -75 34 31 10 -15 -64 40 -24 69 73 62 -7 -57 -90 33 24 -68 12 80 -66 97 46 
-12 -40 -6 -44 50 93 41 83 28 47 80 29 75 -47 -65 89 81 -69 67 -12 66 90 46 -60 98 -41 -33 33 -7 28 -8 45 -69 27 -73 -73 47 0 -40 -58 -75 72 -41 39 60 -91 0 -23 23 84 38 95 -29 -15 9 -67 -72 94 -78 -78 70 -20 -19 84 -95 22 22 -36 -27 -68 35 -17 -22 37 60 61 30 -84 -39 18 -32 -38 -33 0 63 -22 -54 -29 -82 -61 -27 -75 -54 -74 87 -66 -33 70 9 -80 39 22 91 -32 74 -87 98 -12 6 -57 -53 -2 65 -48 -12 -64 9 -26 56 -41 45 -4 -28 -19 -36 0 12 56 21 90 26 9 -31 71 -34 20 14 -64 0 74 -11 87 30 63 -93 -94 47 97 -12 -66 -52 -97 0 35 51 -6 -85 -68 1 15 -48 66 26 8 62 8 41 88 -92 72 36 6 91 -22 -36 55 1 71 -31 44 24 -48 45 -32 -19 -49 89 -36 -99 -22 46 -1 89 -91 -28 -10 -65 86 -22 90 47 -51 24 96 -61 -31 -86 -87 -34 25 -8 29 56 -85 -84 -51 37 -98 -90 -81 70 60 85 -38 -60 -74 -92 58 45 -37 51 33 -32 -11 -72 20 71 13 -12 -65 0 -59 31 71 -1 40 -60 73 -6 -89 83 -85 85 95 -64 19 -7 20 24 10 35 18 16 25 53 -56 -76 84 71 58 -20 53 80 -17 83 -51 -52 10 -22 -76 56 -8 -75 38 53 -72 27 -86 49 -40 -77 72 54 96 -29 -67 65 96 66 22 37 47 23 -41 96 50 24 69 -21 32 -31 53 -56 -39 -39 7 59 0 2 19 85 38 18 -31 -32 -28 94 -80 10 58 91 -68 -24 -12 68 41 52 -96 5 4 -55 45 63 -27 18 90 1 30 -96 -50 48 7 -4 80 70 -82 -48 -52 43 -19 75 -32 77 72 10 13 8 50 -6 31 -70 86 78 -17 -39 -42 91 55 64 83 -38 75 -34 -93 -16 -28 -80 -99 30 55 23 6 94 94 -16 -68 -27 -12 81 32 83 -16 -25 80 -74 -24 -97 -89 -50 -81 -83 -30 -74 73 -31 -19 -32 -3 16 -5 70 -10 49 -88 77 36 50 27 13 -92 11 -5 -74 42 65 -24 -54 -50 11 30 29 12 68 -78 -3 -30 -52 -14 -91 -99 27 -93 -78 42 82 -21 -51 -78 61 41 -79 26 -8 45 -91 84 73 -71 41 -39 88 14 77 61 -22 -66 -41 -84 -58 40 -51 89 28 -96 -58 97 -34 -15 12 6 -55 15 68 -3 -30 -83 62 -19 81 54 
95 -75 81 -80 19 53 -86 29 39 64 -65 93 75 -97 -25 19 4 -93 -48 69 -49 -57 -21 87 -59 66 -33 -95 63 -67 -15 99 -29 -45 18 33 27 -29 26 -71 43 91 -12 57 57 69 -29 -20 27 -55 -27 -66 25 -21 51 -39 0 79 88 69 36 72 27 -93 42 -38 -64 71 -80 -4 9 -84 25 8 -86 3 -94 53 -3 8 43 87 -25 -26 -57 -40 -70 -36 -45 75 -20 98 -51 -9 -73 78 -70 -17 20 -21 -39 -31 36 -33 18 -50 -4 -32 79 45 45 89 60 -62 -84 84 58 -7 -5 57 29 21 -95 -24 84 -54 84 48 32 -13 2 65 59 61 -38 23 32 50 5 -48 -51 33 -75 40 2 -39 -34 55 -96 -88 38 -39 20 16 1 -20 -31 53 47 80 -69 68 90 -1 -29 -26 -82 -78 -77 -95 -81 -20 -68 -69 -82 34 -29 17 -92 36 -9 16 -67 28 -21 -46 88 -45 -25 27 -29 -2 -19 -77 -91 -52 -36 68 -19 61 61 -94 -3 -88 25 -81 -9 81 47 -35 2 -56 9 -1 -37 39 -6 56 -66 39 -78 -86 -37 57 -77 -97 91 -26 17 -95 -23 3 -70 -27 43 31 68 -97 -12 81 90 -76 58 51 96 85 25 2 -61 -57 -88 64 -57 14 -63 -60 -63 93 85 -33 26 36 -59 -61 -11 -43 76 -79 18 -12 30 -99 -60 -59 -37 68 35 25 95 23 63 27 -52 -37 79 99 90 27 52 -92 -49 -84 -6 80 55 21 -55 -96 -75 -9 -59 72 -78 -35 82 -4 82 -72 -12 -97 28 -96 -2 53 44 91 90 -1 31 58 79 22 26 -32 40 -82 49 98 85 -14 30 17 14 -81 -58 -68 47 -4 -5 -73 27 60 -41 73 84 -39 14 -93 -91 -60 -21 72 69 41 64 -29 -5 23 -5 50 8 -90 -18 -66 -68 84 -15 85 79 43 -42 -73 7 -94 34 -74 -21 -49 -45 -41 52 -56 36 -62 56 99 -38 -2 66 0 47 -17 -42 -26 -21 40 -35 -10 91 -58 0 37 -91 16 27 -94 13 81 48 -45 -28 26 -54 95 46 79 -15 -6 -37 87 -21 -84 -29 -33 24 -58 -97 -70 96 -16 46 -89 11 6 -2 -87 -34 -71 1 -8 -94 34 -83 -15 -3 -58 2 26 48 -82 -12 -95 32 35 -56 -33 77 37 -22 27 88 11 -87 98 27 -28 51 98 79 99 -85 -60 10 -23 55 9 -75 94 -25 64 -50 -10 -94 11 40 80 -43 46 -33 -51 -25 -15 17 14 -97 -25 -58 22 -87 15 
5 10 19 31 -1 35 -1 28 92 90 -86 -88 -95 -69 -68 -2 -3 42 79 94 -80 -42 12 17 3 -72 -27 -30 28 -94 35 70 92 -89 56 -59 -43 -76 37 -57 -87 64 47 -21 -24 51 24 87 73 -30 -71 98 -58 -55 -48 -98 14 86 -43 12 69 34 83 32 70 -82 -85 -99 -51 19 -61 76 -25 -52 85 -25 5 -69 90 -71 20 -91 -3 6 -45 -17 70 -20 -5 85 36 -77 -34 14 -63 30 -21 -59 29 -89 82 -38 21 50 -18 0 80 -94 12 70 47 66 -30 35 59 65 -11 12 -12 21 -62 -20 72 88 59 -84 -46 -42 -29 87 -87 -72 -22 -15 -58 -18 13 10 34 3 -69 -92 25 73 96 -13 36 79 -77 -36 -61 -44 81 -41 4 -9 -60 69 -95 73 -20 -72 90 74 -28 -78 -24 -48 -69 -37 -43 -70 -60 4 -32 90 -42 -69 -7 88 12 -32 36 -53 42 5 50 73 -91 72 -95 -9 51 24 -97 -31 -24 64 75 69 -92 -28 -57 -88 -70 51 98 81 19 29 6 -43 -38 14 -60 -83 -51 29 -24 76 -20 -86 -51 95 74 -60 99 -8 -49 -96 -59 4 30 -53 27 -65 39 73 -16 42 -3 -91 -31 -22 -80 91 -81 84 -23 -60 90 -33 -53 -88 -87 -6 -13 29 44 -47 33 -10 -52 -9 -38 -7 -71 -49 -17 -46 -60 -68 -18 -11 48 -55 -52 49 57 98 81 -28 -15 12 50 -82 16 -72 38 47 -87 89 73 -61 -47 -39 80 12 41 71 -9 -28 24 1 -85 88 95 -56 84 -66 -12 -29 -5 -39 59 -30 40 -25 25 30 -11 7 28 69 -31 -40 92 5 75 -31 -27 -93 5 -64 -89 2 -23 -48 -29 89 83 51 83 8 -35 67 -70 98 -18 -75 -81 -67 -19 -14 -10 58 -4 -6 48 -88 -49 -45 80 92 76 53 -50 -20 -64 57 80 59 -56 -25 64 -54 15 -18 23 16 51 68 20 95 -66 -9 79 -86 9 -26 -19 30 85 -72 -5 95 -24 57 -26 -57 0 72 47 -36 43 -63 -66 -50 17 57 -21 37 72 -93 1 8 80 91 -78 -75 -90 32 -2 9 -25 -96 29 13 44 12 24 -7 23 -66 -99 -64 -62 32 36 14 -45 -22 -84 -27 -20 -67 11 54 98 86 22 9 -91 29 18 56 -40 -36 42 35 76 -91 -42 -3 -91 -32 86 -55 98 86 -2 95 -10 88 31 -71 21 -95 76 -17 -87 35 99 48 -66 -46 39 76 90 -16 37 -82 -92 -64 42 -15 69 -96 -5 -84 
-93 -80 57 46 66 -4 -65 -25 -45 -24 -92 36 -41 -5 82 82 90 -8 73 4 66 -95 98 -24 88 11 24 14 -35 59 29 -59 -10 16 -69 -51 -97 -28 51 8 -10 92 24 21 -12 -48 47 -13 60 -10 -56 2 97 58 -13 -43 81 -84 66 38 -99 -46 -60 73 88 -14 15 -18 1 13 15 23 42 2 91 -28 60 21 -49 -6 -91 60 18 -4 -92 -22 12 -31 -73 -43 4 -93 95 -34 85 62 -77 40 -82 17 40 -17 74 -25 -55 -89 55 19 84 -88 25 34 77 -93 -52 -60 65 -11 -37 82 45 41 -42 -36 11 70 -25 -48 -76 -85 -4 25 11 72 -44 -16 -27 87 73 -77 -55 -2 -82 -66 -11 33 -76 19 52 -53 -97 65 -95 -64 58 -80 -41 -93 -5 84 36 -58 -52 70 -46 69 66 63 -84 -1 49 -60 43 -83 23 -52 -24 -63 87 -87 -72 35 45 -88 82 4 -85 -90 93 -93 10 -39 -16 -15 -46 -85 16 87 90 -75 -57 -27 99 20 -43 31 77 96 -48 -23 -74 -70 -65 36 17 48 70 -62 15 34 83 -98 33 -18 69 36 -61 80 -5 40 -7 -25 66 64 85 13 -24 -29 98 89 76 -89 2 74 22 -74 -13 -5 6 -40 -70 -44 -24 -18 86 -90 -24 -51 43 -12 0 -32 -48 -18 -49 -4 81 -73 -28 89 -16 5 -46 22 -38 -84 -10 -57 -61 -97 5 -45 -95 31 -4 36 73 -1 -37 -94 -52 19 50 41 21 9 30 15 41 -64 60 75 44 -51 36 60 61 48 -51 -12 3 17 96 1 0 -18 -50 82 -22 5 5 19 83 -15 14 -41 72 87 60 99 -1 40 68 -57 65 -77 84 -98 36 -35 54 -40 -81 13 -44 -91 87 23 -44 -68 59 43 -78 65 26 -8 -62 82 -15 68 -30 -43 -2 -62 71 34 51 86 -23 19 -31 -13 -90 83 -90 -72 35 82 54 67 -23 -73 -8 -8 -89 -53 97 42 -21 -96 -14 42 4 89 30 22 -12 -41 79 -29 -33 15 -47 -68 -38 -17 72 28 37 57 -5 -77 23 72 -69 -42 18 96 30 -98 8 43 -84 -13 -16 -70 98 49 -80 51 43 -71 88 85 28 46 -26 -59 -76 -55 -29 95 88 92 17 -31 -94 -54 66 11 -96 98 76 -84 -42 -86 -21 39 21 -63 10 -24 -84 12 89 91 48 -60 15 39 51 1 -37 -76 -12 44 -7 -54 29 -81 59 -84 77 -77 80 0 -86 63 -31 -25 90 -33 -17 -72 79 -99 -39 24 11 -84 
-58 20 -72 86 -83 63 96 5 97 61 92 74 -89 29 -76 26 28 37 -10 -29 -85 23 83 -19 75 -37 -66 36 74 -1 60 -90 50 90 35 48 -85 -34 28 -34 57 -29 -36 -97 -17 37 -42 -42 41 31 78 -66 89 -66 -14 -13 -30 66 85 27 -84 0 87 16 83 49 71 -98 20 11 75 -51 -22 -76 59 55 16 17 -22 -37 85 -85 14 13 -56 -84 -3 85 62 88 24 -28 13 3 -72 -38 99 30 76 -45 7 -92 -54 3 10 -99 74 16 -3 43 57 -86 -26 82 44 97 43 -89 -4 73 -7 72 -16 -65 9 46 28 -98 0 90 38 10 95 -39 88 -60 -48 75 -84 -37 23 -12 19 47 98 -75 30 41 -3 55 7 44 47 -76 12 75 -73 33 51 85 0 -46 23 -31 -46 71 -98 -65 45 21 -96 -30 -27 -82 -36 27 31 -37 -23 56 -5 -51 0 -79 26 12 -99 -83 32 61 -63 -5 93 -62 -88 -38 -41 4 61 -9 45 -30 -96 73 -96 -40 3 83 -79 -87 -96 -77 -61 -82 92 -11 -92 -96 -11 74 -29 24 37 -63 -13 -44 -6 -56 -64 -17 -74 8 87 -48 60 6 50 -93 -69 70 30 84 -25 -88 42 86 77 95 48 -43 -39 -70 37 77 51 -16 98 -15 -26 -93 -44 96 -73 47 -47 -74 -70 62 29 12 17 76 3 -11 35 -8 -34 -91 97 -83 -81 -2 46 27 -97 -93 -45 -31 28 -69 36 -3 68 96 -87 1 66 -21 16 -99 34 -7 12 -50 -75 59 73 95 16 -35 -27 92 -97 44 22 -64 83 -8 73 23 18 27 42 62 -98 63 -56 -76 -98 -5 -97 -60 40 28 13 33 -3 -2 91 50 77 34 -63 90 -41 -24 -58 59 11 78 75 37 26 -28 67 -89 -68 71 26 96 -92 -12 49 29 -67 -41 -5 33 -67 98 -96 -89 80 24 33 74 31 7 74 93 -41 38 -90 1 -14 58 66 46 10 -73 -23 -34 -83 -34 -69 -85 -23 23 13 -45 -45 -81 71 -36 68 -29 -79 -28 -95 75 -99 30 -15 7 3 -68 82 -90 70 4 39 30 27 -60 5 -66 32 -98 -50 -79 0 -37 5 12 -33 -76 -67 -94 -64 72 79 50 45 26 54 -18 62 -59 6 74 -5 77 30 45 86 -12 94 24 53 61 -57 79 37 -15 -4 -72 -91 67 6 57 -37 -40 33 -3 -52 66 47 -44 8 -96 98 36 29 60 -92 30 11 -90 -48 -32 -93 25 -40 58 15 -25 93 11 28 35 
5 49 -39 -17 23 -23 -9 29 90 -79 37 -6 -55 -64 -21 -95 -25 -92 3 -65 -8 22 -18 -10 46 -54 -94 -76 -95 71 3 -37 86 -99 40 -83 -47 45 39 26 87 58 -39 11 -90 -86 58 -3 -84 -4 75 -12 8 -90 -51 -88 33 22 -40 -24 -48 42 55 -53 -7 93 -79 -32 -94 55 -97 -6 -10 86 68 -15 -63 -30 33 14 -8 6 -79 88 -96 79 22 43 -7 36 -93 -89 -1 58 87 48 -91 41 0 -94 9 -78 -64 -32 -5 47 -2 41 17 -97 -57 -2 -21 -84 46 20 33 -21 32 -66 -22 -71 88 69 62 -85 79 25 -70 81 -41 -7 -95 22 -27 12 -56 45 62 2 -80 -28 -91 -46 -37 30 -97 -72 57 -17 17 29 87 -32 -73 -48 -67 -65 -39 -72 -65 85 -45 -77 11 -3 -6 85 -75 -15 57 -16 -75 -34 -2 -18 11 -18 -45 53 -45 -71 -35 69 -67 89 -78 93 -86 -26 2 37 -87 -15 -43 85 -71 81 59 44 72 -37 -11 65 93 3 -44 -56 -31 69 -55 -67 -54 51 6 92 37 88 53 52 88 -54 24 65 97 -91 16 32 -96 -26 -93 -29 -33 6 -56 90 65 63 -59 -68 -7 -15 95 66 33 45 21 27 37 23 47 20 54 -36 55 18 38 -21 -8 77 -43 34 86 47 -32 4 86 -2 -72 57 -77 0 23 81 42 -16 -3 70 98 -27 80 14 -26 16 -14 1 9 -69 61 -84 28 -36 27 -45 30 17 -54 41 -73 19 -58 89 -47 32 -92 46 31 -25 62 -52 76 -16 29 -23 -15 -45 -95 95 7 -64 71 -31 -56 65 -35 18 -87 -84 17 -66 57 86 89 62 26 73 -59 91 -10 -39 35 27 69 80 57 -41 -91 -85 -56 13 50 -75 22 -17 -94 48 -5 -91 56 15 80 23 11 24 -76 72 19 0 -1 25 -10 -43 34 -11 6 -86 -83 0 -78 -64 -51 -19 22 89 -23 -69 91 10 -5 36 -71 -57 11 50 -62 -46 48 79 -49 49 -64 54 -16 -57 89 -91 -40 -41 73 6 78 20 79 25 14 47 46 -18 -41 79 16 73 77 91 -70 84 -67 93 -22 40 -12 -46 -16 -88 68 59 -56 -11 17 58 -29 -58 45 67 72 -35 67 -19 -14 -31 46 -55 92 23 -6 84 -61 -78 -98 88 72 -95 -22 10 -43 -6 87 10 52 -35 -56 -51 35 -30 37 70 -87 16 98 -33 -69 53 -98 -76 -32 17 -17 -94 48 88 -37 -52 73 87 -89 76 -22 28 -38 -71 
-16 -33 51 63 66 -17 -56 54 -38 -76 -91 44 -72 -8 21 -36 33 -84 98 -31 54 -89 -17 -22 -35 -69 -10 -92 17 1 27 -89 -49 -81 -69 61 -85 0 -62 -61 -38 -37 -28 82 5 72 -22 -24 -74 -90 -66 50 -6 36 -94 43 -22 -91 -98 -47 -41 99 -35 -54 81 9 -82 34 7 39 -63 3 33 3 -87 47 -98 41 -39 98 -72 -16 -99 87 82 49 87 -23 -74 -47 -60 25 64 -32 67 55 79 -45 93 36 17 -88 68 -40 11 44 33 -4 2 -89 -32 -33 -99 -13 -47 -83 -14 -7 97 -98 -71 -3 -54 99 -90 49 -92 23 -37 2 89 -50 65 -40 11 83 40 81 -86 -44 -62 22 78 45 86 -37 -74 66 -54 -29 -81 -26 -43 33 -92 48 -20 -18 -63 -7 -70 -8 -57 85 -83 53 50 -57 -86 -95 81 42 52 -23 -83 25 -95 -47 -2 31 50 21 10 -89 91 -17 91 -97 -56 1 85 -59 89 97 -25 -82 -83 -73 -45 68 67 -32 77 -61 1 -25 -80 98 19 -76 30 -1 33 -26 -20 -9 -6 31 -89 -74 45 -65 -37 -63 -70 84 50 -50 52 -92 36 -44 -14 -78 -82 -45 20 -55 70 -50 77 -91 29 53 74 -77 -86 -9 -29 -41 -10 77 -90 -55 59 13 -14 -17 -17 47 -36 -13 88 -70 0 9 -97 29 -11 -59 96 -42 -97 2 9 -24 67 90 -24 50 -27 75 -34 76 -59 -82 9 31 39 84 60 -95 -3 21 -86 6 82 6 74 -67 -97 19 6 68 98 -40 -65 -91 -52 28 78 66 66 86 -44 -58 -12 4 -7 -49 -85 -56 -13 47 81 59 -2 -96 -11 15 -44 -70 -67 93 -46 -80 -20 66 50 24 -96 18 -56 38 28 93 88 -81 -53 85 4 91 85 -88 -54 94 -11 -54 -95 31 -13 -63 84 -87 30 -57 38 46 -90 -60 75 -77 94 3 -91 -75 -52 -6 -93 15 25 37 48 69 2 1 -3 -39 -58 -77 73 -36 -79 64 -61 72 -4 73 38 -55 28 -78 12 35 65 -77 -13 -22 94 -53 30 67 -55 -69 77 -69 -38 -47 82 -73 68 -39 -40 -97 17 90 -53 27 3 -78 -55 77 -76 -48 8 87 -64 -21 7 85 -83 -90 25 11 -62 -33 -79 16 -93 -95 -47 30 -50 93 32 -52 -53 -98 82 26 76 53 95 -1 -41 -98 21 -31 -59 -95 76 25 -91 -36 71 75 83 9 22 27 94 59 -90 10 74 -50 -97 91 93 -20 -3 12 83 29 -28 -39 14 -99 25 64 
94 89 46 6 8 60 27 -82 -93 -17 -94 -32 24 -56 63 97 -21 87 -70 -40 85 -63 87 -42 6 7 69 44 80 77 68 -15 -78 -73 -18 -67 -64 72 30 26 43 12 -96 -69 -89 -48 71 -45 46 61 20 70 -67 -19 -35 -1 -64 72 96 -41 -72 -45 83 -90 -7 65 95 -60 -10 -59 97 -83 -23 -55 -34 -26 -53 69 70 -60 -30 19 20 -94 -45 -84 -14 34 80 -24 -26 44 36 52 11 -25 -5 -44 -57 -10 -19 -67 -9 3 37 94 -17 51 37 82 8 -96 89 -90 -3 44 53 72 -80 57 -41 -7 33 2 4 17 -58 83 -77 -28 -41 9 32 -21 18 60 -68 -93 -5 -53 1 -97 47 -70 -7 6 24 -42 -26 -19 79 90 -67 -1 20 -37 -61 93 -26 -35 84 23 -72 18 45 7 -99 91 14 16 -78 70 -33 38 -39 -2 -88 44 57 17 -92 33 60 -13 15 -3 92 -48 58 -77 90 45 -30 9 -92 1 -31 70 38 64 -48 -73 91 -1 47 60 69 -20 -77 -40 -71 86 27 -53 66 -39 -72 52 88 94 95 73 82 -86 46 -38 40 -27 63 22 -89 -91 55 -67 -17 1 -5 4 -28 47 16 -52 19 -72 15 -94 -15 56 37 25 -77 7 29 42 88 54 92 41 -55 -93 -31 42 8 47 -49 62 82 44 13 -35 78 65 -37 -1 53 63 -65 22 -20 78 27 -26 56 71 18 -7 60 -19 -65 -63 52 -59 -30 -93 -96 71 41 68 -38 -9 81 35 80 -6 44 -98 37 -19 -40 69 29 -3 -44 -49 98 30 63 12 -38 36 45 0 8 -88 0 -78 -22 61 -23 -96 65 -69 25 -97 16 92 -11 38 53 -5 -20 85 -79 -55 -69 -62 3 -10 82 55 33 -8 74 -87 1 -54 -32 -12 -38 63 -80 -87 -79 -15 -82 49 -2 -19 36 54 65 49 60 36 57 13 35 47 2 -48 35 2 66 49 -80 -49 34 71 -35 -63 -3 -46 -56 -27 -1 36 -57 -43 22 -92 -61 -75 -18 -83 -18 81 -13 -73 68 -81 8 78 65 -70 59 -94 -78 -12 -77 -58 58 61 37 37 37 23 -12 -3 65 32 96 16 -38 21 -75 69 -97 -85 3 -30 73 -11 11 -34 25 -20 94 -47 69 92 94 -25 31 -17 -85 -88 33 63 -18 8 94 16 -93 -49 17 -90 -39 3 92 -45 -54 58 -62 -44 17 -97 78 87 63 14 -70 63 55 83 -89 -13 10 74 77 23 27 40 84 -94 19 44 -71 -48 35 47 
4 18 67 3 66 -84 39 -61 39 -16 71 -59 -82 -41 58 -56 36 87 -19 -15 93 30 -90 92 -62 32 -56 64 32 -93 -92 91 -69 49 31 -91 -29 91 41 -43 30 -70 35 12 24 36 -30 59 -8 93 98 61 -14 71 -35 62 -64 -80 71 72 -90 60 17 -79 17 -76 -84 44 13 35 -4 -67 -43 -84 20 71 21 13 -2 -34 12 -55 46 -43 -30 -3 9 -62 -65 91 7 91 -77 31 -53 85 -19 -89 -58 -90 -68 96 92 72 98 -73 -32 56 59 71 35 -42 38 -24 -81 -51 43 -12 -67 74 -89 -71 -35 -24 10 -37 92 29 -74 75 80 30 44 -45 -4 11 -79 12 34 -64 69 -79 50 29 -71 -17 -40 78 -87 88 -89 -11 78 -53 -27 75 93 65 62 91 -4 82 -88 96 -83 14 51 -54 -6 81 -80 -27 -41 -65 23 0 -81 93 -45 -48 65 0 -8 25 38 -80 -61 -34 70 8 79 -91 -83 -80 28 93 25 -53 -50 -97 73 41 70 -72 -50 -51 -49 55 -45 30 -29 68 -32 27 42 26 30 85 48 -76 -48 57 -22 14 59 -91 -95 -30 -42 -51 -4 -61 -41 -4 80 -77 -89 59 38 -58 -33 43 21 90 -1 64 70 -5 -56 11 -98 50 -5 77 -66 -99 -25 99 -40 -31 85 -48 -94 -61 93 41 21 -26 21 94 38 -99 -74 -86 -70 -23 -83 70 -33 96 48 59 -25 13 -31 -75 -56 -42 57 68 24 31 20 10 -61 83 -30 7 -90 -4 -28 -57 -83 -62 52 -49 68 -19 59 69 98 -6 -78 -78 94 -27 -42 53 10 -60 84 -74 7 -9 89 -23 38 49 -10 -19 43 65 -30 89 -83 85 9 -72 86 54 74 10 46 -87 60 87 -38 -14 -47 47 -50 28 9 40 -33 -86 -1 36 91 9 -62 50 -69 20 -68 -50 -38 75 -90 78 46 41 59 -93 -62 -28 -1 -94 26 73 -3 18 60 34 31 -23 37 26 35 -36 -3 97 -92 29 94 -72 87 -66 55 -2 -25 -99 23 84 87 -33 44 -12 -74 -10 81 17 -91 75 49 63 65 99 -32 -15 -4 68 -66 11 -28 62 -63 19 46 -86 -54 43 8 88 -29 22 80 -68 -82 7 2 82 -63 96 19 -12 39 -80 68 -35 -16 8 -12 -81 92 12 54 -43 -64 20 62 91 60 27 -10 -72 -76 -14 70 -66 54 36 -28 -13 -56 17 41 -77 95 35 44 59 -7 12 -29 80 11 -12 51 47 -15 21 -95 -67 38 63 81 39 -7 73 
71 -95 98 -20 24 37 3 -82 -2 43 34 69 -22 -67 45 -61 -55 -85 -29 57 -91 -1 55 -63 -16 29 67 94 23 36 -96 9 6 -32 -93 -95 -73 30 90 94 91 -94 -56 -19 -35 63 -59 -37 90 -21 -65 -98 17 6 -67 -84 95 38 10 -42 0 -6 -72 -53 45 -87 78 38 25 90 -68 -55 -95 -2 -2 88 14 -74 22 -47 -97 27 76 30 14 58 -54 1 -57 -55 -53 -12 -90 53 -52 4 72 -76 96 -28 -18 73 -72 -41 -2 -61 -86 7 -86 -10 -87 72 -14 5 -16 -84 47 -58 -94 64 9 -69 -35 -52 -36 -52 -8 -7 -50 -18 -81 -73 -33 29 -36 55 -88 -61 19 -19 95 55 -86 49 -7 60 56 -6 -86 38 32 -59 92 -29 -97 -37 19 74 -29 -44 52 -72 -15 -48 -68 2 -1 -81 33 -61 59 84 -93 -83 -59 -27 87 -1 -95 -6 52 -8 -39 26 -98 40 -60 -12 -90 -40 3 -37 66 -65 80 59 8 -30 -58 -9 -6 10 -81 -48 72 -34 53 96 13 23 21 10 84 42 72 14 57 -27 73 7 -82 60 89 47 59 35 -64 -43 36 -96 44 82 4 20 -33 -17 -36 55 -74 33 93 -66 -90 98 74 -42 -42 91 -39 -66 40 33 -29 -40 -90 72 76 -5 94 -18 42 -31 40 -39 -78 30 49 73 -69 34 -92 -38 28 -77 19 -55 -64 -94 90 12 59 81 -6 -91 -24 -27 -46 -3 -58 -96 -89 -32 23 -70 5 -40 -84 98 -41 -55 -30 82 -34 -45 33 -17 -56 -6 25 -89 87 88 45 -92 34 -28 18 8 -5 8 60 -14 88 -90 29 -56 33 40 68 -54 98 17 56 -27 76 -20 -98 99 92 -74 78 -2 -87 63 -11 30 -63 56 29 -28 14 -11 -53 57 72 98 -48 99 -42 -73 40 -45 -45 -62 -56 11 28 -96 73 -12 19 44 13 -14 -58 -91 -58 -3 94 92 -81 32 -58 53 -34 65 -75 -78 -69 14 29 39 -60 -94 21 -80 33 -39 25 84 32 93 -44 -49 -10 88 -38 -42 0 84 40 -28 -23 -47 -80 -59 -11 -47 -18 61 81 -98 -91 26 -81 -94 -58 -64 -96 -82 -53 47 -23 -11 82 -57 83 -81 43 43 -26 -35 -11 83 74 94 33 90 -60 57 -68 30 37 34 -64 99 -24 59 -96 55 47 39 87 9 82 44 54 81 -54 15 -69 90 -16 41 38 -89 -76 11 52 35 -83 -86 -64 -31 8 85 -67 33 22 0 40 43 -65 13 20 -47 41 91 77 -77 
77 46 -15 53 -3 45 -41 33 86 -79 20 72 65 51 40 -84 -21 -77 62 97 15 89 99 27 82 -11 -3 21 52 92 -33 -83 -43 78 44 -82 95 -32 -63 -74 -97 39 -70 58 -24 -70 -36 69 -78 6 -95 -10 -42 18 38 97 -78 -23 -51 55 98 4 84 -54 -26 -28 25 -37 -64 67 38 28 -42 41 -15 15 88 -62 -90 -8 -84 -2 -17 41 -36 10 29 41 -74 -80 86 -10 -61 -87 -62 51 -33 -17 -74 -99 24 62 -60 -59 83 66 2 59 82 -8 26 -58 -48 16 99 -59 63 77 -77 5 -49 19 -34 55 45 -32 48 -91 83 -36 -44 66 -88 66 65 92 90 -83 10 4 89 74 71 -61 71 47 71 8 -70 -30 -86 34 94 76 88 47 70 -88 14 -49 -81 30 1 96 -73 -77 -16 -57 34 53 -81 90 83 91 20 33 92 69 -74 58 -53 -40 80 -64 -27 85 -97 54 -20 20 -85 -25 -19 -41 99 55 46 5 11 47 -48 6 -20 -77 84 -49 54 36 -57 56 -30 71 15 52 41 13 -25 -30 69 -71 48 -37 -26 -58 89 -9 -37 -99 -41 -51 73 -78 -76 95 61 68 26 -49 -93 -76 67 -84 -75 -12 79 -21 -35 -70 73 -81 -72 84 65 71 29 -26 44 -39 49 -45 -69 -83 -21 -87 11 -93 -25 55 87 -9 -81 98 -45 13 -79 -89 -70 4 -35 -19 84 -21 29 34 -65 -60 -69 90 -44 -32 -34 -31 9 4 -54 63 53 20 -52 -91 -41 94 48 -7 -60 44 36 -96 68 51 98 90 4 -70 6 49 68 -40 71 70 -83 38 -4 -9 19 33 -61 -88 -64 78 15 -48 -88 18 -5 -64 -64 35 97 -2 -23 42 -95 77 8 80 35 98 -6 50 61 -8 -71 63 37 -37 -33 89 4 24 -9 54 28 66 61 -87 74 86 -98 6 71 49 -16 -41 0 57 -16 -67 -94 46 17 59 -14 -39 41 -73 -2 57 36 53 -70 65 -71 -18 48 97 39 57 12 -35 -90 43 -58 -56 -3 -85 15 40 -68 -14 19 55 24 33 13 44 -49 46 -65 7 56 70 52 -74 -93 26 84 -12 -17 -71 14 52 79 89 -31 66 -98 83 -8 1 30 69 58 -87 12 -55 -80 73 63 31 -86 -22 -96 76 -79 -5 58 -53 90 -24 -50 -2 -35 -70 -27 88 -39 91 30 37 -83 8 -27 7 -84 -94 -42 30 -36 -91 32 -45 -51 -38 -34 9 28 23 -99 98 -99 60 37 66 95 -63 -66 -88 71 62 
92 74 -8 27 -36 85 30 -52 16 55 83 39 -43 19 0 -86 76 -67 -50 -76 -73 -34 -41 70 59 -3 -84 45 -49 92 64 49 -19 24 -37 52 51 54 55 49 -10 48 27 49 -83 -43 38 83 -16 -25 69 38 9 -36 -8 -66 5 -17 14 54 -8 -40 -14 17 96 -20 -76 40 -66 -8 -77 -15 -7 33 90 -45 -99 94 49 21 -54 -77 -80 71 1 -32 3 0 47 -55 60 -75 70 40 93 93 -44 92 43 43 18 -27 -26 -44 -80 28 -20 63 -52 22 -38 -32 0 -36 45 -43 67 51 9 -9 -65 68 67 49 -19 -12 -11 36 -80 48 38 78 27 0 99 -7 -25 49 18 -83 72 -74 52 -5 33 77 69 60 84 -52 -94 -84 -70 -1 -72 47 93 51 -45 98 -72 -10 -92 55 -8 -60 -64 91 77 42 69 81 -64 -13 -57 5 -94 -91 28 -95 -90 54 67 83 73 -20 14 -98 -40 79 20 -36 99 61 -8 47 -6 -13 63 6 -8 12 -53 88 -87 -83 -65 -71 -72 96 35 -88 -21 -35 -49 99 -80 49 46 -40 44 -20 -42 9 68 65 -20 -42 91 -66 -58 -10 -71 -35 -59 97 90 22 73 -10 54 9 86 -67 -94 -64 19 -70 68 41 20 -6 -10 -10 22 42 -21 -64 38 51 54 -35 -87 -76 9 95 -45 32 -66 4 -46 -22 -48 10 -12 48 18 16 19 37 -35 -80 79 8 -49 10 77 98 -48 1 -54 -43 -99 64 58 -81 3 2 -27 -89 21 94 46 -88 69 61 -41 98 -44 55 44 -20 -99 -23 45 -30 -4 4 69 46 93 -80 29 62 27 -55 -54 -85 -76 7 -78 -87 -88 -11 -98 -29 30 -81 97 89 -61 94 63 12 79 -99 -45 74 40 -70 87 44 83 12 -40 -77 73 -20 18 79 -35 95 77 -17 -59 -24 82 31 40 -66 49 -10 95 -92 -71 17 84 -24 -13 78 -92 8 -97 -48 -15 61 20 52 -71 -62 64 11 -33 -15 59 93 -43 9 -98 66 17 -79 -64 59 8 -5 33 -25 79 82 2 -97 72 -76 29 -11 -31 -20 -91 62 -6 -13 21 -62 80 -80 -33 45 -10 -97 77 8 -76 24 27 60 -38 -79 -81 -40 2 -37 71 -35 50 22 -69 69 58 -57 -1 58 -87 22 -32 -17 -97 72 -20 -64 -20 67 -53 -44 -98 48 -61 46 28 -87 75 11 43 -45 82 42 -60 45 -55 7 -84 -13 13 -87 -87 -1 66 97 77 13 21 -41 -86 42 -78 35 7 62 31 33 
54 57 1 59 -33 60 -3 9 -49 -1 -39 -26 53 79 85 53 -69 7 89 -4 28 -26 29 5 89 -35 93 0 74 -68 10 -64 67 40 -58 3 -79 9 -73 -96 -61 15 9 -25 -39 -17 -39 -55 17 61 -46 90 23 -83 -48 -10 -12 -34 37 -31 48 -17 63 -37 9 -57 23 -34 -40 -7 59 -75 -63 25 2 -92 -91 -13 66 9 1 -93 -72 19 43 -2 85 -4 64 -27 68 -43 -10 71 -77 85 -4 -26 -18 -97 -76 68 61 34 -41 85 -4 -32 78 -18 -28 31 24 83 18 -15 -86 38 3 66 -43 42 -81 -62 4 -16 -4 37 -6 73 -32 -70 29 85 -49 25 -66 52 -71 47 -35 -85 -70 -38 74 63 49 18 -23 -81 -39 -60 -52 94 62 -81 -94 -34 -89 -18 14 -91 -54 -7 70 23 -49 -84 29 42 14 63 -26 -67 68 44 -80 45 -76 -86 -52 -83 22 -14 97 -24 -11 -1 93 63 -99 -88 -21 -57 -46 -64 22 -73 -96 90 68 -99 15 33 -40 -89 -71 18 37 23 -44 28 -7 41 1 67 47 64 65 -88 77 -85 13 -19 -76 -96 -17 -40 -95 97 -76 93 -89 4 39 -64 87 -15 1 -13 22 55 5 12 -11 93 -78 10 85 0 73 80 -57 20 -22 -92 -70 46 29 99 -81 40 11 33 68 57 -63 43 -99 -44 52 -50 41 -4 78 16 -9 -59 86 -61 10 20 -62 28 26 80 67 38 -7 -44 41 -48 -24 48 -92 47 95 92 43 -6 -77 86 -7 65 48 -40 60 15 -32 -24 13 -62 -68 20 63 -94 -93 -79 34 -53 84 78 -89 -58 34 83 -96 -32 61 7 35 -80 58 34 18 -6 -28 -6 50 82 0 -76 94 53 10 30 -64 -39 10 31 44 -26 -42 -9 73 -12 31 99 98 -76 -55 92 3 -19 55 53 -68 19 -80 70 -42 -78 16 37 -59 -36 47 -62 -82 -64 -59 -37 6 84 11 -1 47 -23 16 -20 75 72 39 -96 -16 -96 41 -7 16 56 -20 -39 39 -70 53 31 -95 -25 92 97 -81 -64 83 -69 45 10 20 4 -39 86 86 6 -40 3 -50 56 93 -93 -76 -33 -98 50 20 96 29 -66 64 84 19 86 -92 57 59 28 1 -55 30 41 76 -96 89 -75 -86 -79 90 62 -4 32 59 -28 54 81 -35 42 84 -26 76 57 -86 36 -4 -3 -99 -41 9 44 -97 -54 -23 -32 -85 57 -12 62 20 -72 86 31 -60 -94 88 44 32 43 -73 33 0 84 -59 51 
-22 57 -41 -33 -10 12 48 43 -23 -66 45 6 50 20 87 -99 38 95 -23 -83 -8 80 1 -33 -30 -51 -80 -11 37 -20 -4 32 79 46 -20 -47 -57 -49 -65 47 57 -93 -58 69 -90 -56 36 68 -18 87 6 -44 74 90 29 73 -44 29 25 -29 -20 -55 93 10 86 -36 73 4 -29 -92 -25 40 25 -73 54 -32 -99 43 90 23 -27 -38 -37 82 87 0 18 63 -73 43 1 -64 -76 55 97 90 -20 -99 69 -63 -1 9 -48 35 -62 -86 45 4 8 -73 -11 -79 -16 42 49 -10 -21 0 25 66 -67 9 -48 -63 -56 -12 20 -58 54 76 7 -7 61 45 -70 75 -98 55 60 47 -70 67 -52 77 98 -23 78 -61 9 -55 -80 -28 -67 13 -4 54 94 11 -51 -69 -18 -25 9 -87 -90 69 -81 35 -2 -2 -11 -74 77 66 63 37 44 14 77 80 82 18 49 -99 1 -69 61 -67 77 -74 -14 -84 -53 4 -60 64 4 -70 6 79 27 -80 -65 99 -27 -14 -90 45 62 -3 84 -2 83 -66 -88 1 -74 40 24 47 -96 -8 46 -12 -19 -93 12 -88 -80 2 -39 -61 -38 -8 12 55 52 22 8 36 -93 95 19 39 -56 -68 -55 -15 3 10 39 -99 98 -63 -75 -68 94 85 -83 -53 76 61 -38 -93 26 -16 16 -21 -68 -38 -41 -21 44 -54 -55 43 -28 -81 -63 -7 45 41 73 89 -99 10 26 96 9 6 24 -39 6 76 68 38 -47 60 18 16 -63 -9 41 -65 -80 -90 5 -53 -76 -6 -49 -5 -24 -6 -26 43 -73 64 37 58 -38 -71 -16 -28 87 11 86 86 -12 -85 -28 -58 40 89 79 -71 27 80 -46 -82 -1 54 2 57 30 -4 -68 18 -28 9 54 89 98 -88 -10 -40 12 93 -99 28 -41 36 -23 95 -4 33 -22 82 33 80 95 18 47 -75 -88 74 -41 -33 -48 -33 -54 -46 -79 27 -54 7 -81 2 -84 15 7 -58 67 -23 -58 -24 68 61 -14 12 -76 -74 -58 -62 27 26 -17 36 21 89 -14 -63 69 0 28 69 11 -3 -11 5 -19 -73 -19 65 -98 -49 59 -19 -32 76 -32 97 59 -37 20 -3 11 -91 -67 -37 -8 10 -5 -59 9 -18 -23 42 45 -73 35 34 -96 42 -53 1 -44 -98 -3 2 51 -92 63 13 -17 -63 3 14 -17 -79 -45 -95 23 -31 -44 -48 11 61 50 -64 -87 -30 -32 57 90 -25 -97 43 -27 -96 -96 28 -14 -84 28 -2 80 -16 -92 33 
39 67 57 72 47 4 -77 39 -32 -5 -60 -31 -77 96 44 -67 61 -69 -69 -79 74 23 -61 10 22 -78 27 50 -81 -28 98 61 57 22 -8 -27 -24 15 29 -32 82 69 19 -77 33 4 70 82 -17 -89 -77 -12 27 -75 78 -7 54 11 -25 0 42 -35 21 -63 -40 -80 -8 -56 98 32 -44 65 -60 -97 -60 75 -22 -78 -73 -41 65 -19 -17 95 -21 71 -27 -14 19 65 61 -93 44 -44 -6 58 -86 -47 -98 -50 18 12 -6 89 -32 -29 -32 -1 5 7 -90 42 35 2 98 57 -79 -18 88 -38 38 -41 24 55 28 64 87 -77 -67 -16 -21 -80 51 43 -18 -41 44 -50 -22 95 7 77 -8 43 -6 30 -3 -17 91 45 -31 -79 -57 98 13 99 10 -57 -84 -79 -56 -69 27 -55 90 74 -30 -45 -46 -23 -71 -70 -9 -50 30 -99 25 -15 88 78 -23 39 -94 24 8 86 -74 49 50 37 -28 5 -15 -20 -7 77 -56 -81 20 57 65 -84 -12 96 9 -96 -45 -84 -77 47 -4 -23 -29 10 -2 -66 -40 -16 -65 13 -7 -8 93 26 74 -23 -25 -66 -2 -83 -56 4 -9 -37 3 84 -43 -57 45 21 -72 -70 85 -57 50 63 98 -64 99 53 -37 -70 58 -24 0 62 9 29 10 24 -49 -59 93 32 -77 -24 -98 13 46 -60 -74 -92 61 70 -62 68 -96 32 -68 -52 -25 82 -58 98 44 26 -44 22 -34 41 -47 -42 13 -77 -96 -60 32 9 -43 97 0 -42 -99 98 -11 -28 78 -56 -68 17 -94 49 47 56 -48 49 -2 -96 -30 -91 -34 -85 -65 36 -90 -8 87 -45 68 -90 -80 46 51 -73 85 80 21 0 -85 -15 -20 43 -94 83 88 88 18 -59 -55 -97 65 88 -54 -54 -97 -73 75 73 37 1 94 -8 -44 0 -50 -30 8 32 50 48 62 -94 75 1 96 55 52 88 -90 -41 85 -23 76 23 17 -41 78 -11 -73 -46 89 97 86 28 -25 62 -44 71 11 -35 -54 -59 17 50 89 -91 -75 64 68 29 78 55 72 78 -16 -62 73 -23 -99 16 57 17 -3 -40 64 -10 99 -37 -27 -50 -20 -16 89 -38 -42 55 -61 -86 -89 -92 49 -55 -81 74 0 -46 -19 86 -13 81 81 -40 -25 -25 -78 65 95 -91 0 -4 88 -84 82 90 -22 -6 4 -75 -78 93 -9 10 -48 -67 40 93 77 -56 -59 18 -57 85 -48 69 32 -64 -95 -78 -40 -52 89 85 32 8 95 -83 17 -85 25 86 
44 53 49 27 43 20 63 16 24 -11 -52 -88 37 -68 -15 23 94 70 -65 -70 -51 -3 61 -85 48 -2 77 -78 -72 -69 -33 0 31 63 -23 43 38 94 86 41 73 89 98 41 -52 92 -66 61 -61 13 13 -78 66 10 -43 67 26 -83 33 61 75 -23 -11 22 48 53 -49 37 32 -91 -43 -1 -29 -90 -30 -88 60 33 31 -12 56 -10 -48 94 -37 -63 -40 -47 -33 59 44 -13 71 -14 -69 3 -90 17 20 84 31 -58 1 14 41 -27 18 -11 13 84 -79 -98 -16 -38 -22 69 68 -79 2 12 -16 49 -61 47 -24 84 -92 23 6 -56 -15 25 20 71 19 -92 -78 -64 -22 34 -48 36 59 -3 34 82 -72 32 57 38 -40 -22 -93 40 -42 17 -45 -70 52 59 -89 85 -10 57 31 -98 31 -70 96 -84 -3 39 1 -54 -81 99 38 -99 -82 0 -15 -42 58 17 72 -20 24 -29 -40 40 -94 -84 40 24 -9 -54 -58 36 -67 -40 -42 -39 -99 -41 -64 -72 -19 60 68 94 79 82 -49 80 63 -76 0 14 67 -58 -14 -2 23 27 -9 69 91 81 8 70 96 -27 -49 44 -71 -27 -95 -36 -61 -37 -90 8 -46 -47 -98 67 91 52 54 16 -32 62 6 -86 -27 -76 7 -7 5 87 -68 64 -88 -93 94 -60 -1 97 -26 94 -99 -81 -4 44 31 -85 -39 -25 69 -76 -22 -12 16 25 42 94 -64 98 -26 32 -7 -53 -5 -59 -89 -73 -79 14 -90 -95 -82 -41 53 2 -63 68 -58 32 -31 -76 68 18 27 -69 50 -48 91 41 -97 8 -38 83 63 5 -74 84 -92 -36 10 -36 4 -2 -41 -77 -71 -83 -75 11 1 -65 -59 -35 -24 -20 -95 36 -15 -4 1 54 -53 2 -51 -26 -32 40 95 75 58 -23 -13 15 36 11 33 82 4 -7 -73 -70 -1 10 -61 8 -44 -51 90 30 -51 3 -8 26 -47 -7 -38 -7 70 -79 59 -43 3 19 -12 -76 43 -59 -15 -69 38 61 92 12 -56 80 7 -37 -81 92 44 32 -49 -82 -62 -85 -50 -6 -61 92 18 82 79 -99 -77 -27 -70 39 -63 9 44 21 67 -22 -50 -26 -84 -74 -35 63 -13 77 73 90 10 -22 18 -63 -19 -27 -4 -46 -2 55 0 9 -52 -47 -92 -90 -88 -63 79 38 73 95 -60 -5 13 24 13 78 29 62 60 -17 93 -13 63 -23 -32 67 30 53 -52 -68 -88 -20 -47 99 64 -57 40 9 -55 -5 -84 65 14 51 77 -51 
-2 -97 -7 -28 7 -50 46 -25 80 -89 -88 39 -14 64 82 -34 -50 -29 -41 50 -81 11 72 2 68 -33 -61 95 39 43 30 36 76 25 -93 90 -47 28 58 1 -11 12 -41 81 49 -11 95 -26 96 71 65 -60 37 -18 40 -74 -72 -43 26 31 -9 73 -61 52 -11 0 -57 66 -11 -17 -64 89 88 16 3 17 -77 -42 27 70 44 -98 51 63 99 52 -78 82 -22 99 12 4 -38 -96 15 -9 -83 45 86 -90 -16 -91 -41 23 57 -78 82 -37 83 97 63 64 -65 72 -24 79 96 14 -30 5 -79 58 -61 -82 -45 26 19 74 -43 37 2 61 -81 29 24 84 19 -10 -86 -67 -7 -68 70 -73 19 -70 43 75 66 -76 53 -10 -97 91 -67 97 17 -7 55 90 -15 51 99 56 18 31 -95 -18 -56 11 94 37 23 -22 57 58 -71 9 69 -31 -42 30 -79 28 50 -79 61 -32 -24 89 41 -13 -12 -42 -64 -8 24 -3 -76 -76 -84 -97 34 79 -11 85 -19 88 -58 -84 17 -30 -34 -17 65 -60 69 62 9 -84 40 60 -94 7 -67 -45 13 -70 54 70 77 -58 -6 -86 88 95 89 30 -54 -56 -19 -22 60 57 -67 21 57 -92 43 -38 3 -42 -5 -87 -76 -39 32 -95 -21 -42 -61 58 -87 -30 -45 21 -42 81 98 50 -2 44 14 -12 54 99 80 52 -49 10 -95 -4 83 70 6 -14 -15 14 13 -68 26 -69 22 32 -79 -33 84 -67 21 64 39 -83 0 -25 58 -63 -67 64 5 -90 8 -44 -40 69 -29 62 -48 12 -12 34 -89 90 30 60 -40 -76 -61 -12 -19 18 7 99 45 59 91 -50 -27 75 -26 -53 88 90 -94 82 34 81 -69 -97 21 53 46 47 76 28 7 -73 -80 -75 15 -81 -42 -27 -15 -62 29 -28 25 75 -3 50 69 -94 88 85 1 -45 60 62 -93 -9 -82 -98 -46 -21 39 -8 55 1 -16 -38 12 -60 37 27 -26 -41 84 77 99 24 83 -29 -9 -71 73 -14 -6 -98 -47 -96 -75 -45 56 -56 47 47 -25 88 86 52 12 21 -62 -72 24 -64 4 39 -53 -6 90 98 -35 77 -79 33 95 -59 -67 15 71 -40 19 -80 99 96 76 33 -29 -45 88 -54 43 16 79 -78 -32 -14 -83 84 71 69 56 -41 -49 -63 -12 63 -18 31 10 82 -45 -85 -93 -95 19 -61 -61 83 27 90 -1 41 96 -72 -64 -76 94 58 -97 -38 -49 -19 0 -33 -68 -85 68 96 
9 -68 -35 52 -80 -84 -18 91 -31 -21 9 -30 -10 56 96 -71 35 -6 -47 32 80 30 -39 -97 -70 1 -64 -25 -91 -32 -84 36 96 48 83 -29 -69 36 51 -41 15 -12 75 95 18 -55 76 94 -96 -14 -13 38 45 41 -27 -35 -5 0 25 67 -69 -13 96 81 -57 -85 60 45 -1 14 3 14 1 -67 5 26 49 -91 45 52 -77 -65 -89 99 -45 95 -36 38 -85 -94 40 25 -41 -9 -10 -70 28 61 74 -20 -89 52 68 -6 83 -26 -55 21 -65 30 53 79 31 -64 -62 -67 86 -10 -28 -25 -97 -20 36 56 -2 -75 -12 -29 77 14 47 -91 -98 77 91 64 -1 70 -80 39 -32 -12 -99 -51 72 13 98 -46 32 -14 50 -14 83 13 8 -67 36 67 28 -39 60 -39 -19 -75 -13 83 64 -47 63 -22 34 66 26 -76 -5 -69 76 -82 99 -62 28 73 -7 50 95 -11 36 -78 -96 88 -7 82 61 20 -44 -47 89 56 -12 84 37 -90 72 50 29 40 -38 54 -19 0 -71 91 90 -96 11 37 -42 23 9 -14 76 -75 45 15 7 37 64 82 51 -18 80 -22 60 81 -36 -32 78 -63 -97 -85 37 -61 -15 -17 14 -6 59 49 -2 25 29 51 -53 -27 -39 0 -59 -77 79 -39 89 -28 -32 49 -79 32 50 27 -80 76 -69 1 -55 -61 14 -57 -92 -14 -28 83 -73 34 12 6 15 91 -74 42 16 -85 -14 -65 0 -66 -41 78 -18 -33 -46 -2 12 -19 41 99 -21 -61 -93 65 -12 -13 -71 -34 98 -47 -46 -33 97 -62 -59 42 -35 -87 -18 -22 -40 41 -94 69 -11 -48 41 -55 -76 -27 -94 90 -4 -64 33 72 57 -32 56 18 -19 12 -9 81 -13 29 18 61 -99 82 -56 94 58 -73 -58 -4 -1 -83 92 -38 -58 34 -56 85 98 58 43 48 -40 90 28 -8 20 -28 -55 -75 -76 13 -17 -8 -18 -85 25 50 29 86 -57 54 48 52 33 -92 61 9 -80 24 99 31 -2 -25 -14 -81 -9 -66 -92 -11 47 34 60 65 6 21 76 31 -69 -25 -13 -54 68 6 85 -53 66 64 -11 7 11 74 -7 -95 39 -5 72 6 -21 53 -82 80 -58 -89 60 25 70 -33 -30 50 39 92 -43 -74 -46 -89 -28 48 78 84 81 62 73 34 18 -69 -79 14 69 41 -33 55 98 62 86 -48 -30 -72 39 8 90 -81 -56 -11 -55 -88 -18 53 14 4 30 -89 72 -56 -25 -67 -72 -48 9 -32 
-63 38 -58 8 15 -56 -51 -85 77 70 -13 19 46 -21 51 -50 69 -20 14 -50 -35 -78 98 -16 5 78 -2 90 -81 -57 15 21 17 72 -93 9 74 -2 77 -77 -81 11 -66 37 90 -98 -88 -49 93 8 -77 -56 89 39 70 -28 -92 90 36 61 33 73 -4 -34 96 20 -59 50 1 -38 -33 -9 -58 -93 -85 -3 -10 88 89 69 27 66 -3 79 99 -78 -53 -91 -83 67 -5 -40 95 41 -42 91 7 -51 70 87 26 96 -74 -98 -26 -90 40 -6 -43 -63 -37 73 -7 -43 0 -43 19 -1 -59 -80 82 90 -6 -72 -93 75 48 -17 94 57 -66 -28 98 -69 -63 -71 22 98 36 86 -83 -29 52 30 -42 7 -88 9 49 96 11 97 -98 -93 -36 -59 -19 -67 29 55 82 6 -18 -17 9 -12 66 -89 5 84 -26 -38 38 47 26 36 -64 10 -12 32 41 33 -71 -41 -19 -78 -84 -66 -53 33 8 17 -59 51 79 98 -70 51 -7 -84 -46 5 -63 4 7 83 33 15 -79 -46 98 -18 87 94 78 -78 43 7 -62 4 -59 -9 -26 -58 19 -87 -99 -78 78 37 73 -94 -53 63 -48 -41 -51 58 32 -80 83 20 -72 -87 -71 24 -12 29 -11 95 66 -55 -49 18 57 -69 -21 -94 -66 88 51 -12 74 -60 -93 -77 -69 2 40 82 -5 -65 -90 -75 -99 -93 19 -35 -64 -46 -37 -19 -52 -85 -62 56 -62 48 62 -59 -51 -5 90 77 -19 -26 1 -92 -9 -64 36 59 41 -63 62 41 -73 74 -11 -79 7 67 -42 55 -87 97 48 -93 39 55 20 56 -8 68 -49 -59 -15 -76 46 76 -65 -71 0 91 -99 -31 51 8 -75 25 49 24 -96 98 10 40 30 41 -62 -31 -66 72 53 -43 -13 -36 -32 -58 27 -64 36 13 40 -23 46 7 -18 -99 98 -8 94 60 58 69 -61 -55 -61 48 54 -76 39 -96 2 52 7 73 8 -35 53 -26 -72 53 76 -36 -1 -30 -1 -32 -89 -34 5 -44 -86 47 -81 -82 37 60 5 -6 82 17 -97 -97 -93 -24 -29 32 -61 -14 -32 -7 49 81 -12 -94 -17 -35 -70 -7 -81 -41 19 58 5 -53 46 -45 3 -66 -16 -83 -41 -41 -80 84 55 -80 82 -8 76 -31 48 -48 -27 -80 -33 11 -26 -90 -47 -32 -78 -95 -34 -13 73 82 -99 97 -11 78 31 55 72 77 -68 31 68 55 58 37 -5 -46 12 -2 19 32 -76 47 -98 52 98 39 45 -9 51 -40 -33 -59 
-10 -74 22 39 13 40 -42 -64 88 -78 46 -80 -75 48 20 73 22 -58 -8 -90 82 47 41 65 -91 -50 -37 32 59 -78 80 38 -67 78 -54 -77 42 -33 32 56 55 62 33 9 90 -28 -51 26 89 55 -94 -58 -20 -99 79 -78 35 -29 -41 9 -45 82 20 -80 -5 -5 14 0 77 -72 53 -9 75 22 -47 -16 -57 80 -3 -62 -66 -59 -12 -54 -5 97 -15 21 46 -96 -70 61 14 47 -58 25 -45 41 -37 33 55 75 60 -14 38 -98 -55 -67 -20 -91 57 -36 -76 -69 -53 -99 23 -75 -65 -8 -47 11 52 -39 91 14 74 91 -97 -86 69 -47 94 92 -91 -11 78 -6 -44 -26 14 -11 33 21 -62 82 -34 81 5 -73 -79 -40 14 19 50 -93 21 48 -1 85 -27 35 -39 -85 22 57 60 37 45 -10 -51 -11 -97 -84 -22 -76 -31 -78 -87 -72 58 48 -52 79 0 -16 -9 -73 18 72 -29 66 83 95 73 37 -83 44 -8 -68 -36 -90 97 20 81 11 20 -18 57 -35 -70 -27 80 26 -34 -65 -73 21 -45 -54 -57 11 -6 -72 -72 -90 58 70 29 -76 -6 41 -27 -31 -75 74 34 -71 -31 0 17 -5 -92 -19 -49 -68 3 70 -76 -88 -98 -14 -36 -87 83 -13 45 -43 -20 58 62 -38 -97 -45 -74 -89 -40 52 -44 -17 -19 13 -86 53 -50 74 58 27 -30 -6 98 -34 4 27 -29 88 -66 61 -43 -88 -87 7 94 87 98 -34 -80 -57 83 19 87 85 23 -48 -10 -85 -97 -54 -95 -96 -82 45 6 86 -20 -49 89 -16 -13 -5 93 -87 76 19 -83 89 -26 -76 97 3 53 -65 -86 -59 8 -25 -2 13 -38 -24 38 20 -18 57 43 -23 94 -70 -34 -32 28 -4 -67 25 -26 -38 -98 23 70 -87 -84 88 -27 -12 36 -80 -69 -63 8 -86 -66 -22 -13 -40 39 91 -74 -68 -43 36 20 75 -76 99 0 45 -82 61 -1 5 72 41 76 -72 -41 63 99 54 -6 -76 65 43 -95 -4 -76 -97 -15 40 9 -88 -12 35 55 68 -48 39 -3 31 -35 -26 4 12 -55 -18 60 45 -62 75 59 -30 16 48 -3 24 -94 34 -67 26 53 -42 -34 4 92 54 51 -28 -65 -24 71 -96 -11 -13 93 86 -69 -28 -73 92 -81 -98 54 -41 27 -79 6 8 -18 -74 -52 -32 96 -72 44 26 -85 -12 33 -58 43 -98 85 45 72 14 -46 -2 86 -58 -85 51 -77 -87 0 38 5 -87 11 -56 55 1 
12 97 -25 62 73 -74 -83 86 -60 60 -6 -98 13 -31 -21 1 -81 -22 -51 -15 -88 -31 -85 -88 -76 25 68 -42 41 -92 63 84 15 45 97 -96 -4 -21 -31 -31 24 8 -86 -41 -59 49 17 55 -98 56 -3 26 46 17 74 63 -99 -5 88 -46 -93 38 21 99 91 36 20 23 -69 56 90 78 49 -72 77 18 -68 56 -91 44 60 -9 -7 15 31 -34 57 92 -16 22 75 28 -72 6 -45 -70 91 27 -25 86 44 -40 -21 -42 90 87 -30 -14 -33 92 -79 67 -67 -65 42 -65 -47 47 4 -44 6 -25 -10 0 6 8 -28 87 -25 36 73 57 -51 -48 -55 -23 -62 -43 91 0 -66 -17 -2 52 -97 -96 -3 -4 -52 23 -72 38 45 52 5 55 -45 -30 -8 48 80 9 41 59 -30 -40 -24 68 25 66 86 92 -29 -44 -99 -43 66 -90 -79 -96 -4 -16 -75 -45 92 -18 37 8 99 16 -54 50 62 91 -50 -18 78 36 6 61 32 -61 13 -75 -75 -37 0 -34 -35 93 25 -73 -74 -51 35 14 50 -47 -50 -32 -55 -3 45 93 84 19 15 -60 22 33 -14 -53 87 29 -60 -12 90 22 -53 28 54 -8 66 -35 75 65 -19 22 3 84 85 72 -91 -38 46 77 89 -70 -1 80 -1 -68 -60 12 94 -77 15 -65 -56 -55 4 -13 33 -62 79 -56 30 -52 27 -52 77 25 0 23 54 -47 -14 -9 3 19 77 -88 48 -26 -93 40 71 64 -64 -20 1 73 -87 52 -85 59 46 -46 21 67 -14 -77 -84 19 -7 84 -43 11 -22 -77 -8 79 -94 -95 -75 -69 -61 42 83 95 73 -96 -37 -55 29 -10 23 82 26 -20 -8 -38 -51 -94 -64 40 -19 81 39 37 17 -75 6 -98 -52 93 29 37 33 61 38 -11 -50 46 39 90 52 -66 65 58 -41 -95 -2 -38 85 19 -60 -10 86 69 -99 62 -89 76 -28 69 17 6 71 -78 -1 32 92 -22 -38 -22 22 -90 29 -22 -10 -30 63 -29 75 64 46 -51 -30 99 -16 -66 -12 47 -56 86 -71 29 73 68 11 13 -73 56 -87 25 56 28 -53 -9 18 -20 -74 -2 -95 50 -29 -10 91 -59 -15 -2 89 -12 -6 -53 82 25 29 92 -48 -66 -80 -69 50 62 81 22 -77 95 94 -76 91 24 -17 47 59 -19 -55 -5 96 -59 -78 41 -32 -26 57 49 -30 62 -61 -37 38 -46 44 26 -49 73 -43 -76 -69 -97 -73 89 65 26 -85 -43 -16 -40 
-96 -7 -51 -81 -38 -19 -6 64 94 99 62 -9 34 -55 -73 -26 82 46 21 -55 -55 80 63 1 85 67 -30 -2 -12 91 -54 14 -68 95 14 11 1 33 23 -73 4 41 97 -92 6 -68 -42 -65 -91 -1 67 -42 30 -27 48 -89 54 34 47 -86 -17 79 -39 0 -40 76 4 49 47 -58 -10 -8 -74 81 -43 -3 -11 18 88 74 41 25 41 26 -24 7 -40 38 -32 91 -47 -93 -9 -54 56 -64 98 39 -90 91 21 -87 -25 -80 49 22 0 11 -35 -39 83 -73 -83 -10 39 -43 58 -77 16 28 1 6 -47 -55 16 -89 71 -62 37 15 -64 28 85 14 70 -3 8 61 -66 -4 27 -23 56 55 -55 92 -29 -13 1 -79 -16 80 -20 9 -7 87 -91 56 -75 -51 -22 32 -36 -89 55 -86 48 -58 16 58 -54 94 -83 13 -2 -17 51 56 -40 50 -30 -5 -91 97 -26 56 99 -41 -34 61 13 74 35 48 89 -47 52 4 -41 36 65 -64 -34 -56 18 14 -87 -67 73 -62 -59 -92 -20 -60 47 6 -37 -31 -89 11 -5 0 16 -82 -99 -50 86 -68 -84 8 66 -11 -6 80 -60 -54 96 -83 -51 -47 -40 -13 61 -49 24 8 2 -38 -89 -35 77 -5 51 -57 21 -90 -17 17 10 -80 58 -20 -85 71 86 72 -44 -71 -36 57 72 57 -92 -15 79 67 74 -81 55 87 89 55 -5 84 33 89 -69 -21 -2 63 -8 84 11 32 -77 -81 72 21 51 -47 73 -34 -77 21 -43 -93 35 -28 -52 50 37 64 -48 -19 5 -44 90 33 60 13 -88 -38 -89 24 14 -56 -72 61 -72 34 7 -28 -68 -31 -46 -85 -71 -10 -19 13 42 44 -81 -63 -3 -52 -3 -88 -56 33 -65 65 -66 -18 -9 33 20 -46 -25 -9 73 -54 19 37 83 -79 -34 -29 -44 -62 47 94 1 5 87 -87 -30 21 -62 -51 -98 9 29 84 -14 -77 -63 -34 29 33 -76 96 44 -12 -41 29 -75 -58 -27 54 18 -87 -89 90 -21 -33 9 94 -7 -3 -60 96 44 -55 29 -87 -94 -22 64 -26 18 -56 -87 -70 21 52 -87 -77 27 11 64 -79 5 72 -75 98 -88 26 29 16 36 66 -4 77 36 -50 31 -43 -30 73 -99 -28 13 -83 93 -62 -39 97 -87 55 11 -28 12 -39 56 40 61 -86 -88 74 36 -29 -84 -50 42 -21 -80 1 11 -80 -89 -6 -78 -30 -50 38 -37 -4 -63 74 69 -5 73 -4 65 54 -47 33 97 -37 
-61 1 -64 83 92 -35 99 48 -19 -66 95 -1 29 -12 14 73 -56 -70 95 -56 -68 -2 41 -62 -74 -13 21 50 -9 -68 95 96 -68 -46 -25 41 5 89 -6 96 21 -86 -50 88 -53 -32 77 -49 -43 -60 16 -85 -89 10 28 -90 -76 39 -46 89 46 11 -72 1 9 -53 -50 92 8 -34 -97 97 85 36 -75 -22 -73 -93 -43 34 -69 -55 -77 73 13 -15 -86 32 70 -86 84 -58 36 -56 76 -15 1 -11 -66 -18 34 -36 79 -79 -66 -73 44 19 79 -26 -90 -19 52 83 -37 13 30 -76 57 55 80 -34 45 -57 65 -70 -90 -74 -16 19 -54 83 60 -81 58 -2 -29 -62 17 -72 -39 69 7 -50 18 -39 30 20 -71 24 -99 26 -86 14 -49 -80 8 -34 0 -7 12 -98 19 -65 42 -10 54 -10 -88 85 92 -21 -94 -47 64 56 -90 -92 -38 80 53 15 95 -46 -88 -61 -76 -67 58 -88 -61 -15 55 -97 -2 33 50 70 89 -13 -79 -85 -61 81 28 -17 -89 50 49 -16 -55 9 65 -50 -93 9 58 83 36 0 52 88 -6 -2 -7 -56 -59 42 1 -85 71 42 71 33 30 37 22 -88 -81 -27 8 46 39 45 -63 15 12 -7 52 -81 -96 -25 72 -52 -21 -42 -49 16 -84 51 54 71 -84 37 20 45 -76 9 -39 -44 12 32 0 81 -77 -2 15 58 -31 2 -95 -85 90 2 -83 -63 -12 -50 -97 -32 -61 47 83 21 84 -50 -68 -51 -78 -7 94 -75 54 -72 22 71 18 32 -33 -76 78 28 5 67 -30 55 24 96 -8 91 -69 -20 39 45 -57 -29 -11 -13 -46 -60 -61 -57 -11 92 -75 -74 -84 58 91 -52 -33 -16 -9 26 -78 37 -3 -59 15 0 43 -6 -32 -39 -11 -41 -4 -10 -18 -16 78 -56 -99 -20 53 -69 -85 -15 32 83 56 -31 -97 73 -34 -86 71 -55 38 -42 25 13 6 98 -11 81 -90 -74 -77 -52 -35 73 -57 -55 82 -16 77 -30 61 28 38 -83 -26 83 -91 22 -56 37 -22 -23 39 -31 31 35 89 9 16 -91 -1 -81 -22 -94 -16 83 29 60 -99 0 -37 5 80 73 -21 53 -86 44 31 -7 10 -94 85 -86 92 -67 -9 22 -16 92 51 5 68 -65 -67 -79 98 -64 68 -63 -12 -33 -9 -40 99 -98 -55 -9 94 -35 -36 8 -3 -10 76 -3 99 -30 43 -67 -11 77 7 -3 -57 69 -65 -85 -22 51 36 -54 -78 -79 87 21 61 -76 -60 17 -54 -13 
43 18 16 57 17 67 -20 97 -30 48 87 54 45 -95 -8 -86 -86 -63 -25 -54 -48 -6 22 -8 93 -97 -81 -23 -54 19 -88 83 54 -94 -77 -28 17 92 -5 27 -66 50 -62 -56 35 -54 -3 21 -92 33 -16 -38 -49 -88 -38 75 -41 -82 -28 -2 -8 -55 -21 -78 27 14 53 91 -99 -32 20 -31 9 80 13 29 30 -67 85 -93 3 -22 -84 -59 11 -72 19 27 81 39 65 -49 -49 3 18 65 -29 14 -43 -61 69 -12 75 93 -18 77 -2 22 59 -58 1 -85 -1 10 22 19 25 -1 22 -2 39 -96 -10 28 78 4 -27 -91 -60 43 -72 -69 -28 -25 -6 0 88 42 -11 -3 66 42 93 88 -59 -39 -26 26 -69 81 10 -28 54 9 -49 -14 4 14 -64 4 34 31 70 -21 -97 -52 89 51 71 -29 30 -74 40 -97 -69 -38 51 -73 -19 -40 -21 -11 -31 23 61 51 29 -57 75 -34 15 5 -64 -27 -93 93 -1 -81 -47 39 56 -76 -89 -60 -51 -80 -44 -98 0 66 -62 -92 -69 67 95 -6 -90 -78 -79 -87 16 53 -74 57 36 -10 -99 46 49 32 -13 -15 -52 88 -35 -65 5 83 26 -97 -97 65 -52 -76 -71 -9 2 -47 -44 36 -1 5 -71 66 0 4 39 68 -3 -29 18 25 11 71 27 -16 -59 -32 69 -83 13 54 -13 -57 60 89 27 30 -24 -4 -57 13 -80 -40 95 -9 -21 -15 -36 -78 19 30 -20 -98 53 45 -41 -12 -69 60 -86 -63 -68 12 -74 -91 74 -17 60 -82 -13 -14 54 -2 14 12 -86 74 18 99 -60 -5 -64 17 61 -76 -46 -52 -17 11 -92 -70 22 -79 -58 -75 -93 -93 64 10 -26 -19 82 77 -13 61 -39 25 87 30 -49 78 8 -7 -5 86 30 18 -98 -83 -14 -41 -11 -13 59 -86 19 36 93 72 50 73 -40 12 57 -76 19 9 52 -39 -27 28 -40 15 58 18 -9 87 -99 -93 29 52 -30 63 -92 71 0 -48 -51 87 98 -60 67 -92 -12 64 -83 5 7 -29 -75 6 34 -28 36 97 -42 34 -1 -99 67 42 83 16 -22 90 -62 -10 -64 -64 64 -19 44 37 28 3 -56 -14 13 33 50 10 27 -20 -82 28 51 78 85 -64 36 35 36 4 -44 35 -31 -2 35 -92 -2 94 -24 50 -31 89 -75 86 89 89 -89 15 32 -84 21 -3 -20 -45 24 2 67 78 69 -37 26 -97 -51 -38 -52 -59 -30 -48 -97 -12 -24 57 19 -48 95 42 
-1 -49 -13 -16 12 -57 48 67 91 44 -16 79 43 14 -59 -16 -96 -90 -86 81 95 4 -12 -50 8 -97 -35 -75 -9 7 90 52 -38 5 32 5 27 71 -70 29 -32 -18 -26 83 -71 -43 -92 94 -23 -6 -20 38 -24 67 82 -48 54 -10 60 -60 -76 33 73 -72 -88 -49 -20 -25 -34 -53 97 85 -95 47 48 81 88 -14 -26 -79 -62 -15 -45 41 -4 73 -7 -89 24 -70 55 -49 -30 -61 85 43 91 18 45 12 -43 9 -3 -66 -91 53 -57 -31 63 -96 87 -16 54 -24 -6 -72 11 27 -63 70 16 -71 -40 -29 -5 -39 48 -66 -3 97 57 -60 -87 95 18 -34 99 6 69 6 -90 -86 9 35 -92 -77 -5 -35 -80 -4 79 -27 40 -7 -75 -93 45 -66 96 31 30 9 -81 3 -80 -29 -33 -61 -89 -26 -11 81 -73 14 44 -80 -75 -22 -61 -84 -65 -90 -4 -13 83 -10 -16 -39 75 -47 -25 63 -24 -31 84 13 -85 -70 -9 -30 20 23 -60 -19 62 66 -85 -86 47 20 17 -29 -20 94 -57 -20 -84 47 -20 -33 -44 -25 43 -79 -4 -78 18 -56 77 -4 -80 74 85 -53 -29 -83 42 56 83 56 59 60 -33 -47 -40 5 -12 -19 83 -40 -28 -82 -64 23 6 -10 99 75 -70 -3 36 -10 -7 -39 -55 68 15 -68 -96 40 28 12 -8 36 71 -24 -43 -39 12 48 -22 45 -38 -27 42 44 -19 18 -60 -33 -24 70 -70 -74 0 37 78 40 -53 98 -68 61 39 81 58 18 93 55 -98 -61 -90 0 -27 90 99 51 16 53 31 -84 19 61 -8 -42 -57 15 71 3 81 -89 -78 -16 -77 -99 -46 -79 -22 -65 7 32 33 -16 -16 88 -46 73 12 36 -90 57 30 91 82 22 92 82 -26 0 -46 57 62 -76 -25 -14 -81 -4 85 -49 -76 -21 67 43 -93 0 -45 57 -84 36 74 -96 22 -7 -65 -85 -13 -27 70 96 32 14 4 93 -25 -79 18 -3 75 -19 29 -43 -93 73 73 -12 -77 -45 86 15 36 16 72 -3 97 -72 -22 -17 -93 -33 -66 14 40 59 -6 32 17 -64 -87 -60 58 88 -75 -48 -76 70 -27 -68 58 78 53 98 -63 -18 -61 -49 60 57 72 -75 -77 -79 -34 13 -98 -73 -95 -39 34 1 -5 30 50 -54 -75 -87 13 82 -12 29 71 -69 -52 74 19 28 17 -35 -54 39 76 -70 98 77 -67 -33 28 10 -2 58 -81 10 84 49 8 -91 -72 41 -71 -46 92 5 
35 -67 2 71 -3 -19 66 1 35 -5 -3 17 10 -52 11 -90 -52 93 -50 -64 -62 -13 -56 9 4 -72 -23 40 -66 -76 -66 -59 -70 -32 -3 47 29 -5 55 -17 -75 -26 -84 35 -55 32 56 -27 -33 93 -87 97 -57 -50 -51 -56 22 85 63 -27 -61 -41 -91 81 52 -15 -72 55 55 87 -34 -68 54 87 -70 -71 -32 33 -61 -80 -31 54 -13 80 28 -18 -44 -8 93 -75 -10 -69 -99 -44 -40 -95 76 -75 65 -21 -7 3 60 94 -90 -21 14 6 61 -23 71 69 -45 -50 17 48 -65 -40 31 -85 24 -14 -94 -31 -44 -57 40 -21 -76 -7 94 -3 73 85 -55 17 89 85 91 -66 -18 87 15 -23 97 16 -6 -6 -84 89 -11 -94 -61 69 -97 -30 18 -57 -84 -94 93 -76 -21 -83 -29 72 -92 -60 -28 38 -39 79 68 53 76 -44 -45 19 -77 6 3 -92 -11 -80 -62 -92 23 -18 48 37 33 46 -2 47 95 -90 -56 29 -87 -66 47 1 35 -97 37 23 40 -51 -4 -80 84 70 76 12 -65 9 -34 -39 -82 -52 -13 -24 51 -71 29 22 -32 -25 90 20 -61 -37 -14 -67 -59 27 -17 75 -28 -2 1 8 -25 1 59 -70 -53 -80 83 83 -81 37 19 35 40 -30 -44 -28 -4 73 26 -29 -24 -43 -99 -81 -84 -27 -16 17 14 -95 -71 -95 35 -92 -78 -15 19 -39 -71 -4 -29 -15 -90 20 84 -43 -71 -55 -72 -3 11 -64 27 6 -45 -89 76 -45 -41 -14 57 32 54 25 53 -70 -53 29 95 -61 -82 -55 -35 -46 3 -3 77 33 77 -11 -77 -33 82 30 43 96 88 -14 20 17 75 -18 3 -25 -38 -87 93 -32 61 -88 65 21 49 -25 1 69 21 33 -70 -26 -90 80 86 -34 59 36 -17 -23 86 21 21 -99 79 -69 -33 -42 -52 -25 -31 -45 -92 75 28 70 -35 58 -3 20 67 -80 27 -81 44 -76 71 -61 -61 -6 22 93 -84 86 -98 -26 29 -41 74 31 90 82 37 50 38 95 31 47 85 -38 79 -10 23 -21 -29 33 -49 20 -59 -72 96 -57 13 53 -80 -19 28 -31 97 -13 -68 76 -21 99 2 41 -80 72 1 -59 12 -13 -78 59 -52 61 -27 -21 5 -1 -94 2 21 48 22 -40 89 99 48 47 32 -4 -41 5 47 89 -20 -51 -4 38 -56 -99 -8 -42 8 3 84 16 -76 -17 33 21 52 62 47 7 -8 76 61 -97 20 64 97 32 -80 88 44 -92 -35 18 
93 21 74 -26 -82 31 -27 -42 -85 18 63 97 -27 -93 -47 -31 89 -88 -50 -32 -84 -90 -52 -25 68 -64 -75 -35 -37 -60 98 -6 13 -22 24 39 59 26 -8 94 -94 42 -27 8 72 72 51 -52 -26 -84 -4 23 -18 -29 -18 -39 -34 -55 96 -38 43 35 2 -85 -62 59 -29 64 68 -43 -9 72 -99 -80 -84 25 28 1 -57 -80 -27 -96 -19 62 -33 -68 -48 31 56 -43 -29 -24 -31 -93 -92 -17 97 82 -99 54 -91 99 -30 -13 -77 82 -99 25 -85 -33 32 99 2 21 98 2 89 -99 -32 26 53 2 28 -69 -61 -7 60 29 -35 -10 -51 -29 55 -71 -55 24 -25 23 13 -20 -80 -25 -63 -65 94 77 -44 -15 16 47 17 18 -85 -96 96 -24 -4 64 -82 -87 -73 -79 62 7 96 -89 75 -65 -28 -34 -44 87 9 -40 89 -35 60 11 -92 -78 -77 72 -34 35 -22 16 -51 94 28 20 -49 -11 -51 -53 67 51 67 -23 -62 33 7 -7 39 -88 -71 51 65 -39 85 -46 -16 78 34 -61 -38 -58 27 -46 37 30 -92 20 -25 -88 44 -68 69 22 -87 56 -18 61 86 -14 -11 43 69 42 53 -12 -60 37 97 24 21 -64 96 -40 26 -69 -42 89 11 24 86 26 -64 -64 -82 -1 93 -63 74 -77 -3 89 9 -95 68 -13 56 -57 -30 -15 -28 -48 -70 -46 8 7 48 85 -76 -60 -32 -18 -9 -22 61 82 11 92 47 70 26 -47 37 40 50 77 -57 70 -47 83 34 -14 -55 -47 -10 -60 -53 -98 82 -43 88 81 -83 43 12 -95 -98 25 24 -27 56 -95 59 -19 15 -27 -60 -90 -46 71 -95 -37 40 -43 95 -53 8 -91 42 86 -38 -57 23 -28 42 -45 -54 -26 53 77 46 76 -13 83 77 -1 56 86 -78 41 77 -98 -50 31 6 -57 -78 83 -97 -1 -96 -98 32 39 39 38 43 -79 73 -15 -44 17 44 -68 -54 46 -4 -38 62 -27 48 12 -1 -3 73 99 -73 -12 62 -59 -93 18 85 -16 85 -95 -65 61 -71 13 84 -36 30 84 0 33 23 -38 -58 -13 48 21 -13 -81 -13 60 -60 -56 -20 -5 38 -74 -35 30 -45 -3 93 57 -88 -73 21 95 83 -34 9 49 -29 36 85 -72 -12 21 8 15 -49 26 85 -80 -42 33 -13 -67 -85 74 67 32 -42 -29 72 81 59 9 -43 30 53 -56 3 74 29 -43 -22 -95 -45 -27 -86 70 29 27 -80 2 85 2 17 29 36 -13 
-83 14 21 -40 18 20 -61 -18 -50 7 54 -56 -95 -10 60 -23 -4 -19 72 -19 -15 -37 -4 -27 -39 63 -45 -88 49 43 -41 90 -6 -35 14 52 -26 -83 61 14 58 80 -38 -90 -17 16 27 -29 -59 -90 54 77 87 -68 98 -50 -76 -14 81 52 -23 -70 54 -89 29 66 22 29 92 6 18 -95 57 98 -69 80 -47 42 -94 46 0 -29 21 61 -69 76 -66 -64 38 50 58 79 5 -28 -29 66 -6 -35 74 -99 41 56 -57 13 31 38 -8 58 -22 14 84 -64 68 42 -23 -44 72 -37 44 6 45 0 24 74 -14 -83 -96 -60 42 -31 79 -92 0 28 -15 -71 -22 -59 59 -58 -68 75 97 -62 88 -4 3 18 -20 -50 -85 -3 -1 -27 -2 -49 83 40 58 76 -27 -18 91 -14 -73 12 -30 71 6 -90 -78 -78 -67 -98 91 -89 -18 -97 61 -70 -97 -72 48 -23 66 -30 76 48 -28 -55 -9 -83 -36 -29 46 35 93 -39 -62 88 73 -91 -81 87 15 93 93 76 49 89 56 7 -66 45 22 42 59 55 -31 -61 -90 32 -69 -3 37 31 21 -17 82 26 73 -75 47 -99 -3 -39 -76 -83 75 87 -95 86 42 -12 -53 -15 95 -17 35 -47 -68 88 62 31 -76 -51 -70 -13 43 50 -75 18 -23 18 -91 -24 -13 84 -18 32 -47 89 -60 16 -49 47 -6 23 -61 -45 -35 -81 -33 -9 -22 68 27 36 91 -6 83 26 -40 78 -11 -95 19 21 -5 39 -38 95 57 -8 -74 -5 59 51 40 32 -31 -59 64 3 -45 -94 49 -3 -22 -52 -51 0 -9 -75 45 11 -65 17 49 -83 76 94 10 27 -1 1 81 73 58 -37 29 78 -53 -47 -69 -78 -12 -81 48 68 -76 71 -24 19 97 -77 -55 80 48 15 53 8 -37 -46 -77 8 65 17 2 -39 -83 -25 -48 94 50 -99 -63 47 39 15 -73 61 93 -46 26 -8 -55 29 -59 82 45 -79 -74 -96 0 80 7 -51 -42 37 63 94 15 42 -90 6 -69 -13 -96 20 93 -62 81 -49 -4 -23 -70 -77 85 -56 88 8 -15 -78 12 -62 -54 -98 -49 22 -11 -45 22 46 82 81 -17 68 56 -86 98 -59 81 -71 88 -24 80 77 34 -56 22 -65 -38 45 -58 97 -98 44 -96 6 18 -1 86 91 -56 -87 -8 38 -32 -67 -94 -58 99 -93 -53 -73 36 36 -51 29 59 -81 -65 94 -24 -92 65 92 28 82 -10 -54 55 -24 -12 64 -58 -14 -37 -43 
-31 -87 37 95 -2 8 -89 95 -73 28 -54 28 -88 -28 -53 -52 -72 -24 -77 46 8 45 -1 -32 86 -85 -23 -78 42 90 -40 41 -59 -13 -45 99 -1 -64 -57 -35 7 44 -39 -96 -62 24 -69 46 59 -44 89 -6 99 -82 -60 82 -85 -29 -48 -61 50 -22 27 -75 -54 -8 43 34 82 -93 22 -41 36 -29 30 -20 66 58 37 39 -75 -47 -45 68 -57 -52 31 -5 -12 31 87 -45 83 62 -45 -62 -37 96 30 -54 15 66 76 -67 21 -40 70 77 -63 -13 -37 70 -10 65 -77 95 23 48 -25 -91 4 43 -93 36 -28 20 79 39 80 -68 -76 43 -66 92 -22 -98 11 -42 10 -23 -31 -81 -52 47 35 -79 72 -2 -62 -8 14 53 -32 85 9 15 -77 -75 -51 83 -31 -77 11 98 29 -12 -56 -22 -95 37 55 -43 28 23 -83 39 -47 -55 98 62 -4 -51 73 21 -66 -36 -57 16 -72 -87 -9 -44 75 93 -72 -90 -67 22 7 36 -90 -61 25 -73 93 66 1 11 -52 24 -26 69 88 18 91 -97 68 14 66 62 83 -87 -21 -98 27 -6 -83 -93 -10 -75 8 -21 83 62 20 21 -13 12 80 90 -65 -92 -49 97 83 -40 16 16 -85 -99 -48 -62 73 -81 32 -5 -34 -28 38 -51 -74 87 -62 74 60 3 17 6 -88 -47 47 -32 78 74 -40 -16 -38 65 76 -25 66 85 51 56 21 -11 -51 -55 8 -96 29 -11 -22 32 64 83 52 21 -58 10 -16 -27 -59 -37 -80 -2 11 -67 17 21 -87 24 90 -42 92 -6 -34 39 6 13 -80 -71 40 -54 95 77 66 -2 55 -31 62 -76 -36 -42 -56 -43 -21 15 63 -26 54 -90 -86 34 5 -30 87 -44 58 -14 94 -32 -21 -86 98 -36 -59 3 40 -29 -94 98 -72 -66 -8 -80 52 60 -41 -7 14 -30 -74 74 77 40 71 -30 -10 43 94 72 -16 64 -26 57 -20 84 -45 50 89 52 88 -10 34 -77 55 -2 9 -52 69 59 -84 9 -70 -77 16 41 -71 70 -32 52 -83 -63 -12 -6 7 -48 74 46 25 -73 -1 -79 1 83 -46 68 51 -67 -31 55 -94 71 93 -56 75 58 88 63 -67 42 67 77 -53 82 -31 71 28 53 -88 16 85 -4 -99 -48 20 84 -59 45 58 55 -35 -19 34 16 85 56 -47 12 -3 -38 14 55 -51 -26 53 -60 66 -89 95 79 -28 -11 47 92 3 80 34 26 59 89 0 -37 -23 -47 9 -56 -87 54 
63 -19 -75 22 85 75 83 -42 15 69 33 20 -81 11 15 -9 68 -28 -70 8 -22 -61 -76 -66 46 45 63 27 26 97 5 14 88 86 -66 -42 -95 -71 89 11 58 -40 -99 -60 -20 90 76 8 20 -9 -85 63 -35 47 21 6 12 24 -36 -42 -9 -12 7 36 -46 -17 -35 -87 -59 -93 -3 8 54 31 -21 -98 80 -42 74 59 -49 -32 -61 -63 21 -92 -76 30 92 -51 27 -74 -6 -84 -92 -14 32 -16 38 -74 43 -39 -84 56 53 29 59 -30 -5 -20 70 -11 91 -85 62 -51 -48 1 79 -40 60 65 83 75 -97 48 -91 23 77 3 54 -1 41 -28 -34 88 85 -34 78 36 -52 -78 5 -60 -85 -92 24 -84 9 8 83 -23 -65 15 42 47 26 14 -41 -61 84 13 -8 96 8 -48 -50 -64 27 -86 -18 -45 75 -58 35 15 -57 85 -24 83 -43 4 -57 -39 -18 -31 91 -90 -73 -29 -49 16 32 -17 -27 78 -3 -92 80 -76 -67 -59 67 11 24 -69 59 16 73 -85 -53 59 -62 61 10 84 -20 92 97 -37 -60 -63 -74 -28 -57 13 4 32 41 -26 -15 75 -29 -88 39 -82 90 -28 -77 -29 -12 -7 -84 80 72 45 -15 84 84 17 6 66 -16 -69 -65 15 -50 -70 99 79 84 83 -99 -92 85 19 17 83 77 -53 17 -61 8 46 -63 -53 64 86 45 -72 99 98 -89 44 87 -37 -25 53 -31 -41 22 97 -80 95 -55 -33 4 -12 -1 -54 40 63 -52 73 -25 62 12 -45 -73 42 48 73 -59 -41 -18 16 -74 -25 58 89 -40 -16 78 -67 -85 -65 -17 31 99 -65 64 -94 76 -70 64 25 34 27 89 26 -16 -97 -2 15 -98 -54 71 -3 -47 -29 -60 85 62 -44 -76 -11 -46 52 -44 -95 -14 42 -98 -6 -5 11 -72 73 51 -16 -6 -17 11 -18 -92 70 56 8 -26 -34 3 -52 -78 38 -72 85 89 -32 97 97 18 -45 -4 -47 13 -64 -12 -92 47 60 -68 -22 98 75 -43 62 -58 56 -9 19 98 -73 22 -31 52 -32 -79 -87 -78 -65 53 -19 73 -87 -95 38 -84 -49 -44 77 12 -11 -36 -85 -77 48 87 51 71 17 4 -85 67 -15 69 92 -9 62 -16 41 -22 49 -24 10 -33 4 -66 3 -65 25 -18 43 19 -40 -52 26 62 76 -23 53 84 -39 -27 30 47 -62 -20 -95 79 67 41 68 29 -34 -3 85 -42 83 83 -56 12 -28 59 -11 83 36 -71 -56 -71 96 
48 -31 -21 -10 23 -39 18 79 -26 -79 67 29 60 -75 57 -94 -38 40 -15 -30 0 87 98 98 93 29 95 -90 -69 27 9 74 -30 94 35 -29 -12 97 -94 67 46 54 -13 20 -11 64 -76 46 26 -33 -67 43 43 56 28 -56 -29 7 25 -33 -42 29 72 72 -79 -12 7 -3 85 28 -86 54 -29 11 -52 -59 86 -57 37 0 -4 -42 -35 46 17 2 -90 76 90 94 -9 26 -72 -30 33 49 -5 -62 68 -72 -25 68 -74 22 37 29 -58 -75 60 74 84 5 -81 -37 56 18 -91 73 68 23 95 59 -79 66 2 -71 -49 58 -1 93 63 -84 98 -2 38 -85 -22 74 -97 -69 61 37 32 -70 -43 -68 64 92 -56 -53 39 79 -57 -67 90 94 -79 -19 97 -18 49 3 -9 76 73 -8 94 -28 -93 41 -22 16 -46 71 58 6 -82 9 54 -33 -66 28 -96 98 99 7 -13 82 72 -68 25 0 -90 74 56 87 99 21 -51 -68 -19 21 -5 65 47 -53 20 -41 -12 0 41 34 66 53 88 96 17 39 -90 97 23 48 -35 -81 -77 -89 -54 57 -44 50 67 89 71 -32 -6 61 99 95 56 11 67 -92 -16 -84 -91 -46 -97 -77 -13 46 -27 35 -14 -72 -41 43 11 -86 93 -78 -3 -23 -2 -90 30 30 -41 79 -88 79 47 16 99 -70 -13 -5 75 -12 63 -16 -50 -91 99 86 83 96 -4 -93 -56 -53 74 -87 -38 -41 -35 14 19 20 -44 28 -3 -12 -43 52 -57 62 -30 88 90 80 37 -81 24 -97 94 -59 87 -58 79 3 65 66 14 93 29 82 6 -12 45 78 61 -25 -84 -24 -42 32 -33 26 60 -29 -7 81 -32 -5 41 35 40 -87 82 -17 87 -75 -28 -4 50 -46 29 -34 -93 -85 31 9 97 84 -57 -77 -93 26 -11 -58 3 -20 1 -92 12 -25 -54 -94 -98 -50 -5 -68 -83 24 99 52 64 13 -97 85 -6 -28 -55 77 -98 18 -7 -25 -1 2 -64 57 19 84 43 66 71 52 -5 -87 -16 93 0 30 -64 86 -66 -54 82 -46 33 -14 -53 32 -4 80 53 64 -99 72 -83 93 48 -50 76 -51 29 66 -4 -87 -43 -17 77 -52 52 52 -68 -12 -60 55 14 21 54 -63 50 64 -21 6 -53 -57 -60 18 -51 -8 15 60 -46 -2 47 75 -87 -57 45 -29 -86 13 85 97 -31 -95 -43 83 -87 23 -89 3 6 -63 -2 43 -13 67 -32 -55 67 -47 99 -44 -20 20 
98 -75 27 87 -77 61 -94 17 76 -5 -77 -27 12 -3 -91 -70 -73 48 60 7 2 -25 -72 83 -46 45 -79 -4 15 69 24 -99 28 40 27 -77 94 -97 78 -80 -15 39 -52 -40 -31 26 80 -62 3 64 5 0 54 44 66 -70 43 46 -96 -99 51 95 -94 20 63 45 -57 -13 47 69 -64 -90 -53 51 81 -6 -56 -70 -14 78 23 -95 -88 -65 -69 27 -20 -25 99 -68 24 -55 -54 56 53 53 75 25 20 -20 -88 2 -72 -64 13 47 36 33 -38 -5 -70 7 -19 -47 -2 -7 -81 26 -9 16 25 18 -30 33 -53 -28 -88 -92 48 60 47 -34 -2 -65 50 -24 79 -24 -60 -69 29 -94 -42 77 51 54 26 -13 -49 9 -97 83 -92 -50 -26 -32 -49 57 0 48 -54 95 28 -97 -4 -35 -88 40 -48 45 -69 -97 62 76 65 -60 52 50 -28 23 -58 2 -72 96 76 33 -52 -85 31 55 -11 41 42 3 44 -87 -90 -81 -66 -33 -47 -6 93 -5 93 46 -71 3 -16 -22 23 -30 48 -35 94 77 43 39 15 -3 -26 -27 -43 -54 60 -15 -77 12 52 19 80 87 -18 23 -75 82 -1 87 32 44 88 -62 -20 -7 -58 49 -90 5 95 -1 -19 39 79 -53 -71 -18 -99 39 -30 49 -82 -50 67 98 -16 -71 -64 -65 32 -64 76 -69 -75 26 55 -46 -60 5 -43 -43 36 -59 59 -39 92 -91 -54 2 -90 -42 -94 -35 -86 59 -49 60 -50 -29 48 -48 29 -82 37 30 96 -1 77 -58 -62 -89 35 -27 -21 22 -52 39 3 -15 -9 87 79 66 -71 -69 25 88 -65 57 -15 -61 64 29 -62 27 40 69 49 -54 80 77 -55 -92 22 -76 85 -71 85 55 -85 -34 -6 78 48 -53 -83 14 -50 45 -30 9 38 80 -3 -41 82 -82 -46 6 -53 81 -83 -91 -51 -1 72 -29 26 -56 -5 78 -89 38 31 50 -32 49 92 -22 32 62 -47 -73 -28 -88 73 92 -96 40 -71 -39 -4 20 -18 -55 -83 -16 -44 44 -13 10 73 77 -81 -18 -75 -33 -99 -50 92 15 -71 72 57 -15 27 -59 -1 -51 85 41 -9 -50 -85 34 19 -71 -7 -75 52 31 0 -64 -66 -82 -85 41 -25 29 22 21 30 -52 8 1 70 56 -42 -60 -41 -62 -43 29 -83 82 69 -70 49 -37 -96 -55 91 52 -59 -9 1 -41 48 57 30 60 21 99 -98 -42 18 36 -6 -93 31 -57 83 -31 29 40 90 -98 71 39 -94 44 
21 99 -56 -12 65 40 -88 55 -11 66 81 -83 -35 -52 -20 58 21 96 -94 64 25 -21 -16 -21 -10 44 46 42 44 -41 35 -65 -39 -30 -38 -50 76 79 -85 93 -86 97 -65 -50 34 -72 17 93 -77 96 31 89 -36 76 -52 -1 -90 69 -73 -29 24 12 96 25 52 -65 -88 10 -13 98 -61 -79 -87 47 74 -60 53 -6 -87 -65 7 -55 73 -98 -81 -12 76 26 -34 -59 91 -84 -41 54 27 66 5 -98 -31 4 -9 16 -74 -53 57 4 -3 29 -39 -34 -91 -52 74 -52 83 -81 -60 -2 84 -48 -81 -53 41 -66 44 68 -22 -25 -94 41 56 -70 -71 81 -38 10 -4 -78 -54 -10 -58 57 -3 63 -99 73 -9 -81 -77 -78 98 96 -26 38 93 -87 -81 32 -20 -38 -45 -80 -90 -52 83 -60 -53 -86 23 14 -25 23 -42 79 -87 -27 -24 85 3 -22 8 -99 -9 8 50 26 42 -99 4 55 -61 67 -1 96 77 49 54 -35 -7 -45 14 91 -47 93 19 -29 5 -67 36 76 -59 -66 -16 72 46 1 -22 53 27 42 31 -92 -21 93 63 -67 -14 -15 83 -8 90 -74 -45 95 26 59 -19 67 35 26 63 70 -29 -81 15 -28 -37 14 -35 -7 70 -21 -88 -43 -33 -60 18 -20 73 -65 -71 -12 -22 49 12 -39 21 9 -56 -32 41 98 -49 -50 72 96 48 -4 -84 20 -64 42 -65 46 1 30 47 -1 -20 54 61 -87 56 -20 -64 -21 -3 19 -24 -6 -80 -4 -55 26 37 64 38 58 -58 -62 28 84 -10 -1 67 11 37 21 -20 96 -20 -32 80 89 -83 -74 -72 -74 -34 -2 74 29 -97 78 -58 47 -23 -46 69 -41 -68 -83 -98 -98 -58 -77 57 -65 -65 14 -63 -49 -41 61 -61 1 0 -23 -6 2 23 21 -85 88 -3 63 -21 96 67 27 52 -20 36 52 16 63 -15 -66 -26 41 55 29 -99 44 -94 71 -72 -55 -19 83 -11 13 -14 73 38 46 -47 -65 10 3 52 16 -51 -63 -84 -76 66 -10 90 81 -31 -17 -62 75 2 86 -81 -2 -50 48 -88 57 -22 -73 -86 71 1 -65 -98 67 -58 -41 -78 -13 -67 3 12 42 -44 -1 76 -53 67 42 -29 30 49 -47 11 36 -15 -64 88 -30 40 74 -84 -10 -29 19 18 -97 85 -80 -89 -68 -8 -84 80 -90 71 -33 73 38 44 0 -83 -37 64 12 42 43 93 58 -79 26 0 82 10 70 -5 58 -77 8 -96 68 -31 -93 60 -91 
51 95 10 -63 58 59 20 59 56 -60 13 -5 49 -61 83 96 1 24 94 73 -2 -50 -3 -92 -48 15 3 84 88 -38 -49 -88 39 95 -85 -22 -81 -88 -7 -72 -89 90 10 64 -17 -92 -29 95 94 -41 -93 65 57 -9 -16 -82 17 -51 69 11 43 78 -47 -50 -65 4 -60 57 -77 -42 -93 -65 -15 73 -88 -58 -28 -74 56 -72 83 20 96 39 77 88 -26 -63 12 -98 68 -79 -81 -99 -27 -56 8 -25 55 -29 -14 22 -78 -24 92 75 59 48 59 -31 -85 -38 -37 -5 74 -61 63 0 -70 -93 -59 90 -24 45 -20 -68 -7 43 42 25 41 -58 -1 -73 -62 42 -37 13 0 32 -2 73 3 -3 -31 -1 -74 -64 64 -55 -40 0 53 64 51 -18 71 75 75 -37 -66 -99 -42 -43 -97 -45 71 87 -31 65 -34 -96 55 4 -75 -74 -78 76 -49 99 -26 68 -12 18 -85 31 -39 23 16 27 30 41 89 -53 11 35 78 53 -15 26 -70 -58 -1 37 -54 -8 25 -61 85 -66 -6 -6 1 -15 80 -11 66 -1 -79 24 -52 -52 -57 -16 31 -33 18 85 93 30 84 70 -23 -56 -47 -98 -42 -73 -67 54 -95 -58 -86 -55 -69 99 51 -25 -37 35 92 2 50 -7 -86 -8 57 -38 10 -82 -43 -42 58 -71 90 -94 28 -5 -34 -38 -46 -13 66 -68 47 -91 -2 81 -7 -70 39 -60 50 68 84 46 55 27 46 63 96 34 55 -98 3 2 91 -10 38 -21 84 -20 7 81 -26 -68 76 -62 13 -71 -56 39 -25 -97 44 -99 -78 -76 -39 14 -8 -72 -66 35 25 59 97 57 -16 -44 -58 77 77 59 89 -24 -59 32 -36 -23 -34 35 22 -85 29 -84 -58 -63 15 98 -34 -91 -70 11 56 83 79 21 -66 89 -49 88 -90 75 -46 74 79 6 61 54 16 -60 27 58 24 -66 -27 31 85 -90 -5 46 -45 -40 76 98 12 -96 77 -23 45 -77 85 -60 60 -77 -33 95 -1 6 -59 11 -44 30 -52 49 26 36 -42 96 33 -16 7 32 89 -21 26 -96 26 -85 -74 42 -15 10 -72 -79 -11 -4 17 -78 17 32 97 48 47 -50 53 -75 50 -78 -86 86 -47 17 -92 -11 77 11 89 -66 6 -32 -91 -4 -23 -99 65 39 -95 -31 -16 -52 -85 -22 -36 -26 36 96 54 -71 -69 53 81 -89 28 -36 65 -90 -25 -9 -47 -38 2 73 22 16 64 -94 62 34 -38 12 -72 -99 86 25 15 -77 80 30 
-99 98 -20 -8 85 68 -15 -57 -39 -85 -20 -47 -52 23 12 73 -89 -61 99 33 63 38 -72 55 17 -37 -63 58 40 -39 -49 -60 -6 72 -74 58 -76 -75 97 -33 -77 -10 -93 92 -79 13 -87 -93 -71 64 -51 -81 58 -87 -83 -72 -64 53 -47 53 76 82 29 44 46 82 38 72 44 -27 -16 -56 -77 -84 -89 -97 -35 89 -7 69 -55 22 -44 -37 85 -17 52 -48 80 17 98 -50 69 -54 44 -76 -54 -46 3 11 -61 -30 11 12 48 -65 99 -30 80 10 87 -41 6 -28 77 -7 24 -30 -59 15 -39 27 17 -17 13 70 70 55 98 -88 -84 -47 79 1 23 73 95 -46 54 -22 53 -8 -24 66 -62 0 17 -1 5 -76 -69 32 -5 -78 -34 85 80 37 -71 77 -47 -27 21 70 -83 13 8 56 44 6 38 -28 44 -86 -13 -20 78 58 -41 1 -67 22 -14 -53 -13 -1 78 16 -44 91 -81 -7 3 22 38 96 15 18 36 54 -85 -10 -7 95 63 52 58 -20 81 25 -38 49 27 -25 -50 -1 46 -46 -95 99 -28 73 18 32 57 2 37 -71 48 20 57 -12 -22 -1 71 -81 -38 78 74 -19 -90 -89 -32 -45 21 84 9 -73 66 79 70 20 -30 -47 84 -78 -31 -15 31 92 72 21 29 8 81 -13 -24 -26 41 -6 1 -11 -29 -82 -70 91 -41 -14 30 92 51 60 -51 26 41 29 56 -50 37 -91 -89 11 -13 86 62 27 52 39 17 24 -21 -71 13 42 -10 -85 79 -70 -3 -93 95 93 -81 -20 59 -71 -80 62 81 -30 -59 -97 -83 68 74 77 -60 -11 -35 -95 53 63 -32 -58 -33 -59 -66 29 62 -32 71 71 94 83 97 50 -2 -33 53 -56 -11 -72 -64 -38 32 11 -9 -85 -72 -3 3 -10 23 43 -23 -45 -69 -21 81 56 2 -66 98 -97 -67 -82 -5 12 -22 75 -65 -40 86 68 59 10 -11 82 43 -82 -95 -80 65 37 -57 14 91 19 -82 81 94 -86 -31 -80 -94 14 -72 -56 66 2 -47 -46 -29 -7 95 -70 -4 99 -6 20 -18 -66 25 -81 30 46 -93 56 -95 -18 89 68 11 -12 -90 44 -34 21 -58 73 -53 -46 -41 -5 14 -80 14 79 5 11 4 -7 3 74 -7 -79 20 13 -41 77 -74 17 -50 56 -85 57 54 -76 66 63 51 -88 -86 61 -22 89 -40 14 54 -16 -71 56 -81 64 -51 -22 -9 13 70 -67 -48 -51 42 -35 18 -75 -62 30 -23 68 
-28 -55 76 -38 -40 -84 -64 22 20 -52 -25 2 52 9 -13 -6 -25 13 11 -86 62 60 85 -95 52 58 -41 -19 55 -55 63 -45 93 -67 -81 25 -78 -30 39 8 -15 -16 -54 -11 -89 36 -66 37 14 10 61 36 -75 -19 -27 -60 3 -5 47 28 22 -31 46 17 88 -44 -43 58 18 9 42 90 20 52 -50 97 13 39 96 77 -18 -68 94 -45 95 73 -94 13 -80 -67 -94 -99 -26 -2 70 -77 -74 -61 -82 -78 -22 -58 40 75 8 9 47 -26 51 42 28 95 35 65 8 -57 -71 49 -12 -22 3 95 36 59 24 -76 -41 31 22 -64 -62 33 41 78 -57 66 -56 -26 -19 29 28 4 91 -31 -86 96 -19 -35 -45 -53 69 -14 -27 99 86 62 -67 -32 81 -64 -96 63 35 -26 31 -12 -57 -72 -4 -72 38 -32 61 -57 -71 -66 -66 -27 -64 -47 17 67 12 81 -11 91 -83 96 -94 -52 21 55 78 -99 39 23 15 35 -93 19 -13 -16 -82 -73 43 74 -5 -6 -73 -27 74 -68 -60 41 -41 74 -5 80 65 46 -74 75 -27 -95 -35 88 -74 -45 -30 -16 -83 64 -21 -84 -2 69 50 75 -42 45 -34 34 13 -43 -8 -37 -4 68 43 5 17 22 -42 92 -56 96 96 -68 15 -97 -77 -9 65 81 16 -41 3 -78 -64 19 32 12 41 25 -21 44 -45 52 -42 -70 -33 66 68 -35 11 -62 19 -63 -16 -4 -25 -33 -56 10 -7 -80 -13 12 -62 -27 -70 41 -24 -14 -12 -55 78 -92 -78 -71 -44 88 44 -72 -69 46 -58 12 -34 31 -17 -89 19 74 17 56 84 -11 95 -96 -49 -58 -20 7 95 -50 -50 53 -36 24 -99 -60 49 2 -65 47 -7 -68 50 -23 94 9 -34 -98 -94 49 -94 -57 72 -5 -80 -8 70 43 75 -88 -93 -16 54 72 -98 29 9 -39 -91 26 75 15 -77 -16 17 26 -70 -65 -89 54 -61 -55 17 76 32 73 -45 -39 -62 -79 -12 -56 -59 -2 7 55 -31 59 -55 -67 83 76 -51 15 67 -72 -30 78 8 31 -84 -79 -30 41 6 60 -13 -77 6 93 8 44 -69 22 -59 -69 -43 48 -78 75 54 -78 69 32 16 92 -13 49 -54 -80 77 84 -14 -89 -72 50 -93 -39 40 4 -8 -64 78 50 -98 62 -71 -50 -98 96 -4 -62 -8 -75 -90 3 53 -42 -13 65 29 -71 99 43 -26 -99 89 -87 -68 40 38 -60 -55 92 29 4 -59 -25 71 52 84 -28 40 67 
-73 3 -10 -8 -51 -83 52 -79 18 14 -17 -46 46 28 7 -69 5 23 -25 48 -60 -97 -49 -69 -66 66 -51 64 57 -90 -17 48 74 11 -23 -35 32 1 -19 57 -44 80 -87 23 -53 92 50 36 -33 -38 -75 77 -34 28 -53 86 13 40 88 42 90 73 -37 -39 95 -65 84 -79 -48 -90 49 79 -3 -40 20 -45 -1 22 -3 -76 -35 -94 -95 6 60 67 1 89 -42 -7 -39 68 29 25 -66 -20 95 86 -64 -52 66 -65 79 85 77 -49 53 12 -93 9 -92 -16 -3 -98 79 39 -31 74 -27 -77 -73 -46 -16 -10 -99 53 -7 -89 93 -23 -96 37 -24 -36 38 70 -90 -54 -34 27 17 -26 -15 -97 -30 -11 27 79 85 -28 6 -7 -79 11 -78 -47 -25 -23 -15 -14 -44 -22 36 -64 1 15 -25 60 53 -36 -4 54 58 -98 47 59 40 70 2 -9 50 -60 -80 7 -10 -14 -51 -75 36 -57 -33 4 58 57 -3 25 -99 35 -51 -91 -20 -44 60 -19 71 35 58 2 6 47 75 67 13 -44 80 -32 29 -42 -77 -89 -19 -38 8 -11 25 -86 -72 -21 19 -33 99 97 -57 2 18 -9 -57 83 59 36 -84 14 -73 33 -26 62 -66 -94 -20 72 -91 5 19 41 56 -3 -76 -94 -19 -98 8 15 -23 -60 -95 -23 12 92 4 -49 -30 96 -8 -6 50 -94 -26 27 2 79 96 1 -78 -66 -61 -85 7 -88 4 -78 59 61 34 -20 -53 -24 74 86 59 63 98 -63 -6 17 -92 9 -48 0 -95 -50 -41 45 75 81 -12 54 -93 46 31 -22 26 47 73 85 -23 -74 51 -23 41 -70 60 37 51 -61 75 -76 -87 74 18 -6 99 -75 17 -77 -69 -88 77 16 70 -35 -15 72 -71 96 81 33 94 44 79 10 40 -96 -6 -84 65 -21 -93 41 35 -65 -22 -73 73 -24 -59 58 52 -48 -23 -99 21 -76 -3 33 -34 78 -45 -7 23 -75 -33 35 85 -68 -83 -41 -78 13 -73 21 -47 -2 43 67 -80 -76 -30 96 -56 58 -51 16 -2 -88 79 62 -31 -67 44 -52 -19 84 -73 -89 -32 5 98 56 48 -10 -14 -53 50 1 38 46 -88 -18 26 41 19 -49 68 35 -48 -93 -12 54 -54 -73 -23 -24 -39 -30 53 -8 61 37 -46 -70 53 -77 80 -4 -36 -55 -4 59 -99 -37 40 -5 -57 78 -41 -8 -54 20 27 68 89 -9 -70 -14 -60 23 -82 -7 50 11 -21 61 -12 -47 -49 -93 38 21 31 60 
49 -59 26 89 88 83 -79 17 -45 92 -89 -72 35 -14 22 -83 5 -49 39 -71 65 33 80 29 85 -50 21 50 65 -44 72 -96 37 -16 73 83 75 -60 -67 70 -65 -43 33 80 -5 -33 -78 67 87 51 -52 -95 -51 -58 -22 40 -44 48 -10 -42 -50 70 -9 -64 -80 92 -46 -33 -97 17 -77 7 86 46 -65 -59 33 51 -27 -32 -98 24 53 -9 -77 -29 3 -69 -9 -23 37 57 42 12 73 -65 -70 -73 -17 -43 15 13 -37 -22 55 53 -32 84 -79 87 -64 42 -62 93 45 22 -11 16 -97 -32 26 60 21 5 71 -40 84 -26 -50 78 88 -30 -29 -44 68 -37 2 1 31 -16 -56 50 -20 78 66 -52 24 -6 -7 36 98 -88 -57 85 -51 -45 13 23 -66 87 -26 -1 78 14 -26 67 72 38 62 -25 -32 4 99 -20 -43 -39 70 -61 39 62 30 53 95 20 70 36 -98 87 87 -29 77 8 41 5 -92 62 71 35 16 -23 -44 55 -30 -56 -98 -22 60 1 46 12 -51 81 38 83 74 47 46 24 -23 -52 -38 -32 -82 95 36 73 74 49 27 7 87 -21 -20 -80 -29 93 36 7 98 74 1 44 26 3 2 6 97 40 93 25 -50 42 83 -89 68 6 89 -87 25 -60 -86 -8 88 8 -58 -91 -13 -91 41 -38 -39 19 56 -26 -44 69 84 -35 -28 79 9 75 75 -25 9 90 92 25 -87 24 -51 -72 -80 65 32 57 96 -45 -20 8 97 -70 80 34 -89 67 34 24 -38 -38 50 70 -96 9 87 42 77 -73 26 2 59 41 -15 99 -58 95 78 16 -55 -76 56 -31 98 62 -32 -50 -90 -77 -94 -96 -42 65 -35 84 68 54 -68 -92 4 -31 -76 78 0 -75 15 -23 60 -52 -1 2 -32 10 -66 -66 -15 -25 82 23 45 65 -41 -93 38 -60 -39 -47 -94 -96 34 59 21 28 -83 29 -84 -35 67 -94 -68 -51 -23 -39 90 68 -55 10 -58 8 29 10 -45 17 -71 -4 18 40 95 -62 -69 -90 -34 83 1 -86 79 -10 98 -85 -17 63 -72 -44 -55 69 83 19 -98 -71 1 37 90 26 -13 28 30 -36 -42 91 -94 -3 -28 24 -89 -70 -66 93 37 57 22 57 -50 -80 -6 87 -24 66 -34 -26 -40 -11 -27 -71 -38 18 6 79 -46 -38 94 -58 -61 49 36 -10 -67 42 -81 -31 91 26 70 3 99 -86 -3 -74 93 -80 0 -87 87 -87 -19 -55 85 27 -15 -53 74 -91 
-87 37 25 -89 -91 18 -28 27 -99 67 23 -81 -57 25 45 40 -93 -18 -2 26 -38 -60 -64 -8 -6 81 -17 58 78 67 -89 -53 78 21 70 -39 89 -88 50 -12 72 48 26 -12 -18 -71 77 60 -54 28 5 12 73 89 30 75 92 -7 52 77 18 77 -10 53 97 64 -72 4 56 68 -62 -78 72 -38 -92 47 -90 43 -33 -37 -88 -99 -29 66 67 -71 -22 -24 -61 -2 -27 -52 -82 71 -8 -35 63 0 -4 14 -68 -46 9 -75 50 60 84 75 95 32 -37 31 50 98 36 6 -75 83 65 4 -28 9 -94 27 67 10 5 -20 -27 57 20 54 -47 25 -72 52 1 -79 -11 12 -47 85 59 50 -14 47 -49 12 4 -24 -11 95 -55 4 84 -30 -60 -84 63 -39 76 -4 24 86 -66 68 29 -8 -31 -82 64 25 -57 -78 65 92 -78 39 -54 -40 -22 25 63 19 54 87 96 -6 -84 3 14 66 65 -30 -21 -32 -62 68 -3 57 40 87 -33 45 -30 -77 -65 -1 -27 25 -4 88 96 -22 75 -28 -55 27 67 11 91 -45 51 -50 78 -4 -68 -14 3 3 62 -5 81 64 -99 -31 54 68 99 38 -97 86 -41 -1 -10 -87 95 -88 -93 -78 6 95 75 -87 47 93 34 88 -56 -11 18 48 66 42 73 75 10 -18 59 65 72 -93 -83 -31 32 -11 65 -31 -61 26 75 64 68 19 -12 -51 19 77 95 54 -42 -12 45 -93 -69 -63 -93 11 -75 -92 95 -51 43 66 70 11 98 50 -19 13 32 67 -34 -58 -47 -85 -71 63 -67 -25 -59 -35 -75 92 -68 11 -78 44 -81 93 -50 -9 -14 18 18 3 -6 16 -83 -61 -31 -88 17 81 -62 -93 -26 79 42 -14 -37 24 22 22 78 37 99 -73 54 -41 -39 70 -63 -24 -69 -32 10 -95 34 48 -9 -27 -90 -9 11 -56 -67 -92 -13 37 -78 -88 -34 -42 -90 86 -4 -12 84 75 85 -97 62 21 19 -96 -88 23 -17 -15 48 -97 -26 -35 -5 -93 80 -42 -65 84 64 10 3 92 10 3 84 85 -66 -59 -62 12 -79 63 31 86 71 -91 89 68 -90 -46 -60 -32 -72 25 -70 -22 -31 -73 42 46 -44 -20 -96 -86 -24 -47 70 -61 -36 -16 84 21 77 -78 56 -64 -82 -44 3 -14 46 81 -76 -36 62 91 -1 -15 -99 77 -66 -7 91 94 84 88 -42 28 -91 31 -32 -26 -67 47 83 55 35 -30 60 39 -30 -12 -76 6 -5 -61 66 -67 
-2 39 -90 71 64 -79 44 -72 -78 -6 59 75 -50 75 -28 -9 69 97 17 -60 51 -84 -53 -85 23 -52 22 -76 -5 -62 40 -55 -95 45 -86 -71 -63 24 -63 -49 -31 -66 0 44 -11 46 85 80 59 44 -36 8 26 98 -29 -98 -95 68 -37 61 77 -68 97 22 -62 -26 -95 34 33 91 -32 -4 -43 10 -23 40 -61 -19 27 -16 -21 -46 92 62 0 38 -62 -53 -63 15 -14 7 -92 -42 32 85 -33 -12 90 67 13 -92 18 -71 0 51 0 -1 85 48 -3 3 86 21 -18 59 -78 -16 -66 -37 23 -17 73 -20 63 -18 48 -47 -29 48 -43 69 50 -14 -22 -29 -10 84 91 -43 -34 10 71 -62 -48 -29 91 59 -13 48 -9 88 -24 -38 -47 -38 37 -37 -37 4 43 43 68 -87 -37 -96 -49 -87 63 -2 19 40 25 25 76 -49 -10 -75 -42 80 39 70 -48 25 -77 -61 99 95 31 -8 -59 -84 -12 -7 -63 32 -49 98 54 -98 69 9 -34 74 -42 -19 46 -36 -71 -68 1 -29 98 22 -60 37 37 -38 -65 -48 94 87 23 60 55 -89 -48 21 56 -60 84 53 -96 63 -78 -21 -32 96 97 -69 8 -29 -86 75 -35 2 89 -46 69 10 88 67 -76 65 0 38 -57 73 -84 43 -95 -75 -83 -92 -25 39 -39 -94 41 -85 91 -32 -85 -49 -59 35 84 -93 82 30 84 -77 -57 72 57 69 6 13 59 21 -23 16 94 13 -29 35 2 -60 -98 96 74 46 -97 87 -20 42 -64 -16 16 25 13 85 58 3 85 95 16 -94 -80 -21 -73 -43 30 24 77 25 13 38 88 33 40 -37 9 96 17 -5 -18 12 98 89 -34 -88 -12 33 82 -50 56 -44 -33 43 -99 -44 -21 75 -85 -84 -53 47 24 -57 -25 -83 -46 73 -96 63 1 29 78 -46 -89 -56 47 -84 -9 19 89 58 69 40 -13 -52 55 -71 27 -28 17 98 40 94 -72 76 56 48 98 27 56 11 97 -45 4 -39 -5 -94 -41 -84 -46 -52 -4 -48 -45 96 -65 13 34 45 -66 -29 70 77 -54 -92 -72 -73 35 -50 9 54 82 -67 32 98 9 54 -74 -39 -25 -81 21 23 27 -16 84 -32 -20 -38 -33 -51 69 54 -51 -80 28 27 -92 -57 -72 6 -34 12 42 -52 6 -46 -13 49 84 -10 82 62 -52 -58 -11 35 -84 58 -61 47 -70 43 -17 72 78 55 29 -13 98 4 -69 -2 -71 54 -27 -93 -95 -94 -55 92 -65 37 
50 -54 -96 30 0 51 45 72 -62 -83 77 31 7 67 -38 -57 -59 -16 -60 85 17 -34 3 30 26 -76 86 -96 3 -75 -46 -22 -43 96 68 -19 92 40 20 72 86 15 -22 -91 -18 -54 45 70 -1 12 -47 -8 8 -50 -25 19 -66 -93 -7 -75 -74 17 93 -85 -6 41 -95 -24 74 69 -5 19 -62 50 79 -98 -3 -57 -75 22 -50 60 -62 -43 -29 50 39 -71 4 92 78 -88 -75 35 56 44 -68 97 -50 -33 -63 7 -56 34 23 55 -27 -68 52 -43 73 -54 -78 -20 -26 -91 83 -35 -57 -38 58 -83 7 32 -76 42 87 -71 -77 -17 25 -5 -85 -22 -18 -64 -11 62 -3 18 -71 -52 -22 81 -46 83 -47 -60 37 -83 -28 19 -34 -59 56 20 -42 30 47 25 94 -58 92 67 20 42 -31 -93 -8 -98 -29 -59 51 -62 68 -31 -66 16 44 37 -30 -69 28 30 -93 57 -14 -96 -22 52 4 19 88 -51 62 86 50 -15 48 88 -97 60 56 -92 24 -54 56 -26 -10 15 99 -48 64 89 93 84 -26 87 -36 -60 -24 91 -22 -40 -6 40 -73 50 41 -78 40 53 36 24 -36 92 -33 -14 -68 27 -31 -84 -19 -4 82 6 27 -96 40 -19 -94 -51 -6 -72 65 -9 -55 -17 85 -15 79 -37 -24 4 -44 -57 80 29 40 69 -36 87 93 -51 -37 44 99 90 -31 -97 88 18 7 -21 51 1 -27 -46 51 -61 -45 15 -37 83 -31 37 -66 26 -58 -52 55 -65 -97 -56 32 -59 -66 -64 -32 -52 68 -6 17 -59 73 -90 -54 84 22 -84 74 64 93 25 -65 -14 75 15 24 81 -38 -91 -67 51 -93 11 -34 -20 -74 -64 -10 45 -41 53 36 87 -6 -20 56 75 82 43 -49 46 75 63 -49 35 34 90 -74 43 -35 65 -93 82 83 -61 -78 85 -81 -59 -25 -87 -52 -83 -66 57 -1 -5 5 -63 -35 64 -69 35 84 8 -54 60 -7 49 51 -22 58 -63 57 22 20 1 41 3 37 -58 -83 9 26 -16 77 47 66 -15 -69 28 -38 -65 -89 -90 -78 96 -33 -49 -84 40 -9 12 -43 -63 43 61 -20 -31 -91 11 19 -39 -16 -76 -72 17 14 48 -78 80 12 -98 -86 -25 32 -57 -6 -67 -90 60 40 -27 -84 -63 -7 -25 36 -17 -25 43 22 45 79 -20 -6 -27 65 7 -63 -83 99 38 79 42 -67 66 -51 -60 -74 15 45 71 90 -82 40 70 -23 -11 54 36 -39 -79 60 -89 50 -53 
-57 6 68 -90 85 -31 17 43 5 -73 -47 -13 -37 -36 86 68 91 60 -3 -87 92 -73 -73 15 93 64 -25 -72 11 2 37 -98 4 62 -92 -29 78 -84 -98 45 -24 32 -19 76 -48 79 56 -15 81 -98 40 86 -19 -49 13 48 -71 -94 -69 18 -88 47 -37 -17 65 49 -32 6 43 -64 60 24 24 28 -93 -95 -24 9 95 -52 89 66 -91 0 59 -17 -50 -84 50 -69 91 42 -91 34 93 -42 60 65 46 -12 25 64 -53 -81 93 -85 28 69 4 -58 12 -25 -27 18 -25 -90 -74 -74 -72 5 57 -97 -6 79 -69 15 -92 88 33 10 87 -80 -87 70 26 -99 -91 -46 -7 66 -12 57 22 -26 -99 19 21 98 25 76 19 2 -70 -18 -6 40 -49 36 97 66 76 -93 -88 -30 40 -18 42 99 -95 -62 59 17 -9 3 91 18 86 60 -92 -50 50 63 42 20 27 -8 -78 62 -12 74 99 12 -6 -21 88 -68 54 -42 88 -53 30 53 -33 -57 -14 85 64 11 -11 -73 44 -62 -64 -24 94 68 88 83 87 -87 40 -97 31 10 35 43 -1 98 48 20 -1 97 79 -50 64 -41 63 9 -71 17 -16 -66 -15 -96 -2 -33 -50 52 -37 71 83 -79 -49 87 88 -94 28 -86 -32 -78 94 -15 23 -94 -38 -59 -18 8 -45 6 89 -4 -46 60 -40 48 66 -81 66 -28 -51 33 -24 -21 76 -5 79 -26 49 -1 69 86 -89 -1 -44 21 -39 -67 29 -3 -92 -30 -42 71 96 -53 -49 1 -53 -27 -91 -7 -80 41 48 -57 -46 49 91 -81 17 -29 -78 -97 60 -61 3 53 -56 98 -73 -68 13 -72 96 61 -77 29 -54 91 -40 5 92 40 66 31 -5 29 96 6 -42 8 33 30 86 -86 20 73 -79 -21 -47 69 75 39 8 32 77 15 -11 73 84 7 5 -49 43 -64 -46 0 -10 84 65 19 -76 -63 -25 -92 -57 88 -21 -62 72 65 14 76 86 -15 78 31 86 -57 30 -27 -19 -1 27 -59 64 -3 -3 -59 -49 -83 1 33 -18 -36 35 61 12 93 -95 60 -30 -52 -70 8 -12 -10 -15 -62 53 -50 93 -46 65 16 84 36 -56 -27 -12 45 10 -35 88 -7 3 43 -83 -53 96 24 10 -32 70 85 79 88 16 -92 3 26 56 -28 5 99 -23 -99 79 27 75 -96 97 -37 -87 97 92 35 4 25 -97 82 9 -60 23 -86 -89 -31 94 -2 89 -47 -13 99 53 -92 -94 93 38 59 
28 32 -64 -70 77 76 14 76 -42 31 -53 -11 55 -86 -90 -8 48 -51 -94 53 47 -49 70 37 -94 24 -57 18 -86 81 -86 -73 59 -98 81 17 -10 94 17 -41 73 -91 71 -23 -50 16 38 -35 -30 -80 17 20 -77 87 33 34 -97 -71 -24 -74 -8 68 17 33 -54 76 12 32 78 -8 38 -30 8 -5 34 -8 72 30 46 3 -80 -66 -47 -86 87 11 67 -88 -96 -63 -55 -51 -48 -74 36 -61 -90 64 40 65 96 -64 3 -42 -22 -54 35 -65 -42 -12 -4 -51 -61 30 32 9 18 57 -59 4 14 -98 -12 36 -85 50 -55 -32 15 36 95 -94 -86 -42 -14 68 -24 13 19 2 -16 -12 99 5 50 -24 54 74 -92 -46 30 -62 -16 74 -7 -35 -83 -27 -9 68 -26 21 -21 -28 -92 18 73 -54 -25 -23 -56 84 -92 55 45 5 54 0 30 -22 -77 91 64 -31 75 97 56 -60 -94 80 -31 -41 -55 -84 -22 -23 -27 -61 -38 61 -6 13 -18 -29 68 10 67 78 0 -72 -83 78 13 58 -21 -82 -69 15 -44 -2 75 -37 -45 -22 -69 -59 53 -69 -20 6 98 -19 32 28 -18 76 47 72 80 -85 46 47 84 -97 -93 -95 -8 32 -29 -6 14 5 -4 0 -31 -30 -87 50 50 5 45 -33 -62 -97 -67 -77 -60 -85 -59 54 -56 -97 -2 -90 -84 -64 -23 8 -67 -9 62 3 32 52 -44 37 42 -67 55 -74 22 -66 0 32 82 50 52 61 -68 27 23 98 64 -77 -26 -74 71 93 -89 11 44 34 -14 -63 -40 -68 -49 -18 88 -36 96 -90 -94 81 -13 -59 15 80 -7 -63 -23 -14 82 10 -75 -43 3 38 -41 -12 39 -48 -86 -36 -35 84 -44 -7 91 69 -35 -8 -42 11 45 -26 59 28 -37 76 3 -96 42 -11 84 -76 92 76 95 -80 65 58 7 -5 74 12 71 67 -72 -46 66 -1 74 -27 71 -35 0 99 -13 93 99 -49 44 49 -26 66 42 -98 73 54 41 -30 88 -23 -95 -96 -58 39 23 -98 60 22 -55 65 33 89 -18 35 77 -90 47 -72 10 46 -79 -82 31 12 12 -62 -7 23 7 -16 73 -26 -65 -30 5 70 -86 -67 17 39 -26 92 71 91 81 -50 -7 -48 -33 -77 -39 1 86 54 83 -90 -34 19 -15 10 7 22 11 45 -53 80 -30 -42 -46 35 11 7 47 -99 95 20 -61 99 -54 0 52 -6 28 -52 40 -70 81 79 -14 -2 62 -59 -99 5 -28 82 
-99 -81 21 -84 64 11 -71 -44 38 -96 -41 16 -30 2 -57 -4 -81 -7 -96 -14 57 14 -79 -1 68 53 -13 36 60 -18 -30 70 -63 -37 86 54 78 -73 -59 14 -3 -86 -72 -85 -96 40 -59 -95 30 27 21 -95 -71 36 42 -90 54 94 -70 77 -30 -66 -99 91 -91 -44 44 -17 -58 -22 94 -62 -43 5 16 45 -86 -8 39 -74 96 -62 31 -73 23 55 34 -50 -36 -39 -57 79 93 -31 -61 59 48 -98 -20 70 -21 -45 -17 -88 -8 -21 46 -98 21 28 87 83 -62 92 -7 -30 23 62 -37 -46 -69 18 23 -53 75 58 2 -21 34 65 -72 47 -36 46 13 84 -40 -30 -79 74 24 -14 75 33 -44 -77 47 -86 -12 41 -91 -18 -66 98 48 -47 69 -32 91 -44 -12 -24 68 9 -89 32 71 -33 29 -96 -41 -87 -99 98 10 -6 -3 -78 14 66 24 38 -39 -5 -69 93 -94 61 77 62 -49 -13 -52 92 -73 13 82 27 -79 32 -53 39 20 66 -57 -10 -25 11 -45 -87 56 -34 18 -35 -41 -88 -74 -43 97 -64 13 -32 -62 -32 61 3 -93 -56 -77 -64 -62 -85 -27 28 -86 -57 20 -46 67 -38 98 -86 87 -85 -33 -75 -48 -49 35 42 72 -65 -97 -97 87 89 -9 89 -39 -83 -16 64 -86 -53 14 -13 59 -82 -85 7 -3 18 80 5 95 -27 -84 -46 69 -43 87 -39 87 -23 -49 85 -82 -27 -26 -1 -83 76 -66 -89 50 21 21 -40 88 57 55 30 84 48 -4 -1 84 -30 21 16 -80 72 90 -11 -48 13 10 61 88 -2 34 -29 17 64 19 -97 94 -71 -7 53 -18 -74 -17 37 64 80 56 33 -64 -42 -49 70 56 -64 98 -67 81 87 -23 -92 74 44 33 -23 -82 81 64 -67 7 87 -95 38 -69 50 83 -34 84 -23 -19 44 76 -46 -46 72 -86 11 78 -9 40 -56 -71 94 93 20 17 50 16 -39 73 -46 94 -53 -86 78 -63 -79 57 85 37 24 5 30 13 6 -76 -91 -64 -69 -90 29 5 16 -81 -45 -20 -6 76 87 -4 29 -36 -84 -58 48 -45 -63 -50 -79 -19 61 94 8 75 -84 65 -77 -66 56 49 17 -85 38 99 38 -17 86 44 65 13 -88 13 -22 98 29 14 -33 75 36 66 -68 -85 87 39 74 -83 26 -34 -59 -96 62 57 93 -68 -58 -76 40 2 79 78 29 10 12 -26 -75 -48 -31 54 -29 -98 -70 -6 63 -41 -46 3 -1 34 11 -76 -70 
63 -71 44 8 44 55 92 79 -32 -76 17 42 28 69 -72 86 -86 5 -47 91 -26 -99 -15 55 -2 -21 -71 56 -87 53 30 50 25 -73 38 -92 -85 -40 31 -25 -79 -66 -57 92 74 -35 70 40 81 4 11 56 11 91 -93 76 -40 12 -29 -54 81 61 55 30 -22 51 15 -99 50 98 -20 -22 -56 -41 18 61 2 38 79 59 69 -38 77 20 42 -89 -95 -10 -48 96 -36 63 -83 77 45 -44 90 95 -39 58 5 41 -75 33 -98 39 16 60 42 -37 41 47 -64 0 12 -29 78 28 2 88 61 7 88 37 -27 1 -71 -54 -89 -83 -56 13 -21 24 -7 48 37 79 -10 97 72 69 -76 1 51 -26 -46 54 -89 -91 -97 96 -47 -23 69 -78 -82 64 46 13 -32 32 -91 -38 84 9 -3 -39 -28 -20 -62 75 17 21 39 82 -99 67 -77 49 -29 80 57 -36 72 -26 -87 1 -3 27 -50 65 99 -45 80 -4 -54 -43 -40 -63 41 37 72 -7 -20 9 -19 -51 78 -77 82 95 75 1 -73 -60 44 -44 -30 55 37 46 -61 42 -7 62 97 -30 -99 -45 -86 -94 24 9 17 79 -92 21 -48 -47 94 -83 -56 93 18 -11 -14 -35 71 15 70 -38 -89 -61 55 -23 45 59 75 -33 -68 -47 40 24 15 51 8 -75 -69 -27 -30 76 -97 83 28 42 -31 93 -78 81 69 36 56 -41 0 53 24 -67 -99 -19 10 33 -66 33 1 -53 -47 -86 -38 81 86 -88 -66 -4 36 -8 74 -97 16 -40 98 89 1 -98 -82 -19 3 -66 -18 68 -18 -8 -22 43 -84 -62 66 -44 21 -58 72 -67 -70 77 15 20 -58 -63 -40 -4 -44 94 98 19 6 21 54 -76 -5 -14 76 -94 92 50 -3 -98 65 4 55 31 51 13 -52 24 -9 -92 3 83 43 7 -19 -55 98 67 44 -1 4 2 -53 -85 30 78 68 61 79 -87 37 75 14 99 -1 -21 51 -4 72 -5 -83 37 99 85 14 -42 -24 -73 -1 -89 71 -82 96 -20 88 -25 -57 10 63 -17 37 -3 -58 60 -23 -44 -60 -95 -54 25 14 50 -4 26 -17 86 -97 -62 -3 20 -5 -81 -69 25 92 19 49 90 80 -28 50 12 -94 -16 -96 -85 75 30 -66 -59 -33 98 -50 21 97 -33 79 44 -61 -41 -25 -68 -69 -83 -82 71 -82 -85 16 73 -98 -45 -42 -80 70 -50 -73 -7 81 -20 49 -18 -4 72 70 -32 72 81 93 10 -2 -38 -77 -2 
-97 -78 73 97 74 -77 -83 34 -89 12 65 -26 95 99 27 -55 -55 -13 32 86 27 3 46 -82 13 -15 -59 67 -65 -49 59 -85 -18 83 -16 -23 -20 95 95 43 -7 -10 61 -63 -73 -31 34 -17 61 98 -21 -58 -36 -60 91 -78 60 22 -46 -6 -19 -9 -44 10 -46 81 -84 79 28 -51 -93 4 77 64 50 2 -48 21 57 83 5 -41 -74 -3 -41 -72 -30 -4 1 3 72 -5 -48 78 -74 -92 49 54 82 0 -7 -8 52 -22 6 76 -54 -77 -59 -84 16 -17 -4 4 -75 -1 75 78 -14 -81 -67 -3 -14 -92 -28 3 97 -8 12 -60 39 32 -37 -66 44 59 1 61 11 18 -24 -24 -89 -19 -97 -63 40 -81 22 94 -6 31 -66 70 -72 -3 78 86 -57 -55 97 68 90 -98 -64 8 -57 36 -69 -17 49 -99 49 -14 -47 75 -31 -15 82 31 -43 10 -7 35 -71 87 10 24 21 43 -52 11 9 -97 -46 22 23 46 87 -73 -25 -66 15 78 2 59 -97 -44 85 -89 6 -34 -55 -12 -5 -2 84 -95 -41 45 63 -14 -57 62 -41 32 -44 -88 49 -55 94 -90 -43 71 7 90 52 -27 62 -55 58 67 -86 -14 -32 -13 22 -53 20 43 46 14 -86 21 39 -65 74 44 -27 44 84 -8 -73 64 -49 15 2 36 -67 32 18 58 69 72 -14 50 -14 94 46 -60 -73 -47 88 -21 -73 -12 26 25 62 -13 23 -6 44 72 -37 92 6 -88 -75 47 -47 71 -38 -58 -53 -61 -52 77 -63 61 48 63 -20 79 -84 -50 35 -16 38 96 73 39 7 29 -42 4 55 65 -47 -29 -24 -53 70 -11 -28 5 -34 10 -59 -48 72 -99 90 99 65 65 -30 -32 18 -30 25 68 -93 40 -29 -21 -34 -71 73 -56 -65 -68 38 -8 19 76 -67 -48 48 91 48 51 -43 20 47 -6 -85 12 39 -30 -96 -27 12 97 4 93 38 38 -13 -81 -37 54 71 -69 5 0 48 -43 80 48 -41 49 34 -81 -67 25 2 52 -27 -46 57 52 92 11 -94 28 -11 97 78 96 -11 -87 18 -46 -1 33 -81 82 53 49 -8 56 44 81 8 -11 -79 -83 -75 13 63 -79 -30 78 38 -98 -41 -62 63 80 -24 70 -18 -92 76 92 -71 96 -37 -85 37 98 -6 -29 -38 47 93 -71 24 88 56 -92 -76 4 3 -64 34 -12 36 1 -59 -67 25 -24 90 97 -12 83 -79 -22 3 3 55 -83 -43 -58 15 67 25 -32 
56 2 -11 -2 -1 -43 -5 80 90 -53 79 86 -84 75 -66 -12 18 72 18 -96 -52 -68 51 81 5 -92 -37 90 20 -74 83 31 9 -24 59 -25 -79 63 -70 -75 -73 -21 -86 25 -7 54 88 -19 48 19 -25 24 24 3 63 45 -37 -59 -25 26 41 -62 93 70 -77 63 17 -43 27 2 -63 48 -21 -47 40 9 -40 82 89 -11 41 50 14 -52 82 -98 74 87 -14 -54 35 -9 51 -56 -36 -63 81 -91 -45 94 39 46 90 -10 -76 -70 40 65 43 35 82 75 -94 -55 -31 69 31 2 68 -37 -90 48 65 57 71 49 10 -25 14 -45 -19 32 -12 -63 13 -15 22 98 40 -90 -9 45 90 0 -7 -58 22 -50 24 6 -29 55 82 -27 63 58 -98 -43 30 -40 32 -29 82 44 18 -63 72 35 -90 -18 -85 23 -10 48 17 -45 -29 12 30 -22 -3 -57 -11 43 32 -97 -91 55 -80 -38 35 -38 23 59 -9 -98 53 44 -87 98 71 -38 80 -15 -58 36 -19 87 85 -15 66 -29 -5 -91 76 -29 -70 -48 94 -59 84 89 -86 -53 -10 -17 51 0 -70 -84 62 -33 -30 82 -30 66 62 -65 -92 49 90 24 15 41 45 -75 -70 -90 -3 96 -10 36 -66 -37 99 -88 -23 -33 20 -95 62 6 57 59 -21 -14 26 38 10 -71 7 -86 59 16 -27 -65 18 10 -71 92 -37 -24 -20 -42 -17 -1 -92 -54 81 -34 -64 4 -21 31 48 23 -12 42 38 95 92 68 31 -77 40 49 -84 -46 97 -21 -72 -17 6 -42 -8 -49 -6 11 64 -96 37 62 45 51 -12 -29 -68 4 -69 -50 77 -65 60 -3 79 9 60 -62 32 -98 -85 -91 64 72 17 74 -99 91 -91 -58 -90 -65 -34 3 -57 97 -26 -67 83 42 -15 71 88 12 -22 89 -1 70 -5 91 56 7 77 -62 86 17 64 16 -4 84 -85 -4 -74 84 95 -3 -94 85 3 -46 25 -60 -23 -35 33 -54 23 -19 -20 -32 97 -15 2 -4 -91 68 21 -32 61 -60 43 -5 -22 41 13 93 -96 -84 -50 -9 -81 69 -44 -71 -89 -84 -48 -84 16 -29 25 -75 -65 20 95 -41 -92 98 -23 -97 -97 -69 -46 -13 -88 74 79 67 -87 25 -23 15 -54 -28 23 -63 -29 74 -38 68 28 -46 18 56 -17 -4 -25 79 22 22 4 97 62 -65 -79 -16 38 -45 48 71 -43 -11 96 59 87 21 -81 54 52 -14 61 -25 39 -46 54 -20 -99 38 24 -30 
-89 94 36 59 59 30 -52 75 -2 4 -79 -67 -84 66 -99 -83 57 -28 -52 1 -36 -76 -72 37 75 -10 -25 -63 57 5 -26 75 77 -97 -50 52 57 20 51 43 -62 6 -90 44 -17 -22 -76 78 18 -94 93 -9 -41 -41 -83 -44 76 12 -34 0 3 81 -99 -1 75 91 -98 -90 -65 42 60 -32 -78 75 44 26 64 -27 -82 64 -89 -30 19 69 -60 24 -2 55 27 96 93 72 -1 -83 92 -23 -34 40 61 20 -53 25 83 -42 56 53 28 62 -89 99 -92 91 51 -28 -67 -24 51 -86 19 -39 26 -15 -28 16 20 20 50 -62 -9 54 -56 7 -69 -38 -24 82 96 45 -86 29 52 -1 -64 3 75 48 -10 81 85 20 -26 -12 -50 14 23 -8 84 -34 20 -24 41 -97 76 -12 -34 -92 68 -24 -91 -48 97 -30 66 42 55 73 58 66 91 49 -53 -5 67 22 -14 47 17 -76 60 56 -69 -53 48 -52 -1 41 -84 -18 42 -32 4 70 57 -45 -27 -4 64 6 -73 22 16 -25 -14 88 -14 -29 -94 -51 -61 27 58 -11 -16 -66 -73 85 -1 78 -49 32 -11 83 8 -41 80 -51 -25 90 41 -66 -19 -27 90 -84 65 -53 27 -25 -12 40 -18 -47 35 -73 -1 51 -98 -62 39 34 92 33 -55 43 -8 41 -63 -52 53 17 -55 -49 -30 -27 -16 -44 92 9 -97 3 26 -91 88 40 -71 89 73 -26 -88 -10 -34 78 -63 -42 27 -68 -63 66 7 -23 -34 -69 -58 48 -45 6 49 11 23 -20 -66 -13 60 2 11 -67 55 99 -19 9 -59 -10 -98 7 -71 -91 -35 -73 -59 48 -50 90 -79 -85 83 -87 -89 -83 -19 26 56 -41 55 -46 -90 99 -17 29 -26 36 -20 -43 -47 81 48 -21 90 -19 -99 -29 76 63 -96 -97 32 -84 30 -7 55 80 22 -90 -93 40 83 92 -96 -26 -17 -39 28 -21 2 -19 89 69 22 -18 26 -65 -13 -99 -68 -84 22 61 -67 10 -77 -99 -11 69 -39 -72 -2 -19 -22 88 -46 -4 69 55 70 0 -71 7 -61 -43 -82 -34 49 -73 -75 -83 6 73 68 -27 33 0 -18 -57 22 47 62 48 -65 -63 45 -9 15 -3 44 -65 -66 -98 52 -75 68 -59 39 -88 53 -91 -40 -17 46 -67 -48 74 -79 -46 -95 -76 44 -89 10 63 -99 -11 4 77 23 5 -8 -17 95 -51 11 51 92 83 41 -38 46 92 83 89 41 86 61 -35 96 68 4 74 -8 -47 92 -68 
-75 16 51 -81 24 -88 7 16 13 -64 -76 67 -64 -95 -76 86 13 23 -33 -75 -35 -10 -66 -58 -26 -66 3 -75 48 -8 83 38 83 92 66 -82 47 67 -3 9 57 -80 -81 15 36 -75 94 -45 51 -95 91 71 97 -38 47 -5 -53 -60 -28 97 -93 -20 -35 -67 -37 88 69 40 30 -44 -51 -98 44 -48 7 -99 -54 57 -23 -72 -27 73 23 76 35 -87 29 11 54 69 -73 -21 -26 -6 67 -8 -2 4 97 13 24 -77 62 -70 -31 14 76 91 -73 80 76 -67 -33 -8 1 -18 20 20 53 41 48 -98 -39 -15 -97 -89 -66 89 67 99 63 -74 -4 -27 -49 89 5 -47 28 50 87 33 -27 56 -65 54 -53 56 71 -10 -97 95 -77 79 -84 -37 60 -67 50 -71 96 99 -36 96 86 -22 -30 -59 -95 -62 -25 -62 52 82 60 84 -40 47 60 3 -9 54 -92 -49 -76 -93 45 49 -10 -6 52 -93 56 -9 2 -58 86 -65 -44 74 69 -60 43 -57 18 -5 -53 95 -33 91 21 81 22 -88 -53 8 71 -49 -53 18 81 23 -80 52 31 25 -1 -96 31 -93 94 -26 -56 -9 -93 15 -31 -3 -16 -68 -1 33 53 -15 -76 54 -91 -30 -31 -26 32 65 -95 77 43 88 -51 44 51 54 -66 82 -88 -46 83 51 46 70 -72 -89 -63 64 5 -84 -6 -31 -99 35 -40 96 61 68 -73 87 75 79 -39 35 -14 -42 2 98 -12 -17 84 91 -40 11 94 -18 -99 -45 49 62 -80 -22 94 48 67 -58 15 79 43 -77 65 74 -12 11 91 74 96 -64 -24 99 -33 -10 97 -41 23 23 -39 -9 70 -56 -21 -80 51 54 17 2 -78 -81 -64 -27 -81 86 -36 -86 -52 -14 -4 -50 -53 9 40 18 -44 81 50 -43 -34 -33 32 -36 2 88 -72 -68 23 -91 36 -26 2 -24 59 -8 73 -26 -49 53 -22 -23 -81 -98 -82 75 11 -23 -48 30 -10 50 -2 -77 -23 -2 -30 61 45 17 -27 -33 -27 -66 32 51 3 -83 70 -75 -34 -95 73 89 -22 0 99 90 47 62 64 -59 -93 -34 -29 29 76 -47 -37 -69 -42 -6 13 52 59 81 43 79 67 87 -80 -55 -36 -23 14 -44 -22 75 30 9 55 -12 51 -22 3 -73 -14 22 22 -16 15 93 38 42 -93 -17 77 -87 -19 57 -40 75 -56 -31 -25 72 89 73 -5 -75 93 -20 -46 32 46 -31 -37 50 -80 33 -80 75 7 78 8 38 -10 -95 82 -46 
-30 -90 69 13 -90 57 -21 22 -97 64 -75 -97 53 -52 -58 -33 -35 5 -51 84 -37 -10 85 41 -4 73 -69 85 -15 -37 -53 90 -85 92 -1 62 31 -62 32 22 -97 -48 -65 61 -17 -12 28 -6 -34 -93 67 5 -47 -51 -81 -75 88 65 83 -80 -10 93 85 -24 -35 -9 94 14 -97 62 4 30 -83 17 77 84 6 -97 -30 13 -78 87 -95 85 39 -38 26 -4 -33 99 -43 -32 13 34 -69 -47 49 49 50 23 94 -49 -88 98 85 8 16 -50 -46 -41 69 17 -48 92 -71 28 83 -55 -36 24 96 22 -79 -41 -87 -86 -12 -3 75 -88 -95 6 25 48 -85 -88 -71 63 25 62 39 -49 -26 29 87 -69 19 28 -7 74 -98 73 -80 71 -44 -22 57 59 -87 47 63 17 -90 39 -40 -71 55 -22 11 -77 -6 -73 54 -61 -56 -98 -62 -64 -69 -86 53 -75 -49 -32 56 15 -9 77 -5 -75 38 70 81 64 62 33 6 32 52 -26 -56 -15 88 73 38 -28 -80 -18 25 42 -99 74 -2 64 37 -34 41 19 98 4 -13 -36 -89 -6 -26 85 -27 -9 -14 57 38 68 50 -87 88 -69 -60 -97 52 -19 53 -24 -19 -5 7 58 33 82 -12 43 -36 -68 72 89 20 -88 31 39 -71 77 35 -98 25 61 35 30 -80 22 -45 -90 -27 -95 33 -71 31 -78 -31 0 -43 99 -77 43 87 -66 69 78 5 9 58 12 -33 -44 -65 56 -98 -86 -21 -8 54 -33 -73 -34 -7 -11 -37 86 -5 -67 -47 48 38 -41 49 -95 -88 42 45 -31 48 38 39 -42 68 -16 -90 9 39 -51 76 -85 -26 -53 75 -92 -99 -34 10 98 23 -66 78 19 -14 33 85 -25 -39 -11 -25 63 13 -89 2 -45 24 -51 33 -21 86 53 -32 -23 -89 -92 -66 -97 33 -5 -3 -58 -51 -8 -96 63 -76 -77 61 64 -29 64 83 57 -92 -98 20 79 40 66 88 -91 38 -56 72 20 -28 20 83 -88 -63 -67 -14 57 -47 -61 -95 57 -17 -74 -14 -86 89 -9 38 45 19 49 16 3 70 -17 40 9 -32 32 -11 15 13 23 14 91 -28 64 88 14 91 34 -66 74 -20 -98 -19 55 10 -15 21 -18 -86 -47 -45 -73 -57 39 97 84 96 91 -37 -4 -32 -53 64 -2 -87 -28 -8 45 34 -32 91 -83 72 -62 -52 89 42 95 -7 86 -29 -90 -17 -19 -98 4 -83 -64 -79 -74 -50 -76 -85 52 84 45 77 -1 99 -88 65 -9 
55 -84 98 -48 97 9 -30 -5 27 38 -82 42 -43 -43 3 -53 -69 -43 -46 34 86 -42 -53 31 37 -21 -4 -81 -8 -96 79 -15 82 1 44 26 25 3 -9 56 -24 -85 86 -26 -18 45 -18 27 -45 76 53 9 88 -83 35 2 64 -59 -53 66 29 -26 51 -75 77 -40 -94 2 34 57 -15 -52 -63 -13 99 20 -58 94 -81 38 49 14 21 78 -83 86 31 -87 -46 66 -47 73 -49 6 33 -48 -79 -21 91 18 8 85 -92 30 -78 57 -17 -72 -36 85 -94 64 -16 18 72 92 -22 -57 64 7 -61 23 -84 67 -59 -57 -40 33 -57 -27 91 -90 12 -67 -73 31 51 -10 -88 -61 89 -71 -83 91 -22 5 36 68 -7 -36 -58 94 99 4 -51 3 -34 -75 -90 99 -16 -80 72 -60 86 -96 93 38 -35 -23 7 -11 72 -73 2 62 94 15 20 -82 -74 85 -46 74 26 68 -18 68 -33 -43 -94 -89 64 -6 14 -65 -12 99 66 35 7 7 69 46 -85 -17 92 86 -88 -47 -56 -86 -79 -27 65 82 25 -63 18 9 67 -31 51 -10 -18 -38 44 -51 -83 20 -13 -99 41 -1 -89 -93 -8 -8 -1 34 49 51 -61 26 -31 24 -76 9 -21 -10 12 4 37 24 65 -44 48 -10 -34 68 -81 24 74 78 -28 -66 -44 -4 -69 -18 10 71 -89 74 -49 -78 -94 29 -78 -19 -50 -59 60 -74 22 45 73 -12 -43 39 64 6 -46 -64 25 40 19 -13 43 -33 67 -27 -40 60 8 47 2 28 81 -24 -3 -50 -85 -35 73 9 16 85 -47 31 -91 65 -97 37 91 39 86 19 -85 -2 88 37 -80 -18 30 25 -98 -9 -69 3 21 -85 -34 95 92 30 -91 53 -8 59 -12 57 86 22 -74 -64 53 -51 -87 78 -32 68 87 53 -83 24 80 87 -70 55 -81 66 -98 23 -8 -34 -48 -30 32 17 35 79 78 67 52 -9 -15 -99 65 8 41 -23 2 94 49 22 63 41 -84 -5 -56 -79 27 -66 7 -55 51 -1 70 14 -6 92 75 -80 71 -41 80 48 19 -36 -61 90 -47 36 87 -30 60 48 83 38 -45 -72 -91 -71 -70 -50 -64 47 -69 64 75 -81 87 29 24 15 -43 -7 92 -67 -29 51 -6 65 -58 74 71 -17 87 66 8 15 29 93 -34 85 -20 21 1 33 31 -6 -95 -29 -47 10 -30 65 -62 58 -82 -83 1 51 -2 61 49 -63 -19 86 44 -28 -16 -96 -86 -71 37 -12 9 -47 
-42 -69 33 -84 5 -13 -92 45 48 -35 -35 72 -30 63 -50 80 33 7 -7 32 23 26 -79 -44 2 95 -68 -33 92 -97 63 -90 76 -36 -39 -13 76 -21 83 41 -92 -61 -1 -82 39 -99 -66 87 23 -41 39 0 -16 80 -77 -27 -34 46 84 38 11 18 66 -47 6 20 -13 -7 -8 20 23 67 -94 -63 16 35 96 84 81 -85 7 -33 -68 39 -40 -15 -1 -59 93 72 52 63 -81 58 21 -26 -93 51 27 82 8 -85 -49 21 -16 -89 67 33 -44 -64 -62 34 68 -52 94 48 -36 77 -87 69 -89 21 -3 -67 -78 71 9 92 -14 -65 12 -34 -45 -5 -98 29 60 -62 21 12 14 33 56 13 -62 77 -37 17 -16 21 37 70 -5 2 -45 95 37 -27 58 56 -36 77 -50 -15 -85 -10 -10 -85 -34 -43 89 36 45 89 -61 -17 -10 -6 -16 -30 -77 -58 95 79 98 -14 -87 95 63 69 78 45 5 86 -71 41 12 25 9 64 43 -27 -38 64 -64 10 99 -31 -19 68 87 88 -70 28 86 64 -44 75 0 -24 42 66 53 -67 -79 26 -83 0 83 84 -33 -42 15 -83 8 21 17 99 63 -41 44 63 -54 52 -4 64 -44 20 10 98 -38 72 -4 63 48 23 -32 -41 92 89 -52 86 79 40 -16 -82 80 -9 2 -79 35 -94 92 7 -21 -28 98 -34 -5 -27 22 82 -49 -48 -73 -42 77 46 -83 -56 48 -34 -66 7 -20 -82 -36 31 38 20 48 -31 -99 -77 85 -12 17 52 -80 -91 -24 -91 -73 -84 4 75 -53 -93 95 33 -19 -99 55 -84 81 -43 45 91 -50 -21 -42 -13 -42 -1 89 84 -38 91 -93 -74 -74 -1 -52 -21 -24 -52 -30 -64 -50 -1 -60 -93 89 -54 -1 54 81 36 63 93 -89 -58 -8 -3 -85 -34 44 98 -94 -67 35 56 -39 -63 -27 28 -3 59 -28 -80 -57 -81 -7 18 -50 -7 -93 -8 66 -52 39 19 68 -36 -28 50 13 17 -47 97 13 -13 7 70 -20 -47 -73 -66 -68 -73 -49 -91 41 77 -17 87 -85 -51 88 -96 80 -82 51 55 85 86 -54 45 60 94 17 -87 25 -71 -96 20 54 -59 95 -68 34 22 58 83 10 19 -83 -11 -18 51 65 -77 18 -30 -72 89 73 -54 -30 42 -22 8 50 70 0 93 86 -7 97 56 -19 -44 70 -55 57 -15 -9 -54 -53 32 -71 -65 37 17 15 60 -25 -97 -13 40 -19 -69 -70 91 -55 58 35 -56 60 99 
4 -17 94 -32 -14 -40 59 47 42 -7 40 19 -19 92 85 -86 -10 3 -89 -95 94 -2 -71 94 -71 10 -60 -6 13 7 13 83 -21 -64 28 28 -27 59 -81 74 62 90 40 50 -59 -49 -99 -98 38 11 -65 -64 -23 -90 42 82 98 25 18 93 -9 -59 9 -85 -57 58 52 89 -66 -36 -95 -41 -1 28 -61 -80 -12 -69 54 -32 -99 -43 55 64 -71 -71 -38 -63 -56 59 -88 -70 74 -71 -8 61 60 88 51 68 20 -75 30 26 -20 63 5 50 86 47 -69 -5 -34 -87 30 -11 22 -64 74 -3 77 98 95 -22 -52 86 -81 87 -59 27 -14 -21 91 -10 55 30 42 -88 54 30 -24 -85 -74 -40 1 -56 -39 37 -91 76 -20 32 31 58 59 69 -59 -76 -40 -82 -91 -60 99 -72 58 67 -46 20 -62 85 49 75 41 73 49 -64 19 -22 95 -36 -47 -41 -41 38 -23 -18 -97 70 -38 12 95 -93 -1 -48 -22 -13 74 -5 -91 -59 -2 -40 28 -37 49 59 -12 -41 -55 72 94 89 -35 50 32 42 -64 42 73 -61 -33 -11 -13 -94 -39 -14 89 57 4 75 -82 -98 -4 41 46 -32 76 75 -90 28 -52 -50 29 27 66 -48 -29 -32 -93 77 96 -4 23 -49 42 60 -13 25 -21 -67 95 71 -75 38 25 -38 -33 -74 48 -18 -6 -29 -19 -76 -80 88 94 -77 26 33 -66 49 -89 -71 43 -75 -54 80 50 -14 -63 40 -94 -59 85 51 82 18 -62 -30 66 37 -33 -23 -93 40 64 80 -5 88 -74 18 -24 53 -65 49 54 0 -70 -97 37 43 70 32 36 -26 34 3 18 35 47 -6 -54 29 31 -66 -36 -60 39 -96 -38 -98 -55 0 36 -19 -2 -99 -73 -4 38 30 -53 -95 93 -6 73 -79 85 50 -76 -98 -1 -9 14 -59 73 88 -90 60 -98 -44 -32 77 35 18 -37 -17 -57 -78 44 59 61 -10 -45 1 69 -96 -22 61 98 47 70 -33 -90 -89 -20 17 54 -80 -55 99 52 66 98 -73 96 -59 -81 73 -41 -21 -96 1 68 10 85 32 -60 -30 92 71 13 -56 -88 -87 -27 71 -5 33 83 -67 -87 87 39 23 -49 -44 -24 63 -90 65 -21 -95 -18 -40 -58 -56 7 -42 -8 97 -64 22 46 -15 -57 11 -70 -48 58 -38 81 -67 -26 -85 90 -87 34 5 -69 -18 -74 97 18 24 -67 -60 42 -58 -32 0 -6 19 74 -83 -36 -88 -25 1 -68 -76 80 -34 -82 82 -67 1 -21 49 
-93 -98 96 52 -5 -94 -32 -41 58 2 8 -16 -72 -24 56 31 -12 16 -59 -38 -72 -48 79 -8 -47 10 -64 -88 -28 -37 22 42 -98 -57 -43 57 66 88 0 -40 -31 75 28 14 28 99 -95 -75 -65 46 -99 67 38 56 84 -78 10 52 -36 -90 -12 77 18 0 -65 85 7 79 -5 39 -33 42 -7 16 31 1 -79 -17 77 -78 18 63 -23 -75 -79 -90 70 41 -97 -21 -95 61 -77 87 -87 57 -36 81 88 94 19 -51 -69 -20 -97 -58 96 -52 36 -37 56 71 -11 51 -82 -75 31 96 40 42 -10 8 8 50 -36 -5 59 -88 -69 14 54 -24 86 2 -98 -85 45 -98 -19 -51 53 -93 -62 -13 -27 -75 17 87 78 -63 75 -90 80 83 -60 54 -55 0 -38 23 20 95 -96 -41 59 -85 -99 -56 20 71 -14 -69 26 13 31 -23 81 -77 -21 63 13 8 72 -73 25 15 40 -54 12 31 66 83 -72 -3 50 -27 -88 64 -37 67 -64 89 93 48 60 9 -11 45 67 87 -77 63 30 87 70 4 58 72 63 93 90 -53 -31 -56 65 -76 -83 44 -3 -43 -65 -23 80 -6 33 19 34 -51 78 24 -4 50 45 63 42 10 56 -50 -76 -77 -89 98 84 65 73 17 23 6 72 97 48 94 -57 60 55 80 -57 -77 77 16 -87 45 47 43 24 66 -64 12 95 68 10 28 95 53 -55 -29 -66 16 99 -93 -30 -50 43 43 58 71 -94 -23 -25 67 95 -6 48 -1 -86 -43 -53 -28 47 -77 -1 24 -44 46 -58 -52 0 -93 47 -54 -21 16 68 -85 7 96 98 -79 -8 -28 -37 59 -92 -8 -8 7 -4 15 48 41 -45 33 -8 -22 41 30 56 -64 26 -17 -9 -89 -13 -80 -88 70 9 11 27 85 50 18 -51 -69 -88 -86 58 -49 -53 -98 -88 -33 87 32 44 55 -4 -33 -12 64 -89 -99 21 -28 -38 65 -82 55 -36 72 88 5 68 -4 -8 -54 -49 -71 -23 -54 -7 95 -72 -64 -18 -64 69 -57 -75 -35 -33 80 -14 94 5 92 -76 -33 -15 4 -97 96 2 80 6 -17 93 -70 49 0 23 -68 11 6 -32 -36 -43 24 -70 -45 49 66 35 -44 -33 -74 27 -5 69 -3 29 80 -36 -40 38 7 -59 51 68 5 76 21 83 79 -79 39 53 -37 -24 38 34 37 33 -23 48 26 77 -48 -22 97 -24 -75 39 79 1 -64 -59 -20 -6 3 10 -79 13 15 -73 -10 87 -71 79 74 
48 -15 67 30 55 -5 -60 57 -78 58 -35 -18 64 -17 84 -44 -19 93 -63 20 -68 -96 -39 57 -47 -2 62 -40 57 70 23 3 97 -5 -70 5 -61 17 -79 -89 -49 -70 -27 -7 6 65 49 93 -84 31 -67 -88 -30 -55 -95 -42 36 -15 84 46 89 -75 -59 80 -43 1 -3 58 -47 -66 -48 75 59 -89 -65 -31 46 -2 28 -24 61 10 -22 2 98 -15 -26 59 -84 -13 -4 70 86 79 -33 69 -93 58 61 -13 -52 34 4 72 -74 75 -74 45 -54 -3 63 -89 -77 -47 5 -67 23 73 -86 96 88 74 81 83 -67 52 49 -39 74 24 59 80 -50 -68 61 -18 -66 28 36 -78 44 80 -60 -95 -19 45 20 -22 95 -7 79 -35 99 48 34 -37 -45 91 -54 41 97 80 73 -73 -34 42 53 -84 -14 33 35 56 -7 59 -75 -73 32 69 -19 -95 -22 -80 -26 57 -62 41 32 -49 -4 -30 -35 94 -72 -58 63 74 -83 -28 -78 14 -39 86 36 -59 24 6 31 -27 49 -64 -14 -91 -21 -39 -86 -4 39 -21 -6 52 77 61 22 65 96 -17 5 -99 -34 -76 22 -20 -16 -21 -99 26 13 59 15 70 -13 19 18 -49 55 -49 24 29 85 49 -79 -32 -4 -67 -16 -4 45 -26 83 80 -7 -99 -13 77 93 98 -32 -5 16 81 47 75 44 85 68 -47 -60 54 -20 40 3 -29 23 91 0 -52 -9 22 -70 -50 32 -83 53 95 -70 -64 39 -41 -77 23 -64 3 44 73 65 -97 75 -68 78 -36 0 68 -99 -9 -70 50 -86 -68 -65 44 84 72 61 75 -15 -98 -90 11 83 -59 -70 50 -15 -54 1 -23 -58 95 -9 -65 97 -29 -84 53 61 -47 7 31 6 39 -84 -75 91 34 -4 -81 2 -95 -2 -11 -64 17 -33 46 -42 32 -7 -2 76 -43 -21 -27 69 25 39 28 18 28 42 50 61 23 -86 87 -25 56 71 -31 -99 89 -55 51 -50 -41 88 9 94 -25 39 -91 52 36 80 -51 44 -57 92 56 14 52 95 87 -25 95 57 -80 9 23 -62 46 -15 -33 -86 76 -8 -68 33 -35 12 -46 -28 42 97 -49 84 0 52 -67 -54 96 -60 -78 41 84 -45 -1 17 -29 42 13 -12 1 -57 46 13 -95 43 30 -54 -29 43 74 38 96 86 -89 -8 21 -31 68 14 -62 -69 -69 -97 -54 -78 71 -55 -46 -92 36 -35 -88 39 98 -35 -62 61 13 -12 -88 -38 41 28 0 -61 -77 84 5 
-84 85 -10 63 -98 34 -88 4 -25 -85 6 -58 80 28 -46 84 -14 88 36 75 -83 -33 -67 -30 -6 -48 12 41 20 -13 53 -25 59 48 -83 53 13 -83 -20 23 -73 -9 -91 -27 16 -9 54 -77 -60 46 -95 -89 -7 40 -35 89 -61 -32 6 -62 76 -28 4 -85 -52 -50 -23 -18 4 -7 33 -73 35 27 -24 46 82 55 43 59 -31 -3 -68 68 -13 45 82 -25 45 46 -94 37 97 -63 53 38 39 -20 37 89 61 70 -57 -63 71 -55 76 -9 26 10 45 -44 57 27 20 0 -26 -10 -37 -37 -60 -58 -48 -17 54 6 66 54 -94 56 -24 -91 -49 -42 -8 -97 51 -4 23 65 40 -21 62 -98 -35 87 22 -11 75 11 -38 18 28 -66 -69 48 29 -37 -15 -97 -35 28 15 -64 13 -13 75 -95 -30 -42 -89 -45 -35 78 46 18 32 -11 -66 78 -10 -26 -18 1 -36 34 43 1 -50 -76 97 -50 13 70 -8 97 41 24 -98 -84 69 74 -90 44 -49 86 22 -79 46 -58 28 75 -2 75 -62 -65 -92 52 -98 38 57 65 39 -73 25 91 86 15 2 61 60 9 37 -15 -60 77 60 47 -35 -13 -95 15 -71 17 24 -96 23 71 6 -78 -5 53 -94 95 -11 -7 23 59 93 71 45 87 -51 -48 71 -77 -69 30 71 -2 -5 -41 85 9 3 99 -92 -85 -24 26 -85 -23 -39 -31 -40 -83 8 71 75 70 87 -54 97 87 -20 4 86 -15 27 -27 72 -94 -22 5 46 52 -37 -47 -3 -43 17 42 66 -56 -83 4 65 -41 -34 -22 -38 -47 86 16 -2 -25 46 59 -94 63 49 70 -69 65 57 -74 21 4 -65 -34 88 8 -90 58 11 14 56 5 -20 -15 81 26 -27 62 -76 85 99 59 -15 -29 -1 46 -99 -81 27 -96 -8 80 29 50 56 25 25 44 32 -22 8 -26 -11 -17 -27 82 -15 28 -84 17 -92 55 -65 -86 -20 90 84 -47 -39 10 -12 -25 83 62 -6 42 10 -86 94 33 39 0 31 5 0 43 93 73 -15 -47 -93 32 -36 55 -54 -28 25 -4 -76 61 89 64 -49 -37 48 90 26 92 93 -93 -38 10 0 82 30 19 -77 -79 38 -96 5 71 -91 -82 -39 43 90 -68 63 -37 -9 -84 -41 97 -97 80 14 -53 76 -92 16 46 -58 -64 63 -49 70 -78 3 -88 13 -15 44 77 -2 13 -20 9 -97 86 49 94 73 -80 -77 88 5 68 -78 -23 -56 -75 31 -66 
57 -99 -78 88 -71 19 32 78 71 -10 -83 -35 96 -14 50 -97 -33 -8 15 59 71 -58 -58 44 2 66 -75 86 73 -88 6 69 -17 -74 -51 12 93 7 12 -24 45 55 49 23 -94 -96 9 -30 -26 -68 -58 19 -4 -22 -5 -63 -50 -59 54 14 88 -35 22 45 -34 25 63 -68 -32 -18 -40 55 -51 45 -54 -30 -31 -44 -21 86 65 -13 85 98 -93 21 4 32 81 20 89 -9 58 -27 -97 87 37 79 -5 85 -67 99 -28 -2 -96 21 -8 18 -51 1 22 25 93 -99 -82 -14 -27 -72 -96 91 77 98 20 79 98 -40 86 46 4 30 90 9 80 -20 21 46 81 -27 -83 77 -51 90 84 51 88 -54 -78 -3 78 -54 41 40 65 94 49 -30 37 6 -42 6 56 78 -30 -64 84 -94 -38 74 -36 -48 63 86 52 72 -12 -70 61 55 -6 -54 85 -76 -90 97 82 -6 -72 48 14 -74 45 76 90 24 70 -8 -71 22 59 -83 79 75 54 80 57 -77 -29 -15 70 -38 -91 7 34 -95 82 -86 -52 -24 14 -69 -50 -74 26 63 -10 -3 -94 0 -20 -65 -6 36 68 -15 56 -78 -60 -51 -54 -28 17 -76 -13 -16 14 58 -57 -31 58 -52 84 -3 8 77 -13 5 78 53 2 13 -21 -85 -11 -7 85 -12 49 -29 -81 52 -91 -58 -85 -69 29 -23 22 21 89 35 -10 16 -9 51 -66 48 28 98 -6 48 33 45 49 91 80 -22 62 -12 -40 -50 64 63 65 -93 -41 -33 47 50 39 -45 -69 -16 31 80 -67 0 52 32 -3 38 85 -37 86 -60 -39 63 -80 -58 43 81 -6 75 -45 76 -97 44 -78 -53 0 -40 -44 -47 -42 -84 -83 -97 -13 -94 -69 -45 -48 14 82 43 56 37 59 85 -33 -68 54 97 -98 -72 17 -87 -82 23 90 46 -10 29 -90 37 -63 25 28 42 -86 0 -14 69 -37 -86 29 62 -79 39 -61 10 32 -42 -36 -75 -21 52 -11 -6 -45 80 -5 37 -64 72 83 23 -83 -63 -10 -79 -54 5 11 -39 -83 51 77 -7 71 -55 38 87 67 -73 -45 -16 -63 85 54 -68 -61 75 12 -45 32 4 -28 60 89 -96 76 -44 1 73 -18 -60 -93 -29 28 -68 41 -20 43 -38 37 39 -10 -45 -37 94 42 -62 4 -29 99 30 21 32 52 90 -5 11 4 91 -59 -76 -17 48 -90 -87 61 -92 -86 2 -48 73 -76 -74 9 -18 58 44 97 83 -99 -47 60 88 -9 -73 
-24 -16 50 -98 69 70 37 96 80 -76 46 13 2 79 -20 28 7 -8 -83 47 -68 -60 -30 -73 6 -28 54 -28 74 21 39 23 -90 10 88 51 82 -35 -87 37 50 -66 -81 38 54 -66 14 -91 -35 82 84 -40 -8 -37 -9 32 69 -65 -94 75 -31 -24 -52 14 65 31 17 96 33 -25 -3 77 -15 38 5 -85 3 19 -65 51 27 -93 45 -86 -67 50 -40 10 35 -37 -91 5 85 -30 -93 -39 -96 39 92 -29 88 -37 3 -12 -45 -3 -68 64 75 -52 -59 32 -26 89 27 -9 -52 62 -7 -58 27 -18 -73 -1 75 10 53 84 58 -41 -17 36 -5 -78 -78 -40 71 97 -64 77 -52 -72 41 -81 33 48 -61 -99 -63 55 22 -64 -48 43 -95 -9 -97 38 -62 -99 14 -30 -31 -49 14 -28 88 -48 99 89 67 32 -59 28 -7 8 -56 -67 31 -84 52 16 -11 64 -40 60 -1 -55 -87 -14 57 -45 34 -11 -55 67 49 -37 -15 -49 -22 50 -75 -25 89 49 31 29 91 22 -27 -62 -46 58 -84 96 -20 76 -21 52 -39 -13 -15 88 -42 58 14 -96 -14 75 -26 -93 92 57 -84 -89 71 53 -62 3 -28 -12 43 99 -50 94 -31 93 -11 -67 26 1 82 -34 -91 -92 8 14 -36 70 21 85 29 -5 9 -20 -6 10 -53 -37 -29 -16 -3 34 -3 24 -6 95 -69 17 75 -3 70 -24 94 -21 29 -88 -19 93 -76 9 64 96 4 25 72 17 61 72 84 32 73 51 -44 94 6 -97 84 98 -74 55 -94 -34 -85 -76 -12 76 92 -37 -74 57 -96 -75 71 75 96 33 -60 33 -36 -76 36 -88 61 50 17 95 -79 -46 66 2 93 91 59 -66 -86 85 72 -93 -11 -47 64 0 -74 -85 44 -15 -14 -48 46 -48 93 22 65 -88 -99 -13 -72 26 67 -43 32 99 -82 -92 96 -9 -34 66 97 -21 89 69 3 -57 -41 42 -38 51 -39 9 -59 -40 -13 53 12 -59 -32 30 -52 75 -10 57 -83 15 28 45 -44 -45 -19 -98 -3 -68 -88 -70 -76 -97 -17 65 -82 -38 -74 -71 84 -91 63 -2 32 -98 -81 -22 -16 91 -93 26 -96 -99 1 10 86 41 18 52 -54 1 -16 45 54 25 -8 38 -83 67 -4 -3 52 42 84 -64 -74 94 23 -77 -79 -16 -17 64 87 -96 -40 69 -13 58 11 -55 35 82 -18 26 71 -11 -76 -90 78 -87 34 63 62 70 27 -27 4 -52 94 -10 88 -71 67 -61 
-58 36 -96 -78 -1 14 -25 -98 -65 4 -7 -24 93 -68 -68 -74 -35 -25 -88 7 47 29 12 -22 27 -48 -39 63 65 27 81 -93 54 38 -21 -42 -24 -91 -62 71 -42 54 -17 -39 89 -80 44 26 -79 -8 -16 1 -16 18 -27 -16 65 60 61 -8 73 45 96 58 -9 44 80 -65 20 8 7 35 66 -83 65 11 2 83 -27 50 -68 29 15 -18 -36 67 -12 50 -30 -44 -85 -15 -85 11 -5 45 28 -13 45 -97 78 -94 34 3 65 7 -36 -83 91 -50 -93 -70 -31 17 -16 48 56 68 18 -64 36 -16 -82 17 -96 15 -61 -51 93 60 -9 9 75 -77 -48 77 8 66 17 -99 60 -28 -20 -40 45 -52 15 -70 -23 -26 -33 -41 72 -48 -50 -43 -67 10 -30 78 87 -13 -85 96 49 47 -30 60 -74 35 -26 11 59 -64 -59 -2 -47 9 43 -83 85 -64 -47 67 -67 -70 98 -32 8 -53 -59 -93 27 -47 26 36 19 -76 46 -85 30 -86 -2 62 83 -45 14 66 64 51 18 -72 56 32 -29 -27 -81 -16 -66 45 -84 -34 51 1 40 7 80 -69 47 -68 -51 -34 -24 -33 63 28 40 69 -26 79 -69 -14 -98 -20 -58 69 95 16 -91 42 -32 -56 -47 78 -85 28 34 -6 -21 -90 -25 43 61 35 66 -79 91 -19 -49 -80 70 -16 83 -9 -65 50 42 -79 84 -33 -38 -37 -2 -83 62 17 86 -55 -36 18 99 -1 -41 26 -90 -26 -17 97 82 -46 82 73 35 -46 31 -97 34 13 35 -81 -97 22 -19 -66 94 -88 -99 -82 70 -57 93 -17 -28 -12 -2 44 -99 -5 -14 -51 48 8 -54 93 11 -74 62 88 69 -26 -91 -75 63 -56 -81 68 10 40 37 -28 -15 -27 -65 -12 -68 93 74 -73 -79 73 -84 54 -52 -96 32 5 87 -67 -87 -89 50 -71 -98 -3 91 -77 37 -52 43 -92 -50 38 90 15 -86 -74 -3 -36 -54 -38 1 81 56 -75 -49 -40 14 31 32 -28 -39 -71 -66 -93 -39 -76 -72 -23 43 10 37 16 -30 -96 -5 -53 31 -46 66 -60 83 -98 -13 52 -58 64 -26 -72 72 -78 92 65 -98 96 23 99 82 -45 52 88 26 28 -18 96 66 -51 52 73 -62 -43 -20 62 72 -40 67 -83 -52 43 14 -12 -96 24 62 -66 -59 31 -99 -7 37 68 -36 -64 -81 -99 11 45 -74 -48 -40 -2 -4 -48 -6 63 -57 81 45 98 31 23 -54 13 -17 -53 -53 -70 -72 -54 94 -97 
-84 39 -96 -41 -98 -13 74 48 -54 86 99 83 78 14 -88 42 -98 70 3 -78 -6 98 -10 -92 95 28 30 94 93 -17 -54 -92 -87 39 60 27 -67 48 66 -6 -30 -10 61 56 -28 18 10 -76 72 -69 34 -65 84 -41 -21 73 11 4 78 -94 -19 -54 73 -20 8 33 -98 -94 15 36 89 -70 -46 -38 -19 73 43 99 -83 -69 89 58 -88 -15 64 -46 26 6 -61 -64 -1 -67 47 -98 -24 -8 24 -14 -95 54 1 -33 -66 64 32 94 -58 -15 -96 55 68 47 97 49 88 14 -61 98 56 29 5 83 -84 -26 -75 48 99 41 31 -13 96 -34 51 -80 -72 -93 -80 -54 -93 6 76 -52 52 20 -42 24 30 -72 27 -65 -59 32 46 -31 96 60 27 43 -99 56 -54 57 49 -43 43 -99 81 -9 -23 2 49 -20 -1 33 63 92 -25 -97 -52 60 93 -63 95 -3 12 -91 -45 -84 16 7 49 -72 60 13 -54 -22 29 -19 -48 15 -57 79 -44 -87 88 -36 -88 2 -36 64 -69 -93 82 -96 83 -63 -34 -48 52 92 62 -75 27 42 -84 -65 49 7 -22 26 -91 40 2 -77 -39 38 71 -79 18 -82 -76 88 -51 -7 -16 -98 78 94 14 5 92 -91 -16 -91 63 -50 98 96 -32 49 34 33 -68 -45 53 -62 8 88 -11 82 18 36 96 13 49 75 35 55 -64 72 -88 -91 -5 -25 -21 -67 64 -39 -26 -99 57 74 -10 -10 14 -54 -27 62 -10 -43 -5 -44 -42 49 -97 7 94 69 -19 21 -11 37 -75 -39 -43 67 -46 37 -50 -50 20 -51 -49 15 17 18 98 -40 -51 -40 8 98 22 -92 30 -52 -56 -99 -43 -78 18 -16 49 54 32 61 -79 -78 -64 -79 51 -47 26 37 -38 32 -68 -32 -66 42 -48 27 -85 -1 49 38 -93 14 66 -78 56 8 -82 -10 75 78 -8 -99 -91 -95 -12 80 -17 -97 96 -44 82 -18 -70 -50 85 -1 61 -79 -31 -95 31 42 72 -37 96 92 24 68 -99 83 39 34 8 35 24 -55 -40 8 32 94 -21 -41 -82 -49 54 72 -2 -68 -62 91 -85 93 -92 8 -42 3 -94 -34 -29 0 96 35 -77 -64 -70 -51 -87 0 11 58 -29 52 68 30 82 -78 -74 -28 59 37 87 58 -30 -62 59 87 -62 -92 -56 22 20 69 84 81 55 95 -80 -12 35 -75 79 47 47 -72 5 -51 9 -30 -56 80 7 12 -5 -3 -31 -28 -17 31 67 76 41 71 42 99 
-47 -15 -87 -76 -80 -38 62 -65 17 -10 56 -28 8 -44 5 -63 88 94 -13 -88 58 -51 -45 27 84 -84 -51 -59 74 54 51 13 -28 -93 -85 -77 48 -58 -52 -58 -79 92 5 62 9 -44 -74 93 51 -29 94 87 53 82 -78 96 17 -53 -72 -40 97 -29 -58 94 -12 -65 94 29 -58 -71 54 87 67 -40 46 -93 -79 47 -96 2 -96 63 -98 -79 4 -36 -62 70 -51 -7 31 88 -56 19 -47 -77 96 20 32 -65 -57 -79 -41 9 -89 -5 79 -26 -34 -73 20 -7 28 -78 -7 89 45 88 20 -2 89 -78 -36 -23 29 61 -60 -94 -29 -88 -14 -32 44 -91 50 -27 86 57 15 31 79 -47 33 22 -77 89 -98 33 91 13 63 95 29 58 -24 -25 -56 -48 97 18 -4 17 93 80 -51 -52 -69 -60 -57 8 45 -61 -21 -54 47 -59 -6 -24 -97 -46 34 -44 42 72 6 60 -1 -76 -74 76 -28 56 69 10 37 -8 7 23 80 -31 -63 -34 39 54 -42 55 -86 -34 -35 -83 -46 82 -51 67 76 -66 36 -85 -90 94 61 -51 52 54 3 91 -86 -21 -51 -84 -8 -52 -24 -16 -55 31 -44 93 93 -58 -65 45 -43 13 19 91 34 -18 47 66 -73 -77 11 -53 -23 -66 53 -9 30 -49 -53 -2 39 -76 -55 -26 -8 85 -39 69 -68 74 48 89 92 -96 -57 35 58 15 -52 -38 20 6 -47 -23 58 -80 54 -30 41 45 89 -21 5 45 -28 44 86 -71 -63 53 47 0 -34 -91 88 -63 63 -98 -92 -74 -45 40 37 36 -26 -61 -42 -72 88 -50 14 30 -90 23 88 84 -31 98 81 34 -39 -88 8 -82 58 87 83 -71 -97 23 84 -30 -62 72 -97 -65 -58 -1 83 36 -49 -18 28 99 -80 29 -35 45 90 39 42 -28 -42 -28 61 -78 8 -57 -37 -76 29 -5 -92 32 -59 87 -45 53 -97 51 -13 -42 14 -86 -93 13 76 22 -9 95 -62 94 49 75 31 94 -2 67 12 -13 25 60 -74 72 37 27 52 -85 -54 -93 83 50 -99 26 95 -12 22 90 52 89 67 30 24 -43 -76 38 -4 66 23 -90 -20 -74 -19 41 -81 43 -51 -35 78 42 -28 35 -46 15 -66 -55 -5 44 90 17 -37 -16 -24 -61 -22 48 36 -15 -22 70 21 29 -69 -1 20 -1 45 89 -6 83 2 91 75 80 99 94 -56 -89 -44 -17 -92 -96 -97 -82 -91 76 -65 -16 36 3 86 -47 87 38 65 -96 9 92 
59 -78 -59 -14 48 76 -21 41 84 30 -64 81 -66 35 15 26 80 -99 5 -6 81 -89 52 73 73 86 64 -91 97 69 97 -88 -43 -85 -34 -30 27 72 -50 15 49 -36 -13 43 66 94 33 22 84 70 -50 0 48 -95 90 8 4 -23 72 43 -82 -15 46 -57 50 -96 -3 94 -75 -44 68 -70 -84 -38 -71 84 -66 49 -3 91 13 -38 41 -93 43 -30 -30 48 -10 -76 48 -57 -69 7 -39 99 93 -12 34 49 -92 61 93 71 -15 23 66 -18 30 50 -50 -69 79 -95 54 14 -76 -27 58 -70 -12 -43 68 65 53 83 93 60 88 -5 95 -48 -80 53 -3 -41 -62 -58 51 78 -37 46 -48 -69 74 -42 -87 -10 -76 -22 66 -48 1 -34 -39 36 49 -41 -92 -3 -50 16 9 17 19 59 -36 6 -35 -94 17 12 -84 -88 7 -86 35 43 17 63 -77 41 49 -89 11 -93 95 -25 59 -91 -51 -21 -94 -62 83 88 41 70 -9 -10 -94 -98 -92 -16 -78 -79 -68 -6 44 13 48 92 -18 -46 13 95 -87 60 -12 -37 72 2 -94 -95 -40 -25 37 -95 -62 4 86 -86 -89 42 12 23 -75 -59 20 -13 -35 -88 -99 -37 72 29 39 26 -88 -25 38 43 -79 -27 -53 33 -35 71 5 -33 35 -23 -59 80 43 -93 -33 -11 47 -32 -16 65 38 -17 -55 59 12 50 21 -15 -70 56 -80 -41 18 -52 -14 -77 19 -30 -69 7 -91 31 -13 -47 78 0 -46 36 -75 -3 -59 -96 17 -1 33 -74 -1 -9 1 85 -3 44 53 75 88 52 19 23 -1 -63 39 -81 43 8 4 90 39 -44 35 82 -93 16 92 63 -97 -7 -37 70 8 22 97 65 -8 3 73 62 -95 -60 50 18 92 -26 34 -43 40 77 -12 81 -9 74 -51 7 52 10 -82 -55 73 62 11 30 -71 -22 43 97 39 -3 93 -56 15 -7 -33 17 -62 7 -34 -60 10 2 -59 11 -83 -84 -20 -14 -64 25 40 38 -47 33 -67 39 94 -46 49 45 -93 -51 38 -87 83 -10 -68 26 79 28 -39 48 -23 -55 -51 -7 38 -99 -36 89 -92 -27 99 64 -53 59 96 -41 88 -24 73 5 10 47 -21 -80 85 39 -78 81 45 23 30 26 11 -7 -93 36 30 -83 8 87 35 24 77 40 37 -40 -50 -53 1 -1 20 -33 -56 -58 0 80 41 -23 -5 -85 -58 -26 57 45 96 -31 -7 -86 9 -90 39 40 -39 80 -29 78 52 80 -48 -76 
-27 -28 -64 -50 -50 11 -68 7 -49 35 18 18 -79 -8 -56 -92 -8 -47 -5 -42 71 24 56 42 42 39 -79 54 67 30 -92 38 -14 -24 15 -61 -21 -36 80 6 60 43 8 50 -22 -17 0 -88 -93 -46 -19 67 25 -66 -56 13 -54 -5 13 4 4 15 -29 4 -60 20 -65 -57 31 -29 37 -54 63 92 -77 27 -41 52 85 -17 27 -85 96 -31 -72 38 60 -95 -77 -32 -48 -4 27 -31 37 -39 -22 39 -88 4 16 -1 67 -8 96 2 69 -67 -47 98 3 77 -80 36 -98 82 -55 70 48 -37 -1 -90 -88 59 83 87 -48 13 20 36 -86 -75 92 -58 -16 6 75 -78 33 44 27 -52 35 46 -71 -83 35 -7 23 90 -41 63 47 35 -46 -81 30 31 -98 94 35 8 -16 5 -70 93 -54 -55 31 -3 79 65 -36 24 11 38 -88 84 14 49 88 -47 57 -22 -79 -47 81 -5 38 -11 88 -34 -96 77 -86 -28 -92 72 58 -6 -94 -32 18 -66 54 15 38 28 -28 -5 -96 91 -21 45 88 -26 51 3 -21 71 56 9 60 -48 17 34 38 50 -10 97 -94 -31 19 -28 -62 13 -26 -64 36 90 -74 -98 -88 -72 46 79 8 -53 -86 -13 72 94 81 7 43 74 17 61 -91 26 -83 -88 82 46 -62 8 9 -35 -26 64 73 -74 -32 -81 59 56 -48 -32 -14 -43 34 99 74 39 21 26 11 -86 -12 -62 18 -17 -62 58 -2 -98 -57 -61 78 78 16 73 92 -68 -60 -42 -18 -56 7 81 71 90 47 4 -31 43 -38 -31 -53 18 -76 -93 -59 -35 22 8 75 -30 25 -44 -60 72 -86 34 52 -64 -7 -9 60 80 -35 -75 -10 -66 33 20 -43 5 38 71 -18 27 70 -61 -69 -87 46 26 -53 -84 22 -90 0 95 55 -56 -77 59 62 54 85 55 93 -73 16 32 -12 -66 -15 -9 -39 95 -8 -55 48 -65 52 -71 -66 -24 58 35 -47 -81 -56 -10 -59 65 87 54 -8 -85 -69 87 40 -85 36 28 83 -8 -56 -45 21 69 68 4 -7 56 50 -53 -79 49 2 49 76 28 -64 30 -14 54 74 -32 -62 -70 80 -43 30 -22 14 59 72 -96 -62 -45 91 13 -23 67 84 63 17 61 22 99 51 -20 37 -55 86 -16 -15 97 -41 -55 -94 -8 -36 6 1 -64 -70 26 18 -25 18 -61 20 76 32 91 82 -90 53 -70 33 -90 21 -58 -11 38 -15 51 -25 -22 -40 -44 11 -80 24 -60 
4 -65 37 59 35 41 45 -47 -31 9 95 64 -74 79 9 37 60 -8 8 11 0 -57 35 -76 -90 -60 -89 -63 -53 -73 -17 26 68 -14 -60 -17 9 -68 -38 6 79 18 -95 -63 65 -80 13 -98 57 -10 -77 29 -86 85 -18 -74 52 -44 -77 52 -77 91 41 -37 71 95 -13 -79 11 -58 -12 3 7 -24 76 84 -1 -30 -62 1 -44 71 84 65 23 24 -78 -58 -19 -69 -11 94 -75 -45 -54 -57 -66 -67 72 87 88 90 -41 76 -17 -50 -88 52 2 -96 -62 -92 -68 -63 28 84 0 46 92 20 -17 -38 44 87 52 -82 -10 -80 90 93 -98 65 68 -2 -15 54 -45 -63 50 8 64 -79 -89 26 -55 83 98 14 94 -98 14 -93 -71 -56 39 14 49 -21 12 12 -48 39 -5 -71 92 78 -8 65 -88 -4 83 84 -47 16 -98 54 -69 1 -10 12 -64 67 -50 38 64 -31 2 24 41 -1 -71 35 -86 26 18 -84 77 73 51 -7 -42 -17 -55 45 81 50 -31 -77 -63 44 72 -70 -2 -48 -23 17 84 -78 41 -41 63 -98 -62 95 13 -28 -85 27 -11 -10 -88 -42 43 -53 -18 81 44 75 47 53 57 97 -69 -17 -63 91 -13 10 60 17 75 -41 67 -61 48 -65 -67 -7 41 92 -94 95 69 -30 98 2 22 -54 12 78 -46 -99 -98 38 93 17 52 20 -55 10 -88 2 39 58 -87 -41 -51 -81 71 -69 -32 38 15 -14 -34 -62 95 -74 -96 -44 3 -30 -84 -54 -80 73 36 -95 89 64 -97 -94 2 -52 76 -78 41 73 74 44 70 -42 74 18 20 -76 -76 -67 -76 21 78 -12 82 58 40 34 12 77 -20 15 -24 -50 51 -49 75 -74 79 -90 71 -11 -62 -61 18 -22 23 -50 69 29 74 56 -85 -76 -56 -47 90 -83 48 39 57 47 27 79 13 63 -69 92 54 -65 17 10 4 -60 64 56 -84 88 21 -87 91 87 29 36 -18 61 42 52 51 -89 70 0 -23 -87 22 60 -47 -13 27 41 40 -98 7 -24 -48 92 -73 -49 8 48 -46 -50 57 79 -50 31 81 -4 63 -79 31 3 52 46 -58 -2 -41 -53 -74 32 38 -62 -85 17 43 -79 69 6 -57 -2 -76 15 -80 66 -79 47 4 94 86 -51 -24 19 13 20 85 73 99 25 40 25 -30 41 -59 16 3 68 2 -79 -38 39 -57 77 -2 -60 -38 94 12 31 -89 45 -88 69 -40 -94 87 -18 4 -60 -87 -24 83 78 
-89 50 58 -58 -53 36 -98 15 -54 -57 -32 93 84 -30 -61 -34 -90 -2 -69 60 52 -96 -58 -32 -5 40 -8 64 20 96 -81 49 13 24 -9 74 -38 -33 -24 6 47 -67 9 -85 10 -17 -81 -29 35 -87 5 -50 -16 -3 -73 87 -14 -60 44 96 -91 95 55 44 -78 -6 22 5 49 99 68 -8 75 -47 65 -31 -13 -81 50 99 -7 -65 90 84 93 -47 68 -22 90 -43 99 -18 -88 76 81 2 -69 -18 44 84 -18 70 40 -36 17 76 -49 -81 67 -87 95 -31 29 -48 -47 63 -52 39 -72 46 -82 28 -86 26 5 73 62 -48 43 9 31 -38 -15 -87 25 -53 -29 -94 25 -82 -46 27 91 90 39 50 -97 -16 -41 52 -48 -70 58 89 -17 -99 -54 -20 -53 -43 -22 -42 -98 -86 -7 -13 -92 -10 -51 -94 59 84 -74 57 28 74 29 43 66 36 51 -14 -7 -38 -54 -65 -46 36 -62 89 25 -94 95 39 -14 -20 52 -83 49 42 -59 70 -93 -35 -25 -7 -99 25 51 -59 -85 -24 61 26 -14 -29 60 -42 83 30 29 -44 69 -16 71 62 -39 96 -8 -78 -42 13 50 -77 -39 -65 7 85 54 11 70 81 64 51 72 -41 -52 -53 62 -54 -27 37 48 61 63 74 27 -37 -83 27 17 -47 20 -90 28 -17 -34 68 39 -17 -88 -7 -36 -66 -56 -56 -51 96 -97 46 56 81 -25 -87 -65 85 3 -44 -3 7 22 -33 -87 -49 -30 -35 -65 31 11 65 68 -5 -22 -34 -12 27 -5 28 -4 17 24 49 -6 12 -86 5 -58 -96 31 -33 59 -10 -74 -62 -25 -73 17 44 -54 -87 63 -11 3 -39 98 -50 44 23 7 40 35 -44 95 37 -61 -20 32 -41 34 -81 -31 10 72 -29 19 -74 82 13 -79 -92 12 -65 -97 -67 65 -17 69 -71 83 -24 -23 -52 -66 16 -17 48 1 89 -17 -18 -42 64 49 85 9 67 -88 11 -41 -54 50 -56 1 -2 55 85 -77 -40 96 48 96 4 52 14 69 -39 27 22 -64 -93 97 -90 34 3 -13 86 84 -3 85 -94 -31 49 57 -28 -43 67 -72 64 -46 -16 -66 85 58 -45 58 -69 -66 -52 -80 -9 78 -5 -11 -57 35 -7 -27 69 28 4 40 16 63 -16 -65 -95 38 -94 2 49 52 -55 11 -88 53 4 -35 84 -68 0 26 82 74 -20 79 -24 -25 -45 77 -78 17 -69 86 43 -32 67 92 -46 -19 2 42 -81 23 61 40 -40 -52 58 -44 26 
-88 -65 63 -76 -49 82 72 -68 -85 71 -13 -43 70 -54 -54 -14 -77 15 82 23 -99 40 -41 -92 49 -52 11 -39 -15 18 26 2 -30 32 -44 -35 46 -80 84 30 28 55 62 -79 -78 16 22 -62 11 72 -62 -17 -41 -95 72 21 -37 -52 -6 6 -11 47 52 86 46 -33 43 92 79 -95 -90 -78 1 81 80 53 -48 -96 -72 88 32 78 -30 63 -35 -62 -81 86 -96 67 68 17 92 -26 -12 49 -69 13 10 15 13 -21 87 84 98 -12 28 89 -81 31 91 -10 96 5 -28 -9 38 -54 -90 -36 -71 43 -69 79 13 84 -2 92 54 -96 22 77 58 81 40 -42 -33 72 39 -4 92 21 19 -42 24 17 78 -12 -57 66 6 9 -63 -63 86 -96 45 -68 64 -21 30 35 -13 47 -65 11 -2 -53 -39 32 60 -34 -9 21 -38 67 19 74 40 39 92 30 46 -59 76 -56 -11 34 -7 -70 -23 -35 49 66 -39 -75 12 32 73 -50 18 92 -81 -43 -90 -89 -14 27 -4 2 85 -40 10 97 79 -29 -61 53 35 -92 43 20 6 7 81 -14 79 6 -95 68 -10 93 -79 72 49 -44 58 30 -99 -28 -19 -48 -77 58 -66 -8 -28 10 95 -17 38 -9 -38 77 -31 20 -56 45 -44 -50 70 -24 -49 -63 28 -10 38 42 89 -83 -5 -1 -21 7 70 75 10 -33 63 -4 -35 49 20 -83 -43 -31 -37 84 32 91 84 41 -51 4 -95 -1 16 -11 13 61 -28 36 39 -30 42 -87 -69 -22 36 -64 -22 97 -57 -39 -50 8 -46 23 93 -24 -12 -34 36 -69 91 65 79 30 -63 -53 -15 87 50 50 13 40 69 74 -20 -35 53 9 15 -89 71 23 77 86 -12 35 83 -36 -36 41 -69 96 29 -63 49 -59 -45 -67 -26 -43 -16 82 45 62 -63 -37 43 -70 80 -38 -43 -5 -27 -60 -5 4 -61 -72 66 -51 -39 -49 97 47 -63 55 -65 72 81 -53 -53 0 10 -78 6 50 99 -24 -43 -7 49 29 60 -59 -19 8 43 -27 -64 83 53 60 -42 -8 14 -80 -96 -79 1 -73 40 -16 84 -20 79 15 -83 49 -6 43 -94 -25 -60 -91 65 -36 9 54 -91 -31 84 18 -63 -11 -22 -10 -32 80 -1 30 -74 38 -64 -97 -88 -48 -12 10 7 65 34 21 16 -78 42 95 -10 -22 83 -98 -43 62 -61 -26 20 58 27 34 -70 58 1 8 -1 99 48 24 32 2 44 78 -78 0 -54 -39 97 44 
93 -55 -3 -72 75 35 31 23 93 56 -46 17 19 75 77 76 70 76 -9 -96 -27 -67 -2 -21 -64 -8 49 -82 -31 46 -97 47 75 11 63 -18 -32 3 -12 44 -70 34 1 43 -13 -74 72 57 14 51 -48 69 -50 -62 39 27 62 49 -8 -86 55 -77 -2 0 16 -92 42 12 58 -52 -36 -45 1 70 -97 -53 1 -4 -80 82 -52 79 -58 -21 65 16 -4 -12 71 79 98 42 69 29 27 1 -9 45 -64 46 23 76 40 74 -22 59 -54 98 51 23 -94 -69 36 -95 35 -22 -16 4 -76 62 -13 -26 61 58 55 2 51 41 -79 -35 91 -56 49 -9 -22 -47 41 88 -36 97 -97 75 -74 -56 88 61 -82 39 18 69 90 16 13 84 -78 -59 -32 74 4 78 35 -65 -65 61 -94 -43 84 -94 -48 42 -62 40 -98 16 -42 91 -39 19 -44 -33 -9 -26 -26 -89 67 28 -69 34 -57 7 37 29 15 20 37 49 70 31 78 73 -17 70 56 -13 -95 -29 -76 -25 -46 39 60 59 -95 75 2 -97 -20 83 85 -88 26 24 -22 42 49 82 -83 -12 4 -60 -42 -39 -13 -86 -74 -45 85 -5 -42 87 -52 -84 -44 46 76 -71 11 44 25 -75 -2 43 47 -56 68 27 -23 -23 -30 -13 -55 -1 -65 -97 -71 45 27 -2 -10 6 75 21 3 -33 -21 83 65 81 -80 18 -9 -45 23 58 -56 49 93 -76 11 -43 7 -82 -91 -8 -35 61 85 66 59 -7 16 -15 -32 -70 91 -21 10 91 78 82 -77 68 44 40 63 -48 35 86 56 32 83 -62 -84 15 93 27 -49 30 46 -93 -71 -18 71 39 -56 -69 30 -69 78 19 -29 5 29 68 64 -24 33 13 -49 -7 -35 85 31 95 64 9 -57 12 9 95 -85 27 89 -30 42 75 51 35 18 -70 -40 -21 39 52 -5 -78 42 21 60 28 36 -26 -20 -91 10 -62 31 -7 8 -19 -2 -24 -96 17 -58 57 63 -74 -43 82 95 82 -29 -90 -39 25 52 25 -49 26 -50 77 13 94 2 -42 -48 -32 -54 23 92 -34 -73 19 -57 -7 32 38 -87 -44 68 79 21 21 46 50 -71 53 -18 8 72 43 54 5 48 82 84 -15 -32 15 76 -18 -24 59 -53 -2 4 69 -15 -60 14 -9 77 -76 -73 -90 -4 63 -23 -7 41 -7 69 -18 5 85 25 60 -47 37 17 -91 -24 50 -49 18 89 52 40 -43 -30 81 -27 51 -50 77 60 -94 44 -19 
-79 -33 -96 -67 -81 19 -20 19 2 83 17 -75 -32 4 -59 38 -45 -73 0 15 -84 -40 -94 81 -96 -43 67 -99 -84 97 94 -75 -45 23 51 -56 -93 -78 34 -63 -46 -1 29 20 3 55 13 -82 -28 -66 -65 17 74 46 -80 50 -29 52 -43 -89 96 35 -71 -85 53 -58 -19 35 99 58 -31 1 -36 52 22 -75 85 8 -17 22 98 -84 29 -50 72 -85 88 -68 -19 -52 23 -74 56 0 75 67 -97 30 -64 48 -54 -76 -65 1 29 83 -92 70 -46 10 -17 -83 -55 -54 -34 2 -20 -9 98 -37 -12 48 18 57 90 -68 8 -7 -99 -7 -97 52 67 74 23 22 61 -5 78 -18 -2 -2 -39 -7 98 25 38 -76 44 96 49 76 92 21 -27 47 10 -98 -54 -65 26 -69 16 79 -60 64 -60 -23 16 86 69 -49 -19 -90 -57 7 59 -47 86 -38 92 -82 54 36 -27 -4 -3 -1 -65 -21 -11 -41 -31 -62 21 -77 -58 -90 -61 79 94 -15 31 -40 -18 9 33 10 42 -13 96 -74 -1 -67 39 -34 86 99 79 -89 -98 24 -85 -98 -67 -27 -55 7 -94 -44 -49 -99 12 -18 59 24 -74 -43 17 81 -94 -80 -66 -14 -52 20 5 87 5 53 88 13 -10 97 -19 88 96 -77 24 51 39 -56 -81 43 -72 96 -72 -13 -84 -56 24 -1 -46 -66 76 76 -95 50 38 -17 11 42 37 30 -74 -81 -76 11 -42 5 -90 4 64 -56 -1 5 -19 -54 89 54 -34 87 64 -34 72 78 -53 -39 80 93 -99 0 -99 -22 87 -85 15 -60 24 56 57 -36 -1 43 -54 -46 94 -21 24 4 79 60 74 -29 -41 -49 -77 -4 -85 98 -2 -54 -34 47 -86 -30 -57 51 -56 -61 -86 -93 -88 76 98 -24 98 -96 52 -76 21 -51 -93 4 12 39 -57 84 81 -72 94 42 25 -1 22 -6 5 -8 -10 -16 -28 92 29 72 88 -55 31 37 47 50 65 22 -84 -86 -69 -88 68 -4 -5 -73 37 -26 14 -21 -21 44 70 7 41 75 -41 21 79 -95 25 95 -69 -32 97 92 96 -84 9 -42 -37 33 -79 38 -26 78 -24 65 -76 -99 80 53 -81 65 -78 83 1 -80 59 99 20 -59 -99 12 97 77 11 37 61 79 -33 40 -1 -34 61 69 41 -80 25 51 53 66 46 -26 -49 -24 -64 48 -25 -51 46 -14 -71 33 67 -45 89 -3 29 60 -60 -11 -30 75 -29 38 12 -81 28 11 90 66 -14 94 10 -53 
93 85 81 -45 -99 51 23 9 -15 72 15 -48 -10 -86 24 -84 -27 -49 -70 99 -61 -98 -16 -70 4 -88 5 -82 -72 70 -52 4 -53 34 76 87 29 -21 35 -73 18 14 -19 -73 -74 11 -54 -16 -84 69 34 -23 75 5 -72 -58 -49 -27 77 -87 60 -58 -15 77 87 -78 -83 -41 -78 -55 -56 59 -37 -60 -52 -34 -61 -66 -43 77 -32 -23 21 -65 0 60 77 89 32 8 28 51 82 -81 -10 -8 71 -19 77 -90 -81 -42 19 -44 -60 -3 -24 -14 -20 -74 34 -99 41 34 -31 96 42 -27 -56 -61 54 31 59 97 -64 -59 -88 68 -33 36 -21 -22 75 89 -50 -70 45 61 -60 -1 -83 88 98 -74 96 -66 40 80 -86 48 -14 80 70 47 51 -23 8 10 -23 -74 90 -24 54 97 24 8 96 53 88 -62 -75 -89 -9 -11 82 50 -62 28 7 68 -31 -15 7 5 -87 58 96 46 -67 -8 25 8 -64 21 16 97 -88 -90 -28 -34 -74 91 97 -75 -38 -9 -65 69 13 67 -12 -62 76 9 -43 -36 -72 -70 34 -44 58 11 -88 58 -92 49 -10 -30 -73 -80 95 -66 57 -79 36 7 98 50 78 -63 -46 -70 47 -73 84 -55 -3 38 -28 55 -20 -14 -90 -75 98 -84 -73 72 46 68 42 28 69 50 31 15 -2 20 48 -76 -47 -24 34 22 -4 38 20 79 35 70 82 25 -66 46 -75 52 64 -19 25 27 2 43 74 -48 43 -92 40 32 52 -13 -92 91 -58 -1 -24 82 56 -28 88 -39 -9 0 8 25 -98 -59 -12 -26 -34 82 77 50 86 -26 18 3 -26 -73 56 19 81 -39 16 35 -26 -14 -54 42 -68 -14 8 2 0 62 10 37 -26 39 29 66 -93 80 75 -61 -60 -30 -85 26 -30 90 96 -42 -19 91 -41 94 59 75 89 -35 -64 -29 11 -59 70 55 63 -95 -16 4 -43 -97 -66 62 54 83 83 -33 -82 -9 14 -56 -40 90 -76 -44 35 75 -48 -30 -66 -93 -71 46 -27 -17 95 -61 -12 2 47 -71 59 -81 -91 12 30 76 -15 -1 27 -66 38 -71 87 -80 -37 95 -75 -24 19 69 46 -79 -83 26 -50 -9 -22 -33 -17 30 87 -65 -61 -55 -95 75 61 -99 56 62 -44 -51 50 -18 35 80 -36 14 -52 -8 -26 66 47 58 -15 -45 -88 95 -31 93 92 22 -22 -26 41 -60 8 96 -77 3 -12 -18 -72 64 9 2 -62 -65 -60 -23 9 49 9 87 -68 -38 32 -30 
4 19 61 98 75 -62 -64 92 -9 -70 -83 79 32 94 20 -55 -53 -32 13 51 -23 42 -21 11 57 1 60 82 -59 75 -31 43 21 14 65 -8 -65 67 -75 -34 61 -69 74 -10 -12 79 66 -31 63 9 -88 -44 -23 -43 53 -24 21 30 81 33 96 33 50 38 -64 -69 -67 12 -81 -37 -13 35 -97 92 7 93 34 60 -75 32 -93 3 31 -31 -55 95 10 24 71 -83 -34 -47 -67 69 12 48 33 13 96 -38 57 -93 45 32 76 89 47 -53 -71 -65 2 11 -51 -41 -23 -94 63 -61 -89 4 30 -32 -42 -53 -40 -54 2 63 -89 34 68 6 90 -24 99 -11 -5 -4 77 73 72 60 54 10 -86 -53 -34 78 31 94 30 -72 -37 88 -23 84 6 19 -19 -97 77 31 -91 69 -62 -89 97 30 -23 80 60 89 -86 -6 -21 27 -35 -31 31 -36 58 33 54 -98 46 -88 24 65 -59 -90 -78 -53 91 36 84 -91 -35 46 -2 46 -8 74 -31 -25 79 21 89 92 50 22 80 -4 -67 89 -50 63 -96 -1 -85 82 81 -33 76 74 -46 -56 79 -91 -15 -19 -94 -46 -82 -96 54 71 -23 87 45 -67 92 31 -95 42 -45 -6 26 45 5 -91 70 93 57 3 -24 57 45 44 -76 84 -12 42 7 -33 15 24 -84 85 -75 4 -17 33 63 -14 37 -68 -61 -64 74 -91 -67 62 -68 18 -57 93 31 30 58 -43 -76 77 77 88 -37 -71 -11 89 -36 -51 -46 -91 -14 -87 -20 -64 91 -77 -55 -94 32 -56 -19 9 81 70 -7 -94 -69 92 0 -36 65 95 -64 -97 -82 -90 -78 13 23 -40 -57 -63 -51 -84 36 -5 -36 -32 78 85 48 -61 23 -38 49 95 -24 40 -89 -28 -77 -55 18 38 -42 1 92 -54 -55 -29 60 -91 14 19 -84 -49 7 6 23 -82 -42 -12 16 40 46 -5 -88 33 36 26 85 89 -10 -96 -76 -28 -82 -39 -77 34 -32 71 -72 86 -64 -52 -61 89 -20 -60 56 -17 45 57 -89 -38 14 -21 -44 -13 99 53 48 99 -55 -21 -58 -77 36 23 -80 0 76 -52 82 8 -76 46 85 98 -44 -34 60 7 -81 -4 -82 -23 -59 -20 -51 -45 69 -89 6 82 -90 -30 41 78 -88 22 12 31 7 98 0 20 39 98 -98 40 -89 -22 -22 -75 -1 38 37 -78 79 -72 -63 -35 97 -22 45 14 -13 70 7 59 -11 56 69 -52 6 16 -34 -33 -79 18 11 73 72 -62 31 37 
-44 -53 -54 -4 -64 -52 46 7 -20 -30 61 -97 -9 69 -34 44 93 87 -22 -71 32 -74 77 50 -78 49 53 51 -24 66 -76 6 -99 80 2 28 -10 92 14 33 89 58 98 49 -83 -44 -6 44 27 -62 32 -17 89 -23 -19 -27 -94 30 -57 58 6 48 33 -11 61 -6 -25 7 -28 13 57 26 -83 15 -52 53 -67 -89 -90 31 -93 27 -56 -49 -37 52 -68 -69 -82 -5 -56 6 -10 94 88 -26 -91 -29 -86 -46 -13 -46 8 63 60 5 10 7 61 45 -53 -58 -39 -96 -33 -35 82 95 -1 -50 -87 -90 -3 -95 4 -49 -40 42 -38 91 79 -15 -78 90 -28 -81 -99 56 -32 34 32 -1 83 72 63 44 -30 -76 -10 -88 -68 -49 -38 -69 -11 57 -32 20 1 40 -82 29 -53 -22 -92 -5 71 -72 -4 -71 46 20 22 10 -88 -51 0 -11 98 19 74 -31 23 -49 -21 16 -44 -69 47 38 -25 42 -15 -76 -65 -27 57 31 -92 56 16 -92 20 -53 53 42 -33 60 70 74 45 73 -31 -1 -84 63 57 -82 7 -45 -12 -66 -8 -47 87 41 76 -26 59 -37 92 -36 -53 75 72 23 61 -9 -66 -6 -46 97 -83 4 -45 -3 -74 98 -62 -20 69 -80 -83 -32 -26 -29 58 -22 82 80 -82 81 -80 9 15 -22 70 -43 -40 -53 39 -38 -26 54 97 -41 -43 -50 53 -41 72 15 13 48 1 59 55 -8 -22 -7 -56 -47 -52 7 25 -23 32 22 22 -49 43 62 -7 75 -32 -67 -84 46 13 45 -91 -86 -41 94 55 -11 60 -6 51 6 -26 -60 -4 -51 43 24 -5 17 49 78 85 -98 -16 -46 -87 6 17 -13 -85 72 75 -72 49 58 -58 -47 -43 23 86 19 -79 -31 -49 4 -10 -78 78 11 24 -93 36 13 -38 -63 -34 98 -66 -12 50 -3 -16 5 -61 44 43 -81 77 -78 28 -9 57 -89 37 63 -7 30 -48 -45 -93 41 54 51 4 -45 99 -54 88 -96 66 21 -25 74 -43 -92 46 99 74 -84 67 -75 55 30 -73 38 -16 99 -35 -6 -10 -42 -41 -79 -91 22 78 27 -42 -85 94 38 2 -69 -54 -74 81 6 87 -71 68 -32 -5 -46 39 -93 91 38 -40 -13 -25 66 -43 73 -87 -18 19 83 97 83 78 -9 -94 36 -89 -94 -40 -13 -51 -45 -5 28 -35 -46 -81 59 -75 18 -67 -59 -27 -70 46 15 -81 -63 92 -46 99 -3 11 -25 -56 19 -41 89 43 -35 63 22 32 40 
15 27 -15 50 -54 88 -63 56 9 -31 -85 26 46 3 85 14 -65 94 74 18 81 -56 -79 -61 0 -9 -7 88 -52 -72 81 42 -26 81 25 -73 28 17 -19 -58 -77 -52 -49 71 89 -12 17 66 -79 57 17 -98 85 -33 52 -15 90 -7 -30 -46 81 -10 -5 -31 11 8 65 86 32 84 -94 22 57 27 63 24 -65 -74 14 85 -21 27 -57 94 42 -54 60 89 -64 11 -7 66 -85 -35 14 -73 -25 -44 27 -76 -66 -74 -26 14 41 -47 46 72 -11 99 -73 24 16 -85 15 8 -47 -18 16 78 -46 -44 28 -38 -57 -68 60 -83 -35 69 46 -1 -43 -94 -72 -76 84 -66 37 -36 -98 -12 16 -2 -15 -38 77 82 63 -97 64 9 9 66 -13 70 -94 35 2 -31 54 -47 72 -34 -31 -85 -80 55 -94 -23 -78 -54 36 -66 22 -48 83 6 49 55 -1 -68 -98 -99 78 49 62 -81 57 82 53 76 32 75 -1 42 20 -90 52 76 71 81 -70 25 70 75 -33 -73 -42 81 -67 22 97 -43 98 -66 -15 -65 56 -5 30 -57 -27 -72 -67 -32 -1 -59 -62 43 36 82 -6 -87 -95 -95 59 -55 -54 58 30 16 5 -20 8 59 42 -81 -3 17 -15 20 34 13 66 39 36 -41 -74 5 -74 -6 -70 -68 -1 -72 36 52 37 72 73 46 -96 34 -39 18 29 -14 -4 29 -37 -13 78 72 -69 -44 -17 27 1 -31 -87 71 38 -27 71 46 -77 -18 -7 29 -49 -15 -61 86 27 91 -30 -78 -33 10 37 67 40 -69 -24 -3 86 92 -12 66 -68 -15 -34 75 41 -15 77 -58 -84 -6 54 27 61 -64 -56 68 95 69 84 -93 -55 -64 -10 -2 -29 -3 65 -68 -15 77 91 -38 -19 -13 -20 -88 75 98 42 30 38 -56 -86 66 72 41 -92 -88 -18 48 -34 85 -6 28 -45 -52 -60 -2 -53 -88 -45 -42 46 82 10 19 56 -26 -66 -88 77 88 67 72 10 62 69 15 55 -34 73 -97 89 -4 -5 83 -21 -60 42 -60 31 -64 -30 -22 88 -42 -71 54 42 -50 50 81 33 52 -44 20 -70 28 -18 -34 94 10 0 -98 -56 75 72 91 -74 26 90 -40 76 95 -16 -23 -68 80 92 -7 -67 -43 -92 66 -21 -43 36 -47 2 5 -78 -68 13 -83 -25 47 97 -78 65 41 -68 88 74 -78 -80 -19 62 58 -33 -94 -33 68 67 9 -35 50 -75 -3 88 35 37 -5 -25 79 9 -76 -12 1 -6 30 
-77 -87 83 37 -40 -45 10 -55 -17 -79 -66 -81 -65 40 66 13 -4 79 32 -68 -62 -42 -10 -33 -54 -95 26 -38 73 87 28 -10 40 -47 -54 -54 96 -17 -56 98 -94 -10 50 -34 -47 -3 28 42 87 -2 2 14 52 12 31 -18 78 -34 -42 -5 50 -39 -63 87 61 -66 95 -84 -55 -75 -72 -12 97 -42 79 56 93 24 -71 -4 -98 44 87 -4 17 -53 71 63 -66 85 -29 -54 -90 -62 69 -95 73 -38 56 78 8 -36 -84 50 -57 -24 -3 30 -59 -63 26 -61 18 -80 15 -78 -73 -24 -93 -66 -16 -53 -18 34 27 -70 -76 54 9 2 28 -5 -26 -56 73 22 3 -75 59 20 58 77 -11 28 -73 -77 -6 -66 -10 -91 7 7 14 -38 53 42 21 -87 74 -27 48 -52 -40 54 39 38 46 -65 -48 83 65 57 -13 54 33 -80 -38 77 -22 70 -6 83 59 -3 53 73 -76 -85 90 -9 -23 -1 -50 -41 14 76 48 18 -39 -21 -90 -75 -36 -64 -83 0 -14 96 -94 74 68 -69 -95 -33 93 43 46 -46 81 94 -52 -4 -36 -35 -82 55 -40 -92 -45 47 -49 -21 42 -82 47 8 15 -20 86 -59 51 65 42 -56 0 -43 20 -15 -21 -66 -42 -85 -51 91 -16 -70 -65 -15 -81 92 30 -46 -99 -13 93 60 19 -73 93 -11 -77 -75 -60 62 26 -30 7 -21 26 20 22 -54 64 -55 96 -31 -7 -15 98 -39 -45 71 52 -36 39 15 -76 14 -67 40 -52 81 24 88 23 10 -42 94 -39 21 -19 -87 56 -20 58 -23 38 -19 97 -83 83 -10 10 -20 -16 -39 7 -90 33 -98 -83 -78 78 43 69 33 -68 -20 52 -98 13 1 -33 -16 71 -41 -56 -98 -62 79 81 -60 -55 -57 42 -85 -37 -39 -9 7 -93 -91 -85 46 -95 55 -52 -13 -55 -26 -60 -62 23 -33 -59 -76 42 65 -66 -26 67 -58 6 -36 -18 85 20 -62 -92 -24 -75 76 4 -50 14 45 -42 95 30 10 -16 56 -72 44 -31 -41 11 -85 52 11 -8 -57 79 -23 -51 -67 74 -53 -75 4 50 -53 85 -84 -99 71 -83 52 -53 -64 96 57 85 18 72 91 69 83 -39 -33 -34 -26 -41 -82 73 -77 63 78 13 -17 82 -33 66 8 -35 -48 83 43 2 90 90 10 76 -22 -70 -83 -95 -85 -76 -92 -78 -75 26 57 -46 -91 60 -22 50 69 -29 -85 -32 -93 12 -39 1 39 84 -96 -2 83 59 85 40 52 46 -63 -96 -25 
-22 62 -31 -10 -13 94 -91 83 -36 70 89 63 30 -7 -69 -65 57 65 -92 64 -52 17 40 48 31 -79 10 -10 -60 -74 30 97 58 -94 -73 -71 -81 -18 -31 -24 20 -72 -93 54 -79 -72 70 -9 -52 44 16 74 99 76 81 99 33 72 17 62 30 -8 -81 -63 32 -8 95 3 65 12 24 80 -23 69 -95 -8 -48 -39 30 -24 10 -47 65 12 75 -26 84 -87 70 25 -29 -97 -85 -25 -44 43 85 -58 55 -28 56 -61 -22 -13 96 78 37 -74 10 62 -1 22 19 -29 10 -17 -76 59 -40 -73 -75 60 -70 -91 -95 -23 67 -4 -88 32 -65 88 -37 46 -53 -17 -47 68 -2 -66 -38 63 -19 91 57 78 -50 -10 -58 -50 28 75 94 54 95 37 -44 28 -70 68 -12 -59 71 35 -98 13 57 -16 97 -55 96 56 55 61 55 37 -8 -19 -71 -69 -65 55 -41 56 -77 -51 81 -55 71 -46 -36 -32 -34 5 83 -75 -96 -83 -16 68 -3 80 54 28 -20 79 49 -52 -70 48 -60 -3 89 -84 96 -70 -70 -57 52 49 -34 -89 3 26 12 92 68 -34 -88 92 14 -57 94 -92 5 83 9 5 70 3 29 47 -15 -55 -92 66 67 49 82 35 -21 61 66 -16 27 72 6 67 69 59 -84 76 45 -55 15 56 29 80 -9 -13 35 79 91 70 -52 27 -3 -93 -88 67 -4 87 47 -75 -20 52 26 -35 73 54 9 8 82 -4 -77 39 -38 16 -49 -21 90 -30 77 18 96 -56 56 -10 86 29 12 -4 -71 -47 -76 -54 -42 -6 5 -74 -17 -90 -44 -94 26 -88 -95 22 -19 10 75 96 -86 29 -61 21 -60 -48 19 -54 8 25 -99 79 -81 20 84 -78 -34 79 46 -63 85 -49 56 11 73 75 59 50 -97 -80 53 -85 -16 34 43 -14 25 -88 22 97 47 79 51 -76 -84 67 -46 18 -52 -21 47 78 -91 89 4 10 -5 74 3 43 67 -42 -53 78 66 -15 26 -94 73 99 0 -52 65 -92 86 94 -16 73 33 92 93 88 48 -8 -38 -97 -29 20 -56 19 96 17 -8 65 -33 -72 41 -57 -65 6 -87 -9 29 -39 -98 -46 -92 56 32 -56 -27 -98 -29 68 -95 -51 -67 96 10 52 -18 -49 49 82 -88 -85 -1 33 -32 -34 97 69 -45 -13 -65 -35 -88 -75 -38 36 83 -21 32 94 -70 -28 82 -19 19 37 -16 15 -46 -23 -88 47 -98 -95 -55 58 -51 40 -15 45 -77 -45 21 13 
26 -78 -26 21 -63 12 84 -49 28 53 60 -46 1 22 -30 45 -51 -4 17 83 21 30 -82 98 -64 81 -49 44 -83 20 3 -74 -41 -88 -49 -35 39 3 17 46 43 92 -69 22 -96 10 -77 42 98 -29 -88 -79 38 83 -90 10 -10 70 92 -61 19 -23 11 -51 64 53 -91 -22 -50 -92 -7 -79 57 -68 -3 -89 62 22 -54 -63 -80 60 16 54 -31 51 -10 79 22 -88 54 -34 22 9 -15 93 -52 38 12 -62 6 -56 -74 6 -63 -56 42 32 62 10 17 17 37 86 -97 75 -59 -15 45 22 -16 -88 25 -13 -33 98 11 -68 -8 17 -96 -49 61 -73 70 99 58 -36 -3 -30 -69 54 65 -61 56 -2 86 5 -7 61 38 48 -54 -99 7 32 -62 90 57 65 91 73 -96 -49 -57 66 29 27 44 -45 2 -4 -56 -36 28 50 29 10 95 90 -53 -76 76 65 83 -25 81 24 -69 -41 -33 -74 -13 83 14 -34 60 36 18 -91 -34 76 -55 -51 21 -57 -8 65 52 -71 4 77 1 75 80 9 91 91 75 -18 -8 73 -66 38 -68 -12 -17 -7 -64 -96 63 -36 69 18 -9 97 -71 59 52 -76 3 26 97 73 -1 83 53 -22 -94 71 28 84 -59 -66 91 92 26 -79 -32 -16 -63 -66 74 -29 -83 -68 -11 -66 79 -23 54 62 67 -29 8 -52 97 -24 -60 33 -88 63 -7 12 -18 -34 -8 75 80 16 75 -8 -57 -13 -32 6 -87 96 -5 -15 -2 21 52 -51 16 -43 -84 66 33 44 99 -68 70 -54 32 2 96 -6 62 64 19 0 88 -37 13 -15 76 -93 -22 57 13 73 -78 -20 -19 -56 -70 -22 -57 91 -11 44 -31 -74 -75 -7 92 57 42 -94 12 -94 78 63 71 5 -81 48 -55 6 10 -49 -73 -19 0 -93 55 -26 -2 20 26 -87 58 57 -1 -35 61 75 -6 -55 -40 48 26 70 -58 57 -33 -72 11 88 -4 70 85 -86 -33 -80 94 -88 -98 -76 63 69 -19 -81 48 29 54 93 -18 60 -93 -79 -99 35 -27 -7 4 30 -70 28 87 -47 -2 89 61 -57 -94 64 -19 39 -41 44 -58 -30 -30 55 12 -31 8 50 97 73 10 78 96 4 -5 -61 -27 27 -71 -95 -78 10 2 18 -92 30 -1 -45 13 59 -55 80 97 -35 98 -97 47 -53 -49 -61 69 -26 -98 67 23 93 -81 -65 1 20 10 50 70 32 66 -92 -29 -35 -20 89 -10 75 -9 74 -93 91 87 2 
34 28 47 -42 -2 81 -16 -28 -63 -99 47 35 -45 47 98 -13 -66 -84 65 38 46 0 -5 64 90 -85 -94 95 -75 -83 -65 -78 -40 11 -54 -65 -96 -20 78 33 -60 88 96 -73 -53 70 0 -1 90 20 18 -82 39 47 1 39 7 72 -20 -23 20 4 -79 62 63 18 36 59 48 46 14 -9 45 -87 -71 -11 65 53 -66 -1 34 -97 23 84 -31 -48 -97 66 -57 -31 -20 -86 -28 45 -66 51 91 -28 -8 -48 -61 -77 -98 -50 -85 92 84 32 -18 -50 61 -67 37 47 -74 40 -98 -49 16 -36 -52 -46 -45 64 75 62 -55 -54 40 -79 -37 61 64 -21 -67 -27 -80 -54 51 -38 14 48 92 35 82 3 47 46 13 80 71 -90 -83 -90 -36 -50 66 70 -64 -34 -51 -23 -22 -3 26 46 -27 -46 -54 -18 -71 -19 -13 95 17 -23 -65 46 58 63 60 -97 10 47 -8 -22 12 -15 -68 16 -32 27 -30 -16 80 66 -65 22 40 82 -9 -91 -39 -80 43 35 -99 -13 66 -17 -26 12 -21 45 53 14 -40 96 52 -50 34 -24 49 -57 -31 -23 57 7 16 62 -41 -22 98 28 8 37 -31 -59 -42 -9 -64 -50 -45 -24 17 -70 -34 75 -13 0 47 -82 -83 88 64 17 -8 56 -89 -85 -58 -11 -97 21 91 40 70 89 -2 82 15 79 42 8 -93 2 -65 -24 62 62 85 85 -92 -73 36 -49 -86 -77 -6 51 50 53 29 16 -10 90 -30 -28 33 -3 74 58 -90 -31 66 -46 17 99 6 62 0 31 48 12 88 -90 25 96 -91 -42 -22 54 38 -22 -27 -44 20 90 -84 -84 -75 -96 -78 -71 28 6 -67 43 -49 39 -50 0 49 71 -23 35 -74 28 -35 47 40 -16 -72 17 44 -59 -18 83 -65 90 -43 21 -14 56 -23 -50 31 34 13 -73 50 89 -70 -73 27 32 88 4 -34 7 -18 -73 -23 90 3 25 53 25 44 68 25 -77 97 -27 -64 58 -10 -26 63 58 -7 53 8 -55 91 -22 -36 59 -86 -34 -32 66 -85 -17 67 -1 77 90 -6 9 -72 43 59 -85 58 -85 43 12 22 -15 -54 47 1 66 -7 -1 89 84 32 -5 91 32 -94 56 -19 -68 75 -8 -62 85 -58 -35 -23 4 -48 87 0 55 50 49 -19 90 -86 -70 79 4 -82 -60 29 39 -45 43 -89 -95 97 -12 -21 14 -27 -20 -51 17 -15 61 -83 74 -37 28 69 61 -16 -71 19 -68 78 -67 50 37 -21 84 
-11 -37 -2 -94 -31 20 73 37 -49 66 -53 37 -78 17 25 99 -79 -92 -34 -48 -11 -65 79 40 70 -54 -32 -21 -85 -71 49 47 31 42 40 42 -19 -60 43 73 51 57 -71 67 47 15 -94 -28 3 86 -21 34 57 -65 53 2 -20 95 -78 -48 -81 -28 -51 -65 61 57 -26 -53 36 25 29 -69 81 15 -2 -64 28 68 88 68 28 -10 -99 81 -41 -15 -31 -72 -97 -56 21 97 -44 57 41 87 33 -82 -97 5 73 30 67 3 24 33 44 4 79 98 -89 75 -96 -74 -92 -3 85 -60 -34 28 -22 -22 31 28 -37 3 -95 70 10 -71 9 -31 -58 39 3 -17 -30 64 37 63 63 -45 54 42 -82 62 -12 -87 -56 47 -2 8 55 -47 -71 -87 57 89 -5 15 -30 -74 24 -49 2 -69 97 56 59 -6 27 67 85 16 84 -21 -63 -32 14 -79 18 -48 31 4 93 -51 -99 22 69 61 50 -53 -65 -61 88 91 -2 -17 -44 -93 74 -33 74 63 32 -9 -24 -6 -59 3 -3 -55 -93 94 -22 -87 -31 -90 16 50 75 -76 17 -14 -24 60 89 94 -18 66 64 -87 -85 -6 53 64 -97 50 -16 21 88 -8 -35 3 -15 44 -37 -73 1 43 -46 58 -70 -53 57 -49 -60 -20 -7 95 54 49 51 -51 56 10 49 43 74 -39 -26 -39 -83 -44 91 12 -55 34 -11 68 90 18 8 1 1 -7 10 -45 -80 -83 46 56 -41 -72 96 -80 85 -49 -38 71 38 83 94 -60 -56 43 28 -85 -14 -42 6 -8 -20 32 83 -69 33 -10 -4 73 -9 82 41 -98 -43 28 52 -44 40 -54 37 -20 -4 -23 36 -18 -70 -67 -28 16 90 -94 43 42 -6 -53 -37 -7 -46 -5 -55 -56 71 89 -87 52 16 71 -79 22 66 -15 -70 31 -2 -3 -29 73 20 98 1 -80 18 -35 -59 -69 -96 -48 46 97 -64 57 69 -32 -74 -60 13 91 20 -91 51 -24 88 -7 -88 -17 -62 24 82 -38 66 -56 6 56 -92 84 18 -4 -75 98 -60 -17 -7 94 -75 -26 31 -28 38 33 -34 -13 -64 36 81 -49 -2 86 -45 72 -99 -41 -96 3 -47 87 77 74 11 5 -82 -96 66 84 -9 -51 -51 22 -88 -19 28 -15 93 82 80 -13 -5 -95 16 92 -30 17 -33 -62 77 2 -42 35 -40 76 -5 -42 -74 -56 -73 -68 -28 -75 54 66 68 -39 -95 17 -43 99 -64 -27 92 -35 -60 46 81 59 36 -64 -21 0 15 85 
30 25 -4 -53 -34 58 36 -49 25 -73 -94 25 -82 98 -65 -37 23 -60 33 36 -49 35 23 86 99 69 -57 -50 -19 -82 -4 -80 -55 -78 -82 93 -94 83 -81 -2 16 51 -28 44 -16 -85 63 -46 -62 -35 -84 -86 -8 16 65 52 -50 40 66 9 -34 -64 53 -86 6 25 8 84 -9 -81 -20 23 58 -74 74 98 -89 -12 -84 -54 57 3 -60 -29 -48 -63 9 73 -67 -35 65 -30 -4 -33 85 -57 94 61 -68 32 -89 56 -95 7 -21 -28 -87 -72 -19 96 -3 -5 54 -58 -61 3 75 22 13 47 66 96 77 50 48 -80 -64 -26 69 15 94 81 -64 -13 -76 92 47 76 -5 97 -72 77 88 -17 -23 64 27 36 -77 28 48 -37 75 18 54 -33 9 -36 -73 73 -95 2 -83 3 -83 -69 77 -81 -82 -14 -85 -61 -73 -98 -12 24 -78 -81 66 -76 -33 -30 -38 41 -63 -90 24 63 -55 -69 -6 -67 85 66 -35 67 78 -33 90 19 -51 44 71 -57 -64 -71 -97 59 96 -21 -6 80 -8 -4 -52 63 67 78 96 -85 36 -82 85 11 75 50 83 37 98 41 95 91 -46 57 80 -34 90 -78 53 -74 -46 52 95 86 28 46 16 -25 0 -37 60 -12 41 -52 -38 58 -15 55 -67 -93 95 27 -27 -72 -81 29 -28 24 38 35 -60 91 -4 72 -66 82 18 59 -82 -49 -86 -72 -20 50 30 -26 -71 -10 37 -18 -20 96 -31 60 -51 -49 77 -46 -16 97 74 -46 8 -16 99 -30 19 39 19 -30 86 -8 97 3 5 -38 54 -53 -27 83 32 55 43 -5 -3 5 -71 -55 -22 27 -97 -72 -64 24 50 -70 -76 -65 -58 -43 -69 -94 32 67 88 81 92 13 10 -56 23 45 19 -99 -49 -54 -96 -11 29 -76 78 -27 59 20 78 -9 -62 -50 -28 24 -97 62 99 -73 79 -97 -67 -85 80 -77 38 -27 92 77 24 71 76 -4 58 68 48 63 -49 -93 -67 -90 -68 -74 19 27 -73 -45 48 15 -13 20 30 -78 -5 -79 86 -93 -72 -29 -65 77 -79 -18 73 -51 -54 30 -5 -98 -54 79 79 25 -27 95 57 40 -81 41 72 -32 31 -96 36 46 14 -89 -27 10 44 70 -79 -93 26 -21 76 39 25 -12 -42 74 59 -68 -66 -41 -74 32 93 -35 54 -75 14 37 -84 89 -10 91 -91 94 16 38 -66 0 30 53 -28 -66 29 -1 73 54 -95 -89 1 -28 13 -1 -41 -5 -17 72 21 -22 -8 -30 
-94 20 -1 -32 -88 -58 -96 28 55 18 -76 -95 -31 51 89 -11 -93 0 14 -95 -73 -32 -90 63 87 -27 -75 -70 -47 -33 3 -61 43 65 -16 84 -99 -80 69 -89 -19 43 -58 7 -62 62 -38 -70 -72 62 82 44 -97 -49 -36 96 -94 82 -68 -68 28 -76 -10 14 83 -6 10 -57 -67 -44 -40 48 59 -73 35 6 49 -38 -39 -26 47 7 44 13 -91 14 63 76 52 -26 -39 37 70 -61 42 30 94 -97 -46 -57 -22 -91 -33 -37 -46 -88 -30 -92 -17 8 17 -97 -45 -7 -14 -7 37 -86 -96 73 13 88 -14 34 85 -31 -4 -84 -75 -52 -24 -20 50 -33 94 8 40 -26 54 13 -1 -15 70 -75 -12 -88 70 -74 27 -65 65 -78 -12 -67 54 72 -12 97 29 -39 -1 -48 -24 -89 78 46 95 -33 -61 -51 -53 -12 4 76 74 -53 -69 -19 73 -16 62 25 -63 -49 -48 6 95 -69 8 -61 70 85 -9 66 5 -46 -97 -73 -3 -18 -83 -63 -18 -75 -50 60 62 -29 -58 17 -81 -32 39 -5 -13 -14 -3 74 52 -48 20 34 58 41 82 -31 -76 -39 -57 47 42 -39 -46 33 -26 81 99 43 12 28 97 96 -62 -91 34 51 32 -50 -76 29 -56 -26 -57 -77 -56 6 41 68 5 9 -3 47 18 39 74 -72 16 -58 -36 -71 50 -23 -82 -40 79 -68 -99 61 98 59 -19 28 6 61 -53 -62 -42 53 6 37 -62 71 -90 92 -72 -84 82 -91 82 22 99 15 -89 -26 -99 9 -31 -73 73 25 28 93 62 20 81 -21 -27 10 -55 -45 -98 8 85 86 -95 -53 -19 51 -37 -75 90 -1 -26 63 -55 71 -74 42 44 11 -33 0 5 -5 41 87 -36 -16 16 -67 -41 -24 28 43 27 18 -14 98 -60 3 78 54 40 45 -31 99 47 -51 -17 -79 91 -2 -94 44 94 69 37 -93 -76 97 -88 26 -65 79 66 70 20 -71 66 -28 -27 90 -96 -28 72 31 43 -60 -7 -15 -91 34 39 -3 60 74 -91 -18 80 82 -89 -30 75 75 -45 -10 76 9 0 43 42 47 -3 -71 93 81 12 -81 5 67 34 -83 53 34 -36 -53 -82 73 3 32 -17 -51 20 80 -28 -6 44 -6 30 -25 50 13 -79 -61 78 29 -53 47 -39 -95 38 94 -93 -20 -55 37 -45 82 5 17 81 -57 65 38 95 70 -26 24 -91 8 77 17 -68 55 86 54 23 -69 78 -67 -33 9 40 29 85 -27 24 86 -21 -66 
33 -54 57 3 34 9 55 -55 -97 -62 -66 44 83 43 -49 14 -93 62 54 4 78 61 23 -47 87 -61 -3 -12 43 -43 -51 -73 88 -39 -8 -3 34 51 -99 4 -42 -98 -17 10 91 90 -38 29 57 -34 4 -86 -14 21 -64 83 -96 -43 12 14 70 81 58 50 -92 -40 93 4 -6 -52 -89 42 -15 -53 -1 44 56 59 -36 73 64 92 53 21 83 -74 -10 -22 55 11 44 -62 -51 -40 -87 -11 69 37 46 -65 -47 80 -24 86 75 -35 6 -89 46 46 -33 10 -38 -99 59 49 -99 23 -48 -89 -40 24 25 71 -96 20 -4 56 -2 -52 -51 57 -69 26 69 56 99 -21 37 -61 41 76 63 1 32 -89 95 18 79 -48 -3 -85 9 -16 -39 92 70 84 5 -72 34 -22 -19 75 -8 -42 39 -97 -92 -61 7 20 1 38 21 38 71 -94 -23 -23 41 84 -18 55 -92 5 -61 -93 32 -94 -17 -90 93 74 62 51 46 -26 81 -61 -6 -75 42 -57 -3 81 23 7 50 -2 -65 -65 52 -16 -24 -38 9 -67 -9 49 83 -34 -16 -64 -60 48 65 77 -83 -26 72 37 -31 79 82 -78 15 -48 65 23 -9 -37 -55 -1 25 15 -7 -45 -23 7 96 -49 -99 75 9 -96 -84 38 70 -59 -59 -17 30 -95 82 -59 78 69 85 -74 -47 -34 91 37 -73 -93 -80 1 60 -12 -11 -2 48 5 -64 -26 -60 5 9 -20 -94 -8 -34 25 -75 6 39 43 -7 59 84 -58 -25 74 -4 -11 -50 -44 -59 94 -49 -91 -66 3 -86 33 -47 63 -65 64 55 72 9 -54 84 -17 66 -93 -86 -83 71 64 -1 -68 27 -46 -72 -22 24 75 68 46 -83 60 -54 -81 43 -45 -34 77 99 62 -68 -26 36 -56 -94 -62 -86 -5 -33 87 -31 82 66 92 -43 34 89 -35 44 85 69 66 21 17 -60 -33 0 -16 32 8 83 16 -33 -58 51 89 -54 34 -62 28 -32 77 86 75 -34 82 87 -21 -2 34 47 -24 -50 30 77 -86 76 -31 90 97 -12 -86 85 33 -2 26 -70 -81 38 76 22 -79 -1 4 38 -98 -44 -42 -46 11 80 -61 -49 -40 97 -58 39 -85 94 -60 -32 34 -85 -87 -20 -14 -92 11 31 -7 59 64 61 20 58 -86 50 -18 77 -99 40 -14 -57 -45 -49 -51 -52 -1 -57 81 -21 23 -33 94 9 -81 -77 43 27 -63 57 -93 66 -68 99 35 -15 -19 29 -35 13 -44 -26 -17 39 -40 55 -50 
-22 -2 -31 -97 28 94 31 -55 45 -23 -51 67 66 -21 55 12 27 3 -78 -32 -66 47 93 -69 95 35 -5 48 66 23 20 -3 -84 -3 -21 97 -81 -45 -14 11 42 -72 -95 18 45 38 87 94 91 67 62 -80 38 -56 -27 52 32 -91 24 -77 -94 76 -53 26 62 -85 44 80 -94 71 1 81 -1 73 48 -49 98 -54 26 -99 50 -90 67 -46 -57 -30 77 67 -87 -57 -73 -90 10 -81 78 61 -30 -65 -81 29 25 37 58 -92 28 44 -80 16 -60 -5 -41 -61 -52 42 93 27 5 -50 29 -57 -62 -99 46 74 85 6 10 95 -31 -32 32 17 91 44 -44 6 87 70 -63 62 -5 -58 49 -53 -1 45 46 -70 31 -28 -68 7 -44 -59 76 -20 79 -74 -54 79 -35 -10 96 78 30 78 98 -82 46 -28 -5 31 68 -61 8 27 -62 21 43 75 -64 -79 -37 -49 -8 -49 -83 -52 -80 61 -32 61 -19 36 33 -55 82 54 -25 15 86 -96 -62 95 10 66 26 41 73 5 78 -88 14 76 -16 -39 -80 -51 18 -1 -87 -8 -26 -79 -48 74 -23 -21 65 -50 -49 -99 -96 13 88 55 -82 2 -28 80 -37 94 28 -86 -58 -84 -66 -11 -11 79 41 -17 13 -40 6 -36 -13 65 -55 33 -23 73 4 -60 -27 -90 -88 -58 67 18 -71 2 -57 50 44 52 -94 -25 30 10 -37 -46 -73 -88 17 -66 52 59 -86 99 -38 -3 -7 -72 -6 56 -52 -64 23 14 46 -83 56 87 -73 93 30 -6 72 -77 -95 -30 52 -26 95 -42 -29 15 45 -27 69 -3 67 49 -62 -55 -11 74 58 92 48 94 22 -37 -6 52 9 42 28 -99 54 89 1 -97 46 -58 -88 -7 97 -34 -66 -34 38 -25 -18 67 -54 18 73 -87 -15 -22 -42 -34 -58 -51 -3 -95 62 -22 32 99 -24 1 39 74 45 -81 -46 -18 -66 76 -59 -72 -84 -22 -97 -41 -68 39 -58 51 51 -79 72 -22 64 -68 60 81 -60 -91 -87 75 -59 -22 88 -84 -70 98 79 52 -72 35 -94 -21 -90 80 38 -8 54 -39 -31 1 94 -91 -81 -28 28 96 64 -15 73 -25 86 -52 -35 73 31 83 27 67 92 -38 40 -7 12 0 74 86 14 -2 54 -2 74 -34 62 -70 -25 19 50 -42 96 43 -62 -23 47 -72 45 65 92 64 -92 -56 6 31 -54 -39 -77 35 -21 60 -3 36 -17 -36 -8 50 19 -35 -4 22 -72 25 -5 -83 -8 -20 40 -10 
-45 -69 -22 -25 -10 -93 -83 9 30 79 -21 -40 34 -2 -30 66 4 -4 66 49 69 57 16 44 -98 -61 7 -41 71 -90 -83 -60 -18 -93 -61 27 5 63 -68 72 -8 -45 70 9 99 -42 -75 4 -71 33 -11 -9 -98 -85 80 44 -4 67 62 88 -10 21 77 77 -73 -38 -27 63 -71 -12 -96 31 -24 52 96 47 -55 -7 3 -2 13 72 -4 -3 -85 -94 51 11 9 41 97 -81 75 33 1 64 -33 -74 23 20 51 45 98 -14 -95 -32 -95 -96 -12 -48 -45 92 -43 -90 70 85 -47 61 -68 29 -78 86 66 -43 -32 -7 -86 60 -6 -41 -86 -71 -29 -68 -5 -62 16 92 -47 34 26 -52 79 93 43 2 9 39 -25 -56 7 13 -40 -38 -64 75 -48 9 -81 -15 13 81 10 -14 70 7 15 -20 57 14 44 -75 31 86 20 -28 -1 67 -49 -67 -83 41 -27 -29 -71 -49 14 -25 93 55 1 -11 72 -89 27 83 -91 -42 -70 -95 91 -84 -67 -43 94 73 98 55 -6 23 -82 5 -39 -25 7 -58 78 -64 27 -81 -31 32 -46 -15 1 61 26 74 24 69 -12 64 90 -90 -21 9 -53 7 -14 40 -83 46 74 -73 3 91 30 -73 -93 -9 42 -69 69 -96 -81 -85 -59 -57 -55 41 68 85 51 -25 7 -96 25 -78 -96 -85 94 -84 -37 44 0 59 -18 68 44 90 21 58 75 2 62 96 -14 82 12 25 68 -36 6 83 60 -19 -26 2 60 96 -12 89 53 -99 -89 -13 20 65 -45 -20 61 91 -56 71 86 80 64 33 -12 88 48 -89 -40 -84 -21 -66 -33 -76 -97 -94 83 33 -62 -49 33 43 -20 39 4 -35 -50 28 -92 18 -91 -36 -16 -51 34 -69 -31 -38 62 -71 64 -65 -91 -29 71 6 82 -91 -90 -75 5 47 88 87 43 -37 -99 -56 -84 77 -44 -78 -4 59 85 -54 -20 71 54 -39 -89 71 -97 -46 -35 -77 18 -7 -83 36 95 -4 17 -9 -52 5 77 -84 -60 -49 40 -77 -75 16 -68 -51 57 45 85 62 -84 40 97 -4 77 -65 27 -83 -2 80 -78 43 -53 98 -17 -10 23 65 -21 -85 28 95 96 -47 8 78 -47 85 43 47 -83 45 -96 -18 -94 17 68 -66 21 -62 14 -40 -10 78 -19 -84 90 -19 70 -31 19 44 86 -19 96 87 -49 -21 12 47 -67 48 -49 19 -22 1 65 49 -31 -91 53 40 80 16 -70 -45 -7 90 40 96 -8 38 -17 48 -85 -87 
40 42 41 86 38 15 -38 40 -22 -17 49 70 83 -63 18 -29 -59 67 -40 -68 -72 14 -6 30 -88 -1 -97 -32 -31 68 -76 86 -36 -72 -21 -2 73 25 -19 -21 -99 -4 -94 -70 47 48 -65 70 81 -71 94 20 81 -74 -63 -28 96 11 -71 -61 -14 -27 6 62 89 49 13 6 73 -19 -85 47 65 -20 77 10 90 -46 -17 45 -82 62 67 19 2 24 55 -88 32 54 -57 36 24 94 -3 95 -50 -23 -66 98 -29 -87 38 -75 -65 -13 46 -25 -75 14 -94 -34 71 -33 79 -31 81 38 63 79 -63 -88 -36 35 52 94 13 -62 -77 76 15 -39 81 -19 37 -78 14 63 -96 -16 -92 58 -10 -66 -55 74 76 -68 19 92 -47 64 4 26 24 -58 17 -38 -15 38 -34 -93 73 -93 94 75 9 -91 -10 53 85 23 -22 -27 74 77 50 76 79 70 -98 -26 -72 20 -55 -91 33 59 -21 85 -82 5 16 26 6 -55 84 81 0 52 -7 -72 -90 44 -82 42 69 -47 82 -7 -7 43 -80 66 6 -72 46 59 47 -80 -88 -21 32 78 55 -80 -77 48 33 -53 -2 84 -66 -77 -28 25 -45 12 -29 81 -22 41 0 69 49 81 17 64 -26 -86 1 15 -36 21 29 -7 -20 -65 -56 17 39 15 7 28 -98 1 80 41 -35 -39 -17 15 57 35 95 -69 41 -72 69 4 42 32 43 69 71 -81 19 -21 -4 -49 -61 82 43 24 41 73 -99 -11 -77 63 69 91 -76 61 15 -84 -48 39 29 -23 17 18 -57 -94 1 -99 -60 -25 61 -35 -43 -27 53 -29 -99 44 -71 37 44 44 64 -42 33 72 91 -34 62 -45 -11 -96 -9 -7 -4 1 12 -45 -19 25 -6 21 24 37 -38 70 47 -97 -86 -60 -23 -34 93 -17 86 -44 70 -33 63 -37 -12 85 -26 -76 82 7 -49 18 -98 -6 34 -14 -31 -47 -8 -17 90 -91 92 62 26 -29 -30 0 -11 19 45 47 -96 34 93 -81 92 38 -50 69 41 -89 41 90 -27 -96 25 88 -22 60 -73 82 66 81 39 66 33 59 -92 -85 48 -37 -53 -79 -29 62 -83 -69 56 3 -91 -67 47 -11 38 4 -31 25 98 -64 -84 96 68 46 59 -88 84 87 -94 58 67 40 -96 20 5 91 88 35 15 -11 7 37 -80 71 -70 61 -76 41 11 -40 76 -41 -13 77 4 78 85 52 -94 66 59 81 72 9 32 -76 -14 -26 -14 0 81 -20 -18 55 -69 73 
29 -62 31 -86 -1 -25 61 19 -21 -54 -65 16 6 85 -10 36 25 39 -41 77 90 -59 -71 -57 -96 67 -46 87 -67 -28 -28 20 -68 -38 -99 27 12 65 -99 -61 53 45 -62 -78 61 -13 39 -4 -19 38 -92 70 47 -5 -45 68 62 72 -49 56 -76 -38 16 23 -64 -63 19 85 41 22 -11 -96 21 41 37 23 6 66 99 36 11 -86 -20 -31 51 -56 64 -82 -70 -14 70 -71 -69 -70 49 23 -81 61 22 85 59 33 64 -5 73 -63 4 42 -28 89 30 -54 -81 94 49 -14 94 -96 -63 86 16 -97 -12 40 -25 -91 -63 -10 71 -1 22 -76 -51 79 -52 -10 42 56 -46 -70 70 -43 -30 11 83 10 69 -34 87 -11 63 66 13 -84 -72 -41 -74 -5 91 -10 30 73 -56 55 -28 7 68 -39 11 -7 83 -64 60 93 70 77 -2 16 -63 -20 -88 43 -53 -20 -7 47 -77 12 -37 81 69 -82 -57 7 -7 -99 -94 -11 69 77 38 -1 -68 2 10 59 -39 -45 0 -3 -36 -6 34 38 -27 -25 4 -19 -45 91 -87 -78 41 30 4 48 -80 40 36 -69 10 -62 98 -77 53 33 -30 -63 -49 82 -59 -98 -60 -61 31 9 2 -35 75 -3 16 51 -18 -67 -78 13 55 -90 20 21 97 -69 23 35 75 -59 15 99 -32 10 -37 -73 -18 7 0 -93 -7 52 -22 -41 14 -30 -19 -26 -48 -5 -93 -16 -84 33 70 80 70 16 -75 -40 -34 -37 -6 30 78 89 -3 52 68 50 -38 83 -77 -5 -13 -6 -57 -26 65 -95 -77 -16 69 21 -83 -11 -75 -44 -89 13 -59 63 82 90 -17 -45 -46 47 1 52 -14 -97 -16 90 67 -73 61 70 -40 75 34 -16 37 -97 -38 96 -31 11 50 13 -42 8 -89 61 -22 24 51 -41 27 19 -66 80 -96 -40 -93 -95 55 -3 -84 16 78 5 -69 -82 15 85 -48 82 30 -5 59 45 61 -50 20 30 -76 -11 -52 95 44 71 32 56 -98 -49 -17 3 -42 88 -60 92 22 87 10 -29 93 63 -51 76 -29 97 44 -57 -15 -82 68 76 99 10 -97 46 62 -70 -49 59 38 -4 79 22 29 -57 -61 50 28 -22 75 -94 19 92 78 7 37 -58 44 -40 -63 -15 -3 -65 -1 41 89 -12 -15 52 17 -68 -49 -50 5 97 99 99 -72 10 46 -72 6 45 -17 96 9 -34 59 74 -90 -24 38 88 30 -95 94 96 -38 -9 -40 24 41 14 -8 -75 49 -9 
47 25 -61 -85 -60 51 -39 80 26 57 -43 -62 -89 -22 -31 36 55 95 70 46 -96 55 -80 26 -83 93 -88 72 -42 32 -83 29 -5 -14 77 -60 82 55 -19 -77 32 87 -49 73 42 -75 97 83 -66 -66 97 48 59 -76 -26 89 -38 -95 -4 -96 -44 -22 -79 99 -22 -26 66 -43 94 46 50 -78 -69 31 -37 16 -45 -81 -15 -51 -67 60 -28 97 -29 39 82 75 -16 31 -59 -65 76 62 -76 -80 -54 -22 -95 0 -23 -7 -99 -17 -33 -9 47 -25 -9 94 -3 -31 91 62 -31 -59 26 -2 17 -95 -86 -25 -60 87 -14 -14 -2 -96 90 -17 -62 -3 -26 57 -60 -23 27 68 -64 -81 10 -86 -87 -32 24 -10 37 23 -4 -68 25 -4 63 34 -3 -19 64 -26 -36 25 -14 -97 58 41 -89 -69 -75 70 -19 26 -92 -20 -20 -32 -7 -61 -71 86 10 -49 27 94 37 66 -9 -29 -3 -74 -62 -83 -15 89 -82 46 -97 51 -74 -95 24 -73 -58 88 -15 53 -18 -88 42 32 -86 62 64 -42 45 -60 -7 -11 -34 -59 -96 -66 9 -35 -93 -1 18 -80 -12 -86 65 -72 83 34 68 77 -59 -3 12 -73 75 96 -1 18 -12 -23 23 51 -86 4 37 28 26 -90 65 66 -15 81 -3 91 -89 -62 -37 -53 31 -18 33 -56 86 97 -89 -73 -75 11 52 -78 -14 35 -85 72 -35 -86 -98 -16 19 -78 69 -34 -44 -36 12 -8 78 1 -44 38 6 -80 88 -99 -48 69 95 85 30 -50 53 1 -63 -78 -18 44 -75 -52 97 84 -47 66 95 -63 35 33 -70 47 -21 74 -33 -59 91 91 -69 21 -54 -74 -98 42 -18 46 25 -53 -64 -11 -63 -64 52 35 -54 2 -96 68 -1 -88 50 -93 66 80 -89 -43 28 -79 -81 -93 -31 45 85 39 37 -39 -22 1 -90 -20 22 -48 1 45 83 62 -54 -59 98 19 80 23 40 32 -82 -25 -12 11 86 -24 66 68 59 -93 6 14 -6 5 34 -59 19 48 -85 86 -91 -64 35 -51 -23 97 -88 -98 21 -1 -7 -49 87 79 3 -38 -2 -35 -78 -91 -30 66 16 81 -26 -66 -93 89 -80 32 -57 -99 -25 -36 2 -90 28 1 -8 -4 78 26 -29 34 -38 2 90 -35 2 10 84 57 46 -81 40 38 -40 32 -98 33 18 4 -80 -70 94 80 -41 -80 71 -26 -62 12 -42 -40 -13 17 -27 83 3 -64 46 94 39 -93 -49 49 -50 -93 -20 -80 -64 -13 -30 -31 -66 -62 
-62 -96 -42 -14 -12 -64 89 21 11 44 -3 -72 -3 -11 36 -46 -6 -66 -56 8 53 44 -40 8 -93 -61 6 -5 73 58 -46 -15 -41 -24 -65 77 39 66 -62 -7 -99 -73 -96 93 92 -14 -37 -71 -47 -32 36 -54 38 15 -37 23 59 -99 -80 -69 10 -65 26 95 -80 40 32 -10 -67 -55 -84 55 -65 -23 -45 -66 28 -67 -28 -4 -56 -29 -30 64 -28 70 2 -68 -61 -59 -34 31 -94 -11 80 -79 98 -36 9 83 23 77 4 36 3 -36 -53 -98 82 17 -69 -76 99 -92 8 6 -39 -86 -70 73 -45 -7 -21 93 -71 9 54 8 84 -52 36 -50 42 -99 -71 -10 -95 54 18 75 53 25 -16 -92 -67 11 26 -26 95 -85 -55 85 30 -15 4 -53 97 -91 -99 69 -21 -15 27 -63 34 -22 28 68 88 -60 53 30 -89 -63 90 -93 0 -29 -84 68 43 34 -75 -33 69 -90 34 -86 74 1 50 44 -4 65 -19 28 25 71 -80 -16 -22 -90 -46 -94 76 -5 -47 40 41 77 -90 84 -81 -35 94 12 86 21 -60 -53 -98 -73 81 -99 63 44 -31 32 83 69 -98 15 -86 50 -39 67 12 39 -43 -73 36 15 55 -21 80 -72 89 -54 77 -97 -60 95 66 56 49 37 -46 -98 13 56 -8 -7 15 -3 -56 41 -65 -86 32 37 30 12 17 62 14 -59 68 8 -40 53 13 -67 -5 -96 -96 -44 22 80 18 17 -54 -32 46 56 -18 -65 -99 -39 8 1 89 -47 -85 36 55 96 -76 -15 65 82 98 -15 -16 19 15 -55 57 52 -52 87 53 29 11 -3 53 69 3 -77 -9 16 -3 -79 -12 78 98 38 74 55 69 -43 -29 -39 48 19 -82 -67 -78 -46 21 -28 -77 -57 -29 42 69 5 -67 -93 27 -46 71 -61 -4 20 -90 -94 -53 -49 -94 6 81 -68 -8 49 -40 -5 61 40 48 -35 -68 1 -18 29 -6 88 55 -52 -82 -30 78 -16 -24 -70 -21 81 14 -18 -27 71 -38 -54 70 -54 -80 12 2 -82 -95 -95 75 -96 -26 88 -19 22 -11 -5 -80 -57 -46 -76 -70 -68 -82 48 63 46 -91 -75 -98 56 33 -66 91 -66 53 -20 17 85 -17 82 -40 -5 -90 -21 50 -37 6 -14 23 -62 -36 30 30 9 21 -50 -17 85 -88 -59 71 -5 92 24 80 55 7 79 62 92 13 -70 -58 90 13 -52 -67 -79 -63 -52 -58 -24 -14 11 45 -73 -74 21 81 67 -78 -28 31 69 21 -63 -83 36 
42 31 74 -37 22 60 4 73 -60 -68 -15 -9 -79 30 -6 63 35 -14 -16 89 -18 -92 48 86 82 -50 11 27 81 -17 93 97 -70 17 70 -49 83 -43 -58 -13 -10 -4 -90 37 -57 -90 -85 -97 -93 71 -65 -68 52 55 52 4 -16 -59 -82 -25 -18 5 -82 20 20 85 -57 -61 -16 90 33 -94 43 -62 -46 13 -98 -6 47 -44 -26 42 65 -16 -18 -97 -56 41 61 4 -61 51 -57 -23 -27 19 -89 -55 -66 37 21 1 31 64 -42 -55 -22 -27 6 -48 -50 -83 -9 72 -45 -61 55 17 -18 -86 -4 61 -57 89 97 -3 -9 -1 45 98 29 -79 -59 87 -97 -71 37 -61 -77 -4 46 -82 -6 43 -42 66 64 -14 76 32 -92 35 -83 97 -59 -48 -42 30 -18 33 -87 -19 -38 92 -68 12 28 -6 33 -30 -61 -5 -9 -50 27 17 -82 -80 -2 74 89 -27 6 -18 -70 26 -43 63 81 -97 -34 -47 47 -45 75 85 98 -33 0 -18 -58 -51 57 -24 54 -92 47 23 -37 -5 40 -80 55 -70 42 -41 -81 24 97 13 6 33 -19 -46 95 -88 -71 -73 -78 71 -45 -86 3 -16 -10 -94 -38 -23 59 -66 -37 -85 21 64 -22 53 62 -67 -50 -3 -55 82 48 43 5 -72 -49 73 23 -58 -2 -90 45 37 -27 -21 -75 50 -46 72 -48 -8 99 98 49 12 -92 26 54 33 0 -21 93 51 38 11 32 60 18 -76 8 -50 98 -72 98 -37 -81 31 -1 38 49 -28 -42 -70 69 26 -84 -33 -58 -9 -45 85 26 -65 -46 -5 47 -54 -64 37 17 -58 -54 -67 -23 32 -42 64 84 -28 -41 56 45 -16 -79 -87 -54 -88 -48 -43 89 87 45 79 97 24 -54 19 65 -14 -1 33 -90 3 -90 -31 -35 -71 77 -54 97 23 -35 59 -81 -56 34 -66 -18 92 39 41 5 51 86 97 -72 -65 35 -12 57 65 54 -73 -27 -87 -14 33 42 -16 -7 -96 -39 73 -9 -39 -41 17 99 -50 -56 -94 -62 -90 57 12 53 53 -55 85 2 -2 37 -85 10 19 -72 3 -59 -72 30 -41 -18 1 -74 -62 -45 -29 99 33 1 77 42 81 -49 14 -10 -35 -70 -45 89 91 -95 -23 -73 59 56 44 10 72 18 85 65 -55 71 -73 -45 94 -11 -70 -76 13 -99 65 -62 -51 -68 33 65 99 -84 41 79 26 13 -58 -34 -45 -72 30 -99 43 -57 -98 -2 -35 -35 66 -78 18 -31 40 -76 -22 -94 -44 -4 30 9 -56 
-13 -67 21 -86 79 -35 12 79 -29 -80 -96 36 -9 -27 -17 -66 54 33 -21 -97 82 46 -15 -1 39 10 -64 23 36 44 59 84 38 47 69 67 -98 -26 -70 -66 69 64 -53 81 54 -23 -43 -99 41 95 45 14 4 43 6 1 -78 -12 -8 34 -81 40 -95 23 -50 -47 31 95 67 50 74 -53 -30 -32 -40 82 41 -33 23 -49 -53 28 38 72 -35 6 13 68 3 -16 84 -13 18 -70 -21 89 -36 -46 85 -47 13 55 -33 56 -41 65 -4 51 16 -12 -42 -1 -65 34 -87 -85 23 -8 66 -13 26 2 -28 -93 87 -50 -5 -23 -30 22 95 -44 20 43 -59 30 -29 -72 -14 -37 -45 9 13 -18 82 46 -98 73 19 53 -28 -28 -87 -93 -42 52 -7 71 79 -58 33 -13 67 50 16 65 75 62 -83 49 5 20 13 65 -12 6 -84 -72 52 -25 -99 -93 82 -67 32 93 -42 -28 -21 -73 -27 66 2 8 20 80 -26 -96 -6 -87 -45 -9 77 -76 -9 51 -40 69 67 3 89 10 -2 64 -38 11 65 20 -31 -83 -63 8 22 -1 -98 -90 -14 -82 45 -1 -63 -32 22 -27 36 68 -62 -73 88 -68 23 -7 19 64 85 99 -12 40 -61 -63 -3 92 -63 -59 61 82 -64 -91 -58 -72 29 -74 -48 -21 36 79 63 -54 -55 -87 7 -80 -25 80 -76 -79 -15 -82 16 85 -40 95 -70 9 27 10 -2 88 24 -46 77 41 36 -16 35 -76 26 -74 18 -57 -48 -41 -34 -14 97 -22 -33 -77 96 -50 -18 -92 -55 6 -66 -1 -29 95 86 -49 -72 -11 -3 17 90 -62 -4 -54 64 -14 40 74 -57 78 93 -88 10 -6 -75 -22 -66 91 -99 30 25 -24 -14 -40 -25 10 62 34 -10 -47 -19 -23 -75 15 -13 82 -60 -67 -52 55 81 -51 -70 -25 -89 98 -16 21 -13 -34 -2 -61 -22 -25 79 -47 -41 27 72 63 66 -18 57 71 -11 -97 43 -1 18 33 36 24 43 -29 -38 85 45 -75 12 19 -71 62 -18 -54 93 -99 83 66 89 -52 -57 -4 56 5 -68 -54 45 85 75 59 -87 17 -49 86 85 15 -45 -23 -96 -31 -44 -35 -58 61 -30 -2 -94 -18 14 85 -90 38 -88 81 -92 -49 -7 -55 30 -87 76 54 -54 -56 -53 -25 -25 74 86 18 22 56 -27 16 54 -90 92 -66 -70 43 34 -42 13 24 -37 -66 -54 -57 -97 37 65 -9 -17 6 24 -64 92 51 -74 -56 15 -65 47 -61 -30 92 
11 13 -37 -44 -76 37 50 -73 34 -36 -39 -4 8 96 7 90 -18 -70 13 96 -37 -90 -65 -28 64 75 76 18 76 -31 -70 8 -3 43 67 94 96 -22 -17 -2 -9 -90 -85 6 47 63 -5 4 55 -6 -73 73 -42 45 -33 26 -38 -78 19 55 -85 91 48 -59 -19 66 -23 10 98 77 -33 7 -57 -25 -21 -67 -75 84 -29 34 -56 -85 -32 -89 49 -13 -39 63 -96 60 71 -71 83 46 -66 -35 -25 9 70 -6 -39 -55 -56 83 65 -61 -79 -28 82 -67 -19 69 -50 19 56 12 -75 -96 -97 95 86 67 74 16 -54 -94 10 49 -96 -3 11 97 26 46 8 -12 45 -25 56 -49 11 -88 -45 94 -47 -37 -8 12 52 32 -11 28 87 -19 14 -8 -85 3 -91 59 6 83 3 1 17 -83 -72 -23 -52 50 -91 -75 -90 51 97 -78 82 63 -12 -94 9 1 30 2 -4 -31 90 25 -20 66 76 23 31 -81 1 -50 36 -50 86 1 19 -1 -48 -23 25 -22 96 -6 44 -31 1 -80 -47 37 -19 -19 76 -8 -86 -17 -23 87 -95 63 42 -54 -34 16 -35 -65 80 -91 14 45 2 22 -84 -18 -17 -85 57 54 70 -27 88 94 -55 93 -20 -56 -26 26 -78 -79 0 -66 -52 8 9 36 63 60 49 -91 72 82 -43 2 54 -51 -67 -79 -81 92 45 17 -67 -76 99 -99 -3 -88 41 -54 8 82 -88 80 -97 74 -11 74 35 40 14 -25 -25 -6 -8 -43 -42 91 71 -62 -58 -15 -12 97 -20 73 -26 51 0 47 -34 93 11 84 -63 -82 39 -90 -28 90 -32 -14 -59 -91 18 -4 96 86 57 -45 -65 62 13 29 41 22 -93 84 39 32 -91 -39 75 -79 16 -97 -17 17 5 77 -25 8 58 -61 7 6 -59 99 4 -45 -41 11 -63 -53 70 52 -43 29 97 95 -86 21 84 -4 -91 37 -44 -27 -27 -18 24 -65 -44 -87 -49 67 -60 62 -69 43 61 -45 -12 -69 39 8 94 74 -29 -15 -79 -25 29 -41 72 -43 88 18 72 -4 -27 -22 -32 -97 -45 -14 0 -62 -60 32 21 -36 28 -91 42 41 14 27 -21 -85 60 53 54 51 27 -50 -74 -88 44 0 -8 68 -4 64 86 -71 24 38 -58 -89 91 34 22 58 -56 1 69 5 -83 -53 64 -12 84 24 90 53 -35 58 80 54 89 14 -16 80 -66 0 10 -41 29 42 89 -56 -43 -50 -74 -77 -76 45 -71 12 76 -63 3 -97 -19 -14 
-1 32 -90 -18 17 -21 -53 -77 28 -80 -41 -97 13 67 -87 66 -62 -10 43 21 -32 -53 -33 83 -9 -21 -95 -68 92 -68 99 -10 -3 -26 75 45 -72 -60 20 -49 21 -64 -12 -11 -49 -8 -35 10 91 -67 3 55 -35 -85 81 -78 8 -44 91 -38 77 76 68 -87 78 -74 23 67 -15 -15 -10 17 -30 8 -49 36 -77 -3 20 -1 -63 -20 39 -46 -21 -58 -43 -72 -90 -15 -60 85 -53 66 -2 -68 86 -69 -10 -35 -60 -36 20 4 59 12 -78 50 -59 12 61 57 38 75 -40 -87 -17 6 27 98 -63 38 97 -9 -63 -37 -60 -16 -25 91 29 17 -76 -83 84 23 -11 16 -10 2 -69 29 13 36 4 86 58 -41 -68 15 5 -7 -87 -47 93 -70 -5 87 29 36 8 -88 4 -68 45 15 99 82 -97 23 55 -44 -2 -34 84 18 25 14 -96 84 89 69 18 67 37 25 66 47 -83 91 10 17 -33 85 57 -88 60 92 -65 84 -74 93 32 6 92 6 25 46 -63 50 -54 -30 -96 68 69 -61 -42 -50 35 -14 -59 -45 -89 19 10 -26 -54 57 -30 44 0 95 92 85 44 -57 9 62 67 -7 19 -79 -85 -66 -5 -27 -88 55 99 81 99 18 20 55 97 -38 5 -68 37 31 20 98 -15 76 18 -13 97 -81 -75 -91 -11 95 -1 12 -51 -18 -30 71 41 -42 67 -93 -30 -90 -48 97 25 -69 70 -90 -88 57 -93 73 60 -48 -35 -19 8 50 -74 47 -23 17 49 38 70 -43 -56 52 33 -47 -87 39 37 -9 -20 49 -48 -96 -98 -79 -37 -77 32 -13 75 -58 -93 -87 72 -53 -54 45 -30 -81 55 43 -88 58 9 62 -56 -26 -3 -44 -31 -46 -5 -58 22 89 -93 -93 -69 -23 49 -80 24 -38 62 24 66 49 98 -68 47 57 14 4 -16 51 43 45 -91 53 -2 -70 -19 54 0 -64 54 -7 6 74 -34 65 -12 -54 -85 -43 31 -46 -88 27 -58 -5 -31 50 -97 87 80 62 97 7 5 48 36 29 33 42 -92 -82 -49 -53 -35 -42 31 -4 -9 4 -34 33 -10 -1 74 45 13 -8 -90 13 -56 60 68 47 6 85 -73 -17 -53 53 -98 30 -53 -92 89 46 -70 20 -95 -60 48 93 -56 -71 29 -10 -97 31 96 3 -80 24 6 18 -34 -76 -87 11 46 -27 74 60 36 29 57 52 -71 85 26 -14 -91 29 -6 -54 92 75 19 19 -47 -57 88 -92 -3 -12 -62 48 68 -26 
8 -88 15 33 13 -92 -96 8 -42 93 -60 83 90 -22 -88 -41 40 17 -62 2 74 -94 -2 31 -70 -86 86 -93 96 -27 -50 -93 62 43 -38 73 -65 -87 47 -97 79 -94 -61 90 6 -20 -7 -13 -84 -36 80 64 -43 67 21 -20 76 23 -55 79 24 6 -4 -5 -40 59 96 31 54 -75 91 74 33 -44 87 -80 33 -93 46 68 -9 -98 4 -15 -60 -19 -48 99 26 -95 4 -33 -94 94 9 7 -40 73 -92 75 -29 -81 70 -82 9 -27 29 78 16 -68 -22 52 84 11 70 43 -58 -9 1 62 -5 -50 49 57 36 42 -2 7 -95 63 29 -64 -73 3 -98 -15 42 19 84 -94 -25 -38 39 -49 -6 1 -81 -47 -70 -33 -13 -27 -28 -48 6 -62 95 -11 -77 21 79 -63 -24 -28 -58 78 -23 -71 -52 -50 52 -32 40 98 94 -63 26 42 3 -13 -18 41 78 94 -70 -35 79 -44 -61 63 85 40 18 -71 72 -95 18 -24 -95 28 -80 15 78 60 -73 -96 86 16 8 34 -12 49 -47 75 -78 -10 17 36 23 -45 -1 -70 -64 13 33 -63 58 86 2 -11 -30 -8 64 -4 -77 9 -8 -64 -30 -45 3 74 20 5 80 -69 -91 48 -35 -54 -65 -59 93 -23 4 -10 79 -76 17 98 52 -59 70 -41 0 69 20 0 -28 19 -84 79 60 54 -78 -50 -20 58 -89 23 81 67 -9 17 15 -9 -37 45 29 -23 46 15 -25 49 -80 28 -73 73 24 52 -16 -97 -98 17 -60 61 -70 -60 -21 -23 78 95 -13 38 48 -19 67 88 -34 87 -68 -16 -12 9 85 -70 38 64 -46 -90 -6 -57 -10 67 -11 -45 -87 46 -40 -71 -83 64 41 10 -51 89 -26 59 -62 47 -86 -17 -54 -40 30 80 81 -8 97 92 -95 -57 -62 81 66 -12 -83 -26 30 -44 7 33 82 94 -25 73 13 -15 51 43 23 -26 -16 28 82 46 42 -5 -28 41 44 -99 47 65 79 -93 -69 -62 35 -79 -10 -1 -54 -69 -62 39 -1 88 -61 81 -27 16 -99 -95 -98 -47 -73 53 -97 -55 -54 14 40 40 31 99 -82 82 18 -84 44 70 68 45 -6 61 -4 -68 51 -45 -3 -67 45 94 58 5 -63 44 -88 -85 -94 17 36 -24 -75 23 17 62 -37 -26 -60 -13 -15 58 53 95 51 96 80 1 74 -67 -96 21 54 -45 -99 36 -28 -46 -85 95 88 -3 57 -16 84 -75 10 -96 9 38 87 -57 47 18 -86 14 30 68 
60 -62 -37 -89 -45 25 -3 -29 72 -44 36 30 -72 57 -31 32 -66 -36 51 51 -69 -36 59 96 98 -27 -34 -87 -3 -9 -79 -30 -81 31 -47 77 27 19 18 -57 2 -82 37 -84 52 -77 -56 98 -29 -35 -97 -63 76 -16 -70 -1 -10 -7 20 66 -39 -51 -8 93 81 94 28 -20 -26 6 72 37 -38 -65 -38 -50 -26 10 91 67 53 37 61 9 -76 97 -81 25 88 -14 -27 98 -87 -62 -73 25 90 -56 -79 62 28 52 62 -86 -64 -47 76 -98 85 36 29 41 -89 22 31 -71 64 34 -69 17 -95 -75 -6 -7 -63 69 87 48 -68 -16 -95 -66 4 20 -96 -4 23 47 -74 34 95 -22 -71 16 51 94 -74 -82 -67 -77 89 -22 -75 -17 69 94 -38 -78 -87 72 -96 88 0 93 -40 -98 55 -64 -33 85 1 40 -44 7 -97 18 -35 -44 6 25 9 -50 -72 -59 80 -7 62 -87 32 63 -10 40 16 -77 42 -57 65 -53 -76 80 88 1 73 -88 -66 27 8 -98 51 36 13 -3 -43 -31 -75 -96 -47 53 -17 48 37 62 50 54 61 15 11 41 -61 75 -4 -58 25 -78 -76 63 -59 -62 -14 -47 -43 30 -34 77 13 25 -95 90 -34 55 55 -63 -89 -52 41 46 75 24 -35 -86 -90 62 -98 59 -10 -97 83 79 0 96 53 19 40 -40 96 -62 -67 96 37 89 -78 22 -22 40 -33 79 -16 -88 72 70 -26 -88 84 -48 83 1 -90 66 24 33 -17 63 -93 -26 41 -23 -85 -56 -88 87 41 48 6 -96 0 48 -36 -56 -83 -25 48 4 56 -50 20 45 66 -34 -43 60 -32 -33 72 -11 55 -74 -57 30 77 93 62 33 -21 16 -87 -87 48 82 42 25 -46 56 -90 70 42 -26 -17 -90 -14 -20 16 -70 -53 80 -39 -45 22 6 -90 -71 -78 -56 72 97 -75 66 -16 59 -5 -42 -14 70 24 -63 74 -88 -27 24 -49 -93 -12 -99 87 47 72 71 58 -28 -60 47 82 13 -5 85 13 -91 99 36 6 -51 -9 -78 25 -46 -64 95 -57 97 -95 -97 17 59 -98 12 77 -17 -62 -66 83 -19 23 42 -17 84 -74 67 -68 85 -64 -7 13 -19 66 -20 -97 -53 -94 -28 -41 -4 -97 41 -81 -10 -35 30 12 -31 77 23 3 -82 31 77 45 74 19 -63 -12 -19 -52 34 82 20 -1 38 8 -16 -98 38 -53 34 -86 -99 40 -86 96 32 90 34 -25 -75 28 -21 1 6 17 -24 -70 -99 
56 -56 -74 -51 74 -9 44 -38 -24 -7 -31 -75 -25 38 30 -94 -56 -25 -37 57 -38 1 -7 -81 -50 -40 -80 -92 -43 46 -79 67 55 -19 7 26 90 17 -62 45 85 -98 95 27 27 94 -43 41 -29 -18 -94 -25 -80 23 -27 48 -62 -83 -18 -41 -31 68 4 -33 16 -33 -58 -16 16 -51 -41 14 -69 -38 87 -30 -4 21 11 56 -90 72 81 15 -97 -17 33 -13 -58 -31 -2 98 71 -41 -64 99 -50 -31 -40 98 44 97 -66 -44 17 26 26 72 89 94 -11 -6 60 44 60 -93 96 91 -91 -30 -44 97 56 92 -72 27 -47 -79 46 50 -31 13 -48 -25 -31 -80 28 -60 -62 -50 27 -8 98 -4 -97 92 22 5 -3 89 -57 59 89 15 -75 73 -87 -87 36 -78 73 71 -43 -1 -41 85 -17 -16 96 12 -68 -84 -26 50 96 -34 -38 -58 94 95 83 -22 -39 83 93 92 49 -67 48 -15 -86 84 -20 -45 -10 90 -4 -5 -27 -10 -70 78 -6 -92 -59 1 81 99 7 -86 -49 -73 11 -41 0 97 -31 99 -43 -7 -64 73 -8 88 94 18 81 -52 -87 3 16 -57 -50 42 -77 98 52 -91 33 27 57 55 74 -58 13 -42 -90 -79 93 69 -81 5 22 6 24 -22 55 42 -11 64 -68 -66 -67 7 25 -67 63 -47 -57 -36 77 71 -24 -53 98 -51 -93 99 18 66 24 -39 19 -50 -2 -62 -91 22 -51 69 -51 -39 -11 -59 93 44 71 -93 39 31 31 86 86 -17 68 94 0 47 16 37 0 11 98 65 -45 -31 3 89 21 56 -27 72 13 -13 69 45 -56 14 -21 54 -45 59 41 -72 76 80 92 70 -33 -95 50 -47 9 62 33 66 -30 -97 -46 -59 20 -56 38 -47 43 -78 -65 -9 77 -96 21 57 -9 56 -51 -1 10 -27 -86 -29 4 78 91 89 11 85 54 -18 -16 83 -52 -32 42 -89 -33 -59 47 -25 -73 -78 -99 61 -85 -71 75 71 -93 10 -3 -32 43 94 -10 94 5 23 -16 46 -29 21 67 -57 -73 -22 -34 -57 30 -69 47 50 -35 -24 -36 66 92 11 84 -18 -21 -5 92 -66 -91 63 85 -96 -32 -11 54 72 35 57 31 74 79 -94 -44 -8 7 -57 74 -53 -50 20 -33 -6 28 -23 35 -36 78 -10 95 -96 -20 98 -68 20 68 -47 90 51 15 -40 35 98 40 83 -16 -28 -7 -71 -23 -38 92 52 16 79 -21 -43 95 84 -39 -43 19 4 41 82 -87 -12 
-90 -56 -90 -31 -79 -73 -14 0 20 -31 -97 -42 61 -29 11 85 52 -69 36 -76 -22 -49 41 46 -37 -81 89 59 55 26 -40 -18 -60 -17 6 39 9 -48 0 -72 14 -46 -90 54 -3 78 -84 -59 66 -89 -38 22 40 -53 -2 41 0 -36 -55 -78 95 -61 -49 -64 -16 91 22 -28 -16 92 75 54 60 23 17 -4 -35 54 39 -91 84 -89 72 99 91 69 34 27 33 43 -98 -59 18 88 -92 -52 -84 84 10 -93 -4 67 -47 55 -92 24 -19 11 -90 -30 13 -62 33 -24 63 42 -29 33 33 -75 69 35 -43 93 -10 76 -67 -54 -81 -25 -29 12 38 -9 55 -38 21 66 -96 27 20 -46 76 67 90 82 -28 -33 95 20 23 -50 29 13 -15 -14 -43 30 73 84 92 -99 -18 84 -46 -91 16 -92 -90 57 -32 -69 -67 67 18 37 75 70 -83 18 -4 70 43 -53 9 50 75 -11 -90 -58 -75 84 -20 -67 -65 83 92 -7 18 50 59 98 -32 40 -71 -35 38 13 -13 -27 28 -94 -17 -44 15 56 88 -55 60 -33 21 63 91 26 -30 3 0 0 -75 79 -82 44 73 20 -90 -31 1 97 16 -9 -61 18 49 97 11 -90 70 48 -76 92 54 14 -26 45 -73 21 -35 -27 -41 52 91 -66 55 -91 -3 -84 -55 24 -75 47 -24 -4 22 -98 4 -38 -51 95 19 -11 18 -48 -84 -79 30 64 -71 -58 45 -33 -57 -47 -47 48 -19 90 57 76 -92 -55 -83 -77 -45 15 39 -89 -74 -39 -24 71 -46 40 -13 43 -17 -93 -33 30 73 23 70 -97 23 -86 -24 -84 58 65 -8 -14 -93 -33 43 95 -63 66 -91 -72 -4 51 -15 58 -90 -75 23 -50 -62 -46 70 -88 -49 -4 14 97 22 39 14 85 -69 -60 50 -6 67 -50 15 -64 51 -71 -76 35 7 87 -18 -59 -63 -5 -30 51 11 6 7 75 29 -43 -38 -71 39 -2 -41 -25 -15 -86 63 -25 57 -11 -78 6 -27 9 94 42 -34 -48 85 64 -38 36 -88 -12 46 36 25 83 57 -41 -23 -96 51 87 -47 -6 24 16 41 -64 92 -62 97 -1 -77 79 7 19 23 -43 58 -28 -8 -8 47 64 -37 49 -52 -40 61 90 37 -75 -81 34 -17 82 60 -24 37 -55 65 79 -74 71 -67 7 28 -32 9 43 -89 -66 49 36 87 -84 -38 -59 -20 -76 14 -3 -36 24 43 -71 80 -25 -13 80 -47 67 19 -71 -99 -26 -83 -45 -97 -49 34 -18 
97 -50 -36 -28 -10 -33 -9 -25 -93 -74 35 -43 26 -36 41 -46 57 72 -90 -85 68 97 4 27 26 -13 0 46 -44 94 -46 -28 -79 18 -19 31 -42 -87 7 39 -46 -23 -77 -56 71 -99 75 -8 38 -33 77 90 42 -44 19 13 -43 54 51 -96 -41 -78 -29 -22 -72 -5 91 10 -28 -27 -84 -79 1 -47 19 92 60 -78 -80 19 -73 50 88 52 -21 96 75 20 -9 -86 89 -24 -73 14 97 53 42 4 97 -67 -72 96 -33 35 98 56 14 -99 -68 -26 -40 -91 -63 -94 19 6 -36 -35 -70 -55 4 -32 -56 76 -77 86 27 88 -27 94 83 -16 -34 -36 90 93 -50 85 77 96 71 2 -2 28 -67 -83 -42 -15 -74 74 83 -21 -13 13 53 -19 -12 -17 -66 -67 2 44 -58 -85 70 49 -37 35 99 -30 -76 -98 42 82 -89 -92 21 -74 72 -14 -26 -71 54 -55 -24 -91 -59 26 76 5 -66 -70 62 -35 47 35 9 22 4 30 72 -33 11 -30 -78 -51 -10 -92 88 -92 75 -31 64 -36 -33 -40 -81 45 -60 -88 53 57 -41 -77 61 26 -79 20 -8 84 -84 76 40 -69 82 -19 34 1 -61 18 66 32 -40 -77 63 -57 96 -96 -58 7 -71 35 -34 33 19 -85 88 -5 -40 -94 -56 97 76 2 -46 -24 -46 -87 11 -99 6 -9 67 -5 -69 -1 -49 28 -71 17 19 40 -68 19 -29 94 2 5 -55 -98 -91 24 32 -14 -54 63 74 -50 -9 -28 -63 36 -77 5 -83 -41 73 -91 -48 -25 93 -26 -97 -78 55 -79 7 -5 78 -12 78 37 60 70 -59 4 60 81 45 24 -29 61 3 -3 -39 6 16 13 83 -69 7 68 -28 6 -76 -43 14 87 -11 18 26 23 -85 89 -18 -30 -71 68 40 -31 -46 -29 -51 -90 -16 96 -58 32 15 -89 4 37 98 56 84 -22 -7 -85 -62 -99 -53 -87 -93 -35 59 76 57 74 -94 -42 45 73 65 22 -5 -53 29 -86 98 -49 9 -1 91 94 57 -50 -32 -85 2 -41 -98 34 -45 86 -74 27 30 78 14 33 89 46 -14 31 29 6 -77 28 4 87 -58 60 -61 23 -55 -66 25 86 -29 4 -49 -19 -74 59 0 78 99 -76 -75 34 -74 -8 13 -92 49 48 67 80 -40 -27 -48 -11 -69 -46 -8 -12 45 79 -10 69 -12 -3 88 4 43 -89 48 89 62 -70 84 -49 80 -76 -14 -29 -29 -45 -81 -67 -54 94 29 49 68 -12 -68 97 85 88 
52 95 -9 74 -91 -85 -98 14 -87 48 -12 12 33 29 -25 -35 -32 0 28 12 -99 45 -1 -61 -29 -36 37 79 -94 83 -96 13 93 27 34 -23 84 -10 24 -35 -15 83 66 -25 71 -4 -12 -51 25 88 -84 44 -91 96 -16 10 91 23 66 44 37 -60 18 -3 -94 -16 -18 -56 -64 -90 -51 -17 -32 -19 32 -89 -53 -20 44 3 9 -13 69 -95 -48 93 44 45 83 -87 -69 57 96 -78 -42 86 -8 21 -21 -25 92 10 -40 -15 -55 -8 -35 -55 -15 99 12 -48 -54 -85 7 6 18 -93 -63 8 20 -17 82 -74 31 -50 -66 -49 -28 50 48 33 -33 28 -48 -17 45 -36 94 31 25 73 42 -83 42 81 -75 60 7 2 -37 92 -47 -90 -77 -49 -95 -60 33 92 -25 -83 26 -88 15 26 99 19 -23 -60 56 19 84 80 28 43 85 98 32 -56 -69 43 38 56 46 -98 -71 63 91 0 -42 41 42 59 93 -35 71 -3 -75 -36 27 89 -96 -79 93 95 -56 -21 -26 34 16 21 -18 84 -44 16 -89 93 -8 -44 77 38 20 90 63 -86 44 -23 18 -69 27 52 -72 49 34 -89 30 -42 43 -69 -13 89 -88 28 -68 -19 54 -11 -65 86 83 -48 -5 -42 -53 -38 -95 -24 -46 26 50 12 19 11 59 -19 57 59 -84 -33 58 -66 -22 -74 31 -10 -3 -83 86 83 88 72 51 -63 88 55 11 -60 -52 75 -93 -43 -60 21 58 -65 -87 -22 -6 -67 -50 -48 66 56 -14 -65 33 -34 40 1 -49 -93 -82 44 92 23 -16 -40 95 4 16 33 -65 40 39 -66 50 75 -42 62 -52 -72 -19 72 92 58 92 37 -77 40 -29 -56 -42 -39 16 -13 -54 -44 17 -40 96 -34 50 -64 15 42 80 56 -89 -16 45 -82 32 66 -97 82 -28 -3 -41 18 -17 -72 75 46 -37 44 23 16 -99 -26 36 9 -75 -5 -34 -70 5 -39 40 89 35 -27 69 -44 -93 -62 -81 -67 87 92 23 -79 -87 -26 87 10 -33 -17 91 -91 -78 11 71 -78 -32 94 -72 -41 -26 20 -58 -67 -34 51 -27 -11 -89 -43 15 -31 -32 -72 -91 -79 -50 19 -12 62 -13 -98 84 -26 -79 32 61 -25 94 93 -57 97 4 76 -12 9 -77 56 8 -46 62 -96 -45 66 85 -86 77 -12 86 65 66 94 -18 17 47 -19 90 -36 -71 -24 -16 -15 -65 -55 -78 13 26 75 -59 -79 77 -15 -8 51 -51 -37 -5 24 42 -43 54 12 
63 59 -8 -20 -66 27 -34 29 -96 -6 -70 57 70 -33 -33 -57 -49 84 -69 8 -10 80 -57 38 -16 -7 61 -3 -40 -10 -67 -15 92 39 2 -1 -54 -57 97 -54 -67 93 -30 96 -38 -42 61 7 -98 -18 18 -90 72 -37 37 -4 95 -48 62 -69 -34 -23 81 76 -14 48 10 -86 -2 82 -19 61 6 2 21 -85 4 -94 -66 -21 64 -88 74 -20 -39 89 -56 21 32 99 -11 19 -90 -59 5 -61 84 92 27 -74 -81 -66 -10 19 94 43 82 -45 -34 -3 -4 -74 70 78 -84 68 5 44 -56 -28 -82 89 44 86 85 95 -46 -14 -90 -91 -58 3 -88 45 -89 25 12 2 -39 22 -2 -55 71 77 -69 18 -29 55 68 74 -71 -66 58 38 -23 54 -33 56 58 -4 26 95 -10 68 96 -38 -55 -85 89 -6 13 18 33 -72 -3 90 -32 -6 82 48 -75 -46 5 91 6 -73 15 70 -59 95 -75 43 -83 49 18 -52 -95 -43 36 84 32 64 6 73 -21 -83 86 56 17 -2 -30 -81 -6 56 91 -78 91 -4 -67 -87 -95 84 -88 -36 38 -40 89 92 -55 -99 75 -39 62 -16 54 13 55 14 -65 -43 28 21 -99 33 -55 -51 -15 67 -43 17 50 -10 -63 90 -84 -44 95 16 8 -15 7 -9 34 1 43 -10 15 94 -1 -81 81 71 60 47 87 54 86 -5 -37 -1 -43 91 -34 -63 -39 42 -81 -20 38 65 -6 -66 60 90 -40 89 -45 -19 -37 66 -78 57 -53 -89 87 -10 87 -59 -21 86 46 81 28 47 91 20 -53 64 -88 -40 -5 87 77 12 51 55 -82 7 -45 50 -86 -90 -83 51 -38 12 60 -41 -60 13 -41 -87 70 -89 -51 -22 50 -65 42 11 34 49 -56 -78 -32 -76 -92 4 45 -37 -87 -45 -35 -31 -12 -79 37 75 46 -73 26 88 -57 -43 -51 -88 -52 36 12 71 -23 -68 35 29 -30 7 -9 -67 1 -12 98 64 77 -19 -41 13 -14 -54 96 32 87 -72 -56 79 -41 33 9 71 94 -92 -40 -16 56 5 12 -23 73 41 13 -68 -49 -82 -24 -21 11 -58 -49 -86 8 -63 -56 -27 -58 -72 33 -6 83 83 57 -61 -25 -63 88 -13 99 7 -60 0 35 52 -16 -21 87 32 -77 -64 54 -16 8 31 -2 -98 57 20 -57 16 48 -64 -32 -86 -90 27 -47 -66 -62 26 -94 -26 6 34 -53 -67 -71 25 -13 35 -69 64 -72 -87 78 92 8 -94 -65 -9 7 18 90 -27 
48 -10 65 76 37 36 -72 74 -13 74 79 -22 78 -97 87 52 -59 -40 3 -80 -71 -3 54 -13 73 81 -52 -68 28 -49 4 -65 0 43 33 -9 84 -23 23 3 99 67 -96 92 -51 -23 45 5 -51 32 22 85 71 35 -92 32 75 24 16 51 78 28 -84 78 18 66 3 -95 -5 86 4 -24 -87 47 -93 -65 -81 34 2 54 60 -55 17 -22 12 21 88 -91 4 -79 -62 54 11 60 -39 92 70 47 42 -22 49 22 -7 57 9 32 -75 89 -69 83 -34 70 99 -83 -37 -95 -12 79 -6 58 33 91 57 74 58 51 91 -40 40 -96 -35 69 -25 -93 -73 3 82 -91 -56 41 -28 -7 94 17 75 28 -88 7 80 -6 34 20 44 -84 65 -57 -38 -62 68 27 -75 83 -1 -67 9 -11 87 -1 -60 -48 91 99 -56 96 22 90 -96 92 -68 52 85 81 -36 96 -30 -27 -70 -16 -86 49 67 -63 31 -40 -85 84 36 -83 -97 61 -98 -27 -23 70 -8 -10 64 -89 84 -17 -34 38 43 -81 84 82 50 -99 34 -47 14 -88 9 -43 -21 -93 -35 2 55 64 15 -30 -1 -25 22 -75 -24 62 80 -2 -41 -31 -27 57 41 -55 -91 -61 42 67 37 33 -53 49 27 -77 -30 23 80 -5 -93 4 74 -4 -23 -43 -73 -73 63 34 -55 -98 -82 -83 -9 -34 78 -4 -36 -13 -54 38 -52 -94 -95 -22 -66 98 47 8 -62 66 -51 34 -50 -21 -41 -19 5 -29 -58 -43 74 -4 -5 -46 -66 -83 -1 -28 53 -88 -60 -26 49 -55 60 79 19 -94 37 85 -42 49 -86 53 -16 49 -20 -92 -84 -85 -61 -60 -98 88 73 -64 65 22 29 97 62 26 -81 29 43 22 34 -3 -76 -65 77 78 -90 6 -83 84 -66 -98 58 -11 62 43 95 92 -63 -51 12 -15 59 27 -30 65 -45 73 84 90 39 -93 -45 35 28 68 16 4 -91 -39 49 -49 -30 -5 -81 75 -71 73 -98 -83 -98 -25 -17 81 -64 -29 71 25 -94 92 -41 -28 92 -75 3 29 63 18 82 75 79 -99 -14 -65 -58 15 3 12 78 14 23 46 0 -7 72 -62 61 -80 29 61 -95 17 -99 -50 -59 39 67 -56 36 60 19 -32 29 -25 -25 49 43 77 -69 42 20 -94 38 43 -88 60 -56 -73 80 -94 50 -83 -48 12 -12 98 -68 36 16 -63 -98 98 11 21 -91 96 -18 -95 15 60 99 -66 -57 20 40 64 -69 -71 -25 85 -14 55 
54 -69 -5 2 -58 84 92 -1 -35 -35 -40 1 -39 -32 15 -61 17 36 -56 -61 88 -78 -22 -14 33 -70 97 46 -13 -21 -87 -8 7 -93 -74 -57 63 39 -68 42 73 -86 -11 -72 -55 -60 -75 -60 0 46 -72 -86 54 -98 -59 0 -65 -77 -3 -44 49 -98 11 33 -78 -91 -17 20 -34 91 99 -25 -51 -71 -18 73 22 61 27 98 -99 -69 13 -46 -67 97 -77 -48 -93 -12 92 98 9 77 -23 59 -79 64 -48 46 -92 -38 62 33 -23 21 75 -11 96 -78 -9 -88 0 80 56 52 -27 -2 94 26 90 -66 -71 76 27 60 -16 -19 42 30 94 64 60 37 31 20 -78 -71 20 -72 -82 -94 30 -97 22 84 60 -34 2 17 -26 -93 7 29 -3 -13 42 -2 85 4 -98 -7 21 79 -90 30 95 30 -71 -13 43 -33 81 -8 -96 91 -59 -73 -93 -51 -39 37 90 -96 -41 7 -5 24 -93 -98 -51 -36 26 66 87 -7 -16 -80 91 -10 -14 -73 -11 82 29 23 50 -71 -26 -81 -41 -49 -31 -3 53 -43 23 63 -25 11 -16 46 -15 57 57 -38 -73 68 58 10 -65 -13 63 72 -90 78 -86 -94 56 92 -16 36 -11 15 58 36 -50 35 -8 55 62 -67 18 33 -48 43 16 -79 52 65 23 5 -48 6 42 15 -60 -78 3 72 -81 91 -51 -82 -16 -49 -27 86 14 7 -95 37 62 -62 -68 -70 86 46 33 42 57 -93 -55 -65 16 -6 -83 -61 89 74 -58 21 -20 -4 22 63 75 59 -95 10 92 -37 -90 56 61 -63 93 61 -29 -49 88 -40 81 75 -64 25 15 -75 -73 24 -79 -37 87 43 63 -29 -59 36 10 8 -46 -1 44 94 71 27 24 -64 50 87 3 70 -60 35 -60 19 -44 34 -88 71 24 -19 1 -27 -21 27 2 12 83 -72 -57 -42 71 40 -61 88 95 -78 -72 -96 62 -73 -79 -51 -11 24 65 -53 76 -87 -48 66 74 -85 -83 -11 -69 -8 -21 12 76 92 45 99 -83 -82 63 -8 -60 44 28 38 36 28 12 26 85 11 32 98 -51 8 58 -26 -79 -73 -6 -10 -27 83 52 90 59 14 98 -15 64 75 -22 84 -64 -38 -7 -33 -76 -97 -89 35 -74 79 -37 -60 69 -69 33 19 52 -19 -91 -81 -21 43 95 -4 -50 40 32 65 67 -43 -74 5 63 -99 38 13 -12 -9 -6 74 -84 -27 -75 -96 46 87 92 -10 73 -96 82 78 -62 -55 59 -90 44 44 -81 18 
58 -2 -38 89 81 20 -76 -72 7 63 -78 4 -24 97 -2 46 2 81 -69 -95 97 -17 -51 3 14 54 -91 -96 86 31 -89 83 -53 -99 -48 -29 -6 73 23 27 3 -49 94 -86 -61 -78 -57 59 -28 40 52 -58 85 -27 85 -12 22 35 19 82 65 2 -25 65 -43 90 -89 -91 -15 10 -79 53 -22 -50 64 54 83 45 -69 60 33 26 -88 -88 -22 -49 84 25 -48 80 46 -20 81 85 89 -5 -40 61 -70 -6 -51 41 -51 -19 46 81 58 40 66 -4 -55 -72 -86 96 -92 51 92 -71 -49 -64 -93 45 -73 24 82 75 -88 2 1 34 47 80 -36 41 49 -54 -33 -33 -14 -19 -8 29 50 -94 49 33 50 95 61 -89 34 -97 -30 -19 5 6 61 23 -89 44 -88 24 46 -19 81 -52 -20 44 80 21 -35 -49 9 -68 55 -2 -6 21 30 72 29 -34 -37 72 -61 -67 -23 79 -77 49 -98 -27 -36 -22 -77 74 4 92 -90 4 -94 -10 -69 49 -88 83 -85 -25 7 35 16 -90 -82 91 -21 86 -14 11 -53 27 85 -69 -85 5 -57 36 21 -98 -57 -61 -48 -18 -61 -54 26 -58 74 63 64 31 2 47 -11 93 -37 78 71 83 65 54 33 62 79 -89 -12 -15 82 -62 93 -35 23 8 -99 96 -76 92 -55 -79 -15 -89 17 -5 -3 94 -55 10 -19 -14 38 -39 -88 -37 34 91 -52 92 -90 53 59 -54 42 -71 -49 -44 -37 95 -16 94 55 42 -25 -71 -35 53 -5 73 22 -62 96 -70 91 50 -97 99 91 -14 -21 -88 10 47 64 60 -87 -45 8 -34 23 90 86 15 6 59 23 14 -19 -42 41 78 -25 -81 -47 24 -75 -89 -70 25 28 44 -92 63 -30 -34 -66 -63 97 34 -75 80 -86 -46 47 -90 -4 17 -46 63 15 89 95 -68 -32 25 -34 45 -26 -73 -69 -40 -54 -69 -84 -27 -55 -30 15 -37 0 -15 -57 76 10 -79 -74 30 29 -72 -97 30 31 -11 95 52 -89 23 -64 32 23 51 21 -12 25 67 27 62 -28 -16 -29 -11 38 -78 83 56 -31 -78 93 94 -5 30 -80 3 -61 97 92 -13 -72 -89 38 21 -64 63 -37 57 -7 -25 49 14 -34 95 -92 60 -89 -10 -54 51 -6 53 37 -53 58 -9 -99 -71 -7 81 48 -53 88 -88 -35 -93 50 -97 -35 -23 -78 -61 97 -92 -12 18 -88 -48 56 30 -22 -41 97 -98 -47 -40 63 -25 -15 84 61 38 -92 -62 -59 82 
-84 -83 58 8 -52 84 -38 68 6 19 -19 98 -18 -31 -70 44 3 69 41 89 -47 -96 -62 -24 -40 -55 24 -39 -9 96 -87 -26 -59 -60 56 -20 77 -85 78 38 -85 20 28 43 94 9 67 -68 26 -64 -2 62 57 10 16 84 -76 44 -92 -62 -1 84 -23 -36 67 61 26 -19 -33 -3 47 -46 -53 -23 98 -77 75 35 80 85 31 -26 -48 -36 -63 41 -85 16 -43 -18 -51 85 11 30 -79 -71 -33 27 90 2 -60 -9 58 -53 -63 19 34 -98 59 7 61 63 -85 -4 36 -32 37 -46 -4 53 -18 85 -65 -47 -46 57 74 -26 93 -84 54 -2 -99 19 45 -86 31 5 26 -24 29 76 -85 -16 17 -57 -7 -56 -79 35 -98 -28 37 -56 -7 -18 -1 -51 -84 -33 78 -3 67 85 64 -69 -43 45 91 -9 12 -31 -55 -71 25 -69 -5 18 -21 -78 -9 -35 17 45 3 9 1 -22 29 88 -65 -63 64 74 27 77 29 40 -48 94 -46 90 73 -64 14 41 -78 14 79 87 96 30 -99 89 10 -24 9 65 47 42 -24 -15 -31 -57 42 -56 39 82 34 57 69 -21 38 -46 -29 -44 23 -44 79 -93 18 79 -7 90 -52 16 24 -41 -38 87 99 39 80 -56 64 6 -86 -67 93 37 34 85 28 42 -60 87 -53 -57 71 10 -79 45 68 -13 -70 89 9 13 -48 -45 -50 49 69 -73 -34 68 83 44 28 94 -78 -91 -37 27 25 -72 37 62 -80 -30 -97 -62 78 -39 69 -73 -88 41 7 -52 -37 -46 -96 -12 -47 27 98 -11 -34 -63 45 16 4 94 64 -89 -62 38 84 -20 -45 73 -27 -66 65 -51 37 16 -42 56 -89 14 39 -92 -64 66 19 -41 58 66 64 59 71 -55 98 -50 -36 97 -13 -61 83 -64 -69 -79 53 -77 7 65 -32 -31 33 75 66 -66 -88 -70 4 47 20 -97 71 -11 77 17 -8 55 41 -1 -67 74 8 92 80 88 6 5 91 -41 43 64 37 89 -18 -67 -65 -37 52 -36 45 85 -15 0 8 -90 48 -23 -60 -12 -50 56 -47 -75 49 -75 -31 -74 15 -82 82 -41 -77 -73 -67 17 -7 -40 22 15 -50 -17 -26 68 25 24 -78 -24 -31 -64 -43 -22 87 -98 -13 64 36 -45 -46 65 -58 77 65 -31 8 -70 -13 -16 1 -15 79 69 -97 -13 -46 -57 -72 -25 39 -69 -27 51 -64 53 62 77 -24 -98 -25 -1 87 52 45 68 62 95 76 48 47 84 -45 62 
40 -35 -44 74 -76 -79 28 83 38 -19 9 -86 76 -24 94 -45 41 40 16 -96 -1 97 2 -32 69 44 48 83 5 -57 81 -53 77 72 -31 -94 71 74 5 76 40 -70 -26 72 93 -99 17 -67 82 16 -8 75 32 3 -36 83 -67 48 -75 68 64 -20 87 84 16 90 10 -30 30 -59 -49 41 11 -28 -93 -26 82 46 11 40 -88 -42 78 19 43 37 -36 19 8 -63 -83 -70 75 12 24 -47 -9 -20 96 51 9 50 -93 95 99 35 57 26 49 25 65 -62 53 -73 -69 1 -2 -70 45 -60 32 -67 -15 -41 68 -17 88 -8 -17 31 -10 98 -64 64 -12 54 30 -88 93 -63 46 49 -14 44 -56 -91 -49 49 -87 -62 -66 -27 -79 58 33 73 -15 -98 27 -62 -48 64 65 86 43 -27 -8 93 41 -84 92 -31 -29 -12 54 -55 -66 22 85 22 44 51 30 76 34 -4 -20 90 13 -29 60 -46 -95 95 -25 89 -49 -38 -5 84 84 32 77 -43 -32 -87 -31 50 -47 47 95 -61 33 -14 20 -29 -20 -40 87 54 51 -9 -42 -33 -41 -65 -13 8 51 78 -48 -5 -45 -96 83 23 -40 18 36 3 41 27 -47 49 30 -79 -5 72 11 23 30 -96 -18 22 99 -63 11 -76 44 41 52 -31 30 23 95 -33 27 -10 -16 98 -89 8 -47 -1 -91 -98 -33 33 -69 -42 -41 -11 30 76 60 56 15 -88 7 -70 -27 13 -24 70 11 60 -71 -6 -98 41 52 -59 59 -34 -45 -1 -39 67 84 92 79 35 35 -74 -78 35 60 13 -25 -92 68 21 76 -19 -48 -46 -47 28 54 81 -86 -76 28 -67 94 70 92 -78 -14 -49 6 66 -25 7 -37 28 17 -56 -3 76 -1 -31 29 57 3 30 93 -16 61 -54 -14 -11 -50 -52 16 53 -25 81 -77 -72 72 52 -68 51 92 7 -87 -45 -90 57 0 23 -81 34 -94 96 -50 -59 25 -12 -46 60 15 73 -26 -85 -96 78 3 -14 -15 -95 -78 -33 -89 5 59 -4 98 26 70 -71 -21 95 44 -58 -44 -9 -10 57 82 56 61 -20 81 19 98 60 87 -85 30 2 -7 70 -18 -14 34 83 -24 31 -83 92 -19 74 20 63 31 -48 -45 56 -56 84 48 7 92 -56 35 -25 -87 49 -55 -69 -81 40 -89 -95 -20 95 42 -31 92 0 6 -68 7 -29 -75 -42 15 28 -14 69 45 89 18 -11 -98 20 -26 -50 19 39 -34 88 10 -23 12 17 -79 -19 
51 -57 70 83 52 -14 -77 -9 -62 76 -55 27 -86 -60 4 -27 66 13 -43 39 -29 84 -34 17 -46 81 -74 -16 85 12 89 -49 92 -55 49 28 55 93 -83 -61 86 -90 46 -33 -84 36 80 -74 45 -47 -60 -6 -50 -20 -85 68 -44 -67 97 59 29 91 -18 17 -91 -86 -16 6 -73 19 55 -20 -26 -57 25 27 12 56 76 -28 -78 -56 -58 -94 10 35 -28 38 -68 -72 39 -33 56 -14 43 80 89 -16 -95 22 88 -74 19 -91 -83 -73 -64 87 74 30 75 94 -94 -82 68 25 99 -91 -10 -62 90 -55 76 -35 25 85 -71 -59 2 -49 -9 41 11 -27 99 12 -55 -61 41 53 -50 45 -27 -24 -9 67 -96 -32 76 -8 -99 3 -51 62 10 -59 -29 -20 -93 -38 -74 7 99 -8 -56 45 2 80 66 -13 84 -73 64 -76 10 -8 -55 51 -22 -92 45 1 -18 -97 72 -49 -6 11 45 -79 -9 67 -11 72 99 98 46 95 -90 -73 70 75 89 6 23 79 -94 16 -15 -13 -98 -81 -41 -80 -76 -2 72 80 55 -11 -23 87 -59 10 -37 66 75 80 -73 67 84 61 54 69 91 -49 78 -8 61 15 38 57 27 33 78 55 27 83 4 -20 35 -17 7 -78 -5 -92 -2 99 -80 85 37 -96 5 27 -99 97 72 53 -4 0 -46 -12 13 -28 58 -16 46 -83 10 -88 37 -23 -11 -3 88 -70 7 -29 -41 -52 7 29 77 -59 -43 57 66 85 90 -38 -82 -91 75 28 63 39 41 -5 84 71 64 2 -80 -8 -17 63 89 -54 39 -24 22 -83 -9 47 -76 -88 -26 86 55 84 88 94 33 -19 -4 -76 -13 93 34 -11 -71 83 -2 -33 -88 12 -37 46 54 -1 -31 -74 10 39 -63 47 -33 12 -30 -61 20 77 15 93 -88 -53 97 -40 29 -33 -90 -16 24 -86 96 -85 -12 -50 -46 -29 -59 -84 -48 52 -11 11 -12 -41 -88 -98 4 74 -46 45 -96 97 99 62 -89 -82 82 85 85 -39 -71 50 57 50 98 -85 59 90 20 -15 21 -48 -59 58 38 10 -95 -34 -54 -88 99 93 -69 -55 -75 46 -25 -59 81 8 -8 61 49 -86 -6 9 44 79 62 22 9 23 -40 49 -42 68 54 -73 7 -11 -52 -36 12 -74 -48 -35 -42 -50 44 1 75 85 -62 -9 -97 -83 27 51 0 -53 -39 13 68 44 93 -68 45 -7 -47 62 -7 -49 -28 45 26 -25 37 -15 20 16 -48 -99 28 -66 46 84 
51 -63 93 6 -77 77 -39 69 73 -75 -39 -52 55 -90 -71 -3 82 -42 -73 -72 51 -63 -67 -4 42 19 8 70 78 29 -83 -94 -28 -19 9 58 16 33 -48 29 -54 68 -20 -56 84 27 55 -57 -60 47 -65 -53 -18 -99 -66 81 65 62 -60 36 -53 -20 30 -86 -14 49 1 27 -6 36 97 -39 -82 76 -17 -73 -57 84 -46 -57 10 -80 61 -64 88 -45 79 -42 -20 -23 82 88 66 53 79 63 -72 9 41 -41 -49 38 -20 26 68 79 11 68 -49 -50 -12 -3 -16 71 -12 -46 -45 -84 88 35 55 -9 -14 11 -18 49 35 -60 75 50 51 -71 91 -81 -77 -50 54 -64 -78 -32 -55 82 -63 8 63 -7 72 92 76 -6 -42 19 70 62 12 85 83 27 83 24 -43 -34 -38 41 -63 -45 -69 -47 -18 -32 -18 53 72 11 -75 -32 31 39 86 5 -71 -3 98 45 54 77 68 21 74 44 -47 -43 10 -62 49 31 51 18 86 85 -68 93 6 -18 -9 -77 20 34 48 -42 -53 -28 98 -70 67 12 12 -16 -58 -42 -94 19 -13 -54 -16 16 -60 -6 44 -22 86 27 -98 26 -45 43 -59 65 -93 -72 54 97 49 37 -45 57 -34 -19 -71 60 33 -4 37 1 8 -43 11 -90 -66 -10 40 -36 -29 20 64 -59 65 84 72 88 -55 64 37 -69 71 9 41 -25 -90 -93 -32 -85 85 68 -23 33 -17 -78 -67 -7 -53 -94 74 35 -71 67 41 76 -9 -80 -82 99 -24 88 93 63 99 57 19 72 24 -25 -59 81 -8 67 79 90 91 -67 35 33 -27 59 -37 -18 92 3 32 -67 -5 -12 -15 -64 -80 8 -97 -39 34 -88 56 72 -84 2 -96 94 -78 -18 -58 6 61 -23 -11 -5 -47 64 -36 54 9 23 82 75 21 -39 -37 -35 -92 58 -79 19 55 -64 -27 -44 4 30 -44 81 -10 -36 11 -53 -37 8 -28 -94 -94 95 -15 34 -98 -48 83 61 23 -61 -13 16 85 40 51 29 -44 51 96 -98 -14 -1 -19 97 61 60 -24 73 -53 -61 11 54 -4 25 45 -36 -57 -88 -27 -19 -28 49 36 -85 -57 -19 -25 -21 71 77 68 -50 -93 11 -95 -2 74 -51 -25 75 -89 -88 44 -74 1 86 76 83 48 -15 65 -83 47 -83 -61 -51 -17 70 -46 51 -45 64 -22 -61 21 -1 -33 -35 -16 67 -10 -29 -35 98 55 68 45 -57 -11 -41 -53 -49 -7 16 -92 61 -35 -64 55 -4 -38 -41 -30 -45 
91 33 -2 54 -81 41 22 -48 49 -90 95 -98 73 -41 -69 -47 -60 -45 -85 85 27 22 93 -31 34 -46 21 73 85 9 -44 -10 -13 -4 52 -31 91 2 -31 -33 94 -31 -93 15 -24 70 72 38 -3 98 38 26 -43 72 -43 80 -90 79 20 48 -11 -93 -98 -28 25 -82 -55 -40 -72 17 -53 -95 -89 87 75 35 83 4 98 16 9 12 17 38 -52 34 -7 -59 66 51 74 -40 50 -48 9 0 -57 85 -19 -57 -15 -16 -39 54 -68 -64 95 -18 -37 -41 -85 -65 3 45 -35 -48 80 -28 -20 52 -38 1 -53 13 27 39 89 67 57 -19 80 -71 -3 -68 93 68 -31 -88 7 -92 96 60 42 -67 -14 -53 6 -39 -57 77 40 80 30 -7 17 38 -77 -73 -97 -1 63 83 39 22 -53 17 40 27 -54 75 -74 24 -59 -35 10 51 76 -6 -55 -51 -90 72 -25 -78 83 18 -58 98 50 -96 -47 46 37 -66 70 -40 -74 59 -25 -26 99 18 -17 41 -65 -74 97 90 -94 -9 -68 36 60 -58 65 34 50 65 58 18 40 52 -42 25 99 68 -5 -93 6 75 -48 -85 -20 58 -79 -33 96 56 -7 12 -48 -62 -6 33 59 64 3 -29 -98 -81 -86 49 98 -17 -86 -19 18 20 -18 -77 -92 74 -97 -49 48 -23 93 99 22 -67 68 10 -63 35 -24 -84 80 17 -38 -18 55 88 -62 8 76 40 28 51 5 -82 13 31 61 -1 -26 14 12 84 3 -96 86 -71 37 -94 31 73 62 -45 -56 -28 -73 78 42 19 37 72 -58 93 58 8 -15 86 14 84 -56 50 -77 -69 -43 -44 31 71 -20 -53 -40 81 48 -24 55 -82 50 -38 93 36 -29 15 65 -83 37 74 -97 -85 -3 -89 -8 97 10 95 -14 88 83 26 -32 59 -98 83 -22 17 50 59 33 -1 -88 84 -59 -75 -1 -24 -45 44 -45 47 -59 66 -10 -91 -99 45 -36 60 13 -25 37 -7 -47 -48 31 98 -90 90 75 -93 -47 25 18 -34 23 -89 -75 64 -17 -79 -70 70 31 -80 27 -76 35 4 17 4 67 -98 40 84 4 -6 -71 -50 -79 -95 77 26 -12 49 -25 92 41 -10 64 39 -27 40 43 63 -19 28 84 -1 -27 7 -35 45 21 -53 97 -10 84 63 65 -11 -13 -39 -13 57 53 -44 31 18 -89 -14 43 -77 29 61 -43 -57 71 40 -18 35 -28 -13 -87 33 95 82 58 -70 -29 66 92 30 -32 -78 47 34 11 56 
84 21 24 -46 67 63 0 70 -87 -45 -67 98 -80 67 33 36 12 11 -9 -89 16 51 -16 69 -93 -51 -3 79 82 53 4 93 -61 -89 -79 -25 53 75 80 49 61 -58 -58 44 -55 -76 -28 -54 -72 -45 -48 -5 -20 31 58 36 -18 -47 23 89 -38 -57 -81 38 51 92 -49 -37 -34 35 12 -56 3 72 -48 81 -51 94 80 -66 -96 99 -98 -4 2 77 -58 -41 -91 -90 75 36 66 -9 56 -43 -13 33 14 57 -51 77 -54 59 -20 -86 31 -93 -64 65 -1 -85 -38 -56 -88 69 50 -74 59 -6 52 19 -7 98 89 -51 61 12 92 -69 -48 -37 -12 -62 48 -65 85 28 -9 -84 89 -79 -87 99 36 -16 65 66 67 -93 -82 59 94 71 -39 84 39 96 -74 -71 -43 -24 86 80 -78 13 97 1 54 42 -75 -68 -28 72 21 -71 -90 -91 57 68 -22 -51 -35 -99 -40 58 -88 34 33 -87 -13 -5 20 -41 87 36 28 -38 18 -79 2 41 70 6 -73 -72 65 3 74 4 62 -82 85 -92 0 29 -46 32 -77 13 36 67 -70 -6 -36 -69 -33 22 -33 36 -53 -17 -45 42 -55 -44 -60 90 3 21 70 -47 -66 21 -59 36 -34 -85 -39 -27 84 53 -7 94 47 5 -82 2 87 60 -22 89 96 -23 -77 58 -55 25 46 92 70 -89 -51 -32 -63 -53 -63 50 17 -6 43 -10 32 -56 -40 -6 50 70 -12 18 -48 -2 78 33 32 48 22 -37 77 -47 57 62 -86 93 -58 -13 84 25 49 -74 -12 -5 44 58 82 -90 38 24 -75 -7 63 17 80 -83 -68 -25 -8 44 87 94 99 -90 98 -9 -73 23 -8 81 67 -49 -37 -30 -9 13 -81 -55 93 -1 -88 -92 4 73 -56 31 69 -12 -85 88 96 39 63 -14 -88 -40 75 66 51 -87 21 -84 -76 -22 12 19 88 35 65 80 74 25 37 94 -32 -92 7 26 -70 83 49 6 -56 1 70 -34 -42 65 -62 -63 -30 -59 66 85 -33 -7 -91 37 -51 13 68 27 44 -35 -74 -33 -26 -11 -55 27 15 -96 4 -43 14 -69 -52 -40 32 -51 80 -19 -85 -20 -59 -19 -4 -91 -59 -14 -8 59 -51 73 32 89 -7 34 -72 -30 -39 54 -38 43 -41 33 -71 -10 -90 21 -60 30 80 39 -69 65 -96 -13 15 2 -85 -46 47 52 -18 -29 -47 -35 -28 69 77 1 -27 60 -48 -73 6 -76 -74 34 84 0 -38 90 24 -50 5 -71 -70 -46 -86 46 
-54 -38 89 94 16 -66 60 -11 -94 -94 86 -71 75 -8 -91 -60 84 -89 -13 83 -89 -58 -3 76 -87 10 9 63 -97 -7 -76 -90 -6 23 -89 56 83 -26 25 54 84 40 96 27 -57 57 40 35 47 -57 41 55 10 21 86 25 -75 -82 22 -73 86 -55 23 89 2 -49 41 99 56 95 62 79 44 33 -72 -66 29 -71 31 -11 -77 25 -38 93 48 -57 19 74 -47 28 -61 3 58 -88 -63 45 -44 16 -36 84 -7 -99 64 85 99 -91 -52 -17 -32 73 44 -56 -79 31 -99 39 67 7 -6 -10 67 96 -68 8 -91 58 2 66 -45 22 -30 99 -7 54 7 -83 78 81 2 -62 -95 88 57 -63 31 95 25 95 92 41 -41 97 -15 4 53 84 -29 81 -98 -62 77 -99 98 63 -64 -49 8 -17 -15 -32 81 -78 96 33 58 98 21 11 -87 28 59 -62 5 22 69 30 -33 6 -39 3 -69 74 -20 -88 -65 -12 80 -22 -66 -12 -59 -89 57 24 -19 -37 50 -72 -95 40 -46 31 84 51 -96 83 -4 48 18 -90 36 -89 -69 -15 -33 -21 73 51 -66 -10 60 -1 -23 48 80 -39 -90 -73 -20 80 75 -32 -48 -4 60 63 39 95 -48 -70 28 90 7 85 21 -57 -12 22 -8 56 43 -35 79 48 -31 -19 -22 76 9 39 6 44 37 46 55 -90 -5 -78 7 36 37 72 33 -55 -79 5 68 49 37 22 -21 -93 8 -51 -42 -8 -25 -25 -6 15 54 77 35 2 75 -12 26 54 75 33 18 -86 -2 -60 -53 93 11 78 17 -31 -43 24 2 -69 70 47 80 -81 96 -45 -19 -20 0 -55 -80 -35 -12 -32 38 -59 66 -65 25 28 26 55 -35 -76 20 -93 93 -5 30 -1 40 23 50 -38 -28 80 16 44 -61 71 45 76 -12 -24 -50 -44 -56 43 44 93 -5 -86 93 5 91 49 -62 -43 0 -17 60 51 21 -95 -50 55 -92 89 60 93 -53 84 36 -99 -14 -30 50 55 -58 -67 67 -94 -24 64 -51 40 -54 48 -1 -44 -81 18 -42 -53 -50 -7 -52 90 -27 -13 68 15 97 45 63 46 68 -84 90 93 -21 7 -27 95 25 70 -77 4 -40 -73 18 -40 47 14 -55 -90 -90 -65 5 89 -2 -87 -7 56 -39 74 64 -67 68 7 51 96 10 28 -26 50 -53 83 -76 72 -89 -14 -10 -42 -9 -18 93 33 63 -58 -74 -62 -36 -33 -33 -80 -12 -78 -44 -89 -31 2 25 20 -60 -13 
67 86 -39 -48 39 80 54 90 -49 -4 -29 26 53 -65 -77 -17 92 48 -76 -55 32 -27 -27 33 -99 -71 95 88 85 78 83 37 91 -17 27 -45 2 -71 -9 70 -12 -79 20 -51 50 -38 74 -5 3 -33 -51 8 -53 48 -8 84 -28 -5 54 -52 14 19 -31 26 0 48 56 -1 -73 -87 71 -22 98 38 -82 -84 -39 -73 53 -59 -66 31 -79 9 -88 37 64 -86 -42 -19 -71 -39 -88 -15 70 34 -75 -13 -31 -47 36 55 -78 35 -73 -15 -13 -82 37 36 -60 12 -61 -90 66 32 -23 97 26 52 90 -45 85 -67 51 -86 73 34 -89 30 32 49 -62 -23 -87 88 27 -73 -35 -87 -20 25 26 -34 -81 -66 25 -9 -32 -22 -13 -3 -17 -87 98 -30 23 -62 77 -37 -86 9 -7 -52 78 -38 33 15 68 24 2 17 -1 -41 -48 52 -45 98 51 28 -41 94 6 -59 27 48 25 71 62 -12 -71 -81 70 15 76 7 89 20 -54 55 98 -32 -7 -20 19 31 99 19 -95 58 77 -86 67 -12 88 -97 -7 15 -67 -2 -85 54 81 31 31 66 -13 -54 -87 93 -73 -55 12 -22 -87 -24 -56 32 -65 -91 6 -1 -89 -83 -7 -66 -16 2 30 64 35 74 -92 61 8 -76 -45 -83 -24 -88 3 -14 -66 47 -53 -62 81 -53 -11 -52 -2 -8 -54 34 44 65 79 -3 53 -84 0 -24 93 -10 -55 -11 -76 49 -84 -26 37 -51 -75 29 -64 90 21 55 30 -74 -50 92 -20 -95 -16 76 -86 -47 -17 43 6 85 79 -72 12 57 -19 -46 -12 -43 34 -16 50 -67 93 -48 46 -36 0 74 -93 -22 67 44 -21 43 31 -37 32 0 7 65 31 -16 86 -45 -23 92 9 -71 -90 26 -58 -52 99 98 -99 77 -8 -79 -39 -5 -66 63 26 -89 -22 -98 -90 -5 -4 58 97 -81 -73 -23 21 28 51 66 8 85 75 61 -84 66 87 -89 -83 -71 47 -93 -42 18 82 -96 96 -75 -32 1 19 -60 11 -59 50 54 37 60 -2 -25 -88 -81 -67 -75 17 36 -54 -64 -73 -2 -42 19 96 -32 28 70 68 -82 -15 54 -45 91 6 -44 -36 22 37 -80 -9 59 -26 -44 -86 81 51 75 -55 14 70 78 75 83 -46 62 -95 44 -82 77 21 85 -14 57 -44 88 29 -67 -48 -25 -54 -42 89 28 -49 -7 26 82 -56 30 84 -43 -96 84 -61 -80 14 -36 -18 -31 87 -43 -53 -48 34 93 2 0 28 89 86 -35 
-94 -59 -15 50 47 -97 96 -51 -30 -57 72 -78 -93 4 0 -44 92 29 -82 74 43 -41 67 87 -19 -87 1 -67 53 -27 90 57 -39 -96 70 38 91 31 -17 -69 1 97 23 63 -14 80 90 68 -77 -43 48 -77 70 -7 15 -37 -15 -68 10 -47 -65 -6 -32 9 -65 77 22 -66 -41 -76 93 -85 23 40 -69 95 -38 89 -16 98 -50 -26 53 -33 -34 -98 35 -59 56 93 29 25 80 -40 -1 9 97 87 -4 -91 -97 49 -87 9 -1 48 5 -36 32 -64 -65 -84 1 -26 27 -37 -93 53 -82 -52 -18 5 71 -58 12 -63 79 -58 96 90 -43 95 22 77 -64 26 71 -77 -3 -89 -24 51 -55 84 -54 -24 10 23 -84 80 67 -59 58 2 -37 58 31 56 47 -80 91 -96 16 -76 62 4 -59 66 30 65 -59 2 -50 66 -40 65 -98 -71 -14 24 61 -54 -33 -30 32 15 76 -39 18 -85 91 86 -43 74 34 -16 83 -46 -82 -70 -90 7 78 -58 -45 5 6 -49 -35 -88 88 74 -8 4 -88 50 28 -93 -71 -73 -36 97 73 11 11 12 -52 -34 54 -83 -67 45 -11 71 68 -12 -90 88 53 57 10 -2 59 -91 -67 75 -57 -42 82 67 -17 1 -92 -73 7 96 85 -76 39 51 -7 9 -65 -61 -70 -85 48 32 39 65 -48 -64 -42 59 -12 24 90 -24 47 33 76 80 50 54 0 47 46 37 58 75 73 53 25 13 82 -37 -97 -14 -33 61 84 83 34 96 43 93 -88 81 -15 -82 -43 43 7 -5 17 55 -95 38 30 -40 -15 66 -44 15 -5 35 15 -99 -74 63 50 -42 99 82 -94 12 78 97 -57 -28 -23 -28 18 52 -19 -77 53 0 -71 5 -62 20 -32 88 9 71 -10 -85 -80 30 -3 -74 -59 -33 -18 -1 57 -13 -11 -73 10 79 80 78 -12 88 -48 -30 3 -84 30 48 99 -67 89 -69 32 -9 73 87 -10 60 91 8 24 28 -57 -97 -12 84 -56 35 51 -48 83 -34 -29 72 51 38 -5 57 -60 1 -14 47 8 -22 -94 -31 27 -84 -28 -72 98 12 33 45 -93 -80 10 0 -38 -59 20 34 19 31 81 24 -75 26 -34 -24 -92 -44 -50 -63 33 -56 -13 -35 9 90 20 -1 19 -99 -88 18 -24 -90 -83 -10 -93 86 14 64 37 -2 -82 -77 -3 95 0 -81 23 -64 -41 74 -85 5 -87 -34 87 36 -97 3 -98 -35 18 -25 -35 59 -87 8 -49 -19 -57 14 
65 -82 84 -21 70 68 62 27 93 -41 -12 -40 -14 0 0 -79 -85 -98 67 30 -29 -40 -78 -95 2 85 81 35 -82 -6 -3 12 -60 -26 3 -35 61 -35 -6 -58 -99 40 29 -10 89 97 45 77 50 -32 40 68 33 -31 4 28 62 99 -14 16 -60 -41 44 86 -52 77 -26 -50 -2 -67 50 62 10 -10 16 -10 49 -72 56 -24 38 44 94 66 6 7 -73 -5 -36 77 68 -10 -4 -96 -34 27 86 2 41 -35 88 -83 -32 20 28 81 32 15 67 -83 -12 54 -2 2 -86 70 -80 -54 -34 17 38 -10 -16 95 -21 -81 56 52 0 51 -4 68 53 54 -42 73 12 -18 -95 82 -8 -45 6 46 28 -25 -3 87 50 -8 72 0 65 -63 -1 94 93 25 22 -56 42 56 -25 -49 -10 84 -86 -21 62 22 74 38 -82 58 -43 -84 9 93 -14 89 54 -53 11 82 -66 -54 -73 -82 56 37 47 46 -48 45 -4 63 44 -63 -61 -13 58 -68 -8 -42 -18 43 98 52 65 -49 70 8 32 71 95 28 -86 -90 -74 53 95 -97 -69 -2 39 -91 86 20 7 -60 21 45 -74 30 57 80 -27 -17 -32 77 99 67 52 -61 -3 25 -84 -33 52 48 -98 87 21 95 82 -65 0 -65 -46 -69 -84 16 87 -71 -97 -94 -52 72 55 85 48 -90 -69 95 -56 -61 -56 -71 -60 -11 46 46 -29 -30 -47 17 -8 -44 -93 2 -14 2 50 -48 16 43 73 69 86 -36 38 -49 -29 -42 -49 81 40 -35 -90 -99 -14 80 -97 -86 63 -55 59 67 -38 52 10 -76 48 67 9 62 94 24 34 -98 -24 -52 -21 44 -25 -65 70 0 46 62 -21 -15 13 -9 71 -6 -79 -49 19 -24 -28 -82 -57 -25 19 59 -35 -76 -43 66 -38 -93 65 -88 -20 91 -18 -25 43 25 80 47 -50 92 -3 97 -13 90 97 -42 24 66 84 66 -20 -44 -76 -62 -62 43 50 -2 -56 -14 -52 -28 -77 -52 59 47 1 -78 6 90 -2 -8 -10 -57 60 -64 29 33 44 -73 -95 -82 45 -65 65 24 -7 -75 34 -59 -19 -28 30 9 -65 64 -48 -54 57 -12 34 -1 -53 -14 58 -38 15 60 -40 -64 -35 70 51 45 -26 -95 92 -62 42 -3 -86 -88 -14 90 66 65 -78 -44 85 -37 -96 -17 -14 -62 -71 -30 12 21 -47 54 16 56 48 78 -44 -76 -21 -12 -63 58 44 24 40 91 -14 98 -47 79 35 -2 -37 -47 74 -5 30 34 
59 -31 -56 81 90 -94 70 80 68 56 -6 -12 -78 -92 2 63 67 92 43 -44 -81 80 2 -48 76 97 35 66 23 -91 -51 -17 30 4 21 -65 21 -3 4 -76 -18 -23 -42 -96 -25 43 -22 -9 29 -42 33 11 -99 -82 70 11 86 87 -35 81 -24 -63 -2 -33 47 -39 94 -66 53 41 48 -3 -80 4 47 96 21 -92 96 -88 90 99 -70 -76 28 21 26 -49 -43 -1 93 -58 -57 -45 -12 71 29 -17 -42 -73 -61 14 -21 75 -3 32 78 24 62 73 70 -12 57 -5 -64 58 -21 62 19 25 -45 59 -25 17 -23 -97 1 75 -61 13 18 -7 -56 -49 -17 -41 -95 -45 10 38 5 -89 -45 -53 -13 -14 -2 8 73 45 9 52 63 -42 -91 40 43 -87 -65 53 -80 57 30 -28 44 -48 -6 -51 -20 -76 83 -13 -59 51 89 10 -25 74 75 -73 79 31 37 77 -23 -23 9 41 88 49 32 41 26 -20 91 68 65 -85 -40 -96 -59 22 -52 14 3 57 22 30 -32 57 73 -67 9 17 88 -90 -99 -1 -68 79 38 -28 16 -28 -39 -21 -20 -20 77 61 -95 48 -52 -5 71 -41 -93 18 -17 22 -44 -70 -24 40 -11 56 94 55 -46 -34 16 -26 -71 -65 22 9 -62 -19 -46 -97 -73 14 -66 -97 -54 50 -71 90 79 87 -54 27 -23 -52 46 -41 58 -65 1 46 -99 -48 77 42 43 -10 -3 76 -52 -95 -52 59 43 -10 97 80 -13 57 -56 -93 -7 15 97 -14 -22 -36 -38 26 -35 35 -37 -19 85 88 13 30 -90 -83 99 -6 -35 -66 -86 -94 -99 -66 59 -40 -94 16 -48 69 -34 10 -30 65 -43 -39 75 78 42 66 84 -17 -34 -90 63 -20 37 -43 36 -55 6 -83 -56 53 82 -80 -40 -52 48 56 0 -67 28 -52 42 -68 19 -18 23 -22 -70 1 78 8 -23 7 16 95 -19 17 -73 74 69 27 -54 -49 -43 20 -45 -52 72 -34 16 83 -8 96 73 11 -15 -67 -14 17 -15 8 74 -26 -67 -97 5 11 -63 63 -35 24 -70 -96 40 71 -65 34 -55 -42 -50 -66 73 4 -87 -76 -34 91 54 50 87 -81 7 52 12 -41 28 -19 -24 54 -46 60 31 -2 -56 -87 -40 -83 -62 -43 -24 -61 31 -57 -77 3 23 -45 -98 58 -62 33 67 33 -24 -40 -23 -58 -31 -44 -46 -81 -77 -33 13 28 -21 84 -86 21 -63 -20 -92 -52 -22 -96 62 86 -59 49 78 92 -72 -92 -56 9 
-15 -46 -66 -10 -91 71 -25 -10 -88 -63 -56 -22 15 43 -5 -54 14 -42 76 4 -99 -8 -63 25 57 -7 -98 5 26 -35 -53 -79 -30 -80 61 74 -90 -34 24 -47 40 56 6 70 -53 11 38 -53 97 7 35 88 84 -24 -66 16 79 33 59 33 -50 -43 -82 -59 -14 5 15 -12 85 73 -37 54 68 4 -74 -39 -22 71 27 -22 -41 39 -56 80 -68 23 58 86 -41 15 -82 -86 60 -36 47 4 58 20 -68 -40 -10 -41 -66 33 -60 -76 -91 -69 27 -96 22 88 86 30 -20 86 87 29 -78 92 -41 47 -12 10 -37 65 -65 7 -1 37 -40 42 28 48 -43 62 39 19 -94 26 -9 -17 96 90 79 16 -68 -25 -89 17 86 -13 -9 -35 -71 48 -84 66 61 -56 -5 -73 -73 52 -21 -35 -2 8 0 91 16 54 -54 -18 6 24 -86 98 64 -88 5 -59 -8 17 9 66 9 -81 13 -29 52 34 14 83 4 -94 -62 -75 -95 34 35 71 14 -13 15 -34 -20 26 13 38 -73 -42 21 82 -43 -72 -49 48 -20 5 3 -90 -54 63 70 -30 -86 -57 -22 76 68 63 -63 17 -43 90 -35 -67 -68 -4 -85 -73 -58 3 -11 -12 -89 24 -70 -68 3 56 74 9 -72 -21 88 -91 -79 68 84 95 24 -14 74 51 -88 58 -57 5 51 61 -66 -80 16 34 50 -68 -1 -25 -94 70 -81 47 66 61 -73 24 -93 83 99 17 -45 -77 -8 -17 -2 25 92 82 76 40 8 45 31 97 -1 -1 -74 49 45 13 84 14 -85 52 -7 50 86 3 76 77 -56 84 68 23 -67 68 -31 -16 -72 -16 3 21 17 -64 -53 9 -46 76 49 74 15 -2 50 41 -11 -95 -84 -42 -38 -49 60 0 21 -69 79 -3 21 17 30 -29 -13 13 74 59 -25 -51 68 60 90 5 -34 2 -40 86 -97 -43 22 -63 9 30 -13 65 34 -44 -87 -90 91 -97 -88 -33 68 91 -76 -19 87 65 -13 61 91 -78 28 -44 68 24 -61 -3 -16 32 37 41 -39 37 -58 -29 87 -18 -53 72 52 -5 4 16 -52 -87 68 -6 84 75 -25 81 31 -71 2 -74 -5 -74 23 10 83 -68 5 7 -97 17 -46 -11 85 -90 64 32 89 -7 -22 -36 -16 65 97 -8 -43 -75 3 -21 -58 -58 -8 76 28 23 33 -28 -96 51 41 53 -54 -65 26 73 76 31 -50 -36 43 11 -76 98 -66 -25 32 -60 36 -25 -50 -47 60 19 -76 -2 
97 96 67 20 -75 -19 75 -40 -18 82 44 69 84 36 -30 -60 -2 -42 81 11 66 61 41 32 -29 -81 -28 31 -64 -51 0 -89 -87 51 -98 -75 73 -94 48 4 -53 -47 -29 -13 -83 11 99 -7 86 72 -35 -19 -34 12 41 29 -13 -23 -27 -61 29 -86 40 -4 -40 -7 -74 82 -11 -57 -87 -43 90 28 -83 -2 -44 -97 -69 -13 84 -77 -95 -8 -72 -28 -45 -84 24 -33 2 95 47 -41 72 -2 40 -47 8 -78 24 2 -97 -44 41 60 2 36 32 -13 -67 -52 -50 -60 -90 -84 94 83 -11 -25 -2 -98 53 82 75 -73 73 23 0 92 -36 -35 43 -74 -71 -36 6 -75 -36 66 20 72 -79 -70 18 83 -1 -9 -15 -48 96 -79 -58 56 1 -21 46 55 29 8 -3 -96 -46 31 88 81 -17 40 -28 95 12 81 44 26 -12 -50 -63 43 -60 -48 -34 -88 -93 -40 -69 34 65 91 -61 42 9 -83 -31 7 16 -98 -83 -31 68 9 -95 41 -92 35 -64 -21 -25 55 1 -31 45 92 49 92 -3 -71 -48 38 78 -42 -25 50 91 79 99 17 -62 -14 -71 -50 2 53 82 26 90 46 43 -75 68 -12 -52 75 -27 -60 -39 -46 -44 27 42 -71 -49 -57 25 -93 -30 -16 -47 80 -17 -74 -93 -86 -55 -77 30 -87 10 -70 90 54 -1 -14 33 -28 61 47 -63 18 -81 84 -51 33 -59 -25 71 -37 14 17 2 70 -40 -77 -56 15 72 -9 51 89 62 -75 -83 83 44 -82 85 -2 59 -67 -6 -65 99 26 62 4 51 -54 8 37 74 -5 -96 -9 27 -60 -21 1 -95 -66 93 9 -8 -92 7 -4 94 77 -15 21 -3 7 -71 -49 -10 70 -43 93 96 40 41 6 -51 -39 23 -92 20 -27 -2 83 -27 50 86 -13 20 -24 23 -32 -80 -8 52 -28 48 -21 47 43 -35 -65 50 -53 -93 -59 92 14 44 -78 39 -50 -81 -89 -36 -63 24 7 -63 67 46 -70 74 37 -99 16 57 -89 1 -80 -94 -84 -59 97 -62 5 -78 -39 -8 63 -15 -85 78 -92 50 72 21 29 15 95 65 24 -13 -74 -84 -92 -34 67 15 92 -11 -69 34 -62 47 67 -68 -91 -73 -94 18 21 -65 -64 -22 -99 -44 5 92 28 50 -94 -62 24 32 -46 82 76 -12 92 -80 -97 -42 72 -52 3 31 -86 -81 -44 55 80 27 -50 8 82 88 -86 -14 -46 78 60 -88 55 64 34 -11 32 86 -30 -15 -67 10 -13 64 38 
-64 73 -87 3 -32 -23 -14 -50 -9 -93 63 9 -61 -77 -28 -75 61 -18 62 -74 72 -52 73 74 21 78 -75 -73 39 -10 82 14 -63 -30 -8 -68 -7 -69 74 74 55 -54 -27 -63 -95 -29 -43 86 -32 -85 42 -7 29 -78 50 22 90 20 -83 41 5 -50 59 -48 0 -91 -15 -10 85 -95 -42 -20 17 51 -47 46 -59 27 -1 -30 -30 39 5 96 51 41 29 48 12 -57 18 -59 -48 -32 -75 -37 -46 38 84 98 52 -18 19 -47 -18 2 33 82 -87 -76 33 69 86 -65 51 -94 -32 55 -4 87 -51 56 30 -84 -30 9 21 -10 74 34 96 73 11 -22 -81 -92 36 -28 56 -48 66 -43 6 41 48 -92 92 -16 -15 -25 -45 36 -88 33 -30 88 -74 -34 35 -63 14 -99 -95 -39 -74 31 -2 -11 -88 -68 10 57 -37 83 78 -29 98 -73 -15 -10 90 6 -16 21 20 11 -71 11 70 -7 1 69 6 -27 75 -99 5 81 -57 40 53 49 95 98 -61 -75 -43 -27 -6 25 0 80 49 -50 -89 -3 43 -82 -49 -72 97 42 30 85 -4 -20 -84 64 -94 62 -15 -71 84 86 -76 -64 42 95 26 -9 2 31 21 42 8 -59 -93 14 -75 15 18 -86 -55 -71 -85 -25 43 -85 -50 51 -72 -30 37 -45 -58 -66 55 -10 -28 74 19 -67 -28 -99 10 20 -44 -95 87 -44 -6 26 -2 -57 -67 60 59 93 -17 -99 45 -43 19 -4 89 -87 73 13 61 -15 -65 -64 -56 -1 -71 -79 7 -7 64 99 52 -72 87 2 -99 81 93 -22 -53 -43 -34 -81 81 38 -27 61 78 92 -92 72 58 0 53 17 25 21 -54 -25 0 -35 -52 42 76 5 88 58 83 25 -31 15 5 -88 -78 17 88 -83 93 -48 -48 82 -16 60 -89 12 26 50 97 -6 74 71 54 37 2 48 -18 86 -5 36 47 -33 -49 -98 12 -68 23 -93 -98 42 -67 44 -60 31 23 -17 -42 97 0 30 9 72 -53 -46 48 -57 0 95 70 -29 49 -22 43 -4 75 98 -48 -43 -40 89 41 92 -45 49 -52 -84 56 43 -42 23 35 83 20 -23 38 22 74 -26 31 -42 -79 83 6 -82 -70 27 -46 -72 -40 -47 -4 69 -29 -90 -64 -63 96 78 -39 -23 8 -77 -99 60 -63 -79 5 77 -31 52 92 4 -8 -54 65 -47 -19 8 -16 -92 48 -19 -22 73 34 30 96 6 -16 87 62 -21 -44 21 79 -55 44 15 17 46 -20 -68 
95 -2 90 -89 8 -89 83 48 3 -49 -92 68 -69 -70 -15 87 -93 23 23 76 -6 40 -71 45 -31 -83 -26 0 87 -13 -28 -10 -1 -31 -99 22 -73 80 1 19 98 35 -22 67 -75 -7 -73 9 -54 -55 -97 7 41 81 62 79 11 81 -96 -89 75 19 -49 -93 6 5 -81 -41 90 14 46 -46 -66 65 -94 63 -57 14 -26 -46 -92 60 60 2 -71 -47 -92 -94 -41 77 87 77 -45 -76 4 -15 -35 60 -13 26 21 -74 8 -84 21 76 -44 35 14 -62 -16 -90 -3 -82 78 -51 98 99 28 -65 81 70 64 -70 11 -55 31 95 -94 -51 95 24 77 26 22 -69 48 32 3 -77 -53 -24 -36 24 64 -69 18 -37 -30 96 65 74 23 88 -88 -12 -92 -8 -55 -64 -99 81 -90 49 5 54 38 53 19 93 0 -35 -7 65 -1 -55 9 -91 87 -10 8 -18 8 59 10 -45 -74 73 22 99 67 30 4 -3 -88 -37 57 -54 -51 -98 48 14 -18 29 55 8 -14 78 -29 -77 -96 69 -75 -12 55 56 -21 91 -55 -34 43 34 71 2 47 -99 60 52 1 99 62 -79 95 12 -73 -56 10 66 35 -71 75 39 34 6 9 10 89 58 -18 -19 88 -58 -94 24 -95 -28 -22 -12 -7 35 -81 -93 96 -80 -32 -96 -40 34 -16 -32 2 28 -45 55 -9 30 65 75 -67 23 46 -32 20 -90 -76 91 -3 -49 51 -78 29 -74 -66 91 -82 5 51 95 85 55 -54 -35 22 6 -44 -38 97 72 7 1 25 70 48 -74 85 71 -74 56 -77 51 -94 90 31 -34 18 -28 69 -91 -23 62 -80 -11 -87 -23 42 -12 74 -52 89 22 -3 -60 17 14 41 -74 -94 -10 -17 -65 68 11 88 -53 -58 96 -10 -70 -91 -71 -44 71 91 -84 -52 -16 21 59 78 -71 -17 -1 -24 35 -95 32 60 -98 49 -6 13 -61 33 -2 62 74 -83 16 -87 7 -62 55 -89 -81 -22 11 -42 27 66 70 -76 -47 -60 86 60 97 95 -68 -82 -87 97 -28 -83 -60 29 -56 1 -86 -76 56 93 -87 -61 -87 76 66 -36 77 30 -54 -38 99 -63 61 66 -5 85 63 -54 83 -61 17 46 -89 -99 10 -52 9 58 40 -58 -90 23 79 -28 -50 2 -32 -16 16 -34 -91 37 55 -37 -42 -50 -1 -6 -2 -44 -49 -40 -63 32 -43 89 13 26 -18 -33 24 -35 98 -32 73 44 -21 -51 75 -16 90 9 77 -95 74 23 -56 54 -65 
-89 97 -95 -38 0 -14 9 -44 -82 -54 -21 -52 -95 -39 64 -93 40 53 -24 -88 22 -30 -79 -10 50 11 -81 -76 -13 -85 -6 2 -62 21 -81 41 -79 -56 -58 46 66 -70 4 20 96 80 57 47 0 42 -3 -50 -91 93 -99 -28 -37 66 47 64 -34 29 -76 28 -43 22 67 -60 96 -15 72 -3 -71 -49 -93 10 -55 -62 -92 -67 -14 -7 21 -4 6 19 -94 -83 -6 59 71 -78 -79 42 81 71 96 84 -96 -26 83 13 59 -60 78 60 42 89 -34 -47 -8 -3 -85 -14 -98 46 90 48 -2 72 -26 4 -16 -51 56 -95 48 18 -3 53 -11 -45 81 58 35 -98 65 34 42 -7 -78 -59 -35 46 -50 31 -90 -73 53 -56 -79 -86 -23 -90 58 -38 25 -39 -48 50 -56 -97 32 -77 -65 86 84 72 22 -19 20 86 -47 -89 -39 -26 -99 -64 -6 89 96 67 92 76 -11 -85 -22 74 -76 89 68 -86 4 4 -44 78 70 52 97 71 57 2 -35 -39 45 -62 -7 -93 -45 -33 -85 22 1 39 82 97 46 85 -25 -41 -39 -42 82 -19 85 56 -42 -10 26 -23 48 -55 62 -69 -52 -27 -33 90 88 1 13 57 -22 -97 -72 78 67 -64 24 20 -42 -13 -7 -98 27 56 81 -42 54 49 51 10 57 -94 37 -5 52 42 59 -33 -48 -92 89 -1 -96 -60 17 -67 -26 -81 -17 44 49 24 -79 -82 13 38 -71 -70 68 15 -24 95 -78 58 31 -49 40 -86 -82 28 33 39 -24 -17 91 -94 -13 10 72 66 92 -54 -81 34 91 63 97 -11 72 -4 39 72 8 42 50 72 68 86 19 -99 -25 -3 -2 40 43 -7 17 0 -63 -81 -87 30 -98 -90 -22 6 98 -6 -48 66 76 37 -49 -96 2 53 -66 -21 25 82 -90 72 -84 59 -13 -85 -89 -55 -29 53 76 -75 -77 87 74 49 -77 -38 -86 -40 -76 -78 -52 67 64 -47 -8 60 -59 -28 82 -50 -90 65 67 64 23 97 40 79 56 58 -5 -42 80 80 51 72 -10 17 21 72 40 -94 4 93 -8 93 -9 60 -80 -58 8 -36 32 77 -62 -11 72 51 -59 -93 -12 -98 -4 -53 37 14 -81 -47 -34 -16 85 42 77 -5 12 54 18 -38 -77 -89 62 73 10 59 35 68 81 5 -15 4 -99 -7 -40 -31 -39 -54 -6 -78 11 55 -19 37 15 40 20 66 -17 15 45 22 -40 63 -22 -86 -55 37 89 -40 95 83 -50 77 54 36 45 6 
-50 73 29 -1 -93 13 44 -19 33 32 -65 20 -92 39 -14 -29 -15 35 16 -91 -18 23 -24 38 -41 -11 -25 21 -17 63 -2 -12 68 -90 36 4 29 -17 -88 -86 7 49 98 57 87 50 33 -4 -71 -61 -58 62 66 74 -41 16 30 81 -57 -50 43 -36 48 -14 70 -35 -16 58 51 -12 -48 97 51 -18 3 -60 -62 -96 -77 -82 30 -52 0 12 62 -21 -23 38 45 -81 -48 7 41 -43 -92 36 20 11 -75 45 21 -87 -53 91 57 -81 19 -77 -78 47 8 52 -86 97 45 -44 71 51 52 75 -80 -14 -89 95 94 -11 -34 65 28 -51 51 10 -99 -97 -46 -51 99 -56 59 26 -57 -71 -17 9 44 -43 14 -80 -18 69 84 -2 16 -37 73 -47 32 71 -40 -98 -81 76 40 -38 99 -99 45 19 94 -63 -80 -31 90 55 24 95 -64 85 -79 28 -10 73 51 36 -58 -3 -91 8 64 -57 -30 65 91 -45 -87 72 -64 -88 -91 -52 -61 -28 75 -41 30 64 -15 49 78 41 -8 31 73 33 -57 -18 -51 -40 97 52 -21 6 -41 -27 -3 3 35 -60 -21 3 -94 9 -25 -79 -55 -94 4 -76 -65 98 -55 -88 68 -21 -79 -19 31 -74 71 54 64 43 -56 -74 97 6 62 41 -80 -5 -94 39 14 -27 -72 -82 94 78 -30 -7 84 42 -15 46 67 -52 66 78 -68 -14 -80 77 49 -35 -96 27 -92 39 -41 83 24 -38 -92 12 22 -92 29 -42 -31 -89 -2 32 62 -99 27 -10 -13 -23 25 15 -60 -24 -47 91 -98 96 52 -33 52 -89 -59 71 20 62 -44 43 -67 -93 93 -98 -42 -71 3 -71 36 -7 -51 16 -95 68 25 -55 96 73 -60 85 19 -51 29 65 -56 21 -93 79 58 -54 -67 -83 25 -38 -18 1 -69 -43 79 32 -9 3 -65 -4 -89 -77 70 17 56 83 96 -21 11 59 49 -31 71 0 64 40 98 25 -98 -53 -74 93 -2 -91 39 -83 -32 87 -8 41 21 -4 -94 -70 80 -26 83 -26 84 20 33 -3 44 -79 4 -93 72 84 51 8 36 -25 -58 84 -40 -63 -91 23 55 37 -87 47 85 10 -61 49 86 25 -75 76 -55 -14 -14 90 56 27 -9 95 -99 -60 -95 -99 -43 41 -10 80 -1 60 -86 -80 -29 85 -93 -10 -13 -38 -63 64 -35 -28 4 -48 98 -15 48 34 -94 -9 27 84 28 61 -10 2 -68 -23 0 -77 -42 49 -25 82 63 96 -57 70 -35 -92 37 58 
-29 14 91 -79 -56 -16 16 83 61 -24 -82 20 50 34 53 40 -62 -51 -81 -52 -74 7 90 13 -81 2 67 -86 -99 27 -71 73 8 -55 -96 -64 58 82 24 -78 -97 74 15 -56 7 -95 54 -24 -67 -86 -34 -77 -31 -39 71 -21 -90 -7 71 -23 57 -99 -93 50 -44 90 -31 -89 67 -93 26 62 55 44 -47 61 50 49 -37 -5 -77 -40 -90 43 69 4 76 -60 -83 -11 94 14 11 34 -50 90 7 -97 -38 56 -92 -52 -82 50 -9 37 -27 5 44 -26 -38 -85 89 -93 -2 65 -80 89 7 -46 2 -26 -47 72 49 0 47 -7 70 -37 -31 77 93 24 74 54 -40 2 2 -93 -32 -20 -17 -18 -6 -33 24 -88 57 -96 -87 -25 71 -73 9 -35 -95 29 66 -82 95 -85 90 43 -11 -48 20 78 -8 79 39 -76 -90 97 96 70 46 15 -73 -4 69 -11 -77 -82 78 89 -27 62 91 -49 -44 -79 13 68 38 -82 67 7 -46 85 31 10 34 -88 5 21 -72 -49 -34 -75 -9 99 -15 -43 41 -5 87 98 -35 36 -33 56 77 87 1 -8 68 -39 47 -69 89 0 64 63 -52 -46 -30 38 -26 24 -80 -38 -85 29 14 -55 -41 -87 11 53 53 51 69 -35 -64 0 81 -16 -80 60 96 -75 -13 46 -8 -30 -45 31 97 33 16 -13 -80 57 73 -45 10 85 -95 74 72 -16 49 34 -85 26 -83 -64 -76 -59 8 -62 25 -80 17 74 95 56 39 19 61 88 -89 29 90 4 -10 76 -56 -91 -75 46 73 -18 46 76 67 -81 84 0 -92 83 28 3 25 -88 33 97 99 45 66 87 -86 12 -4 -26 -64 -77 -1 90 28 74 76 90 64 67 82 31 2 -16 -16 61 -73 -34 22 37 -67 -44 29 -40 -25 56 48 -94 -48 77 88 69 -61 -1 -85 53 -12 -30 -39 30 -61 57 74 -88 -93 -42 -30 85 -13 70 -24 -90 -36 38 16 -2 -59 -64 8 -98 -12 85 -48 62 -38 11 97 52 -69 43 -69 -81 36 97 -48 96 13 -93 12 -66 -58 10 22 56 -86 8 16 -18 -73 -4 -86 -64 11 -34 92 62 -20 2 52 -62 72 11 77 37 -55 61 -76 60 -64 25 24 93 -47 55 39 8 22 41 -4 -93 -93 74 -51 95 -77 -20 32 -62 12 12 97 54 12 46 42 -99 95 87 78 -30 -67 40 0 18 98 12 -80 -8 44 -20 68 0 -28 -59 39 -35 5 -18 38 -76 60 6 -36 44 
58 -12 -53 -87 98 -24 -84 -40 -25 -65 -54 -76 35 77 -33 -70 -88 57 27 -83 -79 24 59 -43 -14 -42 55 -50 35 -50 -5 -23 99 2 -12 -87 78 55 -51 56 79 -39 -51 -15 -70 -20 -38 -92 -63 -27 -54 -59 66 21 95 -86 -95 20 42 39 95 1 12 -47 71 -15 -89 31 -61 -83 35 -82 -91 95 -29 -58 -2 -23 -31 -29 8 -45 38 -14 35 -47 44 41 -19 79 36 -84 -88 -85 51 32 -47 29 74 30 -39 -52 -17 94 -28 -19 -10 31 99 53 -6 -68 64 92 71 -5 -33 -29 85 38 12 -92 86 -73 66 -91 -40 41 -28 -44 -87 34 6 -68 -60 36 23 -14 63 51 6 -73 -75 28 87 -63 -47 74 -23 -43 73 -97 -25 -60 57 -14 -78 -3 -3 -99 -1 -85 75 63 -19 -19 2 -46 -71 -55 58 -39 4 -26 -72 -4 40 -28 4 23 30 55 13 -74 -40 -60 -44 35 -48 -12 -32 92 86 -81 91 -34 38 70 80 22 69 84 -9 84 -43 35 -19 65 62 -59 -39 73 67 70 -15 96 -97 1 70 46 79 -46 25 62 64 44 33 -47 43 -30 94 -91 -65 96 20 -93 42 80 -58 -37 -59 -17 -97 -50 77 -61 16 -34 -15 77 -34 84 -64 -38 -67 18 75 95 -77 -66 -25 -86 45 -87 65 67 -80 -57 -52 -58 -52 44 -92 -99 55 -57 27 -76 15 -21 -33 -78 -43 45 1 -58 66 -69 -90 -61 -10 42 -77 64 13 -38 -90 80 73 -64 11 -86 -51 -37 -91 -40 -75 36 -68 -46 99 12 55 15 33 -77 -1 20 16 -67 -66 38 -52 -85 22 -21 89 -53 30 14 15 60 -56 20 -27 -70 67 87 27 42 -85 -50 68 36 36 32 0 2 99 -80 50 -81 94 50 -13 9 57 -54 45 -13 -30 9 19 50 -25 -51 61 -75 -46 7 94 6 82 -34 65 53 73 47 -60 2 -80 -45 48 15 -14 98 -25 -50 -79 46 65 96 -17 -64 44 4 -24 -21 1 18 -82 -95 1 -69 -81 47 -18 26 45 -72 -50 67 -77 -92 -29 40 46 32 -69 -74 -47 95 78 53 -31 59 -9 49 -68 -10 -9 45 87 -39 -96 52 19 -27 53 11 74 2 70 -93 15 -45 -76 -88 93 96 -53 17 8 33 -40 -68 -58 42 -26 9 -59 -76 -89 5 -96 86 34 -33 -39 48 -73 -33 -4 -67 22 -9 84 -67 -42 40 58 68 -69 -63 -83 -4 65 -32 -42 9 53 68 79 -86 -16 56 -81 -11 -90 34 
-35 -25 -3 8 92 -92 73 87 64 11 70 69 49 52 -64 24 -43 -81 28 92 57 -53 37 -91 3 94 -19 -78 66 -29 -80 -23 -36 50 -61 81 90 44 35 58 -66 -49 6 -66 -43 15 -38 50 -79 -70 94 1 -11 -30 -58 40 15 60 18 86 -8 -70 71 11 8 -97 -30 30 96 -9 0 -5 -17 46 -80 67 -19 52 19 80 -92 -46 -9 -50 16 58 0 4 -5 -67 91 -3 -15 93 -19 -14 52 -46 -76 -8 -4 -77 -63 85 83 -14 -21 -66 36 -77 -69 10 -63 45 -80 -42 47 -81 -78 34 70 -99 73 -68 -17 84 80 -24 -29 22 -91 1 -78 -53 97 79 -48 -81 -35 21 -52 48 68 95 -1 53 -32 75 -30 -77 -38 63 13 -55 -80 -72 -97 -10 -56 -46 80 -77 -17 -13 -17 -37 -56 23 -51 60 70 -80 56 -22 80 23 -62 -43 95 -22 -83 34 58 -83 41 44 -71 -11 -30 90 94 -80 -55 66 82 -25 70 3 18 -8 -50 -48 36 -24 -56 -7 94 -23 -29 -68 -54 -92 68 17 -43 52 88 38 -53 12 61 -70 -1 -28 -95 -9 -44 20 -15 -40 -59 24 76 -1 11 -29 -90 35 -16 34 30 15 -26 65 -16 28 85 21 -5 30 -37 -77 -38 -17 71 -98 -50 32 97 7 -24 -12 77 51 -39 3 -38 -88 -37 41 37 35 28 -27 -20 17 67 21 -49 72 -81 -14 48 10 39 -16 4 -67 48 54 79 -85 -61 -92 8 -29 82 92 62 35 24 -54 18 51 -12 -33 -89 24 34 11 4 15 -73 66 86 61 -96 65 -97 -17 -56 -80 89 19 76 63 -8 40 -34 -72 37 74 -70 77 -94 46 45 90 -76 43 48 -56 -90 24 67 -38 -93 21 79 21 18 -69 98 -52 -75 -42 -23 0 -36 -52 -20 -35 -46 -8 27 -37 -43 82 -85 29 -9 59 -81 93 78 -32 35 92 81 -64 3 -26 -53 87 83 59 -4 64 5 -78 -56 9 -57 -15 91 45 -26 -12 41 52 92 67 -36 -43 -35 -69 1 -57 -32 74 -1 9 25 -90 -35 -10 47 -32 -7 -95 37 32 25 38 -83 -29 13 -12 77 -61 -26 -60 -81 82 -96 -22 88 54 44 78 -15 50 -75 75 6 78 94 8 55 51 -46 1 -69 -74 50 9 9 31 21 4 -45 -73 -83 -38 -89 18 -45 63 35 60 -11 -5 -84 -39 4 67 54 -78 37 -62 83 81 -9 -24 53 -2 73 -5 -93 3 36 -96 69 -73 44 -37 -30 10 69 -83 
64 -62 32 -52 -94 78 -5 -55 54 -53 38 -63 -49 -40 -99 -52 88 -96 94 -41 -56 -77 54 -4 -2 -22 9 -49 -94 59 -50 -65 11 74 -90 15 76 -1 68 -38 8 -75 25 -3 -72 -14 21 62 -38 -39 -7 99 98 84 86 85 -37 47 77 28 -24 26 -91 -53 28 -78 -91 43 62 -82 5 72 -40 84 -64 67 -8 -81 -26 94 -86 82 -7 41 62 49 86 70 -35 96 60 -71 17 38 4 75 45 54 60 -95 79 92 69 -78 65 55 -79 -4 38 -85 -11 -84 96 46 -1 38 -27 39 91 78 -81 85 -20 78 -90 -52 -26 -59 -98 -83 75 -33 53 -24 -65 -78 63 -74 11 58 69 58 -89 -38 -26 -43 -72 -26 -54 70 80 70 -18 -32 -58 4 -17 -62 37 57 -46 -57 76 29 24 82 -46 43 -63 49 -85 26 69 98 -4 -40 -8 49 -91 -38 -57 89 -86 -35 28 -38 -72 -76 76 56 -45 -96 -64 34 64 -15 -57 -8 28 22 -22 -93 -45 -32 69 -88 -85 5 -93 88 83 -58 -27 -26 -3 -88 -24 -54 -68 20 -56 74 36 -82 90 18 -78 23 -59 11 1 90 -70 43 0 -86 -55 -95 14 83 -14 32 -61 85 24 60 16 23 -79 -72 -38 -94 -83 32 2 39 -86 53 -57 31 61 -25 64 -27 45 65 -5 -76 -49 -56 -10 78 11 37 41 60 -72 18 0 40 -60 47 -30 19 38 94 -11 96 7 24 97 56 -73 -17 88 25 24 41 98 84 -13 28 -52 -28 -56 -78 -95 29 31 42 59 -66 88 -95 -11 -34 1 -41 6 -46 -44 16 41 -92 -60 -2 -44 -32 10 -97 -47 -18 1 86 74 -27 -76 -34 -14 -84 -9 -72 -16 -96 1 27 -69 43 73 -18 16 98 -11 40 37 26 -53 -92 29 12 61 44 72 -37 -81 -28 -99 50 69 46 -43 9 44 59 -25 -23 91 10 -81 47 -96 52 -13 -82 -86 -30 95 81 42 -1 82 -62 -52 -77 -12 4 45 71 -29 7 79 -32 33 24 8 -43 -21 13 -46 38 23 2 -13 -16 36 -40 52 10 -94 36 -35 -44 -30 15 19 -77 -90 43 -4 -35 42 5 97 66 45 -24 11 67 89 32 91 31 -74 -40 64 59 96 70 -94 91 37 19 -33 55 -44 79 69 27 -74 49 -97 31 83 -96 -86 72 -33 38 94 -35 -53 16 -10 -33 55 3 -80 17 -26 -78 18 -56 -62 -14 79 -96 -80 62 8 -53 -64 -48 -59 -91 76 57 -37 43 -81 -52 
-54 -44 0 -21 47 -45 51 44 -79 -70 -43 82 50 24 -67 -11 -88 38 87 -10 -81 -13 -11 -24 -68 97 83 -16 -6 -95 -98 -60 98 -58 -18 -39 38 98 -32 24 10 63 79 86 -29 54 -35 -90 53 -10 94 -15 69 -82 10 44 76 98 42 30 1 -27 61 -58 -3 -48 34 -35 -15 98 2 -88 -20 13 55 92 -68 14 50 58 73 88 -77 65 -94 -95 4 42 -45 -63 -27 -95 -43 29 -45 46 -66 10 47 -42 -44 52 35 -26 65 -29 8 93 -4 18 87 -91 -14 -10 37 12 49 39 -11 83 -74 35 -91 78 80 -84 -44 42 45 75 55 3 -1 -81 22 -95 -52 -76 -55 40 4 -94 -79 94 -16 13 -24 -31 -94 15 62 -90 -73 -53 91 51 37 5 44 11 48 29 -28 56 -60 -17 -67 94 -43 -12 -53 48 44 -19 5 15 -27 -58 94 40 -9 49 66 93 10 84 -86 22 3 -68 84 65 -29 85 -75 -28 -16 64 17 -37 -3 10 46 -5 -17 9 78 98 39 86 24 30 64 22 54 35 -61 -74 -24 14 2 61 84 15 88 -79 52 -98 -19 -25 3 -38 89 -36 83 -11 -65 85 19 -1 48 21 78 -32 2 80 30 -34 54 11 -39 17 -96 -49 -68 31 55 5 38 21 31 -10 97 98 33 87 -19 -36 -76 -97 55 4 -93 49 -86 -86 -76 29 72 79 12 73 -38 47 88 90 -8 45 -96 75 -18 6 8 -85 -14 83 -61 -52 72 -47 86 -54 93 27 39 -65 1 22 62 5 -59 -71 45 -87 -46 18 50 99 45 -46 -20 59 -8 -39 -31 -51 -32 52 -37 -27 36 -50 -58 97 -81 78 -19 40 89 -52 95 -61 74 -34 -97 -78 -12 72 -3 -77 17 17 -58 83 58 -49 -53 -44 -44 -95 42 -12 98 -21 -82 -29 -4 65 -87 -11 8 35 80 91 -11 -61 41 22 -3 -85 46 -28 -89 -13 25 3 48 6 89 -7 -60 -32 25 13 -35 26 89 -94 68 -76 61 -65 64 -69 -79 -14 83 23 99 2 -9 12 -37 51 -57 -84 -19 -64 -24 -83 57 50 56 65 -60 -67 84 39 -21 -28 -41 17 99 -42 46 -96 99 -57 34 90 96 -94 -72 60 -41 30 9 14 -61 62 2 36 -46 -90 -14 52 58 24 -78 -70 -47 -96 -96 6 12 71 84 57 -55 -58 -7 -91 27 -87 -25 -80 -44 -94 -47 57 -61 23 -36 -51 66 18 93 10 36 31 83 -29 -43 -38 83 47 -37 -51 -8 -77 
-35 -39 -68 -57 -65 -5 49 -56 -10 68 25 50 2 -8 -18 -68 -77 18 -50 -17 36 89 60 -67 -83 70 -41 -73 -37 -8 -6 59 44 42 28 -50 -26 -80 11 -16 10 -89 -38 -39 61 68 -15 27 34 79 75 46 6 64 17 -53 3 -50 1 -75 68 -65 -73 56 -82 84 -58 -14 -55 -79 -67 -79 9 15 -25 -17 29 -49 51 39 -44 37 3 -97 65 21 -65 40 -34 -83 97 85 46 37 38 -67 96 -77 78 3 28 89 35 61 27 96 87 -56 -70 -71 67 66 88 53 11 -49 53 -50 70 71 2 15 12 82 45 89 60 1 69 -85 55 -19 48 -17 15 78 16 -2 -60 28 -32 27 -62 -29 -53 -47 -77 19 -16 -29 -35 58 86 20 55 -48 -74 79 -68 73 42 -47 36 62 79 85 52 5 42 24 -20 -78 58 -71 41 44 88 91 41 -35 -14 -65 -34 -84 40 -32 17 -44 60 54 7 53 -2 54 -4 -46 37 13 1 -28 81 10 71 69 98 -86 38 74 54 19 16 -57 -34 19 -95 -11 62 92 31 -9 -67 -73 -81 11 -38 -31 59 54 -48 -92 -68 70 -42 -12 88 80 -38 -75 -67 76 28 81 41 66 9 -65 -43 -81 1 21 47 -21 9 2 -21 44 11 -26 24 -71 -35 -90 -73 89 6 -84 51 -8 -97 99 -53 -37 40 88 -8 15 48 -83 -90 -93 -53 -22 91 -60 64 -15 -89 -55 -3 -58 -94 37 -67 88 79 -20 -58 15 -5 4 -46 -27 40 74 33 -24 -47 -37 -5 -2 97 -15 -95 -82 4 51 56 -27 -14 68 -46 75 -70 -66 89 -27 -37 -13 -8 -93 97 -54 -71 -58 -74 49 -3 -54 -43 -87 6 76 65 81 57 -79 -30 62 -81 -5 20 68 25 39 66 2 -19 24 30 -80 -37 1 17 -57 -50 -2 58 -47 -34 61 -83 96 -50 -26 40 86 -32 1 -80 9 -33 8 -24 90 2 28 -30 59 -1 33 -53 -49 -26 44 25 15 -10 63 39 14 19 -21 20 43 10 -20 59 -81 45 -33 -1 -39 27 31 94 -20 -77 98 -32 77 -17 -84 -76 80 -76 -93 5 -53 63 56 -50 -42 18 89 73 44 14 44 -92 -6 77 85 -38 18 -28 14 95 74 -66 35 -62 65 16 -77 50 -62 87 -76 51 -49 -33 -43 81 -63 66 -25 89 -48 -32 46 -86 90 97 25 -88 -29 -14 33 -89 9 32 21 -99 -79 28 95 96 49 -9 26 8 -64 -58 6 76 67 -83 80 32 -86 
58 -9 85 80 51 -20 94 46 35 30 86 48 -8 33 24 -89 -3 7 42 36 1 6 -7 -29 8 44 49 96 32 50 -59 -22 -15 20 46 1 63 74 -93 25 61 9 -85 -47 99 45 -45 -8 -58 93 17 -51 -65 54 8 90 99 -30 -67 -68 -77 54 -65 82 -43 -69 -38 50 40 30 19 60 -13 -33 97 43 86 91 -46 87 64 52 -39 -1 -16 20 -1 91 -5 82 -64 41 -57 -73 -53 -67 32 52 13 -11 -69 27 -80 -8 -84 97 -48 -61 65 5 90 15 -56 -23 -41 -35 -77 19 -77 64 -15 6 -51 -6 28 30 -12 -74 48 -23 -75 -59 -69 -20 36 28 -6 60 73 -44 -6 13 51 -44 8 23 -23 -83 37 26 85 64 -59 -38 71 51 92 -76 -51 -43 18 91 -98 59 16 60 80 70 -52 -26 2 -32 9 6 -69 51 59 76 -9 88 -10 81 2 41 -22 36 86 -96 28 27 1 84 -61 -87 26 -74 74 40 43 -82 17 86 -41 15 25 -66 -92 74 -50 84 -8 10 -39 -48 69 -92 60 -92 52 -62 41 26 -9 -5 -84 19 63 17 -94 -48 58 -70 88 -23 -23 -33 5 81 34 25 -25 -75 50 -93 39 70 28 71 60 -80 -25 -94 49 66 -19 3 -32 52 -12 41 89 -44 75 -37 24 85 -32 -80 89 -9 48 2 -54 69 -20 33 27 -73 99 36 -99 9 72 49 82 88 45 -79 94 -17 -12 -66 -82 -55 -80 -97 -64 48 55 66 66 -65 -39 -3 -18 54 75 -58 -28 11 -82 -62 13 -88 -90 -20 17 -35 3 56 -59 -87 -4 59 61 -61 31 -2 -22 31 43 96 98 51 -3 -35 -80 76 -24 76 -98 -57 -6 70 -55 23 62 -1 -90 29 -45 -55 -3 -65 28 80 36 -47 -72 -8 86 -71 82 -71 -66 -62 -2 90 -97 -71 69 -20 89 -66 -79 26 17 69 53 40 -7 77 -56 -46 -69 -59 40 -47 74 -67 76 -10 -25 -36 0 -22 -39 -79 13 -77 58 3 85 92 -79 -4 -32 26 70 -27 -50 -1 15 -98 92 -57 -73 86 71 62 48 85 85 -5 5 23 38 20 19 -75 -92 -33 -40 16 -97 12 -40 -1 20 53 -79 -15 33 0 -96 22 74 -63 11 -13 38 -41 -52 -51 -87 -27 -85 56 50 -72 54 2 22 -34 21 16 10 -29 19 -53 38 -78 95 -49 64 -3 28 -42 -97 56 -9 -11 4 19 72 -78 -75 -17 89 74 34 -65 -3 -67 -87 -48 -92 -20 -21 25 
-47 -31 -67 71 36 46 80 39 8 87 -61 -17 -13 33 -21 49 -33 -67 -28 -85 27 -50 70 39 22 28 12 55 61 -53 -11 -67 -68 -76 22 40 31 -88 67 -61 -93 52 -43 28 30 -77 49 87 91 38 -21 21 -62 21 49 3 15 -70 -29 -97 -95 19 -31 -58 -31 -64 -92 -70 13 -21 23 -62 34 90 11 0 -69 -7 -84 63 -50 93 87 -83 10 18 -58 -54 41 -61 -22 -51 37 -39 -8 -67 -6 55 0 -66 27 -53 89 -94 79 -97 -34 1 81 -28 25 -61 -41 -52 47 -22 14 4 -4 87 79 86 -26 -53 38 -1 -55 16 -88 62 -72 11 -35 40 22 75 42 -81 98 97 -84 -82 36 -29 48 -89 25 77 95 -98 -58 9 21 2 -24 -59 69 23 57 60 -58 -65 -75 84 -37 79 58 42 38 96 -31 51 -81 83 86 45 -7 26 -3 52 -84 30 -80 -13 69 39 80 -58 65 52 41 -31 -51 -90 43 36 6 84 42 -35 -41 57 77 52 -52 -13 -72 78 81 -71 -48 -99 -20 -27 17 -7 72 -46 -2 55 -52 33 -46 -63 -90 -43 78 -22 -11 -65 -31 96 10 86 -58 -14 -20 6 -12 79 -87 52 93 -19 -26 -26 66 95 59 25 -84 16 -57 -23 -3 -76 47 -93 -29 -14 51 -94 -90 -13 -89 -5 87 37 99 50 -23 -44 0 -41 34 18 94 73 -20 -74 -95 63 -98 -81 -71 22 53 -83 32 -16 75 -35 49 -65 84 81 23 -9 -75 -50 39 23 -52 44 -32 5 3 96 -81 41 80 -54 62 77 -97 -41 -41 -94 83 -66 44 78 -40 47 14 24 55 -79 91 15 72 97 43 24 37 43 -43 78 -94 64 -63 -23 40 -26 96 2 12 24 67 23 -6 87 -22 75 -65 -71 93 -96 -67 10 -97 -68 -38 -49 -64 81 -11 14 13 -72 -6 0 82 40 -57 -69 86 -31 1 32 2 -31 36 -78 -92 -12 -7 -64 10 32 -93 -52 93 4 38 74 -14 22 31 -88 36 -35 64 75 71 -77 80 97 89 38 -79 62 21 -66 76 72 17 27 -61 -46 68 -67 -22 -37 -56 26 25 64 -25 -2 -1 -9 32 -2 -4 25 -71 44 -37 51 76 66 34 -41 29 -99 -7 75 5 63 -12 36 -47 54 -39 46 -21 -16 59 -55 65 94 -57 -67 57 96 -54 -51 -70 19 -22 -5 61 40 18 -72 -21 -14 8 25 17 99 -30 -74 57 -23 81 86 38 -6 90 -32 -70 -79 62 -85 76 60 -54 -26 
56 59 -77 -33 -25 9 28 -65 64 -34 90 -17 -26 66 -74 65 89 12 -87 -3 6 -95 -54 -50 22 88 -36 -55 -95 18 -86 -78 8 -93 -56 -37 -77 80 -35 -23 62 -54 89 -98 45 21 45 -73 71 -71 -94 60 80 -43 -67 -64 40 -67 68 56 -1 28 -25 -21 61 27 65 77 59 -37 8 -51 61 29 67 -34 -86 22 -74 9 2 96 -9 -85 -96 54 -95 -67 -5 -79 77 -81 -68 74 69 93 -61 90 -75 31 -17 26 16 -94 -5 -21 -38 -77 -94 -14 -20 -92 60 -56 -22 30 97 98 -73 -23 11 -85 37 88 -82 9 -51 -24 9 88 -28 -24 -61 33 -4 63 43 23 -74 80 60 -39 -32 -17 -63 -35 -43 -24 64 -15 10 68 -9 38 -60 26 87 76 45 -35 18 12 0 95 -48 14 31 3 98 50 59 -90 -69 -11 -8 -46 36 -19 -38 78 -18 -60 -86 34 -51 -52 -11 82 17 50 -64 -36 96 48 -48 63 91 -11 19 2 -33 -54 -62 -20 -18 43 -29 -28 75 -59 -26 -37 14 -17 71 -67 80 92 69 -27 -74 35 76 37 79 -87 47 52 -60 -20 1 96 97 -75 20 -48 58 -42 98 81 17 -72 53 -51 95 65 67 -82 26 -16 -54 42 16 -4 67 -55 54 49 -80 -1 -7 66 -32 -42 -78 -70 -92 -13 -84 31 -84 92 0 82 -61 55 -53 -66 29 36 71 -70 -77 -3 -68 -39 -8 10 18 -35 80 -1 -76 60 -81 -53 -87 -32 15 -62 -45 87 46 -24 14 76 -86 57 -3 63 30 -31 16 35 -74 40 99 89 77 -81 15 -37 -79 48 -79 -98 67 -77 -4 -26 -96 -44 -40 -50 -78 -69 24 45 -55 -34 55 -8 91 -46 -97 -1 -47 70 -10 67 95 52 67 9 -23 33 -52 59 -26 -90 2 -54 -52 87 24 -28 -13 -13 -90 -82 6 -50 -20 -80 44 -70 89 52 84 14 -13 -23 32 20 -91 64 66 73 18 64 -58 -42 -54 10 -68 75 85 -36 -31 69 61 86 -45 8 2 -90 -67 -72 -86 83 12 30 53 96 84 -3 -78 19 82 -83 55 45 24 13 86 90 55 24 -1 5 70 -1 50 8 -74 -29 4 19 16 -57 -45 -83 -91 37 -70 -32 64 -16 66 26 -64 6 29 57 17 -80 -72 -96 -71 -66 -5 32 -92 26 27 -69 -2 -37 -21 -94 28 67 42 -35 23 -17 -62 -6 -73 79 -52 36 11 -54 23 -46 62 -51 88 99 42 -98 -50 -18 -21 -37 51 -30 67 3 
98 17 54 85 -82 -90 -47 -88 -21 41 41 -56 -48 57 41 40 -36 49 -83 -64 31 52 -36 -14 -79 51 56 -81 -98 -98 -29 75 -87 -67 53 80 -36 91 -28 31 64 38 -78 -1 -24 32 39 19 26 -77 -53 -57 -68 71 -55 8 10 32 -71 96 61 95 27 -75 87 -37 -66 31 15 -86 -29 -88 -12 -91 94 -34 30 96 95 -91 -35 11 65 -69 11 -76 -89 86 34 46 -4 -70 -1 -12 34 -7 63 78 15 12 15 44 47 82 -82 -94 33 57 -96 -17 -19 -35 44 -47 -66 21 71 -26 1 -33 51 -53 -62 -51 -41 -59 68 83 -1 -87 96 -9 22 78 -18 40 6 13 25 52 -34 84 77 -61 -24 45 23 98 26 -18 -30 24 -98 47 45 -87 -99 -85 -49 -38 -41 -38 55 36 -62 74 -33 41 -84 8 32 -44 -37 -6 -86 13 -81 48 83 75 -35 -30 -19 -2 71 56 21 6 -40 -3 -81 25 -7 -16 -83 -92 44 85 8 -30 87 67 -35 70 -44 29 31 -70 8 -13 78 30 95 91 14 -13 92 -52 -16 -18 -79 6 83 30 -74 -65 -84 -70 2 -38 -79 11 76 91 15 -72 -82 -28 -16 -72 27 -53 -81 65 -66 26 56 56 8 -44 -71 19 78 86 40 -36 96 -36 -97 -12 -80 16 -64 -27 83 -19 49 -46 -1 2 4 -57 4 7 -75 -81 43 -15 -87 30 42 -90 64 -8 41 50 -7 -24 -44 17 4 -66 16 -44 94 31 86 98 82 73 64 -41 4 4 13 -19 -35 84 -33 -26 63 97 63 37 -55 70 62 -98 29 -21 2 -28 94 -90 23 86 -14 53 -88 0 9 -96 90 12 41 -91 -26 74 -14 -44 92 -6 -63 8 52 -40 2 56 -91 40 43 46 45 -36 61 90 -15 -27 10 73 -37 -92 -65 27 -32 61 -81 74 52 23 14 -44 55 -21 -94 10 -96 30 -49 45 -8 -69 80 16 -62 -6 2 80 -8 -89 -21 -50 -42 35 -89 -13 30 67 -78 89 61 -41 -45 68 -67 -80 23 -90 24 -6 -86 28 -29 -34 -71 -44 51 -75 -38 -22 47 -73 -80 -25 -74 -70 70 -43 60 52 8 -99 -76 -58 57 -92 -14 73 87 80 65 62 30 -40 -51 65 -76 -42 -2 16 -1 44 0 -94 2 0 -59 64 -44 -61 -51 38 22 84 77 -37 -12 -18 -80 -42 -90 -10 -7 -94 48 25 76 -51 79 15 36 -12 49 -96 10 0 78 41 58 -24 -76 30 37 -28 17 -21 70 7 86 31 
83 22 -86 -67 -49 -6 -67 99 -53 -5 87 -51 -60 -42 -6 75 85 19 10 76 -88 64 9 92 -89 67 -75 -45 97 -77 -90 22 -58 41 67 -97 -72 -9 56 29 4 48 -10 -60 -73 -27 -71 -23 -55 -92 -60 45 -20 58 -6 14 -68 -71 24 73 0 -46 91 85 -63 -76 20 -12 94 -45 74 82 68 -55 -31 -64 59 72 94 51 -45 -65 88 50 55 -51 5 -18 45 28 -60 31 -1 -58 79 -19 -44 37 32 -95 -3 8 -79 27 70 -13 22 -90 48 -36 10 40 -73 33 24 -43 -90 54 47 -57 41 -38 -24 14 25 53 -2 31 1 78 -22 -1 97 70 73 -9 -8 71 93 -68 -18 -54 -57 -87 -85 -68 -74 -7 -41 92 74 -58 85 -73 -19 -91 58 55 54 52 51 75 75 -18 -31 54 -42 67 56 22 6 36 62 -84 -97 -64 91 -43 -80 -52 -67 -25 -83 -15 -72 -21 17 -36 -11 -26 64 -42 0 -83 -42 -76 30 -63 -55 -90 -66 63 59 84 -64 -35 -87 69 -62 94 76 42 -61 75 85 -93 95 37 25 -79 86 -99 -7 -40 51 -45 1 -9 79 23 17 2 74 11 -31 -98 95 -19 77 39 48 61 13 -75 -67 31 -31 38 25 -47 -40 -48 67 -81 82 28 55 70 -4 48 -40 16 -29 56 -92 79 -5 72 79 -84 -87 -68 -5 -96 92 5 -86 9 -95 -57 71 -98 -80 -73 93 -21 -79 -36 -90 8 -54 53 95 -56 -51 -52 -92 76 9 -49 7 46 13 61 -65 63 24 -10 -4 -31 -29 -60 96 -75 -49 75 38 -42 -25 65 23 -94 -68 -71 88 33 -29 -18 61 75 -38 44 -92 49 -82 -26 -71 -90 -4 18 4 2 63 51 79 -9 42 59 22 -71 60 -76 -82 99 48 91 -80 41 -64 90 2 77 -47 -36 57 -71 -85 42 23 9 -59 -16 74 -3 88 56 39 1 0 -35 77 -39 2 95 26 55 67 53 17 52 91 -97 8 -56 90 -54 -20 87 -97 5 -91 -74 7 -47 -7 35 97 99 -18 -19 -26 46 16 -16 39 98 97 30 -23 24 54 78 -38 -54 6 68 30 -78 -91 -82 -74 26 54 82 18 78 -80 62 87 21 85 88 55 -83 29 61 87 78 -78 -50 41 -23 16 -1 -49 -94 31 39 41 -78 56 15 41 -32 -24 -31 -54 81 -67 85 -62 89 -22 -55 -43 -46 86 50 -54 -53 71 -69 4 42 67 -49 74 31 -32 41 3 -62 18 31 53 -12 -33 -2 41 -90 
83 -92 3 -64 -68 -37 -4 27 4 0 89 40 31 88 -45 -13 -47 -64 -36 4 -57 -79 11 -78 31 -48 42 72 -98 -14 33 9 -58 63 51 87 -2 88 -94 -24 -24 93 73 -6 63 -68 -1 -67 61 18 -74 -2 66 -80 -32 57 47 -44 -95 -30 33 5 -68 51 51 -54 64 -33 9 62 98 -72 -23 -24 66 5 -56 -97 -18 -28 -38 57 81 18 25 77 -6 -43 -69 -48 81 60 60 -6 23 6 5 -53 -95 27 40 86 65 -89 94 20 -86 -33 94 35 99 85 70 -25 -36 97 18 93 -47 -72 57 -23 89 15 -7 85 10 73 -26 -13 -25 16 15 -38 -23 -21 60 -6 -57 1 -17 -40 -42 -46 -21 -43 -13 32 91 66 -12 40 48 65 -69 -59 -44 8 70 -53 42 47 30 -89 -31 14 82 85 -81 -70 24 -75 -12 -96 43 86 63 -83 -92 -20 4 20 53 62 -94 -19 82 33 -15 87 -3 15 -62 -92 -33 -82 -85 -99 -24 -54 -37 -77 43 -81 3 22 -12 -45 -60 30 95 62 90 -22 -14 54 11 -51 34 -78 29 -23 60 -34 37 76 95 5 -86 -58 66 -99 -73 -6 96 -74 33 2 34 -8 75 4 69 -37 -63 24 32 -92 -78 55 -43 -2 -50 59 -53 47 94 -11 6 -96 -61 -80 -25 -75 -72 32 -41 -82 61 -8 -93 -4 -21 72 91 59 36 37 52 -56 -21 -81 32 15 53 -85 82 71 -24 11 99 -23 -60 79 -1 18 61 -83 87 95 -80 -1 -57 -75 8 -68 36 -37 -1 27 50 -89 31 84 -11 -46 25 -82 -21 -57 -5 -27 -8 11 51 -73 -14 78 67 58 15 -43 -51 -35 87 98 31 -57 -75 -24 -56 66 -19 55 -87 -38 -99 -40 65 38 -45 -1 -23 97 -90 94 -87 98 58 99 65 -69 89 93 3 90 -95 4 97 -73 -11 98 37 -45 -61 -16 95 89 -14 75 18 44 14 -61 -8 5 -42 -60 -50 27 -46 -95 88 -63 -63 -71 51 -25 -33 85 33 -96 -57 94 91 22 35 2 -29 -1 78 -98 40 95 33 89 -43 -88 -76 -42 29 74 90 -56 82 -58 -6 -86 -93 9 -7 -47 44 -48 -21 87 99 62 -74 -25 -27 89 89 72 67 19 -92 74 -97 96 -62 -77 66 62 26 32 -95 -61 -19 60 27 -81 -85 -23 -15 82 31 99 30 -70 76 -68 48 82 -57 48 16 -97 72 80 37 -34 -57 -31 19 79 5 -54 -9 51 -40 79 -15 87 -57 -42 19 33 53 -87 
34 8 38 -71 -9 36 41 53 -86 27 -21 54 -52 -9 -37 61 96 73 80 -42 24 -1 6 -24 -2 31 -98 -5 22 7 -60 74 -28 12 -98 56 38 64 66 74 -34 -59 89 41 -65 37 33 60 -51 55 -16 -29 66 -36 10 51 62 -76 92 77 -13 67 64 26 20 -84 -26 -39 76 -50 -18 61 27 50 15 -83 11 33 68 57 6 32 -5 -20 24 -12 5 -98 20 8 -34 -39 80 -60 82 -95 66 -41 -28 -10 34 -1 -40 -75 -70 26 41 -86 34 -95 61 -98 80 75 5 -54 -81 -87 37 21 27 -82 46 -37 52 79 60 -56 -26 -25 -39 -84 89 -82 -13 -61 82 67 -63 98 -89 -97 -47 -57 27 -18 -16 59 -52 -92 99 -2 16 83 76 97 29 73 11 7 -8 61 82 78 63 5 -5 -60 12 -94 -52 33 -11 77 93 91 -53 -54 -85 -63 91 3 -2 -84 35 65 73 -61 -17 -33 91 51 -56 44 -38 42 -42 24 63 -72 18 64 -1 -92 65 75 49 20 -78 26 57 -39 -27 -38 -49 88 -24 21 -62 24 -66 -63 8 -1 -35 -57 -36 -64 19 1 -51 -69 -80 63 -38 -59 -17 -63 -70 -34 11 -58 22 -61 -71 4 53 -7 43 35 -20 -9 14 88 75 -2 -92 -22 71 -15 73 23 -46 5 -92 -46 -79 46 94 30 57 -10 -11 73 29 46 8 -48 82 67 21 -12 -78 -35 -1 -8 23 -36 -1 28 10 -91 60 41 61 37 -42 47 -94 -29 67 -76 -97 -77 72 -65 -23 -50 -92 85 -41 -21 -59 25 34 -25 -19 8 -73 -96 -84 35 53 -75 97 67 -1 -56 -44 52 23 21 16 -22 11 86 59 31 44 80 -34 81 84 -41 75 -50 64 -59 27 31 6 53 -90 72 17 10 -51 45 -91 -63 -99 73 64 65 30 17 11 32 -6 -66 -45 31 -96 15 -60 65 15 32 40 -53 -15 83 -38 -50 14 6 68 41 23 -23 8 -11 -97 -58 -38 -63 -19 62 76 76 30 73 47 26 21 87 17 -77 -72 69 -63 39 -50 51 39 -48 -25 -33 48 -13 -23 -69 -3 -28 -80 21 -6 94 -14 -70 -9 -38 39 79 71 -85 -72 31 88 -86 91 56 70 -39 -5 12 31 54 51 80 79 -19 -89 -96 -79 49 -45 -62 54 30 8 -37 -48 61 -66 40 -81 -20 -49 -27 -63 -81 -33 -85 41 -51 -94 45 -59 10 -54 2 31 -81 -28 -47 36 -49 -12 42 -86 -3 56 -29 -28 43 7 -90 -98 -70 
-76 35 -38 -85 -8 30 -6 5 -21 88 -15 3 75 -17 -84 -75 -46 1 13 -33 -17 21 23 75 -16 -43 -61 -58 66 37 -62 -29 -2 -61 -30 -94 -17 49 84 -42 94 8 -7 45 -98 -64 -39 85 28 31 66 -49 78 85 -87 -90 91 -79 -44 13 28 34 27 -60 -98 -69 50 -6 -62 17 15 -65 -94 4 72 -88 -67 -31 -61 -15 12 87 26 -15 -5 -91 -11 -92 59 55 -63 18 59 -27 -19 -35 74 -10 39 43 32 40 35 -45 51 2 -55 7 57 -10 -32 -99 -95 82 -69 46 96 96 -57 -28 -55 20 9 4 -32 -8 -41 6 4 21 -18 -55 -47 -48 -62 4 11 -10 -57 32 72 -36 -88 74 -53 -15 -99 77 62 -18 -61 34 52 3 -88 57 10 21 -70 -77 89 -72 -62 -45 35 50 64 95 46 85 13 48 -41 -11 -86 -23 94 95 1 -86 -51 93 -42 -11 66 50 -3 -48 88 -76 77 -5 -25 -58 45 25 59 30 99 -63 -4 -62 46 -52 8 -42 62 41 82 -22 45 21 -8 89 -75 -41 -18 10 96 94 -49 22 -71 74 86 -44 -11 -64 -82 47 -58 0 80 56 15 -82 89 90 -72 62 25 -77 -78 -39 7 90 -87 98 -91 -12 53 -12 -11 -31 92 34 92 62 -67 -38 -52 53 -96 -81 96 79 33 -24 -13 -60 21 64 81 85 2 -75 -11 -53 -63 55 0 22 -75 97 -23 81 -77 -16 -91 -55 51 10 66 62 -93 23 88 -92 98 -99 -71 -82 -62 -31 58 16 65 -67 44 36 -39 -27 -10 10 -88 -18 0 69 51 -11 -35 -48 69 14 -95 19 -46 72 79 -94 -47 -32 57 -98 81 -9 -62 -71 -89 -34 -73 68 93 92 -9 49 -38 -34 -77 -92 58 14 1 -38 -82 4 5 -5 -72 -12 72 33 81 15 -41 94 -60 -89 18 -37 75 36 -32 13 -76 16 95 -37 -96 -66 -80 98 66 -79 -63 -19 78 -92 88 -8 -11 -80 -18 -20 54 -25 0 -34 74 -66 42 -75 -86 -15 -56 37 -16 43 -91 38 42 1 82 7 13 -70 -61 12 -22 11 56 75 43 -85 -99 28 47 -56 -74 -22 -3 -34 -67 -51 -8 15 14 -96 21 -33 12 -43 97 -88 12 62 49 93 17 52 -14 33 -78 -28 -56 -18 37 -6 -79 -20 -71 -10 28 7 -76 -37 20 91 -85 -31 60 12 36 -2 65 -95 88 -46 67 92 -34 96 -43 -12 -57 -63 -44 92 43 87 78 38 45 -8 36 84 -38 -40 -11 10 
91 -11 6 30 -11 -97 91 -85 7 -31 -88 37 -48 1 -49 -15 -41 -43 90 -85 15 -20 -63 -32 26 98 37 -11 -91 -73 -31 62 42 45 -89 37 59 7 -3 41 39 -78 -32 66 -74 85 -87 29 -79 -55 -95 10 33 -61 57 -18 64 -41 -78 76 67 -84 43 33 -27 18 35 78 12 -88 85 12 38 24 -99 82 81 -69 63 22 24 12 -99 38 18 95 17 55 4 -52 -68 -72 56 -95 -29 -62 -65 -18 -12 91 62 10 70 48 32 -49 56 15 -72 49 -29 93 -21 -68 -74 21 -60 -23 68 59 -2 -96 49 23 72 -64 -6 23 95 6 -8 48 -65 95 13 -63 33 -30 -73 90 18 -55 14 70 73 -62 -25 -58 13 37 78 -39 -88 61 7 2 27 -86 98 -37 -2 92 -52 12 65 19 52 92 31 81 -51 34 -49 -78 -78 6 -26 -72 -77 81 31 -72 60 22 59 49 79 -62 75 72 84 58 34 -97 -33 -54 73 32 8 91 -8 -53 -29 60 -29 -54 -37 53 -5 -70 -13 81 -31 -36 -29 2 -69 29 24 -6 16 -91 -39 44 -28 -39 43 -29 87 -22 43 -60 -67 87 55 -46 -96 -91 -43 -7 27 33 1 13 43 -78 49 86 -3 -45 75 99 98 -86 20 -51 -40 -11 -20 41 -52 32 67 73 45 92 10 54 -49 -31 -67 -33 11 56 6 43 -79 40 -55 94 -92 42 -53 -52 15 -24 -33 -39 59 -31 61 -60 77 30 73 -41 -96 -57 55 70 29 77 -65 80 63 79 -5 36 -22 86 52 71 25 -92 -34 -10 -29 44 -20 -33 -87 -53 -17 -58 76 -60 -72 -46 57 -50 24 -64 -32 -82 -50 1 80 47 36 -50 37 24 -18 25 24 91 4 -89 18 66 -11 19 70 31 -11 88 56 -11 -87 49 39 87 28 14 -27 -34 -19 -40 4 33 78 -93 -97 14 85 -8 91 -67 79 -45 -14 50 68 -75 65 59 -67 51 -90 1 -79 -69 25 -75 58 33 -35 95 39 83 89 -30 -51 -76 87 79 -1 -92 60 99 24 -69 19 68 37 -6 75 -3 -53 -8 41 -4 -8 -20 -28 94 51 82 -23 -24 84 -8 -95 57 86 -87 -46 -31 99 1 76 -12 79 -59 -96 -81 -71 30 57 73 47 -26 -32 58 44 7 -53 -42 -41 -54 86 5 90 70 -71 -44 -53 83 39 97 46 -70 64 -76 -97 -81 10 65 -14 -2 80 -18 57 20 52 65 77 -15 -1 5 72 -95 18 -23 40 -66 88 52 -75 8 
-68 76 -23 -18 61 30 -39 27 -48 -31 -65 92 -72 73 -51 -18 35 -41 34 -85 21 -11 -30 68 -59 -51 -4 90 87 2 -99 87 -71 43 -26 73 83 88 1 -76 -14 14 -24 4 92 -33 -94 76 -94 8 70 96 -48 60 -96 -23 72 -28 -31 79 -55 -83 -38 17 -93 -1 -67 85 -72 14 -81 94 87 -14 -72 53 -85 -60 56 -52 30 12 22 -10 -90 27 -61 -1 73 95 -19 68 55 -91 14 -77 -77 -58 -36 58 -33 50 83 -9 -60 64 16 56 48 1 -54 2 -45 99 3 17 -73 -35 21 -69 51 30 -2 -12 62 -50 -30 26 12 64 -14 62 23 -33 -51 23 74 91 82 57 59 88 -74 74 6 -71 74 98 -54 -56 -24 -1 93 83 -64 -3 -12 7 -42 44 -76 22 0 65 93 -67 -89 -99 -67 37 -19 -70 -42 1 98 99 -48 20 -24 48 -44 29 -93 61 -1 -44 -15 17 -36 -85 51 -10 -15 -66 18 -3 93 -90 47 -41 70 69 -91 -22 -66 -66 -23 35 -55 -45 -75 42 59 14 62 0 -54 -52 -48 67 -26 -36 -63 -27 34 -22 -2 80 -21 -74 45 98 90 84 77 -66 24 -53 19 8 -85 46 87 88 4 -43 -95 -68 -43 17 -79 -72 -26 -21 -21 64 -42 1 45 -93 -45 1 9 49 -30 -92 -87 -42 -89 92 -37 35 -32 67 -27 88 -18 44 -25 64 -29 -76 55 73 -30 -23 -45 -35 -45 39 8 -45 4 -46 50 33 6 -40 -18 -90 54 88 -40 -34 -6 56 37 -26 99 -76 27 -94 -30 17 -68 11 79 -93 55 70 68 61 17 -58 88 -4 96 -93 0 -9 -64 -58 28 -86 -94 11 -73 -89 84 -29 -23 -92 -39 -77 -18 -18 -63 7 0 44 15 7 -77 31 -53 6 16 72 86 17 73 -51 35 35 -12 75 42 78 76 -72 -6 4 10 -97 -46 13 81 93 6 26 4 64 49 96 -82 -91 84 -80 -25 54 -94 -55 54 41 20 -63 61 77 24 -30 4 -69 -7 90 -23 -54 -69 -96 -12 -41 -46 61 -50 33 -79 89 -95 50 -69 83 -70 74 50 -37 85 71 45 85 -37 -46 52 50 -86 72 -78 13 -34 -65 29 84 68 -87 -61 -66 71 82 2 98 -92 -61 63 -8 27 64 32 -90 91 41 -59 -48 -85 67 6 -85 -12 -96 32 -85 -21 32 -67 -61 66 88 -1 27 -20 -59 77 65 2 55 8 -95 -74 -50 -95 -82 -95 14 86 35 -80 -92 45 -14 -76 -98 -12 -98 
-4 60 66 -51 -27 80 -81 24 69 61 80 -36 39 -55 36 42 61 -82 3 -51 6 46 -61 -3 27 97 7 -81 62 74 -66 -22 -87 39 -58 90 25 11 95 98 -90 -34 -45 -9 -82 11 31 -77 -16 -47 76 -6 -77 -71 -33 -71 64 -81 8 -8 -75 -41 26 -28 0 -82 -55 -30 -27 65 71 -75 -80 32 57 -20 -85 -78 20 89 24 36 82 8 25 43 -12 15 -28 51 45 -16 -54 87 -34 -53 -89 -25 7 89 77 92 2 67 95 -93 89 54 20 -57 47 -81 21 77 63 -27 -1 35 29 -61 69 -98 -72 -96 3 -10 67 -76 8 -50 8 -21 46 69 -77 59 81 94 -31 -97 -63 -68 -35 81 -70 -87 -66 35 -25 -51 -69 80 -78 9 -57 52 -44 -78 -73 89 -96 -20 39 64 97 36 78 59 28 29 20 -90 11 12 -92 -55 -49 44 26 -99 61 21 13 -89 7 -27 -75 95 43 4 80 -9 -15 -4 70 4 -33 30 62 55 7 78 -81 86 -94 -98 -47 -29 -6 36 82 42 16 -48 9 69 -18 55 -80 -6 -53 87 82 6 88 -72 -48 79 -35 -53 -53 0 -70 0 -51 12 -74 -19 -72 -14 19 -87 -72 24 -95 -29 -72 -46 83 -19 -80 5 -70 15 30 75 28 -36 76 75 -19 16 82 72 22 84 11 21 -42 92 67 -91 30 30 -6 42 41 -30 -70 -75 59 -63 -4 80 -32 -37 -32 -34 -3 90 54 64 -47 -7 99 -51 23 82 16 16 -67 9 25 -42 9 5 -70 -10 53 -29 -18 -92 -28 -93 -34 -64 -51 98 84 10 -98 -41 38 89 64 97 -26 2 48 -56 18 60 28 32 -7 -22 -81 -81 -5 -83 12 57 1 56 -73 2 -6 -84 72 -75 -85 -99 93 -55 61 17 -58 77 -38 -35 62 76 88 -87 66 59 -19 -88 -99 -88 -4 -24 -98 41 -18 -49 77 -1 53 61 -81 -65 7 95 -96 89 -97 -56 -73 77 62 3 74 -44 -91 93 51 49 -56 64 73 -75 -51 78 -46 66 -2 70 -44 1 -68 -93 -21 86 56 -54 -92 29 18 64 6 -97 24 41 -61 -85 -28 -47 29 92 -85 33 -59 90 20 32 -89 2 3 -9 -60 -25 32 -48 57 65 34 33 -3 62 79 68 13 -43 72 -31 24 -49 53 6 95 -62 4 50 -22 -59 51 7 27 50 95 -87 -80 -51 -35 -76 5 23 -73 -98 39 17 -96 72 -42 -28 45 -31 74 -6 4 61 56 -64 6 -94 -22 -1 32 2 
72 5 -13 -62 -35 15 -42 46 -83 -30 64 -76 -51 -16 -83 25 -35 74 61 -75 84 96 89 23 -36 92 -76 87 -22 54 97 -85 -73 -72 2 58 58 -73 47 -95 3 -85 -9 -97 17 -16 -38 36 -62 54 -83 -58 92 -86 54 91 -17 83 -26 -88 -73 -41 -6 2 -18 -63 -58 99 26 35 -48 -84 -17 -6 -70 2 -12 -37 26 45 27 -35 -45 95 -85 24 -78 -36 -9 41 -15 59 21 91 -50 83 11 85 24 -85 10 -49 66 56 91 72 49 -50 -25 1 40 21 -41 54 63 85 81 6 -6 98 44 31 -1 -30 -98 -38 2 -57 98 18 -57 -80 -71 17 0 -67 -60 13 -2 -32 78 -28 84 92 -24 98 -56 -25 -32 97 -79 -16 -88 -21 5 50 -78 -58 69 -75 -92 42 71 -41 15 -30 -24 48 -12 72 -32 -90 41 10 -16 -46 30 5 -91 57 -69 3 27 4 -58 7 1 -1 16 -2 17 71 15 -68 -70 -92 12 9 91 -65 -60 -27 -32 55 52 -16 40 62 54 -55 -47 -79 -97 -48 55 39 -6 99 66 -55 95 -38 54 -14 43 -14 51 -66 45 -2 -5 86 12 28 -52 -83 81 86 -28 33 -38 79 79 52 -3 -29 24 64 44 -29 27 -85 51 57 2 -31 60 34 -20 -29 15 -6 11 93 -65 84 72 -34 73 -27 -29 -82 -26 -94 -93 94 -93 82 97 16 41 -3 52 -39 88 -25 -35 -52 -21 -98 72 -19 7 -15 -54 -24 82 -18 -13 -94 25 33 48 -11 96 44 64 -7 35 40 55 65 -80 84 60 34 -77 64 -13 81 -41 76 32 -46 78 -46 14 48 76 26 -54 -1 40 -85 -44 89 45 -16 63 53 -97 -76 -48 -60 -12 66 47 48 -84 73 -4 89 6 -23 41 42 6 13 -85 -78 -17 -19 85 10 5 -72 60 -48 -87 -61 24 -57 69 76 57 -3 69 -91 -48 77 -57 -57 -2 -78 -28 79 95 96 7 71 21 -30 50 8 20 57 -17 -20 7 73 -91 -16 -51 23 -53 39 -13 93 -98 36 -2 24 -76 12 78 -42 86 61 67 -5 81 31 -77 -72 34 66 -23 -36 -48 41 -14 -84 19 -71 49 90 -12 -53 -31 46 64 -61 17 -42 -39 -51 66 -63 92 60 -21 -23 73 -7 86 28 7 42 -4 -25 67 -56 2 34 11 -92 19 97 94 -70 -91 -97 -14 -99 -76 -26 -4 82 -59 98 -20 11 -7 47 -60 -14 57 0 85 -48 -6 34 -70 -18 6 79 -39 -80 -36 -36 
-53 47 -8 -63 70 69 40 63 23 72 -45 -26 -84 41 22 -96 84 -97 62 65 -34 7 -28 -17 -12 -20 -44 1 -73 25 -66 -98 70 25 19 -13 -93 -13 -28 -19 11 -92 -23 59 46 11 57 -58 -46 -38 -61 9 -76 81 71 90 -64 89 -37 -27 -54 80 60 20 35 -21 66 -78 58 -72 -64 -24 44 -28 -44 78 -34 -26 -98 -14 -22 -85 4 49 13 -21 -18 52 -88 62 -54 3 -99 -62 -49 60 61 92 90 -97 68 90 94 -71 51 -87 -16 -81 -20 -86 36 88 29 40 54 -38 67 32 6 -68 -32 -27 -29 59 52 -20 -38 -12 77 7 61 -76 -72 74 21 -52 73 -29 -98 31 -28 -56 -43 65 -38 78 -35 -46 32 -29 -74 82 -64 -37 50 -61 43 -82 60 0 58 95 26 70 -62 -61 -94 -30 63 -80 25 25 7 -27 37 -38 6 -31 24 -5 99 -17 67 91 24 -96 75 0 24 -11 28 -76 27 61 -20 -70 48 72 -53 94 -43 -8 -47 11 60 -28 -69 -15 40 43 -67 83 -91 -75 36 40 23 -8 16 35 -4 31 -77 14 50 -65 62 46 -81 -7 90 -80 63 -47 26 59 -46 -92 -30 -29 56 -36 69 47 8 -88 -81 -28 -31 89 -77 61 4 -57 16 22 -25 9 93 -4 -12 -51 29 -65 75 -39 -62 67 -44 -57 32 -13 -45 -77 -39 75 61 54 79 94 -59 -79 55 -8 -62 17 -73 -73 -41 -92 -28 -82 76 -85 -68 -3 -3 -97 -80 -36 -85 -96 -59 -74 -48 -26 -55 -11 -23 -71 95 -92 -1 71 89 -29 2 11 -48 7 -57 -84 6 -89 -18 63 -84 -79 77 -68 -47 -24 -12 77 -67 -20 -91 -33 -29 -96 42 -97 23 10 -82 -77 45 38 -21 11 66 -35 -91 -86 -11 39 -51 -36 44 18 79 -73 -35 23 49 -52 -9 -31 -67 80 2 94 -75 78 -70 97 -86 -12 23 -6 -38 30 -74 71 87 -88 -78 61 0 -21 58 99 77 -36 94 -13 15 -6 -89 74 -90 23 15 3 -63 82 31 24 -15 -27 67 2 27 -52 -3 -45 20 -83 -47 99 -63 69 -20 -65 57 -85 26 -19 -82 -41 31 42 39 -34 -69 32 -31 -60 87 77 -25 -19 -98 57 27 -96 95 74 -35 64 44 -29 76 -76 -27 58 54 -20 -76 -54 -34 47 38 45 96 75 81 81 95 -63 72 -96 40 -22 64 49 62 32 -21 -13 -48 84 -99 54 -90 92 20 31 14 90 -36 -81 81 -75 98 -45 -25 -20 16 11 
96 22 -30 -20 -84 -74 -94 94 75 -1 -46 -57 63 37 44 92 45 -75 -89 47 59 37 -64 31 -34 -78 57 2 76 -29 -42 42 70 76 -88 -53 -84 45 -16 -58 -74 65 3 22 24 47 70 -10 68 -39 48 -9 28 10 -91 -19 32 -37 -28 -18 48 -63 -54 98 91 -93 42 7 -1 25 77 33 -18 21 -76 -65 -60 -36 -75 82 9 9 -16 49 4 60 28 25 8 -29 44 -13 -80 25 31 -8 15 48 -83 57 -26 80 -94 -24 -72 -15 -7 -48 94 37 96 63 13 2 81 -34 -18 -34 54 50 -3 60 -43 1 -35 -82 8 -98 72 -98 -95 91 24 -43 -1 71 -42 71 98 -24 -49 -90 -43 -72 -63 72 -20 -17 -63 37 27 40 86 80 72 -25 34 -45 21 -98 12 61 -14 -65 -86 -8 -94 -17 -86 -74 -58 69 17 -47 85 30 16 78 68 38 22 47 64 5 4 71 96 -47 29 -60 -43 -41 92 51 23 -30 53 -8 48 -62 79 -12 -32 -74 -83 71 11 85 -3 -57 79 32 -94 -39 -36 -78 61 -62 -50 76 -41 73 -84 74 -50 -6 86 -54 99 86 -2 -75 57 -41 39 -66 49 94 7 -91 -57 -83 -40 93 -35 -56 -65 -74 -54 47 30 -18 81 18 -55 -59 -65 3 64 -26 19 -61 71 29 91 -61 -41 -89 62 -83 25 -58 25 47 -66 -85 24 21 -67 -82 60 -38 18 -67 33 97 -97 17 -23 -75 -15 -74 28 71 -5 98 -62 -47 -55 -31 -19 92 32 56 -3 -22 38 82 -44 13 60 92 50 -26 -65 -39 -38 -33 59 -79 -81 -1 94 -29 53 -63 -22 10 2 26 -39 -78 10 -24 3 -47 54 -52 57 80 8 -60 96 74 75 -95 18 -12 -5 9 -98 33 -19 64 -85 -25 -68 -15 41 -64 -67 43 -18 -63 -66 46 -69 94 -21 57 53 21 10 13 36 -15 74 -29 50 34 41 69 -10 -32 -37 -48 -86 -36 17 -72 -50 76 89 21 65 -48 48 -85 82 -27 56 -62 35 -86 36 -24 83 39 -99 -14 92 83 52 -77 -33 30 44 23 -25 -5 40 70 83 -70 82 35 76 -4 -36 54 6 -23 -42 -51 89 62 74 33 58 -50 -18 -40 85 11 27 74 21 22 -15 37 -77 85 44 50 -35 -43 30 -40 30 60 1 0 -68 -75 63 -20 -84 0 -42 -80 -10 -10 -4 93 48 -6 76 -45 -48 -89 54 -52 -2 18 52 99 0 46 -33 63 -47 -30 -72 82 -35 -6 -65 -19 28 -44 
32 97 -10 -67 -2 -76 14 34 -41 61 41 88 -95 -31 -15 4 -68 -20 69 -17 -31 77 81 -26 23 28 -43 61 -88 34 -50 55 21 93 -88 -25 89 -21 27 97 74 -46 -88 -86 30 47 17 -52 -3 -86 69 -85 27 -70 -64 86 -53 28 -26 -34 -20 14 -48 -81 29 -38 90 -51 -50 -82 78 45 8 49 3 -94 40 -76 36 -81 76 -77 40 17 46 -56 43 -49 -62 0 94 39 36 62 52 -3 -61 22 -57 -25 40 -71 38 -98 52 -99 -34 11 -12 67 66 82 -26 86 -29 31 41 -28 -51 -95 78 58 -59 47 93 -89 13 -31 13 -81 -41 9 64 61 53 53 80 51 -5 -57 -24 78 75 31 9 84 -8 -75 8 -5 -59 49 33 -86 14 -87 7 25 -59 9 -41 29 -86 -32 -25 29 -45 -17 13 -88 -31 40 -51 86 45 57 80 58 -17 27 -13 -75 52 -84 -22 -63 99 -73 -55 -2 25 -75 -2 57 -76 62 35 6 47 1 -50 -49 -94 7 -35 79 -31 76 -70 74 35 -35 64 2 -3 -4 -66 -34 -11 71 -77 18 -2 77 -70 38 -80 1 87 -35 52 49 34 -31 -93 -26 -5 -86 -13 39 79 2 -14 -70 39 -73 35 13 -98 -36 -44 26 2 3 -60 67 0 67 -89 -78 21 6 -33 -36 55 95 -47 36 -9 37 -17 -79 33 33 -49 71 -43 -68 39 -82 61 91 20 34 22 1 8 -15 32 39 -78 -11 37 -42 -62 -55 51 -13 -31 51 81 28 -10 -71 -62 91 57 -29 42 -88 25 89 39 37 79 -99 -66 -78 -93 -49 -35 -92 -15 -68 -16 46 54 84 -97 99 91 35 -93 62 -82 -35 -81 98 -19 39 -35 -43 23 5 38 21 -20 -75 -62 3 85 -18 47 -44 16 42 19 26 -46 43 -61 -50 -60 -26 -43 -25 88 -39 84 -32 9 -18 -93 17 77 -30 -88 -11 42 38 9 -53 -59 58 -92 -67 8 -92 83 -86 84 40 64 -85 -56 76 -35 66 -94 -56 -83 -54 -25 66 95 -89 42 51 21 -47 -62 65 -95 -82 -52 -79 21 46 -33 76 -40 -76 -91 -77 -31 -96 76 -17 -25 32 49 -30 -49 71 -77 56 74 46 -15 80 -90 -15 80 -7 28 74 -73 72 42 35 -90 62 -54 62 -34 -29 -19 20 60 96 81 28 13 57 92 48 -24 79 29 96 -14 -84 98 -47 31 -91 93 40 -89 49 3 33 67 -61 -82 -65 9 -42 -53 -35 -36 -17 20 -57 38 55 34 42 7 92 
-75 0 72 46 88 -76 -35 -77 -5 98 79 13 -82 -29 -50 74 -68 76 5 87 -43 -33 64 -98 -23 -9 41 41 -24 -53 97 12 -93 86 81 57 -39 87 65 44 -62 65 91 21 41 -93 13 6 88 14 64 -76 -54 49 -77 -56 -87 -81 21 -14 -33 -80 10 -13 -34 -50 63 94 -94 -30 65 -87 -90 14 17 29 -53 31 59 93 1 9 -88 -69 31 -31 43 29 -97 0 54 -40 98 -19 -16 -8 -60 47 18 2 95 87 -90 -72 -60 20 73 -47 48 -74 -98 -5 -3 47 16 -68 -93 -61 74 -94 1 -29 97 61 -88 79 -58 -31 -91 98 -48 -83 82 -44 -46 -15 -92 81 22 -61 77 -29 99 -70 -19 47 -74 45 44 -92 -51 -48 -90 32 -13 17 -75 92 15 84 3 83 87 8 61 18 -99 12 2 65 38 -38 -60 -55 26 16 -95 -79 -62 87 99 16 -60 -93 -93 44 36 -83 -33 93 -50 69 -69 -19 -74 -61 8 47 -66 95 -75 30 43 92 -76 -50 66 -68 -36 -89 90 -94 36 -67 70 73 -82 -66 -94 -54 -16 20 36 83 -90 -37 -85 2 12 12 44 86 -41 31 -30 31 29 89 -49 51 4 -14 -28 36 -68 -72 -27 -16 -86 -49 1 -14 -35 -62 -87 50 7 67 45 -13 6 10 41 -67 -37 -80 -35 42 -98 -76 -44 -22 45 -16 46 53 -89 -6 93 0 -88 79 75 14 9 -28 -39 -12 67 -76 -9 43 -29 68 76 74 -88 -57 51 -53 -35 15 -30 12 23 -2 58 87 9 57 -41 -23 -92 -33 -40 -97 67 -17 42 9 49 -39 -98 86 -2 9 -19 -17 89 11 2 3 24 -83 -37 16 -82 -12 99 -34 -91 38 40 2 -57 -16 97 21 -69 88 98 -7 88 67 75 57 27 -16 -65 94 95 96 -67 26 -72 -86 -86 -53 88 -24 -59 80 5 -13 20 57 -28 -29 78 -32 -26 70 83 -23 33 64 -47 -70 41 -58 -75 3 40 99 39 -72 -28 18 -50 -74 7 -23 29 -81 3 81 62 19 -70 91 -29 -31 80 -91 -36 96 -20 31 58 -97 -62 -41 88 4 -52 -81 63 51 31 -92 -57 35 59 -62 91 -6 57 -36 10 -72 -72 40 -77 -51 -85 42 50 -85 3 -87 57 75 -75 -91 41 -51 -49 47 -41 -33 26 -14 45 -79 8 0 5 52 98 -61 50 55 58 -89 94 -75 54 -26 67 -40 22 -17 97 -94 -76 -75 -56 -77 -33 39 92 74 -10 -12 -46 -77 -3 37 -79 3 
-27 39 50 -37 -75 54 -73 79 -13 70 -46 -79 -64 44 72 83 36 -59 -31 -94 23 -20 43 -63 -64 43 -87 79 13 -86 72 46 -97 -40 22 -18 46 -45 -63 -43 -82 91 -10 -18 23 -39 -47 -74 75 15 -97 -26 -75 -49 3 13 -13 79 -90 -77 93 -39 -30 82 90 -6 -74 0 49 89 -77 -71 90 -70 72 24 74 60 -77 46 -33 -62 11 -36 -10 93 43 -11 -19 81 78 17 -82 -97 -63 -27 53 26 65 4 78 1 -37 -3 67 2 -91 -42 60 66 -20 88 15 26 -30 78 -79 82 -20 -82 0 36 -30 83 -56 -72 -22 8 -49 9 -41 10 -14 24 78 61 -13 -74 -47 -78 62 31 66 -77 -94 -3 71 -55 56 50 -25 9 -25 -77 74 -55 -54 -48 -25 42 56 19 2 61 -59 93 -27 -18 -98 45 3 85 -56 4 5 52 99 -42 17 -43 -10 60 5 -28 79 -15 99 50 -59 90 88 -42 91 -66 3 -35 87 4 26 47 42 -33 6 44 77 -40 29 -61 -26 84 54 69 -43 -25 55 -55 66 -8 -38 11 -73 50 26 -2 86 22 -82 -43 -49 78 98 44 85 -39 -81 -41 83 7 52 76 83 10 -87 -67 36 -18 -72 27 4 -19 -73 3 78 69 -91 -28 -80 83 -20 -96 37 -29 64 -80 86 92 45 86 -38 -84 -64 -79 29 -34 -3 93 -42 -68 -99 -51 -63 -86 68 29 85 -18 1 48 48 -85 -99 97 95 -68 75 -81 -51 -43 -31 44 23 -19 81 -45 -9 -87 -5 60 27 72 -2 68 89 -51 79 56 -50 83 -20 27 -93 41 7 -4 -78 71 -38 -20 -48 77 -50 13 92 -99 -24 93 -6 73 -62 -95 63 -86 59 -28 -66 -24 -75 11 -83 0 -61 69 -86 48 38 -47 -41 98 -99 72 23 -27 63 -63 -93 94 -18 78 43 -1 1 60 63 -39 -1 11 -16 78 -13 -79 -52 19 -88 -34 60 54 -58 15 -40 -83 -50 -71 1 27 -3 -12 47 -82 75 82 -10 -95 -89 -75 -59 -84 81 97 3 70 -8 -95 47 91 15 -64 -77 -96 82 -4 -8 90 -24 -93 -28 -49 -83 34 -56 -83 -88 -27 -3 0 -65 55 -18 8 -85 -93 66 92 -54 -21 -66 29 -24 95 -14 -27 -97 66 -97 -83 -71 -68 -66 50 1 39 68 -96 92 -19 -59 25 89 -25 -8 65 -82 -56 -39 -47 0 -77 -96 -91 70 -75 -85 -36 -10 30 -84 19 -99 -45 -72 29 -93 -69 77 18 -36 97 75 -18 -65 -33 
17 42 -73 -59 -14 -16 51 -57 -34 -66 -17 61 88 -89 10 -13 -32 17 -68 -42 -21 -14 -27 -2 0 62 -48 15 -97 68 -90 77 18 90 51 -72 21 -17 9 11 -88 -29 81 44 63 -90 46 -4 -88 -72 -60 84 87 16 -53 25 51 34 94 46 33 -56 69 -83 3 -42 18 29 -9 8 64 -73 -26 84 -58 -95 41 51 -13 81 -25 -38 -75 -92 -98 75 58 -39 -47 -5 -22 -58 -70 -69 -56 54 -43 -80 97 -66 -68 48 17 -82 -34 64 -45 37 -60 22 -61 -36 34 61 94 30 48 -15 -53 -20 76 67 -69 10 95 83 -56 92 -90 49 -93 89 -6 88 82 -90 82 -32 -76 67 -82 -25 18 -76 10 29 7 16 0 92 2 -43 -97 -95 29 -77 79 -85 26 59 -59 80 73 -22 -27 -25 85 -78 -39 -89 -68 -86 -83 53 21 5 2 64 31 -7 9 9 88 -7 95 21 28 -85 81 66 94 82 -28 10 41 -26 -89 82 -1 5 85 4 -60 -74 -10 65 -42 -50 -43 29 -52 -17 -95 10 84 84 27 -4 95 -16 75 -19 -4 49 39 -33 -4 80 26 -15 75 -30 -12 -41 54 15 -98 82 -18 -75 65 -17 -51 39 -35 -37 15 58 -14 66 79 87 82 92 -7 9 90 70 71 -69 54 47 -22 -74 43 -54 -70 55 63 37 -6 64 33 -91 43 42 -86 68 -16 -29 36 -64 -29 81 38 98 24 -90 -79 -26 14 -77 -27 -97 -82 75 75 -2 97 83 66 -74 -26 -5 77 -75 48 36 -17 -14 -92 -25 -43 -96 -24 -82 -12 25 -91 -7 -31 -10 47 13 6 -27 -19 52 16 79 35 98 12 6 47 -25 -74 -56 -71 95 -76 -91 -20 -84 -93 -5 -21 -89 91 96 13 -69 -12 29 -56 -76 26 -49 -60 -81 -84 80 -97 -71 -84 -1 84 -45 22 71 -5 -79 -73 -46 -57 -62 86 -30 9 1 -46 -69 -86 23 -25 63 19 70 80 -16 -29 98 -2 -43 -67 31 39 20 -95 -83 53 -54 -31 43 99 -95 -50 -52 14 -88 44 -37 91 10 68 -66 41 60 2 34 1 -45 4 -21 3 58 43 93 -43 -83 -64 73 85 -67 -78 -43 60 71 -99 12 -82 34 4 -5 1 9 -55 21 -57 51 -31 -45 -73 -63 -91 -90 -19 -1 28 96 87 -71 -47 -69 99 60 -67 -14 6 29 -92 95 4 18 24 -70 -40 2 -42 -60 -50 -3 5 -63 -21 -63 39 70 30 -81 94 -80 30 93 12 90 -14 -48 29 80 
-19 13 93 -8 60 -65 -16 -40 88 -10 70 42 42 -83 13 -85 -76 -45 -42 0 93 90 -3 2 -39 -86 -20 -13 -50 96 -16 90 -59 -77 64 57 -15 -80 44 39 86 39 -77 -28 -18 30 -96 51 -26 -12 -24 71 25 47 -34 16 -28 14 69 78 -25 42 -83 91 86 52 -32 9 -9 39 -24 19 36 -59 31 72 41 19 2 70 52 28 14 16 60 -81 -19 -75 66 22 39 -10 90 -66 90 -8 1 -41 33 -70 1 19 -37 -19 -71 85 -70 49 73 -42 -20 -73 66 -68 73 -4 -52 30 31 -74 90 92 -72 41 -95 46 51 59 -24 -4 33 -7 -79 50 68 34 68 -8 -38 -30 -25 -79 -14 -63 -37 -52 37 4 11 -31 53 41 -58 -28 -15 -86 6 -83 85 -9 -49 46 91 74 97 -15 -95 -83 -59 -91 -48 -4 -41 -92 49 -19 71 -74 63 -74 -43 -13 -68 -9 26 -57 73 50 -40 11 31 -84 -22 -14 71 -58 59 -61 22 -70 74 76 1 54 -54 -85 -53 -99 33 -95 59 78 -62 62 91 -75 -72 -55 4 -7 -85 56 67 -11 88 89 52 57 47 21 59 -62 -88 71 92 33 -27 4 -69 32 -64 59 74 -61 81 -96 -25 20 81 -17 62 -22 -73 45 -10 -4 -41 -39 -74 -85 -50 73 -5 -34 -57 -73 85 -84 55 -36 68 -56 -87 88 -26 17 -34 16 -32 -47 30 54 17 -64 -98 97 70 18 44 -68 -71 38 97 -3 87 69 99 -60 -12 -19 52 -21 -95 30 75 -43 -33 -83 79 -99 70 25 -34 25 47 94 -77 -72 -72 -99 48 -71 44 -87 -64 24 76 66 29 6 85 72 -62 95 66 -83 -85 22 -56 2 91 52 91 34 -11 84 12 45 -81 49 -6 -18 50 -56 -67 -16 89 48 -87 5 24 80 -57 62 -70 -42 -11 59 36 41 71 69 -86 30 -75 11 -17 -46 -84 -60 -67 -30 -21 -36 -89 -37 69 63 28 93 26 92 90 -84 -61 -84 28 4 58 -60 -46 97 -2 11 39 -78 71 78 74 82 -25 -39 -15 -7 71 -22 2 34 -58 56 1 -89 -74 36 77 -75 -71 31 -57 -64 -66 70 33 -62 49 14 -59 -54 -86 -77 -27 -83 -45 -81 75 16 -59 -80 11 -63 -84 97 37 50 -65 -31 16 53 -18 99 -36 -17 26 -6 12 38 -34 -40 70 45 -86 61 -38 97 28 -79 -82 3 69 -24 0 43 37 -49 -57 -11 52 -11 48 -28 -85 43 92 -92 87 81 80 -64 97 -38 
57 31 -55 36 -91 -3 50 -97 3 -22 82 -31 80 57 28 -56 38 -67 27 -44 -38 83 85 79 -89 62 86 -68 3 33 75 -40 -22 -92 -39 23 -77 -21 -43 95 -62 -40 -48 77 74 -55 95 -34 -44 18 17 -43 57 52 71 54 -86 -66 67 41 -73 -8 76 -74 88 -57 -7 92 96 74 25 28 35 -34 0 -88 -17 -1 53 1 42 -24 -72 -23 83 6 -78 -23 39 2 22 70 40 -60 22 -74 89 63 87 -56 96 -25 -50 -75 -6 7 89 46 -13 46 -3 63 86 0 -55 -36 30 -1 36 84 8 -57 -44 -96 -16 -3 49 -79 61 -2 -33 -30 41 33 99 35 88 -42 96 17 -84 -30 -99 -3 -7 15 -70 93 3 19 92 -22 -82 96 18 -7 -93 -50 -96 -96 64 -1 35 61 89 1 -74 -88 -26 -44 -88 -79 39 -14 86 74 -22 72 -41 37 -46 -22 -19 88 44 -3 -30 84 3 -91 77 -41 70 49 40 73 -84 21 92 -4 81 65 -96 -48 76 -92 -48 -3 -32 -46 -11 -37 -55 -12 70 -59 -87 -26 -12 18 -85 51 78 71 96 -2 -56 -45 39 -95 -59 29 27 83 53 65 59 -60 -90 95 -62 37 -80 -64 84 21 -58 22 -41 88 -73 -66 62 83 24 -13 74 18 -79 82 26 54 26 -85 -65 67 87 -18 -69 -46 -82 62 42 -37 -69 -20 -70 45 56 51 61 62 51 -3 46 -30 -87 79 -20 -51 90 -68 88 -63 48 49 -26 2 80 -18 79 14 79 21 78 31 17 17 12 91 22 41 -49 -53 -26 -63 44 -56 85 18 34 23 -15 5 -53 80 -79 62 30 -61 49 -90 8 49 -88 57 -40 9 -85 -66 48 -78 -76 99 -68 -11 -12 -87 15 30 -34 -29 39 70 -50 -98 -27 11 -99 9 33 -77 -41 -28 -3 49 8 -49 43 57 -24 -90 -73 24 59 -35 24 32 62 44 28 -18 56 0 -90 -17 -60 49 -19 -18 -4 -23 22 -72 -13 69 40 66 -89 -21 -68 64 96 -47 55 18 -58 6 91 -84 -83 82 -64 19 -64 -5 4 -18 60 -27 34 43 87 15 21 -11 55 67 43 18 -27 -86 8 51 54 37 -50 50 92 17 -86 -60 76 72 -35 21 -68 -56 -5 84 93 92 36 40 6 65 96 75 -32 -6 91 14 -38 23 -32 -35 -97 -38 42 65 -85 26 -89 3 18 90 -77 63 48 -3 -67 36 33 56 77 15 60 -97 -41 14 4 38 -18 29 55 5 18 83 -22 -41 
-62 -65 90 19 -46 -68 30 41 65 18 40 -1 -84 46 -46 76 -47 5 39 64 -98 28 -9 -47 -41 98 -89 53 11 78 -42 21 -38 -72 -86 14 23 79 12 -77 24 85 2 -43 -46 -79 75 -73 42 42 75 -86 -4 7 36 50 -22 -78 -1 56 47 -45 -64 35 14 42 -43 -9 13 66 75 -34 79 62 -87 -24 -32 -76 -37 10 -32 91 48 -87 92 31 -76 77 -92 -7 -64 -1 5 -24 -48 -13 -93 72 -59 26 -69 -93 -54 94 86 75 25 -12 -74 -13 61 -41 0 -92 -82 18 -47 -20 -80 72 -4 69 17 96 -58 -63 -11 91 -34 6 64 23 94 74 27 -69 19 -21 75 22 41 34 94 -31 55 -19 -79 15 -14 -6 -34 -29 1 38 -51 -75 -39 93 -88 -12 31 97 68 -17 -64 44 2 -76 92 25 12 4 -91 -78 -67 64 26 -74 42 -80 -87 77 19 70 65 -86 -13 89 -55 99 61 85 -15 -75 -20 2 65 16 35 -46 35 58 -7 19 -35 98 57 30 53 89 78 -23 -32 96 49 98 38 -92 -70 93 21 1 60 -51 24 1 -32 -60 73 -79 99 62 -45 56 -74 -15 -36 77 -36 -51 -9 79 -30 -8 29 -22 -96 79 19 27 -11 -1 31 43 75 -89 -7 30 -55 83 -5 85 -16 -14 6 -10 -6 -87 99 -32 27 1 -63 -35 72 68 -43 47 -24 -4 82 8 -76 99 -4 -1 -44 62 -23 -85 -27 18 44 98 19 -41 55 27 -71 43 -50 74 30 -75 -98 15 87 72 -80 91 71 66 -47 -82 36 -80 46 -27 -41 59 -22 20 -73 -44 17 77 -46 43 14 -69 -61 -18 70 -36 -24 25 9 24 -74 -37 69 92 9 -2 -68 14 -90 76 -38 -7 24 -80 -90 39 24 -60 19 70 12 -1 40 -72 -18 -39 -4 -68 -59 -33 29 -16 -18 65 -63 30 21 -68 -35 24 -61 83 33 -43 35 91 -2 -5 31 -26 69 -13 97 12 -61 39 25 -26 -27 4 80 -22 44 81 -74 65 27 76 84 -96 -17 66 -1 -48 -3 84 89 -18 47 -94 -9 92 98 65 60 -33 -41 81 49 -19 27 68 -33 -83 49 33 41 -56 -36 70 55 -22 21 -77 43 -13 35 -2 96 31 -25 -81 27 92 84 74 96 -24 63 70 47 -31 31 75 -84 2 82 85 24 45 14 43 -66 -85 34 37 -28 56 -23 -22 -90 -93 -56 -88 10 -68 -83 -23 14 47 -74 -53 92 86 37 -95 -13 83 -35 79 51 78 
-45 91 70 -95 84 -81 96 58 -37 33 65 39 97 -42 -46 -67 -1 2 -32 17 -66 49 2 -20 74 32 -77 -94 -39 52 -89 -23 80 -28 90 31 -49 1 73 -14 -21 -93 -90 21 23 57 -47 -21 -89 -32 -76 88 -13 -21 -60 -11 19 60 -59 44 50 37 67 41 -6 38 -32 78 -79 -15 42 -4 -75 66 2 74 88 -57 -86 -16 -53 95 -72 -44 32 -1 -50 -47 -5 57 8 -99 54 -4 -62 -69 -53 -27 88 -11 62 31 -50 5 79 -24 -85 50 -92 74 -43 23 -19 65 38 -56 58 35 -46 70 35 87 -97 -93 -23 22 77 -63 34 54 -85 68 24 30 26 -38 -32 31 97 94 5 -93 12 -66 -2 18 59 -59 -29 11 21 -30 -47 74 81 -8 1 -66 -74 45 64 -43 -7 -80 -99 -65 -22 -24 -43 -45 -52 -82 87 27 -42 -15 -37 29 -60 63 53 -92 -35 42 -57 72 81 -86 -47 82 66 4 91 -49 -56 -25 29 28 -72 -13 -2 65 75 -73 -31 15 83 -62 87 32 -22 -77 -99 40 77 -91 -90 0 -82 -75 39 -54 96 57 17 35 -63 92 -71 53 72 96 19 13 -97 -46 49 48 27 52 26 22 13 96 -46 -15 -1 84 70 -31 85 -91 -84 0 23 13 -80 5 86 31 98 -49 25 -32 -72 39 -4 62 36 33 -98 -50 82 -5 34 54 99 -21 47 -17 24 -46 -42 -25 11 -84 -64 -26 -75 -13 -79 40 -53 -74 -56 28 11 51 69 80 -48 -63 36 14 -62 72 -26 -37 72 58 87 45 12 61 55 66 -62 -41 -66 4 70 -36 44 71 -70 41 -68 -66 1 87 -18 61 63 -74 -97 -7 52 38 -21 -49 49 50 61 73 -10 -76 -91 -49 -46 -10 -68 65 39 55 11 -34 17 92 -94 -97 9 42 72 25 -50 91 -13 59 66 -60 6 45 -75 50 -75 35 92 37 65 29 92 4 -79 81 -39 -96 50 63 -45 70 59 -85 -73 78 25 83 -94 58 -11 87 -68 87 -40 31 32 78 -20 60 34 94 14 -4 -93 53 -29 -62 12 18 72 1 4 94 2 -18 -43 20 4 -87 -67 -22 -48 -24 47 53 24 -6 -42 -47 73 -29 -93 49 -9 -26 53 -12 36 -51 12 -32 69 42 -62 79 20 9 15 85 -16 -47 84 -3 -66 55 -76 -62 61 -88 -5 85 -67 -45 -16 -14 -20 50 -90 -13 -57 -72 94 -13 -26 -52 -26 5 13 -4 -68 88 22 71 57 -73 -65 84 50 39 13 60 
86 -46 -37 -37 -84 51 -25 8 92 -42 67 -20 40 -30 69 -92 42 43 93 43 -88 -92 -16 -37 59 -26 38 -15 -38 51 33 -55 -47 96 48 -93 65 52 49 58 -65 -61 -68 -25 -60 -59 -85 73 54 98 -16 76 9 83 17 23 12 5 71 -25 41 -72 88 30 -41 -86 -46 -74 43 60 89 42 -52 -38 2 -55 -2 -14 16 -39 -34 68 90 -82 -76 17 15 -60 -50 19 8 32 -17 -46 91 12 -16 -65 -10 -74 39 -55 -71 95 -44 57 26 17 65 -11 92 46 -87 -85 -39 84 -67 -25 -52 97 -47 77 33 33 -9 78 -33 -48 21 87 77 -94 -47 98 11 -82 -40 49 28 15 -30 -39 -57 -31 8 -5 91 -73 -37 82 2 -91 -53 33 13 16 -80 -24 52 0 -93 91 84 27 -2 49 -72 37 11 26 -86 -8 -11 -23 -24 -2 -55 -6 -12 18 -19 -2 -27 -50 36 75 91 -17 67 -14 30 10 56 -68 -40 16 -31 -16 81 78 2 2 65 96 42 -92 -51 98 -3 -71 -93 -33 5 39 70 -38 39 -85 25 28 -23 -89 65 59 65 -78 -3 25 -96 20 86 93 73 -8 80 -93 -36 83 -36 65 -50 11 45 -60 29 -11 50 43 84 64 -84 78 -28 78 63 -11 43 38 33 37 -47 3 -93 -34 79 2 -32 27 -34 34 68 52 -34 45 83 69 94 25 -54 58 -51 -37 13 22 -46 -48 -53 5 10 -82 -79 -2 -86 -90 -19 6 50 -95 15 30 -92 84 55 -86 -10 -29 -22 -86 -45 -14 3 -33 -79 43 -23 -25 -60 51 -18 74 -36 -70 -76 -51 97 -25 96 -44 -3 98 -11 -21 93 21 0 64 12 51 -99 -4 75 41 17 91 -66 73 15 -49 -78 -38 -85 57 19 -97 51 27 -9 -97 -82 -16 -21 46 70 -31 72 -41 -81 13 -2 -51 32 -64 34 -43 -74 -84 -99 -54 -54 -7 6 64 -30 -85 -66 63 -6 -2 -69 -13 -9 90 96 -60 -16 -11 42 -55 -23 -34 -35 -13 -97 -88 -76 91 12 85 -86 -51 1 39 -53 1 -16 32 -24 -99 -14 -10 95 54 6 -97 -34 98 -66 60 44 18 -48 -39 -94 17 52 2 78 4 39 80 46 -32 92 -11 6 12 74 -38 -2 -36 -59 -37 -88 -74 -66 78 48 -26 72 -36 98 83 98 -72 -9 -42 -31 -20 82 46 -14 -65 80 18 75 -93 96 64 -95 -52 27 67 -81 36 51 -50 86 -28 -16 10 27 -23 -60 39 -45 93 41 -15 85 -23 
97 31 -95 -13 -85 -90 21 17 42 -77 -52 -67 -60 19 -7 91 -33 74 -70 97 -7 50 41 74 -52 -18 66 -18 53 -60 46 94 -70 -94 64 -2 22 -18 76 -24 43 14 93 87 -12 -40 -86 -23 -45 -25 2 1 73 63 -31 -10 79 1 61 11 71 58 42 57 -33 -58 78 94 60 -29 -65 0 -51 -41 -94 -54 72 22 -88 97 25 56 56 55 2 -49 11 90 73 -15 -21 30 -82 39 -54 21 -25 9 -93 -34 -70 -61 -94 68 52 -23 98 3 4 -62 -36 92 31 -83 -7 -68 5 -59 47 -29 -87 81 -62 48 -7 43 -96 -28 97 38 53 -70 42 81 -27 56 94 13 -68 -16 -90 -37 59 -39 -56 21 -12 61 17 57 -95 -13 -38 36 2 -26 78 95 -54 56 -72 90 36 66 -76 53 2 71 60 -53 72 44 -41 88 0 -69 -24 27 -34 -93 -47 56 84 -75 -39 -76 -17 72 -64 82 -21 -16 33 -44 53 18 79 -26 70 44 -85 47 73 32 34 30 66 -73 -15 -10 -2 25 41 86 38 66 -35 14 -96 -22 -30 17 -74 -38 -34 20 -87 -76 61 -42 -64 74 -65 -81 30 -38 64 -96 -49 -96 -54 -41 32 -64 -43 26 -35 56 -59 -93 -3 17 32 -87 -17 -42 51 -2 -97 18 63 -18 -33 -49 44 90 -17 8 25 16 26 -24 -58 -84 95 -13 -50 -48 3 -32 -32 -3 -85 12 -45 -23 -36 -97 -68 67 -9 31 64 -49 77 98 -55 -46 -79 41 70 7 77 25 37 33 96 92 -13 66 -89 -95 37 74 48 16 80 77 93 23 27 68 26 -11 -50 -98 63 98 51 -32 -24 27 -68 -24 -97 23 8 -49 -45 -8 -53 35 52 63 -78 -6 -63 -90 -2 15 8 41 -63 -31 -1 -52 55 -2 -69 31 91 48 28 -36 -77 88 -89 41 75 -31 69 56 85 -76 9 73 -96 72 -67 4 10 49 -43 -24 -94 69 -84 57 -39 67 -34 74 -28 -90 35 -57 -65 -98 -10 45 -90 -18 -82 81 39 54 38 -10 45 19 2 39 -3 -94 68 74 -43 -72 60 -35 -41 -68 -67 29 45 -72 35 84 37 38 -22 32 -45 17 -76 99 90 15 13 -32 56 -56 -79 -17 -47 36 17 -53 -38 36 -3 -51 -13 10 11 -1 -91 9 11 4 14 -17 -81 -41 -26 28 -74 32 32 56 16 -78 -42 15 11 34 -17 89 24 98 -97 12 34 -23 29 -83 55 -86 6 54 91 -49 93 81 74 11 -97 32 -96 99 
40 -44 -56 -72 -51 67 9 -48 -28 -89 -78 65 -58 72 26 54 -18 -5 -64 -69 93 95 -47 63 18 76 50 74 60 42 -81 85 66 -43 -28 93 10 -72 62 -72 -80 -60 -45 77 -48 27 -24 -57 55 51 67 39 -91 23 14 -19 -26 40 63 -8 77 1 -19 65 -90 94 89 -44 98 -45 -68 -88 67 -53 48 -71 -80 -51 95 -99 37 -45 78 -12 98 61 -90 36 -72 40 -54 -93 96 -88 -26 -50 13 -63 -38 -54 87 33 -10 -46 -28 96 6 41 79 39 -54 85 95 -98 7 26 23 28 18 59 24 -61 -59 -12 40 41 -68 -60 2 -87 -64 59 25 48 89 -3 -98 18 43 -67 -25 32 97 81 -92 20 -26 28 -43 69 -68 41 -76 -70 36 -98 10 -79 98 69 -53 -20 -96 -83 9 -56 27 -52 -95 -66 -11 18 -70 -13 67 -99 2 -33 45 -35 -49 63 54 -63 -72 67 -99 11 18 -59 64 -68 27 92 37 -92 -20 -5 80 -57 -61 64 -49 -59 -19 95 -79 -79 -49 -75 -37 37 -96 13 -63 63 54 3 15 -92 -7 23 98 18 70 1 -13 45 -73 5 6 77 13 92 50 -93 -54 -59 66 79 -98 77 -49 -58 93 56 -60 -36 -36 -16 -59 76 38 -48 -47 -84 20 50 -51 -27 14 39 -28 -52 45 94 18 82 18 -28 -7 78 53 -66 46 5 -24 -11 39 17 -34 51 -20 35 -28 -28 -15 -93 59 -85 -69 -32 57 92 27 -90 -69 -55 1 -65 -95 33 1 -86 47 66 -37 -20 -14 3 -44 -41 15 -22 -13 62 59 60 -95 -31 -44 66 89 -71 -19 89 30 -52 -51 47 23 89 -39 -35 -63 79 -93 -88 95 -81 73 22 23 89 -25 -70 -41 66 74 -13 97 44 53 -95 -76 57 22 19 56 -56 22 66 -78 2 -82 4 -71 31 97 99 -16 -32 97 97 -80 71 -40 6 37 50 -90 -14 96 -33 73 24 79 -22 -69 -6 -11 -57 -83 63 12 90 21 -21 -21 -15 -67 -9 48 -98 -35 -57 4 63 -72 30 -20 -19 95 20 -22 71 -11 84 -49 -49 -30 61 -73 83 49 -37 89 -64 93 -13 -26 -77 -27 -58 -80 -75 28 67 48 -14 81 -41 -46 52 81 48 35 -15 -54 5 -58 -73 -17 -72 -86 67 12 -49 29 -51 7 -84 9 -81 -46 -30 -91 7 -47 -23 -33 56 71 -57 72 -43 92 25 35 -34 -59 -30 -65 -46 55 -35 -62 27 -88 -59 51 -33 -56 -80 -72 80 -4 -42 -61 -58 
48 40 -43 53 59 61 -69 -51 69 -33 -38 33 11 -42 94 -88 -78 -62 4 -77 99 -19 -11 -6 -3 12 53 -59 -6 -19 13 90 72 21 26 52 -78 -9 0 -90 -6 88 10 36 -20 10 -71 39 -39 7 -9 9 -93 -90 86 -73 43 5 50 -69 90 46 13 -27 -41 78 -71 24 43 -64 32 -47 98 -71 -81 53 44 97 -40 -60 -1 -67 -73 -92 -90 -37 -65 90 67 36 -65 -24 74 -43 33 73 24 -32 -34 -97 -75 31 -76 18 -73 94 -24 -75 -85 54 -14 44 -93 0 50 -68 64 -26 6 -24 37 44 64 -34 -21 -25 45 -94 29 -91 -18 50 -88 73 -81 77 64 52 13 54 82 -26 90 14 -65 91 14 91 40 36 47 -33 95 -41 -55 18 18 -39 -28 -55 -21 -20 -31 -75 -4 -79 -61 -3 82 -2 9 -59 82 82 29 73 -88 20 -49 27 17 -24 88 79 -98 -91 29 -54 -16 -93 8 95 59 59 64 14 80 -37 53 70 -6 -9 -46 -21 -35 68 41 75 -87 -74 1 -58 -44 9 -96 21 -43 16 44 -74 -85 -6 99 92 37 -49 85 -98 -83 51 75 -43 -76 17 50 -73 90 79 43 33 59 -54 57 -68 61 -46 80 66 79 0 1 -38 -38 73 -63 31 -13 -9 -7 -66 -36 -36 97 11 -88 -70 -18 -30 -1 62 32 58 -81 79 86 -75 -80 21 -49 48 -70 -89 -78 24 -79 54 87 -95 33 42 97 84 65 11 27 80 -23 40 42 -10 -56 92 -50 26 36 -77 4 77 95 83 60 99 16 56 40 40 -33 -91 -65 66 11 -35 -15 93 -90 98 -85 -21 -86 -11 5 -31 23 -94 83 -95 71 64 70 -91 64 12 -33 -20 23 77 69 -94 57 6 7 -97 4 81 -11 59 26 58 -42 80 33 17 -75 -24 -18 -97 2 92 -73 -40 -43 -34 -50 -63 -26 11 85 12 3 74 -75 -89 -91 91 3 -90 -11 -22 63 56 33 54 -42 89 -67 -15 10 13 -49 84 -45 58 -49 93 -13 55 65 12 -18 -45 -20 31 15 49 -7 75 -17 -36 -57 -58 -87 -82 29 1 -44 -97 39 59 11 -39 55 4 -49 -63 -51 98 56 23 -99 -37 -66 -63 -51 89 -45 44 -40 -73 96 20 88 70 -24 62 -84 50 -60 16 71 28 66 66 -14 -64 88 -28 -4 81 -48 92 -44 -59 -53 -88 9 -75 -51 -18 -15 11 -60 50 9 -18 37 -89 4 -41 -63 49 62 81 -95 47 -38 -3 57 -69 -52 -92 
-22 -86 -15 51 4 33 -64 43 -85 -58 -73 59 -41 89 33 -77 59 74 -43 -20 -49 22 62 -26 -35 81 11 -69 -9 49 5 -61 22 63 20 -37 -2 50 50 -21 -50 2 -80 30 -90 35 -30 99 50 29 44 -68 35 11 0 86 67 -56 43 45 67 87 50 95 81 -83 -26 -92 71 38 -46 29 -6 -98 -20 -87 -72 -20 -28 17 -4 -85 85 57 -47 26 15 30 10 7 -87 8 -20 -63 44 66 -69 -91 -31 -57 77 6 60 -14 39 -23 0 -11 -6 -54 9 -57 -69 63 -22 -33 46 5 -5 -18 -28 -98 -47 -81 65 -50 92 -36 61 -61 78 -40 48 88 -4 -60 49 24 88 -26 -64 -47 -10 -93 -1 -60 32 -37 -94 82 37 9 42 57 -88 -95 41 77 47 -68 74 -98 -84 9 62 84 -1 7 -27 -30 97 9 94 -55 42 -35 -73 3 -31 -89 30 -81 54 77 91 -33 -54 56 -63 -70 39 11 17 -46 44 -94 43 -80 -14 67 68 72 91 65 -13 -65 35 7 -50 -92 56 -26 -98 -24 -30 -17 34 49 -39 92 26 -18 -53 -63 -82 -17 37 25 -39 52 -44 -34 40 -85 -51 78 -21 -74 -13 15 86 -27 -22 -56 46 -27 -14 -51 32 -77 74 96 -35 38 -9 6 -20 3 83 41 99 67 -84 38 -26 13 26 75 -51 -12 -75 69 -70 43 -42 -27 -97 93 -13 -38 -41 -69 81 -88 53 96 75 -53 -75 -41 -19 -12 -14 80 88 -12 65 75 -42 -82 84 50 92 78 -76 29 -32 -21 21 51 -67 39 -66 83 -7 -55 -29 85 46 -17 -20 -8 9 -3 62 69 42 11 89 10 -71 26 -44 39 75 -21 -46 -98 -72 -27 67 -45 -2 -43 -78 -82 -38 98 -24 -3 99 98 25 -29 -75 94 -53 72 90 67 1 52 63 -16 44 78 8 70 -47 95 34 -4 16 42 -31 -76 -66 -34 89 38 -95 85 -93 41 -17 95 99 3 -27 59 -41 12 3 31 -30 70 -56 -48 36 18 -99 -93 -36 52 -43 13 -89 -91 -39 24 -45 -8 -24 -69 19 56 19 -41 49 8 -79 -4 -15 -4 7 42 -66 -4 94 -27 -16 44 88 -38 -60 41 23 30 -97 44 -27 17 17 -51 53 -20 -63 16 -49 -47 34 -44 77 -91 -78 66 -93 -26 -13 98 -84 -81 90 -61 -79 -50 61 26 63 -80 33 93 -14 0 80 -70 -25 -60 -31 -42 -30 63 -3 57 -84 88 -68 32 38 -88 41 -55 -62 94 70 49 -21 86 -88 -37 
37 -31 -60 45 -75 -45 30 -84 -34 -18 -28 -57 -17 72 -42 84 84 87 56 66 -13 3 84 -68 71 -65 -79 91 -41 53 16 -93 16 -71 72 -14 32 61 -39 51 90 4 13 66 -58 91 82 -93 77 -14 86 -31 -84 58 -12 17 73 -62 49 -62 4 -74 48 6 -16 11 91 99 -73 26 -84 -91 -4 34 -90 53 -23 27 17 20 -96 63 88 38 -99 17 -34 -76 80 -72 10 93 99 42 -42 -92 -94 -41 70 -69 7 21 81 93 41 32 86 -79 64 -17 -49 -47 15 -75 9 65 63 81 -21 -64 -61 62 -95 26 78 -63 -24 -49 -75 -23 97 52 -81 79 -6 -32 95 83 -17 49 -37 57 23 -7 -87 -26 8 8 38 -83 -65 -35 -56 26 -90 29 86 -60 -53 -25 95 -69 -63 68 84 30 -2 62 -55 70 -80 -82 -62 78 48 -75 73 74 56 -19 -96 47 -48 86 -31 31 84 30 -84 -90 -75 -88 52 85 99 78 -93 -36 53 65 16 6 93 32 -27 69 -11 31 -45 87 7 0 -13 -68 95 7 -68 -43 34 49 3 -30 46 56 75 -36 -89 9 35 -30 -69 95 53 -37 -19 -73 26 -82 -48 20 60 70 54 41 59 86 43 60 -3 72 41 -62 -35 -31 -75 66 -40 -44 -93 86 -36 -71 79 -30 -90 13 72 35 -96 39 59 -34 73 -58 76 -91 4 -38 85 -57 44 -85 1 -94 63 -45 -15 -36 74 -23 -32 28 99 -78 31 65 85 21 -63 81 -9 -90 -91 -98 54 16 93 -95 19 -1 58 44 -72 13 -43 62 73 -29 -65 63 -26 73 -9 -14 -37 88 -5 55 -6 50 -45 -41 53 4 -20 92 -21 72 -58 92 80 -94 75 -10 -49 93 27 13 15 -13 91 -88 -14 -44 16 2 -82 -32 56 42 26 89 -14 49 33 -7 -36 33 -1 15 -1 31 7 -17 -2 28 -5 80 80 -9 -45 39 53 81 22 60 30 19 -24 92 -82 26 -45 -6 -28 -95 -80 6 31 -89 -85 80 60 -90 2 -71 34 -95 53 -43 60 -75 71 22 96 -87 -30 -45 -35 72 61 58 -41 33 -5 -54 -70 -34 15 41 -36 -56 37 35 -4 79 -89 -30 3 63 -34 -30 -72 -93 -10 31 42 -97 32 1 98 28 -57 56 -30 -13 76 56 24 -27 0 -46 23 47 57 -28 24 -79 27 -4 1 -24 19 30 -81 -76 48 19 60 46 54 -41 53 -85 -97 7 91 -92 -24 -32 -34 95 68 -3 85 -36 -21 -19 -92 -91 
-45 26 8 75 77 -90 18 59 -38 3 -3 38 -4 -18 -65 -11 1 -39 6 -24 -87 -17 11 -68 -75 -49 -30 66 -15 14 24 -50 77 7 -54 25 -16 -24 19 93 92 -2 -87 -6 -4 87 -75 -61 14 -37 -57 -62 87 -67 29 -92 56 -3 -24 23 -32 -46 27 -22 -41 82 -48 -16 97 -6 -69 -32 -17 13 79 -65 40 -44 17 12 26 -12 12 -34 14 -18 99 -52 59 -92 16 -1 5 -55 -14 90 76 -74 39 73 -49 -11 -91 -13 19 -14 -85 -98 91 -5 -47 -46 -97 -59 1 -70 -17 -46 51 -63 -21 -15 80 -14 -52 -8 -87 80 -51 -62 -29 44 -73 -17 52 16 -32 51 50 39 92 -57 18 5 22 -11 -23 -6 -68 1 -77 -77 -31 61 -92 8 30 98 -34 -31 12 52 -15 76 -13 -4 73 86 -26 -61 -3 -17 33 -1 -88 -31 74 25 -48 -46 44 7 33 -83 98 -34 45 48 -4 -4 53 7 12 -74 3 45 -64 39 30 -78 30 -91 75 -2 80 -38 79 10 -4 -57 18 32 84 -83 46 90 15 -11 -77 -11 36 79 24 9 -58 84 21 -78 27 58 61 76 -27 80 86 -84 48 21 -22 -8 -32 95 15 16 60 70 39 46 -53 15 47 -61 -12 70 9 -48 -94 -23 51 -27 92 56 -84 67 -48 39 -86 59 -4 32 10 71 85 -33 -7 52 26 72 -30 83 97 -6 -59 -94 -66 -44 -49 -94 54 54 49 -36 74 -29 22 -92 30 33 48 -18 96 -87 -75 -32 -43 -32 80 -14 -52 55 -61 62 -13 5 1 -11 -65 -83 -62 39 -81 -43 -80 85 31 -69 89 -95 -85 37 62 68 -99 -92 18 29 -34 41 20 92 -27 -52 -72 71 -86 -80 40 -79 -34 64 -63 17 6 60 -91 -41 -70 -72 40 -3 92 22 75 -5 -61 -74 -5 -97 -54 58 34 -62 91 -59 63 97 19 10 17 -71 -87 -27 -70 -3 -60 65 -54 -31 54 20 71 -48 -35 -42 17 -62 53 -60 -23 61 -26 16 21 -77 10 20 85 88 93 5 -98 66 -90 9 -91 34 -14 -64 36 -5 -70 -75 -4 -36 -24 -62 -36 -99 -66 -84 -39 75 -25 -86 95 -58 77 -31 -54 20 -27 36 76 -46 66 -61 11 81 -8 99 67 -54 -70 22 41 59 -49 -9 6 -84 -19 16 28 -58 51 74 48 -15 -43 -99 9 33 69 24 2 37 -58 58 -77 -15 -84 44 3 -41 7 -45 -90 24 93 4 43 -21 -24 0 -66 -41 17 18 19 4 
-43 -13 -80 96 -22 90 21 -5 -62 -78 73 -46 97 -74 21 4 -40 -37 -15 10 53 61 -9 48 11 22 47 -18 1 -4 -43 47 32 0 66 -58 5 -49 21 -3 38 -52 -94 -39 -80 -46 -22 7 -35 81 -71 -70 -7 -23 42 44 -40 -34 19 30 -89 -80 -41 -73 48 -28 -16 61 -32 -18 -99 -85 4 87 -60 -61 80 74 -56 -68 -20 -61 -51 -76 -13 91 3 48 -62 -88 -90 -44 98 98 67 16 -13 63 88 -86 64 25 38 -23 43 82 -87 53 -13 27 0 95 -60 29 2 -37 88 -54 90 41 -23 0 -7 -34 30 34 3 -16 5 -33 -60 49 -62 49 -42 -23 -56 -59 -30 -36 -38 79 41 50 -41 -25 -14 48 -1 -60 -64 -37 19 -31 22 -28 15 -39 34 63 -93 35 -23 50 12 87 64 5 1 -4 4 90 -94 -36 -28 -90 -69 -5 81 9 -71 -62 48 -82 -12 -46 29 -26 12 -90 -95 -86 9 18 -14 -6 87 33 -93 45 97 -84 54 85 32 72 -18 16 63 -98 12 -30 3 63 84 -28 -16 -51 -73 74 -42 -98 42 26 -57 -73 -36 -14 13 44 -87 -88 -45 -40 -29 29 66 62 -1 -60 -58 39 -18 19 -73 40 46 -46 87 -52 37 -2 -35 -40 -49 53 -85 -97 55 -38 13 74 -76 48 -55 -16 -49 97 46 -81 -96 -50 63 12 74 5 48 51 14 -12 91 69 -35 37 -3 -32 81 11 -85 -51 -50 20 -36 4 -5 -72 80 -90 5 96 -76 23 -16 7 40 -43 -79 9 97 -55 -54 29 -32 -33 57 45 61 -63 96 75 -93 65 15 22 -86 -21 -9 50 92 49 85 -73 28 83 10 39 60 -64 92 6 -85 28 16 -8 68 -48 77 38 8 74 -62 -12 40 -20 -33 -77 95 -60 -10 81 -44 47 29 -81 68 -58 -37 -67 28 75 46 -1 -12 7 -57 90 -11 -67 -2 60 71 -80 -40 51 -96 -50 -3 -92 52 21 -48 48 -44 -55 -51 31 65 32 -27 6 23 97 -85 21 -82 -83 56 -37 -92 14 -60 52 -4 5 64 -70 -62 29 -86 -7 -27 24 -22 5 90 -89 -96 -14 88 -80 -90 72 -26 55 -23 4 14 -13 33 83 -21 -37 33 -16 37 59 31 52 90 2 69 21 27 8 -80 -29 73 -91 -35 2 -83 -37 -6 -93 -80 -5 -75 -96 36 -91 -38 82 71 75 -41 -78 32 -59 51 74 -41 -22 93 64 27 98 -96 60 61 -32 -48 -73 41 53 58 -19 80 92 -72 -24 
-11 -28 12 22 -35 -22 72 -41 -70 -30 -5 16 -15 -1 96 -40 35 -52 71 16 -75 -90 93 -99 68 -58 -54 61 -14 54 37 -97 -79 -73 -37 62 -48 -42 77 -45 58 -3 16 -6 -10 35 3 -94 22 4 -88 -56 -88 22 32 -35 48 -89 -18 -54 15 -18 48 -2 60 -79 -58 -79 -29 97 -44 62 -11 0 8 -50 40 -15 13 -72 -58 -87 -11 -21 51 52 -42 -81 78 -98 99 58 -11 -95 37 70 83 -38 21 16 75 11 36 62 -56 88 80 -8 -19 -54 10 83 -77 -86 -51 86 18 -56 3 -73 33 -78 49 55 -87 -84 23 22 42 -77 -49 -75 93 40 59 -98 -12 32 22 -10 39 6 -47 57 77 -90 -84 58 66 -30 -17 -18 -98 39 56 86 -34 38 -27 56 -28 -62 31 -76 -96 -9 -23 86 98 -68 -35 41 20 -79 80 -35 27 0 -39 51 92 1 -11 -94 -15 -15 31 -68 -24 90 1 65 83 2 -97 48 -42 60 89 20 -34 -51 -9 8 -96 -94 -21 16 -93 12 32 -84 -89 -32 60 -51 28 87 89 67 -50 85 -37 44 -98 -23 88 31 -39 -85 -26 -65 -74 -26 57 46 -11 38 47 -15 30 -95 -41 -66 43 -69 -85 -73 25 67 -35 -3 73 -33 -2 11 -3 49 -75 36 -8 -57 -44 26 94 -36 69 9 -50 -6 94 73 93 -38 48 81 -71 -52 -51 -54 -52 -21 1 -11 -89 72 54 19 52 70 -43 -13 -90 -64 36 -81 32 -67 -55 45 -25 42 10 -88 33 1 22 -35 -86 69 38 15 11 67 22 72 -60 72 -36 -54 -2 -45 79 -96 87 74 98 -3 -53 -39 11 -67 96 -17 -36 -39 -98 98 11 85 -70 -53 -61 32 14 44 62 -93 83 95 32 -35 73 76 -2 36 -57 7 -95 11 -42 -77 -53 -56 -5 -55 70 44 64 -71 29 -92 16 20 18 -3 -1 -50 -28 -88 -23 2 -85 -50 33 75 30 -4 6 -25 93 7 -38 87 37 -84 -70 -81 -12 14 -69 95 33 -75 59 65 55 -66 -14 -49 77 7 -97 -20 -55 0 78 -82 40 -41 54 -51 -80 -10 40 -10 -16 46 70 90 -8 84 -44 -70 60 -8 58 52 -88 -35 -23 12 -80 72 -14 16 68 -89 -81 -32 37 -6 -92 -37 -84 -67 -86 26 -99 -36 -33 -24 33 -34 43 93 93 62 58 76 -9 -91 18 -38 -16 81 -63 -44 -89 40 -86 -16 46 68 -30 -20 90 32 20 -79 -21 57 -50 23 -57 66 -60 -89 60 -85 
-48 -32 -89 78 68 22 -32 40 37 43 40 -23 67 55 32 -22 -48 -41 -63 49 -92 -7 88 -52 60 69 -35 85 -29 33 36 94 6 14 34 83 -66 11 -82 -84 21 -83 -90 70 29 0 -89 -54 -50 -13 -41 -90 -29 27 -83 83 52 -46 -45 90 -22 -23 41 39 5 -30 6 29 -70 76 21 -28 -2 -54 47 -33 27 30 -58 -40 33 -52 -64 -33 -17 2 23 7 -71 -91 50 39 45 -79 -91 18 -22 -84 -54 50 86 -36 -50 32 -75 91 -6 74 -62 89 64 36 -12 55 -3 68 30 -41 -81 -40 -2 28 -70 57 36 37 82 62 -70 -72 -76 -89 15 76 -82 -46 70 -84 39 98 79 -18 30 -46 -89 51 84 26 44 -63 -77 13 22 -63 88 28 -71 30 21 30 -16 -51 -49 69 -97 -50 -48 86 -51 -27 -53 -29 -46 -91 68 -13 77 72 82 -51 -62 32 38 61 71 -77 -34 1 12 65 -70 79 -30 -87 -80 81 -18 50 -41 76 56 82 -35 -11 38 -67 90 -27 -55 -80 26 -28 66 76 -57 -30 62 67 80 52 21 36 -45 -6 -32 84 71 65 2 -29 -74 -1 -4 -76 17 -57 58 -85 18 -22 -54 -10 -43 -72 -33 28 -69 91 90 49 29 22 70 34 -6 -12 -98 -74 -12 -33 20 33 -16 26 -44 -26 -93 -12 -16 -92 53 97 95 -59 66 11 87 -27 38 82 98 10 91 -86 -81 -55 86 38 -59 -41 -65 29 -58 90 11 -41 -32 37 -80 -92 98 -35 -56 -78 -80 94 -41 46 -76 62 -85 89 73 -47 87 23 -93 -16 -45 84 -99 37 52 -73 51 -11 30 92 -93 -82 84 -19 -68 64 47 6 57 -98 -83 -46 80 -26 26 90 -83 77 54 -54 20 30 -4 94 45 8 -36 24 78 -26 77 20 31 10 -26 -18 -9 49 71 66 -74 6 32 82 13 -83 -20 -41 -93 44 -28 -96 21 -44 90 -1 79 50 -97 52 -68 17 1 -36 -90 -91 44 50 95 25 1 -19 56 -81 -51 76 18 -39 63 -3 -97 45 -30 82 -12 -35 -4 25 91 68 -16 -28 -99 21 -5 -27 90 0 28 19 47 -41 99 -76 -43 77 51 -56 -25 40 -88 5 74 68 51 30 44 -11 -51 -38 13 33 -1 -96 -15 82 -67 60 -33 72 -62 -50 24 81 -89 -33 -81 48 -61 -13 -61 83 -30 8 40 -40 36 58 22 24 65 -39 -44 -90 -46 67 -36 95 -32 3 -21 -28 -1 -65 -17 -49 -77 8 -59 -72 -44 72 
-52 80 30 -67 62 34 90 39 5 -75 7 2 78 -10 65 40 -69 -49 -2 5 -54 7 -85 -39 63 -11 38 -23 -61 8 -5 29 83 21 98 63 -18 65 -77 -59 -13 13 48 30 49 99 97 -32 -42 -2 0 -33 -1 84 68 46 46 14 36 -34 4 43 -43 -87 -60 -44 57 47 21 23 -10 28 70 4 10 83 -81 -76 93 21 28 53 98 19 49 -94 -10 -30 28 -27 -88 -40 -56 50 24 10 -42 60 70 -35 -86 6 26 -69 -56 8 -8 97 -18 76 40 -65 -93 -6 95 53 53 -33 21 -61 83 -59 69 42 73 -89 -8 -95 88 -22 -86 -78 37 -23 -19 34 70 -67 -28 -30 46 36 73 -61 66 -43 6 -9 79 -38 -84 -75 0 -10 -6 -73 -41 96 -64 74 -1 -54 -26 -80 85 93 -51 94 93 -52 74 92 -36 9 -60 91 -36 -54 58 -17 -24 -21 -27 -72 76 -79 -16 20 -57 81 6 -41 -66 63 -14 58 62 -91 32 24 -31 18 -29 -43 -32 -69 -2 -49 -34 91 -42 9 -30 -29 -28 -22 -7 -70 81 26 79 65 37 -37 49 28 -38 -2 18 -94 -46 -33 98 -94 9 -54 4 0 21 -34 20 55 -41 -56 -64 83 39 66 73 76 -57 10 71 43 6 -15 14 62 61 96 -85 -38 -23 -36 -70 -33 18 -58 -70 77 58 -49 -15 -42 -75 -39 57 -72 -88 80 -45 82 -31 -64 65 75 37 18 79 -11 -78 73 28 85 44 -50 90 -43 -94 -14 48 19 -92 16 97 53 67 -75 -99 -26 5 -63 -13 0 40 -73 -80 81 65 -43 70 22 60 -57 -55 80 -87 89 52 87 -7 86 -25 -55 45 -35 -22 -13 -57 68 76 92 -50 -84 33 73 51 70 75 -86 -90 -82 62 -90 -59 15 34 79 84 -90 0 -94 78 77 -28 35 -40 -99 20 5 -12 48 39 12 52 -74 0 80 -27 -50 16 17 -72 -81 -92 -74 -29 32 -26 -56 7 -99 99 -47 -91 -44 -54 69 -48 -48 1 78 -83 20 -38 -72 -32 -31 -25 -75 -75 43 4 -33 29 -64 38 -60 -27 -37 88 -68 -59 47 92 95 -27 -50 -15 86 0 78 9 42 -9 34 -12 25 30 -53 -41 -24 -96 -8 84 0 -67 45 65 -46 -20 72 84 -38 93 -36 -31 -64 43 -20 20 -12 -99 -62 -23 62 83 -96 -18 -41 -15 -10 -4 -72 51 0 78 -47 38 81 46 -38 -28 -78 -89 -47 81 -37 -35 -68 35 66 31 -59 55 11 87 31 14 5 
-85 -91 56 -79 44 -58 -7 -33 -79 -80 22 -21 83 -44 7 -32 -37 80 70 -84 -40 10 9 -12 41 36 -49 79 -37 39 81 75 -60 -83 16 -4 42 39 28 88 -8 59 -89 97 58 -10 -42 -37 84 -79 -95 58 14 89 -25 23 54 -99 82 22 77 37 61 15 -12 -43 -86 97 39 36 -62 55 -16 -73 5 -37 32 -86 -92 22 95 -24 -28 -12 -98 -48 85 76 52 17 26 6 80 -27 79 22 -97 -71 11 -62 -4 -51 -18 -12 36 73 -45 -6 -20 40 -48 90 -71 -53 77 67 -94 41 -93 17 64 69 -27 37 3 -9 -63 -12 -92 63 -16 -73 55 50 -33 -97 1 -90 22 -27 -13 76 67 -58 98 -6 32 16 92 -68 84 76 31 1 -13 76 -14 -35 -18 -99 -60 -13 -13 -32 4 14 -23 45 -92 -88 78 45 -15 61 -25 44 29 -58 -68 -76 -30 -73 75 -87 71 -49 17 -17 -48 -40 -23 -90 45 57 51 60 -58 -26 -91 23 32 -48 14 -16 19 26 75 31 -8 11 82 -98 -37 -75 84 16 -48 -77 23 -86 -64 43 94 -4 52 88 91 -99 15 -74 73 73 31 -37 -9 60 -87 67 47 -38 -29 18 -65 94 71 -46 60 38 -48 47 41 -81 82 8 -80 -30 34 97 98 -51 14 62 -74 -70 -62 7 -77 -94 -64 11 -16 -5 -7 -26 -44 -57 12 -95 98 60 -72 -81 -8 78 -82 43 -15 66 -24 93 10 89 -90 -92 -65 -47 -33 -55 -1 49 -64 -57 -11 -19 4 -47 -46 -18 74 -70 -94 -75 -16 -6 -63 -30 14 -65 35 22 -90 -51 43 42 50 42 -86 -65 -88 30 23 -85 74 -53 -19 4 55 25 19 -24 68 45 71 -29 2 -8 19 -3 -12 -71 26 65 -87 -70 91 18 -99 -18 89 -38 76 -88 11 -45 93 -99 22 41 -18 -9 -79 -81 -89 61 -74 34 43 94 61 62 38 70 60 56 41 36 0 59 -99 -97 -99 19 13 -29 -76 51 -24 -52 -13 -34 62 -89 -93 -32 -35 -14 81 45 82 12 30 -39 -61 -1 -14 14 -3 59 20 36 4 -26 66 -83 -81 -17 -65 50 23 91 -35 -53 89 -24 -30 -26 42 22 31 31 7 -80 -94 -79 -89 -51 66 -8 -4 -11 -47 -83 78 99 -17 29 36 -15 98 93 -21 -2 55 -17 -33 -92 -83 18 66 -98 76 -19 81 -17 14 -69 89 -48 -94 3 97 8 10 29 34 -93 -71 95 54 77 79 82 34 62 -27 -31 -21 86 32 79 
69 -47 68 -21 84 -31 29 73 -79 -98 -77 20 10 33 17 -1 97 90 -10 79 40 -43 22 15 90 77 -91 94 53 93 82 29 -65 -34 1 -60 -25 -27 -34 -4 -36 20 -48 -83 17 -93 79 13 -61 71 4 -89 -24 48 19 56 30 -37 -66 -20 34 -33 43 38 -12 -6 -51 73 21 -50 -12 -23 24 -6 -31 61 51 -66 -22 89 73 66 -50 -52 20 -27 -29 -72 -19 36 -68 -60 8 79 -95 -98 69 -48 -67 18 6 -15 73 -81 18 -97 -35 -86 23 -52 43 6 -69 23 22 44 45 -52 -5 49 -16 75 66 -82 -91 -71 67 -84 -3 84 52 44 25 28 75 91 -90 24 74 -31 88 -19 -50 39 -15 -49 -41 15 -98 -81 18 72 58 56 46 21 -18 77 14 69 35 33 85 -85 -47 22 -70 57 41 98 46 -52 -82 -74 -15 93 91 54 44 -92 87 29 -85 -62 3 -51 -74 -79 53 16 38 47 27 33 -43 23 41 -92 -84 9 1 59 -25 -1 90 -61 -83 -33 16 1 44 -4 -54 16 -28 90 61 -81 -94 -21 60 32 -87 32 -72 -16 -62 -76 56 20 -73 -30 -43 -29 34 -28 -97 -30 55 90 37 -12 1 49 -68 -54 87 -3 -9 63 -1 60 -80 7 -43 -32 -58 -20 -24 71 78 25 -66 -76 -79 29 76 8 25 33 61 55 13 8 -96 -65 -54 -50 -93 -41 -70 -60 97 -15 -72 87 99 26 -86 -21 -32 10 -37 -17 -12 17 19 -45 -34 11 -87 6 4 16 -86 -19 20 14 2 17 87 36 56 36 -93 74 -40 79 21 9 72 65 -46 -80 15 -50 -46 26 91 67 48 -18 -4 94 34 22 -44 26 -36 -54 26 -61 98 53 1 34 76 -57 -62 54 75 17 22 -11 55 70 -84 46 -27 23 85 79 -54 84 83 -36 46 86 -64 -77 96 -50 -74 96 88 -70 -95 81 2 -97 27 77 98 40 -50 -38 3 -35 -73 -14 67 42 67 -95 94 -89 -32 -52 17 -16 27 -18 -11 9 51 3 20 -50 -49 -16 94 -41 -26 77 71 -94 -48 -10 11 0 22 12 4 14 78 45 77 -52 83 -29 66 54 50 -94 93 2 65 -32 0 89 -27 81 -93 -51 -30 -20 55 -71 39 11 36 -63 90 99 32 98 7 -60 -46 -19 -20 89 -6 -6 73 -69 7 37 78 -37 81 90 -84 -27 7 3 -78 -31 -78 60 0 88 -17 30 62 18 9 -49 -13 18 -3 89 49 87 13 1 73 85 6 51 
-88 20 -3 -78 -96 -14 -92 84 -89 30 -42 75 70 19 99 -34 -17 -69 -60 54 -2 -93 94 49 -2 13 -52 -32 75 -3 -19 11 -98 -30 24 -82 37 47 -65 -85 -67 -60 -73 47 64 -9 48 -10 -55 -67 -23 -76 1 28 76 64 -21 42 -30 80 18 86 31 45 27 38 53 -29 0 76 25 -85 31 73 5 79 42 -7 37 -19 82 46 16 -32 64 -64 -11 36 -75 81 61 23 16 38 5 -23 -85 -22 54 -60 -13 -10 64 -67 93 66 -16 36 42 6 19 -24 -87 -41 33 92 -91 42 20 27 -55 30 86 -91 32 -69 95 -71 36 74 10 45 -97 34 -53 -21 -15 86 64 10 -49 74 -38 -88 64 18 84 -35 -39 92 -93 -3 -70 -80 -81 -55 7 -90 -24 -18 44 -60 48 -65 -97 -17 -17 27 87 -38 -71 59 -34 39 -90 19 11 33 36 16 33 91 -3 66 14 -89 -88 35 -70 -89 -69 -84 -32 -17 42 21 -81 74 25 13 -43 -17 69 67 -4 69 -14 -43 -61 79 -30 -95 -22 -90 -81 -14 -20 -41 -98 48 -35 -63 56 71 16 8 80 77 -6 -57 -56 -96 67 35 -73 -49 64 -2 63 14 14 25 -22 -13 30 9 -22 -62 -79 13 -69 13 59 50 -70 86 47 82 59 40 85 81 16 -41 66 -62 18 -80 40 -81 23 45 49 -64 -35 -19 4 -82 94 -73 -23 23 -7 -13 70 -90 -60 -40 -40 2 -42 75 -70 49 69 67 -82 33 -56 79 -30 -11 93 60 -32 -62 48 32 -43 92 67 60 1 65 91 58 -98 -29 -44 54 -98 26 -99 45 -90 -65 7 18 30 -69 -88 -34 15 -37 -84 -94 7 88 25 -82 61 50 -93 72 90 -55 -89 -57 36 84 -9 92 0 8 24 40 -14 -47 78 -42 -8 -33 79 77 -86 53 -55 -80 -84 -93 -94 -24 2 -26 -30 58 -11 -72 11 -78 4 31 5 97 92 66 -58 -21 -36 50 82 63 34 73 16 8 52 73 45 69 -45 -25 44 -25 -26 -27 -41 78 -45 14 -96 35 -22 -81 -96 -82 63 -20 84 -55 -34 35 93 11 -26 -21 35 47 -74 31 -37 20 32 2 -57 44 87 19 54 20 89 62 -26 88 -86 -13 71 -35 -88 -11 -41 50 87 -88 -1 33 -68 -58 -69 -86 14 -6 -77 66 -97 -37 46 -55 97 82 -80 0 6 -5 88 -19 76 -63 -26 14 78 -65 -51 34 76 -55 99 -67 81 82 -90 23 -28 95 28 -5 30 93 -50 -69 
4 -6 26 31 -99 63 -7 41 -21 -69 -47 -63 -80 49 -76 68 54 -2 42 -67 -94 -85 -11 -49 -99 -70 -71 -40 -73 90 -76 -46 53 46 -72 -42 12 -86 -19 95 -87 -6 -36 96 -30 94 26 -49 -9 63 85 94 -66 -46 68 -96 81 87 18 6 18 -17 -81 60 -61 63 -11 -83 93 -8 -46 -68 -52 17 -23 23 76 97 13 -91 35 -6 -33 -32 75 -96 -9 51 -92 88 -27 78 -94 59 -34 60 65 62 -13 8 -58 67 98 99 66 -50 -29 75 -67 -55 55 1 48 40 37 -65 17 71 -54 -75 86 -19 12 82 39 73 40 -74 83 -75 -21 95 68 -91 -59 43 -99 72 6 -26 -56 -79 -65 -19 4 47 60 73 92 -46 69 84 -98 10 -97 86 -18 -94 -68 -10 23 -71 34 -62 29 -53 23 -26 54 -7 -45 -66 -39 -28 -87 96 -12 -9 76 -41 14 -87 41 -79 17 -51 89 -77 -61 -98 -27 18 -41 78 -32 -76 94 -58 33 -71 51 51 -98 -65 80 -94 -3 26 65 -26 75 58 -58 -26 23 50 10 34 -37 48 98 0 -21 2 15 -22 -59 4 44 -17 -61 -94 -77 47 12 -16 45 60 -60 79 15 96 -76 71 13 -43 -12 -9 38 98 -71 -46 26 4 -91 97 23 23 -74 -43 -27 20 50 2 -51 -22 -6 -16 -87 -29 -93 56 -6 -79 -99 58 10 77 -79 84 -32 36 67 92 -1 -22 66 23 64 8 -90 -74 87 -64 -39 77 52 -97 -29 -62 49 -35 76 57 3 73 98 -23 30 -52 -48 -95 -85 -63 8 75 -56 49 -95 -9 -3 -76 23 82 -93 4 74 17 73 -57 11 71 -65 -30 40 11 93 -28 89 -53 14 -91 -41 -81 -95 21 58 82 94 -58 85 -88 -7 -47 78 26 61 32 7 -60 -41 -50 -72 -23 97 38 -66 -59 25 -31 56 -85 17 29 33 26 10 -28 7 -16 69 -92 19 -77 70 -55 -36 55 30 21 -12 57 -94 -29 82 74 41 22 -29 -99 -61 9 62 -7 7 -23 7 22 16 -2 -15 -52 -5 -5 -6 -7 25 10 -16 92 68 35 -74 -56 -45 47 -88 14 -16 99 50 -94 86 99 -17 -78 61 14 -69 60 88 -91 4 -27 45 49 -22 51 32 -80 52 96 78 -66 75 5 -73 -48 69 -60 -77 47 -58 -66 -32 -87 40 4 40 -4 -3 -72 36 -27 90 -47 -24 41 -50 59 -19 -23 -36 -18 -57 38 -31 8 22 50 18 -38 -98 -31 -98 -73 -73 -85 0 -96 
-87 -88 78 -93 -85 -11 79 -57 -82 -59 -30 5 5 -53 -74 95 -13 68 84 80 85 -25 34 15 9 30 -8 53 19 33 -90 50 30 9 61 37 27 19 88 -39 -84 48 -23 -28 18 -12 23 13 53 70 -83 48 74 16 75 -66 -87 63 -38 -86 17 -5 27 -34 -76 -66 -24 63 53 -13 -22 -79 -72 55 -11 74 -86 -9 -45 7 91 86 -99 32 -72 -2 -26 -86 -7 -41 98 3 1 52 25 4 98 -6 -66 18 -79 12 23 -99 90 53 -31 -78 -39 -93 -36 -90 -32 24 87 49 93 69 -87 -22 9 -60 -93 43 33 -11 52 13 45 25 -76 34 67 8 44 -62 -14 61 93 -48 -55 17 41 52 59 50 6 78 -64 -88 -50 -85 -34 20 -98 55 19 -16 6 70 96 -5 80 4 -20 -44 74 -31 -89 92 16 -33 28 -67 58 -73 55 -5 -70 -5 -73 -66 -41 -60 50 80 11 88 45 -54 -71 83 -36 -68 -47 -81 -77 28 25 -42 70 26 -61 -69 -45 58 -41 -80 92 19 15 37 56 -60 91 32 24 -69 -23 22 -89 -22 75 -79 7 58 -99 -4 72 -73 87 30 -14 2 9 34 -21 -68 -25 -16 -48 78 95 4 22 -2 -23 -68 32 41 -50 -38 -7 -19 45 -52 -36 -5 -35 -49 -16 -48 66 75 90 89 52 -97 -65 80 11 -35 60 56 14 58 38 -28 59 -55 -7 12 96 -88 -17 -16 51 26 -49 -41 62 -6 -74 64 -24 80 -7 -48 40 50 -32 -33 52 -61 -42 -98 -35 -8 93 -13 -72 2 -55 -26 -70 -29 -50 10 -80 45 -2 -38 -8 98 13 88 -21 -10 88 -82 90 93 -61 -19 -34 75 30 22 -49 93 -38 31 -16 67 -99 -83 -28 -1 9 16 -44 -75 -21 -56 31 0 6 42 49 -17 10 -23 1 73 85 -93 94 -24 -90 91 56 11 56 -42 -91 -70 -15 30 27 -43 -78 15 -58 -53 82 43 -65 -70 -90 9 42 63 42 -84 -87 -4 -43 59 -4 6 5 -23 42 -41 -92 77 -6 78 38 96 -24 -38 27 23 9 23 -57 57 72 -52 -90 -65 -45 0 -87 -19 47 29 85 81 38 88 41 -56 18 -88 23 33 13 -38 -56 97 -84 -36 -86 -21 97 92 38 49 25 11 -29 -43 -65 58 -71 18 -91 -96 -88 79 5 45 -14 -82 38 -60 -43 -2 -49 -8 -99 73 84 74 12 20 -36 58 95 75 -80 -29 36 14 5 -69 -22 67 74 -89 -8 23 -45 -72 55 86 34 -56 
-24 71 5 11 17 -4 3 34 -67 -52 -25 -15 -50 58 30 -90 94 -96 -63 -61 -8 96 4 -93 -73 9 96 -51 42 36 -46 52 58 -48 -15 23 -85 98 -63 -54 1 -43 -24 -98 86 -88 -26 4 -84 21 -21 -31 83 71 -96 -91 -38 64 -86 16 -80 -53 22 -41 28 -3 -20 -8 63 77 98 -57 50 -94 27 -69 -97 -51 -17 -6 45 23 -7 1 -59 -48 57 98 -10 78 40 -64 -26 61 74 -84 -43 94 24 -85 40 -42 -90 -81 33 -85 -67 25 -30 75 99 -85 -55 30 -79 -87 37 -37 -38 84 82 3 -80 76 -63 19 29 8 -38 -3 -35 82 -58 -39 76 65 74 -33 -91 34 -20 64 -17 97 -13 -43 -84 -58 -47 -78 59 -94 91 -80 -57 97 51 -12 81 80 -62 -16 63 16 -28 -29 -89 3 -51 42 -14 -98 63 -53 99 36 -77 48 10 91 -15 -22 -60 -37 -22 -28 -23 -38 -58 64 40 -58 91 -2 -75 -69 -18 -66 -56 -20 -57 -19 6 -67 68 -50 -3 -12 83 -55 -16 -8 -61 -58 68 86 20 98 -94 55 75 -57 -8 29 -55 44 -34 73 68 -8 48 -59 -13 -44 -42 67 -47 -33 -30 37 -21 -51 -40 -30 -64 -47 -72 -63 4 35 21 61 36 -87 -29 10 -69 -10 -47 -17 41 -51 43 59 -72 -3 40 66 -13 17 -9 32 99 -40 76 46 8 81 76 67 98 -19 99 94 -84 -11 89 47 -72 -35 -72 32 90 -61 30 73 54 2 68 61 -44 -83 -88 50 -21 72 -51 9 -33 56 -48 -3 -83 -6 -9 31 -78 -11 5 -68 -7 28 79 86 -84 25 -16 -52 -96 -4 -1 -60 -46 10 -2 -2 0 -24 -61 69 70 -57 73 72 -83 -68 -38 40 -94 -80 -77 85 -34 36 76 -92 -2 -1 -37 11 -11 -2 5 88 57 -94 -8 -55 53 92 -46 7 21 -6 -96 -62 70 -88 23 -75 33 -77 57 23 -71 39 -1 20 -3 -18 -95 87 -59 93 69 56 -80 -60 -82 53 81 -98 -17 25 36 63 -15 63 63 -17 -68 -21 47 -70 41 -40 -57 16 -58 -88 18 25 90 96 32 -41 54 21 -24 45 77 -80 -66 15 -43 26 -90 -1 73 -49 -43 -79 -78 -3 -60 7 -87 -63 50 -56 75 97 79 39 81 -14 47 71 -29 -77 -29 -48 51 32 42 42 87 -58 15 -22 -63 -68 -72 -34 -89 -68 78 14 61 90 -63 -6 -15 -76 -88 -64 52 3 -46 33 -28 -70 -36 -85 -99 43 83 49 1 -2 
41 -24 86 96 64 -46 90 -30 10 72 -46 -78 5 68 69 98 88 17 -11 88 -38 -21 91 -24 59 55 30 34 -20 38 0 50 -14 25 -81 -32 -99 -19 -63 -11 64 -33 68 92 97 61 4 24 -30 -15 91 77 -4 -97 43 21 73 -43 -73 -17 -32 67 67 51 95 -41 35 31 -51 75 67 32 12 11 30 -39 -26 67 -56 69 -46 -65 -31 -98 24 -69 19 -12 2 -70 87 95 58 63 -69 47 57 -61 55 0 -98 -74 -20 -29 -58 49 -57 50 37 -92 -9 28 -45 -42 -86 -8 62 49 -44 97 88 17 -43 73 49 77 -67 49 78 -80 75 83 32 84 55 -28 49 52 -76 42 -61 65 60 -9 -67 -56 -37 -63 -28 -90 73 -3 -47 -80 -10 -19 43 26 26 -38 -60 -11 72 -80 -10 -35 79 32 45 -78 -31 -18 -93 89 77 13 93 41 30 89 60 -43 -68 98 -5 72 57 -19 60 19 -23 -78 70 94 33 -89 -61 -21 -9 -23 86 22 86 79 14 -79 -84 43 86 65 -89 35 -54 -35 -91 -24 62 36 -28 60 97 -35 98 25 -56 -86 28 -47 87 -68 4 61 -23 -87 -36 -94 -83 -35 59 60 11 22 -54 -19 95 -29 57 30 -21 -31 94 -26 -1 99 -87 -67 13 51 68 40 -43 25 80 -31 -37 -49 99 59 -86 -44 5 71 76 -16 -45 38 -48 -57 -22 -38 16 -43 -68 -32 -13 -78 26 -1 -21 -21 46 -74 -85 -75 -75 13 -62 18 9 -97 84 24 -70 -84 -64 19 38 7 73 -90 -49 -37 -43 -50 -65 52 62 -8 -14 78 51 -39 -64 -71 42 89 58 -63 44 -69 81 97 18 28 89 -76 -40 54 -95 -10 -70 94 -63 59 31 26 35 -65 73 68 -45 48 -45 -76 -80 63 -3 -24 78 -23 65 -36 -12 -6 -45 24 86 -74 -38 18 -53 -21 -99 -13 37 -30 48 -7 -22 18 -85 -96 -93 22 -7 -8 -5 37 17 35 -3 68 33 -9 12 -88 43 -5 -66 46 66 -38 -34 -68 -50 67 -95 -25 -4 -12 -82 -68 -76 -86 96 -63 49 -49 38 58 -11 -17 37 -93 92 12 -82 -71 78 54 -76 -95 -86 -61 -20 -31 84 84 0 -14 39 10 -43 70 19 -91 -11 93 -16 -85 4 -42 -27 -5 -32 -48 32 25 -56 20 -31 -87 96 -48 55 -7 15 -26 87 -89 68 11 59 54 75 -9 -99 96 -3 -42 -27 -5 60 69 79 -21 -30 91 21 90 -53 -76 1 -60 37 65 20 -32 -87 56 
-72 -48 -71 -47 -20 -88 70 -55 -24 -52 11 -43 33 31 -12 -49 -70 -31 -28 -90 74 63 59 7 42 -28 76 87 52 99 59 91 14 73 16 8 -26 -30 -55 -53 -31 -8 69 -55 -33 -73 -22 56 -74 -70 47 -48 54 60 93 64 -62 -96 90 -45 -93 90 -13 -85 72 71 43 73 -76 10 -14 41 -85 -40 86 -59 85 45 -96 72 46 21 82 -5 -1 -69 8 -77 -88 95 -98 -99 -14 -31 40 -73 -63 -63 68 5 91 -54 -42 -32 93 -26 -9 -8 77 -51 49 -88 -17 -67 -25 43 -7 -17 -27 34 -32 -30 11 -15 68 27 -23 -46 89 -75 96 21 54 82 -96 94 99 87 -8 -24 81 -74 44 -16 9 83 -98 64 -96 56 -28 17 24 -58 66 -98 48 -46 99 -12 -73 83 78 -96 98 -7 80 19 38 80 -24 -69 -52 -3 -1 61 -25 87 -13 54 -93 -81 -65 -83 41 -39 61 -29 -3 32 -9 -83 86 -7 -22 -2 90 41 89 37 -5 -65 -25 -8 34 -90 33 10 42 21 -99 -28 -42 1 -64 -58 -38 -98 68 -59 33 73 45 -79 56 -39 -99 12 78 -11 -53 -62 34 -45 -31 57 85 -59 17 -70 -44 -42 57 6 -5 -4 -4 -3 39 -98 37 -9 -13 -45 69 12 -98 -41 38 -54 85 -5 -56 73 -2 -22 13 53 -47 -35 -37 78 -31 33 -49 40 65 60 15 15 -94 30 1 62 1 -52 18 97 -66 20 -10 33 -83 -54 -79 89 44 -31 48 1 3 -16 96 -55 -83 -88 21 54 -70 76 -28 92 40 82 -65 -74 -2 -16 -78 -18 41 -28 -99 67 88 57 64 0 41 89 20 88 47 -70 -9 45 -56 -14 55 -77 59 -6 -6 20 -98 -14 94 -19 79 61 -40 95 -38 -25 64 6 32 74 -94 -24 -97 97 -40 59 76 62 28 -3 -88 46 -83 85 -24 87 -52 20 60 -72 -51 -77 57 -28 -11 -31 -55 -86 51 -99 -46 5 -80 20 -79 77 -27 -39 60 -94 -59 39 -75 10 84 -57 42 31 -80 74 0 25 -89 -57 60 36 78 91 -50 73 -86 -97 -23 -81 -2 30 -30 -21 -84 -4 16 -88 70 46 65 -73 -20 56 4 -43 -61 63 -86 -8 74 -6 -8 -29 45 -84 -82 65 -87 -80 0 82 -91 66 35 14 -81 67 70 -70 -94 50 65 38 42 20 -83 -2 -88 -37 45 5 78 -73 -62 -43 49 58 35 -35 56 -40 36 91 33 20 80 -11 61 39 -67 2 81 -81 -33 -81 -17 -77 
82 -53 26 -25 15 -32 -25 19 95 35 65 98 -1 43 -31 -73 10 68 97 75 -85 41 -97 72 -46 -97 -89 73 -10 3 -68 12 -83 -75 -49 -66 -46 -17 -39 47 40 -23 -53 41 90 -35 -51 -49 -39 -65 -90 -20 63 -33 77 87 -65 -64 -81 -28 -63 -12 95 -97 13 -16 96 36 43 78 46 -54 -73 16 -41 -8 30 61 -24 -72 37 73 20 -88 91 97 -96 37 -79 -3 -22 32 -79 -99 -40 37 -56 38 87 -92 41 -51 -81 83 -42 -84 45 82 -11 56 -91 -86 -30 -5 60 10 -51 -46 41 -97 -66 48 -93 -99 -99 98 -44 21 -4 -70 30 1 -51 -52 15 54 47 -33 32 6 -18 4 86 -72 0 8 -58 -23 -37 57 -34 -40 46 47 -65 53 80 66 -6 86 -32 98 39 -66 18 -40 48 16 20 -8 -46 88 4 -46 -74 -47 82 83 52 78 -30 -76 -35 48 -92 78 -29 -4 45 85 66 -35 -31 -88 44 85 -56 -2 -54 23 17 7 -6 83 28 84 -78 -1 -50 51 -70 7 -75 -70 -63 -30 76 89 71 -70 90 31 -26 14 -43 1 -12 -3 2 6 46 25 -47 26 13 38 73 -27 -81 -26 49 -57 52 19 -43 49 -5 88 96 92 -30 17 27 44 -69 22 65 58 23 39 -22 -78 34 67 61 -10 -48 -35 6 53 -30 78 71 -85 -84 67 -89 -81 61 -3 20 94 13 -14 -90 59 -99 8 11 41 -17 13 39 78 73 23 17 38 31 39 4 27 76 80 23 53 26 66 -59 -29 -57 -15 80 -37 93 -10 -96 -58 55 16 -45 31 47 -52 -3 8 73 -68 76 -31 -52 62 90 -10 -83 -28 84 41 35 93 -17 99 -14 -28 22 30 -83 82 -42 -49 -20 -11 35 -21 74 -32 -89 -98 25 -76 6 -20 15 -66 67 -32 -16 -88 21 24 -60 54 18 62 -46 -97 -32 90 1 74 -70 9 74 -33 38 -42 2 -38 -50 80 -71 96 86 -71 90 -84 -80 -21 -83 17 40 76 85 17 73 13 87 23 23 -66 75 9 -8 -96 16 13 -71 -91 -20 46 -68 -70 -68 -92 44 -62 -25 97 -61 42 31 -94 -3 1 27 83 21 -35 -92 5 69 -54 83 28 -38 -53 -39 29 50 98 37 -35 -17 30 -73 43 -14 -10 86 -65 -1 -31 57 -46 -10 64 1 42 -20 -69 13 15 -31 41 -87 29 -31 -84 78 3 -6 -74 81 95 14 22 -46 87 -4 64 51 41 88 99 -63 -32 -99 61 -12 -13 
47 -81 82 53 -37 -1 -1 77 -11 -15 -49 91 -71 -84 34 -25 -21 -54 63 50 -64 71 -89 -4 -96 -27 91 -81 -13 -16 -84 34 33 -71 -59 -55 -64 56 -79 -68 -23 54 38 11 0 58 28 -30 -58 -31 -12 -91 -16 47 -81 -60 56 -78 88 3 -47 17 55 -66 -6 29 91 -54 22 -83 72 -85 67 23 15 -90 -61 70 77 9 83 -13 69 -1 95 -40 -60 -25 69 -58 -92 -17 -51 77 -40 61 -35 79 51 8 1 -53 57 44 39 -17 32 94 -18 66 -62 52 95 92 -3 20 71 -94 52 -32 -19 24 74 -84 -30 -55 -72 -43 26 5 -53 -88 93 -28 -39 99 -81 92 -76 37 84 89 -18 -48 -20 -91 5 34 -41 -25 13 -52 5 -43 -7 86 -7 -75 2 -10 -95 -9 -13 1 -27 -50 13 24 -22 35 66 -26 -92 -88 -74 -7 -79 -15 8 0 50 -76 -74 -30 -62 55 14 -55 -29 -10 40 -41 40 20 -7 -85 87 32 57 -9 0 -40 48 -36 33 -32 32 86 80 69 0 -29 -48 -31 39 -78 83 99 -33 -33 -27 -95 -91 22 50 3 -70 -12 -3 -98 -53 67 -50 76 74 -30 -53 22 -24 -24 67 -97 -81 29 -85 -11 15 -14 -70 -3 94 60 -91 -37 -43 -28 2 -20 -23 -81 -88 -32 84 -51 35 -76 92 45 -13 35 -23 98 67 91 -84 87 -31 -71 -7 41 74 52 51 -37 -61 58 78 -42 -65 55 57 98 -50 38 18 95 -89 -96 62 -61 -66 26 70 -13 -85 -31 89 86 -10 -11 -72 -6 -36 -34 -96 -97 0 10 46 30 7 59 -23 18 78 48 36 -4 10 14 92 99 14 82 -33 -63 -46 -1 82 -68 -97 -27 -83 -85 20 -35 -1 11 77 -33 45 -67 20 88 -51 -4 41 -70 -18 -96 -51 -83 -99 69 -30 18 59 -58 -22 -26 83 21 6 8 5 36 46 -58 29 42 -67 -59 73 -30 89 -35 4 -22 96 -57 36 95 50 -1 -47 -48 -15 40 84 21 -44 82 28 -83 47 22 -16 84 -41 51 -35 51 40 72 -58 11 -94 -90 -84 76 -53 11 65 82 -46 -19 -7 82 90 -42 -7 25 38 -91 62 10 20 0 56 86 50 42 -76 -81 55 33 6 -44 10 5 72 29 76 -13 9 -63 77 42 45 -44 32 -96 79 -33 -47 99 15 -78 -37 61 36 93 -71 -72 -32 -44 78 22 -32 -3 -12 60 -62 4 12 -14 91 92 -50 -38 76 98 65 -59 -12 -46 -58 -36 -77 -99 
93 51 86 56 -19 -18 -91 35 -78 -34 9 90 2 17 -74 -67 -4 -15 12 13 80 -89 -61 65 25 64 36 -8 27 7 -28 -39 -57 -56 48 -49 -95 -58 31 60 -22 57 -77 -44 64 79 60 -91 -21 -42 -47 -74 25 -75 89 -26 60 62 -41 -86 5 -5 92 8 20 -21 -92 -14 -22 -58 37 97 16 15 -84 8 30 -89 -21 -80 97 -61 38 18 49 -33 4 -29 32 -80 -31 -19 57 94 -38 -20 80 -10 62 -2 58 43 40 -94 -77 91 74 90 0 -92 -70 -14 59 -38 -59 -91 -64 0 -32 97 46 -50 90 87 9 -6 -65 43 -8 72 59 -80 -20 -94 -35 10 -41 -72 94 -58 56 59 -25 86 -42 -81 11 -24 -93 -21 -54 -40 56 62 95 -48 -6 52 46 -73 -64 52 -80 -22 94 -19 15 29 32 -98 20 65 -73 -47 -77 99 61 -32 -53 32 -96 -11 49 -10 -74 30 98 -74 -68 18 -56 -79 4 -50 -52 98 -72 -79 -56 78 -34 -85 42 -74 -85 -31 60 -70 87 -7 -10 46 -91 -22 1 52 -35 87 31 -79 -83 -94 87 12 3 -83 -6 -99 -79 36 45 35 92 -1 94 -50 40 -46 -46 -86 -4 -55 61 89 -47 89 70 39 -69 -68 -33 79 90 56 83 20 50 97 51 -34 -41 -31 95 -59 -76 51 -6 61 33 80 -85 80 63 99 97 -10 -23 -4 73 71 92 -10 59 40 40 76 16 53 -91 -31 61 -92 -91 25 82 63 86 95 98 11 72 52 -66 90 8 -69 -23 -60 -29 -34 -30 -33 98 -50 77 67 -1 99 -18 54 -78 67 42 31 80 34 6 -31 -16 18 -84 -84 -88 -32 16 33 62 39 -73 -37 -97 -69 -66 -28 42 -37 -2 -74 -22 -11 -42 60 -54 -4 -39 8 -35 94 15 -16 67 -98 95 -82 -45 -12 43 -40 39 92 -81 -90 -84 18 -50 29 -3 -88 80 72 -96 -62 67 -63 14 14 62 2 32 97 -2 0 99 91 -27 -10 47 71 -89 85 -72 83 68 -7 72 82 -48 -24 82 69 -5 -4 78 1 -22 -86 74 50 -63 77 62 -71 -4 3 -46 -5 21 1 17 -31 -8 -79 -33 3 42 57 76 44 82 -53 -71 -88 26 12 -13 -37 37 48 -13 23 -79 -10 -48 -60 -9 -59 19 82 65 -83 -63 -36 -57 -64 -30 35 -19 39 11 15 99 37 -52 -95 67 67 -44 -64 70 94 -11 51 -38 -74 -92 8 46 57 -3 87 74 -2 -75 -65 27 99 0 95 41 41 
7 42 -28 -92 61 -89 96 71 28 -37 -82 -98 99 -86 -43 -99 47 77 -28 -39 31 3 -38 65 78 86 58 77 32 -38 -10 -7 -25 -37 13 -88 -27 -7 32 92 25 -50 -36 81 -85 -14 79 -39 -62 83 -13 -46 -85 23 54 -26 8 25 -6 29 -48 73 -60 -12 66 79 19 -99 -36 71 75 98 -56 63 -60 9 79 -94 -85 46 -77 -40 -6 -99 -47 65 26 69 -30 13 5 9 91 1 18 15 84 88 63 87 94 -68 -94 -46 -35 67 -11 -44 14 39 61 -72 60 35 -94 -37 -39 46 -38 -69 -1 -19 6 -30 -37 -26 -37 24 74 -48 -35 47 -62 -46 -54 14 47 54 66 -47 54 -49 0 1 52 -33 -20 64 -63 -54 -41 30 -24 50 -74 27 -75 -44 -8 62 -69 92 88 -80 -87 48 36 3 -74 -88 6 62 -87 -67 -48 98 -19 77 87 23 -80 3 62 3 27 9 -27 55 45 33 2 -59 56 -72 11 3 18 -80 -42 67 51 -8 57 43 16 4 -45 9 -26 17 -19 88 -1 55 59 -19 60 39 -33 -39 -92 94 -32 29 -97 -61 57 95 97 3 41 56 -80 -92 -55 16 36 -17 -76 18 72 29 89 -61 -25 69 -44 -10 -42 -16 -58 79 73 -46 14 -69 98 -63 29 21 -92 62 -39 -24 6 1 -57 -4 -41 82 -78 44 28 89 54 14 -39 -60 29 22 -13 85 75 41 84 22 6 74 -11 61 -58 -96 -17 58 -63 -2 96 77 1 -37 -53 -88 87 95 -92 35 62 49 -85 -43 41 27 -11 -21 25 40 -72 -29 91 53 -40 46 -44 26 39 -55 4 -9 -42 71 18 -10 -56 -58 40 82 -46 33 50 -56 -93 75 32 -12 -79 -36 62 30 -33 5 96 23 -87 90 -88 -33 38 7 73 -85 2 45 -96 -17 -63 -95 -52 6 -75 -86 29 25 -78 -22 54 47 50 67 -65 65 81 55 -74 -32 -72 -79 -4 69 -16 -73 70 28 87 -7 46 -60 95 -1 -80 -99 90 -34 91 -16 -79 -58 36 46 92 -19 6 92 -4 49 31 -98 -69 -8 5 -95 -2 45 66 87 -15 -98 47 89 34 81 81 26 -35 -54 9 71 -19 42 -75 -80 -59 57 -18 88 14 -24 8 0 -41 91 18 -58 -23 -30 -55 75 -89 90 54 -44 76 8 -31 -60 43 67 32 38 22 -51 -58 32 -66 -89 -14 -75 -50 22 -66 68 97 -68 -9 -59 -69 -32 -67 3 59 4 -38 29 63 27 63 -37 -66 -54 -43 -5 
-54 62 55 -89 -75 20 14 36 0 -30 96 75 -57 24 28 30 -82 35 -58 -21 6 86 73 21 12 54 61 -89 -47 -12 58 -53 96 42 -87 -22 -58 60 80 87 -61 -71 -3 -50 -63 -58 -91 -36 -27 34 -43 9 -27 42 -24 14 -79 63 -65 -39 68 63 26 65 66 14 -90 21 64 32 9 -93 52 5 -51 -14 35 -15 -38 -75 43 85 45 -7 90 -28 -68 48 -36 92 5 55 90 -26 -41 -53 94 32 -82 52 -52 3 -30 14 72 -96 77 -28 -95 -80 60 59 -9 -26 -48 -74 6 40 18 59 -36 -91 69 95 -56 48 -96 21 -3 11 -44 -16 -40 98 13 29 -88 -80 -10 58 -8 -94 24 -56 -78 13 -29 33 77 71 57 81 -10 7 74 81 -69 76 -81 10 35 -70 -11 89 48 45 -1 66 -72 16 -98 -40 -76 98 -48 -82 -78 -20 70 36 40 -46 17 -89 87 81 -90 -25 65 47 76 67 -13 -37 -73 3 7 94 70 68 -10 -52 -22 18 -97 -16 19 -54 -79 -20 36 84 79 -26 79 37 84 -48 12 99 -55 10 60 -91 5 14 -40 -77 -57 -37 -20 -59 -52 69 -72 6 -19 -23 18 -40 32 -85 62 -43 -43 -57 -30 -19 -14 -31 30 9 -61 76 -34 76 89 48 -44 -57 72 -40 -39 -47 30 61 71 -9 56 20 17 50 10 14 89 63 -53 -63 94 93 -90 12 -41 85 70 22 -30 12 87 94 -4 -80 -6 -6 -8 67 -90 -67 11 -63 3 -13 30 7 -8 -94 74 -92 -96 94 5 84 85 -42 72 7 4 18 -7 52 23 -88 -24 -61 -48 34 -3 13 42 93 27 -31 9 12 21 47 24 -56 -17 88 -74 17 -69 30 -77 75 56 81 -82 -36 -31 -39 -32 51 -68 -85 -33 -86 -86 76 57 77 79 -23 -90 26 94 82 2 80 -7 -96 26 -32 -17 34 -55 -34 10 -22 -99 -45 -89 -66 -95 63 -15 -9 42 -74 -42 44 -97 -50 5 78 -16 91 -97 -77 -68 63 -36 10 -3 72 83 28 52 93 -88 62 22 16 -23 -73 -2 93 0 8 93 -39 90 64 34 -95 -11 86 24 -5 -22 73 65 -99 -34 96 8 -80 34 42 -74 -19 85 -3 -67 -99 6 -74 -12 -51 -81 34 11 -93 20 -20 89 -68 29 45 -64 57 65 -67 -99 -67 16 -54 75 92 -17 1 -42 -47 68 72 -74 -40 -18 13 -3 99 98 -32 3 -88 -65 -72 16 17 66 91 70 -75 -79 67 -83 -39 -57 37 
-4 39 87 -76 -12 -10 -59 7 -59 71 34 33 -75 12 -91 69 -14 -81 98 79 -54 75 56 -72 -44 -25 46 -1 -32 -85 55 12 -57 68 55 61 33 -61 -67 84 -35 -88 37 59 50 14 -70 28 -73 3 -8 30 48 85 -33 83 35 47 -41 20 23 -12 75 75 -62 84 72 24 25 -23 -50 84 -36 83 80 -72 32 -35 88 30 -99 35 38 75 14 -48 -21 52 65 -24 -83 44 32 -30 1 -5 -87 56 -1 -11 71 73 -87 11 82 52 -68 -30 -91 49 -8 -44 96 -55 8 2 40 -22 -49 -44 44 60 -71 19 -12 -88 -23 97 -86 -54 -18 -42 63 -4 20 -96 -24 83 -99 80 29 -15 -75 -16 17 62 18 28 38 -4 88 78 20 -73 -53 55 64 60 98 10 98 46 -90 31 0 -26 17 -40 -51 99 -17 49 -9 81 51 -80 10 -89 -5 71 34 98 9 -66 84 -68 -65 21 14 -75 0 52 5 -20 81 69 -70 99 -7 74 15 88 -18 96 -98 -84 -50 65 67 -57 15 -61 96 -89 76 64 -90 92 -60 -47 -33 78 1 42 16 96 79 -34 78 -73 -79 39 -96 33 -19 3 49 -11 74 -48 -37 -61 -35 69 -59 -82 65 -90 13 -42 16 -87 34 89 94 -41 93 -56 97 -26 -82 7 -87 7 -13 -86 76 48 -99 3 -36 8 49 13 11 66 -3 -1 -99 3 -42 4 -33 -72 39 -13 22 76 -87 63 -59 -24 33 -47 30 26 86 -29 44 -63 -31 -82 95 87 55 5 64 26 4 35 -20 42 85 -94 7 49 -82 66 7 32 -73 -5 93 84 55 -94 83 -92 -1 -92 6 6 12 90 -34 -54 93 84 49 76 84 97 -81 19 -15 -71 31 -34 51 14 80 -39 35 71 54 -27 -7 -63 -44 28 -30 91 28 -45 -32 76 80 95 -15 -51 -95 -28 68 56 75 24 25 72 80 -13 0 -17 -43 25 -82 89 65 79 -32 -86 -51 -77 -44 85 58 -23 -47 90 23 13 -68 94 -22 31 35 -91 22 41 17 -69 5 -10 38 54 26 16 32 -23 -84 4 82 98 -28 89 -40 -21 53 94 -69 -55 -72 -60 -19 -55 31 -64 42 -83 11 82 87 24 -61 -54 -50 35 26 88 15 -14 -59 41 83 -48 -51 -75 31 61 -14 30 -90 -20 -64 -55 93 51 39 -5 60 2 37 -74 73 74 -42 55 -32 67 -93 24 83 36 -46 -18 29 58 -48 51 -70 82 -93 -70 11 0 71 58 75 31 56 14 
37 -48 -89 41 -5 -73 86 -52 -31 -49 97 38 33 -93 49 -85 -39 -62 -72 -76 -4 -13 10 38 0 71 -97 74 44 29 -52 -36 35 -53 -13 65 45 -40 93 -50 -57 81 -93 37 38 -26 65 20 -38 35 -95 24 84 49 -92 -36 -40 -79 11 -51 98 -83 -73 -94 28 99 -33 -6 -63 78 94 81 -8 -11 54 -40 -80 9 -80 -86 94 60 -10 -4 25 74 -48 -60 77 73 -9 68 -18 33 81 1 37 -86 96 -13 21 -81 83 -72 64 -73 -58 38 -57 47 11 33 -63 48 -95 -84 96 -4 44 -32 -72 -16 47 47 82 -25 52 38 -72 93 37 -33 35 -22 66 35 21 79 47 70 -45 -16 15 -16 44 -97 46 17 22 -58 98 -60 59 99 -1 -71 -96 71 -46 -98 10 -62 58 -50 -42 -50 63 45 -98 28 -4 78 -87 -21 -46 -67 84 -82 26 35 39 -29 -28 -19 1 67 78 -79 -75 45 -86 42 -23 72 -21 -82 15 57 -28 -37 -9 -50 91 -80 87 -12 62 -59 -30 -80 70 -69 95 3 -64 -23 63 -73 -5 -10 6 -49 74 66 97 -11 96 12 11 -81 38 90 -45 15 -16 -58 61 -39 56 -34 -70 -4 -54 -40 -14 22 -57 41 -1 49 72 68 -78 36 57 14 21 -29 -82 6 63 -51 50 21 37 60 -63 -7 64 -89 -74 -5 -34 98 -96 76 -49 -60 -47 -79 75 -1 -22 -82 -44 13 25 87 -90 36 -33 -33 2 90 -55 -16 61 48 -42 13 -96 48 79 -87 -1 37 -64 -70 -58 -68 -56 54 71 7 60 60 39 -12 -40 -83 -96 -6 -21 -9 -29 83 70 31 28 73 67 40 99 44 1 28 58 -44 53 -68 25 -98 36 -22 80 -37 -53 -84 -52 -3 -83 97 -11 50 -35 -60 89 -69 -78 47 54 23 98 76 -46 99 -13 85 20 59 6 -77 -21 83 -37 -75 -93 -47 76 62 40 6 35 -18 65 -58 84 33 -73 94 3 13 33 -18 32 80 9 78 81 -79 -59 80 29 39 93 -29 72 -46 -69 -6 -97 -19 -18 -24 62 91 79 66 -88 -11 93 -30 36 4 37 99 -75 -20 58 -28 73 65 -79 81 98 48 -29 -10 -12 89 -14 97 87 43 -43 64 28 -28 20 85 96 -45 -15 -53 -46 57 52 49 -85 -70 -61 -31 -35 17 -27 -10 72 74 -6 -38 -51 52 -55 -62 -89 51 -77 25 -28 1 59 54 -98 41 -28 9 -37 -92 -22 39 83 -21 -1 -13 -31 33 92 -74 19 -54 
-76 -98 -61 -77 -4 -15 -73 -31 -47 -61 -49 -17 -56 93 3 -15 70 72 -43 50 -44 3 -70 -60 -96 74 45 -67 -83 71 89 -20 99 90 86 -55 -26 38 -29 -10 -34 83 27 -45 -63 50 90 -44 -54 -86 -96 -54 -89 70 -40 -13 25 4 -33 -33 -3 -58 -23 -6 -90 -65 69 -73 -43 -40 25 7 59 67 -50 -21 78 35 -70 -50 -94 -30 51 -52 -54 -97 95 -7 -82 83 -13 13 -69 -88 -77 -35 50 -27 -93 -29 4 -58 17 2 43 92 -61 83 -11 90 -96 58 39 -54 -71 -92 72 -46 69 -76 -84 13 98 -86 93 85 -86 -32 1 -64 33 -58 18 -98 84 -8 -26 25 35 -10 -65 49 -64 5 79 5 74 -94 21 10 28 -25 -70 -44 -84 71 -91 29 81 38 18 88 29 1 -48 24 -84 20 86 -75 20 49 27 -56 99 7 7 -25 -90 49 -36 51 -4 39 51 69 59 -13 -91 -26 -96 42 -63 88 85 71 67 19 5 91 60 51 -45 -88 90 69 12 -21 -85 10 64 11 53 -79 10 36 -47 -21 96 55 10 77 72 8 42 -11 7 40 71 63 -69 43 25 -77 48 -16 -72 -84 -30 -4 -61 -70 -84 -43 -47 -10 54 -16 15 99 9 -32 37 -39 88 60 -8 40 -55 22 53 58 84 73 84 54 -12 40 54 -34 83 30 -66 82 55 -48 41 27 -9 60 -65 -88 -76 44 -70 -91 69 19 28 -45 -70 28 14 38 -68 -59 -75 91 70 -51 33 -28 72 82 58 77 85 20 76 -69 29 -58 -13 25 -87 34 -62 -1 76 65 -30 40 1 -35 -3 97 90 37 9 7 -56 73 71 9 -60 -82 58 -12 21 83 -75 -73 -77 -67 -43 -89 -7 -82 -40 -91 -18 -54 82 2 -52 -98 30 60 -15 -20 -17 -29 64 9 88 84 -35 61 -13 83 -44 26 -98 36 36 98 -53 -30 -69 -99 -61 -24 75 32 -55 5 39 70 -17 -54 -11 84 0 -50 -29 -91 -17 0 -26 -65 -54 -40 -3 -39 34 -54 19 3 -99 -67 -99 88 -70 65 52 -70 -21 12 -48 -68 -27 -28 21 -38 -70 36 11 92 35 -45 -60 -78 -52 78 64 31 -70 66 59 -30 10 -9 -41 14 33 -24 92 3 -11 48 -20 -89 29 -50 13 -83 86 -11 -53 -92 35 -57 44 38 -14 -37 88 73 -26 11 -36 88 -21 1 41 -28 -4 31 -13 48 88 67 -38 58 93 -47 41 85 -36 27 -47 -2 86 87 -47 59 30 -4 14 -44 
-69 -17 13 -59 24 79 93 -47 -54 -47 70 -45 -92 -47 12 -9 -46 -79 62 -33 -99 33 -49 34 4 -25 75 -77 33 94 -3 -92 78 -15 -93 7 74 -59 77 -20 -12 -8 27 -90 51 -17 -70 19 -22 -18 -21 20 -51 -49 71 -13 -17 51 97 64 -76 -98 -58 55 -60 -53 -50 -5 -96 -41 96 32 73 59 17 -5 -26 -99 -78 -50 43 -66 38 3 7 54 -5 -15 64 29 -10 14 11 -12 -38 87 -50 -71 -69 -24 66 41 -62 -75 -68 -1 -52 -11 40 -25 77 -47 77 -99 -34 98 17 -52 77 56 69 81 -1 64 -16 -8 53 52 -10 -14 50 -83 96 19 -69 -35 73 48 7 -33 61 73 30 -41 -18 -63 -95 -75 -98 94 24 57 -4 -22 -84 3 -24 9 20 31 -11 -96 -13 -53 -29 59 85 21 54 41 -74 98 94 58 92 63 -24 89 -62 -76 31 91 84 -63 22 -51 79 -17 -33 67 -49 -67 -15 62 -34 90 49 -82 -43 62 -58 6 -85 -86 -25 54 -10 55 55 6 29 34 18 -72 -81 79 40 -43 -91 50 -18 55 75 96 -1 37 23 -64 68 85 -85 -51 49 36 -67 43 -14 48 -72 -44 60 58 -42 -40 -77 -77 69 25 52 89 33 81 -38 -7 -28 87 94 -64 -56 99 77 -21 -60 -93 3 -48 -51 10 -13 -43 56 -54 14 85 -88 -35 -81 -75 -42 82 -92 34 94 -85 21 26 32 37 -85 57 -76 -38 39 77 22 54 75 -29 12 -32 87 26 71 -30 -84 -80 -39 76 23 47 -53 -82 -97 6 16 17 58 99 55 36 83 35 -96 63 28 -75 -29 10 -81 -94 50 99 38 97 82 0 -55 54 -81 18 -98 -71 -49 29 -24 -53 -68 87 14 -47 -8 74 -62 26 38 -92 97 -8 4 -49 -38 -35 -63 81 39 74 77 42 60 -18 -54 8 62 -60 27 10 -84 66 -79 -15 79 -78 69 -31 -76 -79 93 95 -51 80 83 20 14 -47 27 23 0 57 -10 -9 -1 -10 16 -39 -3 -21 46 17 -46 -34 10 -70 -48 -64 -71 98 2 70 -18 -9 -8 -14 53 52 66 71 -49 59 79 -57 98 -88 12 26 -19 21 -27 74 24 -33 -30 -24 -29 -26 46 55 20 71 48 -45 96 -16 20 -98 37 48 -48 47 -46 90 79 -46 -36 -42 -5 36 37 94 -95 50 -11 75 20 25 -11 -1 22 5 76 61 45 51 -27 -37 3 82 35 -29 -49 9 93 -22 -85 -87 -43 -84 23 -38 -4 49 
-49 -75 -85 -82 -58 36 -7 45 -17 34 -90 -65 92 31 -37 -89 24 -20 62 10 -76 8 -93 77 14 34 -6 69 -49 -61 15 -81 -80 -86 -76 -99 -49 -5 59 -12 -52 60 75 -12 -65 -36 -39 41 78 -93 76 -13 42 30 -59 -88 52 65 72 61 12 33 60 -38 62 30 -54 -74 41 84 77 58 -21 -10 9 78 93 -88 -58 -5 8 -29 52 -49 -76 -78 -42 94 12 14 -1 99 85 -91 -84 68 76 79 -3 -76 -79 13 -53 -77 52 -67 27 -36 5 -65 27 -90 32 80 41 -86 99 -77 65 70 -5 83 -69 84 96 86 40 24 -29 65 30 -13 11 88 -85 -61 -78 55 -10 -40 18 23 17 18 -47 0 38 -82 -54 -60 -82 -18 -55 -58 35 85 -49 22 -27 -22 2 52 19 40 -90 14 -91 95 -76 -77 37 -55 -74 27 56 52 13 95 -77 31 83 72 -88 -3 -15 -83 -45 -73 63 -35 66 39 -61 36 79 98 62 19 -68 77 36 -38 -12 30 -32 -6 37 -99 -28 -75 -17 89 -85 -50 60 -83 19 66 -47 -68 31 -41 19 80 -4 6 5 13 26 67 2 -1 86 -72 -59 20 96 34 -69 86 34 -25 -81 87 86 64 -14 -33 -72 -88 32 55 96 46 74 -61 -99 17 5 57 -61 -87 -50 68 -55 -93 8 -52 -22 -80 -80 25 48 -1 -21 -85 92 37 59 7 -94 -30 -58 11 80 -4 -45 -55 89 -83 -33 73 -19 -24 -47 59 62 -20 -88 -56 -12 -49 67 -37 43 76 23 -40 -62 86 -70 -10 61 -48 47 -55 -85 42 -4 -75 -16 82 -13 -6 -17 71 64 -29 68 -43 -13 99 18 27 -19 41 -39 82 -9 38 73 23 -9 -36 79 -33 -77 29 -85 12 78 70 -20 22 -86 -83 84 9 86 -32 -27 -89 -16 4 68 -28 -51 99 -78 89 32 -70 -4 -10 -82 -59 26 53 89 66 -29 64 97 -68 -77 38 71 -97 5 -69 98 43 -36 -23 -5 8 -78 76 3 -64 91 -35 47 -92 48 -75 -70 94 -54 41 14 -44 -46 83 91 91 -34 30 61 -92 -21 38 -8 85 76 87 -4 -43 -60 -41 57 -87 -49 38 9 10 87 -38 -8 95 -71 95 -21 90 48 -45 -20 92 -21 25 34 49 -51 -71 -58 11 -12 -99 -95 60 59 97 -96 24 -44 36 -24 -30 13 96 82 -91 43 -26 6 -37 15 89 -41 -24 76 47 -47 75 -91 64 63 -97 -40 -59 52 22 2 38 11 21 11 13 -51 81 
39 -78 -73 -70 73 -37 68 -42 65 29 -91 76 -48 -16 58 -38 92 -33 88 -66 96 -9 -82 -23 -1 -16 65 -43 -1 21 73 3 -40 -42 -7 -84 -21 13 -49 -43 -80 -91 -84 91 -56 49 2 49 -16 90 91 46 -52 35 -10 89 -74 5 27 -24 -17 -95 -21 23 -54 -78 -37 53 33 -64 -86 70 76 61 16 82 -95 -79 -15 -94 44 -51 -38 -62 -89 48 38 16 40 97 70 52 4 -92 -31 -77 15 -6 -1 90 89 8 35 40 16 16 59 5 65 7 21 60 47 -13 -1 8 29 4 -87 -87 -88 -79 -15 59 15 69 -37 -18 32 16 76 8 -85 -35 1 35 -69 30 -96 -21 -97 -23 -2 74 81 -89 -80 -51 -78 -62 5 -36 87 -2 -30 29 17 -44 90 40 -26 -41 45 -56 52 -59 -20 53 -75 25 -44 18 -61 -37 20 -61 77 22 -86 -52 -75 13 -76 -18 29 -86 -29 -43 -78 64 96 -29 -6 55 -26 3 24 -70 18 -10 81 48 -30 33 -57 25 72 -65 80 -45 -79 91 17 -76 -46 75 -91 -19 12 -64 86 88 1 -62 29 70 6 -82 -64 -74 40 -32 -3 79 -91 -35 -71 23 14 -87 -17 0 91 -42 -40 -40 60 49 79 44 0 19 50 47 -26 69 -9 -37 -35 -19 67 -85 -82 6 -20 25 14 -20 89 -59 -11 14 -80 -16 56 91 22 72 22 6 4 74 -18 24 -72 27 -4 -73 40 18 87 -14 81 13 -64 20 -15 57 79 11 -1 -38 15 13 74 -9 -75 64 -78 76 94 6 -70 40 -45 -70 81 41 -8 26 -18 -79 -43 -48 -50 1 -11 -45 -55 -59 -28 85 -59 -4 58 -89 -58 -98 84 10 -44 -18 14 -56 78 40 -6 78 52 98 -96 -79 1 84 33 -7 94 -15 -79 -16 -93 36 38 59 -19 -48 99 3 62 -5 70 91 1 -71 62 6 -15 31 -14 -26 29 70 14 52 61 50 -9 -11 -88 -63 51 -91 -38 -96 -93 -49 94 65 -5 -47 89 -56 -37 -29 44 51 1 10 31 -96 99 82 -23 -42 20 99 -27 -42 -17 -19 47 22 -19 29 47 28 83 9 -28 -32 81 47 56 17 -78 -65 -14 82 -65 -63 -89 76 44 -98 -90 24 -34 96 -11 5 -91 -95 -75 -62 58 72 80 27 19 -89 80 -45 -24 5 -93 13 51 34 -92 -53 -82 -6 31 -38 -53 21 -50 62 -92 -23 80 -10 -54 -75 13 -26 39 -5 -41 44 -19 28 -63 49 40 -92 -99 -7 -65 17 
1 -97 82 -46 43 -95 77 -70 -64 -6 -87 36 -7 37 -48 38 95 -47 30 -83 22 21 -23 32 97 71 -85 -3 71 79 -29 -75 -30 -1 -29 83 -86 41 53 10 16 69 -71 66 -81 -65 -4 67 65 22 15 -80 60 -39 97 -48 38 -95 53 80 -96 58 -97 31 33 -46 -58 -54 -15 -24 -97 76 -12 69 48 86 97 -1 -39 67 62 63 55 -19 38 -3 -88 49 10 24 -78 59 -8 -88 -50 -96 -79 -59 30 66 -19 -29 -64 35 91 -30 44 -52 80 77 9 52 -58 -51 95 41 -97 58 67 -53 42 38 67 -3 -23 -50 16 70 73 -65 84 66 70 19 4 -40 -52 8 -30 60 -68 -55 -21 1 0 84 -45 -63 -88 -66 -42 30 80 84 -21 53 13 -52 13 27 48 -95 98 64 -66 -89 -91 80 -43 -47 85 -66 27 38 58 54 -18 3 1 -68 -29 11 -11 -87 -19 -40 27 -47 -35 71 -67 28 -22 13 80 6 -99 -37 -4 61 -36 33 70 -96 -12 -74 45 -85 -55 33 14 -12 30 74 46 -92 -24 60 -4 -89 -56 88 48 90 -24 87 -85 66 75 -44 -43 -71 -7 -57 13 -62 84 -96 -47 48 -8 -99 -80 95 84 33 28 -47 -51 43 -54 -22 -24 24 44 -6 1 -48 -32 -15 -54 0 96 2 -83 36 -52 31 93 62 69 84 5 -9 -12 7 -89 64 45 83 26 -40 86 -39 -70 -29 17 16 -74 23 15 60 41 67 63 -35 -84 63 -11 -59 44 25 33 -54 -87 -45 37 -28 -5 2 19 -34 -87 59 -97 -31 -79 78 9 -70 0 -17 48 90 73 -7 -79 -2 19 -28 63 -12 75 74 -41 -15 -46 -28 31 66 71 -52 21 91 94 54 93 -65 -21 -36 -57 -65 54 42 -63 34 -2 74 77 -26 36 38 43 -12 -29 23 42 -80 -51 -50 76 64 -79 -71 -4 -81 35 51 -26 -44 -23 37 85 -6 31 -60 28 -54 18 69 19 -68 87 0 -54 -12 27 14 89 93 28 -74 -38 -97 32 36 -94 -67 -20 -47 -66 26 -31 38 50 -99 -82 -56 -49 -90 48 2 48 71 71 -75 4 -73 -13 -82 -13 -52 -94 67 89 -54 79 90 -77 -19 81 58 41 -31 -13 -30 -69 77 15 -79 10 38 -84 90 75 -44 68 9 -74 -23 -92 -66 -99 85 3 -65 3 54 -22 -92 -33 7 79 -5 -18 -98 -23 96 -36 -24 71 61 -72 75 94 80 26 43 2 -87 -33 4 -44 -72 9 72 56 87 -69 53 
90 32 -33 -15 83 -12 49 -28 -5 78 69 8 77 89 99 57 -31 50 -95 -46 -23 90 -4 -30 78 21 -31 -31 49 80 42 -6 -40 72 3 -16 57 -78 19 -44 78 -26 -90 84 -62 -74 70 -80 37 3 61 -61 8 59 93 65 69 72 50 -65 74 -4 53 92 -27 -35 29 -33 -62 -54 10 -73 -23 -99 27 10 5 -51 -69 -43 45 76 -76 76 26 66 -46 45 99 -4 -65 21 -60 -88 -36 59 29 42 81 62 44 72 23 -80 -48 -93 -22 86 8 -65 -82 30 -86 -1 3 10 -62 88 -52 91 -13 -95 -81 -21 32 -95 46 -98 76 33 -59 -41 8 40 70 -68 -23 -29 62 -23 -78 59 10 25 12 30 17 9 97 29 -72 18 -3 42 -26 -16 -18 44 57 -11 -93 -72 68 43 -27 54 41 -11 6 -67 -73 41 -32 -44 6 -71 90 -39 -99 -27 -28 -76 -42 -4 -96 -21 87 -87 -65 -70 -37 -80 89 -18 -64 -5 59 -22 -27 82 -28 93 31 -65 82 -77 -91 85 -59 -25 65 -33 -60 -65 -19 -34 -68 81 -74 66 -52 25 -57 54 42 -91 96 -6 -94 8 50 -39 53 19 48 -59 -22 52 5 4 -63 -81 4 13 91 22 -48 91 79 -87 33 45 55 54 -77 -83 -39 22 -86 -88 -76 -67 0 -58 72 71 -6 40 12 -97 61 90 96 -31 86 -31 -34 7 -27 36 -4 98 99 76 9 71 -92 -7 21 94 -34 -83 41 73 31 -35 34 -61 -34 -89 57 90 -13 44 20 98 -36 48 12 41 -40 -41 -26 59 29 -47 67 -7 -86 -1 -89 97 42 6 97 78 29 6 -13 -27 -59 55 97 99 -93 -70 17 -58 97 98 -9 -64 -97 43 18 13 -62 26 -61 -2 38 -55 29 -69 10 77 43 -8 -40 -1 94 -75 -94 -56 -37 70 -44 -95 -22 -70 29 -72 45 36 -57 -91 -86 40 85 78 -24 -4 56 4 -44 87 19 -84 -55 55 71 -27 28 3 62 -61 62 -56 15 24 36 21 -87 -26 -38 -54 31 0 24 -53 14 55 43 21 23 -86 -16 60 -38 10 -23 37 -47 57 -24 80 91 32 -82 -78 -20 -27 -24 -95 -83 36 -92 -67 -3 58 27 5 -58 -70 53 42 5 37 -83 2 77 7 30 36 -59 -60 38 28 85 -19 30 2 90 -70 23 -66 -49 -56 94 -7 19 53 41 83 -96 40 -38 87 15 -29 5 -70 86 -83 39 -52 -15 -61 -42 43 16 35 11 44 65 -30 -82 -79 -58 24 
-20 -12 -48 -16 -95 -91 -59 -49 -93 -17 79 -63 -55 -13 53 46 -15 62 -18 68 59 -13 -66 -57 55 38 -30 -67 45 75 -40 -38 -65 36 -3 -52 30 76 45 -76 67 14 -31 -11 -56 48 52 64 -38 -66 -95 38 -86 -18 36 -54 -66 -96 81 -48 -94 -63 22 76 42 -76 -97 -65 -57 -29 88 -83 -59 -67 67 74 -76 -81 -91 2 -92 -25 -60 55 -63 15 -1 -17 -5 20 -42 -10 -27 -93 89 -88 97 31 93 98 -50 -22 85 48 65 -50 -28 -94 -81 62 -9 -14 -58 -68 -45 21 56 -66 -89 22 -95 30 99 40 39 -18 -61 42 -57 -1 78 23 68 -56 -71 2 29 73 89 88 7 -57 80 41 -39 79 95 -1 -19 -85 4 60 38 43 -42 57 72 88 91 8 64 0 -94 -14 27 -23 -6 89 -4 -25 -90 58 -84 -51 -31 85 -24 18 -82 81 -5 -1 -70 -76 -50 -41 -9 90 -44 16 78 -25 62 69 -94 -38 5 46 1 -82 -89 54 0 -50 12 -64 -67 65 -89 16 -8 60 -34 23 76 1 40 8 73 20 -52 -50 46 71 49 -30 91 21 89 -11 -51 57 31 40 -62 -79 -16 -47 54 92 -3 -67 -97 18 -60 83 -15 -23 -43 85 91 88 -44 69 21 57 -18 -8 84 64 16 -34 -85 -28 59 -76 -16 30 26 -23 -34 40 -14 93 -90 4 5 9 -60 96 -8 -53 -58 -31 0 -49 -28 -15 -67 -39 51 -46 -36 -63 -77 26 10 92 -56 30 -22 -82 -22 -55 68 16 90 26 -99 21 -30 -27 16 11 71 92 -58 -99 18 72 17 -41 -93 -21 -39 56 -56 -58 78 -70 98 35 -69 77 79 -64 19 -49 -5 59 -58 8 -81 41 -52 25 -65 57 -38 86 85 32 -70 66 44 61 10 -60 92 -61 38 -52 79 -76 83 -45 7 -92 -11 75 57 -96 21 -16 40 -28 -51 -66 2 -45 16 73 50 -61 79 26 69 83 98 -66 -37 1 -24 -78 -5 3 14 47 -92 -16 -92 -37 -75 56 16 24 70 -73 -36 -59 88 -26 -27 -48 1 31 -13 -91 66 -42 -78 -85 97 71 90 88 34 75 16 -89 8 50 87 -17 -80 -21 45 5 88 98 46 50 -46 65 13 -54 37 -25 85 -17 68 25 89 -46 47 60 90 -51 -71 -94 26 32 -51 86 -51 35 -87 92 75 -6 -12 -89 30 -74 -26 -58 31 -59 70 -1 -79 -88 48 56 -8 50 -86 -33 3 -3 -39 21 96 -39 -85 -28 95 -53 -80 49 
50 -77 -60 14 -4 28 -68 -55 -98 15 26 29 15 -46 64 51 -71 -65 6 27 96 58 20 -20 54 -24 36 -55 -25 -58 36 -3 -39 -14 -72 21 69 13 -39 -19 -59 47 -24 20 76 31 -82 37 -19 -1 -18 34 84 -45 79 -98 -91 18 58 7 13 -93 -29 -88 44 -27 17 42 -45 -67 5 -85 -18 -92 68 21 51 62 21 -60 75 31 -22 12 -70 -99 56 -67 47 -43 -63 -8 82 -9 42 66 50 3 82 82 -62 -33 21 46 36 66 0 45 -63 27 69 46 -17 13 -56 -52 40 43 79 -81 38 -8 -26 -43 -32 4 51 96 -27 58 -53 43 79 94 -21 32 -41 -80 12 1 39 99 -99 73 -11 -7 -93 -9 -67 57 -43 66 26 -15 84 -71 35 87 10 -68 -13 -84 -89 53 -43 -46 58 26 -15 60 27 25 -19 54 -33 -35 24 79 -26 -15 -25 -55 -88 79 3 -71 -72 88 93 45 75 -2 -22 81 -47 74 58 -86 -78 15 -69 76 -91 84 28 55 65 -36 -2 -24 -1 -61 -90 42 -23 88 8 7 -89 -11 -2 -59 -50 21 -53 -74 2 -38 50 4 -91 -57 -10 -45 5 -24 25 69 -61 6 -2 -16 47 -46 -4 76 -1 -11 -10 -62 -82 -62 52 -29 85 82 -61 78 -72 64 -20 -79 -28 -12 68 8 -59 -75 64 -13 76 58 -40 -68 -70 97 -65 39 37 -96 13 99 48 -59 3 57 9 32 -91 -97 -51 31 -60 18 76 18 -80 -54 -48 -16 -50 97 46 -85 64 45 5 -3 9 -15 28 -81 -17 -68 79 -98 43 -78 -3 -55 -71 -47 95 4 68 49 1 70 74 -59 23 38 62 -48 -36 2 4 79 -25 -89 -54 -37 57 -52 57 73 -67 -48 -54 -57 0 61 48 -83 9 88 82 94 -66 73 -24 95 83 0 35 29 87 -27 -15 50 -44 -75 -80 19 86 5 -99 22 10 51 -70 -31 -14 -17 93 73 80 -48 13 -35 11 53 -19 38 8 -57 -61 -61 88 43 56 -28 75 21 16 -5 -41 62 27 74 60 56 -8 -27 -66 -61 -59 -30 41 92 67 -2 49 63 93 -4 17 -28 95 86 -12 59 -82 53 -60 78 -32 62 -72 55 -71 52 -22 52 -23 56 34 -9 -90 11 40 34 35 -3 8 55 -40 -9 -56 88 5 6 81 29 -89 96 -95 4 85 52 60 -50 -58 -88 67 -46 -93 -80 -43 94 -34 66 -30 68 -50 93 -6 75 -59 -23 -98 -13 -53 28 -54 55 91 37 66 67 
-7 61 -94 -60 -82 -66 -18 -27 -18 -11 51 -32 54 1 -66 -22 25 -52 -6 -66 -23 31 14 -73 -23 -56 -30 -63 27 5 71 34 25 48 19 49 18 -68 -81 80 -81 -42 -53 25 32 -58 52 43 53 14 73 0 53 98 -47 61 2 -57 -44 -29 -2 -75 -23 -33 99 33 40 -69 -13 -22 22 12 76 42 18 -91 3 78 -13 41 5 13 -25 9 -65 50 -66 -26 35 76 -16 82 -69 51 -16 -44 -90 -34 -47 -1 -57 77 -85 1 60 -7 50 -40 50 64 14 -91 99 -9 -78 56 33 -44 -12 78 -58 -77 79 23 -68 -32 -22 -13 -5 -74 85 33 -12 30 31 -93 -76 88 -22 -54 34 14 -44 82 -68 -7 -48 69 3 -55 -45 -50 94 -8 18 44 18 53 -15 76 -57 -13 -17 -28 1 29 86 18 96 -66 14 -70 63 39 46 90 -55 -9 45 67 -52 -56 23 -9 -85 -10 -19 23 -14 18 -21 -63 51 -45 -3 -81 -27 66 -57 -11 -11 67 -20 -61 -43 -88 65 28 -39 19 -69 36 16 74 -74 36 2 16 33 69 -53 -34 -53 39 -67 28 -37 -62 76 61 3 -99 -10 86 -86 96 47 67 -60 82 -88 -23 14 -11 -67 55 -58 81 -65 36 53 51 -12 -70 -45 90 42 -64 60 -9 -6 -67 23 -72 69 -13 66 21 48 6 75 -62 -19 90 -18 -34 8 67 30 -49 71 73 62 4 45 73 -54 21 17 2 15 68 -12 55 97 12 40 -42 31 25 -19 -47 -46 42 57 49 -1 -27 -9 -46 93 34 -50 17 94 55 31 22 79 -74 6 82 30 -77 35 6 4 -78 29 -13 18 -79 51 0 -58 -63 -51 72 42 -21 -51 19 -17 79 84 18 64 29 -27 -70 -76 -71 70 26 -75 70 22 87 0 56 -56 56 -88 79 -92 98 -53 -5 -96 -93 36 -89 -10 99 -39 0 40 -42 98 47 74 80 61 -82 48 -53 -6 53 82 -69 20 40 67 9 78 35 44 -70 90 -49 -46 30 -84 -69 72 24 -31 -62 23 -23 69 57 -11 88 -46 73 30 -50 13 -21 -70 -99 80 -67 64 87 98 -47 2 39 41 -98 39 48 30 90 -68 19 28 -3 87 -52 -6 -93 79 26 8 74 -56 -59 37 -80 -78 20 5 83 -21 59 29 93 -31 -34 13 -28 -49 29 73 8 15 -25 -96 -22 66 -62 -94 68 88 99 -88 -37 36 19 1 -31 -71 42 -97 75 34 91 73 78 -23 -87 97 52 -12 -95 18 -2 
85 -90 -23 41 -27 -56 -88 -19 6 -89 -38 -59 -70 15 -84 -7 2 -17 89 -80 -36 78 47 -40 37 -56 67 -6 31 68 -14 2 12 -98 38 -84 -70 25 -64 -23 -68 -80 71 -93 94 18 9 -55 38 -78 -33 -79 -49 -90 -86 18 73 -13 39 9 72 -91 -94 -76 -16 96 -42 -48 43 -96 46 -49 -53 -13 -36 56 -87 51 -83 78 45 -68 9 80 86 7 46 96 -10 33 -55 8 -51 12 -11 98 -35 97 -47 3 -71 -36 -11 93 -22 32 41 80 78 -71 23 -57 77 17 40 98 -22 -17 31 68 -63 0 58 -4 79 -41 59 88 97 -25 -79 79 47 -82 -74 27 63 -92 -12 98 65 -69 59 -84 35 43 28 -97 -57 -83 69 -31 40 3 68 7 60 -7 21 20 -92 -75 -33 -43 -91 -58 27 -66 -46 58 -36 60 -7 -2 32 69 64 6 22 -86 79 -50 40 60 10 19 -55 -27 68 87 53 -86 -38 7 14 -93 -2 75 13 -41 -85 -74 76 -56 -39 3 98 41 89 96 -52 -81 -68 -49 -34 -96 -70 24 66 -17 56 10 86 21 10 10 -71 95 51 -48 13 -56 -79 82 -21 -44 45 77 24 29 -50 -32 -54 65 87 52 83 88 -65 50 -41 30 93 59 -9 22 -88 -14 56 -14 -22 68 37 -41 61 -38 71 -67 -30 83 -78 61 -6 68 34 64 50 47 -22 -33 70 -68 27 -70 91 -5 -13 -42 40 -18 22 69 -62 -16 -92 -96 70 59 -36 -58 39 13 -83 -73 -47 -21 44 -13 98 62 -24 -15 25 -40 -43 63 11 40 -25 34 14 -92 62 66 66 52 -73 39 -4 1 79 76 1 -79 81 46 67 5 20 71 -37 16 86 -46 -64 28 -89 38 56 80 -70 -49 -34 68 94 -71 15 -40 75 58 -69 74 -77 -5 50 -12 99 67 92 50 -50 47 78 -44 62 -21 54 -47 -3 29 77 -4 43 -95 72 -33 -18 33 79 52 12 15 -52 31 9 -18 27 -71 66 3 28 82 38 9 0 -5 2 62 6 17 7 -98 -95 64 -83 -12 24 31 65 57 -67 -61 75 -76 -37 81 66 -44 16 -16 91 -43 -13 62 -36 13 57 -94 86 33 0 -35 72 -46 14 -41 99 -11 -44 -44 99 -95 30 -42 19 97 8 -31 -32 -73 -49 -75 30 0 -5 12 22 77 94 -9 39 86 23 2 74 -87 -72 79 18 58 -18 -37 -17 41 -63 43 6 12 25 97 69 2 76 -82 -51 32 -78 22 -15 51 
-66 84 -70 -88 -26 65 -27 -2 12 91 47 43 63 71 -37 30 66 -74 -54 -98 70 -64 -67 -14 81 -76 -7 45 84 -93 -94 11 -24 79 -92 92 64 84 71 -5 80 -10 -94 83 8 93 31 -4 75 -69 94 35 -88 77 71 -89 -30 -30 56 65 -19 11 46 -70 69 66 69 -89 -48 56 23 -81 -74 29 -9 86 66 -93 -10 27 2 -85 54 40 29 -16 -57 -32 -10 74 42 -56 -49 -57 -47 77 -91 65 55 8 73 -97 -43 77 53 62 -84 -81 70 49 -75 39 -70 -74 38 42 16 -25 83 53 -30 -11 69 95 -16 -28 48 -49 31 -40 -15 59 -90 8 -51 -57 12 -64 35 75 -35 -76 -69 46 53 12 6 -7 44 33 -26 17 -83 -9 -67 97 -88 -34 -33 77 23 -42 58 -34 58 89 -46 17 67 94 52 84 -62 59 48 23 14 17 64 11 -2 73 43 76 16 24 -26 26 16 -82 22 79 49 69 -44 56 92 -10 -59 -36 -6 -22 16 -34 28 50 66 40 -34 -89 -69 -93 8 70 66 -59 -33 24 83 -19 -47 -48 -56 77 52 -37 -34 25 32 84 -45 -58 -53 85 -13 -96 -86 83 -82 63 -91 -71 68 -11 -15 61 95 20 -86 -76 26 30 28 -76 69 84 21 37 59 -4 10 6 -76 5 60 51 -95 -89 57 79 81 23 -45 33 -44 -6 16 14 -70 82 -20 53 -85 64 -8 14 19 12 -74 21 20 -80 70 54 -82 40 -86 -98 -77 96 31 84 -84 78 -71 -15 14 22 37 -42 -85 -6 68 70 -56 -55 39 68 89 0 -21 -95 -24 43 -95 57 22 94 -66 58 -62 -67 55 -58 -74 -51 -33 71 -55 -64 28 -82 5 -17 62 -37 -83 -46 14 62 -74 16 -92 73 69 -23 -17 -29 0 -91 -10 73 -70 52 -6 -44 -40 52 54 42 62 -41 81 -85 39 -26 -46 46 49 8 68 98 -84 -73 -48 42 -15 94 21 81 94 56 -63 28 20 -14 -43 30 81 -32 85 -87 26 78 -64 33 -1 -13 52 -99 -27 -81 70 75 62 23 -70 -9 89 62 46 3 93 71 0 66 12 92 34 -73 32 -30 67 -41 -24 -23 -23 -48 13 70 42 -33 -4 60 -67 23 46 97 -94 26 30 45 -65 14 66 -16 58 -6 -12 26 96 -61 -34 95 -11 -16 -71 -98 -32 -53 22 -31 56 15 -27 33 -52 97 95 34 -78 50 -70 -30 73 -14 -42 54 -35 -52 -92 72 -76 22 -18 79 -51 -10 50 -9 
-15 -43 -89 -76 6 13 37 4 53 -79 -17 81 3 -37 58 -73 91 -76 -6 -96 21 -11 79 9 -57 -70 -6 84 -41 -26 -84 18 -50 46 46 5 48 -11 4 -99 -36 -26 93 49 16 -9 32 98 70 90 -52 -84 -92 46 -46 45 95 -60 -73 34 12 -72 -19 47 -35 14 6 -89 51 34 95 -54 -88 2 -41 -88 -56 -40 14 -32 -67 81 -62 -28 82 43 64 -45 -34 -69 -16 -49 77 -26 -85 -24 -23 -16 48 -96 -1 36 -48 -73 37 80 54 70 76 -46 45 -89 -83 85 -42 -18 -82 30 87 2 -15 -94 49 -48 -27 -38 -3 59 44 77 -91 8 -81 79 23 57 -70 -54 4 23 23 55 44 -67 36 90 -47 -49 31 56 47 85 -34 2 85 -20 91 -61 55 -14 73 -55 68 -58 -51 41 -94 -84 86 63 -89 31 34 11 -55 69 21 8 11 -87 -48 -35 46 62 29 -51 66 -53 78 -51 -72 -60 -51 99 90 -11 78 -4 7 -91 -77 -38 88 -17 8 92 -39 -15 -87 -49 32 -1 -11 -73 -68 22 77 6 -20 -77 83 28 -1 64 68 -17 -50 60 -62 83 83 -60 30 -33 -4 -2 20 -95 47 -29 62 -41 65 -99 31 -87 -34 -51 -72 -37 -40 73 -91 79 1 -64 7 -99 30 31 5 -32 35 72 -22 -70 -24 -42 -72 43 41 19 4 2 -32 7 79 20 88 54 -29 3 -48 -71 64 -69 76 24 54 84 64 4 -62 46 -91 -63 52 -31 -88 -27 -36 -27 60 79 48 43 79 -63 46 -57 52 -85 49 -25 -20 47 -88 -56 -20 94 -55 32 -1 43 -29 43 95 -13 -85 -7 34 -83 79 -51 -34 0 -45 45 -49 3 24 -31 87 69 47 -78 83 82 -82 5 -53 -57 -9 35 56 -20 53 78 0 -88 72 -20 55 90 -67 -42 99 -75 -9 -37 -55 -52 -48 -16 -92 -49 96 82 44 -81 -65 66 -40 -6 21 -19 6 69 -86 3 -92 91 -51 -37 -37 91 29 -84 14 -41 -59 83 -94 11 80 70 -99 -44 41 -43 -75 -65 57 6 10 -97 40 87 98 -69 59 61 -87 -63 -56 44 27 -50 -78 -66 8 37 -34 87 86 -74 39 -96 3 -22 -29 43 67 6 94 -97 -31 82 -34 -33 -6 16 41 96 58 89 34 -15 -71 52 7 51 -70 56 6 -81 89 57 36 90 -36 2 -45 -32 -41 -96 98 26 57 -18 -39 95 34 0 -6 77 -67 83 -18 74 -39 86 -70 39 -32 11 50 52 -5 -2 
-70 -33 77 -84 41 -46 -99 93 -97 -22 -29 74 -31 -57 -30 -73 92 -27 68 19 55 68 97 98 44 -4 59 -9 62 89 95 35 -50 62 48 -36 -75 84 69 5 -80 21 86 61 46 -23 35 -4 -37 9 14 23 40 48 -11 33 -46 82 21 -87 -12 95 -37 -46 -21 -95 -1 88 -57 -92 -8 98 74 -50 -7 79 26 -72 8 43 7 79 -7 52 -35 92 35 -69 -95 -11 15 -75 -49 -3 47 -30 -58 -49 -8 61 16 -33 6 59 4 82 -40 88 56 -80 -54 -5 -60 5 44 93 37 -57 -88 59 58 4 16 -63 -77 -81 13 -11 76 50 -27 -51 44 67 -73 71 58 72 0 14 -3 8 -82 9 -10 66 -48 94 -21 -65 -91 -17 -47 6 76 88 49 44 -64 86 2 53 96 -83 34 10 -16 14 31 33 -61 75 -47 43 -61 -61 97 79 44 34 91 3 -5 -36 -26 75 -4 14 -70 91 -28 93 46 69 68 87 45 -7 86 -4 33 5 -48 56 8 -62 39 0 -85 -17 -68 -16 -81 -59 -48 -43 86 -47 -12 -88 68 -31 21 11 52 3 68 -49 45 -58 87 -45 -49 95 87 -98 94 -68 -75 37 -59 -85 -32 -18 54 -60 -93 15 33 -27 75 -59 -46 -83 64 62 -91 91 90 90 50 46 -12 -9 -84 -62 76 -79 -80 -66 48 -9 -80 -57 53 92 1 -79 -69 19 70 -63 -38 90 -82 38 26 36 -50 -34 -57 -13 -14 22 -67 -34 41 29 64 -85 -25 41 8 98 -90 -72 35 -57 -23 64 -23 13 -34 36 98 -86 -61 97 -20 84 88 -81 -23 -52 -40 53 -53 39 86 60 -60 -14 59 -49 84 91 12 -5 -28 -10 -21 -48 -56 4 -65 64 11 -10 -26 55 -57 -78 84 39 92 -88 -76 -85 -64 -2 -81 -11 2 -5 21 22 33 65 -90 -67 -66 54 46 21 74 27 -96 6 44 -70 -39 3 78 88 8 -53 64 -20 9 -21 -52 -74 -9 97 -99 33 86 -58 -42 78 -70 -11 -60 -82 -64 45 26 -54 -22 -23 82 -28 80 -41 -38 -41 -89 55 -48 14 -6 79 46 -65 -3 -66 94 22 -73 -6 40 -52 -19 11 18 56 -86 -78 65 -11 43 -45 -42 52 30 69 -82 66 88 -24 -43 42 -32 -19 -27 -33 79 -94 56 42 -72 -7 9 -8 80 39 78 -89 25 13 -58 -55 -36 46 -15 66 14 15 76 41 -48 -20 27 -82 66 43 80 -6 24 84 70 8 52 78 5 -45 29 46 -26 18 
96 77 -51 34 -18 -43 -46 -57 89 67 -12 -56 -46 71 58 56 3 -44 71 81 -2 8 -97 -74 44 56 -20 -57 -64 62 -26 9 64 67 59 -30 -77 -84 0 37 19 29 -56 -72 64 46 21 40 -60 -64 56 60 13 -64 -7 -99 90 -73 -33 -39 93 -15 89 13 -19 -1 58 -37 -80 85 74 0 17 32 48 -88 93 31 -28 -56 83 -70 -39 -80 -5 -5 0 -3 -39 -48 77 -93 35 -93 -51 52 73 84 -56 -13 -46 23 72 -86 -61 -63 21 -89 -97 84 39 72 -47 -50 -11 83 -20 -92 57 -21 69 -8 35 -91 -54 -88 -80 -88 18 64 -6 -23 -15 15 -32 86 89 66 57 -36 63 -78 -97 -40 -88 0 -43 -1 -81 57 45 37 -60 32 -22 -74 -15 -47 54 -58 68 -57 -37 97 -47 -57 14 59 17 73 -33 -52 -9 -73 -16 -97 38 80 -39 14 71 -41 -74 -75 80 -73 -15 -57 93 -93 16 53 -73 -15 -46 -58 44 -47 77 -67 49 6 38 -40 17 75 -80 92 54 -75 43 37 -52 -14 -65 91 -25 -81 -45 -24 -10 50 -52 -14 70 -80 -52 68 -47 49 -28 38 -38 -90 -93 0 -82 6 91 84 65 57 -76 -62 35 46 59 16 85 -82 -75 3 41 53 68 41 91 5 6 -6 92 -28 -15 67 -26 22 83 25 -19 22 -38 -4 82 67 2 -50 -1 -29 96 7 57 -39 83 -35 58 48 79 87 29 27 0 -66 51 49 88 -55 85 -86 97 25 -59 -46 68 -26 35 71 -41 3 -48 59 -11 -65 44 -50 -38 33 -37 32 -38 17 99 -30 16 -67 -70 -54 0 -45 -60 -50 85 19 42 29 31 -73 96 -80 83 -10 -14 -65 -41 31 -84 -86 -29 -62 60 62 -28 -47 31 9 -48 -71 77 -17 46 11 -36 89 -68 50 -86 69 83 -7 85 -78 82 97 37 88 41 25 49 11 -64 41 -36 -8 -16 48 67 -77 51 26 87 82 -96 -75 25 91 -67 65 90 27 0 72 -67 -86 -62 74 -44 -63 -48 -58 9 -2 -39 -65 70 73 79 85 28 -56 -96 86 63 23 -10 1 40 39 -67 34 93 -82 -92 29 -51 65 -21 -31 -96 26 81 35 -70 88 25 -28 17 17 -44 -58 -86 -25 -89 -60 27 53 71 -92 -94 -49 -81 92 82 16 -60 -46 90 7 14 -79 -43 98 36 54 64 -37 58 0 93 -69 55 58 -29 -90 87 -91 -26 78 -4 75 -40 -32 -39 68 2 -70 -88 -96 27 -35 -3 -32 
-99 27 -97 -22 -23 31 -65 32 95 -80 -34 -96 91 -27 -6 -56 15 2 20 -35 -76 -36 -64 91 -93 60 -16 -40 7 29 29 -88 -97 78 -24 80 9 31 73 41 69 -50 -46 -24 12 -17 70 94 -28 55 13 65 96 75 -62 -86 96 6 -1 38 56 16 87 -19 -26 -84 -99 66 -48 95 -25 98 -29 -82 99 -63 51 91 34 38 -84 66 -8 28 -42 -99 6 55 -14 26 73 79 50 73 98 33 41 -68 -67 2 -29 -45 15 -32 -63 46 94 -57 36 -24 85 80 -43 -6 -81 -65 96 -34 57 -72 99 44 7 55 39 12 -67 -43 -60 -18 72 -84 -53 -1 51 46 82 -42 44 -85 45 -22 32 89 58 -11 -99 27 84 -71 89 41 75 -88 77 -99 -12 37 7 -64 21 -83 2 -2 74 85 -45 -44 36 -65 65 65 -3 34 -35 32 25 67 -75 -87 3 -25 -89 3 -67 -56 -92 43 -24 -52 82 -85 -55 51 79 3 -9 -71 8 84 70 -76 -45 -93 -8 9 52 99 -24 -25 -76 92 -19 86 76 -87 -66 -18 -67 -56 57 11 69 -64 21 91 -54 47 48 -89 -29 48 -27 65 -13 -21 -89 -34 -57 -82 8 -16 -89 -37 -9 -93 87 -34 -80 68 69 -43 68 85 -46 -63 -63 78 -16 -57 43 71 84 24 -92 -37 -15 -80 -56 95 -37 68 -68 98 -24 18 -77 -57 59 -9 47 37 -89 -2 25 26 69 18 90 -88 -7 64 -48 -17 -64 20 19 84 -86 58 -70 -81 52 -96 3 -17 21 -85 -94 -37 48 42 -83 -14 -69 83 -80 84 94 -91 -4 -45 -19 15 -70 -54 -76 6 -35 25 21 24 85 16 -37 64 57 33 99 70 53 67 -72 4 -93 74 81 52 60 -25 -77 33 -55 -32 -28 28 44 -11 -9 -19 -19 -24 -35 -59 6 -31 59 -42 -25 38 -63 65 -10 14 49 -76 -89 59 61 -21 -69 -59 -10 46 -61 -29 66 -99 -55 -62 32 -93 83 -75 -49 93 68 15 -15 86 -50 -14 10 -23 51 28 42 77 1 -40 -84 94 -69 86 14 98 -38 -83 -21 -13 -12 80 13 40 66 54 -71 -70 -41 60 63 48 -45 58 -63 -21 20 61 -50 -30 -39 55 33 64 -96 47 -77 35 -23 84 36 11 48 -33 -81 67 -31 77 -72 -70 11 70 96 4 -60 98 16 70 -8 63 26 -63 20 24 17 45 5 54 57 -2 -8 -50 -89 53 -91 77 74 38 78 -31 58 -1 -61 72 31 76 39 81 30 16 
41 -23 -60 74 -78 72 82 -39 -27 -67 41 26 -72 -82 19 93 0 87 90 31 -7 99 -92 -60 -33 92 29 -50 -40 -90 -98 77 -47 9 -95 -26 -80 1 56 -38 -13 -26 39 -82 -51 -77 -72 -60 -67 0 -15 20 91 -98 75 -81 98 -50 63 74 -7 82 -34 -57 27 27 12 60 -84 9 -20 -41 75 -7 30 -31 -65 94 11 95 -38 -50 57 8 63 -62 -91 -71 -15 -7 51 -73 -60 27 -26 -3 10 32 35 -17 55 22 -29 95 -90 -60 72 -94 -54 -40 -74 92 -12 67 19 -39 44 -32 99 -72 -77 -31 -9 78 47 -32 -46 -12 91 -49 90 -44 -1 -35 95 77 -56 21 -95 15 16 -94 7 -38 25 9 60 -60 -49 9 85 -33 52 83 27 -1 -56 -75 14 91 -25 40 -24 22 -83 -47 -35 -95 9 -88 -57 -53 98 -81 1 27 -1 98 -17 -98 10 -51 51 -3 30 8 48 53 -99 -21 -59 -19 -57 -49 33 52 -39 -30 68 6 48 -55 81 -19 51 -24 69 -91 17 -15 6 -32 95 -71 60 61 22 8 24 36 -29 8 67 -41 -10 -68 85 82 60 -9 -91 -91 52 52 -36 92 -14 54 -84 -11 -37 46 87 86 61 93 -81 99 -93 13 69 36 -17 88 6 20 90 27 33 -91 57 57 67 -99 -10 26 -22 85 55 60 59 -53 -34 61 69 -97 -62 45 -16 81 75 -54 -89 -94 16 86 -86 -7 65 77 -12 -42 -93 -63 5 -35 76 -77 -77 -73 -75 -40 -35 90 -63 65 72 90 3 51 -45 72 35 -7 -47 -73 -7 -63 -40 -67 -20 52 13 85 -56 60 63 -19 -94 -73 9 -54 -26 50 -25 -42 -36 -40 27 86 -18 -27 79 33 -65 72 82 75 -53 32 -3 -74 -55 -18 43 -25 -51 -78 60 -8 49 17 -68 -33 95 -42 -88 46 49 40 12 -44 -91 -63 15 87 -30 27 64 90 -40 -35 17 18 -80 94 97 -60 -55 76 94 3 -72 -94 -74 45 90 36 -56 19 -28 65 -14 -72 -65 -71 34 -78 -83 -99 75 10 91 53 -36 -46 39 79 -59 -75 -61 10 9 -86 -61 30 -90 -69 -56 -95 -16 -98 92 -10 50 58 51 -67 -48 -16 -5 60 -28 31 -84 79 -77 -94 20 -43 79 -34 -85 70 62 -12 -73 92 77 -64 17 -91 -39 80 -51 -35 -13 36 -98 61 -67 -48 72 7 88 -86 -83 22 -8 73 24 74 -28 0 -32 67 -10 -16 -85 -77 -95 68 -80 -75 77 -95 60 3 -74 -91 
-96 88 19 65 -4 36 -26 -19 25 -13 20 23 -8 -90 -50 55 -90 8 -59 24 -96 14 13 99 -29 24 -45 20 56 45 5 21 -11 51 -68 -72 -78 38 -12 -81 18 13 63 80 -23 -65 -38 -74 59 -40 74 -74 -56 -10 -32 30 -63 8 88 -33 13 29 -19 14 70 -17 -62 -95 -76 -33 37 41 51 63 -76 69 11 -46 33 -99 53 -77 97 67 -72 66 -50 89 -37 -60 55 -16 -13 -42 -50 24 -96 -85 -16 55 49 36 -92 93 60 99 -47 -93 41 -36 2 30 35 86 -2 -75 62 -8 82 2 -91 -55 -88 -62 78 90 90 17 -42 2 95 71 -3 61 -71 -86 93 12 45 73 -11 93 54 -72 -67 44 -94 5 0 -90 37 -11 76 -53 -8 54 -32 -44 60 55 83 67 -23 5 41 -18 -20 37 43 88 -24 -53 93 65 51 -30 51 45 98 -28 38 -42 30 -34 -50 -73 44 -6 -84 72 -5 -38 -26 -74 12 -61 -97 -66 -51 30 48 9 -70 -1 36 65 4 28 -60 -60 66 -8 -12 71 25 14 58 0 26 -24 26 -41 -87 -10 -31 -76 -3 -16 14 -16 -62 19 94 54 41 -1 11 -58 0 5 -4 -98 -20 55 40 48 -71 -91 42 -57 -86 -17 51 61 -95 88 -11 -64 9 12 -10 -7 62 26 -53 -38 -76 -57 60 5 8 95 63 40 -48 -83 -36 14 -70 -15 -76 -8 -45 -37 55 20 14 37 -67 33 0 61 88 86 47 -28 -52 70 -67 -75 4 28 73 -72 -39 55 45 27 -95 24 -39 -56 -33 -83 -51 87 -53 -58 26 -92 10 -51 5 -4 13 52 -32 -62 86 -23 -95 -66 -26 -18 -77 -44 24 -88 66 66 58 64 -98 -16 85 78 -96 -39 14 -7 7 6 -53 11 71 -89 -85 -63 -90 97 -67 10 25 55 81 -37 96 64 33 -96 34 12 64 47 43 59 -30 -94 45 83 -73 -64 34 -72 -23 -54 -10 -72 55 -12 -31 61 99 94 -47 69 85 -67 -57 33 -52 -15 -86 65 -57 -49 -44 28 25 18 5 -82 64 62 -67 -28 50 6 -34 -65 -55 44 56 63 -86 -52 32 -79 -11 -20 92 -59 -29 45 81 -69 90 12 90 37 34 33 -35 20 53 61 -62 -7 27 42 83 -86 -63 11 29 -32 81 20 -52 -19 -27 -74 56 23 -46 28 62 0 -48 -66 42 -64 24 -34 -81 -88 -34 16 -35 11 -51 -33 -29 8 97 -13 87 -64 88 23 -1 -16 -65 -16 -45 -52 60 -54 -74 -96 
82 12 87 -70 72 -42 -61 -57 53 72 10 10 -98 87 -62 -76 7 66 49 -43 -2 -3 -34 -38 -53 -35 -11 14 -99 -63 19 -40 -47 74 -87 56 97 -53 -25 25 12 38 -54 -67 17 41 -28 -1 -42 75 71 -17 55 -23 -94 41 -4 -57 40 79 60 4 -96 -80 -57 10 17 -14 66 -65 60 98 -15 53 -73 89 -61 63 75 -2 86 33 -5 62 81 -70 21 -22 49 -80 0 34 -91 12 19 97 81 -31 48 -56 -9 51 -97 -64 29 50 50 79 -41 -86 -8 49 -22 -44 71 5 11 82 63 89 -83 27 41 62 -74 19 -47 35 -26 33 -71 56 -3 88 25 1 44 91 29 6 13 17 -50 40 -6 -12 99 52 26 -72 -74 58 -75 -7 13 -24 -30 83 35 -96 73 77 -2 12 53 36 -36 -76 44 37 -80 -72 15 63 51 -39 76 5 -44 71 87 -52 51 -74 -92 73 -18 20 -54 56 -56 -96 11 -91 71 61 44 76 -70 96 -44 8 59 -64 -72 67 -53 -43 -54 9 -70 27 -1 94 91 32 16 -79 87 -2 -61 -14 -97 -68 -69 60 -86 15 -34 -76 86 -62 84 -14 -5 84 91 -26 -98 7 -95 0 -76 -19 -51 -87 47 12 44 -17 86 -54 77 -86 -54 47 22 -68 30 -18 -75 -45 70 -35 -19 19 89 -11 90 -74 56 51 -37 -92 52 21 97 -59 -2 -2 33 -27 78 59 71 82 57 70 -79 47 76 33 9 6 -66 -11 -90 16 -16 27 92 -6 32 58 48 54 41 -65 57 -84 -34 80 4 -6 -20 -34 9 58 32 53 -24 -69 -14 70 17 47 -59 -14 -20 80 64 73 40 43 63 -38 62 27 33 1 84 -29 55 -17 87 -49 -19 53 24 -60 -59 75 -21 32 -95 21 63 -93 -98 26 13 46 -4 -36 -74 -62 63 -79 24 -56 -23 0 80 -99 -16 -8 63 -58 -46 72 96 19 3 45 -26 -67 57 44 37 11 -29 74 -54 76 -9 98 -16 1 -43 60 -70 47 38 3 59 93 78 -46 22 -7 -16 5 51 -78 -80 33 -91 -58 80 -7 77 49 52 59 -43 -70 5 -94 96 -45 -52 66 86 -86 61 -88 14 71 15 -55 33 -71 -33 58 29 64 -67 76 51 -35 91 86 -34 -29 -76 -59 72 -39 75 41 -8 -84 -12 52 -17 -22 34 -74 -81 82 12 5 13 -32 -54 72 -55 -4 -33 -98 -23 -29 86 -98 65 -11 46 -29 -35 -14 -15 59 -22 -72 -26 97 86 8 94 70 
-10 -29 -30 1 -76 -9 -23 -18 -36 -8 90 2 -90 -10 73 48 50 -18 25 -99 19 19 -71 -58 72 -32 80 -24 41 -35 55 4 93 -89 67 99 38 77 59 16 93 -74 -81 33 -81 -19 -60 -35 -26 -47 14 -26 -1 1 45 35 -57 5 -37 88 74 6 77 10 5 -62 -37 25 10 99 74 35 -11 -1 12 11 -15 -31 -81 -84 5 -97 41 -67 -85 -61 90 -22 -36 6 87 -64 -11 18 0 -62 81 -49 58 68 7 59 -85 61 18 -56 -54 49 70 -32 -76 -2 19 -38 -49 14 19 95 -39 -91 -38 -66 0 -90 -96 -49 9 -69 57 45 -29 13 -29 89 -48 79 -72 20 -96 -42 45 -71 11 -63 -56 -10 -68 -48 16 71 35 -9 73 14 -6 36 46 82 -98 29 47 -88 62 8 29 49 36 35 -90 82 18 -26 -35 -75 -13 20 14 -25 -14 39 -14 -78 38 22 -55 -2 -92 34 92 87 89 -98 78 35 -92 28 82 -4 99 -94 2 -81 34 -35 -74 31 -67 -36 -19 33 -73 68 53 -96 39 25 5 -28 -10 -16 29 -31 60 -88 22 -33 -41 -52 82 -17 -50 94 -43 -92 -92 93 -60 46 79 -85 -93 -52 -19 -71 -9 -67 53 -81 -6 -53 -94 -3 25 -7 -16 -78 64 -18 83 0 22 -10 76 -28 36 94 8 85 -4 -30 -66 -86 98 24 -12 65 84 -12 -25 -13 31 -4 61 81 91 22 -92 86 -30 89 27 -81 9 -69 -86 0 -51 -16 -82 29 -4 -72 84 98 -89 -30 65 94 63 -20 47 7 17 -7 -52 -60 -45 -20 93 59 14 -43 80 -7 65 -25 -26 72 51 -54 96 -24 -44 -25 64 37 10 85 -55 -77 -29 12 -80 53 94 -64 -70 36 -82 54 12 -79 -79 52 12 15 -12 -39 -15 -22 8 76 -48 71 -64 -37 -47 -9 -25 1 34 -48 95 -82 -6 96 53 20 -12 -67 -2 -41 -49 -85 -8 35 -59 3 23 -14 17 66 3 70 -97 -42 41 -61 41 -80 96 74 -42 17 -27 60 80 67 -69 -28 47 -47 -7 -58 6 48 40 -36 59 69 -5 77 88 -81 -8 -49 -20 40 -41 -54 99 75 -20 -4 83 -86 47 65 3 -5 8 -23 -86 -85 9 41 -44 89 -5 90 45 26 39 -74 -37 -55 -84 2 96 19 87 23 -21 76 73 -84 -9 -2 -52 86 -2 4 81 20 2 67 68 -37 -77 36 92 -2 -17 44 6 82 82 -83 22 -94 41 -42 70 71 74 -31 6 46 -58 58 
80 8 -85 47 -78 12 11 22 38 72 -92 -82 -46 -70 -95 59 -76 97 36 -99 11 6 -50 -52 -3 -11 62 27 53 -2 73 45 27 43 81 -27 84 -5 -18 -46 97 62 60 -13 42 -73 -8 36 -1 -86 92 -71 -45 -92 -28 -22 69 1 -38 21 -65 -92 -62 67 86 67 -95 60 99 73 36 62 71 -39 -59 -67 1 -41 -32 -33 19 -62 63 -7 -23 79 -66 66 3 -68 -60 20 18 45 33 -63 -66 -49 -62 16 -53 -53 41 -18 30 52 53 67 53 -74 -32 8 -49 -27 -91 49 -21 -80 8 -9 -40 63 -90 -15 47 72 -65 88 26 93 79 -89 -19 -22 -58 -27 26 20 53 -65 -66 -13 -57 77 -62 16 0 -51 -94 22 -17 -39 77 78 -71 41 -51 -18 98 -79 63 -39 -91 -24 -60 -76 97 58 -47 76 69 43 22 -99 -12 -10 -96 62 -10 -29 83 42 -78 16 75 -81 -64 -56 91 -37 60 -68 59 -57 -51 73 72 -60 -52 24 22 94 -21 60 81 85 -55 -78 -47 -32 6 26 -48 99 -30 89 -15 -9 79 74 25 -68 -34 -22 75 -40 70 -39 71 -92 8 86 84 78 -61 -49 -84 25 -1 78 35 -15 -7 -15 -74 -93 17 10 -49 94 -10 -19 80 3 44 79 -52 64 20 92 12 -92 9 -44 -24 -39 -16 -91 -90 -3 18 -38 -55 29 39 -49 4 -90 -34 -95 95 -37 -26 37 -36 18 -68 86 29 -31 29 16 -53 81 -41 39 -91 4 96 89 29 7 13 -96 55 77 45 -81 -38 79 -69 61 56 -79 -46 -85 -37 17 15 77 50 -20 2 -90 40 -36 78 39 74 -2 -65 13 16 60 -58 -70 55 -29 -10 -85 19 -15 39 63 -87 -43 -71 -87 11 31 24 -39 52 -62 60 -85 -29 91 3 21 -22 -3 41 93 -72 20 -92 -37 75 -56 68 62 -87 -76 -34 -10 59 56 -88 29 20 27 -31 -60 60 75 1 0 62 -9 -88 -54 -97 -16 32 -91 65 16 28 21 29 94 17 -88 86 -76 -4 84 2 -67 -73 86 -52 95 4 -19 72 88 38 33 17 -78 -4 -63 44 2 73 -68 43 -95 30 18 4 -15 -11 -23 -98 -60 28 -48 -38 -37 13 74 65 58 -99 78 5 3 -73 -25 -15 70 -71 80 -21 -38 74 -70 54 4 -10 -35 7 38 79 0 29 -8 -94 -41 -66 -15 85 9 22 1 36 -75 -51 -93 -29 81 26 -46 -75 25 -73 32 25 -31 72 -34 -74 33 19 71 65 -46 
52 93 19 35 -34 -32 -59 68 -86 68 72 41 -89 -50 86 -93 -19 -49 81 48 87 -89 -71 76 -85 33 -61 25 2 35 67 38 1 54 -28 73 10 9 -13 62 -51 4 14 -25 8 -54 1 -33 68 -30 41 56 -24 28 -2 -25 46 47 72 -28 -36 73 87 -48 19 82 -22 61 -61 67 -88 28 -21 79 80 -93 5 35 -11 7 -45 48 59 -79 -51 -58 -6 -49 -24 -90 53 -1 23 -75 6 -46 93 -22 66 -49 65 -34 -52 -99 40 95 34 43 -88 23 -64 0 18 -48 68 70 77 5 90 -17 62 53 -50 -3 -52 -75 48 -68 -8 -61 -58 53 83 55 -59 -94 -57 -84 52 89 -19 45 -59 84 14 -23 82 36 12 33 70 -48 38 39 -21 82 15 73 -79 70 -71 92 -8 44 1 17 83 -28 79 65 58 44 -16 -39 -83 -42 79 15 59 39 -17 -95 68 94 85 26 -30 71 15 -36 71 -82 -39 28 14 31 -64 -8 46 -16 85 0 -80 3 66 98 -81 15 64 86 -29 -67 64 -39 25 15 30 97 -37 -61 -81 53 -33 -18 -71 -68 19 77 -80 55 46 61 -21 37 -83 -44 87 -23 85 79 -72 8 1 -1 -88 72 -34 10 -54 4 -55 -41 -58 -6 83 69 -18 -18 -36 -50 30 -59 45 -52 22 25 -58 59 -47 -18 -37 6 11 -75 78 82 24 38 57 73 18 24 -83 -35 79 33 -94 -52 50 26 19 37 56 -89 83 85 55 -63 -96 93 81 92 -17 76 -99 -87 80 56 81 -14 82 -37 10 -37 21 22 -27 82 72 80 -90 34 97 97 34 26 17 -53 32 -54 50 72 2 -50 49 2 94 -25 93 -43 -58 42 34 -4 65 -42 84 90 -93 -19 94 26 49 -25 -5 46 -88 76 46 97 87 -48 -19 -30 -41 57 17 -9 70 45 85 48 -22 -75 51 -13 -27 -58 9 -41 82 -33 98 -26 2 -52 -82 96 83 -87 -84 66 -1 53 -29 55 -93 -15 17 11 85 51 -31 -40 -62 -50 86 -85 -98 -25 46 46 12 2 90 75 81 -88 -48 -41 -10 -85 -17 -54 -9 8 -88 96 -19 -39 62 -69 -89 -14 -63 14 18 97 38 -82 66 -85 56 65 -16 -17 20 45 47 -44 -70 -98 48 -74 21 -77 68 -29 -31 88 93 10 -24 43 93 36 -8 31 -4 -59 -50 98 -6 14 -18 -39 -63 -69 -81 -43 -31 99 93 28 -9 52 78 15 -53 27 57 55 7 22 61 6 27 52 21 -75 
23 50 11 55 -78 55 -25 -29 -14 -66 28 51 99 -43 -32 68 61 -72 -49 1 55 56 -29 -82 57 -55 -99 -93 -46 13 -15 -91 -32 59 -44 81 70 83 -64 31 26 -61 4 -72 -64 -61 23 -20 -50 50 -85 -43 1 1 -18 -41 31 -8 -45 -7 92 26 -74 -47 76 61 -66 34 -96 71 -91 39 -2 88 -19 85 85 -82 -61 83 -8 -86 -12 52 -93 66 -92 -43 24 -94 32 -55 41 -5 98 62 -93 14 -29 -69 -68 -11 86 -78 22 -8 -95 -84 70 94 11 65 -97 71 -59 -45 70 -80 46 54 -21 91 84 -66 -21 -46 -29 -64 -4 -60 -92 -46 43 68 4 -32 65 51 -64 -26 -75 -66 13 37 -91 76 83 93 38 -42 40 86 -47 81 -55 -35 -5 65 -44 33 -71 53 -4 -85 -27 71 79 28 4 63 -88 44 -71 31 -71 -58 84 -57 74 59 68 -27 -54 53 -87 -60 -74 70 92 86 12 45 1 99 99 -82 -97 87 -59 -15 29 90 84 -59 -59 40 -41 -50 14 12 -15 74 63 -46 31 51 5 57 -52 44 -12 -94 -23 -41 21 19 96 -35 -7 -62 29 -53 45 54 -83 40 -67 15 -87 -70 63 91 98 -12 -92 85 -90 71 24 23 84 -87 -26 71 -99 -79 -22 16 75 -43 -84 37 63 54 -65 -58 85 80 -10 1 -51 43 43 48 -23 80 -70 79 -57 66 8 -47 82 -74 58 -68 48 -91 -31 24 72 18 55 62 45 74 -41 2 -55 -37 -26 44 34 17 -58 -54 62 -8 -29 -87 34 -46 -92 27 37 -32 -39 25 93 65 -57 -97 -66 -26 -22 -44 -81 6 92 10 -3 -48 -6 -84 18 -61 -4 -21 9 62 -81 24 36 -55 -79 -45 -11 -49 -86 24 -75 24 23 44 -77 7 92 51 41 75 86 7 86 72 73 50 30 -74 21 1 82 -77 39 -20 80 80 89 39 -9 -53 -7 62 -24 -15 -84 -32 43 68 -78 -49 -83 -62 76 30 76 -87 10 81 -59 -8 -56 -68 30 36 44 12 -90 32 -96 -18 -24 -71 58 67 26 -26 36 -74 -84 67 34 45 62 78 40 -25 -98 25 -13 34 -30 -21 3 84 -58 -37 -41 -55 78 32 29 78 -45 25 77 98 2 -16 -19 26 -97 75 44 -71 5 11 0 4 48 -76 93 -68 18 -43 -48 -31 -76 21 54 -1 23 76 49 87 -49 -65 -1 75 40 -34 -7 45 48 63 -55 52 88 -53 -39 -60 78 82 4 -8 -7 -37 -77 90 90 30 
-87 61 56 -12 -11 -36 3 -87 84 -18 25 -32 25 -46 -56 -37 -23 65 -4 57 39 69 -29 9 -99 97 21 -77 25 -49 39 -32 96 77 39 89 -13 -9 -42 45 -91 -3 54 2 -55 -18 -10 -1 23 -55 96 -55 61 73 -22 36 81 -9 36 -67 82 -20 -22 -90 79 56 -90 62 27 48 -57 -82 89 -38 -33 42 -2 -39 2 30 16 -2 -99 -27 36 28 -30 62 20 -54 -79 45 -37 72 60 -41 -82 69 -46 85 74 79 -98 4 -40 47 21 89 -56 -20 72 7 -68 -4 0 -65 16 9 25 79 -26 29 -32 77 -17 -84 -79 -16 -24 -15 67 33 5 19 -16 81 96 20 15 44 -79 -7 -91 -21 -6 37 -2 -79 -31 84 -31 -90 -24 39 20 10 36 -6 70 -53 -66 -1 -37 10 -59 70 25 84 -9 -91 29 98 42 -50 -39 -44 3 15 44 47 -95 52 -25 3 -27 38 61 -81 -72 -10 -98 -28 -84 -95 -40 -50 -84 95 1 -19 -20 72 22 78 -58 -71 96 -89 8 -46 -32 63 80 -93 -40 -91 23 -54 24 -92 -89 -88 -48 -52 -42 -42 60 -54 77 84 -30 -35 -24 -3 32 -97 -41 -63 -76 44 -99 73 9 78 67 37 -78 -66 -35 -50 -81 -88 84 32 -29 57 11 7 -53 -77 18 -38 67 -8 -57 -33 -24 -81 -51 44 0 57 21 -11 -45 -35 81 97 68 86 17 96 -30 -41 -76 -47 -13 -20 -62 -99 -89 -97 44 43 -23 -82 87 59 -82 -29 77 -82 -40 -58 23 46 -61 -42 -17 -65 -44 -69 -26 -36 11 -90 87 -64 -22 -42 -87 14 -74 0 -25 -27 -8 90 -72 85 64 0 -41 -48 -81 54 -66 -82 -94 55 15 -5 17 67 14 -77 -39 -15 77 -23 -5 -6 -45 52 42 29 4 -71 -46 -45 30 -86 -28 43 -81 -61 68 48 -34 7 79 17 -5 48 -32 -13 23 77 10 36 -93 -69 -28 -11 -1 -16 -75 29 43 81 49 -81 -61 76 7 30 -8 63 18 70 -91 -88 30 -35 57 65 -1 78 4 -75 -99 9 -29 -19 -77 74 23 -96 -84 4 -85 -3 10 84 -88 -28 16 57 65 42 -82 -35 -71 -38 9 -15 -86 -54 -83 93 2 91 51 -54 -90 42 70 4 -14 -28 39 -78 86 39 -86 -81 50 57 -9 -87 -67 55 -68 4 -90 80 76 -77 -80 -85 5 12 -23 0 93 51 8 -42 -80 -96 -42 11 61 -90 71 33 -80 -17 -30 -14 -62 -49 36 9 38 -42 43 -15 42 57 
14 -3 -39 -23 -1 -63 72 26 64 -33 -11 -79 54 -96 31 -75 29 0 61 67 65 8 71 -46 -68 6 26 24 -98 -72 -76 92 -87 78 27 27 -13 -19 44 -66 -9 -30 -61 34 -95 64 8 22 98 -43 -76 -75 -22 36 -44 -69 85 -52 -35 29 38 -49 -44 98 -25 -94 58 96 -30 11 77 65 8 -69 -88 53 50 -97 64 85 -2 50 -34 5 59 -21 34 57 75 61 1 97 -18 29 48 38 -56 24 55 -50 -42 -34 -11 77 -80 77 60 -50 79 -44 17 -42 25 -45 -70 -13 -24 -61 93 1 62 -30 96 46 -87 -67 -71 -94 5 -92 32 45 -61 -18 5 52 40 -36 20 -11 90 91 99 -83 -12 -58 35 -90 -96 83 1 61 -84 -37 -43 58 -84 -41 64 -77 -7 24 82 -61 13 -12 98 -95 -3 8 -98 -66 96 -26 19 -3 76 -54 47 -22 -65 -91 -31 98 20 -12 -33 10 63 -63 73 7 -83 -94 -23 -53 -7 45 -77 -24 64 -41 97 -89 88 -72 99 64 -8 94 11 89 72 38 24 -62 -62 57 -75 8 0 24 -16 41 -98 79 32 86 -60 -55 -57 37 26 90 79 -62 36 10 9 -50 14 -17 50 40 96 -40 4 -37 10 -21 -25 -80 -45 38 37 -66 -82 2 -86 -70 90 2 -30 89 -19 77 -4 68 -43 3 26 44 -63 -71 34 -13 -31 25 26 -75 25 22 7 -21 66 -4 -48 25 47 -7 30 18 -5 68 -39 29 7 -80 9 -20 46 -46 -85 -34 -2 51 47 -83 31 44 86 66 83 -12 -79 -88 52 -90 -70 82 19 -99 3 -15 52 -15 18 -17 -40 80 94 -19 -54 39 43 -33 -51 63 -85 45 1 -41 -7 -5 64 3 -99 -59 11 -82 -85 37 8 -98 -65 -40 -31 57 -11 -95 -58 22 -25 75 8 -37 -68 -76 54 -61 78 16 -21 -26 -98 13 -39 58 5 -81 86 -43 -68 -17 -35 -95 70 37 35 56 68 -23 34 -2 -85 -35 34 27 44 -53 22 50 -75 -95 -91 -44 -87 -81 74 75 -26 59 66 -39 -50 -25 -42 -58 -64 71 -82 -55 -69 14 -34 -7 -8 44 3 60 -76 -96 9 31 53 -52 46 -33 5 74 24 -31 26 -59 54 -76 -46 98 -35 -18 -62 81 -71 -49 -6 59 -25 55 -98 5 -62 24 -8 -37 16 44 -59 10 95 64 -94 -65 6 -82 59 -96 -70 34 -62 0 75 49 92 45 -38 95 -43 50 15 27 11 35 44 5 -47 -14 24 48 13 -13 
-61 -30 84 -12 -72 31 -82 -85 20 14 -89 25 -38 -30 -35 40 87 -1 -3 19 -50 14 -26 -48 37 87 -83 -69 -74 -69 37 2 -96 -67 -41 82 -55 -56 57 -93 32 44 90 -56 -61 -40 -4 -27 26 74 -29 -35 -43 -15 49 66 -53 84 79 50 59 -24 64 -56 -38 -1 91 -39 -10 -45 13 -28 -18 -96 -21 92 -33 37 -90 -23 70 66 81 45 -74 -97 -20 -11 46 -60 -88 28 10 -4 22 -8 69 -57 -8 -3 42 28 -1 -31 70 31 19 -30 55 11 -95 80 -35 47 77 48 60 -71 -12 23 57 -9 34 -24 8 -67 -83 -40 90 2 48 -70 61 53 44 -19 5 -2 -62 99 56 -45 62 13 -36 -47 -14 58 -60 16 -28 35 79 39 8 35 62 -75 36 20 68 11 60 53 -82 -83 53 -75 76 35 70 -93 3 -62 -57 61 -32 -87 -86 -78 59 51 44 -12 59 -52 -54 -89 29 -27 -55 44 94 63 42 33 -5 -97 79 9 -48 -29 -33 -92 -92 -42 49 11 58 -78 -86 46 -40 -18 -3 6 -80 43 34 -66 76 -61 88 -4 -29 -15 84 -44 -11 87 -14 -58 -53 -37 56 51 -40 9 35 -59 92 -30 50 71 91 -51 -32 45 31 -21 8 0 84 -51 -10 72 -52 -70 26 9 -25 -52 -83 -9 21 -36 -21 -20 -4 -51 -38 93 -24 -26 -65 -2 -46 27 -93 -46 77 73 17 34 46 57 52 -37 51 47 51 8 7 -48 -38 -12 -85 -77 -78 -99 -33 95 -27 -56 60 -83 56 -78 -43 83 -91 -54 55 -93 85 58 -66 -87 26 -79 -44 17 21 -3 -13 33 23 60 -55 -83 85 -86 0 31 90 -76 -59 -92 53 -97 24 -20 -51 -4 70 -11 -78 52 31 31 -62 96 -18 47 80 -18 -74 -80 -51 30 75 87 13 84 4 66 -51 96 60 51 -29 -39 -75 -87 83 -25 11 23 -26 -35 2 -14 28 -67 25 73 48 0 -51 -62 -2 -49 -15 -30 -2 -94 -3 -91 60 23 41 -80 72 80 -60 3 -25 48 -55 45 -91 -33 91 81 84 -28 -99 98 -40 -83 -38 -62 -87 -97 62 97 8 33 -21 58 -48 25 16 -58 -36 -58 -70 -32 40 14 -18 85 66 65 52 -47 -94 49 62 -84 -5 25 47 -95 42 -3 74 -70 29 19 61 15 96 -13 -34 77 -68 -80 67 -11 35 -36 81 -33 73 25 -45 94 -97 98 -52 -82 -55 49 -65 15 86 -26 -30 59 54 43 3 7 -23 21 -18 -49 73 20 
39 42 -3 -50 -19 -85 -39 41 44 66 -35 14 -94 25 -53 9 66 -21 88 -66 9 71 26 -17 5 -76 22 73 71 -21 33 76 44 99 -23 -75 -4 78 45 73 80 89 -69 -14 -3 -46 87 85 -4 97 -30 -57 32 81 96 -56 -15 -84 -55 -88 82 -22 1 -48 -9 63 -30 0 88 71 -81 39 2 -86 -85 34 -71 16 60 24 57 5 2 27 -77 67 -34 61 -30 0 -2 8 47 89 -18 -62 -29 -37 -15 50 0 -32 -79 -42 62 -48 -87 -58 53 54 -25 -69 31 -4 -3 44 12 -64 -54 33 36 -13 -17 -77 -27 54 53 90 51 26 43 -87 -14 42 1 5 22 13 -70 54 -31 39 20 -58 -59 -39 -83 78 11 -76 94 51 36 82 46 -17 -83 -58 46 93 82 7 42 -11 -55 -38 60 58 27 36 -12 -56 -11 -64 -5 89 -9 -13 66 45 -60 -2 -51 -60 -66 89 -51 -55 -90 -52 -66 59 24 -9 31 -25 22 -78 6 -47 -3 -47 -15 15 1 -26 -86 -33 -33 91 -35 -45 -63 -16 -75 -51 10 73 -6 59 -99 66 99 -2 -52 -73 -67 -6 9 -85 27 88 34 94 -34 34 10 46 3 66 94 84 78 -86 -18 -93 -82 93 -79 94 33 -61 15 21 10 -54 -25 -46 84 68 10 -70 -73 94 20 -82 -78 -72 -69 -95 31 -94 53 -26 81 58 -98 -15 -98 17 -29 76 -2 -39 23 -70 -56 37 -63 81 36 47 40 18 50 -38 -54 78 55 -13 -10 34 -16 -99 28 -36 65 84 -32 -97 -3 58 40 5 95 -4 77 41 -10 37 -91 -90 85 78 97 -40 -40 -22 -82 -39 -19 -1 -4 -21 56 27 53 -79 -2 55 33 -63 71 -81 -7 -6 82 80 -26 -68 50 -63 81 34 72 -64 -46 -4 -41 58 20 75 61 46 1 -51 59 94 75 38 61 -75 -71 93 1 -3 70 21 58 -57 20 39 -25 89 92 50 -15 23 98 -33 34 -51 -16 1 70 -93 37 13 78 -61 -48 -92 49 79 -69 -22 78 -80 -43 -6 72 77 -27 -65 23 -52 86 -54 89 41 -69 -29 48 -42 -81 -27 61 -13 -84 39 82 23 -78 -82 32 -66 -38 -14 -60 7 -14 15 -18 72 33 48 3 58 60 -27 -1 -15 -38 -25 78 87 -21 25 -33 -9 -40 -45 -82 43 1 -19 98 65 -9 -18 -97 -53 3 -85 59 11 -87 6 -68 -5 52 -89 -61 -53 17 -65 -53 39 34 -12 64 -81 -60 85 -91 -76 -81 79 11 -52 
99 -45 93 -15 98 55 -10 74 -28 -34 44 -37 16 70 77 -84 -32 74 22 -58 62 -47 -90 -70 70 85 -73 81 -15 -15 81 15 -54 23 56 -2 76 -8 69 7 15 11 49 64 14 23 67 40 -5 10 84 18 -41 -58 74 -50 14 6 56 99 -47 2 98 -1 37 -29 -58 92 51 -55 74 -22 92 24 3 27 27 -62 -30 -34 64 23 60 -76 -71 -96 74 65 9 -43 -5 -77 89 29 -3 -72 -74 -24 51 70 -81 -71 -74 -9 -98 -52 -23 -54 -58 44 60 35 46 -12 -45 -60 22 52 -30 -9 9 -20 -17 57 -25 30 -74 -77 -59 77 28 95 -46 -47 25 74 -16 -78 -82 72 28 -30 26 -46 -2 -89 54 -87 4 -3 -97 72 13 -86 -59 39 -99 94 -88 71 -71 46 -1 93 10 92 53 -45 -71 15 -81 26 2 69 33 -14 84 -75 -11 -83 -51 74 90 -50 -68 -9 71 -98 70 -24 -6 20 -90 -86 99 -45 -82 16 35 -78 37 -41 89 -14 22 27 -70 -39 -15 -39 2 -11 -85 19 -99 27 -77 41 -80 -96 -65 -43 -41 46 -48 -92 79 63 24 -11 77 92 53 12 14 -38 96 -74 37 -59 23 -55 15 63 67 -40 -22 -64 -12 87 -88 -63 -76 -84 -64 -10 -29 -13 -32 -32 -81 -62 95 80 -28 33 -42 -76 77 -94 -38 8 -94 -3 -37 -99 -45 -44 -87 5 -22 19 18 -14 -88 -73 4 54 -73 -97 72 -89 -94 -80 21 62 -36 4 65 73 -5 -92 -80 17 -22 37 -5 25 -30 -72 41 -74 -81 51 90 1 21 60 -81 -64 91 3 45 98 0 53 -3 42 -87 42 -40 -93 -71 65 74 -88 -27 -88 68 58 -48 -6 -88 83 17 -69 -9 26 84 -17 -85 -38 -82 -31 -45 -35 -68 54 45 -77 16 56 9 16 -67 -24 65 66 -4 60 91 50 50 -1 -47 -40 -6 65 61 67 -86 89 39 89 -98 -62 78 42 -60 -34 -67 33 -17 86 -68 23 -89 -99 -51 21 -64 -8 -20 12 -68 -15 6 69 80 -9 -75 28 -98 -95 22 37 54 -20 40 23 45 28 -28 0 -33 34 -81 -88 10 93 -10 74 -75 71 -67 -82 -31 -9 -77 16 -46 -24 -54 -27 -46 13 1 85 99 -37 10 -36 -20 12 25 79 36 64 44 -38 -41 73 3 -45 75 -3 25 39 -12 -16 37 -93 -60 82 -27 63 18 67 61 13 -63 79 -93 -51 -77 79 28 -46 -29 -63 -5 -51 63 87 -55 89 -55 -6 81 74 
-14 -74 -40 -64 72 34 -4 89 -41 -90 -98 -40 -18 -80 55 25 -35 -73 -66 6 -69 73 -65 77 76 44 52 -69 5 -50 67 -47 80 -91 -20 3 -98 86 23 4 -49 -83 -35 -41 -39 4 -66 -62 42 42 -29 -90 53 28 43 48 -5 -82 -23 96 -29 -50 99 34 28 21 -64 -37 20 -45 -65 -11 82 -10 -91 10 -86 -18 26 -10 -62 47 49 -94 55 80 -25 -8 63 8 -86 -35 -60 -59 -97 -98 -30 -54 9 35 4 -48 -38 55 85 -36 -1 7 58 -36 33 -80 -53 87 91 -7 33 -26 0 65 -28 -53 71 12 -82 65 83 -92 22 31 61 4 5 52 80 -90 8 -67 -13 6 -8 -10 66 89 8 -24 97 -63 64 49 1 -8 -11 27 4 10 93 -6 -8 -36 -50 -50 33 79 21 -39 -55 21 -60 -79 31 -40 -41 30 51 26 -21 51 -52 -71 69 40 4 -78 96 -64 -56 89 -34 -4 61 12 29 40 -56 37 98 -89 89 89 88 -53 -30 48 -18 -16 -10 19 -45 -83 68 59 82 80 -83 34 -78 -39 4 -51 15 66 -1 21 47 37 -41 11 59 -4 -8 40 -99 96 -8 83 62 11 -34 -14 -50 36 31 45 -83 93 57 6 4 -21 -22 44 96 -68 -71 -9 -26 3 57 -30 -92 43 12 -34 -59 46 26 -29 -19 70 74 -58 86 -62 21 -34 -35 4 -41 73 -70 70 66 65 -83 -19 -81 -49 -44 63 95 39 -43 -61 -11 -82 84 4 -50 46 98 -86 -43 -5 -64 -55 -99 -1 64 -3 -35 39 -70 -29 -44 -6 -42 -68 -85 -41 51 -62 11 -22 -30 33 -94 -21 -14 -25 52 7 20 -42 66 -46 46 42 79 82 -32 -13 99 -2 82 18 73 -89 -51 95 -54 35 34 -54 -49 -27 20 70 92 -7 77 22 -96 -86 -2 -55 3 -82 81 -54 -86 -82 -63 83 65 76 -24 73 -72 -76 -3 -83 -84 -37 55 -67 -54 39 26 -72 -44 99 -93 75 83 -75 63 -48 -22 -47 12 -99 36 -99 13 60 42 -38 -20 -69 -93 -30 -77 -33 76 -47 44 6 -99 87 21 -58 -14 -64 65 -8 -80 -44 92 45 16 18 -5 -55 -39 58 87 85 92 39 -23 46 -56 -51 -6 79 92 -19 44 71 2 -6 15 -23 83 32 -9 -39 85 25 8 -40 86 -31 -39 -19 -52 -86 -41 -10 23 -12 93 4 -82 -75 55 -48 -26 -16 78 -38 -83 -7 0 -35 27 84 -34 -38 -1 40 -21 21 41 -42 87 42 2 82 
7 -65 -80 -83 -98 -15 -79 -77 64 10 8 -71 14 -92 -11 -48 11 96 76 -51 -79 -25 91 74 86 88 -60 31 67 87 73 -53 -75 8 80 -36 21 98 -78 -71 91 -59 -34 76 96 -66 -24 98 62 -41 -31 -88 -36 -26 -60 31 -11 -52 -74 67 -30 8 60 -19 -82 -37 16 29 -82 50 -27 27 -12 97 25 -15 89 -4 -85 89 -50 1 54 88 -17 -4 -66 -25 -6 46 -50 -96 -23 23 71 25 35 79 50 -23 -32 -58 -64 -2 49 91 -85 42 -72 -91 53 78 -19 69 -37 22 45 73 9 -67 53 30 -86 76 -15 -54 94 -53 -24 35 -14 32 62 71 85 -18 14 -66 -95 -70 64 86 -13 -85 -26 73 4 -46 -5 34 46 93 96 5 60 -50 67 -77 -68 42 14 -97 -95 50 67 63 -90 82 -60 -39 -51 -39 -4 -62 -10 10 -71 -85 -34 86 60 -29 73 10 -30 9 -16 49 -57 91 -4 -95 -62 -49 -32 48 34 -59 -26 35 56 41 10 -57 -1 67 -52 -62 -45 27 -86 52 -22 36 62 64 93 -59 -47 65 45 56 47 23 47 -22 80 5 56 -77 58 2 45 -29 -1 -20 -70 8 92 -98 -56 -92 63 -21 63 -87 -1 66 -64 93 49 -18 -13 15 57 -17 91 -24 30 63 71 21 21 40 95 10 -30 -61 88 -42 4 0 32 -21 38 87 80 78 -52 -78 12 91 37 80 24 27 9 -5 60 -65 81 62 67 -19 0 38 -87 -53 -75 -20 88 39 -62 95 0 -2 -57 34 -29 8 -15 -34 82 87 89 70 61 84 -32 38 -73 -26 45 68 -58 6 -55 -21 -87 99 -54 28 57 -90 -35 -54 11 -22 -37 -34 -11 -95 -65 -34 19 31 -7 91 -20 38 -58 49 -25 8 -56 44 -29 33 84 76 -42 46 57 -28 99 -49 -34 69 -62 0 25 60 -31 -98 -34 -87 -59 1 -51 -88 -91 70 86 -69 -65 12 15 -17 12 -75 -73 38 89 31 -32 -73 -33 10 38 16 -35 71 -58 -76 56 -5 -8 -36 -55 2 -33 -71 -45 91 -97 -55 47 -39 39 -93 -32 73 -7 67 -73 91 -74 -95 56 62 -47 -37 -73 -69 -68 -7 43 -93 8 -28 -91 -94 6 -30 6 9 38 -15 68 88 -55 64 -80 69 83 -67 -61 -4 -3 80 11 12 -35 -81 -99 43 -37 -66 32 24 18 18 -46 -24 -31 89 -6 -9 17 -25 -67 -40 5 2 -72 97 10 95 -31 -93 -10 58 52 -40 5 -13 -58 -62 15 -94 
43 -1 42 79 50 9 -26 -26 97 70 -20 -70 86 -66 39 -36 -35 70 -2 48 -91 -16 -4 69 -85 -65 86 -34 22 7 14 -99 71 73 -88 -39 -56 -5 -53 3 -59 72 -56 97 21 -98 79 21 -81 -34 85 -89 29 -17 48 -89 -20 29 -35 -50 88 37 -37 3 23 -43 4 -33 95 51 -35 54 59 89 5 21 10 81 -32 -60 50 21 -12 -99 -86 -14 -6 -61 -60 -3 -55 -69 -63 -54 15 62 55 18 -25 28 -54 30 -20 -34 -96 71 6 72 -31 88 97 -82 73 -61 -98 63 -74 75 27 76 1 -10 -59 61 72 -89 -3 89 -98 91 25 -29 -22 41 -42 73 -31 -97 4 52 61 64 68 -21 11 83 35 75 3 -7 20 4 79 19 -53 57 -17 -26 -47 -75 72 71 -95 52 -76 -75 77 -58 -5 -74 -3 58 97 16 -37 -20 -68 -54 -57 -93 2 76 -10 -31 -59 29 -94 63 -66 -27 69 -30 61 -85 39 24 92 50 -68 -37 -98 80 67 -50 -2 79 76 4 16 -50 56 -43 88 60 -97 -22 -72 88 35 -79 -98 8 -52 -8 72 -24 2 -65 -25 50 -12 -39 -11 -30 -26 15 -2 -81 49 -36 91 -19 89 -78 75 -58 -67 -65 28 -68 -30 32 44 -26 68 -83 23 3 -87 -5 -95 86 64 -81 -64 57 -46 -94 42 59 -2 68 32 50 34 -5 -47 -20 4 -28 10 89 19 -37 30 95 -12 -31 75 10 34 -23 64 49 -11 51 -68 -60 -6 -32 57 92 -76 -43 89 -29 27 -72 25 30 -82 -14 87 18 39 -24 43 -5 -53 68 38 70 45 -50 12 90 -64 69 -52 6 89 -87 -50 69 -97 -39 29 -54 86 40 -90 -58 19 35 53 -91 -30 27 -24 86 -72 -38 -35 53 34 78 22 92 25 -88 66 -26 -17 10 67 -94 26 -86 -72 -22 -28 -57 67 29 72 -62 80 75 25 -28 36 -15 -74 94 90 -42 -30 23 -53 2 -8 79 15 92 30 29 -58 42 61 70 42 -69 -72 -56 73 69 -21 -54 -80 98 98 89 11 -37 19 73 27 47 -33 74 82 23 45 37 -32 6 -1 -33 -50 -79 -74 -77 -59 -4 73 -18 -52 98 -7 -64 -99 87 -35 -39 -3 92 93 2 -32 -88 85 -50 -28 27 10 -54 -54 -44 -64 48 -23 -24 11 -15 -28 -35 9 24 91 86 44 83 -66 -53 -55 -8 8 -94 -82 -56 14 -60 65 -1 5 13 57 -7 81 41 -33 -4 92 -28 -74 71 -3 -46 -52 65 
15 -6 -57 -74 -92 -24 36 86 32 -1 3 -71 -15 44 60 -69 17 42 37 64 85 95 -36 28 -57 68 89 26 -78 11 46 64 12 -84 43 29 -43 5 -82 -90 -27 -36 -56 12 -56 72 -34 18 89 -96 76 73 -17 80 -56 -74 -46 -44 -2 -16 32 -21 -56 -58 17 -60 -83 -10 62 -74 13 91 -87 54 -58 13 -69 -2 91 -35 -50 -81 -81 98 -89 -49 70 -37 -70 -14 99 -85 -73 -37 89 -18 15 83 73 -36 -84 92 91 86 46 -80 16 -20 34 58 30 -32 -98 68 -18 -23 -17 -6 -12 -20 -12 -93 47 -53 48 -68 -54 29 -99 25 42 6 56 56 69 -17 79 6 -3 -75 -79 85 48 54 -35 -68 33 -22 -36 -42 83 -23 -41 -71 45 -26 86 -83 -12 93 -50 43 28 -67 69 97 -59 30 98 -45 -8 88 -95 40 95 -52 -63 -52 50 0 59 52 92 -15 51 -10 42 49 -87 -58 -97 -54 15 8 50 55 -81 22 47 -94 -30 -62 -78 5 -57 -50 -70 66 -71 20 -40 34 -77 17 93 -69 54 26 64 -10 -27 30 58 52 -70 -12 71 48 -54 -30 -59 -83 4 -14 -11 -92 -93 32 -74 59 28 -85 95 37 -14 -11 -21 34 -66 -98 -46 44 -39 -64 32 -91 -28 -21 69 83 -58 -58 -78 67 91 -4 71 -10 47 37 -66 68 -29 -8 76 -71 -4 99 -10 80 -29 78 94 20 -48 68 83 -93 68 -25 98 -40 72 -68 -99 57 34 -6 62 76 -8 -24 -46 -64 70 -57 -70 -79 9 -57 -90 84 -42 76 86 22 -4 -92 -50 -65 54 -38 -39 38 85 -66 -66 12 -50 -2 65 19 19 57 61 62 -44 -13 30 -8 -70 -91 0 22 65 83 -60 -15 -74 -10 -19 -91 81 58 4 -89 41 1 -41 24 -3 27 -1 33 -87 17 14 12 97 8 97 14 39 -83 5 97 -87 78 77 -63 85 52 5 -25 76 -21 54 -69 44 -15 -75 -53 50 92 -74 97 -90 -11 46 -20 81 14 -67 -46 -1 -53 -53 13 94 -93 2 5 -3 24 65 -24 82 32 18 16 46 -68 59 -71 -37 -65 -13 83 21 -98 6 55 72 81 -54 11 -16 -22 58 -35 -13 7 97 76 -36 31 15 47 -14 55 -54 -23 -88 -50 69 81 33 92 -61 29 38 -56 20 24 13 -55 95 78 14 49 55 46 79 15 -45 69 67 -69 -79 -43 -14 17 -31 -77 -51 75 -58 13 -61 -34 13 64 1 -29 -37 99 92 -62 -48 -55 
88 -68 -71 -88 -28 -40 -17 -3 -32 40 -4 -32 -71 15 -37 -77 46 11 -57 -41 -63 16 -9 85 57 32 51 60 -52 -80 31 -38 -81 -13 84 -87 -89 -62 -66 34 38 72 -3 -28 40 5 -48 10 6 -80 82 -80 -69 -31 -70 15 71 -95 50 46 57 83 -71 -90 -4 -21 -60 -36 54 -30 -29 52 97 5 96 -43 -12 79 -31 -20 -57 91 53 -78 -65 77 -30 -61 18 -35 -62 25 15 14 -13 0 56 -71 58 73 75 75 -58 20 -55 -57 10 -62 -42 -79 -71 -9 -52 82 -44 -43 -55 -8 59 40 51 -85 -32 -71 -71 27 90 -63 82 -10 83 -52 91 -64 -99 64 23 -12 1 29 -89 -58 25 96 28 -89 -92 45 0 25 96 61 -28 -79 79 -82 -51 -99 -60 -10 37 44 2 53 -67 28 -82 -52 89 -29 -56 -95 -78 84 -69 46 -99 52 -97 -32 -79 84 55 -23 26 -55 17 -85 5 73 -21 -10 60 34 -50 -45 74 89 -59 56 78 -83 58 -64 -88 -44 -4 85 -71 -15 -52 71 37 74 -75 57 -95 11 -57 -61 76 -82 68 -4 71 -31 73 -87 -96 -9 65 73 -94 49 -20 -77 45 89 51 23 -77 -20 -2 62 -4 94 -28 65 79 -60 29 -29 51 -67 -57 96 37 -17 -68 13 -11 -71 62 46 -67 -80 19 28 69 16 7 -40 5 -96 16 -56 86 -25 9 -2 0 79 -71 88 -2 76 -47 -53 35 73 97 -92 -56 98 -13 -81 -36 -59 -31 -89 42 -7 -14 -34 -57 -48 49 -52 -88 5 -71 10 97 -90 -95 65 32 41 -73 23 -75 -30 20 -55 93 -46 -96 59 53 -76 33 57 67 -57 56 67 -50 51 86 70 -79 -59 35 88 45 -29 -98 -96 44 -86 -94 -94 -60 -6 97 -33 -57 -51 -45 4 99 -61 28 -14 95 -83 32 56 20 55 -68 -64 -59 -69 -86 -85 99 0 -56 33 43 42 75 -68 98 65 7 -21 -23 -71 33 -18 -89 56 -84 -26 -80 -38 72 -47 -75 -52 67 -71 45 -12 92 1 -41 -70 -3 -17 -53 -28 -29 69 -5 33 -33 15 57 -60 40 52 12 -60 72 -2 -83 52 16 7 14 42 -79 -68 21 54 -20 -47 36 88 -89 -26 -82 -91 -64 -82 3 -60 15 7 -39 20 23 -97 38 46 -49 -71 -26 95 49 97 20 -20 -1 -74 33 -68 -1 7 -76 -66 13 60 -99 57 -5 35 -56 -41 -69 -87 43 -62 44 -82 -61 -98 85 -1 89 -10 36 -2 -80 -1 23 48 
92 89 -83 94 -7 -80 41 -78 -47 81 -14 12 82 -6 -28 -13 -97 58 43 -23 -27 22 -46 -61 43 -99 -15 -20 66 -66 58 5 -76 -78 -89 -89 60 28 -51 70 -27 43 23 66 -70 76 11 -84 -78 -58 40 -11 47 -11 50 39 60 52 52 -57 -3 12 48 59 -39 20 -91 -88 54 -28 33 45 -22 -66 -95 -88 45 99 66 79 -75 -56 -1 -40 48 44 -57 21 76 2 7 82 23 -72 -48 -25 -44 39 -85 -16 -47 -10 6 -52 -39 4 -97 -41 -36 -45 -32 -47 -83 -50 30 54 -94 -39 17 -31 9 98 -38 -45 -94 -32 70 -58 -33 -39 11 42 -26 -11 -78 -90 -40 38 -29 -87 2 59 24 -24 -51 -92 -75 71 -1 40 67 -6 87 23 -22 -50 -18 -51 -12 -20 -97 98 -37 99 -80 -1 49 26 60 -53 10 42 -11 95 26 -51 -15 27 85 -98 -49 -86 35 39 -14 -82 -74 14 -28 84 97 4 48 93 77 59 -97 48 -62 84 -6 -96 -69 -21 -2 8 38 -97 98 49 -6 -65 -37 5 -58 75 24 -12 -41 -71 -95 -17 7 26 3 50 77 -7 -53 96 80 39 -62 -55 -8 -19 15 69 9 96 79 -26 77 -80 82 72 21 -31 -30 33 -27 -34 57 -83 -62 22 -55 67 95 0 -9 96 48 4 -87 36 -70 5 8 16 31 85 -37 -1 -25 38 5 0 -82 81 -33 -81 80 32 83 -49 53 -8 -36 41 -54 72 18 63 30 -78 -77 -61 93 38 -14 46 75 -13 -40 -13 -58 30 -63 67 90 73 -58 -97 1 58 86 83 65 -29 63 -69 -14 -31 -74 -57 21 99 80 -56 -87 90 9 86 -5 -50 -68 57 -92 68 -70 19 77 97 64 40 -63 75 -53 37 98 85 23 88 -12 75 -79 9 99 -59 -53 2 94 -57 45 -6 51 14 -19 65 83 -46 -51 -8 28 -62 84 -18 -97 -62 -78 -63 89 93 74 -1 -64 72 58 65 -46 -58 -6 64 -41 -68 -88 -45 -12 -12 -8 -77 -41 -18 71 -10 -29 73 63 43 57 2 -14 30 -81 -84 22 -60 -42 71 -94 -22 87 97 73 8 -93 -41 3 16 -40 -30 -36 74 39 13 -46 -57 -52 -54 -23 -3 42 -16 -44 96 82 33 -14 -13 -68 81 7 -57 81 30 84 41 15 22 92 91 68 26 70 -40 -97 -65 -35 41 15 92 -21 17 -27 28 -37 46 88 25 -2 11 76 -65 -44 16 -5 -74 35 31 -91 16 2 -49 26 47 -67 13 13 63 
-80 77 36 -51 1 3 -19 -90 -17 -17 -11 -35 69 78 27 -33 57 -81 -97 -68 49 46 25 -5 -4 97 -39 89 19 -66 41 12 -54 34 -42 41 24 53 -58 99 37 7 -17 89 58 -83 -36 -64 -73 -33 21 92 29 79 13 45 -14 31 -57 37 -90 -52 -58 90 82 26 73 -3 72 58 14 96 -71 15 16 -2 -1 -14 -55 -99 93 5 -17 15 -12 53 2 12 -2 -88 -10 5 -36 -55 13 -95 82 96 84 -64 -52 40 96 28 -31 32 43 52 41 6 -92 13 67 75 98 0 52 23 65 -25 33 29 -2 1 -15 9 30 -47 77 -50 -89 8 36 -48 -29 -12 52 12 -30 -25 45 27 4 -12 2 80 -43 45 62 -29 -42 -30 -58 1 79 64 91 89 -79 -34 -23 88 -55 60 31 -62 -36 29 52 -93 -89 53 -80 95 -5 -96 31 -81 94 47 35 -60 -88 -65 19 -21 20 -4 -87 -70 -50 -97 71 10 -71 -34 8 8 -52 -33 -49 -6 -6 70 16 -16 -75 67 1 20 -9 59 38 -95 -29 -33 72 38 89 26 -74 2 0 -48 -36 -60 -47 -35 -45 -32 8 48 46 -48 92 -95 1 -2 -20 14 68 75 -59 -97 -22 -99 -4 -76 -46 -81 99 82 -16 -25 -98 -3 -98 -33 -86 -11 36 17 -27 80 14 -19 95 -5 -17 37 94 43 41 -95 -16 24 -54 94 -78 -37 -35 23 76 51 -11 -87 92 -49 -88 -23 60 -65 -68 87 -45 31 -88 -48 98 -53 -11 -68 16 15 33 -76 -95 33 -57 -86 98 70 -19 83 -7 52 -46 76 91 -45 68 -84 48 60 -33 36 -58 38 38 -75 -51 57 20 -96 -98 87 9 10 36 38 16 -85 -45 57 63 -40 32 97 71 54 -35 50 23 -6 -50 -79 -22 -80 69 60 8 27 -97 -77 57 -24 -76 -20 42 -93 53 -26 -6 -81 -68 -29 -21 -24 -7 96 -87 33 56 -33 74 17 -20 97 -84 -10 84 -43 15 -88 30 34 -69 97 -67 39 -11 15 -20 5 -52 73 15 -53 11 -16 -50 -10 94 -74 -10 5 -34 53 -96 -61 40 24 -54 80 97 97 -54 -90 -86 14 -76 -89 14 3 -81 57 -69 -10 7 -45 88 32 57 11 81 -89 0 87 -45 33 -39 85 -71 66 27 81 -61 95 12 99 -10 -66 -92 68 -67 64 -83 -43 -29 76 -83 59 -15 32 17 22 -85 26 4 -29 9 -50 72 74 1 88 -20 -29 70 81 4 -85 -72 61 37 81 2 -75 -32 20 
15 1 -96 21 -78 90 11 -82 17 40 -6 -95 11 -76 39 -60 55 -9 68 -8 2 -39 -28 95 69 63 -53 -52 -73 35 -55 62 51 31 70 93 96 41 29 19 55 -81 -89 35 86 9 -60 12 -61 71 -32 79 90 -33 -83 14 7 67 17 95 -76 -19 -1 -6 -20 92 66 -36 88 51 11 -54 9 88 -26 6 -55 -81 -1 46 76 21 35 2 0 62 -83 67 -24 -67 -27 48 54 6 30 87 -49 44 22 78 -13 79 -25 8 -28 38 14 -45 68 94 -79 34 -63 -71 -28 -46 -85 -61 60 -49 -75 46 18 25 96 84 -52 47 -44 -62 -57 -19 64 -48 -49 -49 79 53 77 -19 -9 -23 22 -11 -95 -54 -42 25 -75 18 52 55 48 -75 37 9 -65 -12 8 2 -31 -43 -16 43 -98 17 -19 13 -80 81 19 -51 22 1 32 -41 74 18 -80 71 37 -83 75 67 -81 14 -72 10 -93 14 78 -20 7 10 -23 2 -72 -39 -79 -4 52 -67 -91 84 -81 -5 26 18 -77 89 -70 41 -30 49 57 -31 24 21 -70 68 -79 59 -25 38 -64 -59 34 86 83 -75 -30 -72 22 15 -38 40 -50 -79 91 -62 -98 -36 74 -86 86 -45 -62 -94 96 51 31 -80 71 -54 -75 -71 -68 -16 -52 24 -45 49 11 70 -51 -6 -62 -96 96 65 -6 -15 44 42 -18 -37 -3 -27 -63 -82 -21 -61 35 -70 29 29 -33 30 -51 -93 53 -97 42 -64 2 -22 67 69 13 -15 -79 -17 47 -12 29 55 32 93 -45 -95 -46 -58 -37 -90 -48 92 45 -9 87 -42 -75 0 -32 43 -44 51 -18 -31 -8 -98 37 28 -40 18 42 72 -17 61 77 -96 63 -56 99 76 50 -10 75 99 -52 44 16 14 40 90 -14 56 87 -11 -66 -11 47 -55 -57 3 -65 -84 -17 -7 8 -84 -80 90 70 19 -34 -16 24 68 42 1 -55 -71 -35 2 -12 -69 -50 -77 73 -60 -11 14 4 -80 -58 -89 10 79 85 66 -78 4 -91 44 98 -85 22 21 45 93 36 81 -42 -85 88 88 -26 68 44 -88 64 20 90 -14 -51 72 57 49 -5 46 -19 -95 -82 -95 68 -81 57 -49 -51 -90 53 -56 -11 -82 88 -63 -43 -3 49 -16 5 -8 53 80 -74 69 76 48 -10 9 81 -54 -24 82 -28 -6 40 97 28 -28 43 62 -31 95 -26 -84 -52 53 17 21 -86 15 -25 29 -52 -36 -69 -5 95 18 -9 12 37 37 -8 72 -27 -90 -60 58 
77 -46 11 59 22 19 14 -21 62 -76 -3 -57 -25 33 -87 -17 -30 44 17 -76 95 -48 -14 -90 11 42 -38 40 -82 87 33 -24 -86 1 -27 -25 93 45 -58 -28 -65 2 -31 -86 -43 35 -78 -25 -83 -42 -88 -23 -56 80 49 -85 -4 -53 32 -85 -13 22 -71 -11 -42 -54 59 44 -95 -93 70 -76 -17 -62 19 -92 94 -48 -15 -43 35 68 -47 -95 19 -36 0 2 32 -68 94 55 71 -58 50 61 13 -46 -49 1 92 -7 -75 89 4 40 -23 -1 -64 38 -35 43 -53 5 -42 21 -52 91 2 43 -61 -27 51 -18 -91 -66 31 -77 58 -18 3 -60 6 25 -22 89 -95 -46 20 23 -60 -53 -65 -88 -10 -78 25 70 69 15 35 7 47 42 -46 45 81 80 53 64 -78 52 -80 50 39 -14 -87 40 -26 -86 73 -87 -54 -5 49 -67 15 -26 -5 22 99 16 21 87 68 -91 -68 -42 -48 -68 43 74 6 47 -50 -47 -34 -12 25 83 78 18 -63 26 -26 -40 -59 42 -85 41 -8 14 -64 -29 -37 -87 26 68 -73 61 62 -38 6 -99 31 -19 87 97 -61 7 91 -6 63 97 26 21 87 81 53 72 31 -65 81 73 -80 20 -57 -64 -78 -52 25 -72 -68 -24 -40 -77 27 -72 8 95 23 78 33 42 22 42 -99 49 -3 -3 47 -52 83 60 11 60 40 98 54 40 -64 -97 -73 22 -6 -91 2 -51 69 26 -71 53 -69 -97 -17 -9 24 5 66 -41 -9 4 57 91 -94 -44 74 -2 -68 69 70 -59 -37 -47 -54 41 -6 22 43 15 15 -57 17 41 -49 43 87 -95 54 2 -90 -39 4 64 34 89 -91 -48 41 70 7 -73 44 46 -55 42 72 43 -75 -89 71 56 -36 -58 -15 92 86 -9 39 70 -58 -87 -38 27 18 70 73 87 -51 -24 98 -43 -74 61 42 60 -2 -16 44 -17 22 29 89 32 -3 79 88 1 54 99 10 -59 -39 77 99 -40 -6 -95 81 -2 -69 17 -26 35 57 -76 72 -81 21 -86 11 -90 -31 -40 -23 69 -26 79 -69 -9 81 -80 -84 -66 99 -34 12 58 70 -81 -21 91 -63 62 -55 -91 22 95 94 48 -40 -31 3 36 28 17 -40 53 0 -10 -72 -18 -26 63 21 25 -74 -22 2 -17 98 -11 -99 3 95 26 -33 13 81 87 10 -89 1 -54 -72 5 41 45 -55 34 26 -8 41 -9 -14 70 -67 -45 51 -25 -83 22 -24 -75 55 64 -85 85 73 12 
-55 70 -1 -74 -82 37 -94 -47 -38 13 -82 90 -82 -6 -89 -71 15 80 6 26 68 -50 83 95 -20 59 -64 -31 79 14 -89 -2 -33 15 -9 78 53 31 -62 -19 55 90 -59 -2 49 34 57 2 -60 -40 77 -94 81 86 -24 85 -99 -72 -21 -95 -76 -18 6 93 83 -48 -74 48 72 -85 -97 17 -98 -27 91 91 -24 -55 11 -85 16 36 55 85 -26 35 -55 -99 -29 56 -33 24 -40 -48 32 49 -61 -26 88 11 -54 0 92 87 -8 20 -75 -60 33 23 53 66 -51 -98 2 23 -57 -90 88 14 -59 -98 30 -26 -57 86 -62 44 -39 -95 45 -29 94 -3 76 -87 -69 53 -56 -63 2 28 71 17 85 10 -78 5 -39 15 -16 62 2 52 -26 32 -55 8 20 -42 19 -38 39 -38 -85 78 39 42 -33 24 -73 -92 -92 -20 37 -40 -46 78 96 -54 51 55 21 44 -71 -45 -46 -96 -52 -63 56 -41 98 -39 -6 48 -16 79 -90 -76 -4 11 2 -94 90 29 -1 46 61 18 -43 57 80 -2 -64 -82 -62 55 1 -10 -87 -47 -32 -16 29 44 -87 -79 -8 95 -37 30 27 25 -92 14 65 -10 19 58 92 5 79 -86 28 4 -59 8 94 -7 28 -10 48 67 -45 -71 20 19 -56 -98 -57 21 86 0 -87 4 -3 -55 -1 -63 37 9 -19 -57 -82 -84 -14 -37 -68 66 -25 71 94 -38 7 21 32 52 -7 -46 -18 7 -50 11 -21 -33 -47 -51 31 -28 -99 73 -61 4 -95 65 -61 96 90 30 80 74 -64 56 1 -5 89 -50 92 -88 -18 45 -68 85 -26 -48 87 27 26 -77 -10 0 23 -66 90 -18 86 -66 -43 -17 60 -45 -27 -23 -21 -91 32 -56 -94 51 -27 24 65 21 48 12 88 -79 71 38 -8 52 60 94 -62 49 71 -93 -4 39 62 -1 -10 -52 6 -55 -48 -81 -50 -49 -20 52 58 -64 38 71 61 -43 78 64 65 88 -47 -76 -90 18 -10 -57 3 40 16 -62 94 65 90 83 -9 -86 14 -93 61 64 -51 77 14 23 71 -87 -83 -78 -91 52 22 -39 -8 -10 87 -37 39 4 90 8 -92 -23 -30 -5 13 99 18 -16 -95 88 86 -46 -37 -22 46 25 -86 -5 36 69 58 21 -30 -65 39 96 85 -52 58 -51 16 61 -57 -29 85 99 60 -4 53 -52 76 -60 93 -12 -50 3 -87 -90 30 28 -9 58 -85 -99 -51 -80 -65 21 -55 -43 -1 23 -60 83 -90 60 -84 -80 
-89 98 -52 94 -40 4 -42 -35 -49 64 -88 -61 -4 49 -39 44 48 17 -52 51 -33 66 -19 0 -77 70 -97 -13 39 48 82 92 22 66 -39 77 32 81 40 -88 -82 -1 93 -59 -99 -37 75 -56 73 25 99 30 1 68 -74 -78 -59 61 -41 43 9 3 20 -52 -99 -45 -36 45 15 40 42 -50 -82 -22 -85 -95 76 0 6 37 -83 -22 18 -79 17 -11 -78 -76 75 29 -27 91 77 -80 -26 -85 95 -57 -23 -95 11 72 -53 31 62 33 -84 45 -30 -14 39 99 -46 -11 -8 78 -28 -11 -7 -28 -5 3 22 -71 12 56 4 49 2 77 31 0 -32 -96 18 70 -25 57 46 -54 75 -55 74 3 -66 34 -4 27 70 23 -27 -71 -55 -57 -67 52 -36 66 -86 -95 64 -65 37 31 -55 -14 -72 77 -6 -57 70 14 62 -39 -45 -19 -76 -47 76 -19 28 -25 -24 -47 19 -65 73 -16 -75 0 54 62 -98 82 -82 -70 -19 35 97 90 -32 -27 30 89 50 -84 71 96 99 46 31 -11 7 57 -71 97 89 -69 26 12 4 37 -78 -66 47 86 -59 -11 -36 28 -40 45 56 29 -84 -27 67 85 26 -91 84 11 2 -10 17 -53 -29 -87 74 77 -82 50 86 -49 25 -41 15 -90 54 66 -45 7 26 -26 69 57 59 94 -10 11 99 -61 16 -59 75 -44 -24 -84 -14 43 4 -85 25 44 37 -19 19 7 30 -23 86 46 66 -59 22 -66 -7 -69 9 -86 6 94 54 5 7 -75 -49 -45 53 30 71 30 21 -19 32 36 -97 -42 -30 -89 95 -26 -57 44 -80 62 17 15 -73 50 -9 -14 -50 -68 -69 -47 -47 -20 -58 79 -9 23 5 -88 48 78 40 27 -95 -88 92 -70 -70 -83 75 70 -83 64 94 71 14 15 43 30 -31 -83 -20 -9 -75 -79 -27 58 50 17 -25 20 -80 -65 91 -81 -20 2 76 22 -38 17 15 98 -95 -28 82 -86 -19 -47 -50 -9 54 -92 1 25 -23 91 -84 -89 0 -65 49 50 -18 -57 -22 -96 -90 -86 -38 39 0 83 40 63 -21 71 22 54 62 -80 -26 -86 -22 20 5 -77 73 96 -14 21 -10 27 -90 -6 29 89 -98 -61 56 -68 -1 -68 -34 -15 -28 -70 76 44 -33 31 -57 -32 -73 68 -42 38 -51 45 24 3 14 1 83 9 -85 71 99 -40 79 13 -39 67 -84 -57 92 -78 46 91 -83 -30 -16 -53 -51 13 -38 24 -10 2 -66 -13 20 10 39 91 
54 54 -96 -68 -56 66 -61 74 -60 -4 57 -55 58 -45 45 -95 -2 -80 17 -2 -10 -34 -85 -90 -83 -45 77 -31 30 -23 -16 98 -77 3 -5 -11 27 -16 -13 -99 -39 -11 -25 -90 -10 10 27 88 62 -34 91 78 17 -1 -36 86 -39 -70 -95 -93 2 -42 -85 -78 89 -46 53 -51 -75 82 77 -34 -98 -88 -28 33 -8 -61 -65 57 -33 -28 -88 -89 31 15 -96 75 -78 90 23 81 -3 71 44 23 -1 6 88 -51 58 65 -57 -26 19 93 92 78 80 59 -16 -11 13 67 -75 -87 77 -20 5 27 -21 -67 53 2 -80 33 62 -38 76 -17 -12 23 96 27 59 -10 -51 58 -69 34 51 -52 -59 -43 15 -91 61 65 -22 -80 85 -76 25 77 -42 -59 57 84 10 -9 -7 -91 55 -34 -47 59 53 -23 39 -5 -44 54 -52 -20 -19 -5 -34 14 -71 -87 -62 -74 -90 -28 -66 77 50 -70 75 -1 67 62 -69 66 3 2 -13 -16 26 56 19 86 -79 54 -10 58 -37 -31 39 -32 80 -41 73 81 51 -53 -46 13 -81 33 16 76 31 20 -15 -64 25 51 72 85 27 49 -71 45 -80 -23 -89 -49 -46 -94 -80 80 82 -59 11 -62 -31 46 49 -38 -33 76 -95 -52 -23 74 32 -7 60 65 -76 41 51 72 53 45 -71 -3 24 -49 -32 61 -62 -74 -87 89 27 -29 -6 -96 -38 63 9 -18 8 -93 -9 -71 -76 -23 59 87 -91 -72 -28 70 -7 -76 2 -17 -45 15 -34 -78 -63 72 97 -4 -93 -78 -59 -90 -53 52 6 32 41 -24 -25 49 95 21 -12 -7 33 17 77 -51 -10 -19 75 -99 -93 -33 -78 68 -59 21 -94 17 -50 57 36 -46 -95 -6 0 8 32 -28 40 66 23 -78 -44 -48 22 -25 64 -86 3 -86 26 11 -70 -47 85 -22 -50 -2 -46 -60 -98 -22 -16 21 49 -52 -92 50 -78 42 -88 37 34 6 17 31 -24 -69 -88 61 -31 77 -51 4 -11 -14 -10 90 80 29 4 41 -48 -57 37 57 -27 37 61 -1 27 -2 -73 -82 31 -5 -93 -8 40 77 -56 -78 -65 29 79 -1 -43 -59 45 9 89 -2 -36 35 4 76 57 39 46 -21 6 -80 -86 44 -30 -44 30 6 -26 -39 77 -63 29 -15 62 -83 -65 78 90 -46 7 -37 52 -12 -47 58 9 97 -12 -94 88 90 -35 44 -74 -85 -65 -34 28 87 -88 22 57 -43 -81 -95 -41 -46 -86 86 86 -43 -88 14 87 -56 -28 12 
-40 -79 -16 24 94 -54 -93 -37 -81 74 -1 -78 65 12 23 94 64 52 -94 -37 76 14 22 29 -38 -54 -60 52 90 73 98 29 99 -76 -53 57 40 -80 -53 97 64 49 81 95 95 21 -38 -12 -36 65 -36 4 -85 -32 -49 77 -28 44 -48 -71 -60 -88 24 69 45 14 56 33 14 -86 12 32 40 94 -84 -79 -14 -53 -74 12 -68 -34 80 -97 17 83 64 28 -44 -25 -46 58 -43 -75 -80 -13 65 92 -95 73 -49 25 -89 -86 -23 -72 48 -74 -85 -45 -77 -96 -77 -11 -78 29 42 88 11 43 -4 -83 -36 -47 -89 -92 -34 1 70 -9 31 -72 31 14 61 52 -21 -2 -97 -64 -27 -65 -23 28 -60 29 30 49 91 -91 -19 -87 89 -82 -52 84 16 -17 94 26 18 5 -79 -88 -55 -30 28 -83 -66 -52 -81 5 -34 -23 -78 -86 -39 -86 -34 -77 -20 -3 -85 56 -54 83 -51 88 67 71 44 5 -88 -43 2 -34 32 -88 -76 75 -29 82 77 84 -58 -34 6 53 80 -71 29 -24 -96 4 27 -11 -16 -80 -44 28 34 -45 -97 43 66 64 -14 -3 76 -79 -63 -74 2 -97 42 -47 -70 -20 22 -99 -30 -41 -62 94 -99 42 82 -78 -62 56 -27 -65 70 11 36 -56 -88 -55 -8 6 -26 6 3 92 -84 -27 -45 -48 72 96 42 70 -52 -50 18 -73 -7 19 56 -40 54 -9 12 -73 -93 80 22 4 -78 8 90 23 2 -91 72 97 -83 -81 -97 51 -45 53 19 -57 -88 -89 12 19 -88 -28 -64 42 -41 -53 -32 -40 -79 0 -79 -51 16 -6 93 -92 14 29 38 -43 -82 31 -14 -14 79 -82 48 -9 70 -20 72 -56 -32 -64 -77 -67 -11 11 -52 -53 66 67 -66 1 93 37 27 16 -22 -33 6 -82 13 -7 -17 -81 -77 -46 40 53 78 -43 31 -94 -82 3 94 -40 -6 -67 69 31 13 44 77 80 -99 4 -3 64 -27 -20 96 -76 77 18 19 -92 -56 86 -15 62 38 38 66 2 31 -65 78 11 71 -76 63 -13 75 -45 -85 1 92 -44 -13 0 -74 -7 -24 11 94 51 -34 -27 46 -95 83 -20 31 15 -31 96 25 -50 -21 9 94 -75 75 83 14 85 86 -60 -25 14 -71 67 75 56 52 48 -37 -36 39 98 -87 60 -50 -3 48 -56 -59 -55 -8 66 46 34 -14 72 59 83 33 -81 44 -99 -38 -33 -38 69 -30 86 -49 -3 28 -44 1 97 73 -2 75 2 -4 73 -66 69 
72 28 -56 -2 -21 -33 -81 -17 -80 -69 -75 -81 -84 60 -23 42 8 -9 -92 51 11 26 28 11 35 94 -31 -24 91 49 -94 15 -79 -22 79 -27 -47 69 -33 70 37 -3 69 60 12 72 -58 -17 32 78 -30 31 -51 34 -27 -89 18 -11 -53 66 0 -84 -34 30 -34 -13 -58 62 -99 -94 -67 -2 62 -14 -29 17 -64 43 -30 -83 62 -83 -67 -78 -11 -31 -97 28 -42 -85 73 46 -36 -90 -32 -12 -43 52 32 -67 -76 -73 87 47 -82 -35 -66 -21 -47 -57 -80 98 -99 69 -64 69 -75 15 -37 29 -36 36 -41 -81 -62 63 -90 57 79 -27 61 75 41 -16 -82 -71 39 59 72 -37 41 1 63 -53 60 30 -68 48 65 18 45 68 61 -22 25 -15 -77 -58 -65 38 -93 72 -43 83 -83 -79 53 -17 -93 61 50 85 -39 -86 19 -90 33 89 86 -69 93 -42 -79 3 -11 28 41 -26 -33 -31 -63 26 -81 70 -10 42 -77 -20 6 -23 47 24 7 -45 -21 35 17 61 25 -2 -24 -48 75 4 -93 -18 61 6 -80 -91 30 99 -50 77 -89 18 -24 65 15 -70 32 -90 -99 62 -36 -56 79 -79 -34 -25 -48 -29 -9 40 -12 -8 64 -82 41 57 -78 43 -16 17 23 11 -78 94 79 32 -71 5 -1 76 85 86 -46 54 23 50 -78 50 -89 85 2 -45 -79 -48 -64 -47 4 -9 -14 62 13 -64 19 11 -93 74 -57 -83 -92 32 -11 -3 -2 5 87 50 85 -99 -49 53 45 -53 -44 83 10 44 74 -9 69 -54 -4 75 -52 -3 -56 89 -4 -73 19 -13 44 -96 -38 93 16 -12 91 -8 -13 -53 -65 -91 -57 24 14 44 37 -42 49 98 71 -77 -82 26 -3 70 18 -48 -98 -47 43 -58 76 -95 89 12 29 67 34 34 90 57 -34 38 36 -84 16 16 96 43 -30 -95 -45 -15 -5 83 17 25 73 69 46 49 29 -25 55 -80 -40 -37 -28 69 -67 30 -56 30 -52 92 74 80 82 76 -74 49 30 69 -88 -9 80 46 -24 -77 88 -58 -33 -28 0 45 9 93 -97 -79 26 85 81 60 70 59 1 -46 -18 41 77 -72 -20 -16 -34 -55 -89 -69 -89 -55 -46 89 53 -38 -21 76 62 4 -54 -34 61 86 83 -64 -10 -32 40 -65 -13 -69 -3 -15 -55 -28 -43 -79 -71 50 -30 -12 -99 -29 -56 -88 -95 20 43 -21 -67 66 54 75 -8 -41 84 35 -24 24 1 42 -18 27 4 -41 41 -28 
-2 59 12 -70 -48 8 -57 9 -15 42 57 39 -33 92 -59 76 -31 86 -2 -70 82 -70 -92 -1 84 -35 75 13 0 -62 70 53 95 -67 -6 25 96 35 75 -22 27 58 73 33 3 23 28 -25 -99 -72 -7 -41 -95 -43 62 89 -72 11 34 -48 -41 96 -53 -30 84 66 -74 74 25 -93 17 -45 68 2 -72 46 50 -23 -50 -1 -24 57 -96 96 -36 -77 -1 -11 -46 88 38 -65 -95 -63 65 -92 46 48 -57 -22 -62 -9 -34 -18 19 -20 72 21 -81 86 7 78 97 63 71 89 -83 24 -46 86 -40 33 15 -49 -97 23 -35 12 -91 -3 -78 64 79 50 -70 -4 -32 24 -93 -74 65 80 -87 42 -49 59 -21 -16 62 -10 42 -67 -75 9 -32 -48 -66 47 64 -9 -23 27 90 26 -58 -22 67 30 47 31 41 26 -71 17 -75 14 65 -41 -74 51 -50 77 61 -89 -60 45 -18 -15 -43 -99 -2 51 -62 47 -49 50 62 -4 77 -55 40 93 -99 18 55 17 -86 12 80 67 -45 -5 40 71 84 -38 8 30 20 58 -23 68 7 91 -77 -36 22 87 89 54 9 33 38 -35 -12 -41 -26 -69 33 85 20 25 -77 -55 -29 22 -68 -74 45 50 -7 -54 -88 98 84 -90 -25 77 97 -84 -13 -99 -11 -51 -20 63 85 68 -9 3 -90 45 82 -71 -34 62 28 41 -97 -62 14 54 88 -19 58 -67 30 -70 -81 19 -81 78 94 76 -45 -93 51 0 54 -5 59 9 -13 66 -84 7 -36 71 -57 -98 -24 -38 53 -82 -91 -73 90 -22 -72 75 21 -51 41 13 -65 -78 59 -46 15 -82 -97 -49 44 53 52 -51 10 -48 11 -11 25 -94 10 -74 85 -83 -2 -89 -68 37 69 -38 -66 23 32 -15 -61 -31 65 -36 15 88 -85 42 -75 -31 -93 -73 -96 -83 80 -69 -37 20 7 49 -59 51 -17 -46 81 -92 -36 -95 13 57 68 -42 54 15 16 40 38 -87 58 74 -77 50 -37 -7 -86 50 91 -92 -39 5 -15 53 -34 -12 -29 40 20 -18 63 42 -65 1 10 -77 -62 -13 -31 -82 -13 -15 -89 77 -91 -10 -20 38 2 -35 -27 91 63 20 -95 84 -49 -80 78 -16 -59 -83 32 16 17 -4 -6 -98 -41 -60 57 -44 -57 98 -70 -85 -68 75 -71 -84 -22 -66 4 -48 99 15 74 -13 -66 37 34 29 80 32 -51 26 91 49 -96 76 2 -10 -37 13 96 -92 51 10 -48 -77 -73 -93 -38 28 -59 54 
8 -60 13 -36 -6 -74 -17 -21 -75 -93 -97 -98 35 -40 -32 -72 63 -82 44 45 22 -70 -43 16 -90 -55 36 56 -11 -19 18 -76 -93 72 55 53 -3 -99 78 69 2 -81 62 -98 -27 -6 28 30 -83 -33 -59 -34 69 77 9 -52 59 16 68 37 -63 -13 -49 52 -39 -45 12 51 -86 -60 22 97 22 41 78 -18 5 11 -60 -11 -18 -93 38 -77 -96 -74 -84 -14 31 6 41 86 64 36 -67 -44 -20 -79 41 -15 33 81 -71 21 -59 -24 10 -9 13 65 -99 35 -7 -26 -66 88 99 -87 -6 1 -96 -83 -9 -65 -56 -17 -31 -80 19 -95 -20 -90 86 -37 55 -37 -44 85 -69 -57 59 9 -8 -33 -4 -3 -30 1 79 71 -87 33 -66 9 96 10 -9 77 -54 51 49 33 10 -90 -14 82 -58 8 -15 -67 60 80 -18 -44 -94 -58 -53 3 -31 -40 -20 32 -52 79 90 75 -50 36 2 95 28 24 82 95 62 -98 22 66 6 70 -17 -60 96 9 67 82 -57 80 -81 13 -33 -39 -88 88 -10 -99 -9 35 -45 99 -47 15 -7 74 -21 -52 9 26 -1 6 78 91 24 57 18 -39 -86 94 -44 67 26 44 76 94 -96 58 76 89 93 -60 64 48 63 69 96 1 -20 -96 71 -76 98 53 -66 44 25 -32 80 0 -36 26 -59 15 32 -90 -41 -52 92 93 -77 65 41 33 -27 -40 1 -39 6 29 34 74 82 -4 82 -44 94 -4 82 15 -47 -48 42 -92 38 -3 10 20 18 5 -68 -59 56 -57 52 91 -11 -59 13 -17 70 -50 -57 34 -47 6 91 58 -39 -89 4 69 -81 -61 18 -33 3 51 16 46 -60 43 -17 8 19 -66 -9 86 34 -5 56 93 -16 -19 -54 -48 9 17 46 -99 -52 -18 47 68 69 -89 5 92 -66 46 15 -11 -45 71 -10 -32 -38 14 -95 -85 44 86 2 -21 -14 -95 68 60 -80 -86 44 -48 -52 -37 -22 -58 -18 46 -36 -99 78 76 -46 -88 -92 -7 9 85 -81 -16 14 7 29 11 -31 55 62 -2 -22 -79 -98 17 99 77 65 -94 9 -48 -94 -44 -97 74 26 -66 22 8 -15 7 73 -41 67 -54 -75 -77 -49 -75 -83 -64 75 -33 55 90 -83 8 68 -63 -49 26 1 85 -92 -55 -61 -45 -17 -93 -9 64 -78 76 -69 -89 65 -41 -51 -53 -22 -54 -77 27 -95 -53 -5 -12 72 -70 55 54 -64 -37 -75 63 -2 11 -30 82 97 -89 76 66 -65 -7 
41 -2 -18 -86 -17 31 -38 24 41 -67 -28 36 -65 31 -44 -14 74 -51 95 58 63 -68 67 54 75 -10 1 92 75 -73 -85 -91 42 3 32 -2 -99 -14 99 71 39 -15 -87 29 61 28 -99 81 54 2 -80 -56 -52 68 84 -69 -23 10 -67 94 28 88 34 7 -47 40 46 28 -45 22 -67 26 61 -21 -93 15 -63 -77 -16 78 -30 57 -92 -47 21 -87 30 -69 43 68 14 52 88 56 79 -99 37 17 62 -86 -23 75 -51 -8 -99 -94 -49 -87 -93 -85 97 5 41 -43 -92 43 -30 99 33 37 90 20 -87 -65 -76 -68 46 -36 4 -94 1 -70 -88 12 -17 33 62 20 -84 70 27 5 12 48 0 -66 -23 2 62 -74 -33 -4 -22 -16 -92 3 -21 76 77 0 -58 71 -72 46 82 28 13 -21 94 36 -45 -2 -69 53 -24 93 25 21 -11 50 78 20 -82 -16 -53 -60 23 -51 11 -81 -68 -90 -15 78 -12 -5 -7 -18 -34 -48 61 -65 97 -32 -32 52 -14 -9 8 -21 28 33 45 71 -18 5 -52 -69 29 -38 92 -54 -92 87 -17 84 5 72 -76 -73 -87 -95 5 -46 -78 84 -3 -80 48 -52 -48 97 58 26 98 98 7 27 46 -4 44 -10 71 41 -80 25 92 45 82 1 -63 -20 3 -47 12 -1 84 11 58 38 -82 70 -95 -4 -13 3 -43 -19 -20 46 20 -29 -4 79 44 -47 29 42 -12 -89 69 -66 6 -13 1 41 83 -31 -14 41 -30 52 26 94 29 89 71 30 -83 65 38 22 25 84 -39 39 18 87 -26 -44 -15 26 -40 -79 -49 -77 15 -58 65 -42 -23 32 -4 69 -47 -83 -67 55 -88 5 -12 -46 -3 73 -68 -36 25 41 48 -13 -93 11 -18 2 94 40 37 -43 -33 -8 -17 59 -51 68 47 -74 -44 -68 -65 33 -79 -12 24 -82 -50 88 -80 33 88 83 -99 50 55 -51 56 41 -40 -1 -26 -9 56 23 -93 -42 8 65 11 54 -95 27 68 26 59 -67 -73 87 -63 -23 84 40 65 -71 53 75 -67 -60 -72 11 -78 -65 -79 -79 -37 -37 20 -63 73 34 91 15 82 -78 12 31 97 91 -24 -10 -56 16 -37 2 78 38 32 -80 -73 51 -34 42 91 77 -54 35 -21 -31 20 8 -56 79 -64 98 -82 -36 23 -89 -45 -56 97 -52 -95 -23 11 -7 0 95 -60 -94 -94 43 -15 58 -7 -42 97 -42 76 93 -18 45 28 -62 -30 -9 -81 63 5 53 93 -1 
-71 13 93 -7 -75 20 45 -46 -7 17 83 41 -91 -84 96 -67 4 -97 38 -49 -40 -80 -49 -93 66 -91 71 90 40 -21 56 -69 -45 33 2 28 49 82 -88 -42 -12 -31 86 -66 -22 -69 83 54 -59 84 62 -14 -80 96 79 -19 -55 -4 43 -49 -76 68 -1 -28 -95 -80 67 7 40 -19 -93 16 98 2 -46 34 11 14 -17 6 -43 43 -45 7 -58 -94 -4 49 -98 -73 45 38 -38 33 89 52 -45 -89 68 -48 -67 -94 -49 -67 12 88 4 -42 3 -55 34 98 87 -84 -60 47 -49 2 26 31 -52 -96 -32 -18 -89 47 -93 -66 -6 -26 2 -20 -56 -20 -22 -58 -70 -3 34 10 -68 25 24 73 -57 -96 -84 41 -14 -92 45 -59 -61 -75 -17 -97 -99 77 -88 -64 21 -57 -59 38 -2 -78 -66 -94 95 -43 -78 -71 85 89 -48 99 -87 68 -71 -52 -71 72 69 -44 43 -13 5 -48 -90 -43 41 -55 -49 -90 -30 -32 4 -88 43 -84 0 -8 86 13 -1 -99 29 -23 34 -65 40 -40 -90 -60 64 -50 75 12 -35 46 97 47 47 6 9 30 -77 -93 45 -8 10 25 -83 -6 -33 -73 53 17 13 0 -78 89 -80 28 -95 85 74 89 28 -14 -65 -73 -1 -95 -41 -70 -1 57 -92 24 -11 3 84 53 24 -21 -59 92 -60 -73 7 -40 36 -83 -16 -66 66 -55 87 42 -58 92 3 -34 -69 -54 87 22 40 71 50 -19 -55 -88 62 44 23 -39 69 97 -2 -87 -8 -57 -47 -5 63 23 -70 85 41 -34 -32 42 68 33 54 -78 -47 17 95 82 -48 71 -64 82 19 73 51 14 24 93 13 -10 30 -2 89 33 0 -64 7 68 14 -81 -96 9 -91 -41 43 -24 25 11 -93 98 95 15 30 74 42 46 -36 -55 90 -77 81 97 -4 -63 -86 68 49 7 -11 51 -31 -81 -7 29 50 4 85 -86 48 -4 -71 52 41 96 77 -22 30 94 60 -46 32 -4 79 -25 -91 66 1 -1 9 3 -50 -12 77 -52 -74 1 29 55 78 -61 49 -4 -5 9 95 29 -29 76 -37 48 20 37 -39 82 63 23 1 -9 -24 -78 -37 50 69 93 -74 15 -32 20 -72 -33 -31 -17 -65 61 -13 96 -88 23 -16 51 34 32 99 55 -4 -86 -66 -96 -16 -58 40 62 66 40 46 -86 43 95 -97 43 -25 -48 80 40 -46 5 29 36 21 -19 35 -89 -23 -65 5 -71 7 -13 -96 -57 47 -19 -88 -93 91 -41 
-45 -10 -91 57 -43 -44 -54 -80 50 33 -28 4 27 81 -99 -95 89 62 -54 71 84 42 -58 27 -32 -6 62 65 16 -61 -43 -46 -17 58 12 -68 -64 -26 -40 77 -40 -51 -3 -70 65 78 -25 -43 90 -28 34 56 -66 -23 27 -14 96 -24 44 -83 -39 -96 57 2 96 -82 -12 -21 91 -25 83 -73 -62 99 50 17 6 72 12 63 29 39 -50 -3 -72 -27 34 -18 -91 0 20 -52 65 77 2 46 -23 -35 82 21 53 -98 -71 63 91 -68 -33 -4 25 -32 -72 -22 74 -77 81 -36 -47 4 81 25 68 42 98 -61 -37 -4 -54 54 15 -11 92 46 -33 -46 -80 -85 -91 84 -5 92 -55 -66 50 86 39 77 -38 57 11 -30 -33 -42 84 6 -68 96 -69 60 -77 -42 -18 -87 -44 0 88 -67 27 5 -79 61 58 30 31 69 -81 2 52 89 -62 -59 78 -98 -34 50 -87 -6 -14 -9 91 -69 45 -14 93 49 -42 -6 50 98 99 17 39 -41 30 24 -66 66 -48 -35 20 71 33 -94 48 23 -97 -64 20 34 71 88 15 -65 -93 -73 -53 -87 -3 35 3 41 -66 0 23 6 -72 -11 8 -51 49 -85 95 66 85 -61 -76 92 77 76 -78 -48 80 -49 50 -75 42 -65 51 8 -83 24 5 81 -64 94 8 91 -18 3 -5 1 54 84 74 -19 11 58 -46 -8 70 29 43 35 -19 -99 -7 -49 73 -75 25 41 -93 27 -36 1 60 10 -90 -31 34 -98 10 -95 25 -62 4 -84 7 43 36 -65 10 48 -75 35 90 90 14 -73 -41 40 72 -22 35 3 -37 -22 7 79 90 52 73 22 85 -64 29 -99 -95 -98 -52 -99 -90 -69 -33 83 81 30 -65 38 69 25 10 55 -97 -22 50 76 66 -80 20 0 -42 -48 -32 59 93 36 82 27 47 31 -13 -65 -37 -82 -39 47 80 95 -76 -45 21 17 14 -93 76 -65 -86 64 -81 61 92 -34 -36 76 -3 73 92 -62 -55 -65 12 61 24 80 29 97 20 -54 61 37 8 14 -83 -63 -95 91 -69 67 62 17 10 -97 -41 0 -58 26 54 -47 -18 -93 -8 70 26 -58 -27 -99 -13 65 -77 -48 15 -13 22 19 -22 79 29 5 -17 -75 17 -57 7 -62 37 85 -95 67 -89 83 -25 71 74 43 -36 -45 -42 -81 93 15 -9 -69 -91 75 -57 3 8 69 -55 70 -72 -14 -24 -50 25 -9 88 -28 -92 60 84 10 -69 -49 -9 -43 -56 -25 -17 -43 
54 68 -39 -23 23 29 27 -40 56 -5 -43 -59 41 -8 -53 -27 90 81 -46 -32 -76 -71 -28 -89 86 1 20 79 -70 9 -68 -3 -49 -57 -88 81 18 34 12 46 17 5 -17 97 -88 79 88 -23 -57 -41 -46 79 -34 57 49 -77 -72 -67 51 40 67 -9 34 -13 -20 17 2 -65 -68 7 -20 -16 96 -20 85 53 -28 -86 -31 88 99 -33 88 76 96 -37 72 -52 -83 59 -14 -34 12 52 62 35 48 68 73 48 -18 -4 25 -12 81 58 -59 -54 -98 -41 35 -69 -73 -86 -98 -46 24 87 9 49 -36 19 -58 77 66 52 73 -56 -89 -64 -90 -28 -34 -25 55 -31 4 -85 -31 79 26 3 15 23 33 0 85 -60 -32 5 -29 -13 -44 45 -89 -42 44 -20 -1 15 -99 -82 42 -57 60 49 56 -64 8 13 71 -15 -18 -99 49 -20 -58 -39 10 90 -72 85 86 83 94 -94 33 -46 -58 -47 -80 -23 62 46 -53 -98 21 -81 28 57 84 83 94 -42 -12 -31 -46 -88 88 -78 57 89 14 26 25 22 26 25 -70 41 -69 -48 -8 54 21 80 -22 12 -84 -54 47 66 -64 -17 30 -13 -27 51 -38 91 -47 -58 -42 -80 52 55 6 49 -23 27 -37 -40 29 -46 55 -96 -20 -93 -26 70 57 -43 72 -10 44 33 82 26 -23 -76 50 21 62 72 51 -12 -21 -72 59 44 18 -70 -86 74 -29 -3 24 6 -75 78 45 -97 72 -28 -60 21 5 83 -63 -9 90 22 7 -35 55 30 24 70 -24 65 93 41 -67 80 -30 49 -69 -84 -37 7 -51 -58 53 -40 33 9 -36 -21 -9 -20 87 91 46 -88 37 85 -47 58 44 33 72 80 32 -21 18 24 1 -90 0 -58 12 51 -7 38 4 -72 -75 -52 74 -89 21 96 -22 -33 88 -44 19 -30 -50 65 87 40 -58 52 74 18 -49 -34 -44 -22 48 35 59 -92 -87 -26 48 48 43 -4 -57 -36 27 -61 -5 23 44 44 48 -27 25 21 15 19 -95 -79 34 85 -15 -91 -72 4 -78 16 -62 -90 -60 15 -49 -67 -66 26 59 -23 -11 -61 74 22 51 -2 96 73 66 89 28 59 -73 87 71 70 -45 -85 -41 34 -84 -96 27 19 -46 -40 87 -50 -85 -96 -14 21 -5 -8 93 27 26 32 16 16 9 34 -56 -55 84 -49 24 90 6 46 -34 76 -96 -20 -81 -36 -54 66 -19 -34 24 26 -31 -5 -18 57 14 -6 -68 -40 72 41 34 76 -9 24 
-27 -95 11 -41 66 26 -51 -95 3 -81 -50 28 86 57 33 76 8 -16 -67 -39 -67 -44 5 41 -91 -79 8 84 36 -30 10 -60 25 6 93 -80 39 -29 -15 -82 46 60 -62 -1 59 -16 56 73 -9 34 78 9 -59 36 -17 -14 -54 -15 46 -90 20 -3 -79 -36 58 -26 -50 -90 75 -69 97 -54 -22 73 -89 -47 59 24 13 43 -52 25 91 58 13 -23 -53 5 10 86 23 44 -95 -96 -76 0 67 -10 67 -36 -94 15 -77 -18 -13 20 -88 -68 -72 89 -59 35 94 -64 -69 -8 3 -78 -29 -95 -85 85 -80 -22 -13 94 -36 -23 -40 33 80 -53 -95 -71 -91 -86 42 -38 -73 -59 18 82 -42 -71 -37 76 37 -77 9 6 75 54 -17 -91 -71 96 -55 -91 65 -78 -44 73 -31 17 -38 -91 -18 -75 -40 20 89 80 65 -93 -5 31 -71 18 65 -78 -91 30 95 54 55 73 -76 80 99 8 -1 91 54 -51 59 31 77 -81 18 93 -67 46 79 12 -87 -76 -72 13 13 61 79 95 -40 -10 -56 -69 79 -36 -77 41 21 -76 13 -31 -33 91 25 -61 30 -81 -98 -68 66 87 54 95 -14 27 -85 -92 -49 -32 -43 -25 63 77 -55 -60 -79 25 91 -81 -77 45 -28 -62 -15 -73 80 -12 -85 -2 -68 43 -85 -13 -80 50 -45 -95 54 -23 -9 30 57 -13 37 13 -28 -31 -49 97 6 80 -69 -42 14 -61 -88 79 -75 -13 67 -24 18 -6 -58 -16 56 27 4 -27 -71 45 -42 69 81 -9 -59 45 -92 -1 -6 19 -9 -75 -47 -88 27 79 -5 35 67 42 -59 -66 18 49 -74 -21 62 -61 28 -85 64 -33 58 -97 -53 -60 81 88 -19 -24 -84 88 45 -53 72 18 45 27 65 8 28 87 95 80 1 -34 -44 70 12 -73 -98 -63 -66 -43 9 -57 -20 81 -54 -83 -97 72 29 -66 -14 -64 88 -17 -22 79 -70 76 10 87 10 89 49 0 -33 84 -74 95 78 -21 -45 -5 -26 0 -12 94 64 99 59 90 92 45 39 -23 -24 43 -47 -37 -27 -86 92 99 -62 97 56 -97 74 -25 -29 45 -8 41 -42 22 95 -57 -7 21 -49 -62 -81 -70 -89 45 45 50 -40 31 37 -32 96 -12 -98 81 -87 -34 62 -81 40 -38 -74 5 -12 53 53 9 31 -93 25 62 27 60 92 -17 -66 81 56 35 -93 -91 -18 -55 43 98 -57 -50 82 90 -13 -9 -64 59 -84 33 56 9 96 88 -52 86 62 52 
30 -40 -59 75 -77 -34 1 37 -1 97 82 -91 7 38 -67 51 38 60 -39 25 80 -58 -55 84 -31 96 -44 22 -75 -57 30 -81 -59 -12 35 59 89 -26 27 -8 -5 20 -20 35 -45 65 70 96 19 60 -4 86 40 83 96 -59 -57 32 -87 1 23 -5 64 18 54 30 -41 16 19 -92 21 -70 -31 23 -7 -69 -95 97 -37 23 -24 5 -19 74 23 -48 -67 17 39 63 58 -20 14 -39 -21 5 -22 31 -25 56 13 -32 19 -22 -94 51 -76 97 50 50 99 65 -28 72 -45 -87 -45 75 30 87 -34 -33 -33 8 -84 87 -63 94 31 -2 91 -78 16 14 2 95 36 -86 -84 65 98 -32 -85 21 -85 -34 29 22 -62 -16 -26 88 -57 -21 89 -35 -8 14 -21 64 -21 3 -2 -19 -45 39 98 -68 36 -56 -73 -72 72 24 55 -84 -38 56 66 -12 51 -2 98 -13 38 -63 23 88 -47 -84 91 56 32 45 60 32 -66 29 -20 -98 95 76 -6 8 -32 -14 -86 6 45 41 73 -43 90 -97 17 47 96 -66 45 -13 87 23 -60 39 -84 54 -74 -96 -31 -98 66 -17 -83 38 -33 -77 -34 -45 -38 -26 -55 -53 3 -30 28 11 19 27 75 -68 43 -43 -5 -33 68 13 64 87 -15 -15 56 32 -79 -84 46 85 41 -78 21 22 18 -64 87 -4 86 32 18 -99 11 -20 -87 84 -79 -6 -75 -94 -32 73 94 -1 -22 -37 -28 64 -80 1 79 72 24 79 -61 79 -87 98 -55 74 34 -21 -77 9 -25 -10 -75 75 -10 -8 -98 -6 8 -58 -67 -27 -79 18 3 34 -78 -94 -13 -85 69 37 -98 77 86 -97 33 -70 37 -62 -77 -94 40 37 -59 53 -22 67 -2 49 -28 39 -46 53 -24 -37 -50 -93 60 54 54 -11 10 -71 4 -33 63 15 -16 -95 -36 3 -30 -47 15 -5 35 93 -42 39 66 83 -13 15 43 83 53 -96 59 -22 85 -94 13 4 24 50 -13 -43 -90 0 70 73 30 -38 4 -20 53 34 -5 0 -54 -47 -64 -94 59 -51 1 32 73 -24 88 72 22 -57 -92 61 -29 64 -96 -12 39 -84 -49 37 63 31 71 72 56 23 -14 41 -24 -51 83 -80 -55 -54 69 67 -95 13 -91 -56 -89 15 -42 -73 51 -74 -13 62 79 -14 -10 60 -97 -75 -67 49 68 -76 21 13 -45 -3 -37 61 -60 10 7 85 -42 7 37 -60 68 67 34 95 17 85 -85 -23 0 61 -64 -64 -64 -15 
61 -7 -51 -72 25 -23 -60 96 77 -75 90 40 -49 42 -73 -16 37 -59 -37 70 50 -76 30 92 11 -5 -14 -45 -87 55 92 49 -90 44 -99 -11 35 51 65 -55 -92 -96 -13 98 13 27 49 61 -17 86 2 27 33 98 -69 -78 -20 39 -98 -24 93 1 -81 -80 42 11 8 -41 68 -45 11 -1 -22 -82 -34 -57 -42 55 42 -78 64 47 76 37 -77 36 38 -20 37 -39 22 63 95 23 -30 -43 4 92 99 -19 51 2 -60 -54 -71 -50 -25 91 -8 73 -97 -56 -21 -43 87 -41 -97 12 21 -31 -89 75 -30 52 48 -36 81 -44 -83 -47 18 33 94 -31 21 -98 43 49 -89 -38 -34 22 37 -1 -59 75 -49 -49 5 -30 89 19 -25 93 -21 72 -72 62 -96 -64 83 -14 82 -15 84 25 -26 11 -79 -11 14 -69 -86 -28 3 -74 -59 62 58 -5 -27 -90 2 90 -17 -77 29 -50 87 -44 30 15 -15 -19 -39 3 -47 7 63 -83 2 -59 -65 6 -21 -76 99 53 84 -97 19 43 62 32 -5 40 68 -69 -19 -59 64 73 67 7 16 -78 64 83 13 76 30 21 43 5 9 90 20 72 -93 78 -78 -20 -84 4 -91 -3 -16 83 -58 82 -28 -5 36 -90 -33 -46 83 -77 -46 51 24 -6 33 25 -20 10 -20 -82 71 76 -50 -11 -18 7 47 17 59 -70 -99 71 93 -59 -47 93 -37 -46 95 60 72 -40 63 -39 -79 -20 38 -76 56 51 4 -19 82 -76 -99 -60 40 23 57 52 -26 82 -51 77 -72 -73 -45 -21 49 -42 29 92 -85 72 -20 95 21 -13 27 -59 -30 -53 -15 -60 -19 -70 -25 -87 -82 65 -65 40 92 -29 -49 -56 -38 61 -47 90 12 68 -39 -84 -80 -39 29 -32 -46 26 59 -69 -78 -85 39 79 -59 -60 -63 -83 -52 -99 83 74 -99 -28 73 70 -46 91 -64 94 15 -36 23 86 -89 -9 21 -13 -6 41 74 -24 98 -99 -39 48 -19 63 94 -72 44 90 -17 12 60 -72 26 87 -19 -39 39 23 1 50 99 61 25 -78 -24 -10 -5 37 23 -11 -69 -86 90 -7 -32 71 37 -54 97 -9 60 5 83 -60 69 -11 -38 10 8 1 90 61 82 -10 43 -26 -71 -90 -11 82 3 -89 93 92 -20 85 78 -71 -36 72 45 91 23 34 60 -25 72 65 63 42 -64 52 -14 -69 15 -80 -8 -99 -77 -91 55 40 57 -88 44 -31 -3 -69 3 65 89 -34 71 -60 -11 -22 
57 -6 -16 -33 96 -12 -72 -42 -35 -83 80 59 13 -84 -49 -19 -80 -32 -91 59 82 74 -81 93 77 -93 -96 -81 7 -52 -44 8 -10 86 -33 41 52 42 -97 -65 88 9 -55 -87 23 93 84 78 85 55 25 -86 89 -67 -64 -97 18 71 46 -85 58 -76 -66 59 -49 -60 62 -68 33 -6 -78 90 -71 -7 86 15 -79 -24 72 51 -31 19 21 -67 -75 0 51 48 -15 -22 -99 -95 81 4 81 98 79 35 56 44 56 -36 -5 97 33 50 -72 61 -81 -37 -56 -20 -35 41 55 71 93 -75 -53 51 -14 37 -71 -68 41 55 96 -81 -37 -15 16 81 -17 65 -54 -75 68 23 37 45 70 -82 74 -95 -84 95 34 -86 79 -45 -14 -74 -60 59 -58 3 86 71 -36 75 -38 -5 -47 -94 -12 9 6 -98 9 -47 -67 54 13 -32 52 31 -24 -46 9 -63 82 -68 73 -15 13 -86 25 21 73 -89 76 88 -44 70 91 77 89 35 25 53 75 -60 -61 -61 29 -98 76 -73 76 52 -88 -86 -58 26 63 35 -50 0 80 -16 -92 27 39 -27 67 7 2 -79 88 48 -72 -97 -63 82 63 -20 -22 -29 -42 -81 64 -47 84 -82 82 5 87 -20 -61 -20 21 -13 5 68 -61 -95 -70 -65 66 51 -37 76 -81 67 -28 74 -73 84 98 22 -9 33 97 -53 82 47 -95 -34 25 -48 18 -20 39 86 29 -51 72 -43 25 44 15 -13 69 -50 83 -71 74 71 91 -74 11 32 11 -9 -21 -74 -58 96 55 -67 -34 46 -64 53 71 -31 -44 40 84 98 81 -13 -12 0 78 90 -15 28 48 -41 71 3 -19 -93 4 -58 26 -29 -25 92 27 -7 79 -80 86 -83 70 -50 -62 -85 -36 -4 2 -53 -61 66 41 51 -67 71 -56 84 54 -19 -82 -53 29 -1 1 31 43 87 -39 32 -51 -9 42 -50 63 -28 -90 3 -87 7 74 -33 -99 52 -18 47 47 -7 -9 58 -23 -50 -21 -17 29 -96 45 -86 18 97 -29 -5 -31 -88 92 -8 28 76 50 2 12 -10 -39 88 -16 56 -88 87 -2 -43 -66 20 -12 32 31 -90 93 28 78 -41 -82 -31 24 25 79 -41 33 82 -50 -1 -14 -64 89 -37 40 15 -17 71 82 -85 -69 22 -41 -28 -85 -20 58 -53 53 37 -66 -34 41 -90 -70 -75 33 -94 43 -80 -34 -93 -79 90 51 -92 66 -89 98 54 60 -70 -60 11 -33 -88 63 37 21 -19 21 28 89 65 95 22 
-59 29 -70 23 -54 -65 86 -8 37 16 16 33 43 70 -52 -78 57 -2 -5 -93 -93 98 -46 -53 57 25 56 58 -60 50 5 40 -39 1 14 11 77 83 -61 11 32 -76 -86 -84 83 52 -40 89 -4 46 14 -9 -32 -76 -82 -52 87 89 29 83 52 -91 -95 -8 -62 -35 -56 62 86 55 26 -47 47 87 90 87 -52 -57 -25 65 -85 -68 -71 -92 56 36 99 -26 76 -87 88 -48 -88 -42 73 -63 61 43 -12 2 68 -69 -67 96 -62 45 -33 -19 -24 -45 -20 -9 29 40 15 -74 -9 21 -77 -79 -99 30 -67 77 -88 -21 -60 93 39 86 94 83 28 58 -77 86 -65 -71 -20 57 84 -31 -91 -99 67 19 25 82 99 -82 23 -84 17 37 1 35 -37 79 8 46 23 71 -39 55 21 -89 70 -1 -13 0 43 -61 40 58 -94 57 70 -85 -69 -93 25 -97 -85 -21 62 62 82 95 84 33 64 72 -58 43 25 96 11 -39 63 66 -47 51 -49 11 -81 25 -5 88 57 31 -90 91 57 75 -7 27 49 27 -90 91 8 5 -28 14 39 -94 8 80 -57 -60 69 24 -65 67 -91 22 -24 -64 -52 -16 28 -62 21 91 61 68 -3 -59 39 -84 -38 86 -18 -39 6 -58 70 91 -25 -23 -61 -89 -64 -37 18 -34 69 16 47 -15 12 93 29 68 71 -74 18 -26 -52 -38 6 -90 -69 -93 30 -75 -74 21 -29 97 71 52 -95 -68 53 76 65 -76 64 0 80 28 52 -66 81 48 -55 -26 -46 -51 75 96 -97 -82 53 5 87 -13 29 -18 53 -51 53 0 -80 -76 -40 49 50 -17 -65 74 67 -79 74 -87 -9 35 70 -21 6 -55 24 -89 57 -21 46 -70 -60 30 98 48 10 -66 91 79 47 69 6 -71 62 -20 74 -94 50 -23 98 -62 73 -85 -42 -20 -40 43 51 -65 -15 61 39 -3 -52 -65 -72 -60 -85 2 -32 43 -73 14 89 60 35 81 82 52 44 -92 91 9 88 -99 -3 43 -89 -79 26 -7 38 63 -26 80 54 -89 -78 73 18 35 11 -60 43 67 51 -48 79 49 -26 39 -83 20 -35 24 -21 71 -79 -66 68 -17 96 -58 -44 11 71 -50 45 28 98 -38 -49 38 94 48 -70 -68 13 -62 -44 -28 -24 83 -91 -48 -23 44 -69 -32 76 44 87 33 -42 -1 50 58 96 -60 20 22 88 11 55 84 -30 8 97 42 42 -82 1 6 -71 -32 -88 0 64 25 -89 -9 23 63 
-65 -64 -84 75 83 90 31 13 -9 -43 -65 -73 -13 -24 5 -43 -96 -41 -49 -48 -67 -33 16 -97 -8 -73 -24 17 62 72 -67 -92 25 -51 -43 47 -5 -76 -2 -39 -49 -43 94 -91 -85 38 45 59 83 42 31 -69 -87 -68 -95 -6 64 -44 -58 -97 -23 7 57 58 82 64 12 88 -29 97 2 -62 -64 11 34 -83 -82 -66 11 44 -46 -23 55 41 -50 -24 3 44 -43 -93 68 -10 91 -16 -8 92 13 -2 26 -4 -92 21 -74 61 96 -95 -30 76 -77 -85 -91 70 74 -84 73 97 -35 -30 68 -49 8 -71 76 20 88 -10 -53 -51 -99 1 22 3 18 -40 66 75 -41 -51 -74 -57 -97 -34 19 55 -14 67 -51 10 -74 -88 3 -25 -63 98 -34 -39 96 6 77 58 8 -19 -30 32 -42 44 64 23 -98 -12 8 97 73 0 -96 -51 8 44 89 53 44 63 54 72 -94 91 80 -58 23 77 -48 -44 -22 -21 -82 -92 -38 -63 -92 -91 10 -6 3 86 -32 -8 69 64 40 -19 -15 -69 46 -50 15 -37 -6 -24 -20 56 86 -25 81 -2 -35 -37 -74 11 -88 90 -3 -34 82 65 40 -49 -39 -21 37 72 -41 76 -66 -94 35 92 93 -7 -77 19 99 -38 22 -64 -5 -92 -95 96 68 -43 -64 90 -56 -77 33 -31 -3 -39 -58 -3 72 13 88 -70 -17 -59 95 4 40 8 -73 79 -44 -57 73 -74 29 -97 42 8 31 54 -60 -15 40 72 87 61 28 16 -23 73 51 83 -69 -70 -9 26 90 66 86 14 88 83 79 -87 -3 -29 -64 96 3 -15 -87 -27 10 -51 -10 1 46 -36 -97 -22 49 -98 66 44 -30 -2 97 -87 -7 -16 -56 -87 0 -50 8 82 65 95 76 98 59 -84 -44 -52 77 22 -24 60 -38 30 67 6 -83 -30 -45 88 -68 51 51 51 26 63 0 -31 35 60 97 90 -7 50 97 81 62 -55 -48 -23 52 -93 -71 94 -71 71 -18 -47 52 92 30 35 -75 1 82 51 -75 68 -74 -57 11 -74 -19 -61 73 -14 -16 45 40 -49 -28 84 24 -35 -78 -86 -44 31 52 -98 -94 84 20 66 -33 24 -99 20 -69 28 -66 25 -7 -78 34 -9 50 -21 73 21 71 6 -40 -9 -3 91 44 88 95 -86 96 31 -23 -46 68 59 57 -45 26 -39 6 34 52 99 -42 16 -14 -92 41 -97 -90 -64 75 -87 80 48 84 -26 60 18 48 -13 -53 -50 72 40 -75 -75 -91 94 60 -28 
-46 40 -79 -50 59 42 -97 -22 14 91 52 9 21 -64 -27 -97 -20 -36 85 65 92 47 -23 27 49 7 24 -5 9 -60 14 -20 25 -6 57 50 -97 94 -64 53 46 -54 -57 93 -80 0 -45 96 -41 76 -91 22 87 87 44 62 75 54 75 -94 -37 -86 -84 -56 48 41 -73 43 1 -4 -20 15 -72 -75 95 70 98 30 26 67 4 53 -64 -23 3 -37 -49 18 -36 -95 71 50 85 -95 68 -86 -34 -76 73 -3 -20 33 10 -94 29 85 43 -20 63 78 64 -50 15 -33 48 -22 -11 -8 -91 -46 42 80 13 52 70 -4 -11 -93 -35 44 -80 8 -87 21 78 64 34 -53 59 97 28 -75 92 -93 69 19 77 -93 -93 85 80 -46 -52 31 -81 99 -75 66 -58 34 -53 69 33 -61 -82 40 53 -72 70 -42 -98 -13 -7 -54 -54 63 23 73 -3 69 -68 21 36 -63 32 -61 -53 -59 -31 56 1 -32 -77 -73 63 11 -40 28 -55 24 -21 -38 68 -18 66 -18 7 -91 45 -76 61 71 85 37 94 -87 26 -24 6 20 -33 -28 -78 -54 -47 75 70 -56 -18 -11 -88 48 44 -66 75 40 -65 -65 5 -41 84 91 70 80 -35 -98 -79 -9 -27 -85 83 13 -69 78 -62 97 -59 33 -73 -48 40 54 -75 -11 69 -93 -19 83 -66 -31 -56 -38 1 28 -96 -42 18 42 -77 -92 27 -77 -22 87 -81 -28 29 -80 -96 52 -82 79 -30 20 97 -1 -37 48 -76 -2 -24 -24 -90 25 -99 -19 -80 -71 -63 -45 -75 -37 -8 -38 32 44 97 43 54 67 36 42 74 -1 -81 9 -38 -9 17 -83 55 29 21 -18 -63 20 69 60 -46 47 55 -8 27 86 45 -75 73 45 84 13 -48 -39 -17 45 -25 13 -54 73 56 -90 34 4 72 -13 7 70 66 50 39 -29 -8 64 92 -29 -55 -32 81 32 -65 -54 72 -68 -62 49 -37 -37 -58 52 90 63 3 -73 65 -72 83 -89 50 -76 24 -92 -79 80 -38 26 76 41 -63 -71 -95 34 -66 -34 37 -88 -91 9 -90 31 -91 13 -27 23 34 43 -63 37 10 67 -18 16 -55 -45 -62 88 72 -60 15 -57 -57 -83 -32 78 -68 23 63 60 -92 80 4 -57 26 14 56 60 -73 -43 -9 10 -12 19 77 22 44 -22 23 18 -55 -90 29 15 -19 46 34 40 1 -71 84 82 -11 68 -63 -11 -14 78 51 10 8 61 -52 -81 -36 -38 -8 10 -52 -72 94 93 -56 70 
18 -74 14 -9 46 -12 -36 -78 9 78 -48 1 45 56 -39 -81 -86 -28 13 -20 -29 -35 29 -84 92 -22 -34 51 46 67 -17 50 -6 4 -47 54 -73 58 -82 7 -70 75 11 -57 -85 95 5 11 -89 40 92 30 74 82 24 -67 59 -13 81 -42 -52 83 -77 -25 -50 -90 -13 -97 -90 -20 40 82 -83 33 58 48 -94 -82 -85 -3 -43 -28 7 -40 48 -69 -2 25 18 90 93 -49 55 -45 29 -68 -13 32 -82 -34 10 11 -10 11 81 -28 -3 -95 95 63 -33 78 -52 -78 65 77 63 -98 81 -97 6 10 80 -34 -67 17 -76 -30 -10 -46 -41 99 84 73 -98 -50 -11 -92 79 -7 -63 70 51 -47 87 -31 53 -9 -66 -89 18 -27 -24 -76 -1 -35 55 75 33 37 87 -78 69 -8 41 -49 -73 -49 45 -79 -99 26 -2 -63 70 81 -38 -7 -94 68 56 74 29 -65 56 -55 -49 7 -51 -9 -1 -92 -79 -87 -44 27 97 21 90 97 -98 -49 4 9 24 -75 -61 -47 1 68 98 39 -62 -95 82 -15 89 44 -81 47 47 90 9 52 -22 30 -63 16 -16 -71 35 -99 -74 69 75 -88 7 91 -18 -46 82 63 -8 64 -68 -93 -42 -49 31 58 -38 3 33 97 -70 -96 -77 44 76 0 10 -89 14 -98 -7 -56 -49 -1 -81 26 75 31 -4 -22 88 -1 -30 -82 -19 -46 15 82 -44 88 33 -71 41 -73 -63 -84 50 -83 63 66 92 69 -37 35 9 99 -25 -91 -97 -37 -25 6 -30 -70 97 -32 91 13 -46 -53 -81 10 86 32 -99 -56 -23 -61 -52 -69 79 26 14 71 3 -64 -90 2 -28 -14 -38 -46 -31 -63 -33 35 -60 85 -27 39 7 -61 -52 41 14 -82 79 -55 -85 -65 -62 38 -93 -51 -62 67 -70 32 -78 60 -47 30 97 43 -30 26 19 -6 -34 -40 -77 44 -86 11 -43 14 11 23 27 77 -68 -13 -67 -68 -97 -78 32 -84 69 -91 65 56 -62 -52 97 -42 -48 -12 -52 44 -42 11 -18 -67 -10 44 66 -72 57 -82 6 -10 -76 -90 -6 -69 -59 95 -53 -30 -68 76 -32 68 -73 36 -33 -72 -1 66 51 -12 78 -80 -58 40 0 -83 80 5 -90 32 -41 -43 -33 -87 60 51 71 -49 9 12 0 44 72 67 99 56 -83 75 42 -97 -25 54 68 97 -66 61 -47 98 -52 36 35 58 -27 14 -86 -67 82 72 -8 -39 -40 53 -58 -83 33 -8 -52 35 -90 -47 -75 -67 45 -27 
-19 82 -93 57 36 -7 95 -30 -51 -48 79 98 -3 -94 92 2 -88 -69 -47 1 66 -8 -81 -60 -57 -9 -82 73 70 55 63 31 -19 13 -47 -84 83 64 -37 -78 78 -1 -7 -98 -37 27 -68 76 -46 -4 86 -8 66 -33 73 -28 67 73 -6 50 -53 98 46 80 81 19 43 -44 43 -25 -63 32 -35 12 -95 85 3 24 57 -37 19 83 72 -8 75 0 -8 45 19 28 -66 -12 -64 -47 23 -63 6 -38 -36 -76 -27 -23 -51 73 -74 68 19 -64 -45 -50 4 23 -79 54 -99 -4 77 44 -24 13 5 62 -50 23 62 -29 -98 -92 -8 31 -24 -71 -22 -7 76 45 -74 39 -48 -29 99 -77 51 -84 -81 27 41 -39 98 -16 -55 -44 -52 -21 -68 52 67 -96 -66 0 -80 13 90 42 -57 67 -57 -22 -23 -6 66 68 -31 -10 94 -73 -15 -12 -89 8 80 96 92 -15 -53 -88 -86 69 -65 -41 55 50 -13 23 62 -33 -3 -87 51 64 1 62 70 70 68 -72 -29 -94 71 -84 2 -49 8 58 31 42 14 56 78 99 -36 -54 -58 -13 -33 37 -7 -35 49 -99 -17 59 34 -30 -49 -85 20 -27 -1 -68 -26 -82 -43 -31 -18 -60 -87 94 8 -65 84 -8 -37 66 19 37 79 95 -72 -3 -11 66 -68 12 24 41 42 -31 -44 94 -90 -87 3 33 -38 -63 79 7 -28 -57 -98 -65 72 31 55 -78 -9 -75 -10 -31 60 -15 -52 -26 38 3 33 59 -43 94 -11 -78 -86 -81 -18 29 16 -43 -44 -78 -11 12 -23 -92 60 58 -56 36 -27 0 10 86 -3 -54 -90 52 -78 74 98 71 -15 -16 10 -52 -35 50 -24 -65 -70 28 -84 75 22 29 96 95 14 80 41 3 94 -22 -34 -55 20 59 -37 55 14 32 42 -12 99 24 -43 60 32 -97 -99 42 -5 -20 -27 -9 -58 11 37 75 -90 67 74 74 29 68 58 -35 93 4 -84 -63 -42 42 -73 -19 -51 -34 79 77 -36 99 -18 -94 -20 2 -9 -16 33 -60 18 81 -63 17 -50 -34 64 -22 -62 -32 -72 82 16 -24 12 35 -4 18 -71 54 5 78 19 95 91 10 -65 -20 73 -35 60 -39 40 82 -36 -44 -47 -13 99 -27 32 -32 43 -35 29 -16 -21 -97 -59 64 48 98 -56 73 -62 -94 -52 99 -79 -36 -89 -90 61 47 17 38 6 73 14 -85 46 18 82 -92 -91 80 29 -99 -61 33 96 -55 -72 3 80 -66 3 -23 -19 -16 77 -33 
97 -77 95 1 38 40 -43 -11 -88 -17 30 -92 76 -4 70 87 72 -6 54 -89 45 81 -65 -99 -82 -73 -20 -84 -65 1 -40 93 14 36 27 -78 -88 -24 -11 -49 66 91 -14 64 44 -99 22 76 60 61 -36 -85 79 94 47 87 -68 50 -88 27 -4 85 -2 -51 -50 15 3 69 18 -7 -45 -97 13 -64 -68 -61 0 87 -65 31 3 31 -78 -13 73 -5 -9 -45 -18 -38 53 -24 -65 97 -95 98 -92 14 -17 2 -12 38 -15 83 -66 70 95 -54 66 -50 -75 98 30 24 58 -99 13 -71 -97 -75 39 -83 8 -74 97 32 70 -63 -63 56 -63 39 29 -80 -42 95 -11 50 -81 -6 81 -56 58 -78 43 27 51 55 -5 -34 0 46 51 33 -12 67 -57 -57 98 20 -3 23 -83 -72 -2 39 -38 -28 -82 -43 54 91 59 -76 -57 -94 60 20 -9 81 32 42 -89 65 83 -41 -46 21 -23 11 3 70 96 62 51 45 -75 63 98 -30 37 69 -97 -61 63 -64 -65 84 -53 -85 47 35 -87 88 11 24 -92 67 77 -97 84 20 14 -30 22 -19 -51 -66 91 -79 16 -84 46 59 7 0 -1 -40 -1 -11 77 16 -66 75 -61 29 21 61 -54 -2 -55 -75 63 76 -29 -38 4 48 -34 29 23 68 43 -7 88 -1 -72 34 88 99 -80 -88 72 25 -87 -83 -7 -77 -59 9 64 -80 -47 61 88 18 -6 -12 -12 66 1 -5 -43 28 51 -48 19 84 -33 98 -70 59 -46 42 1 42 -9 -27 2 -47 -17 62 -92 61 44 -82 -18 79 -51 84 30 96 -98 -6 42 -85 -7 33 7 45 -26 12 -32 70 -93 -3 -25 92 -13 -47 5 98 -28 -18 -32 47 -25 -9 13 -44 -20 -16 -99 -69 58 15 -57 40 98 -22 66 72 12 86 28 93 63 89 -45 -1 66 -71 -45 71 14 -46 -83 -31 -20 77 -40 6 -22 48 81 -44 78 12 -98 -88 -55 22 57 17 -46 67 45 85 -13 -68 77 -20 5 67 -16 -90 89 -5 68 42 -94 69 -14 -15 45 1 -32 88 -89 33 4 33 57 97 86 -4 87 60 3 -2 -13 92 -72 50 -71 31 2 -85 62 85 53 -53 -53 -46 -41 43 32 63 65 -92 -82 88 -82 -95 -32 29 -29 -13 -21 65 -69 46 -16 -91 68 20 -93 -20 99 -82 -59 -34 -54 26 42 79 66 -7 66 15 60 54 9 -47 -44 19 -39 -57 -91 -36 6 -86 34 -25 47 -57 -24 -37 17 -98 
10 10 78 74 -68 84 75 92 70 -90 -45 4 84 -33 40 94 10 4 61 -78 10 -37 95 0 -33 -76 -10 -80 -95 -54 25 80 -82 82 -90 77 -20 -10 78 -67 -85 -67 50 68 -82 12 77 -53 85 10 -90 15 32 15 48 79 28 -38 -28 -69 -45 34 -30 95 -84 19 -54 -61 -99 -61 27 -28 55 60 -15 79 48 -49 -1 -98 98 -78 23 -99 -25 83 81 70 30 20 97 -41 8 88 -98 23 -58 99 46 -84 86 -76 44 76 -74 90 71 -64 -54 -57 -34 -15 12 -50 69 16 87 -9 24 -13 -36 27 17 84 -78 30 87 -99 51 68 14 29 40 0 64 7 73 13 99 99 60 73 -51 -18 34 -31 -11 -35 -71 91 -16 71 66 38 -5 17 69 -20 -62 61 -58 -70 -66 62 45 18 34 -43 -41 18 6 61 85 94 64 -92 -48 -18 -60 -22 -27 65 13 -2 19 -26 41 95 65 -83 10 71 -45 20 -34 29 31 26 49 77 19 20 -61 7 28 16 -90 73 -66 -77 23 -83 3 -9 47 68 -49 14 43 87 42 85 5 -79 -50 69 21 -95 -94 64 12 87 73 68 -73 85 74 49 26 -47 58 -80 87 3 -15 11 -38 78 -98 72 -30 -77 -92 58 -93 96 27 68 85 91 22 -26 43 -70 -81 70 11 -56 57 -70 -98 -85 52 -38 59 90 61 58 50 55 93 -81 -1 -38 18 -63 -92 -15 3 9 25 23 -19 52 6 -86 -3 -4 43 -14 -80 -9 37 -42 83 -95 13 -7 21 68 -51 55 -76 -76 60 -73 39 20 15 -1 -62 9 54 98 27 -67 44 -90 65 80 90 51 -80 -39 13 -23 -95 64 98 87 33 -33 -94 -36 -29 -80 22 34 -48 67 -85 -21 -63 -19 -4 71 -15 -28 -88 83 -10 -47 97 -62 92 32 87 94 45 -49 -52 46 -20 11 -15 -39 -73 -1 -30 -2 -84 35 -94 -69 20 -32 -44 67 -73 -7 44 -35 86 38 86 -60 -11 -8 -68 -69 -55 -59 -61 39 -79 -11 -74 -76 61 -13 -65 28 -67 8 32 23 51 76 -83 -33 33 80 90 -89 -21 -42 28 49 1 90 -38 2 27 68 -74 -68 92 -52 -50 91 -44 -32 91 -36 -8 -65 -50 -17 -58 7 7 16 68 47 42 -25 -58 -71 -28 19 -96 -27 9 50 -41 35 -20 82 -16 -67 89 -2 40 24 30 4 -15 91 -71 38 -83 59 36 24 -27 -31 39 40 90 -36 46 97 -17 -52 -18 50 50 -64 -19 16 
56 -16 -11 8 54 -34 16 48 -75 85 -16 -90 42 -11 -43 -38 66 50 99 86 -9 6 57 -37 -30 -15 -65 72 -70 -73 -44 -50 89 4 -91 -17 -15 67 -68 21 -70 -17 75 80 -33 87 4 30 51 26 53 -80 -14 58 91 -75 -89 -82 1 79 -1 -37 -55 -66 -30 -40 -17 -56 -2 -70 68 78 36 50 -88 -2 -15 40 -44 56 -63 26 -56 -87 62 -12 -85 -18 94 43 61 68 43 -7 0 43 -33 11 95 -57 39 -48 -69 -61 -10 14 10 71 -29 58 -62 35 49 -23 93 62 -10 -7 -94 38 57 51 7 -6 91 -38 -82 -15 -5 49 -58 60 31 61 -94 14 -83 -70 37 71 -91 -45 -46 50 25 -67 38 -67 -84 -70 -12 86 -17 30 76 43 85 77 -90 -37 15 93 -37 -60 79 -85 -79 15 -12 -16 -63 -1 -36 -67 20 22 14 78 -75 -85 97 54 97 16 -36 -71 -13 97 -54 76 0 72 98 93 12 -13 -68 -36 53 79 22 22 65 83 80 -72 -34 -39 -53 -7 -88 28 -90 16 -17 -51 -59 27 -66 69 40 91 21 -90 30 -74 89 -95 -17 -75 -75 -24 -52 90 -75 51 -19 -62 -32 42 62 53 -27 -76 -97 -71 -59 -33 -99 -1 -72 -36 48 51 23 95 43 -67 6 22 7 -26 -30 -99 7 26 32 -10 35 20 11 -62 48 31 -40 12 6 33 10 -19 8 -83 54 17 27 80 66 17 12 -19 -13 33 92 -47 -32 80 90 -67 -20 -50 -10 -99 -37 -53 -27 92 2 2 63 35 -89 65 74 -88 82 -37 16 -34 -44 21 -73 72 69 60 -30 28 -21 38 -3 -92 -24 12 41 28 35 66 13 -63 -88 -36 97 -32 41 -76 -43 -19 58 93 31 22 -89 -47 90 -67 -32 -77 -48 -34 75 -77 39 44 38 -49 27 -16 55 -79 -73 -12 42 -3 -24 -6 81 88 25 -18 41 66 2 96 95 18 48 21 80 -66 -4 -5 -60 -17 -23 31 -1 -28 -31 77 58 30 -80 67 -38 95 -55 72 -79 -12 93 -98 33 -32 -96 -39 -45 -81 62 56 12 -30 -28 4 70 93 83 88 -30 -25 -5 81 -37 12 -93 -6 -14 86 -35 -42 -71 -54 90 -9 -78 -87 24 54 77 -80 -95 -47 51 71 -71 -55 43 94 73 29 73 -43 18 -37 -37 -20 -17 -86 40 89 -93 66 21 -19 -76 94 -66 -87 -37 -58 -2 -19 -73 88 -36 38 95 33 46 -81 -87 -69 46 -57 -7 -45 66 74 24 -97 -69 53 
24 13 -7 10 78 -79 -87 74 34 51 65 93 59 39 -72 -98 78 80 14 -68 74 -67 -30 55 -9 14 -37 -66 84 32 8 24 12 -63 -14 -87 87 -92 -21 -66 62 8 -26 -59 13 40 69 56 65 25 -40 57 -51 38 71 -89 58 31 18 24 -4 -96 -28 9 14 44 83 -6 60 -45 0 -11 -16 -35 28 -93 77 -10 -10 57 21 3 43 -13 36 -90 57 89 -44 90 10 -91 -94 47 -4 -20 86 69 -13 58 -44 90 -11 -98 -15 71 -51 65 54 50 -93 88 92 14 -96 -96 16 7 -85 0 91 -61 65 -88 70 54 -62 68 62 6 7 71 43 73 39 28 92 73 -1 59 -9 44 48 -34 -64 51 56 20 14 -77 -92 14 -17 -79 54 -11 -73 -85 -68 37 89 -17 68 28 -30 -8 -13 22 -82 -89 55 -43 46 58 -10 -68 -12 -95 -98 -19 68 -94 -19 -1 -5 -27 -73 -78 25 12 57 10 28 51 -27 19 -35 -73 17 -36 -88 53 75 54 28 -25 49 58 -2 28 45 -10 -2 71 -42 -82 72 -35 -89 -9 28 59 77 8 -17 -3 3 97 35 -41 -9 32 44 35 93 14 -12 72 96 -18 27 0 -23 -50 -70 64 74 -37 4 -39 -17 -29 -89 32 94 -53 -94 -1 -78 -54 -34 96 53 33 59 -15 25 58 22 23 -60 98 -17 66 -67 55 -90 -78 -21 21 26 -48 -69 67 91 -29 -38 -93 -7 33 34 8 -76 76 90 71 -50 91 -70 -94 9 -34 5 35 20 1 -42 -65 -44 80 -2 78 87 62 86 -22 -27 -91 -57 -6 21 68 61 -40 52 96 -64 76 -46 10 81 -29 -62 -37 -4 48 70 -27 -88 -90 -61 -28 -60 -52 -87 10 62 -33 65 73 48 78 -54 74 1 -96 75 89 -96 77 21 -10 30 98 -25 -55 28 -44 -22 78 -67 -3 36 88 23 69 12 -25 84 -7 60 -39 32 62 34 79 -66 38 96 -22 52 -69 14 8 -57 -39 4 -98 98 5 -98 81 -27 -22 75 54 80 50 2 -67 56 -24 -37 58 63 6 68 -24 80 -75 -4 -50 52 -11 42 41 62 60 84 -49 -54 -59 44 68 -71 60 -6 86 -46 56 -52 57 94 66 88 48 57 -66 -60 -14 80 -45 36 -79 -78 -33 59 -75 43 -72 53 77 -8 0 54 -5 -25 85 -91 66 -32 18 27 -17 -70 -89 -68 13 -61 -34 55 -75 -86 16 58 -62 91 10 -68 -43 24 59 -68 -9 69 -14 -38 8 -98 -15 
50 5 59 27 -3 -61 33 50 -31 94 -85 -79 -69 -61 41 -45 -53 41 1 91 40 -32 -50 -26 -17 66 22 -6 39 50 -24 58 94 41 -24 -60 -75 85 96 -12 53 97 3 -25 65 37 6 -15 35 -63 -28 13 75 48 49 94 -82 -61 -89 20 -59 -2 -56 -36 -38 -88 -54 -28 -7 -21 83 -74 -49 89 99 3 -66 -41 26 -54 99 -11 -59 -58 -25 18 28 66 23 -92 69 -47 -35 51 33 -77 22 12 7 36 29 -95 -24 93 -58 0 49 43 59 35 -64 -92 -34 93 -16 3 -10 93 -62 -99 -95 67 49 42 -75 9 -53 53 85 69 81 9 -28 -59 29 80 -50 23 -92 27 9 -2 -23 -30 34 77 -71 22 -50 19 -88 -29 73 42 11 -29 -57 -1 -61 37 13 -58 32 -71 75 -34 -17 43 12 -53 -57 51 -3 -29 -59 -6 22 92 -53 -82 62 3 -43 -53 24 -15 -69 47 57 -55 69 49 -90 12 71 -70 -96 -82 -15 96 11 20 -98 41 -50 10 99 3 -43 89 21 -94 -83 -18 32 -9 -37 -23 -73 12 83 -36 16 94 -75 -3 87 -93 -1 -68 0 -12 77 25 10 15 -27 -36 0 52 44 -52 15 96 11 88 -94 -35 74 30 -66 33 16 40 -65 -58 -10 72 52 -79 20 -61 68 26 -82 4 -25 23 -50 80 3 88 -62 7 -63 30 26 51 91 91 -10 -48 95 40 -38 16 -7 -12 79 76 12 -74 68 64 -22 80 -48 -72 -85 78 -55 1 -49 -42 4 7 75 76 86 -71 -16 90 53 -55 37 61 76 -2 35 -74 83 -20 -38 -95 26 96 -5 -82 -84 31 26 87 2 96 96 68 -13 -53 -3 33 31 -28 -12 41 52 74 -71 84 90 90 -75 75 -66 -54 41 71 20 22 0 -64 -81 10 52 -77 -57 1 -29 -78 75 21 -51 -4 -58 98 -10 56 90 2 19 63 -18 56 63 -10 -55 -65 -62 2 89 -46 83 24 -14 -41 16 81 -98 10 -80 -82 -92 22 54 -46 -51 -45 -45 -58 -85 51 39 -90 -89 -9 3 -17 10 -30 -52 34 -80 68 81 -27 -76 31 18 -40 -8 -50 -33 -48 -36 4 -12 60 28 -87 -8 -68 -82 -58 -6 -98 11 49 40 63 -2 69 49 2 -89 4 46 -4 -88 43 39 -84 40 -92 -51 80 -93 16 31 -36 0 -56 92 -42 -59 56 -28 -55 0 -81 86 -63 96 -86 34 35 -95 -2 -93 8 47 78 7 -62 -81 34 47 -77 -92 -95 14 -58 
64 -52 56 -84 -67 39 6 -26 -93 13 61 70 65 47 -31 -41 59 -56 70 -50 71 77 -7 -27 12 -58 56 -70 56 43 46 34 1 -48 32 59 94 -3 -60 85 -63 -55 -99 28 -83 10 69 95 -23 3 25 -73 38 -88 15 2 17 -26 52 46 81 -62 -84 44 -31 47 -85 -56 -66 33 -33 74 11 -14 -50 4 -97 3 -35 62 -95 -2 -63 70 47 49 -94 -35 10 0 -80 -22 96 86 -44 3 -95 -12 -57 80 -59 46 88 30 95 6 -98 85 -74 90 94 -29 3 -52 -14 77 45 86 -94 33 47 -46 -41 -4 -10 53 45 39 -74 -10 35 81 50 64 -11 69 1 -64 -70 -77 -67 0 43 31 13 -3 29 8 -45 17 5 6 29 -33 13 -67 98 61 77 -90 62 -68 -11 -13 43 -89 30 -59 -12 -96 17 -69 48 54 -56 16 -80 -42 72 -53 14 27 6 -21 -30 -38 -59 -84 72 -67 90 -1 -78 87 83 65 81 -60 -80 86 22 32 26 -47 -89 -95 73 56 87 34 -70 80 39 -97 -12 -57 61 -71 -57 35 -62 82 1 57 26 60 -61 -52 35 -34 -90 -19 -77 -92 35 -7 -61 66 55 -81 61 28 -33 -47 92 23 -21 -16 -56 -82 -95 79 34 -75 -61 -71 74 -82 -8 -39 24 -66 -64 -10 -50 -88 64 86 60 49 -8 -7 29 71 23 71 16 32 83 -47 -99 -27 52 -3 17 -67 -87 19 81 52 -44 62 -55 -82 -59 -85 11 -44 81 -36 -14 -42 0 34 30 88 20 -24 29 99 20 62 -69 5 27 -35 50 44 10 99 37 56 27 37 75 -80 83 44 -6 77 2 -83 -62 -36 5 93 -58 1 -42 99 66 61 -13 19 8 -15 81 58 11 -7 65 99 46 -83 76 99 5 6 67 -96 30 -85 -50 1 48 96 81 50 27 -70 -84 -96 38 12 -74 27 -44 -54 -51 -20 -43 41 -74 -84 -7 17 56 93 -32 -29 8 -89 98 32 63 -98 31 -17 48 15 -74 -79 -82 -52 -96 47 59 -80 -91 51 39 -4 58 -20 -18 70 72 67 -2 25 45 5 -97 -87 23 -77 -38 65 45 45 69 56 -77 -50 68 -48 67 -80 89 -41 -86 -8 45 67 62 -70 -27 -83 61 -23 79 -2 97 28 -43 -80 7 11 -58 -32 30 -30 -8 77 -50 56 84 -66 -89 47 64 -31 -3 -76 67 -81 32 -59 -85 -96 46 48 -44 -58 -35 -44 58 38 -34 -17 -88 48 -98 -29 3 73 -16 9 95 71 
-70 -90 -24 3 98 -4 23 37 -60 -74 -29 -92 93 -20 28 -49 -69 97 -93 1 -70 -82 -7 40 91 -75 40 71 48 37 43 41 -1 -16 -36 79 67 90 -93 -63 5 -8 -82 -31 50 2 47 16 -73 30 13 -24 -29 -37 54 -24 -59 -95 51 -9 13 -33 81 80 -26 -58 -86 41 2 79 -75 -36 26 -22 9 91 -58 5 -95 88 63 -12 -96 86 9 -77 -90 -86 -29 -21 63 -17 -9 88 42 -11 -47 -17 -79 31 -22 -98 -35 25 -18 -84 -88 -93 -27 9 -94 -52 28 70 -20 -43 -54 67 -82 74 16 79 52 94 -56 87 39 -4 81 -27 95 19 -15 26 -75 -9 -38 -99 -27 -57 58 -37 -28 8 92 -27 -7 37 56 -6 -83 -23 24 -68 -66 -65 -54 -92 65 -40 18 34 95 -62 57 46 -83 -41 36 -40 17 -45 30 -54 99 40 -31 50 38 10 2 -35 90 -31 -81 -7 -91 74 -19 29 -78 35 -67 24 -13 16 -58 89 64 59 -13 -22 17 -69 -38 31 98 -21 18 -10 22 -16 15 -31 37 91 6 -19 -79 -85 80 -12 94 -61 42 -73 -81 -87 -35 75 37 -18 41 40 88 18 42 23 -7 -8 45 8 65 32 -84 58 -33 19 -95 -55 -73 -48 57 54 78 16 75 -11 49 -20 -35 -11 52 -86 -60 90 28 60 36 54 -49 69 -97 49 35 -11 95 -51 -35 49 75 59 -39 -22 32 91 47 -24 73 -15 18 -64 27 10 2 -65 2 71 -87 -65 91 -14 -46 -29 88 -80 8 53 63 17 -65 -83 28 -34 8 -52 -25 25 -76 89 56 21 -56 -76 14 -22 -71 -39 60 54 94 72 -65 -56 -72 12 -55 89 -56 51 40 -28 -10 -89 -15 99 -7 -21 -32 -89 -93 -78 92 66 23 -80 37 67 18 62 58 37 -57 75 0 46 -52 11 -71 24 12 -29 -43 -87 -11 -46 -53 -43 -76 85 69 67 -58 71 91 15 -66 -6 -81 -23 3 -55 -80 16 36 -97 -92 -56 97 -57 -58 -81 -72 32 -74 6 -63 -68 -39 98 -47 41 -11 75 -11 -38 13 93 -36 -88 57 69 -40 72 -51 -82 34 79 -15 -52 8 80 -2 29 88 14 -28 78 -81 -42 50 -52 -22 -16 76 44 -50 -19 61 -9 14 -64 -97 -96 -18 73 27 -72 73 24 73 33 -9 -7 -42 9 99 -5 97 88 97 -26 89 -77 45 -49 -2 79 9 -54 18 58 0 24 12 34 -29 6 14 -37 -93 -15 -70 -31 34 -53 -73 -92 -83 79 
-48 52 49 20 60 -29 75 67 -69 83 -37 -31 -21 -25 47 31 -7 78 41 24 85 3 -39 -93 -46 55 75 99 -76 -97 38 -63 31 -79 30 96 -72 37 -60 -37 96 84 19 58 19 17 29 38 -37 -84 -10 42 59 -45 -53 30 55 -79 60 -90 -53 -32 -25 -2 74 37 39 -33 33 59 -80 -43 -33 44 65 -82 -7 -11 29 -41 85 20 88 -62 -65 -10 52 24 -4 -78 17 -72 -95 72 -12 -78 69 8 25 -42 98 -93 42 66 -79 50 67 82 -67 26 79 0 -96 -2 -40 -46 24 74 -57 -13 -21 79 -15 70 -45 49 11 65 49 35 13 24 25 -88 -53 72 54 56 5 47 -15 57 88 -1 5 -17 33 -42 -51 -28 -33 -20 55 10 -50 80 97 -8 -71 -54 24 51 41 16 91 -68 20 50 38 -60 -63 -63 6 -57 46 89 -41 36 87 -82 -20 38 15 -40 53 -8 41 -69 48 58 35 44 -14 -17 95 17 -42 25 -5 -95 -7 -20 0 39 35 70 87 99 -87 -48 -85 -40 33 -37 -73 -20 48 99 -62 89 -33 69 -27 -62 -96 20 37 -67 62 -24 80 35 18 -86 12 -62 20 -42 -41 19 -9 -16 -84 -90 -65 -39 -49 -12 -38 68 -4 -77 -7 -29 -73 98 -72 -51 77 -29 88 -33 -32 -60 -79 10 67 46 91 -14 88 5 34 -86 -91 -47 26 -21 -49 28 -39 -99 50 24 44 -24 32 -38 -14 -49 -29 97 99 -28 92 76 27 66 8 5 22 62 46 37 -7 57 52 -94 93 24 4 41 58 54 16 16 -48 92 32 58 -14 -63 84 -21 6 -99 -97 66 -29 -58 21 -48 -99 93 -47 -3 64 -12 55 12 35 -97 62 -3 -21 56 86 84 59 -79 85 15 -52 14 65 -27 27 -80 59 28 -97 -41 41 -79 -73 -88 4 -76 91 -55 -95 -52 -71 -55 28 -40 -40 -40 67 -89 90 -4 95 21 70 -49 41 -66 -34 -73 -96 -92 80 -32 13 -27 78 -50 11 -46 -37 -39 -1 -52 32 -51 -53 24 -48 13 44 71 77 -88 45 -39 66 44 15 80 67 16 -13 -53 -55 18 94 67 -85 97 -72 -77 -53 -67 82 -54 47 -29 11 48 19 62 -84 -93 -29 -10 -3 81 24 -75 5 -72 91 -57 -58 -49 -85 -48 58 -6 -94 45 -77 -42 22 18 -88 -31 -11 -1 24 -85 1 -52 -8 51 96 19 24 -72 -50 14 41 16 -24 60 77 -47 -11 -58 -47 -99 33 10 -87 83 -48 -27 57 -58 
-80 83 -61 -57 -13 40 -71 -94 -40 -19 14 -62 -42 -4 34 -80 -28 48 -81 -49 78 -46 -26 -34 -5 5 86 -47 71 79 -31 -50 -54 69 -16 8 -89 -28 61 93 -86 -14 -66 -20 -56 22 37 38 41 50 2 -98 72 20 -69 66 64 -27 -13 -16 -99 18 -92 -89 -46 -68 -66 84 -50 38 5 74 87 9 28 19 -18 35 54 68 -71 7 8 -71 39 -99 -23 39 95 -81 -36 20 2 -69 -54 -32 -57 -92 -23 41 -69 -3 -14 -2 -74 85 20 -85 -75 -26 95 71 -45 -80 -35 47 94 84 -55 84 -78 42 -85 -61 -81 -44 -94 -37 -44 -35 48 43 -75 68 -88 -20 51 -85 -85 23 6 -24 -78 67 19 -80 -22 40 -2 -78 15 97 -44 75 82 -92 -92 92 17 31 -49 -69 26 85 49 1 -33 98 -2 -9 61 -72 -97 -28 38 -91 4 0 36 46 24 93 45 72 53 -57 -10 -6 -64 5 -7 -60 -2 97 70 58 -1 7 -52 -74 16 71 88 -22 -60 89 -37 -58 33 -50 68 39 91 77 -93 -40 -78 -34 -94 -40 82 17 -43 -50 -56 -47 18 13 -84 27 -65 -4 -70 -90 37 82 20 52 92 -58 78 89 86 86 -36 -55 15 80 40 64 43 63 9 -15 -21 85 18 46 -13 33 -78 -67 81 -58 78 -79 -38 -85 93 46 -31 -16 25 65 46 82 -13 95 0 -23 -59 82 -38 -75 -46 25 73 -1 -38 -77 40 96 -17 54 24 -42 -85 -84 -73 -91 88 -15 81 99 69 53 52 88 -52 -4 -29 25 -3 -3 -99 -73 67 48 3 -26 91 -8 -14 8 46 -77 77 -67 4 35 78 -4 45 46 -3 85 -81 -38 18 58 86 38 47 -36 -38 47 -86 -52 -52 33 -58 -12 -25 -76 -86 -60 36 61 34 -81 21 15 41 70 -16 -62 30 -96 63 91 -61 -25 79 11 -38 -40 36 -1 -72 96 -31 82 -57 48 22 -83 54 87 -75 -11 -98 -69 -44 55 52 -80 -96 -38 -94 73 -30 73 -46 52 58 98 62 -59 -1 17 88 -90 90 30 4 58 -42 35 -10 -53 -72 24 -34 78 -23 -51 93 96 -16 -51 30 16 18 67 16 66 -73 -51 -29 -67 -59 60 85 86 -24 39 -62 -49 17 3 -88 41 41 10 -77 36 -34 -45 28 -85 -20 61 20 -92 -99 -36 91 22 38 72 -71 56 -1 82 84 90 9 1 -33 20 -51 -58 91 57 -91 55 16 39 48 -75 -4 -82 -36 -13 40 -40 -44 -85 88 19 
-9 -26 -17 -71 90 -30 1 77 -52 -62 -71 57 14 33 13 -89 82 -5 -95 18 -3 -92 18 77 -82 80 65 12 -99 1 -66 54 28 87 63 -71 -22 68 28 -30 65 -67 -61 16 -12 -76 -28 -56 30 64 -78 0 98 14 60 63 2 22 -49 -2 -34 -34 93 20 -93 44 45 -1 -65 -80 39 -18 11 -2 -8 11 88 -77 -55 -69 -1 24 82 -24 82 -47 -31 -93 -41 88 31 14 93 -52 -83 -95 95 70 82 43 -51 -3 50 94 -50 -55 95 -12 48 -68 -80 75 -54 -35 -53 96 -7 26 -67 -2 -25 22 -13 -80 71 83 99 59 43 -11 9 -72 52 99 -39 -20 92 -92 -65 -13 -23 -15 95 -58 9 -93 -45 11 -80 0 90 -37 -51 24 -89 4 0 38 81 -71 43 83 69 -50 59 92 12 10 92 -45 76 -55 -99 45 -47 -74 40 -1 24 -71 -4 -31 58 -82 -40 25 -26 52 93 69 -20 -77 36 -98 -10 32 -41 99 61 -81 -81 -49 98 27 21 71 -82 -84 -68 54 -45 -43 70 88 -69 -56 63 21 27 10 11 -98 -72 14 -60 54 -26 -2 56 -22 -24 -1 -14 19 58 29 -13 81 93 -35 -36 -53 -45 31 37 -87 -50 -49 -35 0 -65 54 56 -13 -63 -66 -14 79 38 -37 -97 -88 -30 -24 17 14 92 -25 91 -38 -1 -44 53 13 -18 -84 -98 -76 -98 -54 13 82 39 56 48 40 -37 48 -80 -89 78 73 90 78 4 6 -78 54 81 51 77 56 96 -67 -97 -15 -62 -62 -85 0 -81 29 -64 -16 -37 -81 49 -31 -26 -53 -70 80 70 -95 -4 56 -17 -65 49 -81 -77 6 -71 -27 60 -98 -10 58 70 -80 -24 14 14 -1 41 13 -60 36 -32 82 88 -13 -15 -85 67 -6 -27 -49 25 -89 -71 47 -78 -48 12 -17 -87 33 -91 24 39 -18 -39 -95 11 82 81 77 15 -30 -39 -52 97 84 34 1 -64 40 21 -73 -71 40 71 14 -68 95 72 86 -44 57 -38 70 -14 -62 58 -66 -52 -66 -76 80 51 -91 92 -71 75 -15 -63 -75 22 41 53 17 -97 60 99 -81 18 7 -35 12 32 -62 -33 -89 60 98 38 32 72 -93 -53 51 51 2 -53 54 -91 -67 -64 -65 17 88 -41 -20 -97 71 14 -10 -6 -47 -6 -49 -62 -5 53 58 94 4 -19 -77 -18 46 -28 -46 33 97 79 -54 28 -68 -87 -61 93 -98 -56 -97 30 -64 -5 53 -52 94 -26 -42 75 51 63 -46 -1 22 
-54 57 15 -35 72 9 -39 73 -36 -45 79 15 -65 44 32 -34 -76 70 67 -57 2 -3 50 -45 33 81 -71 -47 83 -32 -37 -48 -27 -46 61 33 -36 -29 9 32 -17 30 51 -86 45 17 -36 -7 -5 97 -62 -52 -26 38 18 -46 -55 -31 61 -86 -85 65 -77 19 80 -78 18 54 -61 52 -97 -23 -98 -18 -53 -80 0 22 -37 -75 30 -75 -83 34 96 -76 -89 -58 -4 60 -85 36 70 76 -42 -51 -67 68 65 -74 -60 -66 -28 69 59 -51 -19 86 -63 19 49 -69 18 91 88 45 65 -7 70 -70 -15 -72 -55 60 -91 24 30 -42 39 96 -7 -28 20 19 -33 37 47 -67 -86 -99 35 -35 -74 13 -75 -2 16 58 23 -80 -18 91 23 4 83 -50 99 -4 45 29 -42 -27 6 -48 12 -21 -21 -98 99 -68 -79 6 -76 -58 35 0 30 -91 -57 -91 27 -96 78 30 66 -83 -54 32 -40 -59 -77 38 -45 57 52 -19 61 77 -20 48 26 7 52 13 -59 31 -96 17 -10 15 58 -71 -23 7 71 46 -82 25 -44 -2 -12 70 -74 26 13 -26 29 -58 24 42 -45 22 23 79 -25 92 6 -89 2 -48 43 40 -36 15 -46 -44 -48 -1 -39 17 19 34 57 -74 -67 62 90 77 -24 10 -62 -3 -34 68 -72 3 99 -88 85 -81 14 -78 -60 -34 -59 26 17 4 -77 -20 88 41 -81 20 -43 -89 -35 -90 62 47 14 59 -48 -73 90 -10 22 90 -84 35 -13 55 34 -63 -59 -26 -52 47 72 69 -2 -24 -91 -22 -16 68 52 90 -74 29 -22 95 75 56 -72 -53 17 23 -94 53 -75 -13 36 -80 39 -91 21 41 24 63 70 -68 -58 -63 73 -98 -41 54 89 -6 61 44 -63 31 -28 67 40 -97 -21 96 -47 -70 -88 -12 -65 -96 81 -94 1 -63 -43 -49 76 31 -74 -94 82 81 -4 76 -72 14 35 74 -52 -12 62 51 40 -35 89 -95 -16 23 -66 90 97 -4 95 30 81 30 72 -47 65 7 4 91 12 -80 -3 3 71 67 -16 66 66 33 49 -69 63 -29 9 -97 68 -38 -66 -26 51 -18 -41 -57 -26 -50 -16 71 -8 26 41 63 53 10 75 61 -63 -60 61 -2 62 -39 49 -76 87 19 77 -26 -15 -24 62 -53 -30 41 -34 -63 36 57 -86 8 -8 -15 -16 21 43 -55 88 -91 -13 7 97 75 -50 27 58 -56 -65 3 -24 -35 27 20 19 79 4 19 84 -2 71 39 94 24 
46 -25 54 -75 -70 45 -25 29 -2 45 4 -65 56 86 -51 69 10 79 2 -45 -68 -20 48 -58 21 -47 -32 78 -2 -21 42 10 -20 -48 89 99 -25 26 -47 6 -10 -43 -30 -94 85 54 76 -62 -37 -65 67 45 -49 3 72 61 -4 10 75 89 -88 92 -50 21 66 64 72 99 17 68 -83 -83 -37 42 -70 -49 -75 -92 7 85 86 49 24 40 -87 -99 28 65 21 88 83 -26 -49 -79 -44 -61 22 -74 -69 -28 77 -54 -90 2 -36 -70 -35 -75 36 20 -15 76 -10 -32 9 35 95 -57 -3 -59 95 81 11 35 38 2 11 9 -54 11 4 62 20 -37 -80 63 83 -90 38 -85 66 95 1 -96 -7 97 -32 89 -48 0 -59 -28 4 -55 -38 7 6 -62 15 39 45 60 -20 78 90 85 -53 1 61 -65 51 34 -32 32 -73 -77 -4 40 60 92 -83 69 -36 5 -95 29 45 -16 0 -9 9 -66 -89 4 23 89 -21 -57 5 7 12 89 -72 93 11 58 -22 -15 -58 -6 58 29 4 13 -79 -17 -61 16 -79 28 79 88 -17 26 -90 -25 -20 -71 87 93 52 -92 99 -81 62 0 -90 64 -83 -28 -45 20 -55 -22 -61 -49 -56 10 24 -86 58 22 79 -49 71 77 55 95 -28 -76 66 90 60 -46 -67 29 66 22 -42 3 50 -7 -61 41 52 50 -41 -62 -92 -46 -7 -70 -57 87 -48 -38 21 12 8 -44 4 32 -58 85 13 -39 99 25 95 -9 -39 -42 99 -12 44 -89 -78 50 16 18 -94 -23 -11 -70 -65 -99 23 -31 60 -15 -61 70 91 -92 -79 -44 39 -27 31 -94 -14 34 -30 4 -70 -75 -68 -57 -24 -54 -27 -28 -94 72 3 46 76 -96 -62 82 93 -89 67 88 -71 31 -9 -89 16 -2 76 64 -14 -93 84 18 19 68 42 -19 -86 1 5 -96 88 -6 -63 5 24 -98 46 5 -28 3 -11 -82 89 -17 49 20 -37 -61 93 94 87 -4 -87 -65 -72 44 -5 67 52 -25 2 -85 -17 60 70 -71 41 -72 16 40 93 -32 15 -72 -39 -98 -25 -49 -85 -8 -14 49 32 -84 -22 20 -43 -24 -9 -97 -19 -76 29 -95 -5 17 0 1 -58 43 27 82 -65 12 -34 -46 74 -41 90 31 51 -13 37 -90 37 -90 -17 1 -43 -52 73 52 40 64 -65 99 78 -93 30 -63 17 75 38 92 -16 98 -88 25 -25 -47 99 53 31 46 -90 56 67 -15 8 3 -10 7 67 9 47 -89 
-57 -78 -2 -66 48 -21 38 -56 -83 -42 77 24 30 -33 86 45 -49 -62 -75 57 -20 -5 -99 42 -87 11 -3 31 42 65 -34 5 60 -10 -4 -68 51 32 -77 -1 48 96 62 81 16 0 47 26 -94 69 -50 -65 2 -36 58 14 -63 8 -2 58 -18 38 -96 -13 3 -14 64 98 83 -1 -2 19 -6 -79 62 -12 -59 -58 37 -82 70 24 -62 -45 -25 -71 -55 -5 98 -29 -40 24 -87 77 52 -10 -64 -81 72 -9 -99 -24 -61 -52 96 -92 87 30 -77 5 -82 -34 -69 45 -5 93 -54 49 -28 -94 62 -58 60 93 44 -7 10 -88 -66 -70 -32 -67 40 -77 -32 22 -58 -71 20 49 -75 -67 -36 -83 86 -30 43 -49 -60 86 -31 34 -62 22 -43 58 29 -75 -75 11 -83 85 -21 6 15 63 -82 -25 29 -81 90 57 24 -72 61 79 -85 97 84 -39 -39 -8 -26 -39 15 -88 54 75 -34 75 22 44 -79 -82 11 -74 -13 13 99 -97 -29 -59 76 -45 76 57 44 -79 -93 58 -3 -83 -6 -18 -94 -38 -37 -94 -32 62 66 -91 8 62 -41 87 -81 33 95 -78 -93 -4 27 -80 -99 9 48 -80 -45 76 63 -58 7 43 -66 68 97 11 94 -41 60 34 55 -46 -1 -55 -43 -84 -35 32 -73 -4 -57 77 99 -89 96 -83 21 -29 -83 5 36 -29 -48 57 -78 -8 -43 -22 -30 -41 -94 -33 36 -65 -7 -65 -48 56 29 -74 44 -22 23 -71 6 -35 -54 1 -78 67 69 65 50 -40 81 -23 13 -43 -25 -40 -4 54 90 66 90 -98 -68 37 29 89 -67 -59 -73 66 -87 30 -60 64 74 -50 -12 -74 -40 44 -19 56 -6 45 -91 28 -13 -50 25 -75 14 -33 80 -96 38 21 -15 -8 47 71 96 -72 51 -42 -55 48 -78 78 -29 -76 -51 24 -52 67 96 69 20 -64 -92 -93 -47 41 -44 -65 -85 -82 13 82 61 4 19 6 -11 86 -40 -19 41 23 -60 -67 68 -94 78 -84 48 -70 -54 -48 73 -65 -69 -53 -9 76 7 61 12 52 35 -19 14 26 44 -73 -46 -1 39 66 -40 -42 57 21 -10 -91 67 -7 -39 -22 40 23 -28 14 61 85 -5 -41 70 -63 -95 7 33 -28 -91 24 -5 -84 49 -17 35 -56 15 81 20 -54 90 -33 -84 -40 -57 -59 -40 -86 0 -43 -81 -99 -67 20 -5 -21 -95 82 76 73 -72 -42 -43 13 -82 86 38 -27 32 18 -84 8 -29 -91 -33 -51 96 -57 30 -55 
21 -61 -65 -3 19 -18 -88 -31 -30 -94 -83 65 28 -17 -37 25 -24 84 86 73 12 59 -21 -63 79 -40 -87 -12 -29 -29 -76 70 8 -62 86 79 -18 30 92 -17 -30 98 51 -43 -50 -15 -77 51 90 -50 -37 -6 -60 -46 -9 -45 -91 75 -78 1 -40 9 56 6 51 -13 -37 76 -75 81 -41 60 21 -51 -78 -79 9 -88 -39 -44 -96 -16 -69 50 44 -84 -55 -82 64 71 43 7 38 -31 58 94 -49 -11 -34 83 67 -19 -56 3 84 4 -82 24 -30 40 -54 -36 -93 84 -2 -85 67 86 46 -26 -3 -37 71 -10 24 -41 -95 -90 83 37 -23 90 74 -99 91 -90 -32 74 -26 31 -27 -23 -41 63 -98 77 -15 92 61 -60 46 35 4 -44 82 94 -16 82 -82 -77 76 89 23 -84 -77 78 60 -29 59 32 36 67 8 -11 29 -61 2 -14 -8 -82 -6 74 -23 -89 94 55 -38 -39 95 41 -36 -37 67 99 -56 73 33 78 -13 -55 -11 16 -69 89 -89 -58 -4 -31 -95 93 65 86 9 88 -53 -30 -8 -3 -60 -74 -18 -71 -11 -39 -27 -51 -8 -91 77 -4 22 -52 -30 -44 95 80 -42 -37 44 96 12 81 -4 -11 -99 -92 78 -53 62 -25 -70 87 -86 -28 -48 -62 -44 -82 97 -73 33 -78 -7 -71 -74 45 -83 -12 10 -93 -26 93 -20 -42 -12 -19 -96 -80 -26 -65 -12 -17 -11 -24 -62 -11 25 79 24 -52 72 -71 -4 9 -58 64 -39 -58 55 54 38 -39 -5 93 -94 -2 57 -21 35 -90 -20 -7 94 -60 -81 14 16 -1 58 3 99 -27 4 16 -29 -61 54 -40 -44 31 -77 18 61 -30 -2 59 -2 0 35 -73 24 -9 57 76 86 98 4 -12 90 -55 48 85 16 60 62 -87 9 56 63 -17 -26 29 73 -18 6 -19 -49 -16 -18 -36 28 69 -88 -61 -89 32 -17 -96 -63 -18 11 37 69 -67 52 72 -38 -23 10 -97 -18 66 -10 44 9 -59 -14 31 -95 89 92 -52 -42 76 53 -8 58 74 -20 -2 -40 38 -55 79 -56 -85 67 0 30 -74 49 12 -99 -97 89 -16 -92 55 19 22 -82 90 -54 74 24 47 -21 50 98 -24 -12 -49 -74 99 -30 -63 -93 31 -36 96 72 -24 -84 -14 -10 13 -62 19 30 47 41 53 64 2 67 -5 39 45 -63 79 -92 9 30 -68 -34 1 -57 72 67 41 94 77 42 -96 -21 84 31 84 -86 -88 49 1 -35 -49 31 66 97 -43 29 95 
-49 -31 -93 -61 -28 36 92 -56 32 78 -45 -64 54 56 -31 -19 52 30 -44 96 -91 25 -85 30 -50 4 -18 22 -12 3 -38 -15 90 76 -68 -40 -71 22 -4 86 -12 75 -93 -65 84 71 -37 -22 -70 78 -97 59 -74 -19 57 77 -66 -35 -38 -32 72 -94 23 -68 7 -48 97 99 -73 -22 46 -44 70 -21 4 19 74 28 -51 -40 51 76 -41 78 80 -67 -14 -18 -99 47 27 -31 -8 32 75 46 -71 75 -72 8 -30 -78 91 -95 -79 -98 -54 67 22 92 -6 -47 99 2 91 89 68 -38 -45 77 79 62 -19 -83 -27 81 -7 72 63 -77 -35 -96 -88 -3 -72 -86 90 86 40 -80 43 24 47 -53 9 30 -54 57 95 11 -33 61 82 16 38 65 80 78 -3 47 -1 98 -41 32 -85 81 27 62 -19 -98 -58 -22 93 -16 -65 26 86 -4 44 -26 84 89 -98 -6 28 -89 91 -99 32 47 -80 -96 -99 -62 72 1 -77 -21 -55 -75 -34 -18 -83 -58 45 -76 30 41 90 -1 59 -71 65 64 -15 29 19 9 -16 0 -77 3 75 -63 47 -97 -49 -86 55 88 -22 -96 72 23 47 71 16 -8 -82 68 87 66 73 -93 -15 67 55 -49 0 -93 -34 40 89 -37 54 8 32 -13 49 -97 -50 8 39 31 36 -18 -44 57 99 68 63 12 59 89 -85 -77 33 93 29 -25 -35 -9 36 60 52 66 -6 2 -43 45 36 -3 20 -70 52 -96 -96 13 82 19 -92 -39 76 76 -33 87 91 85 -19 -68 -28 76 85 48 6 -8 42 -77 44 36 -93 -70 58 55 -10 -26 -48 76 -28 1 10 38 25 71 -19 -41 81 10 -9 68 -25 -31 93 -7 44 -6 99 1 -63 63 -97 -9 74 84 74 97 33 57 -43 5 47 90 69 25 -46 67 77 54 56 -66 77 -27 80 -81 79 -39 -27 4 84 11 60 87 -58 -93 37 86 -74 -93 34 93 92 36 -19 21 -66 -78 -27 11 15 -16 -13 -66 30 -69 -64 93 33 -23 45 -83 -57 -89 -84 -78 17 -78 15 42 -70 93 -9 -9 -66 16 73 67 26 96 7 -42 -80 -65 85 11 75 -99 95 -68 68 -1 19 -97 69 84 47 87 -5 3 73 50 82 -98 78 -12 1 -47 -64 26 -20 80 28 29 66 54 74 33 48 72 -42 3 -91 -50 -41 -8 71 -56 52 -30 88 -54 -75 -57 62 -67 -81 -16 92 -52 -43 94 -24 -31 52 75 71 -14 -13 60 -2 -3 
-32 6 28 47 46 78 -33 -65 -96 15 55 -24 -71 78 91 21 -19 9 -48 68 -25 -70 71 86 -57 -60 33 -64 -94 -50 -77 -77 -49 34 43 72 -27 -15 -12 57 -47 67 -1 -53 19 76 3 28 43 -45 72 75 3 53 -62 50 8 -2 63 7 24 22 -40 -74 -24 -88 -81 -33 -56 62 46 82 -3 32 -30 -57 -17 -42 -87 -21 -65 -24 88 92 38 47 -7 -24 -64 85 -50 64 -85 -75 -2 45 92 57 95 -96 77 -7 64 70 -50 -56 31 -56 -87 68 13 -73 -8 23 49 73 -82 25 66 75 -74 37 -37 67 -71 35 70 83 -70 84 97 82 68 -80 -88 50 97 99 -9 -44 -48 82 -89 87 68 -24 -50 0 -3 -39 -66 -77 25 79 -84 -60 -3 62 88 4 92 -60 -9 2 -6 49 -63 7 45 -74 -63 17 -47 73 88 -92 58 42 -69 -48 8 92 -84 -81 -9 -95 36 99 -36 -91 -24 67 -95 28 -77 -78 41 50 34 92 -93 -87 34 -4 -51 -25 46 -6 40 -38 -54 -98 -6 -13 12 -36 29 -68 31 63 50 72 71 -38 62 19 -80 61 45 -80 -24 -47 -25 9 -4 -78 85 -17 -42 51 -64 -67 -41 53 -88 5 -28 50 -12 -89 84 -93 -73 -84 -11 6 -88 -22 85 73 20 -82 16 -2 58 98 -51 -16 22 -42 -52 78 -87 -47 16 39 -35 -94 18 4 99 -80 -72 69 41 61 -40 81 -89 98 73 38 -44 -98 20 -2 74 54 27 -61 61 20 83 -29 -16 79 -92 -13 2 -23 -77 -57 -96 33 -28 -47 -48 -71 89 97 -38 -96 -55 66 92 55 -70 -45 55 -48 -16 -31 20 23 -21 53 10 35 37 -13 51 -33 -63 -51 -77 -78 40 -10 -68 -65 33 -73 81 46 43 94 47 94 38 96 78 -11 47 -46 92 10 -72 79 30 3 85 27 -15 -43 -11 -66 -11 -16 -34 -25 32 23 -78 -63 -2 41 -9 92 -50 -71 46 -49 -67 33 -75 -64 54 -41 -98 32 61 94 -51 56 -9 20 89 -96 49 15 -67 62 20 1 -32 60 84 0 22 -11 -91 -70 2 4 -78 75 -62 -82 61 42 19 -75 -32 87 0 51 99 27 -75 -38 94 74 67 -94 36 5 64 -77 -37 94 49 77 -54 2 -33 -92 58 -94 19 0 -24 25 11 -4 -75 18 93 -45 -9 -21 -70 -27 97 79 41 52 -63 -33 -87 -20 97 28 0 12 -4 -92 81 -58 72 40 -84 47 -86 6 -46 -81 90 54 -39 -65 
-80 -62 17 98 -59 14 7 79 -41 15 -37 -16 0 -34 -55 12 38 8 -35 81 69 -71 50 -52 31 77 -64 57 62 25 13 -8 -10 27 -87 61 86 -9 63 61 -19 -60 -55 -85 96 67 -31 -75 31 -74 -18 -68 -66 12 -69 -40 65 59 -7 74 90 -44 74 -47 83 35 19 -51 -88 -17 53 31 -68 -7 64 -83 -12 -42 -32 25 -18 12 42 -7 65 -3 3 -37 0 -28 -27 62 -66 67 -19 76 61 12 90 75 -97 28 -33 -77 -84 25 76 -39 -75 -13 -80 85 -61 -51 -62 61 40 51 65 6 63 27 67 6 -3 44 49 -17 97 3 20 -82 -74 25 5 94 85 80 80 -82 69 39 77 -93 -66 12 70 -37 -51 -61 -8 -37 -2 -99 -51 -76 -69 32 73 -14 77 -84 -15 51 -38 1 -17 4 -27 -1 54 -50 27 -75 -22 -14 -93 75 -77 86 -73 19 4 -62 -10 64 37 -6 -32 -26 -7 32 66 -77 -29 -56 -31 -83 61 -64 -47 83 55 51 -80 48 -34 -16 49 75 -79 47 -44 49 1 -68 6 53 -38 24 -83 -60 30 -39 -89 -78 -18 93 84 56 80 72 49 33 88 44 45 -52 0 54 58 73 -28 27 -70 -88 -38 -28 -9 62 -34 -82 31 63 15 -23 -35 75 -38 -36 25 -29 90 -43 63 75 36 46 17 20 -12 -19 17 -2 -4 35 -13 -44 -54 -15 -62 -47 -28 7 81 74 -7 -89 -33 -56 71 -23 -45 70 -42 95 42 -98 -73 -60 90 -7 -86 -86 -83 -94 -76 -92 -85 -78 89 -8 15 -87 -84 -11 14 -34 22 92 31 78 -54 -82 14 97 -42 25 81 -68 68 33 38 57 -94 -41 -6 -86 -33 -20 77 85 -56 -89 -92 -9 -56 -78 87 -10 -94 79 -80 -35 -30 69 -8 -78 47 -24 -15 -20 -19 0 -59 -69 -26 -9 69 71 14 14 86 -87 -63 17 76 35 15 90 75 66 -10 56 -29 79 9 10 54 75 -4 -58 -61 -76 63 74 -7 -71 74 42 4 22 -30 4 -3 66 -23 22 30 -43 -95 13 -71 40 -94 -27 -26 32 68 12 14 21 -16 78 -94 39 -5 55 -96 -37 -93 45 40 69 15 -97 -21 9 52 62 57 -75 -6 33 -90 85 -40 -57 91 27 39 -87 -4 -51 4 -27 -35 60 67 -31 -41 -60 -80 24 -67 -81 11 94 -20 61 29 39 -46 41 15 -6 63 -90 70 -96 69 -3 20 42 39 -87 -1 -28 -95 54 50 3 24 26 -29 -98 84 -67 30 -6 
61 8 53 80 -31 2 -87 -35 76 -56 38 28 96 4 -9 29 -40 -37 -82 53 25 15 58 -89 -55 -76 -67 -37 -60 72 25 42 -72 -37 16 79 -8 -98 41 -87 -47 18 74 -86 -55 -27 10 -3 86 75 -7 90 76 -1 -43 5 78 -76 23 54 59 26 29 -89 66 -97 89 -45 94 26 -98 -34 4 -41 2 -12 94 -42 17 32 62 93 -66 -15 -82 60 -49 97 -38 -15 72 -15 47 79 84 33 -57 -67 55 -74 -74 -73 -58 15 -76 53 -9 -90 8 8 28 50 -25 -79 65 -65 55 47 61 92 44 58 -10 -72 -46 47 50 -60 -1 -45 -89 -31 48 -48 22 48 -83 -82 91 -35 -9 37 6 61 89 -13 -12 -33 -93 71 54 -8 20 -40 96 82 9 72 -7 -77 60 -1 -4 -38 -63 -90 -51 14 -97 -33 -36 -64 -3 19 -7 -95 -13 -9 -17 5 69 39 -24 94 -35 -34 -6 -52 89 -38 -70 37 -7 -40 65 75 -22 -61 -62 -41 43 7 15 -33 90 -75 44 -15 93 -45 11 67 54 -13 82 -74 -70 17 95 -84 49 51 86 -99 -19 57 87 41 5 -94 88 -43 82 -22 65 -98 -16 -13 93 0 -54 32 -21 -64 18 -52 45 -92 -51 -18 28 -59 57 70 -94 91 -82 -89 -28 89 96 8 -90 -22 76 13 -53 5 33 -30 19 -55 59 40 4 86 28 15 80 27 -33 -7 29 -59 57 79 -96 85 8 67 -87 12 -88 -28 -9 23 58 -93 -95 -85 -25 29 -85 -92 65 -77 19 27 66 -53 -50 29 -25 -89 16 -68 -88 3 -52 -11 -27 -64 -87 30 -47 -14 67 53 -24 -13 -4 22 -8 -13 18 10 38 21 -33 93 -42 -37 28 92 -57 -74 53 86 -76 90 -19 -64 -23 -76 -11 59 -29 33 18 -74 89 -27 90 18 -89 -74 46 66 -99 6 3 -18 43 12 -98 -44 86 -45 83 80 -90 -8 28 -46 29 97 -30 -86 28 27 -61 -71 -96 -17 3 90 72 -75 -71 53 16 76 31 87 -93 37 -30 53 67 48 61 77 67 -51 -77 -96 54 54 98 -33 -35 78 66 45 -97 -4 -36 55 -4 59 7 -20 -66 -40 32 32 47 -85 -88 -17 -74 49 88 78 -93 -64 -84 7 88 55 28 24 3 89 -80 20 18 -12 11 89 47 65 37 -54 -88 50 -1 69 73 -88 84 -28 16 -68 78 -93 -85 54 -67 46 10 -45 25 -14 7 31 96 28 -41 -71 65 68 -29 11 -81 86 53 -69 -62 12 
-24 29 -73 -58 70 -68 88 85 26 -65 48 -98 -50 71 36 -19 90 -69 -59 73 13 52 -75 -40 23 91 -36 -40 42 52 1 -93 -77 -73 -48 -88 67 -54 59 33 20 71 81 82 79 -15 84 34 78 16 -61 -78 -17 -77 69 -35 -93 -35 -99 25 8 -72 20 -42 -6 -70 91 61 -36 70 75 -6 56 86 63 -5 -48 73 10 0 -26 -25 61 -99 -84 31 55 45 -28 84 -68 34 60 62 -94 1 -16 23 17 -64 97 -73 -34 -86 -61 -68 39 70 -37 -26 -6 -38 27 90 -44 -96 37 67 -81 56 11 -32 8 34 84 29 -21 -33 -68 -10 18 -94 -83 -64 -27 30 54 -44 -2 -26 27 -78 99 -34 -67 -90 -53 -16 20 -88 -24 85 66 -7 -41 -29 17 59 44 19 -77 -60 59 -26 -83 -88 -46 78 29 -32 10 -70 97 -52 -64 -46 -99 -90 -26 89 -20 -22 21 -17 22 2 27 -48 35 -19 -19 76 87 -18 53 38 -28 -69 -26 85 74 41 23 -73 45 -54 55 28 48 -38 -10 -65 18 -57 62 -40 78 33 0 -88 32 17 83 94 -63 18 57 90 -65 -66 48 -18 45 -88 64 -17 50 -63 26 58 -54 66 24 59 7 -55 51 55 -53 51 78 -50 77 -75 -8 53 26 15 74 -46 38 -76 -64 -79 -26 43 42 76 7 -61 93 -60 2 20 54 34 -62 -19 21 74 49 19 -57 59 90 -16 91 29 23 -66 -11 81 95 98 -59 -46 -57 29 7 83 -10 -99 -84 -4 -56 83 68 -75 -23 -82 83 -18 57 29 17 65 31 74 -87 63 -90 -4 29 84 -38 -81 -17 93 -57 59 92 43 50 29 96 -83 74 -24 69 27 71 11 29 -93 17 -99 7 87 43 69 66 90 46 89 -31 -57 -57 -25 57 -83 -54 -81 -25 87 -48 66 -13 16 76 -50 -63 0 -50 -82 -6 72 -41 51 30 72 -87 40 -91 75 -28 30 -5 -6 -81 -15 -26 96 -97 -78 78 49 -92 79 81 -90 13 -15 29 -4 47 85 59 -1 88 25 15 -2 9 -14 75 12 4 -37 -26 -61 19 -67 21 -1 76 -22 38 -83 -94 -3 -43 -29 -9 57 -11 -2 52 -37 -11 -97 -8 99 -30 -61 -57 -99 -54 56 -91 26 50 -24 -49 -74 -33 88 42 -71 36 -84 48 14 65 -63 -35 71 -2 -48 91 58 87 93 35 -56 -82 -2 -26 42 50 -72 94 25 -17 -1 2 -60 57 -75 90 74 0 93 -50 53 7 41 -64 -4 -12 -34 
-55 75 76 -86 28 90 91 -93 71 -67 -74 40 84 23 9 -4 -96 10 86 -37 -47 46 4 -3 73 97 -70 15 13 -7 36 42 31 -19 20 -1 30 68 -62 92 54 -48 58 -28 -85 17 -24 -80 -32 34 -9 -46 -56 5 66 -62 -10 62 55 -52 -43 88 97 82 -45 72 65 82 9 4 -84 13 -81 13 -54 -71 -68 63 81 83 -47 40 -10 11 88 -93 84 50 53 -10 -42 29 -96 39 7 15 27 41 34 -9 46 -49 -38 19 -95 91 99 79 -71 13 65 31 -72 -82 -87 12 -74 -31 39 -95 -73 -14 -48 -60 -30 61 78 63 9 -92 -35 50 70 -42 29 94 -32 -44 -91 21 -53 -82 14 -65 -58 86 3 -7 39 7 -16 29 -12 84 -33 62 51 -98 -28 15 -29 -43 -29 14 -11 72 -55 -17 -91 -94 40 -84 -64 87 95 63 91 94 48 -42 -7 31 -77 50 -6 -82 78 2 89 -31 93 19 99 -66 -20 62 87 -66 19 -8 -94 -30 -88 -47 93 29 -46 -19 -84 18 -17 2 -71 -19 4 -45 -53 45 -27 -68 3 2 -73 -11 91 -18 -64 8 -34 -86 -27 -77 51 40 80 84 -69 46 -87 13 -65 -67 -45 -82 34 -9 55 28 -38 87 -48 -81 28 2 38 64 21 -29 55 91 -1 -22 6 75 16 68 -79 24 -63 -30 43 49 49 -28 56 61 77 -73 -17 -17 -2 63 59 56 -92 32 -65 17 -53 -31 39 -83 80 -42 0 42 -81 71 85 -82 -86 -37 -38 76 68 -64 -8 -49 72 47 39 28 -69 -12 -45 72 -98 18 -59 -87 -98 38 -69 -85 12 -58 -22 49 -80 -72 -28 69 -91 -19 97 39 -80 -49 12 -1 76 76 91 68 77 69 -91 -80 -87 15 -9 47 98 -29 54 15 -26 86 46 14 -38 44 56 83 -52 45 23 -16 -96 -60 49 -84 62 -2 -52 -29 3 -19 5 49 -43 -59 97 10 -67 -45 14 -91 -70 -60 -78 86 32 -41 -38 56 -94 36 61 47 -95 -44 44 39 -85 -5 98 98 -80 -76 -62 6 31 -91 23 23 -26 -92 25 -86 19 -84 -67 -89 32 70 -75 -18 -35 32 75 -2 -17 -19 85 5 95 -91 -18 -88 81 27 17 32 -24 -39 -62 -63 41 -59 47 46 27 86 24 25 40 -93 -74 18 -41 -91 78 34 46 59 -59 75 -19 -19 -89 29 -8 20 96 65 -55 69 94 28 -1 97 -76 85 -79 -7 -52 68 -18 -6 91 82 95 -67 95 -17 49 -37 -74 11 
59 46 13 37 67 89 42 -61 72 1 89 72 88 -51 -28 -27 -24 -34 6 -30 -37 50 29 -11 98 38 30 -34 -76 -72 96 -66 -2 -65 -37 16 -34 -46 0 -84 69 54 1 -59 0 -5 -74 76 -81 68 44 26 -2 -8 23 -83 70 20 -69 2 -86 -79 -73 60 45 -59 46 -61 -5 60 -4 -46 27 -14 -84 64 66 65 62 -70 -17 91 55 92 18 66 38 -63 23 66 61 4 45 99 -32 38 23 86 -39 78 39 -80 66 -92 83 86 -63 -27 4 -15 -61 94 -81 23 42 -11 -70 45 -15 19 -46 99 93 -16 -13 -43 -18 78 -60 -9 -49 69 99 -31 -4 60 88 -27 -88 -42 37 42 60 93 -13 46 91 -35 89 -34 52 29 98 34 -83 -87 54 -22 -53 16 -89 68 73 -27 84 -89 45 -75 69 -9 99 -60 -94 54 -60 -53 93 6 -36 29 -37 -5 44 -74 -56 -19 95 -7 77 42 -18 -76 -33 -70 -69 17 -49 -91 23 -90 -96 -49 -94 1 60 -32 -27 -94 -7 -55 -31 -43 -69 94 -27 33 -47 -20 10 55 -4 30 23 -39 -16 46 5 55 -99 -76 18 52 41 57 -50 54 -2 -77 -32 45 83 32 27 18 -49 20 0 36 38 -64 -84 26 -70 13 17 55 -50 21 -75 -29 49 42 -70 -47 -80 -22 -6 -26 61 -8 -57 8 9 -96 8 -91 93 61 98 -17 86 78 84 -6 -87 -6 57 95 99 53 60 78 24 84 69 -92 80 -90 16 -5 40 43 -68 -69 60 51 55 -40 -56 33 -79 -48 34 -95 -1 12 20 -95 47 0 -22 66 68 -80 31 -3 30 -92 -82 44 -61 -79 -98 -63 -88 -21 -27 -97 -3 59 62 13 62 47 61 -96 -45 26 -86 72 -94 -19 -88 -81 10 65 -77 -78 -51 40 67 -96 -37 44 59 67 -60 79 63 -55 68 -73 -6 -56 -64 71 -4 -38 -74 -51 -40 86 95 16 7 -4 32 -83 -68 0 -91 -43 79 6 -30 -42 40 20 18 -9 91 60 -13 -22 56 27 -36 -75 -90 -38 33 -17 -23 -66 93 -24 -55 -55 24 -30 -1 -35 71 -64 -50 -68 -16 -53 -50 -18 -34 33 -2 -6 18 -76 -47 64 -85 64 54 -85 74 31 91 -5 -79 96 58 8 87 -48 -82 12 13 -48 52 -78 -85 -4 -61 63 -59 88 -30 -44 -30 -29 93 -85 -30 50 -71 -39 -4 25 12 -85 79 -93 55 -40 -61 15 55 71 -11 76 -58 16 76 -83 4 -26 -15 2 -29 82 61 21 
5 -96 -76 -2 -58 36 89 58 25 -66 14 -34 -44 -97 -94 12 26 63 63 -56 84 -19 1 -50 -77 83 -48 -19 -52 -94 -71 -57 59 -47 -86 58 16 -59 -75 51 63 86 -79 -68 96 -67 60 22 25 -27 49 -51 -8 -19 33 99 -16 28 -93 61 88 -43 -49 -39 5 -90 93 73 -12 0 83 91 -95 5 68 85 -11 -57 88 86 -42 -86 39 50 22 -25 -72 65 -13 -97 -7 -24 -36 92 -81 65 38 86 28 49 4 -59 96 90 -26 -17 9 75 -6 25 23 78 -22 -5 3 -31 -86 -83 52 43 -19 65 37 19 56 34 39 10 2 57 -40 22 57 81 -96 -6 -59 -88 40 46 -19 -3 41 30 15 -10 58 -78 48 25 -12 -76 -76 71 73 -83 26 -36 -6 -90 -83 -73 79 -9 -11 -63 58 39 -13 74 -64 -33 -65 -60 67 6 -84 0 -65 21 -78 -86 -5 27 22 72 85 87 -19 62 -52 -23 -18 -74 54 48 -51 84 -73 -37 9 89 -46 -26 85 -4 35 31 33 -12 -95 -57 -58 -9 12 -30 -6 78 -66 46 72 37 -57 -84 45 18 33 -82 -65 -99 22 -71 13 98 26 30 -90 -28 94 93 -27 -84 -9 -77 -37 -4 -10 -2 -64 33 -41 6 99 -75 32 -3 -69 93 -89 17 57 85 66 -70 -80 42 -98 -72 -6 -63 -61 -56 -86 -64 26 -38 84 -5 28 -81 -75 -58 -18 -60 -25 91 84 53 -90 -27 -9 -4 6 -60 -2 53 29 -77 -62 23 -93 -44 10 28 -49 -65 -9 24 53 -14 -99 -31 14 2 -33 51 54 -99 -22 -56 -35 71 -5 -68 -17 25 -99 88 84 5 40 34 61 -46 -42 24 25 60 74 99 59 94 64 81 -92 -54 92 39 7 -22 -61 27 61 67 -15 -5 35 -37 68 45 77 -49 -5 -26 50 55 -83 -33 -13 -79 -50 -56 6 -91 -78 20 85 98 16 -34 16 74 72 89 -61 -97 40 -11 -11 -26 9 37 44 15 -69 -48 44 45 29 -7 68 56 -36 5 -23 -53 17 -26 5 47 73 -11 -25 -56 28 78 -80 -20 48 79 -82 -59 -89 1 -64 51 56 -93 -5 -30 -14 63 81 68 -50 -35 -98 54 -19 97 -26 -25 15 -40 -42 62 70 -96 -96 -34 46 60 7 9 -29 38 12 41 -71 73 32 -58 22 -94 80 -48 79 63 87 7 -17 -26 -57 -4 67 -38 18 -29 6 -24 -97 55 80 19 86 -83 -64 81 -19 28 47 47 -3 65 -78 -60 -31 -30 -58 -94 
88 -87 9 15 -24 85 -61 -92 -80 -57 58 -7 42 40 12 -56 34 2 30 23 -70 -13 59 -76 -86 -89 -57 17 94 42 -63 57 -28 68 -10 -4 -18 80 -51 -64 -58 43 59 24 28 38 47 48 39 -5 -42 52 -10 18 24 89 47 39 27 83 52 -45 76 -17 48 -92 -65 53 49 81 29 85 -60 1 -10 28 75 -98 6 -90 68 93 -33 -12 74 -46 -52 96 -88 -52 -73 48 14 87 52 -94 76 -79 66 20 48 -15 57 20 84 74 -92 -69 48 -60 -82 -67 -62 85 -78 -57 6 89 46 -9 65 -75 -60 -17 0 -49 -98 14 -6 62 19 24 -44 -51 -7 -98 -75 51 85 82 -78 62 25 -45 41 90 -39 61 -11 47 -48 -17 48 -78 -88 -12 74 49 8 58 -83 85 42 91 -65 -4 4 -78 -78 47 6 -2 49 -29 -12 -26 16 26 -28 -18 72 -87 39 -88 43 20 -36 -6 14 18 34 17 -59 69 -7 75 55 -58 6 -99 -85 -25 33 90 -35 99 71 83 -51 -65 -11 -92 -48 -32 -37 43 -52 30 34 -42 -25 88 -11 99 6 22 11 -9 -97 66 -72 19 -76 76 75 0 -18 10 93 73 -30 58 -10 68 -33 23 58 10 37 90 70 70 -38 86 -41 -57 35 83 -83 -47 -26 -21 -91 -44 -53 -78 -13 -6 -10 59 78 28 -10 32 -35 -76 -95 -47 72 69 98 70 32 80 20 -99 43 -53 59 53 4 99 -55 -49 -29 -47 30 10 -98 -93 64 -66 0 63 -36 -44 51 29 -68 -43 31 -88 33 -32 95 35 -21 81 -43 74 26 -71 -81 69 72 -19 77 11 -4 -93 -33 63 51 -16 -90 56 -38 56 66 -94 59 -96 -27 -12 -11 -90 43 -58 -89 45 22 -15 59 -31 -17 62 -11 -66 -59 32 47 -34 7 89 -84 21 73 47 -37 25 -29 96 11 -15 14 -89 24 18 76 -92 1 66 -88 96 61 96 -69 40 43 -67 -48 76 -99 78 60 37 65 -14 -99 -97 -4 15 73 -83 24 -75 -46 -10 43 -54 71 -67 81 84 40 -70 -83 -39 43 60 94 34 -87 -99 -84 -9 44 -12 -45 83 80 -77 -2 -92 -39 34 48 -24 66 -36 64 72 -15 -87 30 -98 -27 94 -46 9 79 10 48 -45 -92 91 -34 -81 22 52 83 44 -17 -32 88 47 -35 86 77 52 41 68 83 -23 -13 -94 -97 46 15 99 81 18 -53 -60 55 -60 -38 66 -27 68 67 -28 0 -69 -77 -73 33 43 -35 70 
-46 -68 -22 32 -57 97 57 -64 -66 -19 -43 83 52 91 94 -7 -86 -34 -15 68 99 -90 70 -17 26 67 -42 -14 -93 -38 52 79 95 54 -74 82 65 3 -74 -15 73 26 -70 13 67 -68 54 -54 64 3 -37 39 91 44 -3 -51 2 -91 -36 25 98 -62 -3 -31 36 -10 74 74 49 -76 64 -67 48 99 14 16 38 -33 -29 -65 65 -47 -39 -52 73 -66 -39 -35 -56 -31 24 -43 45 32 48 91 -44 -31 98 -41 -55 87 93 89 97 -83 -32 -14 55 24 -68 -73 -18 43 -9 -6 12 -30 21 -45 -20 28 -95 -13 93 99 2 93 -58 86 14 -17 -26 -16 44 -7 -26 52 94 -24 -75 59 -28 50 -69 -32 -58 73 59 -60 47 -62 21 58 -18 -50 -96 -4 65 -14 66 97 -14 88 11 98 -40 -57 75 79 -23 3 -39 -46 5 -4 69 -53 -15 -25 73 -40 59 29 20 -34 44 -22 -18 -97 -8 73 -21 -43 -12 -17 -94 44 98 3 -86 99 13 46 59 -76 91 -48 4 -69 -31 52 30 9 84 -93 44 -85 96 -36 -55 -69 15 25 -27 -55 11 -68 21 99 -71 -1 44 10 9 48 95 44 -95 66 51 -1 -44 22 15 -4 -34 10 72 1 84 -34 -7 -13 -86 -60 57 -62 54 33 -34 69 66 -81 68 -29 54 -87 -76 -13 60 -14 43 28 84 -38 92 25 91 -57 -2 49 -31 67 34 -92 -56 8 84 11 66 13 62 89 -61 -86 -30 69 -20 -27 43 -47 58 -82 -76 87 -89 46 42 -72 -6 -64 -42 -54 56 -15 26 58 -23 -13 22 -34 5 93 -54 -43 -82 95 42 -74 33 -8 66 -62 -60 -34 78 46 63 -55 -47 0 89 50 -65 -27 65 -72 36 67 29 -4 13 67 -91 59 -40 -66 -74 8 23 -48 6 27 -82 -65 -38 -4 -56 31 56 -44 -38 -64 66 -89 25 9 -7 -64 45 25 -70 47 -18 -90 30 -76 99 7 -42 21 -99 25 -99 34 -99 0 59 -29 -65 -96 -53 -58 -83 -47 31 -98 38 -4 -82 12 -52 84 -81 -80 32 -50 31 63 -64 -35 -40 -64 -28 84 69 61 31 49 44 82 41 49 -63 -72 -21 3 -32 -27 28 -63 -70 53 -51 61 -16 17 47 39 55 15 84 51 21 -17 -86 -68 73 57 -93 63 -53 -50 -29 -13 -91 97 23 -36 5 -31 -38 30 -71 -78 -99 -34 -76 41 -45 28 57 16 -56 -86 -87 87 50 95 87 -6 -33 -47 2 -43 75 28 24 3 
-33 -88 20 95 -15 -60 -37 -28 99 -61 83 57 -4 25 -61 -5 -43 56 14 -63 -50 -95 -34 79 33 20 -2 -19 16 15 -76 86 44 49 99 56 -43 54 94 -10 24 -82 88 92 -77 -62 12 -23 -57 46 -13 -83 28 80 -24 76 38 -98 63 -68 -95 -13 61 -42 -68 43 -56 -84 47 -38 -6 -76 63 -99 42 1 69 2 5 86 -95 -82 39 -94 11 74 -3 49 94 91 9 78 -37 43 -98 -82 87 -44 -67 -97 74 -21 16 84 51 -52 60 69 -52 -18 -12 -60 87 29 55 78 6 -66 53 24 26 85 -76 54 -75 13 -10 34 13 -87 59 5 -32 15 -10 12 69 -15 72 -57 -86 -93 -21 -15 51 70 -65 41 -34 34 -85 -79 38 -29 -90 54 -95 -11 16 -66 -9 -99 -73 45 34 -85 -39 7 45 -3 84 -99 38 -3 -58 -37 1 -7 -13 28 86 15 32 22 46 -36 -54 -30 -5 -75 83 8 81 -30 -46 3 -37 44 -16 -64 84 -34 51 -86 -95 -58 -16 47 -14 78 69 -99 14 44 -64 -90 12 78 -40 -11 -65 -27 41 -55 60 -33 -31 -43 87 -27 -72 24 -62 4 72 50 72 19 96 -28 37 3 -81 -46 -28 -46 99 -77 10 -75 90 -6 -25 10 18 57 79 -3 81 79 53 -72 7 61 -63 -49 60 -57 84 -90 -52 -33 -35 41 -50 -93 28 -98 77 -34 -37 -93 23 30 13 -21 20 25 70 33 -55 -91 19 -67 -16 69 59 -89 70 -17 59 -48 -52 92 -45 59 56 -23 96 -90 -31 -93 -98 26 54 38 -8 -48 1 -45 -56 -92 28 -60 -11 7 -39 93 -74 -86 -25 -73 98 81 -75 -30 -24 -11 11 -55 6 -2 87 -25 -93 -54 -38 -11 34 -4 -8 -16 -75 -82 10 -95 -52 36 60 -55 -59 57 -76 27 11 -37 -16 50 -91 26 68 19 29 45 25 94 34 -7 -66 -50 -26 39 -93 77 -51 85 -16 -42 57 96 -54 -70 16 -38 77 -37 55 58 -90 -52 11 89 -41 38 -48 -70 51 20 56 20 38 -52 90 9 -66 31 -3 34 52 84 -8 63 -40 -82 46 49 -55 46 68 -43 97 -28 -11 35 -40 3 -62 -78 -16 68 -12 79 -43 42 -87 -42 -56 2 32 45 -67 -32 7 74 59 -61 37 1 -87 15 -67 -89 25 60 -75 -26 95 75 -67 24 -81 52 92 85 -19 -81 -56 -62 85 -90 -72 -1 23 53 70 -74 79 54 -26 29 -87 -30 -90 35 46 -18 -50 -48 0 -18 
-8 33 -38 -52 11 -55 -47 -39 2 -6 -79 -31 -65 -31 -68 78 -73 81 2 20 -45 72 91 44 41 -91 62 -66 -27 74 57 10 18 8 36 -43 -36 31 -13 48 85 -98 -44 -40 -46 -40 -55 -53 -31 -1 20 23 -11 -64 6 -70 78 36 -12 8 82 42 -5 -55 25 -60 75 -18 84 -21 16 21 36 33 -22 -44 -5 -94 98 59 -34 -67 74 -57 -68 -50 93 -51 89 53 -52 -74 12 88 18 65 9 12 90 83 -48 17 -18 82 76 -47 -81 -7 -17 1 -95 -27 -63 -70 -84 24 -46 -23 3 -13 52 60 81 -93 -58 -94 79 80 -59 71 40 -46 56 -95 -90 -66 74 27 57 4 -47 -96 21 15 77 -95 42 -59 67 73 -2 25 -11 16 72 -3 97 49 79 -71 -91 -38 96 49 69 -2 31 -96 -56 80 16 84 -79 2 55 -63 28 -38 31 -73 0 25 -49 -60 -28 12 -49 6 -50 72 -7 -90 41 54 -26 -16 40 -19 62 -52 44 65 99 90 14 78 -44 -81 -55 -59 -62 46 -75 16 -50 -97 50 -67 -39 39 18 55 79 -45 -16 -15 -63 5 -68 -67 -71 -12 -85 66 -44 -91 72 -21 85 40 -39 6 -33 -70 -74 -43 -39 -17 50 -7 21 -36 65 75 72 -45 26 -15 -74 -79 17 -70 -96 -91 -61 97 47 56 -83 -55 -46 8 -11 -14 -70 29 -64 86 95 12 48 -62 -64 11 -34 6 54 32 37 11 95 36 85 -90 70 -47 82 99 -19 -57 -54 -53 81 -42 -79 40 -78 34 -4 -24 -55 -84 96 -26 50 40 -25 47 -14 3 65 21 -55 16 -31 -58 -71 -71 19 -55 -25 -56 -64 86 4 -12 -40 -13 49 56 -3 -76 -87 -84 28 -96 -75 6 -7 -68 42 -84 4 34 -79 91 -53 21 -80 8 6 -34 63 62 45 -77 -2 92 25 -24 -37 -92 -59 -42 15 -1 -79 57 -69 26 -98 -80 7 -22 -6 -72 14 -79 76 7 33 56 11 26 -43 -69 -58 17 91 -37 -55 -47 -70 -39 73 -98 81 -89 -34 -36 51 48 25 65 13 94 -47 -19 30 -10 -71 22 4 -31 -20 -82 -20 -56 10 -79 -12 -15 -73 57 -42 -48 24 43 19 -36 -67 -54 18 -84 2 -43 5 -67 -20 63 -81 84 -80 -83 -88 -62 -25 28 2 57 9 52 -61 39 92 94 70 44 63 -71 14 28 -28 -11 -92 32 -16 -27 -61 55 85 46 40 82 -21 -61 -81 -85 97 74 -29 -73 80 22 73 37 76 -4 -29 33 
-22 -96 66 -60 -56 8 6 33 33 91 -83 -77 -74 -75 -27 -41 -53 61 -5 85 -30 -96 -16 -32 -57 41 66 -80 -43 25 -27 73 -70 43 -78 29 -43 48 83 -83 58 19 55 21 69 91 -32 51 -88 -74 -73 -74 -80 23 79 90 -39 -22 73 56 59 -29 4 85 -68 15 -62 -9 -37 82 52 -93 -51 -77 -52 69 -67 4 93 -5 6 -36 44 79 -9 5 -22 -30 15 -35 61 44 89 -46 -64 -50 -94 -47 -49 12 29 -54 -28 -8 -28 -31 -66 80 -91 -87 29 -83 75 74 24 16 -61 -50 77 -91 -40 67 9 -87 62 -42 -12 43 18 51 -56 46 -65 4 -86 -8 -93 -83 -33 -38 -30 64 -69 -24 11 81 -45 34 98 19 -9 -27 99 -59 -24 -15 -25 92 -8 -93 85 98 46 6 -32 -50 96 86 -21 55 11 -79 -64 -97 -94 27 -49 75 6 -4 -17 -27 -58 -76 48 -92 -99 79 69 2 -9 -91 -99 -50 -68 -31 67 8 -50 -49 61 -63 -88 -12 -62 -1 -65 -46 9 -61 89 -72 -48 -35 -34 -47 2 16 -67 -22 32 53 -25 -21 -96 -13 87 40 16 63 -84 24 -63 42 -75 96 -46 -11 81 -66 18 19 67 82 -56 79 -20 13 0 46 -31 -41 -68 -52 -55 -53 -22 -12 13 23 -93 -2 51 -92 -30 -84 53 -64 -59 37 87 -89 49 -8 76 75 77 62 -22 -47 -5 -26 -15 -70 -53 -20 -17 1 55 -74 -46 80 -51 -43 -45 98 -32 -37 45 29 31 34 -27 -11 91 62 4 86 -17 56 -99 51 52 34 35 92 -97 -26 -17 94 45 37 -33 -61 61 -55 -91 -10 54 -79 -71 -72 10 71 -27 -33 -22 97 12 -11 -64 64 -33 15 -49 -72 -13 12 -63 17 -15 72 -94 87 -77 86 11 32 -61 -64 -4 50 76 9 -95 99 -69 75 54 94 78 21 -7 21 10 -85 -87 84 52 16 99 57 -93 16 -30 38 38 -88 9 83 -52 54 -61 80 74 -50 51 64 -93 -29 43 -20 58 -17 -78 -10 -57 -85 8 61 58 62 86 41 78 29 86 -21 74 -42 46 -41 57 93 -58 -65 55 55 39 44 37 10 -15 -59 20 -98 1 -38 18 11 -46 -54 -25 2 -93 -23 -86 -86 81 -69 7 5 93 49 -72 94 -23 -4 95 -7 32 -23 6 -92 26 95 -22 36 -40 -74 -23 28 42 22 -13 -81 82 66 98 37 94 -24 88 -9 97 -60 36 -68 62 48 86 -75 -27 -2 -92 11 98 91 90 -60 
-98 -2 99 18 14 -97 90 -10 -87 43 4 -77 43 -9 -82 16 55 13 71 -30 -74 0 63 -23 52 -29 53 -38 41 -97 65 -71 -88 -43 -52 63 -76 59 26 21 -57 -98 9 -3 -39 -17 41 -53 75 -88 1 9 79 89 73 -94 39 -45 -39 -36 9 -31 19 82 -79 -86 28 10 1 -33 84 49 -35 33 44 -24 -78 90 83 9 -90 11 4 73 75 -45 -21 -41 16 6 -35 49 -64 -76 17 -91 -29 38 -5 -69 -75 89 -36 -60 18 92 -21 10 -84 43 14 -9 -43 11 -58 18 -17 -41 -80 -49 42 -24 78 82 -67 -68 -66 -57 84 -35 46 63 18 -43 -87 53 -81 59 35 -58 46 -97 15 44 -5 -55 18 -4 -19 62 -84 57 24 -22 -9 -44 90 17 -6 86 -70 -78 -7 -60 -81 93 -12 -21 -5 -84 41 -23 -74 -72 84 85 -16 -93 50 -14 -37 -46 -69 -49 48 -11 76 -12 15 68 -35 68 20 2 -7 -79 -26 86 62 5 90 33 -26 19 81 -30 27 -77 58 -80 69 64 -67 -14 75 63 44 -85 -18 -69 20 -95 -40 -88 -84 26 -49 64 46 -80 18 -87 25 -83 26 -67 19 77 64 -6 -65 1 -15 -63 8 39 -59 59 -8 -11 -95 -36 4 71 -93 70 22 -55 47 57 41 -95 85 -21 66 65 -3 77 -42 96 96 36 -26 -31 51 70 84 -9 -70 -36 -86 -89 -80 93 39 45 -56 29 57 -94 75 81 45 -50 41 44 -73 -27 36 -23 -38 67 35 80 -81 32 4 96 40 -19 -76 -35 11 -96 46 25 48 30 -45 97 -83 -85 46 -51 -10 26 71 44 -35 -1 -31 49 8 -41 69 -15 22 63 -11 74 -5 -55 -50 14 -1 -74 -79 92 -71 94 -93 19 11 44 -90 -99 -12 -32 -89 11 -15 96 -30 -56 -14 -63 72 -93 47 66 31 -41 -82 12 -85 90 38 -6 52 -75 94 -98 -27 -37 -70 -37 -99 71 -5 1 40 7 -30 -52 89 70 29 30 58 96 9 -27 -95 67 -48 43 -61 2 69 -77 -32 46 2 -90 11 -5 40 64 -72 96 -52 86 16 -79 84 31 60 2 -14 60 -76 37 96 -90 -74 -51 -40 -37 -48 -11 77 -78 -62 13 -43 -91 -44 78 -44 -57 -17 35 -38 -89 -55 -62 68 21 25 -60 -49 48 -24 37 14 -66 25 -24 45 87 99 -83 -40 -5 -21 6 42 82 19 -62 4 -83 3 45 -2 23 -57 75 -88 -12 7 -83 -71 76 68 -31 -90 -35 -54 91 
91 0 71 -50 -71 79 -80 -93 -81 -56 31 -8 22 -93 -62 47 -4 -96 6 43 -21 -69 42 59 38 23 66 -66 -21 -84 -91 -7 96 -57 -29 12 -27 -28 3 89 94 1 -38 92 -38 89 79 57 -56 -40 -55 -18 17 -87 -88 57 44 -39 50 -70 64 32 14 -54 35 87 45 -6 61 63 -52 -42 -9 -38 62 -83 86 41 -63 52 -62 -5 45 60 84 55 74 96 -43 -39 43 51 -83 86 -22 43 -70 -61 -44 11 -58 -54 22 13 8 -9 65 39 -26 -67 29 40 57 77 -57 77 19 -53 5 58 97 -47 16 85 3 -83 -9 -61 47 -74 43 76 76 2 -95 -83 -76 54 -87 -1 -87 -68 23 -76 26 -65 -50 -72 38 38 -12 52 -31 67 84 -82 -32 84 59 -80 -33 -57 59 -99 37 -53 -46 27 29 -90 -40 -40 35 68 -71 36 -55 25 -8 -66 4 -28 -12 18 -14 27 -22 -69 -97 -46 0 -37 -17 12 -96 19 44 -44 73 0 -71 44 -90 -16 -75 33 38 -60 -34 -63 72 -17 26 57 -84 -7 73 17 -30 66 77 11 44 -53 97 20 18 68 94 68 48 -82 -60 78 -59 97 5 -85 52 -43 -53 52 -55 57 -76 63 92 40 73 22 -52 96 73 79 -32 -90 97 46 -72 -22 -35 -15 -61 -41 24 -43 48 21 82 -69 88 40 -3 17 35 33 -35 24 -10 53 2 -48 11 24 -13 -29 90 53 11 -98 -98 -27 13 5 87 0 -78 89 36 35 -57 92 7 -92 68 6 -12 83 -4 34 20 -43 -9 -86 5 78 92 -37 82 5 -85 -8 22 40 -92 19 47 78 21 14 -8 -78 -51 -57 83 -97 26 -75 -76 -53 -93 -82 -55 -32 -50 10 -13 -11 -23 -3 -44 28 63 54 -17 -2 -37 -16 -12 -73 21 -67 10 -48 -23 20 4 66 -18 70 -23 -13 -28 94 69 2 36 -59 27 -91 4 75 71 -57 -43 17 90 93 73 52 18 -92 2 40 68 98 -51 -76 65 69 92 73 26 65 -94 -19 -86 -62 -83 -67 -56 90 -79 62 -67 -66 10 -58 63 68 46 35 65 -52 86 -2 89 94 32 49 47 9 94 26 32 4 -62 -78 73 12 -26 77 -38 81 -16 85 -9 80 14 -48 -32 93 -67 11 -66 65 -86 -73 -58 34 -24 58 73 -51 -98 80 97 -9 -56 -8 -39 94 33 -72 -74 -7 30 1 -23 92 73 97 15 -95 -36 -82 -28 -86 -34 10 39 -91 -29 -63 13 45 -56 -11 72 -26 
-87 -6 -67 84 35 -35 21 28 75 -71 -33 -89 -59 28 94 -71 85 90 9 -30 -28 28 73 73 -76 -66 -49 -49 26 -39 22 63 -58 -5 88 42 -36 -66 -20 -42 -84 50 49 -99 -55 -13 -92 94 85 60 21 75 39 25 -48 -25 51 -35 -88 16 70 73 -45 -65 -21 56 78 56 -16 -91 81 45 56 75 -75 59 -72 12 -29 87 -66 19 63 -31 -77 37 -74 95 19 -63 70 84 -93 -4 -43 21 -49 36 95 46 -28 25 17 50 52 45 40 14 45 7 79 92 45 90 -67 84 21 34 58 8 2 22 -52 97 -54 -4 -70 -75 92 53 12 27 -82 83 24 28 36 62 54 20 -36 2 -29 -9 -53 58 -90 -50 -19 -90 -41 48 22 -14 9 91 47 -64 -13 2 -44 -42 -85 42 -77 77 85 -2 -81 89 -93 -39 -69 25 65 89 -55 -96 86 -76 -40 -40 -80 -15 -51 -7 -2 -1 -88 71 53 48 2 -4 33 97 0 -4 -6 -58 -75 24 -52 -50 -96 97 63 60 -8 68 33 -6 -39 4 38 12 -40 -65 -59 47 -45 59 0 12 -58 -60 79 -38 13 -39 -40 67 -9 19 8 -68 23 -28 72 71 86 -7 1 45 -32 -7 97 87 -48 98 71 29 -29 16 -88 76 -73 28 42 -98 64 87 3 -52 32 -36 -4 -57 -61 -4 19 -82 72 44 -16 54 11 8 -42 65 -73 -32 -93 96 -65 -14 18 -79 -40 26 -11 9 -26 85 89 52 79 70 35 -80 81 -20 37 -39 -27 -12 -10 98 29 -75 90 95 -62 -43 -26 98 -68 -56 26 -83 19 -38 3 -59 6 63 -2 -56 3 18 -75 25 57 63 9 53 -11 48 43 81 -55 81 46 22 14 6 14 46 94 -72 59 67 -3 60 -23 -18 5 -10 -15 -49 -73 -53 -54 -16 -8 -19 28 12 -30 -19 -92 2 -77 -55 -75 -11 99 55 -19 -85 -67 -29 -82 -61 -36 -58 84 -85 58 98 -78 -40 -53 -9 -9 20 -17 65 69 18 11 -60 95 -42 -23 -87 -33 30 50 -30 -94 -27 -62 -97 79 57 -29 88 -23 82 -98 15 92 -42 -56 83 31 -16 45 41 -16 14 -84 2 66 6 96 43 -37 -53 99 13 34 -13 -86 -54 38 47 -86 -88 51 58 -84 32 56 25 -26 -49 -80 -44 -96 -33 -95 37 -61 47 90 -97 -13 60 -85 -33 -5 -23 89 19 -27 57 32 29 0 20 54 45 -5 -32 56 -60 -58 -17 -15 45 63 -41 -24 -45 45 -55 -83 28 
-68 12 34 17 -70 -83 74 92 12 -82 -22 16 84 -50 -61 -60 12 -27 79 -96 61 33 36 -9 9 -67 86 -3 -90 31 43 -68 -75 79 84 -85 75 15 72 60 -94 -59 5 52 -64 -33 -58 -63 -49 -10 -76 23 -4 16 -37 93 70 -68 6 22 -9 -29 -23 53 -57 -27 35 45 -83 51 44 71 -96 -65 -12 13 97 -65 -88 -74 43 -40 2 26 51 -24 -68 17 -44 -4 51 -14 -10 88 -95 -69 4 62 72 19 -82 68 96 -28 -27 -97 17 1 -36 -25 -27 25 32 -47 72 73 -83 -48 -10 -79 86 27 80 5 -10 -27 28 -3 -23 -83 -73 78 53 -95 -49 -98 -75 45 -75 80 37 -57 68 -17 -26 -98 38 -46 -11 -20 -70 -72 -68 55 35 -40 -16 77 25 -84 38 -35 -58 26 82 -74 71 97 -50 -42 -43 -54 68 87 -51 43 -29 -68 16 85 47 -40 -41 -79 -62 42 -65 25 77 -19 -78 45 15 -99 71 -37 2 28 -64 91 17 -34 -94 -12 -78 -14 45 80 -96 36 -67 51 50 -83 -42 -53 61 -57 10 73 -43 61 20 38 -24 78 20 -49 62 37 36 -87 -58 55 44 24 36 15 -66 -72 -36 0 64 -74 66 75 25 84 43 -24 -26 70 21 -44 -28 47 -28 49 32 -53 -45 -91 -59 -49 51 -56 -79 -93 -31 10 6 -16 -6 5 -35 -52 11 -11 71 36 -66 -44 80 14 -86 -32 39 -16 -36 25 -30 5 86 -75 99 91 -13 76 33 43 -14 69 -4 10 10 -36 -1 -79 -18 69 -50 5 94 26 0 -4 -9 -8 -36 -77 -38 18 -30 8 -94 98 -26 -79 -32 28 -44 75 65 90 -81 -71 -56 -84 -53 73 -16 -3 -71 87 3 60 15 -62 -11 56 99 -99 84 97 -80 -64 -22 40 36 -21 60 -95 -55 72 -99 96 -66 -41 -28 97 -69 -64 71 -22 89 -58 47 -73 86 -11 21 49 -54 52 -34 -2 48 -6 -19 18 -24 -24 -26 -64 0 66 28 40 -51 81 50 -58 -44 -7 10 13 56 -9 -72 -43 52 65 -18 -76 17 -59 83 -16 -1 88 -33 -97 -44 -84 -1 19 66 -82 33 5 80 -26 -85 76 -94 -34 78 36 69 -46 -76 9 -99 40 -54 90 36 -43 97 -19 -38 19 40 -46 21 96 -61 47 -96 -16 77 3 62 10 -54 -9 -60 1 1 -27 -22 -25 -38 8 -38 85 -36 -37 8 -12 -23 43 -62 -54 13 32 97 45 -90 -95 -49 -83 -97 -25 -96 -8 36 38 -32 -57 
14 -53 -86 99 14 71 -18 -64 -65 76 15 19 -60 21 -59 -6 78 57 53 -79 -61 11 -9 -1 96 -10 93 82 -7 34 -89 -71 67 -55 18 -69 95 -19 -17 -47 69 -98 22 60 -88 -37 -70 52 8 81 37 42 -35 -24 20 9 -40 -84 -65 77 1 58 32 -5 21 80 -19 -28 72 -21 -65 -69 22 -31 -65 -44 4 -22 79 34 22 82 77 92 -24 76 -86 -48 -28 13 -58 65 90 -85 12 72 -83 65 -98 84 52 -93 84 90 -34 -63 75 -91 -97 -30 -28 -45 -19 36 82 -83 4 -18 -40 -68 -10 73 -91 -34 -61 -57 -58 -79 42 -59 -38 -37 -77 -68 27 15 -88 60 -89 19 -60 -26 -60 -80 -70 -19 -29 -78 -72 92 59 79 -12 -50 40 -7 3 71 58 -5 -71 -61 86 62 -47 18 -30 -16 -11 59 -14 82 -37 -46 -75 66 -43 17 75 -56 1 69 -74 23 -20 -42 23 -75 -18 32 -55 47 21 28 -52 66 -78 -6 65 -92 -96 -86 -73 -8 62 66 84 -38 64 40 -59 -17 62 39 83 86 97 11 -45 -33 -40 79 61 -73 12 -99 -36 21 -12 80 12 -9 74 0 -31 -66 41 3 -14 2 -36 76 57 66 -73 -77 -62 88 46 81 12 88 62 66 83 41 36 47 -35 73 -42 97 -14 66 -33 -43 30 -8 17 -87 -57 -57 83 13 -72 52 -11 -98 38 12 -83 8 -15 86 60 -23 98 -36 10 19 60 -9 -53 58 45 -2 24 86 -93 -54 84 76 82 -94 -39 -65 2 27 21 89 15 0 -25 -44 9 -76 41 54 -60 96 -37 -33 -96 -90 52 -92 -74 11 -64 17 73 70 -80 35 -56 -92 48 -81 -59 -27 45 -6 -89 26 -66 86 -35 -13 -65 -60 51 69 -32 32 31 60 18 -82 -91 93 -94 -89 -49 4 -25 -70 77 -74 42 -91 84 35 57 -81 -20 -38 84 -43 13 31 52 -65 -43 78 78 90 -11 -98 -36 90 -44 64 47 -11 -28 78 -49 93 -17 -96 -48 -91 54 -80 -96 97 -44 36 98 55 60 -97 80 -60 62 8 -73 9 69 -77 57 24 39 -99 54 -63 50 -10 58 -77 34 -57 -99 54 14 -35 74 92 52 -87 -40 63 25 78 -42 48 -17 47 -8 52 -21 -91 -20 -22 79 79 -65 -99 42 -1 24 9 88 -23 -11 5 -57 2 -95 61 27 79 -37 -6 -95 -1 -70 18 12 9 -2 -49 33 -62 56 -57 -59 -93 6 -42 -46 58 -49 75 80 -98 30 22 -35 93 
44 26 52 -10 -14 54 -89 67 24 3 -72 4 -18 92 96 -11 57 35 -98 -87 -99 -87 66 17 -77 -28 89 41 -48 -41 82 -3 -13 67 -21 59 80 -20 -2 -87 -21 83 47 -31 92 -4 46 -68 2 -94 -83 -68 -37 -98 78 89 -1 14 11 -50 58 66 -89 -36 -60 1 1 66 81 -27 2 64 -20 70 38 8 -9 -23 -30 68 85 -72 24 -47 -85 54 29 49 -42 -25 82 -56 34 -9 78 77 23 -35 -69 -50 67 -41 -95 10 59 -93 -88 -16 52 -54 -98 -4 -49 -56 71 -1 -75 97 40 -31 18 28 22 -99 11 -26 94 -82 68 32 -80 12 31 -3 33 3 92 59 92 -75 96 77 21 73 20 -12 -80 -79 76 85 -21 81 -21 6 95 -70 97 -80 8 88 -47 -64 70 -12 -56 -59 -7 -9 68 -70 84 -48 55 -62 56 -43 26 -42 42 63 -38 4 57 48 21 74 44 -33 -18 -5 88 96 66 4 28 -31 -45 38 -63 18 -43 -89 4 16 40 -39 10 63 -50 80 58 4 89 34 34 96 -98 -10 -43 -20 -1 -36 13 72 -85 28 -14 78 -73 2 -37 91 38 59 45 -99 77 -92 -32 -26 -50 44 0 -53 -57 -48 -55 11 -43 43 -62 96 -69 -81 -63 -89 -90 63 -53 4 36 8 47 -88 -28 29 -50 13 35 -1 93 96 31 3 -23 -8 54 -71 -92 77 -29 -16 31 -59 68 -54 32 -64 -18 -42 -70 59 -30 24 -20 -56 65 69 -61 -71 29 -9 94 5 -88 38 -86 70 -65 1 -15 -59 -28 92 -35 -98 -48 -4 -53 -97 -96 -41 30 58 61 83 29 -50 68 90 44 -20 22 95 -37 -34 21 24 80 7 7 -69 -14 10 -97 -88 77 59 -36 82 9 57 94 -93 90 -29 24 -51 11 -17 -19 0 -88 64 88 58 96 76 35 -32 89 55 7 78 -70 -77 16 -21 -78 -71 71 -53 92 13 85 -94 -36 -65 -51 43 84 -1 44 -99 -2 43 13 83 43 -4 8 72 37 -98 49 -67 50 78 77 29 -73 48 81 -72 -49 -55 -10 -76 -13 -84 40 -78 -45 -89 82 91 41 -60 29 -89 29 -52 -26 2 -36 57 -38 46 59 -26 -99 59 71 -9 50 91 15 53 30 -79 -29 -26 82 65 76 61 96 0 -75 -63 -50 68 -41 48 80 82 53 -67 16 -35 84 -67 76 61 -58 22 12 -32 -68 40 9 56 -58 0 -95 86 -20 92 2 -82 -59 49 -35 19 -48 -88 -14 -30 39 31 
66 99 59 44 -91 -43 73 36 -86 15 24 -34 -24 18 4 -86 -18 -7 -59 -61 -43 -4 1 -12 -22 19 -64 -86 62 -82 65 87 -56 -79 70 23 80 -3 82 91 83 22 95 -13 25 -45 -58 -4 36 -78 -17 30 35 52 24 24 71 53 -12 59 60 -93 21 -68 -76 31 79 84 -13 96 -73 76 -43 -95 -40 -42 95 -53 -50 90 33 5 9 -38 89 -37 74 -5 -27 -94 64 -82 -24 -22 -57 22 -68 -38 -7 69 3 -38 46 -28 -45 43 -19 -39 -91 68 39 7 -14 -95 -66 25 15 -65 33 28 -9 83 -2 17 -81 -92 13 -20 2 38 -66 47 -49 -32 92 -74 6 79 -2 -93 29 -10 -37 -88 19 13 15 69 24 -93 57 19 12 28 -97 -80 44 -4 91 -10 17 48 -99 52 93 78 -71 -90 21 51 -69 4 -66 43 22 -62 -28 -85 -4 -90 39 8 -83 24 -98 -23 -29 -54 -49 7 -81 -1 -96 -21 -26 15 13 -72 31 -70 21 -74 -89 87 81 -40 -69 47 60 -73 92 -9 93 -99 61 -8 -95 92 9 46 -44 -32 46 -19 -32 -57 43 25 -67 5 90 84 -57 65 -48 91 39 -69 13 -37 13 28 70 -14 -63 43 -48 -92 46 5 33 -64 14 -31 -25 8 28 49 15 -60 -77 66 73 -97 30 29 9 -23 -41 75 6 -96 73 59 -93 64 28 87 -69 43 -71 67 75 -44 0 94 -52 -84 84 -61 71 -95 33 -4 28 10 -88 -28 -13 67 98 -89 -71 50 -71 56 56 -45 7 14 18 42 1 -31 43 79 -37 -40 -46 31 -86 -21 -58 -30 26 -58 -52 -9 -75 -23 -66 49 -33 82 78 -50 -88 -13 57 20 92 4 -20 -96 27 -77 -8 -26 -66 -91 -3 49 71 65 34 75 -22 -22 38 65 -78 56 44 -28 -83 99 -40 -26 -63 12 55 50 80 30 -5 -9 78 72 -76 70 53 78 91 89 27 25 -96 -8 73 43 -17 8 66 21 -74 -85 12 -1 98 -7 93 21 11 -71 -50 -6 -80 -33 -57 26 51 -40 -88 72 -2 36 95 -52 -19 54 13 6 81 97 -99 73 -69 -17 33 -53 -40 38 -12 37 98 -28 54 -4 92 -14 53 -80 67 66 9 22 91 3 37 52 -19 23 75 62 42 -32 -52 14 -41 48 68 -95 89 -29 3 74 -31 57 65 -69 -69 99 86 83 11 40 24 -12 -44 -67 58 -49 -38 24 -80 -62 -79 85 41 -92 -12 9 55 33 -86 -52 -31 78 19 23 
-39 86 -74 -11 -30 -88 65 -38 84 24 -9 -5 -54 -79 -6 79 -84 87 53 -52 -4 -56 -57 -7 -93 83 -62 22 92 56 -72 -62 36 -48 55 96 69 61 -37 73 -39 -81 74 59 62 -33 27 -94 80 97 -15 12 -62 45 92 92 -14 7 11 -58 31 -54 -16 35 -36 74 39 29 -63 -81 -23 -19 -63 -17 29 86 87 90 -42 47 8 78 11 30 38 62 -82 -41 99 -50 -69 83 81 -53 89 -93 60 0 -57 88 -33 -69 -70 -15 10 -70 90 4 -58 -43 26 79 74 -59 36 -12 49 -93 50 9 -32 -15 -29 -77 -74 -15 -40 -89 -40 1 44 5 -67 -56 57 83 89 -69 -25 -34 -68 91 -46 74 33 -10 46 -39 -32 21 -73 20 -45 -81 22 -38 21 -13 -12 96 3 81 36 4 -11 -5 72 35 61 88 8 23 67 17 8 -67 83 -74 37 -7 -30 44 69 67 5 16 49 65 72 73 -87 16 -86 -27 87 -55 -65 55 34 94 -4 -35 -68 -78 12 49 1 -19 71 -86 20 20 11 -58 9 -14 -23 6 -34 -72 29 -42 -46 43 -6 -63 49 42 -53 89 14 -52 71 -76 -35 -29 5 39 23 -86 -44 44 16 75 -41 77 -41 -23 -95 14 -36 -61 21 21 75 -15 57 97 -19 -54 51 57 -36 -92 -85 -14 4 -91 66 27 47 50 -61 5 62 21 -5 9 74 -1 5 93 -18 -14 -42 -31 55 78 97 -27 -41 -69 -16 -16 -20 -83 -4 -29 96 35 -74 -79 -78 74 4 16 3 14 11 92 60 46 71 -38 -30 -16 -7 -93 16 -13 86 80 69 -95 60 87 -95 81 99 25 -36 81 94 -47 42 98 -85 -43 -99 43 14 10 -37 -63 12 -3 91 76 -74 -1 91 71 -88 64 79 67 43 -85 -72 1 56 -39 -58 71 -71 21 85 -68 11 35 91 56 -79 -24 -86 -14 -21 -26 55 37 3 -58 31 54 -97 97 -33 -16 72 78 -18 -92 -58 -18 -20 61 31 85 -63 78 14 -9 -69 -99 94 64 -82 6 38 64 -84 68 -15 92 -71 22 34 17 -11 -19 67 -82 15 -73 76 -42 -95 -66 -16 -97 98 4 23 24 -87 -85 78 -53 61 -96 -34 33 7 -63 74 4 89 88 65 -12 83 81 -70 35 53 79 29 19 23 70 79 -45 14 -60 -82 64 16 -61 -5 -42 -21 83 54 45 74 35 -79 -40 -99 -1 -70 -95 -66 3 -65 -37 1 84 -54 94 54 -54 59 -9 76 -58 -44 -94 94 -96 
13 -42 -87 -24 39 -77 -55 54 21 -95 90 -9 74 58 99 93 76 -39 -89 -44 19 -28 -69 -69 -25 21 89 99 -26 -64 83 -94 77 9 -79 44 -98 21 -12 47 -16 46 72 1 -5 69 -42 -71 -11 85 -23 -64 86 -96 -4 93 57 -16 -63 -5 -77 71 -68 1 -16 96 73 -87 -63 89 56 95 -2 -78 67 -6 95 17 94 49 -44 -76 77 29 33 -63 74 63 -15 79 -20 -24 62 -40 -3 13 -31 5 -80 -34 -47 -59 78 44 -39 -4 -88 30 -38 48 41 23 -94 -11 -99 -62 55 -17 1 -33 13 -93 -71 15 -30 -22 54 55 -15 -85 -47 -46 66 -83 62 98 87 -2 -81 -67 24 37 -55 -20 -55 61 14 -7 -72 -52 23 -43 44 -75 -97 -81 -67 -38 -47 75 94 0 15 -78 45 86 -36 -37 -30 -79 17 21 27 -82 29 80 -38 -23 -70 85 73 65 70 85 -39 -77 -98 53 81 -51 90 -87 9 31 92 77 99 -15 16 -32 -23 -52 78 -24 26 91 -68 48 87 -92 43 70 26 -99 15 -33 -44 -50 6 -53 63 32 -56 -94 83 -23 50 -10 86 73 0 9 -72 -2 -10 -92 -11 18 -32 32 34 -48 -43 -32 98 81 77 40 -63 56 -94 -40 -30 -26 3 -47 -16 66 99 -8 -24 -56 40 75 18 47 47 22 -2 21 -67 -50 -40 68 -43 -43 -84 30 21 -86 -12 -49 -93 -56 -62 -72 35 -17 -40 58 -2 -21 49 50 74 -79 88 71 94 -44 45 -45 -98 8 -66 -51 5 46 18 32 24 -48 -91 7 -9 -15 83 44 -46 89 36 41 50 7 -99 42 -80 60 94 40 -77 40 -95 67 27 -84 72 11 -54 76 -12 -99 77 19 75 -10 21 61 -97 -62 -46 -11 85 -36 -97 -37 -95 -34 6 37 -96 -13 -67 -32 -72 3 10 -61 70 -61 33 -20 56 47 49 73 -22 -2 -60 -86 -63 -49 39 -99 92 39 -50 -36 14 -5 -91 25 -40 72 -60 -70 -89 -64 -38 -91 -64 -59 70 -12 32 78 88 -95 20 -8 -34 47 -94 87 95 69 -46 10 -64 19 94 -31 -50 95 90 -11 -96 -56 31 -98 6 85 54 90 1 94 -31 -6 89 -70 48 60 68 -4 42 16 87 -96 -53 81 10 -95 56 -81 -5 10 98 87 -3 59 46 -66 -53 26 59 -75 -15 52 -31 -73 91 60 24 86 91 -11 -40 -67 -76 38 -75 -14 -59 23 56 -59 -7 -33 35 -13 72 19 -44 -74 68 47 95 -26 63 -86 
-88 -63 82 -28 -47 -47 27 83 -17 97 -6 7 -76 -14 -96 74 -36 -6 -33 54 -4 97 -5 63 76 -32 62 30 20 99 -48 26 -11 -54 -75 38 22 68 13 35 81 32 33 -27 -41 9 91 -81 29 -36 88 -76 -11 -39 40 -7 33 -52 -26 -48 -63 91 47 33 -93 7 -36 58 62 -94 66 -40 -61 -80 -79 -72 20 42 38 46 -54 69 76 59 -64 -19 98 -26 32 14 -12 -48 61 68 26 71 -51 34 89 62 -50 -2 -52 4 17 -59 -48 23 -52 -66 29 45 53 -79 -75 -94 70 -45 6 0 -8 -90 37 -68 -11 12 43 43 -89 -62 72 -24 9 11 -32 -57 91 -61 31 -89 27 -67 23 64 71 61 -22 -66 71 13 76 93 77 42 67 87 -40 -99 66 12 -97 24 92 -46 8 -62 45 -86 49 83 10 67 -12 -53 -4 80 -99 27 -77 -19 65 12 36 -92 31 17 36 -86 -71 41 76 4 -53 60 11 -20 30 -34 48 82 -45 11 86 -64 6 13 -67 36 -49 -48 59 47 -45 7 27 -76 -90 97 -85 67 27 0 -68 73 -92 13 -31 0 1 14 -11 -86 56 83 -63 -81 37 32 99 -33 -55 -37 -32 90 -42 -21 -68 50 -52 -56 84 96 -99 12 -29 -93 36 41 52 -76 93 -71 -42 30 -90 61 49 49 -50 -32 -26 6 -13 -12 41 -95 4 -26 -83 -37 -39 16 7 -80 -28 -97 -54 16 -46 34 91 -43 -6 -44 -72 88 54 32 -6 -75 -10 -22 48 -20 91 79 15 -93 0 32 25 95 73 32 91 10 -87 29 -47 -55 68 11 -69 -2 34 64 79 -30 71 14 82 -33 -81 83 90 -52 -13 20 43 11 -30 -75 -88 47 -73 39 24 -57 -95 76 -32 -68 -37 -14 95 45 57 23 11 -11 57 -48 -90 97 73 -31 83 62 -21 -9 86 31 45 16 -85 -23 -61 19 -28 -82 43 -6 45 -89 -65 -97 53 -77 -45 63 -70 86 20 -10 79 -1 39 -87 88 -28 23 97 -13 -60 -61 -63 46 9 40 76 -87 32 -64 59 -79 46 -76 -32 84 86 -73 77 -77 99 80 0 79 51 -86 -8 -87 23 -18 45 66 -61 76 -90 1 95 -58 -19 -96 -52 -31 -55 -59 64 -12 -84 86 87 89 89 -42 96 70 49 71 60 -28 -57 43 -12 35 -66 58 60 62 22 19 17 -1 32 82 -47 42 -80 64 -14 27 10 32 -29 69 -85 13 -95 2 67 34 -68 4 99 -22 4 5 -74 -90 32 
-53 23 85 51 79 58 0 -35 -33 -84 -3 62 54 -20 38 -54 7 -31 14 -17 -64 -18 21 -2 -23 -7 29 36 94 -22 -20 12 26 -8 63 -28 32 81 81 66 -66 -6 -77 -91 -71 13 38 51 21 -5 97 87 -27 45 33 -46 -95 12 -79 -52 87 -86 -28 -15 -92 -65 -35 -86 83 -11 -29 -34 -87 12 -95 -34 87 29 43 86 -57 -68 81 66 -69 42 21 -10 -19 -52 54 95 9 79 4 99 46 -77 79 41 39 -70 -78 -63 53 20 86 41 15 -59 10 17 49 46 -7 -67 72 21 8 61 -23 49 -85 64 -65 -42 71 -66 77 88 -25 -51 84 -84 -2 14 17 67 -43 -33 -90 -6 -27 99 -2 70 76 -5 -95 -43 -31 84 -89 -38 61 71 -16 20 -15 27 11 94 -34 -8 50 -47 79 -72 46 -2 16 75 13 27 -83 22 91 63 49 57 -85 87 20 71 47 62 2 -37 -78 6 97 -49 -26 63 -86 90 80 -88 -75 -29 24 52 44 58 -54 -59 98 -30 9 14 -19 -46 -96 48 27 -72 93 -12 -10 9 91 -18 43 -32 -62 -83 -43 -9 30 -77 -96 -65 86 -67 -33 -96 42 -32 61 88 13 -92 -51 79 48 -64 64 -73 74 -27 25 -82 84 -57 -64 -26 51 -30 -85 6 -64 -84 -68 35 11 -63 -76 -36 83 68 22 -45 76 -10 -87 60 -91 -26 89 -33 -77 45 -83 -49 -62 80 -33 93 -89 1 84 74 76 14 4 55 20 -40 65 -47 -39 -2 -51 38 85 -94 -25 82 21 -80 -63 -90 -47 98 90 71 -68 -85 73 76 -41 -81 -22 97 -20 -63 -4 2 -14 89 -45 12 13 42 17 41 -96 92 -78 97 -32 -76 -13 -19 -75 -47 48 70 -4 96 74 -27 83 25 -83 8 20 0 -72 -81 -42 -52 35 -85 23 81 83 -40 -91 52 12 17 -21 -67 33 99 -23 26 -93 -98 -31 -62 -67 -72 -50 88 -30 98 -53 -85 -35 -63 94 15 95 60 88 -7 84 -47 57 -50 -78 -16 -4 87 14 -50 26 -69 -7 79 71 -53 23 47 -60 2 84 92 -42 -78 86 -45 -60 -98 2 -52 85 -82 -31 8 -48 76 7 -31 -62 -71 -52 -90 -95 -57 48 -51 -32 27 -1 67 -57 -76 89 75 -36 -77 16 33 78 -53 36 -31 68 -12 -37 -57 40 -10 -33 38 -27 -76 -66 -78 88 -1 26 85 -96 13 63 -46 -35 73 89 29 -78 18 -42 61 78 22 23 -54 -61 -63 -91 70 16 39 46 87 
-88 69 -54 21 31 -33 -42 89 -98 65 -39 33 -77 1 -62 30 98 -98 -4 90 -50 57 68 -71 40 91 -77 66 20 -92 -30 -91 -53 89 -26 7 36 42 -45 -69 98 11 50 -3 -89 -81 -35 -81 76 -69 89 -65 17 46 90 -66 -97 -93 72 -97 -95 68 10 -10 -19 40 20 44 -16 -48 -58 1 10 1 -95 -37 -60 33 47 97 -53 -8 16 36 -83 -86 18 -66 -38 -97 -32 -21 99 -70 49 47 -35 39 96 -77 -1 81 54 -9 -70 -78 -27 15 -4 83 8 -4 -81 33 -39 -63 -1 -89 -5 4 -98 -9 99 -74 84 24 -17 94 -39 -65 33 61 54 17 -24 -44 64 -84 -15 63 -85 -68 83 76 40 0 -11 3 57 87 -24 -90 -13 -48 -97 68 -19 17 -14 38 76 -33 -67 -21 -31 3 -67 44 2 -73 82 -19 -93 -24 54 -39 79 -34 -19 -34 -65 85 62 -84 58 -44 26 28 -42 -31 -85 -49 -2 42 48 85 71 81 -99 33 39 25 -44 71 97 72 -20 35 -23 0 27 -15 48 79 99 -19 -60 -27 -69 56 98 0 99 -67 60 60 -24 90 -61 24 -68 -69 55 76 35 -1 -7 -56 69 47 56 -31 98 -15 -67 -94 82 -39 96 99 23 -34 60 96 20 -22 41 52 -6 62 -7 65 92 39 -93 -56 36 -74 75 -31 -62 41 -47 0 -23 -86 -33 60 81 8 42 97 -77 -68 -46 38 -30 -86 32 -23 56 36 -30 34 -73 -40 28 19 16 -93 7 -4 -48 -43 80 -51 -76 89 39 40 -85 99 -63 -78 -7 25 -72 68 -15 59 -29 -10 -67 7 -18 88 58 -80 -29 88 48 96 -35 63 22 29 -33 -62 -52 -81 21 66 -55 -19 -83 -9 81 82 -18 -41 -85 -34 -27 41 2 64 -78 -83 -76 -91 -6 69 -52 77 -97 11 3 -11 50 14 3 43 -37 -40 -50 90 36 -80 42 -36 27 12 24 79 67 78 59 -3 62 4 -28 79 -60 7 78 58 19 3 -34 -67 -50 -44 -78 63 -43 67 -84 -37 54 51 78 29 -48 57 -82 74 -3 -23 41 87 -12 27 -1 -50 92 77 16 80 95 -66 -77 46 -4 70 -51 76 13 66 46 -40 -83 59 72 67 -39 -78 86 -12 79 -58 -97 -19 -4 -4 -57 -2 -15 -84 15 80 89 29 35 85 -33 60 9 76 50 98 86 -57 9 -54 -15 -39 99 -38 94 87 84 40 -62 18 -38 -84 -40 -4 -71 89 -57 -45 6 -91 76 95 83 -42 -94 19 
35 31 -72 66 -99 -26 -78 91 -2 60 -76 3 21 69 -7 37 75 -14 13 16 80 -39 11 -98 27 55 30 -45 -52 -75 -76 89 -88 63 12 -84 71 70 3 -66 -74 99 29 58 16 21 54 -29 -29 -63 -52 88 -90 89 -20 -59 51 -53 97 -30 7 -82 -46 -32 -62 55 -79 -97 -87 93 27 58 -61 -46 83 75 -27 -48 57 -86 -5 93 22 9 64 27 -46 59 -48 58 85 10 -43 23 -25 -35 16 -2 -80 4 -4 26 5 1 -66 -35 36 -96 -26 -22 -49 -76 -58 -23 39 69 -27 59 -17 -59 -82 59 85 38 1 -9 -27 19 31 9 16 93 7 -82 93 56 53 64 50 -44 -50 14 92 -44 -18 36 -54 -78 42 63 -2 28 -18 -50 65 -17 -8 30 -55 33 -90 71 99 4 74 11 -5 18 -44 -14 33 -59 -60 34 57 -8 -66 -13 -28 -85 -73 -86 72 -6 90 -8 7 0 -39 82 -28 -63 93 -37 4 -67 40 -55 -43 -93 -57 -13 40 62 98 78 -38 -22 -5 3 91 93 -11 82 29 10 -32 -91 -95 9 51 -48 11 23 -66 54 -23 39 -72 89 41 -93 96 -9 70 -47 92 -87 -63 -45 75 -77 -42 0 -25 -31 -98 72 53 86 -37 -43 -81 35 32 82 -34 50 77 -21 -64 8 55 -35 76 -84 -63 -55 -32 -31 -9 60 62 45 -31 -64 9 -32 -64 11 -37 -89 1 88 -1 61 -47 66 -99 49 43 -97 -88 61 17 55 -11 74 -3 -7 -52 -61 -50 59 24 1 -63 -99 59 6 58 80 92 -43 -16 10 39 87 -34 21 94 10 -40 -76 80 5 92 51 54 44 22 87 -29 -24 -87 -52 9 -51 84 -11 74 -64 72 -31 18 68 -44 -44 32 -33 14 25 18 91 57 -80 -84 -75 -75 52 3 63 62 -23 86 -33 -7 -49 42 -24 49 59 -84 73 62 57 -40 -54 -94 -75 19 80 -82 -83 55 -22 -22 -6 66 -32 -95 55 79 -99 46 41 -10 57 -14 55 64 33 -53 -2 25 -67 58 23 -15 91 -32 12 17 74 -90 30 -35 84 42 83 -36 -55 -32 85 41 -14 -83 88 23 56 -37 77 -10 0 -28 -80 -46 87 -32 -94 -59 66 91 -62 89 -78 34 -70 23 -44 -80 16 81 -5 63 -2 87 13 93 23 -95 -97 75 -71 -81 -48 64 -30 34 -91 -19 -90 -17 -39 -29 -76 14 58 -50 -57 -50 64 90 -81 77 -78 85 77 70 5 -57 -20 -63 -70 20 -48 -73 93 44 56 
-89 97 -37 0 -14 61 -89 16 -52 50 -7 26 -22 14 -20 80 49 -13 6 35 13 -89 45 52 -69 68 41 49 -64 -42 -56 48 7 13 -5 37 -3 -16 31 25 25 -73 48 29 -82 1 27 86 79 51 13 14 -8 13 -75 34 11 44 -72 20 -20 75 75 -88 -7 16 -99 -23 47 -58 -5 58 93 -91 74 -99 -39 21 15 15 25 -93 -96 53 -75 -14 -15 77 -51 -87 -53 27 -60 -96 -38 41 -17 60 -14 -59 78 9 -51 51 -88 17 -18 -50 -56 -3 8 -89 -8 2 88 86 -24 -95 -90 -31 25 -75 -19 -70 75 32 7 62 6 28 35 75 78 54 45 -32 87 67 90 -16 -50 -85 16 -23 -68 -79 -75 9 89 -98 62 -15 -28 -74 -12 12 90 -91 91 26 69 -1 -90 92 -54 77 -11 -65 -60 72 -2 37 -93 88 61 -16 39 -28 -84 14 -76 42 17 -32 -38 -41 8 -7 7 -18 -20 -51 90 48 -46 66 -38 -59 92 44 97 -30 -15 40 55 29 43 -73 -42 60 41 -9 -87 -15 -39 -77 -51 64 26 82 -49 -40 -24 76 -96 -88 -80 98 52 35 85 12 -28 98 -58 85 -52 -88 9 -34 -91 -42 97 54 -63 -80 28 -50 0 -60 -27 57 -32 -53 2 16 -15 57 -90 55 -14 81 38 54 -46 -12 39 -36 -81 36 19 23 26 26 -42 -48 59 97 -36 43 -39 18 -75 -81 -54 43 -78 4 -7 80 36 96 -19 60 -28 15 8 -31 59 26 79 36 11 -17 90 -40 -26 -7 -82 98 -6 97 55 57 -30 -98 20 11 -52 38 29 39 -42 -53 99 -47 -85 33 18 96 -69 -13 -14 4 -64 -42 61 48 -22 -18 66 -34 -46 97 88 -55 78 1 36 77 -96 16 -24 -13 12 25 51 -3 -87 11 -22 90 -72 -11 -23 -35 24 26 -58 43 79 19 -33 6 -38 -71 -91 33 -38 41 88 61 92 59 -39 41 18 -21 -10 -34 22 81 -75 1 -61 6 -99 -64 51 -42 50 26 71 -97 1 52 80 -31 12 2 82 9 -19 -18 -36 -12 25 -20 4 21 -18 90 -23 3 12 72 61 -95 -16 -66 7 -44 83 73 -46 -78 -78 3 51 94 73 -73 -23 54 -33 50 -21 -79 -12 45 -55 -75 -60 65 60 -99 36 77 75 49 -30 -98 24 -18 -83 -9 -58 67 0 -49 28 -57 80 79 -67 89 -58 11 11 -69 -19 75 96 91 90 -83 -36 -76 42 -14 -29 -33 -88 46 50 96 72 -84 -69 -44 
-51 52 43 46 -68 -72 -88 -12 48 65 79 -70 -18 -32 58 21 -96 -69 -71 -77 -81 97 -46 -52 -26 36 -88 55 -16 43 28 99 -3 57 78 -98 -92 1 25 -12 -56 15 84 52 82 20 -22 -93 96 -11 71 41 -67 39 37 42 -97 -62 -87 42 -69 -32 -49 -25 17 -19 -11 -33 -68 -41 61 88 -5 58 3 -1 -50 57 79 -27 -34 -29 -7 51 66 35 -82 65 21 -56 -94 4 39 13 32 -46 -5 -35 46 -3 -26 -77 21 -80 -51 -83 93 96 -98 98 68 72 -81 17 -99 -45 80 -27 -97 -74 99 -22 -47 51 -51 96 83 35 -38 16 3 41 -81 -55 -79 4 -1 48 -41 -98 30 -38 -5 19 10 -68 -47 -15 46 -68 -19 -36 22 -40 64 54 74 0 -73 -82 -71 68 19 -87 94 -63 -82 95 -83 -32 13 3 -56 -9 -78 58 -59 -20 -15 66 83 58 -51 15 48 3 61 -18 80 34 -2 -9 18 -14 3 -14 75 76 -80 -87 -80 -11 20 -51 28 63 59 64 -10 24 -23 91 -44 27 87 -58 20 86 -21 97 10 -30 -52 79 -67 -37 -57 -66 16 -67 43 64 73 -47 -48 -83 -84 -19 93 -61 83 -78 -11 43 -60 39 -46 -95 24 -16 63 28 84 -89 -99 -35 -46 53 -28 -80 -17 75 86 61 -47 32 62 -19 -48 11 -74 -53 -10 -8 96 72 25 -38 -15 93 59 62 40 94 37 -46 -68 -6 -57 42 -31 9 87 0 -74 39 -20 60 16 45 58 16 2 -83 -71 -47 48 -46 -86 -78 -36 60 -96 87 -83 -18 48 60 -6 10 73 -89 93 92 -45 -66 -16 -35 -44 -67 -40 -25 -61 -80 49 -27 95 -85 -55 -39 19 -25 18 51 -18 88 -91 3 -56 51 50 -49 -38 -32 47 -42 -11 97 28 32 -71 8 48 -68 75 -22 69 64 -69 -14 28 -70 2 -89 -44 10 31 86 -21 -98 61 -53 81 -17 -58 -80 15 22 39 -92 -93 -66 -76 41 53 39 -4 40 81 44 57 -65 21 59 -31 -90 -68 44 -34 -32 -28 -17 -13 27 8 -29 -10 67 -7 -2 68 -20 79 -76 81 -17 23 -81 -60 83 -17 54 75 63 -6 -92 3 -51 44 19 81 81 9 -20 80 -97 34 6 -71 41 -11 26 -50 55 18 83 -82 46 -47 84 -4 84 -53 69 29 -67 -40 0 -94 -63 -60 -99 -79 -29 90 58 21 -20 41 8 29 -65 90 -55 72 72 9 -73 -3 -28 -83 82 26 -53 -39 90 78 -34 -53 87 
-18 42 7 -51 2 41 31 76 61 -73 55 -68 -62 38 63 87 68 99 -53 61 -71 -35 65 85 -56 36 28 -49 -39 -16 -73 84 -8 31 -14 -14 90 98 56 -76 36 -57 53 -47 -51 -99 -45 83 84 -67 10 -78 -31 26 33 97 -28 -83 93 44 60 69 -47 3 -64 64 90 63 -1 5 -62 50 -40 85 84 -50 -65 70 88 -75 43 97 -12 -88 85 84 65 17 -87 78 -84 -5 -60 -99 87 81 -72 99 83 62 51 22 -74 4 -43 13 -51 25 16 23 -63 32 -17 50 -52 56 91 66 84 -93 16 9 -66 -79 72 -48 -56 -12 -6 89 71 92 -48 -60 85 27 -2 42 56 48 -43 32 -18 -78 -80 -93 -95 -51 47 25 -38 -76 43 58 -71 38 -85 93 76 88 75 50 -23 93 -86 -55 25 58 -30 23 32 47 34 97 53 7 50 47 83 75 -75 12 -89 -80 -1 -94 -99 59 33 -75 54 44 23 -75 64 -33 -65 17 33 -67 0 -3 -90 15 -28 -48 58 63 -52 50 57 -47 8 6 28 45 6 26 55 55 -93 -92 -74 -57 1 -12 79 43 55 1 77 -87 -68 -61 -60 -27 71 53 -14 93 33 83 11 -74 -39 -17 20 -54 -39 88 83 -3 60 -33 18 -95 -47 43 -20 15 28 70 -61 -41 54 15 -19 -28 81 -75 -98 65 -26 -15 10 36 -39 -21 7 -40 8 28 -50 81 0 87 -64 11 -65 -44 4 6 -81 -71 75 -7 33 58 42 92 62 -50 19 -91 -52 -85 -4 87 28 96 -79 59 5 -27 35 5 -59 -79 -34 -28 -19 -81 -1 -98 -94 5 26 32 49 28 8 -25 54 -89 94 46 -21 -32 57 -87 33 31 -94 -90 55 48 -3 23 80 44 72 -73 40 -75 28 14 80 -4 10 -75 61 14 -23 25 -58 -84 -32 2 -60 -35 31 41 -46 8 -14 70 -27 -25 -24 23 58 98 -34 -22 -94 26 98 88 46 -77 -11 78 -58 35 -6 -55 58 71 87 -9 78 -76 29 30 84 -83 -67 68 -46 68 -13 52 31 -11 36 -9 17 3 31 31 51 6 72 0 -59 38 48 -72 -87 78 49 -8 24 -76 -21 -66 96 37 -7 -11 37 -91 -73 -11 -68 -53 17 -75 58 -30 58 41 -75 60 -17 23 -44 34 10 69 63 -99 62 -51 51 -25 19 -33 -91 -81 28 -52 -24 3 38 -61 73 -1 58 -29 -39 98 92 -49 -59 95 -12 45 -72 -38 -40 -44 -24 33 -52 -36 15 -51 -97 -23 
-49 35 -19 88 -97 56 -24 -26 -53 -93 -14 79 -97 26 -76 -46 86 -14 -99 58 45 24 -7 70 35 28 3 -95 14 -87 58 -30 99 -74 2 55 61 36 -60 -10 -43 -46 40 -99 -96 -82 90 6 -7 1 81 85 75 85 15 -72 68 -27 76 -1 61 63 -2 51 9 -11 -7 48 9 35 9 -83 21 24 73 -89 -98 67 8 -42 7 -62 34 -89 33 4 -53 4 13 14 92 -91 80 61 42 -47 49 89 -71 -99 -51 14 -56 -24 -32 -70 81 -51 -57 -32 -29 91 51 -9 -57 80 -90 39 -80 -64 55 -39 -12 -16 -24 -41 59 -95 -33 18 -65 -59 -70 -8 -19 -45 7 11 77 -50 -78 -31 -46 -17 31 84 72 -94 9 -93 9 -76 29 -47 -19 78 30 75 -2 29 -47 -36 -51 -8 -21 -80 38 -65 -9 5 82 80 -90 87 -54 38 26 -64 -35 56 84 -77 -92 -68 -58 -75 31 69 -93 57 16 15 -19 -25 -15 -24 -30 75 -21 -39 -44 44 65 -66 -41 -64 10 92 34 -71 -24 -98 -3 62 -16 -48 -81 5 50 -2 -21 81 -44 -88 -64 -33 4 40 89 2 -56 -94 -21 58 8 65 -32 52 93 -57 -39 38 6 -95 56 -33 85 -61 -5 -76 23 70 -65 -16 -1 -3 15 -86 -19 30 -97 -31 -44 5 52 -30 36 -5 -54 42 87 15 93 -27 -98 25 17 71 74 -57 -82 -66 84 -14 40 -65 -56 -20 -73 53 -31 20 87 42 -18 -74 15 -34 24 -63 15 -31 -38 -33 -35 -32 -76 -81 -52 72 23 45 16 87 -20 7 -58 -37 -66 -69 27 -47 -99 46 34 19 0 94 83 -36 -9 68 12 -38 32 -50 -47 -79 -58 -64 28 -2 -48 -47 61 98 -1 92 62 -40 -75 -51 51 -25 -15 -26 44 90 -62 34 -14 7 99 -4 83 -55 93 -57 82 -73 42 -76 -51 4 91 -61 74 76 -17 95 -59 82 -49 28 44 78 -17 -34 69 43 -1 -34 33 -61 -6 21 89 -31 88 24 23 8 -79 91 -83 41 -47 -97 -82 -6 -21 -32 26 -53 60 -71 -97 18 61 78 -32 61 -66 2 -89 60 65 76 -64 18 -97 -33 -43 -15 -47 -55 48 59 59 41 -95 85 -16 86 14 34 46 37 28 10 4 -2 48 56 -28 -42 -47 4 47 54 -91 70 36 -29 -20 4 61 18 -93 66 81 -87 56 48 -61 -4 45 85 -85 -97 74 68 70 41 -4 70 -44 69 -60 -66 89 -54 71 32 68 0 97 -55 48 75 
35 4 33 -26 -24 -90 64 65 41 -26 82 -29 -62 2 4 85 10 7 -59 -59 95 73 17 -98 67 -60 -12 49 33 79 -8 42 88 72 9 39 44 -43 62 95 -98 -33 -19 -18 27 13 89 -94 -64 98 -8 -61 -41 -25 70 -29 -80 -41 -65 8 16 77 -14 -58 -99 4 48 91 22 -58 -90 -18 38 61 -13 -25 -1 37 -40 -29 61 43 58 55 45 -77 34 -37 30 50 -77 -7 -73 69 1 23 -50 58 -61 71 50 79 65 49 -24 -84 22 81 21 71 -74 47 58 -70 -37 49 52 60 41 -80 45 -28 -85 -47 88 -16 90 -32 -36 90 10 -49 -86 -22 67 53 85 -16 -44 -3 -93 -94 -22 -70 -92 46 12 39 54 -3 34 -25 -6 10 84 -3 -61 -56 48 19 -19 22 -59 -70 -90 -22 65 42 -84 -14 68 -20 -17 62 52 -24 -95 11 -77 40 -93 68 -31 -40 14 -87 87 -2 -42 -65 -47 -19 17 31 87 38 -82 13 -45 30 -4 -32 52 -83 87 -8 -33 -28 -78 35 -44 29 -91 -59 -51 69 -42 -42 -79 -8 -55 71 24 -44 70 29 86 2 -8 13 -88 -8 -98 -95 13 -9 39 -61 13 0 79 -8 -76 15 -60 9 87 -74 -78 21 64 -25 69 -67 97 74 49 -11 52 43 -31 -93 -11 -2 -81 35 70 80 35 -52 34 -28 76 87 45 -35 58 -67 44 -85 -16 -97 9 -93 87 23 -46 -39 -25 12 -20 11 63 -52 53 81 -18 -73 87 94 -17 -12 15 95 -77 -78 21 78 -30 29 28 -16 -66 70 -74 -89 -2 46 -16 4 48 63 75 -14 70 -12 51 -94 2 10 -59 -98 -91 94 22 6 -56 88 98 -16 -43 82 -78 -22 5 -83 -4 5 45 -98 61 90 49 -98 90 77 94 74 -59 29 70 -90 51 69 76 29 65 37 41 -19 3 -62 -51 5 91 36 -53 34 -51 37 -12 -53 3 -67 5 85 -8 89 90 50 -40 -28 -8 -84 -9 60 2 17 -95 -50 30 52 70 92 -12 -97 -86 -6 -48 8 -74 17 94 -58 -27 6 -81 98 23 -10 -79 -45 -43 19 81 -22 -63 31 44 -53 -92 -64 38 85 -78 95 95 80 -23 -17 -7 -46 80 51 15 -30 -53 -50 41 23 -25 -25 -36 -44 -70 15 -96 -23 83 -96 -57 -97 57 80 41 60 -17 -40 -62 -95 85 96 88 49 -87 73 45 -20 -21 32 69 1 49 3 -91 17 18 -31 -3 -12 35 25 80 96 -52 99 56 84 31 58 
28 -64 51 -75 -97 2 0 48 -8 -82 5 16 13 -28 -73 63 25 99 -23 50 -49 16 -53 43 -44 70 53 72 17 -5 -12 -7 -8 64 -96 -48 12 -18 0 -97 -92 54 37 29 -7 -61 -30 -93 28 89 41 61 -69 -4 -87 31 46 28 61 38 99 -40 52 63 32 -87 -52 28 40 86 51 59 92 60 -96 -42 -24 33 19 -22 10 7 -13 30 82 -75 -88 27 4 39 69 -65 -71 6 -93 -70 0 28 36 29 -79 -55 -31 -31 -42 -67 -92 -79 44 -86 58 19 -20 66 74 15 -4 -6 -3 95 66 -36 -10 59 -25 26 40 82 -8 90 32 -71 -96 -86 -85 -86 95 66 33 -68 54 -96 21 -62 -78 -58 -92 38 -88 -74 37 67 -20 -70 79 -57 17 -25 26 -91 16 40 -51 -71 80 79 -4 2 74 -15 78 -32 -87 -11 51 -1 -66 -92 -30 14 -24 -29 48 -66 3 -78 74 74 20 66 -85 -45 -6 14 72 -73 -76 -75 -65 -92 44 73 53 99 -97 83 38 99 27 98 -44 -42 -14 -23 55 -87 42 -73 -75 -26 -77 -84 -99 -1 -42 -54 -93 51 85 -7 -71 65 -67 -20 43 -37 -45 30 18 -34 57 -24 42 43 -17 -15 98 56 -17 -77 -10 -76 -24 -3 -5 -17 56 94 32 56 -3 -41 -10 72 -19 16 86 20 -23 70 -93 19 -6 69 -51 74 -13 -32 94 41 -47 -49 -87 -31 -52 46 -49 -57 11 53 -89 63 2 -41 -55 -45 10 -44 94 31 59 -95 97 42 -80 99 75 19 -1 -41 41 -89 64 -16 78 -82 48 -3 69 74 -70 76 13 -48 23 -75 28 -97 -49 -34 -74 -16 68 -37 -3 -18 93 51 -33 5 -4 -77 15 -65 71 -12 -47 72 -65 -21 -3 75 93 -56 93 -33 -38 50 -42 -65 -84 80 -13 -36 49 8 92 81 22 38 -82 57 70 -50 39 11 -24 60 -53 -35 -23 -82 -74 0 -34 -98 -18 47 32 -72 -73 30 -70 -9 -38 -48 29 -72 -53 -54 -9 37 -37 99 93 64 -52 3 91 25 19 91 -11 65 -73 69 -10 59 55 29 27 75 77 67 -5 -76 -52 22 -53 74 73 74 -67 -46 21 13 46 -50 -78 3 -23 37 71 -25 32 6 -50 -68 -14 -14 -95 42 -13 -58 97 -48 -39 94 53 82 -14 -4 60 64 -43 22 19 43 27 85 -46 63 -28 -19 -47 -98 81 -81 27 -3 86 46 62 -16 -69 -27 85 -49 56 54 -65 -2 -24 36 -88 73 21 7 -99 -67 
41 80 -82 0 61 68 58 56 89 -88 -68 40 5 4 13 -93 -12 -58 87 95 22 -53 58 67 -7 0 41 91 59 68 84 -80 -56 73 30 -73 -58 41 61 -19 54 89 51 -70 -99 -51 -18 32 3 84 92 46 44 -89 -94 17 -42 90 10 -64 -12 93 72 3 -98 -67 55 -84 22 -29 50 -16 -47 -49 -78 31 44 -98 -59 -60 65 -33 -92 92 -45 -50 -98 67 -94 -95 -7 -15 -32 -98 -24 12 -73 -13 -30 6 -41 -7 -78 3 -55 -75 87 71 -48 77 -55 -26 -91 17 79 85 -32 -72 84 70 -84 37 -26 48 69 -92 -80 7 75 96 30 64 -13 34 -78 3 -36 37 -24 -58 54 22 56 -25 48 59 -96 39 5 -94 40 -93 47 75 -47 97 -52 -15 -24 -60 -79 49 -29 -16 -15 88 40 -21 59 -26 23 27 91 10 19 78 -88 44 21 -69 -94 -59 97 19 -61 74 -60 -68 -32 9 27 62 78 -36 -60 90 15 10 14 -46 59 -46 13 77 -79 -88 -76 -19 36 -77 -45 32 16 -48 -67 12 74 78 25 -16 4 46 -98 53 76 18 94 -62 47 -85 58 48 -96 52 77 4 38 58 4 -55 75 40 34 -87 -67 -79 -32 -12 -83 0 -87 44 -17 93 41 -47 23 -77 -57 -26 33 -83 -65 -54 -21 -52 89 78 60 -87 43 -75 -73 67 72 35 -37 90 -95 10 -91 78 -19 0 -61 -55 -97 -32 5 50 69 81 -95 -76 83 23 -16 43 -60 71 -22 -66 33 41 -67 10 94 -40 -6 36 55 -30 5 -51 93 37 84 -11 16 64 24 -34 5 97 -30 -25 -41 88 -69 70 -74 -20 93 39 48 40 -50 65 4 10 90 -74 80 -76 72 40 56 34 83 77 61 -96 -76 35 -41 28 -82 -31 -40 44 74 -40 95 -32 -40 -54 -27 -32 13 29 50 71 31 -76 50 23 -40 -18 -44 -99 -92 -10 64 45 62 16 86 -28 82 -63 -37 -43 52 -97 39 -44 39 -99 -28 29 70 91 27 -11 -25 -74 -82 48 90 -3 88 40 -23 37 61 76 44 63 -42 58 46 36 59 54 78 -48 -35 31 38 75 -44 -73 48 37 -56 -25 -10 -47 43 74 70 35 -98 89 87 -76 -95 -52 -80 62 84 -88 -99 -44 85 -6 83 25 87 -89 -86 -92 46 -76 -13 -16 -46 1 59 93 7 8 -50 -20 -83 -25 19 -48 -13 37 50 -40 -6 -82 -15 -22 90 63 -96 -32 -96 -64 -1 31 -85 -17 -30 -24 -43 68 
-54 27 -72 -84 93 -26 69 -8 -73 18 -82 21 43 -36 25 29 82 50 3 43 96 87 -78 14 -62 73 -27 93 -71 -14 -69 74 -11 99 -58 -38 41 88 42 59 79 -49 52 71 87 14 -2 88 91 -85 95 13 -10 -44 -2 83 90 57 -17 -59 40 -16 0 80 -91 -85 61 7 -83 60 63 62 -8 -31 23 -81 14 43 7 -95 89 42 -10 12 -36 72 65 -93 61 -60 50 -95 -72 2 36 -25 -62 -55 45 -62 -46 -47 -96 -86 91 92 -58 61 -29 -84 98 48 -70 32 49 45 -25 0 68 80 -32 1 26 64 -8 2 -13 75 22 53 -66 5 97 -38 18 -43 -80 3 1 23 13 90 58 51 -85 16 -79 10 -41 28 -98 27 -95 53 -88 -74 81 -59 -51 64 19 -32 -90 -41 -58 8 -61 -39 -7 -25 5 -41 47 89 22 10 -76 50 -7 -30 32 -20 69 -68 -52 -95 -86 -43 88 38 94 -17 -35 -55 -95 38 -74 11 -59 -4 77 -52 36 -82 -44 97 6 -17 -49 -9 4 81 87 -63 -45 77 -49 91 56 -77 21 -24 80 39 -58 37 -7 52 -3 83 -83 89 -16 -9 -75 47 0 26 -32 -77 -99 22 -99 -70 0 -21 21 -90 16 -52 42 83 -4 31 37 -66 -55 -41 64 31 -45 71 -32 -32 35 98 -22 -78 -45 53 15 79 -8 54 -87 -68 89 -19 -56 -34 -46 -67 -81 -69 -22 13 -23 -69 -52 -45 85 -90 -91 13 9 -14 66 0 -15 12 40 15 -3 -68 21 -68 15 -66 53 12 -56 -50 91 -28 -53 -20 43 -77 -74 56 39 -2 -94 44 -56 76 -32 61 -41 83 9 -49 -75 81 46 -79 98 -41 -76 6 -97 74 -10 -5 -69 -13 64 -83 -85 27 -81 -99 -50 58 47 90 -3 27 -14 -59 -91 66 66 2 -15 13 37 -16 45 -32 -91 56 28 -38 58 -7 90 25 -42 48 95 -80 73 15 -8 -34 -82 -66 -20 -42 14 65 86 -70 -19 -76 46 39 -72 86 -69 56 -21 14 67 -66 78 4 34 -1 59 -19 -3 -75 -17 46 56 83 -65 -45 53 -41 85 41 -86 -17 -78 36 46 -21 84 24 1 -84 25 -92 -99 -90 -13 -88 -65 82 78 85 -50 95 57 72 -53 98 61 28 21 -19 -91 -32 -14 -68 73 -43 -98 50 -44 22 15 -99 17 62 -10 -59 -1 -36 -52 47 4 26 56 -53 49 -1 -22 98 74 -6 66 -93 9 42 -51 77 -35 65 -92 67 2 -65 -87 94 -62 -35 
-91 71 -53 40 8 -10 -94 95 4 57 -8 26 -86 98 -40 52 -46 11 -77 89 24 -82 -61 -97 -62 -94 27 43 78 -23 -18 62 75 10 5 -85 92 9 64 84 -77 -66 -3 52 92 -92 54 -33 25 -30 -69 -35 16 79 15 39 -85 -96 -15 61 -58 91 89 -33 -43 -71 94 -12 -39 59 40 11 -76 -55 -12 5 35 68 38 -1 69 -19 -72 -48 -29 -84 92 76 -64 -5 -30 -71 -86 40 13 -78 -69 -74 82 26 18 29 7 57 94 -9 37 39 -26 -85 69 -98 -80 -88 85 31 -16 -20 86 43 82 -89 93 17 -84 24 -80 60 -47 -37 -17 23 -86 1 16 -32 38 -34 -41 6 55 -88 54 -7 57 22 59 78 61 20 -81 -3 76 -24 12 -74 -84 -92 -13 -50 27 1 86 70 77 -14 -68 -86 68 -40 -17 54 -63 -79 -24 21 -60 99 -88 63 55 -23 62 93 -42 -20 -7 82 -73 -51 5 -15 69 -9 32 -46 -82 -74 98 30 79 -7 -51 26 52 64 -34 -40 6 -1 -12 55 63 58 -68 49 75 -94 -16 13 -56 0 -89 -77 -94 -48 4 -46 21 23 -61 -48 76 -51 -21 61 -46 -71 32 85 -60 32 -22 -50 30 -2 92 8 -43 66 77 4 -63 -85 -81 16 77 93 -68 -85 -43 -55 87 2 -22 35 -62 -4 -98 96 -68 28 71 44 52 72 79 58 -16 -52 -22 40 46 -96 57 4 59 16 38 27 22 -88 3 18 59 7 -51 -5 -29 91 3 9 -36 53 43 74 -9 -23 45 35 60 5 92 -70 -57 -6 -95 -24 -29 32 19 21 -35 -20 -49 -30 49 16 -1 98 -29 -90 13 -91 -23 -13 77 89 56 -83 -56 -17 -11 -53 -99 -96 -37 47 52 -63 -26 -60 97 9 61 51 -27 -82 62 -86 50 76 -93 39 -4 31 28 84 -93 -76 -13 -97 35 85 49 34 -21 -9 -82 0 56 -14 66 -26 -68 -14 89 87 -48 -21 -82 -59 72 -11 94 -34 -69 73 -9 31 -88 68 2 44 92 57 -67 94 22 -47 28 -47 -81 20 -71 68 22 12 42 -55 17 -2 46 -95 78 29 -71 69 -91 63 -50 -61 52 80 68 79 -65 9 9 -20 31 76 64 35 -46 64 -83 -82 54 -60 57 -91 11 -50 24 -92 62 49 85 94 -2 25 1 -49 -69 -88 94 -24 93 -22 62 -24 -75 -87 72 4 53 -60 66 -88 -47 86 19 28 87 3 43 82 64 29 -16 -54 -83 44 -13 40 67 43 -59 -70 
79 66 22 -7 -69 -59 45 45 -43 63 27 -62 -40 31 23 47 -20 59 -96 -79 35 16 -9 -42 92 67 30 -58 -41 -48 72 -33 49 38 -37 -25 57 38 -10 -88 48 49 -72 -88 94 14 -21 8 69 -54 88 -53 -28 -16 19 96 -67 -92 -2 82 -54 44 40 -58 70 -13 -94 91 -42 9 -11 -20 91 -30 -91 -88 -45 6 -59 -89 -21 -46 89 45 -81 -99 -76 20 89 -96 -96 -7 -50 -13 4 72 -7 -66 82 -57 -1 -12 -58 -10 29 98 54 44 -13 41 -25 -78 46 35 80 -68 -34 65 -22 -47 64 -9 40 -41 72 46 5 71 -88 -36 8 91 -7 -95 -41 -85 51 -30 65 -85 -54 82 -36 -98 -76 75 45 -50 -20 40 62 77 0 -98 -87 32 -6 83 -39 13 -37 -41 72 -3 -2 86 93 85 -8 -23 -79 -47 -98 86 -70 8 -95 18 -15 -61 -56 -17 6 -56 23 -37 -27 -40 -27 -48 -62 -62 68 -74 80 -55 -15 -81 81 -68 63 -18 9 -45 -29 -58 45 92 1 4 -26 -99 15 -89 -16 -7 -32 98 16 -16 -86 -94 -53 45 59 73 47 -12 -30 -12 71 -21 61 -30 68 12 -86 -70 28 38 -69 38 -31 67 -64 -92 50 33 52 -39 52 45 -98 -10 -55 -35 78 -65 5 69 80 73 22 45 22 -7 -87 -23 3 -2 73 -44 62 51 -60 -33 90 51 -64 -36 3 -69 -95 -90 65 -81 -34 23 -83 -27 -8 32 26 -48 -94 -84 31 96 -94 65 -39 20 -8 -82 -59 -94 66 20 -92 -52 54 -15 61 -79 6 -26 -85 -5 -72 41 75 -17 -2 -52 94 -73 -26 -66 85 -10 19 -12 -50 1 69 28 25 -74 9 81 -66 2 30 -13 48 -98 -64 65 -62 -78 22 2 -95 -47 22 -17 83 -99 24 75 29 -24 40 -46 48 7 74 18 87 33 -24 31 24 77 33 93 -38 43 88 -93 -64 -3 57 -80 -4 67 77 -67 40 -98 -67 78 16 90 -99 -68 48 -99 53 -84 -56 8 50 -87 12 -29 46 -9 47 46 69 46 -46 -19 -14 -97 -76 40 -78 -44 -10 91 -10 40 -84 95 79 54 -82 6 -2 44 -10 97 -2 -68 -20 4 -3 58 -70 -65 94 -67 19 29 38 23 41 -19 -9 -27 -66 -43 95 -43 -93 82 -66 -51 5 -89 45 23 -65 -59 -71 59 -77 30 -39 -93 78 67 61 43 -64 27 60 -19 -56 -5 -62 68 -76 49 97 -79 -50 74 -33 8 -28 -69 -52 -32 -67 -23 -35 92 
9 -34 -42 -91 75 63 -53 14 22 -77 -92 -27 11 51 23 -46 -78 48 56 -81 -84 85 -41 51 -7 -87 -67 -44 -16 -97 -23 -9 61 -78 88 63 -50 68 -62 -18 -92 -7 -16 24 -67 -20 -77 -95 2 -38 -22 32 58 -69 -92 -7 86 97 -22 27 68 -51 -89 -54 -58 -61 -3 72 42 96 -96 -90 67 -89 36 57 -89 8 -76 26 -48 -69 79 -25 72 -49 19 -21 52 56 -64 -82 10 72 61 -25 94 -81 7 -74 6 20 -10 -11 -43 11 92 89 59 23 -8 50 4 22 -75 -46 -97 -47 -21 49 -67 -44 76 -8 80 92 1 -7 -58 94 -9 48 7 -26 -43 -90 11 91 -72 32 72 -22 40 7 -95 -34 -42 6 2 0 -45 75 86 24 -57 47 -70 26 -84 -56 -48 94 -37 89 56 23 43 56 -25 13 58 28 -42 -48 62 21 45 20 -32 -67 74 25 -77 21 -82 -47 -36 -95 55 84 2 68 -27 -58 85 65 -53 29 -35 42 41 30 -48 -15 -99 22 -74 -86 -71 -26 22 27 -67 18 72 -51 71 30 41 -50 -3 9 -61 -33 -35 57 -67 -49 -21 -18 54 -23 -84 62 18 98 -69 -7 -84 -65 39 -55 -64 14 -31 -98 10 83 -88 72 26 -67 -55 3 -51 71 67 54 27 20 -95 -67 52 -1 15 91 80 3 -5 68 -5 -36 -29 -86 1 -84 -44 57 83 -56 -22 -42 -17 97 -69 -67 -2 -89 64 78 98 -93 -83 -2 -18 9 -64 94 42 87 -52 43 -63 -24 -33 -79 -76 -21 -88 67 -80 11 -77 28 52 50 34 -73 -62 -28 55 -62 27 -57 -10 -46 76 71 -78 -91 17 -90 -42 -89 -3 -91 -86 7 -44 85 -99 39 -40 66 45 88 57 94 -86 41 27 -91 -84 34 -96 21 12 42 -16 79 58 38 -66 50 -92 -72 41 -72 -57 5 28 -58 31 10 -76 -18 89 69 -37 94 74 64 -62 68 -98 -33 -34 -69 -85 96 -37 87 -51 -20 65 -75 -75 12 16 -36 35 -54 17 17 -8 -52 77 -71 -86 36 -50 12 66 -20 -43 95 48 -70 -71 23 77 17 -48 -20 -94 -39 31 -91 48 -56 -55 -24 82 -79 -56 -53 -14 -51 31 37 -48 -21 10 -30 84 30 48 -3 -29 48 -79 -54 -78 29 35 -63 88 70 -5 5 31 -34 -65 17 19 20 45 -9 -75 -29 76 -62 21 85 82 -77 -94 -8 55 73 -6 40 83 -24 53 -42 -23 36 35 -72 4 -84 -62 50 32 -97 31 59 -99 -91 
-96 35 -16 86 -85 71 49 50 83 -33 35 -76 -40 -44 38 19 -13 87 20 -19 62 79 -87 -95 -55 99 35 -51 12 53 37 85 58 26 1 36 -59 -83 74 31 84 56 -11 41 83 -94 -50 76 -47 35 84 41 66 69 -76 -70 -57 11 85 94 -28 77 60 7 43 -43 -78 -94 -81 -70 -66 -29 22 20 64 16 99 -3 -69 47 -44 76 -27 -21 -8 -29 -80 -87 -65 75 69 44 29 -63 54 -18 -46 -97 23 35 -20 -54 81 8 -79 17 89 0 -18 65 -29 -11 50 18 32 -13 25 53 -6 69 -99 -16 -46 -67 18 31 -16 -45 -67 66 -78 -64 35 0 -15 39 53 -1 37 -91 -45 77 76 -74 70 62 21 21 68 -87 -13 -18 2 87 -15 55 16 92 -40 93 -30 -17 -81 8 42 54 56 60 -66 51 25 17 19 60 -72 42 25 -57 45 -67 -1 -57 84 -75 -21 -1 87 3 83 45 -97 65 32 -17 -9 -46 71 -66 -12 26 -6 -82 -80 -98 90 38 21 19 40 51 21 68 78 -65 20 -64 -50 -3 -67 -2 56 78 80 32 -66 -77 -4 -34 37 -75 19 -75 -25 -61 61 -38 -73 97 -70 32 18 -20 -53 71 78 71 68 83 -54 17 -63 90 -49 -24 -90 -80 68 -7 3 68 32 45 -67 36 -2 -80 9 -37 2 -12 -90 89 -24 -88 98 79 -53 69 53 62 45 64 -70 -42 -38 52 -51 13 -60 -91 29 -84 0 40 -8 6 95 -76 -2 33 -31 51 -41 23 -25 30 30 61 17 -95 -53 66 -96 0 18 -23 -1 14 -97 30 -99 -18 34 -77 -9 -83 5 -25 15 80 75 -6 -10 -36 22 -33 -78 45 44 13 -4 82 60 -84 90 18 -10 18 -50 36 90 -85 81 57 -74 -65 -94 -53 -6 43 -51 -85 34 32 -57 -5 58 79 -95 -3 52 94 -26 39 -76 62 21 -92 46 -18 77 17 -90 -90 56 -95 91 -41 87 -70 59 13 66 -52 82 94 17 76 37 16 54 -77 50 95 82 -60 76 -14 22 -80 -67 -4 -36 -11 -31 85 -82 90 62 31 -7 -5 45 -91 52 -40 -29 -41 -86 2 9 62 84 -15 -27 32 36 -57 71 -72 -67 35 -61 21 -33 -25 -41 -60 63 45 -83 19 -7 67 -52 -77 -32 -69 -2 -34 47 96 34 -1 17 -53 -93 19 61 -61 7 25 -94 -36 -94 43 22 -1 46 -64 -57 60 -54 15 35 -66 36 6 -76 34 73 -50 12 13 -12 -30 -10 -37 81 65 
93 -54 -73 -84 73 -56 13 79 47 -55 79 98 -86 90 -81 12 -85 -89 -7 74 -60 -25 -13 -91 -20 65 90 79 -13 53 -61 76 -12 -21 -46 -75 -54 -56 -74 -24 -63 -41 -81 -52 -16 19 84 29 70 -23 50 -60 -51 -15 9 -63 -97 -33 -25 -3 -33 33 -63 52 37 -19 -41 81 13 -5 -16 -59 -33 50 35 -33 68 -6 -29 48 -76 41 -84 -24 64 -42 18 89 -22 -42 20 -46 6 -87 -60 -41 -81 91 23 38 76 -11 9 79 57 90 48 67 66 88 -81 15 6 7 -23 -83 -87 53 -90 -12 -17 -60 82 -57 -43 31 29 -13 -46 -19 -26 79 -15 -51 35 -76 -93 -52 -13 -9 54 -92 -51 -97 28 -24 34 -70 -36 24 -77 11 -61 13 34 -80 -80 -74 32 26 43 -23 50 -14 99 93 -93 -29 -5 18 95 -25 85 -80 25 -85 14 -26 -31 7 -65 20 42 -96 -83 4 -43 68 -95 -72 -15 61 1 -58 -92 -99 92 -32 -50 11 -85 94 30 85 63 51 -73 -50 -34 94 -61 -92 55 -15 1 -94 94 -61 -54 5 -96 -36 -59 38 -48 -67 8 -74 -50 51 -32 67 -99 32 58 83 1 98 -89 -62 -66 26 -19 17 66 -72 7 -47 -32 -32 -92 -95 85 91 95 1 -66 -1 30 63 -29 13 -89 -79 -95 82 -5 -39 90 45 -87 -98 -56 -18 14 16 89 -81 85 -58 9 -92 32 -26 68 96 58 -46 -34 -76 -68 76 30 -10 -59 52 53 23 -2 -60 -28 -55 83 94 70 -89 -99 16 -41 22 70 -65 2 -96 49 -19 -22 27 51 -68 -24 83 13 -42 -80 -21 -98 36 -10 32 -92 0 -3 -91 49 -2 -33 -47 -18 -42 -47 -31 77 -46 46 -39 -93 -76 -75 -73 -91 64 74 -17 57 -6 74 -29 44 77 -64 15 -24 23 27 44 51 59 -68 44 80 11 -2 -52 99 -82 -50 18 27 -38 58 35 77 -87 16 -8 60 -29 43 25 -95 76 87 4 -66 -84 -93 -74 76 82 -25 53 95 40 -70 -53 8 -26 -96 5 -18 17 -86 56 -50 -69 68 9 26 -98 86 57 -40 94 26 97 -10 -53 -75 52 -76 41 21 42 -58 -60 -99 82 -42 -98 75 52 20 -24 -63 86 -1 70 10 59 41 26 -90 -85 -97 24 -89 -79 33 -48 82 -14 3 -68 -26 2 10 -99 40 64 45 -94 13 15 3 -49 -51 -45 -93 -22 -65 -33 72 -48 -67 -92 -29 52 8 -39 33 -74 -40 19 7 -17 47 53 38 -60 
-79 69 -19 88 43 13 72 -46 88 -50 39 -4 47 16 28 44 19 8 80 -3 -28 -29 36 25 49 -27 -96 -80 -30 -21 45 42 33 -1 22 -86 -62 29 49 88 -61 92 -28 -36 -2 88 34 34 -52 51 -40 37 28 -37 -97 -29 -43 -67 10 94 -84 91 -8 -49 -23 -45 35 -55 -83 -25 98 -42 59 -70 -41 82 84 60 -42 -54 9 67 -47 47 54 -53 -95 -19 68 42 53 23 -97 33 -12 39 -70 96 -97 -32 44 23 -67 -73 -74 71 68 49 -86 5 15 -97 -63 16 77 -3 -98 60 59 -36 12 -23 40 -83 63 -25 22 -23 52 -84 52 71 95 -56 -58 -13 58 59 47 -11 10 59 -34 -13 46 52 36 -44 4 38 -1 64 65 76 -7 84 -23 81 26 -71 14 99 -77 35 94 36 -68 28 22 95 -78 -75 5 84 -81 46 -35 -71 7 19 -26 10 34 -15 -49 -59 7 -6 -67 -84 15 22 0 -3 33 -64 42 -72 50 35 -37 44 -3 -25 47 76 58 89 99 58 -19 43 -63 35 85 -76 -97 97 -70 78 66 37 13 82 -28 20 47 14 53 -25 59 23 -63 -99 -77 -48 -72 24 -83 20 -31 -15 -36 -15 -71 35 -46 -88 0 -58 84 -66 94 -2 -7 26 71 -90 -22 -60 88 0 66 -99 48 53 -35 -34 -49 -22 -95 -26 4 46 -95 -41 33 62 55 -60 -28 59 73 -84 44 83 70 71 86 2 44 8 19 15 60 -59 -20 22 -2 -45 69 -78 -21 -87 83 45 97 -87 -22 -39 16 93 54 99 -86 78 -78 -30 -25 -6 -15 97 84 81 98 99 -95 45 -7 55 -24 87 12 -37 -91 -37 -70 45 54 -45 -60 -24 -59 90 0 -22 -35 -28 48 2 50 68 -21 57 -55 -16 22 -5 13 78 -70 -2 -64 -40 21 -57 76 -54 -89 -29 -40 -45 -61 76 14 -58 72 -64 69 -28 54 -85 -83 -3 -6 -61 -46 32 69 35 10 1 73 21 56 -1 -81 96 -58 44 42 80 81 79 -94 99 35 23 48 76 -54 -45 85 -25 8 -89 -1 -69 -17 41 28 22 -67 -66 -40 -38 63 -7 38 -12 -87 72 -81 90 32 -73 22 -61 78 -63 15 34 -73 89 -69 -88 -29 -28 80 13 51 56 66 14 29 96 -33 -14 29 -40 -39 -89 7 -61 45 -18 -31 -81 -22 23 -98 -16 41 -28 24 -91 27 -16 64 37 34 33 -9 15 -1 70 -38 68 -83 -15 -95 -53 -22 87 57 -84 43 -68 -69 -87 
44 -93 71 26 -25 48 -6 40 58 -22 25 -74 -34 -37 -21 89 -47 -90 -61 -5 81 52 -13 95 28 4 42 -30 -91 -89 -33 56 -62 -62 -31 21 41 18 73 8 -51 -55 -61 -47 33 -91 4 -59 -98 -86 -20 46 -89 -62 -82 -21 -38 -59 -50 31 19 -45 72 -69 86 0 54 89 -19 97 -22 98 74 -3 -33 -4 -32 -99 1 64 -5 61 -14 26 30 56 20 64 -58 -25 -16 57 64 28 57 10 99 -98 66 -20 41 -99 -30 28 -79 -26 85 -38 17 -98 -13 50 31 59 1 31 49 87 -39 -17 -88 -21 26 -94 -19 22 73 -2 96 46 24 6 56 35 -12 -58 19 47 -51 54 5 69 -80 -82 -79 76 -51 -78 87 36 -46 -7 -7 22 -30 58 -50 -40 -43 -36 43 -30 89 40 35 -26 -79 79 82 -82 25 -30 3 24 38 45 20 13 -31 -14 45 -28 -41 -15 -47 35 -10 -38 64 -72 84 66 20 1 -26 -11 99 -85 -68 45 66 14 -73 -28 -5 -84 -69 -86 64 -37 8 -57 65 -40 79 -59 69 -55 -62 91 65 3 -84 -99 84 0 66 -83 16 -77 67 -61 40 -40 13 16 -57 87 -6 27 -99 16 29 73 7 -73 -31 9 -62 -58 78 -46 5 65 -79 19 73 -44 -98 -14 -67 -12 -82 84 -13 44 -79 21 -10 -51 37 54 88 -7 6 20 39 -70 -44 33 -71 75 24 -52 -19 51 -16 73 3 -83 27 -13 -23 33 19 -22 67 15 33 69 -77 35 -49 -38 -98 -90 -6 -10 45 -45 -83 17 58 -71 63 -95 -62 30 -1 -59 3 -2 68 9 -15 -91 -80 -63 21 86 -50 -60 -91 80 -29 8 -76 -91 -75 -49 20 49 73 -71 -75 -55 -33 14 64 66 -56 -69 -19 -24 65 99 44 -74 48 43 36 -2 77 -29 93 13 11 -48 54 -2 76 33 -62 59 60 33 -29 96 -19 34 -3 83 -63 -86 91 87 70 72 -50 -72 -87 9 9 23 36 65 -64 89 -2 -25 -31 -84 74 64 17 22 -10 -45 -51 -47 -98 13 84 -59 -88 -75 -1 -98 79 -99 -54 -47 32 42 -48 -40 61 90 -59 97 73 96 56 -9 22 -34 -74 41 57 82 -71 -56 2 31 -80 -46 81 -42 84 -20 36 -11 -13 34 6 -22 55 4 0 72 -9 86 -80 90 -46 -45 -31 24 42 83 65 35 -44 -36 34 -2 75 -95 -62 -94 38 83 29 -30 -58 1 45 17 88 14 -25 67 16 -99 -96 96 7 -70 -24 -48 
55 -93 32 -74 57 35 96 -15 38 -98 51 22 -2 -33 28 38 57 -54 39 -14 66 43 61 95 58 49 1 19 -57 34 -15 93 -96 3 -12 96 36 -23 -98 25 -60 51 72 -9 79 -20 12 21 -41 22 26 -56 -16 9 72 5 -61 -32 68 -78 -65 50 17 20 -97 -77 -89 54 11 3 36 -83 23 54 -4 -75 -88 70 -91 -98 52 -18 55 43 -52 -43 -26 74 56 -45 42 30 1 25 37 -65 79 -50 -81 -2 -56 57 -27 16 -20 -57 96 -35 -30 47 -77 33 56 36 53 65 -88 -6 7 -56 59 -92 2 -63 72 -69 25 2 -90 27 83 27 -21 -54 -75 -20 -57 74 64 83 -25 -84 -61 -75 1 -70 28 -43 6 92 93 15 38 -83 42 58 -73 -63 -96 -53 -21 -38 82 0 -30 -63 -13 -41 29 -61 -3 -54 91 -57 -78 53 -38 -69 -1 24 77 85 33 -12 -69 67 3 43 -15 75 11 -7 54 22 74 -62 18 29 -2 65 -1 -44 73 -84 -1 58 49 -78 -4 -26 -68 70 -52 0 -94 55 53 43 69 37 49 -91 -37 -9 -53 -60 34 -41 -63 -51 -53 42 -9 69 19 -83 90 -10 -25 -5 3 57 5 -5 21 -3 3 -25 -30 56 -95 10 34 -6 -12 -44 47 -90 78 10 51 85 29 -7 59 25 -94 -29 -65 57 -33 -30 -3 -29 -57 -73 11 -39 97 66 88 -85 -79 -34 -99 -51 -73 -69 58 -12 68 -64 66 -43 -10 52 -32 -39 16 -5 -51 45 41 -28 -28 35 -52 22 80 44 -28 -56 -69 20 6 2 -13 -77 -99 -78 -3 27 16 -61 0 79 52 -82 59 -55 -22 -65 -71 67 -43 19 98 -97 34 1 -30 -76 24 52 -70 40 -2 -19 11 62 -25 -37 -75 8 75 55 -84 -39 53 47 59 -25 -98 97 -19 -99 85 29 62 18 33 78 63 76 -72 -67 -36 -31 9 56 6 39 -38 -14 16 -90 13 82 -12 -90 -93 -5 -65 -24 -92 -43 -72 -19 12 80 -6 23 49 -98 -71 -28 -28 -47 -40 -1 -32 15 46 -9 -47 -48 89 38 -54 45 40 93 7 -54 35 -61 -5 77 -32 78 1 81 68 90 -63 76 -91 -58 -10 -21 -45 -18 -55 5 -11 48 -82 -86 79 28 63 -1 71 9 29 46 87 -20 42 -11 80 -46 -71 -98 42 53 27 -27 -72 -15 -38 -94 32 35 -39 -63 3 8 -93 26 -37 45 38 -38 -71 -48 -76 5 -69 -52 76 50 23 -31 18 -25 49 74 0 -77 
88 90 78 -10 -12 3 -86 -51 -32 -9 -20 -66 31 51 -44 -18 37 -58 -76 92 -82 84 0 -85 -65 77 36 -37 -62 45 77 22 -60 -20 -53 -83 -2 -73 -20 -55 78 53 13 49 21 2 -88 -66 70 -65 72 -54 -19 -37 64 -66 -70 96 31 23 -67 -12 -36 61 8 -30 -84 1 -50 43 -51 56 -93 -91 93 -57 -85 -18 -50 -10 -55 75 93 90 -37 18 -69 -47 -96 -92 63 76 -92 -81 -92 59 3 -28 15 55 -24 52 89 -24 71 68 -13 -49 -60 74 -76 -49 -43 -92 -10 88 21 -54 7 -87 -67 -16 71 -61 -87 -82 -29 -66 75 -37 87 -14 -9 47 16 27 -31 -26 5 -95 39 90 35 -18 48 -94 -89 -6 90 40 -84 51 -64 -66 -60 56 -22 -7 93 -39 25 -23 -79 61 -48 -79 -44 95 44 -73 -61 62 66 -31 -35 8 -58 -63 15 -43 -47 56 88 -97 14 89 32 -31 -20 82 28 -17 -38 -84 -84 -18 -3 -40 82 -37 -80 -40 -7 -18 -16 -89 5 51 3 66 77 90 34 13 -93 30 45 -17 -74 48 42 54 74 67 44 -57 83 -60 42 -87 47 39 -3 34 49 -87 -60 -82 -72 -38 48 -46 -49 -62 77 -10 26 -43 22 70 76 93 -2 -97 77 -16 74 -53 -15 93 -80 -8 47 97 -76 -92 3 -62 57 48 -17 -45 0 -78 32 3 65 -68 -81 -94 -20 75 -48 0 -72 88 27 57 -33 83 -9 28 -98 -62 -38 6 -74 66 28 -35 -93 27 35 73 98 24 67 -46 30 -92 0 -75 69 -84 -33 25 -41 -69 60 -87 83 -96 85 94 -22 87 11 -2 -55 -9 -20 68 -97 39 95 -78 28 -93 12 -47 -83 -11 -98 28 20 -95 79 -9 -71 15 -8 70 -34 18 -2 66 -20 -91 32 65 29 94 -77 -51 41 -1 -19 67 -16 -54 -98 -74 -20 -94 -70 -9 -60 -50 -3 -55 -78 -79 -15 79 64 -32 3 20 -10 59 73 32 79 50 -63 71 97 -49 -69 -24 -58 49 -14 93 -75 -18 -61 83 -85 24 -95 -32 -64 88 77 -16 -54 -41 -10 -9 63 66 59 17 -29 -72 45 -4 24 68 -10 71 57 -81 59 -25 -37 74 63 -61 12 95 65 98 81 23 -75 -8 22 -11 58 -89 -26 -83 65 -98 -40 -74 19 44 19 -12 83 75 65 51 -72 -84 23 36 -19 21 10 61 23 76 -21 -41 57 73 81 -11 55 -59 -63 59 -23 62 -51 38 -25 -32 61 6 17 74 12 73 75 -42 
12 -21 -82 86 67 -55 -1 -66 31 -8 -44 27 28 15 -93 4 81 -61 23 -28 17 -9 39 81 -90 19 -57 48 54 9 4 -93 -50 80 43 58 -78 -96 30 -69 18 14 41 14 -56 -10 -52 -79 -82 -3 -18 0 27 -31 88 -5 99 48 -43 72 0 76 22 -5 98 -87 -58 -49 21 20 28 29 -35 -85 -48 26 24 -38 -67 72 -1 4 -89 12 82 20 9 14 79 47 -98 -14 -35 90 55 -46 37 -23 75 13 62 -90 -12 12 77 -91 -63 16 -27 -89 22 3 -8 -76 76 -33 69 57 -99 7 -54 -35 99 55 -86 -7 -29 74 -78 -30 53 -16 -79 -87 -85 98 74 75 -77 99 79 11 -74 -46 76 -12 -37 -11 -14 53 8 6 -27 10 -49 -20 -14 58 -82 -54 -45 -15 -38 35 -19 -31 25 64 -14 91 -15 21 -58 33 97 -8 -55 85 -6 95 75 45 -78 -64 80 56 3 18 -27 -45 -77 -82 51 -22 -99 -97 -54 -54 85 -78 -44 95 8 22 4 -55 71 -48 2 -96 11 69 26 -69 -85 -47 -33 -26 15 -9 41 -54 94 37 -29 -33 51 11 91 -94 -62 -96 -96 19 -40 -94 89 40 -5 -41 95 58 65 53 -92 -61 -67 42 44 28 91 17 -64 27 83 -19 55 32 2 23 -55 42 38 -55 66 -73 -50 36 1 -55 25 -94 57 -38 -44 88 99 -41 7 84 37 -55 -48 44 -82 52 23 -15 88 50 92 89 -58 10 55 7 -9 -58 -96 10 -12 13 -65 -24 28 87 -41 -90 97 -55 -89 -10 49 -18 58 46 91 75 -10 -15 -31 93 5 63 32 -7 -65 16 68 55 24 -81 77 -73 -26 53 -3 -93 -36 14 -94 46 -35 97 94 57 86 -35 7 9 8 -57 -25 -37 -30 89 79 -27 38 57 -60 -86 58 -53 10 -99 -62 48 61 84 73 -4 -24 72 35 -24 -30 -45 -73 -35 61 32 -21 -82 94 -76 27 -58 -10 56 -63 -19 -45 -33 -30 -23 -94 7 37 -99 -96 82 -65 -54 -60 -35 -66 89 49 49 -55 -21 31 -84 20 64 -35 -33 32 26 51 -49 -50 65 -88 -78 65 -77 -5 -82 25 47 -19 93 8 48 -59 60 -48 64 19 -85 54 -34 69 95 56 -32 -66 15 -81 42 64 -45 74 19 52 16 -3 -78 25 99 3 -48 -2 -31 -98 -82 -98 89 -73 23 78 -12 -83 -21 45 2 95 40 -6 -12 97 -15 73 -99 52 -21 -1 17 -35 14 -83 14 -50 44 -28 -41 98 -1 
-76 -18 -26 -16 5 99 1 -94 -62 -69 90 57 -12 65 -71 15 36 78 41 44 21 -45 45 62 -25 53 -8 -21 -36 42 30 98 21 61 21 -5 91 77 -73 -8 40 36 71 -42 -2 89 -19 -16 -41 45 75 78 96 -79 -69 29 13 71 66 -23 -48 -74 8 -82 54 -87 11 65 72 -56 -77 -20 -43 -63 19 -26 25 33 39 -89 88 -48 1 37 54 2 58 -27 28 50 58 -46 20 -86 87 -78 -70 51 -36 34 -68 53 -99 42 -62 -85 -13 -95 -21 -1 32 -93 -12 77 13 -24 -36 17 -58 -87 -74 -29 62 52 39 -94 -61 70 -68 -76 -22 -29 -36 86 -87 -21 13 -86 -21 -27 81 82 35 47 -66 98 -17 43 -54 -22 -91 30 57 -60 -78 46 52 -71 40 87 -9 -97 99 -93 -24 52 96 88 -73 71 11 -31 4 43 -64 -96 -90 86 -70 85 94 -39 35 70 -43 -4 23 7 86 74 -45 -9 18 24 52 32 -43 93 -4 30 65 -76 -24 -90 -7 -29 32 9 19 -25 15 -90 88 35 -61 76 -65 -96 -30 96 -55 -36 54 30 -30 54 41 -27 -64 11 -29 91 -70 69 47 -26 10 17 -27 59 5 94 18 20 -18 69 54 49 -51 93 -28 -87 -54 78 -75 14 -86 -46 -52 45 60 70 -72 58 68 -31 -55 37 -7 -71 14 46 60 38 -7 83 10 60 -42 -46 -66 57 -76 75 -82 31 -37 -82 31 14 67 -69 -13 -2 50 76 71 9 67 -61 -70 -17 93 -9 87 -73 9 60 -14 -2 -93 -13 -60 80 61 41 -64 -38 -86 -58 14 53 -26 -61 20 -81 69 -78 44 45 25 79 -82 -83 95 76 37 13 -53 75 37 72 -95 38 -7 -18 -31 22 -13 8 -1 -82 70 87 -77 9 -27 83 -74 68 -61 -11 41 87 33 66 -84 49 -28 -59 31 84 1 66 -98 95 35 -28 -22 -2 40 -30 -78 -27 -14 62 45 -90 44 74 -90 -51 17 -47 86 23 1 96 61 83 -1 87 -97 -64 29 24 -10 40 52 -73 95 -92 -93 -92 -71 -70 -12 -17 20 -94 71 70 54 26 55 -91 7 41 56 -68 -13 51 5 -41 -54 -25 -14 -9 11 -83 -57 -83 76 53 -87 78 15 -91 -43 -12 -60 -43 -57 -24 8 -71 -57 24 -68 58 80 93 -40 53 -8 54 -41 -91 -86 3 86 0 -16 -59 88 -97 -39 5 -14 55 81 7 40 -82 -75 27 29 -23 -55 -69 -66 20 66 -30 -8 16 3 72 -49 76 
-31 -39 13 -7 33 -70 44 80 69 1 -73 16 -6 -29 -29 74 -6 -76 -11 56 42 -77 99 -96 -78 72 42 34 64 -29 -57 -24 -49 -39 3 -38 -6 -61 68 46 35 -88 3 63 45 -66 -7 7 -90 -42 -93 -54 -6 -44 -6 47 -2 -88 80 -40 -21 37 39 69 -25 -39 14 1 80 -42 -98 84 97 -20 -9 97 -38 -49 48 -7 74 -45 11 -11 -60 49 -73 17 -38 -8 23 11 -3 91 -48 49 67 -83 81 -99 -44 37 24 -90 80 -91 80 51 -86 -63 -42 70 -63 -67 13 -41 -5 -50 22 -56 -78 84 67 34 80 78 -59 -99 33 -22 -12 80 -75 87 -65 -65 -17 61 -60 86 -11 69 86 42 -73 -94 32 55 -75 2 -50 -81 -31 -51 87 36 -29 75 13 41 -77 91 61 -9 74 17 -58 -67 -17 3 -83 56 -83 56 14 -61 -16 -48 4 -91 69 77 -75 -69 -28 80 -95 54 -78 -47 51 50 -98 64 44 -89 3 63 99 38 41 89 40 49 -58 0 -69 86 28 12 -57 44 85 -22 -92 -69 -88 -32 83 90 33 45 -44 -65 45 -97 20 11 22 -7 -57 18 94 8 13 45 85 65 -92 -25 25 87 7 -47 5 36 71 31 15 -36 72 40 -81 -50 -33 65 75 -59 -42 -35 -44 36 -51 -67 -7 -25 90 -12 -50 81 -40 -78 55 -23 -97 -49 -22 -88 3 -26 24 -53 -71 94 -33 58 75 40 -40 -28 32 3 72 82 12 72 33 2 -64 -16 49 5 -83 -58 -26 8 -54 52 60 59 33 65 -77 -72 56 75 -50 -40 82 23 47 -9 35 -14 -44 -45 -30 -43 89 -37 91 -97 -55 -76 18 11 19 -30 67 33 91 -66 -93 37 9 44 -61 97 17 39 1 72 -71 -82 36 73 -34 0 -60 67 -50 61 49 -91 -25 -83 53 3 -61 49 -56 98 -43 -87 -21 55 94 99 6 -24 97 8 -7 -59 -89 -63 52 -16 -91 -34 -82 47 49 30 -23 61 57 63 -47 84 62 27 -69 -50 -82 42 -45 43 -99 -43 97 -48 99 44 29 11 11 93 43 1 -27 -6 -88 -94 65 -2 -11 51 25 -94 -4 54 29 -52 61 50 16 -39 -52 22 -67 9 -64 -38 -24 -83 -38 -38 92 97 -83 -32 -78 86 11 11 -10 23 11 -2 20 -23 -58 6 -5 52 49 27 -57 -96 -47 44 69 -23 54 -94 -5 -70 -12 -31 -67 -16 -7 93 33 -87 -18 -38 62 24 53 -19 97 12 92 -72 90 40 88 68 
95 -31 -90 55 -27 -85 64 48 -66 -23 -83 -98 -47 -76 -62 79 32 -1 71 -81 98 -15 -3 -87 28 4 98 -95 -39 13 -17 -8 57 -83 -29 -35 -51 -65 -75 -55 17 20 -94 59 22 11 27 -7 -46 72 70 6 94 16 75 -68 91 77 20 -82 31 -70 17 -23 -15 -97 35 42 -49 79 7 -80 -83 -54 54 -94 -80 -62 -45 -6 14 -15 -14 -24 -41 93 -2 7 -52 85 -67 -89 -29 14 21 35 -49 79 13 -10 42 -10 26 54 81 -28 11 63 -61 -74 -45 75 -60 -79 32 76 46 52 -45 -64 -96 -57 -9 55 -38 84 -29 -64 -61 -72 28 71 -66 98 46 -6 -60 -87 36 -79 84 -8 -56 56 -94 -74 41 52 89 60 -51 15 -25 -39 26 -46 -99 -43 -77 82 -20 -75 16 45 -18 -96 75 -51 34 43 68 93 -58 -51 -83 51 64 -26 -79 -55 -64 78 -7 30 30 -86 -48 37 60 42 -57 -29 80 76 -74 32 -76 31 -66 89 84 35 59 93 -58 -62 79 6 80 37 -74 22 76 -4 48 3 -90 37 89 31 27 79 -87 60 -35 -82 51 49 72 -95 54 15 57 -43 -94 62 26 98 53 28 66 14 -10 -17 -84 36 21 -85 -29 97 -86 26 -32 -62 -10 40 66 -21 33 10 -11 7 -50 -45 32 4 -16 37 51 29 69 54 -22 1 59 88 -95 13 29 40 14 -12 36 6 94 82 -52 95 -68 -77 -11 -75 14 19 13 -31 -1 -30 83 84 -15 -6 -26 -84 -47 -43 -40 95 3 72 72 -45 -44 1 22 52 63 -92 37 -95 19 3 51 -37 -67 19 -20 9 -4 43 73 32 -92 -14 89 -58 -96 -33 -70 56 24 88 26 -73 20 87 43 74 46 70 -78 -21 -33 6 32 -73 -90 -55 2 -5 -28 7 -33 5 12 -75 -48 23 -6 -17 85 -79 -48 64 -19 -13 15 65 89 12 57 22 -57 55 -74 45 87 44 89 62 -27 70 -9 -25 56 24 70 -7 46 13 31 15 -43 -67 88 67 38 -5 59 10 -42 33 25 -55 57 -96 27 33 52 -24 -6 39 70 77 -41 57 -85 72 99 -27 64 -74 -67 74 -47 31 -87 90 46 -89 -18 -70 61 -64 -75 16 32 -81 -87 7 42 75 -73 66 -54 -46 -36 24 61 27 -34 -28 -85 74 -2 -36 -39 -13 82 -74 65 49 61 -38 -42 79 -91 76 -20 61 -64 68 53 61 36 -1 67 67 6 -88 92 -2 43 27 -16 66 38 82 -50 -3 
-96 28 34 27 86 36 18 53 43 -39 27 53 99 -83 -43 79 47 22 -85 12 -69 14 -48 -78 87 -93 4 5 -88 25 97 -42 58 44 -27 21 24 16 -43 9 -27 -33 -85 -21 -18 45 -95 -95 3 -82 -89 15 -38 -40 60 -36 33 -93 52 21 -80 52 -3 -75 76 -45 -22 -30 -42 91 -30 -6 56 -75 57 18 77 9 -2 75 -80 -72 28 -71 -95 36 55 -80 62 -82 88 -55 77 16 -80 -82 67 65 94 -88 13 48 -68 -47 29 -78 -48 -18 -11 94 78 -39 -3 25 -84 -29 74 -7 -84 80 66 -37 -54 32 -20 -98 -51 -81 -82 81 45 41 -37 1 63 -11 7 43 43 -27 35 -84 -61 87 -54 43 -96 54 33 45 -98 -98 -15 -75 -58 -96 68 19 -86 4 -39 -99 -36 -12 25 -70 -3 -94 -47 -26 -82 -71 -22 16 -21 18 54 79 66 53 -77 2 85 -69 1 83 -62 75 27 12 57 -51 -22 -47 -67 8 64 73 -22 67 73 -78 -89 11 94 -64 15 4 -7 28 -43 -60 -69 -66 -48 -52 13 -86 73 90 -10 -17 -98 23 59 -71 -20 -81 58 2 63 66 88 27 -31 78 -94 8 7 -69 9 -88 77 46 23 42 66 27 98 21 36 59 0 -35 45 -77 75 48 76 -30 27 15 -75 -74 -36 93 -81 88 46 32 -2 -22 -2 79 -61 -63 -54 -75 -63 5 -89 -62 -9 -84 15 55 36 -88 -55 60 76 38 -24 72 -23 -36 -87 -81 65 25 61 2 -96 -45 -36 13 -66 67 -43 -93 86 81 84 -5 -84 93 38 -56 98 77 96 44 -91 95 16 -66 -83 -6 -10 30 58 -32 -55 -27 57 32 -39 -10 -68 -72 -41 -25 -83 85 34 -83 -64 -79 -17 -81 5 74 71 73 -14 78 -90 81 49 61 -31 84 -36 -40 -64 -3 70 11 87 81 -49 99 -31 -18 -25 8 85 91 -80 86 79 -71 -61 -16 -74 -48 62 -47 -5 67 31 -96 62 -65 -78 6 -85 -78 32 -12 -48 -45 85 63 50 41 88 -63 11 36 -51 -20 1 54 -38 51 25 12 41 -91 -10 36 60 88 0 27 88 75 -52 58 -88 -45 79 9 -87 -6 -23 -5 28 -13 96 -4 -14 -51 -68 36 85 -51 48 -84 36 40 -72 59 -51 15 -44 74 31 96 -56 -88 91 -66 -28 36 17 -36 -98 14 -86 -95 -63 15 5 38 39 12 -5 -86 -78 -12 -24 -4 82 9 55 -23 -49 -18 -68 -36 -9 -82 98 -92 44 25 1 69 
92 68 -58 -2 -90 63 -8 55 -66 48 59 9 82 -52 64 -6 -88 81 82 94 -84 54 47 65 -44 41 73 -42 90 92 75 43 61 51 54 69 -96 -25 -53 36 72 7 57 -2 81 -21 56 -58 -16 -59 13 -79 -37 -13 50 -48 85 -91 -98 58 82 88 -1 -24 98 -75 76 20 53 -22 79 -19 25 80 48 -63 47 -8 -85 -20 46 -25 42 36 -82 -57 26 70 6 -57 80 15 40 -78 -56 -79 75 -90 40 -21 5 33 -52 -16 6 -12 36 44 -44 -37 81 -55 -41 -94 45 -15 -18 76 5 97 -79 -38 -76 -72 29 31 91 96 -91 23 -71 -31 -80 93 54 36 77 -86 39 -96 27 59 -50 -32 27 -86 -25 71 72 -57 -39 71 -50 -86 -48 60 -41 -83 -28 81 26 11 0 -22 67 -23 49 24 78 36 19 57 -4 -16 -14 74 70 -22 -68 -35 83 22 84 -73 -79 75 -31 -29 -13 -56 -7 83 36 -48 -72 22 35 95 -7 -3 30 -3 19 79 -25 -37 -60 -10 -46 -62 27 -36 90 -9 42 27 -22 -80 -76 -85 -19 71 -91 -59 60 -84 63 -52 -15 -74 26 -34 64 34 26 -92 54 -46 36 -69 -81 96 -82 59 -55 57 48 -34 -26 -83 43 42 -10 -77 87 -80 -69 36 36 27 60 4 -30 -29 24 47 -91 -28 41 -23 -84 80 -77 20 75 -59 13 -43 -5 97 11 61 99 68 -92 48 39 -16 -73 45 23 -33 -82 -67 -12 -49 1 64 78 2 -17 49 -37 -18 -34 69 -18 -70 -25 87 54 7 36 -51 -53 65 74 61 90 -76 -94 -66 -52 98 57 -94 -8 2 -3 44 95 -48 -22 -84 -89 8 -36 2 0 -31 86 43 -56 -25 41 -31 -16 73 8 -92 -88 94 38 23 -55 50 25 -16 -26 54 -5 75 -69 10 -99 -17 34 27 -56 -95 36 39 -80 14 -7 43 -3 -94 -46 26 -59 -10 -80 12 8 98 27 -53 83 19 3 65 -44 -94 -34 -76 -61 -77 91 -62 -22 57 13 77 21 -14 79 -49 -77 74 14 -46 16 -23 -57 90 10 -59 -45 9 69 64 27 -46 19 -51 67 4 -9 66 -83 68 51 6 -72 -15 -13 -58 90 -67 13 52 1 -85 -42 -66 24 37 86 57 -32 87 0 31 8 -64 -94 -54 -90 -7 -60 75 25 -93 -7 -41 -7 27 57 -77 -72 -81 44 -56 -39 -69 69 -14 -50 -77 56 -46 -83 -8 -58 94 -78 -9 45 -99 45 -10 -92 8 9 -27 16 50 -33 31 
54 -96 -96 -65 -27 -14 89 -81 29 -11 53 -19 54 65 66 99 68 -39 84 -9 -14 78 -23 63 1 52 77 81 42 14 -47 51 -25 -12 13 37 64 75 60 91 33 -6 80 8 58 -45 26 79 3 -5 31 -92 -18 77 17 38 35 -11 -20 -58 -94 -90 67 -93 -2 5 -8 -24 32 -93 92 -41 -12 -85 57 28 -40 47 84 97 13 -39 39 6 70 -45 24 41 -60 64 81 -39 -45 -70 -95 44 82 51 -7 -1 35 -31 18 -8 46 -70 -47 -36 -36 -34 78 -51 13 -49 65 -86 -67 -36 3 22 91 -81 -40 41 -84 59 6 74 -36 -52 -87 -85 80 79 -53 24 -62 75 86 97 -82 60 -80 -8 -38 51 13 22 97 22 37 30 -90 -77 -63 48 -37 -53 -7 -97 90 -84 -7 96 83 54 -64 53 -26 -79 -16 8 -14 11 68 15 66 14 -68 -48 71 -25 -42 -56 -5 42 16 73 -87 -95 97 -68 92 -32 -43 -56 74 -30 -78 -96 -22 29 -77 -95 -25 93 -68 -34 43 -14 82 83 7 -69 -62 3 -7 -28 77 -24 96 -94 -35 -8 -23 -82 4 21 62 32 -80 -36 20 -39 -12 -41 73 47 -8 24 56 -93 6 -37 -97 -8 34 10 -69 3 15 -94 91 -80 -80 75 -4 36 82 -12 -30 -89 23 -15 13 72 -50 -31 -20 5 17 -68 48 -18 54 -35 4 59 -86 64 78 -43 2 45 -79 46 -34 72 -83 -6 18 -67 -37 -66 5 79 51 46 -16 97 -92 31 -20 56 -58 79 60 91 -66 29 -12 26 85 47 90 71 52 45 51 -31 16 -12 -19 41 55 97 -13 -11 76 32 83 6 -21 -15 4 1 38 -6 -64 -91 -38 -73 -50 -14 -18 21 -56 -42 67 8 -60 -24 21 80 25 58 -27 58 -35 20 5 37 52 45 -98 -79 25 59 17 -14 -61 12 70 -29 -29 63 -24 19 -93 -95 -8 21 4 -59 98 -7 78 -38 20 -1 -49 -28 3 3 41 1 -45 89 -11 -44 -60 -92 -62 -42 -46 -20 -31 -60 -77 -89 3 78 -34 -33 -99 66 66 -87 -49 22 82 -96 33 75 -51 -71 77 -49 70 6 57 -22 -90 78 14 0 18 -34 72 58 55 28 -67 7 -93 -11 25 55 -81 20 -2 75 -44 80 51 -79 30 13 4 70 -45 -23 1 -91 12 76 -1 88 -15 1 -43 28 -14 -31 78 -88 47 94 -8 -28 29 -39 -12 50 -52 35 -83 -1 -50 48 76 31 28 -23 72 26 44 11 -70 -1 
84 -40 -88 85 -25 -12 -32 -21 -70 87 92 -90 86 -27 32 41 -52 -61 -41 92 57 90 -41 0 91 37 -64 -28 50 -14 -5 75 -72 -93 -97 26 -76 -60 71 89 76 98 29 -76 21 93 58 36 24 86 -15 80 11 57 -3 -28 56 57 -67 -50 -16 -98 -75 84 -94 -29 -90 80 51 -58 10 20 -76 -75 -15 99 78 21 -62 -14 88 -93 13 6 -79 62 18 -27 80 60 21 -73 47 -12 0 -39 55 77 -76 37 21 -30 14 -87 18 87 22 -49 -49 -18 88 5 -98 -45 -58 74 -64 -50 57 56 35 -62 -99 -36 21 -62 -24 -67 57 80 19 -17 6 67 60 0 20 41 81 21 40 0 8 -32 67 49 -51 -15 55 90 -99 39 -31 38 19 86 -3 -28 -43 56 -26 29 77 -99 29 2 -60 82 35 99 -17 -50 -4 -38 71 -85 36 5 90 2 56 53 74 -32 -20 -24 -95 -52 47 39 -76 -49 -22 -30 -71 65 90 9 52 -15 -50 -24 27 -61 -20 13 66 -87 38 32 -29 84 95 -64 54 -82 6 92 -39 96 91 20 6 67 -44 76 82 -80 34 -18 -53 -34 -39 43 -74 19 0 -32 -5 58 -50 70 -64 84 -90 96 62 59 -30 -6 7 -86 -41 -10 -56 83 39 54 59 64 87 -54 -82 -24 45 70 2 49 -25 -36 70 12 25 55 82 -43 12 26 64 -8 -29 14 7 71 59 21 22 39 73 69 -7 0 -79 -14 -63 -3 25 -42 61 -14 -60 -62 -80 -70 -34 -83 -17 12 97 8 -27 -54 88 83 3 -58 -19 -21 75 71 -51 -49 96 -81 -15 -13 57 -27 -31 -68 -15 81 -31 87 -20 60 50 -85 -45 -6 38 56 45 -87 -21 60 -14 -10 25 -6 14 14 0 -11 -4 46 41 93 -58 -56 57 18 -64 15 57 7 -31 -47 6 41 65 5 20 -19 21 46 81 67 23 47 74 -76 95 -75 77 73 62 33 32 -87 -63 -22 -15 -99 20 33 -94 86 -48 -84 71 78 -8 -86 10 -79 48 -3 11 -44 -5 -99 -81 -42 -11 98 -58 84 79 96 79 -84 -70 -93 24 -70 93 -62 -2 -88 69 87 -72 9 -42 18 15 10 -43 44 -36 -96 -6 -93 -2 78 44 53 65 -29 44 80 82 -33 23 -75 -41 -83 87 99 -5 64 76 -96 -92 77 -69 -91 27 -20 -78 30 -85 21 60 48 -69 -67 89 71 -96 -61 -36 -9 -78 62 65 -13 88 1 -52 -85 4 55 76 27 -81 -79 94 72 
-51 90 64 -42 -50 -51 -21 3 -19 95 97 -68 20 58 60 -68 -78 -74 -84 -53 88 -13 32 -55 -20 -75 -18 84 -82 -24 42 -37 61 -3 49 60 -63 -16 80 13 57 71 -78 -92 25 -2 35 99 52 12 48 84 15 71 -88 44 -13 40 -82 62 37 7 -86 58 25 83 91 -64 -79 92 41 82 48 -39 94 -31 -88 -47 1 -76 66 -97 -52 -88 -29 -15 -32 99 5 -97 89 -85 -76 41 -71 1 -54 64 -51 8 -74 99 83 -90 89 60 -38 -18 -20 -86 16 -6 91 43 -21 35 -31 -18 62 -44 -77 -63 -18 -46 -63 -99 -80 -5 -90 -84 -76 -68 23 92 -91 -43 27 -72 12 40 -19 1 19 -4 36 7 51 88 3 -82 4 25 78 -32 -41 -77 80 4 62 76 -84 -56 0 -77 -4 24 -36 -84 21 51 84 70 -93 -67 -41 46 55 99 -43 -62 -86 -93 79 -54 54 80 -5 60 -58 -34 -50 -28 7 49 -25 -38 73 -93 -24 -26 -55 48 -42 90 66 19 -66 21 16 -48 29 9 -16 -73 55 53 -54 -43 -52 33 79 -70 -85 44 -59 63 -77 -11 -5 82 84 -53 -85 -68 96 16 -55 37 -82 -39 97 -74 16 -40 13 18 -90 -22 -40 74 -50 6 -93 -31 40 12 -16 78 64 -24 17 -43 -93 -53 94 -23 40 -73 7 23 -33 3 -8 -87 -55 -58 43 -49 99 -86 16 -27 14 39 -58 84 -46 26 -12 -81 -35 -10 -29 64 8 47 27 -13 8 -71 99 -56 13 43 -97 -66 -12 3 32 24 96 81 -51 -12 -31 86 21 75 29 -66 44 -1 6 -73 -63 -65 96 21 -30 -36 -33 25 44 27 -61 -54 14 3 64 -46 -86 -2 -17 2 34 50 -83 -68 90 0 -81 11 93 2 -89 -23 -30 27 95 66 -45 -29 93 -84 45 33 -99 65 -44 67 40 -32 -64 -36 -79 -46 -69 90 -23 -76 -57 50 -46 -38 54 -63 -49 30 44 63 73 12 63 64 44 -71 16 -86 -63 -78 69 -67 -10 47 -9 9 -50 -18 8 -38 79 -28 -52 -58 -54 -13 25 10 74 1 42 28 43 -17 89 35 91 21 52 21 -35 -69 8 70 -62 22 87 80 59 91 16 -82 -33 -53 -74 58 51 -84 16 -46 -86 37 -42 -99 -33 -68 -63 -2 -16 -87 -38 -35 47 70 74 13 -14 88 74 -77 47 50 16 -59 -72 17 -62 -25 -28 -58 84 -31 41 -20 33 -10 -52 -91 -42 -67 80 85 -71 89 -5 13 -54 23 49 0 
51 -55 -74 -10 -18 73 -70 47 93 65 25 18 0 -87 -87 -34 88 3 -94 59 16 16 90 52 -79 -3 26 -72 81 23 54 11 94 80 53 71 -65 91 19 -5 81 -35 -64 -70 -25 41 -6 30 57 -28 -30 25 20 18 -67 86 13 -45 -23 15 -79 67 73 1 -8 64 -67 -52 -60 27 -10 -84 -97 -95 -21 90 -61 72 -36 -99 -81 60 85 -57 -5 -94 7 25 65 -43 26 -32 77 6 58 82 -85 89 14 -93 -91 48 -21 -38 2 -89 -92 -58 -3 -13 -18 2 30 95 72 -88 -61 -24 57 65 45 -3 -34 43 -50 82 -91 61 73 80 25 -73 -69 -18 5 47 7 6 84 -45 36 -38 17 -9 -5 31 -99 -5 33 53 41 -94 -98 61 67 60 46 -60 -66 -28 66 90 -26 86 78 -17 30 46 -11 76 23 96 -80 35 -13 -51 64 -49 17 16 -29 92 -4 66 -37 66 81 1 -13 13 56 -54 61 -33 15 90 -67 6 33 -1 64 -63 -88 98 92 -91 87 -12 -66 3 15 -37 25 -23 -97 -31 69 59 -95 77 39 3 79 -54 80 -44 -20 8 -10 -68 -66 -94 -68 62 -46 -16 44 79 -6 -81 76 63 -32 -83 -22 -78 88 63 -93 12 -22 -71 -17 70 16 24 -14 -36 -18 3 56 -95 67 64 65 60 31 -57 44 -26 -6 -23 80 3 25 58 -71 65 -37 -41 74 -36 24 -42 -90 -27 94 70 22 -40 77 68 52 62 -20 67 -14 -67 38 58 6 15 -14 -36 -87 -44 18 -72 -46 80 -55 32 82 -52 -24 63 23 -68 -46 63 11 -23 71 26 11 -56 96 69 -4 77 -53 -23 25 19 -49 -26 -82 52 -76 29 -93 -97 0 -49 22 -7 46 39 -93 94 -87 -52 88 -24 45 -4 77 -54 58 55 -25 -46 -56 -91 -92 69 12 67 86 18 -69 28 90 58 39 -50 -37 -10 -4 -23 -8 74 -97 96 -32 -85 94 57 -26 -70 48 -93 -85 85 28 23 -94 39 41 63 -75 -23 -91 -45 -14 9 53 21 19 -39 -6 -5 -48 78 -66 -87 -56 78 60 -11 -61 -49 -4 -4 53 -76 77 -77 -83 -63 54 14 48 42 3 -66 50 6 45 -10 20 53 25 41 -24 -23 95 25 21 -49 -2 -72 -12 -69 45 -66 -57 -16 -18 35 85 94 82 -69 -15 -3 -26 -83 -76 -30 98 44 -94 16 18 -40 29 36 90 -36 -81 74 -95 42 49 -85 83 16 45 -92 43 88 68 45 97 -12 43 84 -6 -45 
92 -55 39 -2 -72 54 -82 26 -74 -16 98 83 1 57 -7 -2 31 -51 78 -23 -63 -63 -90 -97 34 47 23 58 -23 -60 -84 -7 83 -93 -24 30 -81 -26 75 75 56 78 49 37 78 37 88 -45 85 5 78 -26 38 -94 42 61 -2 23 57 -92 53 -66 2 6 75 -41 28 81 -43 -92 -73 39 -73 40 13 38 72 -56 27 -33 12 54 74 -4 19 -88 -18 -22 20 91 14 64 50 -39 -3 -2 23 -63 -5 54 33 -16 -16 12 86 -82 -57 -67 20 40 58 -12 57 -7 72 -72 58 -85 80 29 8 -35 -82 88 59 -18 55 -65 62 68 -46 15 49 61 -92 -15 -69 -43 -63 58 67 49 -89 63 42 50 -43 83 -20 -61 37 19 -21 -46 5 99 17 84 -54 -56 38 -19 -70 -8 87 -72 -34 -91 -96 -69 -94 -15 -59 91 58 5 -27 -85 91 -61 57 1 94 -19 -67 97 -7 -84 -91 85 48 51 -22 -39 -42 -90 9 98 -88 99 24 -55 -28 -24 15 -53 -77 -16 32 72 -15 65 8 50 44 45 45 -36 78 -85 27 -67 24 45 -47 26 21 -79 -13 86 -91 -98 26 30 69 -73 -93 -70 3 70 45 72 -41 64 -6 -37 88 -29 7 49 68 -94 -17 35 78 6 16 -12 48 -59 41 -66 62 89 90 14 -51 93 -53 -55 77 27 89 -10 14 -34 25 -55 42 79 21 48 51 -72 94 -2 28 -19 -4 56 -88 -85 -28 10 30 -2 -92 -75 -31 94 -87 96 3 -86 83 -98 99 -35 -43 -68 -66 -78 67 -17 59 -88 -4 21 39 43 -30 -97 -34 83 88 83 -54 -73 15 -21 -32 -23 27 -50 -81 -47 -6 74 39 13 89 -77 1 10 -91 3 -61 88 32 36 -46 31 -72 -7 -91 50 81 -86 21 68 -3 60 67 20 -41 -68 -95 -2 -35 40 -61 -36 35 -91 -34 86 81 -9 -50 -18 -71 -98 -39 77 -98 -76 52 47 -46 -71 -51 48 17 48 -69 62 88 2 -75 60 -13 59 -18 -35 -12 81 91 -76 -92 21 -41 81 -11 71 -4 -56 -27 21 -79 3 -45 -54 33 -82 16 -51 -99 -93 41 -89 -48 52 97 -10 -33 -77 52 -43 -10 -78 17 -32 -13 -98 96 -69 5 -45 -64 6 -84 -58 -88 -82 59 -39 -84 33 1 -84 -41 74 42 -21 46 82 35 46 -22 -81 -50 -23 -44 -35 61 57 -88 -7 -50 -69 -39 -72 -78 -84 97 -12 -44 85 81 -33 -65 84 26 38 59 8 94 -12 10 33 
29 9 75 81 -88 76 23 -77 78 35 1 -78 66 -33 98 74 -33 -33 -69 -33 -6 79 81 -95 -60 8 -50 71 -50 -53 -75 -49 -84 -65 -52 58 -13 -38 -72 34 -50 93 78 -61 50 32 -46 -3 -51 -76 -59 41 -22 93 34 92 -91 -11 -62 -5 30 -65 26 88 -10 -69 27 -44 64 10 -26 26 -76 70 -88 90 -45 94 -59 -44 -8 57 84 -93 5 63 -64 63 58 -23 60 -98 71 -78 40 36 -11 28 -12 -79 70 6 42 28 -85 -6 -22 -19 2 -79 -75 56 -50 99 9 58 -41 39 2 -5 21 36 -99 76 -16 3 -28 79 24 -80 -17 63 -88 -69 22 65 80 26 97 42 -74 73 -16 -37 60 39 -94 18 -99 64 -68 92 14 87 -81 -34 57 8 -93 64 -78 -37 43 -78 73 26 87 -9 89 -79 -25 5 -91 -21 -57 36 4 65 -19 7 8 -85 -31 59 -37 -13 57 -19 29 27 7 -67 20 42 12 -5 88 -2 85 -43 -6 -38 55 -42 41 57 37 -65 -22 27 -16 73 99 93 -98 -40 38 48 -63 93 83 12 -18 -8 -30 -93 -51 -52 66 15 13 8 21 28 -66 22 64 -73 49 12 20 -96 -55 27 -23 98 -65 21 -72 -84 -10 -27 46 43 -45 -91 -66 31 -80 -62 97 -25 -54 -47 47 65 81 82 27 -68 41 -17 17 -63 38 43 20 93 79 99 28 97 -71 -17 59 67 -8 45 55 89 -59 87 -84 -31 -96 27 -8 9 50 49 -38 -50 -48 59 -32 -37 -13 -77 -15 35 -34 80 -83 -37 9 49 -90 22 -92 -3 -11 16 41 14 -95 22 52 34 21 -5 69 -4 -55 51 4 -50 -82 -51 -75 -34 13 77 98 -54 15 10 38 61 -37 -88 61 -82 -32 11 60 96 25 16 39 68 80 20 -82 29 30 -31 -40 -77 22 -10 62 -35 -48 -30 63 -94 59 67 95 6 31 -1 89 -74 73 -68 -17 77 -51 -33 55 -78 29 8 -83 12 -80 -99 -67 10 18 -20 93 -54 -35 56 57 -67 95 25 11 28 37 13 -20 -33 97 35 74 -70 -71 -50 -94 -52 -30 82 -66 -90 93 36 -20 -58 21 -63 -76 26 -6 78 91 95 -47 -95 91 -26 -48 76 -73 -48 11 -91 -53 -16 62 -29 72 65 -80 -39 51 -88 11 -34 37 -60 -8 12 2 88 27 -26 55 93 -31 -81 59 -87 58 42 73 -47 -34 -3 -44 74 93 97 52 83 -60 89 27 -28 46 5 -12 59 70 17 -74 44 
30 7 -15 52 62 13 -88 -52 84 -42 42 4 91 -55 -63 56 80 -5 18 47 -61 -89 34 7 16 0 58 49 -88 92 36 -33 17 -92 61 63 -2 -4 -71 10 71 2 67 -98 29 59 -59 19 -75 -11 93 26 72 62 -8 94 49 -73 -43 86 -55 -88 21 25 -86 67 77 43 -81 -65 1 59 -29 -53 61 -61 -64 -92 -41 -53 -93 -65 -56 -13 3 47 -36 11 57 23 70 46 -18 72 49 -49 -44 4 -93 9 -52 97 99 -48 50 -39 -48 -29 11 -78 -67 -80 -45 -49 48 -74 46 28 26 -41 -5 -77 -69 -36 80 -29 -34 -94 94 -98 -33 69 53 76 6 -28 -44 11 76 83 34 60 80 -87 -91 17 97 -65 93 95 1 38 -2 -78 -51 40 -56 65 96 12 59 72 -43 31 -17 -3 49 -33 -91 -10 -14 -12 98 -52 36 -70 -79 44 64 -66 12 7 -10 -90 -21 -22 -51 -97 -14 76 -87 90 92 89 54 -3 -4 -88 -96 14 -85 55 43 -37 76 69 42 7 -13 -63 -3 -59 -12 45 40 66 30 47 34 8 3 54 97 -10 -53 58 -85 -35 67 -64 -10 -48 22 24 26 -88 83 39 -44 -61 22 -70 26 1 49 -42 -54 -38 -42 79 -80 42 34 -23 -52 -13 91 10 -61 28 12 47 8 -17 58 -86 55 -29 84 -65 45 85 46 54 -41 56 4 20 -21 11 80 20 68 -77 32 86 39 -78 -29 -28 9 -23 -35 -46 -64 -62 -34 -66 -1 -98 -45 27 -72 35 -4 4 15 78 -27 37 89 -6 28 -53 18 -72 -5 20 93 -68 11 -95 86 -37 99 90 30 -57 -69 91 -62 31 81 -14 28 -63 -14 -67 -35 -67 55 -56 -22 51 76 60 -74 96 36 -54 -90 -87 -51 92 76 -98 40 -43 30 86 52 55 -38 48 -34 -58 -77 -28 43 -74 -16 -18 -4 69 84 -46 15 98 -46 -33 -89 23 -30 -4 36 86 98 -63 -12 -85 83 22 -58 -43 -20 71 23 23 61 -50 -25 64 65 20 -12 6 0 34 78 -13 -52 -95 88 12 96 68 -32 -36 -51 40 58 53 19 95 -10 -76 -27 -20 -90 -49 -22 -93 -33 90 13 -1 67 10 58 54 -54 -12 -34 35 -48 67 -70 -15 85 -67 -27 14 9 59 -55 -48 34 12 74 -50 64 -88 -51 -22 -84 78 -89 -31 -15 -2 -60 6 -54 19 -56 53 -5 3 -80 93 -23 -3 59 -42 -18 -50 -18 -71 -43 -58 91 53 -27 18 -2 -74 -33 28 52 10 
1 84 73 42 -85 67 -37 10 -41 -33 61 38 10 23 -23 -1 -38 1 -71 61 19 -39 46 -8 -36 49 27 -56 43 -64 -50 30 25 43 95 12 5 -22 -81 -11 95 -99 -34 -41 -70 70 -92 91 44 -47 -3 14 -4 46 -94 29 79 43 86 -15 -20 -4 -79 -32 -55 -18 58 -70 -52 57 -80 -34 -95 -61 -14 91 -4 -1 -23 -43 41 -56 -54 -52 -94 -93 -81 57 75 36 -32 -98 58 64 32 -77 -42 -1 93 35 -15 13 84 84 62 -49 -44 -30 -22 -72 -8 75 75 37 -55 50 17 41 -57 66 84 -76 -53 -27 7 58 -35 89 -21 -73 -56 64 -61 11 78 -21 -39 -2 56 85 27 -26 -93 23 -20 -37 -23 74 -27 84 -82 72 22 -64 41 40 64 -41 75 -38 31 55 96 -81 10 14 -19 -83 34 5 -55 98 -60 -86 -51 -59 -28 -23 -97 66 64 -5 -6 -11 45 -40 16 -23 -16 75 -64 -74 -15 -58 -11 -73 47 -86 80 -75 -33 26 -40 25 23 -75 30 -3 -23 -1 64 37 27 64 2 95 93 81 -82 15 96 46 -5 -67 -42 -63 1 -21 75 -68 81 61 -48 -89 52 -84 33 41 -58 -76 -34 10 82 -41 -86 -89 -16 -41 83 -84 66 -48 45 -92 -17 27 44 52 -74 -5 -32 85 99 13 -37 -95 -16 -20 -30 95 -50 -52 26 -76 -10 33 -51 82 -5 -15 -21 6 -66 79 54 22 -25 -48 53 32 -31 -6 -25 -13 62 94 -47 -83 65 -73 77 -81 71 58 -45 -87 98 91 9 -9 -30 -65 -12 -42 -66 53 -7 84 -77 12 -95 -52 15 -48 59 45 -88 -81 -79 51 -50 -43 50 -67 -68 8 -71 -54 -68 59 -52 42 -78 67 -99 -93 -39 89 42 47 -70 72 -36 -67 28 -56 99 64 -2 58 44 72 -95 -96 24 -41 -29 -88 -31 -76 -38 26 -5 -95 77 -60 -50 -83 -78 36 95 64 -27 30 -88 -82 52 74 -50 -87 -44 -15 -53 11 -56 93 -15 79 -26 46 14 72 -64 -22 31 -22 -58 69 81 -84 -64 34 -39 83 44 -57 5 28 9 -58 -22 51 -37 -5 -34 26 -42 -49 26 -27 6 -15 -92 18 -49 -5 -20 -77 97 69 23 25 -65 55 -44 45 81 -34 -51 -80 33 43 -68 74 76 -47 14 -64 -14 -71 90 -86 77 -71 79 44 -21 -79 -54 62 76 49 -54 -34 63 34 45 90 -98 -52 25 -89 -60 -31 4 -99 33 81 55 26 12 -92 99 -28 11 -89 67 34 77 27 
-58 48 21 80 -2 49 77 -1 -26 20 65 -30 95 -21 -46 72 99 -17 -86 -33 29 -27 97 -68 20 -53 -91 -75 -10 -66 -24 -51 98 -71 -46 -67 -87 -12 80 77 -2 -36 83 72 3 -32 48 -62 -30 -34 -53 25 53 54 -13 76 -2 33 18 58 12 -52 -45 -49 -9 -51 41 -66 65 -46 -14 -44 19 -17 -58 60 34 50 75 42 78 25 -91 -32 -38 -61 -33 -23 91 23 66 99 -56 -52 -95 60 37 80 63 -88 8 49 -77 -47 -79 -68 -26 32 -12 -74 -34 28 -64 -2 -83 69 98 27 -62 -35 6 -31 -72 61 -93 -2 -4 -68 -30 -38 15 -12 11 -96 31 14 -39 -71 59 54 -22 25 -71 32 -36 -81 -97 33 -78 -19 -53 -65 24 -13 -48 55 -62 94 11 50 -32 22 32 -20 -80 -54 63 -18 47 88 -44 80 28 -26 53 87 -36 83 -53 -10 65 -75 -15 77 9 -10 38 21 -17 -41 78 -68 -77 90 0 67 -39 64 51 61 -1 52 -98 -98 8 -73 -26 54 -84 52 -62 37 12 -19 57 11 2 84 97 59 -31 46 72 -15 -30 -12 82 -71 -62 78 -95 -47 -52 -6 79 -1 -31 -31 72 93 -21 44 46 96 89 65 47 -82 25 40 -16 -96 70 -61 81 -85 92 3 54 66 -31 2 -52 -80 -63 81 18 87 -61 -20 8 -9 92 77 54 55 6 23 53 75 11 91 -31 -87 -97 12 3 -9 -82 -50 -27 18 83 -88 50 -79 -10 11 -73 40 60 35 -14 -38 -25 30 -42 97 -86 28 -18 -75 73 65 -68 -56 0 -24 84 44 -11 -95 -29 11 -41 -51 27 10 -25 -56 25 -38 52 7 25 53 56 46 -37 98 78 -80 -45 -65 -30 -80 99 -51 -63 -2 -19 -66 -41 -59 -71 -94 -19 45 -28 -59 -58 -99 81 -79 81 -37 -43 71 13 -70 88 -98 9 -70 -93 70 38 -58 -20 -24 -63 -22 -34 15 -9 -71 72 -75 -81 67 -75 -44 50 99 73 -56 27 32 -44 -78 99 -53 -32 -92 65 -44 -17 -73 63 14 90 -32 68 10 52 8 32 -1 -26 -80 52 -56 -60 -1 39 -43 59 90 -52 -58 -54 -63 18 94 -87 85 -84 -47 9 59 -61 -51 -38 33 -88 -81 4 59 -60 79 18 -97 -27 60 13 -24 -37 12 -22 49 -53 -54 -72 -56 -17 -36 -86 93 8 11 24 -78 76 19 -61 39 -38 -76 61 13 84 93 67 -16 -80 71 24 -46 52 7 45 3 -92 96 -18 68 -15 -56 -93 23 
38 12 11 -70 -6 96 45 -49 23 39 -54 -59 13 93 -1 -98 43 -43 -6 94 -84 9 -44 30 90 -94 70 -1 65 17 -27 -4 -53 -31 -99 -6 60 -20 -85 29 81 77 -12 10 -10 -71 34 91 7 95 -38 -75 -54 -53 -46 39 72 -50 96 49 -26 97 -56 27 -82 23 -34 54 -45 -69 -6 -37 -33 -87 2 -47 -11 -26 -59 15 -14 -9 39 -67 -22 82 24 -98 -59 1 -87 -33 -91 -39 56 -40 51 -23 -36 13 -65 72 -53 71 91 13 -55 -70 29 -62 97 34 -64 -54 23 -98 91 4 -31 -81 26 92 -84 -75 -21 43 32 3 25 99 -72 3 39 61 44 -31 43 46 -14 -71 42 -77 32 -63 -10 -7 -14 -89 -51 29 -2 -49 43 56 -17 60 72 46 68 -7 96 52 -30 -15 84 10 -29 -99 -10 70 43 34 8 -41 84 6 -71 90 -52 70 -77 -61 -61 91 -50 49 69 -59 58 65 46 62 35 -40 -51 15 66 32 26 5 -53 79 -23 -37 17 9 -65 -43 45 -4 72 51 32 -90 -39 -73 81 27 10 94 49 -73 -79 38 -12 9 4 -20 28 -97 -13 51 -92 57 -5 -77 6 28 83 -2 75 60 70 87 -58 -20 -17 -59 88 9 -80 12 6 50 61 -21 -48 -83 -48 62 -77 57 -90 -95 44 -79 52 86 24 36 -28 35 6 31 -66 -24 -37 51 64 -20 67 6 -9 13 1 54 -81 38 31 -71 -45 5 -50 61 -6 57 -24 46 47 -11 -34 48 -12 3 -67 53 63 74 -16 21 80 52 92 29 -37 -16 17 18 20 -69 -85 86 -77 -85 91 78 56 -99 98 -57 26 -5 -94 -59 -66 -2 64 65 -59 -94 -57 -83 -12 -4 -49 82 54 32 86 -49 -27 2 66 -39 43 -70 37 65 -8 -15 58 -88 -22 98 -35 -78 22 13 -11 69 -5 -46 18 25 85 10 8 -33 27 -96 83 -78 62 25 64 -14 50 79 58 -24 37 27 -58 -14 42 53 -27 59 13 70 7 -71 -67 63 -94 31 18 -75 10 13 60 -35 -1 -1 55 71 65 -12 89 27 5 25 46 36 -48 -73 33 -21 -55 -48 78 -45 0 -27 -61 44 -54 84 -22 -3 -51 79 8 -50 66 47 -70 -28 -61 61 -80 -6 -25 -41 83 -80 4 24 -19 23 69 60 1 79 25 -78 11 69 -11 -74 -97 -17 61 22 -60 88 -34 -11 -57 -11 67 91 46 -99 -25 -16 -42 -54 -76 31 57 96 -81 -92 -86 -46 55 95 29 4 
67 95 -58 -2 -36 24 -64 38 25 -53 -36 80 12 -37 -14 29 60 -94 27 78 -83 98 -80 -64 38 -53 89 -83 -92 8 -51 -54 -7 60 -9 -11 -14 -68 21 -47 81 38 75 32 45 -47 -64 24 -2 -12 -7 -20 -31 34 97 45 94 25 19 -64 -88 37 5 85 87 84 92 -3 -32 -10 36 14 86 -92 -27 -74 21 5 -30 24 0 93 36 -62 -89 -86 71 87 57 -11 68 -59 -24 -45 -85 -19 -80 -38 -32 -40 64 -98 34 -98 -28 65 29 8 38 55 43 67 -75 81 -49 72 19 74 -68 23 82 -57 20 92 57 62 70 13 -28 -53 82 45 7 35 8 57 -22 82 -35 -49 -91 36 58 -49 -55 69 76 64 83 46 49 41 -98 55 -69 45 21 -8 79 62 -95 92 48 47 -90 -47 -28 18 63 -8 -88 -7 20 -54 -8 -31 75 42 -35 25 6 92 73 25 26 -39 73 -49 48 37 28 39 24 44 -41 -7 -70 82 -53 15 -40 90 -53 65 -55 -26 38 -21 -86 42 -19 27 0 3 -2 -40 82 17 0 -77 97 20 80 -53 83 -87 -17 -65 -62 -88 32 45 -17 -64 29 -70 29 -91 -65 1 34 -86 35 -94 59 96 32 -15 4 49 -60 -31 41 -40 16 19 79 -63 -94 90 -16 -10 -55 -67 91 -49 62 43 69 65 97 -51 58 -42 49 -9 23 -45 62 -60 -91 -57 -65 63 -70 70 89 -79 56 84 -78 -93 -37 -67 -56 65 24 -49 93 -39 -29 24 90 -98 -80 -58 27 47 -23 25 -77 94 91 -88 42 -60 -74 95 -29 76 -95 52 38 57 -50 14 34 58 99 17 -83 -4 22 93 89 31 64 -40 48 -7 -81 12 -76 78 -41 34 -72 95 38 -90 -57 -60 -40 -64 -54 -87 65 -26 -99 24 -52 -43 -58 27 -47 -91 -51 8 -82 -30 7 -16 91 -47 -77 -46 -34 -16 -61 55 56 44 97 -3 -63 -46 8 74 9 79 -24 -96 -87 41 -13 31 75 -95 -65 -2 -50 59 -56 -67 51 79 58 73 75 96 -98 -90 81 33 -56 92 -5 59 7 38 -7 -7 -99 2 -86 72 19 8 79 -23 -5 -5 -55 -89 -90 50 -67 -46 78 90 36 36 -79 42 -75 3 -1 -96 76 1 65 -72 75 42 65 -82 -12 -89 -52 -9 35 -50 21 -46 -1 68 36 43 50 66 79 19 36 -69 48 0 -20 9 -70 -66 -35 -81 -12 99 -40 -53 71 79 82 -49 -36 -91 57 -89 51 -3 -12 -59 0 -19 
97 -98 -98 -96 -19 36 -53 26 84 38 -53 51 26 21 -10 68 63 -41 -68 -56 -12 -22 72 51 -92 76 -64 -62 -34 -3 -42 93 -52 76 66 14 -49 -60 26 58 -76 -64 -60 18 4 -91 -96 -85 -85 -75 8 68 -54 44 87 73 59 -73 -63 -46 32 -94 12 -90 51 3 -95 54 75 22 -25 65 92 80 10 -39 21 -90 -98 14 87 21 4 -35 -26 62 -30 -10 32 1 65 -79 1 -74 -57 50 41 -47 31 87 -71 61 -39 43 -31 44 -57 34 -20 -46 -28 -31 -62 84 -93 -17 -67 7 94 -88 58 -28 7 71 -4 48 78 -97 -8 -2 0 -59 64 -37 -37 19 -28 63 -5 21 -37 -38 48 13 -4 84 45 93 2 -84 -85 47 81 38 63 -59 -77 62 -43 80 -39 -65 51 2 -52 29 42 48 -29 -32 42 70 29 -81 76 -55 42 49 30 -31 -64 -43 95 98 25 -70 -52 20 -3 15 -68 -38 -83 -40 -33 90 -43 -39 -64 14 -55 -81 -30 21 -47 -62 14 -14 35 -59 16 -91 -64 92 48 65 -6 -96 52 -97 82 86 33 20 6 -4 74 55 -83 -18 62 31 -13 71 -57 13 -48 -4 32 -6 -88 -22 -94 41 -85 81 64 -89 68 81 -86 6 87 -17 -94 22 89 30 49 37 -36 -14 -15 -91 34 -88 -60 -51 26 -68 -86 -18 -79 -20 -53 57 34 78 -87 -44 -89 45 84 -88 -33 9 5 -33 73 -22 -20 9 80 -78 12 19 -61 -80 16 -46 18 -86 -11 -67 -42 -42 -3 -56 -36 -99 42 -45 26 -91 -8 -34 -14 -4 -1 -51 42 16 -38 -92 95 7 -66 95 -71 40 41 57 85 -28 -1 -81 99 57 -2 -80 -43 -40 47 91 -31 -87 -53 -59 -74 -92 -29 90 -6 -14 -23 28 82 51 84 36 15 78 -36 46 29 1 31 45 -70 -51 33 -40 -90 65 -63 43 70 -39 -63 -28 77 33 13 78 -95 -76 -52 99 -38 -5 -57 -99 52 -95 -54 70 31 -46 51 47 19 -34 -66 75 31 89 62 50 -24 -45 94 -40 -20 -6 32 91 -2 -5 -53 75 31 40 68 43 74 -86 91 -89 -13 -16 -92 18 -24 40 -58 -32 -22 30 -75 -83 -91 -79 34 96 81 72 -53 10 -58 93 -12 75 -28 -15 -32 -18 -40 -32 55 42 34 -95 -11 83 60 95 48 -29 -82 -48 99 74 -62 -48 -19 -59 -54 79 21 71 -82 44 -98 -85 -27 -42 -41 64 -31 -10 -30 -30 26 58 34 -67 42 -12 53 -20 
-69 47 45 50 -21 69 39 11 -85 -43 0 12 85 -66 59 -98 71 -53 -31 -66 74 31 -90 28 -5 -81 -8 -52 -62 -32 -28 -13 10 -96 -35 -62 60 21 -7 -77 -90 -92 38 -4 -16 42 -81 -92 16 -60 76 -73 -42 -60 -32 -87 82 19 -39 8 76 -49 29 11 60 36 74 -78 54 88 38 52 30 -2 -94 17 64 -84 76 37 68 -83 36 80 84 92 -87 -51 80 89 -20 88 33 -90 -2 36 -99 27 67 -48 -51 -55 -15 75 89 23 -85 33 93 -38 79 -47 3 -77 81 -76 29 -6 57 25 25 -74 38 -6 27 17 -68 7 -72 -16 52 72 -25 61 -80 27 -53 -25 62 -39 12 -84 82 15 -92 -2 -72 15 14 -51 65 -7 62 47 1 -42 -7 -91 -42 -34 50 11 -51 24 10 36 77 39 -95 38 19 17 -56 43 59 -54 46 43 -34 11 -93 -79 75 65 -79 -92 82 -91 -24 79 88 -19 91 -58 -44 44 -87 -65 -96 73 48 -2 6 -22 58 -61 -74 -37 65 25 2 -4 85 -65 -26 17 -93 -48 39 -61 -67 22 79 -45 -81 7 83 -68 -17 79 -9 -15 40 -36 -82 -84 -99 60 -59 49 -78 -95 53 84 -22 82 -7 53 -94 25 -24 35 68 27 97 -52 46 97 91 -20 -93 -74 10 61 -13 -22 66 0 0 60 48 -53 85 -96 83 17 -79 -19 42 7 48 -35 9 -51 -34 -90 -75 -16 33 -98 80 48 -59 -11 -88 84 -87 76 -25 96 -72 -13 68 27 72 -25 3 -32 33 -21 -21 76 -19 6 68 -75 -13 17 -47 -15 19 -31 -99 -43 62 -18 -73 -2 83 93 45 -36 -97 -47 -35 -39 -22 1 64 3 76 -47 -60 85 -8 -87 95 39 7 92 -11 33 -13 -20 13 19 -44 79 29 -24 -57 56 26 59 55 -69 -14 -90 9 -8 70 87 61 -91 -60 90 -50 -87 44 -70 78 73 50 -26 -97 76 -42 -18 86 -13 73 20 -81 56 76 -65 -36 23 -79 3 -47 87 -32 14 -91 -17 72 -26 -30 92 14 61 -29 94 35 15 -91 64 89 84 33 -65 -71 30 -52 45 -30 -94 -83 -3 -25 -73 -92 -43 -17 -63 -15 -95 43 50 79 -61 52 65 -41 -47 -14 -72 -74 -59 -94 -68 -47 20 -61 66 15 -91 90 -84 -19 12 -38 68 86 -68 21 -93 -94 -65 -91 61 85 -70 -51 65 -96 -27 -41 44 -11 -28 -81 21 47 -64 -69 86 -52 -10 -28 -63 -61 27 45 -25 12 73 64 72 
61 64 -70 -22 39 78 -91 83 41 78 -45 -73 45 -53 -15 -51 32 33 10 -58 22 30 -44 38 18 -73 65 23 -10 38 45 76 24 76 -14 68 39 53 14 -98 -13 -81 54 98 -45 -11 -26 -61 -64 -69 91 -84 -41 34 66 -14 23 -5 -56 83 -32 79 -26 56 12 20 33 94 96 59 -37 67 6 75 19 -17 23 15 37 43 97 39 39 -81 -74 0 71 -95 6 41 78 -6 73 43 68 -86 21 -61 -91 50 1 24 -5 21 70 55 -47 93 -64 -64 -67 77 -28 -31 62 90 -65 55 -47 -46 65 7 -50 -49 -52 -25 -33 -20 26 -62 -7 -43 -79 10 98 -98 -65 33 -92 -89 20 -70 -97 21 -76 -11 -84 1 -88 59 -96 49 77 29 46 -87 79 47 48 13 -82 53 15 -70 71 5 7 75 -67 40 -52 -58 -11 99 67 15 29 99 32 48 -40 -1 64 -58 30 -29 73 -62 -1 97 -96 1 94 -84 -21 -17 -20 59 -1 5 -24 -91 83 -77 -71 12 -42 29 80 -37 -8 60 -36 -78 -14 6 94 96 -52 42 -48 88 7 -36 -63 -47 40 92 86 21 -33 -18 -45 -71 69 -45 43 97 -80 60 -87 -96 53 93 -80 -58 34 -17 -50 -72 -70 9 -37 -17 -25 -52 4 -14 96 63 10 0 14 59 -57 -8 -59 -34 44 -85 -23 -60 -58 43 -44 -98 -65 31 51 41 -11 -81 94 -87 -98 -64 -28 94 -32 35 -76 62 -51 -31 -76 56 -13 47 13 -85 -42 -49 98 -10 94 -36 -19 0 -35 29 27 -20 53 -84 63 61 17 -98 -28 -23 79 -19 -19 86 -54 94 -41 18 -17 41 76 -13 -76 89 1 30 13 -88 93 64 76 33 99 24 -40 -33 66 54 -61 93 33 62 35 33 2 93 -42 -57 -5 85 7 -82 -60 1 59 -55 -55 -22 -84 -5 -64 3 -18 71 79 32 39 -89 18 -10 72 -12 87 49 -91 -68 68 6 -78 70 52 29 -22 13 86 -1 -4 58 -62 42 -65 50 -39 -47 -92 36 62 87 2 50 41 -71 -61 -72 -51 62 25 12 -56 -91 -49 35 29 50 64 63 13 59 75 99 66 67 47 45 -95 -57 -77 -52 -45 -26 5 -48 75 27 -30 -19 44 -76 82 71 0 -87 6 -78 40 45 9 64 -36 16 -46 5 29 -14 77 76 -89 -29 -54 21 75 -33 -84 -91 0 -65 45 11 77 83 -37 -30 22 93 28 76 -56 4 72 -58 -5 70 -1 -98 5 -99 96 99 7 58 
72 -65 -46 -93 -84 -53 45 67 88 14 -98 25 56 -35 10 -42 69 -23 -57 -50 -43 18 -26 50 91 -17 -16 70 -50 -63 30 -9 43 97 68 -6 96 -50 -15 67 4 -87 -22 54 -64 -27 -93 -28 92 -40 -78 63 -54 77 48 -52 24 -97 -97 53 1 3 31 -81 47 -22 -23 62 -66 1 -58 -58 6 25 -17 46 85 -23 -63 -33 -88 29 42 26 -98 99 43 -18 -31 -21 -91 -97 -10 -20 7 -47 -81 -90 -22 38 78 46 45 -75 23 -65 73 99 -32 -47 1 65 -86 -85 12 13 -1 -7 66 4 77 -76 98 -31 -98 -59 -35 -35 68 88 55 11 93 23 -90 -53 -37 17 -51 13 26 -59 83 25 -65 74 20 27 -8 -69 36 91 79 44 45 94 -30 88 -6 -75 89 -96 -64 -33 -77 5 -43 -32 -87 -87 -11 12 14 -25 -90 -38 -9 33 -68 -31 80 79 -52 86 85 -18 -64 22 4 -41 62 99 20 75 90 -13 22 -13 93 -87 71 -75 -78 18 -66 87 21 88 8 41 -39 35 42 3 -54 -75 -83 -98 36 -80 -70 12 79 48 -57 -77 7 -86 93 99 -32 -4 83 17 17 -17 -35 38 -30 -85 93 78 63 -83 36 -6 53 -26 -92 99 90 55 48 -26 41 -38 -13 20 -18 21 19 -68 41 -65 -92 -48 93 21 0 -83 -13 -21 -1 55 -53 2 0 -60 -30 29 -27 1 55 55 -25 -35 18 -7 -70 77 -7 12 58 71 -12 -63 -53 84 -86 73 -90 74 -15 -85 -76 11 -75 -93 49 -74 77 -85 -61 94 34 -88 -95 35 -41 -10 -77 -69 -37 84 -17 -34 97 -23 -18 -98 -77 -86 12 -7 18 -15 -89 46 -72 -56 -54 98 -97 84 77 -69 -56 -23 78 -37 94 31 34 14 92 64 12 60 -68 55 -89 17 39 -59 69 -51 91 81 -16 -74 30 55 31 -66 -82 -46 -27 -79 -22 -33 48 -77 -66 -43 -89 87 64 9 76 62 6 69 5 -91 67 54 26 -52 -47 -72 -56 74 -79 13 93 -31 -60 -30 -78 74 76 93 80 87 -2 -98 -90 -23 -28 3 -46 7 -89 13 -80 -82 -48 -87 -64 -74 94 72 -92 49 31 15 98 73 2 -61 1 -70 -6 63 84 -45 -46 32 -31 99 55 29 65 -6 48 -90 86 -88 51 4 -34 81 -40 95 35 68 -59 91 59 42 -55 -34 66 -46 95 14 85 87 -51 -58 73 8 99 -37 80 -82 35 -58 -17 89 73 -87 -4 73 -68 7 -2 77 -24 -31 
99 -65 -41 -83 -48 -58 -41 43 -48 -22 7 55 -16 46 -32 -87 -21 2 -98 59 3 -88 -66 -79 85 -41 -56 43 50 -45 6 65 -11 7 -87 -47 71 -46 -25 -53 0 45 34 -42 -23 23 6 -54 -11 67 -46 -96 46 -98 31 -65 -59 -12 -60 6 90 -29 49 34 12 -23 84 65 -48 -89 -53 16 -10 -92 13 -2 -92 6 35 27 49 -72 45 82 -69 -88 40 96 -90 77 76 -7 -6 -4 66 -47 -35 -44 -29 10 31 61 -44 36 -70 -24 73 86 -58 -71 -41 18 -55 -72 42 96 -82 -10 -17 -96 -9 2 55 -72 -48 -41 -34 62 -46 -12 8 -99 60 54 -35 -43 -62 -7 -41 30 -42 54 24 -60 41 76 -41 -57 -19 49 26 90 94 3 -73 98 -67 -81 -64 -98 66 -22 -84 84 -29 63 81 -43 -19 95 89 0 15 -94 24 -86 13 -25 -50 -85 74 -7 -48 -53 -94 -84 -50 90 19 66 -90 -95 -96 26 -42 -66 5 -73 -44 -91 70 83 32 59 -47 4 -34 -48 -82 23 -80 -64 -69 58 -48 62 93 36 -67 50 70 -81 33 -68 -90 97 -55 -11 -81 10 -76 -82 60 -49 -99 -96 -80 -3 -64 99 56 14 -14 89 60 11 31 -11 -95 -74 93 -48 -7 -76 -69 -56 -90 16 96 -53 -86 78 61 48 -76 -41 -46 -77 44 -1 29 30 -89 -60 8 26 -44 10 -59 -28 -35 7 64 0 73 -76 -26 59 -92 70 -17 3 -31 -42 59 61 73 26 -71 -64 -95 -18 -42 45 6 53 -3 18 86 14 45 21 78 98 -43 97 -91 24 -55 97 20 12 -80 51 -22 66 87 15 -28 -63 -22 -9 -14 -82 45 -57 -16 69 -96 -91 -33 -25 52 43 30 -52 93 -28 -56 -6 40 -97 75 -78 96 75 13 23 -71 -69 -74 70 61 33 88 -29 93 -50 60 99 -39 -36 -39 -94 84 39 -84 32 -56 -82 -64 -3 -64 17 81 -59 55 -39 -8 40 -22 -12 -45 66 -43 -96 -6 37 49 -10 -31 50 -50 -52 -58 -47 76 -30 -54 24 56 54 -48 -8 -17 12 -40 8 79 84 -54 -7 -25 66 57 29 -15 3 -8 74 73 14 17 92 -73 -12 95 -78 41 32 40 58 58 66 41 -65 85 -46 -57 57 0 -77 17 21 72 -58 -55 -73 -54 97 21 -30 72 -61 -37 -10 93 -26 55 -51 -61 -22 -33 -65 56 67 97 44 -47 72 -90 19 -73 -23 -73 55 37 -52 40 -12 53 48 64 -61 -36 -94 73 -94 2 89 
32 32 -59 -72 7 -22 -30 -67 61 0 44 -42 -15 19 -84 48 -89 -39 -20 51 13 36 65 79 19 59 -52 -43 -69 62 -53 16 19 98 30 -40 18 -21 -1 -33 50 79 97 -34 72 -86 -98 32 -83 -72 25 47 -86 93 -46 -91 92 73 99 93 93 13 -97 63 -83 72 -61 50 -94 54 18 -95 96 -46 62 79 -79 -49 -35 -79 2 -54 42 -40 35 -25 -97 85 7 -83 -90 79 35 41 -78 38 9 5 9 73 21 54 53 -26 -55 25 34 45 -6 -21 65 65 74 -3 -21 -25 -82 94 40 -11 -5 -77 79 -90 9 89 4 -25 24 78 -4 61 -40 -47 72 -97 -16 90 -11 -30 -67 41 -91 -82 17 -71 -67 43 81 -8 44 23 -64 87 57 6 -90 -34 97 -63 2 70 1 -55 97 59 -76 44 -17 75 -20 -6 90 -25 15 87 -38 -17 -58 74 -42 73 1 93 -45 0 -96 22 -50 -59 23 -49 -35 21 70 17 -76 -59 -64 -17 -43 37 -59 80 -65 -51 -22 19 17 64 -6 -56 91 4 11 -70 90 48 -43 38 51 78 -48 -58 -90 98 -4 67 38 94 -85 -1 33 26 83 28 43 57 -56 -86 71 -61 -47 -46 72 -87 -78 93 -40 -51 -30 98 -19 -92 67 57 82 3 -16 -87 87 -52 -53 67 -81 -43 33 61 -92 -4 -66 -61 -72 -30 -34 -29 71 -75 58 42 90 11 41 10 22 85 -35 16 -92 92 -14 -67 97 57 -70 60 98 -62 95 34 65 -82 49 89 30 -17 -11 89 -97 -39 24 61 -73 12 14 -59 34 -69 -80 -43 -79 59 31 -62 -59 -92 -25 -56 37 75 51 30 99 -93 -62 57 -59 -68 58 -33 -38 -63 37 67 87 53 10 22 -11 92 16 -11 -28 53 -38 -99 -67 -87 5 48 -21 -62 31 95 -28 -22 -7 29 65 -32 23 -44 21 99 -71 69 -26 36 -99 -52 -94 16 88 -87 -43 26 -32 21 -27 -49 24 -67 -53 89 -23 -95 -43 6 20 20 53 37 12 -93 -99 22 5 -24 99 -12 -35 -26 -18 8 49 25 -52 53 49 -3 67 93 -20 -14 -56 88 -26 -38 -90 -4 -96 77 3 82 98 30 65 -56 -79 -78 21 65 30 -12 -6 38 23 53 66 74 -46 86 72 76 33 90 17 91 59 67 -71 82 9 74 -10 39 -98 33 27 30 12 6 12 90 -63 35 31 -61 78 87 -55 -40 -27 -87 -45 98 -43 -39 61 -83 -58 -81 27 62 44 49 -63 42 54 -79 
-57 43 23 22 53 77 69 61 -36 4 -34 -89 -6 -93 78 -6 62 -49 5 -61 16 -23 81 -95 -4 -72 0 -65 -55 89 68 -76 -52 8 -18 62 42 -94 -41 38 36 59 48 72 72 -90 -10 75 53 91 -26 62 67 83 -50 -18 5 1 10 -42 -39 37 67 -30 -41 79 -76 -89 54 -17 -49 -30 -55 -78 -35 14 15 -42 -97 2 32 -28 -57 65 -21 -26 95 -67 71 -1 -45 44 44 -58 54 -48 3 7 -34 50 11 -21 66 19 93 -59 -96 76 -26 38 -41 -23 84 -92 0 44 96 -16 80 37 -9 34 -4 -51 -32 52 -22 -12 86 1 -26 -8 77 93 74 47 -65 -4 63 27 75 -68 -18 36 71 72 -82 58 75 -23 81 -63 -62 85 37 53 82 81 67 94 63 6 20 75 68 -12 88 10 -33 26 58 63 93 82 72 -24 37 42 -58 -5 -49 12 18 -32 -1 54 -2 37 -81 6 -38 49 98 91 -71 -62 41 -80 39 27 66 -31 43 78 -83 -68 9 -44 2 -82 1 -28 5 13 90 -35 -91 -22 75 6 -15 -4 48 -6 -64 -78 65 42 -99 77 -71 45 88 -45 -77 -4 75 46 52 -34 34 -70 -32 70 32 -36 -22 -74 -89 17 12 -99 -93 85 58 97 -33 -37 -57 -48 63 41 45 -23 69 46 14 99 83 -8 9 -45 48 -29 -5 -3 4 -22 -94 -62 97 66 97 84 14 37 71 92 26 4 19 -12 58 58 -48 -39 -44 33 44 -95 95 -2 93 -96 0 66 48 -42 -59 -35 -89 -7 -59 14 99 86 24 10 44 73 -2 -33 -98 39 -71 -99 -40 98 -59 -97 89 -47 -16 85 -62 24 -36 33 -95 -80 -92 -35 -23 38 87 -57 -66 0 -38 91 79 98 8 -99 -61 86 94 74 58 54 -67 -30 -32 18 -3 73 51 -49 -11 87 -44 79 81 -55 33 -12 35 -67 -10 9 32 32 -40 -78 97 -16 -39 7 23 77 -18 58 13 12 -20 -31 -36 45 -44 89 -94 37 68 -5 18 70 -46 -17 57 -5 77 -67 -45 -87 80 -10 86 -73 -57 40 26 -62 80 -37 -17 70 -28 34 -42 77 51 66 57 -44 -8 -11 53 98 -40 -71 -57 0 -53 81 -41 6 -19 -83 -28 97 7 -75 64 -52 -88 -10 -50 -19 67 9 32 -25 -47 -57 -36 45 87 -54 36 52 85 24 56 -51 27 -69 54 -15 81 7 -66 -69 20 22 73 60 -83 53 71 42 -64 -17 20 76 -47 8 61 38 62 -23 
60 85 42 31 -55 -28 -37 50 29 50 15 67 -72 54 -72 -69 -28 -42 81 95 82 82 61 -60 -66 -88 -44 45 -39 -8 -32 25 -2 75 22 -55 65 61 10 39 52 -4 25 -73 -43 -38 88 70 -12 -81 3 91 29 -8 -61 -39 95 9 12 2 -77 31 69 62 -97 34 -37 -85 -78 5 36 60 71 83 -31 49 -64 71 75 97 -3 17 25 42 -59 -8 75 88 9 24 54 -12 52 8 -21 89 -61 98 14 62 -3 54 -11 -94 76 98 -82 58 -39 2 5 24 -79 -9 -29 46 -45 28 58 -3 92 78 -44 74 98 37 52 2 -17 72 4 -3 21 57 -39 -6 -90 -40 86 -60 -96 -35 -60 30 58 -28 -58 -37 -9 -19 20 53 71 -50 -60 96 -73 26 -8 60 92 18 -90 -39 34 -13 -74 -90 55 -21 -97 -90 19 33 88 -13 90 -44 53 84 11 -76 -91 -77 -11 -48 39 -16 -87 84 47 -48 -97 61 -82 -41 57 83 -66 -70 -92 -1 7 79 4 80 -61 -68 -58 -1 -35 -6 28 -9 -55 -37 -70 56 -30 30 8 -21 11 -74 -38 -73 93 -41 90 -85 48 -36 45 -11 -80 -9 70 -28 60 64 -18 89 -49 40 -36 51 99 33 -39 34 -10 24 -49 6 -42 -70 -69 -3 -16 -45 -88 -89 15 -52 23 -81 -93 80 9 36 95 -57 96 76 -39 67 52 96 24 81 61 -85 -29 -84 -81 62 39 73 -18 -13 -52 -93 79 -38 -12 -18 -90 16 -22 11 -78 -68 -27 93 15 4 -38 14 42 52 -21 -41 -13 -73 64 -48 -61 36 21 -39 -64 72 21 -66 -68 26 -64 -4 83 -93 25 -52 90 -21 -37 1 44 -18 -70 -81 -73 -29 -93 -61 -58 26 -33 11 81 12 81 92 -12 92 -11 54 -16 -14 38 12 40 -53 19 79 -89 28 81 47 73 -87 53 -91 -54 -99 -41 63 -24 -33 -78 -71 -69 71 -58 -68 -82 15 46 46 65 -11 -43 19 -17 -50 -60 -41 -44 -8 -40 -89 -31 27 4 13 50 86 35 65 49 -37 -84 42 50 91 7 37 15 5 0 -14 -17 43 96 32 31 -68 -84 -95 -22 -22 -93 31 -24 -44 -73 -44 37 36 50 42 37 -43 84 -86 50 11 90 -69 -51 87 73 -22 59 88 74 31 -52 99 89 -75 -89 23 -24 11 -12 56 -17 22 19 -15 59 -77 -7 -42 -25 68 -16 32 86 30 32 -48 98 87 -74 57 56 89 75 59 12 62 -70 95 -98 82 -58 81 -54 57 
-51 32 -67 -72 16 -99 13 -70 -47 20 -96 -19 -40 83 -13 78 62 81 17 45 4 -57 50 -81 -7 22 31 -94 -45 -85 67 75 30 72 -46 42 -82 -83 -95 -51 37 -98 59 -75 73 28 -1 -58 -8 85 -52 31 -32 13 48 -5 38 95 54 -94 56 33 78 -85 -22 -70 18 81 88 66 98 72 95 64 85 35 89 64 4 -35 -45 -74 -85 -58 46 -68 -69 -48 44 70 78 -65 -79 45 56 -90 -49 23 -33 -46 31 73 -7 76 99 -37 60 44 -26 -5 -47 -68 97 51 65 -97 -99 17 -35 -54 41 28 -48 7 -64 87 -43 -39 21 -97 -81 -67 30 57 64 -34 0 42 -59 -17 -62 90 -60 55 84 -88 -38 66 -98 -14 37 -36 -30 49 72 -32 -63 -40 -50 58 -91 -88 -58 -79 79 0 1 42 60 81 29 -23 -96 14 -59 44 89 13 40 84 67 86 38 23 14 75 -19 -43 1 56 82 96 44 -10 48 -20 -46 -56 -96 36 55 53 -94 -87 -93 91 78 -32 65 -4 20 -99 -4 -40 -55 -33 74 -91 33 77 -12 37 -51 56 37 76 60 71 71 -3 85 -27 75 -8 99 42 95 -22 -51 -7 -52 26 -34 90 -70 -23 -57 -63 -39 -49 62 -72 69 19 86 -44 10 34 82 -81 -99 -5 73 -90 52 -72 -49 44 64 60 -32 51 46 -64 20 57 23 -95 30 -98 65 -69 -18 -64 61 -80 -83 37 -1 -74 32 -62 -48 -32 -61 62 -99 -44 12 97 53 -16 92 -34 53 -52 5 -99 -55 -27 18 61 -44 -94 -16 -41 -39 52 69 -93 18 -58 -96 -21 -85 -54 98 78 -22 -34 -86 2 14 -74 26 -75 40 -46 -44 -51 -57 73 -67 -89 48 -70 72 14 -59 -78 -11 0 -7 67 38 49 61 16 -82 -33 25 -91 -31 -5 12 -9 86 -55 55 -30 -12 -40 42 28 8 40 69 -80 -67 -48 91 -33 -68 -83 -36 -49 56 57 41 -66 -30 -32 24 -1 -34 72 90 82 69 6 62 -57 25 -77 49 -14 28 4 -71 54 59 -83 -55 -47 -35 -51 82 -94 -11 69 13 -22 -86 14 6 48 -26 60 -61 28 -17 -18 -66 81 -59 -16 80 -39 53 -83 -90 42 28 15 -52 41 -95 20 13 -95 17 -83 -79 -39 80 4 -87 -73 76 12 -39 -10 47 -89 59 -75 21 57 35 29 -43 56 -53 55 -38 -84 59 56 -89 -51 0 -83 -68 59 -51 89 -48 -71 -68 -95 -34 -55 3 -77 -37 -7 -63 6 94 18 
55 -7 27 -2 16 -10 -74 51 -51 19 89 -83 -69 -25 2 54 65 31 87 12 -36 -21 16 -93 -39 -22 43 -9 47 56 -60 -31 62 -79 28 11 74 -55 1 16 -65 -54 -40 68 8 40 -89 85 80 -14 -76 -95 -42 12 79 -94 40 -97 -55 96 45 1 11 -91 -42 9 6 -6 -74 -56 78 -33 -88 -20 -81 42 -54 4 -46 -33 51 80 -19 19 -29 -76 23 46 93 -26 6 -69 -28 28 -22 67 22 -84 83 9 18 7 -3 -44 90 63 45 -93 -94 17 -28 75 -51 -95 -12 0 -26 -98 55 -4 18 -4 -24 76 40 -76 53 -30 -85 95 63 81 -87 19 73 65 -10 -66 -40 -38 -42 -37 -48 -49 -11 44 -46 -16 53 -75 66 -15 26 38 -47 80 48 65 -70 35 -58 -1 96 -5 83 -10 -29 7 -22 56 32 0 -44 -13 93 94 99 14 35 73 4 -94 27 -61 -93 -35 -91 -82 36 96 -84 47 55 5 -58 -99 -84 -69 32 -13 67 -41 -23 -22 -3 94 10 -30 -78 -7 -68 -2 2 -51 -15 78 -39 -99 32 58 90 57 59 -49 49 -43 -25 -89 -90 -23 -56 41 49 33 -78 81 24 -43 57 -63 -58 85 23 51 69 88 1 55 72 34 -76 -63 13 45 26 -12 -30 -42 -84 29 -57 62 73 -98 29 -68 71 -8 93 38 71 -14 92 -5 36 22 72 91 81 15 -34 19 62 81 -85 93 -40 94 -95 -24 95 30 3 48 68 -70 -43 -27 -20 19 -25 67 38 1 20 -46 44 60 -7 -16 -20 67 84 -98 -60 -83 19 -40 16 38 -78 -27 59 -23 -70 -73 -13 48 27 66 -56 -97 -53 33 83 96 -54 54 -71 14 54 55 61 -51 44 -75 -74 99 -1 -68 29 14 1 -91 32 -36 -63 85 99 77 84 -13 6 12 -62 -9 84 -50 -57 -78 -11 91 -3 -10 35 95 -22 60 4 -22 -31 -38 46 -21 -97 -63 -18 -17 -47 41 25 -1 -52 -28 91 -54 53 55 -74 0 59 -26 0 66 -63 -63 26 -31 -4 -55 -95 -2 26 -70 -6 -78 97 74 91 -78 16 40 -75 -43 18 -80 0 -70 -21 4 -93 -86 55 25 16 -62 38 -95 -96 -70 -78 -60 -98 -98 -23 -89 79 -77 -28 -64 -43 93 82 55 -25 -76 -58 -7 82 21 44 77 74 -77 73 88 -94 -62 -24 35 82 -36 90 -61 83 -72 -57 -23 -15 96 -44 -72 -17 -23 14 -8 29 -28 -56 82 30 -28 93 45 19 -46 99 -97 -50 -9 
-61 -5 56 89 84 97 -52 7 -43 -4 -56 -83 -75 -78 59 -51 58 82 24 62 94 8 -50 30 -50 72 -56 30 -32 -64 40 -12 -39 48 65 -46 -3 -31 -56 37 -35 30 -69 86 68 52 -51 9 -30 -43 36 -6 -89 53 92 -60 81 -12 -68 69 87 54 82 -87 55 -9 96 98 34 31 -6 77 -43 -59 2 73 -46 -85 -36 -9 19 -28 93 -13 90 28 -8 7 -63 14 78 19 -16 51 -7 -23 81 76 80 -38 -84 30 36 13 -95 47 93 -28 62 36 95 90 -77 83 98 28 40 75 -10 99 7 40 25 55 27 50 -29 -41 76 -41 94 77 -60 -98 20 97 25 69 83 -94 53 -65 78 -69 40 -27 -31 -66 16 64 43 -16 -33 11 -42 51 -33 -29 90 -4 -75 -49 29 9 49 -84 43 73 -87 -81 1 -36 32 -3 64 98 -22 -79 -97 81 -83 -72 54 -79 66 -59 10 -90 -3 61 -27 -10 24 -36 -78 81 -97 3 -54 -83 -58 -28 -50 -71 82 68 -54 76 -75 0 -93 76 22 -6 70 -2 -61 36 61 92 -40 31 -12 5 17 -96 18 49 66 22 48 -34 -67 1 49 11 -63 -77 97 42 43 83 70 23 57 -78 -48 -64 58 98 1 93 73 56 49 65 -76 -62 -85 -35 -42 28 -48 -12 -46 -28 -36 -13 -97 0 -27 70 79 -97 92 -15 -6 96 39 16 82 62 66 -97 71 -31 13 -38 78 99 -49 40 36 8 2 -89 49 -16 -31 -6 69 66 37 -3 89 54 -45 -75 -84 34 16 80 -20 -14 -25 -61 66 -62 21 44 -5 14 77 -16 -59 74 -43 27 -23 61 86 -70 38 84 35 22 -89 -4 -86 98 83 48 -84 69 -36 63 53 -19 81 -13 89 -40 99 -95 62 -65 91 4 -80 -76 7 25 19 -10 57 13 -10 -93 90 -18 -24 -74 75 -88 -20 86 -37 78 -22 -25 -81 8 -84 -15 -4 56 -52 -8 -46 35 8 -48 -9 -38 82 0 19 -60 6 -26 91 -71 -42 -12 -23 60 -1 -71 -53 80 34 91 97 86 8 25 2 17 -74 87 -30 70 -49 23 -43 82 -67 14 62 83 64 -22 19 -52 22 31 55 -70 43 23 3 -19 -12 65 -91 38 90 80 80 -3 -70 -88 -35 5 23 13 -22 -2 -89 -19 37 -13 94 -99 27 15 78 26 -42 -54 58 93 -71 -46 20 -72 -37 72 -38 -18 42 4 -90 54 6 66 -20 -40 -23 45 35 79 -91 61 35 88 -20 34 47 44 
-91 0 5 90 -99 35 -13 -61 45 -3 36 -76 7 36 -41 64 75 -56 52 62 -81 -40 69 -15 85 -89 -25 -20 -10 39 -3 50 -21 -86 57 -69 8 -76 -42 -12 56 -53 73 -74 -56 -39 52 -76 -66 56 -45 -49 -50 -62 -10 -1 91 -64 -55 46 80 -9 -61 38 -48 35 66 23 -15 -20 17 -73 73 -14 44 -94 63 38 41 -28 -78 81 12 82 -73 -95 -14 -76 92 -2 -11 -80 53 -18 -34 99 57 43 96 8 -53 29 59 36 -46 -21 2 11 93 -77 -9 49 89 -34 26 13 22 -83 59 53 36 91 99 -6 -41 -35 49 85 -95 -55 -41 88 -12 -43 59 91 2 -22 8 -47 72 67 46 89 -63 -88 17 58 -15 89 -42 46 -17 3 -54 95 23 91 40 78 14 -55 76 -39 -21 46 69 34 98 -95 -61 -65 16 -14 30 -79 8 -77 78 -35 10 71 39 -78 -95 48 75 -58 -12 39 1 55 -48 -91 -49 87 -94 40 24 31 -93 6 83 -8 -10 -76 -89 -62 24 -4 52 -25 -61 38 12 -69 18 -58 -82 17 39 17 73 25 -67 -36 95 -44 0 -53 2 13 1 60 9 -12 34 52 -61 93 24 -76 -74 24 -8 27 -8 -49 -78 -74 -87 31 8 -37 13 87 79 35 -27 86 -62 36 26 -60 67 -25 95 81 -94 -61 40 39 -47 27 -34 80 -30 74 -23 24 58 37 47 -73 39 74 -80 -22 31 -22 -79 92 -25 -94 0 -65 38 50 70 61 4 -50 22 -79 73 27 52 -60 -82 74 45 86 -17 -23 -12 71 -9 82 -27 -13 -62 38 26 20 14 18 42 83 25 -81 -63 79 -91 -88 -29 47 90 35 75 28 59 -12 18 -27 -36 -26 11 66 -36 -88 -34 41 -71 -4 -14 7 -64 96 78 31 -80 -57 47 -17 -86 -86 -17 -42 91 29 8 -2 66 -97 62 11 -19 -79 -59 5 43 82 -31 25 46 27 -89 23 -1 -6 -14 -10 -75 9 30 -20 88 -92 -27 85 6 -19 31 67 -78 -97 27 25 -6 38 80 12 86 45 -67 53 44 -33 -10 -67 -21 25 49 -68 -44 73 -69 44 -47 -92 60 -39 -54 -8 8 82 54 68 -28 69 -58 -56 -53 -92 3 -89 -46 -61 56 -19 92 29 91 -97 -32 57 -92 82 2 -25 -65 -75 50 8 66 -41 -52 50 71 9 36 26 -57 -17 66 7 -55 56 -59 54 -5 -35 -34 -30 68 -67 -11 64 56 -20 -19 -63 -22 97 23 83 -94 -92 71 75 
94 -3 -30 8 27 -35 47 55 -23 -17 82 2 -47 -56 -29 39 86 -47 -97 14 54 39 77 -10 3 -37 73 70 -24 -71 76 92 22 -35 -61 -44 71 28 -91 26 78 -74 -89 81 2 70 80 85 -31 60 -88 -5 65 63 -80 88 -23 -83 -90 81 -28 -27 -56 -70 1 -23 -15 40 62 -28 16 -10 71 -85 -92 18 -77 93 79 53 -16 17 -33 -75 -29 -82 -54 83 -18 85 -85 -74 -99 53 65 -87 22 -40 97 60 37 -7 -51 -21 93 -95 30 -28 -53 92 -33 -85 -87 -19 29 85 93 62 74 56 -58 -5 22 -90 -52 -19 45 -4 56 34 12 -86 -57 -50 -37 54 59 -15 -16 60 82 -59 18 73 47 -96 74 -81 4 86 34 49 28 93 43 97 10 26 -33 95 -80 51 74 -12 -97 -36 -4 -25 63 40 19 32 51 -90 57 25 -5 67 -46 32 -83 -22 -32 67 -73 -35 0 -77 -99 59 58 23 -60 -76 -86 -93 25 18 -5 58 -21 -52 -1 -2 18 64 -80 -34 75 -48 -64 -6 28 -17 98 12 -34 52 -3 40 7 -56 28 90 94 95 33 51 -72 26 -77 54 -7 -85 64 32 -69 66 -80 -16 50 95 32 66 -87 79 -74 -52 -79 59 79 -58 32 -62 64 98 1 70 -47 -99 73 -36 21 -57 -62 80 38 -29 48 -91 50 -1 64 -31 -67 77 -11 -25 31 99 81 24 44 9 -74 -35 33 82 61 83 2 -37 39 -65 7 -70 89 -23 -46 12 72 -25 52 -42 -27 -30 7 -50 -76 -95 72 55 -85 -23 31 -11 78 -58 -52 -30 -81 30 -9 -91 -87 -94 80 52 40 1 -75 -16 -43 51 -56 -27 11 28 -92 35 -38 -34 56 -99 -67 11 -74 57 67 -16 -35 -78 1 5 -58 37 -37 -93 -79 -92 25 -57 75 75 95 -21 -44 -84 -72 -1 93 -20 -6 -78 -66 16 95 82 25 86 -25 -65 -9 56 -91 -38 -43 -57 -97 96 17 -73 -7 -76 77 -92 63 -64 65 22 -17 4 41 62 24 59 67 11 -58 -56 -24 -24 67 -34 -59 -74 -39 -15 17 52 92 -37 -60 -35 -62 -7 -51 -71 83 89 62 89 80 -43 36 -12 -33 -66 -33 -76 55 8 -34 55 -11 -23 -56 -26 -15 20 -19 18 5 56 4 43 -98 -3 51 -51 21 8 82 -52 -25 -96 -88 -43 -14 25 20 21 -67 20 66 18 94 -66 75 78 -10 78 54 56 23 -11 72 77 35 -23 28 75 55 52 6 49 61 83 46 67 
19 10 -38 2 -85 52 24 -16 -77 -5 22 75 95 97 -76 13 -88 -28 84 11 6 -96 0 44 -54 -21 -6 16 -14 0 -34 -20 -10 -36 -60 -74 59 -92 68 -94 -15 -81 -47 31 -65 11 17 96 79 72 -74 -46 56 11 99 21 -37 76 -47 94 -31 -48 5 -16 -72 -45 46 12 64 48 -96 -39 45 -14 -88 42 53 -50 -86 75 50 93 30 -27 -55 -7 -57 -67 90 26 0 -38 13 -33 -19 63 -20 -19 -14 -19 -55 69 -15 93 39 79 23 -31 -24 40 -65 84 -10 -35 -24 36 -59 8 -47 70 -41 41 -64 -74 32 -64 55 -33 3 36 9 -21 92 93 -25 -59 -43 75 92 29 7 68 15 18 -86 -56 85 -62 91 12 -98 -48 41 61 -32 -13 -79 12 70 -63 34 -22 47 -19 -54 -28 86 36 -39 -86 69 7 96 20 -97 -65 14 -47 30 -32 26 -47 -27 -6 59 24 -13 -23 83 76 11 -87 21 57 -24 -5 -11 20 74 78 -72 -74 -18 49 38 9 89 -79 63 -92 90 -20 19 44 95 41 -85 -70 29 90 -93 74 -55 63 95 -75 84 -15 -48 15 -23 57 -18 -21 73 -3 8 10 82 92 78 -77 96 57 -79 -40 14 99 85 -29 75 -50 87 14 84 52 27 -44 -60 -48 10 -6 -26 -5 91 -68 -3 55 27 -71 -1 62 58 -29 -46 44 -35 -30 -52 5 -36 -60 -81 -59 -31 -37 -14 -28 39 -76 55 -81 -82 61 -6 -57 -60 -93 86 -75 -40 0 35 72 43 -41 50 14 95 10 -3 -43 -13 24 -35 -56 7 -78 -47 13 -4 -1 -44 9 -56 -86 -89 -86 52 86 -46 -1 54 -13 4 -9 -8 -79 49 4 -29 73 76 -18 40 5 34 -62 -95 -50 -96 -6 76 78 -18 40 -66 45 75 82 69 -12 -43 -94 67 -20 -73 53 -31 -49 31 80 25 20 -23 70 -81 -4 23 -5 -58 -27 -36 94 -28 -10 -49 -73 -85 11 -12 -79 -57 -14 68 96 68 4 -30 -13 24 -58 19 -63 -59 -31 36 42 -71 -97 -23 -49 -22 43 11 -8 85 -42 -41 -56 89 97 -42 -3 -61 -79 69 57 -91 74 -84 83 49 -18 49 33 -87 -95 73 79 -38 30 83 68 -12 76 -70 -74 65 67 48 63 -23 -81 42 -94 33 -42 23 -34 16 6 90 -70 -17 88 -29 52 -85 5 49 -7 -50 -56 78 -88 -12 -17 19 -36 74 65 9 86 73 -49 -22 -58 50 -70 6 31 -66 -60 -33 8 -56 -59 45 45 
-34 45 73 88 70 -61 44 -66 -23 69 -6 2 -81 97 41 -22 54 67 -87 24 58 -71 36 -42 -20 14 94 31 94 13 80 -42 -67 -69 66 -29 -48 40 -60 -44 -3 -24 -90 36 -79 37 -42 -4 -25 70 7 -29 -94 -21 16 11 -11 99 -26 7 -86 44 -39 -38 -9 -41 30 -64 63 -66 -60 -42 -61 -70 -96 22 -89 -47 -80 96 70 90 -98 29 -48 95 56 89 -94 -77 45 39 -14 -31 -13 62 -33 27 43 -85 -77 -97 94 83 70 28 -8 -57 -32 -24 29 -4 -49 54 -17 -59 -61 -40 -50 -18 55 -56 99 -6 83 47 3 24 60 93 66 -72 -41 91 2 -93 40 28 70 -52 82 34 8 -88 -55 85 47 -56 -82 -83 33 -22 -58 -48 -62 33 18 74 67 43 56 -23 2 -38 46 -91 8 96 -61 81 47 78 -40 -16 -83 -52 24 -31 41 39 -80 37 57 -73 48 63 -27 -50 -84 35 48 9 -20 30 33 33 40 23 66 16 42 71 -26 75 80 -55 32 48 -63 19 -13 -11 23 -78 -16 41 -97 60 34 94 82 49 -38 -91 -93 -70 -40 -80 41 -97 13 60 1 10 51 -26 -93 97 -24 -24 81 79 53 -13 82 36 55 30 14 49 90 -80 -63 -38 37 25 -45 18 -12 26 -71 -59 29 -14 45 -31 26 36 -55 -45 -17 65 -33 55 89 53 3 -94 -9 30 70 -62 -4 -31 -59 -52 46 -65 24 -33 6 56 -40 63 43 -88 -80 -47 -79 90 -49 87 99 -59 81 50 90 -27 -69 -14 -74 75 2 91 80 -49 5 -88 43 -87 -7 -26 48 -56 -26 -11 59 -82 -53 92 -95 -8 55 -67 52 -10 -41 27 61 92 60 -6 -62 28 56 8 -46 3 85 87 -39 -69 -84 -96 28 -19 -13 -31 31 -18 -40 -82 30 27 -96 -11 -87 99 -21 14 -45 -14 97 -87 -81 -19 -74 -87 -29 90 -83 -28 -57 -81 97 78 69 90 -5 -21 56 44 -24 17 -43 -92 53 82 -35 47 35 -33 4 -73 -4 51 40 -12 11 -38 34 -58 11 56 -53 -95 86 -46 -88 -39 41 62 44 74 -79 -22 28 -21 41 -28 -29 -22 -69 -96 -81 14 86 -86 84 -69 -35 -28 -8 -83 63 96 77 14 77 47 38 39 78 -13 -14 68 32 -19 62 79 -83 73 -23 63 51 -28 23 45 79 2 -19 -75 14 89 -97 -65 77 -26 -19 -66 -90 69 12 70 -26 55 -51 54 63 -60 -42 11 41 -62 -97 -95 -41 49 -14 -22 
64 14 72 -90 35 -9 -95 -55 39 -31 -80 45 70 -5 75 28 -25 93 15 22 78 27 30 3 -44 -91 16 -3 63 8 22 2 -22 -24 -89 56 -52 -52 -48 -7 -22 24 35 -40 90 62 16 -86 38 -73 77 -10 -78 12 68 50 46 -8 -69 -64 86 50 25 66 -66 -89 -68 -34 -82 28 72 86 -30 -55 79 -15 16 -95 35 94 -97 -92 -24 7 -53 -72 -58 42 79 57 71 74 -6 -91 37 -48 -40 34 -87 -65 -42 -39 -22 -3 -61 -71 20 -8 -64 -49 11 -37 -48 -14 95 -49 -42 67 -65 -37 0 -97 12 -68 2 40 -90 68 -3 -38 -87 20 -7 -61 57 -9 -15 -91 -34 77 53 91 37 10 13 41 -31 -8 -65 57 -58 93 -1 -78 69 -79 -99 -29 40 -81 -37 -95 69 43 -7 84 -22 94 54 -60 41 -94 84 -51 84 89 32 13 71 -66 -29 -19 5 -56 -86 -28 -26 17 -5 -50 41 -95 -45 -67 65 55 42 -19 -45 35 -58 -53 -82 31 -77 -62 -63 81 60 -27 26 -57 6 54 -90 -79 25 -95 1 28 37 27 -64 -78 52 47 63 -66 67 -56 -54 -35 -48 -23 -57 -90 -25 5 -76 97 65 52 -63 -57 91 90 -77 -9 62 36 39 53 22 44 91 30 44 -19 -93 -79 -21 13 -73 67 -98 12 11 89 29 -41 -80 11 60 -87 -83 27 -8 94 57 20 -67 10 56 23 60 -24 92 -15 -35 -8 46 21 63 95 -54 20 -10 27 -36 -52 -18 -65 -52 59 36 12 -42 -89 50 5 69 -34 -9 -66 33 31 39 -76 64 -33 -35 3 -49 68 -15 90 2 -67 58 -8 -12 27 45 68 -92 39 -34 6 4 12 -10 84 62 -46 34 40 28 -1 93 -82 81 -73 -31 65 98 58 -8 29 -96 8 -70 -58 -52 95 9 87 -87 -20 64 73 3 -94 -21 63 -45 67 41 -35 -20 76 2 -15 30 -96 -47 26 -84 16 -24 4 9 79 71 38 -12 86 -23 50 20 -62 -71 -70 -78 -2 32 -69 -60 86 38 65 40 45 -9 15 7 37 0 61 -94 -71 4 -97 84 9 -69 41 1 -38 97 -55 -96 -69 1 13 70 -73 74 7 -40 23 26 -33 -27 49 -67 27 -8 -39 43 77 -81 -53 -70 10 44 -46 1 37 -45 44 -35 86 45 75 -32 29 -29 -45 -52 74 34 49 -12 -46 19 -76 77 35 -26 5 -74 42 -50 -17 46 73 82 35 -45 -89 32 21 -47 -12 9 -17 30 9 -40 43 
-65 43 -72 98 86 -24 -32 -59 55 -84 88 61 -62 -80 73 -21 96 -99 4 68 -92 -58 -39 8 14 91 36 93 -98 -85 -16 -85 -97 88 22 -64 -71 43 87 60 -58 9 -49 51 15 2 -20 39 66 -36 93 -99 92 -61 16 -49 -53 -99 -17 9 72 -28 -62 -12 -42 45 -92 -45 34 95 57 10 -9 -83 55 -7 72 -86 -33 -36 -77 -69 49 70 52 -95 16 -44 -3 -85 -18 29 80 -67 -73 -21 59 13 52 -88 -98 67 -29 -54 -95 -30 43 64 70 69 13 -85 10 -2 -86 -49 -92 -91 -72 26 -13 96 -87 -53 -23 13 -62 -36 -59 86 74 56 11 -40 -66 51 30 -38 -35 9 -52 19 -88 17 -11 25 75 6 93 79 -5 62 52 71 67 -13 -9 92 99 -18 -83 22 2 -61 85 -35 -72 73 91 82 -46 65 -41 -95 66 26 28 66 -62 0 24 8 8 -76 44 58 -49 -66 -69 44 91 35 15 -25 -56 0 95 74 85 -77 -72 49 -46 -99 67 -67 93 -9 78 41 -21 56 -42 18 -96 -31 55 -57 -52 5 52 72 2 -44 40 24 -49 -19 -76 -61 -51 2 89 -21 54 76 16 -97 87 -75 -67 -6 -39 -5 2 91 -34 -82 -41 68 -13 -23 -13 -90 -66 71 -22 49 24 49 30 -60 73 82 -92 -88 92 -13 -69 80 26 2 35 34 -78 -66 -25 73 -47 52 9 45 76 56 -52 18 1 70 58 -75 -89 2 -9 -11 -40 -42 89 90 48 53 -22 58 -37 94 73 -64 46 -51 4 8 41 18 -29 -57 -28 13 -6 -79 -69 -60 93 51 32 -67 92 -73 54 -10 57 81 -16 58 -25 -42 29 -31 -89 -3 -1 -49 2 -67 82 22 -79 -39 -26 45 30 71 62 -40 71 96 26 -36 0 55 -49 -33 79 50 39 -51 -86 98 38 20 -71 -17 -10 75 55 14 -56 -99 -15 -39 -71 -86 72 -12 -52 41 -40 -79 10 -85 91 -62 -79 39 -64 23 -33 -32 -99 -73 -50 -58 18 52 -93 22 -99 15 34 53 -4 69 95 9 -16 -86 -48 -10 41 48 -22 31 59 71 -19 53 -83 90 -2 53 88 -48 66 52 -85 26 -80 -80 -83 27 47 -92 40 7 -55 -49 -59 -43 -14 42 -25 65 -61 -75 -94 76 29 21 29 -64 -89 -28 -57 -53 39 -96 3 56 74 -7 -3 72 -50 -78 -24 23 93 54 -37 20 -95 -70 67 -46 -22 -99 79 -92 -26 -88 -77 41 28 -79 40 -54 -70 75 -22 -44 -35 96 
-53 -33 -7 -18 44 30 -28 -70 -17 4 -23 -55 3 25 -71 93 77 45 -61 -71 94 84 86 -75 -61 46 -54 -26 -84 -66 -4 -88 18 -74 37 70 -69 2 22 -48 -17 4 84 78 -87 -15 37 67 38 34 -77 -99 -46 3 34 39 37 74 -90 -95 1 -71 54 -48 -92 -45 -44 -67 34 -89 99 -78 -81 -24 54 -51 -25 7 94 -50 -50 79 7 -46 22 -66 98 -51 -12 -79 -79 68 2 74 35 -43 24 59 37 74 67 -78 2 -60 64 8 -7 -62 9 52 -97 -37 -23 -15 17 -89 1 -58 -14 -35 81 1 25 27 -70 -98 -17 31 24 -92 -22 -98 -81 -68 13 -2 0 -85 19 -77 -47 17 -54 -42 66 -50 58 23 34 84 17 30 59 -3 -53 -94 -89 -64 86 -24 -57 28 91 -89 -75 -36 88 55 24 43 62 -58 54 -8 -81 16 -58 -34 -83 -30 -16 87 -11 -82 -26 51 24 -8 -20 -34 -52 17 58 13 -99 31 -64 -25 67 -36 11 1 69 -2 -61 -3 63 -20 -27 -42 -14 62 -46 67 -87 92 55 37 6 2 21 -92 47 15 -34 50 -59 -46 -89 -22 66 -61 16 56 60 57 79 -20 -35 -76 41 -88 77 -30 27 -60 77 -13 -85 20 56 -50 98 76 10 -78 -30 -76 97 -68 -76 -78 -51 91 70 76 5 -21 60 -46 90 81 10 75 13 -70 2 -52 -78 58 10 67 16 10 50 -19 77 -80 -45 79 62 -21 95 -54 -75 -39 -77 56 -48 -80 -19 56 53 -83 52 25 -40 69 -13 64 25 -6 43 37 72 -14 33 -74 99 -43 -15 25 -56 77 57 -78 13 -15 31 -13 -40 -2 -83 93 76 -11 -77 -64 97 84 3 58 -18 -87 27 -15 92 -22 44 12 -59 72 -96 67 61 31 86 49 49 93 99 -11 -97 -37 -76 -5 -4 89 85 43 -47 29 51 -40 67 93 -42 -38 88 50 64 69 -56 70 64 -94 81 12 41 57 -54 -84 11 -89 0 55 -95 24 63 -31 -80 -23 -1 53 -88 63 98 -20 7 15 86 -41 -16 58 65 -16 69 -31 14 17 23 4 95 41 28 65 -51 85 -60 -96 -61 74 -16 -99 -16 -61 11 57 42 -92 62 55 54 27 8 66 6 -57 -99 82 -48 -56 47 -57 -98 -44 -72 -41 -75 20 88 18 32 83 -53 35 6 -38 85 29 8 -86 53 -13 -22 2 -15 43 80 36 49 -65 62 -19 -24 -9 50 -24 -4 29 -80 -9 -75 20 28 -32 -9 -65 -24 93 
-79 -75 -14 -75 24 45 -80 0 -56 71 15 52 55 -56 -71 81 -17 -6 -32 -22 -33 42 1 91 66 84 93 -4 79 13 -53 68 78 -46 -20 -31 -2 -6 -46 -40 -40 25 15 -58 -97 53 -53 -36 20 -73 -34 -65 -47 92 -15 -21 44 53 8 -2 84 -52 -13 -16 -96 57 -62 -33 -22 60 34 53 86 -90 32 81 -45 6 54 -31 21 26 97 -82 46 71 -37 -62 36 29 -38 -32 60 -54 43 32 -18 36 -47 67 78 66 -72 -51 90 59 -35 13 87 74 8 -58 94 -7 -35 25 -81 -67 -91 83 -69 -23 25 -4 -26 76 9 36 15 89 -67 -80 -73 -38 81 6 49 4 -12 -92 -42 -74 -29 81 -67 -78 -21 -16 20 92 -59 26 62 -74 14 -67 -99 71 -77 47 83 75 -3 65 -70 96 18 -48 90 70 25 -36 0 87 55 24 71 -95 -99 16 -87 28 58 5 -54 98 24 58 -31 -76 -99 77 -87 -15 76 8 -61 77 10 7 48 46 77 78 26 20 -15 28 91 29 99 44 5 15 3 24 -58 -85 -36 -49 11 24 74 37 7 -63 -84 16 52 46 72 22 74 -84 -42 42 -35 44 -37 -80 -44 45 26 81 -49 -10 66 46 -78 56 84 81 -20 25 -14 -68 -82 44 -61 -81 -51 -65 -30 75 30 58 28 8 -13 9 -62 -49 -62 30 78 -93 52 18 16 -67 6 3 54 19 -65 -25 57 62 -25 18 -20 -25 83 76 75 8 24 51 59 26 43 -37 5 71 88 61 -3 -75 54 29 -33 39 23 93 85 96 -83 51 55 25 86 -35 88 -60 -41 -4 44 26 77 -2 -96 -25 -2 79 -61 59 -91 -59 70 -93 -50 -54 -21 85 -15 -3 -65 -63 14 -40 29 47 -57 -80 -6 63 57 82 -57 29 53 1 25 -37 28 64 -75 -78 8 2 -67 51 40 89 -7 18 13 -85 -95 -69 -42 70 -31 51 -57 46 -33 27 37 -79 -16 12 1 -44 -33 -72 -45 17 95 -38 -88 -25 -37 -82 12 43 25 82 -56 -94 47 97 -7 81 14 53 66 -95 -40 -62 8 91 -74 68 10 22 83 -33 47 -32 -4 -87 -78 -82 20 98 61 50 -24 -48 -9 -39 89 83 -55 19 -17 35 73 -15 -59 67 -80 -95 4 -16 -48 -44 78 76 -48 8 49 69 -80 -50 -24 12 -39 86 -45 60 80 67 40 32 -50 42 -94 71 35 -93 17 51 -94 -2 71 43 75 39 -3 -51 27 92 92 21 99 55 -20 39 
-66 -78 17 -59 53 73 -15 -16 -77 35 23 2 3 -49 -84 18 -59 8 -78 -42 9 -47 -99 -96 -54 -28 41 -78 -96 13 63 59 47 -78 33 18 -73 90 89 -62 92 78 -73 27 73 58 -30 59 -83 30 -35 -62 29 -92 -6 24 27 58 23 20 -50 65 -66 -21 78 -18 16 -49 31 25 -65 60 67 -81 15 -22 -12 37 62 -35 -97 25 -46 86 54 -26 96 22 33 27 -21 63 38 48 46 -1 -78 60 -73 89 77 -19 44 11 -34 -39 -97 -20 2 89 86 83 12 16 54 3 53 85 -29 -28 -91 18 -70 22 11 61 2 87 -87 -24 -61 -49 22 -76 20 78 -44 74 -51 55 -51 79 17 63 7 19 -18 52 36 40 61 -22 -93 29 39 35 27 67 12 36 37 -54 -96 76 0 -53 -53 -19 46 -75 58 56 -23 -65 -94 -20 92 50 -74 -43 -71 97 89 -93 63 58 86 1 23 92 37 -63 56 -19 18 -26 58 8 -14 0 -35 38 -51 61 -56 42 84 70 -78 50 -43 -60 -99 -89 -75 -81 -73 95 61 -85 -20 22 -19 -90 -87 23 -38 -21 24 60 45 45 -55 72 17 47 -45 57 31 2 -7 -40 91 49 -97 -69 -20 6 -46 -2 35 -66 -8 8 94 -99 -74 8 22 -77 36 -13 -23 -11 -62 -54 73 20 27 91 -31 5 -83 -21 -39 99 -70 -59 -52 -76 -15 14 21 -23 -1 61 -92 88 -68 69 -98 65 13 -69 -84 -1 4 40 72 13 25 -10 0 72 -51 -27 4 -68 89 -21 69 -81 -29 -10 -84 61 -12 -77 27 14 74 2 -85 29 -13 33 7 -58 51 67 -84 90 -77 -8 -26 90 -74 67 77 16 70 20 60 72 -89 -31 27 31 -75 -2 11 -20 -52 -70 -11 -65 33 96 7 41 -33 -1 -19 -54 76 65 16 -22 -71 -15 46 -12 -62 97 -13 24 -22 54 5 26 -46 -47 -43 -82 -13 -92 -3 62 8 54 86 87 -50 71 -2 -99 85 41 -64 15 85 -90 -10 41 4 -91 57 -22 -71 14 -81 19 -69 -17 -87 -78 -55 -83 24 -11 14 98 29 33 44 -16 -97 -28 -68 14 17 42 34 -44 -65 -64 -39 -56 95 -98 -34 10 -89 73 -40 79 -64 -17 16 3 -31 -11 63 89 95 -9 76 -38 -20 -59 -94 -60 -41 66 -71 -33 48 -9 -54 -39 -65 55 -66 2 5 83 -77 30 99 52 -25 72 74 30 20 -55 95 -94 47 97 -73 82 80 -30 73 -14 -99 -85 -83 -42 
74 42 89 -2 61 -56 -27 41 80 18 19 46 -22 -35 63 -24 -14 47 -86 -52 7 8 -15 -96 -28 -81 15 -1 -74 -33 -65 -50 -91 68 21 -84 -47 52 -71 34 -61 -44 58 -24 90 44 71 -10 -18 -25 49 -79 51 43 11 -62 12 -2 54 -70 -37 87 -88 41 -9 -18 0 93 -73 -59 1 -24 53 18 60 81 26 5 -21 -74 -61 99 17 -11 -13 13 73 82 -59 -55 73 -98 -55 -96 -66 -65 -93 -13 45 -92 12 -48 63 13 86 -25 12 -35 10 73 82 4 99 -72 7 77 -66 -75 -83 62 81 28 33 -69 -11 -95 -32 99 25 -46 -12 -32 86 88 2 -15 85 -7 -19 -74 -87 68 17 5 -47 -43 -45 10 58 46 -32 35 68 -86 -28 -70 55 -27 -7 31 -44 9 70 -23 5 85 -17 29 5 -30 -88 24 -81 73 -27 72 -32 79 -56 37 -95 -90 64 50 46 -5 10 -25 16 -74 1 53 25 -52 81 67 69 6 -15 -89 48 -72 98 -49 -78 33 11 -20 -75 55 -63 -26 -2 -90 60 -11 76 60 13 37 -76 -97 -69 -12 -63 -43 24 -64 91 -25 -3 -42 -1 22 46 24 -66 88 76 -70 -81 -31 -92 63 -93 35 -51 -40 -4 29 -8 -81 -56 -22 63 -48 -94 87 44 40 67 -87 24 61 -50 2 -62 -72 -60 -24 -74 19 21 -96 42 -88 49 6 -58 35 -45 -51 -96 -86 -48 85 96 -42 62 54 36 66 33 4 13 75 -91 -52 36 -28 41 28 -73 -23 -50 4 75 -47 18 -62 60 -83 84 63 -17 16 7 24 69 47 -86 31 38 64 74 -38 -72 15 -5 66 82 96 50 42 61 -43 -62 76 -49 -81 -11 -60 5 1 27 78 12 47 -55 -81 -95 24 14 -74 35 -20 -11 -40 -60 58 -93 94 -33 4 -41 73 55 80 -73 58 -39 -30 -84 53 89 -20 3 -37 51 -10 -23 25 -64 -12 97 -31 91 54 -49 38 -96 79 -11 -33 55 27 6 -24 51 27 39 13 7 -40 -71 -87 -93 -23 14 -53 42 -9 -99 61 41 4 8 60 17 -42 52 -37 83 -85 31 12 61 -73 -59 -67 -69 -25 -21 -62 -58 -24 9 -49 -72 9 -93 -74 3 93 86 75 45 27 -96 23 -33 -10 24 96 26 -36 5 -45 -90 91 -41 -78 61 -3 25 88 24 64 44 -5 -94 -76 -93 54 32 -97 -44 42 -13 -18 -10 -51 -23 12 -17 -2 -46 -12 -76 49 -60 -57 36 -81 18 -5 -29 -83 -2 -31 
-93 68 68 -70 85 -49 40 50 38 -65 48 82 -85 -14 -40 -83 -46 22 -29 -22 -83 77 99 -4 -72 25 -9 -99 57 -59 81 61 -88 55 60 -67 93 97 18 68 -20 -78 26 41 -92 -51 -23 90 -58 -15 58 85 -43 20 -46 -73 98 -59 50 -59 -98 -63 -91 78 88 -93 -65 0 -39 -95 -98 47 67 -34 61 68 -89 46 -34 82 -1 -98 -54 -38 -4 -16 -55 -24 63 29 -58 -94 34 -54 -77 49 43 31 93 30 -36 -22 -28 -23 -27 28 -91 66 -90 17 13 -61 89 -22 -27 -48 33 8 60 15 -21 -20 -39 14 -34 -63 -82 34 29 -97 84 15 89 -15 -76 7 -57 -3 -66 -28 6 -5 14 66 -44 86 25 -39 48 -76 33 6 51 79 12 -87 53 75 -38 -76 -53 56 -67 42 -27 -9 63 -16 70 23 49 76 -57 -89 13 -30 -81 95 69 -72 -70 27 -55 79 -71 -55 15 14 -36 57 5 -33 -59 25 10 -36 -39 -76 44 -17 31 55 -19 -91 47 22 66 -17 81 -68 -49 17 -53 77 85 -76 43 -80 35 23 -53 39 76 47 -66 69 -33 60 45 -95 63 -23 -57 34 66 20 22 52 41 -1 57 56 -8 24 82 27 94 -75 67 13 15 76 26 39 -49 72 -36 -21 -65 -92 64 -80 66 31 -97 -32 55 63 -49 -81 -47 10 -29 -12 64 -95 97 -39 88 32 58 28 -89 70 10 8 13 -83 47 73 -10 44 -97 82 75 -22 -10 -10 -90 -83 28 -65 -41 38 -70 47 -19 -19 -1 -44 63 23 -19 -36 25 66 17 89 -1 80 44 -67 -48 -94 89 38 -6 73 59 30 4 20 96 8 -32 -4 85 11 -93 67 40 -44 96 38 -85 82 72 22 77 90 -16 -38 -2 -64 57 87 -66 -41 -63 8 14 -50 60 -19 -25 -87 95 -33 32 55 12 -57 52 -36 -60 46 -15 -24 -20 55 67 14 61 55 58 -78 19 16 -75 11 -35 -35 -65 70 11 97 65 -52 73 -12 -51 83 85 80 -20 46 95 46 97 -38 19 -87 43 -7 -66 -52 94 -6 -38 80 62 29 -48 89 83 43 3 -34 78 77 44 -2 -10 -2 -75 -82 13 -69 -56 65 67 24 10 -27 -93 22 -15 -7 83 -83 26 -35 -7 -28 -16 -40 -34 -84 59 78 38 61 32 97 24 27 -57 53 -10 77 75 -39 24 75 51 -25 -60 -43 75 -96 48 51 -38 -83 -56 61 91 44 -66 -69 20 -45 84 52 70 14 30 -69 28 48 
-9 73 28 85 -55 88 -81 88 2 -15 15 -43 -72 86 -67 78 -16 -16 -14 -88 -80 60 66 80 -69 -62 6 -28 -96 -4 19 27 76 34 21 20 -84 -31 2 -88 65 88 88 -9 37 -24 -19 22 99 86 -75 26 -33 -60 61 -34 -59 62 -99 91 47 -94 97 77 21 -59 82 -21 70 -52 -97 70 -51 -22 63 9 -63 1 29 81 -13 -20 -22 -54 98 -67 14 87 -78 -31 -41 -9 -86 6 -75 -20 -88 98 54 64 55 -79 -97 89 -17 28 -16 -91 36 -95 -55 88 -78 71 90 -76 -82 -67 10 82 -71 62 -2 46 0 -93 41 14 78 13 57 81 95 -89 95 -81 -54 74 -24 -51 -80 95 8 -98 25 -40 93 -86 71 -39 -48 -49 60 -55 51 2 -18 13 -1 86 -32 -83 -39 -4 61 -60 -78 8 -74 16 41 19 -44 41 -22 9 -3 -88 92 -40 54 -97 -50 -11 -3 11 -41 -41 -18 -10 98 0 2 -26 -24 1 4 23 -34 -98 57 80 -69 37 21 -59 26 62 -80 -79 6 72 73 39 -3 -12 -5 -12 -21 -83 -98 -31 -15 -78 51 7 63 54 -47 -27 91 -29 55 26 72 85 -93 54 5 75 -83 -25 33 -45 -87 -87 30 -97 -41 64 -22 39 87 6 46 45 97 -28 -74 75 -17 -70 44 -49 80 -62 -25 5 49 -94 -90 -42 27 -71 -15 75 5 62 -67 49 -29 25 -29 50 66 92 88 62 35 82 13 78 16 30 -87 9 71 32 -43 -63 -68 -53 17 47 2 -40 18 63 94 23 66 -26 94 47 -82 -30 76 9 -74 92 -62 21 58 41 17 75 -2 3 -54 -14 -47 -18 82 27 16 -87 -95 -85 34 45 -96 -76 8 -81 -29 -90 56 48 -64 4 -14 83 -8 -73 -65 39 -65 57 -51 25 -63 -58 -93 -62 9 -11 7 -49 -90 98 82 41 67 93 10 88 -47 -83 -93 -36 42 -81 -23 16 -37 71 -4 -94 -42 -31 93 -9 -14 -34 43 -35 -3 6 -31 54 40 12 25 36 -64 53 -60 -85 -91 34 -2 -42 38 -76 84 95 -6 -78 11 -92 -6 63 36 -81 83 60 66 -81 -20 -84 97 -56 -38 21 0 -23 35 -79 -57 -72 82 94 -59 -33 78 53 -91 -40 -55 5 -41 71 57 -9 64 50 -2 -49 26 17 70 -52 62 39 -10 -47 -40 -95 -62 -56 43 20 -35 -11 -43 -42 31 3 -7 72 48 48 -34 -77 -54 -5 -59 -75 76 29 49 41 23 -69 -52 -13 -51 95 5 24 
63 -35 -52 45 -38 -61 82 -73 77 66 95 -68 55 -96 34 12 -99 -81 42 45 -88 81 -53 -65 -89 86 -82 -4 -89 -65 -22 -29 10 -43 -96 20 55 30 30 96 -23 -4 53 -74 25 22 50 55 9 63 -40 11 -55 89 2 69 -18 -30 -51 -28 -8 85 3 72 22 -46 -25 57 -59 74 -73 55 68 10 -20 8 67 -84 -23 -3 -61 -71 94 -20 -7 -35 -83 -85 -69 -6 28 -18 91 90 -51 23 -10 -79 -97 32 -41 15 44 19 68 -12 -62 29 0 92 53 78 68 11 -4 77 54 13 1 34 98 -97 26 57 15 -42 97 10 47 -50 40 -19 98 -9 69 -33 -58 -61 68 65 -44 56 5 33 24 67 22 -13 -95 -60 -85 -46 72 -96 86 57 20 -47 75 50 43 63 -43 -28 -75 68 97 -27 99 -1 -76 -41 -23 -91 30 29 77 51 80 25 35 43 60 -36 18 -67 36 -63 7 75 -8 57 73 78 -38 34 -16 -22 -93 74 61 37 4 -88 89 75 74 58 76 45 -44 -65 -21 -50 -79 48 80 -79 -85 -54 55 -14 -36 -26 -59 12 -18 92 1 45 18 -62 63 -84 85 24 -37 51 31 79 -15 60 -86 -44 52 83 -75 -44 49 -71 -94 35 90 -61 -76 37 -32 70 -45 -32 -55 -73 32 58 51 -41 93 90 44 54 -61 11 12 -94 96 22 79 -68 -20 -71 -37 -53 -60 -24 -49 -78 16 -18 -82 61 -37 43 -34 -62 33 26 -48 89 96 -66 -37 36 -86 68 -54 -16 -5 34 -64 -90 6 -93 -30 -39 25 -22 -12 -86 64 -29 -66 -81 -98 65 61 -73 -89 -2 71 -42 45 9 -74 74 -47 28 84 27 -89 -81 5 95 71 57 65 18 -15 5 -4 92 36 -70 -59 39 81 9 4 69 40 86 -38 8 -34 65 -82 45 63 98 42 -35 91 97 -16 -38 -81 -21 90 -35 -15 58 21 -36 -17 79 40 17 -46 -55 -52 -64 70 -27 17 -49 -33 12 38 19 68 49 -55 -11 64 24 18 -20 -93 98 -70 -94 75 -39 -51 97 30 71 -87 -26 -13 -27 27 29 0 31 83 -43 -32 -8 98 -6 -65 -55 94 17 36 -87 29 -53 -62 -62 52 76 45 -98 -85 -10 -15 -81 -46 28 60 90 -47 44 -28 -69 -19 -73 -32 -92 89 -32 41 79 45 33 24 -60 -16 -74 -2 48 35 -23 35 32 -36 68 66 63 68 -40 -70 -79 83 -58 -57 39 -87 22 44 -42 -87 65 -87 -24 -11 -50 -72 -22 
-34 39 -54 77 34 99 -70 67 -76 89 -94 43 11 79 -31 -80 -43 9 -54 84 -9 3 22 -28 -82 72 -43 -11 -97 -59 -10 -68 -98 72 -74 -30 55 69 -42 15 64 70 82 26 43 91 27 -97 88 63 -37 -42 -91 90 -63 5 97 -93 54 -34 74 41 0 -3 28 10 -45 96 -53 37 30 -18 37 27 51 8 -53 31 99 48 40 -13 -79 -20 71 34 -29 12 95 13 -96 -82 38 -47 -38 2 99 29 -66 -7 -64 84 66 -33 71 36 82 -52 7 -70 -6 -99 21 -80 24 34 -69 48 -14 -91 61 35 -54 18 -95 -30 20 69 -21 -30 -26 91 -35 24 69 69 44 36 -9 34 95 13 65 96 84 68 25 31 -16 72 -78 -27 63 73 35 -63 34 -84 71 18 -23 -65 68 49 -47 -72 -14 -52 76 -36 -62 17 59 -30 14 -31 -69 33 -45 -19 -26 -20 0 -21 -57 30 -26 38 31 12 -46 29 48 23 -48 90 -66 -69 -25 90 -64 15 28 76 -7 -49 18 -54 38 -56 55 -14 -44 -29 -16 -70 -8 -66 -93 50 -54 74 -13 -19 -2 -70 -25 0 51 99 -58 -51 34 51 50 -44 36 -28 70 -44 65 -73 -17 -88 31 40 -79 57 14 75 -74 63 -60 -85 -33 -22 3 12 -34 -74 29 27 3 70 98 -4 -65 91 -25 -92 -92 82 -85 -95 6 54 79 48 -1 90 -76 -57 3 63 -45 6 -94 89 92 -45 -34 -24 -95 -30 -43 96 -32 32 92 19 -27 -35 13 46 70 -8 -62 -60 -38 -85 88 -79 80 -47 -11 66 46 20 27 -52 5 -92 28 91 94 -85 12 -98 -75 -56 80 33 -91 11 -51 57 61 38 -60 -14 -83 91 73 0 -39 -82 -53 -84 -18 -44 96 13 -7 -50 87 -93 -7 42 -75 51 -34 -28 68 -72 -95 42 23 -43 -71 -47 -84 -22 27 -43 46 77 82 -23 17 85 39 74 98 -91 20 20 -47 85 -25 -3 -72 -57 -65 -43 -96 -76 63 53 26 18 92 -95 -15 -73 -41 19 49 -2 78 -62 23 11 78 -33 26 19 30 -12 -83 -11 58 20 3 -64 52 67 -86 4 -1 99 -45 -59 -46 -2 -55 73 -46 51 68 -97 -40 -68 -2 -42 -64 87 17 26 78 54 82 72 44 11 74 19 52 68 -27 -84 40 98 87 52 24 -73 72 -45 34 19 36 95 -84 21 -12 21 95 18 -42 -92 1 -54 -99 -46 -22 71 81 12 -18 -14 -33 -31 92 31 -14 46 -6 -15 -12 72 
1 -47 29 -26 -83 -69 52 -10 -46 70 80 69 -55 51 -35 -53 -51 92 42 25 67 -24 61 -33 -90 -60 85 -24 2 61 62 20 -97 76 73 33 -22 -85 -71 -49 85 -46 94 13 -30 -40 -48 62 94 33 -13 70 44 -9 -35 11 87 -3 -30 58 30 -27 -59 88 96 79 70 -68 94 89 -33 19 -21 37 -76 71 50 52 79 72 -68 -23 -43 52 -99 -21 3 31 4 -28 35 -60 -26 -2 17 -67 -9 -88 -63 -44 -29 34 -3 72 34 18 -32 69 -65 -27 -18 46 19 74 -57 -28 63 -50 44 52 83 -40 87 28 -91 15 -36 -98 -98 -15 0 20 -37 57 -71 -50 -37 -5 43 -67 91 -37 -97 80 -32 2 -56 -8 -57 -91 -95 -70 60 -77 18 -38 21 -38 0 41 -74 -24 -66 -62 2 -5 82 57 -8 57 -23 77 -39 58 -97 35 95 -34 -26 -92 60 -7 -56 -52 50 -52 -9 -60 78 -28 21 91 -60 21 26 14 -1 16 58 22 -75 91 75 87 -99 90 -84 66 -97 -97 60 5 49 65 68 85 -53 -80 -14 -8 92 -24 -60 24 0 56 -93 -79 43 -53 -62 -90 12 47 57 -95 -22 22 26 25 66 -57 39 -62 -9 -14 66 18 23 53 -72 43 -12 33 75 -94 7 75 -44 -44 71 80 -56 73 82 3 53 -96 41 9 -4 60 -88 15 -36 -83 10 79 0 -82 -68 24 21 -18 1 64 30 96 41 -60 96 -18 66 -29 -17 34 78 33 -60 85 -82 -61 0 -53 -58 -25 -37 52 12 62 15 52 37 -27 -51 56 82 -79 86 -78 30 -98 64 21 -78 33 -28 74 -13 -59 7 -51 -55 -40 23 -41 -27 75 -20 -48 14 50 1 50 17 -34 6 -52 -38 49 -64 70 -56 11 77 -4 44 -51 39 -29 -23 59 24 -46 -23 82 1 -70 65 31 -30 -85 13 -47 -71 -28 -72 0 -97 31 12 93 19 55 1 -17 94 -79 -45 -76 -70 64 -8 49 -28 -10 -24 48 76 -75 62 20 -33 -63 -82 9 -89 -28 -62 69 92 42 54 23 52 25 -67 -75 91 -93 83 95 -5 -77 25 37 -23 43 20 59 8 -96 -18 82 -49 46 -50 -11 -57 99 -4 -37 40 -51 -44 74 34 85 -85 -59 53 -38 43 65 70 -52 -85 8 -19 61 -34 -18 -34 -77 24 -14 48 -35 -90 56 98 -32 95 -68 -39 14 -38 -57 -27 -91 -31 -68 -86 -78 23 95 -64 31 10 12 66 88 -87 10 1 -1 33 30 65 -90 
-89 38 -70 -46 -56 23 12 -70 29 53 27 59 31 61 16 -13 60 42 -83 29 -26 26 -67 64 -56 -65 -93 -85 -99 -91 84 -7 -21 89 -64 -4 25 13 29 82 30 96 95 0 14 20 -82 52 36 28 16 -36 -84 27 90 24 -82 75 92 12 96 45 69 28 -80 96 26 -7 73 8 -2 23 13 22 27 23 10 96 -11 40 79 -31 -79 81 -78 -18 -6 32 9 -52 -89 64 69 -9 -2 -17 -84 -59 58 -57 -70 41 -19 -2 74 43 81 -86 25 -92 12 38 29 -23 -9 60 -7 -73 -18 -83 34 62 -6 -60 48 -37 56 -5 -1 31 -30 -63 20 78 -15 14 21 -31 -69 23 -22 66 -84 -38 -94 -40 -63 75 43 88 66 -67 -75 -74 54 -64 40 -96 -20 26 42 41 38 -36 10 78 98 43 41 71 -8 -5 98 -85 -28 -43 39 90 79 -6 -37 23 74 99 -74 42 84 -88 -33 -48 -17 69 -95 -92 29 -25 84 -70 86 85 -32 20 98 39 63 -9 -64 -70 -56 -1 18 -17 -43 20 -86 -67 -77 -21 19 91 -75 -20 24 80 82 -41 -86 15 3 -82 -2 -96 14 8 -42 58 59 94 -28 -49 -91 -84 34 35 75 94 -32 -25 54 93 9 58 60 -16 9 -89 -8 -11 10 94 -30 56 88 -44 36 30 93 -15 -76 89 58 -81 -65 0 87 -91 -53 -9 -96 67 -32 11 82 94 31 -41 -13 -93 24 56 -15 -83 -93 87 -37 -70 71 -59 -26 -84 -64 99 53 -38 -59 4 13 -77 -84 -82 62 77 22 85 -52 -91 8 93 24 -88 -49 76 49 16 -88 85 -96 -58 -63 -76 -55 41 21 48 92 37 -48 78 -70 91 99 11 68 37 -43 -69 -76 41 70 -24 -72 -4 -10 33 92 -42 -7 50 75 5 95 -39 35 -85 86 50 57 -1 -91 -31 99 -7 2 5 24 73 -43 -39 12 -73 -50 52 -13 63 -62 -97 83 -2 76 45 51 95 -13 -41 81 53 -51 -47 43 62 -67 83 66 -98 33 26 -90 9 -79 -87 22 29 20 33 -98 -25 36 55 72 25 -3 65 19 15 33 25 70 68 6 -2 -41 5 -13 93 -17 53 -80 -67 -14 -36 57 -74 -86 42 -99 26 55 92 40 62 -81 91 -98 31 -20 66 33 58 -1 1 33 23 55 -31 17 64 18 -21 33 46 -74 17 -43 -4 -77 21 -77 1 -96 -63 18 21 95 76 -15 -5 -55 -23 33 90 10 -77 -13 -70 -67 -77 79 -7 83 -26 
55 -53 80 -51 -12 -79 99 -81 66 -12 53 58 16 25 -45 -46 20 3 73 -95 56 12 -74 65 2 13 -64 -1 11 68 -94 95 -83 -51 82 30 97 88 -29 -19 22 15 -77 38 60 -37 64 63 93 99 -65 -27 -91 47 -18 92 -76 -35 87 -40 -40 14 21 -39 -7 24 -91 30 -54 85 -52 19 59 -28 74 -46 -45 -13 67 -27 2 -77 -86 63 -29 12 91 -40 -20 7 -42 -4 -12 79 -85 20 37 12 -52 80 38 95 -19 -62 94 78 85 -26 84 45 85 10 -75 41 -61 88 -58 53 -19 -77 43 -44 -70 -6 68 -24 -49 -49 -16 76 2 9 -71 29 37 73 88 82 9 -30 77 -52 -77 69 82 18 18 -9 -41 47 -10 -70 96 25 -2 -64 -47 11 -97 -73 -54 -19 -47 3 12 -7 -38 -77 -83 60 -85 -97 12 -33 -72 -62 -54 -52 -93 -58 12 65 70 27 -95 -43 -30 -33 -25 23 -42 83 14 15 94 84 -65 23 -53 -54 99 87 -52 -34 75 -28 -73 32 95 50 -97 7 66 41 -15 89 76 87 63 60 -87 45 -80 -80 -72 0 66 99 -16 -47 -5 31 0 -35 -64 -18 -98 28 94 66 92 12 54 -51 -64 -27 46 86 -64 86 -87 87 -78 41 -2 96 -65 18 -80 58 28 75 -11 -35 33 -42 50 3 -31 60 -50 50 77 -86 18 27 -58 51 -93 -48 48 80 95 12 -61 99 21 -29 67 80 -14 68 48 -50 -42 93 -79 60 74 40 72 59 90 86 -99 97 65 61 -74 66 35 -86 -38 63 69 31 79 -23 25 -72 65 -71 10 65 6 -6 76 -6 -98 62 72 -62 -17 9 -71 44 -71 -30 -55 36 33 1 47 29 4 -44 -96 -32 -28 -46 61 -16 51 33 -53 13 -28 -43 -3 6 -78 82 54 34 -83 -40 87 -48 -28 -68 22 30 -70 -29 -98 -13 12 -58 13 8 88 -21 59 -16 57 -74 98 -28 0 51 -79 97 47 -29 -92 97 71 85 -65 69 19 -87 69 18 -79 -51 -28 -30 -62 67 -40 -99 17 58 93 -1 30 -64 -87 -34 52 15 -75 -1 48 36 1 57 23 -39 54 -49 -26 -26 8 5 -38 -24 41 56 45 40 -80 -40 -78 -70 54 -65 28 -12 51 46 -60 -14 -99 5 80 -14 -87 7 -74 87 -28 47 49 37 -94 91 -14 17 -91 -47 42 -33 -58 -77 -53 -73 -93 -79 89 67 52 -39 53 31 18 -97 8 56 -28 -64 -20 -37 -38 -28 42 -46 -26 71 
-29 38 -85 -1 87 -53 28 95 -49 -88 -36 -14 31 91 68 21 25 76 61 -87 77 -56 47 -7 33 -53 43 99 -77 38 -95 -28 -57 -3 18 92 -87 9 56 8 35 -57 18 -14 48 -95 -69 -33 -61 -88 -42 13 -20 12 91 94 -22 -4 47 -30 -87 -1 -65 -87 -95 -19 52 28 33 -21 -84 -42 82 73 75 8 50 81 17 -34 52 -8 50 83 -16 -52 68 -19 84 62 86 81 74 -57 48 44 38 10 64 -99 8 -55 44 -66 -47 86 18 -98 -9 58 -17 16 73 -35 90 27 72 39 85 26 71 -40 15 99 -80 -30 -92 79 -24 96 -84 92 -24 -76 89 -44 -45 29 -57 75 71 69 29 -54 -47 75 -88 -85 8 -33 0 96 -32 32 38 -19 4 -21 54 -40 -78 -17 -56 89 55 62 -85 8 40 -58 25 -29 70 -58 -93 78 22 96 25 -24 62 -58 -55 -43 -16 -47 36 49 -2 -4 42 -10 -1 7 33 70 9 -99 -74 -34 -58 -71 54 -10 12 99 39 -35 -76 -67 24 3 -40 -95 67 -68 -92 -77 37 -80 -51 42 38 -97 -93 -96 -50 -90 48 -88 -58 72 -96 90 95 99 37 96 67 52 -52 14 43 87 -71 56 -6 44 38 -59 79 -93 83 -63 21 61 57 69 68 43 -40 -37 -4 -4 -50 54 95 25 59 16 -22 87 -37 37 33 12 50 63 29 13 -9 -67 18 19 76 92 -16 -77 -93 -36 45 4 46 -18 0 -29 82 -86 -53 -8 43 69 -98 -26 17 91 89 -8 -20 -81 25 50 24 -44 -83 28 -88 -79 -72 43 28 41 -51 88 -78 29 77 57 -50 87 21 51 -70 64 -86 49 69 63 -14 70 23 -54 -23 66 42 60 -79 -65 -45 91 6 5 -95 21 59 -45 -23 24 98 -55 -85 -6 -98 86 -92 -61 -94 9 59 -97 -24 53 -73 -3 94 -1 63 95 -80 -32 17 75 -86 21 -3 80 71 88 -14 19 77 22 50 -23 -81 75 9 23 -87 -84 -28 85 -73 42 21 -12 1 17 -49 -29 -51 54 21 68 -43 0 13 63 88 7 34 59 -22 -95 -59 46 13 23 -85 -20 -18 -7 -94 87 49 34 79 29 -70 49 12 -7 -10 14 -65 62 -9 -54 -92 9 30 -78 49 -80 -95 -30 -46 -61 -59 -33 83 -66 -93 -43 69 -90 -98 -75 -78 93 -73 -10 -62 -3 -29 99 -25 48 17 -42 -53 83 93 8 76 -94 46 25 99 -14 2 -95 85 6 -38 25 53 86 -80 99 
80 83 52 94 -6 -53 98 -77 1 -57 -86 33 -90 51 88 -64 -63 -17 -67 -26 -97 -80 43 -68 70 44 -36 -27 26 76 21 46 -66 -35 46 46 93 3 -7 59 -80 -6 -94 -3 -46 71 37 4 32 -18 -22 -51 65 -4 56 -30 -98 -39 -54 73 -65 6 67 11 -26 -36 56 -40 -4 -11 18 -19 -51 -88 29 -97 82 97 -91 -56 8 62 -63 45 -65 -63 46 -92 -45 -70 -50 -37 39 -73 67 5 3 -28 -84 44 -92 55 17 54 -44 -66 2 34 14 16 82 43 -39 -22 -19 52 -26 -9 95 -74 -82 -77 -34 40 45 87 39 -67 70 73 -67 -62 10 84 -84 76 -84 29 87 -95 -90 -94 85 -42 25 -55 -41 -9 23 5 -31 34 -77 37 64 63 39 0 -50 -4 -62 83 28 -25 2 -48 -18 -60 -14 -38 26 54 -23 42 -77 -96 -11 -24 65 43 -32 21 -26 -60 16 -98 -76 90 18 -30 44 -39 13 -53 4 -13 25 -68 -35 32 -32 90 -27 54 -63 -35 15 59 14 14 40 21 -59 -59 33 47 24 75 -93 7 26 -97 -18 18 82 3 8 32 0 91 -41 -29 -22 38 26 -27 88 7 56 32 -23 64 -96 -35 -81 65 12 54 85 44 -82 60 -49 96 31 -74 -22 -78 -2 67 -38 -36 68 69 -90 24 33 39 -21 99 26 -6 -66 -8 -45 78 -74 24 -8 88 -86 90 77 -5 -5 -22 9 -67 -21 -99 80 -57 57 73 16 -64 -32 -74 -15 43 -3 -99 -88 -56 52 -5 -95 -7 -34 -25 -69 38 74 -40 -19 -83 -60 -29 10 -77 76 66 -29 71 78 77 64 -58 -59 89 86 8 -84 -67 47 -90 -54 63 -55 38 -48 5 0 -40 -92 -73 41 -39 -55 -37 -56 70 40 -56 69 30 -4 -37 -41 -44 58 -15 20 -18 18 47 -84 -51 74 54 77 -95 47 -3 -83 65 2 -6 80 -40 -50 -98 -72 -17 -48 51 -18 -42 29 -25 -78 6 -3 -51 82 -88 -35 22 8 17 10 15 -82 -89 59 -35 -56 -65 -8 28 0 39 6 0 97 -39 74 -96 -1 -45 40 -42 -76 -47 -51 -22 -86 39 -3 36 98 30 37 -5 95 73 38 48 24 39 -44 -42 -84 -43 -54 -4 63 2 -86 78 -46 85 -62 -48 12 -49 14 63 -97 35 3 -8 -95 65 20 34 49 37 18 -14 -88 16 -47 -93 20 97 44 95 -83 1 91 83 -38 -91 10 -9 48 49 9 -70 -18 66 -17 58 23 32 67 -95 -33 -58 
-56 -89 -93 -2 85 -5 -80 10 90 -39 -40 12 72 -48 14 -52 59 -92 -27 -71 -6 94 31 -71 -85 64 -3 -65 2 39 -21 -40 3 -49 56 77 39 -60 99 4 -78 -77 -21 54 35 51 -18 85 -68 60 -62 98 74 5 8 47 89 -96 50 4 24 67 33 -45 -32 -35 19 -86 -56 -82 58 -48 -49 -96 99 -25 -61 7 -48 -97 51 -59 -25 30 -62 -30 18 76 -88 -2 16 -97 -17 -51 83 21 -80 -59 -67 -9 -94 38 39 90 37 -44 -68 -83 -16 44 85 9 91 99 -6 -43 -87 -37 -90 32 31 -37 9 -11 -97 37 36 18 -80 -6 81 24 81 3 32 -49 -44 -70 27 -80 21 47 92 -23 35 -48 -12 9 -87 17 -54 94 77 -52 23 -16 57 17 71 98 6 -95 -39 26 70 -86 -94 26 -77 69 19 -15 13 98 95 72 46 -93 89 78 93 32 68 72 -10 -40 63 -30 95 -33 -17 -89 68 -20 80 -97 -82 -3 -60 41 -63 -52 86 -55 32 8 94 -5 67 -96 48 86 -76 98 31 70 -42 6 14 -8 -17 -36 -19 66 37 57 -38 -77 -16 77 97 78 40 2 87 -76 -67 50 37 2 19 78 92 -81 51 -27 -66 86 12 -48 41 59 -3 76 83 -60 -43 -95 4 -81 71 42 -50 -77 -9 64 91 -54 13 93 -50 -83 4 -37 62 -47 -96 -59 89 -49 -32 -71 -15 -59 -9 -93 -10 -66 -82 16 22 18 32 -93 16 -84 -77 29 -18 61 86 1 2 57 99 82 9 -2 87 80 23 -10 -54 -71 -96 -31 -67 -15 -55 -52 55 -50 -27 -88 -39 -50 -40 -36 -49 -13 -13 85 75 37 48 -31 -33 93 -68 28 -78 -62 -61 22 -13 74 -2 -92 -96 -99 4 43 86 -72 -38 -81 66 47 -73 2 33 -43 15 61 85 -76 -51 96 -89 -83 -91 40 37 -17 -13 -32 -93 -52 14 80 29 44 40 -89 -29 31 -93 53 -63 -66 -62 -3 -88 21 52 -72 -3 45 48 43 13 -69 -38 67 -87 19 -5 -30 -34 -69 -19 -25 82 65 -65 5 49 8 69 93 72 -57 29 -58 -29 59 -34 53 5 51 -32 45 6 46 -5 -35 70 -25 -60 -63 -60 -67 2 -93 -51 -58 -86 -61 -24 -2 -73 -86 85 -64 -84 -8 -92 75 99 -97 18 51 -57 32 -68 -30 56 91 -54 44 8 74 -17 57 -70 21 -44 -82 86 92 -20 6 98 17 -31 37 -77 67 -1 8 -54 -31 -77 21 84 -36 77 4 -60 29 
-47 83 -67 -50 94 7 28 27 -51 97 -28 7 -57 31 86 0 -41 -98 -8 -84 -99 56 73 40 51 60 -78 -39 -22 45 -81 -10 -45 76 -73 23 -80 -57 -92 -6 -51 -86 -97 -16 -15 3 69 92 -60 43 75 47 47 14 67 69 -18 2 -9 -24 79 53 -54 85 -77 -63 14 55 84 93 55 88 25 -4 22 90 77 -20 -26 17 -25 42 3 1 -12 -62 54 -30 -60 -59 -23 -77 75 53 -81 -15 10 -91 -98 32 -9 13 -90 -93 -43 -29 24 -45 35 -51 69 -74 -95 70 -48 13 -17 14 -89 -47 -73 31 -24 -57 -30 62 -49 56 -52 -37 -31 38 24 -81 -86 -61 37 58 8 33 53 93 -92 -66 -48 -98 -20 82 3 26 54 -77 59 28 99 9 13 28 -37 -37 -21 68 -52 52 11 88 63 -94 4 9 25 12 -28 58 53 53 48 -34 86 -31 1 18 -80 81 -33 12 0 -11 35 -38 91 -2 -72 -76 -21 82 95 -64 96 23 44 -96 2 8 -57 19 12 -9 -91 24 -44 -71 41 29 84 -72 55 -7 15 46 -87 68 85 -52 63 85 16 34 62 -4 99 70 -80 15 -52 -99 -35 80 39 82 -43 -29 -54 -20 -32 97 -59 -80 45 -22 88 -25 -33 16 -94 96 99 -88 -39 -93 -55 -62 -32 54 -93 83 -53 -72 -49 -59 70 26 -3 -43 -36 -28 -64 -13 24 -53 -31 -29 -20 -72 31 4 -8 25 64 86 57 -70 -44 24 -53 14 -71 -25 -33 28 56 29 50 83 -52 -68 -5 -19 13 -7 19 63 -94 -98 63 24 -13 92 -69 9 98 -43 97 93 20 -18 90 81 86 85 51 -33 18 39 5 11 -31 41 37 47 48 6 -47 79 -88 98 -78 77 -41 3 -80 85 -80 -67 19 21 -25 64 -1 84 -74 74 -9 71 84 -11 -94 -6 -61 -40 -32 -93 68 -21 67 -91 -41 84 84 -69 -82 -78 -96 -11 92 85 -93 -39 -30 -10 -43 -52 -91 62 54 99 83 -37 70 -83 -24 23 75 -77 78 -5 82 -45 61 46 95 -77 -50 -38 -94 15 -38 -48 -14 -73 66 71 -12 92 5 33 -73 -95 -45 -26 94 88 -17 -35 -69 90 -3 -70 -68 -80 -52 -36 -90 -46 50 36 -39 91 -16 -6 -97 93 40 -46 -1 -31 99 -99 99 -30 19 28 52 -84 -29 -19 -87 -35 56 59 25 1 -74 81 27 22 -72 -18 53 37 60 -62 -92 -68 -87 5 -92 54 58 38 -51 72 -25 -68 -98 -31 -2 60 82 66 
-68 -16 -11 93 82 40 96 86 71 -98 -91 38 7 -92 69 74 80 63 -22 -9 55 84 -6 20 -35 -50 7 45 37 -9 47 8 -53 39 -74 -16 -50 9 -91 1 -51 91 -66 40 84 -46 0 -15 -8 22 85 -84 46 7 34 48 -19 -54 15 41 -96 89 91 -98 69 -50 86 -41 -93 -48 -63 -15 -61 48 15 85 -2 -76 -10 -45 71 41 -11 61 -34 -31 79 25 -73 43 -15 -55 -6 -67 -20 -46 47 -24 -68 -2 44 30 -69 -47 67 -74 -83 -22 -33 -7 12 39 -79 11 -13 88 -4 -5 22 -90 -51 97 -77 43 -49 -37 -44 65 7 35 -63 -21 31 0 -11 -22 7 10 18 86 57 1 -18 -14 -74 14 -6 90 -39 39 97 -39 -89 24 43 -14 60 16 75 35 -78 43 -79 7 50 82 -47 -31 8 48 41 72 45 -17 28 -23 -87 -69 71 -12 -65 54 21 -1 51 -64 -89 -18 -9 59 -57 -43 76 45 51 18 -68 -43 -56 57 -32 -80 -11 96 -45 36 -40 85 -41 35 24 61 -33 -83 -11 5 -11 7 -99 71 -78 -13 -97 20 68 80 -29 42 -52 -99 97 8 27 93 76 79 -79 -14 -3 -51 50 2 3 92 88 36 73 -9 -9 75 67 -73 10 90 -16 -23 74 53 -58 6 85 55 93 81 -25 -93 64 -95 -9 -78 -92 -31 19 97 -27 -46 42 -48 29 -2 -98 -92 78 -91 61 -77 -40 75 -82 63 96 65 -88 -44 -42 98 45 89 -74 19 -5 -4 69 -26 -55 -80 -90 82 -49 -5 86 29 10 66 -54 16 -8 99 15 -74 -1 -64 -79 6 -31 1 -71 -24 51 38 -19 32 69 87 8 22 -47 58 -64 12 48 -36 25 49 -13 -91 96 69 -34 33 13 -31 -98 -37 -25 -93 -81 -16 57 62 -14 -61 -38 47 -64 7 -72 -64 79 -96 -13 38 -51 50 -98 54 14 -10 -99 55 -9 -68 -34 -60 48 -36 -32 14 60 28 7 67 -46 45 -56 0 -42 92 -88 30 75 39 10 85 -21 -25 52 -64 -81 -75 -57 -10 54 64 30 -64 -84 87 18 64 79 53 55 -71 -94 -62 19 52 -54 14 -78 50 1 -20 -36 -93 -90 -13 27 78 41 -72 19 -16 -76 -36 -93 18 -46 -54 -5 -40 35 41 -45 15 -95 60 -43 -69 90 -99 -65 -92 33 32 22 -48 26 2 -14 97 -31 6 -62 -90 -55 26 42 75 -7 -55 40 32 -96 -98 -58 56 -7 53 4 55 93 11 -64 -62 -8 -29 36 99 
-74 -73 -96 41 66 29 -13 71 -25 -91 33 94 -22 22 -86 -25 -29 8 -70 77 -73 82 -44 11 -30 -63 59 41 75 27 3 58 -15 66 -99 -20 77 -68 -64 0 -79 65 -49 22 31 41 52 43 35 -70 -90 68 -29 48 19 12 -19 61 -17 80 -69 33 0 -35 25 -12 -92 19 -73 -90 -40 -9 -2 -56 14 -96 53 -1 -96 55 76 99 88 -20 -91 -89 -53 32 98 31 68 -53 -17 14 -85 -81 48 -13 3 89 -84 20 -11 33 -64 -9 -12 77 -73 84 65 -75 -15 76 82 -7 29 -42 -97 10 9 90 83 95 -99 -8 50 -84 -32 89 13 22 -71 50 25 13 -23 -86 49 -20 44 83 77 -70 30 84 -76 49 -60 -57 -68 -87 -23 77 -53 9 68 -82 52 46 10 -17 37 -62 24 51 -47 -87 -58 -51 54 -59 44 -87 93 -92 -71 10 -81 -78 -43 -54 90 4 -20 93 -80 -66 48 70 -18 98 -20 18 -73 -74 45 67 2 77 30 -4 -62 57 -53 -50 -53 62 42 66 -7 77 44 44 -85 42 -25 37 76 12 -85 -6 -23 21 62 7 9 -34 75 74 -52 78 89 -51 48 -85 -51 -31 -52 23 -23 65 -56 80 -57 -88 87 -50 96 -67 38 -52 -78 25 -9 -7 88 92 -42 -62 48 -23 45 -13 11 34 -53 69 27 -61 23 50 -12 14 54 57 -90 -52 -98 75 -73 3 -26 -60 35 -33 -80 -44 1 -53 -6 82 -58 6 27 -32 -68 -62 4 33 70 25 41 98 -26 -85 15 95 -89 18 63 -64 -41 -65 -74 -48 -66 80 8 79 -79 -32 81 2 -21 58 -25 15 -31 -58 74 83 82 56 86 89 11 -35 -68 -20 -41 -15 -39 68 -66 72 -45 -23 -56 26 -24 96 83 -46 66 -3 30 -40 -21 -47 85 -75 -45 -5 41 56 -14 33 94 -41 57 59 -84 -99 -76 48 -96 -39 -3 -99 -32 59 25 38 37 -38 -61 61 75 -4 78 34 90 -39 -11 -31 42 -89 -18 -24 57 86 -14 -93 83 20 97 -58 98 71 -63 -93 23 -37 -94 -41 -28 -85 35 85 11 -81 -10 72 -28 -12 -67 36 -42 -32 -6 56 -16 1 61 -70 79 -77 37 44 -2 6 2 -58 36 -80 41 80 -70 -5 -96 -10 -23 -62 -90 -21 -38 -62 22 -75 39 40 -44 41 -65 -50 -27 94 -97 53 -19 16 -76 -38 35 -20 -15 35 73 53 59 -85 -27 -9 25 -3 47 30 7 6 38 56 51 68 -55 -4 84 -88 20 0 
-6 51 -91 12 -88 64 -42 93 88 -49 -82 22 -40 51 18 65 -77 99 89 -9 -34 -83 40 -48 4 54 52 -52 -79 -9 50 4 -25 16 17 -51 42 -29 -32 -84 -54 98 -27 -38 -60 -91 24 88 -54 -21 71 64 -56 -77 37 -43 86 64 -83 -49 -92 91 -9 95 46 -18 42 -28 45 -68 12 -25 70 -23 -18 9 20 -13 57 95 -47 95 38 -59 -44 8 -88 50 1 26 51 -41 24 -87 -22 93 -12 -25 73 58 25 -6 -83 96 86 78 -98 -3 -61 48 -4 20 45 -23 50 14 66 82 -37 39 -39 62 -12 17 29 79 31 -89 27 -50 -58 -53 2 1 50 -65 -69 88 97 -79 5 52 62 -43 -94 -57 43 34 50 -10 34 -43 27 -39 65 70 58 17 -21 22 -33 60 -43 -64 40 -75 65 -27 -13 -38 86 71 -84 -47 94 -37 61 -24 -29 -17 61 98 -85 68 -94 -96 38 24 -40 10 -1 2 -9 -14 44 90 49 0 -45 -8 83 43 60 37 -58 34 74 -76 -46 -77 59 73 33 -26 -59 3 80 1 6 -53 -36 8 12 49 -69 -62 4 35 -13 59 -5 63 95 75 91 -34 67 -25 63 24 2 23 -47 78 -53 -21 -73 81 84 -39 13 -64 10 -46 87 -4 -71 -77 -81 91 56 -74 74 -38 76 -69 65 -95 -11 -80 1 -59 5 -17 -94 0 24 71 32 57 -41 -47 52 -82 18 -78 -30 35 38 7 -49 -55 37 -44 91 -48 -7 9 -55 -72 -16 69 -90 -85 -61 -33 -16 70 73 4 97 45 -5 -58 -74 -19 22 -20 85 53 28 -10 6 -27 -43 -30 93 64 -10 -92 40 70 -92 27 19 -51 95 -60 3 -50 75 -7 -26 -13 -73 89 49 46 32 60 74 37 -88 -67 -64 -15 -43 -21 -62 -44 60 18 -58 68 -6 -79 -25 75 78 -76 -80 63 -72 50 -72 58 68 -47 53 -75 -92 90 -80 -68 -53 -44 73 -45 88 61 94 48 -27 -3 -17 15 57 10 -32 90 1 -58 39 63 -29 -16 -99 -73 48 18 44 -4 82 -73 -47 -86 -93 -86 95 79 -84 87 -86 58 -54 29 45 -97 24 -52 1 -49 -41 8 12 -36 -6 -4 -83 -43 70 -97 75 63 -25 88 48 -76 73 51 26 -8 51 -72 -40 -1 -28 -41 87 83 -67 -79 -44 -24 -40 -62 33 10 29 -46 11 9 -12 80 14 29 -21 24 95 60 -88 -52 -33 82 16 -22 6 -88 28 -37 83 -57 -66 39 -72 -18 -12 2 48 -58 
24 -81 31 -25 96 29 71 25 68 -89 -6 -12 -3 -91 35 40 -20 31 40 67 2 80 -50 -43 -41 12 -41 -53 -56 75 75 -70 -96 16 38 -29 75 82 72 77 -68 -11 60 66 -49 -98 -44 -18 92 -57 -4 98 91 -55 85 -31 50 -55 32 -56 37 22 16 -30 -28 97 37 12 -20 -92 -13 41 99 93 17 17 -26 92 -63 -13 77 -35 -48 70 76 -79 33 -19 -35 -62 16 12 -7 -28 -83 92 -88 13 -85 -56 43 97 -3 69 18 -9 -61 59 46 -26 63 98 -21 77 67 -62 49 32 80 94 -98 -46 -78 81 -86 49 -96 86 -81 9 -32 -96 82 44 33 8 -23 -27 41 38 -73 -31 -32 -78 79 57 -88 -42 11 35 -2 -96 42 17 -95 47 80 41 -21 38 -29 -75 41 -4 22 -66 -32 68 -19 65 89 -36 -47 95 -38 -44 45 10 2 78 -53 14 31 33 79 -50 69 -32 88 -68 29 63 85 64 -76 -50 -96 -52 89 22 11 84 -74 -57 -22 -31 -32 65 53 -29 67 15 85 -18 -26 4 18 -97 64 -70 44 99 -50 -95 67 -72 17 -72 -56 -70 -36 71 -36 48 70 41 -38 66 -12 -58 -74 -97 -82 -92 -98 15 31 -35 -22 88 -48 47 34 -81 -17 4 -42 76 -64 -15 73 -77 -98 -85 -87 -34 -7 89 -83 -73 -94 39 -66 -35 38 59 -18 -15 -43 -38 -79 -19 71 -66 -8 94 -18 30 -81 0 41 75 4 94 29 -57 -89 -89 39 15 -38 84 12 43 -76 -20 -70 -60 92 25 -21 2 -9 -80 -24 94 26 -73 -50 81 20 -13 -27 43 -43 12 15 -87 -9 -49 36 -28 65 5 84 -1 -75 -98 -94 -25 46 -66 -57 57 42 38 32 68 28 -24 -36 19 -21 -14 -18 36 67 -98 -56 11 98 86 88 78 41 16 39 -17 -60 -60 89 92 35 -98 35 58 -22 -2 -49 19 0 68 51 0 -42 -57 -67 -41 51 -13 -90 -84 23 -22 -21 -52 81 -95 76 32 91 41 -47 -87 94 51 58 -30 -56 -7 -11 76 59 92 -84 76 -35 64 -95 -53 1 -44 20 72 -64 -51 -93 23 -43 58 6 -52 10 75 44 19 43 -31 94 -18 -1 9 -49 -70 -35 -70 -59 -2 54 -46 50 32 -12 -44 62 -47 -80 -17 14 44 86 56 -81 28 -28 -21 62 -43 -59 97 35 -19 -16 32 -16 -32 -9 58 -76 -58 -5 -54 74 -59 65 -67 37 -9 35 63 -78 -89 -2 -56 -18 -4 -98 -51 46 -99 
30 -51 54 83 -18 -26 -16 -63 58 22 -60 -19 -69 33 -43 31 -69 26 87 -80 -10 -99 65 -47 69 -41 47 73 -33 -23 -82 -10 -67 -40 -65 -31 -75 -57 -9 83 -70 24 10 -48 55 -59 92 85 -6 -27 -93 31 71 68 91 -3 -12 71 -27 -21 -16 52 -56 -76 45 99 75 -55 53 43 58 15 -47 -70 -31 -14 4 55 86 55 -23 37 63 47 78 -64 -75 99 -46 45 -99 58 -54 -39 -63 97 16 -70 -48 15 -9 -25 -16 -33 -18 69 -5 45 62 28 92 49 -83 15 73 54 56 66 38 10 -52 -92 -18 86 25 16 -79 71 -64 11 -79 -54 73 -96 -19 -60 -78 -32 13 52 27 -98 -60 -60 -41 -36 1 -35 28 89 49 43 61 80 -19 2 41 -6 0 30 74 98 82 64 -55 -81 72 28 53 78 31 27 70 -15 -61 -36 -35 1 -15 -9 -2 93 -11 75 34 -17 12 -26 -7 -66 -41 -73 82 7 -48 64 -32 -90 94 -45 38 51 -70 19 16 -84 14 52 39 -88 -20 36 83 32 -35 76 49 29 -5 -71 -9 4 59 -61 54 -46 -77 -68 78 91 96 7 50 -68 -60 37 -2 -10 33 98 2 5 85 -29 42 -13 -33 51 4 -37 67 94 -8 -33 -24 75 -67 -54 -67 16 -69 78 7 -32 -92 -37 -30 -78 59 -27 -55 -40 -16 -78 78 25 -48 34 62 -40 -94 -10 44 -8 -3 50 -3 41 -29 55 67 -37 -47 12 -33 48 10 -87 -58 -55 -39 -45 -25 -79 28 -34 -46 58 -2 47 64 -70 -55 47 -46 -28 54 75 87 -98 1 -50 24 -20 22 31 60 22 69 16 -77 -65 39 21 30 96 23 -32 44 26 13 96 66 -83 21 63 -33 -53 58 62 29 20 -97 26 -21 -29 -6 -65 -79 -40 -92 -32 -75 -44 -53 55 29 31 -94 24 35 49 75 -87 -27 -28 15 99 -61 60 83 22 -55 55 68 9 54 3 -30 -13 -6 27 -5 -5 40 95 43 69 -29 -36 -79 25 -45 71 -24 23 -31 -25 51 79 -66 -51 46 -99 39 94 0 23 -14 -96 29 -21 -63 85 -19 -18 -91 8 72 71 -3 96 98 -12 44 -60 84 84 -83 -31 -98 53 -38 -52 -20 -32 -5 -13 -18 -84 -12 -68 -34 32 -48 24 -40 14 45 -25 -45 63 -68 -6 -24 -3 22 -75 -49 83 93 -41 51 -62 -19 -48 28 -40 -90 80 -57 68 -48 40 85 -70 -79 32 70 36 -19 41 -9 -87 77 51 6 -4 -42 -6 
-31 -65 -12 46 29 41 -40 22 -87 7 23 -52 -9 58 51 12 71 52 7 57 34 55 56 12 -7 13 81 -43 84 -6 -7 79 48 -52 33 94 77 69 80 -88 -61 -97 -76 62 13 -78 70 -7 56 41 -84 77 81 11 94 -9 -47 -42 4 30 90 57 -45 -58 -60 96 10 63 -49 -7 -64 72 -15 99 -55 56 74 28 8 91 80 -65 -99 -33 -42 35 62 -88 -90 -2 -81 19 79 -79 78 -98 -23 -49 44 8 -15 -25 -65 -83 -86 -13 32 -8 89 -61 -60 -90 -32 99 93 29 52 -10 -62 -1 12 -16 43 -33 84 45 80 46 -60 8 -57 -53 -41 -24 28 20 30 75 -56 95 -52 -52 20 -51 -15 31 41 -3 -63 -65 -84 -22 57 -38 9 -53 -77 85 24 87 -84 96 54 58 -34 -48 49 -78 88 76 50 -47 55 76 -47 -62 -20 23 -34 97 24 -78 -67 -65 85 -28 -72 -72 -81 -35 49 -96 44 38 -58 87 -57 -12 -26 -79 -48 28 2 -84 59 76 50 32 -87 28 37 -11 -88 2 71 -83 52 -84 -13 -91 -86 -70 42 -1 -92 53 51 -62 7 32 -7 14 -2 33 -5 96 -10 91 -93 -45 -78 -68 38 25 -30 87 29 -64 91 95 57 -18 -75 91 -29 43 -1 -43 -32 -54 -11 94 42 94 -83 -80 37 36 -11 -65 59 54 56 -54 -36 53 20 19 -84 33 -84 -62 -48 -61 82 91 -54 -65 -72 25 -39 7 -35 47 -62 -50 -23 -18 16 38 43 9 62 -90 16 79 -46 86 -73 -97 -81 -57 16 -66 31 -70 97 98 -41 64 13 66 -89 -86 -11 28 39 63 27 42 -35 38 51 -84 11 -72 -55 -63 28 -35 2 37 -96 -35 64 -95 69 4 -6 -54 13 -11 88 81 -90 22 -37 -35 53 16 -39 -80 -4 -2 26 -82 -49 80 -39 -16 19 25 2 -83 19 -41 44 66 -82 -28 -95 -73 58 28 31 3 -70 -82 -35 52 -99 -49 -81 26 -31 -25 27 9 68 -34 -32 20 -94 -34 63 34 88 83 50 -37 -27 6 -54 -68 56 -73 98 25 -46 78 -77 -52 -22 -30 85 -93 85 -75 89 -24 98 81 -19 33 76 49 -98 78 18 57 -39 -64 -86 -25 -57 48 49 -2 61 70 -18 -51 7 -32 -36 -57 -41 -35 31 30 96 4 -76 17 -77 15 -63 33 77 -70 -75 28 -40 55 -37 44 -31 25 -45 -88 68 -75 20 0 34 95 80 97 18 70 34 -96 -87 6 -97 59 35 14 34 36 
-69 2 -62 40 17 -78 21 -59 75 72 -91 -96 -18 -30 91 67 2 40 -34 -38 -15 20 2 54 43 92 9 59 -64 -58 63 74 49 -96 -68 -31 -56 -5 -62 21 27 -68 -12 -28 -24 -82 -36 13 -47 -26 0 -45 28 -59 -76 85 -90 33 26 94 -47 -24 -67 60 -3 -30 -71 -18 65 0 -93 -63 34 -62 17 76 69 -60 -49 -2 -24 66 45 62 96 -48 -68 30 -21 -3 18 -60 -69 20 27 -67 -81 4 30 78 20 -75 -68 -96 18 91 -33 -61 62 72 -22 -56 -63 81 40 97 -83 -91 -94 87 96 13 -5 66 -41 -25 80 -2 5 -1 -51 -47 25 17 -99 -37 16 52 85 45 1 -52 51 -65 -51 46 4 -99 -70 -10 -64 11 19 42 -86 -27 38 69 -97 51 24 -52 -57 -4 8 55 44 57 41 -54 37 -91 -93 -74 -79 84 39 50 -96 -54 86 -28 -5 59 19 -95 74 54 81 -4 -15 57 61 36 82 26 80 82 6 21 -47 -43 -39 73 -15 31 84 -64 77 -22 -85 64 52 -39 -68 46 12 18 -75 69 -84 -91 98 5 -26 -18 54 -42 -6 -66 -91 -14 -75 1 11 -89 19 15 -17 60 50 -22 95 54 5 58 -58 86 -40 63 58 -61 12 91 23 -84 71 97 19 -63 82 -25 87 -22 -25 -77 87 90 34 91 -59 59 -81 -6 -86 74 -99 93 -98 -79 -62 47 -52 -55 24 91 87 37 -94 90 86 70 -6 -31 23 -78 -98 -36 -98 43 40 73 90 97 26 -35 51 -21 -58 -40 30 -14 -2 -88 -56 0 -20 -84 -33 -86 74 -1 -22 26 19 6 11 34 -52 26 -88 -39 90 -33 -87 99 -39 -40 4 53 -24 14 -38 -49 43 55 76 -22 -43 -97 -53 -11 24 -79 92 -29 28 -93 -43 98 69 10 54 -66 17 40 33 21 89 42 77 75 98 73 8 42 -50 76 -76 -16 77 -13 -73 62 44 20 -87 97 5 86 45 -75 1 -59 78 80 98 92 -42 48 -40 6 57 54 46 84 95 -13 44 32 8 83 -91 96 -49 -30 -61 55 -72 31 -86 90 7 -48 57 43 14 14 -9 -83 3 -74 30 42 -57 -37 75 -8 93 -61 95 45 63 38 64 -41 9 37 86 -87 -89 23 94 -6 -12 49 66 71 -32 -87 66 -96 -33 31 5 -66 77 68 15 67 20 15 53 -33 -29 -27 71 -41 -94 -44 -15 -57 -88 89 4 -1 -58 -18 32 39 -7 -19 -60 -94 58 35 37 -70 85 65 
-57 -89 -96 94 48 44 89 -25 35 16 -77 -87 40 -43 -74 8 -59 -94 -28 76 7 93 24 -13 72 -29 33 -93 -79 -60 1 15 -18 -12 -82 18 54 51 -74 26 39 43 87 -10 -29 -35 31 -81 50 -90 -7 -44 -43 -94 5 -70 -93 -55 -75 -91 32 70 -58 71 -98 91 -15 -75 24 28 65 8 16 -52 -25 -34 77 36 46 -9 -75 2 -2 -60 23 80 93 35 60 -2 46 1 -72 24 99 17 -83 10 -95 -86 -41 8 -29 26 73 -33 38 47 -97 -29 7 -44 70 34 -72 -92 -71 -51 -6 91 67 -32 -8 -93 73 97 82 66 21 60 -43 -85 -30 88 -80 -49 33 -63 75 -62 38 31 92 -91 -98 -75 -67 39 -90 -94 21 51 40 -47 98 41 -18 51 43 -5 54 92 31 86 82 27 -66 -51 31 -48 97 37 -80 8 94 -94 16 -83 -88 6 -20 9 -94 28 1 46 -15 -13 80 41 -55 8 -98 80 34 15 -99 48 -18 83 -19 -29 -69 -93 95 23 17 -99 55 53 -92 -23 -67 43 -13 33 87 72 81 85 40 -47 35 -62 -37 65 80 52 6 -32 -23 -89 -25 16 9 69 -40 -73 -54 -58 -26 35 -88 17 74 -8 19 -29 83 -18 29 42 45 1 -32 -17 80 -53 -33 -90 29 -67 -87 17 86 -95 49 12 87 31 42 -28 -95 97 -74 86 89 33 35 -22 -52 58 19 -8 -8 -71 79 34 -55 88 -98 -3 44 19 62 89 -35 -19 46 -16 -36 -24 15 33 94 1 -38 -91 -91 -59 13 83 89 45 -17 98 -43 8 -14 -53 25 -16 -29 -49 37 31 42 36 43 54 6 -68 -78 0 -14 -73 35 -97 -84 -98 -90 16 12 15 95 16 69 20 -7 -24 -19 72 -31 -76 11 37 44 37 -49 65 -72 -3 17 26 70 2 23 -47 63 -42 93 -85 -85 -40 -32 60 -1 -94 -96 -19 -64 30 -28 55 69 56 -68 -46 73 -99 99 16 10 -58 -24 73 -98 80 -61 -96 -36 -19 13 -43 -74 -67 30 -59 77 46 -76 31 -1 95 -57 -94 2 -3 -8 -42 -80 -53 8 19 56 -49 -4 37 19 56 25 5 32 -15 7 -64 -75 -41 -39 -66 -79 32 -17 -83 40 30 -39 -71 17 -43 -70 70 18 -36 78 -28 14 -48 67 47 3 86 53 -92 77 -90 18 -80 68 56 -65 18 99 -14 8 81 32 -49 36 57 -53 73 -38 -58 52 4 60 -68 11 64 58 -6 15 -14 72 28 20 26 69 7 
99 41 4 -67 97 93 -55 -3 -8 -92 59 -11 -64 80 49 51 -48 -86 -88 -82 17 71 -13 -4 -3 -98 -51 -56 93 66 62 -9 69 -7 -95 -88 -25 4 13 98 -83 -58 -1 -84 -28 -89 -97 40 -43 67 -62 -19 51 87 79 70 66 -26 21 -5 45 -41 -20 28 8 -82 -88 -47 -92 -39 -18 48 47 -39 36 -75 27 22 40 -86 88 -28 57 -1 -23 87 -23 61 -77 73 47 -49 -2 94 -52 -95 -8 84 51 -49 -20 71 96 7 72 -66 32 -65 -86 5 -69 -95 -53 59 1 14 -28 -91 -1 -24 -90 1 -8 -57 58 -71 -95 -99 77 -40 27 92 60 36 -49 96 61 23 -5 90 -40 -25 -81 9 44 95 -21 30 56 51 79 52 -47 84 -31 65 -24 -92 -62 -72 -34 71 -45 -68 -8 22 17 -66 -7 -9 76 -30 5 -84 29 -15 70 37 80 -54 -34 12 93 21 -46 -83 -30 -24 -54 12 -56 58 -60 -58 -36 -19 -67 -77 45 -33 91 59 40 -91 69 2 -99 -46 -35 -25 73 -44 80 83 68 44 -72 -49 1 27 -55 -52 -99 -5 -74 -41 -72 -82 -47 -38 -1 4 97 -87 -66 75 17 74 48 66 -24 -74 -62 86 -40 19 37 -86 3 -97 77 1 59 87 -3 68 -39 -95 66 47 -32 23 -78 84 -73 -33 -56 0 -42 31 -64 34 65 -97 -65 58 -57 -31 -15 -18 18 19 30 41 90 61 -97 -92 -68 89 14 -94 72 -9 67 76 75 31 -59 -25 -85 -95 -95 -1 43 -19 69 19 -52 80 38 30 -5 8 -32 -12 83 99 31 98 36 21 -52 -10 75 -59 -95 -57 88 -88 74 54 92 54 -92 -2 27 -34 -40 -51 70 28 4 5 -1 -93 -55 -22 -69 92 -57 64 -15 2 60 92 -36 -53 -20 10 -48 11 -29 54 -63 37 -20 -34 -80 59 36 55 56 18 37 13 -60 15 95 -90 -95 60 -55 -82 -1 -68 -46 36 34 -56 -80 35 -32 -6 3 -43 -58 -64 99 -2 64 -76 76 42 90 -18 -32 57 -25 28 -35 44 -80 19 22 -65 -52 37 -21 73 -32 -2 -38 -1 14 -14 24 -96 49 31 -8 -47 -79 85 1 -90 77 -16 -91 37 40 -28 -87 -63 6 -86 -94 -43 11 -57 96 85 20 36 90 51 -48 44 -32 65 43 68 -6 -82 -75 -1 80 84 -36 -52 50 14 -15 65 -89 -90 -93 -48 6 -14 84 2 15 -85 29 -18 -95 -98 -47 86 -92 -89 -45 51 56 9 -41 -83 -6 92 
73 -70 -5 78 -96 -6 9 -24 74 3 79 52 39 97 -12 -33 -58 88 -56 -47 32 -38 70 -66 -70 -20 -59 -92 21 82 -32 22 -85 -86 -40 85 2 34 4 47 77 -65 94 -48 60 38 15 -57 89 2 31 -91 -78 45 -42 -4 -44 -79 -43 54 18 8 41 -13 37 -57 -95 -85 2 63 -96 63 -72 -59 -35 38 46 -33 -92 -91 -21 -32 2 -34 -69 -22 84 50 3 -67 24 53 -30 -2 0 2 -28 -4 4 12 65 83 63 60 18 14 86 98 6 17 23 90 29 -41 -97 15 79 -72 -89 -51 -46 -62 -57 -63 10 85 -26 -27 95 43 -88 -14 8 28 -82 -28 -82 -61 -69 14 -70 58 66 76 39 12 -9 46 -97 -74 -22 -29 66 -79 -74 37 -15 35 40 37 95 51 25 5 16 27 44 22 -87 33 49 28 -14 14 19 18 -78 90 74 -55 -86 65 -28 -42 -17 -6 -70 42 50 6 -46 94 -92 -17 23 2 -72 -61 -29 -61 64 73 74 -51 -78 -54 77 32 -33 -43 -31 89 -61 -30 -76 -85 -79 -62 -72 -56 79 84 -49 8 45 -3 64 -60 -42 82 34 5 13 -30 -17 -57 -3 -30 -84 59 -21 98 39 24 -85 57 -56 -56 13 -13 -30 -44 -13 24 76 -66 1 48 -17 -60 -98 42 51 69 49 23 31 74 -14 70 -47 72 72 -62 -73 54 93 -57 23 -93 35 -21 -17 -76 -64 -29 59 -7 -84 -47 95 23 -69 -70 52 11 -27 68 -46 -26 38 -44 -43 -59 -57 -45 22 -87 -29 -31 -35 -38 11 9 -89 -75 -1 -66 -29 3 -95 -75 64 -93 67 -78 12 69 28 66 33 -39 19 4 38 28 -2 -41 -10 -35 23 75 -17 32 77 38 -95 62 33 -16 -38 73 65 -27 -39 67 -92 -80 53 47 -25 -25 94 -10 -28 48 56 -72 26 25 46 3 -28 64 -28 -66 80 89 68 3 3 -77 -69 82 74 -33 8 -54 -35 -42 41 43 83 79 -88 -25 53 -10 79 -6 -10 89 16 -18 -82 68 -29 47 -83 -88 -88 -91 55 13 -11 -3 -12 -24 35 13 -5 -67 -75 51 72 -68 -62 58 -2 -79 -8 -52 -30 82 -62 19 74 -55 35 48 56 -12 -39 -93 -20 48 -11 18 -93 -73 -44 -98 0 67 59 -37 -97 -58 -30 82 -79 -1 88 69 22 -2 -70 -70 99 -49 27 -26 20 59 19 81 -52 16 -67 41 -22 80 -40 4 97 50 19 29 49 51 17 -19 -87 -89 -56 -65 -81 -39 -12 89 
33 73 25 26 -27 66 -29 -47 -25 35 37 -9 -72 23 -16 -54 -86 32 -79 -67 34 -68 37 52 -18 72 77 15 -60 22 -11 -97 25 92 -81 -99 -9 9 -23 -68 58 -49 -7 21 -5 73 -91 47 55 -43 26 50 -41 -87 -1 23 -85 28 23 15 -50 -35 -45 71 5 -17 -54 -77 -68 -47 -52 -7 -29 7 -27 -19 64 10 97 57 43 99 77 57 -33 -75 83 -81 5 -82 -74 -70 53 -35 52 59 16 54 86 -19 97 -44 2 -58 1 -93 95 82 -68 8 -76 20 41 -1 96 -11 52 24 82 -11 66 79 76 -13 -61 62 -71 -42 13 73 -64 59 -97 75 -59 78 -51 20 91 -99 42 39 -26 11 61 -79 -82 -90 50 -66 72 48 20 -91 -88 -91 -62 -39 -88 23 63 -62 99 38 -58 -39 42 64 -8 -92 36 39 84 70 47 -2 93 -7 53 -19 -86 99 -64 75 -99 70 14 -87 29 -43 -63 7 -54 -59 -70 25 53 61 67 59 89 64 21 64 -76 -2 -45 -18 41 -58 96 -6 -95 -30 -28 -58 -76 -47 -19 -18 -95 -53 89 -43 86 -93 60 -40 -76 18 50 -84 44 -22 12 -96 10 -20 53 56 -14 87 -17 -33 -70 -84 -43 85 -51 75 -49 -9 99 -48 0 13 25 -14 0 8 -48 5 43 -14 -26 -69 -9 -17 -32 -28 46 13 56 -54 66 14 -54 -90 -53 -98 80 88 -54 46 -3 -74 46 17 -55 61 -58 -99 -86 -77 41 -86 -94 72 84 23 3 57 -84 72 91 -36 40 -51 85 -82 -54 -48 -60 36 -69 16 25 -50 -53 -32 -57 74 18 -71 -32 -65 51 42 48 77 -35 39 34 47 57 15 -88 -18 81 -56 -5 32 33 -40 55 91 84 64 57 34 -94 30 27 -35 -87 -51 -20 1 96 76 -10 -49 50 -56 24 19 -55 53 -85 -95 -88 1 32 81 -31 10 -60 24 -67 53 83 -14 -65 -3 -80 -64 -15 -24 -64 -54 76 14 29 -40 -96 -55 -16 43 62 28 -53 32 62 20 2 -50 -72 18 -54 -66 77 1 -68 -58 58 89 -13 -81 11 60 -75 -16 35 -46 46 -31 35 -54 -99 54 45 -57 -37 -8 83 -6 22 53 27 -5 78 -85 69 -37 83 31 -81 91 -88 -95 -26 6 -43 -2 -34 84 97 -97 35 14 76 -20 70 29 -99 -56 64 -52 -13 71 -2 45 49 -75 69 85 61 -16 32 -48 -50 -48 7 54 16 -70 72 -37 87 -49 -95 -23 58 -52 61 -51 -58 -25 -89 -67 
-27 -55 -15 -29 87 48 53 -54 -29 -78 60 -87 8 -21 54 72 -66 53 -29 -29 -34 -37 57 25 -28 10 88 60 -86 -33 -60 -35 -99 -57 -56 -60 -3 35 72 -53 24 -36 -52 -21 37 98 72 22 -13 -99 90 -78 -71 -81 -80 -18 -76 86 33 -51 89 -65 -53 89 70 65 -23 -58 97 96 -4 -6 -46 -41 -17 52 33 89 -37 30 -99 72 -60 -10 -50 -70 63 93 -2 87 -9 -36 -76 -49 75 44 94 -25 -1 -63 -47 -26 33 83 -69 -48 65 -70 -29 57 43 -82 -23 -41 41 48 -83 32 -58 -25 58 -77 4 84 -19 86 13 1 32 61 -63 40 -93 68 76 -25 -90 -86 44 36 -59 -29 38 -65 28 -49 -9 60 -37 61 84 -1 81 30 -12 -84 -62 9 -73 90 55 -88 -5 3 81 47 -37 -76 23 -51 -23 94 8 -74 23 28 -16 31 5 91 0 -87 -98 -31 -45 -91 78 97 53 -20 62 -59 45 -24 -5 67 -21 -95 7 81 -18 -44 -64 55 88 -48 -49 -93 82 48 40 99 53 -52 -52 -14 -52 -10 86 -40 94 58 -53 -59 -67 -35 99 -93 80 96 -60 97 -54 26 6 34 71 -63 -16 -90 -55 -21 0 -62 -73 -14 -73 -88 -27 33 -32 -69 13 -36 49 -21 93 -78 20 -43 -21 10 -99 47 -18 53 83 -29 -36 33 36 69 34 -6 69 90 2 46 83 36 -8 -76 -40 -64 -65 13 -10 -31 -52 79 -54 82 -19 28 -89 -31 74 54 -55 40 -50 -11 95 -17 61 62 -90 -62 -90 -60 79 -53 7 -54 -22 -6 -99 52 -71 -12 95 -59 11 43 37 -72 -64 -1 -15 -90 -22 -25 -74 -52 -34 -57 -17 81 -4 -47 -77 12 53 62 6 -86 84 -45 -4 -77 -24 10 -16 -66 -35 30 14 82 86 -99 54 -34 50 -61 32 -85 -71 -63 68 77 16 -93 30 -66 -44 -42 -49 -32 86 28 20 -71 -81 39 -30 14 34 -6 -48 -4 -43 69 68 95 -90 -7 -73 25 77 -83 98 73 3 67 64 -94 18 44 -82 48 -65 -75 18 36 25 -28 59 70 58 -16 -57 99 15 57 -73 -99 48 90 -90 11 -13 -6 34 85 3 64 37 -76 -48 90 -37 85 -69 44 13 7 -25 4 -31 -83 23 10 54 88 11 -81 -91 -21 38 16 -8 0 41 44 16 -70 7 87 -59 -18 76 95 -13 12 -15 22 8 -65 60 -41 -7 -99 -74 45 -67 53 -93 -66 -62 59 -70 -81 -98 -21 -92 -92 -38 -53 86 -40 
11 -66 -6 89 -62 18 22 -82 50 37 -15 87 9 96 -89 -42 7 79 -56 13 -16 -3 -13 38 -56 68 -71 -18 -96 -55 -10 -70 -68 97 54 -3 8 26 44 -44 36 -66 -67 7 71 38 0 -86 15 -15 -92 -39 -4 45 -47 50 67 -18 -5 99 -81 -11 -51 11 32 -14 15 -30 -97 18 -66 -77 -28 34 -32 -38 12 -72 96 39 -56 -89 66 14 -30 -81 -18 -81 3 97 -57 -16 63 79 69 -21 -47 -23 -18 -73 40 -91 53 -31 -22 15 32 -42 -22 25 -20 24 87 0 30 -97 78 -72 -24 -23 -71 -13 -47 58 -93 -58 73 -96 -85 -27 -59 -55 -49 -60 -91 4 18 14 -54 98 27 -11 -20 -78 -8 -79 -42 -80 76 47 48 -17 -71 -47 86 -27 -3 -36 28 -48 -15 77 22 -1 77 14 -47 36 37 -37 76 -19 65 74 -33 -54 -19 73 -47 -13 28 -22 -76 58 6 24 84 6 -6 64 78 -80 -58 -82 34 -40 -91 34 -81 35 93 57 71 -98 -92 60 -38 6 19 50 -69 57 -20 85 8 22 -59 97 -34 -65 6 90 -17 98 -58 -78 -64 60 -88 94 -48 67 88 23 -79 48 -49 62 -6 42 -75 44 88 -21 23 -3 53 -78 25 -6 94 97 -83 85 -88 11 -8 -23 25 -37 -64 -45 8 94 -95 -86 32 -24 -95 51 -93 91 88 -92 -35 93 26 3 88 97 -3 -67 -17 60 -74 21 -84 5 6 -98 -48 91 72 -31 -9 -28 69 -21 86 -2 -12 67 91 84 18 21 -85 -92 -28 -12 23 -9 40 -72 20 -46 76 -67 -10 -6 13 41 -25 33 -6 21 -50 54 -43 64 -18 61 69 74 16 47 -68 96 -95 89 90 -98 -20 -66 51 -76 9 -62 -75 -83 -56 -13 22 5 34 -62 -49 -10 -54 57 53 -55 -40 3 -72 -33 29 37 -41 -24 -88 -64 -13 21 -41 25 -92 -75 32 -69 -59 0 -69 21 -46 0 80 -82 41 20 -13 -73 -42 -75 9 -39 55 38 -43 73 -55 28 -71 -24 -84 86 -92 -76 -5 0 -84 86 -28 72 -17 96 -26 25 -56 46 75 -87 -42 -98 46 -29 -70 33 55 40 38 -63 -23 -48 25 95 42 -34 -15 -15 82 -52 -33 49 46 83 82 41 95 -54 -65 -38 40 69 -41 -80 -56 -21 66 -52 -21 56 59 38 -8 41 -50 -52 -87 58 95 -73 50 96 -95 96 35 -84 84 -83 42 -48 43 64 38 21 34 -54 -12 -94 -86 -72 55 31 19 -50 -28 -80 -67 81 
-83 91 -41 28 89 32 62 -68 -7 43 61 73 51 -34 -64 -19 83 24 -25 -91 90 -93 41 27 27 -94 59 73 -59 -59 -52 -61 92 54 -97 -1 39 -56 49 -44 -50 -59 95 -35 -60 -93 28 -30 34 2 -16 99 16 63 34 -74 81 83 4 -24 -94 -79 -19 -10 -79 66 71 47 50 -58 -45 -2 -16 7 84 68 36 -46 -55 -13 -70 -63 -57 -29 -96 -76 88 68 51 97 88 -17 -81 -63 34 8 -69 43 -46 71 -81 7 -49 52 18 -91 68 92 -18 -51 -73 -54 -77 8 15 -61 -61 94 12 -69 -50 10 27 -82 -56 62 49 -13 29 -38 -17 68 -46 43 16 71 87 37 35 -91 -3 63 90 -73 8 58 -94 -86 87 -87 94 78 -31 -56 13 32 -75 35 53 21 37 -4 72 65 44 85 80 -92 -58 -18 51 -49 82 1 35 37 96 59 1 -95 27 -87 -98 -19 80 -47 -78 8 -16 51 16 33 20 -20 16 -83 56 99 16 40 -27 60 -70 -53 -50 -11 36 13 -56 -89 -32 80 82 -44 12 -5 33 -45 -98 -44 23 42 52 40 23 -53 18 -24 -95 -22 43 -89 -45 -79 28 -10 89 53 -84 -44 84 42 -49 -26 88 34 87 48 -42 -74 -14 -51 -76 62 92 -41 4 -76 30 86 -52 11 -7 -76 -27 5 -82 -1 40 -49 -90 -6 -35 78 -26 79 -6 -65 64 24 95 41 84 88 78 -35 76 64 32 1 14 -7 -11 -50 -24 49 -40 19 -19 60 50 97 -2 -49 11 -91 73 55 60 -26 92 -29 1 71 -13 40 -7 -66 25 -72 -43 -4 -51 -65 15 9 -84 80 25 -68 81 83 -49 -92 40 80 95 81 -35 55 -5 -69 69 -32 7 -18 29 96 21 12 -95 20 7 59 86 -87 -11 -1 15 -88 -73 -27 27 -54 -53 -10 -90 67 -62 12 41 59 83 -86 -30 -78 -39 -64 91 -84 25 41 92 -30 56 0 97 -44 -15 60 -44 -3 -69 -98 -94 18 -39 16 89 21 99 -26 -86 -52 -74 94 -83 -99 -47 -44 2 48 49 -10 48 -27 -42 25 60 -76 58 -74 32 19 21 -57 82 32 92 -13 -54 85 57 -95 -68 -39 -35 37 -92 -62 -10 -71 -67 -56 -17 -43 -92 -84 11 4 0 -27 -90 -72 83 93 91 -22 5 -47 -46 -34 -12 29 67 7 63 -32 -42 38 91 -40 -80 71 -63 -56 94 -95 20 -82 28 68 -42 21 -47 61 97 28 -52 23 -2 -97 68 -54 -62 -81 97 -59 -48 -65 
-26 -9 -41 -9 40 62 -56 90 30 -77 15 -6 -67 12 -17 81 -20 -21 4 60 -24 19 63 -95 75 -85 62 -83 -39 -33 -13 56 63 -86 -51 17 91 -91 -35 -15 19 -36 0 -80 29 92 73 63 96 3 81 -8 6 41 21 7 -77 -10 -88 -52 -15 71 -25 -43 -80 25 -22 53 63 80 90 58 66 44 94 -31 -68 94 37 38 52 45 -47 -81 -16 -45 32 91 73 20 -89 31 7 40 -4 -42 82 68 -24 76 -13 44 22 -94 -43 -26 99 -91 36 0 30 -91 -88 18 -79 33 -34 25 -63 -2 -97 -22 -35 18 -21 -15 77 5 -61 -13 84 94 76 -72 6 14 -13 95 25 -63 -17 -81 85 -63 -84 -41 -99 22 -79 -87 -9 -68 29 -95 -7 -14 32 81 -72 -54 54 51 -74 77 -75 -11 -28 -28 -97 76 30 13 -73 -41 -14 16 -46 -96 -46 -61 -71 -62 60 -9 55 32 -7 -23 8 98 -66 -13 -26 -72 66 22 -32 83 -10 -8 25 -82 18 -72 -1 22 -12 3 25 17 86 61 -81 86 -41 -26 91 59 -94 -73 62 73 -40 -36 85 76 86 -42 89 -10 -52 -81 -11 12 -95 97 44 7 32 -20 -21 60 -17 32 -70 -61 43 -28 29 -57 -43 3 -70 -33 18 77 -39 92 -88 -60 86 -43 76 26 10 -50 86 -95 88 8 -64 61 38 -79 -55 56 -18 -62 -49 -95 6 -92 45 68 -75 71 66 22 81 28 12 55 -66 89 -48 -52 -53 -14 -97 24 -67 46 62 -9 76 -48 80 34 4 -77 -67 -10 4 -31 -47 12 73 75 -60 -12 -91 66 -60 86 51 26 31 -50 -93 -99 -92 -36 94 77 -79 6 -56 -99 -84 29 43 -6 -16 74 -12 7 6 23 -19 62 21 -72 -52 -79 -10 -23 -91 0 48 -74 -92 6 68 -9 2 48 32 42 70 -89 50 -67 -13 50 -86 97 96 -35 77 49 97 -89 -29 91 -45 -36 5 33 15 -96 -47 -2 79 -57 29 3 62 -98 65 -4 63 56 -32 -66 39 -83 75 98 -81 47 -15 70 -77 30 -1 -42 -8 -98 -93 -8 -1 30 -28 -14 -66 13 -84 -73 -5 46 -33 -74 -86 -63 -39 49 47 84 -98 10 -47 -11 91 27 -69 25 -11 33 -28 33 -39 18 62 66 -57 -62 26 -83 62 -15 -34 -50 -37 -78 -12 -49 72 59 38 -98 -27 -70 12 52 -25 90 -89 29 -90 -12 51 -78 -17 39 -75 28 53 63 -42 80 -45 28 55 11 -41 35 99 27 85 -27 
